RealTime,UnityTime,GazeValid,GazeOriginX,GazeOriginY,GazeOriginZ,GazeRotX,GazeRotY,GazeRotZ,GazeRotW,GazeDirX,GazeDirY,GazeDirZ,HitPainting,ImageX,ImageY,HitPointX,HitPointY,HitPointZ,HitDistance
2026-06-24 13:27:19.601,22.55256,True,21.34541,1.090407,-9.187504,0.5444678,-0.5153188,0.3651785,0.5519477,-0.1712021,-0.977402,-0.1239972,False,-1,-1,0,0,0,-1
2026-06-24 13:27:19.644,22.59676,True,21.34562,1.090602,-9.185402,0.5458273,-0.5186539,0.3649476,0.5476165,-0.1696501,-0.9763712,-0.1338586,False,-1,-1,0,0,0,-1
2026-06-24 13:27:19.681,22.63353,True,21.34554,1.090342,-9.183723,0.5466391,-0.5191427,0.3641106,0.5469004,-0.1697644,-0.9759649,-0.1366471,False,-1,-1,0,0,0,-1
2026-06-24 13:27:19.722,22.67446,True,21.34558,1.089589,-9.182248,0.5465357,-0.5171695,0.3621331,0.5501764,-0.1732316,-0.9759505,-0.1323312,False,-1,-1,0,0,0,-1
2026-06-24 13:27:19.766,22.71902,True,21.34509,1.087744,-9.181423,0.5434611,-0.5136133,0.3580916,0.559126,-0.1851314,-0.9755676,-0.1182972,False,-1,-1,0,0,0,-1
2026-06-24 13:27:19.799,22.75237,True,21.34422,1.086438,-9.1819,0.540938,-0.5087523,0.35332,0.568966,-0.1966771,-0.9750552,-0.1028856,False,-1,-1,0,0,0,-1
2026-06-24 13:27:19.843,22.79663,True,21.34198,1.084705,-9.183904,0.53792,-0.5007019,0.3454585,0.5836079,-0.212769,-0.9738121,-0.08012068,False,-1,-1,0,0,0,-1
2026-06-24 13:27:19.888,22.84105,True,21.33933,1.082292,-9.186466,0.5332103,-0.4949245,0.3372691,0.5974832,-0.2317473,-0.9710137,-0.0585269,False,-1,-1,0,0,0,-1
2026-06-24 13:27:19.932,22.88561,True,21.33713,1.079576,-9.189743,0.5265945,-0.4917181,0.3302676,0.6097826,-0.251848,-0.9670135,-0.03817698,False,-1,-1,0,0,0,-1
2026-06-24 13:27:19.977,22.92996,True,21.33529,1.077086,-9.194026,0.5188352,-0.487921,0.3234487,0.6229961,-0.2723126,-0.9620993,-0.01451376,False,-1,-1,0,0,0,-1
2026-06-24 13:27:20.010,22.96333,True,21.33465,1.075906,-9.198462,0.5102597,-0.4849874,0.3180612,0.6350269,-0.2913725,-0.9565688,0.008844347,False,-1,-1,0,0,0,-1
2026-06-24 13:27:20.055,23.00773,True,21.33511,1.075979,-9.205789,0.4948497,-0.4825929,0.3100941,0.6527401,-0.3231155,-0.9453148,0.0444557,False,-1,-1,0,0,0,-1
2026-06-24 13:27:20.089,23.04119,True,21.33681,1.07655,-9.212025,0.4794306,-0.4832844,0.3045567,0.666204,-0.3519044,-0.933172,0.07316514,False,-1,-1,0,0,0,-1
2026-06-24 13:27:20.133,23.08557,True,21.34115,1.078168,-9.221878,0.4557582,-0.4893428,0.2986384,0.6809135,-0.3941865,-0.9129369,0.1056562,False,-1,-1,0,0,0,-1
2026-06-24 13:27:20.177,23.1298,True,21.34708,1.080231,-9.23246,0.4303741,-0.5016363,0.2965072,0.689364,-0.436402,-0.8908463,0.1262785,False,-1,-1,0,0,0,-1
2026-06-24 13:27:20.211,23.16343,True,21.35223,1.082256,-9.241201,0.412802,-0.513084,0.2978221,0.691116,-0.4633179,-0.8762037,0.1326786,False,-1,-1,0,0,0,-1
2026-06-24 13:27:20.255,23.2075,True,21.36028,1.085649,-9.253417,0.391224,-0.5314188,0.3013707,0.6882685,-0.4957108,-0.8588424,0.1290757,False,-1,-1,0,0,0,-1
2026-06-24 13:27:20.298,23.25199,True,21.36573,1.093495,-9.263175,0.3783127,-0.5505286,0.2888021,0.6858506,-0.5366458,-0.8369196,0.1075954,False,-1,-1,0,0,0,-1
2026-06-24 13:27:20.343,23.29637,True,21.37109,1.100483,-9.272006,0.3617684,-0.565317,0.2821427,0.6855187,-0.5709301,-0.814998,0.09908064,False,-1,-1,0,0,0,-1
2026-06-24 13:27:20.377,23.32973,True,21.37572,1.104797,-9.277883,0.3525602,-0.5797855,0.2763152,0.680588,-0.5943547,-0.8003034,0.07910017,False,-1,-1,0,0,0,-1
2026-06-24 13:27:20.420,23.3741,True,21.37946,1.107573,-9.284214,0.3450461,-0.5919244,0.2788828,0.6728989,-0.6041558,-0.7945175,0.06113738,False,-1,-1,0,0,0,-1
2026-06-24 13:27:20.455,23.40745,True,21.38194,1.106785,-9.289311,0.3357689,-0.5952774,0.2911803,0.6694163,-0.6014382,-0.7962043,0.06580804,False,-1,-1,0,0,0,-1
2026-06-24 13:27:20.487,23.44081,True,21.38303,1.105845,-9.293949,0.3303144,-0.5986387,0.2997367,0.6653436,-0.5985861,-0.7984131,0.06504831,False,-1,-1,0,0,0,-1
2026-06-24 13:27:20.532,23.48527,True,21.38179,1.108315,-9.296789,0.3279574,-0.6082845,0.3078283,0.6539692,-0.5936894,-0.8034425,0.04486789,False,-1,-1,0,0,0,-1
2026-06-24 13:27:20.577,23.5297,True,21.37951,1.112123,-9.299868,0.3257539,-0.6180572,0.3098293,0.6448996,-0.5953135,-0.8031416,0.02377941,False,-1,-1,0,0,0,-1
2026-06-24 13:27:20.610,23.56324,True,21.37654,1.115199,-9.303903,0.328394,-0.628538,0.3089442,0.6337594,-0.5937729,-0.8046118,-0.005805135,False,-1,-1,0,0,0,-1
2026-06-24 13:27:20.654,23.60752,True,21.37039,1.120423,-9.311773,0.3282825,-0.6496356,0.3065358,0.6133841,-0.5956916,-0.8009996,-0.05959165,False,-1,-1,0,0,0,-1
2026-06-24 13:27:20.698,23.65191,True,21.36233,1.125191,-9.317762,0.3194933,-0.6733001,0.3091712,0.5907658,-0.597969,-0.7938214,-0.1108181,False,-1,-1,0,0,0,-1
2026-06-24 13:27:20.733,23.68529,True,21.3572,1.12941,-9.322496,0.3093833,-0.685415,0.3156261,0.5786781,-0.5979705,-0.7907364,-0.1310236,False,-1,-1,0,0,0,-1
2026-06-24 13:27:20.777,23.72965,True,21.35181,1.134978,-9.330549,0.2989363,-0.6958637,0.3206553,0.5688506,-0.599974,-0.7863649,-0.1471785,False,-1,-1,0,0,0,-1
2026-06-24 13:27:20.820,23.77404,True,21.34773,1.143108,-9.341377,0.2953608,-0.6981508,0.3238505,0.5660993,-0.5991398,-0.7865999,-0.1493051,False,-1,-1,0,0,0,-1
2026-06-24 13:27:20.854,23.80738,True,21.34516,1.150913,-9.351458,0.2895399,-0.6982935,0.3277921,0.5666615,-0.6015744,-0.7859323,-0.1428943,False,-1,-1,0,0,0,-1
2026-06-24 13:27:20.888,23.84077,True,21.34275,1.159124,-9.362297,0.279093,-0.6994859,0.3324908,0.5676941,-0.6085962,-0.782024,-0.1343468,False,-1,-1,0,0,0,-1
2026-06-24 13:27:20.932,23.88516,True,21.33926,1.16967,-9.378185,0.2535922,-0.7032229,0.3421534,0.5692976,-0.6271513,-0.769959,-0.1176628,False,-1,-1,0,0,0,-1
2026-06-24 13:27:20.965,23.91853,True,21.33615,1.176734,-9.390599,0.2287222,-0.7063367,0.3519756,0.5699894,-0.6441996,-0.7579648,-0.1024507,False,-1,-1,0,0,0,-1
2026-06-24 13:27:21.010,23.96303,True,21.33185,1.184777,-9.408201,0.1909158,-0.7087194,0.3690701,0.5701363,-0.6672106,-0.7408302,-0.07746402,False,-1,-1,0,0,0,-1
2026-06-24 13:27:21.055,24.00798,True,21.32797,1.192845,-9.425099,0.1617485,-0.708604,0.3873228,0.5671851,-0.6785215,-0.7323995,-0.05656447,False,-1,-1,0,0,0,-1
2026-06-24 13:27:21.099,24.05178,True,21.32571,1.20064,-9.442533,0.1440674,-0.7048023,0.4028293,0.5658859,-0.6816061,-0.7308816,-0.03500334,False,-1,-1,0,0,0,-1
2026-06-24 13:27:21.143,24.09621,True,21.32395,1.204688,-9.459263,0.1351165,-0.7010008,0.4077636,0.5692717,-0.6879286,-0.7255212,-0.01931724,False,-1,-1,0,0,0,-1
2026-06-24 13:27:21.188,24.14056,True,21.32288,1.206096,-9.4746,0.1333342,-0.6980405,0.4099946,0.5717219,-0.6888373,-0.7248459,-0.01007708,False,-1,-1,0,0,0,-1
2026-06-24 13:27:21.232,24.18486,True,21.32265,1.207237,-9.486963,0.1343536,-0.6952989,0.4155231,0.5708321,-0.6821437,-0.7312121,-0.002982746,False,-1,-1,0,0,0,-1
2026-06-24 13:27:21.265,24.21821,True,21.32223,1.208215,-9.494162,0.1335656,-0.6928089,0.4231262,0.5684543,-0.6746302,-0.7381431,0.004352182,False,-1,-1,0,0,0,-1
2026-06-24 13:27:21.299,24.25167,True,21.32181,1.209284,-9.499411,0.1307595,-0.6914858,0.4308748,0.5648862,-0.6685395,-0.743616,0.009498763,False,-1,-1,0,0,0,-1
2026-06-24 13:27:21.343,24.29607,True,21.32056,1.210453,-9.504539,0.1231758,-0.6934406,0.4379153,0.5587469,-0.6670344,-0.7449846,0.007935813,False,-1,-1,0,0,0,-1
2026-06-24 13:27:21.387,24.34049,True,21.31866,1.211242,-9.508224,0.1135109,-0.6991756,0.439817,0.552114,-0.6722011,-0.7403605,-0.003462469,False,-1,-1,0,0,0,-1
2026-06-24 13:27:21.431,24.38477,True,21.31621,1.211827,-9.510721,0.1036561,-0.7060557,0.4393899,0.5455981,-0.6793544,-0.7335766,-0.01851847,False,-1,-1,0,0,0,-1
2026-06-24 13:27:21.476,24.42935,True,21.31255,1.211974,-9.513122,0.09574442,-0.7133044,0.4385299,0.5382577,-0.6839097,-0.728681,-0.03594037,False,-1,-1,0,0,0,-1
2026-06-24 13:27:21.521,24.47412,True,21.30913,1.211777,-9.51509,0.09107836,-0.7203154,0.4375318,0.5304871,-0.6845366,-0.7269534,-0.05429905,False,-1,-1,0,0,0,-1
2026-06-24 13:27:21.565,24.51799,True,21.30556,1.211608,-9.516796,0.08987555,-0.725688,0.4375001,0.5233478,-0.6809334,-0.7290495,-0.06940149,False,-1,-1,0,0,0,-1
2026-06-24 13:27:21.599,24.55139,True,21.30219,1.210892,-9.518179,0.09243018,-0.7288808,0.4373045,0.518608,-0.6751665,-0.7333557,-0.07962112,False,-1,-1,0,0,0,-1
2026-06-24 13:27:21.632,24.58533,True,21.2995,1.210139,-9.519247,0.09762043,-0.7316428,0.4377484,0.5133668,-0.6657358,-0.740781,-0.08966179,False,-1,-1,0,0,0,-1
2026-06-24 13:27:21.676,24.62929,True,21.29455,1.209282,-9.521954,0.1054534,-0.735085,0.4393961,0.5054312,-0.6503981,-0.7525859,-0.1029408,False,-1,-1,0,0,0,-1
2026-06-24 13:27:21.720,24.67324,True,21.28983,1.208845,-9.52408,0.1099772,-0.7380715,0.4409807,0.4986899,-0.639142,-0.7606394,-0.1136891,False,-1,-1,0,0,0,-1
2026-06-24 13:27:21.765,24.71789,True,21.28442,1.208952,-9.527405,0.1104216,-0.7411019,0.4423688,0.4928335,-0.6327856,-0.7645197,-0.12285,False,-1,-1,0,0,0,-1
2026-06-24 13:27:21.808,24.76209,True,21.27857,1.209454,-9.531553,0.1083117,-0.7435603,0.4444955,0.4876582,-0.6289183,-0.7666565,-0.1292265,False,-1,-1,0,0,0,-1
2026-06-24 13:27:21.853,24.8066,True,21.27425,1.21046,-9.535309,0.1047913,-0.7456905,0.4461982,0.4836028,-0.6277207,-0.7668062,-0.134071,False,-1,-1,0,0,0,-1
2026-06-24 13:27:21.898,24.85065,True,21.2709,1.211311,-9.539021,0.1010257,-0.7471877,0.4478858,0.4805234,-0.6275863,-0.7664,-0.1369912,False,-1,-1,0,0,0,-1
2026-06-24 13:27:21.931,24.88399,True,21.26798,1.211954,-9.542391,0.09877384,-0.7476957,0.4495613,0.478633,-0.6269339,-0.7668228,-0.1376102,False,-1,-1,0,0,0,-1
2026-06-24 13:27:21.978,24.93101,True,21.26611,1.212606,-9.544914,0.096787,-0.7474655,0.4525933,0.4765363,-0.6247786,-0.7688408,-0.1361448,False,-1,-1,0,0,0,-1
2026-06-24 13:27:22.021,24.97365,True,21.26328,1.212908,-9.5485,0.09736811,-0.7471454,0.4558194,0.4738375,-0.6192865,-0.7733999,-0.1354137,False,-1,-1,0,0,0,-1
2026-06-24 13:27:22.064,25.0172,True,21.26007,1.212801,-9.552799,0.09968295,-0.7473103,0.4583881,0.4706071,-0.6119921,-0.7789392,-0.1368186,False,-1,-1,0,0,0,-1
2026-06-24 13:27:22.108,25.06159,True,21.25838,1.212849,-9.555268,0.1021846,-0.7475644,0.4602011,0.4678897,-0.6055043,-0.7836822,-0.1385884,False,-1,-1,0,0,0,-1
2026-06-24 13:27:22.142,25.09498,True,21.25838,1.212735,-9.555004,0.1029349,-0.7474772,0.4608866,0.4671892,-0.6035439,-0.7851846,-0.1386356,False,-1,-1,0,0,0,-1
2026-06-24 13:27:22.186,25.13929,True,21.25692,1.212671,-9.556032,0.1029168,-0.7474334,0.4607578,0.4673902,-0.6038467,-0.7849762,-0.1384972,False,-1,-1,0,0,0,-1
2026-06-24 13:27:22.230,25.18369,True,21.25524,1.212817,-9.557444,0.1027189,-0.7474062,0.4597491,0.4684693,-0.6058239,-0.78348,-0.1383345,False,-1,-1,0,0,0,-1
2026-06-24 13:27:22.264,25.21725,True,21.25352,1.212978,-9.558739,0.1031543,-0.7471126,0.4589625,0.469612,-0.6070182,-0.7826783,-0.1376362,False,-1,-1,0,0,0,-1
2026-06-24 13:27:22.309,25.26165,True,21.25205,1.212697,-9.559006,0.1050561,-0.7461167,0.4580841,0.471627,-0.6075285,-0.782663,-0.1354539,False,-1,-1,0,0,0,-1
2026-06-24 13:27:22.352,25.30578,True,21.25264,1.212129,-9.556885,0.1097853,-0.7443033,0.4556795,0.4757268,-0.6081162,-0.7827831,-0.1320804,False,-1,-1,0,0,0,-1
2026-06-24 13:27:22.385,25.33941,True,21.25601,1.211061,-9.54995,0.1132479,-0.7425835,0.4524167,0.480691,-0.6114359,-0.7807888,-0.1285107,False,-1,-1,0,0,0,-1
2026-06-24 13:27:22.420,25.37337,True,21.25954,1.20927,-9.542459,0.1186055,-0.7425792,0.4463556,0.4850521,-0.6144987,-0.7779685,-0.1309824,False,-1,-1,0,0,0,-1
2026-06-24 13:27:22.454,25.40682,True,21.26327,1.20666,-9.535256,0.1269677,-0.7446234,0.4360422,0.4891651,-0.617761,-0.7735907,-0.1411694,False,-1,-1,0,0,0,-1
2026-06-24 13:27:22.488,25.44028,True,21.26785,1.203609,-9.52663,0.1358232,-0.7470192,0.4255641,0.4923511,-0.6199884,-0.7695546,-0.1529712,False,-1,-1,0,0,0,-1
2026-06-24 13:27:22.521,25.47396,True,21.27275,1.199891,-9.516146,0.1433329,-0.7506962,0.414793,0.4938195,-0.6225099,-0.7643282,-0.1681781,False,-1,-1,0,0,0,-1
2026-06-24 13:27:22.554,25.50752,True,21.27644,1.196571,-9.506483,0.1469644,-0.7548174,0.4042785,0.4951879,-0.6287237,-0.7558629,-0.1826958,False,-1,-1,0,0,0,-1
2026-06-24 13:27:22.598,25.55123,True,21.27702,1.192477,-9.496885,0.1480219,-0.7597061,0.3916701,0.4975245,-0.6399934,-0.7423974,-0.1981278,False,-1,-1,0,0,0,-1
2026-06-24 13:27:22.632,25.58559,True,21.2793,1.189181,-9.48729,0.1473511,-0.7636764,0.3820833,0.4990975,-0.6496972,-0.7306612,-0.209828,False,-1,-1,0,0,0,-1
2026-06-24 13:27:22.677,25.62982,True,21.28201,1.184681,-9.477331,0.1491426,-0.7669837,0.3701898,0.5024461,-0.6603137,-0.7177313,-0.221015,False,-1,-1,0,0,0,-1
2026-06-24 13:27:22.720,25.67358,True,21.28608,1.180171,-9.468761,0.1560325,-0.767175,0.3589318,0.5081972,-0.6677423,-0.7093176,-0.2258071,False,-1,-1,0,0,0,-1
2026-06-24 13:27:22.754,25.70692,True,21.28886,1.177108,-9.465134,0.1640317,-0.7641702,0.3511547,0.5155849,-0.6727883,-0.7058285,-0.221725,False,-1,-1,0,0,0,-1
2026-06-24 13:27:22.789,25.74103,True,21.29468,1.174126,-9.459692,0.1732154,-0.7589701,0.3434434,0.5253642,-0.678492,-0.7033289,-0.2120783,False,-1,-1,0,0,0,-1
2026-06-24 13:27:22.831,25.78517,True,21.30085,1.170462,-9.455532,0.185865,-0.7508734,0.3323045,0.5396453,-0.686883,-0.6996396,-0.1967135,False,-1,-1,0,0,0,-1
2026-06-24 13:27:22.877,25.83034,True,21.30694,1.167625,-9.452572,0.1931694,-0.7442875,0.3205814,0.5531269,-0.6995178,-0.6909038,-0.1825565,False,-1,-1,0,0,0,-1
2026-06-24 13:27:22.920,25.87352,True,21.31257,1.164802,-9.449047,0.195544,-0.7405179,0.308637,0.5640382,-0.7146565,-0.6776909,-0.1732085,False,-1,-1,0,0,0,-1
2026-06-24 13:27:22.965,25.91792,True,21.31613,1.161762,-9.44659,0.1942739,-0.7375289,0.298838,0.5735893,-0.7299644,-0.6636702,-0.1633824,False,-1,-1,0,0,0,-1
2026-06-24 13:27:22.998,25.95158,True,21.31969,1.159012,-9.443752,0.1952678,-0.7340624,0.2915789,0.5813816,-0.7396688,-0.6551245,-0.1539544,False,-1,-1,0,0,0,-1
2026-06-24 13:27:23.043,25.99599,True,21.32714,1.154935,-9.439642,0.2066237,-0.721983,0.280695,0.5977102,-0.7470768,-0.6523162,-0.1279057,False,-1,-1,0,0,0,-1
2026-06-24 13:27:26.109,26.04298,True,21.33467,1.153342,-9.439585,0.2178008,-0.7053532,0.2748078,0.6160523,-0.7493622,-0.6560264,-0.0899206,False,-1,-1,0,0,0,-1
2026-06-24 13:27:26.145,26.37631,True,21.33836,1.200794,-9.486931,-0.01885788,-0.7862323,0.33582,0.5183706,-0.8277852,-0.5085143,-0.2370337,False,-1,-1,0,0,0,-1
2026-06-24 13:27:26.183,26.41578,True,21.34143,1.199359,-9.484177,-0.01577592,-0.7872635,0.3341873,0.5179636,-0.8260918,-0.5098441,-0.2400652,False,-1,-1,0,0,0,-1
2026-06-24 13:27:26.217,26.44921,True,21.34057,1.199437,-9.485504,-0.01545041,-0.7879944,0.333991,0.5169876,-0.8250872,-0.5103907,-0.2423477,False,-1,-1,0,0,0,-1
2026-06-24 13:27:26.250,26.48289,True,21.33992,1.199823,-9.486385,-0.01580312,-0.7886921,0.3348249,0.5153711,-0.8235208,-0.5118585,-0.24457,False,-1,-1,0,0,0,-1
2026-06-24 13:27:26.294,26.52642,True,21.33834,1.200326,-9.487946,-0.01688953,-0.7894872,0.3362974,0.5131558,-0.8216196,-0.513671,-0.2471505,False,-1,-1,0,0,0,-1
2026-06-24 13:27:26.344,26.57666,True,21.33722,1.200706,-9.489202,-0.01856512,-0.7905917,0.3369513,0.5109639,-0.8204385,-0.5138096,-0.2507596,False,-1,-1,0,0,0,-1
2026-06-24 13:27:26.383,26.61602,True,21.33442,1.201205,-9.492388,-0.01995704,-0.791807,0.338108,0.5082583,-0.8183801,-0.5151458,-0.2547131,False,-1,-1,0,0,0,-1
2026-06-24 13:27:26.427,26.65942,True,21.33469,1.201378,-9.492083,-0.02095088,-0.792659,0.3398243,0.5057393,-0.8159968,-0.5175382,-0.2574946,False,-1,-1,0,0,0,-1
2026-06-24 13:27:26.460,26.69283,True,21.33361,1.201564,-9.493263,-0.02128501,-0.7931694,0.3408268,0.5042482,-0.8144176,-0.519201,-0.2591417,False,-1,-1,0,0,0,-1
2026-06-24 13:27:26.510,26.74183,True,21.33225,1.201684,-9.495076,-0.02132464,-0.7936222,0.3413523,0.5031775,-0.8132241,-0.5203494,-0.2605819,False,-1,-1,0,0,0,-1
2026-06-24 13:27:26.542,26.77523,True,21.33119,1.201789,-9.496243,-0.02121105,-0.7939142,0.3420798,0.5022269,-0.8119618,-0.5218584,-0.2614993,False,-1,-1,0,0,0,-1
2026-06-24 13:27:26.594,26.82711,True,21.3317,1.201977,-9.4956,-0.02136454,-0.7942167,0.3444433,0.5001221,-0.8091285,-0.5257556,-0.2624732,False,-1,-1,0,0,0,-1
2026-06-24 13:27:26.639,26.87138,True,21.32967,1.202334,-9.497835,-0.02223925,-0.7945408,0.3452839,0.4989882,-0.8082909,-0.52649,-0.2635795,False,-1,-1,0,0,0,-1
2026-06-24 13:27:26.684,26.9166,True,21.32947,1.202286,-9.498164,-0.02318309,-0.7952329,0.3450362,0.4980132,-0.808071,-0.5256774,-0.2658656,False,-1,-1,0,0,0,-1
2026-06-24 13:27:26.728,26.96127,True,21.32832,1.202233,-9.500246,-0.0241948,-0.796236,0.3448073,0.4965187,-0.8073771,-0.5250695,-0.2691544,False,-1,-1,0,0,0,-1
2026-06-24 13:27:26.772,27.00503,True,21.32733,1.202642,-9.501259,-0.02447492,-0.7962842,0.344784,0.4964438,-0.8074979,-0.5247912,-0.2693352,False,-1,-1,0,0,0,-1
2026-06-24 13:27:26.815,27.04901,True,21.32588,1.20243,-9.502651,-0.02416738,-0.7967345,0.3441296,0.4961904,-0.8072975,-0.5243766,-0.2707399,False,-1,-1,0,0,0,-1
2026-06-24 13:27:26.867,27.09934,True,21.32509,1.202309,-9.503626,-0.0234131,-0.7971981,0.3433815,0.4960003,-0.8069001,-0.5242603,-0.2721458,False,-1,-1,0,0,0,-1
2026-06-24 13:27:26.906,27.13834,True,21.32448,1.201968,-9.503907,-0.02353673,-0.7981771,0.3420479,0.495341,-0.8068408,-0.5227122,-0.2752812,False,-1,-1,0,0,0,-1
2026-06-24 13:27:26.950,27.18276,True,21.32277,1.201901,-9.505237,-0.0242914,-0.7995632,0.340638,0.4940389,-0.8065798,-0.5207214,-0.2797826,False,-1,-1,0,0,0,-1
2026-06-24 13:27:26.994,27.22762,True,21.32278,1.201711,-9.504539,-0.02549856,-0.8009797,0.338387,0.4932299,-0.8073909,-0.5169288,-0.2844372,False,-1,-1,0,0,0,-1
2026-06-24 13:27:27.040,27.27245,True,21.32171,1.201615,-9.505188,-0.0260668,-0.8022386,0.3362418,0.4926208,-0.8079283,-0.5138102,-0.2885324,False,-1,-1,0,0,0,-1
2026-06-24 13:27:27.073,27.30604,True,21.32112,1.201507,-9.50539,-0.02614042,-0.8027663,0.3351279,0.4925163,-0.8082716,-0.5123096,-0.290234,False,-1,-1,0,0,0,-1
2026-06-24 13:27:27.117,27.35042,True,21.32003,1.201422,-9.505764,-0.02647097,-0.8036775,0.3333696,0.4922058,-0.8087986,-0.5097849,-0.2931964,False,-1,-1,0,0,0,-1
2026-06-24 13:27:27.151,27.38385,True,21.32007,1.201227,-9.505224,-0.02645602,-0.8042051,0.3319575,0.4922991,-0.8093835,-0.5078753,-0.2948916,False,-1,-1,0,0,0,-1
2026-06-24 13:27:27.195,27.42821,True,21.32053,1.200788,-9.504265,-0.02584495,-0.804955,0.3301466,0.4923237,-0.8096622,-0.5060583,-0.2972411,False,-1,-1,0,0,0,-1
2026-06-24 13:27:27.229,27.46179,True,21.32095,1.200356,-9.5035,-0.02507957,-0.8054671,0.3292549,0.4921229,-0.8092927,-0.5057235,-0.2988125,False,-1,-1,0,0,0,-1
2026-06-24 13:27:27.272,27.50594,True,21.32102,1.200134,-9.503235,-0.0243083,-0.8061873,0.3282323,0.4916653,-0.8087061,-0.5053303,-0.3010576,False,-1,-1,0,0,0,-1
2026-06-24 13:27:27.307,27.53934,True,21.32111,1.200052,-9.503045,-0.02410479,-0.8066394,0.327639,0.4913293,-0.8084464,-0.5048863,-0.3024964,False,-1,-1,0,0,0,-1
2026-06-24 13:27:27.339,27.57282,True,21.32234,1.199709,-9.501209,-0.0243686,-0.8071432,0.3270978,0.4908494,-0.8083133,-0.5041068,-0.3041479,False,-1,-1,0,0,0,-1
2026-06-24 13:27:27.374,27.60633,True,21.32278,1.199462,-9.500406,-0.02485605,-0.8073677,0.3271594,0.4904144,-0.8081533,-0.5038964,-0.3049208,False,-1,-1,0,0,0,-1
2026-06-24 13:27:27.407,27.63993,True,21.32262,1.199388,-9.500661,-0.02494751,-0.807663,0.3272206,0.4898824,-0.8076465,-0.5041253,-0.3058839,False,-1,-1,0,0,0,-1
2026-06-24 13:27:27.452,27.6844,True,21.32379,1.199296,-9.499592,-0.02550584,-0.807789,0.3273162,0.489582,-0.8076548,-0.5038305,-0.3063472,False,-1,-1,0,0,0,-1
2026-06-24 13:27:27.485,27.71803,True,21.3238,1.199386,-9.499885,-0.02614498,-0.8075814,0.3277534,0.4895983,-0.8079191,-0.5037739,-0.3057426,False,-1,-1,0,0,0,-1
2026-06-24 13:27:27.529,27.76266,True,21.3242,1.199641,-9.500051,-0.02684629,-0.8072432,0.328367,0.489707,-0.808256,-0.5038503,-0.3047245,False,-1,-1,0,0,0,-1
2026-06-24 13:27:27.573,27.80656,True,21.32578,1.199666,-9.499115,-0.02716465,-0.8067232,0.3290676,0.4900759,-0.8085891,-0.5043073,-0.3030804,False,-1,-1,0,0,0,-1
2026-06-24 13:27:27.607,27.8399,True,21.32589,1.199872,-9.499565,-0.02731394,-0.8062574,0.3297991,0.4903422,-0.8087003,-0.5050196,-0.3015942,False,-1,-1,0,0,0,-1
2026-06-24 13:27:27.640,27.87324,True,21.32566,1.200004,-9.500273,-0.02732422,-0.8058209,0.3306228,0.4905044,-0.8085854,-0.5060403,-0.3001879,False,-1,-1,0,0,0,-1
2026-06-24 13:27:27.685,27.91776,True,21.32584,1.199961,-9.500439,-0.02726745,-0.8055825,0.3312842,0.4904531,-0.8082673,-0.5070066,-0.2994132,False,-1,-1,0,0,0,-1
2026-06-24 13:27:27.731,27.96305,True,21.32532,1.200056,-9.501118,-0.0276346,-0.8057056,0.331648,0.4899841,-0.8078958,-0.5073404,-0.2998504,False,-1,-1,0,0,0,-1
2026-06-24 13:27:27.775,28.00746,True,21.32556,1.200095,-9.500957,-0.02795947,-0.8056363,0.3320543,0.4898044,-0.8077765,-0.5076406,-0.2996633,False,-1,-1,0,0,0,-1
2026-06-24 13:27:27.810,28.04229,True,21.32455,1.200205,-9.502053,-0.02804511,-0.8058704,0.3321338,0.4893605,-0.8073515,-0.5078651,-0.3004271,False,-1,-1,0,0,0,-1
2026-06-24 13:27:27.851,28.08403,True,21.32414,1.200132,-9.502299,-0.0280156,-0.8061026,0.3322125,0.4889259,-0.8068632,-0.5081996,-0.3011726,False,-1,-1,0,0,0,-1
2026-06-24 13:27:27.896,28.12878,True,21.32379,1.200145,-9.502304,-0.02805832,-0.8063274,0.3320906,0.4886355,-0.8066363,-0.508127,-0.3019023,False,-1,-1,0,0,0,-1
2026-06-24 13:27:27.929,28.16246,True,21.32364,1.200034,-9.502152,-0.02800996,-0.8065494,0.3316731,0.4885556,-0.8066687,-0.5076526,-0.3026129,False,-1,-1,0,0,0,-1
2026-06-24 13:27:27.970,28.20292,True,21.32381,1.199766,-9.501776,-0.02791468,-0.8067898,0.3312753,0.4884341,-0.806622,-0.50727,-0.3033779,False,-1,-1,0,0,0,-1
2026-06-24 13:27:28.006,28.23922,True,21.32362,1.199608,-9.501987,-0.02749104,-0.8073219,0.3305908,0.4880424,-0.8061911,-0.5069527,-0.3050489,False,-1,-1,0,0,0,-1
2026-06-24 13:27:28.060,28.2941,True,21.32475,1.199221,-9.500574,-0.02754284,-0.8082827,0.3295188,0.4871734,-0.8056993,-0.5058523,-0.308159,False,-1,-1,0,0,0,-1
2026-06-24 13:27:28.106,28.33855,True,21.32511,1.199175,-9.500156,-0.02871036,-0.8089413,0.3289194,0.4864173,-0.8058528,-0.5042225,-0.3104206,False,-1,-1,0,0,0,-1
2026-06-24 13:27:28.155,28.38751,True,21.32576,1.199078,-9.499367,-0.03007961,-0.8093504,0.3283246,0.4860557,-0.8065305,-0.5022185,-0.3119056,False,-1,-1,0,0,0,-1
2026-06-24 13:27:28.192,28.42498,True,21.32558,1.199146,-9.500105,-0.03104334,-0.8094351,0.3282,0.4859382,-0.8070477,-0.501143,-0.3122976,False,-1,-1,0,0,0,-1
2026-06-24 13:27:28.237,28.46904,True,21.32587,1.199242,-9.500557,-0.03133854,-0.8091154,0.3285491,0.4862157,-0.8074017,-0.5011937,-0.3112996,False,-1,-1,0,0,0,-1
2026-06-24 13:27:28.280,28.51316,True,21.3269,1.199157,-9.500051,-0.03113506,-0.8086451,0.3290438,0.4866763,-0.8075865,-0.501854,-0.3097527,False,-1,-1,0,0,0,-1
2026-06-24 13:27:28.325,28.55809,True,21.32815,1.198983,-9.499099,-0.03102355,-0.8082356,0.3291873,0.4872664,-0.8080772,-0.5018882,-0.3084146,False,-1,-1,0,0,0,-1
2026-06-24 13:27:28.370,28.60236,True,21.32816,1.198898,-9.499088,-0.03118894,-0.8083031,0.3288009,0.4874048,-0.8084514,-0.5011382,-0.3086533,False,-1,-1,0,0,0,-1
2026-06-24 13:27:28.413,28.64673,True,21.32871,1.198864,-9.498737,-0.03154381,-0.8082564,0.3285709,0.4876144,-0.8089635,-0.5003766,-0.3085468,False,-1,-1,0,0,0,-1
2026-06-24 13:27:28.459,28.69192,True,21.329,1.198854,-9.498493,-0.03155756,-0.8082268,0.3284912,0.4877163,-0.8091034,-0.5002086,-0.3084527,False,-1,-1,0,0,0,-1
2026-06-24 13:27:28.503,28.73694,True,21.3296,1.198801,-9.497949,-0.03134016,-0.8082711,0.3283752,0.4877349,-0.8090268,-0.500261,-0.3085688,False,-1,-1,0,0,0,-1
2026-06-24 13:27:28.548,28.78169,True,21.33046,1.198675,-9.49703,-0.0311866,-0.8084434,0.3280742,0.4876618,-0.8089569,-0.5000418,-0.3091067,False,-1,-1,0,0,0,-1
2026-06-24 13:27:28.593,28.82631,True,21.3312,1.198691,-9.496258,-0.03297215,-0.8087373,0.3271857,0.4876539,-0.8103438,-0.4970566,-0.3102865,False,-1,-1,0,0,0,-1
2026-06-24 13:27:28.627,28.85999,True,21.33173,1.198735,-9.495913,-0.03501324,-0.8090436,0.3260875,0.4877392,-0.8120392,-0.4934833,-0.3115551,False,-1,-1,0,0,0,-1
2026-06-24 13:27:28.679,28.91087,True,21.33228,1.198516,-9.495192,-0.03576905,-0.8096251,0.3252827,0.4872565,-0.8122603,-0.4918566,-0.3135447,False,-1,-1,0,0,0,-1
2026-06-24 13:27:28.725,28.95804,True,21.33495,1.197902,-9.491995,-0.03670949,-0.8121325,0.3245232,0.4835059,-0.8091678,-0.4916131,-0.3218136,False,-1,-1,0,0,0,-1
2026-06-24 13:27:28.759,28.99185,True,21.33863,1.19708,-9.488012,-0.03683637,-0.8158082,0.3233058,0.4780936,-0.8038841,-0.4922886,-0.3337997,False,-1,-1,0,0,0,-1
2026-06-24 13:27:28.793,29.02534,True,21.34205,1.196051,-9.484274,-0.03650135,-0.8199136,0.3220533,0.4719017,-0.7973478,-0.4936615,-0.3471812,False,-1,-1,0,0,0,-1
2026-06-24 13:27:28.825,29.05874,True,21.34636,1.195122,-9.478909,-0.03674013,-0.8233206,0.3188369,0.46812,-0.7942539,-0.4906125,-0.3584134,False,-1,-1,0,0,0,-1
2026-06-24 13:27:28.860,29.09266,True,21.34939,1.194061,-9.475167,-0.03715548,-0.8260074,0.3150294,0.4659267,-0.7931279,-0.4858097,-0.3673376,False,-1,-1,0,0,0,-1
2026-06-24 13:27:28.904,29.13708,True,21.35288,1.192504,-9.470848,-0.03639247,-0.828133,0.3105285,0.4652347,-0.7931542,-0.4804558,-0.3742574,False,-1,-1,0,0,0,-1
2026-06-24 13:27:28.938,29.17048,True,21.35642,1.191314,-9.466651,-0.03574805,-0.8278456,0.3069788,0.468143,-0.7970479,-0.4747916,-0.3732124,False,-1,-1,0,0,0,-1
2026-06-24 13:27:28.982,29.21412,True,21.36147,1.189665,-9.46068,-0.03384365,-0.8256634,0.3004242,0.476319,-0.8068933,-0.4638578,-0.3657311,False,-1,-1,0,0,0,-1
2026-06-24 13:27:29.015,29.24754,True,21.36373,1.188508,-9.457991,-0.03122793,-0.8225939,0.2959068,0.484565,-0.8156816,-0.4565584,-0.3552719,False,-1,-1,0,0,0,-1
2026-06-24 13:27:29.059,29.29206,True,21.36695,1.187208,-9.454412,-0.02645519,-0.8187376,0.291068,0.4942148,-0.824665,-0.4504675,-0.3420624,False,-1,-1,0,0,0,-1
2026-06-24 13:27:29.105,29.33709,True,21.37154,1.185988,-9.450758,-0.02069193,-0.8164909,0.287567,0.5002195,-0.8287501,-0.4488907,-0.3341712,False,-1,-1,0,0,0,-1
2026-06-24 13:27:29.149,29.38134,True,21.37638,1.184399,-9.445919,-0.01598372,-0.8154336,0.285747,0.5031512,-0.8297075,-0.449931,-0.330375,False,-1,-1,0,0,0,-1
2026-06-24 13:27:29.181,29.41501,True,21.3791,1.183166,-9.443094,-0.01182811,-0.8138788,0.2838656,0.506835,-0.8317198,-0.4500746,-0.3250771,False,-1,-1,0,0,0,-1
2026-06-24 13:27:29.216,29.44852,True,21.38181,1.181855,-9.439415,-0.008236228,-0.8120007,0.2810867,0.5114463,-0.8352197,-0.4480604,-0.318826,False,-1,-1,0,0,0,-1
2026-06-24 13:27:29.255,29.48706,True,21.38247,1.180322,-9.437582,-0.004221932,-0.8103591,0.2764966,0.5165752,-0.8395575,-0.4437611,-0.3133995,False,-1,-1,0,0,0,-1
2026-06-24 13:27:29.293,29.52621,True,21.38597,1.177934,-9.431495,0.001716058,-0.807798,0.269496,0.5242435,-0.8460408,-0.437196,-0.3050812,False,-1,-1,0,0,0,-1
2026-06-24 13:27:29.338,29.57028,True,21.39148,1.173336,-9.421142,0.01423416,-0.8036905,0.2583186,0.5358642,-0.8539841,-0.4304716,-0.2922421,False,-1,-1,0,0,0,-1
2026-06-24 13:27:29.382,29.61447,True,21.39673,1.170067,-9.410465,0.02545211,-0.8003571,0.2492074,0.5446801,-0.8591914,-0.4266363,-0.2824385,False,-1,-1,0,0,0,-1
2026-06-24 13:27:29.426,29.65884,True,21.40043,1.16743,-9.399531,0.03332508,-0.7939556,0.2411523,0.5571082,-0.8685655,-0.4200598,-0.262952,False,-1,-1,0,0,0,-1
2026-06-24 13:27:29.471,29.70415,True,21.40493,1.164157,-9.387654,0.04009683,-0.7870245,0.2364571,0.568395,-0.875719,-0.4177767,-0.2420305,False,-1,-1,0,0,0,-1
2026-06-24 13:27:29.514,29.74778,True,21.4097,1.159782,-9.377972,0.04710864,-0.7802026,0.2288067,0.5802691,-0.8838972,-0.4117025,-0.2218707,False,-1,-1,0,0,0,-1
2026-06-24 13:27:29.560,29.79289,True,21.41635,1.15467,-9.369719,0.05567804,-0.7713033,0.2152442,0.5963734,-0.8960006,-0.3984469,-0.1960176,False,-1,-1,0,0,0,-1
2026-06-24 13:27:29.605,29.83784,True,21.42347,1.149688,-9.368022,0.07521613,-0.7495653,0.1981982,0.627066,-0.9102385,-0.391456,-0.1350113,False,-1,-1,0,0,0,-1
2026-06-24 13:27:29.648,29.8815,True,21.43116,1.144,-9.369126,0.1037995,-0.7258013,0.1759555,0.6568697,-0.9169855,-0.391783,-0.07512384,False,-1,-1,0,0,0,-1
2026-06-24 13:27:29.694,29.92668,True,21.43802,1.139711,-9.36792,0.1009857,-0.7114884,0.149788,0.6790801,-0.9360623,-0.3502996,-0.03282762,False,-1,-1,0,0,0,-1
2026-06-24 13:27:29.741,29.97324,True,21.43766,1.137322,-9.363444,0.06535274,-0.7217696,0.1308467,0.6765034,-0.9594568,-0.277305,-0.05044474,False,-1,-1,0,0,0,-1
2026-06-24 13:27:29.782,30.01487,True,21.43648,1.138719,-9.360023,0.04980488,-0.7288178,0.138674,0.6686656,-0.9608575,-0.2687417,-0.06731168,False,-1,-1,0,0,0,-1
2026-06-24 13:27:29.816,30.0488,True,21.43731,1.14081,-9.359821,0.06456184,-0.7275484,0.1535687,0.6655236,-0.948572,-0.3093922,-0.06698982,False,-1,-1,0,0,0,-1
2026-06-24 13:27:29.860,30.09295,True,21.44138,1.140822,-9.358762,0.07537374,-0.7244763,0.1653533,0.6649144,-0.9385028,-0.3398233,-0.06109413,False,-1,-1,0,0,0,-1
2026-06-24 13:27:29.904,30.13707,True,21.44096,1.142511,-9.356365,0.06478845,-0.7324631,0.1681013,0.6565381,-0.9399978,-0.3313281,-0.08139956,False,-1,-1,0,0,0,-1
2026-06-24 13:27:29.938,30.17057,True,21.44036,1.142348,-9.355227,0.05875672,-0.7373223,0.1712428,0.6508298,-0.9396193,-0.3290035,-0.09419297,False,-1,-1,0,0,0,-1
2026-06-24 13:27:29.981,30.21408,True,21.44181,1.141199,-9.352114,0.06812249,-0.7342665,0.1759089,0.6521258,-0.9337016,-0.347177,-0.08757587,False,-1,-1,0,0,0,-1
2026-06-24 13:27:30.024,30.25667,True,21.44204,1.139773,-9.349045,0.07871852,-0.7313789,0.177156,0.6538381,-0.9285157,-0.3620746,-0.08222327,False,-1,-1,0,0,0,-1
2026-06-24 13:27:30.069,30.30112,True,21.44183,1.139436,-9.346395,0.08626468,-0.7289397,0.1799384,0.6548492,-0.9236465,-0.3753092,-0.07758943,False,-1,-1,0,0,0,-1
2026-06-24 13:27:30.103,30.33636,True,21.44111,1.139429,-9.34479,0.09014154,-0.7280258,0.1823901,0.6546654,-0.9203448,-0.3835945,-0.07629409,False,-1,-1,0,0,0,-1
2026-06-24 13:27:30.146,30.37851,True,21.43907,1.13932,-9.344213,0.09567776,-0.7275637,0.184367,0.6538392,-0.9161396,-0.3933931,-0.07700628,False,-1,-1,0,0,0,-1
2026-06-24 13:27:30.179,30.41226,True,21.44084,1.138184,-9.339792,0.09677777,-0.7273239,0.1842272,0.6539835,-0.9156574,-0.3945677,-0.07673196,False,-1,-1,0,0,0,-1
2026-06-24 13:27:30.224,30.45655,True,21.43781,1.138079,-9.341314,0.09755404,-0.7268384,0.1847724,0.6542541,-0.9150233,-0.3962496,-0.07562175,False,-1,-1,0,0,0,-1
2026-06-24 13:27:30.291,30.51028,True,21.43856,1.138253,-9.340014,0.0961805,-0.7277254,0.1844601,0.653559,-0.9157402,-0.394192,-0.07767008,False,-1,-1,0,0,0,-1
2026-06-24 13:27:30.329,30.55646,True,21.43978,1.138442,-9.337584,0.09645817,-0.7282344,0.1848954,0.6528279,-0.9151541,-0.3952355,-0.07925907,False,-1,-1,0,0,0,-1
2026-06-24 13:27:30.373,30.59786,True,21.44064,1.138471,-9.336911,0.09544026,-0.729093,0.1845892,0.6521054,-0.9156564,-0.3936395,-0.08137094,False,-1,-1,0,0,0,-1
2026-06-24 13:27:30.412,30.6379,True,21.43977,1.138587,-9.338579,0.09360144,-0.7289487,0.1836148,0.652808,-0.9173537,-0.3898991,-0.08025467,False,-1,-1,0,0,0,-1
2026-06-24 13:27:30.452,30.67605,True,21.441,1.138744,-9.338343,0.09210983,-0.7285703,0.1831469,0.6535735,-0.9186092,-0.3872719,-0.07859798,False,-1,-1,0,0,0,-1
2026-06-24 13:27:30.495,30.71914,True,21.44076,1.139216,-9.340034,0.08976181,-0.7280583,0.1824681,0.6546598,-0.9205035,-0.3832217,-0.07625211,False,-1,-1,0,0,0,-1
2026-06-24 13:27:30.537,30.76467,True,21.44056,1.139268,-9.341579,0.0862913,-0.7285207,0.1820109,0.6547392,-0.9225702,-0.378194,-0.07637719,False,-1,-1,0,0,0,-1
2026-06-24 13:27:30.579,30.805,True,21.44345,1.13933,-9.339707,0.08267577,-0.7283524,0.1825458,0.6552439,-0.9243126,-0.374261,-0.07466506,False,-1,-1,0,0,0,-1
2026-06-24 13:27:30.620,30.84546,True,21.44579,1.139818,-9.338566,0.07725388,-0.72934,0.1800348,0.6555017,-0.9283504,-0.3638933,-0.07581009,False,-1,-1,0,0,0,-1
2026-06-24 13:27:30.663,30.88854,True,21.44773,1.141037,-9.337637,0.07445152,-0.7281607,0.1760071,0.6582252,-0.9323795,-0.3543346,-0.07152219,False,-1,-1,0,0,0,-1
2026-06-24 13:27:30.705,30.93202,True,21.4478,1.142715,-9.339495,0.07105864,-0.7268518,0.1721466,0.6610619,-0.936523,-0.3441984,-0.06672557,False,-1,-1,0,0,0,-1
2026-06-24 13:27:30.753,30.97346,True,21.4559,1.143873,-9.330152,0.06347182,-0.7226994,0.1704054,0.6668125,-0.9421781,-0.3309514,-0.05264615,False,-1,-1,0,0,0,-1
2026-06-24 13:27:30.796,31.02173,True,21.45796,1.147472,-9.328251,0.05779222,-0.7089674,0.1605344,0.684291,-0.9517246,-0.3067206,-0.01194941,False,-1,-1,0,0,0,-1
2026-06-24 13:27:30.840,31.06425,True,21.45894,1.151455,-9.328392,0.05478444,-0.6855658,0.1491074,0.7104683,-0.957808,-0.2822911,0.0539965,False,-1,-1,0,0,0,-1
2026-06-24 13:27:30.881,31.10563,True,21.4659,1.155103,-9.320584,0.0452837,-0.6616945,0.1347247,0.7361787,-0.9620491,-0.244967,0.1202194,False,-1,-1,0,0,0,-1
2026-06-24 13:27:30.930,31.15405,True,21.47195,1.159699,-9.312473,0.02982765,-0.633997,0.118797,0.7635741,-0.9611205,-0.1961851,0.1943162,False,-1,-1,0,0,0,-1
2026-06-24 13:27:30.972,31.1981,True,21.47724,1.164817,-9.304861,0.0179553,-0.6000431,0.103037,0.7931011,-0.9480894,-0.152134,0.2792519,False,-1,-1,0,0,0,-1
2026-06-24 13:27:31.017,31.24134,True,21.48157,1.169355,-9.299984,0.01565365,-0.5675175,0.09500673,0.8177118,-0.9251571,-0.1334363,0.3553578,False,-1,-1,0,0,0,-1
2026-06-24 13:27:31.058,31.28386,True,21.48687,1.172189,-9.292235,0.006259054,-0.5289534,0.07795682,0.8450396,-0.8929973,-0.09304935,0.4403382,False,-1,-1,0,0,0,-1
2026-06-24 13:27:31.105,31.32962,True,21.48885,1.174582,-9.289866,0.0004890655,-0.4982764,0.06779727,0.8643633,-0.8613173,-0.06840901,0.5034409,False,-1,-1,0,0,0,-1
2026-06-24 13:27:31.148,31.37411,True,21.49473,1.175378,-9.282452,-0.002723707,-0.4669301,0.05822657,0.882371,-0.8243284,-0.04956884,0.5639377,False,-1,-1,0,0,0,-1
2026-06-24 13:27:31.194,31.41881,True,21.50137,1.176033,-9.27635,-0.002463948,-0.431271,0.04739318,0.9009734,-0.777361,-0.03643871,0.6279984,False,-1,-1,0,0,0,-1
2026-06-24 13:27:31.239,31.46421,True,21.50764,1.175114,-9.272076,-0.001585825,-0.4044427,0.04300351,0.9135504,-0.7390939,-0.03188745,0.6728472,False,-1,-1,0,0,0,-1
2026-06-24 13:27:31.277,31.50403,True,21.51395,1.174759,-9.26755,-0.002118893,-0.3777512,0.03634212,0.9251912,-0.6991382,-0.0235358,0.7145991,False,-1,-1,0,0,0,-1
2026-06-24 13:27:31.318,31.54336,True,21.52108,1.175003,-9.263486,-0.001512205,-0.3430294,0.0266285,0.9389459,-0.6442526,-0.01542896,0.7646572,False,-1,-1,0,0,0,-1
2026-06-24 13:27:31.359,31.5838,True,21.52731,1.174766,-9.260038,-0.0007363589,-0.3175149,0.02274489,0.9479802,-0.6020293,-0.01304758,0.7983674,False,-1,-1,0,0,0,-1
2026-06-24 13:27:31.401,31.62637,True,21.53536,1.174524,-9.255657,-0.0007856888,-0.2806096,0.01499521,0.9597045,-0.5386282,-0.006907543,0.8425152,True,0.1027262,0.2767937,16.44923,1.109298,-1.3,9.442745
2026-06-24 13:27:31.445,31.6694,True,21.54258,1.17506,-9.25204,-0.001574865,-0.2413946,0.006276737,0.9704055,-0.468521,2.617436E-05,0.8834524,True,0.2459192,0.2959075,17.32537,1.175296,-1.3,9.001097
2026-06-24 13:27:31.485,31.71012,True,21.5486,1.1761,-9.25003,-0.003093106,-0.2073325,0.001958657,0.9782637,-0.4056638,0.00523956,0.9140074,True,0.3594684,0.3093393,18.02014,1.221674,-1.3,8.697993
2026-06-24 13:27:31.524,31.74893,True,21.55159,1.17722,-9.249977,-0.005649266,-0.1894738,0.000610755,0.9818693,-0.372084,0.01086224,0.9281355,True,0.4157485,0.3234107,18.3645,1.270261,-1.3,8.565535
2026-06-24 13:27:31.568,31.79233,True,21.55462,1.178785,-9.250614,-0.008800633,-0.1711258,-0.004399782,0.9852001,-0.3371088,0.0188466,0.941277,True,0.4717563,0.3430217,18.70719,1.337975,-1.3,8.446625
2026-06-24 13:27:31.612,31.83748,True,21.55577,1.179632,-9.252821,-0.008582701,-0.1621545,-0.006906125,0.9867039,-0.3198784,0.01917689,0.9472645,True,0.4983993,0.3437916,18.8702,1.340633,-1.3,8.395565
2026-06-24 13:27:31.653,31.87831,True,21.55634,1.180017,-9.255888,-0.001340512,-0.1561098,-0.004945097,0.9877264,-0.3083743,0.004192075,0.9512559,True,0.5158913,0.3074289,18.97723,1.215077,-1.3,8.363563
2026-06-24 13:27:31.698,31.92228,True,21.55559,1.179515,-9.260325,0.001224144,-0.1511549,-0.006286564,0.9884893,-0.2988455,-0.0005196157,0.9543014,True,0.5298704,0.2958743,19.06277,1.175181,-1.3,8.341522
2026-06-24 13:27:31.741,31.96614,True,21.55403,1.178584,-9.265694,0.001758962,-0.1465271,-0.007471392,0.9891769,-0.2899087,-0.001290326,0.9570534,True,0.54267,0.2937496,19.14108,1.167845,-1.3,8.323145
2026-06-24 13:27:31.784,32.00613,True,21.55197,1.177296,-9.2719,0.0002651224,-0.1416905,-0.007067698,0.9898857,-0.2805185,0.001477969,0.9598475,True,0.5559205,0.3000419,19.22216,1.189571,-1.3,8.305382
2026-06-24 13:27:31.831,32.05664,True,21.54904,1.176078,-9.278879,-0.0006215815,-0.1394647,-0.004211892,0.9902179,-0.2761957,0.002405823,0.9610984,True,0.5614703,0.3019185,19.25611,1.196051,-1.3,8.301833
2026-06-24 13:27:31.877,32.10035,True,21.54578,1.175067,-9.286247,-0.001718734,-0.1388717,-0.000356576,0.9903088,-0.2750505,0.003503192,0.9614234,True,0.5622716,0.3042691,19.26102,1.204167,-1.3,8.306691
2026-06-24 13:27:31.920,32.14283,True,21.54099,1.174506,-9.295539,-0.002557183,-0.1395451,0.002088883,0.9902102,-0.2763686,0.00448131,0.9610413,True,0.5591139,0.3064764,19.2417,1.211789,-1.3,8.319663
2026-06-24 13:27:31.963,32.18836,True,21.53442,1.173758,-9.306707,-0.001905528,-0.1413784,0.003000284,0.9899493,-0.2799262,0.002924402,0.9600171,True,0.5522643,0.3025257,19.19979,1.198148,-1.3,8.340171
2026-06-24 13:27:32.042,32.25518,True,21.52587,1.172585,-9.316967,0.007174998,-0.1562205,0.00072089,0.9876959,-0.3085864,-0.01439867,0.9510874,True,0.5073074,0.2599718,18.92471,1.051214,-1.3,8.429264
2026-06-24 13:27:32.094,32.31881,True,21.51967,1.171388,-9.326036,0.009630645,-0.1707483,0.003457038,0.9852616,-0.336397,-0.02015797,0.9415045,True,0.4627351,0.2450081,18.65199,0.9995469,-1.3,8.524693
2026-06-24 13:27:32.161,32.38388,True,21.5174,1.171593,-9.333227,0.00158856,-0.1724757,-0.003619979,0.9850059,-0.3397906,-0.001880766,0.9404992,True,0.4567054,0.2901826,18.6151,1.155529,-1.3,8.54145
2026-06-24 13:27:32.196,32.41874,True,21.51752,1.17108,-9.33647,0.002628814,-0.1746485,0.0003140711,0.9846273,-0.3439257,-0.005286509,0.938982,True,0.449982,0.2815828,18.57396,1.125834,-1.3,8.558705
2026-06-24 13:27:32.235,32.45823,True,21.51862,1.171051,-9.339047,0.004475516,-0.1751691,0.005142267,0.9845148,-0.3448671,-0.01061396,0.9385915,True,0.4484904,0.2683498,18.56483,1.080143,-1.3,8.565011
2026-06-24 13:27:32.292,32.5169,True,21.52775,1.171536,-9.335001,-0.005211349,-0.1756828,0.003453735,0.984427,-0.3459298,0.009046862,0.9382168,True,0.4485453,0.3172575,18.56517,1.249015,-1.3,8.56412
2026-06-24 13:27:32.331,32.55429,True,21.49859,1.173572,-9.372293,-0.009375494,-0.1764163,0.00131593,0.9842701,-0.3473073,0.01799173,0.9375788,True,0.4392626,0.3402706,18.50837,1.328476,-1.3,8.609723
2026-06-24 13:27:32.394,32.61773,True,21.49727,1.174865,-9.37978,-0.01147928,-0.1743052,-0.003610968,0.9846181,-0.3431652,0.02386424,0.9389718,True,0.4451442,0.3552551,18.54436,1.380215,-1.3,8.604922
2026-06-24 13:27:32.426,32.6511,True,21.49869,1.175692,-9.381054,-0.01278588,-0.1755341,-0.0059266,0.9843725,-0.3454304,0.02725279,0.9380486,True,0.4416369,0.3640166,18.5229,1.410468,-1.3,8.61475
2026-06-24 13:27:32.463,32.68846,True,21.50066,1.175623,-9.380089,-0.01438928,-0.1777759,-0.004921934,0.9839535,-0.3497048,0.03006676,0.9363773,True,0.4351205,0.3711425,18.48303,1.435072,-1.3,8.629094
2026-06-24 13:27:32.496,32.72247,True,21.50238,1.175417,-9.378814,-0.0151756,-0.1786715,-0.003520692,0.9837855,-0.3514419,0.03111716,0.9356924,True,0.4326673,0.3737526,18.46802,1.444085,-1.3,8.634048
2026-06-24 13:27:32.560,32.78392,True,21.50431,1.176138,-9.3768,-0.01589256,-0.1777203,-0.0002866194,0.9839527,-0.3497277,0.03137693,0.9363258,True,0.4358579,0.3745382,18.48754,1.446797,-1.3,8.626057
2026-06-24 13:27:32.596,32.82122,True,21.50342,1.176726,-9.376142,-0.01574087,-0.1765352,0.0003789748,0.9841684,-0.3474928,0.03084953,0.937175,True,0.4393467,0.3733149,18.50888,1.442573,-1.3,8.617538
2026-06-24 13:27:32.653,32.87814,True,21.49992,1.177408,-9.37661,-0.0154724,-0.1742885,-8.761937E-05,0.9845731,-0.3431968,0.03049796,0.9387683,True,0.4456187,0.37251,18.54726,1.439794,-1.3,8.603412
2026-06-24 13:27:32.693,32.91792,True,21.49883,1.178063,-9.376031,-0.01596618,-0.1715725,0.001269581,0.9850413,-0.3380525,0.03101905,0.940616,True,0.4536415,0.373841,18.59635,1.44439,-1.3,8.585896
2026-06-24 13:27:32.744,32.96764,True,21.49721,1.178548,-9.374729,-0.0163419,-0.1687067,0.003280697,0.9855254,-0.3326366,0.03110376,0.942542,True,0.4620049,0.3740217,18.64752,1.445014,-1.3,8.56697
2026-06-24 13:27:32.785,33.00995,True,21.49676,1.17956,-9.375311,-0.0151675,-0.1688506,0.005365078,0.9855103,-0.3329707,0.02808366,0.9425188,True,0.4614181,0.366828,18.64393,1.420175,-1.3,8.567798
2026-06-24 13:27:32.827,33.0516,True,21.49554,1.181778,-9.376001,-0.01274084,-0.1722136,0.01185542,0.9849059,-0.3395305,0.02101373,0.9403603,True,0.4509016,0.3500516,18.57958,1.362248,-1.3,8.588198
2026-06-24 13:27:32.875,33.09982,True,21.49248,1.183601,-9.376207,-0.01506853,-0.1754149,0.01693422,0.9842336,-0.3458088,0.02372087,0.9380051,True,0.4403576,0.3574626,18.51507,1.387838,-1.3,8.609982
2026-06-24 13:27:32.914,33.1402,True,21.48932,1.184527,-9.375349,-0.01929592,-0.1772984,0.01970386,0.9837707,-0.3496024,0.03097859,0.9363859,True,0.4337051,0.3759537,18.47437,1.451685,-1.3,8.623955
2026-06-24 13:27:32.960,33.18518,True,21.48863,1.184509,-9.377085,-0.02433013,-0.1773522,0.02029455,0.9836373,-0.349888,0.04066548,0.9359085,True,0.4328318,0.4002164,18.46902,1.53546,-1.3,8.630208
2026-06-24 13:27:33.003,33.22737,True,21.48796,1.184182,-9.379271,-0.02783257,-0.1759913,0.01816629,0.9838305,-0.3473024,0.04837084,0.9365048,True,0.4365497,0.4193366,18.49177,1.60148,-1.3,8.627046
2026-06-24 13:27:33.048,33.27338,True,21.48747,1.183648,-9.381912,-0.02885166,-0.1732352,0.01512518,0.9843416,-0.341918,0.05155935,0.9383143,True,0.444833,0.4269419,18.54245,1.62774,-1.3,8.613225
2026-06-24 13:27:33.096,33.32245,True,21.48709,1.183768,-9.383408,-0.0309238,-0.1705349,0.01764133,0.9847082,-0.3369454,0.05488492,0.9399231,True,0.4524953,0.4350633,18.58934,1.655782,-1.3,8.600073
2026-06-24 13:27:33.139,33.36177,True,21.4852,1.184863,-9.383774,-0.03822164,-0.170578,0.02325862,0.9843279,-0.3375874,0.06731042,0.9388845,True,0.4507381,0.466522,18.57858,1.764405,-1.3,8.609977
2026-06-24 13:27:33.182,33.40559,True,21.48618,1.18553,-9.387346,-0.04267547,-0.1740074,0.03000339,0.9833616,-0.3447852,0.07348921,0.9358004,True,0.4389544,0.4828075,18.50648,1.820637,-1.3,8.642171
2026-06-24 13:27:33.228,33.45114,True,21.4875,1.186326,-9.390806,-0.04341235,-0.1766957,0.03408919,0.9827166,-0.3502434,0.07327724,0.9337879,True,0.4301822,0.4829813,18.45281,1.821237,-1.3,8.6645
2026-06-24 13:27:33.271,33.49657,True,21.48778,1.186862,-9.392828,-0.04589391,-0.1771054,0.03401024,0.9825328,-0.3511455,0.07813775,0.9330549,True,0.428437,0.4955364,18.44213,1.864588,-1.3,8.673475
2026-06-24 13:27:33.320,33.54496,True,21.48706,1.186875,-9.393967,-0.04928547,-0.1781415,0.03433305,0.9821699,-0.3533146,0.08458113,0.9316731,True,0.4244312,0.5120708,18.41762,1.921679,-1.3,8.687561
2026-06-24 13:27:33.371,33.5965,True,21.48784,1.185961,-9.395711,-0.05020295,-0.177491,0.03303091,0.9822859,-0.3520104,0.08690193,0.9319532,True,0.4264524,0.5176265,18.42999,1.940862,-1.3,8.686822
2026-06-24 13:27:33.423,33.64799,True,21.48878,1.185144,-9.397358,-0.0516605,-0.1770377,0.03019858,0.9823833,-0.350958,0.09080825,0.9319777,True,0.4280114,0.5272583,18.43953,1.974119,-1.3,8.68836
2026-06-24 13:27:33.465,33.68964,True,21.48969,1.18451,-9.398632,-0.05335416,-0.177654,0.02784162,0.9822512,-0.3519726,0.09492203,0.9311848,True,0.4262157,0.537667,18.42854,2.010059,-1.3,8.697125
2026-06-24 13:27:33.510,33.73407,True,21.49155,1.184188,-9.400804,-0.05567703,-0.1787654,0.02434402,0.9820135,-0.3538108,0.1006474,0.929886,True,0.423069,0.5524172,18.40929,2.06099,-1.3,8.71161
2026-06-24 13:27:33.550,33.77584,True,21.49018,1.184024,-9.399962,-0.05739867,-0.1801182,0.02260691,0.9817086,-0.3562425,0.1045537,0.9285256,True,0.4186928,0.5625842,18.38251,2.096095,-1.3,8.723467
2026-06-24 13:27:33.593,33.81801,True,21.48999,1.183664,-9.400225,-0.05970805,-0.1819371,0.02140445,0.9812623,-0.359612,0.10939,0.9266677,True,0.4128126,0.5752615,18.34653,2.139868,-1.3,8.741239
2026-06-24 13:27:33.637,33.86218,True,21.49281,1.183084,-9.403059,-0.06183813,-0.1817977,0.01840026,0.9812171,-0.3590416,0.114663,0.9262513,True,0.4136788,0.5886747,18.35183,2.186182,-1.3,8.748229
2026-06-24 13:27:33.682,33.90594,True,21.49155,1.182948,-9.40165,-0.06326345,-0.1804513,0.01376743,0.9814507,-0.35595,0.1192112,0.9268702,True,0.4183211,0.5999047,18.38024,2.224958,-1.3,8.74087
2026-06-24 13:27:33.729,33.9552,True,21.4933,1.182656,-9.402494,-0.06351511,-0.1803632,0.01103266,0.9814852,-0.3554492,0.1206985,0.9268699,True,0.4192699,0.6036172,18.38604,2.237776,-1.3,8.741781
2026-06-24 13:27:33.771,33.99731,True,21.49634,1.182308,-9.403952,-0.06444405,-0.1811603,0.01036381,0.9812852,-0.3568757,0.122721,0.9260558,True,0.4171888,0.6089658,18.37331,2.256244,-1.3,8.75104
2026-06-24 13:27:34.166,34.33064,True,21.50603,1.179284,-9.400084,-0.05458781,-0.1855416,0.01356564,0.9810252,-0.365523,0.10207,0.925189,True,0.4061654,0.5558704,18.30586,2.072913,-1.3,8.755057
2026-06-24 13:27:34.212,34.38231,True,21.50677,1.1793,-9.401078,-0.05464902,-0.1847112,0.01321235,0.9811834,-0.3639152,0.1023605,0.9257905,True,0.4088597,0.5564747,18.32235,2.075,-1.3,8.750444
2026-06-24 13:27:34.250,34.41841,True,21.50748,1.179179,-9.402,-0.0551051,-0.1846625,0.01329926,0.9811658,-0.3638349,0.1032227,0.9257264,True,0.4089969,0.5586728,18.32318,2.08259,-1.3,8.752047
2026-06-24 13:27:34.290,34.4613,True,21.50825,1.178914,-9.403292,-0.05493367,-0.184308,0.01346308,0.9812398,-0.3631799,0.1028435,0.9260257,True,0.410144,0.557592,18.3302,2.078857,-1.3,8.750611
2026-06-24 13:27:34.337,34.50808,True,21.50956,1.178512,-9.405178,-0.05542471,-0.1838596,0.01322827,0.9812995,-0.3623091,0.1039122,0.9262475,True,0.4116063,0.5601823,18.33915,2.087801,-1.3,8.750553
2026-06-24 13:27:34.410,34.57811,True,21.51115,1.178342,-9.407112,-0.05683735,-0.1840049,0.01368231,0.9811853,-0.362641,0.1065007,0.9258235,True,0.41103,0.5668811,18.33562,2.110931,-1.3,8.75665
2026-06-24 13:27:34.471,34.64075,True,21.51118,1.178459,-9.407787,-0.05776457,-0.1847432,0.01456203,0.9809797,-0.364141,0.1079513,0.9250664,True,0.4084196,0.5708406,18.31965,2.124603,-1.3,8.764545
2026-06-24 13:27:34.505,34.67539,True,21.51186,1.178541,-9.40839,-0.05796309,-0.1846591,0.01456146,0.9809838,-0.3639833,0.1083439,0.9250826,True,0.408727,0.5718766,18.32153,2.12818,-1.3,8.765044
2026-06-24 13:27:34.571,34.7415,True,21.51274,1.178505,-9.40869,-0.05743192,-0.1833601,0.01485758,0.9812543,-0.3615523,0.1072621,0.9261613,True,0.4129375,0.5688128,18.3473,2.117602,-1.3,8.75516
2026-06-24 13:27:34.604,34.77593,True,21.51257,1.178477,-9.408049,-0.05715539,-0.1825166,0.01547134,0.9814181,-0.3600187,0.1065391,0.9268419,True,0.4155229,0.5667519,18.36312,2.110485,-1.3,8.748039
2026-06-24 13:27:34.645,34.81465,True,21.51363,1.178544,-9.40843,-0.05776937,-0.1816022,0.01474815,0.981563,-0.3582119,0.108052,0.9273667,True,0.418545,0.5704622,18.38161,2.123296,-1.3,8.743499
2026-06-24 13:27:34.704,34.87413,True,21.51407,1.17838,-9.408058,-0.05639815,-0.1801607,0.01448378,0.9819123,-0.3554376,0.1055372,0.9287227,True,0.4233463,0.5636443,18.41098,2.099756,-1.3,8.730332
2026-06-24 13:27:34.771,34.94107,True,21.51468,1.17818,-9.408224,-0.05564973,-0.1809433,0.01448915,0.9818109,-0.3569168,0.1040316,0.9283253,True,0.4211066,0.5598975,18.39728,2.086818,-1.3,8.734248
2026-06-24 13:27:34.844,35.01429,True,21.51416,1.178159,-9.40749,-0.05569055,-0.181438,0.01464761,0.981715,-0.3578723,0.1040292,0.9279576,True,0.4195022,0.5599658,18.38746,2.087054,-1.3,8.736917
2026-06-24 13:27:34.904,35.07457,True,21.51386,1.17809,-9.406845,-0.0554407,-0.1818101,0.01465361,0.9816602,-0.3585763,0.1035195,0.9277428,True,0.4183699,0.5586959,18.38054,2.082669,-1.3,8.738246
2026-06-24 13:27:34.968,35.14083,True,21.51336,1.177897,-9.406288,-0.05459721,-0.1825058,0.01520615,0.9815699,-0.3599448,0.1016315,0.9274216,True,0.4161904,0.5539335,18.3672,2.066225,-1.3,8.740672
2026-06-24 13:27:35.003,35.17442,True,21.51328,1.177842,-9.406208,-0.05408298,-0.1826538,0.01516033,0.9815716,-0.3602154,0.1006345,0.9274253,True,0.4157985,0.5513898,18.3648,2.057442,-1.3,8.740551
2026-06-24 13:27:35.038,35.208,True,21.51273,1.177976,-9.405451,-0.05389252,-0.1823,0.01478864,0.9816535,-0.3595048,0.1004156,0.9277247,True,0.4169374,0.5507691,18.37177,2.055299,-1.3,8.736915
2026-06-24 13:27:35.083,35.25173,True,21.51237,1.178014,-9.404881,-0.05409072,-0.1815908,0.01439649,0.9817799,-0.3581218,0.1009818,0.928198,True,0.4191493,0.5520644,18.3853,2.059771,-1.3,8.731845
2026-06-24 13:27:35.127,35.29734,True,21.51174,1.178104,-9.404144,-0.05393894,-0.1815288,0.01468391,0.9817954,-0.3580324,0.1005829,0.9282758,True,0.419264,0.5510371,18.38601,2.056225,-1.3,8.730319
2026-06-24 13:27:35.169,35.33956,True,21.511,1.178267,-9.403405,-0.05390505,-0.1815389,0.01458518,0.9817969,-0.3580411,0.1005521,0.9282758,True,0.4191766,0.5509833,18.38547,2.056039,-1.3,8.729523
2026-06-24 13:27:35.213,35.38403,True,21.51052,1.178292,-9.4028,-0.05356383,-0.1815595,0.01463577,0.981811,-0.3580822,0.09986458,0.9283341,True,0.4191095,0.5492178,18.38506,2.049942,-1.3,8.728322
2026-06-24 13:27:35.260,35.43022,True,21.50887,1.17844,-9.401136,-0.05331084,-0.1814057,0.0144009,0.9818567,-0.3577642,0.0994624,0.9284999,True,0.4194896,0.5481476,18.38739,2.046247,-1.3,8.724974
2026-06-24 13:27:35.316,35.48502,True,21.50814,1.178397,-9.40012,-0.05249191,-0.1810913,0.01375572,0.9819681,-0.3570959,0.09810868,0.9289011,True,0.4206074,0.5445762,18.39423,2.033916,-1.3,8.72011
2026-06-24 13:27:35.358,35.52902,True,21.50686,1.178252,-9.398447,-0.05133354,-0.1809812,0.01323961,0.9820567,-0.3568268,0.09603266,0.9292214,True,0.4210609,0.5391575,18.397,2.015206,-1.3,8.715303
2026-06-24 13:27:35.404,35.57387,True,21.5049,1.178212,-9.396105,-0.05004508,-0.1799901,0.01227055,0.9823179,-0.3548432,0.0939032,0.9301981,True,0.4242433,0.5334538,18.41647,1.995512,-1.3,8.703636
2026-06-24 13:27:35.452,35.62253,True,21.50275,1.178413,-9.393441,-0.04900368,-0.1793818,0.011971,0.9824854,-0.3536532,0.09199604,0.9308416,True,0.4260979,0.528468,18.42782,1.978296,-1.3,8.694757
2026-06-24 13:27:35.493,35.66159,True,21.50057,1.17875,-9.390839,-0.04803596,-0.179421,0.01290167,0.9825142,-0.3538069,0.08976235,0.9310013,True,0.4257714,0.5228294,18.42582,1.958827,-1.3,8.69047
2026-06-24 13:27:35.535,35.70549,True,21.49877,1.178911,-9.38875,-0.04783881,-0.1793642,0.01403633,0.9825187,-0.3538002,0.08896983,0.9310799,True,0.4256594,0.5208046,18.42514,1.951836,-1.3,8.687493
2026-06-24 13:27:35.580,35.75073,True,21.49787,1.178984,-9.387409,-0.04775994,-0.179245,0.01472072,0.9825342,-0.3536349,0.08857433,0.9311804,True,0.4258839,0.5197697,18.42651,1.948262,-1.3,8.685115
2026-06-24 13:27:35.623,35.79419,True,21.49794,1.179039,-9.387055,-0.04706285,-0.1784776,0.01496788,0.9827039,-0.3521902,0.08715483,0.9318616,True,0.428334,0.5160454,18.4415,1.935403,-1.3,8.678387
2026-06-24 13:27:35.670,35.83987,True,21.49864,1.178793,-9.387527,-0.04685953,-0.1782669,0.01483308,0.9827538,-0.3517752,0.08681426,0.9320502,True,0.429108,0.5150868,18.44624,1.932093,-1.3,8.677136
2026-06-24 13:27:35.712,35.88348,True,21.4983,1.179042,-9.386749,-0.04708365,-0.1776358,0.01443312,0.9828634,-0.3505425,0.08742592,0.9324573,True,0.4310651,0.5165787,18.45821,1.937244,-1.3,8.672514
2026-06-24 13:27:35.761,35.93029,True,21.4987,1.178922,-9.386843,-0.04745825,-0.1769699,0.01364777,0.9829767,-0.34921,0.08847021,0.9328588,True,0.4332277,0.5190738,18.47144,1.945859,-1.3,8.668882
2026-06-24 13:27:35.814,35.9853,True,21.4996,1.178742,-9.387386,-0.04672093,-0.1759416,0.01407713,0.9831905,-0.3472836,0.08691764,0.9337234,True,0.4365261,0.5149364,18.49163,1.931574,-1.3,8.661436
2026-06-24 13:27:35.862,36.03242,True,21.50096,1.178401,-9.388659,-0.04599351,-0.1752861,0.01424354,0.9833395,-0.3460417,0.08546109,0.9343187,True,0.438741,0.5110812,18.50518,1.918262,-1.3,8.65728
2026-06-24 13:27:35.908,36.07846,True,21.50162,1.178325,-9.3893,-0.0458142,-0.1750552,0.01428167,0.9833884,-0.345603,0.08510615,0.9345135,True,0.4395323,0.5101417,18.51002,1.915018,-1.3,8.656161
2026-06-24 13:27:35.947,36.1186,True,21.50248,1.178149,-9.390078,-0.04588447,-0.1749333,0.01422607,0.9834077,-0.345367,0.08526905,0.9345859,True,0.4399985,0.5105029,18.51287,1.916265,-1.3,8.656322
2026-06-24 13:27:35.993,36.16279,True,21.50336,1.178066,-9.390699,-0.04588448,-0.1748431,0.01415224,0.9834248,-0.3451888,0.08529904,0.934649,True,0.4403899,0.5105561,18.51527,1.916449,-1.3,8.656404
2026-06-24 13:27:36.036,36.20516,True,21.50444,1.177912,-9.391645,-0.0455753,-0.1750565,0.01424586,0.9833998,-0.3455996,0.08464982,0.9345562,True,0.4398786,0.5089299,18.51214,1.910834,-1.3,8.658276
2026-06-24 13:27:36.080,36.25184,True,21.50608,1.177714,-9.392878,-0.04548804,-0.1751979,0.01429598,0.9833779,-0.3458722,0.08445463,0.934473,True,0.4396443,0.5084343,18.5107,1.909122,-1.3,8.660364
2026-06-24 13:27:36.123,36.29395,True,21.50649,1.177564,-9.392805,-0.0453292,-0.1749791,0.014342,0.9834236,-0.3454573,0.08413652,0.9346552,True,0.4403972,0.5075499,18.51531,1.906069,-1.3,8.658599
2026-06-24 13:27:36.167,36.3394,True,21.50679,1.17758,-9.392929,-0.04469101,-0.1746428,0.01429446,0.9835132,-0.3448047,0.08291554,0.9350052,True,0.4415445,0.5044181,18.52233,1.895255,-1.3,8.655491
2026-06-24 13:27:36.216,36.38599,True,21.50723,1.177388,-9.393185,-0.04451455,-0.1749224,0.01425644,0.9834721,-0.3453319,0.0825701,0.9348412,True,0.4407705,0.5035394,18.5176,1.892221,-1.3,8.657283
2026-06-24 13:27:36.257,36.42711,True,21.5076,1.177284,-9.39373,-0.04449713,-0.174954,0.01445325,0.9834644,-0.3454084,0.08246537,0.9348222,True,0.4406792,0.5032647,18.51704,1.891273,-1.3,8.658042
2026-06-24 13:27:36.303,36.47362,True,21.50895,1.177119,-9.394897,-0.04458503,-0.1749508,0.01434071,0.9834626,-0.3453939,0.08267757,0.9348088,True,0.4408423,0.5037819,18.51804,1.893059,-1.3,8.659415
2026-06-24 13:27:36.354,36.52398,True,21.50975,1.177019,-9.395779,-0.04470463,-0.1746675,0.01450279,0.9835052,-0.3448694,0.08286813,0.9349855,True,0.4417554,0.5042144,18.52362,1.894552,-1.3,8.65872
2026-06-24 13:27:36.391,36.56184,True,21.51019,1.177051,-9.396214,-0.04475854,-0.1744896,0.01466172,0.983532,-0.3445446,0.08292627,0.9351001,True,0.4423208,0.5043549,18.52708,1.895037,-1.3,8.658124
2026-06-24 13:27:36.436,36.60637,True,21.5107,1.177051,-9.396521,-0.04467968,-0.1746656,0.01515132,0.9834969,-0.34492,0.08259182,0.9349913,True,0.441798,0.5035482,18.52388,1.892251,-1.3,8.659461
2026-06-24 13:27:36.484,36.65353,True,21.51128,1.17708,-9.397186,-0.04509743,-0.1745588,0.01530415,0.9834944,-0.3447356,0.08336319,0.9349909,True,0.442113,0.5055084,18.52581,1.89902,-1.3,8.660177
2026-06-24 13:27:36.527,36.69661,True,21.51113,1.177272,-9.39716,-0.04593568,-0.1744837,0.01602798,0.9834574,-0.3446672,0.08475834,0.9348907,True,0.4421337,0.5090854,18.52594,1.911371,-1.3,8.661076
2026-06-24 13:27:36.568,36.73934,True,21.51071,1.17748,-9.397102,-0.04629288,-0.1747719,0.01578036,0.9833935,-0.3452001,0.08553232,0.9346235,True,0.4411753,0.5111468,18.52007,1.918488,-1.3,8.663491
2026-06-24 13:27:36.612,36.78372,True,21.51096,1.177476,-9.397491,-0.04623171,-0.1750235,0.01544747,0.9833569,-0.3456495,0.08551721,0.9344588,True,0.4404691,0.5111558,18.51575,1.91852,-1.3,8.665434
2026-06-24 13:27:36.659,36.82762,True,21.51154,1.177443,-9.397976,-0.04636507,-0.1750128,0.01536616,0.9833538,-0.3456239,0.08580798,0.9344416,True,0.4405619,0.5118929,18.51632,1.921065,-1.3,8.666112
2026-06-24 13:27:36.704,36.8742,True,21.51157,1.177348,-9.397661,-0.04616893,-0.1742776,0.01528308,0.9834949,-0.3442134,0.08548682,0.9349915,True,0.4428704,0.5109249,18.53045,1.917722,-1.3,8.660678
2026-06-24 13:27:36.748,36.91732,True,21.51161,1.177403,-9.39732,-0.04620115,-0.1737701,0.01542595,0.9835809,-0.3432594,0.085524,0.9353388,True,0.4444288,0.5109453,18.53998,1.917793,-1.3,8.657098
2026-06-24 13:27:36.792,36.9607,True,21.5118,1.177272,-9.397307,-0.04583991,-0.1727776,0.01582322,0.9837664,-0.3413962,0.08472372,0.9360932,True,0.4474865,0.5087295,18.55869,1.910142,-1.3,8.650107
2026-06-24 13:27:36.837,37.00735,True,21.51262,1.177119,-9.397927,-0.04564786,-0.1724527,0.01563711,0.9838353,-0.3407577,0.08442662,0.9363527,True,0.4486188,0.5078982,18.56562,1.907272,-1.3,8.648373
2026-06-24 13:27:36.880,37.04948,True,21.51328,1.177035,-9.398267,-0.04596004,-0.172927,0.01558588,0.9837383,-0.3416625,0.08503486,0.9359679,True,0.4472296,0.5094939,18.55712,1.912781,-1.3,8.652291
2026-06-24 13:27:36.924,37.0939,True,21.51358,1.177084,-9.398289,-0.04607338,-0.1727808,0.01555352,0.9837592,-0.3413825,0.08527552,0.9360481,True,0.4477149,0.5100935,18.56009,1.914851,-1.3,8.651574
2026-06-24 13:27:36.972,37.14182,True,21.51435,1.177019,-9.398586,-0.0460365,-0.1730917,0.01557682,0.9837059,-0.3419768,0.08518033,0.9358398,True,0.4468752,0.5098915,18.55495,1.914154,-1.3,8.653816
2026-06-24 13:27:37.017,37.18673,True,21.51453,1.177014,-9.398575,-0.04597607,-0.1733409,0.01556215,0.983665,-0.3424497,0.08505498,0.9356783,True,0.4461524,0.5096123,18.55053,1.91319,-1.3,8.655297
2026-06-24 13:27:37.060,37.22958,True,21.51531,1.176902,-9.399364,-0.04613074,-0.1736547,0.01553642,0.9836029,-0.3430479,0.08535272,0.935432,True,0.4452583,0.5104036,18.54506,1.915922,-1.3,8.658421
2026-06-24 13:27:37.100,37.27107,True,21.51642,1.176734,-9.400403,-0.04604295,-0.1740331,0.0158272,0.9835355,-0.3437928,0.08506083,0.9351851,True,0.4441947,0.5097066,18.53855,1.913516,-1.3,8.661818
2026-06-24 13:27:37.147,37.31832,True,21.51684,1.176688,-9.400784,-0.04669882,-0.1736496,0.01554738,0.9835768,-0.3430475,0.08646416,0.9353301,True,0.4453714,0.5131902,18.54575,1.925544,-1.3,8.660881
2026-06-24 13:27:37.189,37.36034,True,21.51659,1.176736,-9.400553,-0.04653303,-0.1735648,0.01553949,0.9835997,-0.3428828,0.08614553,0.9354199,True,0.4456241,0.512378,18.54729,1.92274,-1.3,8.659803
2026-06-24 13:27:37.236,37.40792,True,21.5171,1.176597,-9.400799,-0.04657669,-0.173506,0.01538807,0.9836105,-0.3427581,0.08628678,0.9354526,True,0.4458864,0.512691,18.5489,1.92382,-1.3,8.659764
2026-06-24 13:27:37.281,37.45081,True,21.51723,1.176547,-9.400999,-0.0468662,-0.1733829,0.01527222,0.9836202,-0.3425173,0.08690121,0.9354839,True,0.4462531,0.5142155,18.55114,1.929084,-1.3,8.659689
2026-06-24 13:27:37.324,37.49356,True,21.51791,1.176498,-9.401834,-0.04696393,-0.1734713,0.01542482,0.9835976,-0.3427008,0.08703569,0.9354042,True,0.4460117,0.5145798,18.54967,1.930342,-1.3,8.66132
2026-06-24 13:27:37.370,37.54095,True,21.51841,1.176405,-9.40224,-0.04714619,-0.1736172,0.01547232,0.9835624,-0.3429856,0.08736992,0.9352686,True,0.4455959,0.5154338,18.54712,1.933291,-1.3,8.66301
2026-06-24 13:27:37.411,37.58282,True,21.51805,1.176447,-9.401718,-0.04710272,-0.1737391,0.01567735,0.9835397,-0.3432354,0.08720724,0.9351922,True,0.4451759,0.5150418,18.54455,1.931937,-1.3,8.663159
2026-06-24 13:27:37.457,37.62703,True,21.51727,1.176444,-9.401018,-0.04662005,-0.1740896,0.01607904,0.9834942,-0.3439314,0.08610271,0.9350388,True,0.4440239,0.5122863,18.5375,1.922423,-1.3,8.663831
2026-06-24 13:27:37.502,37.67304,True,21.51763,1.176357,-9.401195,-0.04662954,-0.1741083,0.01603925,0.9834911,-0.3439637,0.08613435,0.935024,True,0.4440196,0.5123488,18.53748,1.922639,-1.3,8.664157
2026-06-24 13:27:37.547,37.71804,True,21.51825,1.17637,-9.401724,-0.04664922,-0.174092,0.01626796,0.9834893,-0.343953,0.08609377,0.9350317,True,0.4441085,0.5122629,18.53802,1.922342,-1.3,8.664651
2026-06-24 13:27:37.596,37.76675,True,21.51896,1.176218,-9.402276,-0.04659703,-0.1735801,0.01634799,0.9835809,-0.3429838,0.08598852,0.9353973,True,0.4457533,0.5118853,18.54808,1.921038,-1.3,8.661854
2026-06-24 13:27:37.638,37.80891,True,21.5195,1.176151,-9.402669,-0.0465323,-0.173484,0.01616547,0.983604,-0.3427835,0.0859298,0.9354761,True,0.4461424,0.5117108,18.55046,1.920436,-1.3,8.661545
2026-06-24 13:27:37.679,37.84983,True,21.51954,1.176107,-9.402435,-0.04645676,-0.173819,0.01630053,0.9835461,-0.3434326,0.08571805,0.9352574,True,0.4451303,0.511211,18.54427,1.91871,-1.3,8.663321
2026-06-24 13:27:37.723,37.89355,True,21.51913,1.176137,-9.401973,-0.0460652,-0.1743412,0.01623708,0.9834732,-0.3444158,0.08494621,0.9349663,True,0.4435469,0.5093375,18.53458,1.912241,-1.3,8.665524
2026-06-24 13:27:37.767,37.93757,True,21.51851,1.176243,-9.401288,-0.04585975,-0.1746489,0.01626109,0.9834278,-0.3450007,0.08451955,0.9347893,True,0.4425663,0.5083195,18.52858,1.908726,-1.3,8.666432
2026-06-24 13:27:37.816,37.98558,True,21.51782,1.17629,-9.400444,-0.04621257,-0.1746234,0.01624145,0.9834161,-0.344956,0.08522011,0.9347422,True,0.4425433,0.5100799,18.52844,1.914804,-1.3,8.665966
2026-06-24 13:27:37.859,38.03054,True,21.51836,1.176238,-9.401014,-0.04601151,-0.1742945,0.0162868,0.9834832,-0.3443303,0.08482569,0.9350087,True,0.4436231,0.5090292,18.53505,1.911176,-1.3,8.664105
2026-06-24 13:27:37.901,38.06991,True,21.5186,1.17614,-9.40125,-0.04591242,-0.1744065,0.01622462,0.9834689,-0.3445366,0.08464752,0.9349489,True,0.4433235,0.5085737,18.53322,1.909604,-1.3,8.664912
2026-06-24 13:27:37.943,38.1135,True,21.51836,1.176128,-9.401047,-0.04583926,-0.1743977,0.01625665,0.9834734,-0.3445213,0.08449315,0.9349684,True,0.4433296,0.5081731,18.53325,1.908221,-1.3,8.664514
2026-06-24 13:27:37.985,38.15598,True,21.51776,1.176116,-9.400496,-0.04554588,-0.1746908,0.01625299,0.9834351,-0.3450746,0.08390433,0.9348174,True,0.4424012,0.5067116,18.52757,1.903174,-1.3,8.665323
2026-06-24 13:27:38.029,38.19925,True,21.51739,1.175877,-9.400248,-0.04450438,-0.1754483,0.016022,0.9833517,-0.3464809,0.08190484,0.9344745,True,0.4401845,0.5016936,18.51401,1.885848,-1.3,8.668239
2026-06-24 13:27:38.070,38.24093,True,21.51677,1.17575,-9.399607,-0.04380808,-0.1759645,0.0156386,0.9832969,-0.3474209,0.08064903,0.9342347,True,0.4386641,0.4985401,18.50471,1.874959,-1.3,8.669777
2026-06-24 13:27:38.114,38.28376,True,21.51579,1.1759,-9.398608,-0.04349299,-0.1761361,0.01540969,0.9832838,-0.347724,0.08010351,0.9341689,True,0.4381012,0.4972032,18.50126,1.870343,-1.3,8.669319
2026-06-24 13:27:38.155,38.32669,True,21.51499,1.175977,-9.397562,-0.04319713,-0.1760514,0.01570516,0.9833073,-0.3475821,0.07942227,0.9342798,True,0.4382935,0.4954657,18.50244,1.864344,-1.3,8.66717
2026-06-24 13:27:38.197,38.36855,True,21.51352,1.176214,-9.39633,-0.04303633,-0.1759641,0.01562974,0.9833312,-0.3474072,0.07913738,0.934369,True,0.4384226,0.49477,18.50323,1.861941,-1.3,8.665024
2026-06-24 13:27:38.243,38.41267,True,21.51185,1.176366,-9.394798,-0.04288638,-0.1761355,0.01569072,0.9833061,-0.3477361,0.0788135,0.9342741,True,0.4377263,0.4939837,18.49897,1.859226,-1.3,8.664265
2026-06-24 13:27:38.283,38.45313,True,21.51122,1.176434,-9.394188,-0.04292825,-0.1764149,0.01582137,0.983252,-0.348279,0.07883633,0.9340699,True,0.4367841,0.4940891,18.4932,1.859591,-1.3,8.665506
2026-06-24 13:27:38.325,38.49435,True,21.51023,1.176562,-9.393394,-0.04302913,-0.1766641,0.01584911,0.9832025,-0.3487571,0.07901276,0.9338766,True,0.4358923,0.4945906,18.48775,1.861322,-1.3,8.666451
2026-06-24 13:27:38.366,38.53531,True,21.50916,1.176733,-9.392462,-0.04297587,-0.1770058,0.01582845,0.9831437,-0.3494048,0.07889946,0.9336441,True,0.434733,0.4943821,18.48065,1.860602,-1.3,8.667609
2026-06-24 13:27:38.407,38.57784,True,21.50834,1.176755,-9.391739,-0.04286468,-0.1771475,0.01573489,0.9831246,-0.349665,0.07870784,0.9335628,True,0.4342316,0.4939073,18.47759,1.858963,-1.3,8.667589
2026-06-24 13:27:38.449,38.62074,True,21.50689,1.176949,-9.390333,-0.04238416,-0.1772758,0.01587201,0.98312,-0.3499122,0.07770998,0.9335538,True,0.433725,0.4914264,18.47449,1.850397,-1.3,8.666167
2026-06-24 13:27:38.492,38.66245,True,21.50615,1.176985,-9.38973,-0.04230767,-0.1772546,0.01565455,0.9831306,-0.3498534,0.07763825,0.9335818,True,0.43374,0.4912364,18.47458,1.84974,-1.3,8.665262
2026-06-24 13:27:38.536,38.70578,True,21.50488,1.177147,-9.388474,-0.04221787,-0.1771759,0.01546843,0.9831516,-0.3496876,0.07753187,0.9336527,True,0.4338821,0.4909716,18.47545,1.848826,-1.3,8.663258
2026-06-24 13:27:38.580,38.74921,True,21.50334,1.177338,-9.386821,-0.04185133,-0.1771737,0.01552796,0.9831668,-0.3496823,0.07679139,0.9337159,True,0.4337723,0.4891167,18.47478,1.842421,-1.3,8.6609
2026-06-24 13:27:38.622,38.79283,True,21.50213,1.177463,-9.385513,-0.04147829,-0.1771179,0.01542007,0.9831944,-0.3495618,0.0761001,0.9338176,True,0.4338796,0.487367,18.47543,1.83638,-1.3,8.658558
2026-06-24 13:27:38.667,38.83904,True,21.5006,1.177657,-9.384124,-0.04154319,-0.1774317,0.01506873,0.9831404,-0.3501325,0.07633823,0.9335843,True,0.4327829,0.4880353,18.46872,1.838687,-1.3,8.659231
2026-06-24 13:27:38.711,38.8829,True,21.50004,1.177722,-9.383464,-0.04167215,-0.1783392,0.01517809,0.9829691,-0.3518688,0.07651117,0.9329172,True,0.4299188,0.4886094,18.4512,1.84067,-1.3,8.664717
2026-06-24 13:27:38.756,38.92658,True,21.4982,1.177956,-9.38188,-0.04166343,-0.1787775,0.01504971,0.9828918,-0.3526919,0.07652019,0.9326055,True,0.4283832,0.4887263,18.4418,1.841073,-1.3,8.665915
2026-06-24 13:27:38.802,38.97267,True,21.4974,1.177911,-9.381118,-0.04139544,-0.1785881,0.01513238,0.9829363,-0.3523342,0.07597324,0.9327855,True,0.4289021,0.4872859,18.44498,1.8361,-1.3,8.663425
2026-06-24 13:27:38.847,39.01723,True,21.49632,1.178046,-9.379932,-0.04136217,-0.1782226,0.01496272,0.9830066,-0.3516258,0.07598519,0.9330518,True,0.4299431,0.4872726,18.45135,1.836054,-1.3,8.659683
2026-06-24 13:27:38.901,39.07058,True,21.49529,1.178268,-9.379025,-0.04101359,-0.1779792,0.01489743,0.9830663,-0.3511527,0.0753353,0.9332826,True,0.4306244,0.4856391,18.45551,1.830414,-1.3,8.656568
2026-06-24 13:27:38.948,39.11701,True,21.49505,1.178338,-9.378712,-0.04106739,-0.1777387,0.01482461,0.9831087,-0.3506906,0.0754776,0.9334448,True,0.4313434,0.4859758,18.45992,1.831576,-1.3,8.654728
2026-06-24 13:27:38.988,39.15997,True,21.4954,1.178247,-9.378947,-0.04095774,-0.1779613,0.01467624,0.9830752,-0.3511009,0.07530548,0.9333045,True,0.4307308,0.4855518,18.45617,1.830112,-1.3,8.656282
2026-06-24 13:27:39.035,39.20487,True,21.49526,1.178243,-9.378805,-0.04096386,-0.1783637,0.01426745,0.983008,-0.3518349,0.07544602,0.9330167,True,0.4295262,0.485958,18.4488,1.831515,-1.3,8.658799
2026-06-24 13:27:39.078,39.24914,True,21.4949,1.17831,-9.378364,-0.04103952,-0.1789931,0.01408389,0.9828931,-0.3530183,0.07563309,0.9325544,True,0.4275718,0.4865303,18.43684,1.833491,-1.3,8.662619
2026-06-24 13:27:39.126,39.29488,True,21.49492,1.178371,-9.378546,-0.04135963,-0.1792367,0.01425094,0.9828329,-0.3534983,0.07619062,0.9323272,True,0.4267625,0.4879976,18.43189,1.838557,-1.3,8.664926
2026-06-24 13:27:39.167,39.3376,True,21.4949,1.178431,-9.378759,-0.04147832,-0.1790391,0.0141998,0.9828647,-0.3531204,0.0764505,0.9324491,True,0.4273452,0.488647,18.43545,1.8408,-1.3,8.664021
2026-06-24 13:27:39.211,39.38293,True,21.49479,1.178345,-9.378656,-0.041749,-0.178993,0.01406781,0.9828635,-0.3530261,0.07703107,0.932437,True,0.4274621,0.4900789,18.43617,1.845744,-1.3,8.664023
2026-06-24 13:27:39.256,39.42632,True,21.49467,1.178342,-9.37881,-0.04177472,-0.1788205,0.01418552,0.9828922,-0.3527077,0.07704677,0.9325562,True,0.4279463,0.4900966,18.43913,1.845805,-1.3,8.66308
2026-06-24 13:27:39.300,39.47305,True,21.4949,1.178336,-9.379033,-0.04161786,-0.1787302,0.01396088,0.9829184,-0.3525166,0.07682345,0.9326469,True,0.4282894,0.489521,18.44123,1.843817,-1.3,8.662477
2026-06-24 13:27:39.346,39.51704,True,21.49466,1.178395,-9.378708,-0.04164083,-0.178925,0.01381322,0.982884,-0.3528755,0.07691316,0.9325038,True,0.427686,0.4897851,18.43754,1.844729,-1.3,8.663458
2026-06-24 13:27:39.391,39.5608,True,21.4939,1.178548,-9.377865,-0.04175357,-0.179248,0.01405533,0.982817,-0.3535097,0.07703345,0.9322536,True,0.4265819,0.4901628,18.43078,1.846034,-1.3,8.664879
2026-06-24 13:27:39.433,39.60305,True,21.49363,1.178605,-9.377575,-0.04135112,-0.179702,0.01420797,0.9827489,-0.3543788,0.07616913,0.9319946,True,0.425186,0.4880567,18.42224,1.838761,-1.3,8.666976
2026-06-24 13:27:39.478,39.64915,True,21.49366,1.178554,-9.377256,-0.04106308,-0.1795558,0.01380079,0.9827935,-0.354066,0.07575704,0.9321471,True,0.425736,0.4869687,18.42561,1.835005,-1.3,8.665216
2026-06-24 13:27:39.524,39.69394,True,21.49398,1.178463,-9.377328,-0.0405233,-0.1797379,0.01392325,0.9827809,-0.3544144,0.07464598,0.9321043,True,0.425267,0.4841643,18.42274,1.825321,-1.3,8.66569
2026-06-24 13:27:39.567,39.73738,True,21.49438,1.178317,-9.377447,-0.04057384,-0.179331,0.01376903,0.9828554,-0.3536302,0.07481802,0.9323883,True,0.4265878,0.4844995,18.43082,1.826479,-1.3,8.66318
2026-06-24 13:27:39.611,39.7825,True,21.49503,1.178068,-9.377592,-0.04038708,-0.1791778,0.0137563,0.9828911,-0.3533357,0.07446256,0.9325284,True,0.4271769,0.4835109,18.43442,1.823065,-1.3,8.662034
2026-06-24 13:27:39.655,39.82578,True,21.49621,1.177821,-9.378407,-0.04033551,-0.1794633,0.0136353,0.9828428,-0.3538685,0.07439286,0.9323319,True,0.4264602,0.4833227,18.43004,1.822415,-1.3,8.664733
2026-06-24 13:27:39.701,39.87234,True,21.49681,1.177795,-9.378841,-0.04034426,-0.1796488,0.01356371,0.9828096,-0.3542155,0.07442805,0.9321973,True,0.4259664,0.4834405,18.42702,1.822822,-1.3,8.66645
2026-06-24 13:27:39.746,39.91475,True,21.49767,1.177631,-9.379507,-0.04024291,-0.1799486,0.01353199,0.9827594,-0.3547814,0.07422806,0.9319981,True,0.425158,0.482946,18.42207,1.821115,-1.3,8.669016
2026-06-24 13:27:39.792,39.96116,True,21.49857,1.17763,-9.380336,-0.04060809,-0.180217,0.013383,0.9826972,-0.3552845,0.07498722,0.9317456,True,0.4244035,0.4849223,18.41745,1.827939,-1.3,8.672255
2026-06-24 13:27:39.837,40.00707,True,21.4991,1.17773,-9.380671,-0.04049262,-0.1803726,0.01360848,0.9826702,-0.3555957,0.07467259,0.9316521,True,0.4239773,0.4841875,18.41484,1.825401,-1.3,8.673484
2026-06-24 13:27:39.878,40.05015,True,21.49943,1.177812,-9.380834,-0.040589,-0.1805748,0.01364406,0.9826287,-0.3559835,0.07484028,0.9314906,True,0.4233839,0.484669,18.41121,1.827064,-1.3,8.675164
2026-06-24 13:27:39.921,40.09333,True,21.49961,1.177816,-9.380859,-0.0403574,-0.1805423,0.01378739,0.9826422,-0.3559298,0.07433535,0.9315515,True,0.4235207,0.4833897,18.41205,1.822647,-1.3,8.674624
2026-06-24 13:27:39.972,40.14347,True,21.50068,1.177629,-9.381819,-0.0403277,-0.1806761,0.01362359,0.9826211,-0.3561712,0.07433078,0.9314596,True,0.4232442,0.4833649,18.41036,1.822561,-1.3,8.67651
2026-06-24 13:27:40.013,40.18475,True,21.50111,1.177554,-9.382006,-0.04021722,-0.1807826,0.01348663,0.9826079,-0.3563617,0.07415922,0.9314004,True,0.4229996,0.482928,18.40886,1.821053,-1.3,8.677262
2026-06-24 13:27:40.058,40.22751,True,21.50211,1.177401,-9.382998,-0.04043593,-0.1805322,0.01342128,0.9826459,-0.3558839,0.07462247,0.9315462,True,0.423858,0.4840415,18.41411,1.824898,-1.3,8.67697
2026-06-24 13:27:40.101,40.27293,True,21.50284,1.177286,-9.383617,-0.04046234,-0.1805743,0.0134756,0.9826363,-0.3559683,0.07465283,0.9315114,True,0.4238001,0.4841062,18.41376,1.825121,-1.3,8.677958
2026-06-24 13:27:40.143,40.31441,True,21.50349,1.177037,-9.384229,-0.04044072,-0.1808708,0.01323304,0.982586,-0.3565125,0.07468603,0.9313006,True,0.4229821,0.4841741,18.40875,1.825355,-1.3,8.680578
2026-06-24 13:27:40.188,40.36072,True,21.50347,1.176975,-9.384344,-0.0404301,-0.1807193,0.01319497,0.9826148,-0.3562219,0.07468525,0.9314119,True,0.4234443,0.4841344,18.41158,1.825218,-1.3,8.679666
2026-06-24 13:27:40.240,40.40844,True,21.50427,1.176953,-9.385152,-0.04030676,-0.1805017,0.01304962,0.9826618,-0.3557963,0.07450487,0.931589,True,0.4242246,0.4836575,18.41636,1.823572,-1.3,8.678884
2026-06-24 13:27:40.280,40.4503,True,21.50498,1.176883,-9.385456,-0.04008019,-0.1804699,0.01277736,0.9826805,-0.3557127,0.07416019,0.9316484,True,0.4244723,0.4827661,18.41787,1.820494,-1.3,8.678655
2026-06-24 13:27:40.323,40.49343,True,21.50577,1.17685,-9.385948,-0.04002554,-0.180613,0.0128997,0.9826548,-0.3559931,0.07400288,0.9315538,True,0.4241222,0.4823915,18.41573,1.8192,-1.3,8.680064
2026-06-24 13:27:40.369,40.53972,True,21.50599,1.176795,-9.386047,-0.03991676,-0.1806895,0.01305068,0.9826432,-0.3561485,0.07373162,0.9315159,True,0.4239094,0.4817034,18.41443,1.816824,-1.3,8.680525
2026-06-24 13:27:40.412,40.58363,True,21.5066,1.17668,-9.386331,-0.03974249,-0.180783,0.01278917,0.9826365,-0.3563045,0.07348071,0.9314761,True,0.4237492,0.4810535,18.41345,1.81458,-1.3,8.6812
2026-06-24 13:27:40.445,40.61731,True,21.50674,1.176655,-9.386316,-0.03988474,-0.1808398,0.01280767,0.9826201,-0.3564152,0.07375082,0.9314124,True,0.4235812,0.4817379,18.41242,1.816944,-1.3,8.681779
2026-06-24 13:27:40.486,40.65814,True,21.50718,1.176651,-9.3866,-0.03968804,-0.1811859,0.01284616,0.9825637,-0.357073,0.07333698,0.9311931,True,0.4225819,0.480746,18.40631,1.813519,-1.3,8.684129
2026-06-24 13:27:40.533,40.7049,True,21.508,1.176611,-9.387096,-0.03953063,-0.1813466,0.0127917,0.9825412,-0.3573723,0.07304148,0.9311015,True,0.4222103,0.4800207,18.40403,1.811014,-1.3,8.685514
2026-06-24 13:27:40.578,40.7498,True,21.50902,1.176491,-9.387744,-0.03956212,-0.1807492,0.01264612,0.9826519,-0.3562276,0.07318003,0.9315292,True,0.4241939,0.4802647,18.41617,1.811857,-1.3,8.682222
2026-06-24 13:27:40.624,40.7937,True,21.51036,1.176316,-9.388748,-0.03947085,-0.18049,0.01259465,0.9827038,-0.3557307,0.07302989,0.9317308,True,0.4251655,0.4798195,18.42212,1.81032,-1.3,8.681422
2026-06-24 13:27:40.667,40.83718,True,21.51145,1.176199,-9.389654,-0.03941718,-0.1806365,0.01234176,0.9826822,-0.3559895,0.07301039,0.9316335,True,0.4248662,0.4797763,18.42028,1.81017,-1.3,8.683301
2026-06-24 13:27:40.711,40.88144,True,21.51205,1.176158,-9.390018,-0.03917369,-0.1807506,0.01251964,0.9826688,-0.3562169,0.07246365,0.9315892,True,0.424596,0.4784063,18.41863,1.80544,-1.3,8.684105
2026-06-24 13:27:40.754,40.92543,True,21.5117,1.176185,-9.389532,-0.03912968,-0.1805867,0.01246775,0.9827014,-0.3559014,0.07240257,0.9317146,True,0.4250836,0.4782251,18.42161,1.804814,-1.3,8.682413
2026-06-24 13:27:40.802,40.97344,True,21.51108,1.17619,-9.388786,-0.03887403,-0.1808354,0.01257948,0.9826643,-0.356379,0.07185061,0.9315748,True,0.4242761,0.4768491,18.41667,1.800063,-1.3,8.682917
2026-06-24 13:27:40.845,41.01614,True,21.51204,1.176078,-9.389602,-0.03894055,-0.1809471,0.01250593,0.9826421,-0.3565865,0.07200342,0.9314836,True,0.4240375,0.4772368,18.41521,1.801402,-1.3,8.684642
2026-06-24 13:27:40.890,41.0607,True,21.51119,1.176109,-9.388562,-0.03909204,-0.1808263,0.01247672,0.9826587,-0.3563565,0.07231603,0.9315473,True,0.4243255,0.4779963,18.41698,1.804024,-1.3,8.682933
2026-06-24 13:27:40.937,41.10474,True,21.51067,1.17604,-9.387815,-0.03895173,-0.1806013,0.01237705,0.9827068,-0.3559205,0.07208563,0.9317319,True,0.4250056,0.4773445,18.42114,1.801773,-1.3,8.68041
2026-06-24 13:27:40.978,41.14896,True,21.51075,1.175973,-9.387738,-0.03868337,-0.1805103,0.01210191,0.9827377,-0.3557249,0.07166217,0.9318392,True,0.4253587,0.4762378,18.4233,1.797952,-1.3,8.679328
2026-06-24 13:27:41.020,41.19258,True,21.51147,1.175844,-9.388205,-0.03862522,-0.1805851,0.01204786,0.9827268,-0.3558623,0.07156475,0.9317942,True,0.4252275,0.4759745,18.42249,1.797043,-1.3,8.680248
2026-06-24 13:27:41.066,41.23587,True,21.51274,1.175739,-9.389221,-0.03872276,-0.1804352,0.0120921,0.98275,-0.3555818,0.07174592,0.9318874,True,0.4258202,0.4764042,18.42612,1.798527,-1.3,8.68047
2026-06-24 13:27:41.111,41.28198,True,21.51228,1.175735,-9.388529,-0.03879543,-0.1806317,0.01208836,0.982711,-0.3559555,0.07188231,0.9317342,True,0.4251746,0.4767604,18.42217,1.799757,-1.3,8.681154
2026-06-24 13:27:41.154,41.3256,True,21.51193,1.175713,-9.388247,-0.03866263,-0.1808946,0.01194905,0.9826696,-0.3564432,0.07166216,0.9315647,True,0.4243525,0.476227,18.41714,1.797915,-1.3,8.682432
2026-06-24 13:27:41.200,41.36938,True,21.51276,1.175603,-9.388952,-0.03864774,-0.1812147,0.01172888,0.9826139,-0.3570348,0.07170072,0.9313352,True,0.4234789,0.4763522,18.41179,1.798347,-1.3,8.685328
2026-06-24 13:27:41.248,41.41534,True,21.5136,1.175412,-9.389658,-0.03818967,-0.1814103,0.01128896,0.9826009,-0.35737,0.07095453,0.9312637,True,0.4230567,0.4744491,18.40921,1.791776,-1.3,8.686753
2026-06-24 13:27:41.292,41.46255,True,21.51379,1.175323,-9.389688,-0.03801154,-0.1811981,0.0110541,0.9826496,-0.3569488,0.07069808,0.9314448,True,0.4237834,0.4737442,18.41366,1.789343,-1.3,8.685098
2026-06-24 13:27:41.334,41.50352,True,21.51474,1.175328,-9.390419,-0.03812639,-0.181135,0.01128825,0.9826541,-0.3568468,0.07084071,0.931473,True,0.4240531,0.4741151,18.41531,1.790623,-1.3,8.685618
2026-06-24 13:27:41.379,41.54983,True,21.51555,1.175358,-9.390927,-0.03827783,-0.1809586,0.0115401,0.9826778,-0.3565315,0.07105298,0.9315776,True,0.4246578,0.4746492,18.41901,1.792467,-1.3,8.685189
2026-06-24 13:27:41.425,41.59332,True,21.51624,1.175303,-9.391575,-0.03829103,-0.1810623,0.01151334,0.9826585,-0.3567266,0.07108475,0.9315004,True,0.4244106,0.4747423,18.4175,1.792789,-1.3,8.686604
2026-06-24 13:27:41.473,41.64411,True,21.5183,1.175092,-9.393461,-0.03803918,-0.1814277,0.01155289,0.9826005,-0.3574209,0.0705626,0.931274,True,0.4235204,0.4734521,18.41205,1.788334,-1.3,8.690741
2026-06-24 13:27:41.515,41.68386,True,21.5191,1.175077,-9.394181,-0.03835136,-0.1813415,0.01158311,0.9826038,-0.3572622,0.07116739,0.9312888,True,0.4238397,0.4749829,18.414,1.793619,-1.3,8.691376
2026-06-24 13:27:41.557,41.72668,True,21.52031,1.174899,-9.394875,-0.03837329,-0.1814249,0.01176295,0.9825854,-0.3574338,0.07114188,0.9312249,True,0.4237143,0.4748949,18.41323,1.793315,-1.3,8.692717
2026-06-24 13:27:41.599,41.76932,True,21.52092,1.174702,-9.395541,-0.03835114,-0.1811914,0.0116274,0.982631,-0.3569805,0.07115646,0.9313977,True,0.4245113,0.4748559,18.41811,1.793181,-1.3,8.69182
2026-06-24 13:27:41.646,41.81582,True,21.5223,1.174496,-9.396852,-0.03807416,-0.1810887,0.01182733,0.9826583,-0.3567973,0.07054418,0.9315145,True,0.4249784,0.4732617,18.42097,1.787676,-1.3,8.692136
2026-06-24 13:27:41.692,41.86215,True,21.52364,1.174335,-9.39796,-0.03823358,-0.1807873,0.01171075,0.9827091,-0.3562181,0.07091066,0.9317083,True,0.4260554,0.4741248,18.42756,1.790656,-1.3,8.691518
2026-06-24 13:27:41.731,41.90351,True,21.52438,1.174249,-9.398483,-0.03821846,-0.1809393,0.01169224,0.9826819,-0.3565053,0.07088201,0.9316006,True,0.4256784,0.4740599,18.42525,1.790432,-1.3,8.693085
2026-06-24 13:27:41.779,41.94938,True,21.52504,1.174155,-9.39908,-0.03830001,-0.181083,0.011673,0.9826524,-0.3567775,0.07104363,0.9314841,True,0.4252974,0.474475,18.42292,1.791866,-1.3,8.694814
2026-06-24 13:27:41.822,41.99241,True,21.52567,1.17409,-9.399527,-0.03848713,-0.1810774,0.01185474,0.982644,-0.3567818,0.07134504,0.9314594,True,0.4253533,0.4752299,18.42326,1.794472,-1.3,8.695523
2026-06-24 13:27:41.867,42.03843,True,21.52693,1.173954,-9.40074,-0.0386393,-0.1813218,0.01179255,0.9825937,-0.3572426,0.07165696,0.9312589,True,0.4247194,0.4760422,18.41939,1.797277,-1.3,8.698698
2026-06-24 13:27:41.916,42.0861,True,21.52793,1.173837,-9.401763,-0.03876853,-0.1814176,0.01167753,0.9825723,-0.3574173,0.07194874,0.9311693,True,0.4245205,0.4767835,18.41817,1.799837,-1.3,8.700634
2026-06-24 13:27:41.961,42.13071,True,21.52812,1.173702,-9.402144,-0.03863625,-0.1814995,0.01164448,0.9825628,-0.357569,0.07169816,0.9311304,True,0.424291,0.4761291,18.41676,1.797577,-1.3,8.701406
2026-06-24 13:27:42.002,42.17274,True,21.52835,1.173687,-9.402483,-0.03858036,-0.1815582,0.01187917,0.9825513,-0.3576971,0.07150085,0.9310963,True,0.4241074,0.4756418,18.41564,1.795894,-1.3,8.702089
2026-06-24 13:27:42.044,42.21497,True,21.53008,1.173458,-9.404121,-0.03862467,-0.1817014,0.01178595,0.9825242,-0.3579625,0.07161629,0.9309855,True,0.4238493,0.4759244,18.41406,1.79687,-1.3,8.704885
2026-06-24 13:27:42.088,42.25947,True,21.53053,1.173436,-9.404384,-0.03868122,-0.1814987,0.01196525,0.9825573,-0.3575914,0.07166967,0.931124,True,0.4245102,0.4760314,18.41811,1.79724,-1.3,8.703873
2026-06-24 13:27:42.134,42.30614,True,21.53133,1.173352,-9.404903,-0.03860463,-0.1816114,0.01206206,0.9825383,-0.3578117,0.07147983,0.9310539,True,0.4242552,0.4755538,18.41654,1.795591,-1.3,8.705085
2026-06-24 13:27:42.179,42.34785,True,21.53264,1.173219,-9.40587,-0.03846882,-0.1819235,0.01234557,0.9824824,-0.358423,0.07109798,0.930848,True,0.4234267,0.4746135,18.41148,1.792344,-1.3,8.70805
2026-06-24 13:27:42.219,42.39145,True,21.5338,1.173032,-9.406874,-0.03831523,-0.1821289,0.01210091,0.9824534,-0.3587935,0.070878,0.9307221,True,0.4229562,0.4740509,18.4086,1.790401,-1.3,8.710305
2026-06-24 13:27:42.267,42.43739,True,21.53435,1.172936,-9.40731,-0.0384566,-0.1822182,0.01185053,0.9824343,-0.3589463,0.07124341,0.9306353,True,0.4227542,0.4749714,18.40736,1.793579,-1.3,8.711588
2026-06-24 13:27:42.312,42.4836,True,21.53465,1.172856,-9.407471,-0.03832234,-0.182262,0.0121229,0.9824281,-0.3590477,0.07087881,0.9306239,True,0.4226416,0.4740339,18.40667,1.790342,-1.3,8.711865
2026-06-24 13:27:42.355,42.52536,True,21.53578,1.172816,-9.408504,-0.03816514,-0.181993,0.01218801,0.9824833,-0.3585404,0.07055698,0.9308439,True,0.4236052,0.473191,18.41257,1.787432,-1.3,8.710917
2026-06-24 13:27:42.401,42.57091,True,21.53554,1.172823,-9.408289,-0.03780833,-0.1818676,0.01228358,0.9825191,-0.3583057,0.06982683,0.9309894,True,0.4239928,0.4713189,18.41494,1.780968,-1.3,8.709324
2026-06-24 13:27:42.442,42.61333,True,21.53525,1.172822,-9.408157,-0.03792949,-0.1819544,0.01240156,0.9824969,-0.35848,0.07001818,0.9309079,True,0.4236608,0.4718137,18.41291,1.782676,-1.3,8.709946
2026-06-24 13:27:42.486,42.65836,True,21.53573,1.172681,-9.408737,-0.03790031,-0.1824023,0.01255629,0.9824131,-0.3593406,0.06988692,0.9305859,True,0.4223006,0.4715153,18.40458,1.781646,-1.3,8.713582
2026-06-24 13:27:42.533,42.70317,True,21.53624,1.172584,-9.409122,-0.03796867,-0.1829382,0.01224454,0.9823147,-0.3603357,0.07011437,0.9301839,True,0.4207211,0.4721462,18.39492,1.783824,-1.3,8.717761
2026-06-24 13:27:42.576,42.74696,True,21.53707,1.172582,-9.409969,-0.03809149,-0.182973,0.01238965,0.9823016,-0.3604133,0.07030073,0.9301398,True,0.4206671,0.472643,18.39459,1.78554,-1.3,8.719087
2026-06-24 13:27:42.621,42.79132,True,21.53682,1.172696,-9.409437,-0.0382322,-0.1830214,0.01265158,0.9822838,-0.3605253,0.07047872,0.930083,True,0.4204701,0.4731246,18.39338,1.787203,-1.3,8.719048
2026-06-24 13:27:42.667,42.83665,True,21.53652,1.172719,-9.409151,-0.03789579,-0.1829074,0.01259125,0.9823188,-0.360301,0.06984544,0.9302176,True,0.4208323,0.4715006,18.3956,1.781595,-1.3,8.717477
2026-06-24 13:27:42.710,42.8811,True,21.53616,1.172739,-9.408707,-0.03782921,-0.1828544,0.01244535,0.9823331,-0.3601894,0.0697704,0.9302665,True,0.4209873,0.471298,18.39655,1.780896,-1.3,8.716542
2026-06-24 13:27:42.746,42.91628,True,21.53453,1.172945,-9.407259,-0.0376692,-0.1828035,0.01241405,0.9823492,-0.3600889,0.06946996,0.9303278,True,0.4209906,0.4705564,18.39657,1.778335,-1.3,8.714411
2026-06-24 13:27:42.793,42.96304,True,21.53423,1.17294,-9.406867,-0.0374115,-0.1829679,0.01235545,0.9823291,-0.3603939,0.0689795,0.9302462,True,0.420487,0.4693238,18.39349,1.774079,-1.3,8.714754
2026-06-24 13:27:42.834,43.00642,True,21.5341,1.17296,-9.406868,-0.0373413,-0.1831522,0.01229684,0.9822982,-0.3607385,0.0688562,0.9301218,True,0.4199051,0.4690418,18.38993,1.773105,-1.3,8.715921
2026-06-24 13:27:42.873,43.04311,True,21.5342,1.172947,-9.406837,-0.03711709,-0.1836048,0.01237263,0.9822212,-0.3615996,0.06837105,0.9298232,True,0.4185326,0.4678681,18.38153,1.769053,-1.3,8.718686
2026-06-24 13:27:42.917,43.08538,True,21.53327,1.173101,-9.405788,-0.03694842,-0.1840358,0.01238352,0.9821468,-0.3624155,0.06801952,0.9295313,True,0.4171213,0.4670568,18.37289,1.766252,-1.3,8.720296
2026-06-24 13:27:42.963,43.13382,True,21.53312,1.173137,-9.405411,-0.03666085,-0.1839815,0.01232513,0.9821685,-0.3623053,0.06747907,0.9296136,True,0.4173251,0.4656793,18.37414,1.761495,-1.3,8.719117
2026-06-24 13:27:43.008,43.17633,True,21.53255,1.173174,-9.404736,-0.03644035,-0.183971,0.01231233,0.9821788,-0.3622822,0.06705166,0.9296535,True,0.4173293,0.4645891,18.37417,1.757731,-1.3,8.718017
2026-06-24 13:27:43.050,43.22038,True,21.53391,1.173012,-9.405817,-0.03612803,-0.1838177,0.01223926,0.98222,-0.3619832,0.06647176,0.9298117,True,0.4179963,0.4630722,18.37825,1.752493,-1.3,8.717698
2026-06-24 13:27:43.092,43.26192,True,21.53451,1.17288,-9.406282,-0.03564557,-0.1836756,0.01218191,0.9822649,-0.3617046,0.06555174,0.9299853,True,0.4185582,0.4606895,18.38169,1.744266,-1.3,8.716569
2026-06-24 13:27:43.134,43.30202,True,21.53479,1.172821,-9.406492,-0.03537672,-0.1837995,0.01215645,0.9822518,-0.3619348,0.06502899,0.9299325,True,0.4182326,0.4593664,18.37969,1.739697,-1.3,8.717291
2026-06-24 13:27:43.178,43.34849,True,21.53425,1.172933,-9.405636,-0.03502121,-0.18405,0.01206809,0.9822187,-0.3623999,0.06435472,0.9297982,True,0.417463,0.4577028,18.37499,1.733953,-1.3,8.717628
2026-06-24 13:27:43.219,43.39059,True,21.53463,1.17285,-9.405823,-0.03497552,-0.1841817,0.01205483,0.9821958,-0.3626482,0.06426506,0.9297076,True,0.4171086,0.457472,18.37282,1.733157,-1.3,8.718679
2026-06-24 13:27:43.260,43.42992,True,21.53458,1.17281,-9.405842,-0.03451874,-0.1843246,0.01204543,0.9821852,-0.3629135,0.06336706,0.9296658,True,0.4166983,0.4552005,18.37031,1.725314,-1.3,8.719091
2026-06-24 13:27:43.302,43.47194,True,21.53548,1.17261,-9.40658,-0.03425936,-0.1847992,0.01196576,0.9821061,-0.3638048,0.06287014,0.9293511,True,0.4153528,0.4539559,18.36207,1.721016,-1.3,8.722839
2026-06-24 13:27:43.344,43.51373,True,21.5357,1.172565,-9.406467,-0.03424032,-0.1847648,0.01171789,0.9821162,-0.3637236,0.06292585,0.9293791,True,0.4155271,0.4540768,18.36314,1.721433,-1.3,8.722455
2026-06-24 13:27:43.380,43.54955,True,21.53591,1.172518,-9.406393,-0.0337632,-0.1846918,0.01170019,0.9821467,-0.3635789,0.06199898,0.929498,True,0.4158387,0.4517003,18.36505,1.713228,-1.3,8.72126
2026-06-24 13:27:43.439,43.60706,True,21.53591,1.172387,-9.406517,-0.03371866,-0.1849272,0.01170839,0.9821038,-0.3640251,0.06190005,0.9293299,True,0.4150999,0.4514432,18.36053,1.71234,-1.3,8.722969
2026-06-24 13:27:43.500,43.66954,True,21.53568,1.172452,-9.406221,-0.03292488,-0.1866979,0.01213701,0.9817905,-0.3673956,0.06011876,0.9281197,True,0.4095936,0.4471543,18.32684,1.697531,-1.3,8.734025
2026-06-24 13:27:43.535,43.70547,True,21.53553,1.172446,-9.406107,-0.0322186,-0.1875492,0.01211344,0.981652,-0.3689967,0.05871117,0.9275745,True,0.4069809,0.4436773,18.31085,1.685525,-1.3,8.739037
2026-06-24 13:27:43.600,43.76994,True,21.53554,1.172109,-9.406149,-0.03090739,-0.1893168,0.01164186,0.9813604,-0.3722957,0.05625458,0.9264078,True,0.4015984,0.4375422,18.27792,1.664342,-1.3,8.750087
2026-06-24 13:27:43.639,43.80726,True,21.53441,1.172071,-9.405029,-0.03032845,-0.190451,0.01191443,0.9811558,-0.374447,0.05497564,0.9256172,True,0.397954,0.4343898,18.25562,1.653457,-1.3,8.756351
2026-06-24 13:27:43.670,43.8407,True,21.53415,1.171894,-9.404839,-0.02941493,-0.1924167,0.01153247,0.9808046,-0.3781247,0.05326252,0.9242212,True,0.3918446,0.4301951,18.21824,1.638973,-1.3,8.769371
2026-06-24 13:27:43.732,43.90346,True,21.53044,1.171986,-9.401417,-0.02738502,-0.1955519,0.01018555,0.980258,-0.3839405,0.04970516,0.922019,True,0.3818204,0.4214349,18.1569,1.608725,-1.3,8.786605
2026-06-24 13:27:43.801,43.97021,True,21.52668,1.172247,-9.397644,-0.02766602,-0.1990311,0.009569978,0.9795558,-0.3904537,0.05039138,0.9192424,True,0.3704219,0.4235842,18.08716,1.616147,-1.3,8.809041
2026-06-24 13:27:43.834,44.00642,True,21.52342,1.172838,-9.394073,-0.02802318,-0.2011444,0.009199202,0.9791175,-0.3944035,0.05117524,0.9175113,True,0.3633819,0.425944,18.04408,1.624295,-1.3,8.821769
2026-06-24 13:27:43.877,44.047,True,21.52032,1.173339,-9.391001,-0.02801284,-0.2037478,0.008211801,0.9785882,-0.3992304,0.05147979,0.9154043,True,0.3548107,0.4271197,17.99164,1.628354,-1.3,8.838719
2026-06-24 13:27:43.933,44.10336,True,21.51716,1.173753,-9.386902,-0.02591949,-0.2104972,0.006635279,0.9772283,-0.4117516,0.04786509,0.9100382,True,0.3330013,0.4186469,17.8582,1.599098,-1.3,8.886332
2026-06-24 13:27:43.967,44.13807,True,21.51525,1.174151,-9.384064,-0.02469914,-0.215856,0.006536865,0.9760909,-0.421713,0.04539517,0.9055923,True,0.315432,0.4129377,17.7507,1.579386,-1.3,8.926825
2026-06-24 13:27:44.034,44.20519,True,21.51299,1.175363,-9.380362,-0.02611725,-0.231451,0.009183971,0.9724526,-0.45063,0.04654429,0.8914967,True,0.2627845,0.4181063,17.42857,1.597232,-1.3,9.063816
2026-06-24 13:27:44.068,44.23926,True,21.50986,1.176829,-9.377197,-0.02481426,-0.2419867,0.01117651,0.9698978,-0.4699593,0.04272547,0.8816534,True,0.2261423,0.4097142,17.20436,1.568255,-1.3,9.161421
2026-06-24 13:27:44.133,44.30297,True,21.49755,1.183609,-9.36598,-0.02722132,-0.2669523,0.02148016,0.9630857,-0.5153653,0.04096457,0.8559909,True,0.1341132,0.4101086,16.64127,1.569617,-1.3,9.422974
2026-06-24 13:27:44.176,44.34674,True,21.48901,1.188344,-9.358837,-0.02664969,-0.2820181,0.03142879,0.9585238,-0.5423173,0.03336176,0.8395112,True,0.07556933,0.3924366,16.28307,1.508598,-1.3,9.599441
2026-06-24 13:27:44.219,44.39095,True,21.48135,1.192703,-9.351341,-0.02518976,-0.3004148,0.03476125,0.9528421,-0.574247,0.02711814,0.8182328,True,0.00165391,0.3782298,15.8308,1.459544,-1.3,9.839913
2026-06-24 13:27:44.280,44.44637,True,21.46995,1.197895,-9.342833,-0.02753775,-0.3230565,0.03753625,0.9452339,-0.6127952,0.02780658,0.7897524,False,-1,-1,0,0,0,-1
2026-06-24 13:27:44.328,44.49953,True,21.45701,1.203968,-9.335006,-0.03567078,-0.3466051,0.0404732,0.9364585,-0.65205,0.03875198,0.757185,False,-1,-1,0,0,0,-1
2026-06-24 13:27:44.369,44.54051,True,21.44419,1.210084,-9.328579,-0.04650863,-0.3765371,0.045426,0.9241176,-0.7001545,0.05174973,0.7121134,False,-1,-1,0,0,0,-1
2026-06-24 13:27:44.412,44.58245,True,21.43259,1.216943,-9.32489,-0.06113751,-0.4077803,0.05352388,0.9094573,-0.7482622,0.06755195,0.6599549,False,-1,-1,0,0,0,-1
2026-06-24 13:27:44.452,44.62365,True,21.4207,1.223402,-9.322743,-0.07478491,-0.4336331,0.06246778,0.8958055,-0.786245,0.07980929,0.6127391,False,-1,-1,0,0,0,-1
2026-06-24 13:27:44.493,44.66487,True,21.40912,1.227679,-9.322842,-0.08094458,-0.4598566,0.06986991,0.8815317,-0.8220674,0.07845014,0.5639598,False,-1,-1,0,0,0,-1
2026-06-24 13:27:44.537,44.70702,True,21.39738,1.230343,-9.32431,-0.09147253,-0.4900348,0.08108846,0.8630894,-0.8607224,0.0784256,0.5029973,False,-1,-1,0,0,0,-1
2026-06-24 13:27:44.580,44.74962,True,21.38737,1.231909,-9.32839,-0.1012962,-0.5170965,0.09269528,0.8448419,-0.892509,0.07529377,0.4447005,False,-1,-1,0,0,0,-1
2026-06-24 13:27:44.622,44.79148,True,21.3749,1.229288,-9.333444,-0.1029159,-0.5498385,0.1062824,0.8220645,-0.9258817,0.05233073,0.3741719,False,-1,-1,0,0,0,-1
2026-06-24 13:27:44.664,44.83422,True,21.36293,1.226423,-9.342107,-0.101686,-0.5797926,0.1223493,0.7990814,-0.9514855,0.02063639,0.307001,False,-1,-1,0,0,0,-1
2026-06-24 13:27:44.709,44.87992,True,21.3513,1.225007,-9.350746,-0.1069546,-0.6096661,0.1432134,0.7722422,-0.9722544,-0.009434924,0.2337359,False,-1,-1,0,0,0,-1
2026-06-24 13:27:44.753,44.92358,True,21.34102,1.223809,-9.361176,-0.1169168,-0.6378542,0.1609385,0.7440237,-0.9867901,-0.03133295,0.1589451,False,-1,-1,0,0,0,-1
2026-06-24 13:27:44.797,44.96868,True,21.33199,1.224679,-9.372434,-0.1331608,-0.6600394,0.1792176,0.7172846,-0.9946018,-0.04555297,0.09323229,False,-1,-1,0,0,0,-1
2026-06-24 13:27:44.845,45.01513,True,21.32571,1.224567,-9.382799,-0.1435533,-0.6726401,0.2093019,0.6950831,-0.9951735,-0.08200676,0.05389557,False,-1,-1,0,0,0,-1
2026-06-24 13:27:44.886,45.05732,True,21.32088,1.22167,-9.393018,-0.1364642,-0.6813537,0.2331613,0.6802723,-0.9906485,-0.1320651,0.0342692,False,-1,-1,0,0,0,-1
2026-06-24 13:27:44.932,45.10181,True,21.31668,1.218302,-9.403044,-0.1243267,-0.6829173,0.2517145,0.6743935,-0.9836997,-0.1761101,0.03633366,False,-1,-1,0,0,0,-1
2026-06-24 13:27:44.975,45.14703,True,21.31145,1.217318,-9.411266,-0.1125884,-0.6868673,0.2707495,0.6650051,-0.9745071,-0.2221943,0.03107436,False,-1,-1,0,0,0,-1
2026-06-24 13:27:45.021,45.1904,True,21.30655,1.223931,-9.419029,-0.1098737,-0.6933942,0.2847932,0.6527059,-0.9677476,-0.2515176,0.01426438,False,-1,-1,0,0,0,-1
2026-06-24 13:27:45.063,45.23377,True,21.29948,1.231169,-9.425421,-0.1206984,-0.7005365,0.3093632,0.6316447,-0.9596595,-0.2809635,-0.01063908,False,-1,-1,0,0,0,-1
2026-06-24 13:27:45.109,45.27993,True,21.28837,1.234806,-9.43037,-0.1364784,-0.7161101,0.3278376,0.6009014,-0.9501086,-0.3055154,-0.06288009,False,-1,-1,0,0,0,-1
2026-06-24 13:27:45.156,45.32563,True,21.27763,1.237192,-9.43713,-0.1529083,-0.729889,0.3389788,0.573563,-0.94094,-0.3194287,-0.1122377,False,-1,-1,0,0,0,-1
2026-06-24 13:27:45.210,45.38133,True,21.26814,1.23994,-9.44615,-0.1630341,-0.7447678,0.3443294,0.547885,-0.9283692,-0.3342431,-0.1625186,False,-1,-1,0,0,0,-1
2026-06-24 13:27:45.254,45.42365,True,21.25846,1.24338,-9.453156,-0.1722593,-0.7559065,0.3546216,0.522662,-0.912341,-0.3560548,-0.2021359,False,-1,-1,0,0,0,-1
2026-06-24 13:27:45.299,45.46916,True,21.25235,1.245918,-9.462286,-0.1782213,-0.7647705,0.3652407,0.4999624,-0.8949004,-0.3804427,-0.2332735,False,-1,-1,0,0,0,-1
2026-06-24 13:27:45.344,45.51481,True,21.24503,1.247491,-9.469587,-0.1832839,-0.7716876,0.3754385,0.4795324,-0.8777219,-0.4036614,-0.2581894,False,-1,-1,0,0,0,-1
2026-06-24 13:27:45.388,45.55716,True,21.23887,1.247559,-9.47665,-0.1854964,-0.7769492,0.3849682,0.4623208,-0.86122,-0.4266838,-0.2761179,False,-1,-1,0,0,0,-1
2026-06-24 13:27:45.431,45.60197,True,21.23492,1.246453,-9.483644,-0.1859254,-0.7791802,0.3947189,0.4500077,-0.8480507,-0.4477786,-0.2833802,False,-1,-1,0,0,0,-1
2026-06-24 13:27:45.475,45.64792,True,21.23273,1.244962,-9.490003,-0.186002,-0.7776601,0.4061415,0.4423766,-0.8391235,-0.4671143,-0.278704,False,-1,-1,0,0,0,-1
2026-06-24 13:27:45.525,45.69458,True,21.23022,1.244676,-9.49367,-0.1843908,-0.7730891,0.4219791,0.4361961,-0.8300548,-0.4915937,-0.2633335,False,-1,-1,0,0,0,-1
2026-06-24 13:27:45.567,45.74059,True,21.22969,1.245172,-9.497504,-0.1825413,-0.7669143,0.4360406,0.4340389,-0.8249321,-0.5103514,-0.2429577,False,-1,-1,0,0,0,-1
2026-06-24 13:27:45.611,45.78218,True,21.22927,1.245855,-9.500563,-0.1814214,-0.760658,0.4447656,0.436657,-0.8256732,-0.5181911,-0.2230285,False,-1,-1,0,0,0,-1
2026-06-24 13:27:45.658,45.82308,True,21.22999,1.246203,-9.504793,-0.183254,-0.7549689,0.4460304,0.4444062,-0.8344994,-0.5105997,-0.2071203,False,-1,-1,0,0,0,-1
2026-06-24 13:27:45.694,45.86582,True,21.23171,1.246417,-9.508245,-0.1863744,-0.7521541,0.4415595,0.4522766,-0.844954,-0.495656,-0.2009424,False,-1,-1,0,0,0,-1
2026-06-24 13:27:45.738,45.90718,True,21.23163,1.246983,-9.50834,-0.1898302,-0.7494897,0.4364142,0.4601874,-0.8555006,-0.4794609,-0.1955405,False,-1,-1,0,0,0,-1
2026-06-24 13:27:45.782,45.95123,True,21.2335,1.247375,-9.509394,-0.1934626,-0.7461993,0.425944,0.4736356,-0.8716615,-0.4524165,-0.1884822,False,-1,-1,0,0,0,-1
2026-06-24 13:27:45.820,45.99162,True,21.23754,1.247132,-9.511224,-0.1988265,-0.7421846,0.4119712,0.4898059,-0.8908743,-0.4167446,-0.18074,False,-1,-1,0,0,0,-1
2026-06-24 13:27:45.862,46.03241,True,21.23983,1.247731,-9.510174,-0.2025267,-0.7376317,0.4079467,0.4984596,-0.9005994,-0.399926,-0.1702352,False,-1,-1,0,0,0,-1
2026-06-24 13:27:45.901,46.07238,True,21.2436,1.248866,-9.508343,-0.2066913,-0.7307931,0.4068885,0.5076042,-0.9101079,-0.3848678,-0.1535596,False,-1,-1,0,0,0,-1
2026-06-24 13:27:45.936,46.10864,True,21.24938,1.249171,-9.510042,-0.2087036,-0.7269461,0.4073296,0.5119324,-0.9143169,-0.378529,-0.1440155,False,-1,-1,0,0,0,-1
2026-06-24 13:27:45.980,46.15078,True,21.2542,1.249676,-9.509953,-0.2108466,-0.7246957,0.4072199,0.5143266,-0.9171824,-0.373333,-0.1392803,False,-1,-1,0,0,0,-1
2026-06-24 13:27:46.021,46.19136,True,21.2604,1.25001,-9.512016,-0.213342,-0.7248706,0.406522,0.5136026,-0.9180473,-0.3702057,-0.1419045,False,-1,-1,0,0,0,-1
2026-06-24 13:27:46.066,46.23618,True,21.26202,1.251436,-9.510198,-0.2174521,-0.7272926,0.4041691,0.5103013,-0.9180515,-0.3659662,-0.1524798,False,-1,-1,0,0,0,-1
2026-06-24 13:27:46.107,46.27784,True,21.26123,1.252165,-9.507193,-0.2209895,-0.7305724,0.400039,0.5073426,-0.9181098,-0.36028,-0.1651448,False,-1,-1,0,0,0,-1
2026-06-24 13:27:46.150,46.32178,True,21.26415,1.252291,-9.50771,-0.2243067,-0.7347506,0.3944773,0.5041981,-0.9178874,-0.3534949,-0.1803439,False,-1,-1,0,0,0,-1
2026-06-24 13:27:46.189,46.3598,True,21.26402,1.251782,-9.50563,-0.2250606,-0.7397346,0.3892815,0.5006001,-0.9158462,-0.3505993,-0.195719,False,-1,-1,0,0,0,-1
2026-06-24 13:27:46.229,46.39957,True,21.26669,1.250003,-9.506918,-0.2239185,-0.7442427,0.3856447,0.4972339,-0.9128312,-0.3513467,-0.2080735,False,-1,-1,0,0,0,-1
2026-06-24 13:27:46.270,46.44107,True,21.26613,1.247287,-9.505095,-0.2226842,-0.7529346,0.3789181,0.4898187,-0.906361,-0.3524513,-0.2329976,False,-1,-1,0,0,0,-1
2026-06-24 13:27:46.315,46.48759,True,21.26574,1.246417,-9.505216,-0.2252534,-0.7601776,0.3725045,0.4823188,-0.9011116,-0.3490513,-0.2572179,False,-1,-1,0,0,0,-1
2026-06-24 13:27:46.353,46.52372,True,21.2649,1.246875,-9.505278,-0.2308905,-0.7654877,0.369826,0.4732303,-0.8952825,-0.3476658,-0.2785638,False,-1,-1,0,0,0,-1
2026-06-24 13:27:46.390,46.56748,True,21.26495,1.247077,-9.507019,-0.2373142,-0.7691522,0.3708361,0.4632143,-0.8885739,-0.350604,-0.2958264,False,-1,-1,0,0,0,-1
2026-06-24 13:27:46.428,46.60602,True,21.26344,1.246904,-9.50786,-0.2425834,-0.773193,0.369975,0.4543616,-0.8821179,-0.351683,-0.3133483,False,-1,-1,0,0,0,-1
2026-06-24 13:27:46.472,46.65004,True,21.26183,1.246864,-9.508621,-0.2464171,-0.7771237,0.3669572,0.4479954,-0.8771446,-0.3495549,-0.3292852,False,-1,-1,0,0,0,-1
2026-06-24 13:27:46.520,46.69896,True,21.26121,1.246579,-9.509485,-0.2464619,-0.780414,0.3654051,0.4434969,-0.8723394,-0.3517244,-0.3395791,False,-1,-1,0,0,0,-1
2026-06-24 13:27:46.561,46.73925,True,21.26095,1.245927,-9.510449,-0.2445833,-0.7832111,0.3642965,0.4405082,-0.8682234,-0.3551602,-0.3464813,False,-1,-1,0,0,0,-1
2026-06-24 13:27:46.604,46.78365,True,21.26299,1.245331,-9.513014,-0.2415438,-0.7846528,0.3648606,0.4391508,-0.8654213,-0.3604295,-0.3480467,False,-1,-1,0,0,0,-1
2026-06-24 13:27:46.649,46.82814,True,21.26498,1.245009,-9.514849,-0.2402705,-0.7842853,0.3670123,0.4387125,-0.864516,-0.3648653,-0.3456667,False,-1,-1,0,0,0,-1
2026-06-24 13:27:46.694,46.87247,True,21.26756,1.245054,-9.517126,-0.2417844,-0.7825437,0.3693877,0.438997,-0.8656931,-0.3658388,-0.3416688,False,-1,-1,0,0,0,-1
2026-06-24 13:27:46.739,46.91678,True,21.26808,1.245219,-9.516747,-0.2433333,-0.7808133,0.3691272,0.4414348,-0.8689981,-0.3616073,-0.337761,False,-1,-1,0,0,0,-1
2026-06-24 13:27:46.783,46.96112,True,21.27039,1.245047,-9.517933,-0.243457,-0.778882,0.3685169,0.4452716,-0.8730642,-0.3572533,-0.3318571,False,-1,-1,0,0,0,-1
2026-06-24 13:27:46.821,46.99926,True,21.27325,1.244709,-9.519386,-0.243271,-0.7776009,0.3673348,0.4485769,-0.8763513,-0.3530283,-0.327688,False,-1,-1,0,0,0,-1
2026-06-24 13:27:46.861,47.03872,True,21.27714,1.244337,-9.521487,-0.2428305,-0.7759416,0.3661513,0.4526381,-0.8802668,-0.3483954,-0.3221041,False,-1,-1,0,0,0,-1
2026-06-24 13:27:46.894,47.07209,True,21.2797,1.244045,-9.522938,-0.2426892,-0.7749715,0.3652957,0.4550608,-0.8826248,-0.3453108,-0.3189577,False,-1,-1,0,0,0,-1
2026-06-24 13:27:46.938,47.11673,True,21.28314,1.243807,-9.525531,-0.2433451,-0.773899,0.364928,0.4568273,-0.8846831,-0.3425016,-0.316273,False,-1,-1,0,0,0,-1
2026-06-24 13:27:46.971,47.15041,True,21.28417,1.243822,-9.526236,-0.2437423,-0.7734616,0.3652708,0.4570822,-0.8851348,-0.3422253,-0.3153064,False,-1,-1,0,0,0,-1
2026-06-24 13:27:47.015,47.19388,True,21.28721,1.243603,-9.52945,-0.2436618,-0.7733896,0.3660671,0.4566095,-0.8846673,-0.3437084,-0.3150052,False,-1,-1,0,0,0,-1
2026-06-24 13:27:47.050,47.22766,True,21.28852,1.243382,-9.531267,-0.2432985,-0.7741256,0.3665942,0.4551309,-0.8830405,-0.3461146,-0.3169293,False,-1,-1,0,0,0,-1
2026-06-24 13:27:47.093,47.27205,True,21.29042,1.24301,-9.534176,-0.242882,-0.775208,0.3675551,0.4527297,-0.8804644,-0.3499435,-0.3198782,False,-1,-1,0,0,0,-1
2026-06-24 13:27:47.127,47.30565,True,21.29271,1.242682,-9.537509,-0.2428372,-0.7761898,0.3676738,0.4509717,-0.878649,-0.3517439,-0.3228811,False,-1,-1,0,0,0,-1
2026-06-24 13:27:47.161,47.33958,True,21.29303,1.242578,-9.538597,-0.2426727,-0.7767256,0.3679117,0.4499425,-0.877528,-0.3531553,-0.3243855,False,-1,-1,0,0,0,-1
2026-06-24 13:27:47.205,47.3828,True,21.2933,1.242405,-9.540133,-0.2421766,-0.7777655,0.3683256,0.4480711,-0.8753881,-0.3559173,-0.3271371,False,-1,-1,0,0,0,-1
2026-06-24 13:27:47.240,47.41818,True,21.29516,1.242046,-9.542665,-0.2416397,-0.7784166,0.3684825,0.4471001,-0.8741403,-0.3575915,-0.3286444,False,-1,-1,0,0,0,-1
2026-06-24 13:27:47.283,47.46122,True,21.29658,1.241594,-9.544869,-0.2409615,-0.7790328,0.3689952,0.4459687,-0.8726757,-0.3599961,-0.329909,False,-1,-1,0,0,0,-1
2026-06-24 13:27:47.317,47.49547,True,21.29748,1.241475,-9.546194,-0.2404763,-0.7793167,0.3697232,0.4451308,-0.8716151,-0.3621762,-0.3303265,False,-1,-1,0,0,0,-1
2026-06-24 13:27:47.361,47.53967,True,21.29753,1.241417,-9.546848,-0.2394208,-0.780116,0.3706718,0.4435078,-0.869468,-0.3659641,-0.3318067,False,-1,-1,0,0,0,-1
2026-06-24 13:27:47.405,47.5834,True,21.29843,1.241249,-9.548185,-0.2386508,-0.7811537,0.3711403,0.4417007,-0.8672181,-0.3690108,-0.3343108,False,-1,-1,0,0,0,-1
2026-06-24 13:27:47.450,47.62803,True,21.29408,1.241698,-9.544647,-0.2391197,-0.7820639,0.371069,0.4398929,-0.8655084,-0.3700251,-0.3376043,False,-1,-1,0,0,0,-1
2026-06-24 13:27:47.483,47.66166,True,21.29189,1.241931,-9.543076,-0.2399113,-0.7826307,0.3705239,0.4389122,-0.8647979,-0.3693668,-0.3401364,False,-1,-1,0,0,0,-1
2026-06-24 13:27:47.528,47.70584,True,21.2926,1.241881,-9.544106,-0.2408375,-0.7831687,0.3701184,0.4377858,-0.863997,-0.3688599,-0.3427119,False,-1,-1,0,0,0,-1
2026-06-24 13:27:47.561,47.73918,True,21.29249,1.242023,-9.544245,-0.2416594,-0.7832183,0.3700766,0.4372794,-0.8638353,-0.3683561,-0.3436602,False,-1,-1,0,0,0,-1
2026-06-24 13:27:47.598,47.77586,True,21.29182,1.242203,-9.543769,-0.2419222,-0.7831669,0.3702785,0.437055,-0.8637312,-0.3685131,-0.3437535,False,-1,-1,0,0,0,-1
2026-06-24 13:27:47.637,47.81617,True,21.29053,1.242386,-9.542473,-0.2416912,-0.7830435,0.3705233,0.4371964,-0.8637921,-0.3689386,-0.3431436,False,-1,-1,0,0,0,-1
2026-06-24 13:27:47.672,47.85009,True,21.29124,1.24235,-9.5432,-0.241489,-0.782755,0.3707256,0.4376531,-0.8642026,-0.3689978,-0.3420446,False,-1,-1,0,0,0,-1
2026-06-24 13:27:47.721,47.89907,True,21.2911,1.242364,-9.543205,-0.2411428,-0.7824535,0.371023,0.4381309,-0.8645731,-0.3693122,-0.3407666,False,-1,-1,0,0,0,-1
2026-06-24 13:27:47.761,47.93904,True,21.28771,1.242761,-9.540056,-0.2412147,-0.7821579,0.3712773,0.4384035,-0.8649166,-0.3692962,-0.3399111,False,-1,-1,0,0,0,-1
2026-06-24 13:27:47.805,47.9834,True,21.28637,1.242899,-9.539295,-0.241217,-0.7818984,0.3713527,0.4388011,-0.865349,-0.3690275,-0.3391015,False,-1,-1,0,0,0,-1
2026-06-24 13:27:47.849,48.02699,True,21.28437,1.242946,-9.538088,-0.2408025,-0.7817361,0.3715355,0.439163,-0.8655525,-0.3693824,-0.3381945,False,-1,-1,0,0,0,-1
2026-06-24 13:27:47.887,48.06469,True,21.28119,1.243135,-9.535999,-0.239826,-0.7817153,0.3714286,0.4398243,-0.8657913,-0.3697403,-0.3371908,False,-1,-1,0,0,0,-1
2026-06-24 13:27:47.926,48.10429,True,21.27914,1.242951,-9.535265,-0.2380231,-0.7819478,0.3706848,0.4410164,-0.8661666,-0.3697682,-0.3361946,False,-1,-1,0,0,0,-1
2026-06-24 13:27:47.971,48.14908,True,21.27353,1.243098,-9.53195,-0.235946,-0.7822822,0.3707323,0.4414993,-0.8656997,-0.3716946,-0.3352719,False,-1,-1,0,0,0,-1
2026-06-24 13:27:48.004,48.1827,True,21.27251,1.24292,-9.532749,-0.2346556,-0.782491,0.3711213,0.4414901,-0.8650954,-0.3736021,-0.3347109,False,-1,-1,0,0,0,-1
2026-06-24 13:27:48.048,48.22564,True,21.27104,1.242807,-9.534094,-0.2334738,-0.7828215,0.3720796,0.4407236,-0.8637575,-0.376749,-0.334639,False,-1,-1,0,0,0,-1
2026-06-24 13:27:48.081,48.25905,True,21.26978,1.242781,-9.535109,-0.2327003,-0.7832288,0.3731149,0.4395322,-0.8621563,-0.37991,-0.3351935,False,-1,-1,0,0,0,-1
2026-06-24 13:27:48.114,48.29265,True,21.2694,1.24282,-9.536839,-0.2322848,-0.7835841,0.3742088,0.4381867,-0.8605583,-0.3828799,-0.3359203,False,-1,-1,0,0,0,-1
2026-06-24 13:27:48.158,48.33664,True,21.27045,1.242921,-9.540255,-0.2321445,-0.7837339,0.3754923,0.4368933,-0.859153,-0.3857272,-0.3362598,False,-1,-1,0,0,0,-1
2026-06-24 13:27:48.192,48.37023,True,21.26982,1.242628,-9.541096,-0.2320153,-0.7836172,0.3759682,0.4367619,-0.8589689,-0.3865595,-0.335774,False,-1,-1,0,0,0,-1
2026-06-24 13:27:48.236,48.41474,True,21.27015,1.241726,-9.542768,-0.230138,-0.7837161,0.3754689,0.4380054,-0.8593631,-0.3869187,-0.3343488,False,-1,-1,0,0,0,-1
2026-06-24 13:27:48.270,48.44808,True,21.26888,1.241014,-9.542219,-0.2276255,-0.7843702,0.3733801,0.4399287,-0.8601156,-0.3854586,-0.3341001,False,-1,-1,0,0,0,-1
2026-06-24 13:27:48.314,48.49215,True,21.26714,1.239884,-9.541706,-0.2238984,-0.7865677,0.3693717,0.4412996,-0.8596275,-0.383459,-0.3376386,False,-1,-1,0,0,0,-1
2026-06-24 13:27:48.359,48.53714,True,21.26746,1.238985,-9.544243,-0.223708,-0.7893661,0.3663615,0.4389023,-0.8568251,-0.3820149,-0.3462881,False,-1,-1,0,0,0,-1
2026-06-24 13:27:48.392,48.57063,True,21.26743,1.238633,-9.546133,-0.2255966,-0.7915338,0.3658826,0.4344082,-0.8527811,-0.3832148,-0.354839,False,-1,-1,0,0,0,-1
2026-06-24 13:27:48.426,48.60434,True,21.26643,1.23862,-9.547106,-0.2284397,-0.7940537,0.3659477,0.4282247,-0.8472606,-0.3855172,-0.3654121,False,-1,-1,0,0,0,-1
2026-06-24 13:27:48.460,48.6386,True,21.26736,1.238571,-9.550851,-0.232566,-0.796936,0.3652098,0.421222,-0.8412446,-0.3861737,-0.3783877,False,-1,-1,0,0,0,-1
2026-06-24 13:27:48.494,48.67222,True,21.26984,1.238222,-9.556351,-0.2378288,-0.7998154,0.3642108,0.4136222,-0.8348825,-0.3858603,-0.3925342,False,-1,-1,0,0,0,-1
2026-06-24 13:27:48.538,48.7162,True,21.27042,1.2379,-9.560997,-0.2461719,-0.8027329,0.3634929,0.403599,-0.826928,-0.384866,-0.4099615,False,-1,-1,0,0,0,-1
2026-06-24 13:27:48.571,48.74995,True,21.26922,1.238563,-9.562359,-0.2526786,-0.8036779,0.3632437,0.3978813,-0.8231045,-0.3827895,-0.4194891,False,-1,-1,0,0,0,-1
2026-06-24 13:27:48.620,48.79846,True,21.27198,1.238746,-9.567684,-0.2588161,-0.8031731,0.3646392,0.3936566,-0.8210979,-0.3819673,-0.4241455,False,-1,-1,0,0,0,-1
