RealTime,UnityTime,GazeValid,GazeOriginX,GazeOriginY,GazeOriginZ,GazeRotX,GazeRotY,GazeRotZ,GazeRotW,GazeDirX,GazeDirY,GazeDirZ,HitPainting,ImageX,ImageY,HitPointX,HitPointY,HitPointZ,HitDistance
2026-08-21 14:25:55.171,17.53428,False,18.79643,1.115229,-8.603271,0,0,0,1,0,0,1,False,-1,-1,0,0,0,-1
2026-08-21 14:25:55.186,17.5889,False,18.79659,1.115204,-8.603355,0,0,0,1,0,0,1,False,-1,-1,0,0,0,-1
2026-08-21 14:25:55.223,17.63095,False,18.79655,1.115157,-8.603393,0,0,0,1,0,0,1,False,-1,-1,0,0,0,-1
2026-08-21 14:25:55.259,17.66743,False,18.79639,1.115149,-8.60336,0,0,0,1,0,0,1,False,-1,-1,0,0,0,-1
2026-08-21 14:25:55.303,17.71215,False,18.79599,1.115049,-8.603248,0,0,0,1,0,0,1,False,-1,-1,0,0,0,-1
2026-08-21 14:25:55.347,17.75625,False,18.79577,1.114955,-8.603172,0,0,0,1,0,0,1,False,-1,-1,0,0,0,-1
2026-08-21 14:25:55.396,17.80398,False,18.79547,1.114922,-8.602899,0,0,0,1,0,0,1,False,-1,-1,0,0,0,-1
2026-08-21 14:25:55.437,17.8452,False,18.79573,1.114961,-8.602535,0,0,0,1,0,0,1,False,-1,-1,0,0,0,-1
2026-08-21 14:25:55.483,17.8913,False,18.79635,1.115259,-8.601836,0,0,0,1,0,0,1,False,-1,-1,0,0,0,-1
2026-08-21 14:25:55.525,17.93454,False,18.7984,1.115789,-8.599416,0,0,0,1,0,0,1,False,-1,-1,0,0,0,-1
2026-08-21 14:25:55.570,17.97857,False,18.80146,1.116701,-8.596144,0,0,0,1,0,0,1,False,-1,-1,0,0,0,-1
2026-08-21 14:25:55.605,18.01458,False,18.80495,1.117424,-8.592396,0,0,0,1,0,0,1,False,-1,-1,0,0,0,-1
2026-08-21 14:25:55.648,18.05619,False,18.81131,1.118457,-8.586982,0,0,0,1,0,0,1,False,-1,-1,0,0,0,-1
2026-08-21 14:25:55.699,18.10694,False,18.8209,1.120042,-8.580063,0,0,0,1,0,0,1,False,-1,-1,0,0,0,-1
2026-08-21 14:25:55.739,18.14811,False,18.82703,1.120876,-8.576418,0,0,0,1,0,0,1,False,-1,-1,0,0,0,-1
2026-08-21 14:25:55.782,18.18969,False,18.83488,1.122038,-8.572285,0,0,0,1,0,0,1,False,-1,-1,0,0,0,-1
2026-08-21 14:25:55.815,18.22315,False,18.84093,1.123146,-8.569277,0,0,0,1,0,0,1,False,-1,-1,0,0,0,-1
2026-08-21 14:25:55.849,18.25744,False,18.84772,1.123981,-8.566146,0,0,0,1,0,0,1,False,-1,-1,0,0,0,-1
2026-08-21 14:25:55.892,18.30071,False,18.85647,1.124487,-8.562798,0,0,0,1,0,0,1,False,-1,-1,0,0,0,-1
2026-08-21 14:25:55.925,18.33422,False,18.86333,1.124339,-8.560841,0,0,0,1,0,0,1,False,-1,-1,0,0,0,-1
2026-08-21 14:25:55.960,18.36763,False,18.87106,1.123619,-8.559136,0,0,0,1,0,0,1,False,-1,-1,0,0,0,-1
2026-08-21 14:25:55.993,18.40109,False,18.87967,1.122103,-8.557905,0,0,0,1,0,0,1,False,-1,-1,0,0,0,-1
2026-08-21 14:25:56.025,18.43473,False,18.88738,1.120753,-8.557425,0,0,0,1,0,0,1,False,-1,-1,0,0,0,-1
2026-08-21 14:25:56.069,18.47851,False,18.89645,1.120094,-8.557536,0,0,0,1,0,0,1,False,-1,-1,0,0,0,-1
2026-08-21 14:25:56.104,18.51211,False,18.90275,1.118588,-8.55837,0,0,0,1,0,0,1,False,-1,-1,0,0,0,-1
2026-08-21 14:25:56.148,18.55708,False,18.90968,1.115929,-8.56006,0,0,0,1,0,0,1,False,-1,-1,0,0,0,-1
2026-08-21 14:25:56.192,18.60052,False,18.91456,1.114166,-8.561132,0,0,0,1,0,0,1,False,-1,-1,0,0,0,-1
2026-08-21 14:25:56.225,18.63392,False,18.91736,1.113282,-8.561751,0,0,0,1,0,0,1,False,-1,-1,0,0,0,-1
2026-08-21 14:25:56.259,18.66737,False,18.91918,1.1128,-8.562442,0,0,0,1,0,0,1,False,-1,-1,0,0,0,-1
2026-08-21 14:25:56.304,18.71214,False,18.92005,1.1124,-8.563347,0,0,0,1,0,0,1,False,-1,-1,0,0,0,-1
2026-08-21 14:25:56.348,18.75612,False,18.92061,1.112203,-8.564545,0,0,0,1,0,0,1,False,-1,-1,0,0,0,-1
2026-08-21 14:25:56.380,18.78948,False,18.92072,1.111952,-8.565314,0,0,0,1,0,0,1,False,-1,-1,0,0,0,-1
2026-08-21 14:25:56.415,18.82315,False,18.92023,1.11137,-8.565584,0,0,0,1,0,0,1,False,-1,-1,0,0,0,-1
2026-08-21 14:25:56.459,18.86759,False,18.91885,1.110576,-8.565767,0,0,0,1,0,0,1,False,-1,-1,0,0,0,-1
2026-08-21 14:25:56.504,18.91216,False,18.91644,1.109363,-8.565695,0,0,0,1,0,0,1,False,-1,-1,0,0,0,-1
2026-08-21 14:25:56.538,18.94618,False,18.91457,1.108308,-8.565595,0,0,0,1,0,0,1,False,-1,-1,0,0,0,-1
2026-08-21 14:25:56.581,18.98998,False,18.91201,1.107546,-8.564974,0,0,0,1,0,0,1,False,-1,-1,0,0,0,-1
2026-08-21 14:25:56.626,19.03455,False,18.91043,1.106902,-8.564186,0,0,0,1,0,0,1,False,-1,-1,0,0,0,-1
2026-08-21 14:25:56.670,19.07818,False,18.90961,1.106715,-8.56314,0,0,0,1,0,0,1,False,-1,-1,0,0,0,-1
2026-08-21 14:25:56.705,19.11389,False,18.90888,1.106775,-8.56194,0,0,0,1,0,0,1,False,-1,-1,0,0,0,-1
2026-08-21 14:25:56.749,19.15679,False,18.9089,1.1069,-8.560834,0,0,0,1,0,0,1,False,-1,-1,0,0,0,-1
2026-08-21 14:25:56.783,19.19048,False,18.90946,1.106456,-8.560359,0,0,0,1,0,0,1,False,-1,-1,0,0,0,-1
2026-08-21 14:25:56.826,19.23474,False,18.91077,1.10689,-8.559798,0,0,0,1,0,0,1,False,-1,-1,0,0,0,-1
2026-08-21 14:25:56.876,19.2789,False,18.91214,1.107947,-8.559375,0,0,0,1,0,0,1,False,-1,-1,0,0,0,-1
2026-08-21 14:25:56.904,19.31243,False,18.91288,1.108645,-8.559264,0,0,0,1,0,0,1,False,-1,-1,0,0,0,-1
2026-08-21 14:25:56.949,19.35713,False,18.91333,1.108741,-8.559211,0,0,0,1,0,0,1,False,-1,-1,0,0,0,-1
2026-08-21 14:25:56.992,19.40068,False,18.91339,1.108294,-8.558967,0,0,0,1,0,0,1,False,-1,-1,0,0,0,-1
2026-08-21 14:25:57.025,19.43405,False,18.91331,1.108007,-8.558472,0,0,0,1,0,0,1,False,-1,-1,0,0,0,-1
2026-08-21 14:25:57.060,19.46881,False,18.91324,1.106281,-8.558878,0,0,0,1,0,0,1,False,-1,-1,0,0,0,-1
2026-08-21 14:25:57.104,19.51195,False,18.91355,1.106379,-8.55803,0,0,0,1,0,0,1,False,-1,-1,0,0,0,-1
2026-08-21 14:25:57.148,19.55639,False,18.91342,1.106948,-8.557652,0,0,0,1,0,0,1,False,-1,-1,0,0,0,-1
2026-08-21 14:25:57.181,19.58976,False,18.91346,1.107478,-8.557743,0,0,0,1,0,0,1,False,-1,-1,0,0,0,-1
2026-08-21 14:25:57.215,19.6232,False,18.91346,1.107916,-8.557991,0,0,0,1,0,0,1,False,-1,-1,0,0,0,-1
2026-08-21 14:25:57.248,19.65697,False,18.91339,1.108023,-8.558274,0,0,0,1,0,0,1,False,-1,-1,0,0,0,-1
2026-08-21 14:25:57.292,19.70048,False,18.9133,1.108148,-8.558538,0,0,0,1,0,0,1,False,-1,-1,0,0,0,-1
2026-08-21 14:25:57.326,19.73438,False,18.91341,1.10819,-8.558772,0,0,0,1,0,0,1,False,-1,-1,0,0,0,-1
2026-08-21 14:25:57.370,19.77851,False,18.91363,1.108138,-8.559155,0,0,0,1,0,0,1,False,-1,-1,0,0,0,-1
2026-08-21 14:25:57.403,19.8119,False,18.91395,1.108518,-8.559393,0,0,0,1,0,0,1,False,-1,-1,0,0,0,-1
2026-08-21 14:25:57.437,19.84542,False,18.91409,1.108427,-8.559682,0,0,0,1,0,0,1,False,-1,-1,0,0,0,-1
2026-08-21 14:25:57.481,19.8897,False,18.91402,1.10813,-8.559953,0,0,0,1,0,0,1,False,-1,-1,0,0,0,-1
2026-08-21 14:25:57.526,19.9344,False,18.91384,1.107908,-8.560162,0,0,0,1,0,0,1,False,-1,-1,0,0,0,-1
2026-08-21 14:25:57.559,19.96797,False,18.91384,1.107684,-8.560318,0,0,0,1,0,0,1,False,-1,-1,0,0,0,-1
2026-08-21 14:25:57.603,20.01176,False,18.9139,1.107767,-8.560376,0,0,0,1,0,0,1,False,-1,-1,0,0,0,-1
2026-08-21 14:25:57.636,20.04529,False,18.91402,1.107733,-8.560464,0,0,0,1,0,0,1,False,-1,-1,0,0,0,-1
2026-08-21 14:25:57.671,20.07899,False,18.91422,1.107737,-8.560503,0,0,0,1,0,0,1,False,-1,-1,0,0,0,-1
2026-08-21 14:25:57.716,20.1237,False,18.91451,1.107543,-8.560549,0,0,0,1,0,0,1,False,-1,-1,0,0,0,-1
2026-08-21 14:25:57.760,20.16789,False,18.91487,1.107379,-8.560446,0,0,0,1,0,0,1,False,-1,-1,0,0,0,-1
2026-08-21 14:25:57.804,20.2126,False,18.91526,1.107115,-8.560448,0,0,0,1,0,0,1,False,-1,-1,0,0,0,-1
2026-08-21 14:25:57.847,20.25628,False,18.91558,1.106854,-8.560412,0,0,0,1,0,0,1,False,-1,-1,0,0,0,-1
2026-08-21 14:25:57.893,20.30123,False,18.91578,1.106775,-8.560417,0,0,0,1,0,0,1,False,-1,-1,0,0,0,-1
2026-08-21 14:25:57.937,20.34532,False,18.91579,1.106684,-8.560448,0,0,0,1,0,0,1,False,-1,-1,0,0,0,-1
2026-08-21 14:25:57.971,20.37932,False,18.91566,1.106754,-8.560381,0,0,0,1,0,0,1,False,-1,-1,0,0,0,-1
2026-08-21 14:25:58.015,20.42303,False,18.9156,1.106707,-8.560417,0,0,0,1,0,0,1,False,-1,-1,0,0,0,-1
2026-08-21 14:25:58.058,20.46721,False,18.91544,1.106503,-8.560444,0,0,0,1,0,0,1,False,-1,-1,0,0,0,-1
2026-08-21 14:25:58.094,20.50236,False,18.91538,1.106316,-8.560516,0,0,0,1,0,0,1,False,-1,-1,0,0,0,-1
2026-08-21 14:25:58.137,20.54523,False,18.9155,1.106389,-8.560537,0,0,0,1,0,0,1,False,-1,-1,0,0,0,-1
2026-08-21 14:25:58.171,20.57901,False,18.91557,1.106513,-8.560574,0,0,0,1,0,0,1,False,-1,-1,0,0,0,-1
2026-08-21 14:25:58.204,20.61246,False,18.91549,1.106686,-8.560546,0,0,0,1,0,0,1,False,-1,-1,0,0,0,-1
2026-08-21 14:25:58.247,20.65624,False,18.91522,1.10667,-8.560442,0,0,0,1,0,0,1,False,-1,-1,0,0,0,-1
2026-08-21 14:25:58.281,20.68968,False,18.91479,1.10656,-8.560252,0,0,0,1,0,0,1,False,-1,-1,0,0,0,-1
2026-08-21 14:25:58.315,20.72324,False,18.91439,1.106619,-8.559977,0,0,0,1,0,0,1,False,-1,-1,0,0,0,-1
2026-08-21 14:25:58.359,20.76751,False,18.91388,1.106787,-8.559713,0,0,0,1,0,0,1,False,-1,-1,0,0,0,-1
2026-08-21 14:25:58.393,20.80088,False,18.9136,1.107116,-8.55956,0,0,0,1,0,0,1,False,-1,-1,0,0,0,-1
2026-08-21 14:25:58.426,20.83433,False,18.9134,1.107381,-8.559514,0,0,0,1,0,0,1,False,-1,-1,0,0,0,-1
2026-08-21 14:25:58.470,20.87851,False,18.91342,1.107704,-8.559751,0,0,0,1,0,0,1,False,-1,-1,0,0,0,-1
2026-08-21 14:25:58.504,20.91209,False,18.91348,1.107936,-8.55988,0,0,0,1,0,0,1,False,-1,-1,0,0,0,-1
2026-08-21 14:25:58.549,20.95667,False,18.91365,1.108173,-8.560143,0,0,0,1,0,0,1,False,-1,-1,0,0,0,-1
2026-08-21 14:25:58.593,21.00109,False,18.91371,1.108481,-8.560351,0,0,0,1,0,0,1,False,-1,-1,0,0,0,-1
2026-08-21 14:25:58.636,21.04506,False,18.91352,1.108598,-8.560496,0,0,0,1,0,0,1,False,-1,-1,0,0,0,-1
2026-08-21 14:25:58.671,21.07893,False,18.9133,1.108686,-8.560573,0,0,0,1,0,0,1,False,-1,-1,0,0,0,-1
2026-08-21 14:25:58.704,21.11305,False,18.91297,1.108814,-8.560552,0,0,0,1,0,0,1,False,-1,-1,0,0,0,-1
2026-08-21 14:25:58.748,21.15673,False,18.91246,1.108795,-8.560517,0,0,0,1,0,0,1,False,-1,-1,0,0,0,-1
2026-08-21 14:25:58.792,21.20094,False,18.91194,1.109005,-8.560407,0,0,0,1,0,0,1,False,-1,-1,0,0,0,-1
2026-08-21 14:25:58.826,21.23486,False,18.91154,1.10919,-8.560385,0,0,0,1,0,0,1,False,-1,-1,0,0,0,-1
2026-08-21 14:25:58.870,21.27824,False,18.91106,1.10956,-8.56041,0,0,0,1,0,0,1,False,-1,-1,0,0,0,-1
2026-08-21 14:25:58.903,21.31178,False,18.91088,1.109661,-8.560462,0,0,0,1,0,0,1,False,-1,-1,0,0,0,-1
2026-08-21 14:25:58.949,21.3569,False,18.91067,1.1098,-8.560482,0,0,0,1,0,0,1,False,-1,-1,0,0,0,-1
2026-08-21 14:25:58.993,21.40153,False,18.91055,1.109577,-8.560544,0,0,0,1,0,0,1,False,-1,-1,0,0,0,-1
2026-08-21 14:25:59.037,21.44514,False,18.91058,1.109294,-8.560652,0,0,0,1,0,0,1,False,-1,-1,0,0,0,-1
2026-08-21 14:25:59.071,21.47916,False,18.91071,1.109151,-8.56072,0,0,0,1,0,0,1,False,-1,-1,0,0,0,-1
2026-08-21 14:25:59.105,21.51337,False,18.9108,1.108945,-8.560816,0,0,0,1,0,0,1,False,-1,-1,0,0,0,-1
2026-08-21 14:25:59.149,21.55667,False,18.91085,1.108597,-8.560926,0,0,0,1,0,0,1,False,-1,-1,0,0,0,-1
2026-08-21 14:25:59.182,21.59027,False,18.91083,1.108327,-8.560991,0,0,0,1,0,0,1,False,-1,-1,0,0,0,-1
2026-08-21 14:25:59.227,21.63478,False,18.91081,1.107924,-8.561078,0,0,0,1,0,0,1,False,-1,-1,0,0,0,-1
2026-08-21 14:25:59.260,21.66813,False,18.91092,1.107668,-8.56116,0,0,0,1,0,0,1,False,-1,-1,0,0,0,-1
2026-08-21 14:25:59.304,21.71289,False,18.91113,1.107478,-8.561302,0,0,0,1,0,0,1,False,-1,-1,0,0,0,-1
2026-08-21 14:25:59.348,21.7569,False,18.91141,1.107345,-8.561287,0,0,0,1,0,0,1,False,-1,-1,0,0,0,-1
2026-08-21 14:25:59.394,21.80142,False,18.91154,1.107066,-8.561248,0,0,0,1,0,0,1,False,-1,-1,0,0,0,-1
2026-08-21 14:25:59.427,21.83545,False,18.91167,1.106855,-8.561195,0,0,0,1,0,0,1,False,-1,-1,0,0,0,-1
2026-08-21 14:25:59.470,21.87886,False,18.91184,1.106655,-8.561075,0,0,0,1,0,0,1,False,-1,-1,0,0,0,-1
2026-08-21 14:25:59.506,21.91393,False,18.912,1.106783,-8.561077,0,0,0,1,0,0,1,False,-1,-1,0,0,0,-1
2026-08-21 14:25:59.548,21.95693,False,18.9121,1.106802,-8.561235,0,0,0,1,0,0,1,False,-1,-1,0,0,0,-1
2026-08-21 14:25:59.595,22.00187,False,18.91207,1.10689,-8.561332,0,0,0,1,0,0,1,False,-1,-1,0,0,0,-1
2026-08-21 14:25:59.638,22.04622,False,18.91191,1.106889,-8.561505,0,0,0,1,0,0,1,False,-1,-1,0,0,0,-1
2026-08-21 14:25:59.682,22.08998,False,18.91167,1.106987,-8.561663,0,0,0,1,0,0,1,False,-1,-1,0,0,0,-1
2026-08-21 14:25:59.717,22.12498,False,18.91151,1.107103,-8.56175,0,0,0,1,0,0,1,False,-1,-1,0,0,0,-1
2026-08-21 14:25:59.760,22.16821,False,18.91149,1.107209,-8.56179,0,0,0,1,0,0,1,False,-1,-1,0,0,0,-1
2026-08-21 14:25:59.803,22.21208,False,18.91153,1.106991,-8.561712,0,0,0,1,0,0,1,False,-1,-1,0,0,0,-1
2026-08-21 14:25:59.848,22.25609,False,18.9116,1.106632,-8.561622,0,0,0,1,0,0,1,False,-1,-1,0,0,0,-1
2026-08-21 14:25:59.893,22.30093,False,18.91158,1.106496,-8.561526,0,0,0,1,0,0,1,False,-1,-1,0,0,0,-1
2026-08-21 14:25:59.938,22.34643,False,18.91133,1.10641,-8.561526,0,0,0,1,0,0,1,False,-1,-1,0,0,0,-1
2026-08-21 14:25:59.981,22.39025,False,18.91107,1.106285,-8.561728,0,0,0,1,0,0,1,False,-1,-1,0,0,0,-1
2026-08-21 14:26:00.016,22.42406,False,18.91099,1.106238,-8.561859,0,0,0,1,0,0,1,False,-1,-1,0,0,0,-1
2026-08-21 14:26:00.059,22.46769,False,18.91096,1.105889,-8.562065,0,0,0,1,0,0,1,False,-1,-1,0,0,0,-1
2026-08-21 14:26:00.093,22.50119,False,18.91108,1.105552,-8.56216,0,0,0,1,0,0,1,False,-1,-1,0,0,0,-1
2026-08-21 14:26:00.138,22.54616,False,18.91142,1.105374,-8.562181,0,0,0,1,0,0,1,False,-1,-1,0,0,0,-1
2026-08-21 14:26:00.182,22.58989,False,18.9117,1.105291,-8.562223,0,0,0,1,0,0,1,False,-1,-1,0,0,0,-1
2026-08-21 14:26:00.217,22.62495,False,18.91185,1.105275,-8.562287,0,0,0,1,0,0,1,False,-1,-1,0,0,0,-1
2026-08-21 14:26:00.258,22.66733,False,18.91209,1.104929,-8.562247,0,0,0,1,0,0,1,False,-1,-1,0,0,0,-1
2026-08-21 14:26:00.293,22.70121,False,18.91201,1.105067,-8.562105,0,0,0,1,0,0,1,False,-1,-1,0,0,0,-1
2026-08-21 14:26:00.337,22.74542,False,18.91163,1.104901,-8.561832,0,0,0,1,0,0,1,False,-1,-1,0,0,0,-1
2026-08-21 14:26:00.381,22.78962,False,18.91107,1.104658,-8.561429,0,0,0,1,0,0,1,False,-1,-1,0,0,0,-1
2026-08-21 14:26:00.415,22.82307,False,18.91071,1.104872,-8.561068,0,0,0,1,0,0,1,False,-1,-1,0,0,0,-1
2026-08-21 14:26:00.460,22.86804,False,18.91008,1.105151,-8.560403,0,0,0,1,0,0,1,False,-1,-1,0,0,0,-1
2026-08-21 14:26:00.503,22.91187,False,18.909,1.10541,-8.559417,0,0,0,1,0,0,1,False,-1,-1,0,0,0,-1
2026-08-21 14:26:00.548,22.95679,False,18.9069,1.105803,-8.557817,0,0,0,1,0,0,1,False,-1,-1,0,0,0,-1
2026-08-21 14:26:00.592,23.00078,False,18.90483,1.106375,-8.556283,0,0,0,1,0,0,1,False,-1,-1,0,0,0,-1
2026-08-21 14:26:00.627,23.03515,False,18.90395,1.106797,-8.555608,0,0,0,1,0,0,1,False,-1,-1,0,0,0,-1
2026-08-21 14:26:00.670,23.07866,False,18.90347,1.107269,-8.555612,0,0,0,1,0,0,1,False,-1,-1,0,0,0,-1
2026-08-21 14:26:00.705,23.11309,False,18.9032,1.107431,-8.555848,0,0,0,1,0,0,1,False,-1,-1,0,0,0,-1
2026-08-21 14:26:00.741,23.14835,False,18.90319,1.10747,-8.55622,0,0,0,1,0,0,1,False,-1,-1,0,0,0,-1
2026-08-21 14:26:00.780,23.18966,False,18.90324,1.107501,-8.556661,0,0,0,1,0,0,1,False,-1,-1,0,0,0,-1
2026-08-21 14:26:00.816,23.22325,False,18.90353,1.107688,-8.557177,0,0,0,1,0,0,1,False,-1,-1,0,0,0,-1
2026-08-21 14:26:00.859,23.26739,False,18.90403,1.107882,-8.557848,0,0,0,1,0,0,1,False,-1,-1,0,0,0,-1
2026-08-21 14:26:00.894,23.30177,False,18.90442,1.108263,-8.558465,0,0,0,1,0,0,1,False,-1,-1,0,0,0,-1
2026-08-21 14:26:00.937,23.34523,False,18.9047,1.108478,-8.559422,0,0,0,1,0,0,1,False,-1,-1,0,0,0,-1
2026-08-21 14:26:00.971,23.37928,False,18.90483,1.108525,-8.559905,0,0,0,1,0,0,1,False,-1,-1,0,0,0,-1
2026-08-21 14:26:01.014,23.42273,False,18.9049,1.108328,-8.560352,0,0,0,1,0,0,1,False,-1,-1,0,0,0,-1
2026-08-21 14:26:01.048,23.45675,False,18.90497,1.108199,-8.560549,0,0,0,1,0,0,1,False,-1,-1,0,0,0,-1
2026-08-21 14:26:01.093,23.50069,False,18.90524,1.108058,-8.560804,0,0,0,1,0,0,1,False,-1,-1,0,0,0,-1
2026-08-21 14:26:01.126,23.53411,False,18.90538,1.108117,-8.560639,0,0,0,1,0,0,1,False,-1,-1,0,0,0,-1
2026-08-21 14:26:01.161,23.56873,False,18.90569,1.108247,-8.560509,0,0,0,1,0,0,1,False,-1,-1,0,0,0,-1
2026-08-21 14:26:01.203,23.61205,False,18.90605,1.108299,-8.560313,0,0,0,1,0,0,1,False,-1,-1,0,0,0,-1
2026-08-21 14:26:01.249,23.65672,False,18.90645,1.108229,-8.560035,0,0,0,1,0,0,1,False,-1,-1,0,0,0,-1
2026-08-21 14:26:01.293,23.70077,False,18.90684,1.107978,-8.559793,0,0,0,1,0,0,1,False,-1,-1,0,0,0,-1
2026-08-21 14:26:01.326,23.73507,False,18.90707,1.10772,-8.559609,0,0,0,1,0,0,1,False,-1,-1,0,0,0,-1
2026-08-21 14:26:01.370,23.77855,False,18.90737,1.107588,-8.559483,0,0,0,1,0,0,1,False,-1,-1,0,0,0,-1
2026-08-21 14:26:01.414,23.82306,False,18.90757,1.107599,-8.559343,0,0,0,1,0,0,1,False,-1,-1,0,0,0,-1
2026-08-21 14:26:01.448,23.85649,False,18.90738,1.107464,-8.559223,0,0,0,1,0,0,1,False,-1,-1,0,0,0,-1
2026-08-21 14:26:01.482,23.88983,False,18.90725,1.107286,-8.55924,0,0,0,1,0,0,1,False,-1,-1,0,0,0,-1
2026-08-21 14:26:01.526,23.93401,False,18.90719,1.107292,-8.559299,0,0,0,1,0,0,1,False,-1,-1,0,0,0,-1
2026-08-21 14:26:01.560,23.96801,False,18.9073,1.107275,-8.559438,0,0,0,1,0,0,1,False,-1,-1,0,0,0,-1
2026-08-21 14:26:01.603,24.01198,False,18.90748,1.107236,-8.559669,0,0,0,1,0,0,1,False,-1,-1,0,0,0,-1
2026-08-21 14:26:01.649,24.05725,False,18.90755,1.107208,-8.559782,0,0,0,1,0,0,1,False,-1,-1,0,0,0,-1
2026-08-21 14:26:01.683,24.09085,False,18.90761,1.107093,-8.559848,0,0,0,1,0,0,1,False,-1,-1,0,0,0,-1
2026-08-21 14:26:01.725,24.1342,False,18.90765,1.106866,-8.559839,0,0,0,1,0,0,1,False,-1,-1,0,0,0,-1
2026-08-21 14:26:01.762,24.16959,False,18.90762,1.106524,-8.559791,0,0,0,1,0,0,1,False,-1,-1,0,0,0,-1
2026-08-21 14:26:01.804,24.21259,False,18.90749,1.105991,-8.559697,0,0,0,1,0,0,1,False,-1,-1,0,0,0,-1
2026-08-21 14:26:01.847,24.25642,False,18.90742,1.105799,-8.5596,0,0,0,1,0,0,1,False,-1,-1,0,0,0,-1
2026-08-21 14:26:01.893,24.30081,False,18.90747,1.106116,-8.559536,0,0,0,1,0,0,1,False,-1,-1,0,0,0,-1
2026-08-21 14:26:01.926,24.33421,False,18.90759,1.106385,-8.55958,0,0,0,1,0,0,1,False,-1,-1,0,0,0,-1
2026-08-21 14:26:01.960,24.36788,False,18.90771,1.106649,-8.559606,0,0,0,1,0,0,1,False,-1,-1,0,0,0,-1
2026-08-21 14:26:01.993,24.40139,False,18.9077,1.106742,-8.559641,0,0,0,1,0,0,1,False,-1,-1,0,0,0,-1
2026-08-21 14:26:02.037,24.4451,False,18.90771,1.106689,-8.559688,0,0,0,1,0,0,1,False,-1,-1,0,0,0,-1
2026-08-21 14:26:02.071,24.47856,False,18.90768,1.106563,-8.559677,0,0,0,1,0,0,1,False,-1,-1,0,0,0,-1
2026-08-21 14:26:02.103,24.51201,False,18.90767,1.106509,-8.559611,0,0,0,1,0,0,1,False,-1,-1,0,0,0,-1
2026-08-21 14:26:02.147,24.55656,False,18.90774,1.106761,-8.559539,0,0,0,1,0,0,1,False,-1,-1,0,0,0,-1
2026-08-21 14:26:02.194,24.60198,False,18.90786,1.106877,-8.55948,0,0,0,1,0,0,1,False,-1,-1,0,0,0,-1
2026-08-21 14:26:02.236,24.64508,False,18.90786,1.10691,-8.559549,0,0,0,1,0,0,1,False,-1,-1,0,0,0,-1
2026-08-21 14:26:02.272,24.6796,False,18.90783,1.106666,-8.559634,0,0,0,1,0,0,1,False,-1,-1,0,0,0,-1
2026-08-21 14:26:02.314,24.72298,False,18.90771,1.106197,-8.559691,0,0,0,1,0,0,1,False,-1,-1,0,0,0,-1
2026-08-21 14:26:02.348,24.75654,False,18.90769,1.10601,-8.559651,0,0,0,1,0,0,1,False,-1,-1,0,0,0,-1
2026-08-21 14:26:02.393,24.80118,False,18.90777,1.10619,-8.559457,0,0,0,1,0,0,1,False,-1,-1,0,0,0,-1
2026-08-21 14:26:02.437,24.8452,False,18.90796,1.106302,-8.559325,0,0,0,1,0,0,1,False,-1,-1,0,0,0,-1
2026-08-21 14:26:02.471,24.87894,False,18.90814,1.106299,-8.559269,0,0,0,1,0,0,1,False,-1,-1,0,0,0,-1
2026-08-21 14:26:02.515,24.92344,False,18.90837,1.10621,-8.559165,0,0,0,1,0,0,1,False,-1,-1,0,0,0,-1
2026-08-21 14:26:02.548,24.95678,False,18.90854,1.10607,-8.559116,0,0,0,1,0,0,1,False,-1,-1,0,0,0,-1
2026-08-21 14:26:02.593,25.00079,False,18.9088,1.106002,-8.559067,0,0,0,1,0,0,1,False,-1,-1,0,0,0,-1
2026-08-21 14:26:02.637,25.04535,False,18.90893,1.10599,-8.559097,0,0,0,1,0,0,1,False,-1,-1,0,0,0,-1
2026-08-21 14:26:02.670,25.07902,False,18.90894,1.106057,-8.559104,0,0,0,1,0,0,1,False,-1,-1,0,0,0,-1
2026-08-21 14:26:02.707,25.11429,False,18.90891,1.106106,-8.559093,0,0,0,1,0,0,1,False,-1,-1,0,0,0,-1
2026-08-21 14:26:02.749,25.15712,False,18.90879,1.106174,-8.559058,0,0,0,1,0,0,1,False,-1,-1,0,0,0,-1
2026-08-21 14:26:02.784,25.19198,False,18.90868,1.106215,-8.558941,0,0,0,1,0,0,1,False,-1,-1,0,0,0,-1
2026-08-21 14:26:02.826,25.23428,False,18.90836,1.106497,-8.558594,0,0,0,1,0,0,1,False,-1,-1,0,0,0,-1
2026-08-21 14:26:02.860,25.26783,False,18.90809,1.106714,-8.558331,0,0,0,1,0,0,1,False,-1,-1,0,0,0,-1
2026-08-21 14:26:02.903,25.31169,False,18.90778,1.106811,-8.558094,0,0,0,1,0,0,1,False,-1,-1,0,0,0,-1
2026-08-21 14:26:02.939,25.34683,False,18.90737,1.106952,-8.557818,0,0,0,1,0,0,1,False,-1,-1,0,0,0,-1
2026-08-21 14:26:02.982,25.39006,False,18.9059,1.107491,-8.557244,0,0,0,1,0,0,1,False,-1,-1,0,0,0,-1
2026-08-21 14:26:03.016,25.42393,False,18.90309,1.108167,-8.556234,0,0,0,1,0,0,1,False,-1,-1,0,0,0,-1
2026-08-21 14:26:03.060,25.46769,False,18.89798,1.109116,-8.554257,0,0,0,1,0,0,1,False,-1,-1,0,0,0,-1
2026-08-21 14:26:03.113,25.52128,False,18.89236,1.110058,-8.55322,0,0,0,1,0,0,1,False,-1,-1,0,0,0,-1
2026-08-21 14:26:03.150,25.55746,False,18.88473,1.11328,-8.552341,0,0,0,1,0,0,1,False,-1,-1,0,0,0,-1
2026-08-21 14:26:03.193,25.60076,False,18.87587,1.11961,-8.55112,0,0,0,1,0,0,1,False,-1,-1,0,0,0,-1
2026-08-21 14:26:03.227,25.63513,False,18.8685,1.123349,-8.551063,0,0,0,1,0,0,1,False,-1,-1,0,0,0,-1
2026-08-21 14:26:03.271,25.67858,False,18.86328,1.123951,-8.55203,0,0,0,1,0,0,1,False,-1,-1,0,0,0,-1
2026-08-21 14:26:03.314,25.72315,False,18.86028,1.125763,-8.55273,0,0,0,1,0,0,1,False,-1,-1,0,0,0,-1
2026-08-21 14:26:03.350,25.75774,False,18.85838,1.127193,-8.552955,0,0,0,1,0,0,1,False,-1,-1,0,0,0,-1
2026-08-21 14:26:03.393,25.80096,False,18.85672,1.128547,-8.552736,0,0,0,1,0,0,1,False,-1,-1,0,0,0,-1
2026-08-21 14:26:03.426,25.83443,False,18.85567,1.129239,-8.55281,0,0,0,1,0,0,1,False,-1,-1,0,0,0,-1
2026-08-21 14:26:03.470,25.87846,False,18.85434,1.130283,-8.552911,0,0,0,1,0,0,1,False,-1,-1,0,0,0,-1
2026-08-21 14:26:03.504,25.9121,False,18.85305,1.130918,-8.55312,0,0,0,1,0,0,1,False,-1,-1,0,0,0,-1
2026-08-21 14:26:03.547,25.95647,False,18.85007,1.132488,-8.553469,0,0,0,1,0,0,1,False,-1,-1,0,0,0,-1
2026-08-21 14:26:03.581,25.98991,False,18.84719,1.134191,-8.554271,0,0,0,1,0,0,1,False,-1,-1,0,0,0,-1
2026-08-21 14:26:03.625,26.03408,False,18.8418,1.136967,-8.5554,0,0,0,1,0,0,1,False,-1,-1,0,0,0,-1
2026-08-21 14:26:03.660,26.06788,False,18.83703,1.138296,-8.556849,0,0,0,1,0,0,1,False,-1,-1,0,0,0,-1
2026-08-21 14:26:03.707,26.11544,False,18.83244,1.139658,-8.558064,0,0,0,1,0,0,1,False,-1,-1,0,0,0,-1
2026-08-21 14:26:03.747,26.15638,False,18.83067,1.140264,-8.557854,0,0,0,1,0,0,1,False,-1,-1,0,0,0,-1
2026-08-21 14:26:03.782,26.18977,False,18.83067,1.140581,-8.557019,0,0,0,1,0,0,1,False,-1,-1,0,0,0,-1
2026-08-21 14:26:03.817,26.2246,False,18.83113,1.140553,-8.556151,0,0,0,1,0,0,1,False,-1,-1,0,0,0,-1
2026-08-21 14:26:03.859,26.26775,False,18.83188,1.140623,-8.55513,0,0,0,1,0,0,1,False,-1,-1,0,0,0,-1
2026-08-21 14:26:03.894,26.30143,False,18.83247,1.140567,-8.554727,0,0,0,1,0,0,1,False,-1,-1,0,0,0,-1
2026-08-21 14:26:03.937,26.3452,False,18.83291,1.140512,-8.554476,0,0,0,1,0,0,1,False,-1,-1,0,0,0,-1
2026-08-21 14:26:03.972,26.37937,False,18.83313,1.140566,-8.554351,0,0,0,1,0,0,1,False,-1,-1,0,0,0,-1
2026-08-21 14:26:04.015,26.42298,False,18.83345,1.140472,-8.554247,0,0,0,1,0,0,1,False,-1,-1,0,0,0,-1
2026-08-21 14:26:04.048,26.4567,False,18.83383,1.14013,-8.55402,0,0,0,1,0,0,1,False,-1,-1,0,0,0,-1
2026-08-21 14:26:04.093,26.50095,False,18.8345,1.139868,-8.553759,0,0,0,1,0,0,1,False,-1,-1,0,0,0,-1
2026-08-21 14:26:04.127,26.53555,False,18.83521,1.139295,-8.553552,0,0,0,1,0,0,1,False,-1,-1,0,0,0,-1
2026-08-21 14:26:04.170,26.57857,False,18.83635,1.137938,-8.553215,0,0,0,1,0,0,1,False,-1,-1,0,0,0,-1
2026-08-21 14:26:04.215,26.62327,False,18.83809,1.137449,-8.552987,0,0,0,1,0,0,1,False,-1,-1,0,0,0,-1
2026-08-21 14:26:04.248,26.65703,False,18.84068,1.133571,-8.551303,0,0,0,1,0,0,1,False,-1,-1,0,0,0,-1
2026-08-21 14:26:04.293,26.70075,False,18.84485,1.135319,-8.550294,0,0,0,1,0,0,1,False,-1,-1,0,0,0,-1
2026-08-21 14:26:04.326,26.73439,False,18.84882,1.134775,-8.549006,0,0,0,1,0,0,1,False,-1,-1,0,0,0,-1
2026-08-21 14:26:04.359,26.76786,False,18.8526,1.133978,-8.547441,0,0,0,1,0,0,1,False,-1,-1,0,0,0,-1
2026-08-21 14:26:04.404,26.812,False,18.85705,1.13271,-8.545976,0,0,0,1,0,0,1,False,-1,-1,0,0,0,-1
2026-08-21 14:26:04.448,26.85613,False,18.85962,1.131315,-8.545857,0,0,0,1,0,0,1,False,-1,-1,0,0,0,-1
2026-08-21 14:26:04.481,26.88954,False,18.85983,1.130861,-8.54625,0,0,0,1,0,0,1,False,-1,-1,0,0,0,-1
2026-08-21 14:26:04.526,26.93436,False,18.85849,1.131446,-8.54713,0,0,0,1,0,0,1,False,-1,-1,0,0,0,-1
2026-08-21 14:26:04.570,26.9784,False,18.85755,1.132198,-8.547969,0,0,0,1,0,0,1,False,-1,-1,0,0,0,-1
2026-08-21 14:26:04.604,27.01198,False,18.85728,1.132659,-8.548689,0,0,0,1,0,0,1,False,-1,-1,0,0,0,-1
2026-08-21 14:26:04.648,27.05621,False,18.85776,1.132811,-8.549771,0,0,0,1,0,0,1,False,-1,-1,0,0,0,-1
2026-08-21 14:26:04.692,27.10069,False,18.85785,1.133011,-8.550618,0,0,0,1,0,0,1,False,-1,-1,0,0,0,-1
2026-08-21 14:26:04.728,27.13598,False,18.85773,1.132903,-8.551477,0,0,0,1,0,0,1,False,-1,-1,0,0,0,-1
2026-08-21 14:26:04.771,27.17914,False,18.85788,1.132323,-8.552655,0,0,0,1,0,0,1,False,-1,-1,0,0,0,-1
2026-08-21 14:26:04.816,27.2237,False,18.85785,1.132104,-8.554129,0,0,0,1,0,0,1,False,-1,-1,0,0,0,-1
2026-08-21 14:26:04.860,27.26831,False,18.8583,1.131399,-8.55585,0,0,0,1,0,0,1,False,-1,-1,0,0,0,-1
2026-08-21 14:26:04.905,27.31248,False,18.85914,1.13085,-8.556901,0,0,0,1,0,0,1,False,-1,-1,0,0,0,-1
2026-08-21 14:26:04.938,27.34586,False,18.85952,1.129861,-8.557226,0,0,0,1,0,0,1,False,-1,-1,0,0,0,-1
2026-08-21 14:26:04.982,27.38976,False,18.8591,1.128876,-8.557534,0,0,0,1,0,0,1,False,-1,-1,0,0,0,-1
2026-08-21 14:26:05.016,27.42371,False,18.858,1.128383,-8.556876,0,0,0,1,0,0,1,False,-1,-1,0,0,0,-1
2026-08-21 14:26:05.051,27.45815,False,18.85647,1.12857,-8.555714,0,0,0,1,0,0,1,False,-1,-1,0,0,0,-1
2026-08-21 14:26:05.094,27.50168,False,18.85435,1.128365,-8.554369,0,0,0,1,0,0,1,False,-1,-1,0,0,0,-1
2026-08-21 14:26:05.138,27.54581,False,18.85378,1.127811,-8.552677,0,0,0,1,0,0,1,False,-1,-1,0,0,0,-1
2026-08-21 14:26:05.171,27.57939,False,18.85419,1.128009,-8.551657,0,0,0,1,0,0,1,False,-1,-1,0,0,0,-1
2026-08-21 14:26:05.204,27.61275,False,18.85547,1.128114,-8.549889,0,0,0,1,0,0,1,False,-1,-1,0,0,0,-1
2026-08-21 14:26:05.248,27.65693,False,18.85839,1.127108,-8.546902,0,0,0,1,0,0,1,False,-1,-1,0,0,0,-1
2026-08-21 14:26:05.293,27.70108,False,18.86033,1.125466,-8.545344,0,0,0,1,0,0,1,False,-1,-1,0,0,0,-1
2026-08-21 14:26:05.327,27.73506,False,18.86246,1.125695,-8.543157,0,0,0,1,0,0,1,False,-1,-1,0,0,0,-1
2026-08-21 14:26:05.371,27.77954,False,18.86432,1.125742,-8.541101,0,0,0,1,0,0,1,False,-1,-1,0,0,0,-1
2026-08-21 14:26:05.415,27.8232,False,18.86543,1.125134,-8.539863,0,0,0,1,0,0,1,False,-1,-1,0,0,0,-1
2026-08-21 14:26:05.461,27.86834,False,18.86614,1.124652,-8.538621,0,0,0,1,0,0,1,False,-1,-1,0,0,0,-1
2026-08-21 14:26:05.503,27.91185,False,18.86631,1.124227,-8.537586,0,0,0,1,0,0,1,False,-1,-1,0,0,0,-1
2026-08-21 14:26:05.547,27.95639,False,18.86604,1.124718,-8.537456,0,0,0,1,0,0,1,False,-1,-1,0,0,0,-1
2026-08-21 14:26:05.583,27.98982,False,18.86607,1.125535,-8.537635,0,0,0,1,0,0,1,False,-1,-1,0,0,0,-1
2026-08-21 14:26:05.625,28.03452,False,18.86578,1.127794,-8.538282,0,0,0,1,0,0,1,False,-1,-1,0,0,0,-1
2026-08-21 14:26:05.670,28.07884,False,18.86414,1.128177,-8.539437,0,0,0,1,0,0,1,False,-1,-1,0,0,0,-1
2026-08-21 14:26:05.715,28.12297,False,18.86172,1.128937,-8.539695,0,0,0,1,0,0,1,False,-1,-1,0,0,0,-1
2026-08-21 14:26:05.749,28.1565,False,18.85972,1.129844,-8.539474,0,0,0,1,0,0,1,False,-1,-1,0,0,0,-1
2026-08-21 14:26:05.794,28.20138,False,18.85743,1.130615,-8.539051,0,0,0,1,0,0,1,False,-1,-1,0,0,0,-1
2026-08-21 14:26:05.837,28.24553,False,18.85582,1.131387,-8.538458,0,0,0,1,0,0,1,False,-1,-1,0,0,0,-1
2026-08-21 14:26:05.882,28.28979,False,18.85449,1.131701,-8.536843,0,0,0,1,0,0,1,False,-1,-1,0,0,0,-1
2026-08-21 14:26:05.915,28.32313,False,18.85403,1.131274,-8.535132,0,0,0,1,0,0,1,False,-1,-1,0,0,0,-1
2026-08-21 14:26:05.948,28.35699,False,18.85402,1.131229,-8.533784,0,0,0,1,0,0,1,False,-1,-1,0,0,0,-1
2026-08-21 14:26:05.994,28.40124,False,18.85458,1.131078,-8.532147,0,0,0,1,0,0,1,False,-1,-1,0,0,0,-1
2026-08-21 14:26:06.028,28.43576,False,18.85494,1.131036,-8.53116,0,0,0,1,0,0,1,False,-1,-1,0,0,0,-1
2026-08-21 14:26:06.071,28.47895,False,18.85552,1.131059,-8.529851,0,0,0,1,0,0,1,False,-1,-1,0,0,0,-1
2026-08-21 14:26:06.115,28.52304,False,18.85625,1.131132,-8.528672,0,0,0,1,0,0,1,False,-1,-1,0,0,0,-1
2026-08-21 14:26:06.160,28.56777,False,18.85623,1.130855,-8.527599,0,0,0,1,0,0,1,False,-1,-1,0,0,0,-1
2026-08-21 14:26:06.193,28.60129,False,18.85593,1.130184,-8.52715,0,0,0,1,0,0,1,False,-1,-1,0,0,0,-1
2026-08-21 14:26:06.237,28.64516,False,18.85584,1.130035,-8.526672,0,0,0,1,0,0,1,False,-1,-1,0,0,0,-1
2026-08-21 14:26:06.270,28.67857,False,18.856,1.129368,-8.526424,0,0,0,1,0,0,1,False,-1,-1,0,0,0,-1
2026-08-21 14:26:06.305,28.71265,False,18.85678,1.128662,-8.526608,0,0,0,1,0,0,1,False,-1,-1,0,0,0,-1
2026-08-21 14:26:06.348,28.756,False,18.85773,1.126695,-8.526822,0,0,0,1,0,0,1,False,-1,-1,0,0,0,-1
2026-08-21 14:26:06.383,28.79081,False,18.85826,1.126921,-8.526795,0,0,0,1,0,0,1,False,-1,-1,0,0,0,-1
2026-08-21 14:26:06.428,28.83725,False,18.8586,1.126821,-8.527121,0,0,0,1,0,0,1,False,-1,-1,0,0,0,-1
2026-08-21 14:26:06.470,28.87859,False,18.85839,1.126498,-8.527102,0,0,0,1,0,0,1,False,-1,-1,0,0,0,-1
2026-08-21 14:26:06.515,28.92297,False,18.85823,1.126752,-8.527101,0,0,0,1,0,0,1,False,-1,-1,0,0,0,-1
2026-08-21 14:26:06.560,28.96746,False,18.85774,1.127126,-8.527004,0,0,0,1,0,0,1,False,-1,-1,0,0,0,-1
2026-08-21 14:26:06.593,29.00111,False,18.85716,1.127227,-8.526802,0,0,0,1,0,0,1,False,-1,-1,0,0,0,-1
2026-08-21 14:26:06.638,29.04554,False,18.85645,1.127509,-8.526297,0,0,0,1,0,0,1,False,-1,-1,0,0,0,-1
2026-08-21 14:26:06.671,29.07911,False,18.85582,1.127739,-8.526053,0,0,0,1,0,0,1,False,-1,-1,0,0,0,-1
2026-08-21 14:26:06.717,29.12508,False,18.85497,1.127673,-8.525858,0,0,0,1,0,0,1,False,-1,-1,0,0,0,-1
2026-08-21 14:26:06.759,29.16806,False,18.85403,1.127609,-8.525603,0,0,0,1,0,0,1,False,-1,-1,0,0,0,-1
2026-08-21 14:26:06.804,29.21211,False,18.85327,1.1277,-8.52545,0,0,0,1,0,0,1,False,-1,-1,0,0,0,-1
2026-08-21 14:26:06.838,29.2459,False,18.8528,1.12748,-8.525364,0,0,0,1,0,0,1,False,-1,-1,0,0,0,-1
2026-08-21 14:26:06.883,29.29101,False,18.85245,1.127282,-8.525373,0,0,0,1,0,0,1,False,-1,-1,0,0,0,-1
2026-08-21 14:26:06.926,29.3344,False,18.85189,1.127366,-8.525608,0,0,0,1,0,0,1,False,-1,-1,0,0,0,-1
2026-08-21 14:26:06.971,29.37875,False,18.85149,1.127183,-8.525894,0,0,0,1,0,0,1,False,-1,-1,0,0,0,-1
2026-08-21 14:26:07.005,29.41304,False,18.85141,1.127093,-8.526379,0,0,0,1,0,0,1,False,-1,-1,0,0,0,-1
2026-08-21 14:26:07.049,29.45728,False,18.85173,1.126954,-8.527063,0,0,0,1,0,0,1,False,-1,-1,0,0,0,-1
2026-08-21 14:26:07.093,29.50112,False,18.85244,1.126754,-8.527762,0,0,0,1,0,0,1,False,-1,-1,0,0,0,-1
2026-08-21 14:26:07.137,29.54516,False,18.85349,1.126469,-8.528415,0,0,0,1,0,0,1,False,-1,-1,0,0,0,-1
2026-08-21 14:26:07.170,29.57857,False,18.85431,1.126261,-8.528819,0,0,0,1,0,0,1,False,-1,-1,0,0,0,-1
2026-08-21 14:26:07.204,29.61238,False,18.85489,1.125964,-8.529226,0,0,0,1,0,0,1,False,-1,-1,0,0,0,-1
2026-08-21 14:26:07.248,29.65621,False,18.85563,1.125654,-8.52988,0,0,0,1,0,0,1,False,-1,-1,0,0,0,-1
2026-08-21 14:26:07.281,29.68957,False,18.85623,1.125324,-8.530456,0,0,0,1,0,0,1,False,-1,-1,0,0,0,-1
2026-08-21 14:26:07.318,29.72484,False,18.85681,1.125059,-8.53127,0,0,0,1,0,0,1,False,-1,-1,0,0,0,-1
2026-08-21 14:26:07.360,29.76754,False,18.8577,1.124502,-8.532917,0,0,0,1,0,0,1,False,-1,-1,0,0,0,-1
2026-08-21 14:26:07.393,29.80093,False,18.85846,1.123856,-8.533976,0,0,0,1,0,0,1,False,-1,-1,0,0,0,-1
2026-08-21 14:26:07.427,29.83468,False,18.85891,1.123077,-8.534466,0,0,0,1,0,0,1,False,-1,-1,0,0,0,-1
2026-08-21 14:26:07.470,29.87838,False,18.85881,1.123075,-8.534986,0,0,0,1,0,0,1,False,-1,-1,0,0,0,-1
2026-08-21 14:26:07.504,29.91212,False,18.85899,1.123152,-8.535443,0,0,0,1,0,0,1,False,-1,-1,0,0,0,-1
2026-08-21 14:26:07.538,29.94568,False,18.85841,1.122742,-8.535192,0,0,0,1,0,0,1,False,-1,-1,0,0,0,-1
2026-08-21 14:26:07.581,29.98943,False,18.85701,1.12202,-8.535868,0,0,0,1,0,0,1,False,-1,-1,0,0,0,-1
2026-08-21 14:26:07.616,30.02344,False,18.85625,1.121739,-8.535946,0,0,0,1,0,0,1,False,-1,-1,0,0,0,-1
2026-08-21 14:26:07.659,30.06749,False,18.85555,1.122187,-8.535655,0,0,0,1,0,0,1,False,-1,-1,0,0,0,-1
2026-08-21 14:26:07.704,30.11174,False,18.8552,1.122435,-8.535332,0,0,0,1,0,0,1,False,-1,-1,0,0,0,-1
2026-08-21 14:26:07.737,30.1453,False,18.85427,1.122551,-8.535223,0,0,0,1,0,0,1,False,-1,-1,0,0,0,-1
2026-08-21 14:26:07.770,30.17872,False,18.85286,1.122712,-8.535022,0,0,0,1,0,0,1,False,-1,-1,0,0,0,-1
2026-08-21 14:26:07.804,30.21228,False,18.85155,1.122471,-8.534859,0,0,0,1,0,0,1,False,-1,-1,0,0,0,-1
2026-08-21 14:26:07.838,30.24596,False,18.85092,1.122622,-8.534534,0,0,0,1,0,0,1,False,-1,-1,0,0,0,-1
2026-08-21 14:26:07.883,30.29026,False,18.85093,1.122197,-8.534331,0,0,0,1,0,0,1,False,-1,-1,0,0,0,-1
2026-08-21 14:26:07.917,30.32471,False,18.85158,1.121829,-8.534131,0,0,0,1,0,0,1,False,-1,-1,0,0,0,-1
2026-08-21 14:26:07.960,30.36768,False,18.85287,1.121756,-8.533556,0,0,0,1,0,0,1,False,-1,-1,0,0,0,-1
2026-08-21 14:26:08.004,30.41188,False,18.85553,1.120952,-8.532855,0,0,0,1,0,0,1,False,-1,-1,0,0,0,-1
2026-08-21 14:26:08.038,30.44526,False,18.85786,1.12017,-8.532138,0,0,0,1,0,0,1,False,-1,-1,0,0,0,-1
2026-08-21 14:26:08.071,30.47872,False,18.85934,1.119789,-8.531531,0,0,0,1,0,0,1,False,-1,-1,0,0,0,-1
2026-08-21 14:26:08.104,30.5121,False,18.86024,1.11939,-8.531144,0,0,0,1,0,0,1,False,-1,-1,0,0,0,-1
2026-08-21 14:26:08.148,30.55623,False,18.86098,1.118775,-8.53071,0,0,0,1,0,0,1,False,-1,-1,0,0,0,-1
2026-08-21 14:26:08.181,30.58967,False,18.86117,1.118312,-8.530405,0,0,0,1,0,0,1,False,-1,-1,0,0,0,-1
2026-08-21 14:26:08.217,30.62381,False,18.86097,1.117746,-8.530249,0,0,0,1,0,0,1,False,-1,-1,0,0,0,-1
2026-08-21 14:26:08.260,30.66761,False,18.86017,1.117641,-8.530067,0,0,0,1,0,0,1,False,-1,-1,0,0,0,-1
2026-08-21 14:26:08.304,30.7118,False,18.85917,1.117609,-8.530013,0,0,0,1,0,0,1,False,-1,-1,0,0,0,-1
2026-08-21 14:26:08.339,30.74613,False,18.85869,1.11753,-8.529842,0,0,0,1,0,0,1,False,-1,-1,0,0,0,-1
2026-08-21 14:26:08.382,30.79026,False,18.85835,1.117999,-8.529986,0,0,0,1,0,0,1,False,-1,-1,0,0,0,-1
2026-08-21 14:26:08.427,30.83459,False,18.85839,1.118803,-8.529905,0,0,0,1,0,0,1,False,-1,-1,0,0,0,-1
2026-08-21 14:26:08.470,30.87844,False,18.85821,1.119584,-8.530073,0,0,0,1,0,0,1,False,-1,-1,0,0,0,-1
2026-08-21 14:26:08.503,30.91199,False,18.85769,1.119731,-8.530332,0,0,0,1,0,0,1,False,-1,-1,0,0,0,-1
2026-08-21 14:26:08.548,30.95607,False,18.85627,1.119871,-8.530879,0,0,0,1,0,0,1,False,-1,-1,0,0,0,-1
2026-08-21 14:26:08.581,30.98976,False,18.85494,1.12005,-8.531107,0,0,0,1,0,0,1,False,-1,-1,0,0,0,-1
2026-08-21 14:26:08.626,31.03401,False,18.85329,1.120599,-8.531301,0,0,0,1,0,0,1,False,-1,-1,0,0,0,-1
2026-08-21 14:26:08.670,31.07853,False,18.85212,1.120933,-8.531538,0,0,0,1,0,0,1,False,-1,-1,0,0,0,-1
2026-08-21 14:26:08.703,31.11204,False,18.85162,1.120896,-8.531727,0,0,0,1,0,0,1,False,-1,-1,0,0,0,-1
2026-08-21 14:26:08.739,31.14598,False,18.85135,1.120746,-8.531835,0,0,0,1,0,0,1,False,-1,-1,0,0,0,-1
2026-08-21 14:26:08.782,31.18989,False,18.85139,1.120705,-8.532,0,0,0,1,0,0,1,False,-1,-1,0,0,0,-1
2026-08-21 14:26:08.817,31.22376,False,18.85163,1.120415,-8.531997,0,0,0,1,0,0,1,False,-1,-1,0,0,0,-1
2026-08-21 14:26:08.862,31.26949,False,18.85282,1.119947,-8.53145,0,0,0,1,0,0,1,False,-1,-1,0,0,0,-1
2026-08-21 14:26:08.905,31.31228,False,18.85676,1.119365,-8.53016,0,0,0,1,0,0,1,False,-1,-1,0,0,0,-1
2026-08-21 14:26:08.940,31.34671,False,18.86087,1.118545,-8.528838,0,0,0,1,0,0,1,False,-1,-1,0,0,0,-1
2026-08-21 14:26:08.982,31.38997,False,18.86847,1.116401,-8.526549,0,0,0,1,0,0,1,False,-1,-1,0,0,0,-1
2026-08-21 14:26:09.027,31.43464,False,18.87693,1.113748,-8.523733,0,0,0,1,0,0,1,False,-1,-1,0,0,0,-1
2026-08-21 14:26:09.071,31.47888,False,18.88552,1.111257,-8.521021,0,0,0,1,0,0,1,False,-1,-1,0,0,0,-1
2026-08-21 14:26:09.104,31.51235,False,18.89254,1.110486,-8.518543,0,0,0,1,0,0,1,False,-1,-1,0,0,0,-1
2026-08-21 14:26:09.138,31.54618,False,18.90002,1.110349,-8.515631,0,0,0,1,0,0,1,False,-1,-1,0,0,0,-1
2026-08-21 14:26:09.182,31.58945,False,18.90747,1.109763,-8.512621,0,0,0,1,0,0,1,False,-1,-1,0,0,0,-1
2026-08-21 14:26:09.215,31.62296,False,18.91209,1.108667,-8.510125,0,0,0,1,0,0,1,False,-1,-1,0,0,0,-1
2026-08-21 14:26:09.260,31.66732,False,18.91708,1.106833,-8.50705,0,0,0,1,0,0,1,False,-1,-1,0,0,0,-1
2026-08-21 14:26:09.293,31.70107,False,18.91998,1.105619,-8.504697,0,0,0,1,0,0,1,False,-1,-1,0,0,0,-1
2026-08-21 14:26:09.338,31.74551,False,18.92261,1.103775,-8.501822,0,0,0,1,0,0,1,False,-1,-1,0,0,0,-1
2026-08-21 14:26:09.373,31.78027,False,18.92381,1.102783,-8.50008,0,0,0,1,0,0,1,False,-1,-1,0,0,0,-1
2026-08-21 14:26:09.416,31.82342,False,18.92469,1.101607,-8.498444,0,0,0,1,0,0,1,False,-1,-1,0,0,0,-1
2026-08-21 14:26:09.459,31.86762,False,18.92509,1.101279,-8.497482,0,0,0,1,0,0,1,False,-1,-1,0,0,0,-1
2026-08-21 14:26:09.494,31.90145,False,18.92501,1.101476,-8.497627,0,0,0,1,0,0,1,False,-1,-1,0,0,0,-1
2026-08-21 14:26:09.538,31.94529,False,18.92443,1.101985,-8.498113,0,0,0,1,0,0,1,False,-1,-1,0,0,0,-1
2026-08-21 14:26:09.571,31.97904,False,18.92352,1.102477,-8.49916,0,0,0,1,0,0,1,False,-1,-1,0,0,0,-1
2026-08-21 14:26:09.615,32.02298,False,18.92183,1.103037,-8.500501,0,0,0,1,0,0,1,False,-1,-1,0,0,0,-1
2026-08-21 14:26:09.649,32.0568,False,18.9195,1.103002,-8.501338,0,0,0,1,0,0,1,False,-1,-1,0,0,0,-1
2026-08-21 14:26:09.694,32.10139,False,18.91448,1.101246,-8.503856,0,0,0,1,0,0,1,False,-1,-1,0,0,0,-1
2026-08-21 14:26:09.729,32.1352,False,18.91062,1.099543,-8.50716,0,0,0,1,0,0,1,False,-1,-1,0,0,0,-1
2026-08-21 14:26:09.771,32.17912,False,18.90726,1.10071,-8.51197,0,0,0,1,0,0,1,False,-1,-1,0,0,0,-1
2026-08-21 14:26:09.816,32.22318,False,18.90726,1.101976,-8.51845,0,0,0,1,0,0,1,False,-1,-1,0,0,0,-1
2026-08-21 14:26:09.849,32.25715,False,18.90624,1.102175,-8.523731,0,0,0,1,0,0,1,False,-1,-1,0,0,0,-1
2026-08-21 14:26:09.893,32.30093,False,18.90563,1.106344,-8.531821,0,0,0,1,0,0,1,False,-1,-1,0,0,0,-1
2026-08-21 14:26:09.937,32.34495,False,18.90482,1.10792,-8.537497,0,0,0,1,0,0,1,False,-1,-1,0,0,0,-1
2026-08-21 14:26:09.972,32.38005,False,18.90459,1.107915,-8.541738,0,0,0,1,0,0,1,False,-1,-1,0,0,0,-1
2026-08-21 14:26:10.016,32.42309,False,18.90326,1.107255,-8.547511,0,0,0,1,0,0,1,False,-1,-1,0,0,0,-1
2026-08-21 14:26:10.060,32.46753,False,18.9015,1.108185,-8.553006,0,0,0,1,0,0,1,False,-1,-1,0,0,0,-1
2026-08-21 14:26:10.104,32.51194,False,18.90235,1.112641,-8.560083,0,0,0,1,0,0,1,False,-1,-1,0,0,0,-1
2026-08-21 14:26:10.162,32.54668,False,18.90473,1.118074,-8.565238,0,0,0,1,0,0,1,False,-1,-1,0,0,0,-1
2026-08-21 14:26:10.177,32.58478,False,18.90749,1.124472,-8.571207,0,0,0,1,0,0,1,False,-1,-1,0,0,0,-1
2026-08-21 14:26:10.215,32.62286,False,18.91119,1.128733,-8.575353,0,0,0,1,0,0,1,False,-1,-1,0,0,0,-1
2026-08-21 14:26:10.259,32.66726,False,18.91698,1.130161,-8.576965,0,0,0,1,0,0,1,False,-1,-1,0,0,0,-1
2026-08-21 14:26:10.294,32.70174,False,18.92067,1.127526,-8.575766,0,0,0,1,0,0,1,False,-1,-1,0,0,0,-1
2026-08-21 14:26:10.338,32.74541,False,18.9236,1.118539,-8.571479,0,0,0,1,0,0,1,False,-1,-1,0,0,0,-1
2026-08-21 14:26:10.382,32.79003,False,18.92315,1.104234,-8.566221,0,0,0,1,0,0,1,False,-1,-1,0,0,0,-1
2026-08-21 14:26:10.427,32.83503,False,18.91818,1.08878,-8.560935,0,0,0,1,0,0,1,False,-1,-1,0,0,0,-1
2026-08-21 14:26:10.461,32.86855,False,18.91459,1.082094,-8.558224,0,0,0,1,0,0,1,False,-1,-1,0,0,0,-1
2026-08-21 14:26:10.497,32.90517,False,18.90589,1.072452,-8.554718,0,0,0,1,0,0,1,False,-1,-1,0,0,0,-1
2026-08-21 14:26:10.538,32.94558,False,18.90412,1.080452,-8.552203,0,0,0,1,0,0,1,False,-1,-1,0,0,0,-1
2026-08-21 14:26:10.572,32.97961,False,18.90323,1.08156,-8.552546,0,0,0,1,0,0,1,False,-1,-1,0,0,0,-1
2026-08-21 14:26:10.615,33.02312,False,18.90319,1.084441,-8.55337,0,0,0,1,0,0,1,False,-1,-1,0,0,0,-1
2026-08-21 14:26:10.648,33.05654,False,18.9019,1.084642,-8.553987,0,0,0,1,0,0,1,False,-1,-1,0,0,0,-1
2026-08-21 14:26:10.682,33.09015,False,18.90005,1.085301,-8.553375,0,0,0,1,0,0,1,False,-1,-1,0,0,0,-1
2026-08-21 14:26:10.717,33.12468,False,18.89857,1.086333,-8.552062,0,0,0,1,0,0,1,False,-1,-1,0,0,0,-1
2026-08-21 14:26:10.761,33.1682,False,18.89664,1.086422,-8.551182,0,0,0,1,0,0,1,False,-1,-1,0,0,0,-1
2026-08-21 14:26:10.793,33.20155,False,18.89486,1.086925,-8.550437,0,0,0,1,0,0,1,False,-1,-1,0,0,0,-1
2026-08-21 14:26:10.838,33.24604,False,18.89238,1.088122,-8.550017,0,0,0,1,0,0,1,False,-1,-1,0,0,0,-1
2026-08-21 14:26:10.872,33.27993,False,18.89241,1.088007,-8.549671,0,0,0,1,0,0,1,False,-1,-1,0,0,0,-1
2026-08-21 14:26:10.918,33.32492,False,18.89289,1.086431,-8.549345,0,0,0,1,0,0,1,False,-1,-1,0,0,0,-1
2026-08-21 14:26:10.962,33.36837,False,18.89174,1.085687,-8.546795,0,0,0,1,0,0,1,False,-1,-1,0,0,0,-1
2026-08-21 14:26:10.996,33.40291,False,18.88972,1.085405,-8.54523,0,0,0,1,0,0,1,False,-1,-1,0,0,0,-1
2026-08-21 14:26:11.038,33.44516,False,18.886,1.086317,-8.542507,0,0,0,1,0,0,1,False,-1,-1,0,0,0,-1
2026-08-21 14:26:11.070,33.47889,False,18.88436,1.086863,-8.541856,0,0,0,1,0,0,1,False,-1,-1,0,0,0,-1
2026-08-21 14:26:11.115,33.52327,False,18.88337,1.089668,-8.539594,0,0,0,1,0,0,1,False,-1,-1,0,0,0,-1
2026-08-21 14:26:11.161,33.56834,False,18.88215,1.09607,-8.535648,0,0,0,1,0,0,1,False,-1,-1,0,0,0,-1
2026-08-21 14:26:11.204,33.61196,False,18.88202,1.102574,-8.532466,0,0,0,1,0,0,1,False,-1,-1,0,0,0,-1
2026-08-21 14:26:11.249,33.65631,False,18.8837,1.108473,-8.531205,0,0,0,1,0,0,1,False,-1,-1,0,0,0,-1
2026-08-21 14:26:11.282,33.68966,False,18.88557,1.112922,-8.530857,0,0,0,1,0,0,1,False,-1,-1,0,0,0,-1
2026-08-21 14:26:11.326,33.73432,False,18.8885,1.114561,-8.532544,0,0,0,1,0,0,1,False,-1,-1,0,0,0,-1
2026-08-21 14:26:11.371,33.77866,False,18.89157,1.11544,-8.534416,0,0,0,1,0,0,1,False,-1,-1,0,0,0,-1
2026-08-21 14:26:11.415,33.82207,False,18.89707,1.118106,-8.537617,0,0,0,1,0,0,1,False,-1,-1,0,0,0,-1
2026-08-21 14:26:11.448,33.85688,False,18.90153,1.120228,-8.540015,0,0,0,1,0,0,1,False,-1,-1,0,0,0,-1
2026-08-21 14:26:11.493,33.90091,False,18.90981,1.123188,-8.545189,0,0,0,1,0,0,1,False,-1,-1,0,0,0,-1
2026-08-21 14:26:11.527,33.93449,False,18.91544,1.125455,-8.549632,0,0,0,1,0,0,1,False,-1,-1,0,0,0,-1
2026-08-21 14:26:11.571,33.97853,False,18.92128,1.126353,-8.555846,0,0,0,1,0,0,1,False,-1,-1,0,0,0,-1
2026-08-21 14:26:11.603,34.01188,False,18.92393,1.12621,-8.56059,0,0,0,1,0,0,1,False,-1,-1,0,0,0,-1
2026-08-21 14:26:11.638,34.04525,False,18.92473,1.125674,-8.564301,0,0,0,1,0,0,1,False,-1,-1,0,0,0,-1
2026-08-21 14:26:11.671,34.07899,False,18.92453,1.124424,-8.566532,0,0,0,1,0,0,1,False,-1,-1,0,0,0,-1
2026-08-21 14:26:11.715,34.12287,False,18.92422,1.119697,-8.569945,0,0,0,1,0,0,1,False,-1,-1,0,0,0,-1
2026-08-21 14:26:11.749,34.15684,False,18.92336,1.115862,-8.572309,0,0,0,1,0,0,1,False,-1,-1,0,0,0,-1
2026-08-21 14:26:11.794,34.20103,False,18.92092,1.114259,-8.573367,0,0,0,1,0,0,1,False,-1,-1,0,0,0,-1
2026-08-21 14:26:11.838,34.24538,False,18.91782,1.11178,-8.572853,0,0,0,1,0,0,1,False,-1,-1,0,0,0,-1
2026-08-21 14:26:11.878,34.28592,False,18.91483,1.107913,-8.57218,0,0,0,1,0,0,1,False,-1,-1,0,0,0,-1
2026-08-21 14:26:11.915,34.32284,False,18.91346,1.104587,-8.570505,0,0,0,1,0,0,1,False,-1,-1,0,0,0,-1
2026-08-21 14:26:11.948,34.35652,False,18.91397,1.105182,-8.569301,0,0,0,1,0,0,1,False,-1,-1,0,0,0,-1
2026-08-21 14:26:11.994,34.40166,False,18.91414,1.107045,-8.568517,0,0,0,1,0,0,1,False,-1,-1,0,0,0,-1
2026-08-21 14:26:12.028,34.43593,False,18.91276,1.10842,-8.567651,0,0,0,1,0,0,1,False,-1,-1,0,0,0,-1
2026-08-21 14:26:12.071,34.47896,False,18.90952,1.109726,-8.566219,0,0,0,1,0,0,1,False,-1,-1,0,0,0,-1
2026-08-21 14:26:12.115,34.52306,False,18.907,1.110816,-8.56419,0,0,0,1,0,0,1,False,-1,-1,0,0,0,-1
2026-08-21 14:26:12.162,34.569,False,18.90611,1.110532,-8.56267,0,0,0,1,0,0,1,False,-1,-1,0,0,0,-1
2026-08-21 14:26:12.196,34.60241,False,18.90553,1.109868,-8.56176,0,0,0,1,0,0,1,False,-1,-1,0,0,0,-1
2026-08-21 14:26:12.237,34.64508,False,18.90524,1.108901,-8.560742,0,0,0,1,0,0,1,False,-1,-1,0,0,0,-1
2026-08-21 14:26:12.272,34.67916,False,18.90531,1.108692,-8.560066,0,0,0,1,0,0,1,False,-1,-1,0,0,0,-1
2026-08-21 14:26:12.315,34.72268,False,18.90484,1.108385,-8.559571,0,0,0,1,0,0,1,False,-1,-1,0,0,0,-1
2026-08-21 14:26:12.348,34.75605,False,18.90451,1.108099,-8.558628,0,0,0,1,0,0,1,False,-1,-1,0,0,0,-1
2026-08-21 14:26:12.394,34.80128,False,18.9049,1.10857,-8.557137,0,0,0,1,0,0,1,False,-1,-1,0,0,0,-1
2026-08-21 14:26:12.438,34.84516,False,18.90604,1.108851,-8.55679,0,0,0,1,0,0,1,False,-1,-1,0,0,0,-1
2026-08-21 14:26:12.471,34.87869,False,18.90646,1.108813,-8.556938,0,0,0,1,0,0,1,False,-1,-1,0,0,0,-1
2026-08-21 14:26:12.504,34.91235,False,18.90671,1.10896,-8.556829,0,0,0,1,0,0,1,False,-1,-1,0,0,0,-1
2026-08-21 14:26:12.548,34.95621,False,18.9069,1.108687,-8.556556,0,0,0,1,0,0,1,False,-1,-1,0,0,0,-1
2026-08-21 14:26:12.593,35.00082,False,18.90777,1.108063,-8.556056,0,0,0,1,0,0,1,False,-1,-1,0,0,0,-1
2026-08-21 14:26:12.637,35.04501,False,18.90954,1.107299,-8.555267,0,0,0,1,0,0,1,False,-1,-1,0,0,0,-1
2026-08-21 14:26:12.670,35.07846,False,18.91123,1.10711,-8.554515,0,0,0,1,0,0,1,False,-1,-1,0,0,0,-1
2026-08-21 14:26:12.716,35.12341,False,18.91384,1.10783,-8.553711,0,0,0,1,0,0,1,False,-1,-1,0,0,0,-1
2026-08-21 14:26:12.751,35.15828,False,18.91488,1.108662,-8.553103,0,0,0,1,0,0,1,False,-1,-1,0,0,0,-1
2026-08-21 14:26:12.793,35.20107,False,18.91583,1.109584,-8.552346,0,0,0,1,0,0,1,False,-1,-1,0,0,0,-1
2026-08-21 14:26:12.837,35.24511,False,18.91586,1.110711,-8.551898,0,0,0,1,0,0,1,False,-1,-1,0,0,0,-1
2026-08-21 14:26:12.870,35.27861,False,18.91595,1.112385,-8.551371,0,0,0,1,0,0,1,False,-1,-1,0,0,0,-1
2026-08-21 14:26:12.905,35.3125,False,18.91638,1.112559,-8.551128,0,0,0,1,0,0,1,False,-1,-1,0,0,0,-1
2026-08-21 14:26:12.950,35.35676,False,18.91678,1.111965,-8.551075,0,0,0,1,0,0,1,False,-1,-1,0,0,0,-1
2026-08-21 14:26:12.994,35.40145,False,18.91681,1.111502,-8.550907,0,0,0,1,0,0,1,False,-1,-1,0,0,0,-1
2026-08-21 14:26:13.038,35.44553,False,18.91713,1.111352,-8.55092,0,0,0,1,0,0,1,False,-1,-1,0,0,0,-1
2026-08-21 14:26:13.082,35.48987,False,18.91728,1.111076,-8.551295,0,0,0,1,0,0,1,False,-1,-1,0,0,0,-1
2026-08-21 14:26:13.127,35.53426,False,18.91774,1.110822,-8.551791,0,0,0,1,0,0,1,False,-1,-1,0,0,0,-1
2026-08-21 14:26:13.171,35.57854,False,18.91826,1.110804,-8.552299,0,0,0,1,0,0,1,False,-1,-1,0,0,0,-1
2026-08-21 14:26:13.204,35.61189,False,18.91856,1.110794,-8.552562,0,0,0,1,0,0,1,False,-1,-1,0,0,0,-1
2026-08-21 14:26:13.240,35.64736,False,18.91883,1.110746,-8.55268,0,0,0,1,0,0,1,False,-1,-1,0,0,0,-1
2026-08-21 14:26:13.283,35.69019,False,18.91913,1.110488,-8.552736,0,0,0,1,0,0,1,False,-1,-1,0,0,0,-1
2026-08-21 14:26:13.327,35.73442,False,18.91922,1.110366,-8.552658,0,0,0,1,0,0,1,False,-1,-1,0,0,0,-1
2026-08-21 14:26:13.371,35.77883,False,18.91918,1.110641,-8.552311,0,0,0,1,0,0,1,False,-1,-1,0,0,0,-1
2026-08-21 14:26:13.416,35.82323,False,18.91916,1.110662,-8.552215,0,0,0,1,0,0,1,False,-1,-1,0,0,0,-1
2026-08-21 14:26:13.460,35.86756,False,18.91912,1.110648,-8.552185,0,0,0,1,0,0,1,False,-1,-1,0,0,0,-1
2026-08-21 14:26:13.493,35.90104,False,18.91907,1.110654,-8.552222,0,0,0,1,0,0,1,False,-1,-1,0,0,0,-1
2026-08-21 14:26:13.528,35.93544,False,18.91905,1.110644,-8.552341,0,0,0,1,0,0,1,False,-1,-1,0,0,0,-1
2026-08-21 14:26:13.572,35.97926,False,18.91912,1.110519,-8.552512,0,0,0,1,0,0,1,False,-1,-1,0,0,0,-1
2026-08-21 14:26:13.616,36.02346,False,18.91938,1.110203,-8.552612,0,0,0,1,0,0,1,False,-1,-1,0,0,0,-1
2026-08-21 14:26:13.659,36.0674,False,18.9198,1.109868,-8.552747,0,0,0,1,0,0,1,False,-1,-1,0,0,0,-1
2026-08-21 14:26:13.693,36.1013,False,18.92016,1.109838,-8.552652,0,0,0,1,0,0,1,False,-1,-1,0,0,0,-1
2026-08-21 14:26:13.737,36.14518,False,18.92043,1.109667,-8.552743,0,0,0,1,0,0,1,False,-1,-1,0,0,0,-1
2026-08-21 14:26:13.783,36.18983,False,18.92045,1.109722,-8.552783,0,0,0,1,0,0,1,False,-1,-1,0,0,0,-1
2026-08-21 14:26:13.826,36.23449,False,18.92067,1.109853,-8.552815,0,0,0,1,0,0,1,False,-1,-1,0,0,0,-1
2026-08-21 14:26:13.870,36.27858,False,18.92072,1.109827,-8.552782,0,0,0,1,0,0,1,False,-1,-1,0,0,0,-1
2026-08-21 14:26:13.905,36.31241,False,18.92072,1.109865,-8.552783,0,0,0,1,0,0,1,False,-1,-1,0,0,0,-1
2026-08-21 14:26:13.949,36.35677,False,18.92068,1.109852,-8.552773,0,0,0,1,0,0,1,False,-1,-1,0,0,0,-1
2026-08-21 14:26:13.983,36.39091,False,18.92063,1.10987,-8.552818,0,0,0,1,0,0,1,False,-1,-1,0,0,0,-1
2026-08-21 14:26:14.028,36.43525,False,18.92056,1.110002,-8.55279,0,0,0,1,0,0,1,False,-1,-1,0,0,0,-1
2026-08-21 14:26:14.072,36.47907,False,18.92046,1.110145,-8.553098,0,0,0,1,0,0,1,False,-1,-1,0,0,0,-1
2026-08-21 14:26:14.115,36.52302,False,18.92024,1.110294,-8.553296,0,0,0,1,0,0,1,False,-1,-1,0,0,0,-1
2026-08-21 14:26:14.149,36.55643,False,18.91994,1.110388,-8.553377,0,0,0,1,0,0,1,False,-1,-1,0,0,0,-1
2026-08-21 14:26:14.194,36.60099,False,18.91973,1.110504,-8.553426,0,0,0,1,0,0,1,False,-1,-1,0,0,0,-1
2026-08-21 14:26:14.227,36.63461,False,18.91959,1.110515,-8.553471,0,0,0,1,0,0,1,False,-1,-1,0,0,0,-1
2026-08-21 14:26:14.263,36.66917,False,18.91943,1.110511,-8.553513,0,0,0,1,0,0,1,False,-1,-1,0,0,0,-1
2026-08-21 14:26:14.304,36.71203,False,18.91958,1.110415,-8.553641,0,0,0,1,0,0,1,False,-1,-1,0,0,0,-1
2026-08-21 14:26:14.339,36.74545,False,18.91967,1.110314,-8.553695,0,0,0,1,0,0,1,False,-1,-1,0,0,0,-1
2026-08-21 14:26:14.382,36.7896,False,18.91983,1.110217,-8.553762,0,0,0,1,0,0,1,False,-1,-1,0,0,0,-1
2026-08-21 14:26:14.416,36.82345,False,18.91999,1.11024,-8.553746,0,0,0,1,0,0,1,False,-1,-1,0,0,0,-1
2026-08-21 14:26:14.460,36.8677,False,18.92023,1.110267,-8.553644,0,0,0,1,0,0,1,False,-1,-1,0,0,0,-1
2026-08-21 14:26:14.493,36.90113,False,18.92054,1.110203,-8.553556,0,0,0,1,0,0,1,False,-1,-1,0,0,0,-1
2026-08-21 14:26:14.538,36.94522,False,18.92097,1.110085,-8.553423,0,0,0,1,0,0,1,False,-1,-1,0,0,0,-1
2026-08-21 14:26:14.571,36.97878,False,18.9213,1.110022,-8.5533,0,0,0,1,0,0,1,False,-1,-1,0,0,0,-1
2026-08-21 14:26:14.608,37.01487,False,18.92153,1.109919,-8.55319,0,0,0,1,0,0,1,False,-1,-1,0,0,0,-1
2026-08-21 14:26:14.649,37.05668,False,18.92166,1.109839,-8.553122,0,0,0,1,0,0,1,False,-1,-1,0,0,0,-1
2026-08-21 14:26:14.692,37.10063,False,18.92157,1.109875,-8.553012,0,0,0,1,0,0,1,False,-1,-1,0,0,0,-1
2026-08-21 14:26:14.728,37.13527,False,18.92142,1.109893,-8.552935,0,0,0,1,0,0,1,False,-1,-1,0,0,0,-1
2026-08-21 14:26:14.772,37.17878,False,18.92127,1.109972,-8.552955,0,0,0,1,0,0,1,False,-1,-1,0,0,0,-1
2026-08-21 14:26:14.814,37.22296,False,18.92113,1.110046,-8.553102,0,0,0,1,0,0,1,False,-1,-1,0,0,0,-1
2026-08-21 14:26:14.849,37.25645,False,18.92107,1.11007,-8.553221,0,0,0,1,0,0,1,False,-1,-1,0,0,0,-1
2026-08-21 14:26:14.893,37.30086,False,18.92108,1.110132,-8.553259,0,0,0,1,0,0,1,False,-1,-1,0,0,0,-1
2026-08-21 14:26:14.928,37.33476,False,18.92101,1.110139,-8.553286,0,0,0,1,0,0,1,False,-1,-1,0,0,0,-1
2026-08-21 14:26:14.971,37.37887,False,18.92041,1.110167,-8.553278,0,0,0,1,0,0,1,False,-1,-1,0,0,0,-1
2026-08-21 14:26:15.016,37.42303,False,18.9191,1.110393,-8.553312,0,0,0,1,0,0,1,False,-1,-1,0,0,0,-1
2026-08-21 14:26:15.049,37.45653,False,18.91792,1.11054,-8.553402,0,0,0,1,0,0,1,False,-1,-1,0,0,0,-1
2026-08-21 14:26:15.093,37.50094,False,18.9162,1.110902,-8.553549,0,0,0,1,0,0,1,False,-1,-1,0,0,0,-1
2026-08-21 14:26:15.139,37.54597,False,18.91413,1.111421,-8.554242,0,0,0,1,0,0,1,False,-1,-1,0,0,0,-1
2026-08-21 14:26:15.183,37.58967,False,18.91234,1.112153,-8.555221,0,0,0,1,0,0,1,False,-1,-1,0,0,0,-1
2026-08-21 14:26:15.227,37.63465,False,18.91064,1.112649,-8.556079,0,0,0,1,0,0,1,False,-1,-1,0,0,0,-1
2026-08-21 14:26:15.272,37.67875,False,18.90834,1.113071,-8.557106,0,0,0,1,0,0,1,False,-1,-1,0,0,0,-1
2026-08-21 14:26:15.308,37.71482,False,18.90665,1.11332,-8.557876,0,0,0,1,0,0,1,False,-1,-1,0,0,0,-1
2026-08-21 14:26:15.349,37.75647,False,18.90417,1.113754,-8.559076,0,0,0,1,0,0,1,False,-1,-1,0,0,0,-1
2026-08-21 14:26:15.383,37.79007,False,18.90245,1.113924,-8.559983,0,0,0,1,0,0,1,False,-1,-1,0,0,0,-1
2026-08-21 14:26:15.428,37.83487,False,18.89995,1.11431,-8.560811,0,0,0,1,0,0,1,False,-1,-1,0,0,0,-1
2026-08-21 14:26:15.471,37.87875,False,18.89721,1.114992,-8.561661,0,0,0,1,0,0,1,False,-1,-1,0,0,0,-1
2026-08-21 14:26:15.515,37.92276,False,18.8939,1.115777,-8.562445,0,0,0,1,0,0,1,False,-1,-1,0,0,0,-1
2026-08-21 14:26:15.551,37.95785,False,18.89208,1.116195,-8.563045,0,0,0,1,0,0,1,False,-1,-1,0,0,0,-1
2026-08-21 14:26:15.594,38.00126,False,18.88936,1.116655,-8.563801,0,0,0,1,0,0,1,False,-1,-1,0,0,0,-1
2026-08-21 14:26:15.637,38.04516,False,18.88681,1.117211,-8.564636,0,0,0,1,0,0,1,False,-1,-1,0,0,0,-1
2026-08-21 14:26:15.671,38.07858,False,18.88527,1.116981,-8.565207,0,0,0,1,0,0,1,False,-1,-1,0,0,0,-1
2026-08-21 14:26:15.704,38.11217,False,18.88387,1.116984,-8.565478,0,0,0,1,0,0,1,False,-1,-1,0,0,0,-1
2026-08-21 14:26:15.737,38.14583,False,18.88277,1.11771,-8.565242,0,0,0,1,0,0,1,False,-1,-1,0,0,0,-1
2026-08-21 14:26:15.782,38.19002,False,18.8819,1.117615,-8.565294,0,0,0,1,0,0,1,False,-1,-1,0,0,0,-1
2026-08-21 14:26:15.827,38.23456,False,18.88197,1.117332,-8.564796,0,0,0,1,0,0,1,False,-1,-1,0,0,0,-1
2026-08-21 14:26:15.871,38.27839,False,18.8824,1.117748,-8.564119,0,0,0,1,0,0,1,False,-1,-1,0,0,0,-1
2026-08-21 14:26:15.905,38.31212,False,18.88318,1.118129,-8.563766,0,0,0,1,0,0,1,False,-1,-1,0,0,0,-1
2026-08-21 14:26:15.958,38.35727,False,18.88461,1.118762,-8.563375,0,0,0,1,0,0,1,False,-1,-1,0,0,0,-1
2026-08-21 14:26:15.995,38.40191,False,18.88701,1.119102,-8.562919,0,0,0,1,0,0,1,False,-1,-1,0,0,0,-1
2026-08-21 14:26:16.038,38.44567,False,18.88983,1.119138,-8.562626,0,0,0,1,0,0,1,False,-1,-1,0,0,0,-1
2026-08-21 14:26:16.083,38.49006,False,18.89368,1.118938,-8.562395,0,0,0,1,0,0,1,False,-1,-1,0,0,0,-1
2026-08-21 14:26:16.117,38.52346,False,18.89766,1.118522,-8.562223,0,0,0,1,0,0,1,False,-1,-1,0,0,0,-1
2026-08-21 14:26:16.151,38.55792,False,18.90238,1.11751,-8.56205,0,0,0,1,0,0,1,False,-1,-1,0,0,0,-1
2026-08-21 14:26:16.193,38.601,False,18.91112,1.114572,-8.561932,0,0,0,1,0,0,1,False,-1,-1,0,0,0,-1
2026-08-21 14:26:16.228,38.63508,False,18.91706,1.112696,-8.561615,0,0,0,1,0,0,1,False,-1,-1,0,0,0,-1
2026-08-21 14:26:16.271,38.67912,False,18.92148,1.110918,-8.561554,0,0,0,1,0,0,1,False,-1,-1,0,0,0,-1
2026-08-21 14:26:16.319,38.72464,False,18.92442,1.109988,-8.561258,0,0,0,1,0,0,1,False,-1,-1,0,0,0,-1
2026-08-21 14:26:16.361,38.7678,False,18.92643,1.108507,-8.560924,0,0,0,1,0,0,1,False,-1,-1,0,0,0,-1
2026-08-21 14:26:16.404,38.81202,False,18.92811,1.106457,-8.560437,0,0,0,1,0,0,1,False,-1,-1,0,0,0,-1
2026-08-21 14:26:16.438,38.84572,False,18.92894,1.103782,-8.559928,0,0,0,1,0,0,1,False,-1,-1,0,0,0,-1
2026-08-21 14:26:16.472,38.8792,False,18.92908,1.100086,-8.55915,0,0,0,1,0,0,1,False,-1,-1,0,0,0,-1
2026-08-21 14:26:16.506,38.91345,False,18.92902,1.09651,-8.557986,0,0,0,1,0,0,1,False,-1,-1,0,0,0,-1
2026-08-21 14:26:16.549,38.95695,False,18.92824,1.092924,-8.554927,0,0,0,1,0,0,1,False,-1,-1,0,0,0,-1
2026-08-21 14:26:16.594,39.00129,False,18.92769,1.092946,-8.55125,0,0,0,1,0,0,1,False,-1,-1,0,0,0,-1
2026-08-21 14:26:16.637,39.04518,False,18.92529,1.095532,-8.545976,0,0,0,1,0,0,1,False,-1,-1,0,0,0,-1
2026-08-21 14:26:16.671,39.07851,False,18.92326,1.098431,-8.542898,0,0,0,1,0,0,1,False,-1,-1,0,0,0,-1
2026-08-21 14:26:16.704,39.1124,False,18.9211,1.100859,-8.54028,0,0,0,1,0,0,1,False,-1,-1,0,0,0,-1
2026-08-21 14:26:16.739,39.14682,False,18.91827,1.102508,-8.538144,0,0,0,1,0,0,1,False,-1,-1,0,0,0,-1
2026-08-21 14:26:16.784,39.19035,False,18.91399,1.105621,-8.53447,0,0,0,1,0,0,1,False,-1,-1,0,0,0,-1
2026-08-21 14:26:16.827,39.23447,False,18.90835,1.110324,-8.529859,0,0,0,1,0,0,1,False,-1,-1,0,0,0,-1
2026-08-21 14:26:16.871,39.27887,False,18.90337,1.113458,-8.525747,0,0,0,1,0,0,1,False,-1,-1,0,0,0,-1
2026-08-21 14:26:16.916,39.32318,False,18.89955,1.11504,-8.521759,0,0,0,1,0,0,1,False,-1,-1,0,0,0,-1
2026-08-21 14:26:16.960,39.36791,False,18.89615,1.116494,-8.517931,0,0,0,1,0,0,1,False,-1,-1,0,0,0,-1
2026-08-21 14:26:16.995,39.40176,False,18.89354,1.117422,-8.515462,0,0,0,1,0,0,1,False,-1,-1,0,0,0,-1
2026-08-21 14:26:17.038,39.44534,False,18.89007,1.118141,-8.511499,0,0,0,1,0,0,1,False,-1,-1,0,0,0,-1
2026-08-21 14:26:17.083,39.48969,False,18.88724,1.119633,-8.508135,0,0,0,1,0,0,1,False,-1,-1,0,0,0,-1
2026-08-21 14:26:17.127,39.53429,False,18.88744,1.116823,-8.505157,0,0,0,1,0,0,1,False,-1,-1,0,0,0,-1
2026-08-21 14:26:17.161,39.56836,False,18.88789,1.115874,-8.503661,0,0,0,1,0,0,1,False,-1,-1,0,0,0,-1
2026-08-21 14:26:17.204,39.61186,False,18.88885,1.115825,-8.5008,0,0,0,1,0,0,1,False,-1,-1,0,0,0,-1
2026-08-21 14:26:17.238,39.64539,False,18.88962,1.115545,-8.499155,0,0,0,1,0,0,1,False,-1,-1,0,0,0,-1
2026-08-21 14:26:17.282,39.68966,False,18.89064,1.115135,-8.497188,0,0,0,1,0,0,1,False,-1,-1,0,0,0,-1
2026-08-21 14:26:17.332,39.73997,False,18.89103,1.11459,-8.495497,0,0,0,1,0,0,1,False,-1,-1,0,0,0,-1
2026-08-21 14:26:17.373,39.78024,False,18.89028,1.113947,-8.494637,0,0,0,1,0,0,1,False,-1,-1,0,0,0,-1
2026-08-21 14:26:17.417,39.8232,False,18.88803,1.113625,-8.493876,0,0,0,1,0,0,1,False,-1,-1,0,0,0,-1
2026-08-21 14:26:17.460,39.86765,False,18.88592,1.113856,-8.493906,0,0,0,1,0,0,1,False,-1,-1,0,0,0,-1
2026-08-21 14:26:17.505,39.9127,False,18.88403,1.113875,-8.494168,0,0,0,1,0,0,1,False,-1,-1,0,0,0,-1
2026-08-21 14:26:17.549,39.95622,False,18.88237,1.11392,-8.494437,0,0,0,1,0,0,1,False,-1,-1,0,0,0,-1
2026-08-21 14:26:17.586,39.99364,False,18.88122,1.113852,-8.494307,0,0,0,1,0,0,1,False,-1,-1,0,0,0,-1
2026-08-21 14:26:17.626,40.03436,False,18.87938,1.11388,-8.494553,0,0,0,1,0,0,1,False,-1,-1,0,0,0,-1
2026-08-21 14:26:17.662,40.06881,False,18.87687,1.11396,-8.494835,0,0,0,1,0,0,1,False,-1,-1,0,0,0,-1
2026-08-21 14:26:17.704,40.1118,False,18.87197,1.11405,-8.495275,0,0,0,1,0,0,1,False,-1,-1,0,0,0,-1
2026-08-21 14:26:17.737,40.14529,False,18.86765,1.114084,-8.495381,0,0,0,1,0,0,1,False,-1,-1,0,0,0,-1
2026-08-21 14:26:17.771,40.17907,False,18.86406,1.115396,-8.495184,0,0,0,1,0,0,1,False,-1,-1,0,0,0,-1
2026-08-21 14:26:17.816,40.22312,False,18.85916,1.112357,-8.49458,0,0,0,1,0,0,1,False,-1,-1,0,0,0,-1
2026-08-21 14:26:17.860,40.2673,False,18.85424,1.107417,-8.492671,0,0,0,1,0,0,1,False,-1,-1,0,0,0,-1
2026-08-21 14:26:17.894,40.3008,False,18.8511,1.107438,-8.491402,0,0,0,1,0,0,1,False,-1,-1,0,0,0,-1
2026-08-21 14:26:17.927,40.33431,False,18.84803,1.108042,-8.490789,0,0,0,1,0,0,1,False,-1,-1,0,0,0,-1
2026-08-21 14:26:17.971,40.37843,False,18.84467,1.107817,-8.489698,0,0,0,1,0,0,1,False,-1,-1,0,0,0,-1
2026-08-21 14:26:18.006,40.41277,False,18.84247,1.108045,-8.488959,0,0,0,1,0,0,1,False,-1,-1,0,0,0,-1
2026-08-21 14:26:18.049,40.45679,False,18.84074,1.108729,-8.488358,0,0,0,1,0,0,1,False,-1,-1,0,0,0,-1
2026-08-21 14:26:18.083,40.49019,False,18.83991,1.108715,-8.487891,0,0,0,1,0,0,1,False,-1,-1,0,0,0,-1
2026-08-21 14:26:18.127,40.53431,False,18.83953,1.109115,-8.487471,0,0,0,1,0,0,1,False,-1,-1,0,0,0,-1
2026-08-21 14:26:18.172,40.57954,False,18.83964,1.110422,-8.487607,0,0,0,1,0,0,1,False,-1,-1,0,0,0,-1
2026-08-21 14:26:18.217,40.62349,False,18.84027,1.111937,-8.487849,0,0,0,1,0,0,1,False,-1,-1,0,0,0,-1
2026-08-21 14:26:18.250,40.65795,False,18.84109,1.112342,-8.487904,0,0,0,1,0,0,1,False,-1,-1,0,0,0,-1
2026-08-21 14:26:18.295,40.70214,False,18.84269,1.113351,-8.487991,0,0,0,1,0,0,1,False,-1,-1,0,0,0,-1
2026-08-21 14:26:18.329,40.7356,False,18.84387,1.114434,-8.488344,0,0,0,1,0,0,1,False,-1,-1,0,0,0,-1
2026-08-21 14:26:18.362,40.76901,False,18.84476,1.115442,-8.488794,0,0,0,1,0,0,1,False,-1,-1,0,0,0,-1
2026-08-21 14:26:18.397,40.80383,False,18.84593,1.117363,-8.48934,0,0,0,1,0,0,1,False,-1,-1,0,0,0,-1
2026-08-21 14:26:18.440,40.84684,False,18.84684,1.11912,-8.490709,0,0,0,1,0,0,1,False,-1,-1,0,0,0,-1
2026-08-21 14:26:18.483,40.88984,False,18.84721,1.120316,-8.49177,0,0,0,1,0,0,1,False,-1,-1,0,0,0,-1
2026-08-21 14:26:18.517,40.92436,False,18.84734,1.121133,-8.492489,0,0,0,1,0,0,1,False,-1,-1,0,0,0,-1
2026-08-21 14:26:18.560,40.96748,False,18.84755,1.12168,-8.492944,0,0,0,1,0,0,1,False,-1,-1,0,0,0,-1
2026-08-21 14:26:18.605,41.01239,False,18.84775,1.121734,-8.493089,0,0,0,1,0,0,1,False,-1,-1,0,0,0,-1
2026-08-21 14:26:18.638,41.04596,False,18.84752,1.121493,-8.493004,0,0,0,1,0,0,1,False,-1,-1,0,0,0,-1
2026-08-21 14:26:18.686,41.08994,False,18.84695,1.121589,-8.492821,0,0,0,1,0,0,1,False,-1,-1,0,0,0,-1
2026-08-21 14:26:18.727,41.13438,False,18.84691,1.121514,-8.492104,0,0,0,1,0,0,1,False,-1,-1,0,0,0,-1
2026-08-21 14:26:18.762,41.16896,False,18.84711,1.121204,-8.491502,0,0,0,1,0,0,1,False,-1,-1,0,0,0,-1
2026-08-21 14:26:18.804,41.21169,False,18.84766,1.118923,-8.490477,0,0,0,1,0,0,1,False,-1,-1,0,0,0,-1
2026-08-21 14:26:18.838,41.24546,False,18.84807,1.117741,-8.489447,0,0,0,1,0,0,1,False,-1,-1,0,0,0,-1
2026-08-21 14:26:18.889,41.29599,False,18.84864,1.116417,-8.488724,0,0,0,1,0,0,1,False,-1,-1,0,0,0,-1
2026-08-21 14:26:18.924,41.33014,False,18.84719,1.112257,-8.4883,0,0,0,1,0,0,1,False,-1,-1,0,0,0,-1
2026-08-21 14:26:18.962,41.3687,False,18.84502,1.10915,-8.488086,0,0,0,1,0,0,1,False,-1,-1,0,0,0,-1
2026-08-21 14:26:19.007,41.41439,False,18.84265,1.100841,-8.487065,0,0,0,1,0,0,1,False,-1,-1,0,0,0,-1
2026-08-21 14:26:19.051,41.45764,False,18.84453,1.091461,-8.485199,0,0,0,1,0,0,1,False,-1,-1,0,0,0,-1
2026-08-21 14:26:19.085,41.49192,False,18.84675,1.085024,-8.485044,0,0,0,1,0,0,1,False,-1,-1,0,0,0,-1
2026-08-21 14:26:19.128,41.53555,False,18.85099,1.080498,-8.485892,0,0,0,1,0,0,1,False,-1,-1,0,0,0,-1
2026-08-21 14:26:19.173,41.57939,False,18.85572,1.077316,-8.48878,0,0,0,1,0,0,1,False,-1,-1,0,0,0,-1
2026-08-21 14:26:19.207,41.61499,False,18.85972,1.072777,-8.492649,0,0,0,1,0,0,1,False,-1,-1,0,0,0,-1
2026-08-21 14:26:19.265,41.65692,False,18.86586,1.068242,-8.501524,0,0,0,1,0,0,1,False,-1,-1,0,0,0,-1
2026-08-21 14:26:19.290,41.69604,False,18.86949,1.071218,-8.508561,0,0,0,1,0,0,1,False,-1,-1,0,0,0,-1
2026-08-21 14:26:19.329,41.73596,False,18.87209,1.073828,-8.51263,0,0,0,1,0,0,1,False,-1,-1,0,0,0,-1
2026-08-21 14:26:19.372,41.77991,False,18.87542,1.0726,-8.519008,0,0,0,1,0,0,1,False,-1,-1,0,0,0,-1
2026-08-21 14:26:19.407,41.81353,False,18.87626,1.072293,-8.522595,0,0,0,1,0,0,1,False,-1,-1,0,0,0,-1
2026-08-21 14:26:19.444,41.85025,False,18.87967,1.069588,-8.527711,0,0,0,1,0,0,1,False,-1,-1,0,0,0,-1
2026-08-21 14:26:19.483,41.89086,False,18.88414,1.067606,-8.530935,0,0,0,1,0,0,1,False,-1,-1,0,0,0,-1
2026-08-21 14:26:19.528,41.93482,False,18.88599,1.064335,-8.535015,0,0,0,1,0,0,1,False,-1,-1,0,0,0,-1
2026-08-21 14:26:19.562,41.96844,False,18.88555,1.063111,-8.538055,0,0,0,1,0,0,1,False,-1,-1,0,0,0,-1
2026-08-21 14:26:19.605,42.01201,False,18.88632,1.062991,-8.540442,0,0,0,1,0,0,1,False,-1,-1,0,0,0,-1
2026-08-21 14:26:19.639,42.04571,False,18.88678,1.065501,-8.54051,0,0,0,1,0,0,1,False,-1,-1,0,0,0,-1
2026-08-21 14:26:19.673,42.07948,False,18.88819,1.069189,-8.53903,0,0,0,1,0,0,1,False,-1,-1,0,0,0,-1
2026-08-21 14:26:19.716,42.1229,False,18.88884,1.073303,-8.537317,0,0,0,1,0,0,1,False,-1,-1,0,0,0,-1
2026-08-21 14:26:19.750,42.15714,False,18.88866,1.074514,-8.536419,0,0,0,1,0,0,1,False,-1,-1,0,0,0,-1
2026-08-21 14:26:19.795,42.2021,False,18.88839,1.073896,-8.536192,0,0,0,1,0,0,1,False,-1,-1,0,0,0,-1
2026-08-21 14:26:19.838,42.24559,False,18.88744,1.072096,-8.537596,0,0,0,1,0,0,1,False,-1,-1,0,0,0,-1
2026-08-21 14:26:19.884,42.2902,False,18.88748,1.070596,-8.539358,0,0,0,1,0,0,1,False,-1,-1,0,0,0,-1
2026-08-21 14:26:19.926,42.33437,False,18.88887,1.070414,-8.541581,0,0,0,1,0,0,1,False,-1,-1,0,0,0,-1
2026-08-21 14:26:19.961,42.3678,False,18.89054,1.070429,-8.542705,0,0,0,1,0,0,1,False,-1,-1,0,0,0,-1
2026-08-21 14:26:20.005,42.41262,False,18.89294,1.070379,-8.543828,0,0,0,1,0,0,1,False,-1,-1,0,0,0,-1
2026-08-21 14:26:20.039,42.44626,False,18.8944,1.070282,-8.5443,0,0,0,1,0,0,1,False,-1,-1,0,0,0,-1
2026-08-21 14:26:20.082,42.48972,False,18.89617,1.070411,-8.543967,0,0,0,1,0,0,1,False,-1,-1,0,0,0,-1
2026-08-21 14:26:20.116,42.5234,False,18.89676,1.071435,-8.542521,0,0,0,1,0,0,1,False,-1,-1,0,0,0,-1
2026-08-21 14:26:20.160,42.56749,False,18.8968,1.072678,-8.539102,0,0,0,1,0,0,1,False,-1,-1,0,0,0,-1
2026-08-21 14:26:20.194,42.60094,False,18.89724,1.073757,-8.537853,0,0,0,1,0,0,1,False,-1,-1,0,0,0,-1
2026-08-21 14:26:20.229,42.63666,False,18.89808,1.075042,-8.536424,0,0,0,1,0,0,1,False,-1,-1,0,0,0,-1
2026-08-21 14:26:20.270,42.6784,False,18.90379,1.078288,-8.536039,0,0,0,1,0,0,1,False,-1,-1,0,0,0,-1
2026-08-21 14:26:20.305,42.71265,False,18.90771,1.079066,-8.536311,0,0,0,1,0,0,1,False,-1,-1,0,0,0,-1
2026-08-21 14:26:20.349,42.75662,False,18.9192,1.082841,-8.539903,0,0,0,1,0,0,1,False,-1,-1,0,0,0,-1
2026-08-21 14:26:20.393,42.80126,False,18.92347,1.088465,-8.541341,0,0,0,1,0,0,1,False,-1,-1,0,0,0,-1
2026-08-21 14:26:20.427,42.83463,False,18.9234,1.089713,-8.543345,0,0,0,1,0,0,1,False,-1,-1,0,0,0,-1
2026-08-21 14:26:20.462,42.86953,False,18.92361,1.090114,-8.546829,0,0,0,1,0,0,1,False,-1,-1,0,0,0,-1
2026-08-21 14:26:20.505,42.91245,False,18.91769,1.088936,-8.548198,0,0,0,1,0,0,1,False,-1,-1,0,0,0,-1
2026-08-21 14:26:20.549,42.9565,False,18.91022,1.084888,-8.549864,0,0,0,1,0,0,1,False,-1,-1,0,0,0,-1
2026-08-21 14:26:20.583,42.98998,False,18.90713,1.079898,-8.5514,0,0,0,1,0,0,1,False,-1,-1,0,0,0,-1
2026-08-21 14:26:20.627,43.03424,False,18.90731,1.074151,-8.553822,0,0,0,1,0,0,1,False,-1,-1,0,0,0,-1
2026-08-21 14:26:20.662,43.06809,False,18.90927,1.06749,-8.558606,0,0,0,1,0,0,1,False,-1,-1,0,0,0,-1
2026-08-21 14:26:20.706,43.11287,False,18.91207,1.070276,-8.56056,0,0,0,1,0,0,1,False,-1,-1,0,0,0,-1
2026-08-21 14:26:20.750,43.1571,False,18.91208,1.073465,-8.561837,0,0,0,1,0,0,1,False,-1,-1,0,0,0,-1
2026-08-21 14:26:20.785,43.19156,False,18.91162,1.07451,-8.564135,0,0,0,1,0,0,1,False,-1,-1,0,0,0,-1
2026-08-21 14:26:20.827,43.23493,False,18.91212,1.075347,-8.563341,0,0,0,1,0,0,1,False,-1,-1,0,0,0,-1
2026-08-21 14:26:20.871,43.27859,False,18.91278,1.075175,-8.560058,0,0,0,1,0,0,1,False,-1,-1,0,0,0,-1
2026-08-21 14:26:20.905,43.31251,False,18.91267,1.075193,-8.556893,0,0,0,1,0,0,1,False,-1,-1,0,0,0,-1
2026-08-21 14:26:20.950,43.35675,False,18.9113,1.075694,-8.552808,0,0,0,1,0,0,1,False,-1,-1,0,0,0,-1
2026-08-21 14:26:20.994,43.40084,False,18.90912,1.075521,-8.550417,0,0,0,1,0,0,1,False,-1,-1,0,0,0,-1
2026-08-21 14:26:21.027,43.43477,False,18.90639,1.075215,-8.550434,0,0,0,1,0,0,1,False,-1,-1,0,0,0,-1
2026-08-21 14:26:21.062,43.46859,False,18.90401,1.074945,-8.549727,0,0,0,1,0,0,1,False,-1,-1,0,0,0,-1
2026-08-21 14:26:21.104,43.51201,False,18.90211,1.075794,-8.549025,0,0,0,1,0,0,1,False,-1,-1,0,0,0,-1
2026-08-21 14:26:21.149,43.55636,False,18.90048,1.075149,-8.546525,0,0,0,1,0,0,1,False,-1,-1,0,0,0,-1
2026-08-21 14:26:21.183,43.58974,False,18.8995,1.07494,-8.545294,0,0,0,1,0,0,1,False,-1,-1,0,0,0,-1
2026-08-21 14:26:21.228,43.63544,False,18.8987,1.073592,-8.543898,0,0,0,1,0,0,1,False,-1,-1,0,0,0,-1
2026-08-21 14:26:21.272,43.67886,False,18.89911,1.074245,-8.542596,0,0,0,1,0,0,1,False,-1,-1,0,0,0,-1
2026-08-21 14:26:21.316,43.72339,False,18.89953,1.074138,-8.542255,0,0,0,1,0,0,1,False,-1,-1,0,0,0,-1
2026-08-21 14:26:21.360,43.7675,False,18.89998,1.074066,-8.541381,0,0,0,1,0,0,1,False,-1,-1,0,0,0,-1
2026-08-21 14:26:21.394,43.80083,False,18.90021,1.073766,-8.540947,0,0,0,1,0,0,1,False,-1,-1,0,0,0,-1
2026-08-21 14:26:21.437,43.84526,False,18.90065,1.072844,-8.54081,0,0,0,1,0,0,1,False,-1,-1,0,0,0,-1
2026-08-21 14:26:21.473,43.88048,False,18.90041,1.072738,-8.540565,0,0,0,1,0,0,1,False,-1,-1,0,0,0,-1
2026-08-21 14:26:21.518,43.92451,False,18.90001,1.073348,-8.539247,0,0,0,1,0,0,1,False,-1,-1,0,0,0,-1
2026-08-21 14:26:21.559,43.96698,False,18.9003,1.073689,-8.537597,0,0,0,1,0,0,1,False,-1,-1,0,0,0,-1
2026-08-21 14:26:21.593,44.00084,False,18.90075,1.073767,-8.535773,0,0,0,1,0,0,1,False,-1,-1,0,0,0,-1
2026-08-21 14:26:21.627,44.03458,False,18.90022,1.074247,-8.533038,0,0,0,1,0,0,1,False,-1,-1,0,0,0,-1
2026-08-21 14:26:21.661,44.06829,False,18.89912,1.074501,-8.530708,0,0,0,1,0,0,1,False,-1,-1,0,0,0,-1
2026-08-21 14:26:21.697,44.10431,False,18.89885,1.074181,-8.528892,0,0,0,1,0,0,1,False,-1,-1,0,0,0,-1
2026-08-21 14:26:21.739,44.14605,False,18.89991,1.073453,-8.527801,0,0,0,1,0,0,1,False,-1,-1,0,0,0,-1
2026-08-21 14:26:21.772,44.17998,False,18.90086,1.073355,-8.526999,0,0,0,1,0,0,1,False,-1,-1,0,0,0,-1
2026-08-21 14:26:21.816,44.22386,False,18.9021,1.073653,-8.526135,0,0,0,1,0,0,1,False,-1,-1,0,0,0,-1
2026-08-21 14:26:21.861,44.26815,False,18.90273,1.074574,-8.525269,0,0,0,1,0,0,1,False,-1,-1,0,0,0,-1
2026-08-21 14:26:21.894,44.30179,False,18.90326,1.075062,-8.52537,0,0,0,1,0,0,1,False,-1,-1,0,0,0,-1
2026-08-21 14:26:21.938,44.34599,False,18.90389,1.075604,-8.525558,0,0,0,1,0,0,1,False,-1,-1,0,0,0,-1
2026-08-21 14:26:21.972,44.3796,False,18.90436,1.075667,-8.525822,0,0,0,1,0,0,1,False,-1,-1,0,0,0,-1
2026-08-21 14:26:22.006,44.41325,False,18.90467,1.075738,-8.526173,0,0,0,1,0,0,1,False,-1,-1,0,0,0,-1
2026-08-21 14:26:22.048,44.45668,False,18.90479,1.074995,-8.52707,0,0,0,1,0,0,1,False,-1,-1,0,0,0,-1
2026-08-21 14:26:22.087,44.4946,False,18.90497,1.074092,-8.527707,0,0,0,1,0,0,1,False,-1,-1,0,0,0,-1
2026-08-21 14:26:22.126,44.5345,False,18.90494,1.073603,-8.528069,0,0,0,1,0,0,1,False,-1,-1,0,0,0,-1
2026-08-21 14:26:22.161,44.56838,False,18.90439,1.074161,-8.528175,0,0,0,1,0,0,1,False,-1,-1,0,0,0,-1
2026-08-21 14:26:22.204,44.61243,False,18.90345,1.075241,-8.528533,0,0,0,1,0,0,1,False,-1,-1,0,0,0,-1
2026-08-21 14:26:22.238,44.64613,False,18.90186,1.076717,-8.528761,0,0,0,1,0,0,1,False,-1,-1,0,0,0,-1
2026-08-21 14:26:22.273,44.67986,False,18.90001,1.077994,-8.528983,0,0,0,1,0,0,1,False,-1,-1,0,0,0,-1
2026-08-21 14:26:22.315,44.72295,False,18.89753,1.07747,-8.529155,0,0,0,1,0,0,1,False,-1,-1,0,0,0,-1
2026-08-21 14:26:22.359,44.76755,False,18.89673,1.076723,-8.52875,0,0,0,1,0,0,1,False,-1,-1,0,0,0,-1
2026-08-21 14:26:22.404,44.81197,False,18.89644,1.07561,-8.528491,0,0,0,1,0,0,1,False,-1,-1,0,0,0,-1
2026-08-21 14:26:22.447,44.85575,False,18.89733,1.074834,-8.528431,0,0,0,1,0,0,1,False,-1,-1,0,0,0,-1
2026-08-21 14:26:22.482,44.89009,False,18.89762,1.075113,-8.528516,0,0,0,1,0,0,1,False,-1,-1,0,0,0,-1
2026-08-21 14:26:22.516,44.92456,False,18.89788,1.075112,-8.528852,0,0,0,1,0,0,1,False,-1,-1,0,0,0,-1
2026-08-21 14:26:22.560,44.96731,False,18.89817,1.076143,-8.52836,0,0,0,1,0,0,1,False,-1,-1,0,0,0,-1
2026-08-21 14:26:22.604,45.0119,False,18.89857,1.07655,-8.528228,0,0,0,1,0,0,1,False,-1,-1,0,0,0,-1
2026-08-21 14:26:22.638,45.04539,False,18.89921,1.07704,-8.528364,0,0,0,1,0,0,1,False,-1,-1,0,0,0,-1
2026-08-21 14:26:22.671,45.07882,False,18.89976,1.077248,-8.528417,0,0,0,1,0,0,1,False,-1,-1,0,0,0,-1
2026-08-21 14:26:22.718,45.12447,False,18.9,1.077977,-8.528265,0,0,0,1,0,0,1,False,-1,-1,0,0,0,-1
2026-08-21 14:26:22.761,45.16909,False,18.89991,1.078577,-8.527969,0,0,0,1,0,0,1,False,-1,-1,0,0,0,-1
2026-08-21 14:26:22.804,45.21262,False,18.89966,1.079123,-8.527941,0,0,0,1,0,0,1,False,-1,-1,0,0,0,-1
2026-08-21 14:26:22.848,45.25621,False,18.89932,1.079797,-8.528008,0,0,0,1,0,0,1,False,-1,-1,0,0,0,-1
2026-08-21 14:26:22.882,45.28976,False,18.89952,1.080012,-8.528051,0,0,0,1,0,0,1,False,-1,-1,0,0,0,-1
2026-08-21 14:26:22.926,45.33382,False,18.89956,1.080171,-8.527894,0,0,0,1,0,0,1,False,-1,-1,0,0,0,-1
2026-08-21 14:26:22.960,45.36718,False,18.89948,1.07982,-8.527797,0,0,0,1,0,0,1,False,-1,-1,0,0,0,-1
2026-08-21 14:26:23.003,45.41171,False,18.89902,1.079574,-8.527309,0,0,0,1,0,0,1,False,-1,-1,0,0,0,-1
2026-08-21 14:26:23.038,45.44507,False,18.89869,1.079373,-8.526933,0,0,0,1,0,0,1,False,-1,-1,0,0,0,-1
2026-08-21 14:26:23.071,45.47888,False,18.8983,1.079473,-8.526415,0,0,0,1,0,0,1,False,-1,-1,0,0,0,-1
2026-08-21 14:26:23.105,45.51303,False,18.89808,1.0795,-8.526071,0,0,0,1,0,0,1,False,-1,-1,0,0,0,-1
2026-08-21 14:26:23.147,45.55607,False,18.89823,1.079423,-8.525709,0,0,0,1,0,0,1,False,-1,-1,0,0,0,-1
2026-08-21 14:26:23.182,45.58956,False,18.89839,1.079489,-8.525524,0,0,0,1,0,0,1,False,-1,-1,0,0,0,-1
2026-08-21 14:26:23.226,45.63425,False,18.89843,1.079392,-8.525459,0,0,0,1,0,0,1,False,-1,-1,0,0,0,-1
2026-08-21 14:26:23.261,45.66864,False,18.89839,1.079318,-8.525483,0,0,0,1,0,0,1,False,-1,-1,0,0,0,-1
2026-08-21 14:26:23.305,45.71289,False,18.89822,1.079396,-8.525566,0,0,0,1,0,0,1,False,-1,-1,0,0,0,-1
2026-08-21 14:26:23.349,45.75623,False,18.89824,1.079475,-8.525671,0,0,0,1,0,0,1,False,-1,-1,0,0,0,-1
2026-08-21 14:26:23.382,45.78963,False,18.89834,1.079463,-8.52581,0,0,0,1,0,0,1,False,-1,-1,0,0,0,-1
2026-08-21 14:26:23.425,45.83384,False,18.89837,1.079457,-8.52597,0,0,0,1,0,0,1,False,-1,-1,0,0,0,-1
2026-08-21 14:26:23.460,45.86736,False,18.89835,1.079411,-8.526073,0,0,0,1,0,0,1,False,-1,-1,0,0,0,-1
2026-08-21 14:26:23.493,45.9007,False,18.89834,1.0794,-8.52596,0,0,0,1,0,0,1,False,-1,-1,0,0,0,-1
2026-08-21 14:26:23.526,45.93412,False,18.89836,1.079336,-8.526036,0,0,0,1,0,0,1,False,-1,-1,0,0,0,-1
2026-08-21 14:26:23.560,45.96761,False,18.89829,1.079344,-8.52609,0,0,0,1,0,0,1,False,-1,-1,0,0,0,-1
2026-08-21 14:26:23.604,46.01189,False,18.89815,1.079502,-8.526093,0,0,0,1,0,0,1,False,-1,-1,0,0,0,-1
2026-08-21 14:26:23.648,46.05594,False,18.898,1.079646,-8.526011,0,0,0,1,0,0,1,False,-1,-1,0,0,0,-1
2026-08-21 14:26:23.682,46.08955,False,18.89786,1.079726,-8.525802,0,0,0,1,0,0,1,False,-1,-1,0,0,0,-1
2026-08-21 14:26:23.726,46.1343,False,18.89776,1.07979,-8.525881,0,0,0,1,0,0,1,False,-1,-1,0,0,0,-1
2026-08-21 14:26:23.772,46.17915,False,18.89768,1.079892,-8.525955,0,0,0,1,0,0,1,False,-1,-1,0,0,0,-1
2026-08-21 14:26:23.805,46.21254,False,18.89767,1.079939,-8.526002,0,0,0,1,0,0,1,False,-1,-1,0,0,0,-1
2026-08-21 14:26:23.848,46.25592,False,18.89763,1.079933,-8.526043,0,0,0,1,0,0,1,False,-1,-1,0,0,0,-1
2026-08-21 14:26:23.882,46.28948,False,18.89757,1.079863,-8.526082,0,0,0,1,0,0,1,False,-1,-1,0,0,0,-1
2026-08-21 14:26:23.915,46.32298,False,18.89756,1.079923,-8.525949,0,0,0,1,0,0,1,False,-1,-1,0,0,0,-1
2026-08-21 14:26:23.960,46.36724,False,18.89749,1.079913,-8.526046,0,0,0,1,0,0,1,False,-1,-1,0,0,0,-1
2026-08-21 14:26:23.992,46.40069,False,18.89741,1.079931,-8.526098,0,0,0,1,0,0,1,False,-1,-1,0,0,0,-1
2026-08-21 14:26:24.027,46.43406,False,18.89743,1.079961,-8.526168,0,0,0,1,0,0,1,False,-1,-1,0,0,0,-1
2026-08-21 14:26:24.071,46.47835,False,18.89745,1.080011,-8.52625,0,0,0,1,0,0,1,False,-1,-1,0,0,0,-1
2026-08-21 14:26:24.114,46.52286,False,18.89746,1.08005,-8.526116,0,0,0,1,0,0,1,False,-1,-1,0,0,0,-1
2026-08-21 14:26:24.160,46.56704,False,18.89751,1.079968,-8.52612,0,0,0,1,0,0,1,False,-1,-1,0,0,0,-1
2026-08-21 14:26:24.193,46.60067,False,18.89755,1.079901,-8.526018,0,0,0,1,0,0,1,False,-1,-1,0,0,0,-1
2026-08-21 14:26:24.226,46.63417,False,18.89763,1.079854,-8.525983,0,0,0,1,0,0,1,False,-1,-1,0,0,0,-1
2026-08-21 14:26:24.270,46.67845,False,18.89787,1.079803,-8.525856,0,0,0,1,0,0,1,False,-1,-1,0,0,0,-1
2026-08-21 14:26:24.316,46.72312,False,18.89799,1.079745,-8.525883,0,0,0,1,0,0,1,False,-1,-1,0,0,0,-1
2026-08-21 14:26:24.350,46.75708,False,18.89805,1.079668,-8.525865,0,0,0,1,0,0,1,False,-1,-1,0,0,0,-1
2026-08-21 14:26:24.392,46.8007,False,18.89805,1.079549,-8.525793,0,0,0,1,0,0,1,False,-1,-1,0,0,0,-1
2026-08-21 14:26:24.437,46.84521,False,18.89819,1.079459,-8.525438,0,0,0,1,0,0,1,False,-1,-1,0,0,0,-1
2026-08-21 14:26:24.482,46.89029,False,18.89845,1.079247,-8.525454,0,0,0,1,0,0,1,False,-1,-1,0,0,0,-1
2026-08-21 14:26:24.526,46.93431,False,18.89871,1.079136,-8.525463,0,0,0,1,0,0,1,False,-1,-1,0,0,0,-1
2026-08-21 14:26:24.573,46.98,False,18.89892,1.079039,-8.525268,0,0,0,1,0,0,1,False,-1,-1,0,0,0,-1
2026-08-21 14:26:24.615,47.02267,False,18.89898,1.0789,-8.525139,0,0,0,1,0,0,1,False,-1,-1,0,0,0,-1
2026-08-21 14:26:24.648,47.05607,False,18.899,1.07875,-8.524977,0,0,0,1,0,0,1,False,-1,-1,0,0,0,-1
2026-08-21 14:26:24.682,47.08968,False,18.89902,1.078701,-8.524817,0,0,0,1,0,0,1,False,-1,-1,0,0,0,-1
2026-08-21 14:26:24.726,47.13401,False,18.89888,1.078693,-8.524773,0,0,0,1,0,0,1,False,-1,-1,0,0,0,-1
2026-08-21 14:26:24.761,47.16834,False,18.89878,1.07871,-8.52488,0,0,0,1,0,0,1,False,-1,-1,0,0,0,-1
2026-08-21 14:26:24.804,47.21198,False,18.89874,1.078739,-8.525061,0,0,0,1,0,0,1,False,-1,-1,0,0,0,-1
2026-08-21 14:26:24.861,47.26873,False,18.89871,1.078734,-8.525369,0,0,0,1,0,0,1,False,-1,-1,0,0,0,-1
2026-08-21 14:26:24.894,47.30219,False,18.89847,1.078822,-8.525838,0,0,0,1,0,0,1,False,-1,-1,0,0,0,-1
2026-08-21 14:26:24.937,47.34459,False,18.89831,1.078838,-8.525959,0,0,0,1,0,0,1,False,-1,-1,0,0,0,-1
2026-08-21 14:26:24.971,47.37883,False,18.89808,1.078826,-8.525973,0,0,0,1,0,0,1,False,-1,-1,0,0,0,-1
2026-08-21 14:26:25.015,47.42295,False,18.89765,1.078815,-8.526155,0,0,0,1,0,0,1,False,-1,-1,0,0,0,-1
2026-08-21 14:26:25.060,47.46711,False,18.89711,1.07887,-8.526269,0,0,0,1,0,0,1,False,-1,-1,0,0,0,-1
2026-08-21 14:26:25.093,47.50124,False,18.89676,1.079,-8.526495,0,0,0,1,0,0,1,False,-1,-1,0,0,0,-1
2026-08-21 14:26:25.138,47.54514,False,18.89699,1.079763,-8.52702,0,0,0,1,0,0,1,False,-1,-1,0,0,0,-1
2026-08-21 14:26:25.172,47.58038,False,18.89756,1.080622,-8.527807,0,0,0,1,0,0,1,False,-1,-1,0,0,0,-1
2026-08-21 14:26:25.206,47.61386,False,18.89765,1.081413,-8.528994,0,0,0,1,0,0,1,False,-1,-1,0,0,0,-1
2026-08-21 14:26:25.248,47.65578,False,18.89736,1.082588,-8.530066,0,0,0,1,0,0,1,False,-1,-1,0,0,0,-1
2026-08-21 14:26:25.282,47.68949,False,18.8969,1.083675,-8.530972,0,0,0,1,0,0,1,False,-1,-1,0,0,0,-1
2026-08-21 14:26:25.316,47.72285,False,18.89666,1.083983,-8.532376,0,0,0,1,0,0,1,False,-1,-1,0,0,0,-1
2026-08-21 14:26:25.360,47.76818,False,18.89786,1.084251,-8.534136,0,0,0,1,0,0,1,False,-1,-1,0,0,0,-1
2026-08-21 14:26:25.404,47.81167,False,18.90016,1.08524,-8.535544,0,0,0,1,0,0,1,False,-1,-1,0,0,0,-1
2026-08-21 14:26:25.449,47.85624,False,18.90082,1.087286,-8.536843,0,0,0,1,0,0,1,False,-1,-1,0,0,0,-1
2026-08-21 14:26:25.483,47.89017,False,18.90172,1.08757,-8.537772,0,0,0,1,0,0,1,False,-1,-1,0,0,0,-1
2026-08-21 14:26:25.527,47.93405,False,18.90158,1.086159,-8.539098,0,0,0,1,0,0,1,False,-1,-1,0,0,0,-1
2026-08-21 14:26:25.571,47.97854,False,18.90006,1.085662,-8.538877,0,0,0,1,0,0,1,False,-1,-1,0,0,0,-1
2026-08-21 14:26:25.606,48.01334,False,18.89944,1.085096,-8.538269,0,0,0,1,0,0,1,False,-1,-1,0,0,0,-1
2026-08-21 14:26:25.648,48.0561,False,18.89842,1.084785,-8.536877,0,0,0,1,0,0,1,False,-1,-1,0,0,0,-1
2026-08-21 14:26:25.682,48.0897,False,18.89751,1.084644,-8.535387,0,0,0,1,0,0,1,False,-1,-1,0,0,0,-1
2026-08-21 14:26:25.726,48.13378,False,18.89573,1.08519,-8.533032,0,0,0,1,0,0,1,False,-1,-1,0,0,0,-1
2026-08-21 14:26:25.759,48.16722,False,18.89434,1.085168,-8.531451,0,0,0,1,0,0,1,False,-1,-1,0,0,0,-1
2026-08-21 14:26:25.794,48.20099,False,18.89314,1.084993,-8.529919,0,0,0,1,0,0,1,False,-1,-1,0,0,0,-1
2026-08-21 14:26:25.827,48.23457,False,18.89244,1.084568,-8.528686,0,0,0,1,0,0,1,False,-1,-1,0,0,0,-1
2026-08-21 14:26:25.871,48.27839,False,18.89194,1.08397,-8.527925,0,0,0,1,0,0,1,False,-1,-1,0,0,0,-1
2026-08-21 14:26:25.915,48.32259,False,18.89074,1.08457,-8.527069,0,0,0,1,0,0,1,False,-1,-1,0,0,0,-1
2026-08-21 14:26:25.949,48.35608,False,18.88972,1.084804,-8.52655,0,0,0,1,0,0,1,False,-1,-1,0,0,0,-1
2026-08-21 14:26:25.982,48.38977,False,18.88912,1.084825,-8.526514,0,0,0,1,0,0,1,False,-1,-1,0,0,0,-1
2026-08-21 14:26:26.026,48.43407,False,18.88903,1.084977,-8.52718,0,0,0,1,0,0,1,False,-1,-1,0,0,0,-1
2026-08-21 14:26:26.071,48.47837,False,18.89044,1.085695,-8.527766,0,0,0,1,0,0,1,False,-1,-1,0,0,0,-1
2026-08-21 14:26:26.105,48.51221,False,18.89178,1.085904,-8.528606,0,0,0,1,0,0,1,False,-1,-1,0,0,0,-1
2026-08-21 14:26:26.149,48.55622,False,18.89347,1.086381,-8.529322,0,0,0,1,0,0,1,False,-1,-1,0,0,0,-1
2026-08-21 14:26:26.183,48.59035,False,18.89456,1.086569,-8.529941,0,0,0,1,0,0,1,False,-1,-1,0,0,0,-1
2026-08-21 14:26:26.226,48.634,False,18.8962,1.087348,-8.531255,0,0,0,1,0,0,1,False,-1,-1,0,0,0,-1
2026-08-21 14:26:26.271,48.67917,False,18.89561,1.088297,-8.53193,0,0,0,1,0,0,1,False,-1,-1,0,0,0,-1
2026-08-21 14:26:26.306,48.71382,False,18.8952,1.088872,-8.532014,0,0,0,1,0,0,1,False,-1,-1,0,0,0,-1
2026-08-21 14:26:26.349,48.7564,False,18.89493,1.089271,-8.533016,0,0,0,1,0,0,1,False,-1,-1,0,0,0,-1
2026-08-21 14:26:26.385,48.79256,False,18.89498,1.089124,-8.533033,0,0,0,1,0,0,1,False,-1,-1,0,0,0,-1
2026-08-21 14:26:26.427,48.8341,False,18.89463,1.088594,-8.532642,0,0,0,1,0,0,1,False,-1,-1,0,0,0,-1
2026-08-21 14:26:26.460,48.86768,False,18.89527,1.088642,-8.531991,0,0,0,1,0,0,1,False,-1,-1,0,0,0,-1
2026-08-21 14:26:26.494,48.90142,False,18.89588,1.088314,-8.531228,0,0,0,1,0,0,1,False,-1,-1,0,0,0,-1
2026-08-21 14:26:26.527,48.93483,False,18.89693,1.088605,-8.530701,0,0,0,1,0,0,1,False,-1,-1,0,0,0,-1
2026-08-21 14:26:26.571,48.97904,False,18.8986,1.089805,-8.530203,0,0,0,1,0,0,1,False,-1,-1,0,0,0,-1
2026-08-21 14:26:26.606,49.01281,False,18.89968,1.090877,-8.53043,0,0,0,1,0,0,1,False,-1,-1,0,0,0,-1
2026-08-21 14:26:26.639,49.04638,False,18.90072,1.09323,-8.530136,0,0,0,1,0,0,1,False,-1,-1,0,0,0,-1
2026-08-21 14:26:26.683,49.08979,False,18.90275,1.097669,-8.530355,0,0,0,1,0,0,1,False,-1,-1,0,0,0,-1
2026-08-21 14:26:26.726,49.13404,False,18.90435,1.099977,-8.532418,0,0,0,1,0,0,1,False,-1,-1,0,0,0,-1
2026-08-21 14:26:26.761,49.16759,False,18.90429,1.10103,-8.534312,0,0,0,1,0,0,1,False,-1,-1,0,0,0,-1
2026-08-21 14:26:26.795,49.20199,False,18.9039,1.101813,-8.536325,0,0,0,1,0,0,1,False,-1,-1,0,0,0,-1
2026-08-21 14:26:26.828,49.23534,False,18.90349,1.103019,-8.538746,0,0,0,1,0,0,1,False,-1,-1,0,0,0,-1
2026-08-21 14:26:26.872,49.27902,False,18.90267,1.104643,-8.542256,0,0,0,1,0,0,1,False,-1,-1,0,0,0,-1
2026-08-21 14:26:26.915,49.32298,False,18.90165,1.1055,-8.546253,0,0,0,1,0,0,1,False,-1,-1,0,0,0,-1
2026-08-21 14:26:26.949,49.35637,False,18.90137,1.104936,-8.549549,0,0,0,1,0,0,1,False,-1,-1,0,0,0,-1
2026-08-21 14:26:26.994,49.40093,False,18.90102,1.103751,-8.554364,0,0,0,1,0,0,1,False,-1,-1,0,0,0,-1
2026-08-21 14:26:27.038,49.44489,False,18.90117,1.102414,-8.559777,0,0,0,1,0,0,1,False,-1,-1,0,0,0,-1
2026-08-21 14:26:27.082,49.48908,False,18.90212,1.100438,-8.564559,0,0,0,1,0,0,1,False,-1,-1,0,0,0,-1
2026-08-21 14:26:27.116,49.52313,False,18.90284,1.099877,-8.567597,0,0,0,1,0,0,1,False,-1,-1,0,0,0,-1
2026-08-21 14:26:27.161,49.56764,False,18.90379,1.099154,-8.570963,0,0,0,1,0,0,1,False,-1,-1,0,0,0,-1
2026-08-21 14:26:27.205,49.61258,False,18.90495,1.098521,-8.573136,0,0,0,1,0,0,1,False,-1,-1,0,0,0,-1
2026-08-21 14:26:27.249,49.65668,False,18.90637,1.097798,-8.574765,0,0,0,1,0,0,1,False,-1,-1,0,0,0,-1
2026-08-21 14:26:27.294,49.7012,False,18.9078,1.097513,-8.575927,0,0,0,1,0,0,1,False,-1,-1,0,0,0,-1
2026-08-21 14:26:27.327,49.73473,False,18.90909,1.09687,-8.576794,0,0,0,1,0,0,1,False,-1,-1,0,0,0,-1
2026-08-21 14:26:27.372,49.77879,False,18.91033,1.096612,-8.577102,0,0,0,1,0,0,1,False,-1,-1,0,0,0,-1
2026-08-21 14:26:27.406,49.81347,False,18.91145,1.097179,-8.576413,0,0,0,1,0,0,1,False,-1,-1,0,0,0,-1
2026-08-21 14:26:27.449,49.85646,False,18.91288,1.099283,-8.574768,0,0,0,1,0,0,1,False,-1,-1,0,0,0,-1
2026-08-21 14:26:27.484,49.89059,False,18.91353,1.10057,-8.573678,0,0,0,1,0,0,1,False,-1,-1,0,0,0,-1
2026-08-21 14:26:27.527,49.93434,False,18.91398,1.101943,-8.57233,0,0,0,1,0,0,1,False,-1,-1,0,0,0,-1
2026-08-21 14:26:27.571,49.97862,False,18.91383,1.102253,-8.571611,0,0,0,1,0,0,1,False,-1,-1,0,0,0,-1
2026-08-21 14:26:27.604,50.0121,False,18.91375,1.10247,-8.571069,0,0,0,1,0,0,1,False,-1,-1,0,0,0,-1
2026-08-21 14:26:27.651,50.05793,False,18.91353,1.102531,-8.570254,0,0,0,1,0,0,1,False,-1,-1,0,0,0,-1
2026-08-21 14:26:27.694,50.10098,False,18.91307,1.102726,-8.569804,0,0,0,1,0,0,1,False,-1,-1,0,0,0,-1
2026-08-21 14:26:27.727,50.13445,False,18.91267,1.102896,-8.569474,0,0,0,1,0,0,1,False,-1,-1,0,0,0,-1
2026-08-21 14:26:27.771,50.17879,False,18.91223,1.102931,-8.569173,0,0,0,1,0,0,1,False,-1,-1,0,0,0,-1
2026-08-21 14:26:27.805,50.21251,False,18.91194,1.102775,-8.569239,0,0,0,1,0,0,1,False,-1,-1,0,0,0,-1
2026-08-21 14:26:27.840,50.24631,False,18.9118,1.102734,-8.569324,0,0,0,1,0,0,1,False,-1,-1,0,0,0,-1
2026-08-21 14:26:27.882,50.28936,False,18.9114,1.102788,-8.569692,0,0,0,1,0,0,1,False,-1,-1,0,0,0,-1
2026-08-21 14:26:27.916,50.32281,False,18.91097,1.102921,-8.569886,0,0,0,1,0,0,1,False,-1,-1,0,0,0,-1
2026-08-21 14:26:27.949,50.35626,False,18.9103,1.103115,-8.570072,0,0,0,1,0,0,1,False,-1,-1,0,0,0,-1
2026-08-21 14:26:27.994,50.40093,False,18.90916,1.103258,-8.570307,0,0,0,1,0,0,1,False,-1,-1,0,0,0,-1
2026-08-21 14:26:28.026,50.43427,False,18.90829,1.103377,-8.570367,0,0,0,1,0,0,1,False,-1,-1,0,0,0,-1
2026-08-21 14:26:28.063,50.46986,False,18.90727,1.103813,-8.570382,0,0,0,1,0,0,1,False,-1,-1,0,0,0,-1
2026-08-21 14:26:28.103,50.51155,False,18.90541,1.103896,-8.570628,0,0,0,1,0,0,1,False,-1,-1,0,0,0,-1
2026-08-21 14:26:28.138,50.54516,False,18.904,1.103894,-8.570863,0,0,0,1,0,0,1,False,-1,-1,0,0,0,-1
2026-08-21 14:26:28.171,50.57862,False,18.90286,1.103844,-8.57111,0,0,0,1,0,0,1,False,-1,-1,0,0,0,-1
2026-08-21 14:26:28.215,50.62297,False,18.90169,1.10393,-8.57125,0,0,0,1,0,0,1,False,-1,-1,0,0,0,-1
2026-08-21 14:26:28.260,50.66718,False,18.90079,1.104056,-8.571638,0,0,0,1,0,0,1,False,-1,-1,0,0,0,-1
2026-08-21 14:26:28.294,50.70079,False,18.90037,1.104134,-8.571818,0,0,0,1,0,0,1,False,-1,-1,0,0,0,-1
2026-08-21 14:26:28.327,50.73427,False,18.90012,1.104298,-8.571976,0,0,0,1,0,0,1,False,-1,-1,0,0,0,-1
2026-08-21 14:26:28.371,50.77837,False,18.90007,1.104578,-8.572146,0,0,0,1,0,0,1,False,-1,-1,0,0,0,-1
2026-08-21 14:26:28.415,50.82256,False,18.90039,1.104776,-8.572012,0,0,0,1,0,0,1,False,-1,-1,0,0,0,-1
2026-08-21 14:26:28.451,50.85842,False,18.90055,1.104783,-8.572041,0,0,0,1,0,0,1,False,-1,-1,0,0,0,-1
2026-08-21 14:26:28.492,50.90078,False,18.90092,1.10474,-8.571882,0,0,0,1,0,0,1,False,-1,-1,0,0,0,-1
2026-08-21 14:26:28.538,50.94484,False,18.90131,1.104697,-8.571337,0,0,0,1,0,0,1,False,-1,-1,0,0,0,-1
2026-08-21 14:26:28.571,50.97823,False,18.90155,1.104722,-8.571134,0,0,0,1,0,0,1,False,-1,-1,0,0,0,-1
2026-08-21 14:26:28.605,51.01223,False,18.90173,1.104755,-8.571022,0,0,0,1,0,0,1,False,-1,-1,0,0,0,-1
2026-08-21 14:26:28.649,51.05614,False,18.90195,1.104972,-8.57111,0,0,0,1,0,0,1,False,-1,-1,0,0,0,-1
2026-08-21 14:26:28.684,51.09049,False,18.90201,1.105208,-8.571103,0,0,0,1,0,0,1,False,-1,-1,0,0,0,-1
2026-08-21 14:26:28.726,51.13379,False,18.90241,1.106064,-8.570889,0,0,0,1,0,0,1,False,-1,-1,0,0,0,-1
2026-08-21 14:26:28.760,51.16756,False,18.9032,1.107307,-8.570663,0,0,0,1,0,0,1,False,-1,-1,0,0,0,-1
2026-08-21 14:26:28.794,51.2017,False,18.90378,1.108736,-8.570539,0,0,0,1,0,0,1,False,-1,-1,0,0,0,-1
2026-08-21 14:26:28.838,51.24533,False,18.90465,1.110745,-8.570558,0,0,0,1,0,0,1,False,-1,-1,0,0,0,-1
2026-08-21 14:26:28.885,51.29121,False,18.90601,1.113275,-8.571283,0,0,0,1,0,0,1,False,-1,-1,0,0,0,-1
2026-08-21 14:26:28.926,51.33386,False,18.90824,1.115065,-8.572931,0,0,0,1,0,0,1,False,-1,-1,0,0,0,-1
2026-08-21 14:26:28.970,51.37848,False,18.91069,1.115873,-8.575111,0,0,0,1,0,0,1,False,-1,-1,0,0,0,-1
2026-08-21 14:26:29.016,51.42294,False,18.91262,1.116143,-8.577721,0,0,0,1,0,0,1,False,-1,-1,0,0,0,-1
2026-08-21 14:26:29.050,51.45705,False,18.91397,1.116222,-8.579627,0,0,0,1,0,0,1,False,-1,-1,0,0,0,-1
2026-08-21 14:26:29.094,51.50087,False,18.91573,1.116353,-8.582445,0,0,0,1,0,0,1,False,-1,-1,0,0,0,-1
2026-08-21 14:26:29.126,51.53437,False,18.91708,1.116791,-8.58459,0,0,0,1,0,0,1,False,-1,-1,0,0,0,-1
2026-08-21 14:26:29.171,51.57848,False,18.91886,1.11743,-8.588045,0,0,0,1,0,0,1,False,-1,-1,0,0,0,-1
2026-08-21 14:26:29.215,51.62277,False,18.92105,1.118765,-8.591494,0,0,0,1,0,0,1,False,-1,-1,0,0,0,-1
2026-08-21 14:26:29.249,51.65695,False,18.92286,1.119748,-8.594295,0,0,0,1,0,0,1,False,-1,-1,0,0,0,-1
2026-08-21 14:26:29.294,51.70075,False,18.92631,1.122034,-8.597769,0,0,0,1,0,0,1,False,-1,-1,0,0,0,-1
2026-08-21 14:26:29.326,51.73415,False,18.92846,1.12174,-8.600493,0,0,0,1,0,0,1,False,-1,-1,0,0,0,-1
2026-08-21 14:26:29.371,51.77822,False,18.93167,1.122382,-8.603202,0,0,0,1,0,0,1,False,-1,-1,0,0,0,-1
2026-08-21 14:26:29.404,51.81178,False,18.93408,1.122988,-8.604598,0,0,0,1,0,0,1,False,-1,-1,0,0,0,-1
2026-08-21 14:26:29.449,51.85615,False,18.93758,1.123765,-8.606269,0,0,0,1,0,0,1,False,-1,-1,0,0,0,-1
2026-08-21 14:26:29.482,51.8898,False,18.94014,1.123908,-8.607891,0,0,0,1,0,0,1,False,-1,-1,0,0,0,-1
2026-08-21 14:26:29.517,51.92416,False,18.94132,1.124059,-8.609037,0,0,0,1,0,0,1,False,-1,-1,0,0,0,-1
2026-08-21 14:26:29.559,51.96743,False,18.94527,1.125729,-8.612281,0,0,0,1,0,0,1,False,-1,-1,0,0,0,-1
2026-08-21 14:26:29.593,52.00076,False,18.9477,1.128124,-8.614427,0,0,0,1,0,0,1,False,-1,-1,0,0,0,-1
2026-08-21 14:26:29.639,52.04589,False,18.95048,1.133533,-8.617526,0,0,0,1,0,0,1,False,-1,-1,0,0,0,-1
2026-08-21 14:26:29.682,52.08941,False,18.9524,1.141977,-8.621007,0,0,0,1,0,0,1,False,-1,-1,0,0,0,-1
2026-08-21 14:26:29.717,52.12399,False,18.95321,1.146685,-8.624722,0,0,0,1,0,0,1,False,-1,-1,0,0,0,-1
2026-08-21 14:26:29.777,52.18394,False,18.95403,1.153635,-8.632893,0,0,0,1,0,0,1,False,-1,-1,0,0,0,-1
2026-08-21 14:26:29.815,52.22292,False,18.95413,1.15552,-8.638367,0,0,0,1,0,0,1,False,-1,-1,0,0,0,-1
2026-08-21 14:26:29.849,52.25634,False,18.95391,1.156195,-8.64272,0,0,0,1,0,0,1,False,-1,-1,0,0,0,-1
2026-08-21 14:26:29.883,52.2898,False,18.95359,1.156233,-8.646035,0,0,0,1,0,0,1,False,-1,-1,0,0,0,-1
2026-08-21 14:26:29.917,52.32394,False,18.9533,1.156112,-8.64817,0,0,0,1,0,0,1,False,-1,-1,0,0,0,-1
2026-08-21 14:26:29.960,52.36735,False,18.95292,1.155753,-8.650691,0,0,0,1,0,0,1,False,-1,-1,0,0,0,-1
2026-08-21 14:26:30.004,52.41164,False,18.9527,1.155001,-8.651823,0,0,0,1,0,0,1,False,-1,-1,0,0,0,-1
2026-08-21 14:26:30.038,52.4451,False,18.95242,1.154306,-8.652274,0,0,0,1,0,0,1,False,-1,-1,0,0,0,-1
2026-08-21 14:26:30.082,52.48923,False,18.95236,1.153224,-8.651625,0,0,0,1,0,0,1,False,-1,-1,0,0,0,-1
2026-08-21 14:26:30.117,52.52455,False,18.95243,1.152123,-8.650432,0,0,0,1,0,0,1,False,-1,-1,0,0,0,-1
2026-08-21 14:26:30.160,52.56737,False,18.9525,1.151321,-8.648411,0,0,0,1,0,0,1,False,-1,-1,0,0,0,-1
2026-08-21 14:26:30.194,52.60075,False,18.95271,1.150597,-8.645984,0,0,0,1,0,0,1,False,-1,-1,0,0,0,-1
2026-08-21 14:26:30.238,52.64522,False,18.95275,1.149344,-8.641818,0,0,0,1,0,0,1,False,-1,-1,0,0,0,-1
2026-08-21 14:26:30.284,52.69043,False,18.95215,1.147781,-8.636055,0,0,0,1,0,0,1,False,-1,-1,0,0,0,-1
2026-08-21 14:26:30.326,52.73412,False,18.94762,1.149064,-8.628613,0,0,0,1,0,0,1,False,-1,-1,0,0,0,-1
2026-08-21 14:26:30.371,52.77863,False,18.9398,1.147859,-8.622037,0,0,0,1,0,0,1,False,-1,-1,0,0,0,-1
2026-08-21 14:26:30.416,52.82323,False,18.9307,1.142597,-8.617596,0,0,0,1,0,0,1,False,-1,-1,0,0,0,-1
2026-08-21 14:26:30.460,52.86748,False,18.92169,1.136122,-8.614738,0,0,0,1,0,0,1,False,-1,-1,0,0,0,-1
2026-08-21 14:26:30.494,52.90141,False,18.91582,1.132199,-8.613084,0,0,0,1,0,0,1,False,-1,-1,0,0,0,-1
2026-08-21 14:26:30.538,52.94552,False,18.91104,1.12679,-8.611719,0,0,0,1,0,0,1,False,-1,-1,0,0,0,-1
2026-08-21 14:26:30.582,52.98936,False,18.90868,1.124593,-8.609964,0,0,0,1,0,0,1,False,-1,-1,0,0,0,-1
2026-08-21 14:26:30.616,53.02275,False,18.90817,1.124537,-8.607905,0,0,0,1,0,0,1,False,-1,-1,0,0,0,-1
2026-08-21 14:26:30.649,53.05621,False,18.90873,1.123372,-8.605916,0,0,0,1,0,0,1,False,-1,-1,0,0,0,-1
2026-08-21 14:26:30.694,53.10072,False,18.91095,1.121549,-8.603775,0,0,0,1,0,0,1,False,-1,-1,0,0,0,-1
2026-08-21 14:26:30.741,53.14786,False,18.91419,1.120089,-8.60107,0,0,0,1,0,0,1,False,-1,-1,0,0,0,-1
2026-08-21 14:26:30.784,53.19057,False,18.91796,1.118236,-8.599196,0,0,0,1,0,0,1,False,-1,-1,0,0,0,-1
2026-08-21 14:26:30.828,53.23507,False,18.92278,1.11556,-8.597014,0,0,0,1,0,0,1,False,-1,-1,0,0,0,-1
2026-08-21 14:26:30.872,53.27921,False,18.92887,1.112986,-8.594545,0,0,0,1,0,0,1,False,-1,-1,0,0,0,-1
2026-08-21 14:26:30.915,53.32302,False,18.93491,1.110728,-8.592438,0,0,0,1,0,0,1,False,-1,-1,0,0,0,-1
2026-08-21 14:26:30.953,53.35742,False,18.93998,1.109482,-8.590829,0,0,0,1,0,0,1,False,-1,-1,0,0,0,-1
2026-08-21 14:26:30.995,53.4014,False,18.94675,1.108299,-8.589353,0,0,0,1,0,0,1,False,-1,-1,0,0,0,-1
2026-08-21 14:26:31.038,53.44555,False,18.95173,1.106749,-8.58831,0,0,0,1,0,0,1,False,-1,-1,0,0,0,-1
2026-08-21 14:26:31.082,53.48949,False,18.95854,1.103646,-8.587149,0,0,0,1,0,0,1,False,-1,-1,0,0,0,-1
2026-08-21 14:26:31.116,53.52306,False,18.96213,1.101671,-8.586292,0,0,0,1,0,0,1,False,-1,-1,0,0,0,-1
2026-08-21 14:26:31.160,53.56744,False,18.96561,1.099172,-8.585518,0,0,0,1,0,0,1,False,-1,-1,0,0,0,-1
2026-08-21 14:26:31.205,53.61202,False,18.96832,1.096796,-8.584095,0,0,0,1,0,0,1,False,-1,-1,0,0,0,-1
2026-08-21 14:26:31.248,53.65609,False,18.96949,1.09385,-8.581968,0,0,0,1,0,0,1,False,-1,-1,0,0,0,-1
2026-08-21 14:26:31.295,53.70171,False,18.96953,1.090875,-8.580438,0,0,0,1,0,0,1,False,-1,-1,0,0,0,-1
2026-08-21 14:26:31.344,53.75066,False,18.96974,1.08837,-8.578881,0,0,0,1,0,0,1,False,-1,-1,0,0,0,-1
2026-08-21 14:26:31.383,53.79037,False,18.97091,1.085992,-8.57688,0,0,0,1,0,0,1,False,-1,-1,0,0,0,-1
2026-08-21 14:26:31.427,53.8343,False,18.97182,1.082632,-8.574898,0,0,0,1,0,0,1,False,-1,-1,0,0,0,-1
2026-08-21 14:26:31.471,53.87831,False,18.97345,1.07821,-8.573088,0,0,0,1,0,0,1,False,-1,-1,0,0,0,-1
2026-08-21 14:26:31.504,53.91191,False,18.9752,1.074866,-8.571699,0,0,0,1,0,0,1,False,-1,-1,0,0,0,-1
2026-08-21 14:26:31.538,53.94532,False,18.97761,1.071084,-8.57031,0,0,0,1,0,0,1,False,-1,-1,0,0,0,-1
2026-08-21 14:26:31.582,53.98969,False,18.98174,1.065566,-8.568914,0,0,0,1,0,0,1,False,-1,-1,0,0,0,-1
2026-08-21 14:26:31.627,54.03392,False,18.98659,1.059925,-8.568012,0,0,0,1,0,0,1,False,-1,-1,0,0,0,-1
2026-08-21 14:26:31.660,54.06741,False,18.99104,1.055376,-8.566936,0,0,0,1,0,0,1,False,-1,-1,0,0,0,-1
2026-08-21 14:26:31.694,54.10087,False,18.99527,1.051688,-8.565421,0,0,0,1,0,0,1,False,-1,-1,0,0,0,-1
2026-08-21 14:26:31.738,54.14525,False,19.00047,1.047715,-8.563216,0,0,0,1,0,0,1,False,-1,-1,0,0,0,-1
2026-08-21 14:26:31.773,54.18014,False,19.00421,1.045365,-8.561916,0,0,0,1,0,0,1,False,-1,-1,0,0,0,-1
2026-08-21 14:26:31.817,54.22329,False,19.00806,1.042116,-8.560788,0,0,0,1,0,0,1,False,-1,-1,0,0,0,-1
2026-08-21 14:26:31.860,54.26727,False,19.01124,1.039374,-8.560263,0,0,0,1,0,0,1,False,-1,-1,0,0,0,-1
2026-08-21 14:26:31.895,54.30133,False,19.01373,1.037332,-8.559783,0,0,0,1,0,0,1,False,-1,-1,0,0,0,-1
2026-08-21 14:26:31.938,54.34528,False,19.01708,1.034869,-8.559252,0,0,0,1,0,0,1,False,-1,-1,0,0,0,-1
2026-08-21 14:26:31.976,54.38355,False,19.01889,1.033479,-8.559284,0,0,0,1,0,0,1,False,-1,-1,0,0,0,-1
2026-08-21 14:26:32.015,54.42288,False,19.02048,1.031068,-8.560283,0,0,0,1,0,0,1,False,-1,-1,0,0,0,-1
2026-08-21 14:26:32.060,54.46736,False,19.02186,1.029382,-8.561035,0,0,0,1,0,0,1,False,-1,-1,0,0,0,-1
2026-08-21 14:26:32.094,54.50207,False,19.02235,1.028633,-8.561385,0,0,0,1,0,0,1,False,-1,-1,0,0,0,-1
2026-08-21 14:26:32.138,54.54542,False,19.02262,1.028688,-8.560925,0,0,0,1,0,0,1,False,-1,-1,0,0,0,-1
2026-08-21 14:26:32.172,54.57897,False,19.02221,1.028239,-8.56117,0,0,0,1,0,0,1,False,-1,-1,0,0,0,-1
2026-08-21 14:26:32.216,54.62295,False,19.02195,1.027227,-8.561845,0,0,0,1,0,0,1,False,-1,-1,0,0,0,-1
2026-08-21 14:26:32.260,54.66731,False,19.02204,1.027005,-8.561356,0,0,0,1,0,0,1,False,-1,-1,0,0,0,-1
2026-08-21 14:26:32.294,54.70086,False,19.02206,1.027096,-8.560439,0,0,0,1,0,0,1,False,-1,-1,0,0,0,-1
2026-08-21 14:26:32.328,54.73489,False,19.02197,1.027086,-8.559962,0,0,0,1,0,0,1,False,-1,-1,0,0,0,-1
2026-08-21 14:26:32.371,54.77823,False,19.02215,1.027368,-8.559102,0,0,0,1,0,0,1,False,-1,-1,0,0,0,-1
2026-08-21 14:26:32.405,54.81279,False,19.02246,1.027391,-8.558764,0,0,0,1,0,0,1,False,-1,-1,0,0,0,-1
2026-08-21 14:26:32.449,54.85597,False,19.02287,1.028062,-8.557807,0,0,0,1,0,0,1,False,-1,-1,0,0,0,-1
2026-08-21 14:26:32.482,54.88954,False,19.02289,1.028964,-8.557171,0,0,0,1,0,0,1,False,-1,-1,0,0,0,-1
2026-08-21 14:26:32.516,54.92326,False,19.02242,1.031246,-8.555984,0,0,0,1,0,0,1,False,-1,-1,0,0,0,-1
2026-08-21 14:26:32.550,54.95694,False,19.02142,1.033653,-8.55512,0,0,0,1,0,0,1,False,-1,-1,0,0,0,-1
2026-08-21 14:26:32.594,55.00071,False,19.01967,1.037338,-8.554423,0,0,0,1,0,0,1,False,-1,-1,0,0,0,-1
2026-08-21 14:26:32.627,55.03462,False,19.01808,1.041484,-8.553677,0,0,0,1,0,0,1,False,-1,-1,0,0,0,-1
2026-08-21 14:26:32.671,55.07885,False,19.01575,1.046984,-8.553148,0,0,0,1,0,0,1,False,-1,-1,0,0,0,-1
2026-08-21 14:26:32.706,55.1134,False,19.01366,1.051056,-8.552912,0,0,0,1,0,0,1,False,-1,-1,0,0,0,-1
2026-08-21 14:26:32.749,55.15603,False,19.00965,1.056169,-8.552567,0,0,0,1,0,0,1,False,-1,-1,0,0,0,-1
2026-08-21 14:26:32.784,55.19086,False,19.00611,1.059384,-8.552217,0,0,0,1,0,0,1,False,-1,-1,0,0,0,-1
2026-08-21 14:26:32.827,55.235,False,19.0003,1.063496,-8.55224,0,0,0,1,0,0,1,False,-1,-1,0,0,0,-1
2026-08-21 14:26:32.872,55.28038,False,18.99272,1.067981,-8.553635,0,0,0,1,0,0,1,False,-1,-1,0,0,0,-1
2026-08-21 14:26:32.916,55.32359,False,18.9846,1.072593,-8.556886,0,0,0,1,0,0,1,False,-1,-1,0,0,0,-1
2026-08-21 14:26:32.950,55.35698,False,18.97962,1.07632,-8.559473,0,0,0,1,0,0,1,False,-1,-1,0,0,0,-1
2026-08-21 14:26:32.984,55.39113,False,18.97579,1.079949,-8.56188,0,0,0,1,0,0,1,False,-1,-1,0,0,0,-1
2026-08-21 14:26:33.028,55.43478,False,18.97318,1.083687,-8.565079,0,0,0,1,0,0,1,False,-1,-1,0,0,0,-1
2026-08-21 14:26:33.072,55.47887,False,18.97229,1.085583,-8.567349,0,0,0,1,0,0,1,False,-1,-1,0,0,0,-1
2026-08-21 14:26:33.106,55.51247,False,18.9727,1.086392,-8.568892,0,0,0,1,0,0,1,False,-1,-1,0,0,0,-1
2026-08-21 14:26:33.150,55.55672,False,18.97594,1.086747,-8.570034,0,0,0,1,0,0,1,False,-1,-1,0,0,0,-1
2026-08-21 14:26:33.194,55.60119,False,18.97658,1.08798,-8.570601,0,0,0,1,0,0,1,False,-1,-1,0,0,0,-1
2026-08-21 14:26:33.227,55.63511,False,18.97637,1.088171,-8.570478,0,0,0,1,0,0,1,False,-1,-1,0,0,0,-1
2026-08-21 14:26:33.271,55.67899,False,18.97714,1.087946,-8.569724,0,0,0,1,0,0,1,False,-1,-1,0,0,0,-1
2026-08-21 14:26:33.304,55.71238,False,18.97823,1.087042,-8.568767,0,0,0,1,0,0,1,False,-1,-1,0,0,0,-1
2026-08-21 14:26:33.339,55.74641,False,18.98022,1.086135,-8.567983,0,0,0,1,0,0,1,False,-1,-1,0,0,0,-1
2026-08-21 14:26:33.382,55.79006,False,18.98197,1.085214,-8.566598,0,0,0,1,0,0,1,False,-1,-1,0,0,0,-1
2026-08-21 14:26:33.427,55.83416,False,18.9834,1.08443,-8.5653,0,0,0,1,0,0,1,False,-1,-1,0,0,0,-1
2026-08-21 14:26:33.471,55.87836,False,18.98418,1.083742,-8.563823,0,0,0,1,0,0,1,False,-1,-1,0,0,0,-1
2026-08-21 14:26:33.505,55.91214,False,18.98428,1.083524,-8.562639,0,0,0,1,0,0,1,False,-1,-1,0,0,0,-1
2026-08-21 14:26:33.550,55.95708,False,18.98433,1.083395,-8.562037,0,0,0,1,0,0,1,False,-1,-1,0,0,0,-1
2026-08-21 14:26:33.584,55.99126,False,18.98443,1.083407,-8.561798,0,0,0,1,0,0,1,False,-1,-1,0,0,0,-1
2026-08-21 14:26:33.626,56.03401,False,18.98446,1.083194,-8.561916,0,0,0,1,0,0,1,False,-1,-1,0,0,0,-1
2026-08-21 14:26:33.671,56.07851,False,18.98455,1.083199,-8.562192,0,0,0,1,0,0,1,False,-1,-1,0,0,0,-1
2026-08-21 14:26:33.705,56.11195,False,18.98429,1.083212,-8.562986,0,0,0,1,0,0,1,False,-1,-1,0,0,0,-1
2026-08-21 14:26:33.749,56.15617,False,18.98324,1.083072,-8.563939,0,0,0,1,0,0,1,False,-1,-1,0,0,0,-1
2026-08-21 14:26:33.782,56.18957,False,18.98209,1.082691,-8.56468,0,0,0,1,0,0,1,False,-1,-1,0,0,0,-1
2026-08-21 14:26:33.830,56.23722,False,18.98089,1.082561,-8.56586,0,0,0,1,0,0,1,False,-1,-1,0,0,0,-1
2026-08-21 14:26:33.872,56.2784,False,18.97961,1.0826,-8.566636,0,0,0,1,0,0,1,False,-1,-1,0,0,0,-1
2026-08-21 14:26:33.905,56.31208,False,18.97983,1.082605,-8.56666,0,0,0,1,0,0,1,False,-1,-1,0,0,0,-1
2026-08-21 14:26:33.949,56.35664,False,18.97974,1.082668,-8.567689,0,0,0,1,0,0,1,False,-1,-1,0,0,0,-1
2026-08-21 14:26:33.995,56.40209,False,18.98001,1.08198,-8.569342,0,0,0,1,0,0,1,False,-1,-1,0,0,0,-1
2026-08-21 14:26:34.040,56.44625,False,18.98026,1.082055,-8.570103,0,0,0,1,0,0,1,False,-1,-1,0,0,0,-1
2026-08-21 14:26:34.083,56.48997,False,18.98076,1.082949,-8.570651,0,0,0,1,0,0,1,False,-1,-1,0,0,0,-1
2026-08-21 14:26:34.116,56.52374,False,18.9822,1.083506,-8.571157,0,0,0,1,0,0,1,False,-1,-1,0,0,0,-1
2026-08-21 14:26:34.161,56.56761,False,18.98374,1.085683,-8.571278,0,0,0,1,0,0,1,False,-1,-1,0,0,0,-1
2026-08-21 14:26:34.194,56.60094,False,18.98448,1.087438,-8.570939,0,0,0,1,0,0,1,False,-1,-1,0,0,0,-1
2026-08-21 14:26:34.227,56.63472,False,18.98501,1.088179,-8.571387,0,0,0,1,0,0,1,False,-1,-1,0,0,0,-1
2026-08-21 14:26:34.271,56.6785,False,18.98554,1.087089,-8.571527,0,0,0,1,0,0,1,False,-1,-1,0,0,0,-1
2026-08-21 14:26:34.316,56.72328,False,18.98676,1.086875,-8.571355,0,0,0,1,0,0,1,False,-1,-1,0,0,0,-1
2026-08-21 14:26:34.360,56.76783,False,18.98797,1.087923,-8.570691,0,0,0,1,0,0,1,False,-1,-1,0,0,0,-1
2026-08-21 14:26:34.404,56.81176,False,18.98944,1.088757,-8.570363,0,0,0,1,0,0,1,False,-1,-1,0,0,0,-1
2026-08-21 14:26:34.449,56.8563,False,18.99097,1.088771,-8.570467,0,0,0,1,0,0,1,False,-1,-1,0,0,0,-1
2026-08-21 14:26:34.495,56.9013,False,18.99349,1.088905,-8.570712,0,0,0,1,0,0,1,False,-1,-1,0,0,0,-1
2026-08-21 14:26:34.537,56.94526,False,18.99489,1.088688,-8.570541,0,0,0,1,0,0,1,False,-1,-1,0,0,0,-1
2026-08-21 14:26:34.583,56.9903,False,18.99457,1.088031,-8.570304,0,0,0,1,0,0,1,False,-1,-1,0,0,0,-1
2026-08-21 14:26:34.618,57.02493,False,18.9935,1.087438,-8.569801,0,0,0,1,0,0,1,False,-1,-1,0,0,0,-1
2026-08-21 14:26:34.660,57.06735,False,18.99092,1.086563,-8.569242,0,0,0,1,0,0,1,False,-1,-1,0,0,0,-1
2026-08-21 14:26:34.694,57.10086,False,18.98897,1.086201,-8.56894,0,0,0,1,0,0,1,False,-1,-1,0,0,0,-1
2026-08-21 14:26:34.727,57.13438,False,18.98755,1.086435,-8.568864,0,0,0,1,0,0,1,False,-1,-1,0,0,0,-1
2026-08-21 14:26:34.771,57.17808,False,18.98718,1.087877,-8.568918,0,0,0,1,0,0,1,False,-1,-1,0,0,0,-1
2026-08-21 14:26:34.807,57.21358,False,18.98695,1.088106,-8.569702,0,0,0,1,0,0,1,False,-1,-1,0,0,0,-1
2026-08-21 14:26:34.850,57.25726,False,18.98694,1.08797,-8.570385,0,0,0,1,0,0,1,False,-1,-1,0,0,0,-1
2026-08-21 14:26:34.894,57.30104,False,18.98647,1.087533,-8.570783,0,0,0,1,0,0,1,False,-1,-1,0,0,0,-1
2026-08-21 14:26:34.927,57.33462,False,18.98629,1.08711,-8.570934,0,0,0,1,0,0,1,False,-1,-1,0,0,0,-1
2026-08-21 14:26:34.971,57.37838,False,18.98639,1.08681,-8.570637,0,0,0,1,0,0,1,False,-1,-1,0,0,0,-1
2026-08-21 14:26:35.005,57.41192,False,18.98658,1.086649,-8.570477,0,0,0,1,0,0,1,False,-1,-1,0,0,0,-1
2026-08-21 14:26:35.041,57.44717,False,18.98681,1.086451,-8.570426,0,0,0,1,0,0,1,False,-1,-1,0,0,0,-1
2026-08-21 14:26:35.083,57.48937,False,18.98704,1.08621,-8.570443,0,0,0,1,0,0,1,False,-1,-1,0,0,0,-1
2026-08-21 14:26:35.116,57.52292,False,18.98738,1.086161,-8.570368,0,0,0,1,0,0,1,False,-1,-1,0,0,0,-1
2026-08-21 14:26:35.161,57.56731,False,18.9879,1.086097,-8.570249,0,0,0,1,0,0,1,False,-1,-1,0,0,0,-1
2026-08-21 14:26:35.194,57.60085,False,18.98857,1.086147,-8.56996,0,0,0,1,0,0,1,False,-1,-1,0,0,0,-1
2026-08-21 14:26:35.226,57.63434,False,18.98938,1.085968,-8.56974,0,0,0,1,0,0,1,False,-1,-1,0,0,0,-1
2026-08-21 14:26:35.272,57.67853,False,18.99043,1.085423,-8.569292,0,0,0,1,0,0,1,False,-1,-1,0,0,0,-1
2026-08-21 14:26:35.316,57.723,False,18.99107,1.08483,-8.568898,0,0,0,1,0,0,1,False,-1,-1,0,0,0,-1
2026-08-21 14:26:35.361,57.76741,False,18.99181,1.084254,-8.568485,0,0,0,1,0,0,1,False,-1,-1,0,0,0,-1
2026-08-21 14:26:35.396,57.80243,False,18.99212,1.084093,-8.568248,0,0,0,1,0,0,1,False,-1,-1,0,0,0,-1
2026-08-21 14:26:35.438,57.84508,False,18.9929,1.083804,-8.567687,0,0,0,1,0,0,1,False,-1,-1,0,0,0,-1
2026-08-21 14:26:35.482,57.88992,False,18.99339,1.083043,-8.567188,0,0,0,1,0,0,1,False,-1,-1,0,0,0,-1
2026-08-21 14:26:35.527,57.9341,False,18.99365,1.081785,-8.566387,0,0,0,1,0,0,1,False,-1,-1,0,0,0,-1
2026-08-21 14:26:35.560,57.96749,False,18.99371,1.080888,-8.565369,0,0,0,1,0,0,1,False,-1,-1,0,0,0,-1
2026-08-21 14:26:35.604,58.00994,False,18.99336,1.079616,-8.563775,0,0,0,1,0,0,1,False,-1,-1,0,0,0,-1
2026-08-21 14:26:35.638,58.04509,False,18.99276,1.079164,-8.562876,0,0,0,1,0,0,1,False,-1,-1,0,0,0,-1
2026-08-21 14:26:35.683,58.08977,False,18.9922,1.079235,-8.561773,0,0,0,1,0,0,1,False,-1,-1,0,0,0,-1
2026-08-21 14:26:35.727,58.13404,False,18.99192,1.079312,-8.561237,0,0,0,1,0,0,1,False,-1,-1,0,0,0,-1
2026-08-21 14:26:35.772,58.17874,False,18.99209,1.079419,-8.560863,0,0,0,1,0,0,1,False,-1,-1,0,0,0,-1
2026-08-21 14:26:35.816,58.22303,False,18.99212,1.079382,-8.560822,0,0,0,1,0,0,1,False,-1,-1,0,0,0,-1
2026-08-21 14:26:35.860,58.26719,False,18.99189,1.07924,-8.560908,0,0,0,1,0,0,1,False,-1,-1,0,0,0,-1
2026-08-21 14:26:35.895,58.30124,False,18.99181,1.07904,-8.560813,0,0,0,1,0,0,1,False,-1,-1,0,0,0,-1
2026-08-21 14:26:35.938,58.34512,False,18.99133,1.078754,-8.561214,0,0,0,1,0,0,1,False,-1,-1,0,0,0,-1
2026-08-21 14:26:35.971,58.37853,False,18.99108,1.078583,-8.561585,0,0,0,1,0,0,1,False,-1,-1,0,0,0,-1
2026-08-21 14:26:36.005,58.41243,False,18.9909,1.078462,-8.561969,0,0,0,1,0,0,1,False,-1,-1,0,0,0,-1
2026-08-21 14:26:36.049,58.45621,False,18.99086,1.078381,-8.562452,0,0,0,1,0,0,1,False,-1,-1,0,0,0,-1
2026-08-21 14:26:36.083,58.48962,False,18.99092,1.078466,-8.562561,0,0,0,1,0,0,1,False,-1,-1,0,0,0,-1
2026-08-21 14:26:36.116,58.52336,False,18.99073,1.078695,-8.562557,0,0,0,1,0,0,1,False,-1,-1,0,0,0,-1
2026-08-21 14:26:36.150,58.55679,False,18.9906,1.078666,-8.56252,0,0,0,1,0,0,1,False,-1,-1,0,0,0,-1
2026-08-21 14:26:36.194,58.60123,False,18.99027,1.078682,-8.562248,0,0,0,1,0,0,1,False,-1,-1,0,0,0,-1
2026-08-21 14:26:36.228,58.63462,False,18.98969,1.07866,-8.56229,0,0,0,1,0,0,1,False,-1,-1,0,0,0,-1
2026-08-21 14:26:36.272,58.67844,False,18.98931,1.07891,-8.561519,0,0,0,1,0,0,1,False,-1,-1,0,0,0,-1
2026-08-21 14:26:36.304,58.7119,False,18.98903,1.079183,-8.560794,0,0,0,1,0,0,1,False,-1,-1,0,0,0,-1
2026-08-21 14:26:36.349,58.75597,False,18.98891,1.07935,-8.560386,0,0,0,1,0,0,1,False,-1,-1,0,0,0,-1
2026-08-21 14:26:36.391,58.79794,False,18.98905,1.079159,-8.56004,0,0,0,1,0,0,1,False,-1,-1,0,0,0,-1
2026-08-21 14:26:36.426,58.83374,False,18.98941,1.078888,-8.559873,0,0,0,1,0,0,1,False,-1,-1,0,0,0,-1
2026-08-21 14:26:36.461,58.86732,False,18.9897,1.078725,-8.559777,0,0,0,1,0,0,1,False,-1,-1,0,0,0,-1
2026-08-21 14:26:36.494,58.90075,False,18.99005,1.078709,-8.559403,0,0,0,1,0,0,1,False,-1,-1,0,0,0,-1
2026-08-21 14:26:36.527,58.93419,False,18.98981,1.078669,-8.559506,0,0,0,1,0,0,1,False,-1,-1,0,0,0,-1
2026-08-21 14:26:36.561,58.96807,False,18.98965,1.078648,-8.55946,0,0,0,1,0,0,1,False,-1,-1,0,0,0,-1
2026-08-21 14:26:36.606,59.01277,False,18.98938,1.078648,-8.55942,0,0,0,1,0,0,1,False,-1,-1,0,0,0,-1
2026-08-21 14:26:36.649,59.0565,False,18.98935,1.078647,-8.559411,0,0,0,1,0,0,1,False,-1,-1,0,0,0,-1
2026-08-21 14:26:36.695,59.10191,False,18.9898,1.078653,-8.559129,0,0,0,1,0,0,1,False,-1,-1,0,0,0,-1
2026-08-21 14:26:36.738,59.14502,False,18.98994,1.078707,-8.559161,0,0,0,1,0,0,1,False,-1,-1,0,0,0,-1
2026-08-21 14:26:36.782,59.18964,False,18.98997,1.078718,-8.559213,0,0,0,1,0,0,1,False,-1,-1,0,0,0,-1
2026-08-21 14:26:36.817,59.22393,False,18.98998,1.078751,-8.559118,0,0,0,1,0,0,1,False,-1,-1,0,0,0,-1
2026-08-21 14:26:36.861,59.26752,False,18.99019,1.078714,-8.558784,0,0,0,1,0,0,1,False,-1,-1,0,0,0,-1
2026-08-21 14:26:36.907,59.31362,False,18.98998,1.078512,-8.558726,0,0,0,1,0,0,1,False,-1,-1,0,0,0,-1
2026-08-21 14:26:36.949,59.35628,False,18.98961,1.078338,-8.558598,0,0,0,1,0,0,1,False,-1,-1,0,0,0,-1
2026-08-21 14:26:36.994,59.40087,False,18.98957,1.078407,-8.558153,0,0,0,1,0,0,1,False,-1,-1,0,0,0,-1
2026-08-21 14:26:37.038,59.44545,False,18.98927,1.078442,-8.558256,0,0,0,1,0,0,1,False,-1,-1,0,0,0,-1
2026-08-21 14:26:37.073,59.47922,False,18.98928,1.078488,-8.5583,0,0,0,1,0,0,1,False,-1,-1,0,0,0,-1
2026-08-21 14:26:37.116,59.5229,False,18.98937,1.078548,-8.55838,0,0,0,1,0,0,1,False,-1,-1,0,0,0,-1
2026-08-21 14:26:37.160,59.5673,False,18.98968,1.078649,-8.558161,0,0,0,1,0,0,1,False,-1,-1,0,0,0,-1
2026-08-21 14:26:37.194,59.60096,False,18.98995,1.078905,-8.55772,0,0,0,1,0,0,1,False,-1,-1,0,0,0,-1
2026-08-21 14:26:37.227,59.63457,False,18.98964,1.079066,-8.557772,0,0,0,1,0,0,1,False,-1,-1,0,0,0,-1
2026-08-21 14:26:37.261,59.66834,False,18.98962,1.079137,-8.557646,0,0,0,1,0,0,1,False,-1,-1,0,0,0,-1
2026-08-21 14:26:37.307,59.71325,False,18.98981,1.079184,-8.5573,0,0,0,1,0,0,1,False,-1,-1,0,0,0,-1
2026-08-21 14:26:37.350,59.75621,False,18.9897,1.079021,-8.557194,0,0,0,1,0,0,1,False,-1,-1,0,0,0,-1
2026-08-21 14:26:37.394,59.80076,False,18.98993,1.078735,-8.556945,0,0,0,1,0,0,1,False,-1,-1,0,0,0,-1
2026-08-21 14:26:37.440,59.84662,False,18.98986,1.07842,-8.556936,0,0,0,1,0,0,1,False,-1,-1,0,0,0,-1
2026-08-21 14:26:37.483,59.88957,False,18.98953,1.078029,-8.557083,0,0,0,1,0,0,1,False,-1,-1,0,0,0,-1
2026-08-21 14:26:37.516,59.92303,False,18.98928,1.078088,-8.557029,0,0,0,1,0,0,1,False,-1,-1,0,0,0,-1
2026-08-21 14:26:37.560,59.9672,False,18.98901,1.07846,-8.556729,0,0,0,1,0,0,1,False,-1,-1,0,0,0,-1
2026-08-21 14:26:37.594,60.00091,False,18.98868,1.0785,-8.556817,0,0,0,1,0,0,1,False,-1,-1,0,0,0,-1
2026-08-21 14:26:37.640,60.04691,False,18.98841,1.078386,-8.55695,0,0,0,1,0,0,1,False,-1,-1,0,0,0,-1
2026-08-21 14:26:37.683,60.08978,False,18.98821,1.078148,-8.557072,0,0,0,1,0,0,1,False,-1,-1,0,0,0,-1
2026-08-21 14:26:37.716,60.12317,False,18.98821,1.078081,-8.557029,0,0,0,1,0,0,1,False,-1,-1,0,0,0,-1
2026-08-21 14:26:37.760,60.16723,False,18.98859,1.077901,-8.556686,0,0,0,1,0,0,1,False,-1,-1,0,0,0,-1
2026-08-21 14:26:37.794,60.20127,False,18.98839,1.077564,-8.55706,0,0,0,1,0,0,1,False,-1,-1,0,0,0,-1
2026-08-21 14:26:37.828,60.23466,False,18.98854,1.07739,-8.556944,0,0,0,1,0,0,1,False,-1,-1,0,0,0,-1
2026-08-21 14:26:37.871,60.27829,False,18.98835,1.077415,-8.55669,0,0,0,1,0,0,1,False,-1,-1,0,0,0,-1
2026-08-21 14:26:37.905,60.3122,False,18.98811,1.077522,-8.556499,0,0,0,1,0,0,1,False,-1,-1,0,0,0,-1
2026-08-21 14:26:37.939,60.34665,False,18.98786,1.077654,-8.556312,0,0,0,1,0,0,1,False,-1,-1,0,0,0,-1
2026-08-21 14:26:37.974,60.38027,False,18.98773,1.07767,-8.556201,0,0,0,1,0,0,1,False,-1,-1,0,0,0,-1
2026-08-21 14:26:38.017,60.42304,False,18.98764,1.077492,-8.556268,0,0,0,1,0,0,1,False,-1,-1,0,0,0,-1
2026-08-21 14:26:38.050,60.45665,False,18.98772,1.077364,-8.55631,0,0,0,1,0,0,1,False,-1,-1,0,0,0,-1
2026-08-21 14:26:38.094,60.50121,False,18.98809,1.077324,-8.556222,0,0,0,1,0,0,1,False,-1,-1,0,0,0,-1
2026-08-21 14:26:38.128,60.53468,False,18.98839,1.077212,-8.556413,0,0,0,1,0,0,1,False,-1,-1,0,0,0,-1
2026-08-21 14:26:38.172,60.57861,False,18.98878,1.077129,-8.556757,0,0,0,1,0,0,1,False,-1,-1,0,0,0,-1
2026-08-21 14:26:38.217,60.62387,False,18.98893,1.077376,-8.556932,0,0,0,1,0,0,1,False,-1,-1,0,0,0,-1
2026-08-21 14:26:38.261,60.66716,False,18.98906,1.077528,-8.556815,0,0,0,1,0,0,1,False,-1,-1,0,0,0,-1
2026-08-21 14:26:38.294,60.7006,False,18.98886,1.077349,-8.556919,0,0,0,1,0,0,1,False,-1,-1,0,0,0,-1
2026-08-21 14:26:38.327,60.73425,False,18.98911,1.077143,-8.556601,0,0,0,1,0,0,1,False,-1,-1,0,0,0,-1
2026-08-21 14:26:38.371,60.7785,False,18.9887,1.076804,-8.557044,0,0,0,1,0,0,1,False,-1,-1,0,0,0,-1
2026-08-21 14:26:38.405,60.81195,False,18.98864,1.076526,-8.55724,0,0,0,1,0,0,1,False,-1,-1,0,0,0,-1
2026-08-21 14:26:38.439,60.84628,False,18.98861,1.076216,-8.557644,0,0,0,1,0,0,1,False,-1,-1,0,0,0,-1
2026-08-21 14:26:38.473,60.87986,False,18.98868,1.076063,-8.558167,0,0,0,1,0,0,1,False,-1,-1,0,0,0,-1
2026-08-21 14:26:38.519,60.92456,False,18.98872,1.075935,-8.559127,0,0,0,1,0,0,1,False,-1,-1,0,0,0,-1
2026-08-21 14:26:38.562,60.96798,False,18.98897,1.075977,-8.559903,0,0,0,1,0,0,1,False,-1,-1,0,0,0,-1
2026-08-21 14:26:38.604,61.0123,False,18.98903,1.076016,-8.561001,0,0,0,1,0,0,1,False,-1,-1,0,0,0,-1
2026-08-21 14:26:38.651,61.05747,False,18.98901,1.075984,-8.561867,0,0,0,1,0,0,1,False,-1,-1,0,0,0,-1
2026-08-21 14:26:38.698,61.10331,False,18.98925,1.076041,-8.562268,0,0,0,1,0,0,1,False,-1,-1,0,0,0,-1
2026-08-21 14:26:38.739,61.14599,False,18.98915,1.075906,-8.562748,0,0,0,1,0,0,1,False,-1,-1,0,0,0,-1
2026-08-21 14:26:38.772,61.17953,False,18.98897,1.075836,-8.56309,0,0,0,1,0,0,1,False,-1,-1,0,0,0,-1
2026-08-21 14:26:38.808,61.21383,False,18.98911,1.075875,-8.562878,0,0,0,1,0,0,1,False,-1,-1,0,0,0,-1
2026-08-21 14:26:38.850,61.25671,False,18.989,1.075791,-8.562896,0,0,0,1,0,0,1,False,-1,-1,0,0,0,-1
2026-08-21 14:26:38.894,61.30131,False,18.98927,1.075739,-8.562365,0,0,0,1,0,0,1,False,-1,-1,0,0,0,-1
2026-08-21 14:26:38.928,61.33525,False,18.98928,1.075812,-8.562116,0,0,0,1,0,0,1,False,-1,-1,0,0,0,-1
2026-08-21 14:26:38.963,61.36935,False,18.98935,1.075983,-8.561715,0,0,0,1,0,0,1,False,-1,-1,0,0,0,-1
2026-08-21 14:26:39.007,61.41365,False,18.98946,1.075938,-8.56122,0,0,0,1,0,0,1,False,-1,-1,0,0,0,-1
2026-08-21 14:26:39.050,61.45754,False,18.98964,1.075555,-8.560919,0,0,0,1,0,0,1,False,-1,-1,0,0,0,-1
2026-08-21 14:26:39.095,61.50145,False,18.99006,1.075188,-8.560385,0,0,0,1,0,0,1,False,-1,-1,0,0,0,-1
2026-08-21 14:26:39.140,61.54654,False,18.98982,1.075007,-8.560296,0,0,0,1,0,0,1,False,-1,-1,0,0,0,-1
2026-08-21 14:26:39.183,61.58952,False,18.98946,1.075017,-8.560011,0,0,0,1,0,0,1,False,-1,-1,0,0,0,-1
2026-08-21 14:26:39.216,61.62291,False,18.9891,1.074986,-8.559672,0,0,0,1,0,0,1,False,-1,-1,0,0,0,-1
2026-08-21 14:26:39.250,61.65684,False,18.98858,1.074955,-8.559207,0,0,0,1,0,0,1,False,-1,-1,0,0,0,-1
2026-08-21 14:26:39.294,61.70092,False,18.98801,1.074851,-8.55826,0,0,0,1,0,0,1,False,-1,-1,0,0,0,-1
2026-08-21 14:26:39.328,61.73498,False,18.98745,1.074825,-8.557878,0,0,0,1,0,0,1,False,-1,-1,0,0,0,-1
2026-08-21 14:26:39.372,61.77876,False,18.98679,1.074778,-8.557212,0,0,0,1,0,0,1,False,-1,-1,0,0,0,-1
2026-08-21 14:26:39.416,61.82313,False,18.98647,1.074694,-8.556711,0,0,0,1,0,0,1,False,-1,-1,0,0,0,-1
2026-08-21 14:26:39.460,61.86738,False,18.98656,1.074792,-8.55585,0,0,0,1,0,0,1,False,-1,-1,0,0,0,-1
2026-08-21 14:26:39.494,61.9012,False,18.98647,1.074799,-8.555383,0,0,0,1,0,0,1,False,-1,-1,0,0,0,-1
2026-08-21 14:26:39.528,61.93483,False,18.98651,1.074737,-8.554676,0,0,0,1,0,0,1,False,-1,-1,0,0,0,-1
2026-08-21 14:26:39.572,61.97864,False,18.98609,1.074676,-8.554121,0,0,0,1,0,0,1,False,-1,-1,0,0,0,-1
2026-08-21 14:26:39.617,62.02311,False,18.98545,1.074592,-8.553571,0,0,0,1,0,0,1,False,-1,-1,0,0,0,-1
2026-08-21 14:26:39.662,62.06816,False,18.98498,1.074589,-8.552677,0,0,0,1,0,0,1,False,-1,-1,0,0,0,-1
2026-08-21 14:26:39.705,62.11252,False,18.98441,1.074555,-8.552049,0,0,0,1,0,0,1,False,-1,-1,0,0,0,-1
2026-08-21 14:26:39.749,62.1563,False,18.98381,1.07459,-8.551288,0,0,0,1,0,0,1,False,-1,-1,0,0,0,-1
2026-08-21 14:26:39.783,62.18991,False,18.98345,1.07469,-8.550546,0,0,0,1,0,0,1,False,-1,-1,0,0,0,-1
2026-08-21 14:26:39.817,62.22353,False,18.98301,1.074755,-8.549837,0,0,0,1,0,0,1,False,-1,-1,0,0,0,-1
2026-08-21 14:26:39.861,62.26873,False,18.98278,1.074834,-8.548792,0,0,0,1,0,0,1,False,-1,-1,0,0,0,-1
2026-08-21 14:26:39.905,62.31213,False,18.98237,1.074827,-8.547994,0,0,0,1,0,0,1,False,-1,-1,0,0,0,-1
2026-08-21 14:26:39.950,62.35631,False,18.98197,1.074807,-8.547349,0,0,0,1,0,0,1,False,-1,-1,0,0,0,-1
2026-08-21 14:26:39.983,62.38999,False,18.98182,1.074841,-8.546865,0,0,0,1,0,0,1,False,-1,-1,0,0,0,-1
2026-08-21 14:26:40.027,62.43434,False,18.98172,1.074892,-8.546173,0,0,0,1,0,0,1,False,-1,-1,0,0,0,-1
2026-08-21 14:26:40.062,62.46841,False,18.98152,1.074957,-8.545896,0,0,0,1,0,0,1,False,-1,-1,0,0,0,-1
2026-08-21 14:26:40.105,62.51219,False,18.98129,1.075016,-8.545724,0,0,0,1,0,0,1,False,-1,-1,0,0,0,-1
2026-08-21 14:26:40.149,62.55639,False,18.98109,1.075037,-8.545685,0,0,0,1,0,0,1,False,-1,-1,0,0,0,-1
2026-08-21 14:26:40.184,62.59079,False,18.98105,1.075086,-8.545655,0,0,0,1,0,0,1,False,-1,-1,0,0,0,-1
2026-08-21 14:26:40.228,62.63448,False,18.98108,1.075117,-8.545529,0,0,0,1,0,0,1,False,-1,-1,0,0,0,-1
2026-08-21 14:26:40.261,62.66794,False,18.98092,1.074989,-8.545751,0,0,0,1,0,0,1,False,-1,-1,0,0,0,-1
2026-08-21 14:26:40.306,62.71209,False,18.98081,1.074904,-8.546008,0,0,0,1,0,0,1,False,-1,-1,0,0,0,-1
2026-08-21 14:26:40.339,62.74558,False,18.98077,1.074798,-8.546232,0,0,0,1,0,0,1,False,-1,-1,0,0,0,-1
2026-08-21 14:26:40.382,62.78951,False,18.98059,1.07459,-8.546782,0,0,0,1,0,0,1,False,-1,-1,0,0,0,-1
2026-08-21 14:26:40.427,62.83399,False,18.98074,1.074429,-8.54702,0,0,0,1,0,0,1,False,-1,-1,0,0,0,-1
2026-08-21 14:26:40.461,62.86743,False,18.98078,1.074232,-8.547501,0,0,0,1,0,0,1,False,-1,-1,0,0,0,-1
2026-08-21 14:26:40.494,62.90104,False,18.981,1.07413,-8.548017,0,0,0,1,0,0,1,False,-1,-1,0,0,0,-1
2026-08-21 14:26:40.539,62.94555,False,18.98135,1.074035,-8.548864,0,0,0,1,0,0,1,False,-1,-1,0,0,0,-1
2026-08-21 14:26:40.583,62.98954,False,18.98145,1.073805,-8.550257,0,0,0,1,0,0,1,False,-1,-1,0,0,0,-1
2026-08-21 14:26:40.628,63.03425,False,18.98216,1.073697,-8.551127,0,0,0,1,0,0,1,False,-1,-1,0,0,0,-1
2026-08-21 14:26:40.672,63.07895,False,18.98253,1.073544,-8.552178,0,0,0,1,0,0,1,False,-1,-1,0,0,0,-1
2026-08-21 14:26:40.706,63.11262,False,18.98287,1.073488,-8.552684,0,0,0,1,0,0,1,False,-1,-1,0,0,0,-1
2026-08-21 14:26:40.750,63.15673,False,18.98331,1.073184,-8.553855,0,0,0,1,0,0,1,False,-1,-1,0,0,0,-1
2026-08-21 14:26:40.795,63.20104,False,18.9845,1.072975,-8.554606,0,0,0,1,0,0,1,False,-1,-1,0,0,0,-1
2026-08-21 14:26:40.829,63.23539,False,18.98503,1.072371,-8.555673,0,0,0,1,0,0,1,False,-1,-1,0,0,0,-1
2026-08-21 14:26:40.872,63.27872,False,18.98569,1.071236,-8.557009,0,0,0,1,0,0,1,False,-1,-1,0,0,0,-1
2026-08-21 14:26:40.905,63.31206,False,18.98633,1.070779,-8.557647,0,0,0,1,0,0,1,False,-1,-1,0,0,0,-1
2026-08-21 14:26:40.950,63.35663,False,18.98663,1.070119,-8.558878,0,0,0,1,0,0,1,False,-1,-1,0,0,0,-1
2026-08-21 14:26:40.993,63.40038,False,18.98718,1.069703,-8.559764,0,0,0,1,0,0,1,False,-1,-1,0,0,0,-1
2026-08-21 14:26:41.029,63.43567,False,18.98742,1.06948,-8.560545,0,0,0,1,0,0,1,False,-1,-1,0,0,0,-1
2026-08-21 14:26:41.072,63.47852,False,18.98758,1.069345,-8.561731,0,0,0,1,0,0,1,False,-1,-1,0,0,0,-1
2026-08-21 14:26:41.105,63.51202,False,18.98783,1.069404,-8.562417,0,0,0,1,0,0,1,False,-1,-1,0,0,0,-1
2026-08-21 14:26:41.150,63.55633,False,18.98826,1.069377,-8.563051,0,0,0,1,0,0,1,False,-1,-1,0,0,0,-1
2026-08-21 14:26:41.194,63.60067,False,18.98888,1.069383,-8.563139,0,0,0,1,0,0,1,False,-1,-1,0,0,0,-1
2026-08-21 14:26:41.227,63.63434,False,18.98903,1.069196,-8.563409,0,0,0,1,0,0,1,False,-1,-1,0,0,0,-1
2026-08-21 14:26:41.272,63.6787,False,18.98889,1.068887,-8.563773,0,0,0,1,0,0,1,False,-1,-1,0,0,0,-1
2026-08-21 14:26:41.316,63.72298,False,18.98877,1.068701,-8.564128,0,0,0,1,0,0,1,False,-1,-1,0,0,0,-1
2026-08-21 14:26:41.361,63.76787,False,18.98896,1.068675,-8.564072,0,0,0,1,0,0,1,False,-1,-1,0,0,0,-1
2026-08-21 14:26:41.405,63.81189,False,18.98919,1.068604,-8.564214,0,0,0,1,0,0,1,False,-1,-1,0,0,0,-1
2026-08-21 14:26:41.449,63.85625,False,18.98938,1.068505,-8.564528,0,0,0,1,0,0,1,False,-1,-1,0,0,0,-1
2026-08-21 14:26:41.494,63.90051,False,18.98957,1.068534,-8.564352,0,0,0,1,0,0,1,False,-1,-1,0,0,0,-1
2026-08-21 14:26:41.528,63.93452,False,18.9896,1.068547,-8.564223,0,0,0,1,0,0,1,False,-1,-1,0,0,0,-1
2026-08-21 14:26:41.562,63.9683,False,18.98976,1.068585,-8.563697,0,0,0,1,0,0,1,False,-1,-1,0,0,0,-1
2026-08-21 14:26:41.606,64.01231,False,18.98958,1.068414,-8.563791,0,0,0,1,0,0,1,False,-1,-1,0,0,0,-1
2026-08-21 14:26:41.649,64.05615,False,18.98962,1.068402,-8.563556,0,0,0,1,0,0,1,False,-1,-1,0,0,0,-1
2026-08-21 14:26:41.683,64.08965,False,18.98972,1.068482,-8.563322,0,0,0,1,0,0,1,False,-1,-1,0,0,0,-1
2026-08-21 14:26:41.728,64.13466,False,18.98925,1.068755,-8.562482,0,0,0,1,0,0,1,False,-1,-1,0,0,0,-1
2026-08-21 14:26:41.772,64.17863,False,18.98886,1.06871,-8.562076,0,0,0,1,0,0,1,False,-1,-1,0,0,0,-1
2026-08-21 14:26:41.818,64.22432,False,18.9889,1.068609,-8.561644,0,0,0,1,0,0,1,False,-1,-1,0,0,0,-1
2026-08-21 14:26:41.861,64.26733,False,18.98943,1.068721,-8.560822,0,0,0,1,0,0,1,False,-1,-1,0,0,0,-1
2026-08-21 14:26:41.894,64.30108,False,18.98989,1.068988,-8.560293,0,0,0,1,0,0,1,False,-1,-1,0,0,0,-1
2026-08-21 14:26:41.938,64.34532,False,18.98993,1.069079,-8.560144,0,0,0,1,0,0,1,False,-1,-1,0,0,0,-1
2026-08-21 14:26:41.983,64.38959,False,18.9898,1.069347,-8.559788,0,0,0,1,0,0,1,False,-1,-1,0,0,0,-1
2026-08-21 14:26:42.018,64.42399,False,18.9895,1.06952,-8.559416,0,0,0,1,0,0,1,False,-1,-1,0,0,0,-1
2026-08-21 14:26:42.051,64.45736,False,18.98917,1.069662,-8.558976,0,0,0,1,0,0,1,False,-1,-1,0,0,0,-1
2026-08-21 14:26:42.095,64.50114,False,18.98882,1.06984,-8.558078,0,0,0,1,0,0,1,False,-1,-1,0,0,0,-1
2026-08-21 14:26:42.138,64.54532,False,18.98808,1.069932,-8.557443,0,0,0,1,0,0,1,False,-1,-1,0,0,0,-1
2026-08-21 14:26:42.183,64.58942,False,18.9872,1.070139,-8.55667,0,0,0,1,0,0,1,False,-1,-1,0,0,0,-1
2026-08-21 14:26:42.217,64.62312,False,18.98657,1.070334,-8.555974,0,0,0,1,0,0,1,False,-1,-1,0,0,0,-1
2026-08-21 14:26:42.261,64.66759,False,18.9858,1.070423,-8.554832,0,0,0,1,0,0,1,False,-1,-1,0,0,0,-1
2026-08-21 14:26:42.304,64.71176,False,18.98478,1.070492,-8.553786,0,0,0,1,0,0,1,False,-1,-1,0,0,0,-1
2026-08-21 14:26:42.339,64.74566,False,18.9841,1.070578,-8.552886,0,0,0,1,0,0,1,False,-1,-1,0,0,0,-1
2026-08-21 14:26:42.383,64.78973,False,18.98339,1.070669,-8.551999,0,0,0,1,0,0,1,False,-1,-1,0,0,0,-1
2026-08-21 14:26:42.418,64.82375,False,18.98268,1.070746,-8.551171,0,0,0,1,0,0,1,False,-1,-1,0,0,0,-1
2026-08-21 14:26:42.461,64.86744,False,18.98194,1.071105,-8.549762,0,0,0,1,0,0,1,False,-1,-1,0,0,0,-1
2026-08-21 14:26:42.505,64.91205,False,18.98135,1.071447,-8.54885,0,0,0,1,0,0,1,False,-1,-1,0,0,0,-1
2026-08-21 14:26:42.550,64.9566,False,18.98089,1.071749,-8.547989,0,0,0,1,0,0,1,False,-1,-1,0,0,0,-1
2026-08-21 14:26:42.594,65.00074,False,18.98081,1.071954,-8.546836,0,0,0,1,0,0,1,False,-1,-1,0,0,0,-1
2026-08-21 14:26:42.627,65.03415,False,18.98086,1.072063,-8.546187,0,0,0,1,0,0,1,False,-1,-1,0,0,0,-1
2026-08-21 14:26:42.661,65.06754,False,18.98099,1.072117,-8.545466,0,0,0,1,0,0,1,False,-1,-1,0,0,0,-1
2026-08-21 14:26:42.694,65.10107,False,18.98103,1.072023,-8.544849,0,0,0,1,0,0,1,False,-1,-1,0,0,0,-1
2026-08-21 14:26:42.738,65.14526,False,18.98069,1.071943,-8.544317,0,0,0,1,0,0,1,False,-1,-1,0,0,0,-1
2026-08-21 14:26:42.772,65.17921,False,18.98044,1.071906,-8.543877,0,0,0,1,0,0,1,False,-1,-1,0,0,0,-1
2026-08-21 14:26:42.816,65.22329,False,18.98011,1.071958,-8.543355,0,0,0,1,0,0,1,False,-1,-1,0,0,0,-1
2026-08-21 14:26:42.850,65.25726,False,18.97951,1.071955,-8.543301,0,0,0,1,0,0,1,False,-1,-1,0,0,0,-1
2026-08-21 14:26:42.894,65.30103,False,18.97907,1.071824,-8.54309,0,0,0,1,0,0,1,False,-1,-1,0,0,0,-1
2026-08-21 14:26:42.938,65.34525,False,18.97859,1.071799,-8.543231,0,0,0,1,0,0,1,False,-1,-1,0,0,0,-1
2026-08-21 14:26:42.972,65.3786,False,18.97844,1.071744,-8.543443,0,0,0,1,0,0,1,False,-1,-1,0,0,0,-1
2026-08-21 14:26:43.016,65.42326,False,18.97837,1.071748,-8.543829,0,0,0,1,0,0,1,False,-1,-1,0,0,0,-1
2026-08-21 14:26:43.061,65.4678,False,18.97874,1.071874,-8.544326,0,0,0,1,0,0,1,False,-1,-1,0,0,0,-1
2026-08-21 14:26:43.106,65.51233,False,18.97879,1.071908,-8.545058,0,0,0,1,0,0,1,False,-1,-1,0,0,0,-1
2026-08-21 14:26:43.149,65.55602,False,18.97909,1.071899,-8.545614,0,0,0,1,0,0,1,False,-1,-1,0,0,0,-1
2026-08-21 14:26:43.183,65.58958,False,18.97884,1.071628,-8.546331,0,0,0,1,0,0,1,False,-1,-1,0,0,0,-1
2026-08-21 14:26:43.216,65.62293,False,18.97911,1.071435,-8.546749,0,0,0,1,0,0,1,False,-1,-1,0,0,0,-1
2026-08-21 14:26:43.262,65.6685,False,18.97922,1.071156,-8.547848,0,0,0,1,0,0,1,False,-1,-1,0,0,0,-1
2026-08-21 14:26:43.305,65.71191,False,18.97955,1.070944,-8.54917,0,0,0,1,0,0,1,False,-1,-1,0,0,0,-1
2026-08-21 14:26:43.339,65.74539,False,18.97995,1.070809,-8.550287,0,0,0,1,0,0,1,False,-1,-1,0,0,0,-1
2026-08-21 14:26:43.383,65.78992,False,18.98045,1.070422,-8.551888,0,0,0,1,0,0,1,False,-1,-1,0,0,0,-1
2026-08-21 14:26:43.427,65.83407,False,18.98155,1.069895,-8.553019,0,0,0,1,0,0,1,False,-1,-1,0,0,0,-1
2026-08-21 14:26:43.472,65.87852,False,18.98232,1.069311,-8.554716,0,0,0,1,0,0,1,False,-1,-1,0,0,0,-1
2026-08-21 14:26:43.506,65.91217,False,18.98313,1.068932,-8.555893,0,0,0,1,0,0,1,False,-1,-1,0,0,0,-1
2026-08-21 14:26:43.549,65.95613,False,18.98412,1.068404,-8.557573,0,0,0,1,0,0,1,False,-1,-1,0,0,0,-1
2026-08-21 14:26:43.584,65.99038,False,18.98512,1.068194,-8.558437,0,0,0,1,0,0,1,False,-1,-1,0,0,0,-1
2026-08-21 14:26:43.627,66.03436,False,18.9861,1.068014,-8.559702,0,0,0,1,0,0,1,False,-1,-1,0,0,0,-1
2026-08-21 14:26:43.672,66.07855,False,18.98695,1.067805,-8.5611,0,0,0,1,0,0,1,False,-1,-1,0,0,0,-1
2026-08-21 14:26:43.705,66.1121,False,18.98783,1.067851,-8.562118,0,0,0,1,0,0,1,False,-1,-1,0,0,0,-1
2026-08-21 14:26:43.750,66.15629,False,18.98912,1.068035,-8.563544,0,0,0,1,0,0,1,False,-1,-1,0,0,0,-1
2026-08-21 14:26:43.784,66.1908,False,18.99004,1.068115,-8.564367,0,0,0,1,0,0,1,False,-1,-1,0,0,0,-1
2026-08-21 14:26:43.828,66.23431,False,18.99159,1.068118,-8.565269,0,0,0,1,0,0,1,False,-1,-1,0,0,0,-1
2026-08-21 14:26:43.872,66.27841,False,18.99219,1.067906,-8.566409,0,0,0,1,0,0,1,False,-1,-1,0,0,0,-1
2026-08-21 14:26:43.917,66.32298,False,18.99286,1.067768,-8.567588,0,0,0,1,0,0,1,False,-1,-1,0,0,0,-1
2026-08-21 14:26:43.950,66.35688,False,18.99314,1.06774,-8.568091,0,0,0,1,0,0,1,False,-1,-1,0,0,0,-1
2026-08-21 14:26:43.995,66.40153,False,18.99327,1.06775,-8.568308,0,0,0,1,0,0,1,False,-1,-1,0,0,0,-1
2026-08-21 14:26:44.038,66.44512,False,18.99288,1.067676,-8.568425,0,0,0,1,0,0,1,False,-1,-1,0,0,0,-1
2026-08-21 14:26:44.072,66.47849,False,18.99253,1.067633,-8.568282,0,0,0,1,0,0,1,False,-1,-1,0,0,0,-1
2026-08-21 14:26:44.107,66.51364,False,18.99214,1.067541,-8.567945,0,0,0,1,0,0,1,False,-1,-1,0,0,0,-1
2026-08-21 14:26:44.151,66.55677,False,18.99169,1.067268,-8.567388,0,0,0,1,0,0,1,False,-1,-1,0,0,0,-1
2026-08-21 14:26:44.194,66.60106,False,18.99162,1.067085,-8.566277,0,0,0,1,0,0,1,False,-1,-1,0,0,0,-1
2026-08-21 14:26:44.229,66.63511,False,18.99173,1.066982,-8.565506,0,0,0,1,0,0,1,False,-1,-1,0,0,0,-1
2026-08-21 14:26:44.272,66.6788,False,18.99187,1.067086,-8.564936,0,0,0,1,0,0,1,False,-1,-1,0,0,0,-1
2026-08-21 14:26:44.306,66.71241,False,18.99196,1.067327,-8.564291,0,0,0,1,0,0,1,False,-1,-1,0,0,0,-1
2026-08-21 14:26:44.340,66.74598,False,18.99194,1.067566,-8.563634,0,0,0,1,0,0,1,False,-1,-1,0,0,0,-1
2026-08-21 14:26:44.384,66.78999,False,18.99189,1.067798,-8.562592,0,0,0,1,0,0,1,False,-1,-1,0,0,0,-1
2026-08-21 14:26:44.418,66.82361,False,18.99161,1.067907,-8.562326,0,0,0,1,0,0,1,False,-1,-1,0,0,0,-1
2026-08-21 14:26:44.462,66.86796,False,18.9914,1.068102,-8.5614,0,0,0,1,0,0,1,False,-1,-1,0,0,0,-1
2026-08-21 14:26:44.505,66.91261,False,18.99069,1.06834,-8.560832,0,0,0,1,0,0,1,False,-1,-1,0,0,0,-1
2026-08-21 14:26:44.540,66.94617,False,18.98995,1.068474,-8.560406,0,0,0,1,0,0,1,False,-1,-1,0,0,0,-1
2026-08-21 14:26:44.584,66.99039,False,18.98889,1.068504,-8.559597,0,0,0,1,0,0,1,False,-1,-1,0,0,0,-1
2026-08-21 14:26:44.628,67.03459,False,18.98768,1.068801,-8.558803,0,0,0,1,0,0,1,False,-1,-1,0,0,0,-1
2026-08-21 14:26:44.672,67.07908,False,18.9865,1.069247,-8.557837,0,0,0,1,0,0,1,False,-1,-1,0,0,0,-1
2026-08-21 14:26:44.717,67.12299,False,18.98541,1.069561,-8.556876,0,0,0,1,0,0,1,False,-1,-1,0,0,0,-1
2026-08-21 14:26:44.761,67.16772,False,18.98434,1.069892,-8.555473,0,0,0,1,0,0,1,False,-1,-1,0,0,0,-1
2026-08-21 14:26:44.806,67.21287,False,18.98328,1.070201,-8.554356,0,0,0,1,0,0,1,False,-1,-1,0,0,0,-1
2026-08-21 14:26:44.841,67.24753,False,18.98246,1.070461,-8.55337,0,0,0,1,0,0,1,False,-1,-1,0,0,0,-1
2026-08-21 14:26:44.883,67.2895,False,18.9816,1.070796,-8.552059,0,0,0,1,0,0,1,False,-1,-1,0,0,0,-1
2026-08-21 14:26:44.917,67.32313,False,18.98097,1.070964,-8.551353,0,0,0,1,0,0,1,False,-1,-1,0,0,0,-1
2026-08-21 14:26:44.961,67.36729,False,18.98085,1.071336,-8.5501,0,0,0,1,0,0,1,False,-1,-1,0,0,0,-1
2026-08-21 14:26:44.994,67.40069,False,18.98071,1.071661,-8.549446,0,0,0,1,0,0,1,False,-1,-1,0,0,0,-1
2026-08-21 14:26:45.027,67.43405,False,18.98057,1.071981,-8.548952,0,0,0,1,0,0,1,False,-1,-1,0,0,0,-1
2026-08-21 14:26:45.061,67.46771,False,18.98066,1.07249,-8.54824,0,0,0,1,0,0,1,False,-1,-1,0,0,0,-1
2026-08-21 14:26:45.105,67.51199,False,18.98085,1.072998,-8.54776,0,0,0,1,0,0,1,False,-1,-1,0,0,0,-1
2026-08-21 14:26:45.141,67.54698,False,18.9814,1.073479,-8.547275,0,0,0,1,0,0,1,False,-1,-1,0,0,0,-1
2026-08-21 14:26:45.184,67.59014,False,18.98275,1.074051,-8.546814,0,0,0,1,0,0,1,False,-1,-1,0,0,0,-1
2026-08-21 14:26:45.219,67.62561,False,18.98476,1.075179,-8.546181,0,0,0,1,0,0,1,False,-1,-1,0,0,0,-1
2026-08-21 14:26:45.261,67.66733,False,18.98649,1.076206,-8.546218,0,0,0,1,0,0,1,False,-1,-1,0,0,0,-1
2026-08-21 14:26:45.294,67.70071,False,18.98776,1.076964,-8.54665,0,0,0,1,0,0,1,False,-1,-1,0,0,0,-1
2026-08-21 14:26:45.328,67.7346,False,18.9887,1.077867,-8.546842,0,0,0,1,0,0,1,False,-1,-1,0,0,0,-1
2026-08-21 14:26:45.372,67.77834,False,18.98971,1.079166,-8.547334,0,0,0,1,0,0,1,False,-1,-1,0,0,0,-1
2026-08-21 14:26:45.405,67.81202,False,18.99051,1.080589,-8.547536,0,0,0,1,0,0,1,False,-1,-1,0,0,0,-1
2026-08-21 14:26:45.450,67.8562,False,18.99165,1.082697,-8.547925,0,0,0,1,0,0,1,False,-1,-1,0,0,0,-1
2026-08-21 14:26:45.483,67.88953,False,18.99329,1.084028,-8.548463,0,0,0,1,0,0,1,False,-1,-1,0,0,0,-1
2026-08-21 14:26:45.516,67.92294,False,18.99483,1.084875,-8.549603,0,0,0,1,0,0,1,False,-1,-1,0,0,0,-1
2026-08-21 14:26:45.561,67.96729,False,18.99615,1.085534,-8.551669,0,0,0,1,0,0,1,False,-1,-1,0,0,0,-1
2026-08-21 14:26:45.594,68.00069,False,18.99683,1.085944,-8.553246,0,0,0,1,0,0,1,False,-1,-1,0,0,0,-1
2026-08-21 14:26:45.628,68.03457,False,18.99731,1.086593,-8.554915,0,0,0,1,0,0,1,False,-1,-1,0,0,0,-1
2026-08-21 14:26:45.671,68.07835,False,18.99717,1.086585,-8.557446,0,0,0,1,0,0,1,False,-1,-1,0,0,0,-1
2026-08-21 14:26:45.717,68.12312,False,18.99674,1.086838,-8.559478,0,0,0,1,0,0,1,False,-1,-1,0,0,0,-1
2026-08-21 14:26:45.750,68.15663,False,18.99659,1.087541,-8.560893,0,0,0,1,0,0,1,False,-1,-1,0,0,0,-1
2026-08-21 14:26:45.794,68.20059,False,18.9963,1.088265,-8.563213,0,0,0,1,0,0,1,False,-1,-1,0,0,0,-1
2026-08-21 14:26:45.829,68.23473,False,18.99653,1.088851,-8.565007,0,0,0,1,0,0,1,False,-1,-1,0,0,0,-1
2026-08-21 14:26:45.872,68.27871,False,18.99706,1.089939,-8.567359,0,0,0,1,0,0,1,False,-1,-1,0,0,0,-1
2026-08-21 14:26:45.906,68.31209,False,18.99771,1.090471,-8.569035,0,0,0,1,0,0,1,False,-1,-1,0,0,0,-1
2026-08-21 14:26:45.939,68.3457,False,18.99811,1.090909,-8.570653,0,0,0,1,0,0,1,False,-1,-1,0,0,0,-1
2026-08-21 14:26:45.984,68.38993,False,18.99794,1.091211,-8.572504,0,0,0,1,0,0,1,False,-1,-1,0,0,0,-1
2026-08-21 14:26:46.028,68.43419,False,18.99771,1.091527,-8.573821,0,0,0,1,0,0,1,False,-1,-1,0,0,0,-1
2026-08-21 14:26:46.073,68.47889,False,18.99705,1.091337,-8.575603,0,0,0,1,0,0,1,False,-1,-1,0,0,0,-1
2026-08-21 14:26:46.117,68.52305,False,18.99663,1.091005,-8.577152,0,0,0,1,0,0,1,False,-1,-1,0,0,0,-1
2026-08-21 14:26:46.151,68.55728,False,18.9968,1.090865,-8.577538,0,0,0,1,0,0,1,False,-1,-1,0,0,0,-1
2026-08-21 14:26:46.194,68.60136,False,18.99693,1.090242,-8.578074,0,0,0,1,0,0,1,False,-1,-1,0,0,0,-1
2026-08-21 14:26:46.239,68.64501,False,18.99748,1.089355,-8.577982,0,0,0,1,0,0,1,False,-1,-1,0,0,0,-1
2026-08-21 14:26:46.272,68.67844,False,18.9983,1.088637,-8.577346,0,0,0,1,0,0,1,False,-1,-1,0,0,0,-1
2026-08-21 14:26:46.318,68.72352,False,18.9996,1.087687,-8.575933,0,0,0,1,0,0,1,False,-1,-1,0,0,0,-1
2026-08-21 14:26:46.350,68.75694,False,18.99997,1.087086,-8.575291,0,0,0,1,0,0,1,False,-1,-1,0,0,0,-1
2026-08-21 14:26:46.394,68.8007,False,19.00052,1.086929,-8.574095,0,0,0,1,0,0,1,False,-1,-1,0,0,0,-1
2026-08-21 14:26:46.438,68.84505,False,19.0008,1.087014,-8.573318,0,0,0,1,0,0,1,False,-1,-1,0,0,0,-1
2026-08-21 14:26:46.483,68.88921,False,19.00123,1.086824,-8.572628,0,0,0,1,0,0,1,False,-1,-1,0,0,0,-1
2026-08-21 14:26:46.516,68.92304,False,19.00109,1.086752,-8.572309,0,0,0,1,0,0,1,False,-1,-1,0,0,0,-1
2026-08-21 14:26:46.561,68.96745,False,19.00095,1.086964,-8.571501,0,0,0,1,0,0,1,False,-1,-1,0,0,0,-1
2026-08-21 14:26:46.605,69.01189,False,19.00071,1.087066,-8.571232,0,0,0,1,0,0,1,False,-1,-1,0,0,0,-1
2026-08-21 14:26:46.639,69.04538,False,19.00046,1.087102,-8.571122,0,0,0,1,0,0,1,False,-1,-1,0,0,0,-1
2026-08-21 14:26:46.672,69.07887,False,19.00009,1.087014,-8.571282,0,0,0,1,0,0,1,False,-1,-1,0,0,0,-1
2026-08-21 14:26:46.717,69.12296,False,18.99968,1.087106,-8.571299,0,0,0,1,0,0,1,False,-1,-1,0,0,0,-1
2026-08-21 14:26:46.753,69.15862,False,18.99913,1.087191,-8.571534,0,0,0,1,0,0,1,False,-1,-1,0,0,0,-1
2026-08-21 14:26:46.795,69.20061,False,18.9984,1.087407,-8.571839,0,0,0,1,0,0,1,False,-1,-1,0,0,0,-1
2026-08-21 14:26:46.829,69.2356,False,18.99797,1.087821,-8.572088,0,0,0,1,0,0,1,False,-1,-1,0,0,0,-1
2026-08-21 14:26:46.873,69.27918,False,18.99744,1.088516,-8.572147,0,0,0,1,0,0,1,False,-1,-1,0,0,0,-1
2026-08-21 14:26:46.917,69.3232,False,18.99711,1.089105,-8.571968,0,0,0,1,0,0,1,False,-1,-1,0,0,0,-1
2026-08-21 14:26:46.951,69.35664,False,18.99693,1.089207,-8.571707,0,0,0,1,0,0,1,False,-1,-1,0,0,0,-1
2026-08-21 14:26:46.994,69.40085,False,18.99744,1.089341,-8.571348,0,0,0,1,0,0,1,False,-1,-1,0,0,0,-1
2026-08-21 14:26:47.027,69.43433,False,18.99835,1.089499,-8.570778,0,0,0,1,0,0,1,False,-1,-1,0,0,0,-1
2026-08-21 14:26:47.072,69.47875,False,18.99949,1.09002,-8.569964,0,0,0,1,0,0,1,False,-1,-1,0,0,0,-1
2026-08-21 14:26:47.124,69.52985,False,19.00083,1.090557,-8.56852,0,0,0,1,0,0,1,False,-1,-1,0,0,0,-1
2026-08-21 14:26:47.165,69.57114,False,19.00102,1.090765,-8.567661,0,0,0,1,0,0,1,False,-1,-1,0,0,0,-1
2026-08-21 14:26:47.200,69.60553,False,19.00089,1.090937,-8.566764,0,0,0,1,0,0,1,False,-1,-1,0,0,0,-1
2026-08-21 14:26:47.242,69.64817,False,19.00045,1.091012,-8.565679,0,0,0,1,0,0,1,False,-1,-1,0,0,0,-1
2026-08-21 14:26:47.275,69.68169,False,18.99995,1.091054,-8.564692,0,0,0,1,0,0,1,False,-1,-1,0,0,0,-1
2026-08-21 14:26:47.333,69.73894,False,18.99912,1.091043,-8.563364,0,0,0,1,0,0,1,False,-1,-1,0,0,0,-1
2026-08-21 14:26:47.367,69.77325,False,18.99771,1.09125,-8.562112,0,0,0,1,0,0,1,False,-1,-1,0,0,0,-1
2026-08-21 14:26:47.405,69.81207,False,18.99626,1.091286,-8.560976,0,0,0,1,0,0,1,False,-1,-1,0,0,0,-1
2026-08-21 14:26:47.439,69.84564,False,18.99535,1.091304,-8.559981,0,0,0,1,0,0,1,False,-1,-1,0,0,0,-1
2026-08-21 14:26:47.482,69.8891,False,18.9946,1.091356,-8.558383,0,0,0,1,0,0,1,False,-1,-1,0,0,0,-1
2026-08-21 14:26:47.517,69.92319,False,18.99429,1.091455,-8.557428,0,0,0,1,0,0,1,False,-1,-1,0,0,0,-1
2026-08-21 14:26:47.551,69.95698,False,18.99418,1.091866,-8.556185,0,0,0,1,0,0,1,False,-1,-1,0,0,0,-1
2026-08-21 14:26:47.594,70.00091,False,18.99361,1.092501,-8.555262,0,0,0,1,0,0,1,False,-1,-1,0,0,0,-1
2026-08-21 14:26:47.628,70.03469,False,18.99343,1.092844,-8.554344,0,0,0,1,0,0,1,False,-1,-1,0,0,0,-1
2026-08-21 14:26:47.673,70.07908,False,18.99269,1.093102,-8.553528,0,0,0,1,0,0,1,False,-1,-1,0,0,0,-1
2026-08-21 14:26:47.717,70.12302,False,18.99237,1.093358,-8.55219,0,0,0,1,0,0,1,False,-1,-1,0,0,0,-1
2026-08-21 14:26:47.750,70.15672,False,18.99219,1.093304,-8.551457,0,0,0,1,0,0,1,False,-1,-1,0,0,0,-1
2026-08-21 14:26:47.794,70.20074,False,18.99202,1.093146,-8.55081,0,0,0,1,0,0,1,False,-1,-1,0,0,0,-1
2026-08-21 14:26:47.828,70.23434,False,18.99215,1.093013,-8.550261,0,0,0,1,0,0,1,False,-1,-1,0,0,0,-1
2026-08-21 14:26:47.862,70.26775,False,18.99251,1.092818,-8.549731,0,0,0,1,0,0,1,False,-1,-1,0,0,0,-1
2026-08-21 14:26:47.895,70.30178,False,18.9929,1.092655,-8.549223,0,0,0,1,0,0,1,False,-1,-1,0,0,0,-1
2026-08-21 14:26:47.940,70.3457,False,18.99273,1.092179,-8.549182,0,0,0,1,0,0,1,False,-1,-1,0,0,0,-1
2026-08-21 14:26:47.983,70.38961,False,18.99233,1.091918,-8.549205,0,0,0,1,0,0,1,False,-1,-1,0,0,0,-1
2026-08-21 14:26:48.017,70.42309,False,18.99185,1.091781,-8.549648,0,0,0,1,0,0,1,False,-1,-1,0,0,0,-1
2026-08-21 14:26:48.050,70.45642,False,18.99148,1.091659,-8.550188,0,0,0,1,0,0,1,False,-1,-1,0,0,0,-1
2026-08-21 14:26:48.095,70.50053,False,18.99096,1.091504,-8.551387,0,0,0,1,0,0,1,False,-1,-1,0,0,0,-1
2026-08-21 14:26:48.128,70.53407,False,18.99074,1.091288,-8.552551,0,0,0,1,0,0,1,False,-1,-1,0,0,0,-1
2026-08-21 14:26:48.172,70.57845,False,18.99047,1.090927,-8.554051,0,0,0,1,0,0,1,False,-1,-1,0,0,0,-1
2026-08-21 14:26:48.206,70.6129,False,18.99034,1.09052,-8.555529,0,0,0,1,0,0,1,False,-1,-1,0,0,0,-1
2026-08-21 14:26:48.250,70.65631,False,18.99068,1.090009,-8.557136,0,0,0,1,0,0,1,False,-1,-1,0,0,0,-1
2026-08-21 14:26:48.284,70.69012,False,18.99088,1.089615,-8.558394,0,0,0,1,0,0,1,False,-1,-1,0,0,0,-1
2026-08-21 14:26:48.327,70.7342,False,18.99109,1.089198,-8.559969,0,0,0,1,0,0,1,False,-1,-1,0,0,0,-1
2026-08-21 14:26:48.372,70.77841,False,18.99091,1.088838,-8.561399,0,0,0,1,0,0,1,False,-1,-1,0,0,0,-1
2026-08-21 14:26:48.406,70.81182,False,18.99045,1.088661,-8.562404,0,0,0,1,0,0,1,False,-1,-1,0,0,0,-1
2026-08-21 14:26:48.438,70.84538,False,18.98994,1.088682,-8.563358,0,0,0,1,0,0,1,False,-1,-1,0,0,0,-1
2026-08-21 14:26:48.483,70.88935,False,18.98963,1.088622,-8.564363,0,0,0,1,0,0,1,False,-1,-1,0,0,0,-1
2026-08-21 14:26:48.517,70.9231,False,18.98964,1.088413,-8.565108,0,0,0,1,0,0,1,False,-1,-1,0,0,0,-1
2026-08-21 14:26:48.561,70.96735,False,18.98982,1.088178,-8.565836,0,0,0,1,0,0,1,False,-1,-1,0,0,0,-1
2026-08-21 14:26:48.595,71.00118,False,18.99032,1.088005,-8.56621,0,0,0,1,0,0,1,False,-1,-1,0,0,0,-1
2026-08-21 14:26:48.639,71.0454,False,18.99091,1.087892,-8.566584,0,0,0,1,0,0,1,False,-1,-1,0,0,0,-1
2026-08-21 14:26:48.684,71.08968,False,18.99167,1.087673,-8.566711,0,0,0,1,0,0,1,False,-1,-1,0,0,0,-1
2026-08-21 14:26:48.728,71.13444,False,18.99225,1.087562,-8.566951,0,0,0,1,0,0,1,False,-1,-1,0,0,0,-1
2026-08-21 14:26:48.772,71.17853,False,18.9927,1.087559,-8.567051,0,0,0,1,0,0,1,False,-1,-1,0,0,0,-1
2026-08-21 14:26:48.818,71.22393,False,18.99319,1.087424,-8.566891,0,0,0,1,0,0,1,False,-1,-1,0,0,0,-1
2026-08-21 14:26:48.862,71.26829,False,18.99327,1.08739,-8.566935,0,0,0,1,0,0,1,False,-1,-1,0,0,0,-1
2026-08-21 14:26:48.897,71.30249,False,18.99341,1.087382,-8.566929,0,0,0,1,0,0,1,False,-1,-1,0,0,0,-1
2026-08-21 14:26:48.940,71.34582,False,18.9935,1.087432,-8.567165,0,0,0,1,0,0,1,False,-1,-1,0,0,0,-1
2026-08-21 14:26:48.983,71.38931,False,18.99365,1.087371,-8.56714,0,0,0,1,0,0,1,False,-1,-1,0,0,0,-1
2026-08-21 14:26:49.017,71.42302,False,18.99376,1.087395,-8.567188,0,0,0,1,0,0,1,False,-1,-1,0,0,0,-1
2026-08-21 14:26:49.050,71.45654,False,18.99386,1.087361,-8.567188,0,0,0,1,0,0,1,False,-1,-1,0,0,0,-1
2026-08-21 14:26:49.095,71.50098,False,18.9938,1.087283,-8.567348,0,0,0,1,0,0,1,False,-1,-1,0,0,0,-1
2026-08-21 14:26:49.128,71.5349,False,18.99371,1.087235,-8.567293,0,0,0,1,0,0,1,False,-1,-1,0,0,0,-1
2026-08-21 14:26:49.172,71.57865,False,18.99355,1.087328,-8.567292,0,0,0,1,0,0,1,False,-1,-1,0,0,0,-1
2026-08-21 14:26:49.206,71.61246,False,18.99342,1.087444,-8.567158,0,0,0,1,0,0,1,False,-1,-1,0,0,0,-1
2026-08-21 14:26:49.241,71.64682,False,18.9934,1.08753,-8.566974,0,0,0,1,0,0,1,False,-1,-1,0,0,0,-1
2026-08-21 14:26:49.284,71.6896,False,18.99342,1.087465,-8.566563,0,0,0,1,0,0,1,False,-1,-1,0,0,0,-1
2026-08-21 14:26:49.318,71.72319,False,18.99335,1.08741,-8.566342,0,0,0,1,0,0,1,False,-1,-1,0,0,0,-1
2026-08-21 14:26:49.351,71.75737,False,18.99318,1.087452,-8.566444,0,0,0,1,0,0,1,False,-1,-1,0,0,0,-1
2026-08-21 14:26:49.395,71.80116,False,18.99327,1.087324,-8.566197,0,0,0,1,0,0,1,False,-1,-1,0,0,0,-1
2026-08-21 14:26:49.429,71.83554,False,18.99329,1.08742,-8.566093,0,0,0,1,0,0,1,False,-1,-1,0,0,0,-1
2026-08-21 14:26:49.472,71.87915,False,18.99329,1.087501,-8.566126,0,0,0,1,0,0,1,False,-1,-1,0,0,0,-1
2026-08-21 14:26:49.517,71.92316,False,18.99335,1.087622,-8.566124,0,0,0,1,0,0,1,False,-1,-1,0,0,0,-1
2026-08-21 14:26:49.561,71.9674,False,18.99343,1.087678,-8.565844,0,0,0,1,0,0,1,False,-1,-1,0,0,0,-1
2026-08-21 14:26:49.595,72.00164,False,18.9933,1.087647,-8.56575,0,0,0,1,0,0,1,False,-1,-1,0,0,0,-1
2026-08-21 14:26:49.640,72.04613,False,18.99308,1.087638,-8.565659,0,0,0,1,0,0,1,False,-1,-1,0,0,0,-1
2026-08-21 14:26:49.683,72.08923,False,18.99308,1.087604,-8.565295,0,0,0,1,0,0,1,False,-1,-1,0,0,0,-1
2026-08-21 14:26:49.718,72.12344,False,18.99302,1.087566,-8.565267,0,0,0,1,0,0,1,False,-1,-1,0,0,0,-1
2026-08-21 14:26:49.750,72.15699,False,18.99307,1.087603,-8.564933,0,0,0,1,0,0,1,False,-1,-1,0,0,0,-1
2026-08-21 14:26:49.797,72.20287,False,18.993,1.087633,-8.564922,0,0,0,1,0,0,1,False,-1,-1,0,0,0,-1
2026-08-21 14:26:49.840,72.24647,False,18.99321,1.087615,-8.564528,0,0,0,1,0,0,1,False,-1,-1,0,0,0,-1
2026-08-21 14:26:49.883,72.28994,False,18.99327,1.087577,-8.564356,0,0,0,1,0,0,1,False,-1,-1,0,0,0,-1
2026-08-21 14:26:49.918,72.32376,False,18.99342,1.08756,-8.564137,0,0,0,1,0,0,1,False,-1,-1,0,0,0,-1
2026-08-21 14:26:49.952,72.35755,False,18.99349,1.087516,-8.56407,0,0,0,1,0,0,1,False,-1,-1,0,0,0,-1
2026-08-21 14:26:49.995,72.40096,False,18.99361,1.087496,-8.564011,0,0,0,1,0,0,1,False,-1,-1,0,0,0,-1
2026-08-21 14:26:50.028,72.43442,False,18.99372,1.087548,-8.563887,0,0,0,1,0,0,1,False,-1,-1,0,0,0,-1
2026-08-21 14:26:50.063,72.46854,False,18.99388,1.087632,-8.563774,0,0,0,1,0,0,1,False,-1,-1,0,0,0,-1
2026-08-21 14:26:50.106,72.51251,False,18.99423,1.087792,-8.563442,0,0,0,1,0,0,1,False,-1,-1,0,0,0,-1
2026-08-21 14:26:50.140,72.546,False,18.99416,1.088164,-8.563437,0,0,0,1,0,0,1,False,-1,-1,0,0,0,-1
2026-08-21 14:26:50.183,72.58992,False,18.99467,1.088435,-8.563106,0,0,0,1,0,0,1,False,-1,-1,0,0,0,-1
2026-08-21 14:26:50.217,72.62406,False,18.99486,1.088427,-8.562906,0,0,0,1,0,0,1,False,-1,-1,0,0,0,-1
2026-08-21 14:26:50.252,72.65825,False,18.99483,1.088577,-8.562581,0,0,0,1,0,0,1,False,-1,-1,0,0,0,-1
2026-08-21 14:26:50.296,72.70163,False,18.99455,1.088708,-8.562142,0,0,0,1,0,0,1,False,-1,-1,0,0,0,-1
2026-08-21 14:26:50.339,72.74529,False,18.99444,1.088807,-8.561614,0,0,0,1,0,0,1,False,-1,-1,0,0,0,-1
2026-08-21 14:26:50.372,72.77865,False,18.99462,1.088726,-8.560805,0,0,0,1,0,0,1,False,-1,-1,0,0,0,-1
2026-08-21 14:26:50.417,72.82301,False,18.99476,1.08855,-8.559797,0,0,0,1,0,0,1,False,-1,-1,0,0,0,-1
2026-08-21 14:26:50.450,72.85687,False,18.99498,1.088281,-8.558771,0,0,0,1,0,0,1,False,-1,-1,0,0,0,-1
2026-08-21 14:26:50.495,72.90055,False,18.99523,1.087888,-8.557286,0,0,0,1,0,0,1,False,-1,-1,0,0,0,-1
2026-08-21 14:26:50.539,72.94506,False,18.99618,1.087226,-8.555568,0,0,0,1,0,0,1,False,-1,-1,0,0,0,-1
2026-08-21 14:26:50.573,72.97857,False,18.99695,1.087023,-8.554444,0,0,0,1,0,0,1,False,-1,-1,0,0,0,-1
2026-08-21 14:26:50.606,73.01195,False,18.99788,1.08689,-8.553353,0,0,0,1,0,0,1,False,-1,-1,0,0,0,-1
2026-08-21 14:26:50.649,73.05434,False,18.99902,1.086882,-8.551933,0,0,0,1,0,0,1,False,-1,-1,0,0,0,-1
2026-08-21 14:26:50.684,73.08962,False,18.99944,1.087031,-8.551163,0,0,0,1,0,0,1,False,-1,-1,0,0,0,-1
2026-08-21 14:26:50.728,73.13422,False,18.99993,1.087089,-8.550151,0,0,0,1,0,0,1,False,-1,-1,0,0,0,-1
2026-08-21 14:26:50.763,73.16832,False,19.00009,1.087021,-8.549499,0,0,0,1,0,0,1,False,-1,-1,0,0,0,-1
2026-08-21 14:26:50.805,73.21163,False,19.00014,1.086879,-8.54862,0,0,0,1,0,0,1,False,-1,-1,0,0,0,-1
2026-08-21 14:26:50.840,73.24544,False,18.99989,1.086773,-8.548025,0,0,0,1,0,0,1,False,-1,-1,0,0,0,-1
2026-08-21 14:26:50.875,73.28002,False,18.9995,1.086765,-8.547612,0,0,0,1,0,0,1,False,-1,-1,0,0,0,-1
2026-08-21 14:26:50.918,73.32313,False,18.99868,1.086632,-8.547565,0,0,0,1,0,0,1,False,-1,-1,0,0,0,-1
2026-08-21 14:26:50.952,73.3581,False,18.99819,1.086911,-8.547655,0,0,0,1,0,0,1,False,-1,-1,0,0,0,-1
2026-08-21 14:26:50.995,73.40135,False,18.99806,1.087075,-8.547935,0,0,0,1,0,0,1,False,-1,-1,0,0,0,-1
2026-08-21 14:26:51.039,73.44498,False,18.99835,1.086688,-8.548794,0,0,0,1,0,0,1,False,-1,-1,0,0,0,-1
2026-08-21 14:26:51.072,73.47875,False,18.99904,1.086251,-8.549561,0,0,0,1,0,0,1,False,-1,-1,0,0,0,-1
2026-08-21 14:26:51.117,73.52326,False,18.99999,1.085573,-8.550662,0,0,0,1,0,0,1,False,-1,-1,0,0,0,-1
2026-08-21 14:26:51.162,73.56776,False,19.00105,1.084989,-8.551703,0,0,0,1,0,0,1,False,-1,-1,0,0,0,-1
2026-08-21 14:26:51.205,73.61193,False,19.00175,1.084282,-8.552889,0,0,0,1,0,0,1,False,-1,-1,0,0,0,-1
2026-08-21 14:26:51.239,73.6455,False,19.00215,1.083598,-8.553733,0,0,0,1,0,0,1,False,-1,-1,0,0,0,-1
2026-08-21 14:26:51.283,73.68962,False,19.00261,1.082739,-8.554896,0,0,0,1,0,0,1,False,-1,-1,0,0,0,-1
2026-08-21 14:26:51.319,73.72466,False,19.00303,1.082341,-8.555768,0,0,0,1,0,0,1,False,-1,-1,0,0,0,-1
2026-08-21 14:26:51.361,73.76737,False,19.00321,1.082286,-8.556657,0,0,0,1,0,0,1,False,-1,-1,0,0,0,-1
2026-08-21 14:26:51.406,73.81183,False,19.00305,1.082737,-8.55743,0,0,0,1,0,0,1,False,-1,-1,0,0,0,-1
2026-08-21 14:26:51.450,73.85664,False,19.00289,1.082887,-8.558289,0,0,0,1,0,0,1,False,-1,-1,0,0,0,-1
2026-08-21 14:26:51.496,73.90124,False,19.00286,1.082488,-8.559424,0,0,0,1,0,0,1,False,-1,-1,0,0,0,-1
2026-08-21 14:26:51.544,73.94817,False,19.00308,1.081914,-8.560166,0,0,0,1,0,0,1,False,-1,-1,0,0,0,-1
2026-08-21 14:26:51.585,73.98975,False,19.00268,1.080952,-8.561121,0,0,0,1,0,0,1,False,-1,-1,0,0,0,-1
2026-08-21 14:26:51.618,74.02329,False,19.00203,1.080239,-8.561733,0,0,0,1,0,0,1,False,-1,-1,0,0,0,-1
2026-08-21 14:26:51.652,74.05678,False,19.00122,1.079516,-8.562152,0,0,0,1,0,0,1,False,-1,-1,0,0,0,-1
2026-08-21 14:26:51.696,74.10123,False,18.99992,1.07819,-8.562816,0,0,0,1,0,0,1,False,-1,-1,0,0,0,-1
2026-08-21 14:26:51.740,74.14548,False,18.99878,1.077229,-8.562984,0,0,0,1,0,0,1,False,-1,-1,0,0,0,-1
2026-08-21 14:26:51.774,74.17968,False,18.99777,1.076767,-8.563033,0,0,0,1,0,0,1,False,-1,-1,0,0,0,-1
2026-08-21 14:26:51.817,74.22326,False,18.99636,1.0769,-8.562952,0,0,0,1,0,0,1,False,-1,-1,0,0,0,-1
2026-08-21 14:26:51.851,74.25674,False,18.9954,1.07748,-8.562866,0,0,0,1,0,0,1,False,-1,-1,0,0,0,-1
2026-08-21 14:26:51.896,74.30091,False,18.99442,1.07871,-8.562501,0,0,0,1,0,0,1,False,-1,-1,0,0,0,-1
2026-08-21 14:26:51.928,74.33428,False,18.99407,1.078937,-8.562088,0,0,0,1,0,0,1,False,-1,-1,0,0,0,-1
2026-08-21 14:26:51.963,74.3681,False,18.99415,1.078649,-8.561929,0,0,0,1,0,0,1,False,-1,-1,0,0,0,-1
2026-08-21 14:26:52.007,74.41238,False,18.99486,1.078563,-8.561777,0,0,0,1,0,0,1,False,-1,-1,0,0,0,-1
2026-08-21 14:26:52.051,74.45657,False,18.99506,1.07925,-8.562428,0,0,0,1,0,0,1,False,-1,-1,0,0,0,-1
2026-08-21 14:26:52.084,74.49062,False,18.99532,1.080058,-8.563111,0,0,0,1,0,0,1,False,-1,-1,0,0,0,-1
2026-08-21 14:26:52.129,74.53443,False,18.99464,1.082116,-8.565009,0,0,0,1,0,0,1,False,-1,-1,0,0,0,-1
2026-08-21 14:26:52.163,74.56814,False,18.99362,1.084558,-8.566611,0,0,0,1,0,0,1,False,-1,-1,0,0,0,-1
2026-08-21 14:26:52.207,74.61225,False,18.99211,1.088964,-8.568591,0,0,0,1,0,0,1,False,-1,-1,0,0,0,-1
2026-08-21 14:26:52.253,74.65721,False,18.98952,1.095078,-8.570581,0,0,0,1,0,0,1,False,-1,-1,0,0,0,-1
2026-08-21 14:26:52.286,74.6906,False,18.98586,1.099311,-8.57275,0,0,0,1,0,0,1,False,-1,-1,0,0,0,-1
2026-08-21 14:26:52.329,74.73462,False,18.98096,1.103238,-8.576229,0,0,0,1,0,0,1,False,-1,-1,0,0,0,-1
2026-08-21 14:26:52.373,74.77871,False,18.97514,1.106466,-8.580458,0,0,0,1,0,0,1,False,-1,-1,0,0,0,-1
2026-08-21 14:26:52.407,74.81248,False,18.97126,1.108366,-8.583736,0,0,0,1,0,0,1,False,-1,-1,0,0,0,-1
2026-08-21 14:26:52.451,74.85658,False,18.96479,1.111553,-8.589024,0,0,0,1,0,0,1,False,-1,-1,0,0,0,-1
2026-08-21 14:26:52.485,74.89049,False,18.96163,1.114289,-8.592697,0,0,0,1,0,0,1,False,-1,-1,0,0,0,-1
2026-08-21 14:26:52.519,74.92388,False,18.95973,1.11592,-8.595895,0,0,0,1,0,0,1,False,-1,-1,0,0,0,-1
2026-08-21 14:26:52.562,74.96791,False,18.95835,1.116483,-8.599419,0,0,0,1,0,0,1,False,-1,-1,0,0,0,-1
2026-08-21 14:26:52.596,75.00176,False,18.9584,1.115309,-8.601136,0,0,0,1,0,0,1,False,-1,-1,0,0,0,-1
2026-08-21 14:26:52.640,75.04571,False,18.95839,1.113568,-8.602271,0,0,0,1,0,0,1,False,-1,-1,0,0,0,-1
2026-08-21 14:26:52.685,75.08994,False,18.95877,1.112108,-8.601762,0,0,0,1,0,0,1,False,-1,-1,0,0,0,-1
2026-08-21 14:26:52.719,75.12396,False,18.95892,1.111161,-8.600722,0,0,0,1,0,0,1,False,-1,-1,0,0,0,-1
2026-08-21 14:26:52.763,75.1679,False,18.95898,1.109511,-8.599514,0,0,0,1,0,0,1,False,-1,-1,0,0,0,-1
2026-08-21 14:26:52.796,75.20163,False,18.95912,1.108404,-8.597685,0,0,0,1,0,0,1,False,-1,-1,0,0,0,-1
2026-08-21 14:26:52.844,75.24852,False,18.95879,1.107541,-8.594467,0,0,0,1,0,0,1,False,-1,-1,0,0,0,-1
2026-08-21 14:26:52.882,75.28691,False,18.95846,1.105746,-8.591025,0,0,0,1,0,0,1,False,-1,-1,0,0,0,-1
2026-08-21 14:26:52.921,75.32593,False,18.95707,1.103964,-8.58862,0,0,0,1,0,0,1,False,-1,-1,0,0,0,-1
2026-08-21 14:26:52.964,75.36827,False,18.95508,1.101365,-8.585508,0,0,0,1,0,0,1,False,-1,-1,0,0,0,-1
2026-08-21 14:26:52.998,75.40237,False,18.95385,1.100457,-8.583704,0,0,0,1,0,0,1,False,-1,-1,0,0,0,-1
2026-08-21 14:26:53.040,75.44584,False,18.95197,1.098971,-8.580665,0,0,0,1,0,0,1,False,-1,-1,0,0,0,-1
2026-08-21 14:26:53.086,75.49015,False,18.95087,1.097867,-8.578613,0,0,0,1,0,0,1,False,-1,-1,0,0,0,-1
2026-08-21 14:26:53.118,75.52354,False,18.9502,1.09696,-8.57762,0,0,0,1,0,0,1,False,-1,-1,0,0,0,-1
2026-08-21 14:26:53.163,75.56815,False,18.94996,1.094991,-8.576945,0,0,0,1,0,0,1,False,-1,-1,0,0,0,-1
2026-08-21 14:26:53.207,75.61302,False,18.95034,1.092221,-8.576723,0,0,0,1,0,0,1,False,-1,-1,0,0,0,-1
2026-08-21 14:26:53.252,75.65715,False,18.95112,1.090027,-8.576876,0,0,0,1,0,0,1,False,-1,-1,0,0,0,-1
2026-08-21 14:26:53.296,75.70128,False,18.95217,1.089285,-8.57728,0,0,0,1,0,0,1,False,-1,-1,0,0,0,-1
2026-08-21 14:26:53.330,75.73481,False,18.95297,1.089091,-8.577976,0,0,0,1,0,0,1,False,-1,-1,0,0,0,-1
2026-08-21 14:26:53.364,75.76939,False,18.95392,1.089208,-8.578699,0,0,0,1,0,0,1,False,-1,-1,0,0,0,-1
2026-08-21 14:26:53.407,75.81231,False,18.95544,1.089341,-8.579648,0,0,0,1,0,0,1,False,-1,-1,0,0,0,-1
2026-08-21 14:26:53.450,75.85664,False,18.95679,1.088758,-8.579773,0,0,0,1,0,0,1,False,-1,-1,0,0,0,-1
2026-08-21 14:26:53.485,75.89013,False,18.95767,1.0861,-8.579564,0,0,0,1,0,0,1,False,-1,-1,0,0,0,-1
2026-08-21 14:26:53.520,75.92562,False,18.95796,1.081434,-8.579884,0,0,0,1,0,0,1,False,-1,-1,0,0,0,-1
2026-08-21 14:26:53.563,75.96815,False,18.95818,1.07443,-8.579763,0,0,0,1,0,0,1,False,-1,-1,0,0,0,-1
2026-08-21 14:26:53.607,76.01251,False,18.95804,1.069238,-8.578538,0,0,0,1,0,0,1,False,-1,-1,0,0,0,-1
2026-08-21 14:26:53.641,76.04599,False,18.95764,1.065866,-8.576646,0,0,0,1,0,0,1,False,-1,-1,0,0,0,-1
2026-08-21 14:26:53.674,76.0798,False,18.95704,1.063103,-8.575727,0,0,0,1,0,0,1,False,-1,-1,0,0,0,-1
2026-08-21 14:26:53.719,76.12371,False,18.9558,1.060137,-8.573911,0,0,0,1,0,0,1,False,-1,-1,0,0,0,-1
2026-08-21 14:26:53.764,76.1689,False,18.95393,1.058082,-8.573019,0,0,0,1,0,0,1,False,-1,-1,0,0,0,-1
2026-08-21 14:26:53.807,76.21258,False,18.95145,1.056952,-8.572322,0,0,0,1,0,0,1,False,-1,-1,0,0,0,-1
2026-08-21 14:26:53.841,76.24612,False,18.94951,1.056675,-8.57178,0,0,0,1,0,0,1,False,-1,-1,0,0,0,-1
2026-08-21 14:26:53.884,76.2899,False,18.9473,1.056962,-8.571159,0,0,0,1,0,0,1,False,-1,-1,0,0,0,-1
2026-08-21 14:26:53.930,76.33472,False,18.94466,1.057675,-8.570737,0,0,0,1,0,0,1,False,-1,-1,0,0,0,-1
2026-08-21 14:26:53.973,76.37919,False,18.94253,1.058376,-8.570319,0,0,0,1,0,0,1,False,-1,-1,0,0,0,-1
2026-08-21 14:26:54.008,76.41296,False,18.94148,1.058633,-8.56989,0,0,0,1,0,0,1,False,-1,-1,0,0,0,-1
2026-08-21 14:26:54.042,76.4471,False,18.94035,1.058461,-8.570101,0,0,0,1,0,0,1,False,-1,-1,0,0,0,-1
2026-08-21 14:26:54.086,76.49007,False,18.93946,1.058158,-8.570273,0,0,0,1,0,0,1,False,-1,-1,0,0,0,-1
2026-08-21 14:26:54.134,76.53458,False,18.93893,1.058008,-8.570789,0,0,0,1,0,0,1,False,-1,-1,0,0,0,-1
2026-08-21 14:26:54.174,76.57918,False,18.9386,1.058352,-8.571386,0,0,0,1,0,0,1,False,-1,-1,0,0,0,-1
2026-08-21 14:26:54.218,76.6238,False,18.93831,1.059133,-8.571863,0,0,0,1,0,0,1,False,-1,-1,0,0,0,-1
2026-08-21 14:26:54.263,76.66791,False,18.93771,1.05988,-8.57266,0,0,0,1,0,0,1,False,-1,-1,0,0,0,-1
2026-08-21 14:26:54.296,76.70125,False,18.93731,1.060416,-8.573119,0,0,0,1,0,0,1,False,-1,-1,0,0,0,-1
2026-08-21 14:26:54.330,76.73521,False,18.93728,1.060572,-8.573753,0,0,0,1,0,0,1,False,-1,-1,0,0,0,-1
2026-08-21 14:26:54.373,76.7793,False,18.93787,1.060119,-8.576053,0,0,0,1,0,0,1,False,-1,-1,0,0,0,-1
2026-08-21 14:26:54.410,76.81458,False,18.93888,1.060449,-8.577398,0,0,0,1,0,0,1,False,-1,-1,0,0,0,-1
2026-08-21 14:26:54.452,76.85655,False,18.94062,1.061714,-8.578829,0,0,0,1,0,0,1,False,-1,-1,0,0,0,-1
2026-08-21 14:26:54.485,76.89027,False,18.94199,1.06273,-8.579916,0,0,0,1,0,0,1,False,-1,-1,0,0,0,-1
2026-08-21 14:26:54.530,76.93546,False,18.94362,1.06384,-8.581417,0,0,0,1,0,0,1,False,-1,-1,0,0,0,-1
2026-08-21 14:26:54.573,76.97825,False,18.9448,1.064977,-8.582225,0,0,0,1,0,0,1,False,-1,-1,0,0,0,-1
2026-08-21 14:26:54.609,77.01426,False,18.94554,1.065919,-8.582593,0,0,0,1,0,0,1,False,-1,-1,0,0,0,-1
2026-08-21 14:26:54.652,77.05775,False,18.94654,1.067721,-8.582676,0,0,0,1,0,0,1,False,-1,-1,0,0,0,-1
2026-08-21 14:26:54.696,77.10155,False,18.94795,1.071059,-8.58235,0,0,0,1,0,0,1,False,-1,-1,0,0,0,-1
2026-08-21 14:26:54.730,77.13501,False,18.94921,1.074775,-8.581958,0,0,0,1,0,0,1,False,-1,-1,0,0,0,-1
2026-08-21 14:26:54.764,77.16908,False,18.95086,1.080598,-8.581201,0,0,0,1,0,0,1,False,-1,-1,0,0,0,-1
2026-08-21 14:26:54.807,77.21305,False,18.95271,1.088059,-8.5812,0,0,0,1,0,0,1,False,-1,-1,0,0,0,-1
2026-08-21 14:26:54.855,77.25948,False,18.95407,1.09424,-8.583086,0,0,0,1,0,0,1,False,-1,-1,0,0,0,-1
2026-08-21 14:26:54.896,77.30167,False,18.95497,1.098454,-8.585841,0,0,0,1,0,0,1,False,-1,-1,0,0,0,-1
2026-08-21 14:26:54.941,77.34618,False,18.95567,1.102183,-8.588646,0,0,0,1,0,0,1,False,-1,-1,0,0,0,-1
2026-08-21 14:26:54.985,77.38987,False,18.95634,1.10508,-8.591627,0,0,0,1,0,0,1,False,-1,-1,0,0,0,-1
2026-08-21 14:26:55.019,77.42383,False,18.95667,1.106641,-8.593908,0,0,0,1,0,0,1,False,-1,-1,0,0,0,-1
2026-08-21 14:26:55.052,77.45814,False,18.95692,1.10773,-8.596062,0,0,0,1,0,0,1,False,-1,-1,0,0,0,-1
2026-08-21 14:26:55.096,77.5014,False,18.95705,1.109084,-8.598624,0,0,0,1,0,0,1,False,-1,-1,0,0,0,-1
2026-08-21 14:26:55.140,77.54591,False,18.95704,1.109535,-8.600547,0,0,0,1,0,0,1,False,-1,-1,0,0,0,-1
2026-08-21 14:26:55.175,77.5797,False,18.95706,1.109769,-8.601633,0,0,0,1,0,0,1,False,-1,-1,0,0,0,-1
2026-08-21 14:26:55.207,77.61305,False,18.95692,1.110102,-8.602324,0,0,0,1,0,0,1,False,-1,-1,0,0,0,-1
2026-08-21 14:26:55.251,77.65646,False,18.95683,1.110493,-8.60269,0,0,0,1,0,0,1,False,-1,-1,0,0,0,-1
2026-08-21 14:26:55.285,77.69016,False,18.95658,1.111191,-8.602541,0,0,0,1,0,0,1,False,-1,-1,0,0,0,-1
2026-08-21 14:26:55.318,77.72377,False,18.95659,1.111698,-8.602255,0,0,0,1,0,0,1,False,-1,-1,0,0,0,-1
2026-08-21 14:26:55.364,77.7682,False,18.95667,1.111874,-8.6017,0,0,0,1,0,0,1,False,-1,-1,0,0,0,-1
2026-08-21 14:26:55.408,77.81273,False,18.95678,1.111771,-8.600818,0,0,0,1,0,0,1,False,-1,-1,0,0,0,-1
2026-08-21 14:26:55.441,77.84689,False,18.95679,1.111521,-8.600039,0,0,0,1,0,0,1,False,-1,-1,0,0,0,-1
2026-08-21 14:26:55.485,77.89022,False,18.95676,1.111416,-8.599264,0,0,0,1,0,0,1,False,-1,-1,0,0,0,-1
2026-08-21 14:26:55.519,77.92444,False,18.95663,1.111544,-8.599013,0,0,0,1,0,0,1,False,-1,-1,0,0,0,-1
2026-08-21 14:26:55.564,77.96831,False,18.95637,1.112031,-8.598715,0,0,0,1,0,0,1,False,-1,-1,0,0,0,-1
2026-08-21 14:26:55.608,78.01273,False,18.9559,1.112272,-8.598703,0,0,0,1,0,0,1,False,-1,-1,0,0,0,-1
2026-08-21 14:26:55.642,78.04676,False,18.95557,1.112231,-8.598935,0,0,0,1,0,0,1,False,-1,-1,0,0,0,-1
2026-08-21 14:26:55.685,78.09014,False,18.95506,1.112042,-8.599338,0,0,0,1,0,0,1,False,-1,-1,0,0,0,-1
2026-08-21 14:26:55.719,78.12384,False,18.95464,1.112176,-8.599587,0,0,0,1,0,0,1,False,-1,-1,0,0,0,-1
2026-08-21 14:26:55.753,78.15759,False,18.95433,1.112378,-8.599806,0,0,0,1,0,0,1,False,-1,-1,0,0,0,-1
2026-08-21 14:26:55.797,78.20151,False,18.95387,1.112597,-8.600174,0,0,0,1,0,0,1,False,-1,-1,0,0,0,-1
2026-08-21 14:26:55.831,78.23566,False,18.95357,1.112828,-8.600391,0,0,0,1,0,0,1,False,-1,-1,0,0,0,-1
2026-08-21 14:26:55.876,78.28017,False,18.95318,1.11306,-8.600595,0,0,0,1,0,0,1,False,-1,-1,0,0,0,-1
2026-08-21 14:26:55.918,78.32317,False,18.95301,1.113531,-8.600616,0,0,0,1,0,0,1,False,-1,-1,0,0,0,-1
2026-08-21 14:26:55.952,78.3567,False,18.95304,1.113916,-8.600409,0,0,0,1,0,0,1,False,-1,-1,0,0,0,-1
2026-08-21 14:26:55.986,78.39032,False,18.9532,1.114067,-8.600284,0,0,0,1,0,0,1,False,-1,-1,0,0,0,-1
2026-08-21 14:26:56.030,78.43519,False,18.95354,1.113804,-8.600125,0,0,0,1,0,0,1,False,-1,-1,0,0,0,-1
2026-08-21 14:26:56.073,78.47929,False,18.95372,1.113496,-8.599709,0,0,0,1,0,0,1,False,-1,-1,0,0,0,-1
2026-08-21 14:26:56.108,78.51305,False,18.95391,1.113407,-8.599417,0,0,0,1,0,0,1,False,-1,-1,0,0,0,-1
2026-08-21 14:26:56.152,78.55692,False,18.95404,1.113424,-8.599154,0,0,0,1,0,0,1,False,-1,-1,0,0,0,-1
2026-08-21 14:26:56.197,78.60148,False,18.95402,1.113877,-8.599184,0,0,0,1,0,0,1,False,-1,-1,0,0,0,-1
2026-08-21 14:26:56.230,78.63483,False,18.95423,1.114541,-8.599393,0,0,0,1,0,0,1,False,-1,-1,0,0,0,-1
2026-08-21 14:26:56.273,78.67892,False,18.95501,1.115428,-8.59967,0,0,0,1,0,0,1,False,-1,-1,0,0,0,-1
2026-08-21 14:26:56.307,78.71246,False,18.95548,1.11552,-8.599562,0,0,0,1,0,0,1,False,-1,-1,0,0,0,-1
2026-08-21 14:26:56.341,78.74624,False,18.95584,1.115387,-8.599572,0,0,0,1,0,0,1,False,-1,-1,0,0,0,-1
2026-08-21 14:26:56.384,78.78999,False,18.95629,1.115098,-8.599017,0,0,0,1,0,0,1,False,-1,-1,0,0,0,-1
2026-08-21 14:26:56.431,78.83589,False,18.95646,1.114616,-8.598292,0,0,0,1,0,0,1,False,-1,-1,0,0,0,-1
2026-08-21 14:26:56.473,78.87859,False,18.95668,1.11407,-8.597227,0,0,0,1,0,0,1,False,-1,-1,0,0,0,-1
2026-08-21 14:26:56.506,78.91204,False,18.95732,1.113692,-8.59626,0,0,0,1,0,0,1,False,-1,-1,0,0,0,-1
2026-08-21 14:26:56.550,78.95645,False,18.95914,1.112529,-8.594872,0,0,0,1,0,0,1,False,-1,-1,0,0,0,-1
2026-08-21 14:26:56.596,79.0011,False,18.96036,1.111392,-8.593578,0,0,0,1,0,0,1,False,-1,-1,0,0,0,-1
2026-08-21 14:26:56.640,79.04544,False,18.961,1.110711,-8.592159,0,0,0,1,0,0,1,False,-1,-1,0,0,0,-1
2026-08-21 14:26:56.683,79.08965,False,18.96125,1.110423,-8.590846,0,0,0,1,0,0,1,False,-1,-1,0,0,0,-1
2026-08-21 14:26:56.718,79.12349,False,18.96115,1.110297,-8.590019,0,0,0,1,0,0,1,False,-1,-1,0,0,0,-1
2026-08-21 14:26:56.762,79.16759,False,18.9609,1.110246,-8.58918,0,0,0,1,0,0,1,False,-1,-1,0,0,0,-1
2026-08-21 14:26:56.806,79.21215,False,18.96085,1.110049,-8.588635,0,0,0,1,0,0,1,False,-1,-1,0,0,0,-1
2026-08-21 14:26:56.840,79.24561,False,18.96078,1.11,-8.588373,0,0,0,1,0,0,1,False,-1,-1,0,0,0,-1
2026-08-21 14:26:56.873,79.27944,False,18.9606,1.109922,-8.588352,0,0,0,1,0,0,1,False,-1,-1,0,0,0,-1
2026-08-21 14:26:56.909,79.31455,False,18.96038,1.109768,-8.588399,0,0,0,1,0,0,1,False,-1,-1,0,0,0,-1
2026-08-21 14:26:56.951,79.35731,False,18.95991,1.109798,-8.588695,0,0,0,1,0,0,1,False,-1,-1,0,0,0,-1
2026-08-21 14:26:56.995,79.40086,False,18.95939,1.109921,-8.589035,0,0,0,1,0,0,1,False,-1,-1,0,0,0,-1
2026-08-21 14:26:57.029,79.43524,False,18.95906,1.110089,-8.589269,0,0,0,1,0,0,1,False,-1,-1,0,0,0,-1
2026-08-21 14:26:57.073,79.47962,False,18.95873,1.110087,-8.589473,0,0,0,1,0,0,1,False,-1,-1,0,0,0,-1
2026-08-21 14:26:57.108,79.51321,False,18.95843,1.110112,-8.589672,0,0,0,1,0,0,1,False,-1,-1,0,0,0,-1
2026-08-21 14:26:57.151,79.55634,False,18.95811,1.110229,-8.589951,0,0,0,1,0,0,1,False,-1,-1,0,0,0,-1
2026-08-21 14:26:57.196,79.60084,False,18.95785,1.110487,-8.590137,0,0,0,1,0,0,1,False,-1,-1,0,0,0,-1
2026-08-21 14:26:57.230,79.63573,False,18.95773,1.110711,-8.590099,0,0,0,1,0,0,1,False,-1,-1,0,0,0,-1
2026-08-21 14:26:57.273,79.67889,False,18.95756,1.110889,-8.589812,0,0,0,1,0,0,1,False,-1,-1,0,0,0,-1
2026-08-21 14:26:57.307,79.71229,False,18.95729,1.110937,-8.589531,0,0,0,1,0,0,1,False,-1,-1,0,0,0,-1
2026-08-21 14:26:57.341,79.74595,False,18.957,1.110827,-8.589242,0,0,0,1,0,0,1,False,-1,-1,0,0,0,-1
2026-08-21 14:26:57.384,79.78967,False,18.95661,1.110638,-8.588934,0,0,0,1,0,0,1,False,-1,-1,0,0,0,-1
2026-08-21 14:26:57.428,79.83423,False,18.95623,1.110642,-8.588625,0,0,0,1,0,0,1,False,-1,-1,0,0,0,-1
2026-08-21 14:26:57.462,79.86758,False,18.95584,1.110656,-8.588369,0,0,0,1,0,0,1,False,-1,-1,0,0,0,-1
2026-08-21 14:26:57.506,79.91203,False,18.95488,1.110808,-8.588136,0,0,0,1,0,0,1,False,-1,-1,0,0,0,-1
2026-08-21 14:26:57.550,79.95629,False,18.9524,1.111516,-8.587914,0,0,0,1,0,0,1,False,-1,-1,0,0,0,-1
2026-08-21 14:26:57.583,79.98972,False,18.94878,1.112733,-8.587615,0,0,0,1,0,0,1,False,-1,-1,0,0,0,-1
2026-08-21 14:26:57.630,80.03561,False,18.9416,1.114849,-8.587515,0,0,0,1,0,0,1,False,-1,-1,0,0,0,-1
2026-08-21 14:26:57.673,80.07858,False,18.93487,1.116616,-8.588026,0,0,0,1,0,0,1,False,-1,-1,0,0,0,-1
2026-08-21 14:26:57.706,80.11195,False,18.93006,1.117899,-8.588598,0,0,0,1,0,0,1,False,-1,-1,0,0,0,-1
2026-08-21 14:26:57.751,80.15674,False,18.9247,1.119129,-8.589451,0,0,0,1,0,0,1,False,-1,-1,0,0,0,-1
2026-08-21 14:26:57.795,80.20068,False,18.92129,1.119549,-8.59008,0,0,0,1,0,0,1,False,-1,-1,0,0,0,-1
2026-08-21 14:26:57.828,80.23421,False,18.91924,1.119473,-8.590353,0,0,0,1,0,0,1,False,-1,-1,0,0,0,-1
2026-08-21 14:26:57.862,80.26772,False,18.91801,1.119041,-8.590324,0,0,0,1,0,0,1,False,-1,-1,0,0,0,-1
2026-08-21 14:26:57.907,80.31259,False,18.91701,1.118339,-8.589997,0,0,0,1,0,0,1,False,-1,-1,0,0,0,-1
2026-08-21 14:26:57.951,80.35715,False,18.91657,1.11739,-8.58932,0,0,0,1,0,0,1,False,-1,-1,0,0,0,-1
2026-08-21 14:26:57.995,80.40088,False,18.91704,1.115697,-8.588365,0,0,0,1,0,0,1,False,-1,-1,0,0,0,-1
2026-08-21 14:26:58.029,80.43479,False,18.91836,1.113519,-8.587381,0,0,0,1,0,0,1,False,-1,-1,0,0,0,-1
2026-08-21 14:26:58.072,80.4786,False,18.92275,1.108307,-8.585245,0,0,0,1,0,0,1,False,-1,-1,0,0,0,-1
2026-08-21 14:26:58.106,80.5122,False,18.92545,1.105153,-8.583567,0,0,0,1,0,0,1,False,-1,-1,0,0,0,-1
2026-08-21 14:26:58.141,80.54617,False,18.92783,1.102801,-8.581755,0,0,0,1,0,0,1,False,-1,-1,0,0,0,-1
2026-08-21 14:26:58.185,80.58994,False,18.93034,1.100595,-8.579557,0,0,0,1,0,0,1,False,-1,-1,0,0,0,-1
2026-08-21 14:26:58.218,80.62373,False,18.93188,1.099263,-8.57788,0,0,0,1,0,0,1,False,-1,-1,0,0,0,-1
2026-08-21 14:26:58.261,80.66798,False,18.93425,1.097638,-8.57586,0,0,0,1,0,0,1,False,-1,-1,0,0,0,-1
2026-08-21 14:26:58.306,80.71192,False,18.9371,1.096656,-8.573956,0,0,0,1,0,0,1,False,-1,-1,0,0,0,-1
2026-08-21 14:26:58.340,80.74554,False,18.94026,1.096658,-8.572648,0,0,0,1,0,0,1,False,-1,-1,0,0,0,-1
2026-08-21 14:26:58.384,80.78993,False,18.94492,1.097859,-8.571485,0,0,0,1,0,0,1,False,-1,-1,0,0,0,-1
2026-08-21 14:26:58.418,80.82336,False,18.949,1.099849,-8.571172,0,0,0,1,0,0,1,False,-1,-1,0,0,0,-1
2026-08-21 14:26:58.451,80.85674,False,18.95371,1.102861,-8.571835,0,0,0,1,0,0,1,False,-1,-1,0,0,0,-1
2026-08-21 14:26:58.496,80.90076,False,18.95995,1.108549,-8.574606,0,0,0,1,0,0,1,False,-1,-1,0,0,0,-1
2026-08-21 14:26:58.530,80.93549,False,18.9649,1.114139,-8.578993,0,0,0,1,0,0,1,False,-1,-1,0,0,0,-1
2026-08-21 14:26:58.572,80.97865,False,18.96987,1.12063,-8.585995,0,0,0,1,0,0,1,False,-1,-1,0,0,0,-1
2026-08-21 14:26:58.606,81.01205,False,18.97267,1.124161,-8.592177,0,0,0,1,0,0,1,False,-1,-1,0,0,0,-1
2026-08-21 14:26:58.652,81.05685,False,18.97576,1.127062,-8.60056,0,0,0,1,0,0,1,False,-1,-1,0,0,0,-1
2026-08-21 14:26:58.684,81.09061,False,18.97762,1.128049,-8.606648,0,0,0,1,0,0,1,False,-1,-1,0,0,0,-1
2026-08-21 14:26:58.729,81.13474,False,18.97952,1.127752,-8.613161,0,0,0,1,0,0,1,False,-1,-1,0,0,0,-1
2026-08-21 14:26:58.772,81.17864,False,18.98184,1.126246,-8.618765,0,0,0,1,0,0,1,False,-1,-1,0,0,0,-1
2026-08-21 14:26:58.817,81.22289,False,18.98485,1.123825,-8.622275,0,0,0,1,0,0,1,False,-1,-1,0,0,0,-1
2026-08-21 14:26:58.851,81.25668,False,18.98717,1.121858,-8.623148,0,0,0,1,0,0,1,False,-1,-1,0,0,0,-1
2026-08-21 14:26:58.886,81.29176,False,18.98932,1.119373,-8.622811,0,0,0,1,0,0,1,False,-1,-1,0,0,0,-1
2026-08-21 14:26:58.928,81.33452,False,18.9914,1.114716,-8.620214,0,0,0,1,0,0,1,False,-1,-1,0,0,0,-1
2026-08-21 14:26:58.964,81.36882,False,18.99232,1.11024,-8.616792,0,0,0,1,0,0,1,False,-1,-1,0,0,0,-1
2026-08-21 14:26:59.007,81.41251,False,18.99266,1.104578,-8.611926,0,0,0,1,0,0,1,False,-1,-1,0,0,0,-1
2026-08-21 14:26:59.051,81.45648,False,18.99275,1.098838,-8.604936,0,0,0,1,0,0,1,False,-1,-1,0,0,0,-1
2026-08-21 14:26:59.085,81.49007,False,18.99327,1.095895,-8.599008,0,0,0,1,0,0,1,False,-1,-1,0,0,0,-1
2026-08-21 14:26:59.118,81.52374,False,18.99413,1.094317,-8.592934,0,0,0,1,0,0,1,False,-1,-1,0,0,0,-1
2026-08-21 14:26:59.163,81.5684,False,18.99555,1.093472,-8.584929,0,0,0,1,0,0,1,False,-1,-1,0,0,0,-1
2026-08-21 14:26:59.206,81.61196,False,18.9964,1.093047,-8.57977,0,0,0,1,0,0,1,False,-1,-1,0,0,0,-1
2026-08-21 14:26:59.252,81.65707,False,18.99684,1.093096,-8.575836,0,0,0,1,0,0,1,False,-1,-1,0,0,0,-1
2026-08-21 14:26:59.296,81.70099,False,18.99644,1.093685,-8.57345,0,0,0,1,0,0,1,False,-1,-1,0,0,0,-1
2026-08-21 14:26:59.330,81.7351,False,18.99565,1.094456,-8.57293,0,0,0,1,0,0,1,False,-1,-1,0,0,0,-1
2026-08-21 14:26:59.373,81.77873,False,18.99393,1.095649,-8.573317,0,0,0,1,0,0,1,False,-1,-1,0,0,0,-1
2026-08-21 14:26:59.418,81.82308,False,18.99206,1.097086,-8.575251,0,0,0,1,0,0,1,False,-1,-1,0,0,0,-1
2026-08-21 14:26:59.463,81.86838,False,18.98966,1.09897,-8.57813,0,0,0,1,0,0,1,False,-1,-1,0,0,0,-1
2026-08-21 14:26:59.506,81.91202,False,18.98685,1.100886,-8.580906,0,0,0,1,0,0,1,False,-1,-1,0,0,0,-1
2026-08-21 14:26:59.541,81.9464,False,18.9849,1.10214,-8.582976,0,0,0,1,0,0,1,False,-1,-1,0,0,0,-1
2026-08-21 14:26:59.589,81.99056,False,18.98097,1.103403,-8.586472,0,0,0,1,0,0,1,False,-1,-1,0,0,0,-1
2026-08-21 14:26:59.633,82.03772,False,18.97678,1.104341,-8.589373,0,0,0,1,0,0,1,False,-1,-1,0,0,0,-1
2026-08-21 14:26:59.674,82.07889,False,18.97225,1.10511,-8.591242,0,0,0,1,0,0,1,False,-1,-1,0,0,0,-1
2026-08-21 14:26:59.708,82.11282,False,18.96867,1.105579,-8.591949,0,0,0,1,0,0,1,False,-1,-1,0,0,0,-1
2026-08-21 14:26:59.742,82.14661,False,18.96495,1.106224,-8.592003,0,0,0,1,0,0,1,False,-1,-1,0,0,0,-1
2026-08-21 14:26:59.786,82.19057,False,18.96037,1.107186,-8.591063,0,0,0,1,0,0,1,False,-1,-1,0,0,0,-1
2026-08-21 14:26:59.831,82.2351,False,18.95566,1.107917,-8.589323,0,0,0,1,0,0,1,False,-1,-1,0,0,0,-1
2026-08-21 14:26:59.875,82.27907,False,18.95076,1.108575,-8.586613,0,0,0,1,0,0,1,False,-1,-1,0,0,0,-1
2026-08-21 14:26:59.908,82.31281,False,18.94735,1.108998,-8.584055,0,0,0,1,0,0,1,False,-1,-1,0,0,0,-1
2026-08-21 14:26:59.952,82.357,False,18.94328,1.109215,-8.580297,0,0,0,1,0,0,1,False,-1,-1,0,0,0,-1
2026-08-21 14:26:59.986,82.39044,False,18.93965,1.108984,-8.576841,0,0,0,1,0,0,1,False,-1,-1,0,0,0,-1
2026-08-21 14:27:00.021,82.42473,False,18.93735,1.108734,-8.574388,0,0,0,1,0,0,1,False,-1,-1,0,0,0,-1
2026-08-21 14:27:00.063,82.46783,False,18.93424,1.108308,-8.570914,0,0,0,1,0,0,1,False,-1,-1,0,0,0,-1
2026-08-21 14:27:00.097,82.5014,False,18.93167,1.107796,-8.56827,0,0,0,1,0,0,1,False,-1,-1,0,0,0,-1
2026-08-21 14:27:00.130,82.53558,False,18.92982,1.107297,-8.566394,0,0,0,1,0,0,1,False,-1,-1,0,0,0,-1
2026-08-21 14:27:00.175,82.57957,False,18.92773,1.106792,-8.564633,0,0,0,1,0,0,1,False,-1,-1,0,0,0,-1
2026-08-21 14:27:00.219,82.62368,False,18.92591,1.106645,-8.563576,0,0,0,1,0,0,1,False,-1,-1,0,0,0,-1
2026-08-21 14:27:00.264,82.66818,False,18.92427,1.106483,-8.563273,0,0,0,1,0,0,1,False,-1,-1,0,0,0,-1
2026-08-21 14:27:00.298,82.70263,False,18.92328,1.10685,-8.563419,0,0,0,1,0,0,1,False,-1,-1,0,0,0,-1
2026-08-21 14:27:00.341,82.74663,False,18.92225,1.108579,-8.564019,0,0,0,1,0,0,1,False,-1,-1,0,0,0,-1
2026-08-21 14:27:00.385,82.79037,False,18.92166,1.110681,-8.565346,0,0,0,1,0,0,1,False,-1,-1,0,0,0,-1
2026-08-21 14:27:00.430,82.83522,False,18.92067,1.11318,-8.566807,0,0,0,1,0,0,1,False,-1,-1,0,0,0,-1
2026-08-21 14:27:00.476,82.88036,False,18.91934,1.115988,-8.568542,0,0,0,1,0,0,1,False,-1,-1,0,0,0,-1
2026-08-21 14:27:00.519,82.92355,False,18.91726,1.119119,-8.570778,0,0,0,1,0,0,1,False,-1,-1,0,0,0,-1
2026-08-21 14:27:00.554,82.95843,False,18.91564,1.121209,-8.572614,0,0,0,1,0,0,1,False,-1,-1,0,0,0,-1
2026-08-21 14:27:00.597,83.00141,False,18.91357,1.123686,-8.57555,0,0,0,1,0,0,1,False,-1,-1,0,0,0,-1
2026-08-21 14:27:00.641,83.04575,False,18.91306,1.124902,-8.577681,0,0,0,1,0,0,1,False,-1,-1,0,0,0,-1
2026-08-21 14:27:00.674,83.07952,False,18.91332,1.125327,-8.579146,0,0,0,1,0,0,1,False,-1,-1,0,0,0,-1
2026-08-21 14:27:00.709,83.11432,False,18.91381,1.12565,-8.580297,0,0,0,1,0,0,1,False,-1,-1,0,0,0,-1
2026-08-21 14:27:00.751,83.15677,False,18.91476,1.12589,-8.581562,0,0,0,1,0,0,1,False,-1,-1,0,0,0,-1
2026-08-21 14:27:00.797,83.20147,False,18.9156,1.126314,-8.582235,0,0,0,1,0,0,1,False,-1,-1,0,0,0,-1
2026-08-21 14:27:00.841,83.24603,False,18.9164,1.12629,-8.582414,0,0,0,1,0,0,1,False,-1,-1,0,0,0,-1
2026-08-21 14:27:00.886,83.29102,False,18.91663,1.126257,-8.582273,0,0,0,1,0,0,1,False,-1,-1,0,0,0,-1
2026-08-21 14:27:00.930,83.33485,False,18.91653,1.126184,-8.581709,0,0,0,1,0,0,1,False,-1,-1,0,0,0,-1
2026-08-21 14:27:00.964,83.36832,False,18.9164,1.126417,-8.580848,0,0,0,1,0,0,1,False,-1,-1,0,0,0,-1
2026-08-21 14:27:00.997,83.40205,False,18.916,1.126689,-8.579967,0,0,0,1,0,0,1,False,-1,-1,0,0,0,-1
2026-08-21 14:27:01.031,83.43553,False,18.91557,1.126724,-8.579129,0,0,0,1,0,0,1,False,-1,-1,0,0,0,-1
2026-08-21 14:27:01.075,83.47945,False,18.91483,1.1266,-8.578379,0,0,0,1,0,0,1,False,-1,-1,0,0,0,-1
2026-08-21 14:27:01.110,83.5141,False,18.9141,1.126524,-8.578007,0,0,0,1,0,0,1,False,-1,-1,0,0,0,-1
2026-08-21 14:27:01.146,83.54951,False,18.9134,1.126324,-8.577815,0,0,0,1,0,0,1,False,-1,-1,0,0,0,-1
2026-08-21 14:27:01.187,83.59134,False,18.91224,1.126041,-8.577805,0,0,0,1,0,0,1,False,-1,-1,0,0,0,-1
2026-08-21 14:27:01.222,83.62663,False,18.91108,1.125995,-8.577778,0,0,0,1,0,0,1,False,-1,-1,0,0,0,-1
2026-08-21 14:27:01.264,83.66831,False,18.9088,1.125733,-8.578032,0,0,0,1,0,0,1,False,-1,-1,0,0,0,-1
2026-08-21 14:27:01.300,83.70341,False,18.90565,1.125472,-8.578472,0,0,0,1,0,0,1,False,-1,-1,0,0,0,-1
2026-08-21 14:27:01.334,83.73763,False,18.90212,1.124935,-8.579215,0,0,0,1,0,0,1,False,-1,-1,0,0,0,-1
2026-08-21 14:27:01.377,83.78091,False,18.89806,1.124428,-8.580298,0,0,0,1,0,0,1,False,-1,-1,0,0,0,-1
2026-08-21 14:27:01.410,83.81441,False,18.89557,1.124161,-8.581314,0,0,0,1,0,0,1,False,-1,-1,0,0,0,-1
2026-08-21 14:27:01.454,83.8583,False,18.89362,1.123705,-8.582643,0,0,0,1,0,0,1,False,-1,-1,0,0,0,-1
2026-08-21 14:27:01.499,83.90268,False,18.89312,1.12182,-8.583069,0,0,0,1,0,0,1,False,-1,-1,0,0,0,-1
2026-08-21 14:27:01.532,83.93614,False,18.89332,1.118625,-8.58297,0,0,0,1,0,0,1,False,-1,-1,0,0,0,-1
2026-08-21 14:27:01.575,83.97954,False,18.89425,1.115625,-8.582742,0,0,0,1,0,0,1,False,-1,-1,0,0,0,-1
2026-08-21 14:27:01.620,84.02399,False,18.8955,1.113633,-8.582208,0,0,0,1,0,0,1,False,-1,-1,0,0,0,-1
2026-08-21 14:27:01.653,84.05754,False,18.89687,1.112536,-8.581747,0,0,0,1,0,0,1,False,-1,-1,0,0,0,-1
2026-08-21 14:27:01.687,84.09142,False,18.8988,1.110937,-8.581297,0,0,0,1,0,0,1,False,-1,-1,0,0,0,-1
2026-08-21 14:27:01.731,84.13528,False,18.9015,1.108343,-8.580832,0,0,0,1,0,0,1,False,-1,-1,0,0,0,-1
2026-08-21 14:27:01.765,84.16923,False,18.90378,1.106467,-8.580935,0,0,0,1,0,0,1,False,-1,-1,0,0,0,-1
2026-08-21 14:27:01.807,84.2128,False,18.90765,1.104744,-8.581365,0,0,0,1,0,0,1,False,-1,-1,0,0,0,-1
2026-08-21 14:27:01.852,84.25687,False,18.9123,1.104131,-8.582303,0,0,0,1,0,0,1,False,-1,-1,0,0,0,-1
2026-08-21 14:27:01.885,84.2903,False,18.91598,1.104255,-8.58313,0,0,0,1,0,0,1,False,-1,-1,0,0,0,-1
2026-08-21 14:27:01.919,84.32367,False,18.9199,1.104596,-8.584053,0,0,0,1,0,0,1,False,-1,-1,0,0,0,-1
2026-08-21 14:27:01.952,84.35748,False,18.92386,1.105373,-8.584919,0,0,0,1,0,0,1,False,-1,-1,0,0,0,-1
2026-08-21 14:27:01.997,84.40139,False,18.92887,1.106693,-8.586301,0,0,0,1,0,0,1,False,-1,-1,0,0,0,-1
2026-08-21 14:27:02.044,84.44779,False,18.93346,1.107908,-8.587637,0,0,0,1,0,0,1,False,-1,-1,0,0,0,-1
2026-08-21 14:27:02.085,84.4899,False,18.93675,1.109172,-8.589082,0,0,0,1,0,0,1,False,-1,-1,0,0,0,-1
2026-08-21 14:27:02.119,84.52342,False,18.93864,1.109976,-8.590229,0,0,0,1,0,0,1,False,-1,-1,0,0,0,-1
2026-08-21 14:27:02.152,84.5569,False,18.93997,1.11106,-8.591219,0,0,0,1,0,0,1,False,-1,-1,0,0,0,-1
2026-08-21 14:27:02.196,84.6011,False,18.94115,1.112265,-8.592813,0,0,0,1,0,0,1,False,-1,-1,0,0,0,-1
2026-08-21 14:27:02.230,84.63481,False,18.94191,1.113384,-8.594507,0,0,0,1,0,0,1,False,-1,-1,0,0,0,-1
2026-08-21 14:27:02.264,84.66849,False,18.94261,1.114576,-8.596696,0,0,0,1,0,0,1,False,-1,-1,0,0,0,-1
2026-08-21 14:27:02.315,84.71279,False,18.94416,1.117164,-8.599571,0,0,0,1,0,0,1,False,-1,-1,0,0,0,-1
2026-08-21 14:27:02.352,84.7571,False,18.94478,1.120233,-8.602496,0,0,0,1,0,0,1,False,-1,-1,0,0,0,-1
2026-08-21 14:27:02.397,84.80123,False,18.94455,1.122762,-8.605713,0,0,0,1,0,0,1,False,-1,-1,0,0,0,-1
2026-08-21 14:27:02.441,84.8456,False,18.94357,1.125366,-8.608911,0,0,0,1,0,0,1,False,-1,-1,0,0,0,-1
2026-08-21 14:27:02.475,84.8797,False,18.94258,1.127218,-8.61079,0,0,0,1,0,0,1,False,-1,-1,0,0,0,-1
2026-08-21 14:27:02.518,84.92329,False,18.94105,1.13008,-8.613712,0,0,0,1,0,0,1,False,-1,-1,0,0,0,-1
2026-08-21 14:27:02.551,84.95683,False,18.94009,1.132091,-8.615771,0,0,0,1,0,0,1,False,-1,-1,0,0,0,-1
2026-08-21 14:27:02.586,84.9904,False,18.93894,1.134036,-8.617682,0,0,0,1,0,0,1,False,-1,-1,0,0,0,-1
2026-08-21 14:27:02.621,85.02554,False,18.93767,1.135854,-8.619607,0,0,0,1,0,0,1,False,-1,-1,0,0,0,-1
2026-08-21 14:27:02.664,85.06831,False,18.93586,1.138082,-8.621764,0,0,0,1,0,0,1,False,-1,-1,0,0,0,-1
2026-08-21 14:27:02.707,85.11219,False,18.93409,1.139713,-8.623995,0,0,0,1,0,0,1,False,-1,-1,0,0,0,-1
2026-08-21 14:27:02.752,85.1565,False,18.93238,1.141124,-8.626177,0,0,0,1,0,0,1,False,-1,-1,0,0,0,-1
2026-08-21 14:27:02.785,85.18996,False,18.93069,1.141676,-8.627707,0,0,0,1,0,0,1,False,-1,-1,0,0,0,-1
2026-08-21 14:27:02.820,85.22357,False,18.92898,1.142082,-8.629099,0,0,0,1,0,0,1,False,-1,-1,0,0,0,-1
2026-08-21 14:27:02.863,85.26752,False,18.92621,1.142126,-8.630259,0,0,0,1,0,0,1,False,-1,-1,0,0,0,-1
2026-08-21 14:27:02.898,85.30252,False,18.9237,1.141793,-8.630837,0,0,0,1,0,0,1,False,-1,-1,0,0,0,-1
2026-08-21 14:27:02.942,85.34574,False,18.9206,1.140901,-8.631135,0,0,0,1,0,0,1,False,-1,-1,0,0,0,-1
2026-08-21 14:27:02.975,85.3795,False,18.91825,1.140079,-8.631154,0,0,0,1,0,0,1,False,-1,-1,0,0,0,-1
2026-08-21 14:27:03.020,85.42378,False,18.915,1.13863,-8.63093,0,0,0,1,0,0,1,False,-1,-1,0,0,0,-1
2026-08-21 14:27:03.053,85.45719,False,18.91269,1.136965,-8.630606,0,0,0,1,0,0,1,False,-1,-1,0,0,0,-1
2026-08-21 14:27:03.097,85.50128,False,18.90965,1.131921,-8.629276,0,0,0,1,0,0,1,False,-1,-1,0,0,0,-1
2026-08-21 14:27:03.130,85.53507,False,18.90773,1.124395,-8.628046,0,0,0,1,0,0,1,False,-1,-1,0,0,0,-1
2026-08-21 14:27:03.176,85.58018,False,18.90443,1.120121,-8.624996,0,0,0,1,0,0,1,False,-1,-1,0,0,0,-1
2026-08-21 14:27:03.220,85.62368,False,18.90253,1.119827,-8.619531,0,0,0,1,0,0,1,False,-1,-1,0,0,0,-1
2026-08-21 14:27:03.253,85.6579,False,18.90234,1.122545,-8.615277,0,0,0,1,0,0,1,False,-1,-1,0,0,0,-1
2026-08-21 14:27:03.297,85.70213,False,18.90232,1.126248,-8.608886,0,0,0,1,0,0,1,False,-1,-1,0,0,0,-1
2026-08-21 14:27:03.342,85.7461,False,18.90273,1.131237,-8.603179,0,0,0,1,0,0,1,False,-1,-1,0,0,0,-1
2026-08-21 14:27:03.376,85.78066,False,18.90233,1.137397,-8.598748,0,0,0,1,0,0,1,False,-1,-1,0,0,0,-1
2026-08-21 14:27:03.419,85.82394,False,18.90161,1.149248,-8.592327,0,0,0,1,0,0,1,False,-1,-1,0,0,0,-1
2026-08-21 14:27:03.463,85.86781,False,18.90094,1.162123,-8.585823,0,0,0,1,0,0,1,False,-1,-1,0,0,0,-1
2026-08-21 14:27:03.497,85.9017,False,18.89935,1.172708,-8.580612,0,0,0,1,0,0,1,False,-1,-1,0,0,0,-1
2026-08-21 14:27:03.541,85.94569,False,18.89617,1.186583,-8.573883,0,0,0,1,0,0,1,False,-1,-1,0,0,0,-1
2026-08-21 14:27:03.573,85.97912,False,18.89342,1.19589,-8.567241,0,0,0,1,0,0,1,False,-1,-1,0,0,0,-1
2026-08-21 14:27:03.618,86.02322,False,18.88797,1.206877,-8.554397,0,0,0,1,0,0,1,False,-1,-1,0,0,0,-1
2026-08-21 14:27:03.652,86.05727,False,18.88275,1.214797,-8.542768,0,0,0,1,0,0,1,False,-1,-1,0,0,0,-1
2026-08-21 14:27:03.696,86.10128,False,18.87425,1.223829,-8.52554,0,0,0,1,0,0,1,False,-1,-1,0,0,0,-1
2026-08-21 14:27:03.741,86.146,False,18.86188,1.23049,-8.509715,0,0,0,1,0,0,1,False,-1,-1,0,0,0,-1
2026-08-21 14:27:03.787,86.19161,False,18.84672,1.234293,-8.494783,0,0,0,1,0,0,1,False,-1,-1,0,0,0,-1
2026-08-21 14:27:03.831,86.23508,False,18.82723,1.23343,-8.483039,0,0,0,1,0,0,1,False,-1,-1,0,0,0,-1
2026-08-21 14:27:03.875,86.27928,False,18.80843,1.228187,-8.473264,0,0,0,1,0,0,1,False,-1,-1,0,0,0,-1
2026-08-21 14:27:03.918,86.32326,False,18.7866,1.2232,-8.46312,0,0,0,1,0,0,1,False,-1,-1,0,0,0,-1
2026-08-21 14:27:03.952,86.35674,False,18.76716,1.216192,-8.456341,0,0,0,1,0,0,1,False,-1,-1,0,0,0,-1
2026-08-21 14:27:03.987,86.39129,False,18.74852,1.208126,-8.450381,0,0,0,1,0,0,1,False,-1,-1,0,0,0,-1
2026-08-21 14:27:04.031,86.43546,False,18.71941,1.195688,-8.443387,0,0,0,1,0,0,1,False,-1,-1,0,0,0,-1
2026-08-21 14:27:04.065,86.4691,False,18.69917,1.187586,-8.438114,0,0,0,1,0,0,1,False,-1,-1,0,0,0,-1
2026-08-21 14:27:04.108,86.51294,False,18.66953,1.175465,-8.430461,0,0,0,1,0,0,1,False,-1,-1,0,0,0,-1
2026-08-21 14:27:04.152,86.55753,False,18.6411,1.164089,-8.425037,0,0,0,1,0,0,1,False,-1,-1,0,0,0,-1
2026-08-21 14:27:04.197,86.60142,False,18.61289,1.152804,-8.419925,0,0,0,1,0,0,1,False,-1,-1,0,0,0,-1
2026-08-21 14:27:04.231,86.63522,False,18.59604,1.146362,-8.416691,0,0,0,1,0,0,1,False,-1,-1,0,0,0,-1
2026-08-21 14:27:04.275,86.67973,False,18.57838,1.138369,-8.410959,0,0,0,1,0,0,1,False,-1,-1,0,0,0,-1
2026-08-21 14:27:04.310,86.71419,False,18.56875,1.133248,-8.406984,0,0,0,1,0,0,1,False,-1,-1,0,0,0,-1
2026-08-21 14:27:04.352,86.75696,False,18.56447,1.143881,-8.396797,0,0,0,1,0,0,1,False,-1,-1,0,0,0,-1
2026-08-21 14:27:04.387,86.79109,False,18.56069,1.142192,-8.39673,0,0,0,1,0,0,1,False,-1,-1,0,0,0,-1
2026-08-21 14:27:04.431,86.83511,False,18.5595,1.139775,-8.395016,0,0,0,1,0,0,1,False,-1,-1,0,0,0,-1
2026-08-21 14:27:04.475,86.87931,False,18.55808,1.138407,-8.392138,0,0,0,1,0,0,1,False,-1,-1,0,0,0,-1
2026-08-21 14:27:04.509,86.91358,False,18.55606,1.137792,-8.391809,0,0,0,1,0,0,1,False,-1,-1,0,0,0,-1
2026-08-21 14:27:04.552,86.95656,False,18.55206,1.138161,-8.393947,0,0,0,1,0,0,1,False,-1,-1,0,0,0,-1
2026-08-21 14:27:04.585,86.98994,False,18.54774,1.13878,-8.39632,0,0,0,1,0,0,1,False,-1,-1,0,0,0,-1
2026-08-21 14:27:04.619,87.02357,False,18.54332,1.139077,-8.398569,0,0,0,1,0,0,1,False,-1,-1,0,0,0,-1
2026-08-21 14:27:04.653,87.0573,False,18.5395,1.140156,-8.4004,0,0,0,1,0,0,1,False,-1,-1,0,0,0,-1
2026-08-21 14:27:04.697,87.1013,False,18.53721,1.139494,-8.402343,0,0,0,1,0,0,1,False,-1,-1,0,0,0,-1
2026-08-21 14:27:04.742,87.14615,False,18.53921,1.139356,-8.403918,0,0,0,1,0,0,1,False,-1,-1,0,0,0,-1
2026-08-21 14:27:04.787,87.19099,False,18.54472,1.136659,-8.406506,0,0,0,1,0,0,1,False,-1,-1,0,0,0,-1
2026-08-21 14:27:04.821,87.22487,False,18.54994,1.134062,-8.409186,0,0,0,1,0,0,1,False,-1,-1,0,0,0,-1
2026-08-21 14:27:04.863,87.26772,False,18.55557,1.131158,-8.41358,0,0,0,1,0,0,1,False,-1,-1,0,0,0,-1
2026-08-21 14:27:04.899,87.30286,False,18.56065,1.130237,-8.418464,0,0,0,1,0,0,1,False,-1,-1,0,0,0,-1
2026-08-21 14:27:04.932,87.33625,False,18.56457,1.130352,-8.422854,0,0,0,1,0,0,1,False,-1,-1,0,0,0,-1
2026-08-21 14:27:04.976,87.37991,False,18.56888,1.130828,-8.430574,0,0,0,1,0,0,1,False,-1,-1,0,0,0,-1
2026-08-21 14:27:05.009,87.4136,False,18.57115,1.13137,-8.435486,0,0,0,1,0,0,1,False,-1,-1,0,0,0,-1
2026-08-21 14:27:05.049,87.4535,False,18.57256,1.131097,-8.441556,0,0,0,1,0,0,1,False,-1,-1,0,0,0,-1
2026-08-21 14:27:05.087,87.49129,False,18.57353,1.130796,-8.44488,0,0,0,1,0,0,1,False,-1,-1,0,0,0,-1
2026-08-21 14:27:05.121,87.52525,False,18.57371,1.130337,-8.44769,0,0,0,1,0,0,1,False,-1,-1,0,0,0,-1
2026-08-21 14:27:05.165,87.56928,False,18.57351,1.130324,-8.449652,0,0,0,1,0,0,1,False,-1,-1,0,0,0,-1
2026-08-21 14:27:05.210,87.61415,False,18.57343,1.130183,-8.450397,0,0,0,1,0,0,1,False,-1,-1,0,0,0,-1
2026-08-21 14:27:05.254,87.65804,False,18.57345,1.129486,-8.450315,0,0,0,1,0,0,1,False,-1,-1,0,0,0,-1
2026-08-21 14:27:05.298,87.70224,False,18.57381,1.128546,-8.449815,0,0,0,1,0,0,1,False,-1,-1,0,0,0,-1
2026-08-21 14:27:05.332,87.73707,False,18.57408,1.128269,-8.448683,0,0,0,1,0,0,1,False,-1,-1,0,0,0,-1
2026-08-21 14:27:05.380,87.78442,False,18.57455,1.128235,-8.446966,0,0,0,1,0,0,1,False,-1,-1,0,0,0,-1
2026-08-21 14:27:05.425,87.82986,False,18.57493,1.127993,-8.44511,0,0,0,1,0,0,1,False,-1,-1,0,0,0,-1
2026-08-21 14:27:05.471,87.8759,False,18.57453,1.127967,-8.444029,0,0,0,1,0,0,1,False,-1,-1,0,0,0,-1
2026-08-21 14:27:05.510,87.91459,False,18.57373,1.12787,-8.443242,0,0,0,1,0,0,1,False,-1,-1,0,0,0,-1
2026-08-21 14:27:05.547,87.95205,False,18.57254,1.127843,-8.442822,0,0,0,1,0,0,1,False,-1,-1,0,0,0,-1
2026-08-21 14:27:05.587,87.99094,False,18.57144,1.127346,-8.442611,0,0,0,1,0,0,1,False,-1,-1,0,0,0,-1
2026-08-21 14:27:05.621,88.02453,False,18.57097,1.127295,-8.442612,0,0,0,1,0,0,1,False,-1,-1,0,0,0,-1
2026-08-21 14:27:05.654,88.05893,False,18.57103,1.126995,-8.442909,0,0,0,1,0,0,1,False,-1,-1,0,0,0,-1
2026-08-21 14:27:05.691,88.0947,False,18.57152,1.126413,-8.443117,0,0,0,1,0,0,1,False,-1,-1,0,0,0,-1
2026-08-21 14:27:05.733,88.1375,False,18.57108,1.125425,-8.442071,0,0,0,1,0,0,1,False,-1,-1,0,0,0,-1
2026-08-21 14:27:05.776,88.1799,False,18.56438,1.122513,-8.442343,0,0,0,1,0,0,1,False,-1,-1,0,0,0,-1
2026-08-21 14:27:05.820,88.22363,False,18.55378,1.11347,-8.446657,0,0,0,1,0,0,1,False,-1,-1,0,0,0,-1
2026-08-21 14:27:05.853,88.25766,False,18.54277,1.104538,-8.453392,0,0,0,1,0,0,1,False,-1,-1,0,0,0,-1
2026-08-21 14:27:05.897,88.30161,False,18.52465,1.091057,-8.465615,0,0,0,1,0,0,1,False,-1,-1,0,0,0,-1
2026-08-21 14:27:05.942,88.34678,False,18.50326,1.078533,-8.480496,0,0,0,1,0,0,1,False,-1,-1,0,0,0,-1
2026-08-21 14:27:05.987,88.39082,False,18.47848,1.064955,-8.497649,0,0,0,1,0,0,1,False,-1,-1,0,0,0,-1
2026-08-21 14:27:06.020,88.4247,False,18.46263,1.056926,-8.508523,0,0,0,1,0,0,1,False,-1,-1,0,0,0,-1
2026-08-21 14:27:06.063,88.46843,False,18.44177,1.045842,-8.524722,0,0,0,1,0,0,1,False,-1,-1,0,0,0,-1
2026-08-21 14:27:06.098,88.50243,False,18.42699,1.036031,-8.536894,0,0,0,1,0,0,1,False,-1,-1,0,0,0,-1
2026-08-21 14:27:06.144,88.548,False,18.40882,1.02073,-8.547256,0,0,0,1,0,0,1,False,-1,-1,0,0,0,-1
2026-08-21 14:27:06.186,88.59021,False,18.39758,1.002741,-8.550945,0,0,0,1,0,0,1,False,-1,-1,0,0,0,-1
2026-08-21 14:27:06.220,88.62466,False,18.39057,0.9902796,-8.553988,0,0,0,1,0,0,1,False,-1,-1,0,0,0,-1
2026-08-21 14:27:06.265,88.66932,False,18.38355,0.9755172,-8.557882,0,0,0,1,0,0,1,False,-1,-1,0,0,0,-1
2026-08-21 14:27:06.310,88.71378,False,18.37707,0.9628687,-8.559074,0,0,0,1,0,0,1,False,-1,-1,0,0,0,-1
2026-08-21 14:27:06.355,88.75906,False,18.36995,0.9525569,-8.55816,0,0,0,1,0,0,1,False,-1,-1,0,0,0,-1
2026-08-21 14:27:06.399,88.80224,False,18.36167,0.9464925,-8.555567,0,0,0,1,0,0,1,False,-1,-1,0,0,0,-1
2026-08-21 14:27:06.432,88.83558,False,18.35603,0.9445102,-8.554137,0,0,0,1,0,0,1,False,-1,-1,0,0,0,-1
2026-08-21 14:27:06.476,88.88044,False,18.35135,0.9428967,-8.551955,0,0,0,1,0,0,1,False,-1,-1,0,0,0,-1
2026-08-21 14:27:06.520,88.92419,False,18.34764,0.9388468,-8.547074,0,0,0,1,0,0,1,False,-1,-1,0,0,0,-1
2026-08-21 14:27:06.566,88.96973,False,18.34329,0.9315265,-8.542545,0,0,0,1,0,0,1,False,-1,-1,0,0,0,-1
2026-08-21 14:27:06.609,89.01357,False,18.33533,0.9224663,-8.539946,0,0,0,1,0,0,1,False,-1,-1,0,0,0,-1
2026-08-21 14:27:06.643,89.04732,False,18.32752,0.9113035,-8.538154,0,0,0,1,0,0,1,False,-1,-1,0,0,0,-1
2026-08-21 14:27:06.687,89.09117,False,18.32075,0.8975673,-8.538593,0,0,0,1,0,0,1,False,-1,-1,0,0,0,-1
2026-08-21 14:27:06.727,89.13057,False,18.31544,0.8804616,-8.540936,0,0,0,1,0,0,1,False,-1,-1,0,0,0,-1
2026-08-21 14:27:06.765,89.16954,False,18.31242,0.8685988,-8.544469,0,0,0,1,0,0,1,False,-1,-1,0,0,0,-1
2026-08-21 14:27:06.799,89.20308,False,18.31418,0.8611755,-8.546107,0,0,0,1,0,0,1,False,-1,-1,0,0,0,-1
2026-08-21 14:27:06.844,89.24852,False,18.31317,0.8477758,-8.551414,0,0,0,1,0,0,1,False,-1,-1,0,0,0,-1
2026-08-21 14:27:06.886,89.2905,False,18.30984,0.8386326,-8.553955,0,0,0,1,0,0,1,False,-1,-1,0,0,0,-1
2026-08-21 14:27:06.921,89.32448,False,18.3074,0.831683,-8.555524,0,0,0,1,0,0,1,False,-1,-1,0,0,0,-1
2026-08-21 14:27:06.965,89.36961,False,18.30532,0.8230571,-8.556334,0,0,0,1,0,0,1,False,-1,-1,0,0,0,-1
2026-08-21 14:27:07.008,89.41351,False,18.30332,0.8148317,-8.556883,0,0,0,1,0,0,1,False,-1,-1,0,0,0,-1
2026-08-21 14:27:07.053,89.45723,False,18.30062,0.8072128,-8.557849,0,0,0,1,0,0,1,False,-1,-1,0,0,0,-1
2026-08-21 14:27:07.087,89.49101,False,18.30109,0.8007366,-8.556057,0,0,0,1,0,0,1,False,-1,-1,0,0,0,-1
2026-08-21 14:27:07.130,89.53468,False,18.30287,0.7920769,-8.5529,0,0,0,1,0,0,1,False,-1,-1,0,0,0,-1
2026-08-21 14:27:07.165,89.56853,False,18.30542,0.7868847,-8.55033,0,0,0,1,0,0,1,False,-1,-1,0,0,0,-1
2026-08-21 14:27:07.198,89.60218,False,18.30827,0.7832185,-8.54734,0,0,0,1,0,0,1,False,-1,-1,0,0,0,-1
2026-08-21 14:27:07.242,89.64591,False,18.30961,0.7795426,-8.54354,0,0,0,1,0,0,1,False,-1,-1,0,0,0,-1
2026-08-21 14:27:07.275,89.67936,False,18.31026,0.7773734,-8.54095,0,0,0,1,0,0,1,False,-1,-1,0,0,0,-1
2026-08-21 14:27:07.319,89.72356,False,18.31069,0.7754562,-8.538039,0,0,0,1,0,0,1,False,-1,-1,0,0,0,-1
2026-08-21 14:27:07.353,89.75793,False,18.31052,0.7735302,-8.536584,0,0,0,1,0,0,1,False,-1,-1,0,0,0,-1
2026-08-21 14:27:07.398,89.80198,False,18.30997,0.7704276,-8.535666,0,0,0,1,0,0,1,False,-1,-1,0,0,0,-1
2026-08-21 14:27:07.442,89.84578,False,18.31102,0.7650299,-8.534623,0,0,0,1,0,0,1,False,-1,-1,0,0,0,-1
2026-08-21 14:27:07.475,89.8797,False,18.31255,0.760875,-8.533345,0,0,0,1,0,0,1,False,-1,-1,0,0,0,-1
2026-08-21 14:27:07.509,89.91361,False,18.31386,0.7549645,-8.53197,0,0,0,1,0,0,1,False,-1,-1,0,0,0,-1
2026-08-21 14:27:07.553,89.9571,False,18.31379,0.7485276,-8.530325,0,0,0,1,0,0,1,False,-1,-1,0,0,0,-1
2026-08-21 14:27:07.587,89.99056,False,18.31573,0.7550783,-8.529757,0,0,0,1,0,0,1,False,-1,-1,0,0,0,-1
2026-08-21 14:27:07.630,90.03459,False,18.31535,0.7563205,-8.52779,0,0,0,1,0,0,1,False,-1,-1,0,0,0,-1
2026-08-21 14:27:07.663,90.06799,False,18.31479,0.7562224,-8.524991,0,0,0,1,0,0,1,False,-1,-1,0,0,0,-1
2026-08-21 14:27:07.697,90.10134,False,18.31461,0.7554158,-8.522954,0,0,0,1,0,0,1,False,-1,-1,0,0,0,-1
2026-08-21 14:27:07.731,90.13591,False,18.31394,0.7563851,-8.519938,0,0,0,1,0,0,1,False,-1,-1,0,0,0,-1
2026-08-21 14:27:07.779,90.18256,False,18.31488,0.7553887,-8.51458,0,0,0,1,0,0,1,False,-1,-1,0,0,0,-1
2026-08-21 14:27:08.028,90.4231,False,18.3141,0.7545061,-8.508596,0,0,0,0,0,0,1,False,-1,-1,0,0,0,-1
