RealTime,UnityTime,GazeValid,GazeOriginX,GazeOriginY,GazeOriginZ,GazeRotX,GazeRotY,GazeRotZ,GazeRotW,GazeDirX,GazeDirY,GazeDirZ,HitPainting,ImageX,ImageY,HitPointX,HitPointY,HitPointZ,HitDistance
2026-07-01 15:17:13.985,0,False,19.099,1.36144,-9.44,0,0,0,0,0,0,1,False,-1,-1,0,0,0,-1
2026-07-01 15:17:14.237,0.05538649,False,18.71311,0.8855605,-9.24277,0,0,0,1,0,0,1,False,-1,-1,0,0,0,-1
2026-07-01 15:17:15.415,0.3887198,False,18.71346,0.8045201,-9.242739,0,0,0,1,0,0,1,False,-1,-1,0,0,0,-1
2026-07-01 15:17:15.455,0.4308852,False,18.7136,0.8044628,-9.242754,0,0,0,1,0,0,1,False,-1,-1,0,0,0,-1
2026-07-01 15:17:15.496,0.4708946,False,18.7135,0.8044123,-9.242855,0,0,0,1,0,0,1,False,-1,-1,0,0,0,-1
2026-07-01 15:17:15.536,0.5132092,False,18.71337,0.804443,-9.243017,0,0,0,1,0,0,1,False,-1,-1,0,0,0,-1
2026-07-01 15:17:15.581,0.5568826,False,18.71349,0.8044006,-9.243059,0,0,0,1,0,0,1,False,-1,-1,0,0,0,-1
2026-07-01 15:17:15.615,0.5910617,False,18.71355,0.8044105,-9.243166,0,0,0,1,0,0,1,False,-1,-1,0,0,0,-1
2026-07-01 15:17:15.659,0.6351495,False,18.7135,0.8044109,-9.24308,0,0,0,1,0,0,1,False,-1,-1,0,0,0,-1
2026-07-01 15:17:15.703,0.6792495,False,18.71354,0.8044084,-9.242931,0,0,0,1,0,0,1,False,-1,-1,0,0,0,-1
2026-07-01 15:17:15.736,0.712653,False,18.71355,0.8043756,-9.242891,0,0,0,1,0,0,1,False,-1,-1,0,0,0,-1
2026-07-01 15:17:15.771,0.746922,False,18.71351,0.8043637,-9.242771,0,0,0,1,0,0,1,False,-1,-1,0,0,0,-1
2026-07-01 15:17:15.815,0.790459,False,18.71346,0.804432,-9.242976,0,0,0,1,0,0,1,False,-1,-1,0,0,0,-1
2026-07-01 15:17:15.862,0.8393189,False,18.71345,0.8044618,-9.242912,0,0,0,1,0,0,1,False,-1,-1,0,0,0,-1
2026-07-01 15:17:15.905,0.8810532,False,18.71349,0.8045418,-9.242842,0,0,0,1,0,0,1,False,-1,-1,0,0,0,-1
2026-07-01 15:17:15.949,0.9251631,False,18.71352,0.8045381,-9.242983,0,0,0,1,0,0,1,False,-1,-1,0,0,0,-1
2026-07-01 15:17:15.983,0.9594572,False,18.71345,0.8045146,-9.243093,0,0,0,1,0,0,1,False,-1,-1,0,0,0,-1
2026-07-01 15:17:16.028,1.003986,False,18.71345,0.804462,-9.24317,0,0,0,1,0,0,1,False,-1,-1,0,0,0,-1
2026-07-01 15:17:16.073,1.048369,False,18.71341,0.8043751,-9.243219,0,0,0,1,0,0,1,False,-1,-1,0,0,0,-1
2026-07-01 15:17:16.117,1.092854,False,18.71332,0.8043705,-9.243148,0,0,0,1,0,0,1,False,-1,-1,0,0,0,-1
2026-07-01 15:17:16.150,1.126196,False,18.71325,0.8044342,-9.243244,0,0,0,1,0,0,1,False,-1,-1,0,0,0,-1
2026-07-01 15:17:16.187,1.163083,False,18.71329,0.8043633,-9.243181,0,0,0,1,0,0,1,False,-1,-1,0,0,0,-1
2026-07-01 15:17:16.229,1.204801,False,18.71337,0.8043946,-9.24295,0,0,0,1,0,0,1,False,-1,-1,0,0,0,-1
2026-07-01 15:17:16.262,1.238738,False,18.7134,0.8043382,-9.242865,0,0,0,1,0,0,1,False,-1,-1,0,0,0,-1
2026-07-01 15:17:16.297,1.273378,False,18.71333,0.8043646,-9.242929,0,0,0,1,0,0,1,False,-1,-1,0,0,0,-1
2026-07-01 15:17:16.342,1.318224,False,18.71337,0.8043026,-9.243036,0,0,0,1,0,0,1,False,-1,-1,0,0,0,-1
2026-07-01 15:17:16.376,1.352031,False,18.7134,0.804361,-9.243079,0,0,0,1,0,0,1,False,-1,-1,0,0,0,-1
2026-07-01 15:17:16.410,1.386446,False,18.71341,0.8043975,-9.242954,0,0,0,1,0,0,1,False,-1,-1,0,0,0,-1
2026-07-01 15:17:16.444,1.419902,False,18.71342,0.8043763,-9.242914,0,0,0,1,0,0,1,False,-1,-1,0,0,0,-1
2026-07-01 15:17:16.488,1.463797,False,18.7135,0.8043915,-9.243105,0,0,0,1,0,0,1,False,-1,-1,0,0,0,-1
2026-07-01 15:17:16.522,1.498053,False,18.71347,0.804387,-9.243279,0,0,0,1,0,0,1,False,-1,-1,0,0,0,-1
2026-07-01 15:17:16.566,1.541669,False,18.71342,0.8043034,-9.243278,0,0,0,1,0,0,1,False,-1,-1,0,0,0,-1
2026-07-01 15:17:16.609,1.585442,False,18.71338,0.8043442,-9.243258,0,0,0,1,0,0,1,False,-1,-1,0,0,0,-1
2026-07-01 15:17:16.644,1.619485,False,18.71337,0.8043932,-9.243093,0,0,0,1,0,0,1,False,-1,-1,0,0,0,-1
2026-07-01 15:17:16.688,1.663848,False,18.71345,0.8043683,-9.242935,0,0,0,1,0,0,1,False,-1,-1,0,0,0,-1
2026-07-01 15:17:16.721,1.697526,False,18.71342,0.8043661,-9.243065,0,0,0,1,0,0,1,False,-1,-1,0,0,0,-1
2026-07-01 15:17:16.766,1.742402,False,18.71339,0.8044102,-9.24296,0,0,0,1,0,0,1,False,-1,-1,0,0,0,-1
2026-07-01 15:17:16.811,1.787235,False,18.71333,0.804391,-9.243174,0,0,0,1,0,0,1,False,-1,-1,0,0,0,-1
2026-07-01 15:17:16.854,1.83085,False,18.71342,0.8043982,-9.243568,0,0,0,1,0,0,1,False,-1,-1,0,0,0,-1
2026-07-01 15:17:16.899,1.874881,False,18.71337,0.8044154,-9.243206,0,0,0,1,0,0,1,False,-1,-1,0,0,0,-1
2026-07-01 15:17:16.935,1.90994,False,18.71339,0.804331,-9.243124,0,0,0,1,0,0,1,False,-1,-1,0,0,0,-1
2026-07-01 15:17:16.978,1.953288,False,18.71335,0.8043683,-9.24314,0,0,0,1,0,0,1,False,-1,-1,0,0,0,-1
2026-07-01 15:17:17.021,1.99768,False,18.71338,0.8043771,-9.243061,0,0,0,1,0,0,1,False,-1,-1,0,0,0,-1
2026-07-01 15:17:17.067,2.042271,False,18.71338,0.8044437,-9.243208,0,0,0,1,0,0,1,False,-1,-1,0,0,0,-1
2026-07-01 15:17:17.110,2.086675,False,18.71344,0.8044214,-9.243088,0,0,0,1,0,0,1,False,-1,-1,0,0,0,-1
2026-07-01 15:17:17.145,2.120072,False,18.71344,0.804389,-9.243161,0,0,0,1,0,0,1,False,-1,-1,0,0,0,-1
2026-07-01 15:17:17.188,2.163676,False,18.71339,0.8044119,-9.243214,0,0,0,1,0,0,1,False,-1,-1,0,0,0,-1
2026-07-01 15:17:17.223,2.198112,False,18.71341,0.8043355,-9.243269,0,0,0,1,0,0,1,False,-1,-1,0,0,0,-1
2026-07-01 15:17:17.266,2.241745,False,18.71346,0.8043615,-9.243412,0,0,0,1,0,0,1,False,-1,-1,0,0,0,-1
2026-07-01 15:17:17.309,2.285599,False,18.71334,0.8043396,-9.243362,0,0,0,1,0,0,1,False,-1,-1,0,0,0,-1
2026-07-01 15:17:17.343,2.319461,False,18.71349,0.8044207,-9.243349,0,0,0,1,0,0,1,False,-1,-1,0,0,0,-1
2026-07-01 15:17:17.387,2.363016,False,18.71341,0.8043357,-9.243454,0,0,0,1,0,0,1,False,-1,-1,0,0,0,-1
2026-07-01 15:17:17.431,2.407215,False,18.7133,0.8043924,-9.243421,0,0,0,1,0,0,1,False,-1,-1,0,0,0,-1
2026-07-01 15:17:17.465,2.44106,False,18.7132,0.8043379,-9.243467,0,0,0,1,0,0,1,False,-1,-1,0,0,0,-1
2026-07-01 15:17:17.499,2.474552,False,18.71327,0.8042965,-9.243362,0,0,0,1,0,0,1,False,-1,-1,0,0,0,-1
2026-07-01 15:17:17.543,2.51832,False,18.71335,0.8042275,-9.243265,0,0,0,1,0,0,1,False,-1,-1,0,0,0,-1
2026-07-01 15:17:17.577,2.552974,False,18.71336,0.8041992,-9.2432,0,0,0,1,0,0,1,False,-1,-1,0,0,0,-1
2026-07-01 15:17:17.620,2.596268,False,18.71333,0.8042104,-9.243128,0,0,0,1,0,0,1,False,-1,-1,0,0,0,-1
2026-07-01 15:17:17.665,2.640634,False,18.71347,0.8043497,-9.243164,0,0,0,1,0,0,1,False,-1,-1,0,0,0,-1
2026-07-01 15:17:17.709,2.68446,False,18.71334,0.8042607,-9.243214,0,0,0,1,0,0,1,False,-1,-1,0,0,0,-1
2026-07-01 15:17:17.743,2.71954,False,18.71329,0.8042592,-9.243244,0,0,0,1,0,0,1,False,-1,-1,0,0,0,-1
2026-07-01 15:17:17.788,2.763228,False,18.71331,0.8042791,-9.243353,0,0,0,1,0,0,1,False,-1,-1,0,0,0,-1
2026-07-01 15:17:17.821,2.797004,False,18.71324,0.8043378,-9.243275,0,0,0,1,0,0,1,False,-1,-1,0,0,0,-1
2026-07-01 15:17:17.865,2.841757,False,18.71329,0.8043504,-9.243145,0,0,0,1,0,0,1,False,-1,-1,0,0,0,-1
2026-07-01 15:17:17.900,2.875974,False,18.7133,0.8042956,-9.243283,0,0,0,1,0,0,1,False,-1,-1,0,0,0,-1
2026-07-01 15:17:17.943,2.918883,False,18.7133,0.8042398,-9.243383,0,0,0,1,0,0,1,False,-1,-1,0,0,0,-1
2026-07-01 15:17:17.988,2.963891,False,18.71335,0.8042765,-9.243345,0,0,0,1,0,0,1,False,-1,-1,0,0,0,-1
2026-07-01 15:17:18.023,2.998708,False,18.71334,0.8042812,-9.243409,0,0,0,1,0,0,1,False,-1,-1,0,0,0,-1
2026-07-01 15:17:18.064,3.040341,False,18.71335,0.8042201,-9.243373,0,0,0,1,0,0,1,False,-1,-1,0,0,0,-1
2026-07-01 15:17:18.101,3.076826,False,18.71339,0.804325,-9.243237,0,0,0,1,0,0,1,False,-1,-1,0,0,0,-1
2026-07-01 15:17:18.144,3.119139,False,18.71329,0.8043453,-9.243202,0,0,0,1,0,0,1,False,-1,-1,0,0,0,-1
2026-07-01 15:17:18.187,3.163078,False,18.71336,0.8042623,-9.24341,0,0,0,1,0,0,1,False,-1,-1,0,0,0,-1
2026-07-01 15:17:18.220,3.196584,False,18.71332,0.8041791,-9.243392,0,0,0,1,0,0,1,False,-1,-1,0,0,0,-1
2026-07-01 15:17:18.262,3.233308,False,18.71336,0.8042071,-9.24337,0,0,0,1,0,0,1,False,-1,-1,0,0,0,-1
2026-07-01 15:17:18.296,3.272202,False,18.7133,0.8042042,-9.243237,0,0,0,1,0,0,1,False,-1,-1,0,0,0,-1
2026-07-01 15:17:18.331,3.306187,False,18.71326,0.8041981,-9.243107,0,0,0,1,0,0,1,False,-1,-1,0,0,0,-1
2026-07-01 15:17:18.365,3.340676,False,18.71324,0.8042016,-9.243193,0,0,0,1,0,0,1,False,-1,-1,0,0,0,-1
2026-07-01 15:17:18.407,3.383333,False,18.71326,0.8042855,-9.24326,0,0,0,1,0,0,1,False,-1,-1,0,0,0,-1
2026-07-01 15:17:18.441,3.417367,False,18.71328,0.8043081,-9.243338,0,0,0,1,0,0,1,False,-1,-1,0,0,0,-1
2026-07-01 15:17:18.475,3.451712,False,18.7134,0.8043626,-9.243421,0,0,0,1,0,0,1,False,-1,-1,0,0,0,-1
2026-07-01 15:17:18.519,3.495224,False,18.71347,0.8042994,-9.24329,0,0,0,1,0,0,1,False,-1,-1,0,0,0,-1
2026-07-01 15:17:18.554,3.530227,False,18.7135,0.8041811,-9.243286,0,0,0,1,0,0,1,False,-1,-1,0,0,0,-1
2026-07-01 15:17:18.596,3.572204,False,18.71342,0.8042181,-9.243349,0,0,0,1,0,0,1,False,-1,-1,0,0,0,-1
2026-07-01 15:17:18.632,3.607322,False,18.71346,0.8042195,-9.243261,0,0,0,1,0,0,1,False,-1,-1,0,0,0,-1
2026-07-01 15:17:18.675,3.650844,False,18.71342,0.8042722,-9.24338,0,0,0,1,0,0,1,False,-1,-1,0,0,0,-1
2026-07-01 15:17:18.710,3.68505,False,18.71342,0.8042847,-9.243471,0,0,0,1,0,0,1,False,-1,-1,0,0,0,-1
2026-07-01 15:17:18.754,3.729676,False,18.71347,0.8043129,-9.243418,0,0,0,1,0,0,1,False,-1,-1,0,0,0,-1
2026-07-01 15:17:18.798,3.773767,False,18.71335,0.8042299,-9.243511,0,0,0,1,0,0,1,False,-1,-1,0,0,0,-1
2026-07-01 15:17:18.832,3.807498,False,18.71338,0.8042879,-9.243471,0,0,0,1,0,0,1,False,-1,-1,0,0,0,-1
2026-07-01 15:17:18.875,3.851317,False,18.71342,0.8042834,-9.243351,0,0,0,1,0,0,1,False,-1,-1,0,0,0,-1
2026-07-01 15:17:18.909,3.884657,False,18.71336,0.804295,-9.243265,0,0,0,1,0,0,1,False,-1,-1,0,0,0,-1
2026-07-01 15:17:18.942,3.918406,False,18.7134,0.8042713,-9.243328,0,0,0,1,0,0,1,False,-1,-1,0,0,0,-1
2026-07-01 15:17:18.976,3.951776,False,18.71341,0.8042371,-9.243376,0,0,0,1,0,0,1,False,-1,-1,0,0,0,-1
2026-07-01 15:17:19.009,3.985203,False,18.71341,0.8042223,-9.243294,0,0,0,1,0,0,1,False,-1,-1,0,0,0,-1
2026-07-01 15:17:19.043,4.018745,False,18.71342,0.8042285,-9.243423,0,0,0,1,0,0,1,False,-1,-1,0,0,0,-1
2026-07-01 15:17:19.088,4.064086,False,18.71338,0.8042765,-9.243394,0,0,0,1,0,0,1,False,-1,-1,0,0,0,-1
2026-07-01 15:17:19.121,4.097484,False,18.71334,0.8042866,-9.243423,0,0,0,1,0,0,1,False,-1,-1,0,0,0,-1
2026-07-01 15:17:19.165,4.141119,False,18.71339,0.8043268,-9.243371,0,0,0,1,0,0,1,False,-1,-1,0,0,0,-1
2026-07-01 15:17:19.209,4.184672,False,18.71343,0.8042913,-9.243271,0,0,0,1,0,0,1,False,-1,-1,0,0,0,-1
2026-07-01 15:17:19.253,4.229218,False,18.7134,0.8042599,-9.243418,0,0,0,1,0,0,1,False,-1,-1,0,0,0,-1
2026-07-01 15:17:19.287,4.263026,False,18.71344,0.8042927,-9.243418,0,0,0,1,0,0,1,False,-1,-1,0,0,0,-1
2026-07-01 15:17:19.331,4.306727,False,18.71333,0.8042285,-9.24354,0,0,0,1,0,0,1,False,-1,-1,0,0,0,-1
2026-07-01 15:17:19.376,4.351126,False,18.71342,0.8041877,-9.243524,0,0,0,1,0,0,1,False,-1,-1,0,0,0,-1
2026-07-01 15:17:19.410,4.384659,False,18.71333,0.804249,-9.243389,0,0,0,1,0,0,1,False,-1,-1,0,0,0,-1
2026-07-01 15:17:19.454,4.428878,False,18.71337,0.8041995,-9.243383,0,0,0,1,0,0,1,False,-1,-1,0,0,0,-1
2026-07-01 15:17:19.498,4.473452,False,18.71335,0.8041992,-9.24344,0,0,0,1,0,0,1,False,-1,-1,0,0,0,-1
2026-07-01 15:17:19.542,4.517223,False,18.71339,0.8042755,-9.24338,0,0,0,1,0,0,1,False,-1,-1,0,0,0,-1
2026-07-01 15:17:19.586,4.561764,False,18.71331,0.8042557,-9.243322,0,0,0,1,0,0,1,False,-1,-1,0,0,0,-1
2026-07-01 15:17:19.620,4.595441,False,18.71324,0.8042505,-9.243237,0,0,0,1,0,0,1,False,-1,-1,0,0,0,-1
2026-07-01 15:17:19.655,4.630267,False,18.71319,0.8042374,-9.243212,0,0,0,1,0,0,1,False,-1,-1,0,0,0,-1
2026-07-01 15:17:19.697,4.67257,False,18.7133,0.8042341,-9.243149,0,0,0,1,0,0,1,False,-1,-1,0,0,0,-1
2026-07-01 15:17:19.730,4.706155,False,18.71333,0.8042533,-9.243191,0,0,0,1,0,0,1,False,-1,-1,0,0,0,-1
2026-07-01 15:17:19.775,4.750521,False,18.7134,0.8042751,-9.243254,0,0,0,1,0,0,1,False,-1,-1,0,0,0,-1
2026-07-01 15:17:19.809,4.784483,False,18.71335,0.8043121,-9.243196,0,0,0,1,0,0,1,False,-1,-1,0,0,0,-1
2026-07-01 15:17:19.853,4.828166,False,18.71327,0.8043518,-9.243158,0,0,0,1,0,0,1,False,-1,-1,0,0,0,-1
2026-07-01 15:17:19.898,4.873839,False,18.71343,0.8042967,-9.243297,0,0,0,1,0,0,1,False,-1,-1,0,0,0,-1
2026-07-01 15:17:19.942,4.917032,False,18.71345,0.8042349,-9.243478,0,0,0,1,0,0,1,False,-1,-1,0,0,0,-1
2026-07-01 15:17:19.975,4.951103,False,18.71341,0.8043177,-9.243574,0,0,0,1,0,0,1,False,-1,-1,0,0,0,-1
2026-07-01 15:17:20.021,4.995837,False,18.71346,0.8042467,-9.243553,0,0,0,1,0,0,1,False,-1,-1,0,0,0,-1
2026-07-01 15:17:20.065,5.041728,False,18.71342,0.8042017,-9.243393,0,0,0,1,0,0,1,False,-1,-1,0,0,0,-1
2026-07-01 15:17:20.108,5.084044,False,18.71341,0.8042009,-9.2433,0,0,0,1,0,0,1,False,-1,-1,0,0,0,-1
2026-07-01 15:17:20.142,5.117902,False,18.71341,0.8042618,-9.243091,0,0,0,1,0,0,1,False,-1,-1,0,0,0,-1
2026-07-01 15:17:20.176,5.151454,False,18.7134,0.8042073,-9.243074,0,0,0,1,0,0,1,False,-1,-1,0,0,0,-1
2026-07-01 15:17:20.220,5.19559,False,18.71344,0.8042248,-9.243214,0,0,0,1,0,0,1,False,-1,-1,0,0,0,-1
2026-07-01 15:17:20.264,5.239633,False,18.71334,0.8041874,-9.243251,0,0,0,1,0,0,1,False,-1,-1,0,0,0,-1
2026-07-01 15:17:20.309,5.284577,False,18.71338,0.8042608,-9.24332,0,0,0,1,0,0,1,False,-1,-1,0,0,0,-1
2026-07-01 15:17:20.353,5.32832,False,18.7134,0.8042359,-9.24336,0,0,0,1,0,0,1,False,-1,-1,0,0,0,-1
2026-07-01 15:17:20.399,5.374215,False,18.7134,0.8043166,-9.243269,0,0,0,1,0,0,1,False,-1,-1,0,0,0,-1
2026-07-01 15:17:20.441,5.416823,False,18.71339,0.8043002,-9.243397,0,0,0,1,0,0,1,False,-1,-1,0,0,0,-1
2026-07-01 15:17:20.475,5.450704,False,18.71337,0.8042805,-9.243538,0,0,0,1,0,0,1,False,-1,-1,0,0,0,-1
2026-07-01 15:17:20.520,5.496845,False,18.71335,0.8043233,-9.243447,0,0,0,1,0,0,1,False,-1,-1,0,0,0,-1
2026-07-01 15:17:20.563,5.539099,False,18.71336,0.8043038,-9.243227,0,0,0,1,0,0,1,False,-1,-1,0,0,0,-1
2026-07-01 15:17:20.597,5.57259,False,18.71342,0.8043112,-9.243176,0,0,0,1,0,0,1,False,-1,-1,0,0,0,-1
2026-07-01 15:17:20.630,5.605957,False,18.71346,0.804327,-9.243243,0,0,0,1,0,0,1,False,-1,-1,0,0,0,-1
2026-07-01 15:17:20.675,5.650576,False,18.71352,0.8042176,-9.243259,0,0,0,1,0,0,1,False,-1,-1,0,0,0,-1
2026-07-01 15:17:20.710,5.685504,False,18.7135,0.8041811,-9.243187,0,0,0,1,0,0,1,False,-1,-1,0,0,0,-1
2026-07-01 15:17:20.754,5.728726,False,18.71344,0.8041021,-9.243204,0,0,0,1,0,0,1,False,-1,-1,0,0,0,-1
2026-07-01 15:17:20.787,5.762079,False,18.71345,0.8040783,-9.243214,0,0,0,1,0,0,1,False,-1,-1,0,0,0,-1
2026-07-01 15:17:20.820,5.795422,False,18.71351,0.8041493,-9.243183,0,0,0,1,0,0,1,False,-1,-1,0,0,0,-1
2026-07-01 15:17:20.854,5.829187,False,18.71343,0.8041884,-9.243293,0,0,0,1,0,0,1,False,-1,-1,0,0,0,-1
2026-07-01 15:17:20.898,5.873336,False,18.71345,0.8042171,-9.243376,0,0,0,1,0,0,1,False,-1,-1,0,0,0,-1
2026-07-01 15:17:20.942,5.917365,False,18.71339,0.8042423,-9.243394,0,0,0,1,0,0,1,False,-1,-1,0,0,0,-1
2026-07-01 15:17:20.976,5.950883,False,18.71338,0.8043032,-9.243502,0,0,0,1,0,0,1,False,-1,-1,0,0,0,-1
2026-07-01 15:17:21.011,5.986403,False,18.71344,0.8042906,-9.243306,0,0,0,1,0,0,1,False,-1,-1,0,0,0,-1
2026-07-01 15:17:21.053,6.028628,False,18.71351,0.8042012,-9.243254,0,0,0,1,0,0,1,False,-1,-1,0,0,0,-1
2026-07-01 15:17:21.098,6.073353,False,18.71349,0.8041726,-9.243416,0,0,0,1,0,0,1,False,-1,-1,0,0,0,-1
2026-07-01 15:17:21.131,6.107031,False,18.71349,0.8042071,-9.243395,0,0,0,1,0,0,1,False,-1,-1,0,0,0,-1
2026-07-01 15:17:21.177,6.151998,False,18.71346,0.8042195,-9.24345,0,0,0,1,0,0,1,False,-1,-1,0,0,0,-1
2026-07-01 15:17:21.219,6.194513,False,18.71336,0.8042485,-9.243593,0,0,0,1,0,0,1,False,-1,-1,0,0,0,-1
2026-07-01 15:17:21.253,6.228558,False,18.71339,0.8041961,-9.2432,0,0,0,1,0,0,1,False,-1,-1,0,0,0,-1
2026-07-01 15:17:21.297,6.272172,False,18.71339,0.8041468,-9.243415,0,0,0,1,0,0,1,False,-1,-1,0,0,0,-1
2026-07-01 15:17:21.331,6.306492,False,18.71339,0.804138,-9.243246,0,0,0,1,0,0,1,False,-1,-1,0,0,0,-1
2026-07-01 15:17:21.365,6.340331,False,18.71332,0.8041139,-9.24329,0,0,0,1,0,0,1,False,-1,-1,0,0,0,-1
2026-07-01 15:17:21.407,6.38301,False,18.71335,0.8041587,-9.243122,0,0,0,1,0,0,1,False,-1,-1,0,0,0,-1
2026-07-01 15:17:21.453,6.428031,False,18.71338,0.8041817,-9.243093,0,0,0,1,0,0,1,False,-1,-1,0,0,0,-1
2026-07-01 15:17:21.487,6.461392,False,18.71341,0.8042333,-9.243052,0,0,0,1,0,0,1,False,-1,-1,0,0,0,-1
2026-07-01 15:17:21.520,6.495382,False,18.71339,0.8043039,-9.243114,0,0,0,1,0,0,1,False,-1,-1,0,0,0,-1
2026-07-01 15:17:21.554,6.529943,False,18.71333,0.8042932,-9.24315,0,0,0,1,0,0,1,False,-1,-1,0,0,0,-1
2026-07-01 15:17:21.597,6.572323,False,18.71336,0.8042611,-9.243276,0,0,0,1,0,0,1,False,-1,-1,0,0,0,-1
2026-07-01 15:17:21.631,6.605784,False,18.71333,0.8042811,-9.24334,0,0,0,1,0,0,1,False,-1,-1,0,0,0,-1
2026-07-01 15:17:21.674,6.650396,False,18.7135,0.8041694,-9.243203,0,0,0,1,0,0,1,False,-1,-1,0,0,0,-1
2026-07-01 15:17:21.721,6.696112,False,18.71359,0.8041431,-9.243038,0,0,0,1,0,0,1,False,-1,-1,0,0,0,-1
2026-07-01 15:17:21.763,6.739014,False,18.71355,0.8041842,-9.24302,0,0,0,1,0,0,1,False,-1,-1,0,0,0,-1
2026-07-01 15:17:21.808,6.783917,False,18.7135,0.8041785,-9.243074,0,0,0,1,0,0,1,False,-1,-1,0,0,0,-1
2026-07-01 15:17:21.842,6.81752,False,18.71345,0.804227,-9.243112,0,0,0,1,0,0,1,False,-1,-1,0,0,0,-1
2026-07-01 15:17:21.877,6.85234,False,18.71348,0.8041564,-9.243158,0,0,0,1,0,0,1,False,-1,-1,0,0,0,-1
2026-07-01 15:17:21.920,6.894654,False,18.71347,0.80419,-9.243141,0,0,0,1,0,0,1,False,-1,-1,0,0,0,-1
2026-07-01 15:17:21.953,6.928104,False,18.71348,0.8041443,-9.243128,0,0,0,1,0,0,1,False,-1,-1,0,0,0,-1
2026-07-01 15:17:21.987,6.961472,False,18.71344,0.8041149,-9.242953,0,0,0,1,0,0,1,False,-1,-1,0,0,0,-1
2026-07-01 15:17:22.020,6.994978,False,18.71343,0.8041169,-9.242929,0,0,0,1,0,0,1,False,-1,-1,0,0,0,-1
2026-07-01 15:17:22.064,7.038762,False,18.71344,0.8041208,-9.242922,0,0,0,1,0,0,1,False,-1,-1,0,0,0,-1
2026-07-01 15:17:22.097,7.072379,False,18.71354,0.8040729,-9.243008,0,0,0,1,0,0,1,False,-1,-1,0,0,0,-1
2026-07-01 15:17:22.141,7.116427,False,18.7135,0.8041332,-9.243017,0,0,0,1,0,0,1,False,-1,-1,0,0,0,-1
2026-07-01 15:17:22.176,7.150661,False,18.71354,0.804167,-9.243133,0,0,0,1,0,0,1,False,-1,-1,0,0,0,-1
2026-07-01 15:17:22.210,7.185533,False,18.71357,0.8042016,-9.24326,0,0,0,1,0,0,1,False,-1,-1,0,0,0,-1
2026-07-01 15:17:22.251,7.227037,False,18.71355,0.8041853,-9.24325,0,0,0,1,0,0,1,False,-1,-1,0,0,0,-1
2026-07-01 15:17:22.286,7.260925,False,18.71352,0.8041967,-9.243232,0,0,0,1,0,0,1,False,-1,-1,0,0,0,-1
2026-07-01 15:17:22.320,7.295168,False,18.71349,0.8041616,-9.243246,0,0,0,1,0,0,1,False,-1,-1,0,0,0,-1
2026-07-01 15:17:22.364,7.339355,False,18.7135,0.8041732,-9.243259,0,0,0,1,0,0,1,False,-1,-1,0,0,0,-1
2026-07-01 15:17:22.397,7.372877,False,18.7135,0.804168,-9.243313,0,0,0,1,0,0,1,False,-1,-1,0,0,0,-1
2026-07-01 15:17:22.442,7.417551,False,18.71356,0.8041924,-9.243328,0,0,0,1,0,0,1,False,-1,-1,0,0,0,-1
2026-07-01 15:17:22.476,7.451639,False,18.71355,0.8041784,-9.243362,0,0,0,1,0,0,1,False,-1,-1,0,0,0,-1
2026-07-01 15:17:22.519,7.494308,False,18.71337,0.8042197,-9.243334,0,0,0,1,0,0,1,False,-1,-1,0,0,0,-1
2026-07-01 15:17:22.562,7.538641,False,18.7134,0.8042479,-9.24319,0,0,0,1,0,0,1,False,-1,-1,0,0,0,-1
2026-07-01 15:17:22.608,7.582973,False,18.71338,0.804225,-9.243128,0,0,0,1,0,0,1,False,-1,-1,0,0,0,-1
2026-07-01 15:17:22.651,7.626889,False,18.7134,0.8042704,-9.243007,0,0,0,1,0,0,1,False,-1,-1,0,0,0,-1
2026-07-01 15:17:22.685,7.660256,False,18.71337,0.8043179,-9.242982,0,0,0,1,0,0,1,False,-1,-1,0,0,0,-1
2026-07-01 15:17:22.732,7.706835,False,18.71343,0.8042108,-9.242858,0,0,0,1,0,0,1,False,-1,-1,0,0,0,-1
2026-07-01 15:17:22.776,7.75146,False,18.71339,0.8042268,-9.242853,0,0,0,1,0,0,1,False,-1,-1,0,0,0,-1
2026-07-01 15:17:22.821,7.795903,False,18.71344,0.8042445,-9.243025,0,0,0,1,0,0,1,False,-1,-1,0,0,0,-1
2026-07-01 15:17:22.863,7.838302,False,18.7135,0.8042208,-9.242938,0,0,0,1,0,0,1,False,-1,-1,0,0,0,-1
2026-07-01 15:17:22.896,7.87183,False,18.71362,0.8042222,-9.242891,0,0,0,1,0,0,1,False,-1,-1,0,0,0,-1
2026-07-01 15:17:22.932,7.906735,False,18.71363,0.8042716,-9.243037,0,0,0,1,0,0,1,False,-1,-1,0,0,0,-1
2026-07-01 15:17:22.975,7.949941,False,18.71353,0.8042892,-9.243078,0,0,0,1,0,0,1,False,-1,-1,0,0,0,-1
2026-07-01 15:17:23.019,7.995404,False,18.71344,0.8042557,-9.242933,0,0,0,1,0,0,1,False,-1,-1,0,0,0,-1
2026-07-01 15:17:23.064,8.0396,False,18.7134,0.8042217,-9.24295,0,0,0,1,0,0,1,False,-1,-1,0,0,0,-1
2026-07-01 15:17:23.110,8.084575,False,18.71338,0.8042483,-9.242945,0,0,0,1,0,0,1,False,-1,-1,0,0,0,-1
2026-07-01 15:17:23.153,8.127985,False,18.71342,0.8041657,-9.243002,0,0,0,1,0,0,1,False,-1,-1,0,0,0,-1
2026-07-01 15:17:23.187,8.162214,False,18.71348,0.8041462,-9.242985,0,0,0,1,0,0,1,False,-1,-1,0,0,0,-1
2026-07-01 15:17:23.231,8.205812,False,18.71353,0.8041576,-9.242948,0,0,0,1,0,0,1,False,-1,-1,0,0,0,-1
2026-07-01 15:17:23.275,8.250666,False,18.71356,0.804189,-9.243123,0,0,0,1,0,0,1,False,-1,-1,0,0,0,-1
2026-07-01 15:17:23.318,8.293711,False,18.71357,0.8042209,-9.243052,0,0,0,1,0,0,1,False,-1,-1,0,0,0,-1
2026-07-01 15:17:23.353,8.327812,False,18.71354,0.8041797,-9.242973,0,0,0,1,0,0,1,False,-1,-1,0,0,0,-1
2026-07-01 15:17:23.397,8.372652,False,18.71358,0.8042527,-9.242994,0,0,0,1,0,0,1,False,-1,-1,0,0,0,-1
2026-07-01 15:17:23.440,8.415425,False,18.71347,0.804204,-9.243082,0,0,0,1,0,0,1,False,-1,-1,0,0,0,-1
2026-07-01 15:17:23.475,8.449372,False,18.71349,0.8042219,-9.243076,0,0,0,1,0,0,1,False,-1,-1,0,0,0,-1
2026-07-01 15:17:23.519,8.494051,False,18.7135,0.8042623,-9.242989,0,0,0,1,0,0,1,False,-1,-1,0,0,0,-1
2026-07-01 15:17:23.563,8.538034,False,18.71351,0.8042834,-9.243044,0,0,0,1,0,0,1,False,-1,-1,0,0,0,-1
2026-07-01 15:17:23.608,8.58271,False,18.71349,0.8044032,-9.243015,0,0,0,1,0,0,1,False,-1,-1,0,0,0,-1
2026-07-01 15:17:23.652,8.62757,False,18.71361,0.8043544,-9.243,0,0,0,1,0,0,1,False,-1,-1,0,0,0,-1
2026-07-01 15:17:23.696,8.671413,False,18.71367,0.8042365,-9.242796,0,0,0,1,0,0,1,False,-1,-1,0,0,0,-1
2026-07-01 15:17:23.741,8.716105,False,18.71361,0.8042678,-9.242855,0,0,0,1,0,0,1,False,-1,-1,0,0,0,-1
2026-07-01 15:17:23.785,8.759915,False,18.71352,0.8043358,-9.242882,0,0,0,1,0,0,1,False,-1,-1,0,0,0,-1
2026-07-01 15:17:23.819,8.79422,False,18.7135,0.8043514,-9.242785,0,0,0,1,0,0,1,False,-1,-1,0,0,0,-1
2026-07-01 15:17:23.863,8.838211,False,18.71349,0.8044069,-9.242764,0,0,0,1,0,0,1,False,-1,-1,0,0,0,-1
2026-07-01 15:17:23.897,8.871702,False,18.71367,0.8043339,-9.242794,0,0,0,1,0,0,1,False,-1,-1,0,0,0,-1
2026-07-01 15:17:23.941,8.91643,False,18.71362,0.8043113,-9.24291,0,0,0,1,0,0,1,False,-1,-1,0,0,0,-1
2026-07-01 15:17:23.986,8.960322,False,18.71355,0.8042353,-9.242971,0,0,0,1,0,0,1,False,-1,-1,0,0,0,-1
2026-07-01 15:17:24.019,8.994081,False,18.71356,0.8041626,-9.243014,0,0,0,1,0,0,1,False,-1,-1,0,0,0,-1
2026-07-01 15:17:24.062,9.037692,False,18.71349,0.8041667,-9.24294,0,0,0,1,0,0,1,False,-1,-1,0,0,0,-1
2026-07-01 15:17:24.096,9.071489,False,18.71354,0.8042176,-9.242905,0,0,0,1,0,0,1,False,-1,-1,0,0,0,-1
2026-07-01 15:17:24.142,9.116288,False,18.71353,0.8042558,-9.242962,0,0,0,1,0,0,1,False,-1,-1,0,0,0,-1
2026-07-01 15:17:24.185,9.160068,False,18.71347,0.8042377,-9.24287,0,0,0,1,0,0,1,False,-1,-1,0,0,0,-1
2026-07-01 15:17:24.230,9.204467,False,18.71348,0.8042045,-9.242619,0,0,0,1,0,0,1,False,-1,-1,0,0,0,-1
2026-07-01 15:17:24.275,9.249264,False,18.71348,0.8042208,-9.242641,0,0,0,1,0,0,1,False,-1,-1,0,0,0,-1
2026-07-01 15:17:24.317,9.29266,False,18.71345,0.8041859,-9.242618,0,0,0,1,0,0,1,False,-1,-1,0,0,0,-1
2026-07-01 15:17:24.351,9.326,False,18.71352,0.8042424,-9.242658,0,0,0,1,0,0,1,False,-1,-1,0,0,0,-1
2026-07-01 15:17:24.384,9.359649,False,18.71354,0.804234,-9.242619,0,0,0,1,0,0,1,False,-1,-1,0,0,0,-1
2026-07-01 15:17:24.429,9.404796,False,18.71364,0.8042572,-9.242658,0,0,0,1,0,0,1,False,-1,-1,0,0,0,-1
2026-07-01 15:17:24.474,9.44931,False,18.71367,0.8042604,-9.242809,0,0,0,1,0,0,1,False,-1,-1,0,0,0,-1
2026-07-01 15:17:24.518,9.493488,False,18.71368,0.8042306,-9.242891,0,0,0,1,0,0,1,False,-1,-1,0,0,0,-1
2026-07-01 15:17:24.562,9.537091,False,18.7136,0.8042443,-9.242777,0,0,0,1,0,0,1,False,-1,-1,0,0,0,-1
2026-07-01 15:17:24.596,9.571265,False,18.71358,0.8042282,-9.24269,0,0,0,1,0,0,1,False,-1,-1,0,0,0,-1
2026-07-01 15:17:24.641,9.616085,False,18.71358,0.8042387,-9.242553,0,0,0,1,0,0,1,False,-1,-1,0,0,0,-1
2026-07-01 15:17:24.685,9.66005,False,18.71364,0.8042367,-9.24271,0,0,0,1,0,0,1,False,-1,-1,0,0,0,-1
2026-07-01 15:17:24.729,9.70396,False,18.71361,0.8042537,-9.242664,0,0,0,1,0,0,1,False,-1,-1,0,0,0,-1
2026-07-01 15:17:24.762,9.737741,False,18.71358,0.8042163,-9.242653,0,0,0,1,0,0,1,False,-1,-1,0,0,0,-1
2026-07-01 15:17:24.807,9.78178,False,18.71353,0.8042501,-9.242599,0,0,0,1,0,0,1,False,-1,-1,0,0,0,-1
2026-07-01 15:17:24.841,9.816078,False,18.71356,0.8041576,-9.242716,0,0,0,1,0,0,1,False,-1,-1,0,0,0,-1
2026-07-01 15:17:24.885,9.859653,False,18.71357,0.8041463,-9.242741,0,0,0,1,0,0,1,False,-1,-1,0,0,0,-1
2026-07-01 15:17:24.918,9.893596,False,18.71355,0.8041201,-9.242752,0,0,0,1,0,0,1,False,-1,-1,0,0,0,-1
2026-07-01 15:17:24.963,9.937417,False,18.71357,0.8041512,-9.242657,0,0,0,1,0,0,1,False,-1,-1,0,0,0,-1
2026-07-01 15:17:25.006,9.981888,False,18.71352,0.8042008,-9.242598,0,0,0,1,0,0,1,False,-1,-1,0,0,0,-1
2026-07-01 15:17:25.052,10.02651,False,18.71352,0.8042573,-9.242838,0,0,0,1,0,0,1,False,-1,-1,0,0,0,-1
2026-07-01 15:17:25.088,10.06236,False,18.71351,0.8042805,-9.242859,0,0,0,1,0,0,1,False,-1,-1,0,0,0,-1
2026-07-01 15:17:25.128,10.10262,False,18.71356,0.8042692,-9.24286,0,0,0,1,0,0,1,False,-1,-1,0,0,0,-1
2026-07-01 15:17:25.171,10.14631,False,18.7136,0.8042341,-9.242735,0,0,0,1,0,0,1,False,-1,-1,0,0,0,-1
2026-07-01 15:17:25.216,10.19096,False,18.71353,0.8043,-9.242674,0,0,0,1,0,0,1,False,-1,-1,0,0,0,-1
2026-07-01 15:17:25.249,10.22431,False,18.71354,0.8043151,-9.242567,0,0,0,1,0,0,1,False,-1,-1,0,0,0,-1
2026-07-01 15:17:25.283,10.25798,False,18.7136,0.8042587,-9.242522,0,0,0,1,0,0,1,False,-1,-1,0,0,0,-1
2026-07-01 15:17:25.327,10.30182,False,18.71365,0.8042185,-9.242523,0,0,0,1,0,0,1,False,-1,-1,0,0,0,-1
2026-07-01 15:17:25.361,10.33553,False,18.71362,0.8042622,-9.24267,0,0,0,1,0,0,1,False,-1,-1,0,0,0,-1
2026-07-01 15:17:25.405,10.37978,False,18.7136,0.8042712,-9.242657,0,0,0,1,0,0,1,False,-1,-1,0,0,0,-1
2026-07-01 15:17:25.449,10.42391,False,18.71359,0.804289,-9.242708,0,0,0,1,0,0,1,False,-1,-1,0,0,0,-1
2026-07-01 15:17:25.483,10.45878,False,18.71356,0.804297,-9.242655,0,0,0,1,0,0,1,False,-1,-1,0,0,0,-1
2026-07-01 15:17:25.517,10.49238,False,18.71358,0.8042853,-9.242556,0,0,0,1,0,0,1,False,-1,-1,0,0,0,-1
2026-07-01 15:17:25.562,10.53758,False,18.71352,0.8043025,-9.242408,0,0,0,1,0,0,1,False,-1,-1,0,0,0,-1
2026-07-01 15:17:25.607,10.58188,False,18.7135,0.8042687,-9.24229,0,0,0,1,0,0,1,False,-1,-1,0,0,0,-1
2026-07-01 15:17:25.651,10.62653,False,18.71354,0.8042939,-9.242563,0,0,0,1,0,0,1,False,-1,-1,0,0,0,-1
2026-07-01 15:17:25.685,10.66006,False,18.71353,0.8043184,-9.242626,0,0,0,1,0,0,1,False,-1,-1,0,0,0,-1
2026-07-01 15:17:25.730,10.70414,False,18.71357,0.8043473,-9.242672,0,0,0,1,0,0,1,False,-1,-1,0,0,0,-1
2026-07-01 15:17:25.773,10.74746,False,18.71359,0.8042538,-9.242716,0,0,0,1,0,0,1,False,-1,-1,0,0,0,-1
2026-07-01 15:17:25.806,10.78125,False,18.71366,0.8042448,-9.242695,0,0,0,1,0,0,1,False,-1,-1,0,0,0,-1
2026-07-01 15:17:25.840,10.81516,False,18.71368,0.8042004,-9.242686,0,0,0,1,0,0,1,False,-1,-1,0,0,0,-1
2026-07-01 15:17:25.889,10.86313,False,18.7136,0.8042429,-9.242668,0,0,0,1,0,0,1,False,-1,-1,0,0,0,-1
2026-07-01 15:17:25.928,10.90333,False,18.71365,0.8042446,-9.242729,0,0,0,1,0,0,1,False,-1,-1,0,0,0,-1
2026-07-01 15:17:25.962,10.9367,False,18.71362,0.804268,-9.242718,0,0,0,1,0,0,1,False,-1,-1,0,0,0,-1
2026-07-01 15:17:26.013,10.98741,False,18.71356,0.8043188,-9.242519,0,0,0,1,0,0,1,False,-1,-1,0,0,0,-1
2026-07-01 15:17:26.059,11.03306,False,18.71357,0.8043779,-9.242496,0,0,0,1,0,0,1,False,-1,-1,0,0,0,-1
2026-07-01 15:17:26.096,11.07091,False,18.71357,0.8043299,-9.242462,0,0,0,1,0,0,1,False,-1,-1,0,0,0,-1
2026-07-01 15:17:26.132,11.10629,False,18.71356,0.8043536,-9.242509,0,0,0,1,0,0,1,False,-1,-1,0,0,0,-1
2026-07-01 15:17:26.174,11.1478,False,18.71361,0.8043376,-9.242427,0,0,0,1,0,0,1,False,-1,-1,0,0,0,-1
2026-07-01 15:17:26.209,11.18392,False,18.71362,0.8043066,-9.242493,0,0,0,1,0,0,1,False,-1,-1,0,0,0,-1
2026-07-01 15:17:26.248,11.22234,False,18.71359,0.8043205,-9.24242,0,0,0,1,0,0,1,False,-1,-1,0,0,0,-1
2026-07-01 15:17:26.291,11.26549,False,18.71367,0.8043046,-9.242367,0,0,0,1,0,0,1,False,-1,-1,0,0,0,-1
2026-07-01 15:17:26.324,11.2991,False,18.71369,0.804238,-9.242311,0,0,0,1,0,0,1,False,-1,-1,0,0,0,-1
2026-07-01 15:17:26.369,11.3434,False,18.71361,0.8042681,-9.242339,0,0,0,1,0,0,1,False,-1,-1,0,0,0,-1
2026-07-01 15:17:26.403,11.37832,False,18.71358,0.8042558,-9.242444,0,0,0,1,0,0,1,False,-1,-1,0,0,0,-1
2026-07-01 15:17:26.446,11.42103,False,18.71351,0.8041757,-9.242424,0,0,0,1,0,0,1,False,-1,-1,0,0,0,-1
2026-07-01 15:17:26.491,11.46599,False,18.71357,0.804212,-9.242344,0,0,0,1,0,0,1,False,-1,-1,0,0,0,-1
2026-07-01 15:17:26.525,11.49965,False,18.71363,0.8041596,-9.242323,0,0,0,1,0,0,1,False,-1,-1,0,0,0,-1
2026-07-01 15:17:26.568,11.54346,False,18.7136,0.8041133,-9.242592,0,0,0,1,0,0,1,False,-1,-1,0,0,0,-1
2026-07-01 15:17:26.602,11.57739,False,18.71366,0.8041247,-9.242602,0,0,0,1,0,0,1,False,-1,-1,0,0,0,-1
2026-07-01 15:17:26.646,11.62079,False,18.71371,0.8041676,-9.242474,0,0,0,1,0,0,1,False,-1,-1,0,0,0,-1
2026-07-01 15:17:26.681,11.65523,False,18.71369,0.8041385,-9.242502,0,0,0,1,0,0,1,False,-1,-1,0,0,0,-1
2026-07-01 15:17:26.715,11.68988,False,18.71367,0.8041399,-9.242415,0,0,0,1,0,0,1,False,-1,-1,0,0,0,-1
2026-07-01 15:17:26.750,11.72392,False,18.71368,0.8041151,-9.242325,0,0,0,1,0,0,1,False,-1,-1,0,0,0,-1
2026-07-01 15:17:26.783,11.7582,False,18.71367,0.8041272,-9.242304,0,0,0,1,0,0,1,False,-1,-1,0,0,0,-1
2026-07-01 15:17:26.817,11.79171,False,18.71359,0.8041475,-9.242294,0,0,0,1,0,0,1,False,-1,-1,0,0,0,-1
2026-07-01 15:17:26.851,11.82564,False,18.71343,0.804148,-9.242327,0,0,0,1,0,0,1,False,-1,-1,0,0,0,-1
2026-07-01 15:17:26.885,11.85917,False,18.71354,0.8041226,-9.242549,0,0,0,1,0,0,1,False,-1,-1,0,0,0,-1
2026-07-01 15:17:26.918,11.89302,False,18.71356,0.8041707,-9.242651,0,0,0,1,0,0,1,False,-1,-1,0,0,0,-1
2026-07-01 15:17:26.961,11.93612,False,18.71363,0.8042695,-9.24245,0,0,0,1,0,0,1,False,-1,-1,0,0,0,-1
2026-07-01 15:17:26.996,11.96983,False,18.71357,0.8042028,-9.242464,0,0,0,1,0,0,1,False,-1,-1,0,0,0,-1
2026-07-01 15:17:27.029,12.00369,False,18.71359,0.8041975,-9.242472,0,0,0,1,0,0,1,False,-1,-1,0,0,0,-1
2026-07-01 15:17:27.073,12.04787,False,18.7136,0.8041544,-9.242422,0,0,0,1,0,0,1,False,-1,-1,0,0,0,-1
2026-07-01 15:17:27.119,12.09322,False,18.71356,0.8042421,-9.242571,0,0,0,1,0,0,1,False,-1,-1,0,0,0,-1
2026-07-01 15:17:27.161,12.13642,False,18.71353,0.8043228,-9.242456,0,0,0,1,0,0,1,False,-1,-1,0,0,0,-1
2026-07-01 15:17:27.196,12.17067,False,18.71357,0.8042682,-9.242445,0,0,0,1,0,0,1,False,-1,-1,0,0,0,-1
2026-07-01 15:17:27.239,12.21409,False,18.71353,0.8042123,-9.242281,0,0,0,1,0,0,1,False,-1,-1,0,0,0,-1
2026-07-01 15:17:27.273,12.24768,False,18.71354,0.8042304,-9.24218,0,0,0,1,0,0,1,False,-1,-1,0,0,0,-1
2026-07-01 15:17:27.306,12.28107,False,18.71357,0.8042125,-9.242349,0,0,0,1,0,0,1,False,-1,-1,0,0,0,-1
2026-07-01 15:17:27.341,12.31526,False,18.71365,0.8042471,-9.242445,0,0,0,1,0,0,1,False,-1,-1,0,0,0,-1
2026-07-01 15:17:27.384,12.35914,False,18.71371,0.804202,-9.242414,0,0,0,1,0,0,1,False,-1,-1,0,0,0,-1
2026-07-01 15:17:27.429,12.40359,False,18.71361,0.8042138,-9.24241,0,0,0,1,0,0,1,False,-1,-1,0,0,0,-1
2026-07-01 15:17:27.473,12.44785,False,18.71351,0.8041902,-9.242405,0,0,0,1,0,0,1,False,-1,-1,0,0,0,-1
2026-07-01 15:17:27.508,12.48218,False,18.71354,0.8042359,-9.242558,0,0,0,1,0,0,1,False,-1,-1,0,0,0,-1
2026-07-01 15:17:27.541,12.51662,False,18.71351,0.804244,-9.242534,0,0,0,1,0,0,1,False,-1,-1,0,0,0,-1
2026-07-01 15:17:27.584,12.55907,False,18.71356,0.804267,-9.242502,0,0,0,1,0,0,1,False,-1,-1,0,0,0,-1
2026-07-01 15:17:27.628,12.60226,False,18.71359,0.804207,-9.24247,0,0,0,1,0,0,1,False,-1,-1,0,0,0,-1
2026-07-01 15:17:27.661,12.63621,False,18.71361,0.8042329,-9.242352,0,0,0,1,0,0,1,False,-1,-1,0,0,0,-1
2026-07-01 15:17:27.705,12.68033,False,18.7136,0.8042565,-9.242201,0,0,0,1,0,0,1,False,-1,-1,0,0,0,-1
2026-07-01 15:17:27.739,12.71374,False,18.71362,0.8042518,-9.242115,0,0,0,1,0,0,1,False,-1,-1,0,0,0,-1
2026-07-01 15:17:27.784,12.75806,False,18.71362,0.8043227,-9.242239,0,0,0,1,0,0,1,False,-1,-1,0,0,0,-1
2026-07-01 15:17:27.827,12.80221,False,18.71367,0.8042598,-9.242196,0,0,0,1,0,0,1,False,-1,-1,0,0,0,-1
2026-07-01 15:17:27.861,12.83588,False,18.71367,0.8042323,-9.242414,0,0,0,1,0,0,1,False,-1,-1,0,0,0,-1
2026-07-01 15:17:27.895,12.86933,False,18.71366,0.8042342,-9.2425,0,0,0,1,0,0,1,False,-1,-1,0,0,0,-1
2026-07-01 15:17:27.927,12.90292,False,18.71362,0.8042983,-9.242513,0,0,0,1,0,0,1,False,-1,-1,0,0,0,-1
2026-07-01 15:17:27.967,12.94128,False,18.71363,0.804351,-9.242452,0,0,0,1,0,0,1,False,-1,-1,0,0,0,-1
2026-07-01 15:17:28.007,12.98084,False,18.71363,0.8043989,-9.242272,0,0,0,1,0,0,1,False,-1,-1,0,0,0,-1
2026-07-01 15:17:28.050,13.02505,False,18.71368,0.8043546,-9.242188,0,0,0,1,0,0,1,False,-1,-1,0,0,0,-1
2026-07-01 15:17:28.096,13.06982,False,18.71359,0.8042789,-9.242252,0,0,0,1,0,0,1,False,-1,-1,0,0,0,-1
2026-07-01 15:17:28.140,13.11396,False,18.71364,0.8042513,-9.242437,0,0,0,1,0,0,1,False,-1,-1,0,0,0,-1
2026-07-01 15:17:28.184,13.15906,False,18.71353,0.8042334,-9.242365,0,0,0,1,0,0,1,False,-1,-1,0,0,0,-1
2026-07-01 15:17:28.218,13.19254,False,18.71348,0.8042585,-9.24226,0,0,0,1,0,0,1,False,-1,-1,0,0,0,-1
2026-07-01 15:17:28.262,13.23674,False,18.71367,0.8042716,-9.242216,0,0,0,1,0,0,1,False,-1,-1,0,0,0,-1
2026-07-01 15:17:28.306,13.28015,False,18.71368,0.804256,-9.242126,0,0,0,1,0,0,1,False,-1,-1,0,0,0,-1
2026-07-01 15:17:28.350,13.3241,False,18.7137,0.8043472,-9.242207,0,0,0,1,0,0,1,False,-1,-1,0,0,0,-1
2026-07-01 15:17:28.383,13.35838,False,18.71365,0.8042896,-9.242136,0,0,0,1,0,0,1,False,-1,-1,0,0,0,-1
2026-07-01 15:17:28.428,13.40275,False,18.71369,0.8042745,-9.242172,0,0,0,1,0,0,1,False,-1,-1,0,0,0,-1
2026-07-01 15:17:28.473,13.44801,False,18.71359,0.804279,-9.242198,0,0,0,1,0,0,1,False,-1,-1,0,0,0,-1
2026-07-01 15:17:28.507,13.48216,False,18.71355,0.8042002,-9.242203,0,0,0,1,0,0,1,False,-1,-1,0,0,0,-1
2026-07-01 15:17:28.541,13.51599,False,18.71362,0.8043309,-9.242034,0,0,0,1,0,0,1,False,-1,-1,0,0,0,-1
2026-07-01 15:17:28.584,13.5579,False,18.71358,0.8044036,-9.241973,0,0,0,1,0,0,1,False,-1,-1,0,0,0,-1
2026-07-01 15:17:28.619,13.5935,False,18.71358,0.8044926,-9.242014,0,0,0,1,0,0,1,False,-1,-1,0,0,0,-1
2026-07-01 15:17:28.662,13.63619,False,18.7137,0.8044233,-9.242073,0,0,0,1,0,0,1,False,-1,-1,0,0,0,-1
2026-07-01 15:17:28.707,13.6816,False,18.71359,0.8044485,-9.242049,0,0,0,1,0,0,1,False,-1,-1,0,0,0,-1
2026-07-01 15:17:28.741,13.71577,False,18.71358,0.8044567,-9.242085,0,0,0,1,0,0,1,False,-1,-1,0,0,0,-1
2026-07-01 15:17:28.783,13.75815,False,18.71361,0.8044487,-9.242016,0,0,0,1,0,0,1,False,-1,-1,0,0,0,-1
2026-07-01 15:17:28.829,13.80345,False,18.71359,0.804428,-9.242018,0,0,0,1,0,0,1,False,-1,-1,0,0,0,-1
2026-07-01 15:17:28.862,13.83687,False,18.71365,0.8043622,-9.242064,0,0,0,1,0,0,1,False,-1,-1,0,0,0,-1
2026-07-01 15:17:28.908,13.88201,False,18.71366,0.8043708,-9.242158,0,0,0,1,0,0,1,False,-1,-1,0,0,0,-1
2026-07-01 15:17:28.950,13.92474,False,18.71359,0.8043644,-9.242182,0,0,0,1,0,0,1,False,-1,-1,0,0,0,-1
2026-07-01 15:17:28.994,13.96904,False,18.71354,0.8042849,-9.242231,0,0,0,1,0,0,1,False,-1,-1,0,0,0,-1
2026-07-01 15:17:29.030,14.0041,False,18.71357,0.8043754,-9.242195,0,0,0,1,0,0,1,False,-1,-1,0,0,0,-1
2026-07-01 15:17:29.073,14.04761,False,18.71367,0.8043286,-9.242207,0,0,0,1,0,0,1,False,-1,-1,0,0,0,-1
2026-07-01 15:17:29.117,14.09137,False,18.71368,0.8044291,-9.242168,0,0,0,1,0,0,1,False,-1,-1,0,0,0,-1
2026-07-01 15:17:29.150,14.12476,False,18.71369,0.8043938,-9.242167,0,0,0,1,0,0,1,False,-1,-1,0,0,0,-1
2026-07-01 15:17:29.194,14.16853,False,18.71358,0.804394,-9.242109,0,0,0,1,0,0,1,False,-1,-1,0,0,0,-1
2026-07-01 15:17:29.240,14.21429,False,18.71356,0.8043386,-9.242025,0,0,0,1,0,0,1,False,-1,-1,0,0,0,-1
2026-07-01 15:17:29.284,14.25831,False,18.71352,0.8043358,-9.24201,0,0,0,1,0,0,1,False,-1,-1,0,0,0,-1
2026-07-01 15:17:29.327,14.30128,False,18.71358,0.8043611,-9.241987,0,0,0,1,0,0,1,False,-1,-1,0,0,0,-1
2026-07-01 15:17:29.362,14.33745,False,18.71359,0.8043412,-9.241994,0,0,0,1,0,0,1,False,-1,-1,0,0,0,-1
2026-07-01 15:17:29.405,14.37957,False,18.71362,0.8043215,-9.242011,0,0,0,1,0,0,1,False,-1,-1,0,0,0,-1
2026-07-01 15:17:29.449,14.42354,False,18.7136,0.8043638,-9.24194,0,0,0,1,0,0,1,False,-1,-1,0,0,0,-1
2026-07-01 15:17:29.483,14.45802,False,18.71367,0.8043349,-9.242008,0,0,0,1,0,0,1,False,-1,-1,0,0,0,-1
2026-07-01 15:17:29.528,14.50305,False,18.71378,0.8043014,-9.242001,0,0,0,1,0,0,1,False,-1,-1,0,0,0,-1
2026-07-01 15:17:29.574,14.54838,False,18.71375,0.8042472,-9.241907,0,0,0,1,0,0,1,False,-1,-1,0,0,0,-1
2026-07-01 15:17:29.616,14.59114,False,18.71366,0.8042423,-9.242019,0,0,0,1,0,0,1,False,-1,-1,0,0,0,-1
2026-07-01 15:17:29.661,14.63579,False,18.71369,0.8043128,-9.241915,0,0,0,1,0,0,1,False,-1,-1,0,0,0,-1
2026-07-01 15:17:29.695,14.66922,False,18.71369,0.804302,-9.241896,0,0,0,1,0,0,1,False,-1,-1,0,0,0,-1
2026-07-01 15:17:29.739,14.71336,False,18.71366,0.8043475,-9.241827,0,0,0,1,0,0,1,False,-1,-1,0,0,0,-1
2026-07-01 15:17:29.773,14.74718,False,18.71365,0.8043225,-9.241861,0,0,0,1,0,0,1,False,-1,-1,0,0,0,-1
2026-07-01 15:17:29.816,14.79077,False,18.71365,0.804315,-9.242033,0,0,0,1,0,0,1,False,-1,-1,0,0,0,-1
2026-07-01 15:17:29.862,14.83594,False,18.71371,0.8043492,-9.242002,0,0,0,1,0,0,1,False,-1,-1,0,0,0,-1
2026-07-01 15:17:29.905,14.87953,False,18.71373,0.8043114,-9.24188,0,0,0,1,0,0,1,False,-1,-1,0,0,0,-1
2026-07-01 15:17:29.940,14.91439,False,18.7136,0.8044372,-9.242023,0,0,0,1,0,0,1,False,-1,-1,0,0,0,-1
2026-07-01 15:17:29.982,14.95687,False,18.71346,0.8045043,-9.241916,0,0,0,1,0,0,1,False,-1,-1,0,0,0,-1
2026-07-01 15:17:30.015,14.99029,False,18.71353,0.8044682,-9.241964,0,0,0,1,0,0,1,False,-1,-1,0,0,0,-1
2026-07-01 15:17:30.052,15.02612,False,18.71369,0.8044502,-9.241928,0,0,0,1,0,0,1,False,-1,-1,0,0,0,-1
2026-07-01 15:17:30.093,15.06837,False,18.71374,0.8044469,-9.242085,0,0,0,1,0,0,1,False,-1,-1,0,0,0,-1
2026-07-01 15:17:30.139,15.11323,False,18.71371,0.8043594,-9.242163,0,0,0,1,0,0,1,False,-1,-1,0,0,0,-1
2026-07-01 15:17:30.182,15.15692,False,18.7137,0.804261,-9.242103,0,0,0,1,0,0,1,False,-1,-1,0,0,0,-1
2026-07-01 15:17:30.216,15.19062,False,18.71361,0.8042405,-9.242025,0,0,0,1,0,0,1,False,-1,-1,0,0,0,-1
2026-07-01 15:17:30.260,15.23479,False,18.71359,0.804351,-9.241921,0,0,0,1,0,0,1,False,-1,-1,0,0,0,-1
2026-07-01 15:17:30.294,15.26882,False,18.71363,0.8044019,-9.242008,0,0,0,1,0,0,1,False,-1,-1,0,0,0,-1
2026-07-01 15:17:30.339,15.31302,False,18.71362,0.8043724,-9.241976,0,0,0,1,0,0,1,False,-1,-1,0,0,0,-1
2026-07-01 15:17:30.384,15.35785,False,18.71365,0.804362,-9.242115,0,0,0,1,0,0,1,False,-1,-1,0,0,0,-1
2026-07-01 15:17:30.428,15.40206,False,18.71361,0.8043818,-9.24205,0,0,0,1,0,0,1,False,-1,-1,0,0,0,-1
2026-07-01 15:17:30.472,15.44616,False,18.71345,0.8043775,-9.241937,0,0,0,1,0,0,1,False,-1,-1,0,0,0,-1
2026-07-01 15:17:30.523,15.49057,False,18.7135,0.8043455,-9.241981,0,0,0,1,0,0,1,False,-1,-1,0,0,0,-1
2026-07-01 15:17:30.559,15.53341,False,18.71352,0.8043577,-9.24189,0,0,0,1,0,0,1,False,-1,-1,0,0,0,-1
2026-07-01 15:17:30.594,15.56787,False,18.71355,0.8043942,-9.241923,0,0,0,1,0,0,1,False,-1,-1,0,0,0,-1
2026-07-01 15:17:30.637,15.61215,False,18.71356,0.804374,-9.241997,0,0,0,1,0,0,1,False,-1,-1,0,0,0,-1
2026-07-01 15:17:30.672,15.64586,False,18.71359,0.8043644,-9.242047,0,0,0,1,0,0,1,False,-1,-1,0,0,0,-1
2026-07-01 15:17:30.716,15.68973,False,18.71364,0.8042771,-9.241942,0,0,0,1,0,0,1,False,-1,-1,0,0,0,-1
2026-07-01 15:17:30.760,15.73421,False,18.7135,0.8043643,-9.241884,0,0,0,1,0,0,1,False,-1,-1,0,0,0,-1
2026-07-01 15:17:30.795,15.7693,False,18.71357,0.8043174,-9.241957,0,0,0,1,0,0,1,False,-1,-1,0,0,0,-1
2026-07-01 15:17:30.837,15.81143,False,18.71359,0.8042763,-9.241917,0,0,0,1,0,0,1,False,-1,-1,0,0,0,-1
2026-07-01 15:17:30.871,15.84517,False,18.71366,0.8042036,-9.242008,0,0,0,1,0,0,1,False,-1,-1,0,0,0,-1
2026-07-01 15:17:30.904,15.87861,False,18.7137,0.8041992,-9.241999,0,0,0,1,0,0,1,False,-1,-1,0,0,0,-1
2026-07-01 15:17:30.938,15.91288,False,18.71371,0.8042506,-9.242064,0,0,0,1,0,0,1,False,-1,-1,0,0,0,-1
2026-07-01 15:17:30.983,15.95705,False,18.71373,0.8042835,-9.241962,0,0,0,1,0,0,1,False,-1,-1,0,0,0,-1
2026-07-01 15:17:31.027,16.00173,False,18.71371,0.8043444,-9.241972,0,0,0,1,0,0,1,False,-1,-1,0,0,0,-1
2026-07-01 15:17:31.072,16.04618,False,18.71366,0.8043719,-9.242126,0,0,0,1,0,0,1,False,-1,-1,0,0,0,-1
2026-07-01 15:17:31.106,16.08138,False,18.71365,0.8043755,-9.242109,0,0,0,1,0,0,1,False,-1,-1,0,0,0,-1
2026-07-01 15:17:31.149,16.12365,False,18.71372,0.8043761,-9.242026,0,0,0,1,0,0,1,False,-1,-1,0,0,0,-1
2026-07-01 15:17:31.196,16.17008,False,18.71369,0.8043856,-9.241968,0,0,0,1,0,0,1,False,-1,-1,0,0,0,-1
2026-07-01 15:17:31.238,16.21284,False,18.7137,0.8044433,-9.241968,0,0,0,1,0,0,1,False,-1,-1,0,0,0,-1
2026-07-01 15:17:31.273,16.24659,False,18.71366,0.8043782,-9.242029,0,0,0,1,0,0,1,False,-1,-1,0,0,0,-1
2026-07-01 15:17:31.306,16.28109,False,18.71358,0.8043614,-9.241983,0,0,0,1,0,0,1,False,-1,-1,0,0,0,-1
2026-07-01 15:17:31.348,16.32317,False,18.71355,0.8043802,-9.241741,0,0,0,1,0,0,1,False,-1,-1,0,0,0,-1
2026-07-01 15:17:31.383,16.35656,False,18.7136,0.8043994,-9.241756,0,0,0,1,0,0,1,False,-1,-1,0,0,0,-1
2026-07-01 15:17:31.416,16.39068,False,18.71357,0.8044112,-9.241785,0,0,0,1,0,0,1,False,-1,-1,0,0,0,-1
2026-07-01 15:17:31.463,16.43786,False,18.71361,0.8044108,-9.241642,0,0,0,1,0,0,1,False,-1,-1,0,0,0,-1
2026-07-01 15:17:31.505,16.47857,False,18.71358,0.8043964,-9.241728,0,0,0,1,0,0,1,False,-1,-1,0,0,0,-1
2026-07-01 15:17:31.547,16.52162,False,18.7136,0.8043566,-9.241764,0,0,0,1,0,0,1,False,-1,-1,0,0,0,-1
2026-07-01 15:17:31.592,16.56548,False,18.71356,0.8044495,-9.241921,0,0,0,1,0,0,1,False,-1,-1,0,0,0,-1
2026-07-01 15:17:31.627,16.60064,False,18.71365,0.8044701,-9.241797,0,0,0,1,0,0,1,False,-1,-1,0,0,0,-1
2026-07-01 15:17:31.660,16.63442,False,18.71371,0.8043984,-9.241885,0,0,0,1,0,0,1,False,-1,-1,0,0,0,-1
2026-07-01 15:17:31.701,16.67623,False,18.71359,0.8043616,-9.241856,0,0,0,1,0,0,1,False,-1,-1,0,0,0,-1
2026-07-01 15:17:31.737,16.71029,False,18.71362,0.8044057,-9.241714,0,0,0,1,0,0,1,False,-1,-1,0,0,0,-1
2026-07-01 15:17:31.769,16.74377,False,18.7136,0.8043976,-9.241738,0,0,0,1,0,0,1,False,-1,-1,0,0,0,-1
2026-07-01 15:17:31.814,16.78809,False,18.71359,0.8043875,-9.241788,0,0,0,1,0,0,1,False,-1,-1,0,0,0,-1
2026-07-01 15:17:31.849,16.82298,False,18.71369,0.8042685,-9.24174,0,0,0,1,0,0,1,False,-1,-1,0,0,0,-1
2026-07-01 15:17:31.893,16.86711,False,18.71365,0.8042201,-9.241734,0,0,0,1,0,0,1,False,-1,-1,0,0,0,-1
2026-07-01 15:17:31.935,16.90994,False,18.71361,0.8043284,-9.241716,0,0,0,1,0,0,1,False,-1,-1,0,0,0,-1
2026-07-01 15:17:31.970,16.94393,False,18.71359,0.8042499,-9.241723,0,0,0,1,0,0,1,False,-1,-1,0,0,0,-1
2026-07-01 15:17:32.004,16.97785,False,18.71358,0.8042927,-9.241837,0,0,0,1,0,0,1,False,-1,-1,0,0,0,-1
2026-07-01 15:17:32.048,17.02233,False,18.7136,0.8042658,-9.241943,0,0,0,1,0,0,1,False,-1,-1,0,0,0,-1
2026-07-01 15:17:32.082,17.05651,False,18.71363,0.8042152,-9.241924,0,0,0,1,0,0,1,False,-1,-1,0,0,0,-1
2026-07-01 15:17:32.116,17.08991,False,18.71366,0.8042139,-9.241936,0,0,0,1,0,0,1,False,-1,-1,0,0,0,-1
2026-07-01 15:17:32.151,17.12532,False,18.71364,0.8043193,-9.241884,0,0,0,1,0,0,1,False,-1,-1,0,0,0,-1
2026-07-01 15:17:32.193,17.16725,False,18.71362,0.8043594,-9.241835,0,0,0,1,0,0,1,False,-1,-1,0,0,0,-1
2026-07-01 15:17:32.227,17.20138,False,18.71356,0.8043715,-9.241564,0,0,0,1,0,0,1,False,-1,-1,0,0,0,-1
2026-07-01 15:17:32.272,17.24536,False,18.7135,0.804359,-9.241757,0,0,0,1,0,0,1,False,-1,-1,0,0,0,-1
2026-07-01 15:17:32.306,17.2794,False,18.71352,0.8042669,-9.241882,0,0,0,1,0,0,1,False,-1,-1,0,0,0,-1
2026-07-01 15:17:32.348,17.32272,False,18.71363,0.8043759,-9.241884,0,0,0,1,0,0,1,False,-1,-1,0,0,0,-1
2026-07-01 15:17:32.383,17.35736,False,18.71366,0.8043708,-9.241762,0,0,0,1,0,0,1,False,-1,-1,0,0,0,-1
2026-07-01 15:17:32.425,17.39984,False,18.7136,0.8044682,-9.241718,0,0,0,1,0,0,1,False,-1,-1,0,0,0,-1
2026-07-01 15:17:32.459,17.43351,False,18.71364,0.8044049,-9.24171,0,0,0,1,0,0,1,False,-1,-1,0,0,0,-1
2026-07-01 15:17:32.494,17.46872,False,18.71358,0.8044331,-9.24159,0,0,0,1,0,0,1,False,-1,-1,0,0,0,-1
2026-07-01 15:17:32.539,17.5126,False,18.71362,0.8043982,-9.241703,0,0,0,1,0,0,1,False,-1,-1,0,0,0,-1
2026-07-01 15:17:32.583,17.55685,False,18.71367,0.8043902,-9.241659,0,0,0,1,0,0,1,False,-1,-1,0,0,0,-1
2026-07-01 15:17:32.627,17.60114,False,18.71368,0.8044033,-9.241555,0,0,0,1,0,0,1,False,-1,-1,0,0,0,-1
2026-07-01 15:17:32.660,17.63482,False,18.71366,0.804406,-9.241668,0,0,0,1,0,0,1,False,-1,-1,0,0,0,-1
2026-07-01 15:17:32.703,17.67733,False,18.71367,0.8044257,-9.241814,0,0,0,1,0,0,1,False,-1,-1,0,0,0,-1
2026-07-01 15:17:32.737,17.71118,False,18.71365,0.8044907,-9.241804,0,0,0,1,0,0,1,False,-1,-1,0,0,0,-1
2026-07-01 15:17:32.770,17.74489,False,18.71364,0.8044454,-9.241661,0,0,0,1,0,0,1,False,-1,-1,0,0,0,-1
2026-07-01 15:17:32.815,17.78848,False,18.71366,0.804426,-9.241617,0,0,0,1,0,0,1,False,-1,-1,0,0,0,-1
2026-07-01 15:17:32.848,17.82195,False,18.71369,0.8044253,-9.241669,0,0,0,1,0,0,1,False,-1,-1,0,0,0,-1
2026-07-01 15:17:32.882,17.8559,False,18.7137,0.8044168,-9.241707,0,0,0,1,0,0,1,False,-1,-1,0,0,0,-1
2026-07-01 15:17:32.926,17.9002,False,18.71372,0.8044363,-9.241722,0,0,0,1,0,0,1,False,-1,-1,0,0,0,-1
2026-07-01 15:17:32.971,17.94513,False,18.71351,0.8045035,-9.241655,0,0,0,1,0,0,1,False,-1,-1,0,0,0,-1
2026-07-01 15:17:33.015,17.98884,False,18.71364,0.8044792,-9.241593,0,0,0,1,0,0,1,False,-1,-1,0,0,0,-1
2026-07-01 15:17:33.060,18.03364,False,18.71355,0.8044489,-9.241868,0,0,0,1,0,0,1,False,-1,-1,0,0,0,-1
2026-07-01 15:17:33.104,18.078,False,18.71359,0.8044078,-9.24156,0,0,0,1,0,0,1,False,-1,-1,0,0,0,-1
2026-07-01 15:17:33.138,18.11166,False,18.71353,0.8043981,-9.241524,0,0,0,1,0,0,1,False,-1,-1,0,0,0,-1
2026-07-01 15:17:33.181,18.15468,False,18.71341,0.804494,-9.241449,0,0,0,1,0,0,1,False,-1,-1,0,0,0,-1
2026-07-01 15:17:33.216,18.1896,False,18.71334,0.8044679,-9.241473,0,0,0,1,0,0,1,False,-1,-1,0,0,0,-1
2026-07-01 15:17:33.259,18.23309,False,18.71348,0.8043689,-9.241562,0,0,0,1,0,0,1,False,-1,-1,0,0,0,-1
2026-07-01 15:17:33.303,18.27712,False,18.71337,0.8045698,-9.240778,0,0,0,1,0,0,1,False,-1,-1,0,0,0,-1
2026-07-01 15:17:33.337,18.31121,False,18.71329,0.8041519,-9.241003,0,0,0,1,0,0,1,False,-1,-1,0,0,0,-1
2026-07-01 15:17:33.371,18.34474,False,18.71144,0.804075,-9.240145,0,0,0,1,0,0,1,False,-1,-1,0,0,0,-1
2026-07-01 15:17:36.438,18.69132,False,18.75324,0.8068032,-9.235882,0,0,0,1,0,0,1,False,-1,-1,0,0,0,-1
2026-07-01 15:17:36.496,18.74874,False,18.75907,0.8083693,-9.239101,0,0,0,1,0,0,1,False,-1,-1,0,0,0,-1
2026-07-01 15:17:36.540,18.79199,False,18.76363,0.8090339,-9.2399,0,0,0,1,0,0,1,False,-1,-1,0,0,0,-1
2026-07-01 15:17:36.581,18.8327,False,18.76775,0.8096867,-9.239752,0,0,0,1,0,0,1,False,-1,-1,0,0,0,-1
2026-07-01 15:17:36.626,18.87869,False,18.77103,0.8095859,-9.238756,0,0,0,1,0,0,1,False,-1,-1,0,0,0,-1
2026-07-01 15:17:36.670,18.92273,False,18.77353,0.8094704,-9.23746,0,0,0,1,0,0,1,False,-1,-1,0,0,0,-1
2026-07-01 15:17:36.706,18.95881,False,18.77441,0.8093788,-9.236557,0,0,0,1,0,0,1,False,-1,-1,0,0,0,-1
2026-07-01 15:17:36.747,18.99922,False,18.77408,0.8088967,-9.235103,0,0,0,1,0,0,1,False,-1,-1,0,0,0,-1
2026-07-01 15:17:36.790,19.04136,False,18.77234,0.8082453,-9.233997,0,0,0,1,0,0,1,False,-1,-1,0,0,0,-1
2026-07-01 15:17:36.833,19.08358,False,18.77004,0.8074288,-9.232893,0,0,0,1,0,0,1,False,-1,-1,0,0,0,-1
2026-07-01 15:17:36.877,19.12747,False,18.76796,0.8070061,-9.231952,0,0,0,1,0,0,1,False,-1,-1,0,0,0,-1
2026-07-01 15:17:36.919,19.17231,False,18.76536,0.8058562,-9.230562,0,0,0,1,0,0,1,False,-1,-1,0,0,0,-1
2026-07-01 15:17:36.962,19.21475,False,18.76154,0.8052946,-9.229809,0,0,0,1,0,0,1,False,-1,-1,0,0,0,-1
2026-07-01 15:17:37.023,19.2744,False,18.75797,0.8046384,-9.230206,0,0,0,1,0,0,1,False,-1,-1,0,0,0,-1
2026-07-01 15:17:37.059,19.30976,False,18.75813,0.8050205,-9.230871,0,0,0,1,0,0,1,False,-1,-1,0,0,0,-1
2026-07-01 15:17:37.120,19.3751,False,18.75941,0.8051446,-9.231791,0,0,0,1,0,0,1,False,-1,-1,0,0,0,-1
2026-07-01 15:17:37.158,19.40964,False,18.75943,0.8054555,-9.232132,0,0,0,1,0,0,1,False,-1,-1,0,0,0,-1
2026-07-01 15:17:37.223,19.47468,False,18.75787,0.8048804,-9.232582,0,0,0,1,0,0,1,False,-1,-1,0,0,0,-1
2026-07-01 15:17:37.257,19.50896,False,18.75734,0.8051105,-9.231834,0,0,0,1,0,0,1,False,-1,-1,0,0,0,-1
2026-07-01 15:17:37.324,19.57418,False,18.75801,0.8046653,-9.230338,0,0,0,1,0,0,1,False,-1,-1,0,0,0,-1
2026-07-01 15:17:37.358,19.6083,False,18.75774,0.8048793,-9.229799,0,0,0,1,0,0,1,False,-1,-1,0,0,0,-1
2026-07-01 15:17:37.394,19.64372,False,18.75661,0.8046007,-9.229655,0,0,0,1,0,0,1,False,-1,-1,0,0,0,-1
2026-07-01 15:17:37.454,19.70733,False,18.75559,0.8044866,-9.230265,0,0,0,1,0,0,1,False,-1,-1,0,0,0,-1
2026-07-01 15:17:37.481,19.74116,False,18.75575,0.8047012,-9.23094,0,0,0,1,0,0,1,False,-1,-1,0,0,0,-1
2026-07-01 15:17:37.542,19.80145,False,18.75573,0.8048922,-9.231739,0,0,0,1,0,0,1,False,-1,-1,0,0,0,-1
2026-07-01 15:17:37.576,19.83493,False,18.75505,0.8048705,-9.231979,0,0,0,1,0,0,1,False,-1,-1,0,0,0,-1
2026-07-01 15:17:38.284,20.16826,False,18.74853,0.8152477,-9.229992,0,0,0,1,0,0,1,False,-1,-1,0,0,0,-1
2026-07-01 15:17:38.320,20.20587,False,18.74575,0.8221924,-9.230125,0,0,0,1,0,0,1,False,-1,-1,0,0,0,-1
2026-07-01 15:17:38.364,20.24957,False,18.74142,0.830277,-9.231035,0,0,0,1,0,0,1,False,-1,-1,0,0,0,-1
2026-07-01 15:17:38.410,20.29543,False,18.73549,0.8377293,-9.234614,0,0,0,1,0,0,1,False,-1,-1,0,0,0,-1
2026-07-01 15:17:38.454,20.33912,False,18.73032,0.8455563,-9.238247,0,0,0,1,0,0,1,False,-1,-1,0,0,0,-1
2026-07-01 15:17:38.498,20.38385,False,18.72619,0.8532983,-9.241959,0,0,0,1,0,0,1,False,-1,-1,0,0,0,-1
2026-07-01 15:17:38.542,20.42772,False,18.72351,0.8600588,-9.245642,0,0,0,1,0,0,1,False,-1,-1,0,0,0,-1
2026-07-01 15:17:38.587,20.47243,False,18.72342,0.8647109,-9.250181,0,0,0,1,0,0,1,False,-1,-1,0,0,0,-1
2026-07-01 15:17:38.636,20.52018,False,18.72467,0.8654069,-9.25436,0,0,0,1,0,0,1,False,-1,-1,0,0,0,-1
2026-07-01 15:17:38.672,20.55869,False,18.72727,0.8634315,-9.256601,0,0,0,1,0,0,1,False,-1,-1,0,0,0,-1
2026-07-01 15:17:38.717,20.60298,False,18.73192,0.8577713,-9.256249,0,0,0,1,0,0,1,False,-1,-1,0,0,0,-1
2026-07-01 15:17:38.762,20.6475,False,18.73601,0.8525252,-9.254374,0,0,0,1,0,0,1,False,-1,-1,0,0,0,-1
2026-07-01 15:17:38.807,20.69182,False,18.7416,0.8499843,-9.251266,0,0,0,1,0,0,1,False,-1,-1,0,0,0,-1
2026-07-01 15:17:38.851,20.7365,False,18.74812,0.8466853,-9.24531,0,0,0,1,0,0,1,False,-1,-1,0,0,0,-1
2026-07-01 15:17:38.895,20.78048,False,18.75277,0.8444089,-9.235921,0,0,0,1,0,0,1,False,-1,-1,0,0,0,-1
2026-07-01 15:17:38.940,20.8252,False,18.7502,0.8402742,-9.228027,0,0,0,1,0,0,1,False,-1,-1,0,0,0,-1
2026-07-01 15:17:38.985,20.86997,False,18.74434,0.831839,-9.229379,0,0,0,1,0,0,1,False,-1,-1,0,0,0,-1
2026-07-01 15:17:39.041,20.92617,False,18.73944,0.8222005,-9.230679,0,0,0,1,0,0,1,False,-1,-1,0,0,0,-1
2026-07-01 15:17:39.085,20.97104,False,18.74071,0.8201414,-9.227779,0,0,0,1,0,0,1,False,-1,-1,0,0,0,-1
2026-07-01 15:17:39.130,21.01551,False,18.7439,0.8153748,-9.225275,0,0,0,1,0,0,1,False,-1,-1,0,0,0,-1
2026-07-01 15:17:39.175,21.06024,False,18.74339,0.8075333,-9.223764,0,0,0,1,0,0,1,False,-1,-1,0,0,0,-1
2026-07-01 15:17:39.220,21.10499,False,18.74051,0.8061289,-9.222624,0,0,0,1,0,0,1,False,-1,-1,0,0,0,-1
2026-07-01 15:17:39.264,21.14967,False,18.74189,0.8075296,-9.221873,0,0,0,1,0,0,1,False,-1,-1,0,0,0,-1
2026-07-01 15:17:39.309,21.19488,False,18.7437,0.8064128,-9.222864,0,0,0,1,0,0,1,False,-1,-1,0,0,0,-1
2026-07-01 15:17:39.354,21.23973,False,18.74337,0.8044504,-9.221888,0,0,0,1,0,0,1,False,-1,-1,0,0,0,-1
2026-07-01 15:17:39.400,21.28501,False,18.74348,0.8028464,-9.220325,0,0,0,1,0,0,1,False,-1,-1,0,0,0,-1
2026-07-01 15:17:39.446,21.33074,False,18.74521,0.8029935,-9.220268,0,0,0,1,0,0,1,False,-1,-1,0,0,0,-1
2026-07-01 15:17:39.489,21.37423,False,18.74692,0.8036548,-9.220558,0,0,0,1,0,0,1,False,-1,-1,0,0,0,-1
2026-07-01 15:17:39.533,21.41865,False,18.74651,0.8033262,-9.220451,0,0,0,1,0,0,1,False,-1,-1,0,0,0,-1
2026-07-01 15:17:39.578,21.46272,False,18.74652,0.8032749,-9.220623,0,0,0,1,0,0,1,False,-1,-1,0,0,0,-1
2026-07-01 15:17:39.611,21.49665,False,18.74823,0.8031245,-9.220474,0,0,0,1,0,0,1,False,-1,-1,0,0,0,-1
2026-07-01 15:17:39.657,21.54188,False,18.74871,0.8032684,-9.220921,0,0,0,1,0,0,1,False,-1,-1,0,0,0,-1
2026-07-01 15:17:39.700,21.58491,False,18.74947,0.803216,-9.220495,0,0,0,1,0,0,1,False,-1,-1,0,0,0,-1
2026-07-01 15:17:39.734,21.61959,False,18.75083,0.8031626,-9.21946,0,0,0,1,0,0,1,False,-1,-1,0,0,0,-1
2026-07-01 15:17:39.778,21.66256,False,18.74632,0.803845,-9.220249,0,0,0,1,0,0,1,False,-1,-1,0,0,0,-1
2026-07-01 15:17:39.811,21.69628,False,18.74529,0.8036677,-9.220428,0,0,0,1,0,0,1,False,-1,-1,0,0,0,-1
2026-07-01 15:17:39.845,21.73012,False,18.74484,0.8036234,-9.220911,0,0,0,1,0,0,1,False,-1,-1,0,0,0,-1
2026-07-01 15:17:39.888,21.77355,False,18.74591,0.8037833,-9.221127,0,0,0,1,0,0,1,False,-1,-1,0,0,0,-1
2026-07-01 15:17:39.923,21.80849,False,18.74765,0.8038861,-9.220598,0,0,0,1,0,0,1,False,-1,-1,0,0,0,-1
2026-07-01 15:17:39.968,21.85345,False,18.74921,0.8039568,-9.219658,0,0,0,1,0,0,1,False,-1,-1,0,0,0,-1
2026-07-01 15:17:40.010,21.8961,False,18.75008,0.8042279,-9.219154,0,0,0,1,0,0,1,False,-1,-1,0,0,0,-1
2026-07-01 15:17:40.045,21.93051,False,18.75191,0.8048591,-9.217791,0,0,0,1,0,0,1,False,-1,-1,0,0,0,-1
2026-07-01 15:17:40.090,21.9747,False,18.75513,0.8053152,-9.215361,0,0,0,1,0,0,1,False,-1,-1,0,0,0,-1
2026-07-01 15:17:40.133,22.01832,False,18.75726,0.8038419,-9.212215,0,0,0,1,0,0,1,False,-1,-1,0,0,0,-1
2026-07-01 15:17:40.168,22.05346,False,18.75794,0.8042751,-9.210481,0,0,0,1,0,0,1,False,-1,-1,0,0,0,-1
2026-07-01 15:17:40.210,22.09586,False,18.75716,0.804118,-9.210449,0,0,0,1,0,0,1,False,-1,-1,0,0,0,-1
2026-07-01 15:17:40.245,22.13013,False,18.75664,0.8039233,-9.211711,0,0,0,1,0,0,1,False,-1,-1,0,0,0,-1
2026-07-01 15:17:40.289,22.17422,False,18.75601,0.8036095,-9.21336,0,0,0,1,0,0,1,False,-1,-1,0,0,0,-1
2026-07-01 15:17:40.333,22.2181,False,18.75357,0.8037277,-9.21341,0,0,0,1,0,0,1,False,-1,-1,0,0,0,-1
2026-07-01 15:17:40.378,22.26244,False,18.75338,0.803806,-9.213392,0,0,0,1,0,0,1,False,-1,-1,0,0,0,-1
2026-07-01 15:17:40.411,22.2962,False,18.75428,0.8038571,-9.213144,0,0,0,1,0,0,1,False,-1,-1,0,0,0,-1
2026-07-01 15:17:40.454,22.33932,False,18.75525,0.8040032,-9.212994,0,0,0,1,0,0,1,False,-1,-1,0,0,0,-1
2026-07-01 15:17:40.514,22.39027,False,18.75503,0.8040946,-9.212849,0,0,0,1,0,0,1,False,-1,-1,0,0,0,-1
2026-07-01 15:17:40.557,22.43312,False,18.755,0.8040848,-9.213263,0,0,0,1,0,0,1,False,-1,-1,0,0,0,-1
2026-07-01 15:17:40.599,22.4759,False,18.75344,0.8041912,-9.213285,0,0,0,1,0,0,1,False,-1,-1,0,0,0,-1
2026-07-01 15:17:40.636,22.51415,False,18.75086,0.8042114,-9.213297,0,0,0,1,0,0,1,False,-1,-1,0,0,0,-1
2026-07-01 15:17:40.677,22.55346,False,18.74967,0.8041514,-9.213259,0,0,0,1,0,0,1,False,-1,-1,0,0,0,-1
2026-07-01 15:17:40.719,22.59534,False,18.7503,0.8040947,-9.212931,0,0,0,1,0,0,1,False,-1,-1,0,0,0,-1
2026-07-01 15:17:40.759,22.63593,False,18.7512,0.8041495,-9.212946,0,0,0,1,0,0,1,False,-1,-1,0,0,0,-1
2026-07-01 15:17:40.801,22.6776,False,18.75052,0.8041165,-9.213328,0,0,0,1,0,0,1,False,-1,-1,0,0,0,-1
2026-07-01 15:17:40.844,22.72115,False,18.75007,0.804001,-9.213705,0,0,0,1,0,0,1,False,-1,-1,0,0,0,-1
2026-07-01 15:17:40.890,22.76538,False,18.7512,0.804432,-9.213584,0,0,0,1,0,0,1,False,-1,-1,0,0,0,-1
2026-07-01 15:17:40.932,22.80842,False,18.75081,0.8043814,-9.213408,0,0,0,1,0,0,1,False,-1,-1,0,0,0,-1
2026-07-01 15:17:40.976,22.8531,False,18.75086,0.804234,-9.213383,0,0,0,1,0,0,1,False,-1,-1,0,0,0,-1
2026-07-01 15:17:41.021,22.89886,False,18.75073,0.8040732,-9.21377,0,0,0,1,0,0,1,False,-1,-1,0,0,0,-1
2026-07-01 15:17:41.066,22.94299,False,18.75084,0.8040316,-9.214119,0,0,0,1,0,0,1,False,-1,-1,0,0,0,-1
2026-07-01 15:17:41.111,22.98938,False,18.75114,0.803911,-9.214363,0,0,0,1,0,0,1,False,-1,-1,0,0,0,-1
2026-07-01 15:17:41.158,23.03318,False,18.75102,0.8038763,-9.214501,0,0,0,1,0,0,1,False,-1,-1,0,0,0,-1
2026-07-01 15:17:41.204,23.08141,False,18.75123,0.8038148,-9.214811,0,0,0,1,0,0,1,False,-1,-1,0,0,0,-1
2026-07-01 15:17:41.248,23.12301,False,18.75103,0.803769,-9.214721,0,0,0,1,0,0,1,False,-1,-1,0,0,0,-1
2026-07-01 15:17:41.294,23.16882,False,18.75081,0.8038871,-9.214538,0,0,0,1,0,0,1,False,-1,-1,0,0,0,-1
2026-07-01 15:17:41.340,23.21613,False,18.75058,0.8039614,-9.214708,0,0,0,1,0,0,1,False,-1,-1,0,0,0,-1
2026-07-01 15:17:41.378,23.25632,False,18.75054,0.804005,-9.214687,0,0,0,1,0,0,1,False,-1,-1,0,0,0,-1
2026-07-01 15:17:41.412,23.29137,False,18.75042,0.8041077,-9.2146,0,0,0,1,0,0,1,False,-1,-1,0,0,0,-1
2026-07-01 15:17:41.450,23.32878,False,18.75027,0.804139,-9.214678,0,0,0,1,0,0,1,False,-1,-1,0,0,0,-1
2026-07-01 15:17:41.490,23.3679,False,18.75002,0.8039894,-9.21489,0,0,0,1,0,0,1,False,-1,-1,0,0,0,-1
2026-07-01 15:17:41.527,23.40463,False,18.75023,0.8039446,-9.214786,0,0,0,1,0,0,1,False,-1,-1,0,0,0,-1
2026-07-01 15:17:41.561,23.44599,False,18.75013,0.8038981,-9.214831,0,0,0,1,0,0,1,False,-1,-1,0,0,0,-1
2026-07-01 15:17:41.595,23.47972,False,18.7501,0.8038806,-9.214973,0,0,0,1,0,0,1,False,-1,-1,0,0,0,-1
2026-07-01 15:17:41.639,23.52417,False,18.75011,0.8038117,-9.215066,0,0,0,1,0,0,1,False,-1,-1,0,0,0,-1
2026-07-01 15:17:41.673,23.55797,False,18.74994,0.8038176,-9.215008,0,0,0,1,0,0,1,False,-1,-1,0,0,0,-1
2026-07-01 15:17:41.717,23.60195,False,18.74975,0.8038482,-9.215179,0,0,0,1,0,0,1,False,-1,-1,0,0,0,-1
2026-07-01 15:17:41.751,23.63586,False,18.74977,0.8038349,-9.215212,0,0,0,1,0,0,1,False,-1,-1,0,0,0,-1
2026-07-01 15:17:41.795,23.67948,False,18.74992,0.8038265,-9.215544,0,0,0,1,0,0,1,False,-1,-1,0,0,0,-1
2026-07-01 15:17:41.839,23.72384,False,18.75006,0.8038317,-9.215672,0,0,0,1,0,0,1,False,-1,-1,0,0,0,-1
2026-07-01 15:17:41.873,23.75722,False,18.74985,0.8038179,-9.215648,0,0,0,1,0,0,1,False,-1,-1,0,0,0,-1
2026-07-01 15:17:41.907,23.79171,False,18.74993,0.8037955,-9.215934,0,0,0,1,0,0,1,False,-1,-1,0,0,0,-1
2026-07-01 15:17:41.949,23.83475,False,18.7498,0.8037744,-9.216125,0,0,0,1,0,0,1,False,-1,-1,0,0,0,-1
2026-07-01 15:17:41.983,23.86852,False,18.74965,0.8036619,-9.21615,0,0,0,1,0,0,1,False,-1,-1,0,0,0,-1
2026-07-01 15:17:42.017,23.90214,False,18.74994,0.8039476,-9.216018,0,0,0,1,0,0,1,False,-1,-1,0,0,0,-1
2026-07-01 15:17:42.061,23.94593,False,18.74984,0.8039245,-9.216036,0,0,0,1,0,0,1,False,-1,-1,0,0,0,-1
2026-07-01 15:17:42.096,23.98048,False,18.7498,0.8039805,-9.216274,0,0,0,1,0,0,1,False,-1,-1,0,0,0,-1
2026-07-01 15:17:42.130,24.01515,False,18.7498,0.8040579,-9.21636,0,0,0,1,0,0,1,False,-1,-1,0,0,0,-1
2026-07-01 15:17:42.165,24.04936,False,18.74963,0.804083,-9.21633,0,0,0,1,0,0,1,False,-1,-1,0,0,0,-1
2026-07-01 15:17:42.199,24.08386,False,18.74963,0.8040926,-9.216511,0,0,0,1,0,0,1,False,-1,-1,0,0,0,-1
2026-07-01 15:17:42.233,24.11753,False,18.7496,0.8042066,-9.21659,0,0,0,1,0,0,1,False,-1,-1,0,0,0,-1
2026-07-01 15:17:42.266,24.15108,False,18.74959,0.8041574,-9.216737,0,0,0,1,0,0,1,False,-1,-1,0,0,0,-1
2026-07-01 15:17:42.299,24.18473,False,18.74961,0.804144,-9.216759,0,0,0,1,0,0,1,False,-1,-1,0,0,0,-1
2026-07-01 15:17:42.345,24.22938,False,18.74945,0.8041489,-9.217022,0,0,0,1,0,0,1,False,-1,-1,0,0,0,-1
2026-07-01 15:17:42.389,24.27398,False,18.7492,0.8040692,-9.216989,0,0,0,1,0,0,1,False,-1,-1,0,0,0,-1
2026-07-01 15:17:42.433,24.31775,False,18.74916,0.8042065,-9.216858,0,0,0,1,0,0,1,False,-1,-1,0,0,0,-1
2026-07-01 15:17:42.476,24.36131,False,18.74901,0.8043019,-9.217026,0,0,0,1,0,0,1,False,-1,-1,0,0,0,-1
2026-07-01 15:17:42.510,24.3949,False,18.74886,0.8043125,-9.217159,0,0,0,1,0,0,1,False,-1,-1,0,0,0,-1
2026-07-01 15:17:42.543,24.42832,False,18.74868,0.8043247,-9.217227,0,0,0,1,0,0,1,False,-1,-1,0,0,0,-1
2026-07-01 15:17:42.578,24.46235,False,18.74852,0.8042946,-9.217321,0,0,0,1,0,0,1,False,-1,-1,0,0,0,-1
2026-07-01 15:17:42.620,24.50561,False,18.74843,0.8043162,-9.217374,0,0,0,1,0,0,1,False,-1,-1,0,0,0,-1
2026-07-01 15:17:42.654,24.53896,False,18.74802,0.8043272,-9.217396,0,0,0,1,0,0,1,False,-1,-1,0,0,0,-1
2026-07-01 15:17:42.699,24.58401,False,18.74784,0.8043597,-9.217459,0,0,0,1,0,0,1,False,-1,-1,0,0,0,-1
2026-07-01 15:17:42.743,24.62793,False,18.74765,0.8044003,-9.217288,0,0,0,1,0,0,1,False,-1,-1,0,0,0,-1
2026-07-01 15:17:42.787,24.67209,False,18.74783,0.8044304,-9.217263,0,0,0,1,0,0,1,False,-1,-1,0,0,0,-1
2026-07-01 15:17:42.821,24.70595,False,18.74776,0.8043901,-9.217253,0,0,0,1,0,0,1,False,-1,-1,0,0,0,-1
2026-07-01 15:17:42.854,24.73962,False,18.74787,0.8044252,-9.217564,0,0,0,1,0,0,1,False,-1,-1,0,0,0,-1
2026-07-01 15:17:42.899,24.78324,False,18.74786,0.8044176,-9.217788,0,0,0,1,0,0,1,False,-1,-1,0,0,0,-1
2026-07-01 15:17:42.944,24.82824,False,18.74794,0.804334,-9.21799,0,0,0,1,0,0,1,False,-1,-1,0,0,0,-1
2026-07-01 15:17:42.987,24.87221,False,18.74828,0.8043806,-9.218397,0,0,0,1,0,0,1,False,-1,-1,0,0,0,-1
2026-07-01 15:17:43.032,24.90796,False,18.74826,0.8043448,-9.218565,0,0,0,1,0,0,1,False,-1,-1,0,0,0,-1
2026-07-01 15:17:43.072,24.94855,False,18.74793,0.8043137,-9.218664,0,0,0,1,0,0,1,False,-1,-1,0,0,0,-1
2026-07-01 15:17:43.111,24.98872,False,18.7477,0.8043458,-9.218637,0,0,0,1,0,0,1,False,-1,-1,0,0,0,-1
2026-07-01 15:17:43.143,25.02227,False,18.74785,0.8043215,-9.218687,0,0,0,1,0,0,1,False,-1,-1,0,0,0,-1
2026-07-01 15:17:43.183,25.06015,False,18.7478,0.8044183,-9.218875,0,0,0,1,0,0,1,False,-1,-1,0,0,0,-1
2026-07-01 15:17:43.218,25.09607,False,18.74771,0.804428,-9.219194,0,0,0,1,0,0,1,False,-1,-1,0,0,0,-1
2026-07-01 15:17:43.267,25.14253,False,18.7477,0.8044685,-9.219645,0,0,0,1,0,0,1,False,-1,-1,0,0,0,-1
2026-07-01 15:17:43.310,25.18515,False,18.7477,0.8044531,-9.21961,0,0,0,1,0,0,1,False,-1,-1,0,0,0,-1
2026-07-01 15:17:43.353,25.22933,False,18.7478,0.8044336,-9.219295,0,0,0,1,0,0,1,False,-1,-1,0,0,0,-1
2026-07-01 15:17:43.396,25.27376,False,18.74797,0.8046633,-9.219059,0,0,0,1,0,0,1,False,-1,-1,0,0,0,-1
2026-07-01 15:17:43.443,25.31781,False,18.74771,0.8045511,-9.21879,0,0,0,1,0,0,1,False,-1,-1,0,0,0,-1
2026-07-01 15:17:43.485,25.3627,False,18.74754,0.804612,-9.219049,0,0,0,1,0,0,1,False,-1,-1,0,0,0,-1
2026-07-01 15:17:43.531,25.40834,False,18.74758,0.804599,-9.219225,0,0,0,1,0,0,1,False,-1,-1,0,0,0,-1
2026-07-01 15:17:43.575,25.45174,False,18.74787,0.8045962,-9.219296,0,0,0,1,0,0,1,False,-1,-1,0,0,0,-1
2026-07-01 15:17:43.619,25.49666,False,18.74811,0.8045734,-9.219797,0,0,0,1,0,0,1,False,-1,-1,0,0,0,-1
2026-07-01 15:17:43.662,25.5392,False,18.74755,0.8045858,-9.220451,0,0,0,1,0,0,1,False,-1,-1,0,0,0,-1
2026-07-01 15:17:43.693,25.57294,False,18.7471,0.8045471,-9.22081,0,0,0,1,0,0,1,False,-1,-1,0,0,0,-1
2026-07-01 15:17:43.731,25.60826,False,18.7471,0.8046532,-9.220867,0,0,0,1,0,0,1,False,-1,-1,0,0,0,-1
2026-07-01 15:17:43.769,25.64679,False,18.74721,0.804678,-9.220241,0,0,0,1,0,0,1,False,-1,-1,0,0,0,-1
2026-07-01 15:17:43.803,25.68062,False,18.74733,0.8047028,-9.219933,0,0,0,1,0,0,1,False,-1,-1,0,0,0,-1
2026-07-01 15:17:43.843,25.72102,False,18.74733,0.8048113,-9.219269,0,0,0,1,0,0,1,False,-1,-1,0,0,0,-1
2026-07-01 15:17:43.882,25.75755,False,18.74709,0.8048339,-9.218906,0,0,0,1,0,0,1,False,-1,-1,0,0,0,-1
2026-07-01 15:17:43.918,25.79556,False,18.74701,0.8048653,-9.218866,0,0,0,1,0,0,1,False,-1,-1,0,0,0,-1
2026-07-01 15:17:43.971,25.84829,False,18.74727,0.8048768,-9.219366,0,0,0,1,0,0,1,False,-1,-1,0,0,0,-1
2026-07-01 15:17:44.014,25.89033,False,18.7469,0.8048403,-9.220101,0,0,0,1,0,0,1,False,-1,-1,0,0,0,-1
2026-07-01 15:17:44.052,25.93098,False,18.74703,0.8047993,-9.220707,0,0,0,1,0,0,1,False,-1,-1,0,0,0,-1
2026-07-01 15:17:44.092,25.96788,False,18.747,0.8048197,-9.221025,0,0,0,1,0,0,1,False,-1,-1,0,0,0,-1
2026-07-01 15:17:44.126,26.00441,False,18.74676,0.8048192,-9.221049,0,0,0,1,0,0,1,False,-1,-1,0,0,0,-1
2026-07-01 15:17:44.161,26.03895,False,18.7466,0.804804,-9.22109,0,0,0,1,0,0,1,False,-1,-1,0,0,0,-1
2026-07-01 15:17:44.198,26.07647,False,18.74665,0.8047097,-9.220711,0,0,0,1,0,0,1,False,-1,-1,0,0,0,-1
2026-07-01 15:17:44.235,26.11245,False,18.74665,0.8047366,-9.220542,0,0,0,1,0,0,1,False,-1,-1,0,0,0,-1
2026-07-01 15:17:44.267,26.14706,False,18.7467,0.8047989,-9.220412,0,0,0,1,0,0,1,False,-1,-1,0,0,0,-1
2026-07-01 15:17:44.320,26.19839,False,18.74676,0.8047912,-9.220331,0,0,0,1,0,0,1,False,-1,-1,0,0,0,-1
2026-07-01 15:17:44.361,26.23901,False,18.74669,0.8048232,-9.220379,0,0,0,1,0,0,1,False,-1,-1,0,0,0,-1
2026-07-01 15:17:44.400,26.27504,False,18.74628,0.8048146,-9.220451,0,0,0,1,0,0,1,False,-1,-1,0,0,0,-1
2026-07-01 15:17:44.436,26.31403,False,18.74636,0.804929,-9.220444,0,0,0,1,0,0,1,False,-1,-1,0,0,0,-1
2026-07-01 15:17:44.474,26.34982,False,18.74632,0.8049021,-9.220438,0,0,0,1,0,0,1,False,-1,-1,0,0,0,-1
2026-07-01 15:17:44.510,26.38861,False,18.74629,0.8048986,-9.220492,0,0,0,1,0,0,1,False,-1,-1,0,0,0,-1
2026-07-01 15:17:44.563,26.43969,False,18.7461,0.8048717,-9.220358,0,0,0,1,0,0,1,False,-1,-1,0,0,0,-1
2026-07-01 15:17:44.595,26.48017,False,18.74619,0.8049062,-9.220312,0,0,0,1,0,0,1,False,-1,-1,0,0,0,-1
2026-07-01 15:17:44.638,26.52268,False,18.74626,0.8048612,-9.220345,0,0,0,1,0,0,1,False,-1,-1,0,0,0,-1
2026-07-01 15:17:44.681,26.56643,False,18.74608,0.8048651,-9.220602,0,0,0,1,0,0,1,False,-1,-1,0,0,0,-1
2026-07-01 15:17:44.725,26.61059,False,18.74604,0.8048383,-9.22113,0,0,0,1,0,0,1,False,-1,-1,0,0,0,-1
2026-07-01 15:17:44.771,26.65559,False,18.74616,0.8049442,-9.221416,0,0,0,1,0,0,1,False,-1,-1,0,0,0,-1
2026-07-01 15:17:44.815,26.69961,False,18.74602,0.8049189,-9.221182,0,0,0,1,0,0,1,False,-1,-1,0,0,0,-1
2026-07-01 15:17:44.849,26.73361,False,18.74594,0.8049169,-9.221148,0,0,0,1,0,0,1,False,-1,-1,0,0,0,-1
2026-07-01 15:17:44.892,26.77725,False,18.74583,0.8049512,-9.221259,0,0,0,1,0,0,1,False,-1,-1,0,0,0,-1
2026-07-01 15:17:44.926,26.81089,False,18.74569,0.8049716,-9.221516,0,0,0,1,0,0,1,False,-1,-1,0,0,0,-1
2026-07-01 15:17:44.960,26.8444,False,18.74557,0.8049273,-9.22181,0,0,0,1,0,0,1,False,-1,-1,0,0,0,-1
2026-07-01 15:17:44.993,26.8779,False,18.74543,0.804955,-9.221882,0,0,0,1,0,0,1,False,-1,-1,0,0,0,-1
2026-07-01 15:17:45.027,26.9114,False,18.74548,0.8050196,-9.222054,0,0,0,1,0,0,1,False,-1,-1,0,0,0,-1
2026-07-01 15:17:45.070,26.95501,False,18.74553,0.8050377,-9.222167,0,0,0,1,0,0,1,False,-1,-1,0,0,0,-1
2026-07-01 15:17:45.104,26.98883,False,18.7456,0.8051326,-9.222181,0,0,0,1,0,0,1,False,-1,-1,0,0,0,-1
2026-07-01 15:17:45.148,27.03327,False,18.74551,0.8051379,-9.222269,0,0,0,1,0,0,1,False,-1,-1,0,0,0,-1
2026-07-01 15:17:45.185,27.06918,False,18.74562,0.8051989,-9.222482,0,0,0,1,0,0,1,False,-1,-1,0,0,0,-1
2026-07-01 15:17:45.220,27.10448,False,18.74559,0.8053114,-9.222725,0,0,0,1,0,0,1,False,-1,-1,0,0,0,-1
2026-07-01 15:17:45.264,27.14912,False,18.74581,0.8054118,-9.223042,0,0,0,1,0,0,1,False,-1,-1,0,0,0,-1
2026-07-01 15:17:45.309,27.19343,False,18.74591,0.8056273,-9.223801,0,0,0,1,0,0,1,False,-1,-1,0,0,0,-1
2026-07-01 15:17:45.353,27.23783,False,18.74578,0.8057341,-9.224484,0,0,0,1,0,0,1,False,-1,-1,0,0,0,-1
2026-07-01 15:17:45.387,27.27146,False,18.74547,0.8058753,-9.224921,0,0,0,1,0,0,1,False,-1,-1,0,0,0,-1
2026-07-01 15:17:45.430,27.31537,False,18.74553,0.805757,-9.224669,0,0,0,1,0,0,1,False,-1,-1,0,0,0,-1
2026-07-01 15:17:45.465,27.34918,False,18.74562,0.8057571,-9.224222,0,0,0,1,0,0,1,False,-1,-1,0,0,0,-1
2026-07-01 15:17:45.508,27.3931,False,18.74547,0.8054882,-9.223276,0,0,0,1,0,0,1,False,-1,-1,0,0,0,-1
2026-07-01 15:17:45.553,27.43784,False,18.74515,0.8050528,-9.222418,0,0,0,1,0,0,1,False,-1,-1,0,0,0,-1
2026-07-01 15:17:45.597,27.48212,False,18.74513,0.804814,-9.221392,0,0,0,1,0,0,1,False,-1,-1,0,0,0,-1
2026-07-01 15:17:45.631,27.51575,False,18.74529,0.8050634,-9.220888,0,0,0,1,0,0,1,False,-1,-1,0,0,0,-1
2026-07-01 15:17:45.676,27.561,False,18.74525,0.8049645,-9.220413,0,0,0,1,0,0,1,False,-1,-1,0,0,0,-1
2026-07-01 15:17:45.719,27.6044,False,18.74512,0.8048975,-9.220339,0,0,0,1,0,0,1,False,-1,-1,0,0,0,-1
2026-07-01 15:17:45.753,27.63777,False,18.74528,0.8049667,-9.220282,0,0,0,1,0,0,1,False,-1,-1,0,0,0,-1
2026-07-01 15:17:45.798,27.68274,False,18.74551,0.8049597,-9.22084,0,0,0,1,0,0,1,False,-1,-1,0,0,0,-1
2026-07-01 15:17:45.842,27.72644,False,18.74573,0.8049079,-9.221465,0,0,0,1,0,0,1,False,-1,-1,0,0,0,-1
2026-07-01 15:17:45.876,27.76008,False,18.74564,0.804911,-9.222061,0,0,0,1,0,0,1,False,-1,-1,0,0,0,-1
2026-07-01 15:17:45.920,27.80425,False,18.74544,0.8052566,-9.222906,0,0,0,1,0,0,1,False,-1,-1,0,0,0,-1
2026-07-01 15:17:45.953,27.8377,False,18.74549,0.805339,-9.223538,0,0,0,1,0,0,1,False,-1,-1,0,0,0,-1
2026-07-01 15:17:45.987,27.87177,False,18.74553,0.8052935,-9.223688,0,0,0,1,0,0,1,False,-1,-1,0,0,0,-1
2026-07-01 15:17:46.031,27.91589,False,18.74572,0.8053501,-9.223718,0,0,0,1,0,0,1,False,-1,-1,0,0,0,-1
2026-07-01 15:17:46.075,27.95952,False,18.74604,0.8053876,-9.223648,0,0,0,1,0,0,1,False,-1,-1,0,0,0,-1
2026-07-01 15:17:46.109,27.99317,False,18.74657,0.8053142,-9.223387,0,0,0,1,0,0,1,False,-1,-1,0,0,0,-1
2026-07-01 15:17:46.142,28.02695,False,18.74668,0.8052753,-9.223157,0,0,0,1,0,0,1,False,-1,-1,0,0,0,-1
2026-07-01 15:17:46.186,28.07086,False,18.74659,0.8052255,-9.223076,0,0,0,1,0,0,1,False,-1,-1,0,0,0,-1
2026-07-01 15:17:46.221,28.1049,False,18.74694,0.8053849,-9.223423,0,0,0,1,0,0,1,False,-1,-1,0,0,0,-1
2026-07-01 15:17:46.254,28.13846,False,18.74726,0.8057429,-9.224085,0,0,0,1,0,0,1,False,-1,-1,0,0,0,-1
2026-07-01 15:17:46.297,28.18157,False,18.74737,0.8056609,-9.224977,0,0,0,1,0,0,1,False,-1,-1,0,0,0,-1
2026-07-01 15:17:46.331,28.21568,False,18.74699,0.8057179,-9.22556,0,0,0,1,0,0,1,False,-1,-1,0,0,0,-1
2026-07-01 15:17:46.374,28.25981,False,18.74744,0.8060021,-9.225975,0,0,0,1,0,0,1,False,-1,-1,0,0,0,-1
2026-07-01 15:17:46.419,28.30387,False,18.74897,0.806523,-9.225866,0,0,0,1,0,0,1,False,-1,-1,0,0,0,-1
2026-07-01 15:17:46.453,28.33756,False,18.74988,0.8066607,-9.225669,0,0,0,1,0,0,1,False,-1,-1,0,0,0,-1
2026-07-01 15:17:46.487,28.37123,False,18.75088,0.8070046,-9.225269,0,0,0,1,0,0,1,False,-1,-1,0,0,0,-1
2026-07-01 15:17:46.530,28.41509,False,18.75364,0.8081851,-9.225557,0,0,0,1,0,0,1,False,-1,-1,0,0,0,-1
2026-07-01 15:17:46.565,28.44877,False,18.75588,0.8092068,-9.22631,0,0,0,1,0,0,1,False,-1,-1,0,0,0,-1
2026-07-01 15:17:46.609,28.49364,False,18.75729,0.8094514,-9.227238,0,0,0,1,0,0,1,False,-1,-1,0,0,0,-1
2026-07-01 15:17:46.651,28.53699,False,18.75858,0.8099837,-9.229488,0,0,0,1,0,0,1,False,-1,-1,0,0,0,-1
2026-07-01 15:17:46.686,28.57053,False,18.75926,0.8094817,-9.231342,0,0,0,1,0,0,1,False,-1,-1,0,0,0,-1
2026-07-01 15:17:46.721,28.60504,False,18.75877,0.8089728,-9.232981,0,0,0,1,0,0,1,False,-1,-1,0,0,0,-1
2026-07-01 15:17:46.764,28.64889,False,18.75728,0.8091013,-9.235359,0,0,0,1,0,0,1,False,-1,-1,0,0,0,-1
2026-07-01 15:17:46.807,28.69266,False,18.75558,0.8086925,-9.236476,0,0,0,1,0,0,1,False,-1,-1,0,0,0,-1
2026-07-01 15:17:46.853,28.73716,False,18.75347,0.808199,-9.236656,0,0,0,1,0,0,1,False,-1,-1,0,0,0,-1
2026-07-01 15:17:46.898,28.78237,False,18.75044,0.8070403,-9.236183,0,0,0,1,0,0,1,False,-1,-1,0,0,0,-1
2026-07-01 15:17:46.942,28.82604,False,18.74811,0.8060047,-9.235167,0,0,0,1,0,0,1,False,-1,-1,0,0,0,-1
2026-07-01 15:17:46.975,28.85955,False,18.74701,0.8058552,-9.234304,0,0,0,1,0,0,1,False,-1,-1,0,0,0,-1
2026-07-01 15:17:47.019,28.90368,False,18.7467,0.8057286,-9.232022,0,0,0,1,0,0,1,False,-1,-1,0,0,0,-1
2026-07-01 15:17:47.053,28.93742,False,18.74791,0.8056957,-9.230882,0,0,0,1,0,0,1,False,-1,-1,0,0,0,-1
2026-07-01 15:17:47.087,28.97142,False,18.75045,0.8061838,-9.230204,0,0,0,1,0,0,1,False,-1,-1,0,0,0,-1
2026-07-01 15:17:47.129,29.01461,False,18.75636,0.8072639,-9.229919,0,0,0,1,0,0,1,False,-1,-1,0,0,0,-1
2026-07-01 15:17:47.175,29.05985,False,18.76489,0.8086358,-9.230522,0,0,0,1,0,0,1,False,-1,-1,0,0,0,-1
2026-07-01 15:17:47.208,29.09321,False,18.77193,0.809979,-9.231394,0,0,0,1,0,0,1,False,-1,-1,0,0,0,-1
2026-07-01 15:17:47.243,29.12673,False,18.77875,0.811334,-9.232597,0,0,0,1,0,0,1,False,-1,-1,0,0,0,-1
2026-07-01 15:17:47.287,29.17169,False,18.7861,0.8120379,-9.233627,0,0,0,1,0,0,1,False,-1,-1,0,0,0,-1
2026-07-01 15:17:47.330,29.21478,False,18.79015,0.8123553,-9.233636,0,0,0,1,0,0,1,False,-1,-1,0,0,0,-1
2026-07-01 15:17:47.364,29.24859,False,18.79112,0.8121454,-9.232778,0,0,0,1,0,0,1,False,-1,-1,0,0,0,-1
2026-07-01 15:17:47.408,29.29279,False,18.78942,0.8117201,-9.231606,0,0,0,1,0,0,1,False,-1,-1,0,0,0,-1
2026-07-01 15:17:47.452,29.33697,False,18.78556,0.8111538,-9.231283,0,0,0,1,0,0,1,False,-1,-1,0,0,0,-1
2026-07-01 15:17:47.496,29.38121,False,18.78049,0.8106524,-9.232172,0,0,0,1,0,0,1,False,-1,-1,0,0,0,-1
2026-07-01 15:17:47.530,29.41475,False,18.77512,0.8104078,-9.233694,0,0,0,1,0,0,1,False,-1,-1,0,0,0,-1
2026-07-01 15:17:47.575,29.45911,False,18.76648,0.8104762,-9.2364,0,0,0,1,0,0,1,False,-1,-1,0,0,0,-1
2026-07-01 15:17:47.620,29.50364,False,18.75779,0.8105006,-9.240559,0,0,0,1,0,0,1,False,-1,-1,0,0,0,-1
2026-07-01 15:17:47.653,29.53719,False,18.75135,0.8108208,-9.242998,0,0,0,1,0,0,1,False,-1,-1,0,0,0,-1
2026-07-01 15:17:47.696,29.58091,False,18.74417,0.8116421,-9.245838,0,0,0,1,0,0,1,False,-1,-1,0,0,0,-1
2026-07-01 15:17:47.730,29.61466,False,18.73974,0.8123519,-9.247421,0,0,0,1,0,0,1,False,-1,-1,0,0,0,-1
2026-07-01 15:17:47.764,29.64811,False,18.73623,0.812742,-9.248609,0,0,0,1,0,0,1,False,-1,-1,0,0,0,-1
2026-07-01 15:17:47.807,29.69216,False,18.73326,0.8119609,-9.249181,0,0,0,1,0,0,1,False,-1,-1,0,0,0,-1
2026-07-01 15:17:47.852,29.73645,False,18.73261,0.8112181,-9.249611,0,0,0,1,0,0,1,False,-1,-1,0,0,0,-1
2026-07-01 15:17:47.886,29.77008,False,18.73362,0.8116556,-9.250071,0,0,0,1,0,0,1,False,-1,-1,0,0,0,-1
2026-07-01 15:17:47.920,29.80402,False,18.73577,0.8122662,-9.249987,0,0,0,1,0,0,1,False,-1,-1,0,0,0,-1
2026-07-01 15:17:47.963,29.84756,False,18.7415,0.8126097,-9.249793,0,0,0,1,0,0,1,False,-1,-1,0,0,0,-1
2026-07-01 15:17:48.007,29.89195,False,18.74996,0.8131969,-9.249558,0,0,0,1,0,0,1,False,-1,-1,0,0,0,-1
2026-07-01 15:17:48.051,29.93652,False,18.76121,0.814922,-9.250016,0,0,0,1,0,0,1,False,-1,-1,0,0,0,-1
2026-07-01 15:17:48.097,29.98133,False,18.7721,0.8159522,-9.250907,0,0,0,1,0,0,1,False,-1,-1,0,0,0,-1
2026-07-01 15:17:48.141,30.01811,False,18.77874,0.8161077,-9.251635,0,0,0,1,0,0,1,False,-1,-1,0,0,0,-1
2026-07-01 15:17:48.179,30.05494,False,18.7817,0.8161045,-9.251358,0,0,0,1,0,0,1,False,-1,-1,0,0,0,-1
2026-07-01 15:17:48.218,30.0954,False,18.78709,0.8150344,-9.249609,0,0,0,1,0,0,1,False,-1,-1,0,0,0,-1
2026-07-01 15:17:48.260,30.13731,False,18.78699,0.8136362,-9.247858,0,0,0,1,0,0,1,False,-1,-1,0,0,0,-1
2026-07-01 15:17:48.300,30.17503,False,18.78458,0.8121991,-9.245178,0,0,0,1,0,0,1,False,-1,-1,0,0,0,-1
2026-07-01 15:17:48.338,30.21685,False,18.77736,0.8114745,-9.240658,0,0,0,1,0,0,1,False,-1,-1,0,0,0,-1
2026-07-01 15:17:48.384,30.26109,False,18.76942,0.8093019,-9.237907,0,0,0,1,0,0,1,False,-1,-1,0,0,0,-1
2026-07-01 15:17:48.429,30.30546,False,18.76142,0.8066621,-9.235226,0,0,0,1,0,0,1,False,-1,-1,0,0,0,-1
2026-07-01 15:17:48.474,30.3509,False,18.7579,0.8072618,-9.234031,0,0,0,1,0,0,1,False,-1,-1,0,0,0,-1
2026-07-01 15:17:48.517,30.39522,False,18.75871,0.8058289,-9.231386,0,0,0,1,0,0,1,False,-1,-1,0,0,0,-1
2026-07-01 15:17:48.561,30.43886,False,18.76192,0.8043389,-9.228376,0,0,0,1,0,0,1,False,-1,-1,0,0,0,-1
2026-07-01 15:17:48.605,30.48279,False,18.76281,0.8054544,-9.226903,0,0,0,1,0,0,1,False,-1,-1,0,0,0,-1
2026-07-01 15:17:48.651,30.52801,False,18.76094,0.8042786,-9.225876,0,0,0,1,0,0,1,False,-1,-1,0,0,0,-1
2026-07-01 15:17:48.694,30.57157,False,18.76005,0.8040875,-9.224709,0,0,0,1,0,0,1,False,-1,-1,0,0,0,-1
2026-07-01 15:17:48.741,30.61696,False,18.76063,0.804149,-9.224461,0,0,0,1,0,0,1,False,-1,-1,0,0,0,-1
2026-07-01 15:17:48.785,30.66195,False,18.76118,0.804284,-9.224787,0,0,0,1,0,0,1,False,-1,-1,0,0,0,-1
2026-07-01 15:17:48.824,30.70094,False,18.76124,0.8042539,-9.225016,0,0,0,1,0,0,1,False,-1,-1,0,0,0,-1
2026-07-01 15:17:48.863,30.73759,False,18.76055,0.8040914,-9.225304,0,0,0,1,0,0,1,False,-1,-1,0,0,0,-1
2026-07-01 15:17:48.904,30.77965,False,18.76061,0.8041707,-9.225528,0,0,0,1,0,0,1,False,-1,-1,0,0,0,-1
2026-07-01 15:17:48.949,30.82377,False,18.76163,0.8041942,-9.225559,0,0,0,1,0,0,1,False,-1,-1,0,0,0,-1
2026-07-01 15:17:48.989,30.86497,False,18.76147,0.8042054,-9.225705,0,0,0,1,0,0,1,False,-1,-1,0,0,0,-1
2026-07-01 15:17:49.026,30.90323,False,18.76132,0.8041305,-9.22568,0,0,0,1,0,0,1,False,-1,-1,0,0,0,-1
2026-07-01 15:17:49.065,30.94153,False,18.76143,0.8041477,-9.225506,0,0,0,1,0,0,1,False,-1,-1,0,0,0,-1
2026-07-01 15:17:49.100,30.97759,False,18.76186,0.804025,-9.225168,0,0,0,1,0,0,1,False,-1,-1,0,0,0,-1
2026-07-01 15:17:49.135,31.01213,False,18.76233,0.8039021,-9.224834,0,0,0,1,0,0,1,False,-1,-1,0,0,0,-1
2026-07-01 15:17:49.171,31.04695,False,18.76247,0.8039359,-9.224474,0,0,0,1,0,0,1,False,-1,-1,0,0,0,-1
2026-07-01 15:17:49.209,31.08644,False,18.76253,0.8038657,-9.224104,0,0,0,1,0,0,1,False,-1,-1,0,0,0,-1
2026-07-01 15:17:49.247,31.12392,False,18.7627,0.803849,-9.223898,0,0,0,1,0,0,1,False,-1,-1,0,0,0,-1
2026-07-01 15:17:49.284,31.16176,False,18.76326,0.8038145,-9.223801,0,0,0,1,0,0,1,False,-1,-1,0,0,0,-1
2026-07-01 15:17:49.324,31.1992,False,18.76376,0.804038,-9.223843,0,0,0,1,0,0,1,False,-1,-1,0,0,0,-1
2026-07-01 15:17:49.358,31.23699,False,18.76411,0.8041923,-9.224206,0,0,0,1,0,0,1,False,-1,-1,0,0,0,-1
2026-07-01 15:17:49.396,31.27189,False,18.76417,0.8042375,-9.224636,0,0,0,1,0,0,1,False,-1,-1,0,0,0,-1
2026-07-01 15:17:49.435,31.31261,False,18.76454,0.8043534,-9.225149,0,0,0,1,0,0,1,False,-1,-1,0,0,0,-1
2026-07-01 15:17:49.471,31.34692,False,18.76426,0.8044587,-9.225672,0,0,0,1,0,0,1,False,-1,-1,0,0,0,-1
2026-07-01 15:17:49.510,31.38672,False,18.76398,0.804704,-9.226519,0,0,0,1,0,0,1,False,-1,-1,0,0,0,-1
2026-07-01 15:17:49.542,31.42588,False,18.76378,0.8049235,-9.227081,0,0,0,1,0,0,1,False,-1,-1,0,0,0,-1
2026-07-01 15:17:49.580,31.46422,False,18.7639,0.804877,-9.227251,0,0,0,1,0,0,1,False,-1,-1,0,0,0,-1
2026-07-01 15:17:49.625,31.50925,False,18.7646,0.8052207,-9.227283,0,0,0,1,0,0,1,False,-1,-1,0,0,0,-1
2026-07-01 15:17:49.669,31.55319,False,18.76491,0.805299,-9.227449,0,0,0,1,0,0,1,False,-1,-1,0,0,0,-1
2026-07-01 15:17:49.713,31.59726,False,18.76532,0.8055454,-9.227674,0,0,0,1,0,0,1,False,-1,-1,0,0,0,-1
2026-07-01 15:17:49.747,31.63105,False,18.76531,0.8056402,-9.2279,0,0,0,1,0,0,1,False,-1,-1,0,0,0,-1
2026-07-01 15:17:49.791,31.6758,False,18.76548,0.8057552,-9.228332,0,0,0,1,0,0,1,False,-1,-1,0,0,0,-1
2026-07-01 15:17:49.836,31.71988,False,18.76594,0.8057913,-9.228781,0,0,0,1,0,0,1,False,-1,-1,0,0,0,-1
2026-07-01 15:17:49.879,31.76372,False,18.76654,0.8058994,-9.228956,0,0,0,1,0,0,1,False,-1,-1,0,0,0,-1
2026-07-01 15:17:49.913,31.79756,False,18.76657,0.8058999,-9.228953,0,0,0,1,0,0,1,False,-1,-1,0,0,0,-1
2026-07-01 15:17:49.958,31.84167,False,18.76692,0.805804,-9.228773,0,0,0,1,0,0,1,False,-1,-1,0,0,0,-1
2026-07-01 15:17:49.992,31.87551,False,18.7672,0.8057284,-9.228498,0,0,0,1,0,0,1,False,-1,-1,0,0,0,-1
2026-07-01 15:17:50.035,31.9198,False,18.76697,0.8054557,-9.227797,0,0,0,1,0,0,1,False,-1,-1,0,0,0,-1
2026-07-01 15:17:50.080,31.96345,False,18.76658,0.8048115,-9.226484,0,0,0,1,0,0,1,False,-1,-1,0,0,0,-1
2026-07-01 15:17:50.113,31.99779,False,18.76646,0.8043522,-9.225035,0,0,0,1,0,0,1,False,-1,-1,0,0,0,-1
2026-07-01 15:17:50.149,32.03344,False,18.76628,0.8042349,-9.223558,0,0,0,1,0,0,1,False,-1,-1,0,0,0,-1
2026-07-01 15:17:50.183,32.06712,False,18.76598,0.8041561,-9.222656,0,0,0,1,0,0,1,False,-1,-1,0,0,0,-1
2026-07-01 15:17:50.218,32.10199,False,18.76546,0.8036931,-9.221601,0,0,0,1,0,0,1,False,-1,-1,0,0,0,-1
2026-07-01 15:17:50.252,32.13575,False,18.76485,0.8033872,-9.2207,0,0,0,1,0,0,1,False,-1,-1,0,0,0,-1
2026-07-01 15:17:50.286,32.17009,False,18.7648,0.8034738,-9.220428,0,0,0,1,0,0,1,False,-1,-1,0,0,0,-1
2026-07-01 15:17:50.329,32.21334,False,18.76528,0.8033077,-9.220446,0,0,0,1,0,0,1,False,-1,-1,0,0,0,-1
2026-07-01 15:17:50.363,32.24759,False,18.76541,0.8033283,-9.220686,0,0,0,1,0,0,1,False,-1,-1,0,0,0,-1
2026-07-01 15:17:50.406,32.29081,False,18.76579,0.8033998,-9.221242,0,0,0,1,0,0,1,False,-1,-1,0,0,0,-1
2026-07-01 15:17:50.440,32.32452,False,18.76596,0.8034493,-9.221857,0,0,0,1,0,0,1,False,-1,-1,0,0,0,-1
2026-07-01 15:17:50.485,32.36885,False,18.76604,0.8034791,-9.222351,0,0,0,1,0,0,1,False,-1,-1,0,0,0,-1
2026-07-01 15:17:50.518,32.4024,False,18.7661,0.8034094,-9.222585,0,0,0,1,0,0,1,False,-1,-1,0,0,0,-1
2026-07-01 15:17:50.561,32.44606,False,18.76636,0.8034782,-9.222606,0,0,0,1,0,0,1,False,-1,-1,0,0,0,-1
2026-07-01 15:17:50.596,32.48001,False,18.76665,0.8034139,-9.222426,0,0,0,1,0,0,1,False,-1,-1,0,0,0,-1
2026-07-01 15:17:50.629,32.51339,False,18.76664,0.8032536,-9.22208,0,0,0,1,0,0,1,False,-1,-1,0,0,0,-1
2026-07-01 15:17:50.683,32.56018,False,18.76675,0.8030778,-9.221672,0,0,0,1,0,0,1,False,-1,-1,0,0,0,-1
2026-07-01 15:17:50.723,32.59866,False,18.76666,0.8031521,-9.221453,0,0,0,1,0,0,1,False,-1,-1,0,0,0,-1
2026-07-01 15:17:50.759,32.6361,False,18.76664,0.8030205,-9.220954,0,0,0,1,0,0,1,False,-1,-1,0,0,0,-1
2026-07-01 15:17:50.794,32.67163,False,18.76684,0.8028992,-9.220575,0,0,0,1,0,0,1,False,-1,-1,0,0,0,-1
2026-07-01 15:17:50.834,32.71021,False,18.76694,0.8029448,-9.220433,0,0,0,1,0,0,1,False,-1,-1,0,0,0,-1
2026-07-01 15:17:50.876,32.75276,False,18.76653,0.8027698,-9.220062,0,0,0,1,0,0,1,False,-1,-1,0,0,0,-1
2026-07-01 15:17:50.916,32.79343,False,18.76644,0.8028034,-9.219501,0,0,0,1,0,0,1,False,-1,-1,0,0,0,-1
2026-07-01 15:17:50.963,32.83701,False,18.76678,0.8028732,-9.218442,0,0,0,1,0,0,1,False,-1,-1,0,0,0,-1
2026-07-01 15:17:51.002,32.87947,False,18.76766,0.8028147,-9.218096,0,0,0,1,0,0,1,False,-1,-1,0,0,0,-1
2026-07-01 15:17:51.051,32.92715,False,18.76733,0.802972,-9.218262,0,0,0,1,0,0,1,False,-1,-1,0,0,0,-1
2026-07-01 15:17:51.094,32.97158,False,18.76702,0.8028611,-9.21884,0,0,0,1,0,0,1,False,-1,-1,0,0,0,-1
2026-07-01 15:17:51.137,33.01493,False,18.76661,0.802905,-9.219398,0,0,0,1,0,0,1,False,-1,-1,0,0,0,-1
2026-07-01 15:17:51.184,33.06072,False,18.76656,0.8028588,-9.219865,0,0,0,1,0,0,1,False,-1,-1,0,0,0,-1
2026-07-01 15:17:51.225,33.10285,False,18.76611,0.8028872,-9.220176,0,0,0,1,0,0,1,False,-1,-1,0,0,0,-1
2026-07-01 15:17:51.273,33.14898,False,18.76583,0.802866,-9.220529,0,0,0,1,0,0,1,False,-1,-1,0,0,0,-1
2026-07-01 15:17:51.316,33.19177,False,18.76618,0.8028575,-9.220512,0,0,0,1,0,0,1,False,-1,-1,0,0,0,-1
2026-07-01 15:17:51.350,33.22819,False,18.7664,0.8028903,-9.220631,0,0,0,1,0,0,1,False,-1,-1,0,0,0,-1
2026-07-01 15:17:51.387,33.26275,False,18.76639,0.8028625,-9.220801,0,0,0,1,0,0,1,False,-1,-1,0,0,0,-1
2026-07-01 15:17:51.427,33.30463,False,18.76643,0.8028072,-9.220726,0,0,0,1,0,0,1,False,-1,-1,0,0,0,-1
2026-07-01 15:17:51.466,33.34082,False,18.7666,0.8027827,-9.220431,0,0,0,1,0,0,1,False,-1,-1,0,0,0,-1
2026-07-01 15:17:51.501,33.37764,False,18.76673,0.8027347,-9.22014,0,0,0,1,0,0,1,False,-1,-1,0,0,0,-1
2026-07-01 15:17:51.540,33.4156,False,18.76676,0.8027428,-9.219851,0,0,0,1,0,0,1,False,-1,-1,0,0,0,-1
2026-07-01 15:17:51.577,33.45362,False,18.76689,0.8026958,-9.219789,0,0,0,1,0,0,1,False,-1,-1,0,0,0,-1
2026-07-01 15:17:51.611,33.48857,False,18.76693,0.8027108,-9.219803,0,0,0,1,0,0,1,False,-1,-1,0,0,0,-1
2026-07-01 15:17:51.660,33.53777,False,18.76714,0.8027093,-9.219833,0,0,0,1,0,0,1,False,-1,-1,0,0,0,-1
2026-07-01 15:17:51.709,33.5864,False,18.76731,0.8027601,-9.219749,0,0,0,1,0,0,1,False,-1,-1,0,0,0,-1
2026-07-01 15:17:51.750,33.6255,False,18.76742,0.8027314,-9.21978,0,0,0,1,0,0,1,False,-1,-1,0,0,0,-1
2026-07-01 15:17:51.784,33.66046,False,18.76729,0.8027096,-9.219925,0,0,0,1,0,0,1,False,-1,-1,0,0,0,-1
2026-07-01 15:17:51.819,33.69662,False,18.76704,0.8027663,-9.220089,0,0,0,1,0,0,1,False,-1,-1,0,0,0,-1
2026-07-01 15:17:51.873,33.74879,False,18.76703,0.8027329,-9.219979,0,0,0,1,0,0,1,False,-1,-1,0,0,0,-1
2026-07-01 15:17:51.908,33.78646,False,18.76697,0.802785,-9.219772,0,0,0,1,0,0,1,False,-1,-1,0,0,0,-1
2026-07-01 15:17:51.950,33.82479,False,18.76695,0.8027064,-9.219457,0,0,0,1,0,0,1,False,-1,-1,0,0,0,-1
2026-07-01 15:17:51.990,33.86556,False,18.76713,0.8027507,-9.219164,0,0,0,1,0,0,1,False,-1,-1,0,0,0,-1
2026-07-01 15:17:52.031,33.90725,False,18.76706,0.8026591,-9.219319,0,0,0,1,0,0,1,False,-1,-1,0,0,0,-1
2026-07-01 15:17:52.068,33.9454,False,18.76715,0.8026863,-9.219666,0,0,0,1,0,0,1,False,-1,-1,0,0,0,-1
2026-07-01 15:17:52.110,33.9852,False,18.76744,0.802951,-9.220435,0,0,0,1,0,0,1,False,-1,-1,0,0,0,-1
2026-07-01 15:17:52.144,34.01982,False,18.76732,0.8029764,-9.220974,0,0,0,1,0,0,1,False,-1,-1,0,0,0,-1
2026-07-01 15:17:52.178,34.05503,False,18.76722,0.8027523,-9.221216,0,0,0,1,0,0,1,False,-1,-1,0,0,0,-1
2026-07-01 15:17:52.215,34.0907,False,18.76731,0.8026883,-9.221009,0,0,0,1,0,0,1,False,-1,-1,0,0,0,-1
2026-07-01 15:17:52.251,34.12753,False,18.76789,0.8025252,-9.220194,0,0,0,1,0,0,1,False,-1,-1,0,0,0,-1
2026-07-01 15:17:52.286,34.16117,False,18.76797,0.8024449,-9.219542,0,0,0,1,0,0,1,False,-1,-1,0,0,0,-1
2026-07-01 15:17:52.322,34.1987,False,18.76834,0.8024005,-9.21904,0,0,0,1,0,0,1,False,-1,-1,0,0,0,-1
2026-07-01 15:17:52.360,34.23705,False,18.76829,0.8023766,-9.218796,0,0,0,1,0,0,1,False,-1,-1,0,0,0,-1
2026-07-01 15:17:52.397,34.27265,False,18.76814,0.8025187,-9.218767,0,0,0,1,0,0,1,False,-1,-1,0,0,0,-1
2026-07-01 15:17:52.435,34.31108,False,18.76809,0.8025256,-9.219021,0,0,0,1,0,0,1,False,-1,-1,0,0,0,-1
2026-07-01 15:17:52.474,34.34947,False,18.76802,0.8025874,-9.219351,0,0,0,1,0,0,1,False,-1,-1,0,0,0,-1
2026-07-01 15:17:52.509,34.38655,False,18.7682,0.8025823,-9.219511,0,0,0,1,0,0,1,False,-1,-1,0,0,0,-1
2026-07-01 15:17:52.542,34.41991,False,18.76815,0.8025564,-9.219557,0,0,0,1,0,0,1,False,-1,-1,0,0,0,-1
2026-07-01 15:17:52.577,34.45358,False,18.76794,0.8025481,-9.219498,0,0,0,1,0,0,1,False,-1,-1,0,0,0,-1
2026-07-01 15:17:52.616,34.49165,False,18.76781,0.8025735,-9.219307,0,0,0,1,0,0,1,False,-1,-1,0,0,0,-1
2026-07-01 15:17:52.645,34.5291,False,18.76805,0.8025752,-9.218994,0,0,0,1,0,0,1,False,-1,-1,0,0,0,-1
2026-07-01 15:17:52.690,34.57361,False,18.76816,0.8024707,-9.218542,0,0,0,1,0,0,1,False,-1,-1,0,0,0,-1
2026-07-01 15:17:52.724,34.60739,False,18.76826,0.8024614,-9.218479,0,0,0,1,0,0,1,False,-1,-1,0,0,0,-1
2026-07-01 15:17:52.768,34.6519,False,18.76839,0.8025125,-9.218582,0,0,0,1,0,0,1,False,-1,-1,0,0,0,-1
2026-07-01 15:17:52.811,34.69585,False,18.76825,0.8024181,-9.218622,0,0,0,1,0,0,1,False,-1,-1,0,0,0,-1
2026-07-01 15:17:52.845,34.72945,False,18.76826,0.8024805,-9.218765,0,0,0,1,0,0,1,False,-1,-1,0,0,0,-1
2026-07-01 15:17:52.879,34.76288,False,18.76833,0.8024419,-9.218794,0,0,0,1,0,0,1,False,-1,-1,0,0,0,-1
2026-07-01 15:17:52.923,34.80667,False,18.76826,0.8024913,-9.218887,0,0,0,1,0,0,1,False,-1,-1,0,0,0,-1
2026-07-01 15:17:52.957,34.84018,False,18.76819,0.8024082,-9.218954,0,0,0,1,0,0,1,False,-1,-1,0,0,0,-1
2026-07-01 15:17:52.990,34.87366,False,18.7683,0.8023922,-9.219019,0,0,0,1,0,0,1,False,-1,-1,0,0,0,-1
2026-07-01 15:17:53.023,34.90703,False,18.76852,0.8023939,-9.21896,0,0,0,1,0,0,1,False,-1,-1,0,0,0,-1
2026-07-01 15:17:53.068,34.95182,False,18.76866,0.8023755,-9.218795,0,0,0,1,0,0,1,False,-1,-1,0,0,0,-1
2026-07-01 15:17:53.102,34.98516,False,18.76884,0.8023922,-9.218945,0,0,0,1,0,0,1,False,-1,-1,0,0,0,-1
2026-07-01 15:17:53.145,35.02895,False,18.76891,0.8024232,-9.219267,0,0,0,1,0,0,1,False,-1,-1,0,0,0,-1
2026-07-01 15:17:53.190,35.07361,False,18.76884,0.8025036,-9.219854,0,0,0,1,0,0,1,False,-1,-1,0,0,0,-1
2026-07-01 15:17:53.225,35.10931,False,18.76885,0.8027082,-9.220349,0,0,0,1,0,0,1,False,-1,-1,0,0,0,-1
2026-07-01 15:17:53.268,35.14456,False,18.76909,0.8028495,-9.220602,0,0,0,1,0,0,1,False,-1,-1,0,0,0,-1
2026-07-01 15:17:53.303,35.17964,False,18.76901,0.8029346,-9.220973,0,0,0,1,0,0,1,False,-1,-1,0,0,0,-1
2026-07-01 15:17:53.341,35.21787,False,18.7687,0.8030229,-9.221965,0,0,0,1,0,0,1,False,-1,-1,0,0,0,-1
2026-07-01 15:17:53.377,35.25381,False,18.7687,0.8031964,-9.222605,0,0,0,1,0,0,1,False,-1,-1,0,0,0,-1
2026-07-01 15:17:53.415,35.29121,False,18.76875,0.80318,-9.223016,0,0,0,1,0,0,1,False,-1,-1,0,0,0,-1
2026-07-01 15:17:53.450,35.32622,False,18.76856,0.8028544,-9.222841,0,0,0,1,0,0,1,False,-1,-1,0,0,0,-1
2026-07-01 15:17:53.492,35.37009,False,18.76861,0.8026429,-9.221781,0,0,0,1,0,0,1,False,-1,-1,0,0,0,-1
2026-07-01 15:17:53.539,35.41364,False,18.76873,0.8025121,-9.220591,0,0,0,1,0,0,1,False,-1,-1,0,0,0,-1
2026-07-01 15:17:53.582,35.4575,False,18.76829,0.8020669,-9.219072,0,0,0,1,0,0,1,False,-1,-1,0,0,0,-1
2026-07-01 15:17:53.625,35.50295,False,18.76889,0.8021592,-9.217793,0,0,0,1,0,0,1,False,-1,-1,0,0,0,-1
2026-07-01 15:17:53.670,35.54615,False,18.76918,0.8020377,-9.216419,0,0,0,1,0,0,1,False,-1,-1,0,0,0,-1
2026-07-01 15:17:53.716,35.59143,False,18.76938,0.8023267,-9.216036,0,0,0,1,0,0,1,False,-1,-1,0,0,0,-1
2026-07-01 15:17:53.758,35.63462,False,18.76912,0.802305,-9.2169,0,0,0,1,0,0,1,False,-1,-1,0,0,0,-1
2026-07-01 15:17:53.803,35.67858,False,18.76894,0.8022218,-9.217745,0,0,0,1,0,0,1,False,-1,-1,0,0,0,-1
2026-07-01 15:17:53.850,35.72646,False,18.76905,0.8024126,-9.218725,0,0,0,1,0,0,1,False,-1,-1,0,0,0,-1
2026-07-01 15:17:53.890,35.76606,False,18.76912,0.8024089,-9.218903,0,0,0,1,0,0,1,False,-1,-1,0,0,0,-1
2026-07-01 15:17:53.927,35.80243,False,18.76924,0.8023722,-9.219029,0,0,0,1,0,0,1,False,-1,-1,0,0,0,-1
2026-07-01 15:17:53.966,35.84149,False,18.76904,0.8023176,-9.218708,0,0,0,1,0,0,1,False,-1,-1,0,0,0,-1
2026-07-01 15:17:54.001,35.87818,False,18.76919,0.8022788,-9.21838,0,0,0,1,0,0,1,False,-1,-1,0,0,0,-1
2026-07-01 15:17:54.037,35.91359,False,18.76937,0.802264,-9.218168,0,0,0,1,0,0,1,False,-1,-1,0,0,0,-1
2026-07-01 15:17:54.076,35.95289,False,18.76961,0.8022781,-9.218216,0,0,0,1,0,0,1,False,-1,-1,0,0,0,-1
2026-07-01 15:17:54.112,35.98747,False,18.76957,0.8023057,-9.21837,0,0,0,1,0,0,1,False,-1,-1,0,0,0,-1
2026-07-01 15:17:54.149,36.02453,False,18.76949,0.8022664,-9.218452,0,0,0,1,0,0,1,False,-1,-1,0,0,0,-1
2026-07-01 15:17:54.185,36.0624,False,18.76915,0.8022733,-9.218573,0,0,0,1,0,0,1,False,-1,-1,0,0,0,-1
2026-07-01 15:17:54.224,36.09971,False,18.7689,0.8022391,-9.218815,0,0,0,1,0,0,1,False,-1,-1,0,0,0,-1
2026-07-01 15:17:54.261,36.13607,False,18.76858,0.8021801,-9.219,0,0,0,1,0,0,1,False,-1,-1,0,0,0,-1
2026-07-01 15:17:54.297,36.17423,False,18.76851,0.8022222,-9.219204,0,0,0,1,0,0,1,False,-1,-1,0,0,0,-1
2026-07-01 15:17:54.332,36.20971,False,18.76864,0.802152,-9.219221,0,0,0,1,0,0,1,False,-1,-1,0,0,0,-1
2026-07-01 15:17:54.368,36.24466,False,18.76867,0.8022705,-9.219506,0,0,0,1,0,0,1,False,-1,-1,0,0,0,-1
2026-07-01 15:17:54.407,36.28241,False,18.76868,0.8022102,-9.219873,0,0,0,1,0,0,1,False,-1,-1,0,0,0,-1
2026-07-01 15:17:54.442,36.31997,False,18.76885,0.8023536,-9.220217,0,0,0,1,0,0,1,False,-1,-1,0,0,0,-1
2026-07-01 15:17:54.483,36.35768,False,18.76906,0.8023676,-9.220695,0,0,0,1,0,0,1,False,-1,-1,0,0,0,-1
2026-07-01 15:17:54.521,36.3974,False,18.7692,0.8024037,-9.22127,0,0,0,1,0,0,1,False,-1,-1,0,0,0,-1
2026-07-01 15:17:54.559,36.4349,False,18.76923,0.802425,-9.221562,0,0,0,1,0,0,1,False,-1,-1,0,0,0,-1
2026-07-01 15:17:54.596,36.47264,False,18.76924,0.802348,-9.221535,0,0,0,1,0,0,1,False,-1,-1,0,0,0,-1
2026-07-01 15:17:54.633,36.5098,False,18.76918,0.8023233,-9.221506,0,0,0,1,0,0,1,False,-1,-1,0,0,0,-1
2026-07-01 15:17:54.667,36.55124,False,18.7693,0.8021736,-9.221182,0,0,0,1,0,0,1,False,-1,-1,0,0,0,-1
2026-07-01 15:17:54.712,36.59508,False,18.76941,0.8022751,-9.220865,0,0,0,1,0,0,1,False,-1,-1,0,0,0,-1
2026-07-01 15:17:54.755,36.63934,False,18.7696,0.8022578,-9.220406,0,0,0,1,0,0,1,False,-1,-1,0,0,0,-1
2026-07-01 15:17:54.800,36.68359,False,18.77007,0.8022578,-9.220208,0,0,0,1,0,0,1,False,-1,-1,0,0,0,-1
2026-07-01 15:17:54.834,36.71695,False,18.77018,0.8022537,-9.220039,0,0,0,1,0,0,1,False,-1,-1,0,0,0,-1
2026-07-01 15:17:54.878,36.76145,False,18.77032,0.8022534,-9.219856,0,0,0,1,0,0,1,False,-1,-1,0,0,0,-1
2026-07-01 15:17:54.922,36.80611,False,18.77043,0.8022348,-9.219998,0,0,0,1,0,0,1,False,-1,-1,0,0,0,-1
2026-07-01 15:17:54.957,36.84041,False,18.77059,0.8022085,-9.220074,0,0,0,1,0,0,1,False,-1,-1,0,0,0,-1
2026-07-01 15:17:55.000,36.8834,False,18.77055,0.8022605,-9.220121,0,0,0,1,0,0,1,False,-1,-1,0,0,0,-1
2026-07-01 15:17:55.033,36.91726,False,18.77034,0.8021903,-9.219995,0,0,0,1,0,0,1,False,-1,-1,0,0,0,-1
2026-07-01 15:17:55.067,36.95078,False,18.77018,0.8020864,-9.219762,0,0,0,1,0,0,1,False,-1,-1,0,0,0,-1
2026-07-01 15:17:55.112,36.99498,False,18.77059,0.8020208,-9.219889,0,0,0,1,0,0,1,False,-1,-1,0,0,0,-1
2026-07-01 15:17:55.156,37.03908,False,18.77109,0.8022678,-9.22035,0,0,0,1,0,0,1,False,-1,-1,0,0,0,-1
2026-07-01 15:17:55.189,37.07312,False,18.77151,0.8026517,-9.221275,0,0,0,1,0,0,1,False,-1,-1,0,0,0,-1
2026-07-01 15:17:55.224,37.10746,False,18.77222,0.8030275,-9.222398,0,0,0,1,0,0,1,False,-1,-1,0,0,0,-1
2026-07-01 15:17:55.260,37.14305,False,18.77276,0.803591,-9.223997,0,0,0,1,0,0,1,False,-1,-1,0,0,0,-1
2026-07-01 15:17:55.295,37.17787,False,18.77298,0.8041207,-9.225955,0,0,0,1,0,0,1,False,-1,-1,0,0,0,-1
2026-07-01 15:17:55.338,37.22189,False,18.77371,0.8047671,-9.228537,0,0,0,1,0,0,1,False,-1,-1,0,0,0,-1
2026-07-01 15:17:55.372,37.25565,False,18.7747,0.805494,-9.230475,0,0,0,1,0,0,1,False,-1,-1,0,0,0,-1
2026-07-01 15:17:55.406,37.28944,False,18.77531,0.805958,-9.232353,0,0,0,1,0,0,1,False,-1,-1,0,0,0,-1
2026-07-01 15:17:55.450,37.33314,False,18.77555,0.8065311,-9.23447,0,0,0,1,0,0,1,False,-1,-1,0,0,0,-1
2026-07-01 15:17:55.494,37.3779,False,18.77569,0.8070816,-9.236169,0,0,0,1,0,0,1,False,-1,-1,0,0,0,-1
2026-07-01 15:17:55.529,37.41283,False,18.77552,0.8070494,-9.23666,0,0,0,1,0,0,1,False,-1,-1,0,0,0,-1
2026-07-01 15:17:55.571,37.45523,False,18.77525,0.8068345,-9.236158,0,0,0,1,0,0,1,False,-1,-1,0,0,0,-1
2026-07-01 15:17:55.616,37.49955,False,18.77548,0.8064499,-9.234261,0,0,0,1,0,0,1,False,-1,-1,0,0,0,-1
2026-07-01 15:17:55.662,37.54531,False,18.77528,0.8056205,-9.23136,0,0,0,1,0,0,1,False,-1,-1,0,0,0,-1
2026-07-01 15:17:55.705,37.58858,False,18.77468,0.8042696,-9.227544,0,0,0,1,0,0,1,False,-1,-1,0,0,0,-1
2026-07-01 15:17:55.739,37.62203,False,18.77419,0.8037466,-9.224816,0,0,0,1,0,0,1,False,-1,-1,0,0,0,-1
2026-07-01 15:17:55.772,37.65565,False,18.77411,0.8034677,-9.222581,0,0,0,1,0,0,1,False,-1,-1,0,0,0,-1
2026-07-01 15:17:55.827,37.70303,False,18.77296,0.8031619,-9.221541,0,0,0,1,0,0,1,False,-1,-1,0,0,0,-1
2026-07-01 15:17:55.866,37.74136,False,18.7727,0.803056,-9.221588,0,0,0,1,0,0,1,False,-1,-1,0,0,0,-1
2026-07-01 15:17:55.900,37.77725,False,18.77269,0.8030351,-9.221946,0,0,0,1,0,0,1,False,-1,-1,0,0,0,-1
2026-07-01 15:17:55.939,37.8156,False,18.77333,0.8031797,-9.22221,0,0,0,1,0,0,1,False,-1,-1,0,0,0,-1
2026-07-01 15:17:55.982,37.8578,False,18.77393,0.80339,-9.222501,0,0,0,1,0,0,1,False,-1,-1,0,0,0,-1
2026-07-01 15:17:56.025,37.9021,False,18.77392,0.8035052,-9.222912,0,0,0,1,0,0,1,False,-1,-1,0,0,0,-1
2026-07-01 15:17:56.072,37.94676,False,18.77265,0.8032812,-9.223698,0,0,0,1,0,0,1,False,-1,-1,0,0,0,-1
2026-07-01 15:17:56.116,37.99295,False,18.77129,0.8032036,-9.22409,0,0,0,1,0,0,1,False,-1,-1,0,0,0,-1
2026-07-01 15:17:56.160,38.03599,False,18.76982,0.803037,-9.223816,0,0,0,1,0,0,1,False,-1,-1,0,0,0,-1
2026-07-01 15:17:56.204,38.07854,False,18.76744,0.802802,-9.223484,0,0,0,1,0,0,1,False,-1,-1,0,0,0,-1
2026-07-01 15:17:56.251,38.12527,False,18.76324,0.8029172,-9.223945,0,0,0,1,0,0,1,False,-1,-1,0,0,0,-1
2026-07-01 15:17:56.298,38.17092,False,18.76342,0.8024387,-9.224885,0,0,0,1,0,0,1,False,-1,-1,0,0,0,-1
2026-07-01 15:17:56.344,38.21655,False,18.76173,0.8027144,-9.223053,0,0,0,1,0,0,1,False,-1,-1,0,0,0,-1
2026-07-01 15:17:56.384,38.26213,False,18.76113,0.8030234,-9.22274,0,0,0,1,0,0,1,False,-1,-1,0,0,0,-1
2026-07-01 15:17:56.426,38.30324,False,18.76185,0.8030009,-9.224528,0,0,0,1,0,0,1,False,-1,-1,0,0,0,-1
2026-07-01 15:17:56.468,38.34256,False,18.76347,0.803216,-9.224534,0,0,0,1,0,0,1,False,-1,-1,0,0,0,-1
2026-07-01 15:17:56.510,38.38443,False,18.76452,0.8030239,-9.223294,0,0,0,1,0,0,1,False,-1,-1,0,0,0,-1
2026-07-01 15:17:56.542,38.42011,False,18.76425,0.803078,-9.222487,0,0,0,1,0,0,1,False,-1,-1,0,0,0,-1
2026-07-01 15:17:56.583,38.45796,False,18.7634,0.8031306,-9.223135,0,0,0,1,0,0,1,False,-1,-1,0,0,0,-1
2026-07-01 15:17:56.616,38.4934,False,18.76355,0.8031269,-9.224484,0,0,0,1,0,0,1,False,-1,-1,0,0,0,-1
2026-07-01 15:17:56.650,38.52716,False,18.76362,0.8031034,-9.225012,0,0,0,1,0,0,1,False,-1,-1,0,0,0,-1
2026-07-01 15:17:56.688,38.56282,False,18.76347,0.8030958,-9.224112,0,0,0,1,0,0,1,False,-1,-1,0,0,0,-1
2026-07-01 15:17:56.726,38.60079,False,18.76355,0.8031969,-9.22325,0,0,0,1,0,0,1,False,-1,-1,0,0,0,-1
2026-07-01 15:17:56.765,38.64061,False,18.76342,0.8032652,-9.224375,0,0,0,1,0,0,1,False,-1,-1,0,0,0,-1
2026-07-01 15:17:56.802,38.67812,False,18.76306,0.8033237,-9.225101,0,0,0,1,0,0,1,False,-1,-1,0,0,0,-1
2026-07-01 15:17:56.841,38.71752,False,18.76297,0.8033414,-9.224763,0,0,0,1,0,0,1,False,-1,-1,0,0,0,-1
2026-07-01 15:17:56.876,38.75285,False,18.76317,0.803437,-9.224121,0,0,0,1,0,0,1,False,-1,-1,0,0,0,-1
2026-07-01 15:17:56.916,38.79161,False,18.763,0.8034573,-9.224579,0,0,0,1,0,0,1,False,-1,-1,0,0,0,-1
2026-07-01 15:17:56.959,38.83567,False,18.76267,0.8034038,-9.225535,0,0,0,1,0,0,1,False,-1,-1,0,0,0,-1
2026-07-01 15:17:57.001,38.87697,False,18.76265,0.803417,-9.225278,0,0,0,1,0,0,1,False,-1,-1,0,0,0,-1
2026-07-01 15:17:57.049,38.92386,False,18.76246,0.8034624,-9.224797,0,0,0,1,0,0,1,False,-1,-1,0,0,0,-1
2026-07-01 15:17:57.084,38.96065,False,18.76243,0.8035067,-9.225056,0,0,0,1,0,0,1,False,-1,-1,0,0,0,-1
2026-07-01 15:17:57.111,38.9948,False,18.7624,0.803358,-9.225626,0,0,0,1,0,0,1,False,-1,-1,0,0,0,-1
2026-07-01 15:17:57.154,39.0382,False,18.76246,0.8034016,-9.225527,0,0,0,1,0,0,1,False,-1,-1,0,0,0,-1
2026-07-01 15:17:57.189,39.07247,False,18.76233,0.8034724,-9.225132,0,0,0,1,0,0,1,False,-1,-1,0,0,0,-1
2026-07-01 15:17:57.234,39.11674,False,18.76232,0.8035412,-9.22518,0,0,0,1,0,0,1,False,-1,-1,0,0,0,-1
2026-07-01 15:17:57.277,39.16058,False,18.76204,0.8034903,-9.22605,0,0,0,1,0,0,1,False,-1,-1,0,0,0,-1
2026-07-01 15:17:57.310,39.19432,False,18.76219,0.8034917,-9.226089,0,0,0,1,0,0,1,False,-1,-1,0,0,0,-1
2026-07-01 15:17:57.346,39.22966,False,18.76215,0.8035618,-9.225867,0,0,0,1,0,0,1,False,-1,-1,0,0,0,-1
2026-07-01 15:17:57.388,39.27185,False,18.76202,0.8036056,-9.226012,0,0,0,1,0,0,1,False,-1,-1,0,0,0,-1
2026-07-01 15:17:57.422,39.3055,False,18.76197,0.8036042,-9.226711,0,0,0,1,0,0,1,False,-1,-1,0,0,0,-1
2026-07-01 15:17:57.464,39.34658,False,18.76194,0.8036005,-9.226978,0,0,0,1,0,0,1,False,-1,-1,0,0,0,-1
2026-07-01 15:17:57.500,39.3832,False,18.76193,0.8036033,-9.226587,0,0,0,1,0,0,1,False,-1,-1,0,0,0,-1
2026-07-01 15:17:57.544,39.42769,False,18.76162,0.8036944,-9.226653,0,0,0,1,0,0,1,False,-1,-1,0,0,0,-1
2026-07-01 15:17:57.579,39.46175,False,18.76151,0.8036646,-9.22721,0,0,0,1,0,0,1,False,-1,-1,0,0,0,-1
2026-07-01 15:17:57.622,39.50521,False,18.76158,0.803627,-9.227501,0,0,0,1,0,0,1,False,-1,-1,0,0,0,-1
2026-07-01 15:17:57.667,39.55009,False,18.76164,0.8036612,-9.227333,0,0,0,1,0,0,1,False,-1,-1,0,0,0,-1
2026-07-01 15:17:57.701,39.58526,False,18.76162,0.8037251,-9.227355,0,0,0,1,0,0,1,False,-1,-1,0,0,0,-1
2026-07-01 15:17:57.735,39.61936,False,18.76159,0.8037839,-9.227779,0,0,0,1,0,0,1,False,-1,-1,0,0,0,-1
2026-07-01 15:17:57.780,39.66348,False,18.76131,0.8038408,-9.228012,0,0,0,1,0,0,1,False,-1,-1,0,0,0,-1
2026-07-01 15:17:57.814,39.69756,False,18.76121,0.8038571,-9.227883,0,0,0,1,0,0,1,False,-1,-1,0,0,0,-1
2026-07-01 15:17:57.848,39.73146,False,18.76109,0.8039484,-9.228009,0,0,0,1,0,0,1,False,-1,-1,0,0,0,-1
2026-07-01 15:17:57.885,39.76855,False,18.76093,0.8039798,-9.228179,0,0,0,1,0,0,1,False,-1,-1,0,0,0,-1
2026-07-01 15:17:57.922,39.80661,False,18.76092,0.8039864,-9.22843,0,0,0,1,0,0,1,False,-1,-1,0,0,0,-1
2026-07-01 15:17:57.958,39.84066,False,18.76085,0.803999,-9.228531,0,0,0,1,0,0,1,False,-1,-1,0,0,0,-1
2026-07-01 15:17:58.001,39.88437,False,18.76074,0.804017,-9.228444,0,0,0,1,0,0,1,False,-1,-1,0,0,0,-1
2026-07-01 15:17:58.035,39.91866,False,18.7606,0.8040472,-9.228571,0,0,0,1,0,0,1,False,-1,-1,0,0,0,-1
2026-07-01 15:17:58.078,39.96218,False,18.76056,0.8040638,-9.228982,0,0,0,1,0,0,1,False,-1,-1,0,0,0,-1
2026-07-01 15:17:58.112,39.99609,False,18.76049,0.8040383,-9.22905,0,0,0,1,0,0,1,False,-1,-1,0,0,0,-1
2026-07-01 15:17:58.158,40.04064,False,18.76045,0.8040786,-9.22893,0,0,0,1,0,0,1,False,-1,-1,0,0,0,-1
2026-07-01 15:17:58.201,40.08435,False,18.76044,0.804095,-9.22893,0,0,0,1,0,0,1,False,-1,-1,0,0,0,-1
2026-07-01 15:17:58.234,40.11772,False,18.76037,0.8040805,-9.229256,0,0,0,1,0,0,1,False,-1,-1,0,0,0,-1
2026-07-01 15:17:58.269,40.1523,False,18.76037,0.8040496,-9.229408,0,0,0,1,0,0,1,False,-1,-1,0,0,0,-1
2026-07-01 15:17:58.312,40.19639,False,18.76045,0.8041353,-9.229383,0,0,0,1,0,0,1,False,-1,-1,0,0,0,-1
2026-07-01 15:17:58.347,40.23056,False,18.76052,0.8041779,-9.229531,0,0,0,1,0,0,1,False,-1,-1,0,0,0,-1
2026-07-01 15:17:58.382,40.26461,False,18.76038,0.8042424,-9.229778,0,0,0,1,0,0,1,False,-1,-1,0,0,0,-1
2026-07-01 15:17:58.415,40.2984,False,18.76018,0.8042946,-9.229809,0,0,0,1,0,0,1,False,-1,-1,0,0,0,-1
2026-07-01 15:17:58.449,40.33233,False,18.76013,0.8043582,-9.229835,0,0,0,1,0,0,1,False,-1,-1,0,0,0,-1
2026-07-01 15:17:58.494,40.37663,False,18.76006,0.8043537,-9.229954,0,0,0,1,0,0,1,False,-1,-1,0,0,0,-1
2026-07-01 15:17:58.528,40.41075,False,18.76014,0.8043333,-9.229925,0,0,0,1,0,0,1,False,-1,-1,0,0,0,-1
2026-07-01 15:17:58.570,40.4542,False,18.7599,0.8042262,-9.230186,0,0,0,1,0,0,1,False,-1,-1,0,0,0,-1
2026-07-01 15:17:58.606,40.48922,False,18.75999,0.8042797,-9.230261,0,0,0,1,0,0,1,False,-1,-1,0,0,0,-1
2026-07-01 15:17:58.649,40.53222,False,18.75992,0.8042885,-9.230262,0,0,0,1,0,0,1,False,-1,-1,0,0,0,-1
2026-07-01 15:17:58.693,40.57649,False,18.75987,0.8043173,-9.230371,0,0,0,1,0,0,1,False,-1,-1,0,0,0,-1
2026-07-01 15:17:58.739,40.62203,False,18.75972,0.8043761,-9.23071,0,0,0,1,0,0,1,False,-1,-1,0,0,0,-1
2026-07-01 15:17:58.782,40.66536,False,18.75971,0.8044195,-9.230783,0,0,0,1,0,0,1,False,-1,-1,0,0,0,-1
2026-07-01 15:17:58.826,40.70987,False,18.75961,0.8044474,-9.230966,0,0,0,1,0,0,1,False,-1,-1,0,0,0,-1
2026-07-01 15:17:58.860,40.74334,False,18.75961,0.8044723,-9.231049,0,0,0,1,0,0,1,False,-1,-1,0,0,0,-1
2026-07-01 15:17:58.904,40.78679,False,18.75959,0.8045238,-9.231216,0,0,0,1,0,0,1,False,-1,-1,0,0,0,-1
2026-07-01 15:17:58.948,40.83108,False,18.75943,0.8045202,-9.231352,0,0,0,1,0,0,1,False,-1,-1,0,0,0,-1
2026-07-01 15:17:58.984,40.86636,False,18.75936,0.8045547,-9.231305,0,0,0,1,0,0,1,False,-1,-1,0,0,0,-1
2026-07-01 15:17:59.026,40.90944,False,18.7592,0.8045896,-9.231287,0,0,0,1,0,0,1,False,-1,-1,0,0,0,-1
2026-07-01 15:17:59.168,41.04942,False,18.76244,0.8034794,-9.224958,0,0,0,0,0,0,1,False,-1,-1,0,0,0,-1
