RealTime,UnityTime,GazeValid,GazeOriginX,GazeOriginY,GazeOriginZ,GazeRotX,GazeRotY,GazeRotZ,GazeRotW,GazeDirX,GazeDirY,GazeDirZ,HitPainting,ImageX,ImageY,HitPointX,HitPointY,HitPointZ,HitDistance
21:04.4,0.6201769,FALSE,21.68793,1.458833,9.937082,0,0,0,1,0,0,1,FALSE,-1,-1,0,0,0,-1
21:04.5,0.6695128,FALSE,21.69624,1.457538,9.935457,0,0,0,1,0,0,1,FALSE,-1,-1,0,0,0,-1
21:04.5,0.716777,FALSE,21.70522,1.45592,9.934013,0,0,0,1,0,0,1,FALSE,-1,-1,0,0,0,-1
21:04.6,0.7735488,FALSE,21.71488,1.454596,9.934178,0,0,0,1,0,0,1,FALSE,-1,-1,0,0,0,-1
21:04.6,0.8189011,FALSE,21.71857,1.453612,9.934493,0,0,0,1,0,0,1,FALSE,-1,-1,0,0,0,-1
21:04.7,0.8618167,TRUE,21.72396,1.452387,9.938816,-0.2471309,-0.9619235,0,0.1167449,-0.2245994,0.05770256,-0.9727412,FALSE,-1,-1,0,0,0,-1
21:04.7,0.9233865,TRUE,21.72636,1.44934,9.947014,-0.7737964,-0.6237592,0,0.1102896,-0.1375883,0.1706834,-0.9756724,FALSE,-1,-1,0,0,0,-1
21:04.8,0.958222,TRUE,21.7268,1.450112,9.953516,-0.8516507,-0.5130948,0,0.106887,-0.1096863,0.1820608,-0.9771503,FALSE,-1,-1,0,0,0,-1
21:04.8,0.9920164,TRUE,21.72719,1.449794,9.960983,-0.8939375,-0.4378044,0,0.09593374,-0.0840004,0.1715175,-0.9815935,FALSE,-1,-1,0,0,0,-1
21:04.9,1.058088,TRUE,21.72684,1.446414,9.979259,-0.9695039,-0.2212886,0,0.1053265,-0.04661508,0.2042288,-0.9778127,FALSE,-1,-1,0,0,0,-1
21:04.9,1.0934,TRUE,21.72657,1.444999,9.989342,-0.9728216,-0.2120187,0,0.09309278,-0.03947481,0.1811253,-0.9826674,FALSE,-1,-1,0,0,0,-1
21:05.0,1.127418,TRUE,21.72562,1.445393,9.998671,-0.8945769,-0.4419468,0,0.06644758,-0.05873258,0.1188849,-0.9911695,FALSE,-1,-1,0,0,0,-1
21:05.0,1.163697,TRUE,21.72419,1.445739,10.00865,-0.4546319,-0.8899848,0,0.03516942,-0.06260049,0.03197827,-0.9975262,FALSE,-1,-1,0,0,0,-1
21:05.0,1.224235,TRUE,21.72099,1.447619,10.02958,-0.8108174,-0.584919,0,0.02109477,-0.02467746,0.03420801,-0.99911,FALSE,-1,-1,0,0,0,-1
21:05.1,1.289908,TRUE,21.71784,1.447494,10.04776,-0.9361433,-0.3504346,0,0.02883434,-0.0202091,0.05398615,-0.9983371,FALSE,-1,-1,0,0,0,-1
21:05.1,1.323478,TRUE,21.7161,1.446968,10.05561,-0.8993616,-0.4366466,0,0.02210151,-0.0193011,0.03975451,-0.9990231,FALSE,-1,-1,0,0,0,-1
21:05.2,1.35779,TRUE,21.71532,1.445558,10.06268,-0.9997238,0.001043553,0,0.02347994,4.900512E-05,0.04694691,-0.9988974,FALSE,-1,-1,0,0,0,-1
21:05.2,1.424221,TRUE,21.71473,1.446147,10.07588,-0.571731,0.8201469,0,0.02197045,0.03603799,0.02512237,-0.9990346,FALSE,-1,-1,0,0,0,-1
21:05.3,1.492374,TRUE,21.71741,1.446856,10.08644,-0.2939594,0.9551511,0,0.03569713,0.0681923,0.02098701,-0.9974514,FALSE,-1,-1,0,0,0,-1
21:05.4,1.558311,TRUE,21.72115,1.447498,10.09402,0.5081839,0.8590934,0,0.06089116,0.1046224,-0.06188781,-0.9925845,FALSE,-1,-1,0,0,0,-1
21:05.4,1.591825,TRUE,21.72348,1.448314,10.09554,0.5354717,0.8420044,0,0.06556411,0.1104105,-0.07021545,-0.9914027,FALSE,-1,-1,0,0,0,-1
21:05.5,1.633539,TRUE,21.72794,1.449353,10.09853,0.5215057,0.8502447,0,0.07152505,0.1216276,-0.07460143,-0.9897683,FALSE,-1,-1,0,0,0,-1
21:05.5,1.677936,TRUE,21.73351,1.451156,10.10022,-0.5959368,0.8018231,0,0.04403416,0.07061522,0.05248316,-0.996122,FALSE,-1,-1,0,0,0,-1
21:05.6,1.725352,TRUE,21.73839,1.452742,10.09995,-0.9877436,-0.07442405,0,0.1371991,-0.02042183,0.2710351,-0.9623528,FALSE,-1,-1,0,0,0,-1
21:05.6,1.768865,TRUE,21.743,1.455996,10.09931,-0.978265,-0.1562495,0,0.1363222,-0.04260052,0.2667183,-0.9628325,FALSE,-1,-1,0,0,0,-1
21:05.6,1.812452,TRUE,21.74806,1.459505,10.09835,-0.961026,-0.2451127,0,0.1278623,-0.06268137,0.2457581,-0.9673024,FALSE,-1,-1,0,0,0,-1
21:05.7,1.856597,TRUE,21.75215,1.462782,10.09572,-0.7481267,-0.6379023,0,0.1827215,-0.2331169,0.2733977,-0.9332258,FALSE,-1,-1,0,0,0,-1
21:05.7,1.899884,TRUE,21.75517,1.463438,10.09353,0.8257465,-0.539907,0,0.1632277,-0.1762555,-0.2695694,-0.9467134,FALSE,-1,-1,0,0,0,-1
21:05.8,1.946864,FALSE,21.75767,1.461745,10.09329,0,0,0,1,0,0,1,FALSE,-1,-1,0,0,0,-1
21:05.8,1.988777,TRUE,21.76046,1.460126,10.09341,0.4073,-0.78351,0,0.4692748,-0.7353631,-0.3822713,-0.5595623,FALSE,-1,-1,0,0,0,-1
21:05.9,2.033616,TRUE,21.76245,1.457357,10.09429,-0.5400543,-0.8261584,0,0.1606357,-0.2654209,0.1735039,-0.9483923,FALSE,-1,-1,0,0,0,-1
21:05.9,2.080621,TRUE,21.76278,1.453394,10.09627,-0.8977172,-0.4231025,0,0.1228335,-0.1039423,0.2205395,-0.9698238,FALSE,-1,-1,0,0,0,-1
21:05.9,2.122534,TRUE,21.76161,1.449789,10.09855,-0.9637155,-0.2254007,0,0.1429929,-0.0644614,0.275609,-0.959106,FALSE,-1,-1,0,0,0,-1
21:06.0,2.170352,TRUE,21.75933,1.447086,10.10049,-0.937022,-0.3230939,0,0.1326653,-0.08572671,0.2486207,-0.9647998,FALSE,-1,-1,0,0,0,-1
21:06.0,2.20913,TRUE,21.75865,1.446853,10.10132,-0.9009453,-0.4131218,0,0.1327703,-0.1097006,0.2392375,-0.9647442,FALSE,-1,-1,0,0,0,-1
21:06.1,2.254489,TRUE,21.75739,1.446344,10.10237,-0.8870794,-0.4401232,0,0.1392186,-0.1225467,0.2469959,-0.9612364,FALSE,-1,-1,0,0,0,-1
21:06.1,2.297874,TRUE,21.75771,1.446288,10.1025,-0.8588776,-0.4940715,0,0.1349913,-0.1333907,0.2318819,-0.9635547,FALSE,-1,-1,0,0,0,-1
21:06.2,2.339619,TRUE,21.75802,1.447338,10.10234,-0.8237221,-0.5525957,0,0.1269642,-0.1403198,0.2091664,-0.9677602,FALSE,-1,-1,0,0,0,-1
21:06.2,2.377905,TRUE,21.75845,1.449169,10.1027,-0.8238051,-0.554345,0,0.1185192,-0.131401,0.1952734,-0.9719064,FALSE,-1,-1,0,0,0,-1
21:06.2,2.418445,TRUE,21.75916,1.449747,10.10308,-0.8421057,-0.5260535,0,0.1188519,-0.1250449,0.2001717,-0.9717485,FALSE,-1,-1,0,0,0,-1
21:06.3,2.460696,FALSE,21.7596,1.449091,10.10326,0,0,0,1,0,0,1,FALSE,-1,-1,0,0,0,-1
21:06.3,2.504266,FALSE,21.76026,1.448142,10.10387,0,0,0,1,0,0,1,FALSE,-1,-1,0,0,0,-1
21:06.4,2.546777,TRUE,21.76118,1.447225,10.10403,-0.955206,-0.2821854,0,0.08917979,-0.05033046,0.1703701,-0.9840939,FALSE,-1,-1,0,0,0,-1
21:06.4,2.592186,TRUE,21.76174,1.447114,10.10365,-0.9726024,-0.2119764,0,0.09545012,-0.04046633,0.18567,-0.9817785,FALSE,-1,-1,0,0,0,-1
21:06.5,2.635837,TRUE,21.76254,1.446911,10.10254,-0.9686671,-0.2288353,0,0.09653214,-0.04417991,0.187015,-0.9813631,FALSE,-1,-1,0,0,0,-1
21:06.5,2.679558,TRUE,21.76279,1.446351,10.10163,-0.9717115,-0.2151972,0,0.09729837,-0.04187667,0.1890918,-0.981066,FALSE,-1,-1,0,0,0,-1
21:06.5,2.72467,TRUE,21.7627,1.445221,10.10101,-0.9800242,-0.1875784,0,0.06608369,-0.02479174,0.1295272,-0.9912658,FALSE,-1,-1,0,0,0,-1
21:06.6,2.768736,TRUE,21.76191,1.444099,10.09968,0.9872203,0.122272,0,0.1022039,0.02499334,-0.2017954,-0.9791087,FALSE,-1,-1,0,0,0,-1
21:06.6,2.81576,TRUE,21.76074,1.44214,10.09865,0.9904206,0.09554424,0,0.09969154,0.0190499,-0.1974731,-0.9801232,FALSE,-1,-1,0,0,0,-1
21:06.7,2.858303,TRUE,21.75965,1.441946,10.0978,0.9861587,0.137272,0,0.09299202,0.02553039,-0.1834098,-0.982705,FALSE,-1,-1,0,0,0,-1
21:06.7,2.901671,TRUE,21.75919,1.441761,10.09663,0.9883643,0.1243652,0,0.08757491,0.02178253,-0.1731118,-0.9846612,FALSE,-1,-1,0,0,0,-1
21:06.8,2.94881,TRUE,21.75865,1.442053,10.09664,0.9887082,0.09081884,0,0.1191977,0.02165079,-0.2357035,-0.9715838,FALSE,-1,-1,0,0,0,-1
21:06.8,2.994378,TRUE,21.75779,1.442835,10.09541,0.9905793,0.05930556,0,0.1234324,0.01464046,-0.2445392,-0.9695289,FALSE,-1,-1,0,0,0,-1
21:06.9,3.036383,TRUE,21.75703,1.44337,10.09432,0.9888247,0.0906684,0,0.1183427,0.02145988,-0.2340403,-0.97199,FALSE,-1,-1,0,0,0,-1
21:06.9,3.080571,TRUE,21.75674,1.443686,10.09284,0.9879665,0.09251672,0,0.1239475,0.02293443,-0.2449119,-0.969274,FALSE,-1,-1,0,0,0,-1
21:07.0,3.134419,TRUE,21.75681,1.442764,10.09149,0.9878548,0.09532674,0,0.1227018,0.02339353,-0.2424232,-0.9698885,FALSE,-1,-1,0,0,0,-1
21:07.0,3.180391,TRUE,21.75714,1.440978,10.09014,0.9900188,0.070458,0,0.1220597,0.01720016,-0.2416828,-0.9702029,FALSE,-1,-1,0,0,0,-1
21:07.0,3.224517,TRUE,21.75731,1.438302,10.08934,0.9929361,0.04222448,0,0.1108827,0.009363932,-0.2201989,-0.97541,FALSE,-1,-1,0,0,0,-1
21:07.1,3.268999,TRUE,21.75784,1.436567,10.08862,0.9948502,0.02108198,0,0.09914017,0.004180142,-0.1972592,-0.9803424,FALSE,-1,-1,0,0,0,-1
21:07.1,3.311742,TRUE,21.75791,1.435293,10.08712,0.993913,0.05250831,0,0.09684955,0.01017081,-0.19252,-0.9812404,FALSE,-1,-1,0,0,0,-1
21:07.2,3.357502,TRUE,21.75809,1.433551,10.08645,0.9937105,0.06533894,0,0.09094131,0.01188402,-0.1807387,-0.9834594,FALSE,-1,-1,0,0,0,-1
21:07.2,3.402476,TRUE,21.7576,1.430647,10.08558,0.9952042,0.04885498,0,0.08474565,0.008280493,-0.1686784,-0.9856364,FALSE,-1,-1,0,0,0,-1
21:07.3,3.446568,TRUE,21.75643,1.426878,10.08472,0.9902512,0.1131167,0,0.08128463,0.0183893,-0.1609844,-0.9867857,FALSE,-1,-1,0,0,0,-1
21:07.3,3.491994,FALSE,21.75518,1.422264,10.08389,0,0,0,1,0,0,1,FALSE,-1,-1,0,0,0,-1
21:07.4,3.536226,FALSE,21.75381,1.421151,10.08178,0,0,0,1,0,0,1,FALSE,-1,-1,0,0,0,-1
21:07.4,3.583743,TRUE,21.75251,1.423827,10.07946,-0.9371397,-0.3025785,0,0.1738256,-0.1051918,0.3257978,-0.9395694,FALSE,-1,-1,0,0,0,-1
21:07.5,3.628256,TRUE,21.75171,1.425897,10.07865,-0.9311112,-0.3127147,0,0.1877275,-0.1174103,0.3495903,-0.9295168,FALSE,-1,-1,0,0,0,-1
21:07.5,3.669063,TRUE,21.75053,1.427859,10.07715,-0.9380627,-0.2996379,0,0.1739416,-0.1042389,0.3263361,-0.9394886,FALSE,-1,-1,0,0,0,-1
21:07.5,3.709861,TRUE,21.74927,1.429474,10.07635,-0.9499876,-0.270721,0,0.155672,-0.08428735,0.2957729,-0.9515324,FALSE,-1,-1,0,0,0,-1
21:07.6,3.752673,TRUE,21.74756,1.43267,10.07444,-0.9510514,-0.2717742,0,0.1471054,-0.07995895,0.2798097,-0.95672,FALSE,-1,-1,0,0,0,-1
21:07.6,3.795258,TRUE,21.74568,1.437596,10.07219,-0.9428135,-0.3100481,0,0.1223639,-0.0758774,0.2307327,-0.9700541,FALSE,-1,-1,0,0,0,-1
21:07.7,3.841953,TRUE,21.7448,1.442595,10.07091,-0.9220196,-0.3743098,0,0.09885416,-0.07400416,0.1822909,-0.9804558,FALSE,-1,-1,0,0,0,-1
21:07.7,3.888769,TRUE,21.74415,1.446232,10.06982,-0.9541519,-0.2875799,0,0.08301825,-0.04774876,0.158424,-0.9862159,FALSE,-1,-1,0,0,0,-1
21:07.8,3.930299,TRUE,21.7436,1.447283,10.06935,-0.9531502,-0.2966368,0,0.05925622,-0.03515515,0.1129602,-0.9929774,FALSE,-1,-1,0,0,0,-1
21:07.8,3.972612,TRUE,21.74261,1.445738,10.06861,-0.9810691,-0.1856683,0,0.05505142,-0.0204426,0.1080185,-0.9939386,FALSE,-1,-1,0,0,0,-1
21:07.8,4.020276,TRUE,21.74104,1.44392,10.0671,-0.9836801,-0.1702773,0,0.05813115,-0.01979683,0.1143649,-0.9932415,FALSE,-1,-1,0,0,0,-1
21:07.9,4.064958,TRUE,21.73914,1.443696,10.06591,-0.9596362,0.2499121,0,0.1290053,0.06447996,0.2475962,-0.9667153,FALSE,-1,-1,0,0,0,-1
21:07.9,4.109099,TRUE,21.73664,1.44488,10.06505,-0.9583342,0.2451405,0,0.146635,0.07189234,0.2810506,-0.9569963,FALSE,-1,-1,0,0,0,-1
21:08.0,4.152303,TRUE,21.73322,1.44785,10.0648,-0.9544013,0.2610535,0,0.1448079,0.07560523,0.2764097,-0.9580614,FALSE,-1,-1,0,0,0,-1
21:08.0,4.195253,TRUE,21.73098,1.44936,10.06529,-0.9601114,0.2396846,0,0.1440046,0.06903137,0.2765209,-0.9585254,FALSE,-1,-1,0,0,0,-1
21:08.1,4.243605,TRUE,21.72948,1.449301,10.06535,-0.9712503,0.1950322,0,0.1365112,0.05324817,0.2651731,-0.9627294,FALSE,-1,-1,0,0,0,-1
21:08.1,4.291781,TRUE,21.72823,1.447711,10.06505,-0.9752465,0.177809,0,0.131447,0.04674493,0.2563865,-0.9654434,FALSE,-1,-1,0,0,0,-1
21:08.2,4.342036,TRUE,21.72724,1.445907,10.06401,-0.9774793,0.1759177,0,0.1165642,0.04101141,0.2278782,-0.9728256,FALSE,-1,-1,0,0,0,-1
21:08.2,4.386714,FALSE,21.72645,1.444527,10.06327,0,0,0,1,0,0,1,FALSE,-1,-1,0,0,0,-1
21:08.3,4.429885,FALSE,21.72581,1.444178,10.06312,0,0,0,1,0,0,1,FALSE,-1,-1,0,0,0,-1
21:08.3,4.473034,TRUE,21.72545,1.444556,10.06233,-0.8742349,-0.4842279,0,0.03516886,-0.03405948,0.06149167,-0.9975263,FALSE,-1,-1,0,0,0,-1
21:08.4,4.53459,TRUE,21.72599,1.443496,10.06184,-0.6982806,-0.7152481,0,0.02871434,-0.04107574,0.04010132,-0.9983509,FALSE,-1,-1,0,0,0,-1
21:08.4,4.601193,TRUE,21.72713,1.440492,10.06125,-0.9777048,-0.2053076,0,0.04406893,-0.01809537,0.0861728,-0.9961158,FALSE,-1,-1,0,0,0,-1
21:08.5,4.66757,TRUE,21.72867,1.438289,10.06078,-0.9355017,-0.350494,0,0.04461717,-0.03127609,0.08347885,-0.9960186,FALSE,-1,-1,0,0,0,-1
21:08.6,4.734903,TRUE,21.73098,1.434736,10.06117,-0.162708,-0.981561,0,0.1003203,-0.196941,0.03264584,-0.9798717,FALSE,-1,-1,0,0,0,-1
21:08.6,4.802513,TRUE,21.73359,1.433425,10.06226,-0.2619122,-0.9595838,0,0.1029618,-0.1976009,0.05393389,-0.9787977,FALSE,-1,-1,0,0,0,-1
21:08.7,4.868402,TRUE,21.73499,1.434547,10.0643,-0.2801739,-0.9547042,0,0.100213,-0.1913475,0.05615412,-0.9799147,FALSE,-1,-1,0,0,0,-1
21:08.8,4.934106,TRUE,21.73597,1.434367,10.06592,-0.3091012,-0.9459305,0,0.09834671,-0.1860583,0.06079816,-0.9806559,FALSE,-1,-1,0,0,0,-1
21:08.8,4.968926,TRUE,21.73618,1.433773,10.06669,-0.3375033,-0.9363378,0,0.09676352,-0.1812067,0.06531601,-0.9812737,FALSE,-1,-1,0,0,0,-1
21:08.9,5.033669,TRUE,21.73645,1.433876,10.06737,-0.3484009,-0.9327163,0,0.09304438,-0.173568,0.06483348,-0.9826854,FALSE,-1,-1,0,0,0,-1
21:08.9,5.067431,TRUE,21.73699,1.434009,10.0675,-0.3487769,-0.9328802,0,0.08994008,-0.1678066,0.06273805,-0.9838216,FALSE,-1,-1,0,0,0,-1
21:09.0,5.13558,TRUE,21.73835,1.434603,10.06748,-0.3287168,-0.9405352,0,0.08566755,-0.1611467,0.05632072,-0.9853222,FALSE,-1,-1,0,0,0,-1
21:09.0,5.178637,TRUE,21.74022,1.43444,10.06741,-0.342877,-0.9353077,0,0.08737834,-0.1634512,0.05992004,-0.9847301,FALSE,-1,-1,0,0,0,-1
21:09.1,5.223768,TRUE,21.74218,1.433331,10.06682,-0.5034521,-0.8601546,0,0.08167025,-0.1404981,0.08223413,-0.9866599,FALSE,-1,-1,0,0,0,-1
21:09.1,5.269302,TRUE,21.74352,1.43201,10.0663,-0.5467976,-0.8341225,0,0.07247184,-0.1209008,0.07925485,-0.9894957,FALSE,-1,-1,0,0,0,-1
21:09.1,5.313137,TRUE,21.74498,1.431564,10.06627,-0.5656242,-0.8214325,0,0.07292478,-0.1198055,0.08249602,-0.9893639,FALSE,-1,-1,0,0,0,-1
21:09.2,5.359764,TRUE,21.74585,1.431584,10.06638,-0.7128639,-0.6976101,0,0.07187093,-0.1002757,0.1024683,-0.9896691,FALSE,-1,-1,0,0,0,-1
21:09.2,5.405937,TRUE,21.74629,1.431376,10.06649,-0.4470944,-0.8907177,0,0.0820277,-0.1461271,0.07334825,-0.9865429,FALSE,-1,-1,0,0,0,-1
21:09.3,5.446332,TRUE,21.74674,1.430869,10.06644,-0.3900529,-0.9162962,0,0.0908835,-0.1665524,0.07089876,-0.9834804,FALSE,-1,-1,0,0,0,-1
21:09.3,5.488663,TRUE,21.74731,1.430421,10.06649,-0.3980884,-0.9126021,0,0.09318338,-0.1700787,0.07419044,-0.9826337,FALSE,-1,-1,0,0,0,-1
21:09.4,5.534306,TRUE,21.74813,1.430512,10.06709,-0.3820792,-0.9194313,0,0.09306779,-0.1711389,0.07111854,-0.9826767,FALSE,-1,-1,0,0,0,-1
21:09.4,5.578641,TRUE,21.7487,1.430753,10.06731,-0.3601051,-0.9281077,0,0.09455322,-0.1755112,0.0680982,-0.9821194,FALSE,-1,-1,0,0,0,-1
21:09.4,5.623443,TRUE,21.74922,1.430655,10.06743,-0.3990077,-0.912109,0,0.09407499,-0.1716132,0.07507327,-0.9822998,FALSE,-1,-1,0,0,0,-1
21:09.5,5.667547,TRUE,21.74959,1.430106,10.06777,-0.4013945,-0.9110284,0,0.0943908,-0.1719854,0.07577591,-0.9821808,FALSE,-1,-1,0,0,0,-1
21:09.5,5.710258,TRUE,21.74986,1.429739,10.06758,-0.408707,-0.9076674,0,0.09538635,-0.1731582,0.07797013,-0.9818029,FALSE,-1,-1,0,0,0,-1
21:09.6,5.757236,TRUE,21.75039,1.428906,10.06757,-0.5700151,-0.8172641,0,0.0846298,-0.1383298,0.09648053,-0.9856756,FALSE,-1,-1,0,0,0,-1
21:09.6,5.799581,TRUE,21.74995,1.428795,10.06725,-0.6355445,-0.7676717,0,0.08223996,-0.1262666,0.1045343,-0.9864732,FALSE,-1,-1,0,0,0,-1
21:09.7,5.843037,TRUE,21.74983,1.428734,10.06758,-0.6393543,-0.7648027,0,0.07939129,-0.1214373,0.1015183,-0.9873941,FALSE,-1,-1,0,0,0,-1
21:09.7,5.889829,TRUE,21.7497,1.428457,10.06752,-0.627534,-0.7744401,0,0.08027241,-0.1243323,0.1007473,-0.9871126,FALSE,-1,-1,0,0,0,-1
21:09.7,5.923354,TRUE,21.74982,1.428378,10.06753,-0.6144207,-0.7848856,0,0.08026035,-0.1259904,0.09862725,-0.9871166,FALSE,-1,-1,0,0,0,-1
21:09.8,5.966369,TRUE,21.74962,1.428309,10.06741,-0.6267475,-0.7750206,0,0.08081257,-0.1252628,0.1012982,-0.9869387,FALSE,-1,-1,0,0,0,-1
21:09.8,6.010679,TRUE,21.74925,1.428679,10.06749,-0.623291,-0.7779265,0,0.07961635,-0.1238713,0.09924829,-0.9873224,FALSE,-1,-1,0,0,0,-1
21:09.9,6.058283,TRUE,21.74947,1.429184,10.06785,-0.6275834,-0.7743626,0,0.08063363,-0.1248793,0.1012086,-0.9869965,FALSE,-1,-1,0,0,0,-1
21:09.9,6.102926,TRUE,21.74948,1.429552,10.06767,-0.609843,-0.7885303,0,0.07944491,-0.1252894,0.09689783,-0.987377,FALSE,-1,-1,0,0,0,-1
21:10.0,6.147301,TRUE,21.74956,1.429808,10.06779,-0.5492846,-0.8315201,0,0.08282942,-0.1377487,0.09099387,-0.9862786,FALSE,-1,-1,0,0,0,-1
21:10.0,6.19114,TRUE,21.74981,1.430065,10.06788,-0.6851519,-0.7243019,0,0.07715931,-0.1117733,0.1057317,-0.9880929,FALSE,-1,-1,0,0,0,-1
21:10.1,6.234684,TRUE,21.74983,1.43103,10.06834,-0.9759145,0.1356936,0,0.1708162,0.04635732,0.3334039,-0.9416437,FALSE,-1,-1,0,0,0,-1
21:10.1,6.277774,TRUE,21.74936,1.432725,10.06861,-0.9333241,0.2878278,0,0.2146192,0.1235467,0.4006184,-0.9078773,FALSE,-1,-1,0,0,0,-1
21:10.1,6.321864,TRUE,21.74843,1.434298,10.06871,-0.9322898,0.2951458,0,0.2091048,0.1234328,0.3898925,-0.9125503,FALSE,-1,-1,0,0,0,-1
21:10.2,6.368176,TRUE,21.74729,1.437342,10.06938,-0.9351303,0.3014111,0,0.1862329,0.1122653,0.348304,-0.9306347,FALSE,-1,-1,0,0,0,-1
21:10.2,6.410041,TRUE,21.74684,1.438671,10.07016,-0.947416,0.263038,0,0.1822471,0.09587582,0.3453277,-0.933572,FALSE,-1,-1,0,0,0,-1
21:10.3,6.456007,FALSE,21.74653,1.439501,10.07092,0,0,0,1,0,0,1,FALSE,-1,-1,0,0,0,-1
21:10.3,6.497369,FALSE,21.74604,1.439699,10.07173,0,0,0,1,0,0,1,FALSE,-1,-1,0,0,0,-1
21:10.4,6.538586,FALSE,21.74575,1.439837,10.07291,0,0,0,1,0,0,1,FALSE,-1,-1,0,0,0,-1
21:10.4,6.583467,TRUE,21.74526,1.440017,10.07402,-0.8017424,0.5601608,0,0.2083964,0.2334709,0.3341604,-0.913142,FALSE,-1,-1,0,0,0,-1
21:10.4,6.625407,TRUE,21.74466,1.440662,10.07499,-0.7905723,0.5764208,0,0.2067231,0.2383191,0.3268592,-0.9145311,FALSE,-1,-1,0,0,0,-1
21:10.5,6.668614,TRUE,21.74377,1.441155,10.07583,-0.8017074,0.5613837,0,0.205216,0.2304098,0.3290463,-0.9157728,FALSE,-1,-1,0,0,0,-1
21:10.5,6.716991,TRUE,21.74286,1.441844,10.07697,-0.8094354,0.5549723,0,0.1918856,0.2129824,0.310638,-0.9263598,FALSE,-1,-1,0,0,0,-1
21:10.6,6.757041,TRUE,21.74224,1.442366,10.07831,-0.8247623,0.5321879,0,0.1911627,0.2034689,0.3153275,-0.9269137,FALSE,-1,-1,0,0,0,-1
21:10.6,6.799531,TRUE,21.74245,1.442432,10.07959,-0.835728,0.5161135,0,0.1875784,0.1936234,0.3135289,-0.9296287,FALSE,-1,-1,0,0,0,-1
21:10.7,6.843427,FALSE,21.74217,1.442634,10.08113,0,0,0,1,0,0,1,FALSE,-1,-1,0,0,0,-1
21:10.7,6.886971,FALSE,21.74227,1.442623,10.08175,0,0,0,1,0,0,1,FALSE,-1,-1,0,0,0,-1
21:10.8,6.929843,TRUE,21.74274,1.44237,10.08224,-0.8281289,0.5217524,0,0.204883,0.2137963,0.339339,-0.916046,FALSE,-1,-1,0,0,0,-1
21:10.8,6.97417,TRUE,21.74339,1.442229,10.08292,-0.8269624,0.5244703,0,0.2026427,0.2125602,0.3351558,-0.9178718,FALSE,-1,-1,0,0,0,-1
21:10.8,7.015082,TRUE,21.74408,1.442113,10.08329,-0.825775,0.5275623,0,0.1994337,0.2104273,0.3293746,-0.9204524,FALSE,-1,-1,0,0,0,-1
21:10.9,7.057259,TRUE,21.7446,1.442037,10.08374,-0.8286595,0.5227653,0,0.2000997,0.2092103,0.331629,-0.9199202,FALSE,-1,-1,0,0,0,-1
21:10.9,7.100601,TRUE,21.74516,1.441847,10.08393,-0.827863,0.5248002,0,0.1980599,0.2078837,0.3279327,-0.9215446,FALSE,-1,-1,0,0,0,-1
21:11.0,7.146379,TRUE,21.74558,1.441855,10.08433,-0.826548,0.5270922,0,0.1974644,0.2081639,0.3264276,-0.9220156,FALSE,-1,-1,0,0,0,-1
21:11.0,7.193223,TRUE,21.7459,1.442016,10.08487,-0.7351283,0.6414654,0,0.2193366,0.2813936,0.3224811,-0.903783,FALSE,-1,-1,0,0,0,-1
21:11.1,7.236657,TRUE,21.74622,1.442367,10.08522,-0.7319816,0.6456857,0,0.2174695,0.2808338,0.3183673,-0.9054141,FALSE,-1,-1,0,0,0,-1
21:11.1,7.28078,TRUE,21.74645,1.442559,10.08522,-0.7474453,0.6274194,0,0.218336,0.2739764,0.3263884,-0.9046587,FALSE,-1,-1,0,0,0,-1
21:11.1,7.32171,TRUE,21.74676,1.442711,10.08524,-0.7427236,0.6336899,0,0.21633,0.2741723,0.3213468,-0.9064026,FALSE,-1,-1,0,0,0,-1
21:11.2,7.366792,TRUE,21.74722,1.442441,10.08488,-0.7479291,0.6289173,0,0.2122854,0.26702,0.3175489,-0.9098698,FALSE,-1,-1,0,0,0,-1
21:11.2,7.410383,TRUE,21.74748,1.44249,10.08452,-0.7490497,0.627863,0,0.2114533,0.2655275,0.3167781,-0.9105749,FALSE,-1,-1,0,0,0,-1
21:11.3,7.455564,TRUE,21.74759,1.442221,10.08417,-0.7538865,0.6215427,0,0.2129316,0.2646921,0.3210525,-0.9093203,FALSE,-1,-1,0,0,0,-1
21:11.3,7.498365,TRUE,21.7478,1.442312,10.08384,-0.7535448,0.6225784,0,0.2111078,0.2628623,0.3181583,-0.910867,FALSE,-1,-1,0,0,0,-1
21:11.4,7.544086,TRUE,21.74786,1.442306,10.08317,-0.7594952,0.6149974,0,0.2120029,0.2607625,0.3220304,-0.9101096,FALSE,-1,-1,0,0,0,-1
21:11.4,7.589291,TRUE,21.74801,1.442199,10.08249,-0.9192674,-0.3622082,0,0.1541192,-0.1116464,0.2833535,-0.9524945,FALSE,-1,-1,0,0,0,-1
21:11.5,7.633672,TRUE,21.74797,1.442105,10.08175,-0.6493391,-0.7391182,0,0.1790618,-0.2646956,0.2325436,-0.9358737,FALSE,-1,-1,0,0,0,-1
21:11.5,7.675879,TRUE,21.748,1.442108,10.08093,-0.6545777,-0.7347491,0,0.1779661,-0.2615209,0.2329853,-0.9366561,FALSE,-1,-1,0,0,0,-1
21:11.5,7.722335,TRUE,21.74846,1.44216,10.07949,-0.6454561,-0.7435634,0,0.1746427,-0.2597158,0.2254484,-0.9389998,FALSE,-1,-1,0,0,0,-1
21:11.6,7.765713,TRUE,21.74928,1.442346,10.07773,-0.6331362,-0.7541347,0,0.174412,-0.2630603,0.2208531,-0.9391609,FALSE,-1,-1,0,0,0,-1
21:11.6,7.80993,TRUE,21.75018,1.442448,10.07592,-0.6769472,-0.7146998,0,0.1759167,-0.2514553,0.2381726,-0.9381066,FALSE,-1,-1,0,0,0,-1
21:11.7,7.855162,TRUE,21.75087,1.442162,10.0743,-0.7031616,-0.6918233,0,0.1641476,-0.2271222,0.2308445,-0.9461112,FALSE,-1,-1,0,0,0,-1
21:11.7,7.899055,FALSE,21.75142,1.441548,10.07273,0,0,0,1,0,0,1,FALSE,-1,-1,0,0,0,-1
21:11.8,7.942387,FALSE,21.75166,1.440764,10.07146,0,0,0,1,0,0,1,FALSE,-1,-1,0,0,0,-1
21:11.8,7.983932,TRUE,21.75153,1.440366,10.07016,0.3807617,-0.9193923,0,0.09868319,-0.1814571,-0.07514954,-0.9805232,FALSE,-1,-1,0,0,0,-1
21:11.9,8.028208,TRUE,21.75137,1.439627,10.06871,0.2833217,-0.9551937,0,0.08563743,-0.1636007,-0.04852589,-0.9853325,FALSE,-1,-1,0,0,0,-1
21:11.9,8.077909,TRUE,21.75101,1.439283,10.06728,0.2385392,-0.9670961,0,0.08845473,-0.1710884,-0.04219985,-0.9843515,FALSE,-1,-1,0,0,0,-1
21:11.9,8.123488,TRUE,21.7504,1.438594,10.06552,0.2363082,-0.9682162,0,0.0819507,-0.1586919,-0.03873125,-0.9865682,FALSE,-1,-1,0,0,0,-1
21:12.0,8.160934,TRUE,21.75025,1.43829,10.06458,0.2866927,-0.9543927,0,0.08331881,-0.1590377,-0.04777378,-0.986116,FALSE,-1,-1,0,0,0,-1
21:12.0,8.205105,TRUE,21.7501,1.437858,10.06341,0.2563149,-0.9635145,0,0.0770876,-0.14855,-0.0395174,-0.988115,FALSE,-1,-1,0,0,0,-1
21:12.1,8.247726,TRUE,21.7502,1.43763,10.06257,0.1734176,-0.9823911,0,0.06952743,-0.1366063,-0.02411456,-0.9903319,FALSE,-1,-1,0,0,0,-1
21:12.1,8.291587,TRUE,21.75059,1.437381,10.06178,0.109097,-0.9918079,0,0.06644537,-0.1318021,-0.01449798,-0.99117,FALSE,-1,-1,0,0,0,-1
21:12.2,8.331985,TRUE,21.75106,1.436962,10.06088,0.1114541,-0.9917206,0,0.06378356,-0.1265109,-0.01421787,-0.9918634,FALSE,-1,-1,0,0,0,-1
21:12.2,8.373896,TRUE,21.75103,1.437057,10.0603,-0.002944085,-0.9908577,0,0.1348795,-0.2672927,0.000794193,-0.963615,FALSE,-1,-1,0,0,0,-1
21:12.2,8.417375,TRUE,21.75076,1.436922,10.06009,0.03203189,-0.990257,0,0.1355173,-0.268394,-0.008681755,-0.9632701,FALSE,-1,-1,0,0,0,-1
21:12.3,8.457642,TRUE,21.75014,1.436594,10.05966,0.01816111,-0.9905434,0,0.1359925,-0.2694129,-0.00493955,-0.963012,FALSE,-1,-1,0,0,0,-1
21:12.3,8.500689,TRUE,21.74903,1.436309,10.05984,0.01419559,-0.9909397,0,0.1335556,-0.264691,-0.003791799,-0.9643258,FALSE,-1,-1,0,0,0,-1
21:12.4,8.544513,TRUE,21.74825,1.436219,10.05988,0.04242796,-0.9911281,0,0.1259561,-0.2496772,-0.01068812,-0.9682702,FALSE,-1,-1,0,0,0,-1
21:12.4,8.588903,TRUE,21.74792,1.435943,10.05977,0.009225915,-0.9916793,0,0.1284016,-0.2546665,-0.002369245,-0.9670261,FALSE,-1,-1,0,0,0,-1
21:12.5,8.633751,TRUE,21.74782,1.435706,10.05976,-0.2457493,-0.9648267,0,0.09336346,-0.1801591,0.04588801,-0.9825665,FALSE,-1,-1,0,0,0,-1
21:12.5,8.676142,TRUE,21.74806,1.435455,10.05942,-0.1327052,-0.9875492,0,0.08447449,-0.1668454,0.0224204,-0.9857281,FALSE,-1,-1,0,0,0,-1
21:12.5,8.72333,TRUE,21.74824,1.435266,10.05927,-0.1697133,-0.9821341,0,0.08130216,-0.1596992,0.0275961,-0.9867799,FALSE,-1,-1,0,0,0,-1
21:12.6,8.764185,TRUE,21.74803,1.434944,10.05894,-0.1802878,-0.9798434,0,0.08604217,-0.1686157,0.0310247,-0.9851936,FALSE,-1,-1,0,0,0,-1
21:12.6,8.80844,TRUE,21.74756,1.434994,10.0589,-0.1778313,-0.9804794,0,0.0838827,-0.1644905,0.02983394,-0.9859274,FALSE,-1,-1,0,0,0,-1
21:12.7,8.854302,TRUE,21.7473,1.43482,10.05899,-0.1970661,-0.9769456,0,0.08211087,-0.1604357,0.03236254,-0.9865156,FALSE,-1,-1,0,0,0,-1
21:12.7,8.898516,TRUE,21.7467,1.434488,10.05881,-0.2087336,-0.9744757,0,0.08262789,-0.1610378,0.03449443,-0.9863453,FALSE,-1,-1,0,0,0,-1
21:12.8,8.941271,TRUE,21.74609,1.434422,10.05885,-0.2273387,-0.9702358,0,0.08342434,-0.1618825,0.03793115,-0.9860807,FALSE,-1,-1,0,0,0,-1
21:12.8,8.989149,TRUE,21.74564,1.434338,10.05861,-0.2185042,-0.9719344,0,0.08717453,-0.1694558,0.038096,-0.9848012,FALSE,-1,-1,0,0,0,-1
21:12.9,9.030565,TRUE,21.74545,1.434242,10.05857,-0.2161147,-0.9724925,0,0.086908,-0.1690347,0.03756418,-0.984894,FALSE,-1,-1,0,0,0,-1
21:12.9,9.075097,TRUE,21.74559,1.434216,10.05849,-0.2076349,-0.9744326,0,0.08584264,-0.1672957,0.03564784,-0.985262,FALSE,-1,-1,0,0,0,-1
21:12.9,9.11673,TRUE,21.74585,1.434189,10.0585,-0.2245026,-0.9706063,0,0.08673004,-0.1683614,0.03894224,-0.9849558,FALSE,-1,-1,0,0,0,-1
21:13.0,9.163739,TRUE,21.74598,1.434012,10.05836,-0.2522791,-0.9639349,0,0.08476309,-0.1634122,0.04276792,-0.9856305,FALSE,-1,-1,0,0,0,-1
21:13.0,9.208325,TRUE,21.746,1.433817,10.05812,-0.737879,-0.6721339,0,0.06140554,-0.08254547,0.09061971,-0.9924587,FALSE,-1,-1,0,0,0,-1
21:13.1,9.254577,TRUE,21.74634,1.433484,10.05827,-0.7235397,-0.6877971,0,0.05852943,-0.08051272,0.08469671,-0.9931486,FALSE,-1,-1,0,0,0,-1
21:13.1,9.30265,TRUE,21.74641,1.433294,10.05846,-0.773208,-0.6313621,0,0.059425,-0.07503737,0.09189574,-0.9929373,FALSE,-1,-1,0,0,0,-1
21:13.2,9.347701,TRUE,21.74658,1.433467,10.05849,-0.7848241,-0.617004,0,0.0579416,-0.07150039,0.09094792,-0.9932855,FALSE,-1,-1,0,0,0,-1
21:13.2,9.38855,TRUE,21.74649,1.433542,10.05842,-0.7972192,-0.6008376,0,0.05861465,-0.07043577,0.09345745,-0.9931286,FALSE,-1,-1,0,0,0,-1
21:13.3,9.432144,TRUE,21.7463,1.433397,10.05825,-0.7722356,-0.6324814,0,0.06016159,-0.07610217,0.09291784,-0.9927612,FALSE,-1,-1,0,0,0,-1
21:13.3,9.481256,TRUE,21.74593,1.433306,10.05769,-0.7635369,-0.6429322,0,0.06041219,-0.07768188,0.09225386,-0.9927007,FALSE,-1,-1,0,0,0,-1
21:13.3,9.520744,TRUE,21.7452,1.433118,10.05673,-0.789022,-0.6113403,0,0.06088846,-0.07444713,0.09608465,-0.9925852,FALSE,-1,-1,0,0,0,-1
21:13.4,9.565234,TRUE,21.74443,1.432743,10.05577,-0.7820821,-0.6202037,0,0.06078701,-0.07540065,0.09508086,-0.9926099,FALSE,-1,-1,0,0,0,-1
21:13.4,9.607977,TRUE,21.74369,1.432269,10.05499,-0.7950845,-0.603483,0,0.06040638,-0.07290844,0.09605634,-0.9927021,FALSE,-1,-1,0,0,0,-1
21:13.5,9.649796,TRUE,21.74271,1.431626,10.05398,-0.8272635,-0.5586548,0,0.05949858,-0.06647832,0.09844197,-0.9929198,FALSE,-1,-1,0,0,0,-1
21:13.5,9.691603,TRUE,21.74179,1.431161,10.05223,-0.8410668,-0.53746,0,0.0611834,-0.06576726,0.1029186,-0.9925132,FALSE,-1,-1,0,0,0,-1
21:13.6,9.739435,TRUE,21.74145,1.430771,10.05073,-0.8602951,-0.5060049,0,0.06205857,-0.06280389,0.1067774,-0.9922975,FALSE,-1,-1,0,0,0,-1
21:13.6,9.780046,TRUE,21.74139,1.430704,10.0481,-0.8671734,-0.4938636,0,0.06410232,-0.06331559,0.1111756,-0.9917818,FALSE,-1,-1,0,0,0,-1
21:13.7,9.832126,TRUE,21.74195,1.430933,10.04681,-0.897563,-0.4361723,0,0.06430026,-0.05609197,0.115427,-0.9917309,FALSE,-1,-1,0,0,0,-1
21:13.7,9.865901,TRUE,21.74189,1.431618,10.04651,-0.8955048,-0.4412654,0,0.05793023,-0.05112522,0.1037536,-0.9932882,FALSE,-1,-1,0,0,0,-1
21:13.7,9.900081,TRUE,21.74135,1.43216,10.04607,-0.9060273,-0.4188519,0,0.06064333,-0.05080116,0.109889,-0.9926448,FALSE,-1,-1,0,0,0,-1
21:13.8,9.963568,TRUE,21.74066,1.431677,10.0457,-0.8886031,-0.4549117,0,0.05865075,-0.05336182,0.1042345,-0.9931202,FALSE,-1,-1,0,0,0,-1
21:13.8,9.998965,TRUE,21.74101,1.430689,10.0453,-0.8484596,-0.5252118,0,0.06533735,-0.06863188,0.1108722,-0.9914621,FALSE,-1,-1,0,0,0,-1
21:13.9,10.03265,TRUE,21.74137,1.43012,10.04494,-0.8345518,-0.5469477,0,0.06611895,-0.07232719,0.1103593,-0.9912565,FALSE,-1,-1,0,0,0,-1
21:13.9,10.09889,TRUE,21.74143,1.430098,10.04419,-0.9326212,-0.355571,0,0.06153831,-0.04376247,0.1147838,-0.992426,FALSE,-1,-1,0,0,0,-1
21:14.0,10.1662,TRUE,21.74059,1.430219,10.04388,-0.9445843,-0.3226579,0,0.0604348,-0.03899953,0.1141715,-0.9926953,FALSE,-1,-1,0,0,0,-1
21:14.1,10.23277,TRUE,21.73949,1.430241,10.04441,-0.9005474,-0.4307556,0,0.05885586,-0.05070497,0.106005,-0.993072,FALSE,-1,-1,0,0,0,-1
21:14.1,10.29852,TRUE,21.73713,1.432046,10.04356,-0.8529978,-0.517267,0,0.06949531,-0.07189526,0.1185587,-0.9903408,FALSE,-1,-1,0,0,0,-1
21:14.2,10.36473,FALSE,21.73567,1.431736,10.04248,0,0,0,1,0,0,1,FALSE,-1,-1,0,0,0,-1
21:14.2,10.39823,FALSE,21.73499,1.431155,10.04236,0,0,0,1,0,0,1,FALSE,-1,-1,0,0,0,-1
21:14.3,10.43273,FALSE,21.73431,1.430753,10.04203,0,0,0,1,0,0,1,FALSE,-1,-1,0,0,0,-1
21:14.3,10.4889,TRUE,21.7339,1.430571,10.04174,-0.7363044,-0.6718272,0,0.08064829,-0.1083634,0.1187633,-0.9869917,FALSE,-1,-1,0,0,0,-1
21:14.4,10.53097,TRUE,21.73364,1.430235,10.04129,-0.7037839,-0.7053819,0,0.08440758,-0.1190791,0.1188094,-0.9857507,FALSE,-1,-1,0,0,0,-1
21:14.4,10.57446,TRUE,21.73328,1.430667,10.04096,-0.7629645,-0.6402982,0,0.08890075,-0.113846,0.1356563,-0.9841933,FALSE,-1,-1,0,0,0,-1
21:14.4,10.62058,TRUE,21.73282,1.430255,10.04099,-0.7464086,-0.6592066,0,0.0912192,-0.1202646,0.1361736,-0.9833581,FALSE,-1,-1,0,0,0,-1
21:14.5,10.66415,TRUE,21.73261,1.429481,10.04087,-0.7086748,-0.6997837,0,0.08990449,-0.1258274,0.1274261,-0.9838343,FALSE,-1,-1,0,0,0,-1
21:14.5,10.71086,TRUE,21.73288,1.428447,10.04079,-0.7311866,-0.6764041,0,0.08856436,-0.1198106,0.1295142,-0.9843127,FALSE,-1,-1,0,0,0,-1
21:14.6,10.7549,TRUE,21.73325,1.428149,10.04053,-0.743742,-0.6621176,0,0.09191394,-0.1217156,0.1367205,-0.9831037,FALSE,-1,-1,0,0,0,-1
21:14.6,10.80758,TRUE,21.73377,1.428498,10.04031,-0.7781154,-0.6208996,0,0.09497493,-0.1179398,0.1478029,-0.9819596,FALSE,-1,-1,0,0,0,-1
21:14.7,10.84893,TRUE,21.73437,1.429092,10.04068,-0.7783601,-0.6211511,0,0.09125148,-0.1133619,0.142053,-0.9833463,FALSE,-1,-1,0,0,0,-1
21:14.7,10.89161,TRUE,21.73499,1.430239,10.04158,-0.7938112,-0.6014732,0,0.08996527,-0.1082234,0.1428309,-0.9838125,FALSE,-1,-1,0,0,0,-1
21:14.8,10.93661,TRUE,21.73595,1.431555,10.0416,-0.8112577,-0.5783178,0,0.08607949,-0.09956257,0.1396653,-0.9851806,FALSE,-1,-1,0,0,0,-1
21:14.8,10.97473,TRUE,21.73706,1.432367,10.0421,-0.8551815,-0.5116138,0,0.08316246,-0.08509411,0.142238,-0.986168,FALSE,-1,-1,0,0,0,-1
21:14.8,11.01958,TRUE,21.73806,1.432427,10.04244,-0.8766906,-0.4745293,0,0.07896604,-0.07494339,0.1384575,-0.9875287,FALSE,-1,-1,0,0,0,-1
21:14.9,11.06494,TRUE,21.73895,1.432076,10.04286,-0.8846446,-0.4604043,0,0.07370131,-0.06786479,0.1303989,-0.9891362,FALSE,-1,-1,0,0,0,-1
21:14.9,11.1077,TRUE,21.73972,1.431542,10.04313,-0.9209058,-0.3826334,0,0.07432605,-0.05687923,0.1368945,-0.9889513,FALSE,-1,-1,0,0,0,-1
21:15.0,11.15443,TRUE,21.74027,1.430873,10.04361,-0.9171534,-0.3921014,0,0.07131785,-0.05592765,0.1308188,-0.9898276,FALSE,-1,-1,0,0,0,-1
21:15.0,11.20794,TRUE,21.74097,1.430677,10.04432,-0.9006024,-0.4298089,0,0.06464982,-0.05557414,0.1164476,-0.9916408,FALSE,-1,-1,0,0,0,-1
21:15.1,11.25167,TRUE,21.74186,1.430568,10.04494,-0.9048286,-0.4208443,0,0.06461623,-0.05438675,0.1169332,-0.9916495,FALSE,-1,-1,0,0,0,-1
21:15.1,11.29888,TRUE,21.74283,1.430346,10.04547,-0.912973,-0.4030984,0,0.06318198,-0.0509371,0.1153669,-0.9920161,FALSE,-1,-1,0,0,0,-1
21:15.2,11.34148,TRUE,21.74363,1.430101,10.04597,-0.9250764,-0.3740179,0,0.06591067,-0.04930354,0.1219448,-0.9913116,FALSE,-1,-1,0,0,0,-1
21:15.2,11.38522,TRUE,21.74413,1.430014,10.04626,-0.9375023,-0.3424022,0,0.06205061,-0.04249253,0.1163452,-0.9922995,FALSE,-1,-1,0,0,0,-1
21:15.3,11.43143,TRUE,21.74408,1.429877,10.04679,-0.9445989,-0.3223292,0,0.06194203,-0.03993145,0.1170207,-0.9923264,FALSE,-1,-1,0,0,0,-1
21:15.3,11.47485,TRUE,21.74381,1.429794,10.04736,-0.9315613,-0.358255,0,0.06202457,-0.04444121,0.1155593,-0.9923059,FALSE,-1,-1,0,0,0,-1
21:15.3,11.5206,TRUE,21.74361,1.430442,10.04793,-0.9226076,-0.3807878,0,0.06161045,-0.04692101,0.1136845,-0.9924083,FALSE,-1,-1,0,0,0,-1
21:15.4,11.56425,TRUE,21.74343,1.431613,10.04848,-0.8883394,-0.4549841,0,0.06198867,-0.05640772,0.1101339,-0.9923148,FALSE,-1,-1,0,0,0,-1
21:15.4,11.60951,TRUE,21.74321,1.432239,10.04909,-0.9125884,-0.4044554,0,0.05998695,-0.04852408,0.1094868,-0.9928032,FALSE,-1,-1,0,0,0,-1
21:15.5,11.65416,TRUE,21.74298,1.432505,10.04941,-0.8943949,-0.442905,0,0.06239336,-0.05526865,0.1116086,-0.9922141,FALSE,-1,-1,0,0,0,-1
21:15.5,11.69734,TRUE,21.7431,1.432175,10.04984,-0.86796,-0.493771,0,0.05325063,-0.05258723,0.09243884,-0.9943287,FALSE,-1,-1,0,0,0,-1
21:15.6,11.74017,FALSE,21.74302,1.431626,10.05005,0,0,0,1,0,0,1,FALSE,-1,-1,0,0,0,-1
21:15.6,11.78331,FALSE,21.74288,1.431364,10.05032,0,0,0,1,0,0,1,FALSE,-1,-1,0,0,0,-1
21:15.7,11.82919,FALSE,21.74292,1.430799,10.05064,0,0,0,1,0,0,1,FALSE,-1,-1,0,0,0,-1
21:15.7,11.87328,TRUE,21.74309,1.430514,10.05107,-0.872429,-0.4848168,0,0.06180878,-0.05993188,0.1078475,-0.9923593,FALSE,-1,-1,0,0,0,-1
21:15.7,11.91687,TRUE,21.74343,1.430251,10.05171,-0.8773823,-0.4751498,0,0.06658188,-0.06327272,0.1168355,-0.9911337,FALSE,-1,-1,0,0,0,-1
21:15.8,11.95882,TRUE,21.74379,1.430027,10.05213,-0.8766083,-0.476306,0,0.06848689,-0.06524143,0.1200723,-0.9906191,FALSE,-1,-1,0,0,0,-1
21:15.8,11.99947,TRUE,21.74423,1.429856,10.05252,-0.8734719,-0.4813492,0,0.07314206,-0.07041375,0.1277751,-0.9893005,FALSE,-1,-1,0,0,0,-1
21:15.9,12.03959,TRUE,21.74431,1.429683,10.05246,-0.8350283,-0.5458449,0,0.06914621,-0.0754862,0.1154781,-0.9904376,FALSE,-1,-1,0,0,0,-1
21:15.9,12.08155,TRUE,21.74426,1.429642,10.05269,-0.8794579,-0.4704012,0,0.07264041,-0.06834026,0.1277683,-0.9894468,FALSE,-1,-1,0,0,0,-1
21:15.9,12.12424,TRUE,21.74455,1.429599,10.05259,-0.8607311,-0.5038358,0,0.07274336,-0.0733014,0.1252249,-0.9894168,FALSE,-1,-1,0,0,0,-1
21:16.0,12.16916,TRUE,21.7446,1.42921,10.05272,-0.8551755,-0.5125713,0,0.0771073,-0.07904597,0.1318805,-0.9881089,FALSE,-1,-1,0,0,0,-1
21:16.0,12.21947,TRUE,21.74465,1.428654,10.05265,-0.841939,-0.5344209,0,0.07438442,-0.07950516,0.1252543,-0.9889339,FALSE,-1,-1,0,0,0,-1
21:16.1,12.25699,TRUE,21.74434,1.428543,10.05251,-0.8826727,-0.4638516,0,0.07570101,-0.07022806,0.1336384,-0.9885387,FALSE,-1,-1,0,0,0,-1
21:16.1,12.29955,TRUE,21.74443,1.428445,10.0525,-0.8465675,-0.5269284,0,0.07529881,-0.07935417,0.1274911,-0.9886602,FALSE,-1,-1,0,0,0,-1
21:16.2,12.3408,TRUE,21.74457,1.428435,10.05253,-0.8466281,-0.5263411,0,0.07865112,-0.08279461,0.1331765,-0.987628,FALSE,-1,-1,0,0,0,-1
21:16.2,12.38702,TRUE,21.74436,1.428115,10.05257,-0.8528357,-0.5164542,0,0.077113,-0.07965066,0.1315294,-0.9881071,FALSE,-1,-1,0,0,0,-1
21:16.3,12.43005,TRUE,21.74393,1.428254,10.05275,-0.8386738,-0.5395241,0,0.07443038,-0.08031397,0.1248456,-0.9889202,FALSE,-1,-1,0,0,0,-1
21:16.3,12.47629,TRUE,21.74383,1.427866,10.05315,-0.8301447,-0.5521717,0,0.07724131,-0.08530093,0.1282429,-0.9880676,FALSE,-1,-1,0,0,0,-1
21:16.3,12.51989,TRUE,21.74384,1.427983,10.05319,-0.8461392,-0.5266244,0,0.08194625,-0.08630979,0.1386759,-0.9865696,FALSE,-1,-1,0,0,0,-1
21:16.4,12.56242,TRUE,21.7439,1.428179,10.05347,-0.8309405,-0.5506433,0,0.07955924,-0.08761755,0.132218,-0.9873406,FALSE,-1,-1,0,0,0,-1
21:16.4,12.60811,TRUE,21.74435,1.428163,10.05355,-0.8324141,-0.5487934,0,0.07689417,-0.084398,0.1280155,-0.9881746,FALSE,-1,-1,0,0,0,-1
21:16.5,12.65413,TRUE,21.7443,1.428422,10.05338,-0.8677233,-0.4909613,0,0.07754529,-0.07614347,0.1345757,-0.9879735,FALSE,-1,-1,0,0,0,-1
21:16.5,12.69703,TRUE,21.74414,1.428423,10.05333,-0.9057206,-0.4168615,0,0.07679028,-0.06402182,0.1391011,-0.9882065,FALSE,-1,-1,0,0,0,-1
21:16.6,12.74143,TRUE,21.74368,1.428315,10.05341,-0.8895394,-0.4505183,0,0.07584931,-0.06834298,0.1349419,-0.9884937,FALSE,-1,-1,0,0,0,-1
21:16.6,12.7853,TRUE,21.74319,1.428443,10.05324,-0.8868545,-0.4554973,0,0.07753257,-0.07063174,0.1375202,-0.9879774,FALSE,-1,-1,0,0,0,-1
21:16.7,12.8297,TRUE,21.74256,1.428553,10.05324,-0.8416809,-0.5343379,0,0.07782233,-0.08316684,0.1310031,-0.9878874,FALSE,-1,-1,0,0,0,-1
21:16.7,12.87554,TRUE,21.74212,1.42858,10.05301,-0.8080497,-0.5852137,0,0.0676807,-0.07921532,0.1093787,-0.9908386,FALSE,-1,-1,0,0,0,-1
21:16.7,12.91621,FALSE,21.74181,1.42845,10.0527,0,0,0,1,0,0,1,FALSE,-1,-1,0,0,0,-1
21:16.8,12.95702,FALSE,21.74147,1.42802,10.05238,0,0,0,1,0,0,1,FALSE,-1,-1,0,0,0,-1
21:16.8,12.99946,TRUE,21.74143,1.427454,10.05211,-0.8644401,-0.4971373,0,0.07481885,-0.07439046,0.1293528,-0.9888042,FALSE,-1,-1,0,0,0,-1
21:16.9,13.0448,TRUE,21.74165,1.4274,10.05202,-0.8918647,-0.4446891,0,0.08263875,-0.07349709,0.1474051,-0.9863417,FALSE,-1,-1,0,0,0,-1
21:16.9,13.08693,TRUE,21.74133,1.427626,10.05205,-0.8809704,-0.4652892,0,0.08600628,-0.0800356,0.151538,-0.9852059,FALSE,-1,-1,0,0,0,-1
21:17.0,13.13008,TRUE,21.74083,1.427892,10.0519,-0.8612465,-0.5013841,0,0.0828771,-0.08310651,0.1427552,-0.9862628,FALSE,-1,-1,0,0,0,-1
21:17.0,13.17184,TRUE,21.74062,1.427705,10.0519,-0.8395545,-0.5374649,0,0.0792459,-0.08518375,0.1330625,-0.9874402,FALSE,-1,-1,0,0,0,-1
21:17.0,13.21381,TRUE,21.74028,1.427573,10.05179,-0.8458495,-0.5272194,0,0.08110677,-0.08552213,0.1372083,-0.9868434,FALSE,-1,-1,0,0,0,-1
21:17.1,13.25516,TRUE,21.74006,1.427073,10.05181,-0.8809581,-0.4658904,0,0.08281846,-0.07716865,0.1459192,-0.9862822,FALSE,-1,-1,0,0,0,-1
21:17.1,13.29693,TRUE,21.73985,1.427043,10.05155,-0.8800229,-0.4673683,0,0.08441956,-0.07891003,0.1485822,-0.9857466,FALSE,-1,-1,0,0,0,-1
21:17.2,13.33863,TRUE,21.73948,1.426259,10.05121,-0.884384,-0.4583452,0,0.08823042,-0.08087999,0.1560591,-0.9844308,FALSE,-1,-1,0,0,0,-1
21:17.2,13.38535,TRUE,21.7394,1.425838,10.05103,-0.8311694,-0.5501528,0,0.08055541,-0.08863558,0.1339104,-0.9870216,FALSE,-1,-1,0,0,0,-1
21:17.3,13.42668,TRUE,21.73826,1.425938,10.05079,-0.8253381,-0.5590102,0,0.07952705,-0.08891287,0.1312734,-0.9873509,FALSE,-1,-1,0,0,0,-1
21:17.3,13.46881,TRUE,21.7373,1.426476,10.05087,-0.844289,-0.528878,0,0.08639559,-0.09138545,0.1458857,-0.9850717,FALSE,-1,-1,0,0,0,-1
21:17.3,13.51113,TRUE,21.73611,1.427657,10.051,-0.8112217,-0.5785894,0,0.08458027,-0.09787448,0.1372267,-0.9856924,FALSE,-1,-1,0,0,0,-1
21:17.4,13.55673,TRUE,21.73493,1.428863,10.0516,-0.7825361,-0.6173811,0,0.0804853,-0.09938019,0.1259653,-0.9870442,FALSE,-1,-1,0,0,0,-1
21:17.4,13.59777,TRUE,21.73386,1.43053,10.05223,-0.7107784,-0.6991079,0,0.07773219,-0.1086864,0.1105007,-0.9879154,FALSE,-1,-1,0,0,0,-1
21:17.5,13.64079,TRUE,21.73279,1.431564,10.05232,-0.7683275,-0.6352845,0,0.07801559,-0.09912419,0.119883,-0.9878272,FALSE,-1,-1,0,0,0,-1
21:17.5,13.68626,TRUE,21.73217,1.431493,10.0527,-0.6274739,-0.7752013,0,0.07307133,-0.11329,0.09170071,-0.9893212,FALSE,-1,-1,0,0,0,-1
21:17.6,13.7297,FALSE,21.73111,1.430996,10.053,0,0,0,1,0,0,1,FALSE,-1,-1,0,0,0,-1
21:17.6,13.77349,FALSE,21.73045,1.429583,10.05351,0,0,0,1,0,0,1,FALSE,-1,-1,0,0,0,-1
21:17.6,13.81973,TRUE,21.72944,1.429627,10.05412,-0.1212892,-0.9908804,0,0.05869355,-0.1163166,0.01423778,-0.9931101,FALSE,-1,-1,0,0,0,-1
21:17.7,13.86504,TRUE,21.7286,1.429624,10.05474,-0.7372304,-0.6709269,0,0.07967705,-0.1069149,0.1174807,-0.9873031,FALSE,-1,-1,0,0,0,-1
21:17.7,13.90764,TRUE,21.72797,1.429139,10.05537,-0.7137795,-0.6959258,0,0.07877905,-0.1096487,0.1124617,-0.9875877,FALSE,-1,-1,0,0,0,-1
21:17.8,13.95377,TRUE,21.72715,1.429286,10.05561,-0.7257692,-0.6836769,0,0.07645327,-0.1045386,0.1109748,-0.9883098,FALSE,-1,-1,0,0,0,-1
21:17.8,13.99933,TRUE,21.72674,1.429459,10.05607,-0.7346101,-0.673528,0,0.08190227,-0.1103269,0.1203325,-0.9865841,FALSE,-1,-1,0,0,0,-1
21:17.9,14.04544,TRUE,21.72662,1.429465,10.05608,-0.6596658,-0.7476557,0,0.07649949,-0.1143905,0.1009282,-0.9882957,FALSE,-1,-1,0,0,0,-1
21:17.9,14.09075,TRUE,21.72645,1.429579,10.05657,-0.7153063,-0.6944237,0,0.07818251,-0.1085836,0.1118489,-0.987775,FALSE,-1,-1,0,0,0,-1
21:18.0,14.13225,TRUE,21.72611,1.429548,10.05676,-0.7025664,-0.7067525,0,0.08307407,-0.1174256,0.1167301,-0.9861974,FALSE,-1,-1,0,0,0,-1
21:18.0,14.17271,TRUE,21.72548,1.42986,10.05645,-0.6638588,-0.743916,0,0.07668422,-0.1140932,0.101815,-0.988239,FALSE,-1,-1,0,0,0,-1
21:18.0,14.2235,TRUE,21.72556,1.42963,10.0559,-0.7395521,-0.6683171,0,0.08009383,-0.1070561,0.1184671,-0.9871699,FALSE,-1,-1,0,0,0,-1
21:18.1,14.27156,TRUE,21.72564,1.429199,10.05593,-0.7286466,-0.6799141,0,0.08240767,-0.1120603,0.1200921,-0.986418,FALSE,-1,-1,0,0,0,-1
21:18.1,14.31505,TRUE,21.72542,1.429125,10.05556,-0.698752,-0.7111083,0,0.07791489,-0.1108118,0.1088864,-0.9878586,FALSE,-1,-1,0,0,0,-1
21:18.2,14.35737,TRUE,21.72559,1.429467,10.05487,-0.7144153,-0.6954084,0,0.07757607,-0.1078941,0.110843,-0.9879639,FALSE,-1,-1,0,0,0,-1
21:18.2,14.39961,TRUE,21.72592,1.429712,10.05436,-0.7101527,-0.6995173,0,0.07974131,-0.1115608,0.113257,-0.9872827,FALSE,-1,-1,0,0,0,-1
21:18.3,14.44851,TRUE,21.72615,1.429901,10.0538,-0.7122128,-0.6975561,0,0.07853951,-0.1095714,0.1118736,-0.9876631,FALSE,-1,-1,0,0,0,-1
21:18.3,14.49095,TRUE,21.72651,1.430199,10.05311,-0.7260067,-0.6834248,0,0.07645161,-0.1044978,0.1110087,-0.9883103,FALSE,-1,-1,0,0,0,-1
21:18.4,14.53353,TRUE,21.72683,1.429789,10.05246,-0.6982425,-0.7117465,0,0.07664401,-0.1091022,0.1070322,-0.9882514,FALSE,-1,-1,0,0,0,-1
21:18.4,14.57833,TRUE,21.7272,1.429488,10.05188,-0.6959962,-0.7142186,0,0.07403518,-0.1057546,0.1030564,-0.9890376,FALSE,-1,-1,0,0,0,-1
21:18.4,14.61954,TRUE,21.72781,1.429021,10.05113,-0.6845833,-0.7253554,0,0.07214832,-0.1046663,0.09878305,-0.9895893,FALSE,-1,-1,0,0,0,-1
21:18.5,14.65977,TRUE,21.72824,1.428128,10.05029,-0.6990018,-0.7112314,0,0.07447391,-0.1059364,0.1041148,-0.9889073,FALSE,-1,-1,0,0,0,-1
21:18.5,14.70708,TRUE,21.72919,1.427316,10.04971,-0.7386618,-0.6695442,0,0.07803434,-0.1044949,0.115282,-0.9878213,FALSE,-1,-1,0,0,0,-1
21:18.6,14.75755,TRUE,21.7303,1.42693,10.04944,-0.7460076,-0.6612927,0,0.07851624,-0.1038444,0.1171474,-0.9876704,FALSE,-1,-1,0,0,0,-1
21:18.6,14.80246,TRUE,21.73144,1.427141,10.04901,-0.7908391,-0.6071057,0,0.07743535,-0.09402288,0.1224778,-0.9880075,FALSE,-1,-1,0,0,0,-1
21:18.7,14.84854,TRUE,21.73265,1.426913,10.04851,-0.8055315,-0.5879329,0,0.07385031,-0.08683805,0.1189775,-0.9890922,FALSE,-1,-1,0,0,0,-1
21:18.7,14.9003,TRUE,21.73328,1.426922,10.04811,0.8354878,-0.5328187,0,0.1344042,-0.1432261,-0.2245861,-0.963871,FALSE,-1,-1,0,0,0,-1
21:18.8,14.94666,TRUE,21.73356,1.427055,10.04791,-0.8102106,-0.5825034,0,0.06518118,-0.07593651,0.105621,-0.9915028,FALSE,-1,-1,0,0,0,-1
21:18.8,14.99411,TRUE,21.73335,1.427299,10.0476,-0.8578882,-0.5071949,0,0.08234862,-0.08353359,0.1412918,-0.9864374,FALSE,-1,-1,0,0,0,-1
21:18.9,15.03682,TRUE,21.73272,1.427423,10.04748,-0.8528699,-0.5156557,0,0.08192755,-0.08449281,0.1397471,-0.9865757,FALSE,-1,-1,0,0,0,-1
21:18.9,15.08504,TRUE,21.73093,1.428262,10.04764,-0.8456358,-0.526931,0,0.08511055,-0.08969478,0.1439451,-0.9855124,FALSE,-1,-1,0,0,0,-1
21:18.9,15.11946,TRUE,21.72992,1.428689,10.04751,-0.7999542,-0.5937548,0,0.08676752,-0.1030373,0.1388201,-0.9849428,FALSE,-1,-1,0,0,0,-1
21:19.0,15.15445,TRUE,21.72945,1.428449,10.04716,-0.76142,-0.6428899,0,0.08325968,-0.1070536,0.1267912,-0.9861357,FALSE,-1,-1,0,0,0,-1
21:19.0,15.21902,TRUE,21.7293,1.428306,10.04676,-0.7352101,-0.6717862,0,0.09038578,-0.1214398,0.132905,-0.9836608,FALSE,-1,-1,0,0,0,-1
21:19.1,15.28537,TRUE,21.72997,1.428032,10.04648,-0.7385349,-0.6680092,0,0.09126844,-0.1219363,0.1348099,-0.9833401,FALSE,-1,-1,0,0,0,-1
21:19.2,15.35237,TRUE,21.73068,1.427644,10.04664,-0.7689015,-0.6333659,0,0.08739665,-0.1107081,0.1343988,-0.9847237,FALSE,-1,-1,0,0,0,-1
21:19.2,15.41741,TRUE,21.73082,1.427375,10.04685,-0.7722976,-0.6292708,0,0.08703329,-0.109535,0.1344312,-0.9848504,FALSE,-1,-1,0,0,0,-1
21:19.3,15.45295,TRUE,21.73081,1.427156,10.04659,-0.7930061,-0.602591,0,0.08958551,-0.1079668,0.1420837,-0.9839488,FALSE,-1,-1,0,0,0,-1
21:19.3,15.51898,TRUE,21.731,1.427096,10.04639,-0.8046665,-0.587236,0,0.08755463,-0.1028304,0.1409045,-0.9846684,FALSE,-1,-1,0,0,0,-1
21:19.4,15.55272,TRUE,21.73136,1.427143,10.04679,-0.8073036,-0.5833977,0,0.08892716,-0.1037598,0.1435824,-0.984184,FALSE,-1,-1,0,0,0,-1
21:19.4,15.6189,TRUE,21.73226,1.427647,10.04725,-0.8030634,-0.5891457,0,0.08942309,-0.1053665,0.1436248,-0.984007,FALSE,-1,-1,0,0,0,-1
21:19.5,15.65237,TRUE,21.73255,1.427818,10.04741,-0.7929319,-0.6028199,0,0.08869742,-0.1069371,0.140662,-0.9842655,FALSE,-1,-1,0,0,0,-1
21:19.5,15.71932,TRUE,21.73324,1.428027,10.04761,-0.7882047,-0.6092354,0,0.08698013,-0.1059827,0.1371163,-0.9848689,FALSE,-1,-1,0,0,0,-1
21:19.6,15.76207,TRUE,21.73365,1.428291,10.04774,-0.7849609,-0.613471,0,0.08654407,-0.1061845,0.1358674,-0.9850203,FALSE,-1,-1,0,0,0,-1
21:19.6,15.80544,TRUE,21.73383,1.428463,10.04764,-0.786078,-0.6124973,0,0.08323695,-0.1019648,0.1308615,-0.9861432,FALSE,-1,-1,0,0,0,-1
21:19.7,15.85202,TRUE,21.73427,1.428523,10.04812,-0.7838446,-0.6157224,0,0.08045813,-0.09907974,0.1261333,-0.987053,FALSE,-1,-1,0,0,0,-1
21:19.7,15.89723,TRUE,21.73435,1.428802,10.04831,-0.7891447,-0.6089268,0,0.08036675,-0.09787494,0.126842,-0.9870824,FALSE,-1,-1,0,0,0,-1
21:19.8,15.94143,TRUE,21.73451,1.428898,10.04846,-0.7749003,-0.6268719,0,0.08100145,-0.1015551,0.1255361,-0.9868776,FALSE,-1,-1,0,0,0,-1
21:19.8,15.98778,TRUE,21.73452,1.429124,10.0489,-0.7637994,-0.6403834,0,0.08074422,-0.1034145,0.1233447,-0.9869608,FALSE,-1,-1,0,0,0,-1
21:19.9,16.02878,TRUE,21.73445,1.429267,10.04945,-0.7620448,-0.6428151,0,0.07795186,-0.1002173,0.1188056,-0.987847,FALSE,-1,-1,0,0,0,-1
21:19.9,16.07354,TRUE,21.73462,1.429188,10.04963,-0.7627817,-0.641896,0,0.07831808,-0.1005441,0.1194792,-0.9877326,FALSE,-1,-1,0,0,0,-1
21:19.9,16.11735,TRUE,21.73518,1.429159,10.04919,-0.771172,-0.6313378,0,0.08189216,-0.1034032,0.1263059,-0.9865873,FALSE,-1,-1,0,0,0,-1
21:20.0,16.16249,TRUE,21.73539,1.428983,10.04953,-0.7809603,-0.6192508,0,0.08142202,-0.1008413,0.1271747,-0.9867409,FALSE,-1,-1,0,0,0,-1
21:20.0,16.20687,TRUE,21.7356,1.428788,10.04991,-0.7736059,-0.6286833,0,0.07931715,-0.09973074,0.1227204,-0.9874176,FALSE,-1,-1,0,0,0,-1
21:20.1,16.25942,TRUE,21.73515,1.428796,10.05068,-0.7899346,-0.6084071,0,0.07644705,-0.09302184,0.1207763,-0.9883117,FALSE,-1,-1,0,0,0,-1
21:20.1,16.30648,TRUE,21.73507,1.428785,10.05088,-0.7909642,-0.6069103,0,0.07768919,-0.09430072,0.1228987,-0.9879288,FALSE,-1,-1,0,0,0,-1
21:20.2,16.35533,TRUE,21.73512,1.428153,10.05121,-0.7784688,-0.6229911,0,0.07660436,-0.09544768,0.1192682,-0.9882635,FALSE,-1,-1,0,0,0,-1
21:20.2,16.39754,TRUE,21.73513,1.427589,10.05152,-0.782194,-0.6184169,0,0.07571771,-0.0936502,0.1184518,-0.9885337,FALSE,-1,-1,0,0,0,-1
21:20.3,16.44027,TRUE,21.73512,1.427804,10.05195,-0.7862688,-0.6126404,0,0.08033235,-0.09842966,0.1263256,-0.9870934,FALSE,-1,-1,0,0,0,-1
21:20.3,16.48384,TRUE,21.7351,1.427557,10.05216,-0.809982,-0.5809295,0,0.08031236,-0.09331164,0.1301031,-0.9870999,FALSE,-1,-1,0,0,0,-1
21:20.4,16.52575,TRUE,21.73482,1.427686,10.05187,-0.8120473,-0.5780923,0,0.07992899,-0.09241263,0.1298122,-0.9872227,FALSE,-1,-1,0,0,0,-1
21:20.4,16.56616,TRUE,21.73444,1.427507,10.05207,-0.8055316,-0.5873041,0,0.0786948,-0.09243555,0.1267823,-0.9876143,FALSE,-1,-1,0,0,0,-1
21:20.4,16.60773,TRUE,21.73424,1.427657,10.05194,-0.8015178,-0.592581,0,0.08010601,-0.0949386,0.1284128,-0.987166,FALSE,-1,-1,0,0,0,-1
21:20.5,16.65036,TRUE,21.73406,1.427849,10.05173,-0.7834791,-0.6163465,0,0.07923054,-0.09766692,0.1241509,-0.987445,FALSE,-1,-1,0,0,0,-1
21:20.5,16.6964,TRUE,21.73334,1.4278,10.05157,-0.7226073,-0.6866505,0,0.07968524,-0.1094318,0.1151623,-0.9873005,FALSE,-1,-1,0,0,0,-1
21:20.6,16.73977,TRUE,21.7331,1.427705,10.05135,-0.7157697,-0.6937677,0,0.07975062,-0.1106568,0.1141661,-0.9872797,FALSE,-1,-1,0,0,0,-1
21:20.6,16.78386,TRUE,21.73258,1.427817,10.05082,-0.71793,-0.6916843,0,0.07841816,-0.1084812,0.1125975,-0.9877012,FALSE,-1,-1,0,0,0,-1
21:20.7,16.82849,TRUE,21.7323,1.427823,10.04989,-0.7579567,-0.647443,0,0.07949328,-0.1029347,0.1205049,-0.9873617,FALSE,-1,-1,0,0,0,-1
21:20.7,16.87221,TRUE,21.73214,1.427921,10.04884,-0.7320746,-0.6764305,0,0.08067614,-0.1091436,0.1181219,-0.9869828,FALSE,-1,-1,0,0,0,-1
21:20.7,16.91993,TRUE,21.73205,1.427984,10.04774,-0.809102,-0.5813431,0,0.08599012,-0.0999795,0.1391495,-0.9852114,FALSE,-1,-1,0,0,0,-1
21:20.8,16.9619,TRUE,21.73187,1.427958,10.04642,-0.8238778,-0.5604904,0,0.08411951,-0.09429632,0.1386084,-0.9858478,FALSE,-1,-1,0,0,0,-1
21:20.8,17.00611,TRUE,21.73178,1.427818,10.04506,-0.8308593,-0.550202,0,0.08336998,-0.09174067,0.1385375,-0.9860989,FALSE,-1,-1,0,0,0,-1
21:20.9,17.05141,TRUE,21.73179,1.427595,10.04381,-0.8316593,-0.5489262,0,0.08380247,-0.09200273,0.1393902,-0.9859543,FALSE,-1,-1,0,0,0,-1
21:20.9,17.09671,TRUE,21.73175,1.427239,10.0426,-0.8256156,-0.5581138,0,0.08287372,-0.0925059,0.1368436,-0.9862639,FALSE,-1,-1,0,0,0,-1
21:21.0,17.15122,TRUE,21.7312,1.427242,10.04158,-0.8586348,-0.5052593,0,0.08636709,-0.08727555,0.1483156,-0.9850814,FALSE,-1,-1,0,0,0,-1
21:21.0,17.19542,TRUE,21.73093,1.427407,10.04087,-0.8624637,-0.4986483,0,0.08663828,-0.08640406,0.1494447,-0.9849876,FALSE,-1,-1,0,0,0,-1
21:21.1,17.24173,TRUE,21.73076,1.427879,10.03995,-0.873166,-0.4812709,0,0.07719778,-0.0743061,0.134813,-0.988081,FALSE,-1,-1,0,0,0,-1
21:21.1,17.2819,TRUE,21.73063,1.428018,10.03901,-0.8712029,-0.484321,0,0.08024105,-0.07772484,0.1398125,-0.9871228,FALSE,-1,-1,0,0,0,-1
21:21.2,17.32986,FALSE,21.73064,1.427958,10.03841,0,0,0,1,0,0,1,FALSE,-1,-1,0,0,0,-1
21:21.2,17.37808,FALSE,21.73063,1.428007,10.0378,0,0,0,1,0,0,1,FALSE,-1,-1,0,0,0,-1
21:21.2,17.42197,TRUE,21.7303,1.428021,10.03745,-0.731316,-0.678952,0,0.0648168,-0.08801497,0.09480309,-0.9915976,FALSE,-1,-1,0,0,0,-1
21:21.3,17.47113,TRUE,21.73033,1.427991,10.0375,-0.9121582,-0.4015463,0,0.08202501,-0.06587366,0.1496395,-0.9865438,FALSE,-1,-1,0,0,0,-1
21:21.3,17.51525,TRUE,21.73007,1.428173,10.03739,-0.9057024,-0.4159221,0,0.08192705,-0.06815055,0.148403,-0.986576,FALSE,-1,-1,0,0,0,-1
21:21.4,17.55994,TRUE,21.73009,1.428534,10.03756,-0.9043075,-0.4193735,0,0.07971099,-0.06685735,0.1441665,-0.9872923,FALSE,-1,-1,0,0,0,-1
21:21.4,17.59988,TRUE,21.72992,1.42863,10.03789,-0.8928351,-0.4437738,0,0.0768792,-0.06823394,0.1372809,-0.9881792,FALSE,-1,-1,0,0,0,-1
21:21.5,17.64731,TRUE,21.72968,1.428325,10.03821,-0.8936803,-0.4422138,0,0.07604206,-0.06725371,0.1359146,-0.9884352,FALSE,-1,-1,0,0,0,-1
21:21.5,17.69026,TRUE,21.7293,1.428284,10.03848,-0.8976073,-0.4343537,0,0.07508604,-0.06522781,0.1347956,-0.9887242,FALSE,-1,-1,0,0,0,-1
21:21.6,17.73623,TRUE,21.72898,1.428126,10.03875,-0.8922369,-0.445232,0,0.07537836,-0.0671217,0.1345107,-0.9886363,FALSE,-1,-1,0,0,0,-1
21:21.6,17.78018,TRUE,21.72949,1.428025,10.03902,-0.8980606,-0.4335729,0,0.07417385,-0.06431952,0.1332252,-0.9889964,FALSE,-1,-1,0,0,0,-1
21:21.6,17.8232,TRUE,21.72963,1.427934,10.03919,-0.8845071,-0.460524,0,0.07459763,-0.068708,0.1319643,-0.9888704,FALSE,-1,-1,0,0,0,-1
21:21.7,17.86573,TRUE,21.72959,1.428068,10.03928,-0.8694774,-0.4881614,0,0.07554878,-0.07375999,0.1313759,-0.9885848,FALSE,-1,-1,0,0,0,-1
21:21.7,17.90776,TRUE,21.72979,1.428209,10.03913,-0.8661339,-0.4938755,0,0.07680523,-0.07586443,0.1330472,-0.9882019,FALSE,-1,-1,0,0,0,-1
21:21.8,17.94968,TRUE,21.73005,1.428084,10.03892,-0.8647136,-0.4963959,0,0.07656042,-0.07600857,0.1324057,-0.988277,FALSE,-1,-1,0,0,0,-1
21:21.8,17.99586,TRUE,21.73041,1.428128,10.03892,-0.869212,-0.4886802,0,0.07524762,-0.07354403,0.1308122,-0.9886756,FALSE,-1,-1,0,0,0,-1
21:21.9,18.03976,TRUE,21.73082,1.428063,10.03863,-0.8606193,-0.503538,0,0.07605299,-0.07659112,0.1309053,-0.9884319,FALSE,-1,-1,0,0,0,-1
21:21.9,18.08405,TRUE,21.73117,1.427975,10.03855,-0.8679731,-0.4907633,0,0.07598778,-0.07458402,0.1319107,-0.9884517,FALSE,-1,-1,0,0,0,-1
21:22.0,18.12861,TRUE,21.73172,1.427877,10.03827,-0.8767608,-0.4747508,0,0.07682601,-0.07294639,0.134716,-0.9881955,FALSE,-1,-1,0,0,0,-1
21:22.0,18.17209,TRUE,21.73204,1.427779,10.03798,-0.8746461,-0.47883,0,0.07560473,-0.07240362,0.1322548,-0.9885679,FALSE,-1,-1,0,0,0,-1
21:22.0,18.21672,TRUE,21.73271,1.427777,10.03762,-0.8117176,-0.5789383,0,0.07710453,-0.08927753,0.1251742,-0.9881098,FALSE,-1,-1,0,0,0,-1
21:22.1,18.26283,TRUE,21.73342,1.42763,10.03753,-0.8443162,-0.5300584,0,0.07853864,-0.08326013,0.1326229,-0.9876633,FALSE,-1,-1,0,0,0,-1
21:22.1,18.30406,TRUE,21.73397,1.42759,10.03754,-0.8342549,-0.5456999,0,0.07893323,-0.08614769,0.1317008,-0.9875391,FALSE,-1,-1,0,0,0,-1
21:22.2,18.3489,TRUE,21.73455,1.427661,10.03788,-0.8316905,-0.5495589,0,0.07922073,-0.08707292,0.1317743,-0.9874482,FALSE,-1,-1,0,0,0,-1
21:22.2,18.39556,TRUE,21.73526,1.42772,10.03834,-0.8274739,-0.5557563,0,0.08013676,-0.08907302,0.1326222,-0.9871562,FALSE,-1,-1,0,0,0,-1
21:22.3,18.43896,TRUE,21.73587,1.428005,10.03907,-0.8278626,-0.5552812,0,0.07941348,-0.0881936,0.1314869,-0.987387,FALSE,-1,-1,0,0,0,-1
21:22.3,18.48454,TRUE,21.73625,1.428077,10.03947,-0.8389759,-0.5382309,0,0.08016847,-0.08629829,0.1345188,-0.9871461,FALSE,-1,-1,0,0,0,-1
21:22.4,18.52914,TRUE,21.73652,1.427835,10.03975,-0.822928,-0.5625919,0,0.07924648,-0.08916684,0.1304283,-0.98744,FALSE,-1,-1,0,0,0,-1
21:22.4,18.57138,TRUE,21.73704,1.427354,10.04006,-0.8437501,-0.5315664,0,0.0743166,-0.07900841,0.1254093,-0.9889541,FALSE,-1,-1,0,0,0,-1
21:22.4,18.61482,TRUE,21.73731,1.427324,10.04031,-0.8607388,-0.503392,0,0.0756652,-0.07617851,0.130256,-0.9885496,FALSE,-1,-1,0,0,0,-1
21:22.5,18.6556,TRUE,21.73776,1.427142,10.04043,-0.859056,-0.5056981,0,0.07932416,-0.08022814,0.1362878,-0.9874154,FALSE,-1,-1,0,0,0,-1
21:22.5,18.69707,TRUE,21.73793,1.427031,10.04061,-0.8608791,-0.5024794,0,0.08001003,-0.08040678,0.1377579,-0.9871968,FALSE,-1,-1,0,0,0,-1
21:22.6,18.73583,TRUE,21.73805,1.427034,10.04073,-0.8698471,-0.4869047,0,0.07930822,-0.0772311,0.1379721,-0.9874204,FALSE,-1,-1,0,0,0,-1
21:22.6,18.77861,TRUE,21.73808,1.426924,10.0409,-0.860266,-0.5038051,0,0.0782488,-0.07884426,0.1346295,-0.9877542,FALSE,-1,-1,0,0,0,-1
21:22.6,18.82106,TRUE,21.73811,1.426971,10.04101,-0.9355754,-0.3444265,0,0.07790415,-0.0536645,0.1457704,-0.9878619,FALSE,-1,-1,0,0,0,-1
21:22.7,18.86626,TRUE,21.73843,1.426858,10.04142,-0.9354882,-0.3440663,0,0.08050061,-0.05539509,0.1506147,-0.9870393,FALSE,-1,-1,0,0,0,-1
21:22.7,18.90701,TRUE,21.73846,1.426901,10.04135,-0.9182107,-0.3881039,0,0.07914911,-0.06143615,0.1453511,-0.9874708,FALSE,-1,-1,0,0,0,-1
21:22.8,18.94788,TRUE,21.7385,1.427152,10.04155,-0.9227583,-0.3769468,0,0.0801771,-0.06044498,0.1479681,-0.9871432,FALSE,-1,-1,0,0,0,-1
21:22.8,18.99662,TRUE,21.73866,1.427507,10.0418,-0.9157389,-0.3936976,0,0.08015221,-0.06311147,0.146797,-0.9871513,FALSE,-1,-1,0,0,0,-1
21:22.9,19.03906,TRUE,21.73859,1.427833,10.04186,-0.9159973,-0.3930407,0,0.08042416,-0.06321993,0.1473366,-0.9870639,FALSE,-1,-1,0,0,0,-1
21:22.9,19.08253,TRUE,21.73877,1.427943,10.04173,-0.9112509,-0.4040827,0,0.079618,-0.06434451,0.1451039,-0.987322,FALSE,-1,-1,0,0,0,-1
21:22.9,19.12337,TRUE,21.73886,1.427988,10.04152,-0.9116887,-0.4036331,0,0.0768372,-0.06202808,0.1401032,-0.9881921,FALSE,-1,-1,0,0,0,-1
21:23.0,19.16562,TRUE,21.73899,1.427801,10.04158,-0.8442088,-0.5304904,0,0.07675584,-0.08143647,0.1295959,-0.9882171,FALSE,-1,-1,0,0,0,-1
21:23.0,19.20711,FALSE,21.73886,1.427846,10.04193,0,0,0,1,0,0,1,FALSE,-1,-1,0,0,0,-1
21:23.1,19.24757,FALSE,21.73903,1.428003,10.04209,0,0,0,1,0,0,1,FALSE,-1,-1,0,0,0,-1
21:23.1,19.29477,TRUE,21.7391,1.428248,10.0423,-0.8329024,-0.5392991,0,0.124218,-0.1339813,0.206923,-0.9691398,FALSE,-1,-1,0,0,0,-1
21:23.2,19.33157,TRUE,21.73924,1.428214,10.04245,-0.8364471,-0.5336456,0,0.1248146,-0.1332135,0.2088016,-0.9688426,FALSE,-1,-1,0,0,0,-1
21:23.2,19.39498,TRUE,21.73943,1.428057,10.0425,-0.8503487,-0.5119836,0,0.1215726,-0.1244864,0.2067582,-0.9704402,FALSE,-1,-1,0,0,0,-1
21:23.3,19.46231,TRUE,21.73988,1.427951,10.04305,-0.8456074,-0.520475,0,0.1185491,-0.1234037,0.2004919,-0.9718922,FALSE,-1,-1,0,0,0,-1
21:23.4,19.52707,TRUE,21.74036,1.427851,10.04331,-0.8945845,-0.4292749,0,0.1242646,-0.1066873,0.2223304,-0.9691166,FALSE,-1,-1,0,0,0,-1
21:23.4,19.59434,TRUE,21.74065,1.427131,10.04389,-0.9155513,-0.3833765,0,0.1216069,-0.0932425,0.2226748,-0.9704235,FALSE,-1,-1,0,0,0,-1
21:23.5,19.62827,TRUE,21.74088,1.426696,10.04408,-0.9202545,-0.3715359,0,0.1228527,-0.09128834,0.2261114,-0.9698145,FALSE,-1,-1,0,0,0,-1
21:23.5,19.69344,TRUE,21.74123,1.425561,10.04472,-0.8371926,-0.5386709,0,0.09456359,-0.1018773,0.1583359,-0.9821154,FALSE,-1,-1,0,0,0,-1
21:23.6,19.72738,TRUE,21.74137,1.42534,10.04443,-0.8612311,-0.5021115,0,0.07851738,-0.07884897,0.1352432,-0.9876701,FALSE,-1,-1,0,0,0,-1
21:23.6,19.79455,TRUE,21.74104,1.424924,10.04407,-0.8822052,-0.463489,0,0.083018,-0.07695584,0.1464778,-0.986216,FALSE,-1,-1,0,0,0,-1
21:23.7,19.86066,TRUE,21.74015,1.425703,10.04415,-0.9020135,-0.4236137,0,0.08320634,-0.07049467,0.1501064,-0.9861534,FALSE,-1,-1,0,0,0,-1
21:23.8,19.92829,TRUE,21.73909,1.425677,10.04464,-0.9185941,-0.3851557,0,0.0885442,-0.0682066,0.1626723,-0.9843198,FALSE,-1,-1,0,0,0,-1
21:23.8,19.99344,TRUE,21.73761,1.425558,10.04549,-0.8835225,-0.4599665,0,0.08842525,-0.08134529,0.1562514,-0.984362,FALSE,-1,-1,0,0,0,-1
21:23.9,20.03827,TRUE,21.73689,1.425777,10.04563,-0.86979,-0.4857928,0,0.08643375,-0.08397776,0.1503584,-0.9850584,FALSE,-1,-1,0,0,0,-1
21:23.9,20.08128,TRUE,21.73594,1.426045,10.04601,-0.8649821,-0.4947322,0,0.08394076,-0.08305637,0.1452145,-0.9859079,FALSE,-1,-1,0,0,0,-1
21:23.9,20.12558,TRUE,21.73508,1.426083,10.04623,-0.8452203,-0.5280111,0,0.0825048,-0.08712689,0.1394694,-0.9863859,FALSE,-1,-1,0,0,0,-1
21:24.0,20.17231,TRUE,21.73466,1.426003,10.04637,-0.806374,-0.5849357,0,0.08724307,-0.1020632,0.1407011,-0.9847773,FALSE,-1,-1,0,0,0,-1
21:24.0,20.21755,TRUE,21.73435,1.426371,10.04616,-0.8285553,-0.5533888,0,0.08518738,-0.09428348,0.1411649,-0.9854863,FALSE,-1,-1,0,0,0,-1
21:24.1,20.25984,TRUE,21.73424,1.426492,10.04614,-0.8186063,-0.5684549,0,0.08211449,-0.09335674,0.1344388,-0.9865144,FALSE,-1,-1,0,0,0,-1
21:24.1,20.3043,TRUE,21.73472,1.426281,10.04641,-0.7957857,-0.5998365,0,0.08319467,-0.09980639,0.1324102,-0.9861573,FALSE,-1,-1,0,0,0,-1
21:24.2,20.34979,TRUE,21.73525,1.4263,10.04618,-0.7758557,-0.6257868,0,0.08024341,-0.1004305,0.1245146,-0.987122,FALSE,-1,-1,0,0,0,-1
21:24.2,20.39511,TRUE,21.73595,1.426422,10.046,-0.7977275,-0.5977721,0,0.07936926,-0.09488945,0.1266301,-0.9874011,FALSE,-1,-1,0,0,0,-1
21:24.3,20.43937,TRUE,21.73669,1.426385,10.04594,-0.8123275,-0.5774234,0,0.08189182,-0.09457249,0.1330459,-0.9865874,FALSE,-1,-1,0,0,0,-1
21:24.3,20.48199,TRUE,21.73772,1.426077,10.04619,-0.8205292,-0.5657089,0,0.0818854,-0.09264661,0.1343787,-0.9865896,FALSE,-1,-1,0,0,0,-1
21:24.4,20.52688,FALSE,21.73864,1.425516,10.04626,0,0,0,1,0,0,1,FALSE,-1,-1,0,0,0,-1
21:24.4,20.57006,FALSE,21.73939,1.425475,10.04632,0,0,0,1,0,0,1,FALSE,-1,-1,0,0,0,-1
21:24.4,20.61397,FALSE,21.73985,1.426027,10.04688,0,0,0,1,0,0,1,FALSE,-1,-1,0,0,0,-1
21:24.5,20.65936,TRUE,21.74018,1.427018,10.04754,-0.8425812,-0.5311148,0,0.08929802,-0.094855,0.1504817,-0.9840518,FALSE,-1,-1,0,0,0,-1
21:24.5,20.70478,TRUE,21.74053,1.427648,10.04738,-0.7997656,-0.5945532,0,0.08295403,-0.09864117,0.1326876,-0.9862372,FALSE,-1,-1,0,0,0,-1
21:24.6,20.74685,TRUE,21.74132,1.427742,10.04777,-0.7806015,-0.6201143,0,0.07822771,-0.09702024,0.1221293,-0.9877608,FALSE,-1,-1,0,0,0,-1
21:24.6,20.80466,TRUE,21.74182,1.42741,10.04816,-0.7951107,-0.6014525,0,0.07780629,-0.09359359,0.1237292,-0.9878924,FALSE,-1,-1,0,0,0,-1
21:24.7,20.84827,TRUE,21.74245,1.42694,10.04867,-0.7978988,-0.5969443,0,0.0837557,-0.09999496,0.1336571,-0.98597,FALSE,-1,-1,0,0,0,-1
21:24.7,20.89343,TRUE,21.74308,1.426543,10.04877,-0.7676029,-0.6359966,0,0.07933607,-0.1009149,0.1217972,-0.9874116,FALSE,-1,-1,0,0,0,-1
21:24.8,20.93742,TRUE,21.7436,1.426618,10.0487,-0.8006244,-0.593334,0,0.08339838,-0.09896619,0.1335416,-0.9860894,FALSE,-1,-1,0,0,0,-1
21:24.8,20.98156,TRUE,21.74405,1.426668,10.04876,-0.8273843,-0.5557956,0,0.08078654,-0.08980161,0.133683,-0.9869471,FALSE,-1,-1,0,0,0,-1
21:24.9,21.02752,TRUE,21.74426,1.426949,10.04945,-0.8393032,-0.5371618,0,0.08382921,-0.0900597,0.1407163,-0.9859453,FALSE,-1,-1,0,0,0,-1
21:24.9,21.07002,TRUE,21.74387,1.42708,10.05028,-0.8111425,-0.5793147,0,0.08026373,-0.09299593,0.1302107,-0.9871154,FALSE,-1,-1,0,0,0,-1
21:24.9,21.11442,TRUE,21.74379,1.427256,10.05071,-0.8187166,-0.5689254,0,0.07763288,-0.08833464,0.1271187,-0.9879463,FALSE,-1,-1,0,0,0,-1
21:25.0,21.15972,TRUE,21.74354,1.42728,10.05127,-0.8073339,-0.5844519,0,0.0814114,-0.0951621,0.1314524,-0.9867443,FALSE,-1,-1,0,0,0,-1
21:25.0,21.20417,FALSE,21.74324,1.427121,10.05193,0,0,0,1,0,0,1,FALSE,-1,-1,0,0,0,-1
21:25.1,21.24706,FALSE,21.74302,1.427403,10.0526,0,0,0,1,0,0,1,FALSE,-1,-1,0,0,0,-1
21:25.1,21.29521,FALSE,21.74311,1.427217,10.05324,0,0,0,1,0,0,1,FALSE,-1,-1,0,0,0,-1
21:25.2,21.33694,TRUE,21.74286,1.427339,10.05381,-0.8896462,-0.4494677,0,0.08067498,-0.07252161,0.1435444,-0.9869831,FALSE,-1,-1,0,0,0,-1
21:25.2,21.3768,TRUE,21.74269,1.427332,10.05429,-0.8572022,-0.5091093,0,0.0775383,-0.07895093,0.132932,-0.9879756,FALSE,-1,-1,0,0,0,-1
21:25.2,21.42362,TRUE,21.74256,1.427273,10.05531,-0.8693111,-0.4885192,0,0.07514845,-0.07342291,0.1306548,-0.9887055,FALSE,-1,-1,0,0,0,-1
21:25.3,21.47,TRUE,21.74245,1.427385,10.0559,-0.8611569,-0.5026138,0,0.07608055,-0.07647827,0.1310346,-0.9884235,FALSE,-1,-1,0,0,0,-1
21:25.3,21.5133,TRUE,21.74245,1.427199,10.05637,-0.8436887,-0.5316229,0,0.07460895,-0.07932766,0.1258934,-0.988867,FALSE,-1,-1,0,0,0,-1
21:25.4,21.55839,TRUE,21.74266,1.426867,10.05668,-0.8259386,-0.5587615,0,0.07490742,-0.08371075,0.1237378,-0.9887778,FALSE,-1,-1,0,0,0,-1
21:25.4,21.60122,TRUE,21.74293,1.425888,10.05678,-0.8147882,-0.5743036,0,0.07934458,-0.09113576,0.1292981,-0.9874089,FALSE,-1,-1,0,0,0,-1
21:25.5,21.64477,TRUE,21.7436,1.424369,10.05642,-0.8447958,-0.5285969,0,0.08309948,-0.08785224,0.1404041,-0.986189,FALSE,-1,-1,0,0,0,-1
21:25.5,21.68714,TRUE,21.74394,1.424182,10.05557,-0.8908353,-0.4447535,0,0.09277303,-0.08252226,0.165291,-0.9827864,FALSE,-1,-1,0,0,0,-1
21:25.6,21.73259,TRUE,21.74453,1.424445,10.05469,-0.7795799,-0.6184596,0,0.09880788,-0.1222173,0.1540572,-0.9804741,FALSE,-1,-1,0,0,0,-1
21:25.6,21.77506,TRUE,21.74481,1.424986,10.05393,-0.7803796,-0.6182145,0,0.09390762,-0.1161101,0.1465672,-0.9823627,FALSE,-1,-1,0,0,0,-1
21:25.6,21.81883,TRUE,21.74464,1.426037,10.0529,-0.7805914,-0.6181326,0,0.09267869,-0.1145754,0.1446883,-0.9828213,FALSE,-1,-1,0,0,0,-1
21:25.7,21.85829,TRUE,21.74419,1.427333,10.05178,-0.7612567,-0.6416214,0,0.09386306,-0.1204491,0.1429078,-0.9823794,FALSE,-1,-1,0,0,0,-1
21:25.7,21.90293,TRUE,21.74362,1.428328,10.05059,-0.739999,-0.6664245,0,0.09099413,-0.1212814,0.1346711,-0.9834401,FALSE,-1,-1,0,0,0,-1
21:25.8,21.94742,FALSE,21.74297,1.42953,10.04992,0,0,0,1,0,0,1,FALSE,-1,-1,0,0,0,-1
21:25.8,21.99605,FALSE,21.74181,1.430158,10.04895,0,0,0,1,0,0,1,FALSE,-1,-1,0,0,0,-1
21:25.9,22.03838,FALSE,21.74107,1.42982,10.04825,0,0,0,1,0,0,1,FALSE,-1,-1,0,0,0,-1
21:25.9,22.0796,TRUE,21.74015,1.429866,10.0475,-0.760661,-0.6440197,0,0.08144651,-0.1049063,0.1239063,-0.9867329,FALSE,-1,-1,0,0,0,-1
21:25.9,22.12547,TRUE,21.73937,1.429897,10.04628,-0.7357804,-0.6726944,0,0.07816284,-0.1051594,0.1150214,-0.9877812,FALSE,-1,-1,0,0,0,-1
21:26.0,22.17095,TRUE,21.73831,1.429722,10.04526,-0.7404215,-0.6675686,0,0.078282,-0.1045172,0.1159234,-0.9877439,FALSE,-1,-1,0,0,0,-1
21:26.0,22.21535,TRUE,21.73738,1.429164,10.04439,-0.752656,-0.6536142,0,0.07935679,-0.1037375,0.1194567,-0.987405,FALSE,-1,-1,0,0,0,-1
21:26.1,22.25926,TRUE,21.73655,1.428786,10.0434,-0.7444931,-0.6628125,0,0.08006009,-0.1061297,0.1192084,-0.9871808,FALSE,-1,-1,0,0,0,-1
21:26.1,22.30503,TRUE,21.73593,1.428884,10.04259,-0.7482732,-0.6582965,0,0.08205479,-0.1080327,0.1227988,-0.986534,FALSE,-1,-1,0,0,0,-1
21:26.2,22.34686,TRUE,21.73512,1.429376,10.04199,-0.7359234,-0.6722086,0,0.08094711,-0.1088267,0.1191417,-0.9868951,FALSE,-1,-1,0,0,0,-1
21:26.2,22.39347,TRUE,21.73409,1.429852,10.04132,-0.7299842,-0.678834,0,0.07942016,-0.1078262,0.1159509,-0.9873849,FALSE,-1,-1,0,0,0,-1
21:26.3,22.43754,TRUE,21.73349,1.430227,10.04077,-0.7270473,-0.6817307,0,0.08152043,-0.1111499,0.1185384,-0.9867089,FALSE,-1,-1,0,0,0,-1
21:26.3,22.48141,TRUE,21.73325,1.430271,10.04035,-0.7175617,-0.6917285,0,0.08134502,-0.1125373,0.1167401,-0.986766,FALSE,-1,-1,0,0,0,-1
21:26.4,22.52652,TRUE,21.73329,1.429818,10.03976,-0.7180455,-0.6913502,0,0.08028454,-0.1110094,0.1152959,-0.9871088,FALSE,-1,-1,0,0,0,-1
21:26.4,22.57075,TRUE,21.73357,1.429764,10.03979,-0.7202458,-0.6890907,0,0.07999971,-0.1102541,0.1152389,-0.9872001,FALSE,-1,-1,0,0,0,-1
21:26.4,22.6202,TRUE,21.7336,1.429801,10.03948,-0.725701,-0.6830446,0,0.08251182,-0.1127185,0.1197578,-0.9863836,FALSE,-1,-1,0,0,0,-1
21:26.5,22.67164,TRUE,21.73362,1.429829,10.03935,-0.7479359,-0.6586249,0,0.08249365,-0.1086647,0.1233999,-0.9863896,FALSE,-1,-1,0,0,0,-1
21:26.5,22.7146,TRUE,21.73358,1.429835,10.03972,-0.75473,-0.6506545,0,0.08385349,-0.1091193,0.1265735,-0.9859372,FALSE,-1,-1,0,0,0,-1
21:26.6,22.76143,TRUE,21.73339,1.429979,10.0399,-0.7401071,-0.6671566,0,0.08452005,-0.1127762,0.1251078,-0.9857127,FALSE,-1,-1,0,0,0,-1
21:26.6,22.80877,TRUE,21.73309,1.430541,10.04029,-0.6931243,-0.7157052,0,0.08570167,-0.1226743,0.1188038,-0.9853105,FALSE,-1,-1,0,0,0,-1
21:26.7,22.85358,TRUE,21.73297,1.430281,10.04037,-0.6782715,-0.7297193,0,0.08635703,-0.1260328,0.117147,-0.985085,FALSE,-1,-1,0,0,0,-1
21:26.7,22.90182,TRUE,21.73332,1.429838,10.04106,-0.6681528,-0.7389802,0,0.08648799,-0.1278258,0.1155744,-0.9850397,FALSE,-1,-1,0,0,0,-1
21:26.8,22.94717,TRUE,21.73413,1.429005,10.04252,-0.6738814,-0.73412,0,0.08337772,-0.1224185,0.1123734,-0.9860963,FALSE,-1,-1,0,0,0,-1
21:26.8,22.99888,TRUE,21.73507,1.429303,10.0445,-0.6851573,-0.7232216,0,0.08666094,-0.1253501,0.1187527,-0.9849797,FALSE,-1,-1,0,0,0,-1
21:26.9,23.05912,TRUE,21.73645,1.43058,10.04648,-0.7036217,-0.705245,0,0.08686859,-0.1225273,0.1222452,-0.9849077,FALSE,-1,-1,0,0,0,-1
21:26.9,23.09741,TRUE,21.73721,1.43113,10.04722,-0.7445678,-0.6620024,0,0.08585844,-0.113677,0.1278548,-0.9852566,FALSE,-1,-1,0,0,0,-1
21:27.0,23.16125,TRUE,21.73871,1.430234,10.05026,-0.8228511,-0.5618545,0,0.08506276,-0.09558578,0.1399879,-0.9855286,FALSE,-1,-1,0,0,0,-1
21:27.0,23.19525,TRUE,21.73906,1.429783,10.0524,-0.8236037,-0.5606998,0,0.08539736,-0.09576456,0.1406672,-0.9854146,FALSE,-1,-1,0,0,0,-1
21:27.1,23.26552,TRUE,21.7406,1.428581,10.05748,-0.829071,-0.5528423,0,0.08370568,-0.09255207,0.1387959,-0.9859867,FALSE,-1,-1,0,0,0,-1
21:27.1,23.3254,FALSE,21.74298,1.4284,10.06186,0,0,0,1,0,0,1,FALSE,-1,-1,0,0,0,-1
21:27.2,23.3614,FALSE,21.74345,1.428715,10.06331,0,0,0,1,0,0,1,FALSE,-1,-1,0,0,0,-1
21:27.3,23.42659,TRUE,21.74422,1.428616,10.06594,-0.7333509,-0.6758843,0,0.07332743,-0.0991217,0.1075495,-0.9892461,FALSE,-1,-1,0,0,0,-1
21:27.3,23.46141,TRUE,21.74444,1.428213,10.06721,-0.8379378,-0.5382618,0,0.09019157,-0.09709333,0.1511498,-0.983731,FALSE,-1,-1,0,0,0,-1
21:27.4,23.52885,TRUE,21.74546,1.426965,10.07055,-0.846271,-0.524405,0,0.09394094,-0.09852618,0.158999,-0.9823502,FALSE,-1,-1,0,0,0,-1
21:27.4,23.57158,TRUE,21.74542,1.427218,10.07234,-0.8553193,-0.5100555,0,0.09095259,-0.09278174,0.155587,-0.9834552,FALSE,-1,-1,0,0,0,-1
21:27.5,23.62751,TRUE,21.74533,1.426983,10.07638,-0.857981,-0.5054209,0,0.09175144,-0.09274619,0.157442,-0.9831634,FALSE,-1,-1,0,0,0,-1
21:27.5,23.67444,TRUE,21.74492,1.427087,10.07896,-0.8435845,-0.5294298,0,0.08982926,-0.09511656,0.1515571,-0.9838614,FALSE,-1,-1,0,0,0,-1
21:27.5,23.72289,TRUE,21.74474,1.426967,10.0813,-0.8339871,-0.5448654,0,0.0871048,-0.09492079,0.1452886,-0.9848255,FALSE,-1,-1,0,0,0,-1
21:27.6,23.77251,TRUE,21.74494,1.426421,10.08306,-0.8492939,-0.5210418,0,0.08494367,-0.08851839,0.1442843,-0.9855691,FALSE,-1,-1,0,0,0,-1
21:27.6,23.8165,TRUE,21.74554,1.42553,10.08411,-0.8755841,-0.4738869,0,0.09372219,-0.08882742,0.1641233,-0.9824322,FALSE,-1,-1,0,0,0,-1
21:27.7,23.85696,TRUE,21.74551,1.425629,10.08457,-0.8877007,-0.4506821,0,0.09419715,-0.08490594,0.1672377,-0.9822538,FALSE,-1,-1,0,0,0,-1
21:27.7,23.89724,TRUE,21.74501,1.426236,10.08523,-0.9167999,-0.3881984,0,0.09370159,-0.07274961,0.1718112,-0.98244,FALSE,-1,-1,0,0,0,-1
21:27.8,23.94764,TRUE,21.7454,1.426997,10.08602,-0.9012819,-0.4216294,0,0.09959719,-0.08398621,0.1795303,-0.9801608,FALSE,-1,-1,0,0,0,-1
21:27.8,23.99631,TRUE,21.74544,1.426277,10.08685,-0.9089468,-0.403896,0,0.103363,-0.08349576,0.1879028,-0.9786322,FALSE,-1,-1,0,0,0,-1
21:27.9,24.03721,TRUE,21.74683,1.427456,10.08671,-0.8948695,-0.4339308,0,0.1044641,-0.09066035,0.1869634,-0.9781744,FALSE,-1,-1,0,0,0,-1
21:27.9,24.08002,TRUE,21.7476,1.427797,10.08637,0.6602855,-0.7454502,0,0.09125279,-0.1360488,-0.1205058,-0.9833459,FALSE,-1,-1,0,0,0,-1
21:27.9,24.12213,TRUE,21.74793,1.427828,10.0862,-0.05552286,-0.9633431,0,0.2624639,-0.5056854,0.02914548,-0.8622255,FALSE,-1,-1,0,0,0,-1
21:28.0,24.16554,TRUE,21.7486,1.427334,10.08764,0.783418,-0.6168168,0,0.07611392,-0.09389668,-0.119258,-0.9884134,FALSE,-1,-1,0,0,0,-1
21:28.0,24.20677,FALSE,21.74898,1.426865,10.08886,0,0,0,1,0,0,1,FALSE,-1,-1,0,0,0,-1
21:28.1,24.25065,FALSE,21.7488,1.426553,10.08914,0,0,0,1,0,0,1,FALSE,-1,-1,0,0,0,-1
21:28.1,24.2931,FALSE,21.7488,1.426267,10.08895,0,0,0,1,0,0,1,FALSE,-1,-1,0,0,0,-1
21:28.2,24.33571,TRUE,21.74897,1.425447,10.08871,-0.9376852,-0.334817,0,0.09297369,-0.06225834,0.1743601,-0.9827117,FALSE,-1,-1,0,0,0,-1
21:28.2,24.38023,TRUE,21.74957,1.424576,10.08929,-0.9475452,-0.3044855,0,0.09719349,-0.05918802,0.1841905,-0.9811069,FALSE,-1,-1,0,0,0,-1
21:28.3,24.42516,TRUE,21.75008,1.424108,10.08953,-0.9545116,-0.2833801,0,0.09275518,-0.05256993,0.1770718,-0.982793,FALSE,-1,-1,0,0,0,-1
21:28.3,24.46818,TRUE,21.75011,1.423737,10.08987,-0.9536212,-0.2839383,0,0.09992814,-0.05674685,0.1905872,-0.9800287,FALSE,-1,-1,0,0,0,-1
21:28.3,24.51424,TRUE,21.74972,1.423801,10.08954,-0.9514118,-0.2917647,0,0.09843287,-0.05743847,0.1873004,-0.9806219,FALSE,-1,-1,0,0,0,-1
21:28.4,24.55806,TRUE,21.74955,1.424024,10.0892,-0.9469074,-0.3062609,0,0.09783053,-0.05992331,0.1852728,-0.9808583,FALSE,-1,-1,0,0,0,-1
21:28.4,24.6006,TRUE,21.74934,1.424264,10.08922,-0.9548893,-0.2799217,0,0.09914801,-0.05550734,0.1893507,-0.9803393,FALSE,-1,-1,0,0,0,-1
21:28.5,24.64567,TRUE,21.74905,1.423866,10.08901,-0.9485871,-0.2991834,0,0.1033046,-0.06181404,0.1959868,-0.9786564,FALSE,-1,-1,0,0,0,-1
21:28.5,24.69077,TRUE,21.74891,1.423479,10.08861,-0.9456168,-0.3070488,0,0.1073776,-0.06594031,0.2030761,-0.9769401,FALSE,-1,-1,0,0,0,-1
21:28.6,24.73528,TRUE,21.74874,1.423342,10.0885,-0.944512,-0.3104084,0,0.1074419,-0.06670176,0.2029604,-0.9769124,FALSE,-1,-1,0,0,0,-1
21:28.6,24.79115,TRUE,21.7485,1.423548,10.08877,-0.951125,-0.2897757,0,0.1067302,-0.06185562,0.2030275,-0.9772173,FALSE,-1,-1,0,0,0,-1
21:28.7,24.83648,TRUE,21.74851,1.423753,10.08891,-0.94759,-0.3015706,0,0.1054917,-0.06362635,0.1999256,-0.977743,FALSE,-1,-1,0,0,0,-1
21:28.7,24.87991,TRUE,21.74869,1.423812,10.08865,-0.9459839,-0.3060623,0,0.10696,-0.06547283,0.2023649,-0.9771191,FALSE,-1,-1,0,0,0,-1
21:28.8,24.92504,TRUE,21.74866,1.423751,10.08839,-0.9475132,-0.301637,0,0.1059905,-0.06394131,0.2008548,-0.977532,FALSE,-1,-1,0,0,0,-1
21:28.8,24.96928,TRUE,21.74866,1.423687,10.08828,-0.9421674,-0.3189714,0,0.1028488,-0.06561162,0.1938015,-0.9788442,FALSE,-1,-1,0,0,0,-1
21:28.9,25.04264,TRUE,21.74841,1.423338,10.08806,-0.9351742,-0.3400669,0,0.09901334,-0.06734233,0.1851894,-0.9803927,FALSE,-1,-1,0,0,0,-1
21:28.9,25.09677,TRUE,21.74868,1.423211,10.08799,-0.9381481,-0.3315875,0,0.09963824,-0.06607759,0.1869509,-0.9801445,FALSE,-1,-1,0,0,0,-1
21:29.0,25.14428,TRUE,21.74866,1.423329,10.08771,-0.9352754,-0.3395105,0,0.09996241,-0.06787658,0.1869848,-0.980015,FALSE,-1,-1,0,0,0,-1
21:29.0,25.19589,TRUE,21.74849,1.423382,10.08757,-0.9232284,-0.370933,0,0.10029,-0.07440175,0.1851812,-0.9798838,FALSE,-1,-1,0,0,0,-1
21:29.1,25.24044,TRUE,21.74838,1.423537,10.08775,-0.9372044,-0.3337107,0,0.1014158,-0.06768706,0.1900946,-0.9794297,FALSE,-1,-1,0,0,0,-1
21:29.1,25.30286,TRUE,21.74825,1.423267,10.08784,-0.9324402,-0.3473211,0,0.09961648,-0.0691978,0.1857728,-0.9801531,FALSE,-1,-1,0,0,0,-1
21:29.2,25.34498,TRUE,21.74828,1.423152,10.08779,-0.9246812,-0.3681981,0,0.09692633,-0.07137619,0.1792519,-0.9812106,FALSE,-1,-1,0,0,0,-1
21:29.2,25.40385,TRUE,21.74867,1.423274,10.08809,-0.9300474,-0.3540485,0,0.09829347,-0.0696013,0.1828351,-0.9806768,FALSE,-1,-1,0,0,0,-1
21:29.3,25.43831,TRUE,21.74879,1.423254,10.08823,-0.9295471,-0.3551057,0,0.09920727,-0.07045813,0.1844357,-0.9803159,FALSE,-1,-1,0,0,0,-1
21:29.3,25.4723,TRUE,21.74847,1.423285,10.08795,-0.9320442,-0.3488981,0,0.09779444,-0.06824058,0.1822975,-0.9808725,FALSE,-1,-1,0,0,0,-1
21:29.4,25.53828,TRUE,21.74786,1.423518,10.0876,-0.9316045,-0.3501658,0,0.09745257,-0.06824911,0.1815745,-0.981006,FALSE,-1,-1,0,0,0,-1
21:29.4,25.5728,TRUE,21.74744,1.423477,10.08764,-0.9368448,-0.3358046,0,0.09776126,-0.06565735,0.1831742,-0.9808854,FALSE,-1,-1,0,0,0,-1
21:29.4,25.60649,TRUE,21.74724,1.423409,10.0878,-0.936034,-0.3382824,0,0.0969817,-0.06561439,0.1815563,-0.9811891,FALSE,-1,-1,0,0,0,-1
21:29.5,25.67119,TRUE,21.74712,1.423815,10.08794,-0.932259,-0.3488186,0,0.09601394,-0.06698291,0.1790197,-0.9815627,FALSE,-1,-1,0,0,0,-1
21:29.5,25.70507,TRUE,21.74696,1.423864,10.08765,-0.92992,-0.3554765,0,0.09426156,-0.06701554,0.1753114,-0.9822295,FALSE,-1,-1,0,0,0,-1
21:29.6,25.74005,TRUE,21.74684,1.424219,10.08788,-0.9311563,-0.3524014,0,0.09360126,-0.06597044,0.1743148,-0.9824777,FALSE,-1,-1,0,0,0,-1
21:29.6,25.80512,TRUE,21.74688,1.424439,10.08842,-0.899003,-0.42798,0,0.09288021,-0.07950173,0.1669992,-0.9827465,FALSE,-1,-1,0,0,0,-1
21:29.7,25.87058,TRUE,21.74727,1.424555,10.0889,-0.9101064,-0.4042243,0,0.09115505,-0.07369416,0.1659216,-0.9833815,FALSE,-1,-1,0,0,0,-1
21:29.8,25.93694,TRUE,21.74694,1.424917,10.08893,-0.9939262,-0.004388032,0,0.1099611,-0.000965025,0.2185864,-0.9758171,FALSE,-1,-1,0,0,0,-1
21:29.8,25.97071,TRUE,21.74733,1.425367,10.08925,-0.8806995,0.4261566,0,0.2067828,0.1762437,0.364227,-0.9144818,FALSE,-1,-1,0,0,0,-1
21:29.8,26.02031,TRUE,21.74703,1.426134,10.08996,-0.8691202,0.4443258,0,0.2172666,0.1930743,0.3776615,-0.9055904,FALSE,-1,-1,0,0,0,-1
21:29.9,26.071,TRUE,21.74727,1.426681,10.0904,-0.8656498,0.4522261,0,0.2148069,0.1942826,0.3718952,-0.9077159,FALSE,-1,-1,0,0,0,-1
21:29.9,26.12254,TRUE,21.74697,1.426915,10.08986,-0.8704068,0.4442819,0,0.2121456,0.1885048,0.3693058,-0.9099885,FALSE,-1,-1,0,0,0,-1
21:30.0,26.17277,TRUE,21.74757,1.427048,10.08977,-0.8682321,0.4488663,0,0.2114048,0.189785,0.367097,-0.910616,FALSE,-1,-1,0,0,0,-1
21:30.0,26.22248,TRUE,21.74814,1.427446,10.08985,-0.8719226,0.4424969,0,0.2096367,0.1855272,0.3655739,-0.912105,FALSE,-1,-1,0,0,0,-1
21:30.1,26.26383,TRUE,21.74791,1.428128,10.08958,-0.8620851,0.4637517,0,0.2043127,0.1895007,0.3522699,-0.9165126,FALSE,-1,-1,0,0,0,-1
21:30.1,26.31052,FALSE,21.74693,1.429433,10.08967,0,0,0,1,0,0,1,FALSE,-1,-1,0,0,0,-1
21:30.2,26.35987,FALSE,21.74634,1.431241,10.09,0,0,0,1,0,0,1,FALSE,-1,-1,0,0,0,-1
21:30.2,26.40574,TRUE,21.74623,1.432296,10.0904,-0.8041961,0.528226,0,0.2724815,0.2878635,0.4382569,-0.8515078,FALSE,-1,-1,0,0,0,-1
21:30.3,26.45325,TRUE,21.74641,1.43267,10.09147,-0.7980009,0.5441402,0,0.2590485,0.2819174,0.4134418,-0.8657877,FALSE,-1,-1,0,0,0,-1
21:30.3,26.50044,TRUE,21.74656,1.432329,10.09134,-0.8098682,0.5309597,0,0.2493901,0.2648322,0.4039463,-0.8756092,FALSE,-1,-1,0,0,0,-1
21:30.4,26.54815,TRUE,21.74726,1.431925,10.09158,-0.8196712,0.5204205,0,0.2393779,0.2491543,0.3924222,-0.8853965,FALSE,-1,-1,0,0,0,-1
21:30.4,26.597,TRUE,21.74751,1.431605,10.09121,-0.8107598,0.5360811,0,0.235129,0.2520965,0.3812664,-0.8894287,FALSE,-1,-1,0,0,0,-1
21:30.5,26.64627,TRUE,21.74739,1.431612,10.09094,-0.8115894,0.5352882,0,0.2340711,0.250591,0.3799392,-0.8904214,FALSE,-1,-1,0,0,0,-1
21:30.5,26.69215,TRUE,21.7473,1.431739,10.09038,-0.8185037,0.5229284,0,0.2379024,0.2488119,0.389448,-0.8868048,FALSE,-1,-1,0,0,0,-1
21:30.6,26.74026,TRUE,21.7468,1.432097,10.09021,-0.8256576,0.5079597,0,0.2454924,0.2494005,0.4053853,-0.8794669,FALSE,-1,-1,0,0,0,-1
21:30.6,26.78772,TRUE,21.74663,1.431856,10.09004,-0.8234859,0.5145292,0,0.2390207,0.2459662,0.3936603,-0.8857382,FALSE,-1,-1,0,0,0,-1
21:30.7,26.83539,FALSE,21.74674,1.431949,10.08928,0,0,0,1,0,0,1,FALSE,-1,-1,0,0,0,-1
21:30.7,26.8798,FALSE,21.74695,1.432024,10.08875,0,0,0,1,0,0,1,FALSE,-1,-1,0,0,0,-1
21:30.7,26.92647,FALSE,21.747,1.432344,10.0884,0,0,0,1,0,0,1,FALSE,-1,-1,0,0,0,-1
21:30.8,26.9767,TRUE,21.74636,1.43294,10.08807,-0.8384591,0.4870155,0,0.2445453,0.2381947,0.4100824,-0.8803952,FALSE,-1,-1,0,0,0,-1
21:30.8,27.02048,TRUE,21.74575,1.433443,10.08774,-0.8386866,0.4870959,0,0.2436032,0.2373161,0.4086133,-0.881315,FALSE,-1,-1,0,0,0,-1
21:30.9,27.0704,TRUE,21.74475,1.434005,10.08764,-0.8325499,0.4989771,0,0.2405879,0.2400957,0.4006029,-0.884235,FALSE,-1,-1,0,0,0,-1
21:30.9,27.11689,TRUE,21.74446,1.434108,10.08722,-0.8372496,0.4939397,0,0.2345992,0.2317557,0.3928361,-0.8899264,FALSE,-1,-1,0,0,0,-1
21:31.0,27.16752,TRUE,21.74449,1.434114,10.08676,-0.8401361,0.4897701,0,0.2330165,0.228249,0.3915311,-0.8914067,FALSE,-1,-1,0,0,0,-1
21:31.0,27.21438,TRUE,21.74454,1.434191,10.08588,-0.8443347,0.4852341,0,0.2272598,0.2205484,0.3837666,-0.896706,FALSE,-1,-1,0,0,0,-1
21:31.1,27.26202,TRUE,21.74443,1.434065,10.08525,-0.8380323,0.4966042,0,0.2260225,0.2244874,0.3788283,-0.8978277,FALSE,-1,-1,0,0,0,-1
21:31.1,27.30776,TRUE,21.74463,1.433849,10.0846,-0.838452,0.4946899,0,0.2286489,0.2262205,0.3834222,-0.8954394,FALSE,-1,-1,0,0,0,-1
21:31.2,27.35346,TRUE,21.74479,1.433899,10.08411,-0.8388945,0.4919931,0,0.2328064,0.2290783,0.3906,-0.8916023,FALSE,-1,-1,0,0,0,-1
21:31.2,27.40087,TRUE,21.74501,1.433969,10.08366,-0.8250926,0.5122075,0,0.2384653,0.2442875,0.393512,-0.8862686,FALSE,-1,-1,0,0,0,-1
21:31.3,27.45683,TRUE,21.74509,1.434021,10.08338,-0.8308288,0.5020959,0,0.2400485,0.2410548,0.3988784,-0.8847534,FALSE,-1,-1,0,0,0,-1
21:31.3,27.50268,TRUE,21.74542,1.433683,10.0825,-0.830368,0.5031312,0,0.2394745,0.2409742,0.397704,-0.8853039,FALSE,-1,-1,0,0,0,-1
21:31.4,27.54782,TRUE,21.74566,1.433624,10.08204,-0.9579387,0.1950082,0,0.2105356,0.08211232,0.4033604,-0.9113495,FALSE,-1,-1,0,0,0,-1
21:31.4,27.59487,TRUE,21.74599,1.433578,10.08167,-0.7868421,-0.5615621,0,0.2559837,-0.2875014,0.4028374,-0.8689448,FALSE,-1,-1,0,0,0,-1
21:31.5,27.64105,TRUE,21.74599,1.433947,10.08156,-0.785116,-0.5690419,0,0.2445081,-0.2782708,0.3839345,-0.8804315,FALSE,-1,-1,0,0,0,-1
21:31.5,27.68846,TRUE,21.74592,1.433717,10.08123,-0.7985188,-0.5514068,0,0.2414918,-0.2663205,0.3856715,-0.8833634,FALSE,-1,-1,0,0,0,-1
21:31.6,27.73365,TRUE,21.74574,1.433952,10.08101,-0.7980886,-0.5502046,0,0.2456209,-0.2702835,0.3920544,-0.8793408,FALSE,-1,-1,0,0,0,-1
21:31.6,27.77511,TRUE,21.7457,1.43416,10.08093,-0.7985712,-0.5506442,0,0.2430537,-0.2676722,0.3881913,-0.8818498,FALSE,-1,-1,0,0,0,-1
21:31.6,27.81554,TRUE,21.74592,1.43432,10.08088,-0.803866,-0.5444451,0,0.2395392,-0.2608319,0.3851148,-0.8852419,FALSE,-1,-1,0,0,0,-1
21:31.7,27.85372,TRUE,21.74554,1.434513,10.08053,-0.8162299,-0.5244364,0,0.2423534,-0.2541979,0.3956322,-0.8825297,FALSE,-1,-1,0,0,0,-1
21:31.7,27.90095,TRUE,21.74587,1.434466,10.08067,-0.8724887,-0.4323418,0,0.227693,-0.1968824,0.397319,-0.8963119,FALSE,-1,-1,0,0,0,-1
21:31.8,27.94412,TRUE,21.74612,1.434087,10.08102,-0.8821538,-0.4144803,0,0.2236311,-0.1853813,0.3945539,-0.8999783,FALSE,-1,-1,0,0,0,-1
21:31.8,27.98999,TRUE,21.74557,1.433941,10.0815,-0.8786649,-0.4238342,0,0.2198014,-0.1863187,0.3862635,-0.9033747,FALSE,-1,-1,0,0,0,-1
21:31.9,28.03378,TRUE,21.74518,1.434128,10.08196,-0.8798488,-0.4194028,0,0.223534,-0.1875015,0.3933522,-0.9000651,FALSE,-1,-1,0,0,0,-1
21:31.9,28.07896,TRUE,21.74543,1.434358,10.08259,-0.8783191,-0.4232335,0,0.2223261,-0.1881917,0.3905466,-0.9011422,FALSE,-1,-1,0,0,0,-1
21:31.9,28.12304,TRUE,21.74593,1.434584,10.08322,-0.8741703,-0.4313203,0,0.2231347,-0.192485,0.3901153,-0.9004219,FALSE,-1,-1,0,0,0,-1
21:32.0,28.16564,TRUE,21.74618,1.43466,10.0832,-0.8752301,-0.4309553,0,0.2196585,-0.189326,0.3845035,-0.9035003,FALSE,-1,-1,0,0,0,-1
21:32.0,28.21147,TRUE,21.74593,1.434757,10.08322,-0.87174,-0.4380105,0,0.2195818,-0.1923582,0.3828365,-0.9035677,FALSE,-1,-1,0,0,0,-1
21:32.1,28.24502,TRUE,21.74618,1.434941,10.08372,-0.8722019,-0.4368258,0,0.2201069,-0.1922968,0.3839554,-0.9031059,FALSE,-1,-1,0,0,0,-1
21:32.1,28.28821,TRUE,21.74645,1.435022,10.08415,-0.8692895,-0.4454806,0,0.2142027,-0.1908463,0.3724083,-0.9082344,FALSE,-1,-1,0,0,0,-1
21:32.2,28.33629,TRUE,21.74713,1.434893,10.08473,-0.8653147,-0.4591112,0,0.2011155,-0.1846688,0.3480564,-0.9191051,FALSE,-1,-1,0,0,0,-1
21:32.2,28.37927,FALSE,21.74777,1.435243,10.0851,0,0,0,1,0,0,1,FALSE,-1,-1,0,0,0,-1
21:32.2,28.42229,FALSE,21.74762,1.435073,10.08528,0,0,0,1,0,0,1,FALSE,-1,-1,0,0,0,-1
21:32.3,28.46945,TRUE,21.74724,1.434764,10.08625,-0.8939879,-0.392666,0,0.2158682,-0.1695282,0.3859672,-0.9068018,FALSE,-1,-1,0,0,0,-1
21:32.3,28.51867,TRUE,21.74654,1.434472,10.08651,-0.909598,-0.3577954,0,0.21122,-0.1511472,0.3842507,-0.9107722,FALSE,-1,-1,0,0,0,-1
21:32.4,28.5658,TRUE,21.74617,1.435256,10.08755,-0.892134,-0.4025697,0,0.2050236,-0.1650726,0.3658171,-0.9159306,FALSE,-1,-1,0,0,0,-1
21:32.4,28.6099,TRUE,21.74685,1.435399,10.08904,-0.8885872,-0.4100153,0,0.2056701,-0.1686558,0.3655116,-0.9153996,FALSE,-1,-1,0,0,0,-1
21:32.5,28.6591,TRUE,21.74726,1.435285,10.09027,-0.8733614,-0.443386,0,0.2016152,-0.1787867,0.3521659,-0.9187027,FALSE,-1,-1,0,0,0,-1
21:32.5,28.70209,TRUE,21.74718,1.435083,10.09098,-0.8872029,-0.4118971,0,0.2078745,-0.1712458,0.3688537,-0.9135764,FALSE,-1,-1,0,0,0,-1
21:32.6,28.74459,TRUE,21.74749,1.434963,10.09191,-0.8927759,-0.4001525,0,0.2069523,-0.1656249,0.3695239,-0.9143416,FALSE,-1,-1,0,0,0,-1
21:32.6,28.78562,TRUE,21.74704,1.434918,10.09215,-0.8837112,-0.4229701,0,0.2003765,-0.1695065,0.3541499,-0.9196985,FALSE,-1,-1,0,0,0,-1
21:32.7,28.82631,TRUE,21.74735,1.434905,10.09317,-0.880592,-0.4287538,0,0.2018115,-0.1730549,0.3554272,-0.9185443,FALSE,-1,-1,0,0,0,-1
21:32.7,28.86851,TRUE,21.74769,1.434827,10.09439,-0.8861543,-0.4169277,0,0.2022423,-0.1686408,0.3584358,-0.9181961,FALSE,-1,-1,0,0,0,-1
21:32.7,28.91051,TRUE,21.74802,1.434702,10.09511,-0.8889815,-0.4089973,0,0.2059931,-0.1685012,0.3662481,-0.9151337,FALSE,-1,-1,0,0,0,-1
21:32.8,28.95241,TRUE,21.74803,1.434544,10.09609,-0.891067,-0.4082924,0,0.1982346,-0.1618753,0.3532806,-0.9214061,FALSE,-1,-1,0,0,0,-1
21:32.8,28.99424,TRUE,21.74813,1.43417,10.09654,-0.8805022,-0.4293106,0,0.201018,-0.1725983,0.3539936,-0.9191836,FALSE,-1,-1,0,0,0,-1
21:32.9,29.04722,TRUE,21.7483,1.434122,10.09769,-0.8790486,-0.4317395,0,0.2021747,-0.1745736,0.3554427,-0.9182508,FALSE,-1,-1,0,0,0,-1
21:32.9,29.08958,TRUE,21.74865,1.434419,10.09835,-0.9037492,-0.3760725,0,0.2044675,-0.1537892,0.3695747,-0.9163861,FALSE,-1,-1,0,0,0,-1
21:33.0,29.13167,TRUE,21.74889,1.434537,10.0988,-0.8822047,-0.4263851,0,0.1997765,-0.1703634,0.3524875,-0.9201788,FALSE,-1,-1,0,0,0,-1
21:33.0,29.17381,TRUE,21.74852,1.434547,10.09872,-0.8908081,-0.4075483,0,0.2009113,-0.1637621,0.3579469,-0.9192693,FALSE,-1,-1,0,0,0,-1
21:33.0,29.21408,TRUE,21.74874,1.434635,10.09932,-0.8885224,-0.4149494,0,0.1958188,-0.1625098,0.3479787,-0.92331,FALSE,-1,-1,0,0,0,-1
21:33.1,29.25975,TRUE,21.74908,1.43443,10.10036,-0.9025923,-0.3850518,0,0.1925159,-0.1482571,0.3475266,-0.9258754,FALSE,-1,-1,0,0,0,-1
21:33.1,29.30484,TRUE,21.74923,1.434339,10.10106,-0.8942674,-0.4034204,0,0.193747,-0.156323,0.3465233,-0.9249242,FALSE,-1,-1,0,0,0,-1
21:33.2,29.34859,TRUE,21.74907,1.434494,10.10176,-0.9056176,-0.3782175,0,0.1918547,-0.1451257,0.347494,-0.9263836,FALSE,-1,-1,0,0,0,-1
21:33.2,29.39005,TRUE,21.74845,1.434488,10.10167,-0.9044374,-0.3807821,0,0.1923485,-0.1464857,0.3479344,-0.9260041,FALSE,-1,-1,0,0,0,-1
21:33.3,29.43441,TRUE,21.74795,1.434612,10.10192,-0.9130914,-0.3578408,0,0.1954842,-0.1399045,0.3569899,-0.9235719,FALSE,-1,-1,0,0,0,-1
21:33.3,29.47727,TRUE,21.7479,1.434666,10.10265,-0.8894873,-0.4102466,0,0.2012711,-0.1651416,0.3580562,-0.9189799,FALSE,-1,-1,0,0,0,-1
21:33.3,29.5221,TRUE,21.74758,1.434868,10.1037,-0.8994265,-0.3869146,0,0.2032954,-0.1573159,0.3656986,-0.9173419,FALSE,-1,-1,0,0,0,-1
21:33.4,29.56738,TRUE,21.74729,1.434833,10.10405,-0.9126349,-0.3569228,0,0.1992577,-0.1422392,0.363699,-0.9205928,FALSE,-1,-1,0,0,0,-1
21:33.4,29.61057,FALSE,21.74671,1.434779,10.1039,0,0,0,1,0,0,1,FALSE,-1,-1,0,0,0,-1
21:33.5,29.66074,FALSE,21.74654,1.434615,10.10402,0,0,0,1,0,0,1,FALSE,-1,-1,0,0,0,-1
21:33.5,29.70903,TRUE,21.7457,1.43429,10.10387,-0.9219859,-0.3310554,0,0.2008588,-0.1329908,0.370378,-0.9193115,FALSE,-1,-1,0,0,0,-1
21:33.6,29.75499,TRUE,21.74465,1.434173,10.10333,-0.913915,-0.3520206,0,0.2020916,-0.1422808,0.369389,-0.918318,FALSE,-1,-1,0,0,0,-1
21:33.6,29.79857,TRUE,21.74384,1.434131,10.1027,-0.9103896,-0.3613592,0,0.2015202,-0.1456423,0.3669238,-0.9187792,FALSE,-1,-1,0,0,0,-1
21:33.7,29.84362,TRUE,21.74313,1.434358,10.10223,-0.9035987,-0.3782488,0,0.2010899,-0.1521241,0.3634092,-0.9191257,FALSE,-1,-1,0,0,0,-1
21:33.7,29.8889,TRUE,21.74287,1.4346,10.10226,-0.890195,-0.4081553,0,0.2023915,-0.1652143,0.3603358,-0.9180754,FALSE,-1,-1,0,0,0,-1
21:33.8,29.92903,TRUE,21.74192,1.434623,10.10148,-0.8897714,-0.4093156,0,0.2019098,-0.1652897,0.3593072,-0.9184648,FALSE,-1,-1,0,0,0,-1
21:33.8,29.9728,TRUE,21.74131,1.434821,10.10092,-0.8847167,-0.4171035,0,0.2080892,-0.1735894,0.3681999,-0.9133978,FALSE,-1,-1,0,0,0,-1
21:33.8,30.0162,TRUE,21.74034,1.434819,10.09996,-0.882077,-0.4223638,0,0.208684,-0.1762811,0.3681507,-0.912902,FALSE,-1,-1,0,0,0,-1
21:33.9,30.06148,TRUE,21.73995,1.434837,10.09917,-0.8819516,-0.4243286,0,0.205199,-0.1741436,0.3619512,-0.9157867,FALSE,-1,-1,0,0,0,-1
21:33.9,30.10865,TRUE,21.73981,1.434622,10.09837,-0.8761863,-0.436509,0,0.2043467,-0.1783983,0.3580914,-0.9164848,FALSE,-1,-1,0,0,0,-1
21:34.0,30.14909,TRUE,21.73955,1.434516,10.09767,-0.8735181,-0.4415431,0,0.2049531,-0.1809913,0.3580606,-0.9159884,FALSE,-1,-1,0,0,0,-1
21:34.0,30.18962,TRUE,21.73941,1.434498,10.09728,-0.8624495,-0.4656449,0,0.1983828,-0.1847518,0.3421902,-0.9212886,FALSE,-1,-1,0,0,0,-1
21:34.1,30.23623,TRUE,21.73935,1.434752,10.097,-0.8905965,-0.4095951,0,0.1976608,-0.1619218,0.352072,-0.9218604,FALSE,-1,-1,0,0,0,-1
21:34.1,30.27735,TRUE,21.73914,1.434797,10.09661,-0.8901917,-0.4118759,0,0.1947226,-0.1604031,0.346681,-0.9241662,FALSE,-1,-1,0,0,0,-1
21:34.1,30.32576,TRUE,21.73907,1.434775,10.0963,-0.8948789,-0.4008939,0,0.1961527,-0.1572728,0.3510658,-0.9230483,FALSE,-1,-1,0,0,0,-1
21:34.2,30.36829,TRUE,21.73933,1.434757,10.09591,-0.8990874,-0.3919924,0,0.1948946,-0.1527943,0.3504544,-0.9240322,FALSE,-1,-1,0,0,0,-1
21:34.2,30.4094,TRUE,21.73885,1.434782,10.09501,-0.8970062,-0.3969831,0,0.1943823,-0.154333,0.3487242,-0.924431,FALSE,-1,-1,0,0,0,-1
21:34.3,30.45638,TRUE,21.73893,1.434933,10.09452,-0.8924307,-0.405975,0,0.1968548,-0.1598362,0.3513585,-0.9224963,FALSE,-1,-1,0,0,0,-1
21:34.3,30.49904,TRUE,21.73927,1.43501,10.09446,-0.8893318,-0.4130944,0,0.1960663,-0.1619878,0.348736,-0.923116,FALSE,-1,-1,0,0,0,-1
21:34.4,30.54502,TRUE,21.73896,1.435089,10.09385,-0.8806099,-0.4298789,0,0.1993246,-0.1713709,0.3510544,-0.9205394,FALSE,-1,-1,0,0,0,-1
21:34.4,30.58765,TRUE,21.73875,1.435227,10.09361,-0.8764331,-0.4366446,0,0.2029939,-0.1772724,0.3558212,-0.9175869,FALSE,-1,-1,0,0,0,-1
21:34.5,30.63422,TRUE,21.73901,1.435187,10.09363,-0.8896692,-0.4108126,0,0.199303,-0.1637524,0.3546276,-0.9205566,FALSE,-1,-1,0,0,0,-1
21:34.5,30.67753,TRUE,21.73945,1.435078,10.09391,-0.8851618,-0.4190765,0,0.2021471,-0.1694302,0.3578657,-0.9182731,FALSE,-1,-1,0,0,0,-1
21:34.5,30.72378,TRUE,21.73911,1.435174,10.09402,-0.8883706,-0.4123413,0,0.2019216,-0.1665212,0.3587624,-0.9184554,FALSE,-1,-1,0,0,0,-1
21:34.6,30.76936,TRUE,21.73948,1.43508,10.09426,-0.8910162,-0.4065039,0,0.2021008,-0.1643095,0.3601502,-0.9183106,FALSE,-1,-1,0,0,0,-1
21:34.6,30.81191,TRUE,21.73991,1.434932,10.09437,-0.8874065,-0.4152765,0,0.2001377,-0.1662249,0.355207,-0.9198899,FALSE,-1,-1,0,0,0,-1
21:34.7,30.85314,TRUE,21.74033,1.434779,10.09485,-0.887099,-0.4149831,0,0.2021001,-0.1677362,0.3585655,-0.9183111,FALSE,-1,-1,0,0,0,-1
21:34.7,30.90173,TRUE,21.74094,1.434978,10.0952,-0.8864098,-0.4166639,0,0.2016655,-0.1680534,0.3575165,-0.9186621,FALSE,-1,-1,0,0,0,-1
21:34.8,30.94417,TRUE,21.74114,1.435368,10.09568,-0.8850789,-0.4192459,0,0.202159,-0.1695087,0.3578533,-0.9182634,FALSE,-1,-1,0,0,0,-1
21:34.8,30.98727,TRUE,21.74141,1.435676,10.09637,-0.8877314,-0.4139566,0,0.2014274,-0.1667644,0.3576268,-0.918854,FALSE,-1,-1,0,0,0,-1
21:34.9,31.03528,TRUE,21.7417,1.435725,10.09709,-0.8827684,-0.4244817,0,0.2013338,-0.170925,0.3554622,-0.9189293,FALSE,-1,-1,0,0,0,-1
21:34.9,31.08077,TRUE,21.74241,1.435863,10.09787,-0.8803272,-0.4306543,0,0.1988994,-0.1713137,0.3501931,-0.9208781,FALSE,-1,-1,0,0,0,-1
21:35.0,31.12698,TRUE,21.74314,1.435831,10.09866,-0.8805686,-0.4294174,0,0.2004988,-0.1721953,0.3531059,-0.9196004,FALSE,-1,-1,0,0,0,-1
21:35.0,31.1683,TRUE,21.74352,1.435857,10.09945,-0.8833772,-0.4233301,0,0.2010881,-0.1702532,0.3552732,-0.9191272,FALSE,-1,-1,0,0,0,-1
21:35.0,31.211,TRUE,21.7441,1.435973,10.10055,-0.8805298,-0.4295506,0,0.2003838,-0.1721499,0.3528877,-0.9196926,FALSE,-1,-1,0,0,0,-1
21:35.1,31.26408,TRUE,21.74468,1.435904,10.10196,-0.8858036,-0.4196138,0,0.1981824,-0.1663201,0.3511013,-0.9214475,FALSE,-1,-1,0,0,0,-1
21:35.1,31.30811,TRUE,21.74509,1.43598,10.10305,-0.8780504,-0.4360492,0,0.1972021,-0.1719795,0.3463067,-0.9222227,FALSE,-1,-1,0,0,0,-1
21:35.2,31.35374,TRUE,21.7449,1.435952,10.10353,-0.8791353,-0.4345483,0,0.1956752,-0.1700607,0.34405,-0.9234225,FALSE,-1,-1,0,0,0,-1
21:35.2,31.39641,TRUE,21.74486,1.435938,10.10407,-0.8755681,-0.4414934,0,0.1961228,-0.1731739,0.3434377,-0.9230717,FALSE,-1,-1,0,0,0,-1
21:35.3,31.44286,TRUE,21.74467,1.435779,10.10441,-0.8718084,-0.4490602,0,0.1956915,-0.1757545,0.341211,-0.9234097,FALSE,-1,-1,0,0,0,-1
21:35.3,31.48624,TRUE,21.74493,1.435532,10.10493,-0.870205,-0.4517927,0,0.1965365,-0.1775875,0.3420541,-0.9227468,FALSE,-1,-1,0,0,0,-1
21:35.4,31.528,TRUE,21.74528,1.435424,10.10507,-0.8702552,-0.4512304,0,0.1976035,-0.1783294,0.3439309,-0.9219058,FALSE,-1,-1,0,0,0,-1
21:35.4,31.57083,TRUE,21.74569,1.435411,10.10547,-0.8695176,-0.4532771,0,0.1961609,-0.1778305,0.3411306,-0.9230418,FALSE,-1,-1,0,0,0,-1
21:35.4,31.61358,TRUE,21.74627,1.435487,10.10567,-0.8697325,-0.4525748,0,0.1968286,-0.1781593,0.3423765,-0.9225169,FALSE,-1,-1,0,0,0,-1
21:35.5,31.65681,TRUE,21.74643,1.435502,10.10596,-0.865944,-0.4607824,0,0.1944752,-0.1792215,0.3368092,-0.9243588,FALSE,-1,-1,0,0,0,-1
21:35.5,31.6994,TRUE,21.74649,1.435377,10.10628,-0.8679644,-0.4573755,0,0.1935081,-0.1770117,0.3359163,-0.9251093,FALSE,-1,-1,0,0,0,-1
21:35.6,31.74611,TRUE,21.74673,1.435273,10.10645,-0.8714951,-0.4499201,0,0.1951106,-0.1755683,0.3400758,-0.9238637,FALSE,-1,-1,0,0,0,-1
21:35.6,31.78846,TRUE,21.74711,1.435133,10.10646,-0.8721733,-0.4482171,0,0.1959978,-0.1756991,0.341888,-0.9231697,FALSE,-1,-1,0,0,0,-1
21:35.7,31.8323,TRUE,21.74762,1.435029,10.10678,-0.8711486,-0.4511337,0,0.1938515,-0.1749059,0.3377469,-0.9248433,FALSE,-1,-1,0,0,0,-1
21:35.7,31.87602,TRUE,21.74763,1.434886,10.10697,-0.8705515,-0.4524251,0,0.1935244,-0.1751106,0.3369459,-0.9250967,FALSE,-1,-1,0,0,0,-1
21:35.7,31.92173,TRUE,21.74761,1.434853,10.10701,-0.8703834,-0.4525359,0,0.1940205,-0.1756025,0.3377445,-0.9247121,FALSE,-1,-1,0,0,0,-1
21:35.8,31.96539,TRUE,21.74734,1.434911,10.10684,-0.869689,-0.4544615,0,0.1926285,-0.1750844,0.3350537,-0.9257886,FALSE,-1,-1,0,0,0,-1
21:35.8,32.00964,TRUE,21.74722,1.434948,10.10661,-0.8687532,-0.4566371,0,0.1917039,-0.1750782,0.3330868,-0.9264992,FALSE,-1,-1,0,0,0,-1
21:35.9,32.05611,TRUE,21.747,1.435127,10.10622,-0.8717628,-0.449765,0,0.1942712,-0.1747527,0.3387167,-0.9245174,FALSE,-1,-1,0,0,0,-1
21:35.9,32.10147,TRUE,21.74679,1.435335,10.10579,-0.8706509,-0.4498175,0,0.199076,-0.1790957,0.3466513,-0.9207375,FALSE,-1,-1,0,0,0,-1
21:36.0,32.14323,TRUE,21.74667,1.435201,10.10556,-0.8731805,-0.446593,0,0.195219,-0.1743669,0.3409228,-0.9237791,FALSE,-1,-1,0,0,0,-1
21:36.0,32.18932,TRUE,21.74674,1.435328,10.10551,-0.867485,-0.4584462,0,0.1931238,-0.1770738,0.335064,-0.9254064,FALSE,-1,-1,0,0,0,-1
21:36.1,32.23206,TRUE,21.74648,1.435395,10.10522,-0.8684219,-0.4569817,0,0.1923827,-0.1758308,0.3341388,-0.9259778,FALSE,-1,-1,0,0,0,-1
21:36.1,32.27748,TRUE,21.74664,1.435559,10.10538,-0.8697681,-0.4548852,0,0.1912664,-0.1740085,0.3327149,-0.9268343,FALSE,-1,-1,0,0,0,-1
21:36.1,32.31993,TRUE,21.74665,1.4358,10.10528,-0.8718259,-0.4508739,0,0.1913952,-0.1725902,0.3337266,-0.9267358,FALSE,-1,-1,0,0,0,-1
21:36.2,32.36559,TRUE,21.74682,1.435845,10.10528,-0.8557926,-0.482171,0,0.1874306,-0.1807472,0.3208034,-0.9297396,FALSE,-1,-1,0,0,0,-1
21:36.2,32.40873,TRUE,21.74678,1.435769,10.10503,-0.8693081,-0.4550398,0,0.1929826,-0.1756295,0.3355227,-0.9255154,FALSE,-1,-1,0,0,0,-1
21:36.3,32.45505,TRUE,21.7468,1.435638,10.10493,-0.8649267,-0.4636318,0,0.1922171,-0.1782359,0.3325073,-0.9261053,FALSE,-1,-1,0,0,0,-1
21:36.3,32.50212,TRUE,21.74677,1.435568,10.10491,-0.8754132,-0.4440364,0,0.1910062,-0.1696274,0.3344187,-0.9270332,FALSE,-1,-1,0,0,0,-1
21:36.4,32.5449,TRUE,21.74655,1.435454,10.10468,-0.8719225,-0.4519444,0,0.1884077,-0.1702996,0.3285539,-0.9290051,FALSE,-1,-1,0,0,0,-1
21:36.4,32.58908,TRUE,21.74644,1.435395,10.10466,-0.8749178,-0.4456993,0,0.1893966,-0.1688278,0.3314129,-0.9282578,FALSE,-1,-1,0,0,0,-1
21:36.5,32.63916,TRUE,21.74635,1.435215,10.10444,-0.8751402,-0.4448264,0,0.1904183,-0.1694061,0.3332853,-0.9274817,FALSE,-1,-1,0,0,0,-1
21:36.5,32.68611,TRUE,21.74588,1.435073,10.10385,-0.873583,-0.4482205,0,0.1896081,-0.1699724,0.3312768,-0.9280976,FALSE,-1,-1,0,0,0,-1
21:36.6,32.72805,TRUE,21.74563,1.435203,10.10357,-0.880759,-0.4331628,0,0.1913989,-0.1658138,0.3371527,-0.9267329,FALSE,-1,-1,0,0,0,-1
21:36.6,32.7723,TRUE,21.74553,1.435172,10.1029,-0.8806061,-0.4338096,0,0.1906364,-0.1653998,0.3357511,-0.9273155,FALSE,-1,-1,0,0,0,-1
21:36.6,32.81731,TRUE,21.74515,1.435172,10.10229,-0.8830904,-0.4294627,0,0.1889791,-0.162319,0.3337714,-0.9285738,FALSE,-1,-1,0,0,0,-1
21:36.7,32.86213,TRUE,21.74449,1.435148,10.1013,-0.8853631,-0.4239115,0,0.1908699,-0.1618238,0.3379782,-0.9271374,FALSE,-1,-1,0,0,0,-1
21:36.7,32.90687,TRUE,21.7442,1.435135,10.10064,-0.883175,-0.4283657,0,0.1910625,-0.1636892,0.3374831,-0.9269903,FALSE,-1,-1,0,0,0,-1
21:36.8,32.94677,TRUE,21.74356,1.435076,10.0997,-0.886722,-0.420993,0,0.1910209,-0.160837,0.3387649,-0.927022,FALSE,-1,-1,0,0,0,-1
21:36.8,32.99255,TRUE,21.74346,1.435069,10.099,-0.88429,-0.42619,0,0.1907702,-0.1626087,0.3373924,-0.9272135,FALSE,-1,-1,0,0,0,-1
21:36.9,33.03728,TRUE,21.74353,1.43485,10.09842,-0.8873462,-0.4194269,0,0.1915666,-0.1606964,0.3399718,-0.9266044,FALSE,-1,-1,0,0,0,-1
21:36.9,33.08036,TRUE,21.74368,1.434671,10.09789,-0.8897988,-0.4141985,0,0.1915668,-0.1586933,0.3409117,-0.9266043,FALSE,-1,-1,0,0,0,-1
21:36.9,33.12479,TRUE,21.74404,1.434655,10.09764,-0.8917449,-0.4102571,0,0.1909982,-0.1567167,0.3406433,-0.9270394,FALSE,-1,-1,0,0,0,-1
21:37.0,33.16866,TRUE,21.74353,1.434569,10.09668,-0.8931525,-0.407539,0,0.1902378,-0.1550587,0.3398228,-0.9276192,FALSE,-1,-1,0,0,0,-1
21:37.0,33.21662,TRUE,21.74373,1.434613,10.09621,-0.8941984,-0.4049399,0,0.1908742,-0.1545851,0.3413587,-0.9271342,FALSE,-1,-1,0,0,0,-1
21:37.1,33.25938,TRUE,21.74387,1.434705,10.09572,-0.8894214,-0.4141369,0,0.1934433,-0.160224,0.3441051,-0.9251594,FALSE,-1,-1,0,0,0,-1
21:37.1,33.3023,TRUE,21.74392,1.434661,10.09523,-0.8874486,-0.4181657,0,0.193836,-0.1621111,0.344039,-0.9248552,FALSE,-1,-1,0,0,0,-1
21:37.2,33.34651,TRUE,21.74386,1.434852,10.09509,-0.8946719,-0.4039055,0,0.1908469,-0.1541682,0.3414906,-0.9271549,FALSE,-1,-1,0,0,0,-1
21:37.2,33.39296,TRUE,21.74362,1.434873,10.09447,-0.8894553,-0.4147935,0,0.1918738,-0.159176,0.3413264,-0.9263689,FALSE,-1,-1,0,0,0,-1
21:37.3,33.43388,TRUE,21.74347,1.435103,10.09396,-0.8914657,-0.4097724,0,0.1933275,-0.1584405,0.3446896,-0.925249,FALSE,-1,-1,0,0,0,-1
21:37.3,33.47671,TRUE,21.74332,1.435032,10.09371,-0.9014927,-0.3891929,0,0.1893143,-0.1473595,0.3413309,-0.9283202,FALSE,-1,-1,0,0,0,-1
21:37.3,33.5195,TRUE,21.74318,1.435022,10.09343,-0.8887164,-0.415219,0,0.1943617,-0.1614053,0.3454647,-0.9244471,FALSE,-1,-1,0,0,0,-1
21:37.4,33.56718,TRUE,21.74326,1.435312,10.09361,-0.8887929,-0.4160368,0,0.1922518,-0.1599676,0.3417439,-0.9260786,FALSE,-1,-1,0,0,0,-1
21:37.4,33.61121,TRUE,21.74346,1.435339,10.09356,-0.8886777,-0.4164562,0,0.1918754,-0.1598154,0.3410308,-0.9263676,FALSE,-1,-1,0,0,0,-1
21:37.5,33.65524,TRUE,21.74333,1.435427,10.09329,-0.8884974,-0.4167798,0,0.1920081,-0.1600502,0.3411974,-0.9262658,FALSE,-1,-1,0,0,0,-1
21:37.5,33.69976,TRUE,21.74336,1.435483,10.09337,-0.8923751,-0.4095485,0,0.1895699,-0.1552761,0.3383349,-0.9281266,FALSE,-1,-1,0,0,0,-1
21:37.6,33.74385,TRUE,21.7436,1.435552,10.09357,-0.891267,-0.4125486,0,0.1882733,-0.1553438,0.3356036,-0.9291064,FALSE,-1,-1,0,0,0,-1
21:37.6,33.78771,TRUE,21.74379,1.43551,10.09345,-0.884949,-0.4260552,0,0.1879953,-0.1601927,0.3327325,-0.9293155,FALSE,-1,-1,0,0,0,-1
21:37.7,33.83123,TRUE,21.7443,1.435676,10.09368,-0.8694791,-0.4554029,0,0.1913485,-0.1742813,0.332747,-0.9267715,FALSE,-1,-1,0,0,0,-1
21:37.7,33.87579,TRUE,21.74439,1.43568,10.09313,-0.873271,-0.4494096,0,0.188225,-0.1691803,0.328743,-0.9291427,FALSE,-1,-1,0,0,0,-1
21:37.7,33.91962,TRUE,21.74459,1.435657,10.09301,-0.874307,-0.4471275,0,0.1888497,-0.1688797,0.3302251,-0.9286716,FALSE,-1,-1,0,0,0,-1
21:37.8,33.96696,TRUE,21.74458,1.435661,10.09269,-0.8766225,-0.4421937,0,0.1897305,-0.1677953,0.3326441,-0.9280047,FALSE,-1,-1,0,0,0,-1
21:37.8,34.01174,TRUE,21.74488,1.435565,10.09245,-0.8821754,-0.4304587,0,0.1909766,-0.164415,0.3369496,-0.9270558,FALSE,-1,-1,0,0,0,-1
21:37.9,34.05957,TRUE,21.74533,1.435461,10.09282,-0.8801914,-0.4344951,0,0.1909895,-0.165968,0.3362147,-0.9270459,FALSE,-1,-1,0,0,0,-1
21:37.9,34.10624,TRUE,21.74563,1.435423,10.09333,-0.8792846,-0.4363259,0,0.1909927,-0.1666702,0.335874,-0.9270436,FALSE,-1,-1,0,0,0,-1
21:38.0,34.15153,TRUE,21.74568,1.435295,10.09324,-0.8795149,-0.4366338,0,0.189221,-0.1652405,0.3328452,-0.9283909,FALSE,-1,-1,0,0,0,-1
21:38.0,34.195,TRUE,21.74599,1.435137,10.09339,-0.8799471,-0.4359075,0,0.1888857,-0.1646734,0.3324189,-0.9286444,FALSE,-1,-1,0,0,0,-1
21:38.1,34.24017,TRUE,21.74613,1.434921,10.09353,-0.8789604,-0.4375995,0,0.1895665,-0.1659084,0.3332428,-0.9281291,FALSE,-1,-1,0,0,0,-1
21:38.1,34.28364,TRUE,21.74626,1.434886,10.0938,-0.8811842,-0.4320878,0,0.1918711,-0.1658103,0.3381476,-0.926371,FALSE,-1,-1,0,0,0,-1
21:38.1,34.32405,TRUE,21.7462,1.435019,10.09423,-0.8786744,-0.4374866,0,0.1911463,-0.1672478,0.3359106,-0.9269261,FALSE,-1,-1,0,0,0,-1
21:38.2,34.36296,TRUE,21.74573,1.435308,10.0941,-0.8799784,-0.43447,0,0.1920257,-0.1668588,0.3379569,-0.9262522,FALSE,-1,-1,0,0,0,-1
21:38.2,34.40988,TRUE,21.74566,1.435454,10.09465,-0.8718937,-0.4505429,0,0.1918658,-0.1728876,0.3345732,-0.926375,FALSE,-1,-1,0,0,0,-1
21:38.3,34.45329,TRUE,21.74593,1.435395,10.09532,-0.8724904,-0.4501316,0,0.1901104,-0.1711494,0.331739,-0.9277161,FALSE,-1,-1,0,0,0,-1
21:38.3,34.49684,TRUE,21.74589,1.435176,10.09559,-0.8751394,-0.4450068,0,0.1900002,-0.1691027,0.3325532,-0.9277999,FALSE,-1,-1,0,0,0,-1
21:38.4,34.54256,TRUE,21.74594,1.435038,10.09597,-0.8881854,-0.4199412,0,0.1864836,-0.1566243,0.331264,-0.9304477,FALSE,-1,-1,0,0,0,-1
21:38.4,34.58668,TRUE,21.74601,1.43502,10.09639,-0.8912333,-0.4125454,0,0.1884398,-0.1554799,0.3358876,-0.9289809,FALSE,-1,-1,0,0,0,-1
21:38.5,34.63141,TRUE,21.74583,1.434761,10.09644,-0.8984212,-0.3964927,0,0.1887671,-0.1496896,0.3391847,-0.928734,FALSE,-1,-1,0,0,0,-1
21:38.5,34.67527,TRUE,21.74586,1.434685,10.09682,-0.8865125,-0.4222318,0,0.1892509,-0.1598155,0.3355465,-0.9283682,FALSE,-1,-1,0,0,0,-1
21:38.5,34.71928,TRUE,21.746,1.43453,10.0971,-0.8858702,-0.4241513,0,0.187962,-0.1594487,0.3330199,-0.9293406,FALSE,-1,-1,0,0,0,-1
21:38.6,34.76483,TRUE,21.74603,1.434474,10.09705,-0.8810687,-0.4341735,0,0.1876469,-0.1629426,0.3306596,-0.9295774,FALSE,-1,-1,0,0,0,-1
21:38.6,34.80818,TRUE,21.74641,1.434525,10.09753,-0.8794456,-0.4379564,0,0.1864666,-0.1633284,0.3279743,-0.9304605,FALSE,-1,-1,0,0,0,-1
21:38.7,34.85614,TRUE,21.74646,1.434598,10.09749,-0.8761314,-0.4447374,0,0.1860174,-0.1654577,0.3259513,-0.9307951,FALSE,-1,-1,0,0,0,-1
21:38.7,34.89647,TRUE,21.74634,1.434738,10.09746,-0.8895324,-0.4176982,0,0.1850954,-0.154628,0.3292966,-0.9314795,FALSE,-1,-1,0,0,0,-1
21:38.8,34.94253,TRUE,21.74638,1.434822,10.09736,-0.8808046,-0.4362154,0,0.1841181,-0.1606303,0.3243441,-0.932201,FALSE,-1,-1,0,0,0,-1
21:38.8,34.9888,TRUE,21.74637,1.435018,10.09704,-0.8789935,-0.44013,0,0.1834561,-0.161489,0.3225133,-0.9326878,FALSE,-1,-1,0,0,0,-1
21:38.9,35.03478,TRUE,21.7467,1.4352,10.09719,-0.8719874,-0.4537859,0,0.1836198,-0.1666482,0.3202283,-0.9325675,FALSE,-1,-1,0,0,0,-1
21:38.9,35.07515,TRUE,21.74677,1.435322,10.09717,-0.886989,-0.4228109,0,0.1856921,-0.1570253,0.3294137,-0.9310368,FALSE,-1,-1,0,0,0,-1
21:38.9,35.11799,TRUE,21.74651,1.435317,10.09665,-0.8873652,-0.4224428,0,0.1847295,-0.1560753,0.327845,-0.9317501,FALSE,-1,-1,0,0,0,-1
21:39.0,35.15944,TRUE,21.7464,1.435186,10.09616,-0.889891,-0.4170682,0,0.1847922,-0.1541419,0.3288898,-0.9317037,FALSE,-1,-1,0,0,0,-1
21:39.0,35.20245,TRUE,21.74632,1.43499,10.09565,-0.8883073,-0.4203358,0,0.1850081,-0.155531,0.3286881,-0.9315439,FALSE,-1,-1,0,0,0,-1
21:39.1,35.24214,TRUE,21.7461,1.434765,10.09494,-0.8868892,-0.4224298,0,0.1870308,-0.1580148,0.3317512,-0.930039,FALSE,-1,-1,0,0,0,-1
21:39.1,35.2851,TRUE,21.7457,1.434858,10.09477,-0.8880621,-0.4196469,0,0.1877292,-0.1575599,0.3334302,-0.9295155,FALSE,-1,-1,0,0,0,-1
21:39.2,35.33308,TRUE,21.74571,1.434772,10.09437,-0.8874055,-0.4215747,0,0.1865108,-0.1572565,0.3310215,-0.9304274,FALSE,-1,-1,0,0,0,-1
21:39.2,35.3747,TRUE,21.74544,1.434918,10.09414,-0.8884785,-0.4195408,0,0.1859882,-0.1560593,0.330493,-0.9308168,FALSE,-1,-1,0,0,0,-1
21:39.2,35.42179,TRUE,21.74535,1.434948,10.09396,-0.8869648,-0.4226818,0,0.1861009,-0.1573229,0.3301298,-0.9307329,FALSE,-1,-1,0,0,0,-1
21:39.3,35.46414,TRUE,21.74514,1.435025,10.09369,-0.8839744,-0.429142,0,0.1855438,-0.1592493,0.3280319,-0.931147,FALSE,-1,-1,0,0,0,-1
21:39.3,35.50938,TRUE,21.74498,1.435007,10.09343,-0.8760107,-0.4463049,0,0.1828037,-0.1631724,0.3202761,-0.9331656,FALSE,-1,-1,0,0,0,-1
21:39.4,35.55326,TRUE,21.74483,1.434991,10.09295,-0.8898347,-0.4157868,0,0.1879246,-0.1562731,0.3344436,-0.9293687,FALSE,-1,-1,0,0,0,-1
21:39.4,35.60116,TRUE,21.74446,1.434741,10.09227,-0.8868595,-0.4210739,0,0.1902024,-0.1601785,0.3373656,-0.9276462,FALSE,-1,-1,0,0,0,-1
21:39.5,35.64316,TRUE,21.74483,1.434704,10.09203,-0.8871659,-0.4202354,0,0.1906277,-0.160217,0.3382367,-0.9273221,FALSE,-1,-1,0,0,0,-1
21:39.5,35.68523,TRUE,21.74456,1.434413,10.09137,-0.887584,-0.4194094,0,0.1905006,-0.1597955,0.3381705,-0.927419,FALSE,-1,-1,0,0,0,-1
21:39.6,35.73195,TRUE,21.74461,1.434376,10.0913,-0.8916007,-0.4098539,0,0.1925302,-0.1578185,0.3433202,-0.9258642,FALSE,-1,-1,0,0,0,-1
21:39.6,35.77525,TRUE,21.74464,1.434366,10.09097,-0.8914447,-0.4102847,0,0.1923354,-0.1578245,0.3429127,-0.9260142,FALSE,-1,-1,0,0,0,-1
21:39.6,35.8196,TRUE,21.74483,1.434451,10.09086,-0.8894522,-0.4144931,0,0.1925364,-0.15961,0.3425038,-0.9258595,FALSE,-1,-1,0,0,0,-1
21:39.7,35.86536,TRUE,21.74496,1.434413,10.0904,-0.8902059,-0.4133912,0,0.1914192,-0.158262,0.3408049,-0.9267174,FALSE,-1,-1,0,0,0,-1
21:39.7,35.90768,TRUE,21.74521,1.434515,10.09019,-0.8875725,-0.4185631,0,0.1924059,-0.161068,0.3415484,-0.9259599,FALSE,-1,-1,0,0,0,-1
21:39.8,35.95302,TRUE,21.74493,1.434472,10.08966,-0.8900259,-0.4132499,0,0.192558,-0.1591491,0.3427632,-0.9258429,FALSE,-1,-1,0,0,0,-1
21:39.8,35.99632,TRUE,21.74475,1.434571,10.08928,-0.8919889,-0.4086887,0,0.1932084,-0.1579242,0.3446795,-0.9253411,FALSE,-1,-1,0,0,0,-1
21:39.9,36.04178,TRUE,21.74477,1.434676,10.08892,-0.8900251,-0.4134333,0,0.192167,-0.1588965,0.342067,-0.9261436,FALSE,-1,-1,0,0,0,-1
21:39.9,36.08533,TRUE,21.74479,1.434679,10.08868,-0.8866308,-0.4206384,0,0.1922219,-0.1617118,0.3408596,-0.9261016,FALSE,-1,-1,0,0,0,-1
21:40.0,36.12999,TRUE,21.74477,1.434891,10.08875,-0.8895391,-0.4125441,0,0.1962847,-0.1619522,0.3492057,-0.9229447,FALSE,-1,-1,0,0,0,-1
21:40.0,36.17443,TRUE,21.7445,1.434948,10.08848,-0.8917743,-0.4078973,0,0.1958531,-0.1597759,0.3493135,-0.9232832,FALSE,-1,-1,0,0,0,-1
21:40.0,36.22029,TRUE,21.74442,1.435392,10.08863,-0.8901864,-0.411973,0,0.1945417,-0.1602918,0.3463567,-0.9243071,FALSE,-1,-1,0,0,0,-1
21:40.1,36.26571,TRUE,21.74411,1.435615,10.08911,-0.8837864,-0.4258031,0,0.1939414,-0.1651617,0.3428056,-0.9247734,FALSE,-1,-1,0,0,0,-1
21:40.1,36.30667,TRUE,21.74411,1.435663,10.08951,-0.8767828,-0.4408142,0,0.1921846,-0.1694354,0.3370082,-0.9261302,FALSE,-1,-1,0,0,0,-1
21:40.2,36.35275,TRUE,21.74438,1.435782,10.09016,-0.8755019,-0.4432941,0,0.1923198,-0.1705084,0.3367525,-0.9260262,FALSE,-1,-1,0,0,0,-1
21:40.2,36.39582,TRUE,21.74476,1.435692,10.09065,-0.8731526,-0.4482881,0,0.1914222,-0.1716246,0.3342816,-0.9267151,FALSE,-1,-1,0,0,0,-1
21:40.3,36.4354,TRUE,21.74493,1.435574,10.09103,-0.8665864,-0.4606691,0,0.1918642,-0.1767718,0.3325339,-0.9263762,FALSE,-1,-1,0,0,0,-1
21:40.3,36.48283,TRUE,21.74459,1.435624,10.09122,-0.8653895,-0.4632179,0,0.1911288,-0.1770686,0.3308017,-0.9269395,FALSE,-1,-1,0,0,0,-1
21:40.3,36.52381,TRUE,21.74438,1.435636,10.09144,-0.8619585,-0.4698895,0,0.1903459,-0.178883,0.3281404,-0.927537,FALSE,-1,-1,0,0,0,-1
21:40.4,36.56531,TRUE,21.74436,1.43552,10.09162,-0.8598432,-0.4741262,0,0.1894045,-0.1796033,0.3257163,-0.9282519,FALSE,-1,-1,0,0,0,-1
21:40.4,36.60769,TRUE,21.74416,1.435359,10.09152,-0.8596717,-0.4744871,0,0.1892795,-0.1796213,0.3254364,-0.9283466,FALSE,-1,-1,0,0,0,-1
21:40.5,36.65118,TRUE,21.74397,1.435195,10.09136,-0.8565927,-0.4806345,0,0.1877218,-0.1804512,0.3216023,-0.9295211,FALSE,-1,-1,0,0,0,-1
21:40.5,36.69786,TRUE,21.7439,1.434918,10.09129,-0.8597431,-0.4754384,0,0.1865482,-0.1773844,0.320767,-0.9303995,FALSE,-1,-1,0,0,0,-1
21:40.6,36.74638,TRUE,21.74365,1.434919,10.09096,-0.8561177,-0.4823025,0,0.1855985,-0.1790292,0.3177883,-0.9311064,FALSE,-1,-1,0,0,0,-1
21:40.6,36.7902,TRUE,21.74393,1.434844,10.09099,-0.8535316,-0.487032,0,0.1851585,-0.1803562,0.3160773,-0.9314326,FALSE,-1,-1,0,0,0,-1
21:40.7,36.83417,TRUE,21.74407,1.434821,10.09103,-0.9225252,-0.3498588,0,0.1629299,-0.1140049,0.3006138,-0.9469078,FALSE,-1,-1,0,0,0,-1
21:40.7,36.87869,TRUE,21.74416,1.434687,10.09114,-0.7703307,0.6304578,0,0.0954654,0.1203738,0.1470798,-0.9817727,FALSE,-1,-1,0,0,0,-1
21:40.7,36.92025,TRUE,21.74435,1.434476,10.09148,-0.4585104,0.879846,0,0.125057,0.2200618,0.1146799,-0.9687214,FALSE,-1,-1,0,0,0,-1
21:40.8,36.96733,FALSE,21.74473,1.434335,10.09182,0,0,0,1,0,0,1,FALSE,-1,-1,0,0,0,-1
21:40.8,37.01394,FALSE,21.74481,1.434208,10.09223,0,0,0,1,0,0,1,FALSE,-1,-1,0,0,0,-1
21:40.9,37.05752,TRUE,21.74507,1.434146,10.09256,-0.2356383,0.9517124,0,0.1967695,0.3745359,0.09273285,-0.9225635,FALSE,-1,-1,0,0,0,-1
21:40.9,37.10041,TRUE,21.74535,1.433927,10.09317,-0.1854254,0.9664497,0,0.1777426,0.3435585,0.06591596,-0.9368151,FALSE,-1,-1,0,0,0,-1
21:41.0,37.14553,TRUE,21.74568,1.433733,10.09419,-0.3123414,0.9305879,0,0.1909166,0.3553294,0.1192623,-0.9271017,FALSE,-1,-1,0,0,0,-1
21:41.0,37.18547,TRUE,21.74596,1.43364,10.09493,-0.2629755,0.9469017,0,0.1849895,0.3503338,0.0972954,-0.9315578,FALSE,-1,-1,0,0,0,-1
21:41.1,37.2315,TRUE,21.74536,1.433448,10.09527,-0.3056855,0.936718,0,0.1706338,0.3196713,0.1043205,-0.9417682,FALSE,-1,-1,0,0,0,-1
21:41.1,37.27533,FALSE,21.74515,1.432966,10.09603,0,0,0,1,0,0,1,FALSE,-1,-1,0,0,0,-1
21:41.1,37.32164,FALSE,21.74495,1.432417,10.09662,0,0,0,1,0,0,1,FALSE,-1,-1,0,0,0,-1
21:41.2,37.36315,TRUE,21.74483,1.431925,10.09774,0.1455876,0.9781374,0,0.1484978,0.2905024,-0.04323885,-0.9558968,FALSE,-1,-1,0,0,0,-1
21:41.2,37.4079,TRUE,21.74468,1.431489,10.0985,-0.5098636,0.8499712,0,0.1326208,0.2254476,0.135237,-0.9648234,FALSE,-1,-1,0,0,0,-1
21:41.3,37.45078,TRUE,21.74465,1.430782,10.09922,-0.3360704,0.9334862,0,0.1251405,0.2336338,0.08411201,-0.9686797,FALSE,-1,-1,0,0,0,-1
21:41.3,37.49639,TRUE,21.74454,1.429898,10.09978,-0.3966272,0.9105181,0,0.1168062,0.2127083,0.09265701,-0.9727126,FALSE,-1,-1,0,0,0,-1
21:41.4,37.54136,TRUE,21.74435,1.429763,10.1005,-0.4098117,0.8986078,0,0.1567116,0.2816444,0.1284444,-0.950883,FALSE,-1,-1,0,0,0,-1
21:41.4,37.58563,TRUE,21.74461,1.430774,10.10143,-0.4982829,0.8583787,0,0.1220658,0.2095574,0.1216466,-0.9701999,FALSE,-1,-1,0,0,0,-1
21:41.5,37.63153,TRUE,21.74464,1.431498,10.10173,-0.391005,0.9131352,0,0.1153228,0.2106105,0.09018356,-0.9734013,FALSE,-1,-1,0,0,0,-1
21:41.5,37.67578,TRUE,21.74442,1.431332,10.10168,-0.574563,0.8098846,0,0.1181712,0.19141,0.1357936,-0.9720712,FALSE,-1,-1,0,0,0,-1
21:41.6,37.73264,TRUE,21.74423,1.430759,10.10209,-0.3215975,0.9401908,0,0.1123231,0.2112102,0.07224561,-0.9747671,FALSE,-1,-1,0,0,0,-1
21:41.6,37.78578,TRUE,21.74399,1.430036,10.10251,-0.4908413,0.8642666,0,0.1100824,0.1902811,0.108066,-0.9757637,FALSE,-1,-1,0,0,0,-1
21:41.7,37.83085,FALSE,21.74371,1.429609,10.10301,0,0,0,1,0,0,1,FALSE,-1,-1,0,0,0,-1
21:41.7,37.87535,FALSE,21.74357,1.429325,10.10329,0,0,0,1,0,0,1,FALSE,-1,-1,0,0,0,-1
21:41.7,37.92079,FALSE,21.74326,1.429404,10.10331,0,0,0,1,0,0,1,FALSE,-1,-1,0,0,0,-1
21:41.8,37.96114,FALSE,21.74284,1.429454,10.1032,0,0,0,1,0,0,1,FALSE,-1,-1,0,0,0,-1
21:41.8,38.0084,TRUE,21.7428,1.42941,10.10343,-0.2800901,0.9560322,0,0.08690223,0.1661627,0.0486809,-0.984896,FALSE,-1,-1,0,0,0,-1
21:41.9,38.05099,TRUE,21.74281,1.429263,10.10343,-0.6716247,0.7267781,0,0.1439235,0.2092008,0.1933251,-0.9585721,FALSE,-1,-1,0,0,0,-1
21:41.9,38.10065,TRUE,21.7425,1.429325,10.10346,-0.6957304,0.703432,0,0.1454053,0.2045655,0.2023258,-0.9577146,FALSE,-1,-1,0,0,0,-1
21:42.0,38.14618,TRUE,21.74227,1.429489,10.10344,-0.6602649,0.7370037,0,0.1444849,0.2129718,0.1907966,-0.9582483,FALSE,-1,-1,0,0,0,-1
21:42.0,38.19052,TRUE,21.74202,1.429621,10.10338,-0.6670607,0.7300134,0,0.1486961,0.2171003,0.1983786,-0.955779,FALSE,-1,-1,0,0,0,-1
21:42.1,38.2339,TRUE,21.74166,1.429949,10.10366,-0.6686411,0.729135,0,0.1458809,0.2127338,0.195084,-0.9574375,FALSE,-1,-1,0,0,0,-1
21:42.1,38.27871,TRUE,21.74148,1.429757,10.10381,-0.6657969,0.7315121,0,0.1469855,0.2150432,0.1957249,-0.9567906,FALSE,-1,-1,0,0,0,-1
21:42.1,38.32336,TRUE,21.74144,1.429582,10.10392,-0.6741957,0.7235021,0,0.1483404,0.2146492,0.200021,-0.9559903,FALSE,-1,-1,0,0,0,-1
21:42.2,38.36734,TRUE,21.74138,1.42966,10.10429,-0.660553,0.7362557,0,0.1469602,0.2164005,0.19415,-0.9568055,FALSE,-1,-1,0,0,0,-1
21:42.2,38.40959,FALSE,21.74142,1.429404,10.10448,0,0,0,1,0,0,1,FALSE,-1,-1,0,0,0,-1
21:42.3,38.45734,TRUE,21.74114,1.429308,10.10482,-0.2316337,0.9634684,0,0.1344419,0.2590609,0.06228253,-0.9638508,FALSE,-1,-1,0,0,0,-1
21:42.3,38.50102,TRUE,21.74113,1.429508,10.10518,-0.5355541,0.8322333,0,0.1434211,0.2387196,0.1536195,-0.9588608,FALSE,-1,-1,0,0,0,-1
21:42.4,38.54301,TRUE,21.74099,1.42961,10.10524,-0.2935743,0.9480588,0,0.1224695,0.2322166,0.07190782,-0.9700024,FALSE,-1,-1,0,0,0,-1
21:42.4,38.58511,TRUE,21.7408,1.429669,10.10502,-0.3667695,0.9205999,0,0.134075,0.2468589,0.09834923,-0.9640477,FALSE,-1,-1,0,0,0,-1
21:42.5,38.6336,TRUE,21.74079,1.429386,10.10462,-0.353035,0.9261504,0,0.1327096,0.245818,0.09370223,-0.9647763,FALSE,-1,-1,0,0,0,-1
21:42.5,38.67899,TRUE,21.74074,1.429139,10.10413,-0.360414,0.923358,0,0.132332,0.2443797,0.09538863,-0.9649765,FALSE,-1,-1,0,0,0,-1
21:42.5,38.71926,TRUE,21.74015,1.429205,10.10347,-0.3501931,0.9273735,0,0.1316942,0.2442593,0.09223676,-0.9653133,FALSE,-1,-1,0,0,0,-1
21:42.6,38.76486,TRUE,21.73967,1.42915,10.1027,-0.3532401,0.9265206,0,0.1295422,0.240047,0.09151897,-0.9664376,FALSE,-1,-1,0,0,0,-1
21:42.6,38.80547,TRUE,21.73933,1.42909,10.10204,-0.3451802,0.9293912,0,0.1307005,0.2429438,0.09023044,-0.9658348,FALSE,-1,-1,0,0,0,-1
21:42.7,38.85133,TRUE,21.73876,1.429292,10.10122,-0.3060796,0.9437203,0,0.1253287,0.2365504,0.07672111,-0.9685855,FALSE,-1,-1,0,0,0,-1
21:42.7,38.89569,TRUE,21.73816,1.429674,10.10028,-0.2736914,0.9518115,0,0.1383764,0.2634164,0.07574482,-0.9617039,FALSE,-1,-1,0,0,0,-1
21:42.8,38.94226,TRUE,21.73757,1.42973,10.09962,-0.3180324,0.9384919,0,0.1344934,0.2524419,0.0855465,-0.963823,FALSE,-1,-1,0,0,0,-1
21:42.8,38.98359,TRUE,21.73702,1.429898,10.09896,-0.3363596,0.9320004,0,0.1350462,0.2517263,0.0908482,-0.9635251,FALSE,-1,-1,0,0,0,-1
21:42.9,39.02825,FALSE,21.73668,1.429994,10.09801,0,0,0,1,0,0,1,FALSE,-1,-1,0,0,0,-1
21:42.9,39.07268,TRUE,21.73635,1.430159,10.0973,-0.3536307,0.9253881,0,0.1363904,0.252428,0.09646361,-0.9627954,FALSE,-1,-1,0,0,0,-1
21:42.9,39.11635,TRUE,21.73601,1.43004,10.09656,-0.3547731,0.9248499,0,0.1370721,0.2535423,0.09725901,-0.9624225,FALSE,-1,-1,0,0,0,-1
21:43.0,39.16259,TRUE,21.73564,1.430051,10.09603,-0.3252387,0.9360197,0,0.1344879,0.2517667,0.08748136,-0.963826,FALSE,-1,-1,0,0,0,-1
21:43.0,39.20747,TRUE,21.73533,1.430232,10.09551,-0.3196263,0.9377375,0,0.1359688,0.255006,0.08691838,-0.963025,FALSE,-1,-1,0,0,0,-1
21:43.1,39.25248,TRUE,21.73534,1.430201,10.09496,-0.3177989,0.938589,0,0.1343676,0.252232,0.08540377,-0.9638907,FALSE,-1,-1,0,0,0,-1
21:43.1,39.2964,TRUE,21.7355,1.430163,10.09461,-0.4555451,0.8795196,0,0.1375642,0.2419808,0.1253334,-0.9621522,FALSE,-1,-1,0,0,0,-1
21:43.2,39.33939,TRUE,21.73573,1.430299,10.09441,-0.7562887,0.6206108,0,0.20705,0.2569949,0.3131791,-0.9142606,FALSE,-1,-1,0,0,0,-1
21:43.2,39.38328,TRUE,21.73567,1.430222,10.0941,-0.7822926,0.5883945,0,0.2044757,0.2406247,0.3199195,-0.9163794,FALSE,-1,-1,0,0,0,-1
21:43.3,39.43747,TRUE,21.73592,1.429965,10.09411,-0.7864306,0.5805495,0,0.2109245,0.2449042,0.331755,-0.9110217,FALSE,-1,-1,0,0,0,-1
21:43.3,39.47843,TRUE,21.73603,1.430272,10.0942,-0.7811537,0.5886996,0,0.2079223,0.2448076,0.3248386,-0.9135366,FALSE,-1,-1,0,0,0,-1
21:43.3,39.51924,TRUE,21.73602,1.430729,10.09415,-0.8087753,0.5398431,0,0.2333494,0.2519441,0.3774545,-0.8910962,FALSE,-1,-1,0,0,0,-1
21:43.4,39.56254,TRUE,21.73613,1.430898,10.09414,-0.7958538,0.5521542,0,0.2484802,0.2743988,0.3955079,-0.8765152,FALSE,-1,-1,0,0,0,-1
21:43.4,39.60648,TRUE,21.73639,1.430837,10.09414,-0.8130459,0.5258976,0,0.2497764,0.2627136,0.4061592,-0.8752236,FALSE,-1,-1,0,0,0,-1
21:43.5,39.64989,TRUE,21.73668,1.430722,10.09437,-0.8198752,0.5139123,0,0.2523863,0.2594088,0.4138504,-0.8726023,FALSE,-1,-1,0,0,0,-1
21:43.5,39.69718,TRUE,21.73695,1.430507,10.0946,-0.8207329,0.5124415,0,0.2525893,0.2588744,0.4146166,-0.8723973,FALSE,-1,-1,0,0,0,-1
21:43.6,39.74055,TRUE,21.7371,1.43063,10.09499,-0.8214383,0.511649,0,0.2519018,0.2577706,0.4138436,-0.8730909,FALSE,-1,-1,0,0,0,-1
21:43.6,39.78462,TRUE,21.73735,1.430835,10.09577,-0.8189106,0.516319,0,0.2505997,0.2587788,0.4104374,-0.8743996,FALSE,-1,-1,0,0,0,-1
21:43.7,39.82877,TRUE,21.73766,1.431158,10.09645,-0.8218258,0.5106859,0,0.2525911,0.2579894,0.4151718,-0.8723954,FALSE,-1,-1,0,0,0,-1
21:43.7,39.87289,TRUE,21.73815,1.431159,10.09699,-0.8228043,0.5098143,0,0.2511624,0.2560923,0.4133149,-0.873835,FALSE,-1,-1,0,0,0,-1
21:43.7,39.9176,TRUE,21.7384,1.431186,10.09746,-0.8196681,0.5153564,0,0.2501042,0.2577855,0.4100047,-0.8748959,FALSE,-1,-1,0,0,0,-1
21:43.8,39.96219,TRUE,21.73849,1.43129,10.09811,-0.8774856,0.427539,0,0.2173234,0.1858285,0.3813964,-0.9055411,FALSE,-1,-1,0,0,0,-1
21:43.8,40.00532,TRUE,21.73877,1.430989,10.09861,-0.8846211,0.4165362,0,0.2096261,0.1746337,0.3708794,-0.9121138,FALSE,-1,-1,0,0,0,-1
21:43.9,40.05107,TRUE,21.73903,1.430753,10.09918,-0.8860352,0.4138745,0,0.2089249,0.1729373,0.3702295,-0.9127008,FALSE,-1,-1,0,0,0,-1
21:43.9,40.09651,TRUE,21.73898,1.430792,10.09972,-0.9193288,0.3417426,0,0.1950553,0.1333174,0.3586399,-0.9239068,FALSE,-1,-1,0,0,0,-1
21:44.0,40.13995,TRUE,21.73893,1.430727,10.10023,-0.4902008,-0.8545471,0,0.1716176,-0.2933106,0.1682541,-0.9410948,FALSE,-1,-1,0,0,0,-1
21:44.0,40.18269,TRUE,21.73886,1.430611,10.10056,-0.428773,-0.8894255,0,0.1583546,-0.2816892,0.1357963,-0.9498476,FALSE,-1,-1,0,0,0,-1
21:44.1,40.23079,TRUE,21.73864,1.430564,10.10068,-0.3983985,-0.9020687,0,0.1659838,-0.2994576,0.1322554,-0.9448987,FALSE,-1,-1,0,0,0,-1
21:44.1,40.27383,TRUE,21.73848,1.43038,10.10085,-0.4056448,-0.9002824,0,0.1579362,-0.2843743,0.128132,-0.9501123,FALSE,-1,-1,0,0,0,-1
21:44.1,40.31528,TRUE,21.73823,1.430132,10.10089,-0.4055943,-0.9000317,0,0.1594874,-0.2870873,0.1293743,-0.9491276,FALSE,-1,-1,0,0,0,-1
21:44.3,40.50885,FALSE,21.73818,1.430187,10.10092,0,0,0,0,0,0,1,FALSE,-1,-1,0,0,0,-1
