RealTime,UnityTime,GazeValid,GazeOriginX,GazeOriginY,GazeOriginZ,GazeRotX,GazeRotY,GazeRotZ,GazeRotW,GazeDirX,GazeDirY,GazeDirZ,HitPainting,ImageX,ImageY,HitPointX,HitPointY,HitPointZ,HitDistance
2026-06-24 11:18:28.491,21.39168,False,19.23185,0.784943,-9.438643,-0.0164078,0.01152135,0.01009472,0.9997481,0.02270562,0.03303993,0.9991961,False,-1,-1,0,0,0,-1
2026-06-24 11:18:28.555,21.45896,False,19.23202,0.7857946,-9.438639,-0.01845472,0.01416356,0.007139639,0.9997039,0.02805521,0.03710075,0.9989176,False,-1,-1,0,0,0,-1
2026-06-24 11:18:28.616,21.52127,False,19.23278,0.7871945,-9.43864,-0.02133307,0.01609597,0.001888468,0.9996411,0.03209981,0.04271162,0.9985716,False,-1,-1,0,0,0,-1
2026-06-24 11:18:28.650,21.55482,False,19.23326,0.7875893,-9.438588,-0.02228954,0.01575714,-2.204153E-05,0.9996274,0.03150352,0.04456178,0.9985098,False,-1,-1,0,0,0,-1
2026-06-24 11:18:28.716,21.62073,False,19.23387,0.7869473,-9.439187,-0.02176548,0.01193399,0.0003824351,0.9996918,0.02384398,0.04352666,0.9987677,False,-1,-1,0,0,0,-1
2026-06-24 11:18:28.749,21.6546,False,19.2341,0.786579,-9.439286,-0.02154409,0.01006213,-0.0003034343,0.9997172,0.02013163,0.04306988,0.9988692,False,-1,-1,0,0,0,-1
2026-06-24 11:18:28.785,21.68885,False,19.23406,0.7862557,-9.439434,-0.02119034,0.00821149,-0.0007833885,0.9997414,0.01645193,0.04235684,0.9989671,False,-1,-1,0,0,0,-1
2026-06-24 11:18:28.850,21.75471,False,19.23441,0.7853458,-9.439878,-0.01943733,0.00659996,-0.0008706205,0.9997889,0.01323098,0.03885496,0.9991572,False,-1,-1,0,0,0,-1
2026-06-24 11:18:28.915,21.82103,False,19.23477,0.7853788,-9.440798,-0.02060125,0.00837452,-0.001912069,0.9997509,0.01682365,0.04116021,0.9990109,False,-1,-1,0,0,0,-1
2026-06-24 11:18:28.950,21.85483,False,19.23494,0.785504,-9.441123,-0.02140636,0.009149073,-0.001643487,0.9997277,0.01836352,0.04277099,0.9989161,False,-1,-1,0,0,0,-1
2026-06-24 11:18:28.985,21.88873,False,19.2351,0.7859187,-9.441456,-0.02191284,0.009657163,-0.001384382,0.9997123,0.01936944,0.04378632,0.9988531,False,-1,-1,0,0,0,-1
2026-06-24 11:18:29.049,21.95437,False,19.23541,0.7866426,-9.441348,-0.02427961,0.01200981,-0.003665384,0.9996264,0.02418863,0.04845304,0.9985325,False,-1,-1,0,0,0,-1
2026-06-24 11:18:29.106,22.00969,False,19.23559,0.7864807,-9.440287,-0.0233384,0.01208126,-0.002545797,0.9996514,0.02427294,0.04659902,0.9986187,False,-1,-1,0,0,0,-1
2026-06-24 11:18:29.150,22.05432,False,19.23556,0.7864932,-9.43969,-0.02274978,0.01202596,-0.001552858,0.9996676,0.02411458,0.04544709,0.9986756,False,-1,-1,0,0,0,-1
2026-06-24 11:18:29.192,22.09787,False,19.23547,0.7861764,-9.439052,-0.02155083,0.01145622,-0.002556906,0.9996988,0.02301574,0.04303009,0.9988086,False,-1,-1,0,0,0,-1
2026-06-24 11:18:29.241,22.14498,False,19.23547,0.785402,-9.43877,-0.01927743,0.01112993,-0.0019981,0.9997503,0.02233133,0.03850074,0.999009,False,-1,-1,0,0,0,-1
2026-06-24 11:18:29.283,22.18748,False,19.23522,0.7843979,-9.438756,-0.01711888,0.01190302,-0.001369029,0.9997817,0.02384771,0.03419769,0.9991305,False,-1,-1,0,0,0,-1
2026-06-24 11:18:29.325,22.2307,False,19.23461,0.7839198,-9.438543,-0.01514164,0.01239783,-0.0002599,0.9998084,0.02479878,0.03027104,0.999234,False,-1,-1,0,0,0,-1
2026-06-24 11:18:29.374,22.2772,False,19.23429,0.7836338,-9.438341,-0.01349896,0.01359372,-0.0001600908,0.9998165,0.02718678,0.02698862,0.999266,False,-1,-1,0,0,0,-1
2026-06-24 11:18:29.415,22.32082,False,19.23373,0.7832862,-9.437944,-0.01186708,0.01420736,-5.762847E-05,0.9998286,0.02841122,0.02372846,0.9993147,False,-1,-1,0,0,0,-1
2026-06-24 11:18:29.461,22.36711,False,19.23352,0.7825542,-9.437515,-0.008316394,0.01412043,0.0002000233,0.9998657,0.02823375,0.0166362,0.9994629,False,-1,-1,0,0,0,-1
2026-06-24 11:18:29.508,22.41146,False,19.23324,0.7811431,-9.437161,-0.003419755,0.01088077,0.002458998,0.9999319,0.02174324,0.006892556,0.9997398,False,-1,-1,0,0,0,-1
2026-06-24 11:18:29.550,22.45471,False,19.23324,0.7804781,-9.436501,0.0002662445,0.008686475,0.002944513,0.9999579,0.01737379,-0.0004813118,0.999849,False,-1,-1,0,0,0,-1
2026-06-24 11:18:29.592,22.49827,False,19.23318,0.7799778,-9.436148,0.003075687,0.009030407,0.0009274488,0.999954,0.01806569,-0.006134341,0.999818,False,-1,-1,0,0,0,-1
2026-06-24 11:18:29.639,22.54243,False,19.23349,0.7792448,-9.436543,0.006431838,0.009172798,0.001988328,0.9999353,0.01836999,-0.01282637,0.999749,False,-1,-1,0,0,0,-1
2026-06-24 11:18:29.681,22.58728,False,19.23365,0.7779822,-9.437092,0.01569636,0.004361574,0.005904232,0.9998499,0.008907188,-0.0313365,0.9994692,False,-1,-1,0,0,0,-1
2026-06-24 11:18:29.724,22.63137,False,19.23296,0.7746265,-9.438304,0.03174553,-0.004332369,0.01125265,0.9994233,-0.007945297,-0.06355195,0.9979469,False,-1,-1,0,0,0,-1
2026-06-24 11:18:29.773,22.67785,False,19.23153,0.7719206,-9.438007,0.04705184,-0.01482234,0.01276171,0.998701,-0.02840524,-0.09435975,0.9951329,False,-1,-1,0,0,0,-1
2026-06-24 11:18:29.816,22.72035,False,19.22984,0.7687435,-9.437963,0.06308806,-0.02408082,0.01598456,0.9975893,-0.04602866,-0.1266418,0.99088,False,-1,-1,0,0,0,-1
2026-06-24 11:18:29.872,22.77609,False,19.22887,0.7663995,-9.438141,0.07854629,-0.03226234,0.01609749,0.9962583,-0.06175446,-0.1575435,0.9855793,False,-1,-1,0,0,0,-1
2026-06-24 11:18:29.916,22.82051,False,19.22792,0.7638292,-9.438042,0.0904444,-0.03725919,0.01403631,0.9951053,-0.07161463,-0.1810494,0.9808632,False,-1,-1,0,0,0,-1
2026-06-24 11:18:29.958,22.86312,False,19.2274,0.7605846,-9.439299,0.106457,-0.04063027,0.01489548,0.9933752,-0.07755075,-0.2127139,0.9740322,False,-1,-1,0,0,0,-1
2026-06-24 11:18:30.006,22.90929,False,19.22671,0.7548202,-9.43984,0.1316391,-0.04359416,0.01703493,0.9901922,-0.08184827,-0.2621813,0.9615414,False,-1,-1,0,0,0,-1
2026-06-24 11:18:30.049,22.95374,False,19.22666,0.7504812,-9.439482,0.1578397,-0.0403449,0.01875308,0.986462,-0.07367747,-0.3129189,0.9469178,False,-1,-1,0,0,0,-1
2026-06-24 11:18:30.093,22.99791,False,19.22628,0.7494664,-9.438231,0.1605085,-0.04084051,0.01437113,0.9860845,-0.07593101,-0.3177237,0.9451382,False,-1,-1,0,0,0,-1
2026-06-24 11:18:30.139,23.04272,False,19.22722,0.7508565,-9.435921,0.149748,-0.03665383,0.009154694,0.9880022,-0.06968634,-0.2965739,0.952464,False,-1,-1,0,0,0,-1
2026-06-24 11:18:30.183,23.08711,False,19.22828,0.7531032,-9.433462,0.1397955,-0.03290306,0.01287491,0.9895499,-0.06151874,-0.2775165,0.9587492,False,-1,-1,0,0,0,-1
2026-06-24 11:18:30.228,23.13161,False,19.22862,0.7549232,-9.432529,0.1303397,-0.03361094,0.01922852,0.9907129,-0.06158512,-0.2595511,0.9637637,False,-1,-1,0,0,0,-1
2026-06-24 11:18:30.274,23.17674,False,19.22863,0.7579067,-9.431136,0.1159735,-0.03352384,0.02107641,0.9924626,-0.06165371,-0.2316119,0.9708526,False,-1,-1,0,0,0,-1
2026-06-24 11:18:30.316,23.22015,False,19.22947,0.7622122,-9.429275,0.0950741,-0.03023036,0.02045389,0.9948008,-0.05625711,-0.1903962,0.9800941,False,-1,-1,0,0,0,-1
2026-06-24 11:18:30.360,23.26551,False,19.23106,0.7662599,-9.428003,0.07656112,-0.02273166,0.0167725,0.9966646,-0.04274345,-0.1533741,0.9872434,False,-1,-1,0,0,0,-1
2026-06-24 11:18:30.407,23.31084,False,19.23192,0.7713591,-9.425159,0.05365308,-0.01350818,0.009830544,0.9984199,-0.0259188,-0.1074022,0.9938778,False,-1,-1,0,0,0,-1
2026-06-24 11:18:30.441,23.3473,False,19.23238,0.7751345,-9.421902,0.03913176,-0.004364189,0.006414519,0.9992039,-0.008219406,-0.07825722,0.9968993,False,-1,-1,0,0,0,-1
2026-06-24 11:18:30.476,23.38157,False,19.23258,0.7796888,-9.418013,0.02453237,0.001525828,0.003454174,0.9996919,0.003220193,-0.04903907,0.9987917,False,-1,-1,0,0,0,-1
2026-06-24 11:18:30.525,23.4301,False,19.23319,0.7851824,-9.412352,0.008865379,0.008303666,0.002141783,0.9999239,0.01664405,-0.01769384,0.9997049,False,-1,-1,0,0,0,-1
2026-06-24 11:18:30.561,23.4644,False,19.23325,0.7908086,-9.407061,-0.003640948,0.01320671,0.001593475,0.9999049,0.02639931,0.007323292,0.9996247,False,-1,-1,0,0,0,-1
2026-06-24 11:18:30.599,23.50488,False,19.23358,0.7938552,-9.403845,-0.008160772,0.01911591,0.002812882,0.9997801,0.03817749,0.0164255,0.999136,False,-1,-1,0,0,0,-1
2026-06-24 11:18:30.650,23.55414,False,19.23528,0.7980985,-9.398252,-0.01773972,0.02446247,0.007705534,0.9995136,0.04862776,0.03583917,0.9981738,False,-1,-1,0,0,0,-1
2026-06-24 11:18:30.683,23.58784,False,19.23648,0.8009608,-9.3943,-0.02252081,0.02610248,0.01315928,0.999319,0.05157668,0.04569792,0.997623,False,-1,-1,0,0,0,-1
2026-06-24 11:18:30.716,23.62233,False,19.23822,0.803912,-9.390212,-0.02805909,0.02972817,0.01881036,0.9989871,0.05834051,0.05717973,0.9966578,False,-1,-1,0,0,0,-1
2026-06-24 11:18:30.767,23.67272,False,19.2398,0.8078306,-9.384764,-0.03609379,0.03629981,0.02166251,0.998454,0.07092361,0.07364866,0.9947591,False,-1,-1,0,0,0,-1
2026-06-24 11:18:30.817,23.72132,False,19.24042,0.8114105,-9.377575,-0.04209554,0.04422987,0.02066416,0.9979202,0.08653601,0.08584393,0.9925434,False,-1,-1,0,0,0,-1
2026-06-24 11:18:30.858,23.76241,False,19.24109,0.8126351,-9.373193,-0.04128426,0.04828965,0.02037222,0.9977719,0.09468199,0.08435208,0.9919274,False,-1,-1,0,0,0,-1
2026-06-24 11:18:30.908,23.81374,False,19.24236,0.814364,-9.365728,-0.0387533,0.05551174,0.01800736,0.9975432,0.109355,0.07931543,0.9908333,False,-1,-1,0,0,0,-1
2026-06-24 11:18:30.948,23.85147,False,19.24288,0.8147137,-9.359919,-0.03506495,0.06042664,0.01623685,0.9974244,0.1194033,0.07191155,0.9902381,False,-1,-1,0,0,0,-1
2026-06-24 11:18:30.983,23.88934,False,19.24332,0.8150072,-9.354225,-0.03129641,0.06387295,0.01276882,0.9973854,0.1266127,0.06406032,0.9898816,False,-1,-1,0,0,0,-1
2026-06-24 11:18:31.032,23.93554,False,19.24334,0.8152494,-9.348333,-0.03043924,0.06708151,0.008508197,0.9972468,0.1332757,0.06185235,0.9891471,False,-1,-1,0,0,0,-1
2026-06-24 11:18:31.073,23.97684,False,19.24284,0.8162014,-9.343166,-0.02706911,0.06986886,0.004652969,0.997178,0.1390915,0.05463563,0.9887712,False,-1,-1,0,0,0,-1
2026-06-24 11:18:31.115,24.02075,False,19.24116,0.8190607,-9.337069,-0.02007464,0.07644637,-0.00297225,0.9968672,0.1525331,0.03956906,0.9875059,False,-1,-1,0,0,0,-1
2026-06-24 11:18:31.158,24.06448,False,19.23998,0.8211368,-9.333221,-0.006499344,0.08144782,-0.005339673,0.9966421,0.1624181,0.01208523,0.986648,False,-1,-1,0,0,0,-1
2026-06-24 11:18:31.206,24.1105,False,19.23948,0.8222217,-9.332438,0.02373081,0.08176941,-0.004571013,0.9963582,0.1627263,-0.04803632,0.9855012,False,-1,-1,0,0,0,-1
2026-06-24 11:18:31.255,24.15377,False,19.23806,0.8225747,-9.332791,0.01864556,0.07582022,-0.008200473,0.9969134,0.1508666,-0.03841955,0.9878073,False,-1,-1,0,0,0,-1
2026-06-24 11:18:31.292,24.1971,False,19.23654,0.8231572,-9.333818,0.01547692,0.07449204,-0.01558351,0.9969797,0.1480518,-0.03318205,0.9884228,False,-1,-1,0,0,0,-1
2026-06-24 11:18:31.339,24.24308,False,19.23652,0.8244491,-9.335526,0.01342359,0.06989491,-0.02082637,0.9972466,0.1388458,-0.02968458,0.989869,False,-1,-1,0,0,0,-1
2026-06-24 11:18:31.383,24.28661,False,19.23699,0.8269253,-9.334753,0.007962233,0.07110783,-0.02981983,0.996991,0.1413129,-0.0201174,0.9897606,False,-1,-1,0,0,0,-1
2026-06-24 11:18:31.426,24.33032,False,19.23668,0.8284117,-9.332657,0.009637259,0.07188168,-0.0390873,0.9966004,0.1425212,-0.02482831,0.9894803,False,-1,-1,0,0,0,-1
2026-06-24 11:18:31.471,24.37446,False,19.23668,0.828882,-9.329013,0.0410849,0.0677449,-0.04055929,0.996031,0.1316193,-0.08733904,0.9874453,False,-1,-1,0,0,0,-1
2026-06-24 11:18:31.516,24.42027,False,19.23482,0.8262014,-9.324448,0.06029427,0.06761113,-0.0400966,0.9950807,0.1297219,-0.1254173,0.9835867,False,-1,-1,0,0,0,-1
2026-06-24 11:18:31.558,24.46294,False,19.22895,0.8205047,-9.318384,0.0675748,0.06966521,-0.04636919,0.9941983,0.1322553,-0.1408261,0.9811608,False,-1,-1,0,0,0,-1
2026-06-24 11:18:31.604,24.50885,False,19.218,0.8143499,-9.311771,0.0981764,0.06659544,-0.05319741,0.9915122,0.1216149,-0.2017716,0.9718529,False,-1,-1,0,0,0,-1
2026-06-24 11:18:31.648,24.55331,False,19.20495,0.807149,-9.305084,0.1268058,0.0656479,-0.05241621,0.9883639,0.1164747,-0.2575425,0.9592213,False,-1,-1,0,0,0,-1
2026-06-24 11:18:31.686,24.59744,False,19.19186,0.8033237,-9.29752,0.1462358,0.0866748,-0.06493983,0.9833033,0.1514622,-0.2988455,0.9422052,False,-1,-1,0,0,0,-1
2026-06-24 11:18:31.726,24.63858,False,19.17946,0.7991767,-9.289806,0.1426504,0.1184231,-0.0754145,0.979765,0.2105378,-0.2973893,0.9312537,False,-1,-1,0,0,0,-1
2026-06-24 11:18:31.772,24.6834,False,19.16858,0.7946675,-9.281884,0.1407194,0.1396189,-0.07068931,0.977603,0.2530891,-0.2948746,0.9214092,False,-1,-1,0,0,0,-1
2026-06-24 11:18:31.805,24.71701,False,19.1633,0.7913377,-9.278019,0.1253125,0.1494277,-0.06471393,0.9786625,0.2762596,-0.2646175,0.9239362,False,-1,-1,0,0,0,-1
2026-06-24 11:18:31.849,24.7613,False,19.1538,0.7852936,-9.271152,0.1327835,0.1636566,-0.05387763,0.9760544,0.3051674,-0.2768426,0.9111701,False,-1,-1,0,0,0,-1
2026-06-24 11:18:31.893,24.80551,False,19.14556,0.778483,-9.268358,0.1407679,0.1659449,-0.03347942,0.9754618,0.3143202,-0.285739,0.9052933,False,-1,-1,0,0,0,-1
2026-06-24 11:18:31.927,24.83886,False,19.1419,0.7771188,-9.265775,0.1352288,0.1725547,-0.03662156,0.9749856,0.3265721,-0.2763307,0.9038761,False,-1,-1,0,0,0,-1
2026-06-24 11:18:31.971,24.8833,False,19.13815,0.7780136,-9.265841,0.1097031,0.1803721,-0.04292666,0.9765185,0.342855,-0.2297398,0.9108623,False,-1,-1,0,0,0,-1
2026-06-24 11:18:32.004,24.91663,False,19.13362,0.7717254,-9.267092,0.01005742,0.1890691,-0.03557448,0.9812676,0.3703392,-0.03319011,0.9283034,False,-1,-1,0,0,0,-1
2026-06-24 11:18:32.038,24.94999,False,19.13052,0.7729316,-9.268086,-0.01139268,0.1983717,-0.02525999,0.9797351,0.389279,0.01230188,0.9210377,False,-1,-1,0,0,0,-1
2026-06-24 11:18:32.083,24.99474,False,19.12548,0.7747092,-9.269099,-0.004225869,0.1913904,-0.01273901,0.9814222,0.3757773,0.003418476,0.9267037,False,-1,-1,0,0,0,-1
2026-06-24 11:18:32.117,25.02866,False,19.12272,0.7773094,-9.270218,0.01252952,0.1663393,-0.01340016,0.985898,0.3276514,-0.0291636,0.9443485,False,-1,-1,0,0,0,-1
2026-06-24 11:18:32.150,25.06223,False,19.1192,0.7799063,-9.271015,0.02749248,0.1459528,-0.01835467,0.9887391,0.2876093,-0.05972361,0.9558839,False,-1,-1,0,0,0,-1
2026-06-24 11:18:32.183,25.09568,False,19.11511,0.7818447,-9.270681,0.03766181,0.1370878,-0.01724151,0.9896925,0.2700509,-0.07927442,0.959577,False,-1,-1,0,0,0,-1
2026-06-24 11:18:32.217,25.12939,False,19.1118,0.7823582,-9.268914,0.03602675,0.1346706,-0.01402128,0.990136,0.2656741,-0.07511928,0.9611318,False,-1,-1,0,0,0,-1
2026-06-24 11:18:32.262,25.17332,False,19.10687,0.7820656,-9.264655,0.03166585,0.1352658,-0.01059,0.9902466,0.2672223,-0.06557892,0.9614009,False,-1,-1,0,0,0,-1
2026-06-24 11:18:32.295,25.20669,False,19.103,0.7821276,-9.260715,0.02175726,0.1422284,-0.01868368,0.9894183,0.2806337,-0.04836876,0.9585954,False,-1,-1,0,0,0,-1
2026-06-24 11:18:32.339,25.25109,False,19.09718,0.783559,-9.256039,0.007112617,0.1510525,-0.02975209,0.9880523,0.2980724,-0.02304353,0.9542651,False,-1,-1,0,0,0,-1
2026-06-24 11:18:32.373,25.28455,False,19.09212,0.7856445,-9.253723,0.0006140158,0.1578869,-0.03071675,0.9869792,0.3116244,-0.01091158,0.9501427,False,-1,-1,0,0,0,-1
2026-06-24 11:18:32.417,25.32912,False,19.08522,0.7866769,-9.251888,-0.0005473995,0.1701633,-0.02535678,0.9850894,0.3352799,-0.007551112,0.9420883,False,-1,-1,0,0,0,-1
2026-06-24 11:18:32.462,25.3732,False,19.0791,0.7863678,-9.250725,0.002272224,0.1857914,-0.0116211,0.9825178,0.3650339,-0.008783203,0.9309528,False,-1,-1,0,0,0,-1
2026-06-24 11:18:32.505,25.4176,False,19.07405,0.7856572,-9.250314,0.00542211,0.2082944,0.008479083,0.9780144,0.4075218,-0.007073512,0.9131681,False,-1,-1,0,0,0,-1
2026-06-24 11:18:32.540,25.45097,False,19.07117,0.7847852,-9.249958,0.008165633,0.2252819,0.02405645,0.9739624,0.439225,-0.005067075,0.8983628,False,-1,-1,0,0,0,-1
2026-06-24 11:18:32.584,25.49602,False,19.06805,0.7835689,-9.249677,0.01480613,0.2494494,0.04808895,0.9670798,0.4838989,-0.004645897,0.8751116,False,-1,-1,0,0,0,-1
2026-06-24 11:18:32.628,25.53957,False,19.06651,0.7827004,-9.249294,0.02129629,0.276627,0.0721435,0.9580289,0.5331061,-0.0008912459,0.8460479,False,-1,-1,0,0,0,-1
2026-06-24 11:18:32.660,25.57302,False,19.06575,0.7816658,-9.248657,0.02447083,0.2969558,0.08869029,0.9504486,0.5688231,0.006157663,0.8224368,False,-1,-1,0,0,0,-1
2026-06-24 11:18:32.705,25.61749,False,19.0654,0.7810677,-9.248127,0.02475163,0.3255795,0.1070891,0.9391046,0.6168076,0.0232433,0.7867708,False,-1,-1,0,0,0,-1
2026-06-24 11:18:32.750,25.6623,False,19.06579,0.7813281,-9.247352,0.01757579,0.3524808,0.1178988,0.9281963,0.658487,0.05048659,0.7508968,False,-1,-1,0,0,0,-1
2026-06-24 11:18:32.784,25.69583,False,19.06586,0.7818218,-9.246913,0.008695309,0.3731985,0.1197572,0.9199487,0.6887296,0.07338793,0.7212946,False,-1,-1,0,0,0,-1
2026-06-24 11:18:32.828,25.7396,False,19.06564,0.7823019,-9.246269,-0.005899239,0.3953022,0.1157403,0.9112111,0.7190419,0.1022557,0.6874028,False,-1,-1,0,0,0,-1
2026-06-24 11:18:32.861,25.77304,False,19.0653,0.7823707,-9.246052,-0.01636295,0.4102302,0.1098739,0.9051912,0.7390779,0.1197704,0.6628869,False,-1,-1,0,0,0,-1
2026-06-24 11:18:32.905,25.81744,False,19.06479,0.7826631,-9.24626,-0.0298691,0.4244177,0.1019138,0.8992169,0.757199,0.1402256,0.6379549,False,-1,-1,0,0,0,-1
2026-06-24 11:18:32.951,25.86233,False,19.06346,0.7822945,-9.246881,-0.04183299,0.4339421,0.09202516,0.8952518,0.7692755,0.1547693,0.6198885,False,-1,-1,0,0,0,-1
2026-06-24 11:18:32.994,25.90617,False,19.06157,0.7823933,-9.247712,-0.05522785,0.4367366,0.08363348,0.8939891,0.7716377,0.1717978,0.6124221,False,-1,-1,0,0,0,-1
2026-06-24 11:18:33.039,25.95068,False,19.06,0.782323,-9.248795,-0.0682174,0.4347272,0.07759568,0.8946159,0.7672409,0.1895226,0.6127173,False,-1,-1,0,0,0,-1
2026-06-24 11:18:33.073,25.98404,False,19.05851,0.7821858,-9.249714,-0.07798114,0.4300196,0.07539997,0.8962795,0.7590759,0.2046327,0.6180041,False,-1,-1,0,0,0,-1
2026-06-24 11:18:33.117,26.02896,False,19.05695,0.7819963,-9.251101,-0.09077812,0.4206429,0.07516438,0.8995383,0.7431222,0.2265515,0.6296378,False,-1,-1,0,0,0,-1
2026-06-24 11:18:33.160,26.07268,False,19.05554,0.7818485,-9.253351,-0.103448,0.4091917,0.07537402,0.9034265,0.7237546,0.2486002,0.6437214,False,-1,-1,0,0,0,-1
2026-06-24 11:18:33.205,26.11711,False,19.05442,0.7816349,-9.256039,-0.1159153,0.3958725,0.07465123,0.9078963,0.701516,0.2695829,0.6596973,False,-1,-1,0,0,0,-1
2026-06-24 11:18:33.239,26.15062,False,19.05406,0.7811412,-9.258642,-0.1243557,0.3872029,0.07216979,0.9107146,0.6873133,0.2823938,0.6692191,False,-1,-1,0,0,0,-1
2026-06-24 11:18:33.273,26.18414,False,19.05416,0.7807242,-9.261854,-0.132552,0.3795057,0.06775906,0.9131343,0.6751161,0.2935055,0.6768108,False,-1,-1,0,0,0,-1
2026-06-24 11:18:33.317,26.2289,False,19.05548,0.7795542,-9.267166,-0.1450289,0.3749574,0.05681953,0.9138627,0.6688383,0.3076829,0.6767471,False,-1,-1,0,0,0,-1
2026-06-24 11:18:33.361,26.27246,False,19.05806,0.7779294,-9.272882,-0.1598298,0.3740105,0.04330022,0.9125217,0.668744,0.3240857,0.6691412,False,-1,-1,0,0,0,-1
2026-06-24 11:18:33.406,26.31721,False,19.06073,0.7766995,-9.279009,-0.1761286,0.3767281,0.0294117,0.9089497,0.6744934,0.3423445,0.6541092,False,-1,-1,0,0,0,-1
2026-06-24 11:18:33.449,26.36183,False,19.06367,0.7757256,-9.285276,-0.1912983,0.3801173,0.01800058,0.9047607,0.6809433,0.359843,0.6378316,False,-1,-1,0,0,0,-1
2026-06-24 11:18:33.494,26.40582,False,19.06602,0.7758971,-9.29012,-0.2024785,0.3820622,0.01220912,0.9015996,0.6839901,0.3744384,0.6260619,False,-1,-1,0,0,0,-1
2026-06-24 11:18:33.527,26.43918,False,19.06846,0.7750632,-9.293566,-0.2079361,0.3815832,0.01161269,0.9005676,0.6824536,0.3833834,0.6223137,False,-1,-1,0,0,0,-1
2026-06-24 11:18:33.572,26.48361,False,19.07056,0.7735276,-9.297793,-0.2121595,0.3784763,0.01031826,0.9009094,0.6775674,0.3900834,0.6234881,False,-1,-1,0,0,0,-1
2026-06-24 11:18:33.617,26.52884,False,19.0724,0.7721941,-9.301676,-0.218431,0.3731737,0.007116013,0.9016533,0.669838,0.399209,0.6260586,False,-1,-1,0,0,0,-1
2026-06-24 11:18:33.660,26.57245,False,19.07394,0.7702777,-9.304911,-0.2268275,0.3701714,0.00312396,0.90084,0.6655132,0.4109834,0.6230448,False,-1,-1,0,0,0,-1
2026-06-24 11:18:33.694,26.6058,False,19.07491,0.7700416,-9.306982,-0.2347767,0.3671636,0.001559016,0.900038,0.6601903,0.4237607,0.6201416,False,-1,-1,0,0,0,-1
2026-06-24 11:18:33.727,26.63926,False,19.07549,0.7699594,-9.308971,-0.2391179,0.3655284,0.001263988,0.899561,0.6570257,0.4311263,0.6184233,False,-1,-1,0,0,0,-1
2026-06-24 11:18:33.761,26.6728,False,19.07603,0.769393,-9.310656,-0.2390353,0.36524,0.002090415,0.8996986,0.6562125,0.4316465,0.6189237,False,-1,-1,0,0,0,-1
2026-06-24 11:18:33.813,26.72522,False,19.07655,0.7693681,-9.312593,-0.2363725,0.3646331,0.002380723,0.900647,0.655686,0.4275127,0.6223414,False,-1,-1,0,0,0,-1
2026-06-24 11:18:33.850,26.76209,False,19.07706,0.769606,-9.313756,-0.2314472,0.3640274,0.002459453,0.9021698,0.6556906,0.4193998,0.6278324,False,-1,-1,0,0,0,-1
2026-06-24 11:18:33.895,26.80598,False,19.0776,0.7698582,-9.314238,-0.2208752,0.3637182,0.002521791,0.9049402,0.6571725,0.4015921,0.6378465,False,-1,-1,0,0,0,-1
2026-06-24 11:18:33.927,26.83932,False,19.07813,0.7704614,-9.314064,-0.2089691,0.3623012,0.002529984,0.90833,0.6571206,0.3814591,0.6501396,False,-1,-1,0,0,0,-1
2026-06-24 11:18:33.960,26.87269,False,19.07887,0.7712259,-9.313793,-0.1934724,0.3606113,0.001569408,0.9124284,0.6574566,0.3541912,0.6650559,False,-1,-1,0,0,0,-1
2026-06-24 11:18:33.995,26.90618,False,19.07955,0.7720661,-9.313136,-0.1753511,0.3582881,0.0004646452,0.9169959,0.6569344,0.3219255,0.6817633,False,-1,-1,0,0,0,-1
2026-06-24 11:18:34.039,26.95041,False,19.08078,0.7728158,-9.311771,-0.1497895,0.3540995,-0.0002559351,0.9231341,0.6538393,0.2763704,0.7043533,False,-1,-1,0,0,0,-1
2026-06-24 11:18:34.083,26.99484,False,19.08257,0.773209,-9.309901,-0.1261971,0.3494225,-0.0001911042,0.9284278,0.6488754,0.2341962,0.7239564,False,-1,-1,0,0,0,-1
2026-06-24 11:18:34.134,27.03938,False,19.08466,0.7735658,-9.30722,-0.107176,0.343996,-0.0008880806,0.932834,0.6419727,0.1993438,0.7403601,False,-1,-1,0,0,0,-1
2026-06-24 11:18:34.177,27.08066,False,19.08659,0.7736668,-9.304461,-0.09678529,0.3395117,-0.002502686,0.9356058,0.6357826,0.1794064,0.7507288,False,-1,-1,0,0,0,-1
2026-06-24 11:18:34.218,27.12238,False,19.08908,0.7737667,-9.300941,-0.08498402,0.3329718,-0.006319976,0.939078,0.6264473,0.1554045,0.7638149,False,-1,-1,0,0,0,-1
2026-06-24 11:18:34.257,27.16335,False,19.09146,0.7742813,-9.296045,-0.07371259,0.3227946,-0.01226685,0.9435145,0.6109313,0.1311785,0.7807402,False,-1,-1,0,0,0,-1
2026-06-24 11:18:34.298,27.1998,False,19.09258,0.7744837,-9.291694,-0.06830095,0.3154082,-0.01531659,0.946371,0.5990786,0.1196141,0.7917053,False,-1,-1,0,0,0,-1
2026-06-24 11:18:34.342,27.24586,False,19.09356,0.7748078,-9.287837,-0.06307279,0.3080168,-0.0144415,0.949178,0.5865473,0.1108382,0.802295,False,-1,-1,0,0,0,-1
2026-06-24 11:18:34.386,27.28974,False,19.09456,0.7750172,-9.284683,-0.05695048,0.3055639,-0.01309757,0.9503767,0.5822934,0.1002445,0.8067747,False,-1,-1,0,0,0,-1
2026-06-24 11:18:34.430,27.33158,False,19.09521,0.7750592,-9.281988,-0.04818633,0.3067084,-0.01540179,0.9504582,0.5845114,0.08215047,0.807216,False,-1,-1,0,0,0,-1
2026-06-24 11:18:34.469,27.37465,False,19.09654,0.7745734,-9.279248,-0.0322055,0.311312,-0.02009385,0.9495493,0.5925063,0.0486505,0.8040953,False,-1,-1,0,0,0,-1
2026-06-24 11:18:34.515,27.4195,False,19.09788,0.7741714,-9.276756,-0.01028384,0.3167243,-0.02573957,0.9481126,0.60111,0.003195791,0.7991599,False,-1,-1,0,0,0,-1
2026-06-24 11:18:34.560,27.46377,False,19.09987,0.7731245,-9.274506,0.01663,0.32153,-0.02981733,0.9462837,0.6075254,-0.05064773,0.7926838,False,-1,-1,0,0,0,-1
2026-06-24 11:18:34.606,27.50994,False,19.10166,0.7724246,-9.271889,0.04077087,0.3261139,-0.02945275,0.9439915,0.613296,-0.09618461,0.7839749,False,-1,-1,0,0,0,-1
2026-06-24 11:18:34.650,27.55494,False,19.10335,0.7719125,-9.268589,0.05502463,0.3283019,-0.02702691,0.9425814,0.6159283,-0.1214763,0.7783803,False,-1,-1,0,0,0,-1
2026-06-24 11:18:34.692,27.59794,False,19.10459,0.7728649,-9.265106,0.05209437,0.3309367,-0.0258108,0.9418603,0.6207031,-0.1152147,0.7755342,False,-1,-1,0,0,0,-1
2026-06-24 11:18:34.740,27.64359,False,19.10474,0.7749017,-9.262879,0.02774548,0.3343945,-0.02644928,0.9416533,0.6282997,-0.06994223,0.774821,False,-1,-1,0,0,0,-1
2026-06-24 11:18:34.780,27.68204,False,19.10438,0.7763189,-9.260975,-0.002602529,0.3391841,-0.02602016,0.9403565,0.6380434,-0.01275664,0.7698948,False,-1,-1,0,0,0,-1
2026-06-24 11:18:34.822,27.7266,False,19.10305,0.7780466,-9.260092,-0.05066353,0.3477096,-0.02360055,0.935935,0.6532585,0.07842327,0.7530625,False,-1,-1,0,0,0,-1
2026-06-24 11:18:34.863,27.76616,False,19.1011,0.778699,-9.259802,-0.09586015,0.3551883,-0.01842153,0.9296842,0.6639577,0.1651531,0.7293042,False,-1,-1,0,0,0,-1
2026-06-24 11:18:34.902,27.80674,False,19.09947,0.7784806,-9.261175,-0.1178267,0.3625751,-0.0123765,0.9243934,0.6732405,0.2088617,0.7093123,False,-1,-1,0,0,0,-1
2026-06-24 11:18:34.952,27.85655,False,19.09731,0.7780914,-9.263741,-0.1323013,0.3709559,-0.003714208,0.9191704,0.6829261,0.2404593,0.6897762,False,-1,-1,0,0,0,-1
2026-06-24 11:18:34.991,27.89625,False,19.09526,0.7775886,-9.266099,-0.1381608,0.3794397,0.004616151,0.914831,0.6929709,0.2562907,0.6738743,False,-1,-1,0,0,0,-1
2026-06-24 11:18:35.031,27.93577,False,19.09453,0.77741,-9.269057,-0.140734,0.3886924,0.008109968,0.9105199,0.7055416,0.2625868,0.6582243,False,-1,-1,0,0,0,-1
2026-06-24 11:18:35.068,27.97211,False,19.0944,0.7772989,-9.271294,-0.1436887,0.3936348,0.007636721,0.9079355,0.7125953,0.2669323,0.6488105,False,-1,-1,0,0,0,-1
2026-06-24 11:18:35.107,28.01164,False,19.09501,0.7766688,-9.274212,-0.1506404,0.4002564,0.005135491,0.9039225,0.7220544,0.2764454,0.6342046,False,-1,-1,0,0,0,-1
2026-06-24 11:18:35.146,28.04874,False,19.09627,0.77615,-9.276076,-0.1583471,0.4029119,0.003529031,0.9014299,0.7252759,0.2883213,0.6251765,False,-1,-1,0,0,0,-1
2026-06-24 11:18:35.187,28.09005,False,19.09816,0.7753304,-9.278386,-0.1703433,0.4045894,0.0004154428,0.8984934,0.7269002,0.3064408,0.6145812,False,-1,-1,0,0,0,-1
2026-06-24 11:18:35.225,28.13022,False,19.1,0.7748613,-9.279994,-0.18003,0.4023059,-0.003843433,0.8976215,0.7236207,0.3201051,0.6114784,False,-1,-1,0,0,0,-1
2026-06-24 11:18:35.267,28.17093,False,19.1025,0.7741054,-9.28185,-0.1927606,0.3969103,-0.01030549,0.897329,0.7162913,0.3377587,0.6106111,False,-1,-1,0,0,0,-1
2026-06-24 11:18:35.306,28.21102,False,19.10563,0.7729942,-9.284088,-0.2125943,0.3850791,-0.01848944,0.897873,0.6993657,0.3675256,0.6130355,False,-1,-1,0,0,0,-1
2026-06-24 11:18:35.351,28.25527,False,19.10739,0.7716456,-9.286132,-0.234182,0.3684029,-0.02369943,0.8993756,0.6737651,0.4037732,0.6188762,False,-1,-1,0,0,0,-1
2026-06-24 11:18:35.392,28.29643,False,19.10813,0.7699313,-9.289104,-0.2558892,0.3511887,-0.02536545,0.9003021,0.6453333,0.4429391,0.6223744,False,-1,-1,0,0,0,-1
2026-06-24 11:18:35.436,28.34025,False,19.10852,0.7682631,-9.292654,-0.2757474,0.3328542,-0.02132563,0.901508,0.6119024,0.4829803,0.626343,False,-1,-1,0,0,0,-1
2026-06-24 11:18:35.481,28.38537,False,19.10822,0.7669904,-9.296623,-0.2897307,0.3162069,-0.01850435,0.9031761,0.5819035,0.5116532,0.6321387,False,-1,-1,0,0,0,-1
2026-06-24 11:18:35.527,28.43112,False,19.10806,0.765931,-9.300476,-0.2985757,0.3024589,-0.02041063,0.9049611,0.5596153,0.528052,0.6387424,False,-1,-1,0,0,0,-1
2026-06-24 11:18:35.571,28.475,False,19.1077,0.765758,-9.303393,-0.301725,0.2929259,-0.02349336,0.9069755,0.5455303,0.5335507,0.6463129,False,-1,-1,0,0,0,-1
2026-06-24 11:18:35.617,28.52122,False,19.10738,0.7660535,-9.305254,-0.2975665,0.2958381,-0.02575711,0.9073426,0.552182,0.5247496,0.647868,False,-1,-1,0,0,0,-1
2026-06-24 11:18:35.661,28.56439,False,19.10803,0.7663405,-9.305958,-0.2888303,0.3063433,-0.0258489,0.9066767,0.5704406,0.5079141,0.6454617,False,-1,-1,0,0,0,-1
2026-06-24 11:18:35.705,28.60966,False,19.1085,0.7669188,-9.306156,-0.2782592,0.3187587,-0.02525874,0.9057189,0.5914686,0.4879463,0.6419294,False,-1,-1,0,0,0,-1
2026-06-24 11:18:35.742,28.6538,False,19.10896,0.7672301,-9.305671,-0.2688594,0.3306382,-0.02507479,0.9043032,0.6114775,0.4696794,0.636786,False,-1,-1,0,0,0,-1
2026-06-24 11:18:35.780,28.6925,False,19.10936,0.7675499,-9.304406,-0.2638535,0.3404514,-0.02562021,0.9021185,0.627775,0.4586095,0.6289483,False,-1,-1,0,0,0,-1
2026-06-24 11:18:35.814,28.72602,False,19.10948,0.767552,-9.303563,-0.2640298,0.3432943,-0.02602196,0.9009773,0.6323419,0.4579033,0.6248747,False,-1,-1,0,0,0,-1
2026-06-24 11:18:35.859,28.77063,False,19.10942,0.7673455,-9.302463,-0.2652885,0.3483208,-0.02694128,0.8986484,0.6403303,0.4580337,0.6165893,False,-1,-1,0,0,0,-1
2026-06-24 11:18:35.892,28.80406,False,19.10915,0.7672607,-9.301649,-0.2673034,0.3491889,-0.02684941,0.8977166,0.6412992,0.4611744,0.613232,False,-1,-1,0,0,0,-1
2026-06-24 11:18:35.936,28.84792,False,19.10861,0.7672417,-9.300728,-0.268524,0.3492516,-0.02558296,0.8973649,0.6405516,0.4640582,0.6118364,False,-1,-1,0,0,0,-1
2026-06-24 11:18:35.981,28.8924,False,19.10806,0.7676308,-9.300293,-0.2658595,0.3460065,-0.02400148,0.8994566,0.6351977,0.4616489,0.6191964,False,-1,-1,0,0,0,-1
2026-06-24 11:18:36.015,28.92575,False,19.10777,0.7680441,-9.300224,-0.2613681,0.3433153,-0.02393611,0.9018029,0.6317177,0.4549698,0.6276426,False,-1,-1,0,0,0,-1
2026-06-24 11:18:36.059,28.97067,False,19.10753,0.7688875,-9.300542,-0.2529134,0.3390432,-0.02474735,0.9057992,0.6267279,0.4413966,0.6421691,False,-1,-1,0,0,0,-1
2026-06-24 11:18:36.103,29.01452,False,19.10721,0.7697269,-9.300902,-0.2433501,0.3349739,-0.02580115,0.9098942,0.622139,0.4255603,0.6571465,False,-1,-1,0,0,0,-1
2026-06-24 11:18:36.136,29.04816,False,19.10731,0.7701919,-9.301164,-0.2361521,0.3331087,-0.02651908,0.9124514,0.6204161,0.4132871,0.6665415,False,-1,-1,0,0,0,-1
2026-06-24 11:18:36.171,29.08181,False,19.10759,0.7706566,-9.301285,-0.2306615,0.3311945,-0.02773835,0.9145142,0.6185604,0.4035128,0.674211,False,-1,-1,0,0,0,-1
2026-06-24 11:18:36.215,29.12671,False,19.10805,0.7708415,-9.301054,-0.2268872,0.3299706,-0.0287134,0.9158697,0.6174496,0.396649,0.6792832,False,-1,-1,0,0,0,-1
2026-06-24 11:18:36.395,29.30691,False,19.10844,0.7707325,-9.300617,-0.2240488,0.3285891,-0.02886478,0.9170595,0.6156058,0.3919629,0.6836627,False,-1,-1,0,0,0,-1
2026-06-24 11:18:36.438,29.34971,False,19.11272,0.7713764,-9.297646,-0.1997246,0.328757,-0.04007388,0.9221839,0.6223563,0.3420164,0.7040578,False,-1,-1,0,0,0,-1
2026-06-24 11:18:36.481,29.39342,False,19.11439,0.7719276,-9.296671,-0.1829143,0.3306156,-0.04505717,0.9247733,0.6279721,0.3085154,0.7144713,False,-1,-1,0,0,0,-1
2026-06-24 11:18:36.515,29.42684,False,19.11563,0.7720325,-9.29599,-0.1709089,0.3320757,-0.04741337,0.9264275,0.6314948,0.2851799,0.7210317,False,-1,-1,0,0,0,-1
2026-06-24 11:18:36.559,29.47097,False,19.11721,0.7722967,-9.295425,-0.155045,0.3342703,-0.05029739,0.928275,0.6361863,0.254223,0.7284488,False,-1,-1,0,0,0,-1
2026-06-24 11:18:36.593,29.50443,False,19.11831,0.7724541,-9.294715,-0.1446675,0.3357683,-0.05205341,0.9293123,0.6391281,0.2339268,0.732662,False,-1,-1,0,0,0,-1
2026-06-24 11:18:36.638,29.5489,False,19.11985,0.7725272,-9.293793,-0.1326628,0.3384618,-0.05318097,0.9300624,0.6436915,0.2107699,0.7356883,False,-1,-1,0,0,0,-1
2026-06-24 11:18:36.678,29.58224,False,19.12107,0.7722549,-9.293086,-0.1255065,0.340603,-0.05478666,0.9301807,0.6473969,0.1961664,0.7364755,False,-1,-1,0,0,0,-1
2026-06-24 11:18:36.730,29.63335,False,19.12218,0.7718014,-9.291327,-0.1187759,0.3441464,-0.05795646,0.929568,0.6535827,0.1809295,0.734911,False,-1,-1,0,0,0,-1
2026-06-24 11:18:36.778,29.68222,False,19.12391,0.7716365,-9.289916,-0.1111055,0.3490775,-0.06127638,0.9284642,0.6618282,0.1635345,0.7316009,False,-1,-1,0,0,0,-1
2026-06-24 11:18:36.820,29.72277,False,19.12529,0.7714301,-9.288538,-0.1015559,0.3540873,-0.06512938,0.9273978,0.6699881,0.1422424,0.7286173,False,-1,-1,0,0,0,-1
2026-06-24 11:18:36.858,29.76292,False,19.12675,0.7711431,-9.286687,-0.08534024,0.3609172,-0.07061493,0.9259964,0.6804686,0.1070772,0.7249117,False,-1,-1,0,0,0,-1
2026-06-24 11:18:36.899,29.80207,False,19.128,0.7710016,-9.285633,-0.06971349,0.3657871,-0.07458957,0.9250817,0.6871658,0.07441355,0.7226796,False,-1,-1,0,0,0,-1
2026-06-24 11:18:36.946,29.8502,False,19.12954,0.7705812,-9.283918,-0.05560248,0.3706621,-0.07730415,0.9238734,0.6934863,0.04543187,0.719036,False,-1,-1,0,0,0,-1
2026-06-24 11:18:36.988,29.89271,False,19.13039,0.7706853,-9.282252,-0.04662875,0.3749144,-0.0791273,0.9224987,0.6990953,0.02669799,0.7145299,False,-1,-1,0,0,0,-1
2026-06-24 11:18:37.032,29.9365,False,19.13164,0.7701736,-9.280502,-0.0405621,0.3790029,-0.08157063,0.9209006,0.7046654,0.01287632,0.709423,False,-1,-1,0,0,0,-1
2026-06-24 11:18:37.072,29.9751,False,19.13249,0.7702058,-9.279062,-0.03645287,0.3837572,-0.08549463,0.918745,0.711383,0.001363419,0.7028033,False,-1,-1,0,0,0,-1
2026-06-24 11:18:37.117,30.02164,False,19.1329,0.7702696,-9.278128,-0.03313733,0.3915381,-0.08799769,0.9153449,0.7226167,-0.008244708,0.6911997,False,-1,-1,0,0,0,-1
2026-06-24 11:18:37.157,30.06266,False,19.13359,0.7702696,-9.277925,-0.02929723,0.4003433,-0.08823334,0.9116369,0.7351055,-0.01723038,0.6777338,False,-1,-1,0,0,0,-1
2026-06-24 11:18:37.205,30.10848,False,19.1337,0.7704393,-9.278141,-0.02925025,0.413745,-0.08665185,0.9057875,0.7545992,-0.01871451,0.655919,False,-1,-1,0,0,0,-1
2026-06-24 11:18:37.254,30.15954,False,19.13297,0.7705764,-9.279131,-0.03487116,0.4295181,-0.08441968,0.8984272,0.7776691,-0.009861149,0.6285964,False,-1,-1,0,0,0,-1
2026-06-24 11:18:37.293,30.19735,False,19.13173,0.7711498,-9.280891,-0.04283815,0.447519,-0.08046871,0.8896159,0.8031343,0.00419645,0.5957834,False,-1,-1,0,0,0,-1
2026-06-24 11:18:37.340,30.24153,False,19.12932,0.7716807,-9.283145,-0.05406082,0.4675573,-0.0745156,0.8791558,0.8301682,0.02537514,0.5569351,False,-1,-1,0,0,0,-1
2026-06-24 11:18:37.382,30.28672,False,19.12683,0.7720172,-9.285671,-0.06778723,0.4892509,-0.06767648,0.866867,0.8574061,0.05130347,0.512077,False,-1,-1,0,0,0,-1
2026-06-24 11:18:37.427,30.33125,False,19.12405,0.7723625,-9.287848,-0.08560265,0.5096893,-0.05567416,0.8542771,0.8803635,0.08950371,0.4657779,False,-1,-1,0,0,0,-1
2026-06-24 11:18:37.471,30.37396,False,19.12283,0.7727889,-9.292768,-0.1055859,0.52994,-0.04044309,0.8404639,0.8993313,0.1346175,0.4160304,False,-1,-1,0,0,0,-1
2026-06-24 11:18:37.515,30.41848,False,19.1192,0.7730649,-9.295069,-0.1312816,0.5468293,-0.01985208,0.8266491,0.9092844,0.1953363,0.3674858,False,-1,-1,0,0,0,-1
2026-06-24 11:18:37.563,30.46761,False,19.11691,0.7720564,-9.295986,-0.1521855,0.5577306,-0.002188204,0.8159482,0.9108245,0.2459101,0.3315524,False,-1,-1,0,0,0,-1
2026-06-24 11:18:37.614,30.51827,False,19.1135,0.770959,-9.296815,-0.1816044,0.5685868,0.01910311,0.8020998,0.9051882,0.3130532,0.2874579,False,-1,-1,0,0,0,-1
2026-06-24 11:18:37.652,30.55586,False,19.11082,0.7691709,-9.297469,-0.2089566,0.5771653,0.04089526,0.7883812,0.8929619,0.3766816,0.2464347,False,-1,-1,0,0,0,-1
2026-06-24 11:18:37.693,30.59786,False,19.10816,0.7668123,-9.297504,-0.2326504,0.5821826,0.06084829,0.7766819,0.8760286,0.4322403,0.2138745,False,-1,-1,0,0,0,-1
2026-06-24 11:18:37.725,30.63708,False,19.10546,0.7652138,-9.297567,-0.2506047,0.5848219,0.07756531,0.7675704,0.8589075,0.4754372,0.1903612,False,-1,-1,0,0,0,-1
2026-06-24 11:18:37.767,30.67929,False,19.10369,0.7635922,-9.297589,-0.2595322,0.5873443,0.09088156,0.76119,0.8469879,0.5018642,0.1753393,False,-1,-1,0,0,0,-1
2026-06-24 11:18:37.802,30.71349,False,19.10292,0.7634513,-9.297493,-0.2616177,0.5868831,0.09801801,0.7599453,0.8407117,0.5126806,0.1742487,False,-1,-1,0,0,0,-1
2026-06-24 11:18:37.846,30.75775,False,19.10257,0.764484,-9.297125,-0.2566653,0.5838295,0.1025281,0.7633833,0.8387406,0.5115858,0.1865321,False,-1,-1,0,0,0,-1
2026-06-24 11:18:37.890,30.80192,False,19.10336,0.7661936,-9.296385,-0.2419043,0.5762235,0.09980476,0.774266,0.844014,0.4896162,0.2188975,False,-1,-1,0,0,0,-1
2026-06-24 11:18:37.934,30.84635,False,19.10553,0.7684276,-9.294626,-0.2230951,0.5612739,0.09019565,0.7918743,0.8486724,0.4545755,0.2704003,False,-1,-1,0,0,0,-1
2026-06-24 11:18:37.979,30.8907,False,19.10852,0.7706288,-9.291764,-0.2026595,0.5395864,0.07720045,0.8135207,0.8466384,0.413048,0.3355514,False,-1,-1,0,0,0,-1
2026-06-24 11:18:38.019,30.93057,False,19.11098,0.7721075,-9.288793,-0.1855362,0.5183543,0.0661448,0.8321719,0.8381752,0.3773688,0.3937702,False,-1,-1,0,0,0,-1
2026-06-24 11:18:38.057,30.96843,False,19.11415,0.7738215,-9.284363,-0.1623391,0.4884596,0.05072622,0.8558505,0.819627,0.3274315,0.4701066,False,-1,-1,0,0,0,-1
2026-06-24 11:18:38.092,31.00281,False,19.11533,0.77452,-9.281683,-0.1512133,0.4711519,0.04341554,0.8679087,0.8047037,0.3033893,0.5103008,False,-1,-1,0,0,0,-1
2026-06-24 11:18:38.125,31.0362,False,19.11748,0.7753364,-9.277477,-0.1336344,0.4449596,0.03221684,0.8849378,0.7789125,0.2651867,0.5683057,False,-1,-1,0,0,0,-1
2026-06-24 11:18:38.159,31.07004,False,19.11906,0.7757915,-9.273183,-0.1161078,0.4182831,0.02036305,0.9006351,0.7487123,0.2261766,0.6231164,False,-1,-1,0,0,0,-1
2026-06-24 11:18:38.192,31.10357,False,19.12107,0.7757075,-9.268296,-0.09855285,0.3916146,0.008255737,0.914799,0.71487,0.1867782,0.6738508,False,-1,-1,0,0,0,-1
2026-06-24 11:18:38.225,31.13707,False,19.12256,0.7754527,-9.263952,-0.08129971,0.3665363,-0.003369005,0.9268388,0.679988,0.1482337,0.718083,False,-1,-1,0,0,0,-1
2026-06-24 11:18:38.258,31.17059,False,19.12358,0.7753099,-9.260099,-0.06668837,0.3447643,-0.01319615,0.9362244,0.6473135,0.1157714,0.7533805,False,-1,-1,0,0,0,-1
2026-06-24 11:18:38.293,31.20432,False,19.12449,0.7749127,-9.256319,-0.05523411,0.3256839,-0.02163266,0.9436161,0.6170309,0.09014876,0.7817584,False,-1,-1,0,0,0,-1
2026-06-24 11:18:38.337,31.2487,False,19.1256,0.7743238,-9.250847,-0.04358465,0.3051645,-0.03078059,0.9508036,0.5829862,0.06409459,0.8099499,False,-1,-1,0,0,0,-1
2026-06-24 11:18:38.381,31.29318,False,19.12722,0.7738017,-9.245701,-0.0333649,0.2910312,-0.03653754,0.9554332,0.55856,0.04248872,0.8283752,False,-1,-1,0,0,0,-1
2026-06-24 11:18:38.415,31.32654,False,19.12866,0.7736087,-9.241451,-0.02799586,0.2832805,-0.03934896,0.9578205,0.5448669,0.03133643,0.8379368,False,-1,-1,0,0,0,-1
2026-06-24 11:18:38.459,31.37071,False,19.13127,0.7731765,-9.236441,-0.02161987,0.2795715,-0.03982877,0.9590548,0.5379709,0.0191993,0.8427447,False,-1,-1,0,0,0,-1
2026-06-24 11:18:38.494,31.40652,False,19.13394,0.7723663,-9.232537,-0.01590129,0.2803416,-0.03956788,0.9589527,0.538927,0.008312121,0.8423115,False,-1,-1,0,0,0,-1
2026-06-24 11:18:38.537,31.44872,False,19.13774,0.7713992,-9.227413,-0.006545654,0.2876043,-0.04187103,0.9568112,0.5509142,-0.01155867,0.8344818,False,-1,-1,0,0,0,-1
2026-06-24 11:18:38.570,31.48208,False,19.14098,0.7704782,-9.223387,0.002923322,0.2947846,-0.04502895,0.9544977,0.5624793,-0.03212829,0.826187,False,-1,-1,0,0,0,-1
2026-06-24 11:18:38.603,31.51563,False,19.14442,0.769205,-9.219122,0.01594356,0.3027246,-0.04937304,0.9516648,0.5746104,-0.06023873,0.8162072,False,-1,-1,0,0,0,-1
2026-06-24 11:18:38.649,31.56005,False,19.14877,0.7674236,-9.213091,0.03684836,0.3126355,-0.0547217,0.9475794,0.5884611,-0.1040494,0.8018025,False,-1,-1,0,0,0,-1
2026-06-24 11:18:38.681,31.5934,False,19.15208,0.7659405,-9.208498,0.05245275,0.3176202,-0.05730336,0.9450305,0.59431,-0.1355403,0.7927323,False,-1,-1,0,0,0,-1
2026-06-24 11:18:38.725,31.63779,False,19.15606,0.7643927,-9.202198,0.06845199,0.3214966,-0.05746679,0.9426833,0.5982715,-0.1660078,0.7839085,False,-1,-1,0,0,0,-1
2026-06-24 11:18:38.771,31.6822,False,19.15936,0.7630494,-9.196065,0.07381754,0.3230311,-0.05508571,0.9418957,0.6003907,-0.1746456,0.7804037,False,-1,-1,0,0,0,-1
2026-06-24 11:18:38.803,31.71553,False,19.16151,0.7618466,-9.191763,0.07244982,0.3217133,-0.05424119,0.9425018,0.5985711,-0.1714684,0.7825032,False,-1,-1,0,0,0,-1
2026-06-24 11:18:38.849,31.76001,False,19.16416,0.7603915,-9.186367,0.06667101,0.3179879,-0.05281457,0.9442719,0.5934917,-0.1594999,0.7888773,False,-1,-1,0,0,0,-1
2026-06-24 11:18:38.893,31.8045,False,19.16732,0.7584558,-9.181217,0.06460256,0.3100466,-0.05225434,0.9470835,0.5805284,-0.1547706,0.7993953,False,-1,-1,0,0,0,-1
2026-06-24 11:18:38.926,31.83784,False,19.16943,0.7573149,-9.17779,0.06526552,0.3028218,-0.05322918,0.9493188,0.5680007,-0.1561535,0.8080788,False,-1,-1,0,0,0,-1
2026-06-24 11:18:38.959,31.87121,False,19.17164,0.755901,-9.174524,0.06739056,0.2945936,-0.05500289,0.9516553,0.5532898,-0.1606722,0.8173462,False,-1,-1,0,0,0,-1
2026-06-24 11:18:39.003,31.91556,False,19.17484,0.7538381,-9.170597,0.07085678,0.2842663,-0.05699464,0.9544232,0.5345438,-0.167658,0.8283439,False,-1,-1,0,0,0,-1
2026-06-24 11:18:39.037,31.94892,False,19.17738,0.7524281,-9.168065,0.07280607,0.2781748,-0.05797289,0.9560111,0.5234348,-0.17146,0.8346361,False,-1,-1,0,0,0,-1
2026-06-24 11:18:39.081,31.99333,False,19.18143,0.7504297,-9.164949,0.07292379,0.2708403,-0.05983176,0.9579916,0.5101991,-0.1721305,0.8426554,False,-1,-1,0,0,0,-1
2026-06-24 11:18:39.119,32.0309,False,19.18514,0.7494343,-9.163149,0.07046553,0.2674862,-0.06205897,0.9589757,0.5042795,-0.1683493,0.8469715,False,-1,-1,0,0,0,-1
2026-06-24 11:18:39.159,32.07105,False,19.18917,0.7477241,-9.159735,0.05757266,0.2660455,-0.06273814,0.9601923,0.5036857,-0.1439441,0.8518103,False,-1,-1,0,0,0,-1
2026-06-24 11:18:39.203,32.11535,False,19.19584,0.7439815,-9.158774,0.04150424,0.2632069,-0.06168872,0.9618701,0.5012209,-0.1123172,0.8579991,False,-1,-1,0,0,0,-1
2026-06-24 11:18:39.260,32.16413,False,19.20164,0.7402645,-9.15924,0.03261395,0.2623554,-0.06191021,0.9624309,0.5009596,-0.09526229,0.860212,False,-1,-1,0,0,0,-1
2026-06-24 11:18:39.305,32.21106,False,19.20988,0.7347689,-9.159512,0.02487088,0.2591253,-0.06568488,0.9632866,0.4959565,-0.08195679,0.8644711,False,-1,-1,0,0,0,-1
2026-06-24 11:18:39.348,32.25391,False,19.22249,0.7245926,-9.161259,0.01826859,0.2525868,-0.07145453,0.9647593,0.4847601,-0.07134652,0.8717324,False,-1,-1,0,0,0,-1
2026-06-24 11:18:39.388,32.29155,False,19.23062,0.7164552,-9.163509,0.01380812,0.2492142,-0.07904992,0.965118,0.4788591,-0.06605366,0.8754033,False,-1,-1,0,0,0,-1
2026-06-24 11:18:39.425,32.32996,False,19.23835,0.7094576,-9.165693,-0.0004995046,0.2502776,-0.09149513,0.963841,0.4825471,-0.04483549,0.8747217,False,-1,-1,0,0,0,-1
2026-06-24 11:18:39.473,32.37863,False,19.2452,0.7052071,-9.16789,-0.02468867,0.2534104,-0.1044486,0.9613866,0.4924081,-0.005466022,0.8703473,False,-1,-1,0,0,0,-1
2026-06-24 11:18:39.517,32.42067,False,19.25232,0.7005619,-9.170829,-0.04202854,0.2588482,-0.1100381,0.958709,0.5055696,0.02361996,0.8624625,False,-1,-1,0,0,0,-1
2026-06-24 11:18:39.558,32.46249,False,19.25903,0.6961085,-9.173247,-0.04931292,0.2645759,-0.114724,0.956246,0.517314,0.03360416,0.8551357,False,-1,-1,0,0,0,-1
2026-06-24 11:18:39.600,32.50508,False,19.26559,0.6925501,-9.174831,-0.04480272,0.2670257,-0.1233164,0.9547162,0.5209174,0.01969047,0.85338,False,-1,-1,0,0,0,-1
2026-06-24 11:18:39.646,32.55119,False,19.26976,0.6902094,-9.174103,-0.02611826,0.2835053,-0.1262092,0.9502704,0.5454062,-0.02192311,0.8378851,False,-1,-1,0,0,0,-1
2026-06-24 11:18:39.690,32.59513,False,19.27216,0.6887187,-9.172065,-0.009781382,0.3074905,-0.1304005,0.9425231,0.5821848,-0.06175549,0.8107078,False,-1,-1,0,0,0,-1
2026-06-24 11:18:39.733,32.63866,False,19.27429,0.6865798,-9.169574,0.006911117,0.3154938,-0.1315399,0.939741,0.5911468,-0.09598936,0.8008318,False,-1,-1,0,0,0,-1
2026-06-24 11:18:39.784,32.68711,False,19.27553,0.6843565,-9.16794,0.01865492,0.3068129,-0.130141,0.9426458,0.5735762,-0.1150278,0.8110358,False,-1,-1,0,0,0,-1
2026-06-24 11:18:39.822,32.72869,False,19.27615,0.6830924,-9.16673,0.02557852,0.2931654,-0.1300925,0.946824,0.548497,-0.124714,0.8267995,False,-1,-1,0,0,0,-1
2026-06-24 11:18:39.867,32.77115,False,19.27631,0.6833038,-9.16623,0.02673794,0.2835567,-0.1316946,0.9494931,0.5314279,-0.1254608,0.8377613,False,-1,-1,0,0,0,-1
2026-06-24 11:18:39.911,32.81391,False,19.27705,0.6833378,-9.165214,0.03149545,0.26829,-0.1319408,0.9537401,0.5034469,-0.1308738,0.854057,False,-1,-1,0,0,0,-1
2026-06-24 11:18:39.957,32.8618,False,19.27772,0.683458,-9.164358,0.03723171,0.2477802,-0.1265758,0.9597903,0.4662087,-0.1341952,0.8744376,False,-1,-1,0,0,0,-1
2026-06-24 11:18:39.996,32.89991,False,19.27708,0.683088,-9.163269,0.03830887,0.2291406,-0.11722,0.9655499,0.4335122,-0.127698,0.8920541,False,-1,-1,0,0,0,-1
2026-06-24 11:18:40.033,32.93835,False,19.27516,0.6831933,-9.162645,0.03522631,0.2163908,-0.1059191,0.9699048,0.4122946,-0.1141722,0.9038683,False,-1,-1,0,0,0,-1
2026-06-24 11:18:40.075,32.97868,False,19.27214,0.6837692,-9.161794,0.03980892,0.2105664,-0.09821284,0.9718186,0.4014453,-0.1187348,0.908154,False,-1,-1,0,0,0,-1
2026-06-24 11:18:40.124,33.02767,False,19.265,0.6860873,-9.159081,0.04547748,0.2083465,-0.07996021,0.9737197,0.3984694,-0.1218835,0.9090471,False,-1,-1,0,0,0,-1
2026-06-24 11:18:40.163,33.068,False,19.25591,0.6898062,-9.156534,0.03722387,0.1854714,-0.05565932,0.9803656,0.359516,-0.09363244,0.9284295,False,-1,-1,0,0,0,-1
2026-06-24 11:18:40.201,33.10456,False,19.24536,0.6945742,-9.154102,0.02157391,0.1588978,-0.03213283,0.9865361,0.3121303,-0.05277856,0.9485722,False,-1,-1,0,0,0,-1
2026-06-24 11:18:40.239,33.14487,False,19.23699,0.6991255,-9.153362,0.005823676,0.1418266,-0.02400947,0.9895831,0.2804189,-0.01833639,0.9597026,False,-1,-1,0,0,0,-1
2026-06-24 11:18:40.296,33.19918,False,19.22373,0.706243,-9.15379,-0.01265788,0.1249383,-0.01966772,0.9918888,0.2483476,0.02019592,0.9684604,False,-1,-1,0,0,0,-1
2026-06-24 11:18:40.338,33.24182,False,19.21287,0.7103417,-9.155626,-0.01971025,0.1127545,-0.01661432,0.9932884,0.2246505,0.03540924,0.9737958,False,-1,-1,0,0,0,-1
2026-06-24 11:18:40.384,33.28637,False,19.20112,0.7132332,-9.158177,-0.02195808,0.1010859,-0.02304037,0.9943685,0.2020451,0.03901073,0.978599,False,-1,-1,0,0,0,-1
2026-06-24 11:18:40.430,33.33341,False,19.18466,0.7162603,-9.161364,-0.02301512,0.09330668,-0.02912475,0.9949452,0.1870107,0.04036249,0.9815283,False,-1,-1,0,0,0,-1
2026-06-24 11:18:40.468,33.37102,False,19.17015,0.7187534,-9.165588,-0.02406904,0.07928899,-0.03386503,0.9959855,0.1595716,0.04257458,0.9862679,False,-1,-1,0,0,0,-1
2026-06-24 11:18:40.513,33.41741,False,19.15397,0.7218465,-9.16997,-0.02656845,0.05091062,-0.03932067,0.9975751,0.1036637,0.04900437,0.9934044,False,-1,-1,0,0,0,-1
2026-06-24 11:18:40.559,33.4623,False,19.13581,0.7262403,-9.175695,-0.03296468,0.02376226,-0.03579184,0.9985328,0.04981452,0.06413165,0.9966974,False,-1,-1,0,0,0,-1
2026-06-24 11:18:40.606,33.50801,False,19.11654,0.7310535,-9.182608,-0.04568714,-0.01321267,-0.03145373,0.9983731,-0.02350829,0.0920568,0.9954762,False,-1,-1,0,0,0,-1
2026-06-24 11:18:40.647,33.55126,False,19.09756,0.7362026,-9.191133,-0.05955372,-0.05253876,-0.02727446,0.9964684,-0.1014578,0.1215527,0.987386,False,-1,-1,0,0,0,-1
2026-06-24 11:18:40.692,33.59569,False,19.08003,0.7408326,-9.201338,-0.07049666,-0.09247696,-0.03189442,0.9927039,-0.1791076,0.1458636,0.9729565,False,-1,-1,0,0,0,-1
2026-06-24 11:18:40.740,33.64432,False,19.06357,0.7443177,-9.211802,-0.07539547,-0.1291428,-0.03830989,0.9880131,-0.2494127,0.1588783,0.9552754,False,-1,-1,0,0,0,-1
2026-06-24 11:18:40.775,33.68777,False,19.04841,0.7454699,-9.221474,-0.0752935,-0.1670796,-0.03582525,0.9824113,-0.322887,0.1599097,0.9328306,False,-1,-1,0,0,0,-1
2026-06-24 11:18:40.810,33.72171,False,19.03316,0.7455109,-9.231035,-0.07116179,-0.2020503,-0.03768631,0.9760591,-0.3890624,0.1541453,0.9082233,False,-1,-1,0,0,0,-1
2026-06-24 11:18:40.854,33.76622,False,19.0194,0.7431285,-9.239809,0.06107986,0.2401966,0.04060193,-0.9679496,-0.4600365,0.1377493,0.8771496,False,-1,-1,0,0,0,-1
2026-06-24 11:18:40.888,33.79977,False,19.01349,0.7411342,-9.24404,0.05640752,0.2586538,0.04178677,-0.9634159,-0.4936681,0.1303044,0.8598329,False,-1,-1,0,0,0,-1
2026-06-24 11:18:40.933,33.84467,False,19.00352,0.7384046,-9.253308,0.05139394,0.2840274,0.04526851,-0.956367,-0.5386159,0.1240179,0.8333741,False,-1,-1,0,0,0,-1
2026-06-24 11:18:40.966,33.87806,False,18.99778,0.7360711,-9.25973,0.04975197,0.3046656,0.05121145,-0.9497795,-0.5736345,0.1257115,0.8094072,False,-1,-1,0,0,0,-1
2026-06-24 11:18:41.010,33.92171,False,18.99211,0.732733,-9.268402,0.04540915,0.3259249,0.05821508,-0.9425083,-0.6090869,0.1235445,0.7834219,False,-1,-1,0,0,0,-1
2026-06-24 11:18:41.054,33.96622,False,18.98868,0.7294841,-9.276112,0.0394944,0.3410942,0.064455,-0.9369848,-0.634109,0.1179818,0.7641898,False,-1,-1,0,0,0,-1
2026-06-24 11:18:41.088,33.99965,False,18.98767,0.7270734,-9.280858,0.03618924,0.3540203,0.06602654,-0.932202,-0.6552579,0.1142208,0.74672,False,-1,-1,0,0,0,-1
2026-06-24 11:18:41.133,34.04461,False,18.98818,0.7243133,-9.284691,0.03185302,0.3607202,0.06471891,-0.9298806,-0.6667303,0.1059298,0.7377327,False,-1,-1,0,0,0,-1
2026-06-24 11:18:41.165,34.07813,False,18.98928,0.7233655,-9.285563,0.0295746,0.3581736,0.06582717,-0.9308619,-0.6629268,0.1022148,0.7416739,False,-1,-1,0,0,0,-1
2026-06-24 11:18:41.203,34.11449,False,18.99111,0.7235555,-9.284328,0.02759578,0.3479695,0.06621271,-0.9347575,-0.6468799,0.09767075,0.7563114,False,-1,-1,0,0,0,-1
2026-06-24 11:18:41.245,34.15677,False,18.99474,0.7245595,-9.281088,0.02624841,0.3281066,0.06361221,-0.9421309,-0.6148993,0.09120205,0.7833142,False,-1,-1,0,0,0,-1
2026-06-24 11:18:41.278,34.19043,False,18.99731,0.7250102,-9.278496,0.02571737,0.3168491,0.06185244,-0.9461076,-0.5963653,0.08785857,0.7978905,False,-1,-1,0,0,0,-1
2026-06-24 11:18:41.313,34.22447,False,19.00157,0.7254483,-9.27438,0.0249511,0.2999823,0.06067107,-0.9516864,-0.5679505,0.08389175,0.8187761,False,-1,-1,0,0,0,-1
2026-06-24 11:18:41.347,34.25838,False,19.0064,0.7255908,-9.269639,0.02404075,0.2820755,0.05854552,-0.9573024,-0.5372482,0.07905706,0.8397109,False,-1,-1,0,0,0,-1
2026-06-24 11:18:41.392,34.30311,False,19.01289,0.725025,-9.262463,0.02249587,0.260397,0.05513386,-0.9636637,-0.4993897,0.07207029,0.8633747,False,-1,-1,0,0,0,-1
2026-06-24 11:18:41.424,34.33649,False,19.01795,0.7240611,-9.256291,0.02069195,0.2421992,0.05200127,-0.9686111,-0.4670415,0.06527422,0.8818228,False,-1,-1,0,0,0,-1
2026-06-24 11:18:41.458,34.36993,False,19.0235,0.7225462,-9.24964,0.01634906,0.222397,0.04841309,-0.9736162,-0.4314755,0.05336926,0.9005446,False,-1,-1,0,0,0,-1
2026-06-24 11:18:41.492,34.40328,False,19.02884,0.7207406,-9.242758,-0.009526758,-0.2024152,-0.04682906,0.9781331,-0.3950858,0.0375947,0.9178746,False,-1,-1,0,0,0,-1
2026-06-24 11:18:41.535,34.44708,False,19.03619,0.7185562,-9.234308,0.0004751092,-0.1689896,-0.04796266,0.98445,-0.3327691,0.01527493,0.9428846,False,-1,-1,0,0,0,-1
2026-06-24 11:18:41.580,34.49169,False,19.04404,0.7158246,-9.226583,0.007947155,-0.1417846,-0.04948156,0.9886281,-0.2811309,-0.001682119,0.959668,False,-1,-1,0,0,0,-1
2026-06-24 11:18:41.625,34.53651,False,19.05194,0.7134686,-9.220607,0.01311433,-0.1194074,-0.04973457,0.9915122,-0.2380922,-0.01412868,0.9711398,False,-1,-1,0,0,0,-1
2026-06-24 11:18:41.672,34.58362,False,19.05887,0.7117355,-9.216015,0.01734021,-0.1019337,-0.05217948,0.9932704,-0.204305,-0.02380933,0.9786177,False,-1,-1,0,0,0,-1
2026-06-24 11:18:41.713,34.62485,False,19.06401,0.7109513,-9.213179,0.01955194,-0.09287049,-0.05562102,0.9939311,-0.1867887,-0.02853547,0.9819856,False,-1,-1,0,0,0,-1
2026-06-24 11:18:41.758,34.66956,False,19.06784,0.711005,-9.21168,0.02049231,-0.09037635,-0.05778538,0.9940187,-0.1820399,-0.03029462,0.9828244,False,-1,-1,0,0,0,-1
2026-06-24 11:18:41.802,34.71365,False,19.07055,0.7117777,-9.210567,0.02036704,-0.08988821,-0.05763593,0.9940742,-0.1810588,-0.03013112,0.9830106,False,-1,-1,0,0,0,-1
2026-06-24 11:18:41.836,34.74755,False,19.07202,0.7124511,-9.210083,0.0187027,-0.09165617,-0.05653491,0.9940087,-0.1843288,-0.02681775,0.9824987,False,-1,-1,0,0,0,-1
2026-06-24 11:18:41.879,34.79147,False,19.07377,0.7130617,-9.209465,0.01531584,-0.0960997,-0.05445685,0.9937629,-0.1926687,-0.01997405,0.9810606,False,-1,-1,0,0,0,-1
2026-06-24 11:18:41.913,34.825,False,19.07492,0.7134947,-9.209171,0.01135054,-0.09682003,-0.05368813,0.9937881,-0.193656,-0.01216388,0.9809941,False,-1,-1,0,0,0,-1
2026-06-24 11:18:41.958,34.8695,False,19.07639,0.7140648,-9.208366,0.005489662,-0.09566623,-0.0525682,0.9940093,-0.1907634,-0.0008555464,0.9816357,False,-1,-1,0,0,0,-1
2026-06-24 11:18:41.992,34.90283,False,19.07733,0.7140929,-9.207312,0.0004525135,-0.09268108,-0.05057271,0.9944106,-0.1843719,0.008474298,0.98282,False,-1,-1,0,0,0,-1
2026-06-24 11:18:42.024,34.93639,False,19.07825,0.714183,-9.206291,-0.003146941,-0.08876739,-0.04709215,0.9949335,-0.1763389,0.01462249,0.9842209,False,-1,-1,0,0,0,-1
2026-06-24 11:18:42.058,34.96979,False,19.07924,0.7141638,-9.20508,-0.006310259,-0.08480226,-0.04659297,0.9952878,-0.1682173,0.02046343,0.9855375,False,-1,-1,0,0,0,-1
2026-06-24 11:18:42.103,35.01434,False,19.07989,0.7143047,-9.203424,-0.009601532,-0.07904789,-0.04709213,0.9957116,-0.1565135,0.02656578,0.9873185,False,-1,-1,0,0,0,-1
2026-06-24 11:18:42.146,35.05795,False,19.07968,0.7143577,-9.202631,-0.01247057,-0.0794059,-0.04523852,0.9957373,-0.1570065,0.03201924,0.9870784,False,-1,-1,0,0,0,-1
2026-06-24 11:18:42.191,35.10291,False,19.07893,0.7152782,-9.202706,-0.01563082,-0.08032155,-0.04500774,0.9956297,-0.158534,0.0383552,0.9866083,False,-1,-1,0,0,0,-1
2026-06-24 11:18:42.224,35.13626,False,19.07805,0.7161419,-9.203026,-0.01874381,-0.08313846,-0.04696412,0.9952543,-0.1637272,0.04511877,0.9854733,False,-1,-1,0,0,0,-1
2026-06-24 11:18:42.269,35.18019,False,19.07704,0.7176697,-9.203684,-0.02645672,-0.08245214,-0.04801295,0.9950862,-0.1615534,0.06057099,0.9850034,False,-1,-1,0,0,0,-1
2026-06-24 11:18:42.313,35.22455,False,19.07656,0.7188544,-9.204859,-0.03489225,-0.07878383,-0.0458829,0.9952238,-0.1536132,0.07668086,0.9851513,False,-1,-1,0,0,0,-1
2026-06-24 11:18:42.358,35.2696,False,19.0768,0.7196084,-9.20664,-0.03955572,-0.07331412,-0.0403221,0.995708,-0.142809,0.08468425,0.9861208,False,-1,-1,0,0,0,-1
2026-06-24 11:18:42.401,35.31366,False,19.0777,0.7200526,-9.207874,-0.03784849,-0.06946526,-0.03885867,0.9961085,-0.1354484,0.08080107,0.9874842,False,-1,-1,0,0,0,-1
2026-06-24 11:18:42.446,35.35765,False,19.07868,0.7199053,-9.208069,-0.03473882,-0.0664378,-0.03990871,0.9963868,-0.1296227,0.07452948,0.9887584,False,-1,-1,0,0,0,-1
2026-06-24 11:18:42.480,35.39108,False,19.07934,0.7200391,-9.207775,-0.03400342,-0.0635228,-0.0411271,0.9965527,-0.1238107,0.07299742,0.9896172,False,-1,-1,0,0,0,-1
2026-06-24 11:18:42.514,35.42492,False,19.07959,0.7199302,-9.206778,-0.0319232,-0.06285129,-0.04311929,0.9965798,-0.1225196,0.06904824,0.9900612,False,-1,-1,0,0,0,-1
2026-06-24 11:18:42.558,35.46928,False,19.0799,0.7197735,-9.205482,-0.03004431,-0.05955316,-0.04538686,0.9967401,-0.1159908,0.0652986,0.9911015,False,-1,-1,0,0,0,-1
2026-06-24 11:18:42.591,35.50318,False,19.08035,0.7196711,-9.204905,-0.03003368,-0.05907136,-0.04669944,0.9967085,-0.1149487,0.06538685,0.9912171,False,-1,-1,0,0,0,-1
2026-06-24 11:18:42.636,35.54764,False,19.0807,0.7193971,-9.204021,-0.02928361,-0.05993895,-0.04731407,0.99665,-0.1167053,0.06404293,0.9910996,False,-1,-1,0,0,0,-1
2026-06-24 11:18:42.678,35.59108,False,19.08097,0.7193903,-9.203722,-0.02767819,-0.05764839,-0.04811357,0.9967927,-0.1122636,0.06072617,0.9918212,False,-1,-1,0,0,0,-1
2026-06-24 11:18:42.712,35.6245,False,19.08118,0.7193522,-9.203125,-0.02731519,-0.05669499,-0.04916606,0.996806,-0.1103419,0.06003083,0.9920791,False,-1,-1,0,0,0,-1
2026-06-24 11:18:42.747,35.65844,False,19.08197,0.719404,-9.202845,-0.02648428,-0.05530564,-0.05101749,0.9968135,-0.1075565,0.05844288,0.9924797,False,-1,-1,0,0,0,-1
2026-06-24 11:18:42.792,35.70299,False,19.08384,0.7197551,-9.202721,-0.02488592,-0.05133773,-0.05641611,0.996776,-0.0995365,0.05540391,0.9934903,False,-1,-1,0,0,0,-1
2026-06-24 11:18:42.824,35.7365,False,19.08545,0.7200066,-9.202398,-0.02301995,-0.04707939,-0.06273046,0.9966537,-0.09095559,0.05179245,0.9945073,False,-1,-1,0,0,0,-1
2026-06-24 11:18:42.869,35.78038,False,19.08963,0.7197483,-9.201895,-0.01698334,-0.0379333,-0.0771487,0.996153,-0.07295425,0.03968902,0.9965453,False,-1,-1,0,0,0,-1
2026-06-24 11:18:42.902,35.81407,False,19.09362,0.7189944,-9.201427,-0.007850643,-0.02709528,-0.09952512,0.9946351,-0.05233716,0.02101037,0.9984084,False,-1,-1,0,0,0,-1
2026-06-24 11:18:42.936,35.84745,False,19.0973,0.7177644,-9.200253,0.00364694,-0.02031502,-0.1153202,0.9931139,-0.0411914,-0.002558187,0.999148,False,-1,-1,0,0,0,-1
2026-06-24 11:18:42.980,35.89106,False,19.10264,0.7155675,-9.199116,0.01500401,-0.006301417,-0.1257109,0.9919335,-0.01627351,-0.02818164,0.9994704,False,-1,-1,0,0,0,-1
2026-06-24 11:18:43.013,35.92507,False,19.10642,0.7138446,-9.198272,0.01989291,0.0007005333,-0.1271552,0.9916831,-0.00366956,-0.03963308,0.9992076,False,-1,-1,0,0,0,-1
2026-06-24 11:18:43.058,35.9694,False,19.10976,0.7109286,-9.196658,0.02637583,0.01152938,-0.1221791,0.9920906,0.01643123,-0.05515173,0.9983428,False,-1,-1,0,0,0,-1
2026-06-24 11:18:43.102,36.01338,False,19.11129,0.7081497,-9.19524,0.03549924,0.01833603,-0.1179429,0.9922162,0.02801284,-0.07477105,0.9968072,False,-1,-1,0,0,0,-1
2026-06-24 11:18:43.136,36.04805,False,19.11247,0.7068614,-9.194095,0.04091638,0.01957131,-0.1182682,0.9919453,0.02914914,-0.08580294,0.9958856,False,-1,-1,0,0,0,-1
2026-06-24 11:18:43.179,36.09155,False,19.11416,0.7056112,-9.19306,0.04699644,0.02345243,-0.1178611,0.9916401,0.03543464,-0.09873536,0.9944826,False,-1,-1,0,0,0,-1
2026-06-24 11:18:43.224,36.13578,False,19.11557,0.7050306,-9.193009,0.05016487,0.02666273,-0.115214,0.9917148,0.04132425,-0.1056423,0.9935452,False,-1,-1,0,0,0,-1
2026-06-24 11:18:43.258,36.16946,False,19.11593,0.7047051,-9.192832,0.0503772,0.02742604,-0.1137888,0.9918478,0.04294019,-0.1061746,0.9934199,False,-1,-1,0,0,0,-1
2026-06-24 11:18:43.301,36.21329,False,19.11614,0.7049138,-9.19237,0.04808265,0.02561118,-0.1126465,0.9921406,0.03998711,-0.1011795,0.9940643,False,-1,-1,0,0,0,-1
2026-06-24 11:18:43.336,36.24736,False,19.11597,0.7062626,-9.192496,0.04736923,0.02264197,-0.1138074,0.9921146,0.03414492,-0.09914506,0.994487,False,-1,-1,0,0,0,-1
2026-06-24 11:18:43.370,36.28158,False,19.11548,0.7076128,-9.192747,0.04687273,0.02062468,-0.1161538,0.9919102,0.03002676,-0.09777834,0.9947551,False,-1,-1,0,0,0,-1
2026-06-24 11:18:43.415,36.32564,False,19.11516,0.7093266,-9.193315,0.04412754,0.02069031,-0.1185038,0.9917568,0.03058095,-0.09243134,0.9952493,False,-1,-1,0,0,0,-1
2026-06-24 11:18:43.458,36.36955,False,19.1149,0.7097954,-9.193878,0.04060574,0.02090512,-0.1201443,0.9917054,0.03170634,-0.08556113,0.9958283,False,-1,-1,0,0,0,-1
2026-06-24 11:18:43.501,36.41272,False,19.11513,0.7095602,-9.194468,0.03856988,0.0201095,-0.1222716,0.9915431,0.03044686,-0.08140504,0.9962159,False,-1,-1,0,0,0,-1
2026-06-24 11:18:43.535,36.44684,False,19.115,0.7090728,-9.194379,0.03924486,0.02140991,-0.1230797,0.9913893,0.03279063,-0.08308411,0.9960029,False,-1,-1,0,0,0,-1
2026-06-24 11:18:43.579,36.49093,False,19.11466,0.7086244,-9.193934,0.04161821,0.02055333,-0.1241854,0.9911728,0.03040705,-0.08760651,0.9956909,False,-1,-1,0,0,0,-1
2026-06-24 11:18:43.624,36.53586,False,19.11493,0.7082618,-9.193434,0.04304963,0.01952652,-0.1251002,0.9910173,0.02793121,-0.09021141,0.9955309,False,-1,-1,0,0,0,-1
2026-06-24 11:18:43.668,36.58015,False,19.11508,0.7081081,-9.192749,0.04317338,0.01913892,-0.1241856,0.9911345,0.02721547,-0.09033482,0.9955395,False,-1,-1,0,0,0,-1
2026-06-24 11:18:43.712,36.62439,False,19.11574,0.7075562,-9.192472,0.0430196,0.02057048,-0.1229324,0.9912688,0.03020475,-0.09034552,0.9954523,False,-1,-1,0,0,0,-1
2026-06-24 11:18:43.757,36.66879,False,19.11775,0.7073753,-9.193075,0.04068919,0.02417834,-0.1202387,0.9916161,0.03816642,-0.08651044,0.9955196,False,-1,-1,0,0,0,-1
2026-06-24 11:18:43.801,36.71314,False,19.11927,0.7065659,-9.193472,0.04029552,0.02725613,-0.1164867,0.9920001,0.04468838,-0.08629628,0.9952667,False,-1,-1,0,0,0,-1
2026-06-24 11:18:43.834,36.74673,False,19.12025,0.7055829,-9.193842,0.04226046,0.02874711,-0.1124424,0.9923429,0.04755024,-0.09033851,0.9947753,False,-1,-1,0,0,0,-1
2026-06-24 11:18:43.879,36.79064,False,19.12149,0.7053616,-9.194484,0.04346596,0.02935977,-0.1089512,0.9926623,0.04881733,-0.09269161,0.9944974,False,-1,-1,0,0,0,-1
2026-06-24 11:18:43.913,36.8243,False,19.12209,0.7048676,-9.195068,0.04238641,0.03176377,-0.1049919,0.9930615,0.05418631,-0.0908545,0.9943889,False,-1,-1,0,0,0,-1
2026-06-24 11:18:43.946,36.85802,False,19.12288,0.7045498,-9.195878,0.04309431,0.03287424,-0.1016262,0.993345,0.0565519,-0.09229681,0.9941244,False,-1,-1,0,0,0,-1
2026-06-24 11:18:43.990,36.90224,False,19.12361,0.7032744,-9.19772,0.04472251,0.03256378,-0.09340404,0.9940901,0.05638814,-0.09499958,0.993879,False,-1,-1,0,0,0,-1
2026-06-24 11:18:44.026,36.93822,False,19.12382,0.7016982,-9.199474,0.04693856,0.02867172,-0.08613713,0.9947639,0.04895687,-0.09832496,0.9939494,False,-1,-1,0,0,0,-1
2026-06-24 11:18:44.067,36.97903,False,19.12482,0.6974339,-9.202702,0.05612022,0.02558791,-0.07754564,0.9950792,0.04222023,-0.1156566,0.9923916,False,-1,-1,0,0,0,-1
2026-06-24 11:18:44.101,37.01247,False,19.12629,0.6936527,-9.205465,0.06768252,0.02731715,-0.07725676,0.9943361,0.043867,-0.1388192,0.9893457,False,-1,-1,0,0,0,-1
2026-06-24 11:18:44.144,37.05681,False,19.12787,0.6895029,-9.207911,0.0834557,0.03326374,-0.08048248,0.992699,0.05260832,-0.1710471,0.9838573,False,-1,-1,0,0,0,-1
2026-06-24 11:18:44.179,37.09015,False,19.12928,0.686726,-9.209088,0.09516425,0.03782886,-0.08213812,0.9913456,0.05936973,-0.1948957,0.9790255,False,-1,-1,0,0,0,-1
2026-06-24 11:18:44.224,37.13513,False,19.13243,0.6839399,-9.210806,0.1112876,0.04483495,-0.08929293,0.9887526,0.06878695,-0.2280787,0.9712098,False,-1,-1,0,0,0,-1
2026-06-24 11:18:44.267,37.17905,False,19.13492,0.6827488,-9.21149,0.1273832,0.04884932,-0.09858628,0.9857323,0.07118823,-0.2607633,0.9627745,False,-1,-1,0,0,0,-1
2026-06-24 11:18:44.300,37.21239,False,19.13626,0.683017,-9.211954,0.1365229,0.05239107,-0.1059817,0.9835571,0.07412135,-0.2796611,0.9572334,False,-1,-1,0,0,0,-1
2026-06-24 11:18:44.347,37.25257,False,19.13747,0.6836199,-9.21286,0.1430326,0.05112172,-0.1142138,0.9817757,0.06770755,-0.2925294,0.9538565,False,-1,-1,0,0,0,-1
2026-06-24 11:18:44.388,37.29285,False,19.13873,0.684382,-9.214594,0.1486112,0.04762353,-0.1198674,0.9804481,0.05775753,-0.3028281,0.9512934,False,-1,-1,0,0,0,-1
2026-06-24 11:18:44.429,37.33088,False,19.1408,0.6855014,-9.216923,0.1572506,0.0442816,-0.1278372,0.9782479,0.0464318,-0.3189819,0.9466227,False,-1,-1,0,0,0,-1
2026-06-24 11:18:44.468,37.37166,False,19.14296,0.6867387,-9.218563,0.1672892,0.04364482,-0.137083,0.9753552,0.03927341,-0.3382986,0.9402189,False,-1,-1,0,0,0,-1
2026-06-24 11:18:44.513,37.41559,False,19.14682,0.6877272,-9.218943,0.1819731,0.05008845,-0.1515648,0.9702603,0.04203625,-0.3683058,0.9287539,False,-1,-1,0,0,0,-1
2026-06-24 11:18:44.556,37.45835,False,19.14949,0.6882082,-9.217232,0.1877496,0.06066938,-0.1618491,0.966889,0.05654694,-0.3827045,0.9221386,False,-1,-1,0,0,0,-1
2026-06-24 11:18:44.598,37.50232,False,19.15145,0.6865818,-9.215275,0.1876987,0.06608413,-0.1633162,0.966297,0.06640534,-0.3843306,0.9208042,False,-1,-1,0,0,0,-1
2026-06-24 11:18:44.651,37.55607,False,19.15246,0.6854261,-9.213039,0.1846408,0.06803282,-0.1592073,0.967436,0.07284245,-0.378919,0.9225586,False,-1,-1,0,0,0,-1
2026-06-24 11:18:44.694,37.59652,False,19.15326,0.685335,-9.211458,0.1796841,0.06520894,-0.1618039,0.9681327,0.06811462,-0.3690183,0.9269228,False,-1,-1,0,0,0,-1
2026-06-24 11:18:44.732,37.63697,False,19.15343,0.6863505,-9.20997,0.1747466,0.06732436,-0.1639186,0.9685359,0.07312368,-0.3605682,0.9298621,False,-1,-1,0,0,0,-1
2026-06-24 11:18:44.778,37.68166,False,19.1535,0.6884235,-9.208101,0.1606615,0.06733496,-0.1636439,0.9710173,0.07818429,-0.3340481,0.9393078,False,-1,-1,0,0,0,-1
2026-06-24 11:18:44.823,37.72866,False,19.15298,0.6906592,-9.206328,0.1464438,0.06804454,-0.1582366,0.9741074,0.08621986,-0.3068382,0.9478483,False,-1,-1,0,0,0,-1
2026-06-24 11:18:44.864,37.76966,False,19.15225,0.6945756,-9.205193,0.1260295,0.06962024,-0.1563741,0.9771472,0.09664294,-0.2680723,0.9585392,False,-1,-1,0,0,0,-1
2026-06-24 11:18:44.917,37.8202,False,19.1515,0.6988679,-9.204914,0.1076544,0.0706495,-0.1571936,0.9791371,0.1045059,-0.233028,0.9668384,False,-1,-1,0,0,0,-1
2026-06-24 11:18:44.962,37.86712,False,19.15002,0.7042183,-9.205725,0.08598777,0.06740706,-0.1538923,0.9820283,0.1059256,-0.1896317,0.9761248,False,-1,-1,0,0,0,-1
2026-06-24 11:18:45.000,37.9034,False,19.14787,0.7097785,-9.20727,0.06452862,0.06119204,-0.1484723,0.98491,0.1013759,-0.1452804,0.9841832,False,-1,-1,0,0,0,-1
2026-06-24 11:18:45.045,37.94828,False,19.14418,0.715763,-9.209435,0.04381731,0.05321877,-0.1429789,0.987322,0.09255822,-0.1017419,0.9904956,False,-1,-1,0,0,0,-1
2026-06-24 11:18:45.090,37.99366,False,19.1396,0.7208079,-9.211355,0.02259842,0.04336648,-0.1377055,0.9892653,0.07957806,-0.05665528,0.9952173,False,-1,-1,0,0,0,-1
2026-06-24 11:18:45.132,38.03681,False,19.13396,0.7252448,-9.213603,0.002314148,0.03262014,-0.1342333,0.99041,0.06399334,-0.01334133,0.9978611,False,-1,-1,0,0,0,-1
2026-06-24 11:18:45.176,38.08063,False,19.12813,0.728747,-9.215876,-0.01474682,0.02305754,-0.1310028,0.9910041,0.04956399,0.0231871,0.9985018,False,-1,-1,0,0,0,-1
2026-06-24 11:18:45.220,38.12196,False,19.12494,0.7302604,-9.217396,-0.0205903,0.01817605,-0.1288699,0.9912812,0.04134209,0.03613687,0.9984913,False,-1,-1,0,0,0,-1
2026-06-24 11:18:45.265,38.1696,False,19.11871,0.7332611,-9.220778,-0.03750241,0.004752396,-0.1202005,0.9920297,0.01844465,0.07326453,0.997142,False,-1,-1,0,0,0,-1
2026-06-24 11:18:45.303,38.20893,False,19.11281,0.7365789,-9.224397,-0.0531573,-0.005118881,-0.113937,0.9920517,0.001956772,0.106636,0.9942962,False,-1,-1,0,0,0,-1
2026-06-24 11:18:45.340,38.24536,False,19.10928,0.7389111,-9.227481,-0.06491892,-0.01203151,-0.1111725,0.9916055,-0.009426619,0.1314231,0.9912816,False,-1,-1,0,0,0,-1
2026-06-24 11:18:45.381,38.28588,False,19.10484,0.7421905,-9.23131,-0.08225091,-0.0178403,-0.1066208,0.9907314,-0.01781058,0.1667814,0.985833,False,-1,-1,0,0,0,-1
2026-06-24 11:18:45.429,38.33136,False,19.1023,0.7447789,-9.23388,-0.09527493,-0.01970853,-0.1032138,0.9898895,-0.01935115,0.1926917,0.9810686,False,-1,-1,0,0,0,-1
2026-06-24 11:18:45.470,38.37549,False,19.09985,0.7492018,-9.238218,-0.1156103,-0.01983877,-0.09998579,0.9880503,-0.01608463,0.2324248,0.9724814,False,-1,-1,0,0,0,-1
2026-06-24 11:18:45.507,38.41154,False,19.09929,0.7516522,-9.240502,-0.1241734,-0.01864854,-0.0997182,0.987061,-0.01204981,0.2488526,0.9684664,False,-1,-1,0,0,0,-1
2026-06-24 11:18:45.546,38.45067,False,19.09888,0.7547557,-9.243029,-0.1362601,-0.01633659,-0.09871735,0.985607,-0.005300434,0.2718233,0.9623326,False,-1,-1,0,0,0,-1
2026-06-24 11:18:45.587,38.49102,False,19.09943,0.7568542,-9.244664,-0.1433239,-0.01535331,-0.0979832,0.9846938,-0.002149947,0.285269,0.9584451,False,-1,-1,0,0,0,-1
2026-06-24 11:18:45.628,38.53177,False,19.10034,0.7591159,-9.246277,-0.1512883,-0.01532829,-0.09740491,0.9835595,-0.0006801281,0.3005881,0.9537538,False,-1,-1,0,0,0,-1
2026-06-24 11:18:45.666,38.57017,False,19.10156,0.7608868,-9.246828,-0.1559264,-0.01404042,-0.09722742,0.9828717,0.002720784,0.3092416,0.9509797,False,-1,-1,0,0,0,-1
2026-06-24 11:18:45.705,38.60955,False,19.10338,0.761595,-9.247162,-0.156589,-0.01262218,-0.0979887,0.9827099,0.005880013,0.3102368,0.9506412,False,-1,-1,0,0,0,-1
2026-06-24 11:18:45.762,38.66571,False,19.10573,0.7619387,-9.246726,-0.1560279,-0.009844737,-0.09749127,0.9828804,0.01107031,0.308633,0.9511167,False,-1,-1,0,0,0,-1
2026-06-24 11:18:45.796,38.70776,False,19.11028,0.761238,-9.244934,-0.15072,-0.002449321,-0.09756326,0.9837474,0.02459044,0.2970187,0.954555,False,-1,-1,0,0,0,-1
2026-06-24 11:18:45.841,38.75248,False,19.11264,0.7593555,-9.242782,-0.1433882,0.004939868,-0.09808402,0.9847817,0.03785757,0.2814432,0.9588308,False,-1,-1,0,0,0,-1
2026-06-24 11:18:45.885,38.79704,False,19.11556,0.7569504,-9.239918,-0.1327412,0.01096912,-0.09824358,0.9862087,0.04771763,0.2596657,0.9645189,False,-1,-1,0,0,0,-1
2026-06-24 11:18:45.930,38.84207,False,19.11825,0.7546674,-9.236954,-0.1202926,0.01962356,-0.1003884,0.9874547,0.06290671,0.233627,0.9702892,False,-1,-1,0,0,0,-1
2026-06-24 11:18:45.974,38.88586,False,19.12069,0.7531362,-9.234957,-0.1124721,0.02254993,-0.103196,0.9880244,0.0677731,0.2175963,0.9736831,False,-1,-1,0,0,0,-1
2026-06-24 11:18:46.019,38.93032,False,19.12226,0.7521801,-9.233303,-0.1088132,0.02392646,-0.1050831,0.9882028,0.07015724,0.2100305,0.9751744,False,-1,-1,0,0,0,-1
2026-06-24 11:18:46.062,38.97474,False,19.12314,0.7517281,-9.23244,-0.1060222,0.02541153,-0.1050533,0.9884722,0.07251316,0.204261,0.976227,False,-1,-1,0,0,0,-1
2026-06-24 11:18:46.108,39.01934,False,19.12418,0.7510712,-9.232138,-0.1035748,0.02632347,-0.1051077,0.988702,0.07382517,0.1992757,0.9771587,False,-1,-1,0,0,0,-1
2026-06-24 11:18:46.153,39.06409,False,19.12499,0.7507644,-9.2325,-0.1019556,0.02676024,-0.1071101,0.9886437,0.07475363,0.195863,0.9777779,False,-1,-1,0,0,0,-1
2026-06-24 11:18:46.199,39.10979,False,19.12543,0.7508172,-9.232759,-0.1017064,0.02713651,-0.1100718,0.9883338,0.07602986,0.1950658,0.9778388,False,-1,-1,0,0,0,-1
2026-06-24 11:18:46.243,39.15438,False,19.12561,0.7505268,-9.234369,-0.1031671,0.02833964,-0.1111171,0.9880316,0.07892817,0.1975666,0.9771069,False,-1,-1,0,0,0,-1
2026-06-24 11:18:46.288,39.19926,False,19.12564,0.7500703,-9.235773,-0.1056135,0.02690968,-0.1107278,0.9878568,0.07655452,0.2027028,0.9762433,False,-1,-1,0,0,0,-1
2026-06-24 11:18:46.321,39.23307,False,19.12605,0.7496287,-9.236688,-0.1062755,0.02592578,-0.1114571,0.9877301,0.07490566,0.2041638,0.9760668,False,-1,-1,0,0,0,-1
2026-06-24 11:18:46.355,39.26728,False,19.12674,0.7492439,-9.237278,-0.104681,0.02537765,-0.1131585,0.9877211,0.07382317,0.2010479,0.9767957,False,-1,-1,0,0,0,-1
2026-06-24 11:18:46.389,39.30068,False,19.12773,0.7489787,-9.237601,-0.1014002,0.02489762,-0.115447,0.9878108,0.07260098,0.1945797,0.9781962,False,-1,-1,0,0,0,-1
2026-06-24 11:18:46.433,39.34475,False,19.12924,0.7487033,-9.237649,-0.09726068,0.02576423,-0.118024,0.9879003,0.07386316,0.1860861,0.9797531,False,-1,-1,0,0,0,-1
2026-06-24 11:18:46.477,39.38907,False,19.13017,0.7482619,-9.236772,-0.09369769,0.0268845,-0.1194601,0.9880422,0.07551232,0.1787313,0.980996,False,-1,-1,0,0,0,-1
2026-06-24 11:18:46.522,39.43412,False,19.13094,0.7477171,-9.235921,-0.09113546,0.02724979,-0.1200825,0.9881963,0.07574382,0.173575,0.9819036,False,-1,-1,0,0,0,-1
2026-06-24 11:18:46.566,39.47831,False,19.13114,0.7474773,-9.234791,-0.08974729,0.02711856,-0.1212515,0.9881843,0.07536027,0.1707974,0.98242,False,-1,-1,0,0,0,-1
2026-06-24 11:18:46.611,39.52254,False,19.13192,0.7472904,-9.234336,-0.08860959,0.02775552,-0.1214368,0.9882465,0.07637952,0.1683952,0.982756,False,-1,-1,0,0,0,-1
2026-06-24 11:18:46.644,39.55592,False,19.13261,0.7469158,-9.233939,-0.08746377,0.02801119,-0.122027,0.9882686,0.07671104,0.1660391,0.9831309,False,-1,-1,0,0,0,-1
2026-06-24 11:18:46.678,39.59003,False,19.13331,0.7467545,-9.233516,-0.0857043,0.02939737,-0.1227299,0.9882955,0.07914355,0.1621865,0.9835811,False,-1,-1,0,0,0,-1
2026-06-24 11:18:46.723,39.63433,False,19.1339,0.7462113,-9.232543,-0.08432664,0.03066814,-0.1228663,0.9883584,0.08134403,0.1591537,0.983897,False,-1,-1,0,0,0,-1
2026-06-24 11:18:46.767,39.67814,False,19.13462,0.7457269,-9.231657,-0.08261777,0.0320388,-0.1233857,0.9883946,0.08372164,0.1554117,0.9842957,False,-1,-1,0,0,0,-1
2026-06-24 11:18:46.811,39.72252,False,19.13496,0.7453761,-9.230745,-0.08077218,0.03373636,-0.123257,0.9885067,0.08660872,0.1513712,0.9846754,False,-1,-1,0,0,0,-1
2026-06-24 11:18:46.845,39.75611,False,19.13518,0.7450418,-9.229989,-0.07910267,0.03482617,-0.1235353,0.9885691,0.0884001,0.1477924,0.9850598,False,-1,-1,0,0,0,-1
2026-06-24 11:18:46.896,39.80184,False,19.13571,0.7447031,-9.228909,-0.0762933,0.03536191,-0.1235967,0.9887632,0.08878832,0.1421308,0.9858577,False,-1,-1,0,0,0,-1
2026-06-24 11:18:46.940,39.84354,False,19.13663,0.7442535,-9.226626,-0.07056531,0.03528231,-0.1226373,0.9893107,0.08711822,0.1309682,0.9875514,False,-1,-1,0,0,0,-1
2026-06-24 11:18:46.980,39.88456,False,19.13784,0.744347,-9.222879,-0.05933208,0.03267259,-0.1188624,0.9905978,0.0788355,0.1097814,0.9908244,False,-1,-1,0,0,0,-1
2026-06-24 11:18:47.029,39.9351,False,19.13966,0.7459862,-9.213176,-0.03327511,0.02747697,-0.1167255,0.9922263,0.06229485,0.05961835,0.9962755,False,-1,-1,0,0,0,-1
2026-06-24 11:18:47.068,39.97161,False,19.14242,0.7474926,-9.202961,-0.007063985,0.03141268,-0.1201006,0.9922395,0.06403457,0.006472967,0.9979267,False,-1,-1,0,0,0,-1
2026-06-24 11:18:47.111,40.01489,False,19.14651,0.749405,-9.19081,0.02359807,0.04011664,-0.1211083,0.9915476,0.07383927,-0.05651414,0.9956676,False,-1,-1,0,0,0,-1
2026-06-24 11:18:47.159,40.06216,False,19.15299,0.7510689,-9.178797,0.05936262,0.04962441,-0.1253756,0.9890877,0.08328054,-0.1298731,0.988027,False,-1,-1,0,0,0,-1
2026-06-24 11:18:47.199,40.10277,False,19.16095,0.7529603,-9.167957,0.09671205,0.05832645,-0.1202749,0.9862955,0.09179015,-0.2048037,0.9744896,False,-1,-1,0,0,0,-1
2026-06-24 11:18:47.244,40.14846,False,19.1709,0.7546256,-9.159473,0.1323214,0.06757208,-0.1178273,0.9818563,0.10151,-0.2757648,0.9558501,False,-1,-1,0,0,0,-1
2026-06-24 11:18:47.288,40.19158,False,19.18204,0.7556391,-9.154329,0.1562286,0.06683297,-0.1094041,0.9793655,0.09672371,-0.3206334,0.942252,False,-1,-1,0,0,0,-1
2026-06-24 11:18:47.336,40.24078,False,19.1939,0.7571642,-9.150105,0.1806672,0.07432881,-0.1141076,0.9740708,0.103572,-0.3689283,0.9236692,False,-1,-1,0,0,0,-1
2026-06-24 11:18:47.375,40.27885,False,19.20678,0.7590662,-9.146785,0.2025261,0.08548326,-0.1279241,0.9671149,0.1135283,-0.4136027,0.9033516,False,-1,-1,0,0,0,-1
2026-06-24 11:18:47.421,40.32445,False,19.21851,0.7618771,-9.145776,0.2172921,0.09389076,-0.1435279,0.9609206,0.1180682,-0.4445527,0.8879374,False,-1,-1,0,0,0,-1
2026-06-24 11:18:47.475,40.37757,False,19.2284,0.7642714,-9.146568,0.232219,0.09846142,-0.1599139,0.9543622,0.1136656,-0.4747327,0.8727594,False,-1,-1,0,0,0,-1
2026-06-24 11:18:47.516,40.42004,False,19.23717,0.7665125,-9.146996,0.2450234,0.104645,-0.1710135,0.9485607,0.1147197,-0.5006305,0.8580259,False,-1,-1,0,0,0,-1
2026-06-24 11:18:47.559,40.46222,False,19.24662,0.7692639,-9.148327,0.2514347,0.1078447,-0.1734626,0.9460766,0.1168296,-0.513167,0.8503003,False,-1,-1,0,0,0,-1
2026-06-24 11:18:47.599,40.50387,False,19.25664,0.772357,-9.150075,0.2519764,0.1169114,-0.1697411,0.9455304,0.1355451,-0.516192,0.8456793,False,-1,-1,0,0,0,-1
2026-06-24 11:18:47.654,40.55589,False,19.26514,0.7762961,-9.151326,0.2337862,0.1269324,-0.1605497,0.9505031,0.1662306,-0.4851869,0.8584644,False,-1,-1,0,0,0,-1
2026-06-24 11:18:47.690,40.59319,False,19.27236,0.7795643,-9.152659,0.2110371,0.1404514,-0.1473467,0.9560469,0.2063649,-0.4449129,0.8714735,False,-1,-1,0,0,0,-1
2026-06-24 11:18:47.731,40.63568,False,19.27809,0.7813814,-9.155457,0.1900896,0.1595593,-0.1277803,0.9602494,0.257854,-0.405844,0.8768135,False,-1,-1,0,0,0,-1
2026-06-24 11:18:47.781,40.68673,False,19.281,0.7835557,-9.158857,0.1687331,0.1754045,-0.1089783,0.9637874,0.3013288,-0.3634763,0.8815247,False,-1,-1,0,0,0,-1
2026-06-24 11:18:47.819,40.72561,False,19.28274,0.7851889,-9.160218,0.151371,0.1892309,-0.0924034,0.9657847,0.3375382,-0.3273547,0.882557,False,-1,-1,0,0,0,-1
2026-06-24 11:18:47.863,40.76874,False,19.28326,0.7861313,-9.161744,0.1320381,0.1959089,-0.0746982,0.9688168,0.3598736,-0.2851095,0.8883713,False,-1,-1,0,0,0,-1
2026-06-24 11:18:47.911,40.81483,False,19.2799,0.7866096,-9.16178,0.1124047,0.201794,-0.05468468,0.9714186,0.3797591,-0.2404541,0.8932887,False,-1,-1,0,0,0,-1
2026-06-24 11:18:47.955,40.85889,False,19.27673,0.7877412,-9.161362,0.0945432,0.2057869,-0.03374702,0.9734344,0.394259,-0.1979526,0.8974267,False,-1,-1,0,0,0,-1
2026-06-24 11:18:47.996,40.90134,False,19.2719,0.7887479,-9.159902,0.07552709,0.2104877,-0.02008976,0.9744676,0.4071922,-0.1556547,0.8999812,False,-1,-1,0,0,0,-1
2026-06-24 11:18:48.042,40.94607,False,19.26619,0.7885376,-9.158448,0.05333898,0.220309,-0.01597461,0.9738397,0.4273871,-0.1109259,0.8972378,False,-1,-1,0,0,0,-1
2026-06-24 11:18:48.091,40.9929,False,19.25993,0.7881707,-9.157125,0.03562953,0.2317393,-0.02076372,0.9719034,0.4489768,-0.07888046,0.8900549,False,-1,-1,0,0,0,-1
2026-06-24 11:18:48.132,41.03624,False,19.25256,0.7852882,-9.157502,0.02214626,0.2377127,-0.0374428,0.9703609,0.4596758,-0.06078099,0.8860044,False,-1,-1,0,0,0,-1
2026-06-24 11:18:48.178,41.08134,False,19.24678,0.7834402,-9.156809,0.00129491,0.2444138,-0.04636426,0.9685611,0.4733393,-0.02517253,0.8805204,False,-1,-1,0,0,0,-1
2026-06-24 11:18:48.219,41.12225,False,19.24324,0.7832009,-9.156315,-0.01007544,0.2467936,-0.04505731,0.9679676,0.4786843,-0.002734311,0.8779829,False,-1,-1,0,0,0,-1
2026-06-24 11:18:48.263,41.16853,False,19.23699,0.7827383,-9.156236,-0.02406772,0.243635,-0.04326485,0.9686025,0.4740535,0.02554245,0.8801255,False,-1,-1,0,0,0,-1
2026-06-24 11:18:48.305,41.20977,False,19.2309,0.7822021,-9.155615,-0.03529133,0.2454686,-0.05256977,0.9673345,0.478611,0.04246859,0.8769994,False,-1,-1,0,0,0,-1
2026-06-24 11:18:48.341,41.24508,False,19.22728,0.7810387,-9.155403,-0.03926469,0.2471663,-0.05780817,0.9664499,0.4822873,0.04731824,0.8747342,False,-1,-1,0,0,0,-1
2026-06-24 11:18:48.381,41.28477,False,19.22404,0.7784715,-9.155678,-0.04033132,0.2493209,-0.06612163,0.9653189,0.4866818,0.04489416,0.872425,False,-1,-1,0,0,0,-1
2026-06-24 11:18:48.423,41.32787,False,19.22166,0.7745261,-9.15802,-0.03979095,0.253344,-0.07075847,0.963964,0.4940601,0.04086163,0.868467,False,-1,-1,0,0,0,-1
2026-06-24 11:18:48.462,41.36677,False,19.21954,0.7707845,-9.159503,-0.04110912,0.2499949,-0.07028676,0.9648173,0.4881777,0.04418292,0.8716252,False,-1,-1,0,0,0,-1
2026-06-24 11:18:48.503,41.40565,False,19.21658,0.7664221,-9.161781,-0.04384464,0.2522193,-0.07135041,0.9640395,0.4925554,0.04854403,0.8689261,False,-1,-1,0,0,0,-1
2026-06-24 11:18:48.538,41.44319,False,19.21403,0.7636039,-9.163679,-0.04987356,0.2501339,-0.06594165,0.9646748,0.4891732,0.06323506,0.8698913,False,-1,-1,0,0,0,-1
2026-06-24 11:18:48.587,41.48986,False,19.20993,0.7604148,-9.165933,-0.0620333,0.2427978,-0.05363316,0.9666047,0.4760331,0.09387933,0.8744022,False,-1,-1,0,0,0,-1
2026-06-24 11:18:48.627,41.53111,False,19.20499,0.7578812,-9.168652,-0.07622154,0.2300738,-0.04810335,0.9689904,0.4532116,0.1255812,0.8825126,False,-1,-1,0,0,0,-1
2026-06-24 11:18:48.664,41.56988,False,19.19874,0.7563334,-9.17093,-0.08854592,0.2152603,-0.05055063,0.9712195,0.427082,0.150232,0.8916453,False,-1,-1,0,0,0,-1
2026-06-24 11:18:48.705,41.60777,False,19.19339,0.7565748,-9.17196,-0.09393263,0.2145501,-0.05086597,0.970854,0.4261495,0.1605632,0.8902898,False,-1,-1,0,0,0,-1
2026-06-24 11:18:48.747,41.65199,False,19.18845,0.7603726,-9.173487,-0.09728626,0.2166075,-0.05327217,0.9699374,0.4305567,0.1656449,0.8872331,False,-1,-1,0,0,0,-1
2026-06-24 11:18:48.788,41.69284,False,19.18052,0.7648737,-9.175579,-0.09372957,0.2248838,-0.07080088,0.9672793,0.4483232,0.1494814,0.8812841,False,-1,-1,0,0,0,-1
2026-06-24 11:18:48.824,41.73489,False,19.1737,0.7666544,-9.176252,-0.08471226,0.2245258,-0.06948462,0.9682892,0.4465842,0.1328498,0.884824,False,-1,-1,0,0,0,-1
2026-06-24 11:18:48.862,41.7733,False,19.16767,0.7681814,-9.176941,-0.07059108,0.2444851,-0.03660538,0.9663871,0.4777024,0.1185377,0.8704879,False,-1,-1,0,0,0,-1
2026-06-24 11:18:48.906,41.8178,False,19.16271,0.770555,-9.177593,-0.0633975,0.257231,-0.0232343,0.9639881,0.4988813,0.1102757,0.8596259,False,-1,-1,0,0,0,-1
2026-06-24 11:18:48.951,41.86235,False,19.15866,0.7734863,-9.177489,-0.06789995,0.269356,-0.01729349,0.9604883,0.5197752,0.121118,0.8456739,False,-1,-1,0,0,0,-1
2026-06-24 11:18:48.996,41.90696,False,19.15575,0.7745867,-9.178577,-0.07238812,0.288384,-0.007840674,0.9547425,0.5518,0.1337018,0.8231893,False,-1,-1,0,0,0,-1
2026-06-24 11:18:49.039,41.9509,False,19.15288,0.7729482,-9.179773,-0.08014148,0.2983675,-0.00701832,0.9510547,0.5686526,0.1482498,0.8091084,False,-1,-1,0,0,0,-1
2026-06-24 11:18:49.083,41.99517,False,19.15118,0.7712302,-9.181538,-0.09156067,0.3062473,-0.008837137,0.9474974,0.5819552,0.1680943,0.7956585,False,-1,-1,0,0,0,-1
2026-06-24 11:18:49.128,42.03994,False,19.15053,0.7704725,-9.183472,-0.1038871,0.3081385,-0.01812239,0.9454786,0.5864421,0.1852776,0.7885162,False,-1,-1,0,0,0,-1
2026-06-24 11:18:49.173,42.08508,False,19.15025,0.7696564,-9.185229,-0.1098832,0.3052066,-0.03117339,0.9454115,0.5839425,0.188741,0.7895492,False,-1,-1,0,0,0,-1
2026-06-24 11:18:49.219,42.13032,False,19.15115,0.7700105,-9.18738,-0.1116396,0.2984535,-0.03911288,0.9470651,0.5740429,0.1881131,0.7969242,False,-1,-1,0,0,0,-1
2026-06-24 11:18:49.264,42.1759,False,19.15157,0.7698534,-9.188239,-0.106909,0.2892303,-0.03754126,0.9505298,0.5578712,0.1815242,0.8098326,False,-1,-1,0,0,0,-1
2026-06-24 11:18:49.298,42.20981,False,19.15187,0.7691793,-9.188745,-0.1027958,0.2818636,-0.03536091,0.9532762,0.5446576,0.1760517,0.8199719,False,-1,-1,0,0,0,-1
2026-06-24 11:18:49.343,42.25443,False,19.15141,0.7685484,-9.188872,-0.09900878,0.2719187,-0.03380061,0.9566165,0.5269368,0.1710448,0.832515,False,-1,-1,0,0,0,-1
2026-06-24 11:18:49.392,42.30378,False,19.15085,0.7682902,-9.188365,-0.09978663,0.2679309,-0.03672744,0.9575525,0.5204456,0.1714211,0.8365113,False,-1,-1,0,0,0,-1
2026-06-24 11:18:49.445,42.3511,False,19.15014,0.7684239,-9.187555,-0.1036448,0.266277,-0.0402233,0.9574636,0.518239,0.1770513,0.8367086,False,-1,-1,0,0,0,-1
2026-06-24 11:18:49.485,42.38919,False,19.14986,0.7686567,-9.187445,-0.1050689,0.2685131,-0.03857299,0.9567515,0.5219061,0.1803349,0.8337225,False,-1,-1,0,0,0,-1
2026-06-24 11:18:49.531,42.43578,False,19.14981,0.7688356,-9.187207,-0.1043411,0.2726467,-0.03313981,0.9558653,0.5281428,0.1814012,0.8295534,False,-1,-1,0,0,0,-1
2026-06-24 11:18:49.570,42.47628,False,19.1506,0.7688146,-9.186861,-0.1007147,0.2783881,-0.02845962,0.9547495,0.5373144,0.176469,0.8247132,False,-1,-1,0,0,0,-1
2026-06-24 11:18:49.610,42.51524,False,19.1511,0.7686682,-9.186313,-0.0967004,0.2851715,-0.02868757,0.9531544,0.5491732,0.1679791,0.8186525,False,-1,-1,0,0,0,-1
2026-06-24 11:18:49.654,42.55656,False,19.15153,0.7684246,-9.186024,-0.09498791,0.2894321,-0.03246183,0.9519205,0.5571996,0.1620509,0.8144127,False,-1,-1,0,0,0,-1
2026-06-24 11:18:49.708,42.61129,False,19.15223,0.768079,-9.185766,-0.09364283,0.2952451,-0.03636179,0.9501259,0.5678501,0.1564737,0.8081227,False,-1,-1,0,0,0,-1
2026-06-24 11:18:49.748,42.65199,False,19.15262,0.7678365,-9.185661,-0.09373716,0.2974412,-0.03731659,0.9493943,0.5717738,0.1557881,0.8054842,False,-1,-1,0,0,0,-1
2026-06-24 11:18:49.791,42.69495,False,19.1528,0.7676912,-9.185516,-0.09415115,0.2965008,-0.03630131,0.9496868,0.5700014,0.1573015,0.8064457,False,-1,-1,0,0,0,-1
2026-06-24 11:18:49.840,42.74397,False,19.15296,0.7676156,-9.185,-0.0952004,0.2928093,-0.03638195,0.9507239,0.5636888,0.1597126,0.8103992,False,-1,-1,0,0,0,-1
2026-06-24 11:18:49.882,42.78704,False,19.15273,0.7674879,-9.185281,-0.09583662,0.288826,-0.03754195,0.9518327,0.5570238,0.1607547,0.8147898,False,-1,-1,0,0,0,-1
2026-06-24 11:18:49.927,42.82905,False,19.15275,0.767315,-9.185741,-0.09579239,0.2847086,-0.03796937,0.9530599,0.5499631,0.1609714,0.8195297,False,-1,-1,0,0,0,-1
2026-06-24 11:18:49.969,42.87549,False,19.15261,0.7674093,-9.185688,-0.09568915,0.2815681,-0.03801381,0.954001,0.5445076,0.1611681,0.823126,False,-1,-1,0,0,0,-1
2026-06-24 11:18:50.020,42.92418,False,19.1524,0.7676226,-9.186363,-0.09653436,0.2796006,-0.03824221,0.9544853,0.5411326,0.1628962,0.8250093,False,-1,-1,0,0,0,-1
2026-06-24 11:18:50.058,42.96297,False,19.15203,0.7676737,-9.186971,-0.09781293,0.2786943,-0.038638,0.9546042,0.5396441,0.1652089,0.8255242,False,-1,-1,0,0,0,-1
2026-06-24 11:18:50.102,43.00476,False,19.15196,0.7678956,-9.187342,-0.09837791,0.2788434,-0.03793642,0.9545308,0.5397934,0.1666528,0.8251363,False,-1,-1,0,0,0,-1
2026-06-24 11:18:50.144,43.04805,False,19.15171,0.7678708,-9.187571,-0.09825364,0.2798151,-0.03669862,0.9543076,0.541271,0.1669907,0.8240994,False,-1,-1,0,0,0,-1
2026-06-24 11:18:50.187,43.09155,False,19.15154,0.7681586,-9.187764,-0.0979295,0.28207,-0.03621221,0.9536955,0.5451102,0.1663611,0.8216927,False,-1,-1,0,0,0,-1
2026-06-24 11:18:50.233,43.13717,False,19.1517,0.7681591,-9.187765,-0.09750121,0.2843897,-0.03582477,0.9530649,0.5490696,0.1654736,0.819232,False,-1,-1,0,0,0,-1
2026-06-24 11:18:50.278,43.18118,False,19.15169,0.7682536,-9.187261,-0.09688831,0.28655,-0.03511706,0.9525065,0.5526863,0.1644479,0.8170035,False,-1,-1,0,0,0,-1
2026-06-24 11:18:50.327,43.23068,False,19.1518,0.7683486,-9.186616,-0.09546274,0.2877705,-0.03467768,0.9522986,0.5547076,0.1618596,0.8161501,False,-1,-1,0,0,0,-1
2026-06-24 11:18:50.372,43.27609,False,19.15232,0.7680222,-9.186193,-0.09336704,0.2880664,-0.0348372,0.952411,0.5552204,0.1577767,0.8166007,False,-1,-1,0,0,0,-1
2026-06-24 11:18:50.412,43.3164,False,19.15284,0.7676684,-9.185352,-0.09151475,0.2880333,-0.03539104,0.9525804,0.5552273,0.1539627,0.8173237,False,-1,-1,0,0,0,-1
2026-06-24 11:18:50.453,43.3571,False,19.15376,0.7673373,-9.184823,-0.09025065,0.2871582,-0.03588566,0.9529466,0.5537702,0.1513984,0.81879,False,-1,-1,0,0,0,-1
2026-06-24 11:18:50.504,43.40804,False,19.15495,0.7669449,-9.184548,-0.08993275,0.2866761,-0.0367331,0.9530895,0.553063,0.1503669,0.8194578,False,-1,-1,0,0,0,-1
2026-06-24 11:18:50.547,43.45212,False,19.15546,0.7665933,-9.183883,-0.08986444,0.2859012,-0.0379235,0.9532821,0.551905,0.1496476,0.8203697,False,-1,-1,0,0,0,-1
2026-06-24 11:18:50.590,43.49304,False,19.15636,0.7663103,-9.183584,-0.08922166,0.2851229,-0.03912891,0.9535268,0.5507269,0.1478374,0.8214889,False,-1,-1,0,0,0,-1
2026-06-24 11:18:50.637,43.54114,False,19.15716,0.7660732,-9.183458,-0.08823811,0.2842642,-0.04012455,0.9538333,0.5493624,0.1455169,0.8228158,False,-1,-1,0,0,0,-1
2026-06-24 11:18:50.679,43.58246,False,19.1578,0.7660168,-9.183561,-0.08757942,0.2843227,-0.04091139,0.9538431,0.5495644,0.14381,0.8229809,False,-1,-1,0,0,0,-1
2026-06-24 11:18:50.724,43.6278,False,19.15828,0.7658916,-9.183622,-0.08835468,0.2849649,-0.04172152,0.9535449,0.5508261,0.144722,0.821977,False,-1,-1,0,0,0,-1
2026-06-24 11:18:50.762,43.66847,False,19.15861,0.765834,-9.18393,-0.09019354,0.2862064,-0.04231943,0.9529743,0.5531286,0.1476801,0.819902,False,-1,-1,0,0,0,-1
2026-06-24 11:18:50.811,43.71546,False,19.15871,0.7657717,-9.184188,-0.09133378,0.2877992,-0.04196703,0.9524015,0.5558668,0.1498167,0.8176595,False,-1,-1,0,0,0,-1
2026-06-24 11:18:50.839,43.75129,False,19.15864,0.7659159,-9.184921,-0.09127381,0.2891948,-0.04186652,0.9519888,0.5582631,0.1495681,0.8160709,False,-1,-1,0,0,0,-1
2026-06-24 11:18:50.884,43.79573,False,19.1584,0.7660818,-9.185928,-0.09103651,0.2905591,-0.04200718,0.9515898,0.5606345,0.1488477,0.8145756,False,-1,-1,0,0,0,-1
2026-06-24 11:18:50.929,43.83963,False,19.15827,0.7661463,-9.18632,-0.09216569,0.2913345,-0.04249259,0.9512225,0.5620805,0.150581,0.8132594,False,-1,-1,0,0,0,-1
2026-06-24 11:18:50.973,43.88412,False,19.158,0.7661318,-9.186878,-0.09341257,0.2916775,-0.0420684,0.9510145,0.5626385,0.1531326,0.8123967,False,-1,-1,0,0,0,-1
2026-06-24 11:18:51.006,43.91753,False,19.15767,0.7662693,-9.187469,-0.09436093,0.2921257,-0.041394,0.9508129,0.5633257,0.1552547,0.8115172,False,-1,-1,0,0,0,-1
2026-06-24 11:18:51.040,43.95121,False,19.15745,0.7663936,-9.187869,-0.09497878,0.2920537,-0.04124634,0.9507799,0.5631927,0.1565155,0.8113673,False,-1,-1,0,0,0,-1
2026-06-24 11:18:51.084,43.99569,False,19.15776,0.7663978,-9.188306,-0.09586225,0.2923852,-0.04180256,0.9505651,0.5638768,0.1578017,0.8106427,False,-1,-1,0,0,0,-1
2026-06-24 11:18:51.118,44.02932,False,19.15781,0.7665723,-9.188952,-0.09667221,0.2926953,-0.04215454,0.950372,0.5644891,0.1590723,0.8099679,False,-1,-1,0,0,0,-1
2026-06-24 11:18:51.151,44.06271,False,19.15803,0.7661729,-9.189388,-0.09715042,0.2931863,-0.04231011,0.950165,0.5653716,0.1598084,0.8092071,False,-1,-1,0,0,0,-1
2026-06-24 11:18:51.184,44.09619,False,19.15828,0.7663677,-9.18985,-0.09773364,0.2934158,-0.04271126,0.9500164,0.5658482,0.1606328,0.8087106,False,-1,-1,0,0,0,-1
2026-06-24 11:18:51.219,44.1301,False,19.15831,0.7664891,-9.190145,-0.09791005,0.2934197,-0.04332781,0.9499691,0.5659639,0.1605966,0.808637,False,-1,-1,0,0,0,-1
2026-06-24 11:18:51.254,44.16605,False,19.15861,0.7663985,-9.190742,-0.09765787,0.293184,-0.04435773,0.9500203,0.5657252,0.159544,0.8090122,False,-1,-1,0,0,0,-1
2026-06-24 11:18:51.297,44.20885,False,19.15904,0.7665396,-9.191506,-0.09725375,0.2931949,-0.04697848,0.9499324,0.5661683,0.1572213,0.809157,False,-1,-1,0,0,0,-1
2026-06-24 11:18:51.342,44.25319,False,19.15943,0.7663795,-9.192344,-0.09741956,0.2937372,-0.05150252,0.9495133,0.5678493,0.1547459,0.8084558,False,-1,-1,0,0,0,-1
2026-06-24 11:18:51.387,44.29796,False,19.15958,0.7664044,-9.193079,-0.09777437,0.2950472,-0.05584201,0.9488251,0.5708162,0.1525895,0.8067747,False,-1,-1,0,0,0,-1
2026-06-24 11:18:51.420,44.33152,False,19.15976,0.7664827,-9.194586,-0.09763779,0.2974699,-0.06060687,0.9477897,0.5757129,0.1490228,0.803957,False,-1,-1,0,0,0,-1
2026-06-24 11:18:51.464,44.37593,False,19.16,0.7666491,-9.197269,-0.09642915,0.3029039,-0.06886422,0.945626,0.5861486,0.1406533,0.7979013,False,-1,-1,0,0,0,-1
2026-06-24 11:18:51.509,44.42064,False,19.16039,0.7666032,-9.20056,-0.09489943,0.3107389,-0.08091073,0.9422786,0.6009619,0.1285592,0.7888709,False,-1,-1,0,0,0,-1
2026-06-24 11:18:51.542,44.45423,False,19.16064,0.766546,-9.203541,-0.09413598,0.3174333,-0.09167977,0.9391322,0.6134844,0.1186078,0.780749,False,-1,-1,0,0,0,-1
2026-06-24 11:18:51.577,44.48861,False,19.16116,0.766519,-9.207098,-0.09331151,0.3248636,-0.1005308,0.9357618,0.6267512,0.1093171,0.7715132,False,-1,-1,0,0,0,-1
2026-06-24 11:18:51.621,44.53234,False,19.16175,0.7665707,-9.21257,-0.09339833,0.3352736,-0.1099427,0.9310107,0.6448236,0.1001879,0.7577368,False,-1,-1,0,0,0,-1
2026-06-24 11:18:51.665,44.57644,False,19.16262,0.7664068,-9.218591,-0.09621733,0.3447487,-0.1178831,0.9262797,0.6613523,0.09696823,0.7437811,False,-1,-1,0,0,0,-1
2026-06-24 11:18:51.710,44.62077,False,19.1633,0.7660897,-9.225117,-0.1009707,0.3536826,-0.1228656,0.921747,0.6768234,0.09922794,0.7294271,False,-1,-1,0,0,0,-1
2026-06-24 11:18:51.742,44.65448,False,19.16392,0.7658237,-9.229687,-0.1058399,0.3587334,-0.1250779,0.9189471,0.6857905,0.1047833,0.7202165,False,-1,-1,0,0,0,-1
2026-06-24 11:18:51.776,44.6879,False,19.16429,0.7656325,-9.233902,-0.1121183,0.3619663,-0.1276584,0.9165769,0.6921655,0.1131141,0.7128198,False,-1,-1,0,0,0,-1
2026-06-24 11:18:51.820,44.73199,False,19.16463,0.7654375,-9.23917,-0.1213467,0.3633928,-0.13112,0.9143457,0.6963553,0.1266096,0.7064413,False,-1,-1,0,0,0,-1
2026-06-24 11:18:51.854,44.76617,False,19.1645,0.7652225,-9.242846,-0.1287986,0.3620259,-0.1334593,0.9135299,0.6958218,0.1386912,0.7046962,False,-1,-1,0,0,0,-1
2026-06-24 11:18:51.899,44.80954,False,19.16404,0.7651969,-9.246887,-0.137429,0.356813,-0.1354252,0.9140338,0.689501,0.1545865,0.7075955,False,-1,-1,0,0,0,-1
2026-06-24 11:18:51.932,44.84359,False,19.1638,0.765166,-9.249215,-0.1417533,0.3510513,-0.1358313,0.9155429,0.6813142,0.1641949,0.713338,False,-1,-1,0,0,0,-1
2026-06-24 11:18:51.976,44.87842,False,19.16341,0.7652549,-9.250889,-0.1449226,0.3443197,-0.1357255,0.9176165,0.6712462,0.1725009,0.7208828,False,-1,-1,0,0,0,-1
2026-06-24 11:18:52.023,44.92511,False,19.16237,0.7654516,-9.251623,-0.1482691,0.3355048,-0.1356737,0.9203507,0.6577966,0.1818807,0.7309057,False,-1,-1,0,0,0,-1
2026-06-24 11:18:52.070,44.97298,False,19.16241,0.7653301,-9.252022,-0.1496927,0.3305281,-0.1353357,0.9219694,0.6499912,0.1865597,0.7366865,False,-1,-1,0,0,0,-1
2026-06-24 11:18:52.115,45.01937,False,19.16238,0.7652112,-9.251275,-0.1501408,0.3247629,-0.1345873,0.9240526,0.64061,0.1900581,0.7439737,False,-1,-1,0,0,0,-1
2026-06-24 11:18:52.160,45.06384,False,19.16283,0.7652496,-9.249095,-0.1472714,0.3223909,-0.1351258,0.9252656,0.6363947,0.1854037,0.7487505,False,-1,-1,0,0,0,-1
2026-06-24 11:18:52.202,45.10551,False,19.16306,0.7652592,-9.246846,-0.1434562,0.324257,-0.135319,0.9251846,0.6388199,0.1776907,0.7485554,False,-1,-1,0,0,0,-1
2026-06-24 11:18:52.245,45.15026,False,19.16322,0.7651284,-9.2444,-0.1391409,0.3279606,-0.1341511,0.9247082,0.6438674,0.1693369,0.7461634,False,-1,-1,0,0,0,-1
2026-06-24 11:18:52.287,45.19041,False,19.1631,0.7653185,-9.241787,-0.1347316,0.3322504,-0.1331145,0.9239792,0.6498543,0.1605237,0.7429142,False,-1,-1,0,0,0,-1
2026-06-24 11:18:52.330,45.23448,False,19.16278,0.7654197,-9.239197,-0.1298384,0.3359514,-0.1313001,0.9236012,0.6546657,0.1516169,0.7405573,False,-1,-1,0,0,0,-1
2026-06-24 11:18:52.380,45.28402,False,19.16235,0.765546,-9.23683,-0.1250398,0.3387353,-0.1292824,0.923531,0.6579961,0.1433713,0.7392468,False,-1,-1,0,0,0,-1
2026-06-24 11:18:52.420,45.32596,False,19.16183,0.7659146,-9.234661,-0.1212177,0.3406363,-0.1270301,0.9236539,0.6600566,0.1373843,0.7385464,False,-1,-1,0,0,0,-1
2026-06-24 11:18:52.463,45.36881,False,19.16102,0.7661799,-9.232571,-0.1183466,0.3418656,-0.1245907,0.9239044,0.6611921,0.1334954,0.7382439,False,-1,-1,0,0,0,-1
2026-06-24 11:18:52.504,45.41056,False,19.16032,0.7662656,-9.230682,-0.116156,0.3423657,-0.1224509,0.9242831,0.6613325,0.130876,0.738587,False,-1,-1,0,0,0,-1
2026-06-24 11:18:52.555,45.45933,False,19.15994,0.7664669,-9.229545,-0.1149975,0.3423061,-0.1215427,0.9245699,0.660926,0.1294369,0.7392042,False,-1,-1,0,0,0,-1
2026-06-24 11:18:52.597,45.50136,False,19.15955,0.7662307,-9.228139,-0.1142407,0.3413507,-0.1211607,0.9250669,0.6592276,0.128644,0.7408575,False,-1,-1,0,0,0,-1
2026-06-24 11:18:52.644,45.54806,False,19.15945,0.7661524,-9.227636,-0.113903,0.3404154,-0.1205392,0.9255343,0.6575919,0.1287755,0.7422869,False,-1,-1,0,0,0,-1
2026-06-24 11:18:52.692,45.59495,False,19.15983,0.7662591,-9.227424,-0.1142233,0.3389289,-0.1200849,0.9260992,0.6551967,0.1301637,0.7441604,False,-1,-1,0,0,0,-1
2026-06-24 11:18:52.737,45.63995,False,19.16011,0.7662714,-9.227175,-0.1147649,0.3370262,-0.120021,0.9267348,0.6522161,0.1318129,0.7464848,False,-1,-1,0,0,0,-1
2026-06-24 11:18:52.777,45.68208,False,19.16,0.7662212,-9.226941,-0.1154467,0.3350182,-0.1192781,0.9274738,0.6489816,0.1342269,0.7488698,False,-1,-1,0,0,0,-1
2026-06-24 11:18:52.821,45.72302,False,19.1599,0.7663754,-9.226587,-0.1162779,0.3331785,-0.1171532,0.9283032,0.6458259,0.1378165,0.7509431,False,-1,-1,0,0,0,-1
2026-06-24 11:18:52.864,45.7685,False,19.15976,0.7665972,-9.226622,-0.1183136,0.330572,-0.1133561,0.9294485,0.6413225,0.144988,0.7534481,False,-1,-1,0,0,0,-1
2026-06-24 11:18:52.904,45.80851,False,19.15941,0.7668379,-9.226613,-0.1199328,0.3289291,-0.1112806,0.9300744,0.6385494,0.1498861,0.7548436,False,-1,-1,0,0,0,-1
2026-06-24 11:18:52.945,45.85083,False,19.15887,0.7669582,-9.226456,-0.1209057,0.3272214,-0.1080504,0.9309313,0.6353691,0.154397,0.756616,False,-1,-1,0,0,0,-1
2026-06-24 11:18:52.987,45.89053,False,19.15814,0.7673166,-9.226376,-0.1205702,0.3256203,-0.1048682,0.9318997,0.6321789,0.1564242,0.7588685,False,-1,-1,0,0,0,-1
2026-06-24 11:18:53.031,45.93452,False,19.1574,0.7676178,-9.226064,-0.119422,0.3245944,-0.1024201,0.9326773,0.6299461,0.1562745,0.7607537,False,-1,-1,0,0,0,-1
2026-06-24 11:18:53.078,45.97756,False,19.15683,0.7676635,-9.225925,-0.1191471,0.3248699,-0.1017741,0.9326873,0.6302562,0.1561273,0.7605271,False,-1,-1,0,0,0,-1
2026-06-24 11:18:53.118,46.02202,False,19.15657,0.767745,-9.225677,-0.1189188,0.3253815,-0.1010885,0.9326127,0.6309525,0.1560257,0.7599704,False,-1,-1,0,0,0,-1
2026-06-24 11:18:53.170,46.07186,False,19.1566,0.767705,-9.225324,-0.1185395,0.3266153,-0.1009249,0.9322473,0.6328996,0.1550891,0.7585417,False,-1,-1,0,0,0,-1
2026-06-24 11:18:53.210,46.11409,False,19.15667,0.7678403,-9.225184,-0.1175646,0.3285446,-0.1003859,0.9317509,0.635847,0.1531194,0.7564741,False,-1,-1,0,0,0,-1
2026-06-24 11:18:53.248,46.15243,False,19.15697,0.7677286,-9.225096,-0.1167168,0.3297506,-0.1003043,0.9314401,0.6377003,0.1512786,0.7552834,False,-1,-1,0,0,0,-1
2026-06-24 11:18:53.289,46.19295,False,19.1572,0.7675161,-9.225117,-0.1159298,0.330831,-0.100943,0.9310863,0.639469,0.1490912,0.7542223,False,-1,-1,0,0,0,-1
2026-06-24 11:18:53.336,46.24077,False,19.15739,0.7675571,-9.225046,-0.1151288,0.3312465,-0.1009243,0.93104,0.6400461,0.1475174,0.7540422,False,-1,-1,0,0,0,-1
2026-06-24 11:18:53.378,46.28139,False,19.15778,0.7673581,-9.224923,-0.1147731,0.3307124,-0.1013083,0.931232,0.6391949,0.146753,0.7549129,False,-1,-1,0,0,0,-1
2026-06-24 11:18:53.418,46.32318,False,19.15838,0.7672065,-9.225273,-0.114971,0.3301851,-0.102035,0.9313154,0.638475,0.1467677,0.755519,False,-1,-1,0,0,0,-1
2026-06-24 11:18:53.456,46.35883,False,19.15865,0.7672969,-9.225583,-0.1155158,0.329159,-0.1029167,0.9315142,0.6370095,0.1474572,0.756621,False,-1,-1,0,0,0,-1
2026-06-24 11:18:53.520,46.42455,False,19.159,0.7669962,-9.225941,-0.11727,0.3275194,-0.1036898,0.9317872,0.6346761,0.1506204,0.7579576,False,-1,-1,0,0,0,-1
2026-06-24 11:18:53.586,46.48964,False,19.15946,0.7667979,-9.226351,-0.117427,0.3263347,-0.1036906,0.9321828,0.6327593,0.1512512,0.7594332,False,-1,-1,0,0,0,-1
2026-06-24 11:18:53.653,46.55563,False,19.16034,0.766766,-9.226632,-0.1161956,0.3259677,-0.1046919,0.9323536,0.6321639,0.1484185,0.7604873,False,-1,-1,0,0,0,-1
2026-06-24 11:18:53.692,46.59534,False,19.16059,0.766734,-9.22644,-0.1157545,0.3260782,-0.105061,0.9323283,0.6323465,0.1473262,0.7605478,False,-1,-1,0,0,0,-1
2026-06-24 11:18:53.753,46.65554,False,19.16073,0.7664959,-9.226211,-0.1157569,0.3271737,-0.1048769,0.9319649,0.6341093,0.1471368,0.7591154,False,-1,-1,0,0,0,-1
2026-06-24 11:18:53.786,46.69004,False,19.16095,0.7666255,-9.225995,-0.1155008,0.3280173,-0.104624,0.9317285,0.6354145,0.1465938,0.7581285,False,-1,-1,0,0,0,-1
2026-06-24 11:18:53.821,46.72363,False,19.16106,0.7665321,-9.225791,-0.1151118,0.3290186,-0.1044764,0.9314402,0.6369752,0.1456902,0.7569921,False,-1,-1,0,0,0,-1
2026-06-24 11:18:53.856,46.76039,False,19.16137,0.7665073,-9.225834,-0.1143512,0.3294166,-0.1045322,0.9313869,0.6375354,0.1441412,0.756817,False,-1,-1,0,0,0,-1
2026-06-24 11:18:53.909,46.82041,False,19.16188,0.7662478,-9.225801,-0.112897,0.331169,-0.1046454,0.93093,0.6402186,0.1408877,0.7551628,False,-1,-1,0,0,0,-1
2026-06-24 11:18:53.973,46.88392,False,19.1623,0.7661824,-9.225885,-0.1139233,0.3309933,-0.1069557,0.9306048,0.6404174,0.141232,0.7549298,False,-1,-1,0,0,0,-1
2026-06-24 11:18:54.009,46.92075,False,19.16216,0.7662267,-9.226156,-0.1143334,0.3298288,-0.1070955,0.9309519,0.6385987,0.1422315,0.7562817,False,-1,-1,0,0,0,-1
2026-06-24 11:18:54.072,46.98389,False,19.16287,0.7656813,-9.226388,-0.1148393,0.3281716,-0.1075179,0.9314265,0.6360301,0.1433601,0.7582306,False,-1,-1,0,0,0,-1
2026-06-24 11:18:54.117,47.02868,False,19.16344,0.7654795,-9.226357,-0.1149118,0.3273891,-0.1089973,0.9315209,0.6349897,0.1427164,0.7592233,False,-1,-1,0,0,0,-1
2026-06-24 11:18:54.163,47.07474,False,19.16404,0.7653604,-9.226715,-0.1154471,0.3266135,-0.1106299,0.9315346,0.6340473,0.1428195,0.7599912,False,-1,-1,0,0,0,-1
2026-06-24 11:18:54.206,47.11736,False,19.16453,0.7652544,-9.226941,-0.1157391,0.326786,-0.1110836,0.9313838,0.6344398,0.142994,0.7596307,False,-1,-1,0,0,0,-1
2026-06-24 11:18:54.251,47.16199,False,19.16489,0.7649959,-9.227114,-0.1162006,0.3271571,-0.1114606,0.931151,0.6351689,0.1434704,0.7589313,False,-1,-1,0,0,0,-1
2026-06-24 11:18:54.295,47.20655,False,19.16502,0.764923,-9.227386,-0.1162018,0.3279096,-0.1115678,0.9308733,0.6364133,0.14317,0.7579449,False,-1,-1,0,0,0,-1
2026-06-24 11:18:54.340,47.25173,False,19.16516,0.7649044,-9.227501,-0.1156808,0.3283156,-0.1116045,0.9307907,0.6370073,0.1420663,0.7576535,False,-1,-1,0,0,0,-1
2026-06-24 11:18:54.384,47.29624,False,19.16525,0.7651885,-9.227623,-0.1154057,0.3286769,-0.1115292,0.9307063,0.6375455,0.1415035,0.757306,False,-1,-1,0,0,0,-1
2026-06-24 11:18:54.437,47.34176,False,19.16494,0.7652565,-9.227524,-0.1159549,0.3284113,-0.1112237,0.9307684,0.6371435,0.1428001,0.757401,False,-1,-1,0,0,0,-1
2026-06-24 11:18:54.475,47.38657,False,19.16478,0.7651755,-9.227303,-0.1163033,0.3281922,-0.110782,0.9308549,0.6367672,0.1438074,0.7575269,False,-1,-1,0,0,0,-1
2026-06-24 11:18:54.527,47.43022,False,19.16465,0.7652206,-9.227333,-0.1158202,0.3275844,-0.1105384,0.9311581,0.635671,0.1432726,0.7585482,False,-1,-1,0,0,0,-1
2026-06-24 11:18:54.573,47.47677,False,19.16482,0.7650756,-9.227138,-0.1147529,0.326975,-0.1107983,0.9314735,0.634566,0.1413221,0.7598382,False,-1,-1,0,0,0,-1
2026-06-24 11:18:54.618,47.52236,False,19.16517,0.7651019,-9.226661,-0.1142133,0.3266622,-0.1114247,0.9315749,0.634073,0.14,0.7604942,False,-1,-1,0,0,0,-1
2026-06-24 11:18:54.665,47.56811,False,19.1653,0.7650031,-9.22664,-0.1136548,0.3264467,-0.1111882,0.931747,0.6336057,0.139201,0.7610303,False,-1,-1,0,0,0,-1
2026-06-24 11:18:54.706,47.61037,False,19.16561,0.7648666,-9.226521,-0.113813,0.325943,-0.1115521,0.9318604,0.632859,0.1393963,0.7616155,False,-1,-1,0,0,0,-1
2026-06-24 11:18:54.751,47.65394,False,19.16559,0.7649418,-9.226481,-0.1138828,0.3258875,-0.1119795,0.9318201,0.6328421,0.1392511,0.7616561,False,-1,-1,0,0,0,-1
2026-06-24 11:18:54.801,47.70513,False,19.16565,0.7647797,-9.226593,-0.113919,0.3260925,-0.1119155,0.9317516,0.6331731,0.1392989,0.7613722,False,-1,-1,0,0,0,-1
2026-06-24 11:18:54.842,47.74548,False,19.1656,0.7646222,-9.226619,-0.1139893,0.3260946,-0.1128929,0.9316244,0.6333326,0.138763,0.7613375,False,-1,-1,0,0,0,-1
2026-06-24 11:18:54.895,47.79998,False,19.1659,0.7646083,-9.226641,-0.1139728,0.3260571,-0.1138623,0.9315215,0.6334129,0.1380849,0.7613939,False,-1,-1,0,0,0,-1
2026-06-24 11:18:54.940,47.84446,False,19.16614,0.7644432,-9.226765,-0.1139868,0.3262144,-0.1132883,0.9315347,0.6335869,0.1384528,0.7611823,False,-1,-1,0,0,0,-1
2026-06-24 11:18:55.000,47.90524,False,19.16627,0.7644883,-9.226636,-0.1143828,0.3257618,-0.1140125,0.9315562,0.6330131,0.1388262,0.7615916,False,-1,-1,0,0,0,-1
2026-06-24 11:18:55.039,47.94341,False,19.16644,0.7644295,-9.22663,-0.1145863,0.3255767,-0.1145161,0.9315342,0.6328155,0.1389145,0.7617397,False,-1,-1,0,0,0,-1
2026-06-24 11:18:55.089,47.99352,False,19.16649,0.7643415,-9.226593,-0.1146135,0.3249997,-0.1145034,0.9317338,0.6318737,0.1391514,0.7624779,False,-1,-1,0,0,0,-1
2026-06-24 11:18:55.139,48.04387,False,19.16645,0.7642375,-9.2264,-0.1151081,0.3249532,-0.1147978,0.9316528,0.6319155,0.1398739,0.762311,False,-1,-1,0,0,0,-1
2026-06-24 11:18:55.188,48.09115,False,19.16642,0.7642772,-9.226461,-0.1150949,0.3251782,-0.1145602,0.9316052,0.632246,0.1399411,0.7620246,False,-1,-1,0,0,0,-1
2026-06-24 11:18:55.237,48.14216,False,19.1665,0.764179,-9.226557,-0.1144828,0.3255743,-0.1144506,0.9315558,0.6327865,0.1387699,0.7617902,False,-1,-1,0,0,0,-1
2026-06-24 11:18:55.281,48.18483,False,19.16658,0.7641402,-9.2264,-0.1134603,0.3262461,-0.1145264,0.9314365,0.6337436,0.1366345,0.7613804,False,-1,-1,0,0,0,-1
2026-06-24 11:18:55.320,48.22541,False,19.16665,0.7640736,-9.2262,-0.1124397,0.3266818,-0.1147372,0.9313816,0.6343329,0.1344835,0.7612726,False,-1,-1,0,0,0,-1
2026-06-24 11:18:55.384,48.2864,False,19.1669,0.7641547,-9.226174,-0.1126745,0.3268378,-0.114757,0.9312961,0.6346259,0.1348528,0.760963,False,-1,-1,0,0,0,-1
2026-06-24 11:18:55.415,48.32064,False,19.16685,0.7643822,-9.226064,-0.1131948,0.3264195,-0.1148218,0.9313717,0.6340302,0.1358927,0.7612745,False,-1,-1,0,0,0,-1
2026-06-24 11:18:55.452,48.35695,False,19.16673,0.7642269,-9.225772,-0.1136757,0.3259994,-0.1151378,0.9314213,0.6334623,0.1366901,0.7616045,False,-1,-1,0,0,0,-1
2026-06-24 11:18:55.490,48.3938,False,19.16679,0.7641433,-9.225856,-0.1138297,0.3252566,-0.1148137,0.9317021,0.6322228,0.1374229,0.762502,False,-1,-1,0,0,0,-1
2026-06-24 11:18:55.552,48.45565,False,19.16666,0.7640645,-9.225704,-0.1131845,0.3246931,-0.1150272,0.9319509,0.6312346,0.1362678,0.7635274,False,-1,-1,0,0,0,-1
2026-06-24 11:18:55.585,48.48902,False,19.16686,0.7639433,-9.225502,-0.1129509,0.3244194,-0.1157169,0.9319891,0.6308514,0.1354565,0.7639883,False,-1,-1,0,0,0,-1
2026-06-24 11:18:55.659,48.56236,False,19.16703,0.7638826,-9.225247,-0.1128446,0.3248495,-0.1156152,0.9318648,0.6315247,0.1351967,0.7634778,False,-1,-1,0,0,0,-1
2026-06-24 11:18:55.719,48.62141,False,19.16703,0.7639796,-9.225475,-0.1129942,0.3258445,-0.1159616,0.9314561,0.6332257,0.1349274,0.7621153,False,-1,-1,0,0,0,-1
2026-06-24 11:18:55.752,48.6567,False,19.16702,0.7639273,-9.225246,-0.1131432,0.3259469,-0.1162845,0.931362,0.6334627,0.1349494,0.7619145,False,-1,-1,0,0,0,-1
2026-06-24 11:18:55.817,48.72234,False,19.16692,0.7639184,-9.225191,-0.1127941,0.3258126,-0.1156454,0.9315309,0.6330973,0.1347849,0.7622472,False,-1,-1,0,0,0,-1
2026-06-24 11:18:55.852,48.7561,False,19.16665,0.7638574,-9.225145,-0.1131417,0.3255789,-0.1158238,0.9315483,0.632794,0.1353744,0.7623946,False,-1,-1,0,0,0,-1
2026-06-24 11:18:55.878,48.78957,False,19.16649,0.7638953,-9.225028,-0.1134558,0.3251101,-0.1158362,0.9316723,0.6320767,0.1360882,0.7628624,False,-1,-1,0,0,0,-1
2026-06-24 11:18:55.939,48.85055,False,19.16656,0.7638909,-9.224982,-0.1135878,0.3248239,-0.1159891,0.9317369,0.6316509,0.1363157,0.7631745,False,-1,-1,0,0,0,-1
2026-06-24 11:18:55.977,48.88873,False,19.16653,0.7637572,-9.225046,-0.1131915,0.3250099,-0.1162177,0.9316918,0.631928,0.1353753,0.7631124,False,-1,-1,0,0,0,-1
2026-06-24 11:18:56.016,48.92837,False,19.16655,0.7637186,-9.225035,-0.113159,0.3252984,-0.1164733,0.9315633,0.632432,0.1350524,0.7627521,False,-1,-1,0,0,0,-1
2026-06-24 11:18:56.061,48.97265,False,19.16686,0.7634479,-9.224759,-0.1131967,0.3258227,-0.1170718,0.9313003,0.6333819,0.1345508,0.7620521,False,-1,-1,0,0,0,-1
2026-06-24 11:18:56.106,49.01717,False,19.16681,0.7634367,-9.224577,-0.1130757,0.325868,-0.11745,0.9312515,0.6334917,0.1340573,0.7620478,False,-1,-1,0,0,0,-1
2026-06-24 11:18:56.150,49.06182,False,19.16718,0.7634835,-9.224498,-0.1121715,0.3252556,-0.1183142,0.9314656,0.6324717,0.132003,0.7632527,False,-1,-1,0,0,0,-1
2026-06-24 11:18:56.194,49.10582,False,19.16731,0.763482,-9.224337,-0.1111343,0.324295,-0.119912,0.9317204,0.6309574,0.1293185,0.7649638,False,-1,-1,0,0,0,-1
2026-06-24 11:18:56.240,49.15047,False,19.16763,0.7631518,-9.223741,-0.1108742,0.3225819,-0.1221644,0.9320535,0.628417,0.1278653,0.7672956,False,-1,-1,0,0,0,-1
2026-06-24 11:18:56.285,49.19662,False,19.16816,0.7627314,-9.22356,-0.1131837,0.3184351,-0.1248992,0.9328391,0.6223705,0.1316197,0.7715771,False,-1,-1,0,0,0,-1
2026-06-24 11:18:56.328,49.23962,False,19.16856,0.7622771,-9.223885,-0.11779,0.3154415,-0.1287644,0.9327604,0.6187969,0.1385045,0.7732444,False,-1,-1,0,0,0,-1
2026-06-24 11:18:56.373,49.2844,False,19.16863,0.762118,-9.225266,-0.131512,0.3096729,-0.1279878,0.9329665,0.6114927,0.1661238,0.7736146,False,-1,-1,0,0,0,-1
2026-06-24 11:18:56.418,49.32883,False,19.16806,0.7625047,-9.22693,-0.147678,0.2994305,-0.1182082,0.9351788,0.5949556,0.2054204,0.7770653,False,-1,-1,0,0,0,-1
2026-06-24 11:18:56.462,49.37405,False,19.1659,0.7635959,-9.229207,-0.1615131,0.279984,-0.1095548,0.9399576,0.5617353,0.2422837,0.791045,False,-1,-1,0,0,0,-1
2026-06-24 11:18:56.506,49.41775,False,19.16288,0.7643782,-9.230589,-0.1707889,0.2523738,-0.1090608,0.9461735,0.5148317,0.2681437,0.8142772,False,-1,-1,0,0,0,-1
2026-06-24 11:18:56.550,49.46214,False,19.15866,0.7636277,-9.230682,-0.1705729,0.2167823,-0.1129877,0.9545387,0.4523995,0.2766494,0.8478206,False,-1,-1,0,0,0,-1
2026-06-24 11:18:56.598,49.50888,False,19.15155,0.7614639,-9.227648,-0.1641879,0.1760915,-0.1217275,0.9629208,0.3790967,0.2733296,0.8840683,False,-1,-1,0,0,0,-1
2026-06-24 11:18:56.640,49.55102,False,19.14381,0.7585093,-9.222952,-0.1518136,0.1304649,-0.1235406,0.971941,0.2911187,0.2628723,0.919863,False,-1,-1,0,0,0,-1
2026-06-24 11:18:56.684,49.5955,False,19.13514,0.7567118,-9.217025,-0.13709,0.09349483,-0.1154279,0.9793577,0.2147778,0.2469365,0.9449301,False,-1,-1,0,0,0,-1
2026-06-24 11:18:56.729,49.64027,False,19.12799,0.7557374,-9.211949,-0.1214995,0.06598607,-0.1036637,0.9849557,0.1551769,0.2256624,0.9617674,False,-1,-1,0,0,0,-1
2026-06-24 11:18:56.764,49.67521,False,19.12485,0.7556601,-9.210035,-0.1131443,0.06084546,-0.09912155,0.9867477,0.1425083,0.2112277,0.9669924,False,-1,-1,0,0,0,-1
2026-06-24 11:18:56.806,49.71752,False,19.11983,0.7558891,-9.206456,-0.09786815,0.05197585,-0.09101976,0.9896645,0.1206932,0.1842516,0.9754407,False,-1,-1,0,0,0,-1
2026-06-24 11:18:56.850,49.76176,False,19.11647,0.7563107,-9.20412,-0.08371425,0.05469869,-0.07884756,0.9918584,0.1217081,0.1574397,0.98,False,-1,-1,0,0,0,-1
2026-06-24 11:18:56.895,49.80639,False,19.11426,0.7559932,-9.202913,-0.07112592,0.06544377,-0.06941634,0.9928946,0.1398321,0.1321554,0.9813164,False,-1,-1,0,0,0,-1
2026-06-24 11:18:56.939,49.85078,False,19.11197,0.7548114,-9.202692,-0.05940672,0.07629515,-0.06396391,0.9932566,0.1591611,0.1082519,0.9812998,False,-1,-1,0,0,0,-1
2026-06-24 11:18:56.984,49.89517,False,19.10944,0.7533084,-9.20306,-0.04588323,0.08492848,-0.05579318,0.9937651,0.1739178,0.08171744,0.9813638,False,-1,-1,0,0,0,-1
2026-06-24 11:18:57.028,49.93938,False,19.10636,0.7517739,-9.204472,-0.03225824,0.08594771,-0.045477,0.9947383,0.173925,0.05635973,0.9831448,False,-1,-1,0,0,0,-1
2026-06-24 11:18:57.083,49.98681,False,19.10229,0.7510159,-9.205901,-0.02033122,0.07730477,-0.03466521,0.9961972,0.1554312,0.03514825,0.9872212,False,-1,-1,0,0,0,-1
2026-06-24 11:18:57.127,50.03286,False,19.09779,0.7505368,-9.207718,-0.01356052,0.06483251,-0.02249912,0.9975503,0.1299576,0.02413726,0.9912257,False,-1,-1,0,0,0,-1
2026-06-24 11:18:57.178,50.08303,False,19.09338,0.7497727,-9.209307,-0.0108826,0.04639307,-0.01104506,0.9988029,0.09291546,0.02071432,0.9954585,False,-1,-1,0,0,0,-1
2026-06-24 11:18:57.216,50.11932,False,19.08982,0.7488642,-9.210957,-0.00808586,0.02933129,-0.003227562,0.9995318,0.0586873,0.01597481,0.9981486,False,-1,-1,0,0,0,-1
2026-06-24 11:18:57.265,50.16775,False,19.08784,0.7488172,-9.211613,-0.006063139,0.01931125,-0.001790762,0.9997935,0.03863623,0.01205461,0.9991806,False,-1,-1,0,0,0,-1
2026-06-24 11:18:57.304,50.20935,False,19.08727,0.7483549,-9.211782,-0.003156092,0.01174009,-0.003824777,0.9999188,0.02350242,0.006221864,0.9997044,False,-1,-1,0,0,0,-1
2026-06-24 11:18:57.343,50.2487,False,19.08665,0.747978,-9.211863,0.001483335,0.004415566,-0.007697912,0.9999595,0.008807937,-0.00303453,0.9999566,False,-1,-1,0,0,0,-1
2026-06-24 11:18:57.381,50.28469,False,19.08623,0.7473685,-9.211675,0.005474614,0.001237532,-0.008434618,0.9999487,0.002382584,-0.01096954,0.999937,False,-1,-1,0,0,0,-1
2026-06-24 11:18:57.426,50.33,False,19.08558,0.7465436,-9.211781,0.01011829,-0.002269673,-0.007094857,0.9999211,-0.004682563,-0.02020278,0.9997849,False,-1,-1,0,0,0,-1
2026-06-24 11:18:57.465,50.36767,False,19.08434,0.745954,-9.211771,0.01186534,-0.005054183,-0.00571204,0.9999005,-0.01024291,-0.02367059,0.9996673,False,-1,-1,0,0,0,-1
2026-06-24 11:18:57.503,50.40636,False,19.08301,0.7455963,-9.211746,0.01005846,-0.008318568,-0.007131909,0.9998894,-0.01677877,-0.01999604,0.9996592,False,-1,-1,0,0,0,-1
2026-06-24 11:18:57.544,50.44857,False,19.08094,0.7455432,-9.212608,0.005505507,-0.0113473,-0.01065388,0.9998637,-0.02280881,-0.01076773,0.9996818,False,-1,-1,0,0,0,-1
2026-06-24 11:18:57.586,50.49123,False,19.07845,0.7452559,-9.213939,-0.001187249,-0.01686017,-0.01250796,0.9997789,-0.03368318,0.002795744,0.9994286,False,-1,-1,0,0,0,-1
2026-06-24 11:18:57.628,50.5307,False,19.07666,0.7448792,-9.215581,-0.006232457,-0.02051336,-0.01179916,0.9997005,-0.04086737,0.01294526,0.9990807,False,-1,-1,0,0,0,-1
2026-06-24 11:18:57.667,50.57226,False,19.07379,0.7441137,-9.217493,-0.01178477,-0.0272702,-0.01004669,0.9995081,-0.05427679,0.0241059,0.9982349,False,-1,-1,0,0,0,-1
2026-06-24 11:18:57.709,50.61302,False,19.07131,0.7436568,-9.219959,-0.01615793,-0.03367133,-0.008787249,0.9992637,-0.06700912,0.03288382,0.9972103,False,-1,-1,0,0,0,-1
2026-06-24 11:18:57.752,50.65767,False,19.06885,0.7432849,-9.222321,-0.01786965,-0.03980794,-0.01253151,0.998969,-0.07908592,0.03670016,0.996192,False,-1,-1,0,0,0,-1
2026-06-24 11:18:57.795,50.6998,False,19.06719,0.7427191,-9.224438,-0.01647883,-0.04567685,-0.01806679,0.9986569,-0.09063555,0.03456387,0.9952841,False,-1,-1,0,0,0,-1
2026-06-24 11:18:57.836,50.74096,False,19.06595,0.7415644,-9.225197,-0.0151508,-0.04932235,-0.02076271,0.9984522,-0.09786287,0.03230282,0.9946755,False,-1,-1,0,0,0,-1
2026-06-24 11:18:57.879,50.78219,False,19.06495,0.7410361,-9.226238,-0.01345405,-0.05391918,-0.02394294,0.9981676,-0.1069965,0.02944076,0.9938234,False,-1,-1,0,0,0,-1
2026-06-24 11:18:57.925,50.82773,False,19.0641,0.7404308,-9.226526,-0.01067865,-0.05774825,-0.02846174,0.9978683,-0.1146424,0.02459901,0.9931022,False,-1,-1,0,0,0,-1
2026-06-24 11:18:57.965,50.8677,False,19.06312,0.7401941,-9.226663,-0.008245392,-0.06161117,-0.03151225,0.9975686,-0.1224031,0.0203337,0.9922721,False,-1,-1,0,0,0,-1
2026-06-24 11:18:58.002,50.90719,False,19.06174,0.7398036,-9.226046,-0.004699896,-0.06725062,-0.03110241,0.9972401,-0.1338377,0.01355716,0.9909105,False,-1,-1,0,0,0,-1
2026-06-24 11:18:58.062,50.96605,False,19.05975,0.7398977,-9.225061,-0.002174965,-0.07152364,-0.0301333,0.9969813,-0.1424844,0.008647285,0.9897593,False,-1,-1,0,0,0,-1
2026-06-24 11:18:58.099,51.00339,False,19.0586,0.7401486,-9.225081,-0.004640392,-0.07190131,-0.03047698,0.9969352,-0.1430791,0.01363501,0.9896173,False,-1,-1,0,0,0,-1
2026-06-24 11:18:58.161,51.06407,False,19.05397,0.7406096,-9.225968,-0.009707286,-0.07423642,-0.03071496,0.9967203,-0.1473896,0.02391123,0.9887894,False,-1,-1,0,0,0,-1
2026-06-24 11:18:58.195,51.09853,False,19.0508,0.7407279,-9.227288,-0.01236229,-0.07842821,-0.02893426,0.9964231,-0.15558,0.02917466,0.9873924,False,-1,-1,0,0,0,-1
2026-06-24 11:18:58.267,51.17081,False,19.04452,0.7403935,-9.230605,-0.02232583,-0.08511901,-0.02300271,0.995855,-0.1685053,0.04838252,0.9845126,False,-1,-1,0,0,0,-1
2026-06-24 11:18:58.328,51.23166,False,19.03982,0.7394274,-9.234622,-0.03571161,-0.08450872,-0.01753985,0.9956281,-0.1670258,0.0740755,0.9831659,False,-1,-1,0,0,0,-1
2026-06-24 11:18:58.360,51.26506,False,19.03836,0.7383824,-9.236756,-0.0413732,-0.08362125,-0.01765516,0.9954818,-0.165026,0.08532524,0.9825915,False,-1,-1,0,0,0,-1
2026-06-24 11:18:58.427,51.332,False,19.03708,0.7364001,-9.241791,-0.05379968,-0.07701623,-0.02044495,0.9953673,-0.151119,0.1102501,0.9823482,False,-1,-1,0,0,0,-1
2026-06-24 11:18:58.463,51.36559,False,19.03745,0.7346182,-9.244165,-0.06065269,-0.07291322,-0.02087321,0.9952735,-0.1426052,0.1237759,0.9820098,False,-1,-1,0,0,0,-1
2026-06-24 11:18:58.535,51.4387,False,19.0408,0.7304143,-9.246592,-0.07457291,-0.06313121,-0.02211873,0.9949694,-0.1223283,0.1511883,0.9809067,False,-1,-1,0,0,0,-1
2026-06-24 11:18:58.594,51.49831,False,19.0437,0.7284606,-9.248117,-0.08405883,-0.06083396,-0.02966559,0.9941596,-0.11597,0.1707451,0.9784667,False,-1,-1,0,0,0,-1
2026-06-24 11:18:58.661,51.56589,False,19.04918,0.7279998,-9.2463,-0.07613765,-0.06281216,-0.03250198,0.994586,-0.1199949,0.1555339,0.9805154,False,-1,-1,0,0,0,-1
2026-06-24 11:18:58.719,51.62118,False,19.05502,0.7284725,-9.243109,-0.0647537,-0.06124829,-0.03656248,0.9953486,-0.1171917,0.1333838,0.9841112,False,-1,-1,0,0,0,-1
2026-06-24 11:18:58.765,51.66783,False,19.06234,0.7290169,-9.238708,-0.05422111,-0.06063155,-0.04492094,0.9956737,-0.1158672,0.1134203,0.9867678,False,-1,-1,0,0,0,-1
2026-06-24 11:18:58.812,51.71536,False,19.07139,0.7303576,-9.233393,-0.04464447,-0.05530205,-0.05050916,0.9961914,-0.1056729,0.09453541,0.9898971,False,-1,-1,0,0,0,-1
2026-06-24 11:18:58.853,51.75746,False,19.08015,0.7315339,-9.228601,-0.03572278,-0.05273617,-0.05406972,0.9965035,-0.1012405,0.07689861,0.9918855,False,-1,-1,0,0,0,-1
2026-06-24 11:18:58.898,51.80207,False,19.08868,0.7324395,-9.224131,-0.02486081,-0.0499284,-0.05228706,0.9970733,-0.09696475,0.05479733,0.9937782,False,-1,-1,0,0,0,-1
2026-06-24 11:18:58.930,51.84111,False,19.09532,0.7334061,-9.21964,-0.01737661,-0.04776499,-0.05211616,0.9973467,-0.09346531,0.03963966,0.9948331,False,-1,-1,0,0,0,-1
2026-06-24 11:18:58.970,51.88067,False,19.09916,0.7346174,-9.213957,-0.006457454,-0.04544041,-0.03964479,0.9981592,-0.09020152,0.01649408,0.995787,False,-1,-1,0,0,0,-1
2026-06-24 11:18:59.014,51.92545,False,19.10266,0.7359772,-9.207402,-0.003024177,-0.03892094,-0.04186162,0.9983605,-0.07746107,0.009297024,0.9969521,False,-1,-1,0,0,0,-1
2026-06-24 11:18:59.058,51.96974,False,19.10521,0.7373155,-9.199436,-0.002269377,-0.04027461,-0.04710913,0.9980749,-0.08018035,0.00832462,0.9967456,False,-1,-1,0,0,0,-1
2026-06-24 11:18:59.102,52.01411,False,19.10796,0.7385693,-9.191998,0.001601203,-0.04004222,-0.0437386,0.998239,-0.08008348,0.0003060151,0.9967881,False,-1,-1,0,0,0,-1
2026-06-24 11:18:59.147,52.05869,False,19.11076,0.7392645,-9.185684,0.01182231,-0.03006102,-0.03437793,0.9988868,-0.06086796,-0.02155142,0.9979131,False,-1,-1,0,0,0,-1
2026-06-24 11:18:59.191,52.10306,False,19.11308,0.7396887,-9.181719,0.02907747,0.009314326,-0.01896426,0.9993539,0.01751375,-0.05847064,0.9981355,False,-1,-1,0,0,0,-1
2026-06-24 11:18:59.237,52.14771,False,19.11835,0.7379572,-9.182238,0.03457141,0.004591532,-0.02238358,0.999141,0.007627512,-0.06928898,0.9975675,False,-1,-1,0,0,0,-1
2026-06-24 11:18:59.281,52.19224,False,19.12259,0.7362432,-9.1851,0.02479947,0.01179517,-0.02774977,0.9992377,0.02219599,-0.05021575,0.9984917,False,-1,-1,0,0,0,-1
2026-06-24 11:18:59.326,52.23715,False,19.12681,0.7352129,-9.188501,0.02495909,0.01062795,-0.03013339,0.9991778,0.01973423,-0.05051766,0.9985282,False,-1,-1,0,0,0,-1
2026-06-24 11:18:59.372,52.28262,False,19.12763,0.7384056,-9.189624,0.06057211,0.03426494,0.009419157,0.9975311,0.06950177,-0.1201996,0.9903139,False,-1,-1,0,0,0,-1
2026-06-24 11:18:59.416,52.32703,False,19.12511,0.7412347,-9.186015,0.07522543,0.02986842,0.0389039,0.9959596,0.06534861,-0.147519,0.986898,False,-1,-1,0,0,0,-1
2026-06-24 11:18:59.471,52.38329,False,19.12765,0.7433057,-9.186981,0.04908467,0.006761734,0.02035332,0.9985644,0.01550213,-0.09775317,0.9950899,False,-1,-1,0,0,0,-1
2026-06-24 11:18:59.515,52.42714,False,19.13131,0.7469167,-9.186008,0.07658762,0.01029987,0.01172821,0.9969407,0.0223332,-0.152465,0.9880565,False,-1,-1,0,0,0,-1
2026-06-24 11:18:59.560,52.47183,False,19.13689,0.7446287,-9.184154,0.1273791,0.0206001,-0.01544835,0.9915198,0.03691522,-0.2532344,0.9667004,False,-1,-1,0,0,0,-1
2026-06-24 11:18:59.613,52.51578,False,19.14641,0.7443901,-9.179105,0.1525836,0.02482688,-0.03251427,0.9874435,0.039108,-0.3029498,0.9522038,False,-1,-1,0,0,0,-1
2026-06-24 11:18:59.660,52.56356,False,19.15649,0.7326777,-9.175639,0.1858752,0.02285868,-0.01719193,0.982157,0.03851052,-0.3659033,0.9298558,False,-1,-1,0,0,0,-1
2026-06-24 11:18:59.708,52.60979,False,19.16258,0.7216997,-9.182136,0.2298576,0.01620407,0.03050371,0.9726112,0.04554355,-0.4461356,0.8938058,False,-1,-1,0,0,0,-1
2026-06-24 11:18:59.749,52.65218,False,19.16491,0.7117489,-9.191053,0.2543396,0.00818761,0.04234303,0.9661529,0.03735998,-0.4907685,0.8704886,False,-1,-1,0,0,0,-1
2026-06-24 11:18:59.793,52.69767,False,19.16954,0.7099494,-9.190302,0.2886932,0.01675058,0.02968567,0.9568148,0.04919451,-0.5514572,0.8327513,False,-1,-1,0,0,0,-1
2026-06-24 11:18:59.838,52.74087,False,19.17607,0.7111079,-9.191985,0.2791596,0.02446848,0.03653895,0.9592373,0.06734254,-0.5337725,0.8429425,False,-1,-1,0,0,0,-1
2026-06-24 11:18:59.887,52.79262,False,19.17834,0.711735,-9.195425,0.2796542,0.036165,0.03624338,0.9587346,0.08961649,-0.5336068,0.8409713,False,-1,-1,0,0,0,-1
2026-06-24 11:18:59.937,52.84047,False,19.18115,0.7128323,-9.197115,0.2863683,0.04059184,0.02936279,0.956809,0.09449441,-0.5456157,0.832691,False,-1,-1,0,0,0,-1
2026-06-24 11:18:59.983,52.88595,False,19.18248,0.7176209,-9.197954,0.2701279,0.03317737,0.04973073,0.9609667,0.09063201,-0.5158679,0.8518604,False,-1,-1,0,0,0,-1
2026-06-24 11:19:00.030,52.93302,False,19.18443,0.7252811,-9.200624,0.2468963,0.02322708,0.07057707,0.9661892,0.07973395,-0.4738185,0.8770055,False,-1,-1,0,0,0,-1
2026-06-24 11:19:00.069,52.973,False,19.18629,0.7320649,-9.204732,0.235463,0.0235268,0.07521822,0.9686826,0.08100221,-0.4526385,0.8880073,False,-1,-1,0,0,0,-1
2026-06-24 11:19:00.106,53.00971,False,19.1887,0.7404976,-9.210427,0.2404434,0.01410711,0.06920651,0.9680901,0.06059441,-0.4635892,0.8839759,False,-1,-1,0,0,0,-1
2026-06-24 11:19:00.146,53.0493,False,19.18977,0.7467061,-9.217363,0.2525114,0.001403375,0.06644444,0.9653088,0.03626534,-0.4873164,0.872472,False,-1,-1,0,0,0,-1
2026-06-24 11:19:00.193,53.09657,False,19.19174,0.7549486,-9.224892,0.2626792,-0.02120774,0.07053082,0.9620683,-0.003752615,-0.5084223,0.8610997,False,-1,-1,0,0,0,-1
2026-06-24 11:19:00.229,53.13377,False,19.19175,0.7618349,-9.232612,0.2776486,-0.02743221,0.06242039,0.9582601,-0.01791253,-0.5355438,0.8443174,False,-1,-1,0,0,0,-1
2026-06-24 11:19:00.271,53.17499,False,19.19085,0.767706,-9.236754,0.284788,-0.03601943,0.05210979,0.9564952,-0.03922434,-0.5485506,0.8351968,False,-1,-1,0,0,0,-1
2026-06-24 11:19:00.312,53.21453,False,19.18821,0.7720019,-9.239743,0.2863116,-0.03943814,0.05031227,0.9560016,-0.04659589,-0.551397,0.8329406,False,-1,-1,0,0,0,-1
2026-06-24 11:19:00.358,53.26135,False,19.1872,0.7766399,-9.244793,0.2893206,-0.05375251,0.04903984,0.9544629,-0.07423307,-0.5575635,0.8268085,False,-1,-1,0,0,0,-1
2026-06-24 11:19:00.393,53.29842,False,19.18308,0.7783338,-9.249289,0.2938529,-0.05459829,0.04697377,0.9531333,-0.07647214,-0.5652913,0.821339,False,-1,-1,0,0,0,-1
2026-06-24 11:19:00.430,53.33331,False,19.18081,0.7785842,-9.252226,0.2993701,-0.05771691,0.0467128,0.9512435,-0.08183685,-0.57494,0.8140926,False,-1,-1,0,0,0,-1
2026-06-24 11:19:00.465,53.3675,False,19.18022,0.7783381,-9.254605,0.2965898,-0.05845874,0.05400974,0.9516827,-0.07923086,-0.5708335,0.8172341,False,-1,-1,0,0,0,-1
2026-06-24 11:19:00.510,53.41417,False,19.1811,0.7764351,-9.257636,0.3031089,-0.05544376,0.06525543,0.949101,-0.06568445,-0.582598,0.8101019,False,-1,-1,0,0,0,-1
2026-06-24 11:19:00.551,53.45509,False,19.18092,0.7737812,-9.261191,0.3189248,-0.06062412,0.06904963,0.9433154,-0.07033204,-0.6100655,0.7892234,False,-1,-1,0,0,0,-1
2026-06-24 11:19:00.591,53.49739,False,19.18114,0.7729631,-9.26222,0.3176492,-0.05774579,0.06672943,0.944093,-0.06664169,-0.6074875,0.7915288,False,-1,-1,0,0,0,-1
2026-06-24 11:19:00.638,53.54066,False,19.18172,0.7808441,-9.257462,0.2942559,-0.05776995,0.06728385,0.9516034,-0.07035081,-0.5678039,0.8201522,False,-1,-1,0,0,0,-1
2026-06-24 11:19:00.684,53.58952,False,19.18417,0.7830819,-9.25616,0.2715178,-0.06638558,0.06689978,0.9578076,-0.09084028,-0.529006,0.8437421,False,-1,-1,0,0,0,-1
2026-06-24 11:19:00.725,53.62963,False,19.18527,0.7852727,-9.256845,0.230057,-0.05793066,0.05047952,0.970139,-0.08917524,-0.4522232,0.8874356,False,-1,-1,0,0,0,-1
2026-06-24 11:19:00.768,53.67369,False,19.18733,0.7852397,-9.258245,0.1570699,-0.05821457,0.04948663,0.9846274,-0.09909361,-0.3150723,0.9438803,False,-1,-1,0,0,0,-1
2026-06-24 11:19:00.817,53.72136,False,19.18981,0.7844182,-9.261583,0.09833508,-0.05931998,0.0466105,0.9922897,-0.1085583,-0.2006836,0.9736227,False,-1,-1,0,0,0,-1
2026-06-24 11:19:00.859,53.76379,False,19.19061,0.7855654,-9.264779,0.06128936,-0.05648477,0.04485294,0.9955106,-0.1069644,-0.1270954,0.9861062,False,-1,-1,0,0,0,-1
2026-06-24 11:19:00.904,53.80674,False,19.19004,0.7892132,-9.267637,0.04438206,-0.05600164,0.05040854,0.9961692,-0.1070997,-0.09407,0.9897881,False,-1,-1,0,0,0,-1
2026-06-24 11:19:00.934,53.84534,False,19.1915,0.793201,-9.270847,0.04646334,-0.06227818,0.056614,0.995368,-0.1187185,-0.09954789,0.9879252,False,-1,-1,0,0,0,-1
2026-06-24 11:19:00.979,53.89025,False,19.19283,0.7952567,-9.27545,0.05332915,-0.06340969,0.05814406,0.994864,-0.1199665,-0.1134843,0.9862704,False,-1,-1,0,0,0,-1
2026-06-24 11:19:01.022,53.93419,False,19.19328,0.7949519,-9.281021,0.06459704,-0.06060451,0.05144221,0.9947402,-0.1139254,-0.1347498,0.9843087,False,-1,-1,0,0,0,-1
2026-06-24 11:19:01.057,53.96797,False,19.19341,0.7942772,-9.283324,0.06897217,-0.06092969,0.04963894,0.9945182,-0.1143439,-0.1432371,0.9830608,False,-1,-1,0,0,0,-1
2026-06-24 11:19:01.090,54.00161,False,19.19381,0.7932065,-9.286147,0.07432488,-0.06060858,0.04738484,0.9942621,-0.1134779,-0.1535407,0.9816048,False,-1,-1,0,0,0,-1
2026-06-24 11:19:01.124,54.0362,False,19.19382,0.7916017,-9.288077,0.0788163,-0.05918056,0.04454613,0.9941335,-0.1106448,-0.1619804,0.9805713,False,-1,-1,0,0,0,-1
2026-06-24 11:19:01.169,54.08035,False,19.19291,0.7874905,-9.291066,0.06729158,-0.05365347,0.04009882,0.9954824,-0.1014255,-0.1382781,0.9851863,False,-1,-1,0,0,0,-1
2026-06-24 11:19:01.202,54.1141,False,19.19265,0.7877074,-9.291054,0.078851,-0.05333611,0.0436206,0.9945024,-0.09920673,-0.1614881,0.9818755,False,-1,-1,0,0,0,-1
2026-06-24 11:19:01.237,54.14778,False,19.1936,0.7872733,-9.289386,0.07440639,-0.05241298,0.04441906,0.9948586,-0.09767688,-0.1527039,0.9834331,False,-1,-1,0,0,0,-1
2026-06-24 11:19:01.281,54.19204,False,19.19243,0.7893995,-9.283762,0.05268845,-0.05363871,0.05298183,0.9957609,-0.1012396,-0.110614,0.9886937,False,-1,-1,0,0,0,-1
2026-06-24 11:19:01.314,54.22552,False,19.18917,0.7897906,-9.281977,0.04683281,-0.05546165,0.05351471,0.9959251,-0.1054588,-0.09921998,0.9894614,False,-1,-1,0,0,0,-1
2026-06-24 11:19:01.348,54.2591,False,19.18681,0.7873556,-9.282278,0.0511157,-0.05701704,0.05035326,0.9957916,-0.1084065,-0.1075432,0.9882725,False,-1,-1,0,0,0,-1
2026-06-24 11:19:01.381,54.29269,False,19.18564,0.7855336,-9.282391,0.05854766,-0.05426,0.04323404,0.9958709,-0.1030094,-0.1213036,0.9872561,False,-1,-1,0,0,0,-1
2026-06-24 11:19:01.415,54.32624,False,19.18364,0.7843097,-9.282376,0.06408994,-0.05149826,0.0388003,0.9958589,-0.09759658,-0.1316454,0.9864808,False,-1,-1,0,0,0,-1
2026-06-24 11:19:01.460,54.37122,False,19.18097,0.7808902,-9.283752,0.0508523,-0.04623507,0.03112767,0.9971497,-0.08904074,-0.1042931,0.9905527,False,-1,-1,0,0,0,-1
2026-06-24 11:19:01.493,54.40477,False,19.17887,0.7778856,-9.285207,0.0316771,-0.04888448,0.02848002,0.9978957,-0.09575889,-0.06600533,0.9932137,False,-1,-1,0,0,0,-1
2026-06-24 11:19:01.527,54.43815,False,19.17713,0.7766415,-9.286565,0.01620847,-0.05760078,0.02874635,0.9977941,-0.1140156,-0.03565706,0.9928389,False,-1,-1,0,0,0,-1
2026-06-24 11:19:01.571,54.48191,False,19.17466,0.7762985,-9.287915,0.009478851,-0.07124583,0.03278261,0.9968749,-0.1414249,-0.02356971,0.9896684,False,-1,-1,0,0,0,-1
2026-06-24 11:19:01.604,54.51539,False,19.17291,0.7768354,-9.290022,0.008506673,-0.08091766,0.03546022,0.9960535,-0.1605933,-0.02268492,0.98676,False,-1,-1,0,0,0,-1
2026-06-24 11:19:01.648,54.55948,False,19.17145,0.7767113,-9.292583,0.02677956,-0.09294809,0.03955708,0.9945244,-0.1827596,-0.06061936,0.981287,False,-1,-1,0,0,0,-1
2026-06-24 11:19:01.693,54.60426,False,19.17182,0.7756506,-9.29559,0.05925361,-0.1017946,0.04693531,0.9919294,-0.196384,-0.1271063,0.9722537,False,-1,-1,0,0,0,-1
2026-06-24 11:19:01.726,54.6376,False,19.17292,0.7750908,-9.29684,0.07961103,-0.1096339,0.05766425,0.9890993,-0.2076961,-0.1701303,0.963285,False,-1,-1,0,0,0,-1
2026-06-24 11:19:01.771,54.68164,False,19.175,0.7760637,-9.296673,0.1102131,-0.1195399,0.08388212,0.9831211,-0.2165547,-0.2367603,0.9471265,False,-1,-1,0,0,0,-1
2026-06-24 11:19:01.814,54.72638,False,19.17967,0.7795734,-9.296034,0.1401773,-0.1295527,0.1121921,0.9751817,-0.2212213,-0.3024662,0.9271328,False,-1,-1,0,0,0,-1
2026-06-24 11:19:01.848,54.75971,False,19.18126,0.7847155,-9.294395,0.1654133,-0.1323704,0.1319849,0.9683473,-0.2126968,-0.3552969,0.910233,False,-1,-1,0,0,0,-1
2026-06-24 11:19:01.893,54.80425,False,19.18044,0.791116,-9.292601,0.1991197,-0.1322462,0.1518426,0.9590653,-0.1931958,-0.4220987,0.8857246,False,-1,-1,0,0,0,-1
2026-06-24 11:19:01.937,54.84892,False,19.17702,0.7966685,-9.289753,0.2270424,-0.1276037,0.1640142,0.951456,-0.1683422,-0.4738994,0.864338,False,-1,-1,0,0,0,-1
2026-06-24 11:19:01.981,54.89294,False,19.17537,0.8013393,-9.286062,0.2478099,-0.1264049,0.1667834,0.9459363,-0.1564808,-0.5109891,0.8452241,False,-1,-1,0,0,0,-1
2026-06-24 11:19:02.016,54.92635,False,19.17515,0.804184,-9.284028,0.2642268,-0.1250374,0.1678502,0.9414756,-0.1467383,-0.5395012,0.8290997,False,-1,-1,0,0,0,-1
2026-06-24 11:19:02.048,54.9598,False,19.17476,0.8047194,-9.282683,0.2820946,-0.1236093,0.1688017,0.9362956,-0.1362336,-0.5699787,0.8102868,False,-1,-1,0,0,0,-1
2026-06-24 11:19:02.092,55.00417,False,19.1755,0.8041615,-9.283782,0.31023,-0.1186225,0.1716006,0.9274908,-0.1135711,-0.6161824,0.7793721,False,-1,-1,0,0,0,-1
2026-06-24 11:19:02.127,55.03824,False,19.17784,0.8028857,-9.285595,0.3312442,-0.113408,0.171128,0.9209404,-0.09551361,-0.6489268,0.7548319,False,-1,-1,0,0,0,-1
2026-06-24 11:19:02.170,55.08156,False,19.1806,0.802009,-9.288023,0.3520034,-0.1071941,0.1679942,0.9145387,-0.07779729,-0.6798574,0.7292061,False,-1,-1,0,0,0,-1
2026-06-24 11:19:02.204,55.11544,False,19.182,0.8016893,-9.289495,0.3610204,-0.1042479,0.1646753,0.9119642,-0.07123832,-0.6928095,0.7175933,False,-1,-1,0,0,0,-1
2026-06-24 11:19:02.248,55.1601,False,19.18401,0.800922,-9.292454,0.3645804,-0.1039759,0.158913,0.9116012,-0.07369591,-0.6977502,0.7125403,False,-1,-1,0,0,0,-1
2026-06-24 11:19:02.294,55.20455,False,19.18279,0.7975202,-9.293798,0.3589679,-0.1045432,0.1525706,0.9148415,-0.08174504,-0.688698,0.7204255,False,-1,-1,0,0,0,-1
2026-06-24 11:19:02.338,55.24878,False,19.18604,0.7962568,-9.292745,0.3288131,-0.132326,0.1576447,0.921694,-0.1402569,-0.6478512,0.7487435,False,-1,-1,0,0,0,-1
2026-06-24 11:19:02.400,55.30346,False,19.1839,0.797262,-9.289708,0.301803,-0.1633907,0.1680138,0.9241157,-0.2005698,-0.6127056,0.7644368,False,-1,-1,0,0,0,-1
2026-06-24 11:19:02.436,55.34109,False,19.18036,0.798366,-9.28844,0.2893218,-0.1802,0.1773585,0.9232361,-0.2301069,-0.5981447,0.7676417,False,-1,-1,0,0,0,-1
2026-06-24 11:19:02.473,55.37706,False,19.17732,0.7998755,-9.290833,0.2889318,-0.1811583,0.1857958,0.9215096,-0.2265137,-0.5998237,0.7674002,False,-1,-1,0,0,0,-1
2026-06-24 11:19:02.510,55.41548,False,19.17202,0.8029352,-9.299755,0.2981353,-0.1654154,0.1971321,0.9191801,-0.1865491,-0.6132974,0.7675062,False,-1,-1,0,0,0,-1
2026-06-24 11:19:02.565,55.46759,False,19.1695,0.8015636,-9.302283,0.2884275,-0.1531707,0.1992014,0.9239411,-0.1681312,-0.5940036,0.7866966,False,-1,-1,0,0,0,-1
2026-06-24 11:19:02.603,55.5066,False,19.16674,0.8010113,-9.303465,0.2693474,-0.1543234,0.2068186,0.9278267,-0.1749586,-0.5636494,0.8072726,False,-1,-1,0,0,0,-1
2026-06-24 11:19:02.646,55.55031,False,19.1655,0.7994051,-9.304938,0.2462846,-0.1625786,0.2026395,0.9337287,-0.2037947,-0.5258157,0.8258241,False,-1,-1,0,0,0,-1
2026-06-24 11:19:02.691,55.59506,False,19.16197,0.7979679,-9.303699,0.2133336,-0.1763311,0.2011795,0.9396399,-0.2455387,-0.4718619,0.8467923,False,-1,-1,0,0,0,-1
2026-06-24 11:19:02.735,55.63985,False,19.15797,0.796528,-9.303843,0.1911794,-0.1920473,0.1984007,0.9419158,-0.2859246,-0.4363545,0.8531365,False,-1,-1,0,0,0,-1
2026-06-24 11:19:02.782,55.68581,False,19.15347,0.7973592,-9.304407,0.1791523,-0.1974357,0.2011432,0.9425842,-0.300129,-0.417158,0.8578472,False,-1,-1,0,0,0,-1
2026-06-24 11:19:02.824,55.72747,False,19.1497,0.7970817,-9.304633,0.1689489,-0.2040857,0.1993524,0.943432,-0.3177212,-0.4001536,0.8596106,False,-1,-1,0,0,0,-1
2026-06-24 11:19:02.875,55.77812,False,19.1478,0.7961898,-9.306261,0.1658665,-0.1973375,0.1949928,0.9463213,-0.3088039,-0.3908848,0.8670924,False,-1,-1,0,0,0,-1
2026-06-24 11:19:02.918,55.82119,False,19.14528,0.7954013,-9.305929,0.160829,-0.1911496,0.1898379,0.9495038,-0.3019316,-0.3779904,0.8751917,False,-1,-1,0,0,0,-1
2026-06-24 11:19:02.958,55.86325,False,19.14285,0.7951611,-9.304775,0.1484625,-0.1894006,0.1882758,0.9521757,-0.3047816,-0.3540439,0.8841726,False,-1,-1,0,0,0,-1
2026-06-24 11:19:03.002,55.90606,False,19.14141,0.7963335,-9.302395,0.1334289,-0.1929108,0.1883544,0.9536796,-0.3176864,-0.327168,0.8899643,False,-1,-1,0,0,0,-1
2026-06-24 11:19:03.047,55.95,False,19.13982,0.7981349,-9.300725,0.1187411,-0.1954125,0.1884639,0.9550894,-0.328516,-0.3004732,0.895429,False,-1,-1,0,0,0,-1
2026-06-24 11:19:03.085,55.99008,False,19.13881,0.8018005,-9.299022,0.09978879,-0.1958029,0.1885996,0.9571487,-0.3371848,-0.2648821,0.9034068,False,-1,-1,0,0,0,-1
2026-06-24 11:19:03.121,56.02509,False,19.13827,0.8051807,-9.297228,0.08420295,-0.1949019,0.1895218,0.9586473,-0.3417677,-0.2353182,0.9098462,False,-1,-1,0,0,0,-1
2026-06-24 11:19:03.159,56.06196,False,19.13725,0.8092209,-9.295545,0.0716192,-0.1893862,0.1903428,0.9606109,-0.3365884,-0.209693,0.9180071,False,-1,-1,0,0,0,-1
2026-06-24 11:19:03.203,56.10643,False,19.13694,0.8161275,-9.293907,0.04699551,-0.1697513,0.1880094,0.9662445,-0.3103713,-0.154648,0.9379519,False,-1,-1,0,0,0,-1
2026-06-24 11:19:03.242,56.14532,False,19.13802,0.8204178,-9.293475,0.0432471,-0.1521556,0.1846773,0.9699859,-0.279204,-0.1400975,0.9499568,False,-1,-1,0,0,0,-1
2026-06-24 11:19:03.282,56.18745,False,19.1395,0.8260061,-9.293164,0.03713011,-0.1275805,0.1797255,0.9747016,-0.2353594,-0.1182405,0.9646891,False,-1,-1,0,0,0,-1
2026-06-24 11:19:03.320,56.22519,False,19.14134,0.829241,-9.294165,0.02866397,-0.1117502,0.1743726,0.977898,-0.2085643,-0.09503324,0.9733805,False,-1,-1,0,0,0,-1
2026-06-24 11:19:03.367,56.26891,False,19.14369,0.8327814,-9.295031,0.01566806,-0.09946292,0.1688117,0.9804918,-0.1897553,-0.0643058,0.9797233,False,-1,-1,0,0,0,-1
2026-06-24 11:19:03.404,56.30753,False,19.14631,0.8352928,-9.29657,0.001015708,-0.09347948,0.1633513,0.9821288,-0.183286,-0.0325351,0.9825211,False,-1,-1,0,0,0,-1
2026-06-24 11:19:03.443,56.3471,False,19.14819,0.8365034,-9.297705,-0.005583952,-0.0914491,0.1571169,0.983321,-0.1816023,-0.01775476,0.9832118,False,-1,-1,0,0,0,-1
2026-06-24 11:19:03.482,56.38799,False,19.15057,0.8389966,-9.299805,-0.01141224,-0.08841543,0.1477817,0.9849939,-0.1775504,-0.003650397,0.9841049,False,-1,-1,0,0,0,-1
2026-06-24 11:19:03.526,56.43065,False,19.15364,0.841732,-9.303715,-0.01649379,-0.08419187,0.1368891,0.9868643,-0.1706876,0.009504372,0.9852794,False,-1,-1,0,0,0,-1
2026-06-24 11:19:03.563,56.46652,False,19.15511,0.844149,-9.305783,-0.02481575,-0.08524905,0.1313791,0.9873481,-0.1748615,0.02660367,0.9842336,False,-1,-1,0,0,0,-1
2026-06-24 11:19:03.603,56.50712,False,19.15302,0.8470252,-9.306278,-0.05608274,-0.05630895,0.1346477,0.9877014,-0.1263357,0.09562226,0.987368,False,-1,-1,0,0,0,-1
2026-06-24 11:19:03.640,56.54527,False,19.15299,0.8505095,-9.308514,-0.05693308,-0.04031119,0.1382202,0.9879417,-0.09538882,0.1013495,0.9902673,False,-1,-1,0,0,0,-1
2026-06-24 11:19:03.688,56.59191,False,19.15517,0.854985,-9.310712,-0.06274275,-0.03370133,0.1363171,0.9881018,-0.08370653,0.1148043,0.9898551,False,-1,-1,0,0,0,-1
2026-06-24 11:19:03.729,56.63377,False,19.15721,0.8596703,-9.313372,-0.07085219,-0.03881509,0.1348845,0.9875624,-0.09577838,0.1294708,0.9869467,False,-1,-1,0,0,0,-1
2026-06-24 11:19:03.768,56.67209,False,19.15931,0.8643494,-9.314287,-0.08347319,-0.04308245,0.1322905,0.9867499,-0.1071086,0.1533355,0.9823523,False,-1,-1,0,0,0,-1
2026-06-24 11:19:03.816,56.71957,False,19.16028,0.8699195,-9.312566,-0.09460009,-0.03530481,0.1267809,0.9867781,-0.09366299,0.1777466,0.9796088,False,-1,-1,0,0,0,-1
2026-06-24 11:19:03.858,56.76146,False,19.16023,0.8748441,-9.310555,-0.1120765,-0.02991878,0.1242045,0.9854527,-0.08680791,0.2134601,0.9730874,False,-1,-1,0,0,0,-1
2026-06-24 11:19:03.904,56.80822,False,19.15997,0.8791724,-9.308338,-0.131485,-0.02986142,0.1220311,0.9833252,-0.0908175,0.2512971,0.96364,False,-1,-1,0,0,0,-1
2026-06-24 11:19:03.947,56.85042,False,19.1594,0.8821957,-9.305101,-0.1503175,-0.03304788,0.1199216,0.980781,-0.1008781,0.2869307,0.952625,False,-1,-1,0,0,0,-1
2026-06-24 11:19:03.978,56.89016,False,19.15882,0.8835053,-9.302177,-0.1691569,-0.03967578,0.1190357,0.9775696,-0.1178431,0.3212796,0.9396236,False,-1,-1,0,0,0,-1
2026-06-24 11:19:04.021,56.93307,False,19.1585,0.8843634,-9.298999,-0.182246,-0.04315872,0.1218505,0.9747185,-0.1285488,0.3447593,0.9298474,False,-1,-1,0,0,0,-1
2026-06-24 11:19:04.066,56.97747,False,19.15837,0.8835973,-9.296605,-0.1924702,-0.04403085,0.1261096,0.9721692,-0.1341555,0.3631217,0.922033,False,-1,-1,0,0,0,-1
2026-06-24 11:19:04.111,57.02224,False,19.15813,0.8806949,-9.294338,-0.1938993,-0.0409785,0.1294443,0.9715801,-0.1298261,0.3661686,0.9214476,False,-1,-1,0,0,0,-1
2026-06-24 11:19:04.144,57.05595,False,19.15882,0.8780371,-9.292944,-0.1860591,-0.03767084,0.1289758,0.9733078,-0.1213249,0.3524684,0.9279258,False,-1,-1,0,0,0,-1
2026-06-24 11:19:04.190,57.10109,False,19.15951,0.8725906,-9.289375,-0.1662077,-0.03340245,0.1275309,0.9772386,-0.1076775,0.3163294,0.9425186,False,-1,-1,0,0,0,-1
2026-06-24 11:19:04.233,57.14409,False,19.15989,0.866237,-9.286737,-0.1440345,-0.03557275,0.1309091,0.9802303,-0.1074498,0.2730604,0.9559773,False,-1,-1,0,0,0,-1
2026-06-24 11:19:04.266,57.1775,False,19.15922,0.8617962,-9.284184,-0.1315428,-0.03538671,0.1359296,0.9813091,-0.1052117,0.248548,0.9628885,False,-1,-1,0,0,0,-1
2026-06-24 11:19:04.300,57.21106,False,19.15866,0.8562945,-9.282964,-0.1208556,-0.04098971,0.1424467,0.981541,-0.1148971,0.2255717,0.9674276,False,-1,-1,0,0,0,-1
2026-06-24 11:19:04.344,57.25562,False,19.15942,0.8463804,-9.28327,-0.1113865,-0.0479045,0.1512757,0.9810269,-0.1276914,0.2040528,0.9705964,False,-1,-1,0,0,0,-1
2026-06-24 11:19:04.378,57.28925,False,19.15599,0.8369846,-9.280739,-0.1001481,-0.05002607,0.1590697,0.9808999,-0.1300022,0.1805553,0.9749355,False,-1,-1,0,0,0,-1
2026-06-24 11:19:04.412,57.32298,False,19.1553,0.8289564,-9.280205,-0.08456602,-0.04853342,0.1648142,0.9814935,-0.1231458,0.150004,0.9809862,False,-1,-1,0,0,0,-1
2026-06-24 11:19:04.445,57.35708,False,19.15397,0.8215253,-9.279054,-0.07501827,-0.04947755,0.1650299,0.982186,-0.1219528,0.1310332,0.9838485,False,-1,-1,0,0,0,-1
2026-06-24 11:19:04.490,57.40173,False,19.15395,0.8148249,-9.277857,-0.07145632,-0.05008516,0.1726829,0.9811046,-0.1229561,0.1229145,0.984771,False,-1,-1,0,0,0,-1
2026-06-24 11:19:04.524,57.43554,False,19.15314,0.8127996,-9.276362,-0.07237103,-0.04775763,0.1844732,0.9790053,-0.120211,0.1240832,0.9849633,False,-1,-1,0,0,0,-1
2026-06-24 11:19:04.558,57.46946,False,19.15267,0.8122551,-9.275758,-0.07872166,-0.0544918,0.1906084,0.9769862,-0.1364855,0.1330468,0.9816671,False,-1,-1,0,0,0,-1
2026-06-24 11:19:04.591,57.50283,False,19.15174,0.811359,-9.274474,-0.08219732,-0.05905664,0.1971429,0.9751362,-0.1475858,0.137022,0.9795119,False,-1,-1,0,0,0,-1
2026-06-24 11:19:04.636,57.54745,False,19.14914,0.811785,-9.274349,-0.07911193,-0.05613289,0.2021592,0.9745368,-0.1413936,0.1314994,0.9811808,False,-1,-1,0,0,0,-1
2026-06-24 11:19:04.680,57.59166,False,19.14535,0.8122001,-9.272736,-0.07792513,-0.05491439,0.2033921,0.9744453,-0.1387209,0.1295293,0.9818242,False,-1,-1,0,0,0,-1
2026-06-24 11:19:04.734,57.63844,False,19.14147,0.8119352,-9.271463,-0.07661765,-0.05354989,0.2044839,0.9743965,-0.1356918,0.1274118,0.9825243,False,-1,-1,0,0,0,-1
2026-06-24 11:19:04.781,57.68494,False,19.13412,0.8108681,-9.269011,-0.07662285,-0.04993047,0.2095049,0.9735212,-0.1293225,0.1282666,0.9832718,False,-1,-1,0,0,0,-1
2026-06-24 11:19:04.819,57.72329,False,19.12965,0.8093966,-9.267807,-0.07531226,-0.05290628,0.2143345,0.9724144,-0.1351777,0.1237902,0.983058,False,-1,-1,0,0,0,-1
2026-06-24 11:19:04.859,57.76316,False,19.12375,0.8074417,-9.266748,-0.07320075,-0.05340468,0.2167955,0.9720027,-0.1355582,0.1191469,0.9835792,False,-1,-1,0,0,0,-1
2026-06-24 11:19:04.898,57.80088,False,19.11896,0.8069068,-9.26689,-0.0736993,-0.0554809,0.2138068,0.9725106,-0.1394264,0.1196223,0.9829805,False,-1,-1,0,0,0,-1
2026-06-24 11:19:04.944,57.84828,False,19.11546,0.8073547,-9.268549,-0.07743105,-0.05591556,0.2155723,0.9718058,-0.1420621,0.1263882,0.9817558,False,-1,-1,0,0,0,-1
2026-06-24 11:19:04.985,57.88882,False,19.10717,0.8076324,-9.264109,-0.07750095,-0.05048531,0.219982,0.971109,-0.1321511,0.128312,0.9828897,False,-1,-1,0,0,0,-1
2026-06-24 11:19:05.022,57.92559,False,19.10727,0.8060076,-9.267507,-0.072057,-0.03685116,0.2179876,0.97259,-0.1030972,0.1240976,0.9868996,False,-1,-1,0,0,0,-1
2026-06-24 11:19:05.077,57.98237,False,19.11136,0.8044723,-9.271249,-0.06642225,-0.003733199,0.2051166,0.9764739,-0.03453935,0.1281877,0.9911483,False,-1,-1,0,0,0,-1
2026-06-24 11:19:05.118,58.022,False,19.11442,0.8032194,-9.274126,-0.06708612,0.0158107,0.198124,0.9777507,0.004335104,0.1374519,0.990499,False,-1,-1,0,0,0,-1
2026-06-24 11:19:05.177,58.08252,False,19.11651,0.7993213,-9.275226,-0.06312168,0.03938374,0.1847247,0.9799701,0.05386951,0.138265,0.9889292,False,-1,-1,0,0,0,-1
2026-06-24 11:19:05.215,58.1186,False,19.11367,0.7996251,-9.273054,-0.0643163,0.04671893,0.1809803,0.9802688,0.06831424,0.1430049,0.9873615,False,-1,-1,0,0,0,-1
2026-06-24 11:19:05.280,58.18377,False,19.10788,0.7993217,-9.269509,-0.05658771,0.04653697,0.1884296,0.97935,0.06982636,0.1283762,0.9892643,False,-1,-1,0,0,0,-1
2026-06-24 11:19:05.347,58.25052,False,19.1017,0.8003442,-9.262897,-0.03301532,0.04043919,0.1929244,0.9798239,0.06650765,0.08030182,0.9945493,False,-1,-1,0,0,0,-1
2026-06-24 11:19:05.413,58.31533,False,19.09446,0.8016822,-9.253469,-0.01221873,0.03347083,0.1995508,0.9792395,0.0606754,0.03728839,0.9974608,False,-1,-1,0,0,0,-1
2026-06-24 11:19:05.452,58.3562,False,19.09118,0.8015715,-9.247426,-0.006114781,0.03013208,0.2013193,0.979043,0.05653916,0.0241056,0.9981093,False,-1,-1,0,0,0,-1
2026-06-24 11:19:05.512,58.41632,False,19.08667,0.8011166,-9.237216,0.001342803,0.01831498,0.2076471,0.9780315,0.03638291,0.004979496,0.9993255,False,-1,-1,0,0,0,-1
2026-06-24 11:19:05.550,58.45454,False,19.08552,0.8016811,-9.232454,0.000731644,0.009219385,0.2119113,0.9772452,0.01832929,0.002477392,0.9998289,False,-1,-1,0,0,0,-1
2026-06-24 11:19:05.588,58.49154,False,19.08459,0.8020557,-9.22843,0.001309551,-0.001946845,0.2150407,0.9766023,-0.003239373,-0.003395122,0.999989,False,-1,-1,0,0,0,-1
2026-06-24 11:19:05.623,58.52734,False,19.08391,0.8029702,-9.223821,0.003064353,-0.01614521,0.2208615,0.9751667,-0.03013494,-0.01310822,0.9994599,False,-1,-1,0,0,0,-1
2026-06-24 11:19:05.660,58.56271,False,19.08454,0.8038602,-9.221031,0.005945171,-0.02749003,0.2250239,0.9739473,-0.05087207,-0.02395239,0.9984179,False,-1,-1,0,0,0,-1
2026-06-24 11:19:05.724,58.62969,False,19.08533,0.8049541,-9.215838,0.01659981,-0.04335419,0.2256103,0.9731109,-0.07688671,-0.05186921,0.9956897,False,-1,-1,0,0,0,-1
2026-06-24 11:19:05.773,58.67619,False,19.08724,0.8049793,-9.213638,0.0272126,-0.05353757,0.22187,0.973225,-0.09213289,-0.07672472,0.9927864,False,-1,-1,0,0,0,-1
2026-06-24 11:19:05.806,58.71803,False,19.08892,0.8047069,-9.21187,0.03578264,-0.06039851,0.2168631,0.9736745,-0.1020971,-0.0958777,0.9901432,False,-1,-1,0,0,0,-1
2026-06-24 11:19:05.842,58.75459,False,19.08445,0.8011532,-9.204826,0.04088808,-0.06391262,0.21242,0.9742284,-0.1071601,-0.1068213,0.9884867,False,-1,-1,0,0,0,-1
2026-06-24 11:19:05.887,58.79873,False,19.08614,0.8019325,-9.204381,0.03869152,-0.06770501,0.2113496,0.9742948,-0.1155744,-0.1040127,0.987838,False,-1,-1,0,0,0,-1
2026-06-24 11:19:05.937,58.84814,False,19.08743,0.8038926,-9.202662,0.03325792,-0.07152259,0.2122888,0.9740185,-0.1252081,-0.09515455,0.9875569,False,-1,-1,0,0,0,-1
2026-06-24 11:19:05.976,58.88803,False,19.08599,0.8016787,-9.200202,0.02821254,-0.0712264,0.209203,0.9748666,-0.1270682,-0.08480848,0.9882617,False,-1,-1,0,0,0,-1
2026-06-24 11:19:06.022,58.93301,False,19.08785,0.8002502,-9.199697,0.02723987,-0.07290301,0.2030546,0.9760697,-0.1312545,-0.08278261,0.9878863,False,-1,-1,0,0,0,-1
2026-06-24 11:19:06.067,58.97875,False,19.08957,0.7994345,-9.199843,0.02542133,-0.07262261,0.1971249,0.9773543,-0.1319337,-0.07832274,0.9881594,False,-1,-1,0,0,0,-1
2026-06-24 11:19:06.110,59.02247,False,19.09019,0.8018801,-9.199889,0.02248912,-0.07266009,0.1961675,0.977616,-0.1332441,-0.07247853,0.9884295,False,-1,-1,0,0,0,-1
2026-06-24 11:19:06.156,59.06713,False,19.09105,0.8022781,-9.200672,0.02035749,-0.0730847,0.1975801,0.9773466,-0.1348137,-0.06867281,0.9884884,False,-1,-1,0,0,0,-1
2026-06-24 11:19:06.201,59.11252,False,19.09088,0.8022363,-9.200875,0.02154578,-0.07266421,0.1978132,0.9773054,-0.1335062,-0.07086149,0.9885114,False,-1,-1,0,0,0,-1
2026-06-24 11:19:06.247,59.15843,False,19.09147,0.8021981,-9.20121,0.02321451,-0.07069187,0.1974686,0.9774814,-0.1290317,-0.07330236,0.9889275,False,-1,-1,0,0,0,-1
2026-06-24 11:19:06.290,59.20162,False,19.09164,0.8022475,-9.202198,0.0228333,-0.06839985,0.1978858,0.9775691,-0.1246944,-0.07171297,0.9896002,False,-1,-1,0,0,0,-1
2026-06-24 11:19:06.335,59.246,False,19.08964,0.8022814,-9.20158,0.02358125,-0.06655342,0.1987131,0.977511,-0.1207416,-0.07255193,0.9900292,False,-1,-1,0,0,0,-1
2026-06-24 11:19:06.379,59.29042,False,19.0895,0.8024198,-9.202959,0.02341148,-0.06520779,0.1995054,0.9774444,-0.1181325,-0.07178545,0.9903997,False,-1,-1,0,0,0,-1
2026-06-24 11:19:06.424,59.33456,False,19.08932,0.8026344,-9.204187,0.02210492,-0.06474081,0.2007602,0.9772489,-0.1176602,-0.06919877,0.99064,False,-1,-1,0,0,0,-1
2026-06-24 11:19:06.469,59.37891,False,19.08964,0.8024731,-9.205472,0.02134496,-0.06445186,0.2009503,0.9772458,-0.1173921,-0.06762178,0.9907807,False,-1,-1,0,0,0,-1
2026-06-24 11:19:06.523,59.4343,False,19.08996,0.8023134,-9.206694,0.02069681,-0.06415181,0.2010682,0.9772552,-0.1170624,-0.06624991,0.9909124,False,-1,-1,0,0,0,-1
2026-06-24 11:19:06.568,59.47889,False,19.09036,0.8024818,-9.2078,0.01993847,-0.06343848,0.201611,0.9772058,-0.1159453,-0.06454777,0.991156,False,-1,-1,0,0,0,-1
2026-06-24 11:19:06.612,59.52354,False,19.09127,0.8021986,-9.208948,0.02033591,-0.0626315,0.2010476,0.9773657,-0.1142508,-0.06493507,0.9913275,False,-1,-1,0,0,0,-1
2026-06-24 11:19:06.664,59.57481,False,19.0924,0.802022,-9.209826,0.02077294,-0.06174282,0.199928,0.9776427,-0.1124186,-0.06530526,0.9915126,False,-1,-1,0,0,0,-1
2026-06-24 11:19:06.700,59.61214,False,19.09398,0.8016442,-9.210758,0.02151234,-0.06149787,0.1980948,0.9780152,-0.1117687,-0.06644361,0.9915105,False,-1,-1,0,0,0,-1
2026-06-24 11:19:06.745,59.6566,False,19.09565,0.8011067,-9.211528,0.02104188,-0.06243179,0.196845,0.9782186,-0.1138599,-0.06574588,0.991319,False,-1,-1,0,0,0,-1
2026-06-24 11:19:06.790,59.701,False,19.09686,0.8006657,-9.211748,0.01994208,-0.06422711,0.1959949,0.9782961,-0.1178492,-0.06419489,0.9909544,False,-1,-1,0,0,0,-1
2026-06-24 11:19:06.834,59.7454,False,19.09866,0.8000233,-9.212284,0.01945717,-0.06624746,0.1944772,0.978474,-0.1220749,-0.06384391,0.9904654,False,-1,-1,0,0,0,-1
2026-06-24 11:19:06.879,59.78981,False,19.09153,0.8003052,-9.202566,0.02072231,-0.06829444,0.1928038,0.9786384,-0.1256804,-0.06689414,0.9898129,False,-1,-1,0,0,0,-1
2026-06-24 11:19:06.923,59.83431,False,19.09171,0.8006318,-9.201557,0.01979432,-0.06987144,0.191014,0.9788973,-0.1292319,-0.06544606,0.9894524,False,-1,-1,0,0,0,-1
2026-06-24 11:19:06.968,59.87874,False,19.09222,0.8005109,-9.200784,0.01825459,-0.07173556,0.1902335,0.9789443,-0.133505,-0.06303348,0.9890416,False,-1,-1,0,0,0,-1
2026-06-24 11:19:07.000,59.9123,False,19.09269,0.8002089,-9.200593,0.01839258,-0.0728071,0.1894162,0.9790211,-0.1355917,-0.06359515,0.9887217,False,-1,-1,0,0,0,-1
2026-06-24 11:19:07.046,59.95658,False,19.09328,0.7999899,-9.200413,0.01802852,-0.07429683,0.1885115,0.9790906,-0.1386895,-0.06331473,0.9883099,False,-1,-1,0,0,0,-1
2026-06-24 11:19:07.078,59.98993,False,19.09367,0.7996552,-9.200172,0.01754395,-0.07542285,0.1878753,0.9791356,-0.1411062,-0.06269599,0.9880072,False,-1,-1,0,0,0,-1
2026-06-24 11:19:07.113,60.02355,False,19.09395,0.799484,-9.199913,0.01680746,-0.07627818,0.1876229,0.9791307,-0.1430657,-0.06153646,0.9877983,False,-1,-1,0,0,0,-1
2026-06-24 11:19:07.157,60.06843,False,19.09424,0.7994186,-9.200033,0.01622734,-0.07722766,0.1874126,0.9791062,-0.1451458,-0.06072345,0.9875451,False,-1,-1,0,0,0,-1
2026-06-24 11:19:07.200,60.11234,False,19.09301,0.8000493,-9.198853,0.01655313,-0.0773515,0.1870673,0.9791571,-0.1452854,-0.06135611,0.9874855,False,-1,-1,0,0,0,-1
2026-06-24 11:19:07.235,60.1457,False,19.09315,0.7993,-9.19939,0.01652049,-0.07672057,0.1868028,0.9792578,-0.1440863,-0.06101887,0.987682,False,-1,-1,0,0,0,-1
2026-06-24 11:19:07.279,60.19011,False,19.09289,0.7991524,-9.199602,0.01610671,-0.07599171,0.1864683,0.9793853,-0.1428435,-0.05988944,0.9879317,False,-1,-1,0,0,0,-1
2026-06-24 11:19:07.322,60.23451,False,19.09209,0.7992754,-9.199455,0.01564975,-0.07544575,0.1859207,0.979539,-0.1419849,-0.05871293,0.988126,False,-1,-1,0,0,0,-1
2026-06-24 11:19:07.357,60.26785,False,19.09218,0.7992553,-9.19985,0.01500716,-0.07517305,0.1857704,0.9795985,-0.141703,-0.05733183,0.9882476,False,-1,-1,0,0,0,-1
2026-06-24 11:19:07.400,60.31224,False,19.09171,0.7989131,-9.199728,0.0141021,-0.074823,0.1858837,0.9796172,-0.1413531,-0.05544607,0.9884053,False,-1,-1,0,0,0,-1
2026-06-24 11:19:07.434,60.34583,False,19.09188,0.7989548,-9.200264,0.01347869,-0.07454478,0.1860402,0.9796175,-0.1410356,-0.05414458,0.9885228,False,-1,-1,0,0,0,-1
2026-06-24 11:19:07.468,60.37927,False,19.0913,0.7990127,-9.199859,0.01331954,-0.07390043,0.1856097,0.9797502,-0.1398634,-0.05353291,0.9887226,False,-1,-1,0,0,0,-1
2026-06-24 11:19:07.511,60.42346,False,19.09173,0.7986163,-9.200389,0.01307226,-0.07350358,0.1850325,0.9798925,-0.1392136,-0.05281993,0.9888527,False,-1,-1,0,0,0,-1
2026-06-24 11:19:07.545,60.45686,False,19.09215,0.7985373,-9.200659,0.01292456,-0.0737763,0.1847411,0.9799289,-0.1398157,-0.05258934,0.98878,False,-1,-1,0,0,0,-1
2026-06-24 11:19:07.579,60.49026,False,19.09164,0.7987667,-9.200042,0.01307991,-0.07316729,0.1841781,0.9800785,-0.1386013,-0.0525903,0.9889509,False,-1,-1,0,0,0,-1
2026-06-24 11:19:07.622,60.53447,False,19.09204,0.7983258,-9.200212,0.01327781,-0.07329091,0.1832053,0.9802489,-0.1388215,-0.05288569,0.9889043,False,-1,-1,0,0,0,-1
2026-06-24 11:19:07.656,60.56794,False,19.09179,0.7986363,-9.19971,0.01312398,-0.07316516,0.1826629,0.9803616,-0.1386621,-0.05246162,0.9889492,False,-1,-1,0,0,0,-1
2026-06-24 11:19:07.691,60.60139,False,19.09221,0.7984612,-9.199724,0.01269625,-0.07381866,0.1824627,0.9803556,-0.1401039,-0.05183199,0.9887792,False,-1,-1,0,0,0,-1
2026-06-24 11:19:07.735,60.64561,False,19.09204,0.7982228,-9.19919,0.01225039,-0.0746107,0.1818561,0.980414,-0.1418431,-0.05115773,0.9885663,False,-1,-1,0,0,0,-1
2026-06-24 11:19:07.767,60.67908,False,19.0924,0.7980934,-9.199093,0.01191502,-0.07560419,0.1812817,0.9804484,-0.1439321,-0.05077544,0.9882841,False,-1,-1,0,0,0,-1
2026-06-24 11:19:07.812,60.72341,False,19.09234,0.7980283,-9.19836,0.01135749,-0.0764457,0.1805164,0.980531,-0.1458143,-0.04987214,0.9880541,False,-1,-1,0,0,0,-1
2026-06-24 11:19:07.846,60.75675,False,19.09272,0.7980113,-9.198349,0.01134112,-0.07714641,0.1800026,0.9805707,-0.1472122,-0.05001464,0.9878396,False,-1,-1,0,0,0,-1
2026-06-24 11:19:07.890,60.80113,False,19.09322,0.7979352,-9.198414,0.01152957,-0.0779328,0.1795187,0.980595,-0.1487015,-0.05059248,0.9875871,False,-1,-1,0,0,0,-1
2026-06-24 11:19:07.934,60.84562,False,19.09266,0.7974225,-9.197689,0.01133385,-0.07823554,0.1793636,0.9806016,-0.14937,-0.0502932,0.9875015,False,-1,-1,0,0,0,-1
2026-06-24 11:19:07.968,60.87907,False,19.09239,0.7975823,-9.197507,0.01096564,-0.07865307,0.179094,0.9806217,-0.15033,-0.04967887,0.9873869,False,-1,-1,0,0,0,-1
2026-06-24 11:19:08.001,60.91242,False,19.09255,0.7976478,-9.197765,0.01039154,-0.07892501,0.179101,0.9806048,-0.1510662,-0.04865108,0.9873257,False,-1,-1,0,0,0,-1
2026-06-24 11:19:08.053,60.96367,False,19.09279,0.7977625,-9.198223,0.009629317,-0.07934176,0.179292,0.980544,-0.1521432,-0.04733463,0.9872243,False,-1,-1,0,0,0,-1
2026-06-24 11:19:08.090,61.00105,False,19.09197,0.7977401,-9.197618,0.009273083,-0.07905628,0.1789322,0.9806362,-0.1517324,-0.04647847,0.9873282,False,-1,-1,0,0,0,-1
2026-06-24 11:19:08.135,61.04542,False,19.09212,0.7977303,-9.197738,0.009215514,-0.07812932,0.1782842,0.9808291,-0.1499771,-0.04593613,0.9876218,False,-1,-1,0,0,0,-1
2026-06-24 11:19:08.179,61.08988,False,19.09188,0.7977844,-9.197744,0.009655242,-0.07703941,0.1781964,0.980927,-0.147699,-0.04639847,0.9879434,False,-1,-1,0,0,0,-1
2026-06-24 11:19:08.223,61.13437,False,19.09182,0.7977828,-9.197826,0.01089039,-0.07615187,0.1777619,0.9810622,-0.1455476,-0.0484421,0.9881646,False,-1,-1,0,0,0,-1
2026-06-24 11:19:08.267,61.17868,False,19.0908,0.7970524,-9.197276,0.01160327,-0.0743643,0.177902,0.9811658,-0.1417989,-0.04922859,0.9886706,False,-1,-1,0,0,0,-1
2026-06-24 11:19:08.312,61.2231,False,19.09116,0.79726,-9.197696,0.01285469,-0.073782,0.1783281,0.9811168,-0.1401928,-0.0515387,0.9887819,False,-1,-1,0,0,0,-1
2026-06-24 11:19:08.346,61.25649,False,19.09078,0.7978806,-9.197476,0.01377804,-0.07285824,0.1782447,0.9811884,-0.1380636,-0.0530109,0.9890037,False,-1,-1,0,0,0,-1
2026-06-24 11:19:08.390,61.30083,False,19.09071,0.798057,-9.197476,0.01397551,-0.07241256,0.1785551,0.9811621,-0.1371061,-0.05328375,0.9891222,False,-1,-1,0,0,0,-1
2026-06-24 11:19:08.423,61.33418,False,19.09102,0.7981212,-9.197725,0.01333863,-0.07237739,0.178709,0.9811456,-0.1372581,-0.05204326,0.9891672,False,-1,-1,0,0,0,-1
2026-06-24 11:19:08.456,61.36757,False,19.09083,0.7977102,-9.197355,0.0132514,-0.07244543,0.1782574,0.9812239,-0.1374461,-0.05183305,0.9891521,False,-1,-1,0,0,0,-1
2026-06-24 11:19:08.501,61.41191,False,19.09143,0.7974998,-9.197678,0.01302746,-0.07295962,0.1770414,0.981409,-0.1385936,-0.05140427,0.9890144,False,-1,-1,0,0,0,-1
2026-06-24 11:19:08.534,61.44525,False,19.0919,0.797461,-9.197937,0.0125242,-0.07354527,0.1764188,0.9814839,-0.139948,-0.05053414,0.9888685,False,-1,-1,0,0,0,-1
2026-06-24 11:19:08.570,61.48086,False,19.09262,0.7973136,-9.19801,0.01214703,-0.07414624,0.175721,0.9815686,-0.1412903,-0.04990439,0.9887096,False,-1,-1,0,0,0,-1
2026-06-24 11:19:08.613,61.52336,False,19.09211,0.7972573,-9.196476,0.01229722,-0.07376993,0.1740489,0.9818929,-0.1405877,-0.04982825,0.9888136,False,-1,-1,0,0,0,-1
2026-06-24 11:19:08.645,61.55669,False,19.09262,0.7970268,-9.196295,0.01284701,-0.07317027,0.1720807,0.9822776,-0.1393256,-0.05042105,0.9889621,False,-1,-1,0,0,0,-1
2026-06-24 11:19:08.679,61.59005,False,19.09353,0.7964827,-9.196457,0.01365517,-0.07236525,0.1695062,0.9827739,-0.1376081,-0.0513726,0.9891536,False,-1,-1,0,0,0,-1
2026-06-24 11:19:08.723,61.63446,False,19.0949,0.7953534,-9.196659,0.01653677,-0.07058431,0.1649202,0.983639,-0.1334045,-0.05581398,0.9894888,False,-1,-1,0,0,0,-1
2026-06-24 11:19:08.767,61.67879,False,19.0968,0.7932005,-9.197412,0.02329911,-0.06760003,0.1586425,0.9847436,-0.1257449,-0.06733578,0.9897748,False,-1,-1,0,0,0,-1
2026-06-24 11:19:08.801,61.71226,False,19.09875,0.7915608,-9.197941,0.03170952,-0.06386895,0.1519508,0.9858125,-0.116289,-0.08192916,0.9898306,False,-1,-1,0,0,0,-1
2026-06-24 11:19:08.845,61.75655,False,19.10175,0.7885171,-9.199724,0.04436589,-0.05866449,0.1397913,0.9874455,-0.103452,-0.1040194,0.9891803,False,-1,-1,0,0,0,-1
2026-06-24 11:19:08.879,61.78991,False,19.10415,0.7859773,-9.201518,0.05191989,-0.05556838,0.1317553,0.9883608,-0.09616178,-0.117274,0.9884329,False,-1,-1,0,0,0,-1
2026-06-24 11:19:08.923,61.83438,False,19.10698,0.7837528,-9.205304,0.05685279,-0.05241312,0.1247523,0.9891701,-0.08950595,-0.1255515,0.9880412,False,-1,-1,0,0,0,-1
2026-06-24 11:19:08.966,61.87873,False,19.10953,0.7821002,-9.209556,0.05587665,-0.04923968,0.1212147,0.9898284,-0.08393152,-0.1225537,0.9889065,False,-1,-1,0,0,0,-1
2026-06-24 11:19:09.013,61.92328,False,19.11223,0.7798339,-9.212222,0.05410324,-0.04639717,0.1170032,0.9905707,-0.07925886,-0.1180434,0.9898403,False,-1,-1,0,0,0,-1
2026-06-24 11:19:09.049,61.96027,False,19.1132,0.780005,-9.213081,0.05377452,-0.03929304,0.1144082,0.9911988,-0.06558993,-0.1155934,0.9911287,False,-1,-1,0,0,0,-1
2026-06-24 11:19:09.090,62.00104,False,19.11789,0.7791121,-9.217184,0.05772026,-0.02608286,0.1090162,0.99202,-0.03916455,-0.1202062,0.9919761,False,-1,-1,0,0,0,-1
2026-06-24 11:19:09.123,62.03462,False,19.11872,0.7782549,-9.21848,0.06639627,-0.006626561,0.1059918,0.9921257,0.0009261547,-0.1331516,0.9910952,False,-1,-1,0,0,0,-1
2026-06-24 11:19:09.167,62.07882,False,19.12158,0.777643,-9.220995,0.08347678,0.01556779,0.1000952,0.9913477,0.04757743,-0.1623925,0.9855785,False,-1,-1,0,0,0,-1
2026-06-24 11:19:09.200,62.11228,False,19.12343,0.7780756,-9.223468,0.09743186,0.0355427,0.09613506,0.9899504,0.08910425,-0.1860716,0.9784875,False,-1,-1,0,0,0,-1
2026-06-24 11:19:09.235,62.14624,False,19.11939,0.7772616,-9.221436,0.1113086,0.05683419,0.09012967,0.9880571,0.1323753,-0.2097136,0.9687606,False,-1,-1,0,0,0,-1
2026-06-24 11:19:09.278,62.1898,False,19.12128,0.7756877,-9.226742,0.1302352,0.07679942,0.07861144,0.9853735,0.1718282,-0.244586,0.9542813,False,-1,-1,0,0,0,-1
2026-06-24 11:19:09.322,62.23407,False,19.11463,0.7769639,-9.226892,0.1431756,0.08967721,0.08872736,0.9816243,0.2014658,-0.2651756,0.9429175,False,-1,-1,0,0,0,-1
2026-06-24 11:19:09.357,62.26744,False,19.11014,0.7777903,-9.227915,0.1544641,0.08941779,0.0881914,0.9799835,0.2025007,-0.2869728,0.9362906,False,-1,-1,0,0,0,-1
2026-06-24 11:19:09.391,62.30161,False,19.1056,0.7793654,-9.229475,0.1655431,0.09364181,0.08367292,0.9781746,0.210899,-0.3081895,0.9276534,False,-1,-1,0,0,0,-1
2026-06-24 11:19:09.424,62.33569,False,19.10211,0.7775761,-9.230731,0.1723386,0.09468252,0.0792141,0.9772716,0.2123644,-0.3218428,0.9226693,False,-1,-1,0,0,0,-1
2026-06-24 11:19:09.467,62.37872,False,19.09933,0.7758431,-9.231663,0.1768794,0.09381772,0.07564659,0.9768263,0.2100479,-0.3313669,0.9198238,False,-1,-1,0,0,0,-1
2026-06-24 11:19:09.515,62.42619,False,19.09866,0.7756833,-9.231578,0.1713835,0.09722456,0.07553847,0.9774809,0.2159624,-0.3203598,0.9223502,False,-1,-1,0,0,0,-1
2026-06-24 11:19:09.557,62.46719,False,19.09968,0.7765782,-9.230763,0.1644376,0.0991521,0.07754299,0.9783232,0.2195076,-0.3063692,0.9262583,False,-1,-1,0,0,0,-1
2026-06-24 11:19:09.600,62.51184,False,19.10033,0.7767978,-9.229524,0.1583981,0.09887513,0.07257307,0.979728,0.2167323,-0.2960228,0.9302675,False,-1,-1,0,0,0,-1
2026-06-24 11:19:09.645,62.55595,False,19.1054,0.7736989,-9.234192,0.1651842,0.09838206,0.06773525,0.9790031,0.2150103,-0.3101038,0.9260703,False,-1,-1,0,0,0,-1
2026-06-24 11:19:09.678,62.58929,False,19.10502,0.7700056,-9.2337,0.1805745,0.09661151,0.06987863,0.9763074,0.2138817,-0.3390903,0.9161181,False,-1,-1,0,0,0,-1
2026-06-24 11:19:09.711,62.62266,False,19.10417,0.7664534,-9.233025,0.1991363,0.09676138,0.07437563,0.9723427,0.2177922,-0.372864,0.9019639,False,-1,-1,0,0,0,-1
2026-06-24 11:19:09.756,62.66709,False,19.10525,0.7652214,-9.233325,0.22378,0.09196305,0.07378066,0.9674822,0.2109665,-0.4194361,0.8829306,False,-1,-1,0,0,0,-1
2026-06-24 11:19:09.801,62.71169,False,19.10605,0.7674081,-9.231968,0.2350975,0.09480607,0.0614483,0.9653834,0.2119411,-0.4422671,0.871482,False,-1,-1,0,0,0,-1
2026-06-24 11:19:09.835,62.74537,False,19.10745,0.7720532,-9.230646,0.2344938,0.09848014,0.04362777,0.966132,0.2107505,-0.4445109,0.8706287,False,-1,-1,0,0,0,-1
2026-06-24 11:19:09.867,62.77936,False,19.10935,0.776549,-9.228453,0.2281359,0.1086421,0.02600936,0.9671993,0.2220244,-0.4356543,0.8723018,False,-1,-1,0,0,0,-1
2026-06-24 11:19:09.912,62.82293,False,19.11244,0.7828144,-9.227672,0.2185174,0.113624,0.00323355,0.9691901,0.2216597,-0.4228349,0.8786795,False,-1,-1,0,0,0,-1
2026-06-24 11:19:09.957,62.86737,False,19.11481,0.7867708,-9.228382,0.2107736,0.120561,-0.01072838,0.9700126,0.2293689,-0.4114929,0.8820791,False,-1,-1,0,0,0,-1
2026-06-24 11:19:09.990,62.90116,False,19.11651,0.788285,-9.23042,0.2077818,0.1214458,-0.00835053,0.970571,0.2322734,-0.4053623,0.8841553,False,-1,-1,0,0,0,-1
2026-06-24 11:19:10.034,62.94511,False,19.1176,0.7887385,-9.234141,0.2090511,0.1204017,-0.0009614135,0.9704639,0.233289,-0.4059846,0.8836021,False,-1,-1,0,0,0,-1
2026-06-24 11:19:10.078,62.98894,False,19.11694,0.7883517,-9.238646,0.2155132,0.1162396,0.0008988827,0.9695575,0.2257894,-0.4176959,0.8800848,False,-1,-1,0,0,0,-1
2026-06-24 11:19:10.111,63.02251,False,19.11601,0.787504,-9.241808,0.2210597,0.1112718,0.003214593,0.9688864,0.2170406,-0.4276482,0.8775024,False,-1,-1,0,0,0,-1
2026-06-24 11:19:10.146,63.05659,False,19.11514,0.7862631,-9.24464,0.2235901,0.1079653,0.006239301,0.9686651,0.2119544,-0.4318206,0.876702,False,-1,-1,0,0,0,-1
2026-06-24 11:19:10.189,63.1006,False,19.11452,0.7852256,-9.247131,0.2236198,0.1043589,0.00632987,0.9690529,0.2050895,-0.4320776,0.8782068,False,-1,-1,0,0,0,-1
2026-06-24 11:19:10.222,63.13423,False,19.11389,0.7845894,-9.247769,0.2179351,0.1056047,0.004865109,0.9702207,0.2070403,-0.4218628,0.8827039,False,-1,-1,0,0,0,-1
2026-06-24 11:19:10.255,63.16782,False,19.1139,0.7838298,-9.247898,0.2104484,0.1089396,0.003307322,0.9715105,0.2130639,-0.4081851,0.8876873,False,-1,-1,0,0,0,-1
2026-06-24 11:19:10.300,63.21151,False,19.11236,0.7811964,-9.250054,0.2059325,0.1138551,0.008497203,0.9718831,0.2248075,-0.3983498,0.8892576,False,-1,-1,0,0,0,-1
2026-06-24 11:19:10.344,63.2558,False,19.11269,0.7816113,-9.250958,0.1897585,0.1188152,0.01011053,0.9745627,0.2354229,-0.3674606,0.8997493,False,-1,-1,0,0,0,-1
2026-06-24 11:19:10.378,63.28933,False,19.11391,0.7837684,-9.251392,0.1775875,0.1269849,0.007746552,0.9758471,0.2505872,-0.344629,0.904675,False,-1,-1,0,0,0,-1
2026-06-24 11:19:10.413,63.32438,False,19.11537,0.7869557,-9.25222,0.1692163,0.1317639,0.00127865,0.9767305,0.2578283,-0.3302204,0.9080083,False,-1,-1,0,0,0,-1
2026-06-24 11:19:10.455,63.36709,False,19.11711,0.7908332,-9.253807,0.1678783,0.1351723,-0.005362376,0.9764817,0.2621861,-0.3293099,0.9070906,False,-1,-1,0,0,0,-1
2026-06-24 11:19:10.500,63.41151,False,19.11837,0.7935674,-9.254297,0.1752591,0.1362432,-0.001961246,0.9750478,0.2649998,-0.3423063,0.9014441,False,-1,-1,0,0,0,-1
2026-06-24 11:19:10.534,63.44503,False,19.11861,0.7941689,-9.254124,0.1844151,0.1367504,-0.00149291,0.9732873,0.2656443,-0.3593861,0.8945808,False,-1,-1,0,0,0,-1
2026-06-24 11:19:10.567,63.4785,False,19.11811,0.7925009,-9.253238,0.1900567,0.1352428,-0.001595649,0.9724121,0.262417,-0.3700585,0.8911757,False,-1,-1,0,0,0,-1
2026-06-24 11:19:10.600,63.51185,False,19.1167,0.7887052,-9.252534,0.1915508,0.1337357,0.001390967,0.9723277,0.2606028,-0.3721282,0.8908461,False,-1,-1,0,0,0,-1
2026-06-24 11:19:10.644,63.55525,False,19.11392,0.7824123,-9.251971,0.1860547,0.1310274,0.008485176,0.9737266,0.2583271,-0.3601093,0.8964309,False,-1,-1,0,0,0,-1
2026-06-24 11:19:10.689,63.60012,False,19.11083,0.7766837,-9.251982,0.1691419,0.1350858,0.009731597,0.9762419,0.2670449,-0.3276177,0.9062857,False,-1,-1,0,0,0,-1
2026-06-24 11:19:10.734,63.64432,False,19.10803,0.7716449,-9.25133,0.1426423,0.1438963,0.008001832,0.9792257,0.2840967,-0.2770552,0.917894,False,-1,-1,0,0,0,-1
2026-06-24 11:19:10.766,63.67778,False,19.10583,0.7683641,-9.250408,0.1230821,0.1515988,0.00880432,0.9807095,0.299516,-0.238746,0.9237372,False,-1,-1,0,0,0,-1
2026-06-24 11:19:10.810,63.72256,False,19.10465,0.7658635,-9.249953,0.101447,0.1581806,0.01121811,0.9821209,0.3129811,-0.1957175,0.9293748,False,-1,-1,0,0,0,-1
2026-06-24 11:19:10.856,63.76707,False,19.10329,0.7649403,-9.248253,0.09285843,0.1624049,0.0119813,0.9822721,0.3212768,-0.1785328,0.9300039,False,-1,-1,0,0,0,-1
2026-06-24 11:19:10.890,63.80123,False,19.10194,0.7659623,-9.246408,0.09803619,0.1587226,0.008308875,0.9824088,0.31349,-0.1899856,0.9303921,False,-1,-1,0,0,0,-1
2026-06-24 11:19:10.933,63.84448,False,19.09999,0.7667616,-9.243044,0.1142587,0.1510803,-0.008994088,0.9818548,0.2946225,-0.2270885,0.9282394,False,-1,-1,0,0,0,-1
2026-06-24 11:19:10.967,63.87828,False,19.09769,0.7671888,-9.240566,0.1315633,0.1453446,-0.01849398,0.9804204,0.2801315,-0.2633506,0.9231321,False,-1,-1,0,0,0,-1
2026-06-24 11:19:11.012,63.92266,False,19.09311,0.7678433,-9.237311,0.1522537,0.1323517,-0.01178546,0.9793686,0.2556535,-0.3013446,0.9186037,False,-1,-1,0,0,0,-1
2026-06-24 11:19:11.045,63.95642,False,19.08903,0.7674029,-9.234134,0.1616736,0.1227556,0.0008123223,0.9791793,0.2406622,-0.3164154,0.9175854,False,-1,-1,0,0,0,-1
2026-06-24 11:19:11.079,63.98993,False,19.08435,0.76615,-9.230503,0.1651541,0.1162701,0.009647251,0.9793428,0.2309231,-0.3212415,0.9184108,False,-1,-1,0,0,0,-1
2026-06-24 11:19:11.123,64.03434,False,19.07745,0.7661245,-9.225881,0.1590184,0.1091751,0.0133958,0.9811292,0.2184902,-0.3091102,0.9255879,False,-1,-1,0,0,0,-1
2026-06-24 11:19:11.168,64.07904,False,19.07067,0.7681439,-9.222471,0.1432538,0.1066015,0.01440715,0.9838226,0.2138817,-0.2788011,0.9362289,False,-1,-1,0,0,0,-1
2026-06-24 11:19:11.211,64.12229,False,19.06393,0.7706647,-9.220469,0.1245115,0.1051295,0.01498376,0.9865192,0.2111558,-0.2425155,0.9468894,False,-1,-1,0,0,0,-1
2026-06-24 11:19:11.256,64.16713,False,19.05889,0.7731465,-9.220542,0.1047277,0.1040819,0.02092265,0.9888182,0.2102186,-0.2027579,0.9563981,False,-1,-1,0,0,0,-1
2026-06-24 11:19:11.292,64.20264,False,19.05638,0.7748138,-9.221251,0.08741899,0.1056283,0.02974317,0.9901091,0.2143674,-0.1668252,0.9624012,False,-1,-1,0,0,0,-1
2026-06-24 11:19:11.334,64.24487,False,19.05408,0.7757483,-9.221403,0.05928434,0.1075952,0.0396054,0.991635,0.2180862,-0.1090542,0.9698173,False,-1,-1,0,0,0,-1
2026-06-24 11:19:11.378,64.28878,False,19.05385,0.775521,-9.220993,0.03270933,0.1112758,0.04961396,0.9920112,0.2240194,-0.05385437,0.9730956,False,-1,-1,0,0,0,-1
2026-06-24 11:19:11.411,64.32243,False,19.05477,0.7752638,-9.220667,0.01675406,0.1157526,0.05507356,0.9916086,0.231408,-0.02047713,0.9726413,False,-1,-1,0,0,0,-1
2026-06-24 11:19:11.457,64.36797,False,19.05672,0.7750092,-9.219804,0.003003916,0.1210573,0.04920794,0.9914206,0.240333,0.00595767,0.9706722,False,-1,-1,0,0,0,-1
2026-06-24 11:19:11.500,64.4108,False,19.05844,0.7740425,-9.218072,-0.00311496,0.1257013,0.03476738,0.9914538,0.2490375,0.01491729,0.968379,False,-1,-1,0,0,0,-1
2026-06-24 11:19:11.536,64.4466,False,19.06031,0.7726537,-9.216799,-0.0007904221,0.1270984,0.02422549,0.991594,0.2520216,0.007725597,0.9676908,False,-1,-1,0,0,0,-1
2026-06-24 11:19:11.577,64.48839,False,19.06159,0.7706444,-9.214579,0.006069642,0.1274485,0.01390516,0.9917291,0.2529575,-0.008494499,0.9674401,False,-1,-1,0,0,0,-1
2026-06-24 11:19:11.621,64.53279,False,19.06281,0.7682267,-9.212717,0.014356,0.124901,0.004971263,0.9920529,0.2479594,-0.02724199,0.9683873,False,-1,-1,0,0,0,-1
2026-06-24 11:19:11.655,64.56622,False,19.06259,0.7666732,-9.211338,0.0190375,0.1216944,-0.0009856903,0.9923846,0.2414977,-0.03802495,0.9696561,False,-1,-1,0,0,0,-1
2026-06-24 11:19:11.691,64.60143,False,19.06284,0.7651145,-9.210962,0.0225478,0.117192,-0.005812345,0.9928362,0.2324428,-0.04613486,0.9715152,False,-1,-1,0,0,0,-1
2026-06-24 11:19:11.735,64.64587,False,19.0621,0.7629147,-9.210161,0.02531969,0.1107842,-0.01184113,0.9934514,0.2195178,-0.05293138,0.9741715,False,-1,-1,0,0,0,-1
2026-06-24 11:19:11.777,64.68853,False,19.06153,0.7611346,-9.209911,0.02600779,0.105652,-0.01894647,0.9938825,0.2090257,-0.05570084,0.9763225,False,-1,-1,0,0,0,-1
2026-06-24 11:19:11.811,64.72201,False,19.06118,0.7600892,-9.210126,0.02489851,0.1025336,-0.02365532,0.9941365,0.2026868,-0.05435596,0.9777339,False,-1,-1,0,0,0,-1
2026-06-24 11:19:11.856,64.76626,False,19.06097,0.7588429,-9.210768,0.02274765,0.1006288,-0.02882138,0.9942464,0.1987884,-0.05103405,0.9787127,False,-1,-1,0,0,0,-1
2026-06-24 11:19:11.900,64.81067,False,19.06137,0.7580927,-9.211945,0.0220329,0.09951025,-0.03112074,0.9943057,0.1965158,-0.05000854,0.9792245,False,-1,-1,0,0,0,-1
2026-06-24 11:19:11.932,64.84403,False,19.06204,0.7577715,-9.212962,0.02315523,0.1002076,-0.03051686,0.9942288,0.1978453,-0.05215924,0.9788445,False,-1,-1,0,0,0,-1
2026-06-24 11:19:11.978,64.88832,False,19.06302,0.7577928,-9.214273,0.0259366,0.100846,-0.03052718,0.9940953,0.1989175,-0.057724,0.9783148,False,-1,-1,0,0,0,-1
2026-06-24 11:19:12.010,64.9217,False,19.06387,0.7578399,-9.215283,0.02862778,0.1020782,-0.03181023,0.9938555,0.2010806,-0.06339801,0.977521,False,-1,-1,0,0,0,-1
2026-06-24 11:19:12.044,64.95506,False,19.06488,0.7574999,-9.216574,0.03084677,0.1033344,-0.03348105,0.9936043,0.2032815,-0.06821847,0.976741,False,-1,-1,0,0,0,-1
2026-06-24 11:19:12.088,64.99939,False,19.06534,0.7573562,-9.218143,0.03285084,0.1042223,-0.03329106,0.9934537,0.2048928,-0.07221092,0.9761171,False,-1,-1,0,0,0,-1
2026-06-24 11:19:12.121,65.0328,False,19.06553,0.7572744,-9.219194,0.03359431,0.1050987,-0.03205518,0.9933771,0.2066515,-0.07348156,0.9756514,False,-1,-1,0,0,0,-1
2026-06-24 11:19:12.155,65.06675,False,19.06557,0.7574657,-9.220469,0.03383028,0.1045358,-0.03095596,0.9934634,0.2056105,-0.0736903,0.9758556,False,-1,-1,0,0,0,-1
2026-06-24 11:19:12.200,65.11066,False,19.065,0.7578369,-9.221651,0.03420121,0.1046731,-0.02975284,0.993473,0.2059447,-0.0741846,0.9757476,False,-1,-1,0,0,0,-1
2026-06-24 11:19:12.233,65.14417,False,19.06479,0.7581832,-9.222683,0.03362535,0.1040636,-0.0295577,0.9935625,0.2047996,-0.07296953,0.9760802,False,-1,-1,0,0,0,-1
2026-06-24 11:19:12.267,65.1781,False,19.06464,0.7583875,-9.223569,0.032631,0.1042552,-0.02952887,0.9935765,0.2052439,-0.07099986,0.9761322,False,-1,-1,0,0,0,-1
2026-06-24 11:19:12.314,65.22487,False,19.06531,0.758504,-9.224373,0.03140398,0.1051164,-0.03025831,0.9935033,0.2069666,-0.0687612,0.9759287,False,-1,-1,0,0,0,-1
2026-06-24 11:19:12.373,65.27634,False,19.06627,0.7586324,-9.225286,0.0308072,0.1070958,-0.03260257,0.9932364,0.2107342,-0.06818086,0.9751628,False,-1,-1,0,0,0,-1
2026-06-24 11:19:12.417,65.32045,False,19.06703,0.7594392,-9.225828,0.03127271,0.1092249,-0.03412491,0.9929388,0.214773,-0.06955836,0.9741839,False,-1,-1,0,0,0,-1
2026-06-24 11:19:12.527,65.43011,False,19.06779,0.7602437,-9.226017,0.03204667,0.1104025,-0.03451479,0.9927704,0.2169964,-0.071251,0.9735686,False,-1,-1,0,0,0,-1
2026-06-24 11:19:12.575,65.48047,False,19.07357,0.7690057,-9.227734,0.03460354,0.1212742,-0.03294742,0.9914684,0.2381989,-0.07660798,0.9681903,False,-1,-1,0,0,0,-1
2026-06-24 11:19:12.624,65.5286,False,19.07822,0.7755336,-9.229095,0.03242458,0.1293993,-0.03395465,0.9904805,0.2541331,-0.07301925,0.9644089,False,-1,-1,0,0,0,-1
2026-06-24 11:19:12.672,65.57575,False,19.08215,0.7790904,-9.230142,0.03073251,0.1339218,-0.03523786,0.9898883,0.2629693,-0.07028174,0.9622409,False,-1,-1,0,0,0,-1
2026-06-24 11:19:12.718,65.62211,False,19.08727,0.7816105,-9.230985,0.03159553,0.1386799,-0.03437761,0.989236,0.2722019,-0.07204583,0.9595392,False,-1,-1,0,0,0,-1
2026-06-24 11:19:12.758,65.66364,False,19.0937,0.7822613,-9.230389,0.03567178,0.1418449,-0.03542525,0.9886115,0.2779316,-0.08058084,0.9572151,False,-1,-1,0,0,0,-1
2026-06-24 11:19:12.821,65.72398,False,19.09813,0.7791324,-9.227049,0.0535454,0.1370388,-0.05057453,0.9878237,0.2653242,-0.1196482,0.9567065,False,-1,-1,0,0,0,-1
2026-06-24 11:19:12.854,65.75776,False,19.09871,0.7767195,-9.224852,0.06835843,0.1295668,-0.0643834,0.9871141,0.2469922,-0.151639,0.9570791,False,-1,-1,0,0,0,-1
2026-06-24 11:19:12.888,65.79181,False,19.09765,0.7737602,-9.222463,0.08638728,0.1171239,-0.0794059,0.9861612,0.2172868,-0.1889842,0.9576384,False,-1,-1,0,0,0,-1
2026-06-24 11:19:12.923,65.82561,False,19.09536,0.7705688,-9.220338,0.1041204,0.1030647,-0.09050863,0.9850608,0.1842023,-0.2237863,0.9570732,False,-1,-1,0,0,0,-1
2026-06-24 11:19:12.987,65.88996,False,19.08879,0.7633537,-9.217651,0.1348996,0.06991234,-0.09916551,0.9834026,0.1107492,-0.279187,0.9538288,False,-1,-1,0,0,0,-1
2026-06-24 11:19:13.021,65.92403,False,19.08426,0.7606292,-9.217343,0.1427799,0.05595047,-0.1034321,0.9827437,0.08043389,-0.2922062,0.9529669,False,-1,-1,0,0,0,-1
2026-06-24 11:19:13.056,65.95834,False,19.08006,0.7581744,-9.217443,0.1396412,0.04360485,-0.1068919,0.9834496,0.05591331,-0.2839822,0.9571979,False,-1,-1,0,0,0,-1
2026-06-24 11:19:13.121,66.02404,False,19.07205,0.7550511,-9.220182,0.1079573,0.03110752,-0.1084456,0.9877334,0.03803688,-0.2200131,0.974755,False,-1,-1,0,0,0,-1
2026-06-24 11:19:13.157,66.06161,False,19.0688,0.7541505,-9.222996,0.08558609,0.02804938,-0.1037436,0.9905178,0.03780879,-0.175369,0.9837765,False,-1,-1,0,0,0,-1
2026-06-24 11:19:13.220,66.12453,False,19.06301,0.7530621,-9.231394,0.05680185,0.02231846,-0.08592167,0.994431,0.03462731,-0.1168063,0.9925508,False,-1,-1,0,0,0,-1
2026-06-24 11:19:13.256,66.15891,False,19.06145,0.7536117,-9.236746,0.04347862,0.0231576,-0.07228699,0.9961666,0.03985178,-0.08997189,0.9951467,False,-1,-1,0,0,0,-1
2026-06-24 11:19:13.319,66.22216,False,19.05979,0.7561377,-9.246292,-0.004110681,0.0356472,-0.0520253,0.9980009,0.07157959,0.004495814,0.9974248,False,-1,-1,0,0,0,-1
2026-06-24 11:19:13.354,66.25603,False,19.05953,0.7571737,-9.250189,-0.0388875,0.04580695,-0.04730223,0.9970717,0.09502456,0.07321372,0.992779,False,-1,-1,0,0,0,-1
2026-06-24 11:19:13.390,66.29218,False,19.05989,0.7578948,-9.253774,-0.06918505,0.05938919,-0.04808278,0.994673,0.1247989,0.1319218,0.9833727,False,-1,-1,0,0,0,-1
2026-06-24 11:19:13.445,66.34657,False,19.05994,0.7592622,-9.258461,-0.1025596,0.07378562,-0.0565328,0.9903743,0.1577467,0.1948023,0.9680744,False,-1,-1,0,0,0,-1
2026-06-24 11:19:13.487,66.39063,False,19.05989,0.7602795,-9.262741,-0.1272848,0.0850561,-0.05772322,0.9865252,0.1825146,0.24132,0.953128,False,-1,-1,0,0,0,-1
2026-06-24 11:19:13.540,66.4412,False,19.06027,0.7608905,-9.265975,-0.1461818,0.08959008,-0.0547927,0.9836678,0.1922731,0.2777709,0.941209,False,-1,-1,0,0,0,-1
2026-06-24 11:19:13.583,66.48627,False,19.06033,0.7621614,-9.268234,-0.1595416,0.08868031,-0.05247547,0.9817987,0.1908765,0.3039683,0.9333646,False,-1,-1,0,0,0,-1
2026-06-24 11:19:13.619,66.52354,False,19.06015,0.7632349,-9.27032,-0.1715205,0.08799549,-0.05167551,0.9798812,0.1901771,0.3270451,0.925675,False,-1,-1,0,0,0,-1
2026-06-24 11:19:13.665,66.56863,False,19.06031,0.7636771,-9.271582,-0.1859683,0.08370111,-0.05595638,0.9773837,0.1844284,0.3541575,0.9168198,False,-1,-1,0,0,0,-1
2026-06-24 11:19:13.711,66.61258,False,19.06071,0.7632402,-9.272526,-0.2043611,0.08505607,-0.06106986,0.9732792,0.1905272,0.3874122,0.902004,False,-1,-1,0,0,0,-1
2026-06-24 11:19:13.755,66.65554,False,19.06141,0.761786,-9.274569,-0.2284115,0.09008286,-0.06813569,0.9669906,0.2053445,0.4294678,0.8794265,False,-1,-1,0,0,0,-1
2026-06-24 11:19:13.798,66.70303,False,19.0624,0.7590968,-9.277627,-0.2622178,0.1053824,-0.07861409,0.9560106,0.2427214,0.484797,0.8402727,False,-1,-1,0,0,0,-1
2026-06-24 11:19:13.842,66.74625,False,19.06349,0.756638,-9.281549,-0.2958991,0.1211291,-0.0867652,0.943527,0.2799247,0.537358,0.795543,False,-1,-1,0,0,0,-1
2026-06-24 11:19:13.887,66.78949,False,19.06455,0.7546518,-9.286151,-0.3228907,0.1393077,-0.08862491,0.9319231,0.3168804,0.5771263,0.75267,False,-1,-1,0,0,0,-1
2026-06-24 11:19:13.930,66.83475,False,19.06511,0.7535419,-9.290474,-0.3462173,0.1518183,-0.09055903,0.9213489,0.3424614,0.6104769,0.7141695,False,-1,-1,0,0,0,-1
2026-06-24 11:19:13.977,66.88036,False,19.06576,0.7528668,-9.294986,-0.3689104,0.1568448,-0.09352404,0.9113497,0.3548849,0.6430752,0.6786097,False,-1,-1,0,0,0,-1
2026-06-24 11:19:14.028,66.93102,False,19.06634,0.7527492,-9.298852,-0.3871795,0.1563047,-0.09243668,0.9039448,0.3541608,0.6710813,0.6513217,False,-1,-1,0,0,0,-1
2026-06-24 11:19:14.074,66.98567,False,19.06688,0.7560727,-9.301744,-0.3828295,0.1526626,-0.08181486,0.9074371,0.3397057,0.6698072,0.6602714,False,-1,-1,0,0,0,-1
2026-06-24 11:19:14.118,67.02954,False,19.06581,0.7590156,-9.300772,-0.3788079,0.1549213,-0.08055605,0.9088535,0.342632,0.6636022,0.6650079,False,-1,-1,0,0,0,-1
2026-06-24 11:19:14.163,67.07405,False,19.06543,0.7617452,-9.298483,-0.3771095,0.1473927,-0.07688712,0.9111269,0.3265767,0.664524,0.6721277,False,-1,-1,0,0,0,-1
2026-06-24 11:19:14.217,67.12913,False,19.06534,0.7664946,-9.295317,-0.3477247,0.1308091,-0.06759152,0.9259633,0.2892554,0.6262774,0.7239531,False,-1,-1,0,0,0,-1
2026-06-24 11:19:14.262,67.17382,False,19.06603,0.7713973,-9.291174,-0.3074624,0.10831,-0.06652325,0.9430326,0.2451865,0.5654838,0.7874717,False,-1,-1,0,0,0,-1
2026-06-24 11:19:14.307,67.21824,False,19.06673,0.7761358,-9.286697,-0.2613556,0.08916818,-0.06255387,0.9590774,0.203736,0.4901648,0.8474846,False,-1,-1,0,0,0,-1
2026-06-24 11:19:14.352,67.26259,False,19.06715,0.7797013,-9.281925,-0.2128681,0.06879064,-0.05418233,0.9731492,0.1569545,0.4068504,0.89991,False,-1,-1,0,0,0,-1
2026-06-24 11:19:14.396,67.30733,False,19.06699,0.7827103,-9.277056,-0.1605458,0.04889256,-0.04487273,0.9847949,0.1107066,0.3118216,0.9436691,False,-1,-1,0,0,0,-1
2026-06-24 11:19:14.442,67.3522,False,19.06661,0.7845019,-9.272132,-0.1074872,0.03002631,-0.03428544,0.9931613,0.06701243,0.2114454,0.9750898,False,-1,-1,0,0,0,-1
2026-06-24 11:19:14.486,67.397,False,19.06614,0.785328,-9.267664,-0.05694125,0.01242736,-0.02621078,0.997956,0.02778888,0.1129983,0.9932065,False,-1,-1,0,0,0,-1
2026-06-24 11:19:14.531,67.4419,False,19.06549,0.7852145,-9.264044,-0.01369849,0.001876838,-0.02497798,0.9995924,0.004436467,0.02729204,0.9996176,False,-1,-1,0,0,0,-1
2026-06-24 11:19:14.576,67.48692,False,19.06501,0.7838869,-9.260188,0.01601462,-0.003038943,-0.0291974,0.9994408,-0.007009657,-0.03183386,0.9994686,False,-1,-1,0,0,0,-1
2026-06-24 11:19:14.620,67.53098,False,19.06544,0.7829986,-9.256628,0.03362611,0.002046131,-0.03314651,0.9988826,0.001858513,-0.06731271,0.9977302,False,-1,-1,0,0,0,-1
2026-06-24 11:19:14.664,67.57542,False,19.066,0.7812437,-9.252269,0.03991073,0.009572722,-0.03890874,0.9983996,0.01600905,-0.08043863,0.996631,False,-1,-1,0,0,0,-1
2026-06-24 11:19:14.698,67.60902,False,19.06702,0.7803662,-9.250505,0.04229432,0.01755497,-0.03855121,0.9982068,0.03178598,-0.08579048,0.995806,False,-1,-1,0,0,0,-1
2026-06-24 11:19:14.743,67.65359,False,19.06878,0.7790905,-9.247221,0.04718406,0.03225402,-0.03796189,0.9976434,0.06077363,-0.09659457,0.9934667,False,-1,-1,0,0,0,-1
2026-06-24 11:19:14.776,67.68697,False,19.07042,0.7783304,-9.245312,0.04823199,0.04245924,-0.03411808,0.9973499,0.08140228,-0.0991056,0.9917418,False,-1,-1,0,0,0,-1
2026-06-24 11:19:14.808,67.72034,False,19.072,0.7780018,-9.244065,0.04667959,0.05468353,-0.02610141,0.9970704,0.1066098,-0.09594031,0.9896615,False,-1,-1,0,0,0,-1
2026-06-24 11:19:14.852,67.76425,False,19.0742,0.7783046,-9.243485,0.03817338,0.06883698,-0.01425673,0.9967954,0.1361443,-0.07806488,0.9876086,False,-1,-1,0,0,0,-1
2026-06-24 11:19:14.905,67.80885,False,19.07584,0.7787876,-9.242832,0.02448545,0.08216333,-0.004621071,0.9963073,0.1634936,-0.04954943,0.9852993,False,-1,-1,0,0,0,-1
2026-06-24 11:19:14.947,67.85197,False,19.07677,0.7787447,-9.242403,0.01237385,0.09021568,-6.571596E-05,0.9958454,0.1796801,-0.02465674,0.983416,False,-1,-1,0,0,0,-1
2026-06-24 11:19:14.989,67.89301,False,19.07747,0.778347,-9.241953,-0.00112313,0.09996007,0.006291552,0.994971,0.1989006,0.003492772,0.9800134,False,-1,-1,0,0,0,-1
2026-06-24 11:19:15.030,67.93405,False,19.07783,0.777352,-9.241877,-0.01160354,0.1061677,0.01269604,0.9941995,0.210809,0.02576828,0.9771876,False,-1,-1,0,0,0,-1
2026-06-24 11:19:15.072,67.97761,False,19.0777,0.7748702,-9.241338,-0.02652342,0.1134134,0.02237263,0.9929418,0.2240389,0.05774714,0.9728678,False,-1,-1,0,0,0,-1
2026-06-24 11:19:15.116,68.01981,False,19.07812,0.772823,-9.2409,-0.04113797,0.1200619,0.03639499,0.9912458,0.2350272,0.09029499,0.9677857,False,-1,-1,0,0,0,-1
2026-06-24 11:19:15.160,68.0626,False,19.07856,0.7727946,-9.240691,-0.05060184,0.1307365,0.04296282,0.9891924,0.2542991,0.1113435,0.9606948,False,-1,-1,0,0,0,-1
2026-06-24 11:19:15.202,68.106,False,19.07767,0.7726258,-9.240237,-0.05245072,0.133977,0.03166988,0.9890885,0.2617081,0.1122429,0.9585981,False,-1,-1,0,0,0,-1
2026-06-24 11:19:15.244,68.14646,False,19.07654,0.7725177,-9.240076,-0.04324846,0.138782,0.02307855,0.989109,0.2725448,0.09196066,0.9577383,False,-1,-1,0,0,0,-1
2026-06-24 11:19:15.285,68.18925,False,19.07582,0.7722018,-9.239905,-0.03038388,0.1369055,0.02366795,0.9898351,0.2695895,0.0666306,0.9606674,False,-1,-1,0,0,0,-1
2026-06-24 11:19:15.324,68.22881,False,19.0747,0.7715763,-9.239193,-0.01360129,0.1323924,0.02649566,0.9907498,0.2616147,0.03396659,0.9645745,False,-1,-1,0,0,0,-1
2026-06-24 11:19:15.368,68.27043,False,19.07288,0.7709137,-9.238397,0.002909192,0.1221264,0.02714421,0.992139,0.2424908,0.0008574054,0.9701533,False,-1,-1,0,0,0,-1
2026-06-24 11:19:15.414,68.31701,False,19.0704,0.7705418,-9.238022,0.01681968,0.106903,0.02003779,0.9939252,0.2131812,-0.02915081,0.9765777,False,-1,-1,0,0,0,-1
2026-06-24 11:19:15.455,68.35844,False,19.06668,0.7706832,-9.237833,0.0312691,0.08252779,0.007477221,0.99607,0.1648745,-0.06105827,0.9844228,False,-1,-1,0,0,0,-1
2026-06-24 11:19:15.497,68.40089,False,19.06245,0.7708463,-9.238672,0.04789306,0.04613208,-0.005190766,0.9977731,0.0915615,-0.09605174,0.9911562,False,-1,-1,0,0,0,-1
2026-06-24 11:19:15.533,68.43485,False,19.06073,0.7711288,-9.239989,0.05103702,0.02627367,-0.01117526,0.9982886,0.05131671,-0.1024866,0.9934098,False,-1,-1,0,0,0,-1
2026-06-24 11:19:15.565,68.46964,False,19.05912,0.7708347,-9.241835,0.04909723,0.004319804,-0.02033217,0.9985777,0.006630814,-0.09823046,0.9951416,False,-1,-1,0,0,0,-1
2026-06-24 11:19:15.632,68.53681,False,19.0569,0.7695093,-9.246429,0.03970029,-0.02728494,-0.03677075,0.998162,-0.05738919,-0.07724807,0.9953588,False,-1,-1,0,0,0,-1
2026-06-24 11:19:15.698,68.60107,False,19.05585,0.7665218,-9.251716,0.03982577,-0.05330786,-0.0573164,0.9961361,-0.1107691,-0.07323294,0.9911444,False,-1,-1,0,0,0,-1
2026-06-24 11:19:15.731,68.63463,False,19.05534,0.7646022,-9.254333,0.04346395,-0.0640863,-0.06504834,0.9948732,-0.13317,-0.07814482,0.9880077,False,-1,-1,0,0,0,-1
2026-06-24 11:19:15.765,68.66818,False,19.0542,0.7631364,-9.257277,0.04496969,-0.0754264,-0.06965698,0.9936984,-0.1561671,-0.07886466,0.9845772,False,-1,-1,0,0,0,-1
2026-06-24 11:19:15.830,68.73386,False,19.05051,0.7610551,-9.262407,0.03889901,-0.09496503,-0.06720734,0.9924473,-0.1937242,-0.06444575,0.978937,False,-1,-1,0,0,0,-1
2026-06-24 11:19:15.897,68.80093,False,19.04514,0.7594454,-9.268053,0.02227359,-0.1140636,-0.06796888,0.9908954,-0.229078,-0.02863604,0.9729868,False,-1,-1,0,0,0,-1
2026-06-24 11:19:15.964,68.86761,False,19.03761,0.7562498,-9.273971,0.005018074,-0.1358036,-0.07140478,0.9881465,-0.2691044,0.009476871,0.9630644,False,-1,-1,0,0,0,-1
2026-06-24 11:19:15.999,68.90268,False,19.03318,0.7546206,-9.277546,0.003553557,-0.1462595,-0.07036594,0.9867341,-0.2891387,0.01357055,0.9571911,False,-1,-1,0,0,0,-1
2026-06-24 11:19:16.056,68.96796,False,19.02377,0.7521737,-9.283541,0.01258649,-0.1723397,-0.07241025,0.9822919,-0.3403985,0.0002311021,0.9402812,False,-1,-1,0,0,0,-1
2026-06-24 11:19:16.119,69.02952,False,19.01476,0.7495828,-9.287526,0.0214655,-0.197911,-0.07645559,0.976998,-0.3899995,-0.01168069,0.920741,False,-1,-1,0,0,0,-1
2026-06-24 11:19:16.152,69.06285,False,19.01171,0.7491806,-9.289021,0.02330814,-0.2042076,-0.07786452,0.9755476,-0.4020582,-0.01367534,0.915512,False,-1,-1,0,0,0,-1
2026-06-24 11:19:16.195,69.10751,False,19.00559,0.7479544,-9.291813,-0.02719367,0.2211604,0.08141184,-0.9714529,-0.4341215,-0.01682459,0.9006972,False,-1,-1,0,0,0,-1
2026-06-24 11:19:16.242,69.15245,False,18.99917,0.7475215,-9.295401,-0.03620149,0.2376701,0.08429846,-0.9670037,-0.4657592,-0.0299435,0.8844048,False,-1,-1,0,0,0,-1
2026-06-24 11:19:16.284,69.19631,False,18.99277,0.7474775,-9.299181,-0.04670296,0.2564876,0.08032954,-0.9620708,-0.5010217,-0.04865605,0.8640659,False,-1,-1,0,0,0,-1
2026-06-24 11:19:16.329,69.24077,False,18.98723,0.748289,-9.30291,-0.05393767,0.2700172,0.07835129,-0.9581454,-0.5258837,-0.06104787,0.8483629,False,-1,-1,0,0,0,-1
2026-06-24 11:19:16.375,69.28577,False,18.98177,0.7497691,-9.305754,-0.04738745,0.2786796,0.08119199,-0.955772,-0.5404033,-0.04533009,0.8401842,False,-1,-1,0,0,0,-1
2026-06-24 11:19:16.419,69.32961,False,18.97697,0.7512428,-9.308421,-0.0254173,0.2775142,0.07796042,-0.9572157,-0.535245,-0.005389433,0.8446797,False,-1,-1,0,0,0,-1
2026-06-24 11:19:16.463,69.37424,False,18.97307,0.7525788,-9.311422,-0.0002366969,0.2728695,0.07380352,-0.959216,-0.5235164,0.03982337,0.8510844,False,-1,-1,0,0,0,-1
2026-06-24 11:19:16.508,69.41938,False,18.97031,0.7533811,-9.313947,0.02470308,0.2577551,0.06751464,-0.963532,-0.4933749,0.08240889,0.8659042,False,-1,-1,0,0,0,-1
2026-06-24 11:19:16.553,69.46349,False,18.96876,0.7539433,-9.316897,0.04743223,0.239212,0.06333689,-0.9677377,-0.4569806,0.1221058,0.8810556,False,-1,-1,0,0,0,-1
2026-06-24 11:19:16.597,69.50792,False,18.96797,0.7544658,-9.319325,0.06772,0.2194836,0.06211249,-0.9712791,-0.4179471,0.1588154,0.8944819,False,-1,-1,0,0,0,-1
2026-06-24 11:19:16.643,69.55324,False,18.96755,0.754638,-9.321394,-0.08605669,-0.2020923,-0.06342561,0.9735143,-0.3825631,0.1931905,0.9035059,False,-1,-1,0,0,0,-1
2026-06-24 11:19:16.685,69.59683,False,18.96722,0.7547294,-9.323646,-0.09910432,-0.1895799,-0.0624631,0.9748519,-0.357244,0.2169076,0.9084756,False,-1,-1,0,0,0,-1
2026-06-24 11:19:16.730,69.64113,False,18.96701,0.7550498,-9.325366,-0.1087055,-0.1838894,-0.0614907,0.9749804,-0.3452085,0.2345865,0.9087356,False,-1,-1,0,0,0,-1
2026-06-24 11:19:16.775,69.68621,False,18.96678,0.7553214,-9.327419,-0.1206371,-0.185437,-0.06516141,0.9730436,-0.3451548,0.258937,0.9021196,False,-1,-1,0,0,0,-1
2026-06-24 11:19:16.819,69.73008,False,18.96599,0.7560238,-9.329902,-0.135424,-0.1901229,-0.067539,0.9700269,-0.3505559,0.2884113,0.8910272,False,-1,-1,0,0,0,-1
2026-06-24 11:19:16.864,69.77457,False,18.96555,0.7561338,-9.332285,-0.1536912,-0.1962945,-0.06747627,0.9660716,-0.3585282,0.3234439,0.8756949,False,-1,-1,0,0,0,-1
2026-06-24 11:19:16.908,69.81931,False,18.96533,0.7559745,-9.334956,-0.1703882,-0.2021082,-0.06568565,0.9621879,-0.3665481,0.3544421,0.8602402,False,-1,-1,0,0,0,-1
2026-06-24 11:19:16.963,69.87421,False,18.96546,0.7560673,-9.338058,-0.1847841,-0.2015824,-0.06357618,0.9597799,-0.3634537,0.3803359,0.8504387,False,-1,-1,0,0,0,-1
2026-06-24 11:19:17.007,69.91924,False,18.96568,0.7562905,-9.341068,-0.1972893,-0.1998061,-0.06180964,0.9577756,-0.3583501,0.4026176,0.8423089,False,-1,-1,0,0,0,-1
2026-06-24 11:19:17.052,69.96321,False,18.96622,0.7565742,-9.343846,-0.2061442,-0.1948181,-0.05730963,0.9572179,-0.3493387,0.4169797,0.839101,False,-1,-1,0,0,0,-1
2026-06-24 11:19:17.096,70.00765,False,18.96659,0.7571953,-9.346093,-0.2089004,-0.1888664,-0.05465982,0.9579679,-0.339019,0.4208866,0.8413802,False,-1,-1,0,0,0,-1
2026-06-24 11:19:17.142,70.05266,False,18.96725,0.757854,-9.347419,-0.2071663,-0.1822811,-0.05403321,0.9596542,-0.327466,0.4173144,0.8477114,False,-1,-1,0,0,0,-1
2026-06-24 11:19:17.186,70.0965,False,18.9683,0.758368,-9.348022,-0.2052259,-0.1751209,-0.05421234,0.9613928,-0.3144685,0.4135929,0.8544299,False,-1,-1,0,0,0,-1
2026-06-24 11:19:17.232,70.14202,False,18.96959,0.7583929,-9.34836,-0.2050151,-0.1702758,-0.05591643,0.9622102,-0.3047547,0.4135776,0.85795,False,-1,-1,0,0,0,-1
2026-06-24 11:19:17.278,70.18948,False,18.97137,0.7580244,-9.348007,-0.2049127,-0.1626559,-0.05721587,0.963473,-0.2899806,0.4134687,0.8631077,False,-1,-1,0,0,0,-1
2026-06-24 11:19:17.324,70.23491,False,18.97404,0.7573714,-9.347304,-0.2021352,-0.1563342,-0.0607201,0.9648907,-0.2771434,0.4090621,0.869402,False,-1,-1,0,0,0,-1
2026-06-24 11:19:17.368,70.27891,False,18.97828,0.75653,-9.346229,-0.194974,-0.1504478,-0.0636951,0.9671058,-0.2661602,0.3962865,0.8787012,False,-1,-1,0,0,0,-1
2026-06-24 11:19:17.412,70.32375,False,18.98388,0.7550663,-9.344718,-0.1848805,-0.1440598,-0.06647025,0.96987,-0.2548604,0.3777714,0.890132,False,-1,-1,0,0,0,-1
2026-06-24 11:19:17.471,70.3746,False,18.98869,0.7543216,-9.344276,-0.1775373,-0.1417323,-0.06942541,0.9713767,-0.2506997,0.3645907,0.896785,False,-1,-1,0,0,0,-1
2026-06-24 11:19:17.520,70.42348,False,18.99534,0.7533715,-9.343674,-0.1702679,-0.1381246,-0.07138769,0.9730541,-0.2444953,0.3510806,0.9038609,False,-1,-1,0,0,0,-1
2026-06-24 11:19:17.572,70.47512,False,19.00369,0.7524395,-9.342997,-0.1641174,-0.1350126,-0.07455509,0.9743093,-0.2386164,0.339934,0.9096742,False,-1,-1,0,0,0,-1
2026-06-24 11:19:17.642,70.54451,False,19.00961,0.7515221,-9.342345,-0.1616783,-0.1326745,-0.07626304,0.9749059,-0.2340301,0.3354786,0.9125152,False,-1,-1,0,0,0,-1
2026-06-24 11:19:17.701,70.60078,False,19.01724,0.7493122,-9.340986,-0.1648103,-0.1275586,-0.07310495,0.9753062,-0.2247205,0.3401314,0.9131327,False,-1,-1,0,0,0,-1
2026-06-24 11:19:17.745,70.64809,False,19.01998,0.7476745,-9.339311,-0.1738357,-0.1218263,-0.06607956,0.9749734,-0.2145809,0.3550709,0.909879,False,-1,-1,0,0,0,-1
2026-06-24 11:19:17.794,70.69643,False,19.02087,0.7463374,-9.337805,-0.1821346,-0.1138566,-0.05856233,0.9749022,-0.2006656,0.3684621,0.9077274,False,-1,-1,0,0,0,-1
2026-06-24 11:19:17.839,70.74338,False,19.02049,0.7454886,-9.336688,-0.1896883,-0.1046454,-0.05038346,0.9749509,-0.184934,0.3804183,0.9061354,False,-1,-1,0,0,0,-1
2026-06-24 11:19:17.884,70.787,False,19.01939,0.7447732,-9.335801,-0.1971205,-0.09263743,-0.04100573,0.975131,-0.1645011,0.3920339,0.9051237,False,-1,-1,0,0,0,-1
2026-06-24 11:19:17.929,70.83297,False,19.01786,0.7443267,-9.335627,-0.2063431,-0.08086327,-0.03285227,0.9745791,-0.1440576,0.4075085,0.9017673,False,-1,-1,0,0,0,-1
2026-06-24 11:19:17.970,70.87356,False,19.01567,0.7437163,-9.33576,-0.2161779,-0.06864484,-0.02599508,0.9735909,-0.1224249,0.4245065,0.89711,False,-1,-1,0,0,0,-1
2026-06-24 11:19:18.013,70.9169,False,19.01349,0.7430766,-9.336433,-0.2248787,-0.0577304,-0.01904057,0.9724887,-0.1037207,0.4395825,0.8921935,False,-1,-1,0,0,0,-1
2026-06-24 11:19:18.059,70.96257,False,19.0108,0.7421169,-9.33833,-0.2350127,-0.04579144,-0.009998973,0.9708616,-0.08421452,0.4572453,0.8853443,False,-1,-1,0,0,0,-1
2026-06-24 11:19:18.104,71.00712,False,19.0087,0.7410527,-9.340301,-0.2443074,-0.03992603,-0.00213955,0.9688732,-0.07632112,0.4735767,0.8774396,False,-1,-1,0,0,0,-1
2026-06-24 11:19:18.141,71.0456,False,19.00698,0.7398708,-9.341898,-0.2525539,-0.03764615,0.006406304,0.966829,-0.07603066,0.4878705,0.8695986,False,-1,-1,0,0,0,-1
2026-06-24 11:19:18.183,71.08791,False,19.00597,0.7390766,-9.343754,-0.2609895,-0.03629982,0.01376714,0.9645607,-0.07721292,0.5024809,0.8611336,False,-1,-1,0,0,0,-1
2026-06-24 11:19:18.231,71.13436,False,19.00506,0.7396078,-9.344973,-0.2665212,-0.03525297,0.02078218,0.9629599,-0.07897218,0.5118333,0.8554474,False,-1,-1,0,0,0,-1
2026-06-24 11:19:18.275,71.17839,False,19.00426,0.7418503,-9.346199,-0.2717873,-0.03180478,0.02570383,0.9614882,-0.07513178,0.5210056,0.8502402,False,-1,-1,0,0,0,-1
2026-06-24 11:19:18.319,71.22111,False,19.00401,0.7449981,-9.347758,-0.2823482,-0.02809732,0.02655986,0.9585326,-0.06886265,0.5397874,0.8389801,False,-1,-1,0,0,0,-1
2026-06-24 11:19:18.363,71.26683,False,19.00533,0.7486831,-9.348889,-0.2938112,-0.02171392,0.02306887,0.9553384,-0.05504407,0.5603764,0.826407,False,-1,-1,0,0,0,-1
2026-06-24 11:19:18.406,71.31037,False,19.00727,0.7526795,-9.349966,-0.3048041,-0.01428018,0.01873737,0.9521237,-0.03861545,0.5798872,0.8137811,False,-1,-1,0,0,0,-1
2026-06-24 11:19:18.451,71.35477,False,19.01024,0.7566942,-9.351493,-0.3153552,-0.0047647,0.01586645,0.9488291,-0.01904891,0.5982851,0.8010568,False,-1,-1,0,0,0,-1
2026-06-24 11:19:18.497,71.40074,False,19.01357,0.7612492,-9.354128,-0.325712,0.00354461,0.0121225,0.9453847,-0.001194847,0.6159323,0.7877982,False,-1,-1,0,0,0,-1
2026-06-24 11:19:18.540,71.44445,False,19.01705,0.7656705,-9.357398,-0.3370988,0.01117574,0.009234292,0.9413576,0.014815,0.6348675,0.7724789,False,-1,-1,0,0,0,-1
2026-06-24 11:19:18.584,71.4873,False,19.01926,0.7675802,-9.360204,-0.3439056,0.01462417,0.009453898,0.9388428,0.0209571,0.6460232,0.7630301,False,-1,-1,0,0,0,-1
2026-06-24 11:19:18.622,71.5278,False,19.02331,0.770947,-9.364729,-0.3562777,0.02270824,0.009632874,0.9340545,0.03555752,0.6660031,0.745101,False,-1,-1,0,0,0,-1
2026-06-24 11:19:18.665,71.56815,False,19.02703,0.7738893,-9.369708,-0.368553,0.03151168,0.01006699,0.929018,0.0511294,0.6854191,0.7263514,False,-1,-1,0,0,0,-1
2026-06-24 11:19:18.704,71.60468,False,19.02957,0.7759221,-9.373891,-0.3772691,0.03894491,0.01178575,0.9252094,0.0631716,0.6990239,0.7123026,False,-1,-1,0,0,0,-1
2026-06-24 11:19:18.748,71.65298,False,19.03215,0.7789746,-9.379321,-0.3884121,0.04879839,0.01470859,0.9200752,0.0783704,0.7161722,0.6935096,False,-1,-1,0,0,0,-1
2026-06-24 11:19:18.787,71.68872,False,19.03424,0.7821054,-9.384394,-0.399516,0.05702258,0.01775917,0.9147786,0.09013593,0.7329628,0.6742707,False,-1,-1,0,0,0,-1
2026-06-24 11:19:18.825,71.7293,False,19.03537,0.7845925,-9.387554,-0.4080149,0.06167469,0.01944697,0.9106821,0.09646278,0.7455425,0.6594402,False,-1,-1,0,0,0,-1
2026-06-24 11:19:18.865,71.76977,False,19.03691,0.7880409,-9.391479,-0.4189708,0.06724373,0.02098029,0.9052633,0.1041663,0.7613794,0.6398835,False,-1,-1,0,0,0,-1
2026-06-24 11:19:18.904,71.80703,False,19.03814,0.7904913,-9.394099,-0.4260148,0.07083259,0.02135717,0.9016863,0.1095406,0.7712889,0.6269883,False,-1,-1,0,0,0,-1
2026-06-24 11:19:18.945,71.84657,False,19.0398,0.7932271,-9.397458,-0.4337937,0.07491218,0.02053139,0.8976579,0.1166783,0.7818727,0.6124224,False,-1,-1,0,0,0,-1
2026-06-24 11:19:18.993,71.89642,False,19.0413,0.7949225,-9.400236,-0.4381839,0.07745455,0.01818134,0.8953575,0.1227655,0.787479,0.6039913,False,-1,-1,0,0,0,-1
2026-06-24 11:19:19.037,71.9415,False,19.0428,0.7951738,-9.401632,-0.4397079,0.08027091,0.01697559,0.8943855,0.1286577,0.7892621,0.600427,False,-1,-1,0,0,0,-1
2026-06-24 11:19:19.085,71.98668,False,19.04436,0.7946368,-9.401865,-0.4382988,0.08383381,0.01590976,0.8947698,0.1360775,0.7870206,0.6017321,False,-1,-1,0,0,0,-1
2026-06-24 11:19:19.128,72.0386,False,19.04678,0.7920451,-9.399164,-0.430774,0.08928135,0.0112613,0.897962,0.1506404,0.7756482,0.6129252,False,-1,-1,0,0,0,-1
2026-06-24 11:19:19.170,72.0813,False,19.04844,0.7898731,-9.395433,-0.4231733,0.09016263,0.007305742,0.9015219,0.156384,0.7643175,0.62559,False,-1,-1,0,0,0,-1
2026-06-24 11:19:19.215,72.12547,False,19.04975,0.7881171,-9.390823,-0.4151054,0.09137311,0.003476211,0.9051665,0.1625298,0.7521144,0.6386769,False,-1,-1,0,0,0,-1
2026-06-24 11:19:19.259,72.17004,False,19.05121,0.7863384,-9.387106,-0.4078505,0.09315939,-0.0001883493,0.9082837,0.1693839,0.7408528,0.6499586,False,-1,-1,0,0,0,-1
2026-06-24 11:19:19.305,72.21563,False,19.05221,0.784789,-9.383448,-0.4013701,0.0949104,-0.003452895,0.9109787,0.1756945,0.7306237,0.6597881,False,-1,-1,0,0,0,-1
2026-06-24 11:19:19.349,72.25984,False,19.05281,0.7831551,-9.379938,-0.3953705,0.0976904,-0.00269152,0.913308,0.1805712,0.7216643,0.6682774,False,-1,-1,0,0,0,-1
2026-06-24 11:19:19.393,72.30386,False,19.05305,0.7811002,-9.376887,-0.3902601,0.1012393,0.00178328,0.9151199,0.1839003,0.7146307,0.6748953,False,-1,-1,0,0,0,-1
2026-06-24 11:19:19.438,72.34919,False,19.05224,0.7786223,-9.373775,-0.3855697,0.1058437,0.01313084,0.9164937,0.1838845,0.709524,0.6802663,False,-1,-1,0,0,0,-1
2026-06-24 11:19:19.482,72.39349,False,19.05089,0.7752929,-9.370238,-0.3795945,0.1126704,0.03219809,0.9177018,0.1823512,0.7039647,0.6864268,False,-1,-1,0,0,0,-1
2026-06-24 11:19:19.527,72.43752,False,19.04877,0.7709041,-9.366239,-0.3734039,0.1197278,0.05350665,0.9183528,0.1799455,0.6986455,0.6924697,False,-1,-1,0,0,0,-1
2026-06-24 11:19:19.571,72.48271,False,19.04628,0.7658378,-9.361269,-0.3654779,0.1277182,0.07456532,0.9189962,0.1802411,0.6907923,0.7002279,False,-1,-1,0,0,0,-1
2026-06-24 11:19:19.605,72.51659,False,19.04567,0.7667878,-9.360093,-0.3682336,0.1325297,0.08828319,0.9159946,0.1777752,0.6980002,0.6936799,False,-1,-1,0,0,0,-1
2026-06-24 11:19:19.639,72.55013,False,19.04454,0.7699413,-9.360374,-0.3757542,0.1457693,0.09951499,0.9097565,0.1904427,0.7127021,0.6751202,False,-1,-1,0,0,0,-1
2026-06-24 11:19:19.672,72.58397,False,19.04367,0.7694186,-9.360691,-0.3738489,0.1491491,0.09441838,0.9105365,0.201015,0.7089709,0.6759832,False,-1,-1,0,0,0,-1
2026-06-24 11:19:19.707,72.61754,False,19.04384,0.7673605,-9.360805,-0.3713151,0.1511877,0.08300228,0.9123475,0.2142315,0.7026346,0.6785348,False,-1,-1,0,0,0,-1
2026-06-24 11:19:19.751,72.66199,False,19.04599,0.7669727,-9.362217,-0.3716125,0.1605447,0.07736515,0.9111225,0.2350521,0.7020102,0.672259,False,-1,-1,0,0,0,-1
2026-06-24 11:19:19.795,72.70649,False,19.047,0.7668244,-9.363838,-0.3699658,0.1644461,0.07424328,0.9113566,0.2448031,0.6987596,0.6721656,False,-1,-1,0,0,0,-1
2026-06-24 11:19:19.840,72.75143,False,19.04797,0.7661712,-9.364693,-0.3679606,0.1690673,0.07704954,0.9110898,0.2513686,0.6965435,0.6720424,False,-1,-1,0,0,0,-1
2026-06-24 11:19:19.884,72.79536,False,19.04875,0.7654499,-9.364749,-0.3658725,0.1782777,0.09070169,0.9089156,0.2577082,0.6974347,0.6687087,False,-1,-1,0,0,0,-1
2026-06-24 11:19:19.929,72.83959,False,19.04927,0.7645471,-9.3641,-0.363864,0.1922342,0.1072099,0.9050719,0.2699519,0.6998649,0.661298,False,-1,-1,0,0,0,-1
2026-06-24 11:19:19.962,72.87338,False,19.04908,0.7640822,-9.363183,-0.364707,0.2022688,0.1166037,0.9013766,0.2795883,0.7046473,0.6521522,False,-1,-1,0,0,0,-1
2026-06-24 11:19:20.022,72.92245,False,19.04886,0.7638388,-9.362014,-0.3657756,0.2100395,0.1230092,0.8983098,0.2873735,0.7088332,0.6441833,False,-1,-1,0,0,0,-1
2026-06-24 11:19:20.059,72.96323,False,19.04915,0.7635661,-9.36101,-0.3659981,0.2167697,0.1284915,0.8958495,0.2943307,0.7114645,0.6381127,False,-1,-1,0,0,0,-1
2026-06-24 11:19:20.101,73.00494,False,19.04954,0.7633206,-9.360178,-0.3666526,0.2237851,0.1332708,0.8931546,0.3020211,0.714603,0.6309721,False,-1,-1,0,0,0,-1
2026-06-24 11:19:20.144,73.04628,False,19.05031,0.7632032,-9.359157,-0.3671465,0.2321714,0.1334065,0.8907877,0.3156714,0.7160454,0.6225998,False,-1,-1,0,0,0,-1
2026-06-24 11:19:20.187,73.0892,False,19.05148,0.7639597,-9.358847,-0.3632915,0.2336282,0.1254947,0.893134,0.3261402,0.7075741,0.6268744,False,-1,-1,0,0,0,-1
2026-06-24 11:19:20.228,73.12993,False,19.05351,0.7644724,-9.35931,-0.3592373,0.2332757,0.1137592,0.8964318,0.3364984,0.697138,0.6330621,False,-1,-1,0,0,0,-1
2026-06-24 11:19:20.273,73.1766,False,19.05664,0.7645947,-9.360349,-0.3583922,0.2311904,0.09604224,0.8993786,0.3470139,0.6890687,0.636212,False,-1,-1,0,0,0,-1
2026-06-24 11:19:20.319,73.22089,False,19.06004,0.7646842,-9.361574,-0.3576929,0.2287236,0.07729861,0.90209,0.3573601,0.6807023,0.6394827,False,-1,-1,0,0,0,-1
2026-06-24 11:19:20.363,73.26614,False,19.064,0.7647601,-9.362223,-0.3552768,0.2309399,0.06386946,0.9035297,0.3719395,0.6715062,0.6408903,False,-1,-1,0,0,0,-1
2026-06-24 11:19:20.411,73.31254,False,19.06678,0.7645186,-9.361895,-0.3525526,0.2401254,0.05431584,0.9028268,0.3952849,0.6626731,0.636093,False,-1,-1,0,0,0,-1
2026-06-24 11:19:20.451,73.35494,False,19.06968,0.7641419,-9.361561,-0.3507881,0.2496634,0.04741627,0.9013144,0.4167843,0.656017,0.6292317,False,-1,-1,0,0,0,-1
2026-06-24 11:19:20.495,73.39811,False,19.07243,0.7638329,-9.360983,-0.3490403,0.2597584,0.04549143,0.8992369,0.435412,0.6513734,0.6213928,False,-1,-1,0,0,0,-1
2026-06-24 11:19:20.539,73.44294,False,19.07452,0.7637407,-9.359779,-0.3465159,0.271391,0.04924034,0.8965763,0.4525204,0.6480827,0.6125473,False,-1,-1,0,0,0,-1
2026-06-24 11:19:20.584,73.48723,False,19.07631,0.763559,-9.358311,-0.3443069,0.2858685,0.05505704,0.8925809,0.4724085,0.6461217,0.599464,False,-1,-1,0,0,0,-1
2026-06-24 11:19:20.627,73.52945,False,19.0772,0.7636434,-9.356632,-0.3424825,0.301831,0.06018669,0.8876832,0.4946348,0.6443644,0.5832075,False,-1,-1,0,0,0,-1
2026-06-24 11:19:20.668,73.57174,False,19.07701,0.7636136,-9.35603,-0.3416944,0.3122584,0.06320713,0.8841632,0.5089797,0.6437011,0.5714794,False,-1,-1,0,0,0,-1
2026-06-24 11:19:20.706,73.61024,False,19.07707,0.7632695,-9.354875,-0.3408714,0.3336364,0.06836214,0.8762534,0.5380947,0.6429957,0.5449868,False,-1,-1,0,0,0,-1
2026-06-24 11:19:20.746,73.65131,False,19.07629,0.7630022,-9.354193,-0.3409573,0.351725,0.06945165,0.8690307,0.5639595,0.6414604,0.5200753,False,-1,-1,0,0,0,-1
2026-06-24 11:19:20.785,73.68991,False,19.07515,0.7625125,-9.353794,-0.3413357,0.3773095,0.06865577,0.8581456,0.6007036,0.6376405,0.482255,False,-1,-1,0,0,0,-1
2026-06-24 11:19:20.834,73.7363,False,19.07294,0.7624611,-9.35432,-0.3432198,0.4035728,0.06557603,0.8455939,0.6375033,0.6333785,0.4386584,False,-1,-1,0,0,0,-1
2026-06-24 11:19:20.874,73.7771,False,19.07007,0.7624507,-9.355251,-0.3436527,0.4305162,0.06457301,0.8320991,0.672083,0.6275057,0.3931172,False,-1,-1,0,0,0,-1
2026-06-24 11:19:20.912,73.81749,False,19.06767,0.7623671,-9.355766,-0.3397995,0.451378,0.0669918,0.8223785,0.6968796,0.6193648,0.3615883,False,-1,-1,0,0,0,-1
2026-06-24 11:19:20.951,73.85442,False,19.06439,0.7629599,-9.356634,-0.3319715,0.4771069,0.07098857,0.8106322,0.726384,0.6059518,0.3243279,False,-1,-1,0,0,0,-1
2026-06-24 11:19:20.991,73.89413,False,19.06183,0.763789,-9.356873,-0.3230988,0.4955408,0.07486868,0.802771,0.7472316,0.5929496,0.3000929,False,-1,-1,0,0,0,-1
2026-06-24 11:19:21.032,73.93566,False,19.05888,0.76494,-9.357065,-0.3107097,0.5170474,0.07995278,0.7935547,0.7709265,0.5758091,0.2722429,False,-1,-1,0,0,0,-1
2026-06-24 11:19:21.073,73.97662,False,19.05649,0.7660584,-9.356386,-0.2990098,0.5355255,0.08404065,0.7853297,0.7908702,0.5596544,0.2476112,False,-1,-1,0,0,0,-1
2026-06-24 11:19:21.105,74.01569,False,19.05435,0.7670478,-9.355164,-0.2902911,0.5498845,0.08681656,0.778345,0.8055956,0.5473714,0.2267163,False,-1,-1,0,0,0,-1
2026-06-24 11:19:21.146,74.05808,False,19.05253,0.7680593,-9.353109,-0.28565,0.5586599,0.08931982,0.7735149,0.8132349,0.5417078,0.2126063,False,-1,-1,0,0,0,-1
2026-06-24 11:19:21.191,74.10242,False,19.05096,0.7688825,-9.349852,-0.2816176,0.5656062,0.09316601,0.7694811,0.8179722,0.5387895,0.2015622,False,-1,-1,0,0,0,-1
2026-06-24 11:19:21.236,74.14693,False,19.0501,0.7693306,-9.347168,-0.2803197,0.5666183,0.09723871,0.7687062,0.8166101,0.5411615,0.2007292,False,-1,-1,0,0,0,-1
2026-06-24 11:19:21.281,74.19155,False,19.0499,0.7696539,-9.344909,-0.2790605,0.5650496,0.1006386,0.7698805,0.8138729,0.5434182,0.2056882,False,-1,-1,0,0,0,-1
2026-06-24 11:19:21.326,74.23636,False,19.04979,0.7700403,-9.343159,-0.2781271,0.5616024,0.1020404,0.7725515,0.8109731,0.5443473,0.2144963,False,-1,-1,0,0,0,-1
2026-06-24 11:19:21.371,74.28164,False,19.04991,0.7704817,-9.341507,-0.2775257,0.5568612,0.1016991,0.7762361,0.8080633,0.5441155,0.2257702,False,-1,-1,0,0,0,-1
2026-06-24 11:19:21.415,74.32615,False,19.04994,0.7708641,-9.339991,-0.2762782,0.5523276,0.1000148,0.7801293,0.80651,0.5415473,0.2372092,False,-1,-1,0,0,0,-1
2026-06-24 11:19:21.459,74.37029,False,19.05047,0.7710045,-9.339037,-0.2760831,0.5469931,0.0978701,0.7842181,0.8038833,0.5400872,0.2491533,False,-1,-1,0,0,0,-1
2026-06-24 11:19:21.505,74.41533,False,19.05126,0.7709719,-9.337974,-0.2766847,0.5408745,0.09547237,0.7885337,0.800164,0.5396275,0.2618008,False,-1,-1,0,0,0,-1
2026-06-24 11:19:21.549,74.46038,False,19.05216,0.7710393,-9.337149,-0.2772546,0.5335882,0.09189521,0.7937057,0.7960673,0.5381855,0.276827,False,-1,-1,0,0,0,-1
2026-06-24 11:19:21.594,74.50539,False,19.05329,0.7713255,-9.336397,-0.276409,0.5261206,0.08588966,0.7996362,0.7939289,0.5324299,0.2935903,False,-1,-1,0,0,0,-1
2026-06-24 11:19:21.639,74.54991,False,19.05507,0.7718859,-9.335751,-0.2726963,0.5179606,0.07611357,0.8071928,0.7946764,0.5190847,0.3147071,False,-1,-1,0,0,0,-1
2026-06-24 11:19:21.672,74.58346,False,19.0564,0.7724898,-9.335459,-0.2685379,0.5133412,0.06985214,0.8120893,0.7962418,0.5078694,0.3287363,False,-1,-1,0,0,0,-1
2026-06-24 11:19:21.707,74.6184,False,19.05807,0.7733461,-9.334857,-0.2609728,0.5083204,0.06062686,0.8184302,0.8004056,0.4888117,0.3470072,False,-1,-1,0,0,0,-1
2026-06-24 11:19:21.750,74.66115,False,19.06041,0.7747731,-9.334105,-0.2473076,0.5013274,0.04772547,0.8277875,0.8063793,0.4572885,0.3750196,False,-1,-1,0,0,0,-1
2026-06-24 11:19:21.794,74.70521,False,19.06246,0.7765734,-9.332777,-0.2275304,0.4977784,0.0352308,0.836185,0.8164375,0.4155893,0.4008931,False,-1,-1,0,0,0,-1
2026-06-24 11:19:21.828,74.73878,False,19.06365,0.7781091,-9.331179,-0.2092807,0.495993,0.02623941,0.8423206,0.8245875,0.378592,0.4203851,False,-1,-1,0,0,0,-1
2026-06-24 11:19:21.861,74.77238,False,19.06445,0.7796108,-9.328957,-0.1884253,0.4947623,0.01615553,0.8482011,0.8332277,0.3356313,0.4394123,False,-1,-1,0,0,0,-1
2026-06-24 11:19:21.905,74.8166,False,19.06565,0.7814397,-9.325569,-0.1577172,0.4934605,0.001785831,0.8553472,0.8435969,0.2715684,0.463244,False,-1,-1,0,0,0,-1
2026-06-24 11:19:21.940,74.85044,False,19.0668,0.7823061,-9.322489,-0.1350936,0.4906784,-0.009162187,0.8607558,0.8471841,0.2235739,0.4819688,False,-1,-1,0,0,0,-1
2026-06-24 11:19:21.984,74.89461,False,19.06879,0.7826319,-9.318167,-0.1066543,0.4843437,-0.02168451,0.8680817,0.8455253,0.1641638,0.5080721,False,-1,-1,0,0,0,-1
2026-06-24 11:19:22.017,74.92799,False,19.0704,0.7826477,-9.314425,-0.08696065,0.4773434,-0.03039066,0.873875,0.8395625,0.1229719,0.5291623,False,-1,-1,0,0,0,-1
2026-06-24 11:19:22.073,74.98402,False,19.07334,0.782227,-9.309235,-0.06458116,0.4645852,-0.04466367,0.8820403,0.8253345,0.0724262,0.5599798,False,-1,-1,0,0,0,-1
2026-06-24 11:19:22.106,75.01736,False,19.07586,0.781866,-9.305005,-0.04857871,0.4537255,-0.05621991,0.8880386,0.8113137,0.03526272,0.5835465,False,-1,-1,0,0,0,-1
2026-06-24 11:19:22.140,75.05069,False,19.07851,0.7812338,-9.300762,-0.03346655,0.4425155,-0.06833803,0.8935267,0.7953728,-0.0006747581,0.6061201,False,-1,-1,0,0,0,-1
2026-06-24 11:19:22.184,75.09529,False,19.08275,0.7800779,-9.294703,-0.01315281,0.426625,-0.08480207,0.9003482,0.7704528,-0.04867315,0.6356363,False,-1,-1,0,0,0,-1
2026-06-24 11:19:22.228,75.13895,False,19.08662,0.7790882,-9.288503,0.006718404,0.4101378,-0.09691862,0.9068344,0.7425519,-0.09168494,0.6634837,False,-1,-1,0,0,0,-1
2026-06-24 11:19:22.261,75.17243,False,19.08962,0.7781585,-9.284163,0.02136538,0.3982785,-0.1010771,0.9114282,0.7216854,-0.1194597,0.6818354,False,-1,-1,0,0,0,-1
2026-06-24 11:19:22.296,75.20636,False,19.09217,0.7773724,-9.280249,0.03338688,0.3866046,-0.1017123,0.9160114,0.7014767,-0.1398104,0.6988444,False,-1,-1,0,0,0,-1
2026-06-24 11:19:22.329,75.23981,False,19.09479,0.7768601,-9.276482,0.04172628,0.3761169,-0.101079,0.9200968,0.6836925,-0.1528195,0.71359,False,-1,-1,0,0,0,-1
2026-06-24 11:19:22.363,75.27326,False,19.09706,0.7763473,-9.27302,0.04362706,0.3668645,-0.1017915,0.9236588,0.6688336,-0.1552804,0.7270142,False,-1,-1,0,0,0,-1
2026-06-24 11:19:22.398,75.30844,False,19.09876,0.7762337,-9.269801,0.04077715,0.3586411,-0.1050583,0.926648,0.6561003,-0.1509286,0.7394275,False,-1,-1,0,0,0,-1
2026-06-24 11:19:22.439,75.35048,False,19.10028,0.7763169,-9.266462,0.03510622,0.3493105,-0.1097172,0.9298989,0.6419433,-0.1419412,0.7534994,False,-1,-1,0,0,0,-1
2026-06-24 11:19:22.482,75.39447,False,19.10125,0.7762608,-9.263504,0.03015333,0.3404643,-0.1133032,0.9329187,0.6284181,-0.1334126,0.7663497,False,-1,-1,0,0,0,-1
2026-06-24 11:19:22.518,75.42852,False,19.10175,0.7761702,-9.261738,0.02956079,0.3337361,-0.1147149,0.9351935,0.6174335,-0.1318591,0.7754928,False,-1,-1,0,0,0,-1
2026-06-24 11:19:22.580,75.48458,False,19.10194,0.7759949,-9.260524,0.03301689,0.3269654,-0.1147724,0.9374598,0.605455,-0.1369572,0.7840071,False,-1,-1,0,0,0,-1
2026-06-24 11:19:22.621,75.52545,False,19.10233,0.775667,-9.258532,0.04130415,0.316635,-0.1139977,0.9407661,0.5863417,-0.1499064,0.7960725,False,-1,-1,0,0,0,-1
2026-06-24 11:19:22.662,75.56645,False,19.1024,0.7753185,-9.256705,0.04946186,0.3070813,-0.1126741,0.9436944,0.5684357,-0.162554,0.8065092,False,-1,-1,0,0,0,-1
2026-06-24 11:19:22.704,75.60832,False,19.10236,0.7750599,-9.255711,0.0482967,0.3046971,-0.1145002,0.9443076,0.5643957,-0.1609896,0.8096542,False,-1,-1,0,0,0,-1
2026-06-24 11:19:22.746,75.65154,False,19.10235,0.7749422,-9.255138,0.04440803,0.3048235,-0.116227,0.9442467,0.5653344,-0.1547218,0.8102211,False,-1,-1,0,0,0,-1
2026-06-24 11:19:22.794,75.69566,False,19.10212,0.7752674,-9.255239,0.03949261,0.3067399,-0.1159819,0.9438746,0.5698871,-0.1457047,0.8087019,False,-1,-1,0,0,0,-1
2026-06-24 11:19:22.839,75.74152,False,19.10144,0.7754805,-9.255794,0.03572286,0.3095897,-0.113672,0.9433752,0.5759971,-0.1377835,0.8057563,False,-1,-1,0,0,0,-1
2026-06-24 11:19:22.884,75.78664,False,19.10054,0.7759583,-9.256747,0.03220093,0.3139935,-0.1106884,0.9424009,0.5846869,-0.1302033,0.8007424,False,-1,-1,0,0,0,-1
2026-06-24 11:19:22.931,75.83554,False,19.09945,0.7763963,-9.257797,0.02529532,0.3187946,-0.1080254,0.941308,0.5947027,-0.1164972,0.7954603,False,-1,-1,0,0,0,-1
2026-06-24 11:19:22.976,75.87803,False,19.09845,0.7768538,-9.258692,0.01907147,0.3233437,-0.1053359,0.9402072,0.6040024,-0.1039817,0.7901703,False,-1,-1,0,0,0,-1
2026-06-24 11:19:23.018,75.92096,False,19.09764,0.7769538,-9.259457,0.01536085,0.3261343,-0.1034781,0.9395173,0.6096386,-0.09635907,0.7868009,False,-1,-1,0,0,0,-1
2026-06-24 11:19:23.064,75.96343,False,19.09666,0.7771116,-9.259907,0.01585561,0.3275378,-0.1015425,0.939232,0.612048,-0.0963022,0.7849352,False,-1,-1,0,0,0,-1
2026-06-24 11:19:23.105,76.00994,False,19.09383,0.7777206,-9.258055,0.01806789,0.3267736,-0.09956776,0.9396695,0.6105204,-0.09902791,0.7857852,False,-1,-1,0,0,0,-1
2026-06-24 11:19:23.149,76.05225,False,19.09335,0.7777949,-9.257973,0.01824643,0.3258729,-0.09956196,0.9399794,0.6089942,-0.09919162,0.7869479,False,-1,-1,0,0,0,-1
2026-06-24 11:19:23.188,76.09264,False,19.09283,0.7779009,-9.257974,0.01615506,0.324282,-0.09939025,0.9405859,0.6068189,-0.09485138,0.7891604,False,-1,-1,0,0,0,-1
2026-06-24 11:19:23.230,76.13262,False,19.09254,0.7780361,-9.257782,0.01222705,0.3224634,-0.0988064,0.9413316,0.6046738,-0.0867423,0.7917356,False,-1,-1,0,0,0,-1
2026-06-24 11:19:23.271,76.1759,False,19.09256,0.7780524,-9.257702,0.009206644,0.3209797,-0.09880564,0.941873,0.6028249,-0.08077218,0.7937746,False,-1,-1,0,0,0,-1
2026-06-24 11:19:23.314,76.21853,False,19.09264,0.7779375,-9.257698,0.006428818,0.3188865,-0.09917591,0.9425679,0.5998691,-0.07537091,0.7965402,False,-1,-1,0,0,0,-1
2026-06-24 11:19:23.352,76.25745,False,19.09303,0.7779664,-9.258274,0.004532157,0.3174706,-0.09967224,0.9430044,0.5978488,-0.07183369,0.7983838,False,-1,-1,0,0,0,-1
2026-06-24 11:19:23.394,76.29955,False,19.09339,0.7777503,-9.259003,0.002388097,0.3172411,-0.1003249,0.9430203,0.5978504,-0.06815837,0.7987048,False,-1,-1,0,0,0,-1
2026-06-24 11:19:23.438,76.34158,False,19.0937,0.7777734,-9.259475,0.0002795662,0.3177327,-0.1011451,0.9427701,0.5990412,-0.06480136,0.7980917,False,-1,-1,0,0,0,-1
2026-06-24 11:19:23.484,76.38763,False,19.09381,0.7779962,-9.260654,-0.003570678,0.3194895,-0.1023961,0.9420344,0.6026714,-0.05870152,0.7958274,False,-1,-1,0,0,0,-1
2026-06-24 11:19:23.531,76.43418,False,19.09377,0.7779737,-9.261746,-0.006694424,0.3215787,-0.1027984,0.9412624,0.6067562,-0.0535131,0.7930847,False,-1,-1,0,0,0,-1
2026-06-24 11:19:23.575,76.47713,False,19.09424,0.7778181,-9.263227,-0.008132084,0.3231598,-0.1028998,0.9406983,0.6096655,-0.05120652,0.7910032,False,-1,-1,0,0,0,-1
2026-06-24 11:19:23.619,76.52103,False,19.09438,0.7778336,-9.264273,-0.007940891,0.3243944,-0.1030729,0.9402559,0.6116645,-0.0519396,0.7894105,False,-1,-1,0,0,0,-1
2026-06-24 11:19:23.662,76.56512,False,19.09472,0.7777084,-9.264868,-0.008056603,0.3246693,-0.1036755,0.9400938,0.6121097,-0.05217257,0.7890499,False,-1,-1,0,0,0,-1
2026-06-24 11:19:23.703,76.60706,False,19.09495,0.7775985,-9.265312,-0.008625772,0.3247433,-0.1040882,0.9400176,0.6123245,-0.05138712,0.7889348,False,-1,-1,0,0,0,-1
2026-06-24 11:19:23.747,76.65059,False,19.09546,0.7775044,-9.265965,-0.009260409,0.3247226,-0.1048583,0.9399331,0.612377,-0.05069141,0.788939,False,-1,-1,0,0,0,-1
2026-06-24 11:19:23.790,76.69379,False,19.09564,0.7774131,-9.266217,-0.009535711,0.3241048,-0.105099,0.9401167,0.611397,-0.05019681,0.7897304,False,-1,-1,0,0,0,-1
2026-06-24 11:19:23.830,76.73521,False,19.09581,0.7773712,-9.266239,-0.008904226,0.3231175,-0.1048628,0.940489,0.6096444,-0.05101734,0.7910315,False,-1,-1,0,0,0,-1
2026-06-24 11:19:23.872,76.77615,False,19.09605,0.7772515,-9.265945,-0.008385058,0.3216564,-0.1049965,0.9409796,0.607105,-0.05176525,0.7929338,False,-1,-1,0,0,0,-1
2026-06-24 11:19:23.907,76.8108,False,19.09596,0.7772659,-9.265736,-0.007737593,0.3208113,-0.1049851,0.9412749,0.6055679,-0.05279443,0.7940405,False,-1,-1,0,0,0,-1
2026-06-24 11:19:23.943,76.84517,False,19.09614,0.7771623,-9.265556,-0.006666239,0.3204483,-0.1049465,0.941411,0.6047464,-0.0547085,0.7945368,False,-1,-1,0,0,0,-1
2026-06-24 11:19:24.005,76.90936,False,19.09689,0.7769861,-9.26524,-0.005746672,0.3200541,-0.1058539,0.9414496,0.6038462,-0.05693756,0.7950647,False,-1,-1,0,0,0,-1
2026-06-24 11:19:24.071,76.9749,False,19.09734,0.7769721,-9.265265,-0.006242352,0.3214897,-0.1056236,0.9409831,0.6063514,-0.05616589,0.7932108,False,-1,-1,0,0,0,-1
2026-06-24 11:19:24.106,77.00924,False,19.09733,0.7768719,-9.265282,-0.006356973,0.3227919,-0.1059876,0.9404954,0.6085162,-0.05646648,0.7915299,False,-1,-1,0,0,0,-1
2026-06-24 11:19:24.160,77.07082,False,19.09739,0.7770004,-9.265955,-0.007368271,0.324827,-0.1059457,0.9397918,0.6121008,-0.05497878,0.7888663,False,-1,-1,0,0,0,-1
2026-06-24 11:19:24.225,77.1359,False,19.09729,0.7769862,-9.267113,-0.009781395,0.3274766,-0.1055584,0.9388934,0.6169963,-0.05076846,0.7853268,False,-1,-1,0,0,0,-1
2026-06-24 11:19:24.258,77.16964,False,19.09719,0.7769955,-9.267849,-0.01058998,0.3281989,-0.1055982,0.938628,0.6183498,-0.04943429,0.7843468,False,-1,-1,0,0,0,-1
2026-06-24 11:19:24.325,77.23619,False,19.09722,0.7769665,-9.269189,-0.01251793,0.3296461,-0.1048259,0.9381835,0.6211616,-0.0456227,0.7823535,False,-1,-1,0,0,0,-1
2026-06-24 11:19:24.359,77.26954,False,19.0971,0.7770566,-9.269964,-0.01429549,0.3308072,-0.1049158,0.9377393,0.6234214,-0.04260289,0.7807245,False,-1,-1,0,0,0,-1
2026-06-24 11:19:24.392,77.30289,False,19.09713,0.7770876,-9.27099,-0.01812594,0.3322676,-0.1056996,0.9370685,0.6265467,-0.03627063,0.7785394,False,-1,-1,0,0,0,-1
2026-06-24 11:19:24.425,77.33628,False,19.09719,0.7770332,-9.271865,-0.02290773,0.334728,-0.1060888,0.9360436,0.6315005,-0.02813653,0.7748647,False,-1,-1,0,0,0,-1
2026-06-24 11:19:24.459,77.36961,False,19.09695,0.7771599,-9.272873,-0.02769151,0.3383408,-0.105754,0.9346522,0.638319,-0.01979797,0.7695173,False,-1,-1,0,0,0,-1
2026-06-24 11:19:24.526,77.43632,False,19.0958,0.7771182,-9.274829,-0.03287455,0.3443555,-0.1044445,0.9324322,0.6490434,-0.01062545,0.7606772,False,-1,-1,0,0,0,-1
2026-06-24 11:19:24.570,77.48138,False,19.09503,0.7773029,-9.276583,-0.03567059,0.3484611,-0.1042213,0.9308278,0.6561499,-0.006227814,0.7546049,False,-1,-1,0,0,0,-1
2026-06-24 11:19:24.616,77.52671,False,19.09448,0.7773435,-9.278357,-0.03920093,0.3531731,-0.1040554,0.9289266,0.6643019,-0.0006695837,0.7474641,False,-1,-1,0,0,0,-1
2026-06-24 11:19:24.660,77.57063,False,19.09416,0.7773557,-9.279724,-0.04301385,0.3564163,-0.10337,0.9275947,0.6701124,0.006113313,0.7422345,False,-1,-1,0,0,0,-1
2026-06-24 11:19:24.704,77.61505,False,19.09356,0.7774218,-9.281116,-0.04615692,0.3594225,-0.1022025,0.9264123,0.6753815,0.01205295,0.73737,False,-1,-1,0,0,0,-1
2026-06-24 11:19:24.748,77.65974,False,19.09295,0.7775199,-9.281956,-0.04828249,0.361254,-0.1017269,0.9256436,0.6786082,0.01588625,0.7343286,False,-1,-1,0,0,0,-1
2026-06-24 11:19:24.794,77.70394,False,19.09275,0.7778472,-9.282681,-0.04928625,0.3625491,-0.1010785,0.9251552,0.680792,0.01790304,0.732258,False,-1,-1,0,0,0,-1
2026-06-24 11:19:24.838,77.74823,False,19.0927,0.7773522,-9.283107,-0.05088843,0.3630709,-0.101182,0.9248525,0.6818721,0.02065609,0.7311798,False,-1,-1,0,0,0,-1
2026-06-24 11:19:24.882,77.7928,False,19.09213,0.7773935,-9.283117,-0.05350505,0.3641426,-0.1010919,0.9242932,0.6839669,0.02528498,0.7290748,False,-1,-1,0,0,0,-1
2026-06-24 11:19:24.927,77.83732,False,19.09194,0.7773989,-9.2835,-0.05683751,0.3653786,-0.1010104,0.9236151,0.6864209,0.03117791,0.7265359,False,-1,-1,0,0,0,-1
2026-06-24 11:19:24.972,77.88197,False,19.0915,0.7768358,-9.283676,-0.05924232,0.3665276,-0.1012379,0.9229836,0.6885931,0.03514643,0.7242957,False,-1,-1,0,0,0,-1
2026-06-24 11:19:25.016,77.92647,False,19.09152,0.7770284,-9.284823,-0.06082126,0.3678693,-0.1014976,0.9223184,0.6909317,0.03751747,0.7219459,False,-1,-1,0,0,0,-1
2026-06-24 11:19:25.060,77.97095,False,19.0916,0.7772391,-9.285511,-0.06106087,0.3687587,-0.10097,0.9220052,0.6923256,0.03812972,0.7205772,False,-1,-1,0,0,0,-1
2026-06-24 11:19:25.112,78.01805,False,19.0918,0.777328,-9.285912,-0.06145378,0.3699507,-0.1006528,0.9215362,0.694217,0.03879061,0.7187198,False,-1,-1,0,0,0,-1
2026-06-24 11:19:25.157,78.06078,False,19.09181,0.7772418,-9.286312,-0.06302118,0.3709452,-0.1016375,0.9209223,0.696034,0.04067132,0.7168561,False,-1,-1,0,0,0,-1
2026-06-24 11:19:25.204,78.10761,False,19.09211,0.7771664,-9.286846,-0.06620643,0.3719875,-0.1029856,0.9201283,0.698189,0.04521812,0.714484,False,-1,-1,0,0,0,-1
2026-06-24 11:19:25.249,78.15145,False,19.09247,0.7769421,-9.287635,-0.07014063,0.3731707,-0.1038269,0.9192627,0.7006488,0.05146498,0.7116477,False,-1,-1,0,0,0,-1
2026-06-24 11:19:25.294,78.19764,False,19.09286,0.7764949,-9.288174,-0.0762115,0.3738061,-0.105911,0.918283,0.7026628,0.06078709,0.7089217,False,-1,-1,0,0,0,-1
2026-06-24 11:19:25.346,78.25077,False,19.093,0.7761732,-9.289653,-0.08424652,0.374081,-0.1080867,0.9172149,0.7044372,0.07367794,0.7059319,False,-1,-1,0,0,0,-1
2026-06-24 11:19:25.390,78.2937,False,19.09235,0.7760515,-9.291441,-0.09533399,0.3738012,-0.1095199,0.9160728,0.7057402,0.09278842,0.7023682,False,-1,-1,0,0,0,-1
2026-06-24 11:19:25.436,78.34104,False,19.09175,0.7756577,-9.293577,-0.1095912,0.3728918,-0.1105832,0.9147201,0.7064212,0.1180193,0.6978829,False,-1,-1,0,0,0,-1
2026-06-24 11:19:25.484,78.38585,False,19.09051,0.7756001,-9.296589,-0.1244266,0.3707279,-0.1106303,0.9136956,0.7049957,0.1453487,0.6941577,False,-1,-1,0,0,0,-1
2026-06-24 11:19:25.526,78.42894,False,19.08882,0.7753136,-9.299875,-0.1393451,0.3679395,-0.1089062,0.9128762,0.7021176,0.1742679,0.6904069,False,-1,-1,0,0,0,-1
2026-06-24 11:19:25.571,78.47382,False,19.08751,0.7747328,-9.304108,-0.1538488,0.3645504,-0.1069924,0.9121328,0.6979581,0.2026528,0.6868671,False,-1,-1,0,0,0,-1
2026-06-24 11:19:25.616,78.51861,False,19.08592,0.774582,-9.308414,-0.1695562,0.3612933,-0.1057213,0.9107914,0.693977,0.2324678,0.6814358,False,-1,-1,0,0,0,-1
2026-06-24 11:19:25.659,78.56281,False,19.08456,0.7736877,-9.313065,-0.1860906,0.3575841,-0.1049506,0.9091145,0.6892304,0.2632979,0.6750078,False,-1,-1,0,0,0,-1
2026-06-24 11:19:25.704,78.60688,False,19.08303,0.7729917,-9.317325,-0.2016696,0.3535711,-0.1043449,0.9074299,0.6837683,0.2922153,0.6686338,False,-1,-1,0,0,0,-1
2026-06-24 11:19:25.746,78.65151,False,19.08181,0.7721022,-9.321524,-0.2150881,0.3483917,-0.1043145,0.9063547,0.6764065,0.3172076,0.6647207,False,-1,-1,0,0,0,-1
2026-06-24 11:19:25.789,78.69427,False,19.08079,0.7713308,-9.325305,-0.2256994,0.3433218,-0.1045746,0.9056788,0.6690834,0.3370168,0.6623799,False,-1,-1,0,0,0,-1
2026-06-24 11:19:25.835,78.73927,False,19.08048,0.7709197,-9.326805,-0.2290928,0.340652,-0.104926,0.9057943,0.665197,0.3435355,0.6629453,False,-1,-1,0,0,0,-1
2026-06-24 11:19:25.876,78.77938,False,19.08016,0.770232,-9.329095,-0.2354234,0.3374811,-0.1056606,0.9052725,0.6607746,0.3549278,0.6613647,False,-1,-1,0,0,0,-1
2026-06-24 11:19:25.918,78.81956,False,19.08002,0.7690985,-9.332762,-0.2465448,0.3326669,-0.106888,0.9039488,0.6541331,0.3746116,0.6570967,False,-1,-1,0,0,0,-1
2026-06-24 11:19:25.958,78.86116,False,19.07976,0.7684986,-9.334706,-0.2541936,0.3304692,-0.1075138,0.9025611,0.6511959,0.3877904,0.6523515,False,-1,-1,0,0,0,-1
2026-06-24 11:19:25.997,78.90215,False,19.07932,0.7677037,-9.337112,-0.2669093,0.3269841,-0.1051353,0.9004374,0.6449806,0.4119151,0.6436816,False,-1,-1,0,0,0,-1
2026-06-24 11:19:26.042,78.94559,False,19.07816,0.7664894,-9.339429,-0.2835422,0.3236108,-0.09718793,0.89746,0.6359693,0.4460333,0.6297597,False,-1,-1,0,0,0,-1
2026-06-24 11:19:26.082,78.98602,False,19.07635,0.7649953,-9.341617,-0.3043464,0.318151,-0.08743829,0.8935926,0.6218179,0.4882861,0.6123064,False,-1,-1,0,0,0,-1
2026-06-24 11:19:26.122,79.02556,False,19.07405,0.7635874,-9.343671,-0.3230373,0.3133066,-0.07870302,0.8895458,0.6082491,0.5253966,0.5949717,False,-1,-1,0,0,0,-1
2026-06-24 11:19:26.156,79.06635,False,19.06947,0.7607164,-9.347247,-0.3552423,0.3040661,-0.061371,0.8818051,0.5798573,0.5891873,0.5626935,False,-1,-1,0,0,0,-1
2026-06-24 11:19:26.188,79.09972,False,19.0658,0.7589782,-9.349688,-0.3736213,0.2982217,-0.04741044,0.8770537,0.55854,0.6270942,0.5429419,False,-1,-1,0,0,0,-1
2026-06-24 11:19:26.222,79.13308,False,19.06119,0.758487,-9.351954,-0.382029,0.2960071,-0.02358121,0.8751444,0.5361152,0.6547006,0.5328673,False,-1,-1,0,0,0,-1
2026-06-24 11:19:26.255,79.16668,False,19.05541,0.7591113,-9.352921,-0.3840662,0.2960315,0.002555289,0.8745582,0.5158308,0.6732894,0.529717,False,-1,-1,0,0,0,-1
2026-06-24 11:19:26.300,79.21097,False,19.04788,0.7593295,-9.352753,-0.3898344,0.2995273,0.02755356,0.8703755,0.4999197,0.6951106,0.5166252,False,-1,-1,0,0,0,-1
2026-06-24 11:19:26.333,79.24436,False,19.04215,0.7588477,-9.35203,-0.3944221,0.3018849,0.0454215,0.8667373,0.4874793,0.7111448,0.5065935,False,-1,-1,0,0,0,-1
2026-06-24 11:19:26.367,79.27785,False,19.03614,0.7581617,-9.351374,-0.4018695,0.3035547,0.0635628,0.8615772,0.4719836,0.7310728,0.4927109,False,-1,-1,0,0,0,-1
2026-06-24 11:19:26.411,79.32196,False,19.02858,0.7567428,-9.350305,-0.4141546,0.304515,0.08761031,0.8532708,0.4470991,0.7601293,0.4714932,False,-1,-1,0,0,0,-1
2026-06-24 11:19:26.456,79.36658,False,19.02062,0.7551603,-9.348998,-0.4249595,0.3042979,0.1139277,0.8448862,0.417365,0.7874207,0.4536244,False,-1,-1,0,0,0,-1
2026-06-24 11:19:26.500,79.41096,False,19.01315,0.7540044,-9.348106,-0.4311204,0.3033691,0.1393846,0.8382567,0.3884193,0.8073491,0.4442048,False,-1,-1,0,0,0,-1
2026-06-24 11:19:26.534,79.44472,False,19.01012,0.7533851,-9.347775,-0.4332178,0.3047125,0.1473431,0.8353219,0.3814028,0.8135473,0.4389452,False,-1,-1,0,0,0,-1
2026-06-24 11:19:26.567,79.47837,False,19.00599,0.7526423,-9.347681,-0.436667,0.3069365,0.1570585,0.8309299,0.372921,0.8220933,0.4302239,False,-1,-1,0,0,0,-1
2026-06-24 11:19:26.601,79.51225,False,19.00289,0.7518888,-9.347934,-0.4400863,0.310488,0.1614816,0.8269492,0.3713839,0.8281342,0.4198426,False,-1,-1,0,0,0,-1
2026-06-24 11:19:26.636,79.54603,False,19.00039,0.7512932,-9.348254,-0.4425972,0.3134875,0.1628233,0.8242099,0.3726287,0.8316721,0.4116665,False,-1,-1,0,0,0,-1
2026-06-24 11:19:26.668,79.57982,False,18.99882,0.7511415,-9.348565,-0.4431483,0.3170607,0.1627629,0.8225572,0.3773448,0.8322411,0.4061841,False,-1,-1,0,0,0,-1
2026-06-24 11:19:26.703,79.61363,False,18.99826,0.7511401,-9.349015,-0.442034,0.3198183,0.1619836,0.822243,0.3827322,0.8305295,0.4046443,False,-1,-1,0,0,0,-1
2026-06-24 11:19:26.736,79.64751,False,18.99848,0.7512748,-9.349566,-0.4406419,0.3227026,0.1592442,0.8223984,0.3904408,0.8275434,0.4033955,False,-1,-1,0,0,0,-1
2026-06-24 11:19:26.781,79.69216,False,18.99984,0.7519639,-9.350021,-0.4380224,0.3252436,0.1525283,0.824068,0.402424,0.8211383,0.4047059,False,-1,-1,0,0,0,-1
2026-06-24 11:19:26.816,79.72633,False,19.00168,0.7527217,-9.350226,-0.4344906,0.3259135,0.1454885,0.826941,0.4125956,0.8134295,0.4099966,False,-1,-1,0,0,0,-1
2026-06-24 11:19:26.859,79.77088,False,19.00562,0.7538492,-9.350361,-0.4280652,0.3270654,0.1332846,0.8318796,0.4300491,0.7993829,0.4195767,False,-1,-1,0,0,0,-1
2026-06-24 11:19:26.904,79.81509,False,19.00927,0.7554066,-9.350396,-0.420686,0.329498,0.1197049,0.8367348,0.4506885,0.7828903,0.4289086,False,-1,-1,0,0,0,-1
2026-06-24 11:19:26.938,79.84904,False,19.01236,0.7564784,-9.35016,-0.4138883,0.3321831,0.1100628,0.8403791,0.4672122,0.7687681,0.4367017,False,-1,-1,0,0,0,-1
2026-06-24 11:19:26.982,79.89286,False,19.01618,0.7582353,-9.349688,-0.4029529,0.3354728,0.09867387,0.8457839,0.4879532,0.7478269,0.4501739,False,-1,-1,0,0,0,-1
2026-06-24 11:19:27.016,79.9263,False,19.0191,0.7597552,-9.349575,-0.3932768,0.3376202,0.09117746,0.8503133,0.5024499,0.7303837,0.4626919,False,-1,-1,0,0,0,-1
2026-06-24 11:19:27.060,79.97023,False,19.02235,0.7618803,-9.348837,-0.3788652,0.3390407,0.08175153,0.8572218,0.5193206,0.7049772,0.4830252,False,-1,-1,0,0,0,-1
2026-06-24 11:19:27.103,80.01424,False,19.02562,0.7638586,-9.347485,-0.3626101,0.3393395,0.07367204,0.8648324,0.5335152,0.6771936,0.5067252,False,-1,-1,0,0,0,-1
2026-06-24 11:19:27.136,80.04759,False,19.0274,0.7659093,-9.345713,-0.3493601,0.3382297,0.06894053,0.8710887,0.541086,0.6552827,0.5270964,False,-1,-1,0,0,0,-1
2026-06-24 11:19:27.170,80.08096,False,19.02905,0.767805,-9.343797,-0.3350272,0.336904,0.06488582,0.8775206,0.5478033,0.6317071,0.5485049,False,-1,-1,0,0,0,-1
2026-06-24 11:19:27.214,80.12536,False,19.03074,0.7703591,-9.340305,-0.3161158,0.3345637,0.05976475,0.8857574,0.5548993,0.599994,0.5762759,False,-1,-1,0,0,0,-1
2026-06-24 11:19:27.259,80.16977,False,19.03185,0.7724118,-9.335649,-0.2980923,0.3317661,0.05536227,0.8933125,0.5597355,0.5693138,0.6021445,False,-1,-1,0,0,0,-1
2026-06-24 11:19:27.304,80.2142,False,19.03238,0.7744235,-9.330482,-0.2805902,0.3300588,0.05284291,0.8997433,0.5642819,0.5398008,0.6246607,False,-1,-1,0,0,0,-1
2026-06-24 11:19:27.336,80.24765,False,19.03256,0.775695,-9.326487,-0.2669106,0.3292802,0.05255209,0.9041967,0.5674148,0.5172881,0.6406665,False,-1,-1,0,0,0,-1
2026-06-24 11:19:27.381,80.29196,False,19.03296,0.7775382,-9.321123,-0.248574,0.3302727,0.05361875,0.9089863,0.5737703,0.4873183,0.6582618,False,-1,-1,0,0,0,-1
2026-06-24 11:19:27.414,80.32533,False,19.03338,0.7789423,-9.317247,-0.235215,0.3319546,0.05467882,0.9118609,0.5796702,0.4652685,0.6689602,False,-1,-1,0,0,0,-1
2026-06-24 11:19:27.448,80.35884,False,19.03381,0.7800399,-9.313362,-0.2224728,0.3343602,0.0551648,0.9141477,0.586764,0.4436359,0.6774181,False,-1,-1,0,0,0,-1
2026-06-24 11:19:28.047,80.71458,False,19.0739,0.7633949,-9.343694,-0.3235354,0.313141,-0.07838607,0.8894511,0.6077685,0.526446,0.5945352,False,-1,-1,0,0,0,-1
