RealTime,UnityTime,GazeValid,GazeOriginX,GazeOriginY,GazeOriginZ,GazeRotX,GazeRotY,GazeRotZ,GazeRotW,GazeDirX,GazeDirY,GazeDirZ,HitPainting,ImageX,ImageY,HitPointX,HitPointY,HitPointZ,HitDistance
2026-06-24 13:24:23.244,28.25807,True,21.42939,1.186657,-9.284594,0.01489739,-0.7025645,-0.000406146,0.711464,-0.9997109,-0.02062723,0.01236243,False,-1,-1,0,0,0,-1
2026-06-24 13:24:23.293,28.31622,True,21.42997,1.187165,-9.283406,0.01380767,-0.7023259,-0.003770238,0.7117116,-0.9998112,-0.01435829,0.01309543,False,-1,-1,0,0,0,-1
2026-06-24 13:24:23.327,28.35328,True,21.43044,1.188217,-9.282727,0.01296314,-0.7021983,-0.007512931,0.7118237,-0.9998776,-0.007903804,0.01349893,False,-1,-1,0,0,0,-1
2026-06-24 13:24:23.370,28.39186,True,21.43064,1.189129,-9.281671,0.01107207,-0.7024845,-0.01049703,0.7115355,-0.9999177,-0.00100833,0.01278576,False,-1,-1,0,0,0,-1
2026-06-24 13:24:23.418,28.44052,True,21.43075,1.190103,-9.280706,0.009555225,-0.7023789,-0.01549864,0.7115704,-0.9998801,0.008173401,0.01314523,False,-1,-1,0,0,0,-1
2026-06-24 13:24:23.453,28.47475,True,21.43088,1.190107,-9.280474,0.008961659,-0.7013261,-0.01491971,0.7126281,-0.9998367,0.008154501,0.01612271,False,-1,-1,0,0,0,-1
2026-06-24 13:24:23.519,28.5406,True,21.43151,1.190779,-9.280378,0.00345608,-0.7008892,-0.01384955,0.7131274,-0.9997422,0.01448475,0.01748486,False,-1,-1,0,0,0,-1
2026-06-24 13:24:23.551,28.57502,True,21.43166,1.19083,-9.280523,0.002406433,-0.7012021,-0.01416927,0.7128177,-0.9997267,0.01644035,0.01661967,False,-1,-1,0,0,0,-1
2026-06-24 13:24:23.618,28.64085,True,21.43159,1.190188,-9.280058,0.001554257,-0.7006776,-0.01115709,0.7133891,-0.9997463,0.01341747,0.01809686,False,-1,-1,0,0,0,-1
2026-06-24 13:24:23.651,28.67457,True,21.43158,1.190493,-9.279371,0.001496729,-0.6988128,-0.01193268,0.7152034,-0.9996225,0.0145365,0.02331673,False,-1,-1,0,0,0,-1
2026-06-24 13:24:23.718,28.74118,True,21.43021,1.191578,-9.277194,0.0001365763,-0.6899136,-0.01568495,0.7237219,-0.9986153,0.02144484,0.0480385,False,-1,-1,0,0,0,-1
2026-06-24 13:24:23.782,28.80657,True,21.42742,1.192003,-9.273954,-0.003703256,-0.6726069,-0.01686572,0.7397985,-0.9950622,0.02816733,0.09517252,False,-1,-1,0,0,0,-1
2026-06-24 13:24:23.851,28.87249,True,21.4265,1.189973,-9.270525,-0.005280253,-0.6516375,-0.01343067,0.7583933,-0.9882531,0.02551288,0.1506814,False,-1,-1,0,0,0,-1
2026-06-24 13:24:23.882,28.90654,True,21.42661,1.189031,-9.268482,-0.006571994,-0.6355038,-0.013168,0.7719575,-0.9809908,0.02688322,0.1921834,False,-1,-1,0,0,0,-1
2026-06-24 13:24:23.950,28.97274,True,21.42523,1.188299,-9.262529,-0.01613223,-0.5868073,-0.0182796,0.8093596,-0.9492863,0.04756676,0.310794,False,-1,-1,0,0,0,-1
2026-06-24 13:24:24.016,29.03928,True,21.42531,1.186376,-9.24964,-0.02952785,-0.4900769,-0.006268738,0.8711564,-0.853497,0.05759108,0.5179055,False,-1,-1,0,0,0,-1
2026-06-24 13:24:24.084,29.10682,True,21.42931,1.184064,-9.235765,-0.04341316,-0.3763355,0.01088181,0.9254017,-0.697468,0.0721588,0.7129737,False,-1,-1,0,0,0,-1
2026-06-24 13:24:24.116,29.14054,True,21.43191,1.18366,-9.232617,-0.04385239,-0.3432995,0.01374788,0.938101,-0.645305,0.07283667,0.7604448,False,-1,-1,0,0,0,-1
2026-06-24 13:24:24.161,29.18613,True,21.43433,1.181569,-9.227526,-0.0317766,-0.2941778,0.03539025,0.9545665,-0.5638737,0.0398437,0.8248993,True,0.03181279,0.4086206,16.01534,1.564479,-1.3,9.610294
2026-06-24 13:24:24.216,29.23997,True,21.43601,1.181872,-9.223322,-0.0291825,-0.246297,0.03502944,0.9681215,-0.4789353,0.03924913,0.8769724,True,0.2105401,0.4005125,17.1089,1.536483,-1.3,9.034859
2026-06-24 13:24:24.261,29.28437,True,21.43712,1.182307,-9.221809,-0.03021593,-0.2205994,0.03413979,0.9742984,-0.4319224,0.04381623,0.9008458,True,0.2971612,0.4095289,17.6389,1.567615,-1.3,8.793745
2026-06-24 13:24:24.302,29.32746,True,21.4392,1.181458,-9.221566,-0.02755533,-0.197694,0.03696247,0.979179,-0.3891928,0.03934868,0.9203155,True,0.3707629,0.3957823,18.08924,1.52015,-1.3,8.607446
2026-06-24 13:24:24.350,29.37127,True,21.44291,1.180278,-9.223126,-0.02444179,-0.1768923,0.04127971,0.9830604,-0.3498095,0.03345138,0.9362234,True,0.4350376,0.3793385,18.48252,1.463372,-1.3,8.462858
2026-06-24 13:24:24.401,29.42109,True,21.44682,1.180509,-9.225603,-0.02373665,-0.1585685,0.03229098,0.9865343,-0.3143995,0.03659338,0.9485852,True,0.4901862,0.3859653,18.81995,1.486253,-1.3,8.355183
2026-06-24 13:24:24.442,29.46717,True,21.45057,1.17992,-9.22879,-0.02371648,-0.1459313,0.02678855,0.9886476,-0.2898199,0.0390759,0.9562832,True,0.5273918,0.3910785,19.0476,1.503908,-1.3,8.291257
2026-06-24 13:24:24.486,29.50855,True,21.45522,1.178907,-9.232367,-0.01796076,-0.1333236,0.02199426,0.9906657,-0.2649483,0.02972151,0.9638045,True,0.5644956,0.3677977,19.27462,1.423523,-1.3,8.230265
2026-06-24 13:24:24.529,29.55185,True,21.4608,1.176958,-9.236204,-0.01071725,-0.1223513,0.01181252,0.9923587,-0.2430859,0.01838016,0.9698306,True,0.596689,0.3399486,19.4716,1.327364,-1.3,8.183083
2026-06-24 13:24:24.571,29.59455,True,21.46451,1.176513,-9.240335,-0.0140161,-0.1049053,0.006949997,0.9943591,-0.2088218,0.0264159,0.9775969,True,0.6451946,0.3583991,19.76839,1.391071,-1.3,8.122299
2026-06-24 13:24:24.616,29.63982,True,21.46831,1.173971,-9.245245,-0.006046419,-0.09441833,0.02126759,0.9952871,-0.1882039,0.008019745,0.9820972,True,0.6741778,0.3143143,19.94573,1.238852,-1.3,8.09008
2026-06-24 13:24:24.661,29.68307,True,21.46988,1.176157,-9.247766,-0.009299124,-0.0818997,0.01325723,0.996509,-0.1634741,0.0163618,0.9864119,True,0.708009,0.3343372,20.15273,1.307988,-1.3,8.057249
2026-06-24 13:24:24.701,29.72637,True,21.47147,1.177338,-9.249505,-0.01410275,-0.0638314,0.0009914641,0.9978606,-0.1274177,0.02801859,0.9914533,True,0.7565652,0.3615622,20.44983,1.401993,-1.3,8.018032
2026-06-24 13:24:24.750,29.77281,True,21.47186,1.176412,-9.252408,-0.01177896,-0.06288186,0.007534935,0.997923,-0.12568,0.02256137,0.9918143,True,0.7589066,0.3486215,20.46415,1.35731,-1.3,8.018042
2026-06-24 13:24:24.798,29.82221,True,21.47068,1.176556,-9.254373,-0.01266845,-0.06038978,0.008328338,0.9980597,-0.1207562,0.02428185,0.9923851,True,0.7652185,0.3526399,20.50277,1.371185,-1.3,8.015409
2026-06-24 13:24:24.835,29.85933,True,21.47034,1.177021,-9.255475,-0.01782297,-0.05373544,0.002094223,0.998394,-0.1073729,0.03536363,0.9935897,True,0.782845,0.3784113,20.61062,1.460171,-1.3,8.0068
2026-06-24 13:24:24.881,29.90446,True,21.47031,1.176803,-9.256454,-0.02135589,-0.05136431,8.819046E-05,0.9984517,-0.1025733,0.04263658,0.9938112,True,0.7891347,0.3952036,20.64911,1.518152,-1.3,8.006001
2026-06-24 13:24:24.939,29.9621,True,21.47007,1.176702,-9.256828,-0.02256474,-0.05265212,0.002361095,0.9983552,-0.1052376,0.04480661,0.9934372,True,0.7855511,0.4002497,20.62718,1.535576,-1.3,8.009393
2026-06-24 13:24:24.983,30.00661,True,21.47003,1.177282,-9.256794,-0.02581636,-0.05249032,0.0005236454,0.9982876,-0.1048279,0.05148932,0.9931566,True,0.7860432,0.4159526,20.63019,1.589795,-1.3,8.011621
2026-06-24 13:24:25.035,30.06027,True,21.47005,1.177803,-9.256251,-0.02800514,-0.05271174,-0.0008031859,0.9982167,-0.1051905,0.05599507,0.9928744,True,0.7855413,0.4265859,20.62712,1.626511,-1.3,8.013351
2026-06-24 13:24:25.077,30.10118,True,21.46932,1.177882,-9.256215,-0.03017751,-0.05488939,-0.0004945362,0.9980362,-0.1095334,0.06029078,0.9921529,True,0.7796314,0.4366793,20.59096,1.661362,-1.3,8.019141
2026-06-24 13:24:25.120,30.14453,True,21.46844,1.17794,-9.256634,-0.03389143,-0.0559513,0.000325777,0.997858,-0.111685,0.06760121,0.9914417,True,0.7765535,0.4537951,20.57213,1.720461,-1.3,8.025317
2026-06-24 13:24:25.160,30.18534,True,21.46754,1.177897,-9.257613,-0.03850453,-0.05562644,0.002677946,0.9977053,-0.1112038,0.07653442,0.9908462,True,0.7769322,0.4746746,20.57444,1.792555,-1.3,8.031128
2026-06-24 13:24:25.202,30.22638,True,21.46644,1.17794,-9.258888,-0.04199947,-0.05736892,0.004428731,0.9974594,-0.1148183,0.08327738,0.9898897,True,0.7718385,0.4905891,20.54328,1.847505,-1.3,8.040177
2026-06-24 13:24:25.251,30.27305,True,21.46498,1.177871,-9.260449,-0.04407563,-0.0608787,0.006426535,0.9971509,-0.121977,0.08711763,0.9887022,True,0.76197,0.4997946,20.4829,1.879291,-1.3,8.051412
2026-06-24 13:24:25.293,30.31645,True,21.46342,1.177744,-9.261691,-0.04552547,-0.063937,0.007460409,0.9968871,-0.1281552,0.0898135,0.987679,True,0.7533841,0.5062937,20.43036,1.901731,-1.3,8.06101
2026-06-24 13:24:25.335,30.35943,True,21.46397,1.177743,-9.264171,-0.04656651,-0.06645944,0.007412001,0.9966744,-0.1331671,0.0918381,0.9868294,True,0.7466654,0.5112715,20.38925,1.918919,-1.3,8.070463
2026-06-24 13:24:25.383,30.40549,True,21.46261,1.178065,-9.264882,-0.04846048,-0.0682124,0.005413692,0.9964785,-0.1364691,0.09584109,0.9859973,True,0.7419188,0.5209301,20.36021,1.952269,-1.3,8.077995
2026-06-24 13:24:25.424,30.44892,True,21.46157,1.178456,-9.265348,-0.05036386,-0.0690032,0.004844555,0.9963325,-0.1379883,0.09968974,0.9854041,True,0.7396231,0.5302016,20.34616,1.984282,-1.3,8.083333
2026-06-24 13:24:25.473,30.49587,True,21.46112,1.178694,-9.265608,-0.05055201,-0.06884581,0.004440176,0.9963358,-0.137636,0.1001222,0.9854095,True,0.7400099,0.5312892,20.34853,1.988037,-1.3,8.08355
2026-06-24 13:24:25.512,30.53629,True,21.46094,1.178537,-9.265646,-0.05026591,-0.06866869,0.004741138,0.9963611,-0.1373143,0.09951486,0.9855159,True,0.7404248,0.5297977,20.35107,1.982888,-1.3,8.082716
2026-06-24 13:24:25.561,30.58472,True,21.46074,1.178084,-9.265514,-0.05008142,-0.06962261,0.005692614,0.9962992,-0.1393001,0.09899949,0.9852891,True,0.73773,0.5285095,20.33458,1.978439,-1.3,8.084443
2026-06-24 13:24:25.602,30.62634,True,21.46047,1.177613,-9.265635,-0.04988995,-0.07100656,0.006826882,0.996204,-0.1421552,0.09843162,0.9849381,True,0.7338434,0.5271291,20.3108,1.973673,-1.3,8.087446
2026-06-24 13:24:25.649,30.67369,True,21.46106,1.177225,-9.266241,-0.05027359,-0.07110725,0.006610741,0.996179,-0.1423358,0.09922284,0.9848326,True,0.7336664,0.5289127,20.30972,1.979832,-1.3,8.088929
2026-06-24 13:24:25.691,30.71626,True,21.46109,1.177437,-9.266363,-0.05070145,-0.07096695,0.006381794,0.9961689,-0.1420373,0.1001086,0.9847861,True,0.7340536,0.5310639,20.31209,1.98726,-1.3,8.089435
2026-06-24 13:24:25.733,30.7582,True,21.46127,1.1776,-9.266318,-0.05087993,-0.07109751,0.005804709,0.996154,-0.1422388,0.1005431,0.9847128,True,0.7338034,0.532145,20.31056,1.990992,-1.3,8.089991
2026-06-24 13:24:25.782,30.80461,True,21.46135,1.178154,-9.26596,-0.05096069,-0.07125238,0.004489849,0.9961456,-0.1424131,0.1008887,0.9846522,True,0.733584,0.5331193,20.30921,1.994357,-1.3,8.090125
2026-06-24 13:24:25.826,30.8497,True,21.46223,1.178259,-9.266058,-0.0515096,-0.07180583,0.003498894,0.9960815,-0.1434094,0.102113,0.9843814,True,0.7323551,0.5360871,20.30169,2.004604,-1.3,8.092451
2026-06-24 13:24:25.867,30.89079,True,21.46246,1.178448,-9.265688,-0.05158235,-0.07142854,0.003280049,0.9961057,-0.1426391,0.1022944,0.9844744,True,0.733438,0.536533,20.30832,2.006144,-1.3,8.091311
2026-06-24 13:24:25.912,30.93676,True,21.46266,1.178202,-9.265297,-0.05118788,-0.07015575,0.003502147,0.9962157,-0.140139,0.101497,0.984916,True,0.7368696,0.5344747,20.32932,1.999036,-1.3,8.087285
2026-06-24 13:24:25.957,30.98197,True,21.46275,1.177912,-9.264748,-0.05109754,-0.07070652,0.003737016,0.9961805,-0.1412548,0.1012763,0.9847792,True,0.735396,0.5338906,20.3203,1.99702,-1.3,8.087851
2026-06-24 13:24:26.002,31.02687,True,21.46257,1.177827,-9.264306,-0.05087629,-0.0718326,0.003937648,0.9961106,-0.1435071,0.1007911,0.9845034,True,0.7323472,0.5327824,20.30165,1.993193,-1.3,8.089668
2026-06-24 13:24:26.047,31.06991,True,21.46234,1.177879,-9.264168,-0.05083493,-0.07286136,0.003941251,0.9960379,-0.145546,0.1006927,0.9842141,True,0.7295606,0.5326324,20.2846,1.992675,-1.3,8.091906
2026-06-24 13:24:26.095,31.11836,True,21.46239,1.177852,-9.264318,-0.05092563,-0.07268925,0.003887825,0.9960461,-0.1451997,0.1008833,0.9842457,True,0.7300293,0.5330681,20.28746,1.99418,-1.3,8.091799
2026-06-24 13:24:26.139,31.16313,True,21.46224,1.177918,-9.264122,-0.05100267,-0.07287981,0.004017601,0.9960277,-0.1455904,0.1010145,0.9841745,True,0.7294781,0.5334058,20.28409,1.995346,-1.3,8.092185
2026-06-24 13:24:26.182,31.20529,True,21.46211,1.177938,-9.264027,-0.05066044,-0.07315804,0.004037091,0.9960247,-0.1461435,0.1003274,0.9841629,True,0.7287261,0.5318015,20.27949,1.989806,-1.3,8.092183
2026-06-24 13:24:26.225,31.24927,True,21.46223,1.177652,-9.264181,-0.05060127,-0.07377147,0.004087989,0.9959822,-0.1473639,0.1001928,0.9839945,True,0.7270942,0.5314479,20.2695,1.988585,-1.3,8.093725
2026-06-24 13:24:26.269,31.29335,True,21.46218,1.177533,-9.264141,-0.0506942,-0.07445848,0.004093111,0.9959264,-0.1487253,0.1003658,0.983772,True,0.7252421,0.5318711,20.25817,1.990047,-1.3,8.095515
2026-06-24 13:24:26.315,31.33761,True,21.46218,1.177479,-9.264048,-0.05107164,-0.07471421,0.003765681,0.9958892,-0.1491988,0.1011607,0.983619,True,0.724588,0.533753,20.25417,1.996545,-1.3,8.096679
2026-06-24 13:24:26.357,31.38208,True,21.46213,1.177579,-9.263969,-0.05190752,-0.07500161,0.00345674,0.9958255,-0.1497359,0.1028632,0.9833607,True,0.7238187,0.537835,20.24946,2.010639,-1.3,8.098726
2026-06-24 13:24:26.403,31.42611,True,21.46196,1.177718,-9.26414,-0.0524248,-0.0753661,0.003533843,0.9957706,-0.1504652,0.1038735,0.9831432,True,0.7227772,0.5403042,20.24309,2.019165,-1.3,8.100692
2026-06-24 13:24:26.447,31.46991,True,21.46197,1.1779,-9.264172,-0.05281455,-0.0759512,0.003439923,0.9957059,-0.1516135,0.104653,0.982884,True,0.721204,0.5422515,20.23347,2.025889,-1.3,8.102859
2026-06-24 13:24:26.494,31.51731,True,21.46212,1.177855,-9.263985,-0.05273515,-0.07624353,0.002935806,0.9956894,-0.1521394,0.104568,0.9828119,True,0.7205228,0.5420513,20.2293,2.025198,-1.3,8.103265
2026-06-24 13:24:26.536,31.55927,True,21.46227,1.177838,-9.26377,-0.05256089,-0.07654756,0.002742294,0.9956758,-0.1527214,0.1042474,0.9827557,True,0.7197703,0.5413014,20.22469,2.022608,-1.3,8.10351
2026-06-24 13:24:26.580,31.60309,True,21.46213,1.177986,-9.263918,-0.05236511,-0.07669123,0.002645313,0.9956753,-0.1529962,0.1038716,0.9827527,True,0.719379,0.5404674,20.2223,2.019729,-1.3,8.103684
2026-06-24 13:24:26.625,31.6506,True,21.46211,1.178155,-9.263664,-0.05215565,-0.07691185,0.003086228,0.9956681,-0.1534793,0.1033847,0.9827287,True,0.7187375,0.5393718,20.21837,2.015946,-1.3,8.103624
2026-06-24 13:24:26.668,31.69396,True,21.46213,1.17808,-9.263659,-0.05220748,-0.07724825,0.002908004,0.9956399,-0.1541265,0.1035104,0.9826142,True,0.7178593,0.5396734,20.213,2.016987,-1.3,8.104563
2026-06-24 13:24:26.716,31.73834,True,21.4613,1.177894,-9.262741,-0.05187777,-0.07790674,0.00287294,0.9956058,-0.1554269,0.102852,0.9824785,True,0.7159967,0.5380794,20.2016,2.011483,-1.3,8.104749
2026-06-24 13:24:26.758,31.7828,True,21.4616,1.17731,-9.262769,-0.05223058,-0.07844512,0.002181228,0.9955469,-0.1564194,0.1036538,0.9822367,True,0.7146788,0.5398531,20.19354,2.017607,-1.3,8.106771
2026-06-24 13:24:26.801,31.82597,True,21.46166,1.177337,-9.262556,-0.05228596,-0.07836025,0.002047627,0.9955509,-0.1562374,0.1037858,0.9822517,True,0.7149395,0.5401605,20.19513,2.018669,-1.3,8.106431
2026-06-24 13:24:26.847,31.87147,True,21.46162,1.177227,-9.262458,-0.05203753,-0.07885291,0.001997489,0.9955252,-0.157208,0.1032943,0.9821486,True,0.7136281,0.5389973,20.18711,2.014652,-1.3,8.107182
2026-06-24 13:24:26.890,31.91402,True,21.46152,1.177217,-9.262141,-0.05195113,-0.07941319,0.001824512,0.9954855,-0.1582989,0.1031434,0.9819893,True,0.7121392,0.5386699,20.178,2.013522,-1.3,8.108175
2026-06-24 13:24:26.936,31.95921,True,21.46132,1.177495,-9.262083,-0.05169567,-0.08005138,0.002026096,0.9954473,-0.1595833,0.1025962,0.9818386,True,0.7103744,0.5375007,20.1672,2.009485,-1.3,8.109361
2026-06-24 13:24:26.980,32.00404,True,21.46167,1.176827,-9.262226,-0.05130562,-0.08047451,0.001967876,0.9954334,-0.160416,0.1018259,0.9817832,True,0.7093127,0.5355157,20.16071,2.002631,-1.3,8.109963
2026-06-24 13:24:27.024,32.04747,True,21.46167,1.176705,-9.262179,-0.05094095,-0.0807831,0.001730402,0.9954276,-0.1610038,0.1011365,0.9817582,True,0.708529,0.5338659,20.15591,1.996934,-1.3,8.110122
2026-06-24 13:24:27.068,32.09153,True,21.46167,1.176684,-9.262009,-0.05090694,-0.08164914,0.001730446,0.9953587,-0.1627165,0.1010588,0.9814838,True,0.7062027,0.5337386,20.14168,1.996495,-1.3,8.112216
2026-06-24 13:24:27.118,32.14133,True,21.46159,1.176796,-9.2621,-0.05087339,-0.08198714,0.001847938,0.9953324,-0.1633969,0.1009689,0.98138,True,0.705263,0.5335876,20.13593,1.995974,-1.3,8.113168
2026-06-24 13:24:27.157,32.1801,True,21.46165,1.176892,-9.261974,-0.05116706,-0.08265784,0.00253637,0.9952604,-0.1647917,0.1014298,0.9810992,True,0.7033639,0.5347627,20.12431,2.000031,-1.3,8.11536
2026-06-24 13:24:27.201,32.22527,True,21.46185,1.176845,-9.261782,-0.05083236,-0.08205496,0.002909976,0.9953264,-0.1636388,0.100712,0.9813661,True,0.7049889,0.5329921,20.13425,1.993917,-1.3,8.112958
2026-06-24 13:24:27.247,32.27125,True,21.4619,1.176998,-9.261806,-0.05092642,-0.08150024,0.00251728,0.9953682,-0.1625019,0.1009708,0.9815284,True,0.7065403,0.5336059,20.14374,1.996037,-1.3,8.111641
2026-06-24 13:24:27.294,32.31712,True,21.46209,1.177169,-9.261711,-0.05102739,-0.08159922,0.002674706,0.9953545,-0.1627133,0.1011442,0.9814755,True,0.7062814,0.5340729,20.14216,1.997649,-1.3,8.111981
2026-06-24 13:24:27.332,32.35897,True,21.46221,1.177112,-9.261528,-0.0507912,-0.08193115,0.002688847,0.9953393,-0.1633717,0.1006684,0.9814151,True,0.7054205,0.5329475,20.13689,1.993763,-1.3,8.112295
2026-06-24 13:24:27.379,32.40319,True,21.46234,1.177066,-9.261385,-0.05051938,-0.08237879,0.002602509,0.9953164,-0.1642489,0.1001368,0.9813231,True,0.7042613,0.5317031,20.1298,1.989466,-1.3,8.112909
2026-06-24 13:24:27.424,32.44746,True,21.46246,1.176987,-9.261295,-0.05015532,-0.08279444,0.002816941,0.9952998,-0.1650932,0.09937269,0.981259,True,0.70315,0.5298975,20.123,1.983232,-1.3,8.113346
2026-06-24 13:24:27.468,32.49146,True,21.46268,1.176851,-9.261226,-0.05013767,-0.08284749,0.003249654,0.9952949,-0.1652412,0.09926508,0.981245,True,0.7029892,0.5296064,20.12201,1.982227,-1.3,8.113392
2026-06-24 13:24:27.513,32.53606,True,21.46204,1.176458,-9.260298,-0.04967207,-0.08286476,0.003477489,0.995316,-0.1652987,0.09830248,0.9813322,True,0.7028526,0.5271832,20.12118,1.97386,-1.3,8.111725
2026-06-24 13:24:27.558,32.5806,True,21.46223,1.176405,-9.260328,-0.04957325,-0.08269819,0.003433056,0.995335,-0.1649652,0.09811617,0.981407,True,0.7033416,0.5267138,20.12417,1.972239,-1.3,8.111138
2026-06-24 13:24:27.603,32.62545,True,21.46247,1.176434,-9.260424,-0.04968289,-0.08272145,0.003121695,0.9953286,-0.1649802,0.09838513,0.9813775,True,0.7033523,0.5273636,20.12424,1.974483,-1.3,8.111479
2026-06-24 13:24:27.647,32.67012,True,21.46242,1.176497,-9.260434,-0.04995469,-0.08284902,0.003071124,0.9953046,-0.1652268,0.09893138,0.9812812,True,0.7029949,0.5286881,20.12205,1.979056,-1.3,8.112287
2026-06-24 13:24:27.690,32.71479,True,21.46247,1.17654,-9.260427,-0.05012363,-0.08287849,0.003043617,0.9952937,-0.165282,0.09927096,0.9812375,True,0.7029215,0.5295086,20.1216,1.981889,-1.3,8.11264
2026-06-24 13:24:27.734,32.75726,True,21.46259,1.176684,-9.260162,-0.05031944,-0.08292501,0.002819343,0.9952806,-0.165351,0.09969634,0.9811828,True,0.7028444,0.530555,20.12113,1.985502,-1.3,8.112823
2026-06-24 13:24:27.780,32.80301,True,21.46259,1.176646,-9.260089,-0.05044512,-0.08275244,0.002870184,0.9952885,-0.1650147,0.09993988,0.9812146,True,0.7032998,0.5311065,20.12391,1.987407,-1.3,8.112485
2026-06-24 13:24:27.824,32.84855,True,21.46256,1.176547,-9.260041,-0.05025323,-0.08287202,0.002983392,0.9952879,-0.1652629,0.09953839,0.9812137,True,0.7029656,0.5301333,20.12187,1.984046,-1.3,8.112444
2026-06-24 13:24:27.867,32.89212,True,21.46264,1.176331,-9.259828,-0.05004639,-0.08305451,0.002925734,0.9952832,-0.1656184,0.09913468,0.9811946,True,0.7025087,0.5291206,20.11908,1.98055,-1.3,8.112384
2026-06-24 13:24:27.910,32.93528,True,21.46265,1.176255,-9.259802,-0.04987324,-0.08332577,0.00328396,0.9952682,-0.1661905,0.09872722,0.9811389,True,0.7017415,0.5281539,20.11438,1.977212,-1.3,8.112818
2026-06-24 13:24:27.958,32.98242,True,21.46272,1.176289,-9.260029,-0.04959461,-0.083377,0.003765867,0.9952761,-0.1663398,0.09809268,0.9811773,True,0.7015573,0.5266702,20.11325,1.972089,-1.3,8.112732
2026-06-24 13:24:28.001,33.02529,True,21.46277,1.176139,-9.260227,-0.04999238,-0.08371939,0.003614442,0.995228,-0.1670011,0.09890243,0.9809837,True,0.7006387,0.528581,20.10763,1.978686,-1.3,8.114535
2026-06-24 13:24:28.046,33.0695,True,21.46294,1.176142,-9.260291,-0.05006615,-0.08414693,0.00342024,0.995189,-0.1678267,0.09907497,0.9808254,True,0.6995346,0.5290267,20.10088,1.980225,-1.3,8.115911
2026-06-24 13:24:28.093,33.11548,True,21.46315,1.176175,-9.260626,-0.05028263,-0.08424489,0.003104537,0.9951708,-0.1679883,0.09955654,0.9807489,True,0.6993265,0.5301962,20.0996,1.984264,-1.3,8.116884
2026-06-24 13:24:28.134,33.15785,True,21.46351,1.176275,-9.26098,-0.04997855,-0.08461093,0.003251703,0.9951546,-0.1687269,0.09892251,0.9806862,True,0.6983814,0.5287598,20.09382,1.979304,-1.3,8.117764
2026-06-24 13:24:28.182,33.20293,True,21.46405,1.176316,-9.261145,-0.04997726,-0.08466195,0.002988478,0.9951511,-0.1688016,0.09896383,0.9806693,True,0.6983626,0.5288779,20.09371,1.979712,-1.3,8.118073
2026-06-24 13:24:28.223,33.24667,True,21.46442,1.176081,-9.261248,-0.0499975,-0.08474043,0.002955782,0.9951435,-0.1689533,0.09900843,0.9806386,True,0.6982114,0.5289249,20.09278,1.979874,-1.3,8.118431
2026-06-24 13:24:28.266,33.29213,True,21.46482,1.176106,-9.261482,-0.04957303,-0.08473174,0.003302946,0.9951644,-0.1689715,0.09810691,0.9807261,True,0.6982659,0.5267988,20.09311,1.972533,-1.3,8.117947
2026-06-24 13:24:28.314,33.33737,True,21.46532,1.176039,-9.261869,-0.0493779,-0.0846759,0.003399369,0.9951785,-0.168871,0.09770396,0.9807836,True,0.6984839,0.5258296,20.09445,1.969186,-1.3,8.117865
2026-06-24 13:24:28.357,33.38003,True,21.46611,1.175974,-9.262325,-0.04950453,-0.08476685,0.003750595,0.9951633,-0.169085,0.09789432,0.9807278,True,0.6983036,0.5262846,20.09335,1.970757,-1.3,8.118793
2026-06-24 13:24:28.401,33.42541,True,21.4669,1.175773,-9.263048,-0.04937076,-0.08513319,0.003858925,0.9951382,-0.1698196,0.09760442,0.9806297,True,0.6974147,0.5255888,20.08791,1.968355,-1.3,8.120341
2026-06-24 13:24:28.447,33.47078,True,21.46778,1.175572,-9.263684,-0.04950462,-0.08542882,0.003714815,0.9951068,-0.1703894,0.09789006,0.9805024,True,0.6967546,0.5262504,20.08387,1.970639,-1.3,8.122045
2026-06-24 13:24:28.492,33.51548,True,21.4692,1.175202,-9.264794,-0.04935633,-0.08523545,0.004011136,0.9951295,-0.1700366,0.0975481,0.9805977,True,0.6974458,0.5253486,20.0881,1.967525,-1.3,8.122388
2026-06-24 13:24:28.538,33.55932,True,21.4707,1.175158,-9.266195,-0.04941067,-0.08508033,0.003935067,0.9951404,-0.1697226,0.09767152,0.9806399,True,0.6980782,0.5256566,20.09197,1.968589,-1.3,8.123467
2026-06-24 13:24:28.579,33.60315,True,21.4723,1.174865,-9.267652,-0.04934207,-0.08534195,0.004052161,0.995121,-0.170251,0.09751102,0.9805642,True,0.6975785,0.525254,20.08891,1.967199,-1.3,8.125579
2026-06-24 13:24:28.624,33.64816,True,21.47373,1.174725,-9.268873,-0.04928043,-0.08520389,0.004480181,0.9951341,-0.1700202,0.09731781,0.9806235,True,0.6980983,0.52478,20.09209,1.965562,-1.3,8.126333
2026-06-24 13:24:28.666,33.69246,True,21.47589,1.174342,-9.270632,-0.04900993,-0.08541046,0.004520248,0.9951295,-0.170432,0.0967703,0.9806061,True,0.6978506,0.5234348,20.09057,1.960917,-1.3,8.12827
2026-06-24 13:24:28.713,33.73558,True,21.47733,1.173946,-9.271727,-0.04891347,-0.08554737,0.004410833,0.995123,-0.1706918,0.09659517,0.9805782,True,0.6977033,0.5229456,20.08967,1.959228,-1.3,8.129618
2026-06-24 13:24:28.759,33.78211,True,21.47923,1.173748,-9.273232,-0.04886405,-0.08530051,0.004453151,0.9951464,-0.1702082,0.09649405,0.9806722,True,0.6986352,0.5226712,20.09538,1.958281,-1.3,8.130373
2026-06-24 13:24:28.801,33.82553,True,21.48169,1.173406,-9.275089,-0.04864848,-0.08528088,0.004898918,0.9951565,-0.1702123,0.09599014,0.980721,True,0.6989897,0.5214271,20.09754,1.953985,-1.3,8.131864
2026-06-24 13:24:28.841,33.86708,True,21.48427,1.173054,-9.27724,-0.04869353,-0.08542891,0.005023194,0.995141,-0.1705168,0.09605561,0.9806617,True,0.6989322,0.5215539,20.09719,1.954423,-1.3,8.134548
2026-06-24 13:24:28.888,33.91454,True,21.48661,1.172656,-9.279231,-0.04862498,-0.08552536,0.005270216,0.9951348,-0.1707311,0.09587536,0.980642,True,0.698969,0.5210748,20.09742,1.952769,-1.3,8.136742
2026-06-24 13:24:28.933,33.95845,True,21.48917,1.172217,-9.281054,-0.04847611,-0.08542607,0.005465451,0.9951496,-0.1705533,0.09554818,0.9807049,True,0.6995861,0.520214,20.10119,1.949796,-1.3,8.13808
2026-06-24 13:24:28.981,34.00298,True,21.49128,1.171933,-9.282701,-0.04845734,-0.08521633,0.005467671,0.9951684,-0.1701391,0.09551457,0.9807801,True,0.7004532,0.5200816,20.1065,1.949339,-1.3,8.139133
2026-06-24 13:24:29.021,34.04614,True,21.49421,1.171737,-9.28505,-0.0484543,-0.08522553,0.005244723,0.995169,-0.1701359,0.09554647,0.9807776,True,0.7008686,0.5201668,20.10904,1.949633,-1.3,8.141551
2026-06-24 13:24:29.067,34.09243,True,21.49752,1.171217,-9.287525,-0.04828266,-0.08559502,0.005345161,0.9951451,-0.1708751,0.09518147,0.9806846,True,0.7003334,0.5192465,20.10576,1.946455,-1.3,8.144846
2026-06-24 13:24:29.111,34.1355,True,21.50003,1.170772,-9.28946,-0.04799293,-0.08559261,0.005426991,0.9951589,-0.1708774,0.09459215,0.9807411,True,0.7006994,0.5177687,20.108,1.941353,-1.3,8.146349
2026-06-24 13:24:29.157,34.18107,True,21.50366,1.170261,-9.292246,-0.04778248,-0.08556662,0.005570905,0.9951704,-0.1708391,0.09415005,0.9807904,True,0.7012752,0.516644,20.11153,1.937469,-1.3,8.14878
2026-06-24 13:24:29.199,34.22339,True,21.50648,1.169777,-9.294417,-0.04762545,-0.0857951,0.00559578,0.9951581,-0.1712924,0.09382953,0.980742,True,0.7010604,0.5158183,20.11021,1.934618,-1.3,8.151397
2026-06-24 13:24:29.247,34.27017,True,21.5095,1.169319,-9.296815,-0.04775734,-0.08567651,0.005901242,0.9951603,-0.1710874,0.09404122,0.9807575,True,0.701761,0.5162485,20.1145,1.936104,-1.3,8.153712
2026-06-24 13:24:29.291,34.31387,True,21.51049,1.169143,-9.297667,-0.04730465,-0.0859839,0.006285279,0.995153,-0.1717289,0.09306987,0.9807381,True,0.70104,0.5139315,20.11009,1.928104,-1.3,8.154742
2026-06-24 13:24:29.334,34.35856,True,21.51168,1.169002,-9.298726,-0.04724177,-0.08620533,0.005939288,0.995139,-0.1721337,0.09300026,0.9806737,True,0.7006496,0.5137699,20.1077,1.927546,-1.3,8.156358
2026-06-24 13:24:29.377,34.40093,True,21.51357,1.168653,-9.30012,-0.04701866,-0.086359,0.005777729,0.9951372,-0.1724214,0.09258212,0.9806628,True,0.7005308,0.5127216,20.10697,1.923926,-1.3,8.15787
2026-06-24 13:24:29.423,34.44769,True,21.51425,1.168659,-9.300558,-0.046951,-0.08565752,0.006434137,0.9951969,-0.1710964,0.09234872,0.9809168,True,0.7024554,0.5121273,20.11875,1.921874,-1.3,8.156204
2026-06-24 13:24:29.473,34.49575,True,21.51438,1.168697,-9.300743,-0.04702501,-0.08572984,0.006364613,0.9951877,-0.1712332,0.09250614,0.9808781,True,0.702281,0.5125239,20.11768,1.923243,-1.3,8.156715
2026-06-24 13:24:29.514,34.53713,True,21.51557,1.168569,-9.301715,-0.04705806,-0.08579221,0.006470715,0.9951801,-0.1713664,0.09255222,0.9808505,True,0.7022632,0.5126283,20.11757,1.923604,-1.3,8.157935
2026-06-24 13:24:29.557,34.58155,True,21.51711,1.168293,-9.302895,-0.04692893,-0.08583546,0.006469982,0.9951825,-0.1714511,0.09229498,0.9808599,True,0.7023708,0.5119706,20.11823,1.921333,-1.3,8.15906
2026-06-24 13:24:29.602,34.62444,True,21.51812,1.168088,-9.303639,-0.04675758,-0.08596179,0.006483266,0.9951795,-0.1717011,0.09194974,0.9808486,True,0.7021782,0.5111184,20.11705,1.91839,-1.3,8.159913
2026-06-24 13:24:29.644,34.66813,True,21.51856,1.168069,-9.304194,-0.04673574,-0.08615517,0.006649752,0.9951627,-0.1720984,0.09187351,0.9807861,True,0.7016896,0.5109616,20.11406,1.917849,-1.3,8.160998
2026-06-24 13:24:29.689,34.71385,True,21.51871,1.168002,-9.304211,-0.04658445,-0.08622976,0.006535957,0.9951642,-0.1722345,0.09159116,0.9807886,True,0.7015328,0.5102747,20.1131,1.915477,-1.3,8.160995
2026-06-24 13:24:29.734,34.75813,True,21.51854,1.167993,-9.304107,-0.04655444,-0.08626944,0.006731347,0.9951608,-0.1723307,0.09149688,0.9807805,True,0.7013782,0.5100482,20.11216,1.914695,-1.3,8.160956
2026-06-24 13:24:29.777,34.80124,True,21.51873,1.168026,-9.304339,-0.04638522,-0.0861978,0.006455617,0.9951767,-0.172163,0.09121005,0.9808367,True,0.7016387,0.5093739,20.11375,1.912367,-1.3,8.160727
2026-06-24 13:24:29.823,34.84667,True,21.51888,1.168068,-9.304555,-0.04638901,-0.086301,0.006523176,0.9951671,-0.172373,0.09120371,0.9808004,True,0.7013681,0.5093848,20.1121,1.912404,-1.3,8.161248
2026-06-24 13:24:29.866,34.88967,True,21.517,1.168324,-9.303232,-0.04619782,-0.0867884,0.006799778,0.9951318,-0.17336,0.09076556,0.9806671,True,0.699752,0.5084171,20.10221,1.909063,-1.3,8.161009
2026-06-24 13:24:29.910,34.93597,True,21.51595,1.168334,-9.302132,-0.04562384,-0.08697716,0.006844553,0.9951415,-0.1737337,0.08961371,0.9807069,True,0.6991229,0.5056596,20.09836,1.899542,-1.3,8.159554
2026-06-24 13:24:29.961,34.98098,True,21.51497,1.168417,-9.30148,-0.04525327,-0.08832716,0.0068351,0.9950396,-0.1763967,0.08885013,0.9803009,True,0.6953327,0.5039489,20.07517,1.893635,-1.3,8.16227
2026-06-24 13:24:30.000,35.02486,True,21.51363,1.168375,-9.300915,-0.04440029,-0.09080629,0.00696896,0.9948539,-0.1812968,0.08707796,0.9795657,True,0.6884131,0.4998876,20.03283,1.879612,-1.3,8.167819
2026-06-24 13:24:30.044,35.06887,True,21.51149,1.168727,-9.300262,-0.04283885,-0.09810117,0.007362082,0.9942268,-0.1957004,0.0837386,0.977082,True,0.6681937,0.4925775,19.90911,1.854371,-1.3,8.187912
2026-06-24 13:24:30.094,35.11898,True,21.50767,1.169067,-9.299011,-0.04002004,-0.1110999,0.008309992,0.9929684,-0.2213025,0.07763079,0.9721104,True,0.6318398,0.479105,19.68668,1.807852,-1.3,8.2285
2026-06-24 13:24:30.135,35.15855,True,21.50354,1.169611,-9.297888,-0.03967573,-0.1241952,0.005998587,0.9914461,-0.2467418,0.07718271,0.9660028,True,0.5949022,0.4793316,19.46067,1.808635,-1.3,8.279362
2026-06-24 13:24:30.177,35.20214,True,21.49822,1.169913,-9.296029,-0.03864759,-0.1340399,0.005732941,0.9902054,-0.2658972,0.07500122,0.9610793,True,0.566354,0.4750674,19.286,1.793911,-1.3,8.319843
2026-06-24 13:24:30.223,35.2475,True,21.49356,1.170238,-9.295318,-0.03683552,-0.1475726,0.007442093,0.988337,-0.2922512,0.07061531,0.9537309,True,0.5267321,0.4658893,19.04356,1.76222,-1.3,8.3832
2026-06-24 13:24:30.269,35.29534,True,21.48741,1.170897,-9.294131,-0.0345071,-0.1635338,0.007435984,0.985906,-0.322971,0.06560944,0.9441319,True,0.4792043,0.455522,18.75276,1.726423,-1.3,8.467176
2026-06-24 13:24:30.309,35.33368,True,21.48229,1.171507,-9.293838,-0.03434879,-0.1758776,0.004822835,0.9838008,-0.3463883,0.06588828,0.9357745,True,0.4416982,0.4578196,18.52327,1.734357,-1.3,8.542483
2026-06-24 13:24:30.357,35.38119,True,21.47841,1.172365,-9.293975,-0.03555587,-0.1835139,0.002805741,0.9823699,-0.3607567,0.06882825,0.9301168,True,0.4179317,0.4663803,18.37785,1.763916,-1.3,8.594592
2026-06-24 13:24:30.399,35.42348,True,21.47449,1.173084,-9.293941,-0.03671629,-0.1900035,0.002981924,0.9810921,-0.3730408,0.07091098,0.9251012,True,0.3971975,0.4727288,18.25099,1.785836,-1.3,8.641154
2026-06-24 13:24:30.442,35.46805,True,21.46668,1.17399,-9.290417,-0.03728639,-0.1965456,0.002082845,0.9797833,-0.3852994,0.07224641,0.9199591,True,0.3758082,0.4772638,18.12012,1.801495,-1.3,8.685621
2026-06-24 13:24:30.490,35.51546,True,21.46205,1.174509,-9.289529,-0.03702869,-0.2034079,0.0009882963,0.9783931,-0.3980989,0.07205518,0.9145082,True,0.3535762,0.4779931,17.98409,1.804013,-1.3,8.736421
2026-06-24 13:24:30.531,35.5565,True,21.45751,1.174788,-9.288521,-0.03666239,-0.2093774,0.0006810465,0.9771472,-0.409235,0.07136391,0.9096339,True,0.3338771,0.4772696,17.86356,1.801515,-1.3,8.782127
2026-06-24 13:24:30.577,35.60217,True,21.45422,1.174843,-9.287865,-0.03674377,-0.2137819,-0.0009842955,0.9761896,-0.4173111,0.07215862,0.9058943,True,0.3193253,0.4800494,17.77452,1.811113,-1.3,8.817656
2026-06-24 13:24:30.622,35.64668,True,21.45105,1.174895,-9.286396,-0.03625336,-0.2167599,-0.001805781,0.9755499,-0.4227893,0.07151675,0.9034017,True,0.3093438,0.4788956,17.71344,1.807129,-1.3,8.84036
2026-06-24 13:24:30.665,35.69116,True,21.45,1.175005,-9.28598,-0.03604842,-0.217332,-0.001388049,0.9754309,-0.4238846,0.07092882,0.9029347,True,0.3073048,0.4775067,17.70097,1.802334,-1.3,8.844471
2026-06-24 13:24:30.716,35.73996,True,21.45015,1.175159,-9.285852,-0.0359377,-0.2164396,-0.001504819,0.9756332,-0.4222232,0.07077544,0.9037248,True,0.3102733,0.4769969,17.71913,1.800573,-1.3,8.836597
2026-06-24 13:24:30.756,35.77975,True,21.45052,1.175259,-9.285815,-0.03582736,-0.2150708,-0.002018931,0.975939,-0.4196472,0.07079907,0.9049219,True,0.3148588,0.4768456,17.74719,1.800051,-1.3,8.824867
2026-06-24 13:24:30.803,35.82592,True,21.45081,1.17531,-9.285275,-0.03577074,-0.2137019,-0.002159711,0.9762414,-0.4170948,0.07076483,0.9061039,True,0.3194132,0.4765248,17.77505,1.798943,-1.3,8.812757
2026-06-24 13:24:30.848,35.86982,True,21.45176,1.175155,-9.285151,-0.03522142,-0.2127929,-0.002246035,0.9764597,-0.4154091,0.06974047,0.9069573,True,0.3225678,0.4736951,17.79436,1.789173,-1.3,8.804331
2026-06-24 13:24:30.891,35.91385,True,21.4522,1.175056,-9.284429,-0.03473961,-0.2119402,-0.002431884,0.976662,-0.4138189,0.06888855,0.9077491,True,0.3255024,0.4713253,17.81231,1.78099,-1.3,8.795854
2026-06-24 13:24:30.933,35.95777,True,21.45231,1.174968,-9.283509,-0.03401637,-0.2110928,-0.002303846,0.9768713,-0.4122643,0.06743187,0.9085654,True,0.3283551,0.4674148,17.82977,1.767488,-1.3,8.78694
2026-06-24 13:24:30.979,36.00285,True,21.45238,1.17494,-9.282685,-0.03336529,-0.2102812,-0.002004578,0.9770694,-0.410785,0.06604346,0.9093371,True,0.3310522,0.4637135,17.84627,1.754708,-1.3,8.778576
2026-06-24 13:24:31.025,36.04753,True,21.45346,1.17469,-9.282564,-0.03291893,-0.2097098,-0.001971575,0.9772074,-0.4097302,0.06516417,0.9098763,True,0.3330992,0.4613051,17.8588,1.746392,-1.3,8.773242
2026-06-24 13:24:31.067,36.09013,True,21.4523,1.174599,-9.280742,-0.03218095,-0.2096064,-0.001874498,0.9772543,-0.4095568,0.06368376,0.9100591,True,0.33341,0.4574476,17.8607,1.733072,-1.3,8.769475
2026-06-24 13:24:31.115,36.1399,True,21.45227,1.174543,-9.280144,-0.03169835,-0.2100405,-0.002311019,0.977176,-0.4103466,0.06292056,0.9097564,True,0.3321216,0.455534,17.85281,1.726465,-1.3,8.771737
2026-06-24 13:24:31.157,36.18156,True,21.45189,1.174499,-9.279192,-0.03118771,-0.2097459,-0.0022711,0.9772558,-0.4098091,0.06190945,0.910068,True,0.3331012,0.4528801,17.85881,1.717301,-1.3,8.767688
2026-06-24 13:24:31.200,36.22385,True,21.45132,1.174494,-9.278343,-0.03061382,-0.2093244,-0.002191937,0.9773645,-0.4090383,0.06075937,0.9104922,True,0.3344483,0.4498702,17.86705,1.706909,-1.3,8.762671
2026-06-24 13:24:31.245,36.26853,True,21.45195,1.174323,-9.278639,-0.03060251,-0.20903,-0.002257668,0.9774277,-0.4084853,0.06076733,0.9107398,True,0.3354807,0.4498046,17.87337,1.706682,-1.3,8.760612
2026-06-24 13:24:31.288,36.31251,True,21.45095,1.174317,-9.2777,-0.03060388,-0.2088652,-0.002265155,0.9774629,-0.4081772,0.06077453,0.9108775,True,0.3359154,0.4497797,17.87603,1.706596,-1.3,8.758258
2026-06-24 13:24:31.339,36.36286,True,21.45102,1.17404,-9.277592,-0.03043442,-0.2089218,-0.002305903,0.9774559,-0.4082834,0.06046012,0.9108508,True,0.3357657,0.4489044,17.87511,1.703574,-1.3,8.758396
2026-06-24 13:24:31.378,36.40176,True,21.4508,1.173888,-9.277344,-0.03005068,-0.2090822,-0.001928321,0.9774343,-0.4086123,0.0595515,0.9107632,True,0.3352214,0.4465655,17.87178,1.695498,-1.3,8.758966
2026-06-24 13:24:31.424,36.44724,True,21.45029,1.17375,-9.276974,-0.03021452,-0.2093884,-0.001783229,0.9773641,-0.4091896,0.05980796,0.9104872,True,0.3341604,0.4472151,17.86529,1.697741,-1.3,8.761215
2026-06-24 13:24:31.466,36.4901,True,21.45042,1.173746,-9.277315,-0.0305753,-0.2095763,-0.001879954,0.9773123,-0.4095281,0.06055123,0.9102858,True,0.3335428,0.4491402,17.86151,1.704388,-1.3,8.763528
2026-06-24 13:24:31.511,36.53314,True,21.45105,1.173642,-9.277919,-0.0307382,-0.2097238,-0.00208757,0.9772752,-0.4097874,0.06095498,0.9101422,True,0.3331379,0.4501711,17.85903,1.707948,-1.3,8.765574
2026-06-24 13:24:31.557,36.58077,True,21.45184,1.17365,-9.278553,-0.03133328,-0.2099325,-0.002428978,0.9772107,-0.4101444,0.06225827,0.9098931,True,0.3325469,0.4535378,17.85542,1.719572,-1.3,8.768671
2026-06-24 13:24:31.600,36.62354,True,21.45224,1.173622,-9.2789,-0.03193145,-0.2102097,-0.002829925,0.9771307,-0.4106239,0.06359216,0.9095846,True,0.3316997,0.456979,17.85023,1.731454,-1.3,8.772026
2026-06-24 13:24:31.645,36.66851,True,21.45261,1.173626,-9.279319,-0.03229942,-0.2101029,-0.00324833,0.9771402,-0.4103901,0.06448709,0.9096271,True,0.3320923,0.4592546,17.85263,1.739311,-1.3,8.772078
2026-06-24 13:24:31.691,36.71424,True,21.45362,1.173457,-9.280071,-0.03271834,-0.2100322,-0.003690703,0.9771399,-0.4102201,0.06549112,0.909632,True,0.332449,0.4617713,17.85482,1.748001,-1.3,8.772857
2026-06-24 13:24:31.731,36.75674,True,21.45317,1.173535,-9.279577,-0.03276372,-0.2103074,-0.003421942,0.9770802,-0.4107502,0.06546488,0.9093947,True,0.3314991,0.4617601,17.849,1.747963,-1.3,8.774603
2026-06-24 13:24:31.776,36.80019,True,21.45302,1.17356,-9.279472,-0.03276066,-0.2104154,-0.003178426,0.9770578,-0.4109678,0.06535571,0.9093041,True,0.3311104,0.4615046,17.84663,1.747081,-1.3,8.775361
2026-06-24 13:24:31.825,36.84747,True,21.45373,1.173459,-9.280056,-0.03307083,-0.2102933,-0.00302346,0.9770741,-0.4107444,0.06589693,0.9093661,True,0.331544,0.4628515,17.84928,1.751731,-1.3,8.775406
2026-06-24 13:24:31.866,36.88977,True,21.45404,1.173201,-9.280197,-0.03297383,-0.2104094,-0.00302315,0.9770525,-0.4109627,0.06570652,0.9092812,True,0.3312163,0.4623115,17.84727,1.749866,-1.3,8.77638
2026-06-24 13:24:31.907,36.9327,True,21.45418,1.173107,-9.28023,-0.03289993,-0.2108777,-0.003215093,0.9769534,-0.4118239,0.06563939,0.9088963,True,0.3297518,0.4621848,17.83831,1.749429,-1.3,8.780132
2026-06-24 13:24:31.956,36.97897,True,21.45396,1.17309,-9.279872,-0.03283086,-0.2109804,-0.003472807,0.9769326,-0.4119993,0.06561247,0.9088188,True,0.3294403,0.4621184,17.83641,1.7492,-1.3,8.780488
2026-06-24 13:24:31.999,37.02394,True,21.45406,1.173102,-9.27977,-0.03314934,-0.2116402,-0.003770133,0.9767781,-0.4132011,0.06635493,0.9082191,True,0.327347,0.464119,17.8236,1.756108,-1.3,8.786173
2026-06-24 13:24:32.047,37.06815,True,21.45358,1.173113,-9.279284,-0.03311726,-0.2121274,-0.004068912,0.9766722,-0.4140884,0.06641567,0.9078104,True,0.3257627,0.4643425,17.81391,1.756879,-1.3,8.789593
2026-06-24 13:24:32.090,37.1126,True,21.45314,1.173111,-9.278893,-0.03317177,-0.2123956,-0.004165258,0.9766117,-0.4145797,0.06656124,0.9075755,True,0.3248611,0.4647481,17.80839,1.75828,-1.3,8.791436
2026-06-24 13:24:32.134,37.15631,True,21.45353,1.173115,-9.279318,-0.03349988,-0.2128498,-0.004065927,0.9765021,-0.4154241,0.06715626,0.9071454,True,0.3233962,0.4663546,17.79943,1.763827,-1.3,8.796073
2026-06-24 13:24:32.182,37.20578,True,21.45384,1.173169,-9.279915,-0.0339449,-0.213803,-0.003965576,0.9762788,-0.4171935,0.06797509,0.906272,True,0.32028,0.4686359,17.78036,1.771704,-1.3,8.80521
2026-06-24 13:24:32.222,37.24682,True,21.4536,1.173374,-9.280011,-0.03477281,-0.2154413,-0.003434122,0.9758915,-0.4202558,0.06934868,0.9047518,True,0.3148119,0.4724974,17.7469,1.785037,-1.3,8.820111
2026-06-24 13:24:32.266,37.28967,True,21.4537,1.173465,-9.280307,-0.03567486,-0.2171583,-0.003278159,0.9754788,-0.4234327,0.0710239,0.9031392,True,0.3091344,0.4771336,17.71216,1.801045,-1.3,8.836187
2026-06-24 13:24:32.310,37.33454,True,21.45296,1.17356,-9.280144,-0.036573,-0.2189873,-0.003957215,0.975034,-0.4267507,0.07305301,0.9014139,True,0.3030552,0.4827077,17.67497,1.820292,-1.3,8.852918
2026-06-24 13:24:32.354,37.37916,True,21.45289,1.174076,-9.28055,-0.03811423,-0.2212007,-0.00634738,0.9744626,-0.4306197,0.07708988,0.8992351,True,0.2959052,0.4936964,17.63122,1.858235,-1.3,8.87482
2026-06-24 13:24:32.406,37.4282,True,21.45355,1.174616,-9.28112,-0.04022389,-0.2229706,-0.00864325,0.9739566,-0.433632,0.08220702,0.8973323,True,0.2902656,0.5074686,17.59671,1.905788,-1.3,8.894274
2026-06-24 13:24:32.445,37.46757,True,21.45363,1.175127,-9.28126,-0.04192156,-0.2250535,-0.01035198,0.9733891,-0.4372613,0.08627146,0.895187,True,0.2834682,0.5186226,17.55512,1.944301,-1.3,8.915746
2026-06-24 13:24:32.489,37.51117,True,21.45365,1.175581,-9.28161,-0.04323366,-0.2281754,-0.01215814,0.9725837,-0.4427881,0.08964509,0.8921337,True,0.2731802,0.5282676,17.49217,1.977604,-1.3,8.946653
2026-06-24 13:24:32.536,37.55997,True,21.45411,1.176026,-9.282553,-0.04596058,-0.2324771,-0.0139604,0.971415,-0.4503802,0.09578454,0.887684,True,0.2587758,0.5455778,17.40404,2.037374,-1.3,8.992559
2026-06-24 13:24:32.579,37.60117,True,21.4532,1.176823,-9.282425,-0.0483381,-0.2369621,-0.01571909,0.9701883,-0.458276,0.1012438,0.8830248,True,0.2434791,0.5614138,17.31044,2.092054,-1.3,9.039865
2026-06-24 13:24:32.623,37.64861,True,21.45097,1.177983,-9.281347,-0.05249859,-0.2415677,-0.01792803,0.968797,-0.4661777,0.1103826,0.8777779,True,0.2274172,0.5873639,17.21217,2.181656,-1.3,9.092673
2026-06-24 13:24:32.667,37.69173,True,21.44886,1.179483,-9.280334,-0.05784944,-0.2467666,-0.02178176,0.9671015,-0.4747766,0.1226426,0.8715194,True,0.2093178,0.6223615,17.10142,2.302498,-1.3,9.156806
2026-06-24 13:24:32.709,37.73375,True,21.44906,1.180909,-9.281183,-0.06442238,-0.2487895,-0.0261034,0.9660601,-0.4773279,0.1374603,0.8679071,True,0.2024827,0.6636262,17.0596,2.444979,-1.3,9.195895
2026-06-24 13:24:32.755,37.77888,True,21.44918,1.182761,-9.281387,-0.0707422,-0.2485838,-0.03006121,0.9655558,-0.4757899,0.1515565,0.8664033,True,0.2035543,0.7024156,17.06616,2.578914,-1.3,9.212092
2026-06-24 13:24:32.801,37.82345,True,21.44996,1.18452,-9.281933,-0.07734904,-0.2491124,-0.03285217,0.9648217,-0.4756159,0.1656238,0.8639203,True,0.2018372,0.7417563,17.05565,2.714752,-1.3,9.2392
2026-06-24 13:24:32.845,37.87122,True,21.4501,1.185712,-9.282349,-0.08215576,-0.2500154,-0.03539516,0.9641006,-0.4762642,0.1761115,0.8614855,True,0.1988107,0.7715207,17.03713,2.817525,-1.3,9.265796
2026-06-24 13:24:32.888,37.91162,True,21.4502,1.186513,-9.28285,-0.08647415,-0.2512735,-0.03743074,0.9633186,-0.4776393,0.185415,0.8587677,True,0.1944093,0.7983249,17.0102,2.910076,-1.3,9.295705
2026-06-24 13:24:32.932,37.95596,True,21.44898,1.18717,-9.282267,-0.08912417,-0.2525116,-0.03831458,0.9627185,-0.4793656,0.1909527,0.8565896,True,0.1897898,0.8146932,16.98194,2.966594,-1.3,9.31866
2026-06-24 13:24:32.980,38.00216,True,21.4502,1.187057,-9.283531,-0.09033398,-0.2535512,-0.03797933,0.9623457,-0.4811462,0.1931244,0.8551031,True,0.1858868,0.8215101,16.95806,2.990132,-1.3,9.336337
2026-06-24 13:24:33.024,38.04815,True,21.44933,1.186823,-9.283044,-0.09003505,-0.2539812,-0.03749599,0.9622793,-0.4820498,0.1923243,0.8547745,True,0.1841282,0.8194468,16.9473,2.983007,-1.3,9.339356
2026-06-24 13:24:33.064,38.0894,True,21.44833,1.186698,-9.282424,-0.08968396,-0.2541936,-0.03735329,0.9622615,-0.4825014,0.1915888,0.8546848,True,0.1832553,0.8174356,16.94196,2.976063,-1.3,9.33961
2026-06-24 13:24:33.112,38.13477,True,21.4484,1.186667,-9.282566,-0.08968401,-0.2542274,-0.03716457,0.9622599,-0.4825995,0.1914952,0.8546504,True,0.1830744,0.8172035,16.94085,2.975261,-1.3,9.340153
2026-06-24 13:24:33.155,38.17942,True,21.43779,1.18929,-9.274397,-0.08938163,-0.2534034,-0.0369245,0.9625145,-0.4812082,0.1907758,0.8555952,True,0.1850262,0.8149198,16.95279,2.967376,-1.3,9.320292
2026-06-24 13:24:33.201,38.22372,True,21.43806,1.189151,-9.274508,-0.08923625,-0.2524754,-0.03682892,0.9627755,-0.4795812,0.1904257,0.8565862,True,0.1883836,0.8133469,16.97333,2.961946,-1.3,9.309639
2026-06-24 13:24:33.247,38.27123,True,21.43871,1.188967,-9.275108,-0.08893237,-0.2517193,-0.03657399,0.9630113,-0.4783118,0.1896985,0.8574569,True,0.1911051,0.8108521,16.98999,2.953331,-1.3,9.300885
2026-06-24 13:24:33.289,38.31413,True,21.43871,1.189054,-9.275023,-0.08855138,-0.2516175,-0.03649887,0.9630759,-0.4781895,0.1889309,0.8576946,True,0.1915004,0.8086633,16.9924,2.945773,-1.3,9.298207
2026-06-24 13:24:33.333,38.35661,True,21.43861,1.189055,-9.27475,-0.08837119,-0.2512243,-0.03653267,0.9631938,-0.4774985,0.188593,0.8581538,True,0.1929474,0.8074645,17.00126,2.941634,-1.3,9.292913
2026-06-24 13:24:33.374,38.39893,True,21.4383,1.189007,-9.274641,-0.08777779,-0.2511546,-0.03596843,0.9632875,-0.4775536,0.1871778,0.8584329,True,0.1930581,0.8034709,17.00194,2.927845,-1.3,9.289766
2026-06-24 13:24:33.421,38.44512,True,21.43838,1.189083,-9.274477,-0.08754093,-0.2509424,-0.03545971,0.9633831,-0.4772991,0.1864676,0.8587289,True,0.1937226,0.8013991,17.006,2.920691,-1.3,9.286372
2026-06-24 13:24:33.464,38.4891,True,21.43862,1.188901,-9.274097,-0.08716352,-0.2508816,-0.03549015,0.9634321,-0.477228,0.1857599,0.8589219,True,0.1940668,0.799307,17.00811,2.913467,-1.3,9.283845
2026-06-24 13:24:33.508,38.53264,True,21.43888,1.188797,-9.273856,-0.08698174,-0.2503752,-0.03556441,0.9635776,-0.4763249,0.1854362,0.8594929,True,0.195982,0.7980602,17.01982,2.909162,-1.3,9.277397
2026-06-24 13:24:33.556,38.57902,True,21.43921,1.188778,-9.273818,-0.0864693,-0.2495377,-0.03585361,0.9638302,-0.4748235,0.1845771,0.860508,True,0.1991655,0.7951591,17.0393,2.899145,-1.3,9.266409
2026-06-24 13:24:33.596,38.62079,True,21.43954,1.188821,-9.273742,-0.08643897,-0.2488706,-0.03627618,0.9639895,-0.473546,0.1847087,0.8611834,True,0.2017223,0.7951309,17.05495,2.899048,-1.3,9.259051
2026-06-24 13:24:33.642,38.66578,True,21.43992,1.188839,-9.273575,-0.08668158,-0.2473872,-0.03637381,0.9643458,-0.4708278,0.1851789,0.8625718,True,0.2070601,0.7955874,17.08761,2.900624,-1.3,9.243956
2026-06-24 13:24:33.692,38.71576,True,21.44072,1.188755,-9.273598,-0.08685286,-0.2440162,-0.03620259,0.9651954,-0.464758,0.185328,0.8658254,True,0.2189981,0.7940992,17.16065,2.895485,-1.3,9.209245
2026-06-24 13:24:33.732,38.75636,True,21.44181,1.188614,-9.273294,-0.08685984,-0.2375915,-0.03535957,0.9668275,-0.4532774,0.1847592,0.8720112,True,0.2413214,0.7890272,17.29724,2.877973,-1.3,9.143569
2026-06-24 13:24:33.778,38.80135,True,21.44324,1.188377,-9.272847,-0.08694738,-0.2298091,-0.03347954,0.9687657,-0.4394404,0.1838511,0.8792559,True,0.2676798,0.7825151,17.45852,2.855487,-1.3,9.067721
2026-06-24 13:24:33.823,38.84541,True,21.44457,1.188314,-9.272564,-0.08670636,-0.2217325,-0.03167072,0.9707285,-0.4249921,0.1823815,0.8866334,True,0.294572,0.7746356,17.62306,2.82828,-1.3,8.991951
2026-06-24 13:24:33.866,38.88964,True,21.44537,1.188363,-9.272367,-0.08717191,-0.218598,-0.03098075,0.9714197,-0.4192996,0.1829057,0.8892319,True,0.3048844,0.774611,17.68616,2.828195,-1.3,8.965452
2026-06-24 13:24:33.917,38.93856,True,21.44546,1.188352,-9.272552,-0.0875514,-0.2200801,-0.03196109,0.9710191,-0.4218075,0.1840962,0.887799,True,0.300212,0.7784816,17.65757,2.84156,-1.3,8.98013
2026-06-24 13:24:33.963,38.98554,True,21.44549,1.188244,-9.27282,-0.08738963,-0.2219845,-0.03248477,0.9705827,-0.425231,0.1840599,0.8861718,True,0.2940263,0.7792512,17.61972,2.844217,-1.3,8.996923
2026-06-24 13:24:34.001,39.0254,True,21.44583,1.188015,-9.272904,-0.08695556,-0.2225114,-0.03218545,0.970511,-0.4263021,0.1831059,0.8858548,True,0.2922748,0.776875,17.609,2.836012,-1.3,9.000239
2026-06-24 13:24:34.041,39.06615,True,21.44634,1.187882,-9.272871,-0.08634359,-0.2219162,-0.03148128,0.9707249,-0.4254027,0.1816042,0.886596,True,0.2942068,0.7725242,17.62083,2.82099,-1.3,8.992677
2026-06-24 13:24:34.093,39.1158,True,21.44648,1.187814,-9.273011,-0.08612625,-0.2218817,-0.03219659,0.9707287,-0.4252279,0.1814981,0.8867016,True,0.294551,0.7721803,17.62293,2.819802,-1.3,8.991764
2026-06-24 13:24:34.134,39.15706,True,21.44634,1.187903,-9.272965,-0.08585872,-0.2226659,-0.03255908,0.9705607,-0.4266306,0.1811618,0.8860964,True,0.2920416,0.7716498,17.60758,2.817971,-1.3,8.997854
2026-06-24 13:24:34.177,39.19982,True,21.44641,1.187797,-9.27305,-0.08551049,-0.2232676,-0.03224142,0.9704638,-0.4278324,0.1803666,0.885679,True,0.2899836,0.7697732,17.59499,2.811491,-1.3,9.002189
2026-06-24 13:24:34.223,39.24582,True,21.44659,1.187803,-9.273011,-0.08516896,-0.2228786,-0.03177232,0.9705988,-0.4272394,0.1794925,0.8861427,True,0.2912164,0.7672489,17.60253,2.802775,-1.3,8.997435
2026-06-24 13:24:34.265,39.28919,True,21.44682,1.18776,-9.273167,-0.08530041,-0.2221511,-0.03209146,0.9707435,-0.4258287,0.1798679,0.8867454,True,0.2937419,0.7679053,17.61798,2.805041,-1.3,8.991494
2026-06-24 13:24:34.309,39.33341,True,21.44697,1.187689,-9.273272,-0.0854392,-0.2216639,-0.03197557,0.9708465,-0.4249393,0.1800723,0.8871305,True,0.295337,0.7682197,17.62774,2.806127,-1.3,8.98771
2026-06-24 13:24:34.355,39.37943,True,21.4473,1.187533,-9.273528,-0.08526596,-0.2217766,-0.03119039,0.9708615,-0.4253097,0.1793975,0.8870897,True,0.2947972,0.7664545,17.62444,2.800032,-1.3,8.988412
2026-06-24 13:24:34.398,39.42217,True,21.44772,1.187401,-9.274194,-0.0852132,-0.2222389,-0.03104909,0.9707649,-0.426192,0.1792446,0.8866971,True,0.2932411,0.7662638,17.61492,2.799374,-1.3,8.993142
2026-06-24 13:24:34.442,39.46749,True,21.44805,1.187171,-9.274804,-0.08517405,-0.2227638,-0.0308516,0.9706544,-0.4271978,0.1790944,0.8862433,True,0.2914461,0.7660806,17.60394,2.798741,-1.3,8.998436
2026-06-24 13:24:34.489,39.51145,True,21.44878,1.18709,-9.275521,-0.08524644,-0.2230151,-0.03059897,0.9705983,-0.4276993,0.1791282,0.8859946,True,0.2905943,0.7663181,17.59872,2.799561,-1.3,9.001772
2026-06-24 13:24:34.541,39.56528,True,21.44953,1.18701,-9.276146,-0.0851594,-0.2232025,-0.03098588,0.9705506,-0.4279811,0.1791353,0.885857,True,0.2901556,0.7664224,17.59604,2.799921,-1.3,9.003875
2026-06-24 13:24:34.592,39.61253,True,21.45033,1.187068,-9.276822,-0.08539464,-0.2237623,-0.03121419,0.9703937,-0.428944,0.179702,0.8852764,True,0.2884025,0.768264,17.58531,2.80628,-1.3,9.010545
2026-06-24 13:24:34.632,39.65661,True,21.45127,1.186835,-9.277557,-0.08544777,-0.2242083,-0.03145503,0.9702783,-0.4297134,0.1799212,0.8848586,True,0.2870652,0.7690336,17.57713,2.808937,-1.3,9.015629
2026-06-24 13:24:34.677,39.69961,True,21.45178,1.186639,-9.277939,-0.08521243,-0.2244915,-0.03116146,0.970243,-0.4303119,0.1793445,0.8846848,True,0.2861123,0.7675856,17.5713,2.803937,-1.3,9.017832
2026-06-24 13:24:34.721,39.74387,True,21.45207,1.18657,-9.278079,-0.08532169,-0.22471,-0.03115248,0.9701831,-0.4307037,0.1795559,0.8844513,True,0.2854028,0.7682498,17.56696,2.806231,-1.3,9.020371
2026-06-24 13:24:34.764,39.78891,True,21.45259,1.186654,-9.278611,-0.08537076,-0.2249086,-0.03106975,0.9701354,-0.4310787,0.1796181,0.8842559,True,0.2847534,0.7685715,17.56298,2.807342,-1.3,9.022965
2026-06-24 13:24:34.809,39.83266,True,21.45335,1.186596,-9.279429,-0.08553991,-0.2247715,-0.03085137,0.9701592,-0.4308502,0.1798437,0.8843214,True,0.2851964,0.7691578,17.56569,2.809366,-1.3,9.023223
2026-06-24 13:24:34.853,39.8775,True,21.4546,1.186361,-9.280224,-0.08549885,-0.2245408,-0.03074859,0.9702196,-0.4304498,0.1797139,0.8845428,True,0.286086,0.7686797,17.57114,2.807715,-1.3,9.021863
2026-06-24 13:24:34.899,39.92134,True,21.45559,1.186152,-9.280859,-0.0853596,-0.2243854,-0.03089445,0.9702631,-0.4301515,0.1795071,0.8847299,True,0.2867708,0.7680167,17.57533,2.805426,-1.3,9.020673
2026-06-24 13:24:34.945,39.96793,True,21.45641,1.186158,-9.281335,-0.08541171,-0.224532,-0.03113369,0.970217,-0.4303712,0.1797168,0.8845804,True,0.2864373,0.768674,17.57329,2.807695,-1.3,9.022735
2026-06-24 13:24:34.988,40.01077,True,21.45769,1.186155,-9.282146,-0.08530304,-0.2248346,-0.03111176,0.9701571,-0.4309419,0.1795047,0.8843456,True,0.2855714,0.7682911,17.56799,2.806374,-1.3,9.026049
2026-06-24 13:24:35.034,40.05642,True,21.45883,1.186015,-9.282784,-0.08526529,-0.2245993,-0.0310215,0.9702179,-0.4305305,0.1793866,0.8845699,True,0.2864749,0.7678602,17.57352,2.804886,-1.3,9.024481
2026-06-24 13:24:35.078,40.0998,True,21.45953,1.18599,-9.28307,-0.08547486,-0.2242651,-0.0310568,0.9702756,-0.4298887,0.1797982,0.8847985,True,0.2876773,0.7688243,17.58088,2.808215,-1.3,9.022471
2026-06-24 13:24:35.122,40.14661,True,21.45976,1.185954,-9.283082,-0.08525987,-0.2244754,-0.03125782,0.9702394,-0.4302597,0.1794782,0.8846831,True,0.287083,0.7680396,17.57724,2.805505,-1.3,9.023664
2026-06-24 13:24:35.165,40.18919,True,21.46061,1.1859,-9.283513,-0.08531173,-0.2246397,-0.03161298,0.9701853,-0.4304904,0.1797394,0.8845178,True,0.286729,0.7688197,17.57507,2.808198,-1.3,9.025838
2026-06-24 13:24:35.211,40.2348,True,21.46133,1.185796,-9.283989,-0.08543759,-0.2243148,-0.03179318,0.9702435,-0.4298472,0.1800539,0.8847666,True,0.2879361,0.7695074,17.58246,2.810573,-1.3,9.023837
2026-06-24 13:24:35.265,40.28994,True,21.46192,1.185727,-9.284257,-0.08530955,-0.2242745,-0.03124692,0.9702818,-0.4298877,0.1795644,0.8848464,True,0.2880083,0.7681816,17.5829,2.805995,-1.3,9.023326
2026-06-24 13:24:35.311,40.33412,True,21.4617,1.185745,-9.284284,-0.08518473,-0.2244921,-0.03135208,0.9702391,-0.4302806,0.1793757,0.8846937,True,0.2872826,0.7677759,17.57846,2.804595,-1.3,9.024912
2026-06-24 13:24:35.355,40.3785,True,21.46186,1.185747,-9.284411,-0.08516306,-0.2247472,-0.03150522,0.970177,-0.430723,0.1794079,0.8844719,True,0.2864863,0.7679859,17.57359,2.80532,-1.3,9.02732
2026-06-24 13:24:35.398,40.42216,True,21.46224,1.18553,-9.284707,-0.08497003,-0.2248425,-0.03112682,0.970184,-0.4309876,0.1788704,0.8844519,True,0.2861199,0.7665455,17.57135,2.800346,-1.3,9.027859
2026-06-24 13:24:35.443,40.4665,True,21.46239,1.185557,-9.284819,-0.0847378,-0.2248842,-0.03132806,0.9701882,-0.4310507,0.1785136,0.8844932,True,0.286072,0.7656053,17.57105,2.7971,-1.3,9.027564
2026-06-24 13:24:35.487,40.51118,True,21.46324,1.185406,-9.285662,-0.08473822,-0.2251028,-0.03130165,0.9701384,-0.4314568,0.1785078,0.8842964,True,0.2854028,0.7656996,17.56696,2.797426,-1.3,9.030527
2026-06-24 13:24:35.531,40.55431,True,21.46306,1.185477,-9.285645,-0.08471009,-0.2253187,-0.0310777,0.9700979,-0.4318971,0.1783589,0.8841114,True,0.2845911,0.7654274,17.56199,2.796486,-1.3,9.032395
2026-06-24 13:24:35.573,40.59858,True,21.46301,1.185538,-9.285751,-0.08456192,-0.2254713,-0.03112232,0.9700739,-0.4321842,0.178097,0.8840239,True,0.2840884,0.7648124,17.55892,2.794362,-1.3,9.033411
2026-06-24 13:24:35.622,40.6452,True,21.46292,1.185496,-9.2856,-0.08434976,-0.2255201,-0.03094446,0.9700868,-0.4323279,0.1776104,0.8840516,True,0.2838923,0.7635036,17.55772,2.789843,-1.3,9.032956
2026-06-24 13:24:35.666,40.68993,True,21.46365,1.185051,-9.285707,-0.08386133,-0.2257259,-0.03057807,0.9700928,-0.4328216,0.1765111,0.8840302,True,0.283259,0.7605163,17.55384,2.779528,-1.3,9.033298
2026-06-24 13:24:35.707,40.73213,True,21.46445,1.184687,-9.285962,-0.08327948,-0.2260728,-0.03041353,0.9700673,-0.4335461,0.1753248,0.8839112,True,0.282214,0.7573837,17.54745,2.768712,-1.3,9.034801
2026-06-24 13:24:35.756,40.77881,True,21.46586,1.184465,-9.28698,-0.08333591,-0.2264993,-0.03035063,0.969965,-0.4343341,0.1754146,0.8835064,True,0.2809049,0.7578233,17.53944,2.770229,-1.3,9.040092
2026-06-24 13:24:35.799,40.82368,True,21.46704,1.184422,-9.288111,-0.08278649,-0.2266189,-0.03003226,0.969994,-0.4346654,0.1742166,0.8835806,True,0.2805707,0.7547005,17.53739,2.759447,-1.3,9.040614
2026-06-24 13:24:35.842,40.86545,True,21.46698,1.184494,-9.288148,-0.08287241,-0.2265078,-0.0298369,0.9700186,-0.4344884,0.1742922,0.8836527,True,0.280873,0.754884,17.53924,2.760081,-1.3,9.039917
2026-06-24 13:24:35.889,40.9111,True,21.46832,1.184309,-9.289126,-0.0828145,-0.2264307,-0.0295596,0.9700501,-0.4344024,0.1740548,0.8837417,True,0.281204,0.7542191,17.54127,2.757785,-1.3,9.040114
2026-06-24 13:24:35.932,40.95563,True,21.46928,1.184028,-9.289978,-0.08251645,-0.2267149,-0.02954548,0.9700096,-0.4349552,0.1734803,0.8835828,True,0.2803617,0.7527636,17.53611,2.752759,-1.3,9.042704
2026-06-24 13:24:35.975,40.99952,True,21.47077,1.183931,-9.291341,-0.08220218,-0.2268497,-0.02932233,0.9700115,-0.435273,0.1727777,0.883564,True,0.2800118,0.750982,17.53397,2.746608,-1.3,9.044438
2026-06-24 13:24:36.017,41.04384,True,21.47112,1.184035,-9.291536,-0.0823464,-0.2269156,-0.02948441,0.9699789,-0.4353508,0.1731295,0.8834568,True,0.2798603,0.7520001,17.53304,2.750123,-1.3,9.045758
2026-06-24 13:24:36.063,41.08696,True,21.47139,1.184104,-9.291815,-0.08220718,-0.2270934,-0.02954011,0.9699474,-0.4356805,0.17289,0.8833411,True,0.2793102,0.7514678,17.52968,2.748285,-1.3,9.047256
2026-06-24 13:24:36.110,41.13172,True,21.47091,1.184152,-9.291346,-0.0819631,-0.2272453,-0.02947024,0.9699346,-0.4359953,0.1723917,0.8832833,True,0.2787607,0.750179,17.52632,2.743835,-1.3,9.047319
2026-06-24 13:24:36.154,41.17783,True,21.47117,1.184157,-9.291494,-0.08188169,-0.2273394,-0.02931278,0.9699242,-0.4362036,0.172166,0.8832244,True,0.278441,0.7496275,17.52436,2.74193,-1.3,9.048091
2026-06-24 13:24:36.197,41.22098,True,21.47149,1.18419,-9.291629,-0.08191995,-0.2274762,-0.02935123,0.9698877,-0.4364439,0.1722597,0.8830874,True,0.2780263,0.7499602,17.52182,2.74308,-1.3,9.049645
2026-06-24 13:24:36.242,41.26495,True,21.47117,1.18423,-9.291225,-0.08193487,-0.2275305,-0.02947436,0.96987,-0.4365201,0.172345,0.8830331,True,0.2778543,0.7502003,17.52077,2.743908,-1.3,9.049746
2026-06-24 13:24:36.288,41.31081,True,21.46971,1.184374,-9.289931,-0.08144291,-0.2275513,-0.02924131,0.9699136,-0.4366472,0.171293,0.8831749,True,0.2776364,0.7473401,17.51944,2.734032,-1.3,9.046827
2026-06-24 13:24:36.330,41.35502,True,21.47078,1.184217,-9.290916,-0.08155733,-0.2273622,-0.02933921,0.9699454,-0.4362721,0.1715536,0.8833097,True,0.278385,0.7479642,17.52402,2.736187,-1.3,9.046563
2026-06-24 13:24:36.372,41.39746,True,21.47132,1.184146,-9.291254,-0.0816078,-0.2277419,-0.02950659,0.969847,-0.4369336,0.1717339,0.8829476,True,0.2772034,0.7486198,17.51679,2.738451,-1.3,9.050655
2026-06-24 13:24:36.419,41.44314,True,21.47153,1.184121,-9.291503,-0.08130136,-0.2277586,-0.02936867,0.969873,-0.4370185,0.1710819,0.8830322,True,0.2771535,0.7468744,17.51648,2.732424,-1.3,9.05007
2026-06-24 13:24:36.465,41.48855,True,21.47171,1.184086,-9.291368,-0.08082964,-0.2277787,-0.02915614,0.9699141,-0.4371382,0.1700779,0.8831668,True,0.2771152,0.7441572,17.51625,2.723042,-1.3,9.048537
2026-06-24 13:24:36.507,41.53186,True,21.47243,1.184045,-9.291756,-0.08027677,-0.2277151,-0.02925579,0.969972,-0.4370573,0.1690564,0.883403,True,0.2774945,0.7413713,17.51857,2.713423,-1.3,9.046556
2026-06-24 13:24:36.552,41.57628,True,21.4728,1.18408,-9.291987,-0.0802783,-0.2279626,-0.02919577,0.9699155,-0.4375214,0.1690374,0.8831769,True,0.2766842,0.7414581,17.51361,2.713723,-1.3,9.049136
2026-06-24 13:24:36.597,41.62086,True,21.47162,1.184215,-9.290898,-0.07979103,-0.2280756,-0.02909632,0.9699321,-0.4377924,0.1680561,0.8832299,True,0.2762175,0.7388389,17.51076,2.704679,-1.3,9.047359
2026-06-24 13:24:36.648,41.67138,True,21.47041,1.184279,-9.289909,-0.07950536,-0.2281286,-0.02907551,0.9699438,-0.4379205,0.1674974,0.8832725,True,0.2759416,0.7373179,17.50907,2.699427,-1.3,9.045802
2026-06-24 13:24:36.688,41.71212,True,21.46974,1.184305,-9.289407,-0.07931306,-0.2283746,-0.02883789,0.9699087,-0.4384305,0.1670245,0.883109,True,0.2749979,0.7361403,17.5033,2.695361,-1.3,9.046908
2026-06-24 13:24:36.731,41.75494,True,21.46878,1.184328,-9.288502,-0.07904606,-0.22913,-0.02901232,0.9697471,-0.4398097,0.1666046,0.8825023,True,0.272429,0.7352972,17.48758,2.69245,-1.3,9.052102
2026-06-24 13:24:36.774,41.79802,True,21.46861,1.184272,-9.288231,-0.07863378,-0.2295983,-0.02903438,0.9696692,-0.4407026,0.16583,0.8822027,True,0.27088,0.7333832,17.4781,2.685841,-1.3,9.054871
2026-06-24 13:24:36.819,41.84282,True,21.46704,1.184586,-9.286615,-0.07813013,-0.2302046,-0.0294642,0.9695532,-0.4417872,0.1650682,0.881803,True,0.2688562,0.7315849,17.46572,2.679632,-1.3,9.057141
2026-06-24 13:24:36.867,41.89142,True,21.46533,1.185092,-9.285198,-0.0779517,-0.2308805,-0.02998043,0.969391,-0.4429528,0.1649751,0.8812355,True,0.2665448,0.7316892,17.45157,2.679992,-1.3,9.061366
2026-06-24 13:24:36.906,41.93049,True,21.4648,1.185666,-9.284963,-0.07807879,-0.2326571,-0.0304326,0.9689419,-0.4461101,0.1654683,0.8795488,True,0.2605342,0.7339699,17.4148,2.687867,-1.3,9.078477
2026-06-24 13:24:36.955,41.97731,True,21.4627,1.186405,-9.283924,-0.07912698,-0.2349653,-0.03172331,0.9682582,-0.4499938,0.1681384,0.8770605,True,0.2526227,0.7424007,17.36639,2.716977,-1.3,9.103048
2026-06-24 13:24:36.999,42.02191,True,21.46088,1.187704,-9.283455,-0.08263144,-0.2403245,-0.03322892,0.9665982,-0.459103,0.1757143,0.8708324,True,0.233928,0.7660353,17.252,2.798584,-1.3,9.167614
2026-06-24 13:24:37.041,42.06516,True,21.46073,1.188722,-9.286167,-0.08503813,-0.2530261,-0.03453702,0.9630958,-0.4815028,0.1812773,0.8574926,True,0.1888684,0.788754,16.9763,2.877029,-1.3,9.313395
2026-06-24 13:24:37.090,42.11292,True,21.4529,1.192337,-9.285347,-0.09211895,-0.2793741,-0.04608517,0.9546415,-0.5249135,0.2016312,0.8269284,True,0.09206647,0.864745,16.384,3.139416,-1.3,9.656635
2026-06-24 13:24:37.130,42.15605,True,21.4449,1.195479,-9.284686,-0.11645,-0.308083,-0.06329406,0.9420818,-0.5657376,0.2584105,0.7830485,False,-1,-1,0,0,0,-1
2026-06-24 13:24:37.174,42.19842,True,21.42207,1.198822,-9.272619,-0.1363043,-0.3326295,-0.06692272,0.9307525,-0.6009477,0.298252,0.7415575,False,-1,-1,0,0,0,-1
2026-06-24 13:24:37.219,42.24287,True,21.41689,1.203232,-9.274406,-0.1519414,-0.3603463,-0.07029279,0.9176728,-0.6399992,0.3295245,0.6941288,False,-1,-1,0,0,0,-1
2026-06-24 13:24:37.269,42.29137,True,21.41122,1.2068,-9.277338,-0.1744209,-0.3886965,-0.08216005,0.9009673,-0.6717448,0.3781657,0.6369848,False,-1,-1,0,0,0,-1
2026-06-24 13:24:37.306,42.33081,True,21.40655,1.210304,-9.280607,-0.1916709,-0.4150273,-0.09472466,0.8843313,-0.6977313,0.4176279,0.5820292,False,-1,-1,0,0,0,-1
2026-06-24 13:24:37.350,42.37546,True,21.4094,1.212843,-9.288523,-0.203228,-0.4400382,-0.1042683,0.8684428,-0.7219155,0.4447479,0.5301295,False,-1,-1,0,0,0,-1
2026-06-24 13:24:37.396,42.41924,True,21.40977,1.214613,-9.292765,-0.2091444,-0.459792,-0.1092917,0.8560989,-0.7415394,0.4585994,0.4897,False,-1,-1,0,0,0,-1
2026-06-24 13:24:37.439,42.46497,True,21.41214,1.215524,-9.296038,-0.2156309,-0.4705755,-0.120987,0.847009,-0.7449862,0.4791497,0.4641241,False,-1,-1,0,0,0,-1
2026-06-24 13:24:37.488,42.5106,True,21.41451,1.21608,-9.29808,-0.2217198,-0.4785409,-0.1283543,0.8398595,-0.746897,0.4952726,0.4436778,False,-1,-1,0,0,0,-1
2026-06-24 13:24:37.531,42.55487,True,21.41763,1.216157,-9.299479,-0.2314361,-0.4860351,-0.1285338,0.8328783,-0.7501215,0.5104601,0.4204143,False,-1,-1,0,0,0,-1
2026-06-24 13:24:37.573,42.59761,True,21.4213,1.215229,-9.299139,-0.2400192,-0.4898167,-0.1266639,0.8285087,-0.7508312,0.5218002,0.4049407,False,-1,-1,0,0,0,-1
2026-06-24 13:24:37.622,42.64445,True,21.42522,1.213875,-9.298527,-0.2412603,-0.4896067,-0.1248294,0.8285508,-0.7510952,0.5220275,0.4041575,False,-1,-1,0,0,0,-1
2026-06-24 13:24:37.663,42.68682,True,21.42757,1.212641,-9.297412,-0.2429489,-0.491707,-0.124564,0.8268517,-0.7526122,0.5242636,0.3984,False,-1,-1,0,0,0,-1
2026-06-24 13:24:37.706,42.72994,True,21.43091,1.211981,-9.295778,-0.2316083,-0.4965294,-0.1207279,0.8277928,-0.7661237,0.5033373,0.3996322,False,-1,-1,0,0,0,-1
2026-06-24 13:24:37.750,42.77434,True,21.43268,1.212494,-9.293641,-0.2349996,-0.5011144,-0.1248147,0.8234566,-0.7666292,0.512117,0.387319,False,-1,-1,0,0,0,-1
2026-06-24 13:24:37.797,42.8203,True,21.43329,1.214363,-9.291941,-0.2327313,-0.5080973,-0.1379573,0.8177047,-0.7667331,0.5208025,0.3753466,False,-1,-1,0,0,0,-1
2026-06-24 13:24:37.841,42.86531,True,21.43307,1.216736,-9.290335,-0.2373404,-0.5158364,-0.1496536,0.8094357,-0.7640351,0.5386172,0.3551646,False,-1,-1,0,0,0,-1
2026-06-24 13:24:37.885,42.91102,True,21.43269,1.218672,-9.288021,-0.2416706,-0.5232704,-0.1532657,0.8026787,-0.7659564,0.5483664,0.3355668,False,-1,-1,0,0,0,-1
2026-06-24 13:24:37.929,42.95387,True,21.43126,1.218907,-9.285612,-0.2417213,-0.5333141,-0.1481442,0.7969944,-0.7784776,0.5433159,0.3142938,False,-1,-1,0,0,0,-1
2026-06-24 13:24:37.973,42.99703,True,21.42996,1.219975,-9.281762,-0.2407871,-0.539464,-0.1464071,0.7934515,-0.785571,0.5400684,0.3020003,False,-1,-1,0,0,0,-1
2026-06-24 13:24:38.023,43.04393,True,21.42899,1.22187,-9.277752,-0.2475392,-0.5370806,-0.1543818,0.7914765,-0.7737422,0.5576739,0.3005374,False,-1,-1,0,0,0,-1
2026-06-24 13:24:38.063,43.08893,True,21.429,1.222507,-9.273251,-0.2490947,-0.5309565,-0.1581363,0.794374,-0.7647742,0.5636756,0.312074,False,-1,-1,0,0,0,-1
2026-06-24 13:24:38.111,43.13509,True,21.42963,1.222266,-9.268148,-0.2488975,-0.5229003,-0.1569335,0.7999983,-0.758518,0.5623562,0.3292506,False,-1,-1,0,0,0,-1
2026-06-24 13:24:38.150,43.17496,True,21.4299,1.222075,-9.264112,-0.2480766,-0.5194319,-0.1576444,0.8023694,-0.7553368,0.5618693,0.3372969,False,-1,-1,0,0,0,-1
2026-06-24 13:24:38.206,43.23095,True,21.43122,1.22343,-9.260416,-0.2352464,-0.5246543,-0.1570892,0.8029447,-0.7686272,0.5426147,0.338794,False,-1,-1,0,0,0,-1
2026-06-24 13:24:38.253,43.27617,True,21.43229,1.222555,-9.258713,-0.2250937,-0.5257757,-0.1590513,0.8047332,-0.7746153,0.5295313,0.3457855,False,-1,-1,0,0,0,-1
2026-06-24 13:24:38.295,43.31979,True,21.43418,1.222889,-9.257646,-0.2167941,-0.5267397,-0.1645125,0.8052834,-0.7770187,0.5224719,0.3510913,False,-1,-1,0,0,0,-1
2026-06-24 13:24:38.340,43.36489,True,21.43625,1.2246,-9.257607,-0.2193443,-0.5279822,-0.1832404,0.7997162,-0.7640862,0.5443217,0.3462458,False,-1,-1,0,0,0,-1
2026-06-24 13:24:38.385,43.41035,True,21.43824,1.226386,-9.258141,-0.2294541,-0.5315325,-0.1988455,0.7907493,-0.749366,0.5742671,0.3296481,False,-1,-1,0,0,0,-1
2026-06-24 13:24:38.429,43.4538,True,21.44131,1.228945,-9.259983,-0.2400118,-0.5357964,-0.2095249,0.7819309,-0.7373346,0.5998706,0.3106331,False,-1,-1,0,0,0,-1
2026-06-24 13:24:38.474,43.4988,True,21.44493,1.231729,-9.261606,-0.253327,-0.5389999,-0.2171355,0.773406,-0.7237189,0.6259212,0.2906091,False,-1,-1,0,0,0,-1
2026-06-24 13:24:38.522,43.54582,True,21.44901,1.234207,-9.263002,-0.2624163,-0.5393093,-0.2238905,0.7682163,-0.7111074,0.6446773,0.2805662,False,-1,-1,0,0,0,-1
2026-06-24 13:24:38.562,43.58717,True,21.45257,1.235098,-9.263621,-0.2674242,-0.5383373,-0.2281593,0.7659116,-0.7026069,0.6553,0.2773545,False,-1,-1,0,0,0,-1
2026-06-24 13:24:38.608,43.63195,True,21.45506,1.234957,-9.26316,-0.2683035,-0.5369873,-0.2291154,0.7662663,-0.7000057,0.6572479,0.2793158,False,-1,-1,0,0,0,-1
2026-06-24 13:24:38.651,43.67556,True,21.45671,1.234516,-9.262877,-0.2660725,-0.5378545,-0.2267868,0.7671282,-0.7045233,0.65218,0.2798359,False,-1,-1,0,0,0,-1
2026-06-24 13:24:38.696,43.71997,True,21.45804,1.234865,-9.262711,-0.2662657,-0.5388957,-0.2271841,0.7662123,-0.7048345,0.6528892,0.2773879,False,-1,-1,0,0,0,-1
2026-06-24 13:24:38.753,43.77701,True,21.45895,1.234903,-9.261877,-0.2646087,-0.5396755,-0.226267,0.7665089,-0.7075877,0.6498713,0.2774651,False,-1,-1,0,0,0,-1
2026-06-24 13:24:38.798,43.82299,True,21.45968,1.235719,-9.26091,-0.261073,-0.5399188,-0.2280906,0.7670094,-0.7091489,0.6467917,0.2806572,False,-1,-1,0,0,0,-1
2026-06-24 13:24:38.831,43.8569,True,21.46009,1.235955,-9.259805,-0.2579774,-0.5407313,-0.228709,0.7673002,-0.7118029,0.6432324,0.2821147,False,-1,-1,0,0,0,-1
2026-06-24 13:24:38.874,43.89717,True,21.46039,1.236118,-9.25812,-0.2530371,-0.541422,-0.2289494,0.7683857,-0.7161765,0.6367767,0.2856689,False,-1,-1,0,0,0,-1
2026-06-24 13:24:38.907,43.93177,True,21.45999,1.235404,-9.258072,-0.2498027,-0.5415658,-0.230707,0.7688169,-0.7174675,0.633991,0.2886101,False,-1,-1,0,0,0,-1
2026-06-24 13:24:38.973,43.99801,True,21.4599,1.233271,-9.257929,-0.244346,-0.5470743,-0.2200531,0.7697932,-0.7347298,0.6169626,0.2820095,False,-1,-1,0,0,0,-1
2026-06-24 13:24:39.009,44.03307,True,21.46098,1.234951,-9.25672,-0.2284243,-0.5560766,-0.2029416,0.7729268,-0.7668994,0.5788127,0.2772023,False,-1,-1,0,0,0,-1
2026-06-24 13:24:39.074,44.09831,True,21.46062,1.234404,-9.253838,-0.2327852,-0.5499952,-0.2166248,0.772263,-0.7486277,0.597828,0.2866326,False,-1,-1,0,0,0,-1
2026-06-24 13:24:39.141,44.16584,True,21.46058,1.235519,-9.251363,-0.2361313,-0.5430987,-0.2269505,0.7731619,-0.7326262,0.6116484,0.2985717,False,-1,-1,0,0,0,-1
2026-06-24 13:24:39.207,44.23183,True,21.46009,1.234861,-9.250989,-0.2368413,-0.5404194,-0.2287524,0.7742903,-0.7285269,0.6140124,0.3037061,False,-1,-1,0,0,0,-1
2026-06-24 13:24:39.275,44.29881,True,21.46202,1.236099,-9.251398,-0.2430941,-0.5376793,-0.2366382,0.7718864,-0.715004,0.629753,0.3036124,False,-1,-1,0,0,0,-1
2026-06-24 13:24:39.338,44.36289,True,21.46639,1.238713,-9.250302,-0.2559097,-0.5278671,-0.2455919,0.7717196,-0.6890321,0.6542608,0.3117331,False,-1,-1,0,0,0,-1
2026-06-24 13:24:39.372,44.39674,True,21.46912,1.240036,-9.249474,-0.2610309,-0.5191059,-0.2497821,0.7745972,-0.6737943,0.6637143,0.324784,False,-1,-1,0,0,0,-1
2026-06-24 13:24:39.413,44.4367,True,21.47069,1.23971,-9.249065,-0.2588871,-0.5163372,-0.2497359,0.7771778,-0.6732648,0.6602986,0.3327467,False,-1,-1,0,0,0,-1
2026-06-24 13:24:39.453,44.47717,True,21.47119,1.23868,-9.249226,-0.2549495,-0.5180532,-0.2485923,0.7777041,-0.6790271,0.6541185,0.3332433,False,-1,-1,0,0,0,-1
2026-06-24 13:24:39.507,44.53174,True,21.47197,1.237524,-9.249502,-0.2529284,-0.5200154,-0.2455988,0.7780055,-0.6849118,0.6489896,0.3312224,False,-1,-1,0,0,0,-1
2026-06-24 13:24:39.544,44.56716,True,21.47204,1.237059,-9.250372,-0.2517076,-0.5220328,-0.2419768,0.7781853,-0.6906617,0.6443899,0.3282501,False,-1,-1,0,0,0,-1
2026-06-24 13:24:39.609,44.63236,True,21.47198,1.236872,-9.251241,-0.2527115,-0.5216489,-0.232491,0.781004,-0.6973135,0.6372948,0.3280386,False,-1,-1,0,0,0,-1
2026-06-24 13:24:39.655,44.67905,True,21.4722,1.237554,-9.25125,-0.2597637,-0.5182027,-0.2240263,0.7834545,-0.6955888,0.6392081,0.3279775,False,-1,-1,0,0,0,-1
2026-06-24 13:24:39.700,44.72417,True,21.47241,1.23781,-9.251782,-0.2638697,-0.5154874,-0.2175252,0.7857025,-0.6952428,0.638909,0.3292912,False,-1,-1,0,0,0,-1
2026-06-24 13:24:39.744,44.76657,True,21.4724,1.237766,-9.252413,-0.2654982,-0.5135992,-0.2146197,0.7871881,-0.694636,0.638451,0.3314531,False,-1,-1,0,0,0,-1
2026-06-24 13:24:39.786,44.81126,True,21.47242,1.237568,-9.253094,-0.2648811,-0.513213,-0.215834,0.7873158,-0.6937807,0.6386278,0.3329008,False,-1,-1,0,0,0,-1
2026-06-24 13:24:39.829,44.85393,True,21.47214,1.236947,-9.25365,-0.2632518,-0.5147966,-0.2147718,0.7871188,-0.6973341,0.6355485,0.3313659,False,-1,-1,0,0,0,-1
2026-06-24 13:24:39.881,44.9047,True,21.4719,1.236175,-9.254125,-0.2592119,-0.5176383,-0.2106359,0.7877134,-0.7063025,0.6264357,0.3297196,False,-1,-1,0,0,0,-1
2026-06-24 13:24:39.929,44.95329,True,21.47149,1.234662,-9.254474,-0.2543945,-0.5206853,-0.2065847,0.7883483,-0.7158548,0.6162341,0.3283405,False,-1,-1,0,0,0,-1
2026-06-24 13:24:39.973,44.99874,True,21.47104,1.233391,-9.255182,-0.2465111,-0.5245382,-0.2015567,0.7895992,-0.728978,0.6007383,0.3281839,False,-1,-1,0,0,0,-1
2026-06-24 13:24:40.016,45.04082,True,21.47038,1.232453,-9.255506,-0.2428857,-0.5276937,-0.1988964,0.7892947,-0.7363936,0.5933295,0.3250916,False,-1,-1,0,0,0,-1
2026-06-24 13:24:40.062,45.08552,True,21.47022,1.232695,-9.256136,-0.2417267,-0.5313071,-0.2002416,0.7868826,-0.7393452,0.5932006,0.318562,False,-1,-1,0,0,0,-1
2026-06-24 13:24:40.101,45.1245,True,21.47057,1.233591,-9.256776,-0.2455921,-0.5337972,-0.2049267,0.7827836,-0.7350387,0.6032695,0.3094901,False,-1,-1,0,0,0,-1
2026-06-24 13:24:40.140,45.16496,True,21.47099,1.234153,-9.257005,-0.2468529,-0.5359753,-0.207991,0.7800858,-0.7335271,0.608089,0.3035881,False,-1,-1,0,0,0,-1
2026-06-24 13:24:40.190,45.21419,True,21.47174,1.23462,-9.256902,-0.2487225,-0.5362267,-0.2101351,0.7787434,-0.7306355,0.6127421,0.3011959,False,-1,-1,0,0,0,-1
2026-06-24 13:24:40.233,45.25626,True,21.47253,1.23472,-9.256345,-0.2487838,-0.5365431,-0.2115346,0.7781268,-0.7297444,0.6141654,0.3004561,False,-1,-1,0,0,0,-1
2026-06-24 13:24:40.275,45.2989,True,21.47343,1.23478,-9.255692,-0.2485126,-0.536579,-0.2122734,0.7779875,-0.7293983,0.6144823,0.3006489,False,-1,-1,0,0,0,-1
2026-06-24 13:24:40.319,45.34218,True,21.47399,1.234937,-9.255083,-0.2475979,-0.5368009,-0.2130508,0.7779136,-0.7296675,0.6139511,0.3010802,False,-1,-1,0,0,0,-1
2026-06-24 13:24:40.372,45.39812,True,21.47438,1.234589,-9.25402,-0.2457788,-0.5363703,-0.2128218,0.7788495,-0.7308894,0.6111519,0.3037993,False,-1,-1,0,0,0,-1
2026-06-24 13:24:40.420,45.44312,True,21.47486,1.234577,-9.253281,-0.2448033,-0.5359849,-0.2126426,0.7794708,-0.7314578,0.6095805,0.3055831,False,-1,-1,0,0,0,-1
2026-06-24 13:24:40.463,45.48901,True,21.47514,1.2346,-9.252728,-0.2439486,-0.5360937,-0.2125468,0.77969,-0.7322727,0.6082987,0.3061853,False,-1,-1,0,0,0,-1
2026-06-24 13:24:40.508,45.53272,True,21.47525,1.234853,-9.252948,-0.2433391,-0.5372618,-0.2124675,0.7790978,-0.7337556,0.6074713,0.3042718,False,-1,-1,0,0,0,-1
2026-06-24 13:24:40.554,45.57715,True,21.47513,1.235042,-9.252724,-0.2430677,-0.5387805,-0.2128251,0.7780354,-0.7349188,0.6075626,0.3012673,False,-1,-1,0,0,0,-1
2026-06-24 13:24:40.598,45.62296,True,21.47476,1.235089,-9.25276,-0.2413151,-0.5406317,-0.2123341,0.7774308,-0.7381285,0.6048008,0.2989689,False,-1,-1,0,0,0,-1
2026-06-24 13:24:40.640,45.66468,True,21.4741,1.234848,-9.252936,-0.239694,-0.5436421,-0.2098666,0.7765024,-0.7436713,0.6004307,0.2940001,False,-1,-1,0,0,0,-1
2026-06-24 13:24:40.685,45.70943,True,21.47324,1.234275,-9.253323,-0.2366696,-0.5479109,-0.2067034,0.7752773,-0.7517248,0.5934793,0.2875623,False,-1,-1,0,0,0,-1
2026-06-24 13:24:40.732,45.75635,True,21.47226,1.233316,-9.253839,-0.2306924,-0.5538862,-0.2030116,0.773807,-0.7635356,0.5819135,0.2799822,False,-1,-1,0,0,0,-1
2026-06-24 13:24:40.776,45.79943,True,21.47089,1.232107,-9.25441,-0.2214212,-0.5617679,-0.1996627,0.7717022,-0.778616,0.5660706,0.2707789,False,-1,-1,0,0,0,-1
2026-06-24 13:24:40.820,45.84422,True,21.46981,1.23078,-9.254614,-0.211623,-0.5703672,-0.1999939,0.7680491,-0.7914934,0.5532136,0.2597941,False,-1,-1,0,0,0,-1
2026-06-24 13:24:40.866,45.88949,True,21.46938,1.230999,-9.254656,-0.2097217,-0.575233,-0.2026768,0.7642291,-0.7942079,0.5537236,0.2502476,False,-1,-1,0,0,0,-1
2026-06-24 13:24:40.909,45.93259,True,21.46907,1.231177,-9.254338,-0.2087693,-0.5799547,-0.204051,0.7605467,-0.796966,0.5542381,0.2401359,False,-1,-1,0,0,0,-1
2026-06-24 13:24:40.947,45.97256,True,21.46902,1.231469,-9.25384,-0.2081797,-0.5822802,-0.2036215,0.759045,-0.799174,0.553165,0.2352221,False,-1,-1,0,0,0,-1
2026-06-24 13:24:40.987,46.01233,True,21.46913,1.23174,-9.253131,-0.2082987,-0.5835893,-0.2040309,0.7578962,-0.7996015,0.5538781,0.2320703,False,-1,-1,0,0,0,-1
2026-06-24 13:24:41.024,46.04862,True,21.46939,1.232235,-9.252405,-0.209345,-0.5833538,-0.2043727,0.7576971,-0.7984422,0.5556833,0.231746,False,-1,-1,0,0,0,-1
2026-06-24 13:24:41.071,46.09309,True,21.46931,1.232826,-9.251541,-0.2105433,-0.583583,-0.2034831,0.7574279,-0.7983601,0.5564413,0.2302048,False,-1,-1,0,0,0,-1
2026-06-24 13:24:41.114,46.13842,True,21.46866,1.233577,-9.250668,-0.2118633,-0.584246,-0.2022261,0.7568851,-0.7987257,0.5570119,0.227541,False,-1,-1,0,0,0,-1
2026-06-24 13:24:41.158,46.18171,True,21.4669,1.234064,-9.249353,-0.2120131,-0.5864093,-0.19892,0.7560459,-0.8023574,0.5538803,0.222349,False,-1,-1,0,0,0,-1
2026-06-24 13:24:41.201,46.22535,True,21.46378,1.234417,-9.248189,-0.2094699,-0.5906384,-0.1930388,0.7549865,-0.8109764,0.5443261,0.2145373,False,-1,-1,0,0,0,-1
2026-06-24 13:24:41.239,46.265,True,21.45926,1.233886,-9.246868,-0.2042703,-0.5978554,-0.1831537,0.7531914,-0.8257734,0.5267082,0.201685,False,-1,-1,0,0,0,-1
2026-06-24 13:24:41.280,46.30471,True,21.45516,1.232523,-9.24655,-0.195849,-0.6061382,-0.1702852,0.7518262,-0.8447207,0.5009217,0.1884794,False,-1,-1,0,0,0,-1
2026-06-24 13:24:41.319,46.344,True,21.4491,1.228279,-9.245983,-0.178984,-0.6196701,-0.1471197,0.7498863,-0.8767001,0.4507667,0.1679474,False,-1,-1,0,0,0,-1
2026-06-24 13:24:41.358,46.38409,True,21.44493,1.223014,-9.246467,-0.1611285,-0.6314892,-0.1237276,0.7482984,-0.9052125,0.3974097,0.150518,False,-1,-1,0,0,0,-1
2026-06-24 13:24:41.398,46.4231,True,21.43975,1.214724,-9.247578,-0.1346895,-0.6466437,-0.09114584,0.7452537,-0.9392745,0.3186335,0.1274213,False,-1,-1,0,0,0,-1
2026-06-24 13:24:41.440,46.46524,True,21.43509,1.203808,-9.250364,-0.1034902,-0.6617319,-0.0558746,0.7404585,-0.968405,0.2272084,0.1028014,False,-1,-1,0,0,0,-1
2026-06-24 13:24:41.485,46.50698,True,21.43271,1.196214,-9.253203,-0.08198257,-0.6710739,-0.03180978,0.7361568,-0.9828155,0.1633975,0.08587729,False,-1,-1,0,0,0,-1
2026-06-24 13:24:41.530,46.55305,True,21.43254,1.189795,-9.253851,-0.06682697,-0.680612,-0.01512602,0.7294332,-0.9909002,0.1180815,0.06460285,False,-1,-1,0,0,0,-1
2026-06-24 13:24:41.574,46.59901,True,21.43291,1.186445,-9.254695,-0.04399525,-0.6797228,0.00738459,0.7321112,-0.9959151,0.05437988,0.07208268,False,-1,-1,0,0,0,-1
2026-06-24 13:24:41.622,46.64542,True,21.43459,1.183111,-9.253748,-0.01742583,-0.6655512,0.02489248,0.7457334,-0.9935151,-0.007144399,0.1134759,False,-1,-1,0,0,0,-1
2026-06-24 13:24:41.664,46.68773,True,21.43497,1.184512,-9.248293,-0.02303814,-0.6446884,0.01583973,0.7639341,-0.9857287,0.01477586,0.1676923,False,-1,-1,0,0,0,-1
2026-06-24 13:24:41.709,46.73152,True,21.43486,1.183231,-9.245035,-0.0213786,-0.6329337,0.01863976,0.7736862,-0.9801812,0.009485189,0.1978757,False,-1,-1,0,0,0,-1
2026-06-24 13:24:41.753,46.77605,True,21.43406,1.182114,-9.244462,-0.02380443,-0.6312003,0.0231064,0.7749101,-0.9793471,0.007723054,0.202039,False,-1,-1,0,0,0,-1
2026-06-24 13:24:41.796,46.82008,True,21.43426,1.18025,-9.244099,-0.02259374,-0.628443,0.02418476,0.7771512,-0.9778833,0.004720019,0.2090978,False,-1,-1,0,0,0,-1
2026-06-24 13:24:41.838,46.86405,True,21.43481,1.179464,-9.242142,-0.02194959,-0.6247285,0.02110757,0.7802481,-0.975813,0.007879251,0.218465,False,-1,-1,0,0,0,-1
2026-06-24 13:24:41.887,46.91008,True,21.43504,1.179526,-9.240456,-0.0193292,-0.6193234,0.02073925,0.784624,-0.9726737,0.004643697,0.2321299,False,-1,-1,0,0,0,-1
2026-06-24 13:24:41.933,46.95576,True,21.43541,1.179985,-9.239988,-0.02391006,-0.6173689,0.01826196,0.7860983,-0.9714985,0.01504258,0.2365678,False,-1,-1,0,0,0,-1
2026-06-24 13:24:41.971,46.99664,True,21.43536,1.181036,-9.240155,-0.02664237,-0.6176309,0.01350407,0.7859007,-0.9715127,0.02519545,0.2356445,False,-1,-1,0,0,0,-1
2026-06-24 13:24:42.022,47.04438,True,21.43523,1.181803,-9.240536,-0.02455554,-0.6146453,0.01289815,0.7883159,-0.9697026,0.02285947,0.2432163,False,-1,-1,0,0,0,-1
2026-06-24 13:24:42.063,47.08833,True,21.43469,1.182405,-9.241656,-0.02399481,-0.6086366,0.01121793,0.793007,-0.9658443,0.02440082,0.2579716,False,-1,-1,0,0,0,-1
2026-06-24 13:24:42.106,47.13202,True,21.43471,1.183431,-9.242983,-0.02072392,-0.5985519,0.01009393,0.8007523,-0.959002,0.02110598,0.2826122,False,-1,-1,0,0,0,-1
2026-06-24 13:24:42.149,47.17349,True,21.43423,1.184603,-9.243937,-0.01686823,-0.5823555,0.007861487,0.8127212,-0.9468505,0.01826198,0.321155,False,-1,-1,0,0,0,-1
2026-06-24 13:24:42.193,47.21922,True,21.43349,1.185651,-9.244774,-0.01290226,-0.5593122,0.005650369,0.8288375,-0.9273036,0.0150671,0.3740068,False,-1,-1,0,0,0,-1
2026-06-24 13:24:42.246,47.2701,True,21.4335,1.185584,-9.245006,-0.006770782,-0.5275017,0.003394305,0.8495202,-0.8962927,0.007922828,0.4433922,False,-1,-1,0,0,0,-1
2026-06-24 13:24:42.289,47.31261,True,21.43533,1.185746,-9.245753,-0.002086973,-0.4903268,0.0004317439,0.8715361,-0.8546768,0.003214353,0.5191506,False,-1,-1,0,0,0,-1
2026-06-24 13:24:42.333,47.35594,True,21.43822,1.185425,-9.246186,0.003160062,-0.4498096,-0.00384563,0.8931106,-0.8034837,-0.002184968,0.5953227,False,-1,-1,0,0,0,-1
2026-06-24 13:24:42.377,47.39866,True,21.44195,1.185323,-9.246523,0.007331757,-0.4053332,-0.0086077,0.9140992,-0.7411556,-0.006425933,0.6713026,False,-1,-1,0,0,0,-1
2026-06-24 13:24:42.416,47.44233,True,21.446,1.186668,-9.248074,0.008844541,-0.3699107,-0.01428665,0.9289154,-0.6874842,-0.005862092,0.7261757,False,-1,-1,0,0,0,-1
2026-06-24 13:24:42.462,47.48733,True,21.44992,1.187401,-9.250562,0.005399348,-0.3360513,-0.01931013,0.9416302,-0.6330806,0.002810013,0.7740808,False,-1,-1,0,0,0,-1
2026-06-24 13:24:42.507,47.5315,True,21.45325,1.187901,-9.252831,0.0002394307,-0.3030065,-0.02655447,0.9526184,-0.5773119,0.01563618,0.816374,True,0.001404643,0.3436731,15.82928,1.340224,-1.3,9.74165
2026-06-24 13:24:42.555,47.5781,True,21.45736,1.187554,-9.255571,0.006909469,-0.2629441,-0.03182769,0.9642612,-0.5075335,0.003412742,0.8616253,True,0.1553469,0.3085837,16.77119,1.219065,-1.3,9.233214
2026-06-24 13:24:42.598,47.62268,True,21.46024,1.187387,-9.259205,0.00298711,-0.232099,-0.03120813,0.9721868,-0.4514736,0.008678691,0.8922423,True,0.2634919,0.3218307,17.43289,1.264805,-1.3,8.920453
2026-06-24 13:24:42.640,47.66439,True,21.46324,1.187194,-9.262785,-0.003707084,-0.2047376,-0.02665032,0.978447,-0.4004521,0.01816701,0.9161376,True,0.3533385,0.345084,17.98263,1.345096,-1.3,8.691691
2026-06-24 13:24:42.685,47.7091,True,21.46545,1.187396,-9.266642,-0.01016374,-0.1836456,-0.01969354,0.9827427,-0.3605523,0.02720994,0.932342,True,0.4190373,0.3667479,18.38462,1.419898,-1.3,8.544764
2026-06-24 13:24:42.730,47.75514,True,21.46721,1.187206,-9.269934,-0.01651187,-0.1680163,-0.01395685,0.9855471,-0.330715,0.03723642,0.9429958,True,0.4660217,0.390502,18.6721,1.501918,-1.3,8.451717
2026-06-24 13:24:42.779,47.80083,True,21.46774,1.187171,-9.273036,-0.02336553,-0.156514,-0.009527856,0.9873534,-0.3086241,0.04912255,0.9499148,True,0.4995631,0.4187566,18.87733,1.599477,-1.3,8.393421
2026-06-24 13:24:42.821,47.84354,True,21.46748,1.187417,-9.275678,-0.02923778,-0.1452056,-0.005550333,0.9889538,-0.2868788,0.05944151,0.956121,True,0.5317751,0.4430214,19.07442,1.683261,-1.3,8.341703
2026-06-24 13:24:42.863,47.88705,True,21.46576,1.187396,-9.278656,-0.0318588,-0.1385319,-0.001135075,0.9898447,-0.2741778,0.06338502,0.9595879,True,0.5500213,0.452046,19.18606,1.714421,-1.3,8.31467
2026-06-24 13:24:42.907,47.93158,True,21.46329,1.186222,-9.281537,-0.03244908,-0.1338365,0.001501512,0.9904709,-0.2652197,0.06387783,0.9620697,True,0.5625905,0.4525514,19.26297,1.716166,-1.3,8.296215
2026-06-24 13:24:42.947,47.97334,True,21.46029,1.185103,-9.283819,-0.03486936,-0.1322265,0.002785865,0.9906021,-0.262162,0.06834659,0.9626006,True,0.5663403,0.4629206,19.28591,1.75197,-1.3,8.29401
2026-06-24 13:24:43.006,48.03033,True,21.45726,1.18387,-9.285781,-0.03087756,-0.1321365,0.005275392,0.9907364,-0.2621506,0.0597889,0.963173,True,0.5659847,0.4419574,19.28374,1.679587,-1.3,8.291119
2026-06-24 13:24:43.046,48.07003,True,21.45408,1.183571,-9.287933,-0.02805718,-0.1307618,0.004997372,0.9910041,-0.2594514,0.05430263,0.9642283,True,0.5694129,0.4285896,19.30471,1.633429,-1.3,8.284276
2026-06-24 13:24:43.086,48.11197,True,21.45091,1.18316,-9.289839,-0.02477835,-0.1271031,0.00398201,0.991572,-0.252261,0.04812679,0.9664617,True,0.5793382,0.4134137,19.36544,1.581029,-1.3,8.267103
2026-06-24 13:24:43.128,48.15253,True,21.44802,1.183389,-9.291931,-0.02263014,-0.1210579,0.002570722,0.9923841,-0.2403883,0.04429318,0.9696657,True,0.595897,0.4039787,19.46676,1.548451,-1.3,8.241945
2026-06-24 13:24:43.171,48.19545,True,21.4449,1.183447,-9.294973,-0.0216645,-0.1155164,0.001857275,0.9930676,-0.2295116,0.04259953,0.9723732,True,0.6107816,0.3997082,19.55783,1.533706,-1.3,8.222124
2026-06-24 13:24:43.219,48.24453,True,21.442,1.183481,-9.29915,-0.02025803,-0.1109986,0.001440452,0.9936131,-0.2206378,0.0399375,0.9745378,True,0.6227356,0.3932172,19.63097,1.511293,-1.3,8.208147
2026-06-24 13:24:43.266,48.28907,True,21.43931,1.183094,-9.304303,-0.01839313,-0.106567,9.967079E-05,0.9941354,-0.2118878,0.03654928,0.9766103,True,0.6344539,0.3849222,19.70267,1.482652,-1.3,8.196005
2026-06-24 13:24:43.306,48.33084,True,21.43591,1.182495,-9.30989,-0.01675243,-0.1043809,-0.001540864,0.9943951,-0.2075401,0.03363874,0.977648,True,0.6398237,0.3778112,19.73553,1.458098,-1.3,8.193021
2026-06-24 13:24:43.350,48.37359,True,21.43213,1.18211,-9.316212,-0.01248051,-0.1016142,-0.002851651,0.9947415,-0.2020886,0.0254093,0.9790376,True,0.6466767,0.3581347,19.77746,1.390158,-1.3,8.187848
2026-06-24 13:24:43.396,48.41882,True,21.42764,1.180924,-9.32318,-0.01091394,-0.1017295,-0.00342521,0.9947464,-0.2023154,0.0224101,0.979064,True,0.645412,0.3507238,19.76972,1.364569,-1.3,8.194745
2026-06-24 13:24:43.442,48.4653,True,21.42212,1.180492,-9.330477,-0.0102518,-0.101763,-0.004010444,0.9947478,-0.2023748,0.02121213,0.9790784,True,0.6441868,0.3478006,19.76222,1.354476,-1.3,8.202077
2026-06-24 13:24:43.486,48.50845,True,21.41726,1.18043,-9.338331,-0.009351784,-0.09909314,-0.003688033,0.9950274,-0.1971318,0.01934148,0.9801862,True,0.6504607,0.3433319,19.80061,1.339046,-1.3,8.200821
2026-06-24 13:24:43.530,48.55459,True,21.41118,1.180914,-9.344921,-0.01180782,-0.09454785,-0.004627483,0.9954395,-0.188124,0.02438298,0.9818426,True,0.6617606,0.3553958,19.86975,1.380701,-1.3,8.193698
2026-06-24 13:24:43.571,48.59643,True,21.40514,1.181319,-9.351539,-0.01521026,-0.09051383,-0.005950943,0.9957613,-0.1800793,0.03136886,0.9831518,True,0.6716696,0.3720526,19.93038,1.438215,-1.3,8.189518
2026-06-24 13:24:43.617,48.64056,True,21.39897,1.181595,-9.357283,-0.01222816,-0.0859428,-0.002637372,0.9962215,-0.1711716,0.02481724,0.9849286,True,0.6828327,0.3565291,19.99868,1.384614,-1.3,8.180575
2026-06-24 13:24:43.665,48.68827,True,21.39497,1.182787,-9.362996,-0.01586191,-0.07586657,-0.002543611,0.9969886,-0.1511955,0.03201424,0.9879853,True,0.7093693,0.3737447,20.16105,1.444057,-1.3,8.161049
2026-06-24 13:24:43.708,48.73278,True,21.39008,1.183768,-9.367651,-0.02052121,-0.07016147,-0.004083268,0.9973162,-0.1397787,0.04150525,0.9893125,True,0.7239416,0.3963861,20.25022,1.522235,-1.3,8.154805
2026-06-24 13:24:43.751,48.77382,True,21.38668,1.184079,-9.37225,-0.02290434,-0.06828269,-0.00403208,0.9973949,-0.1360249,0.04623999,0.9896258,True,0.7283427,0.4076862,20.27714,1.561253,-1.3,8.15687
2026-06-24 13:24:43.795,48.81913,True,21.38466,1.184046,-9.376862,-0.02626716,-0.06714492,-0.003189921,0.9973923,-0.1337721,0.05282569,0.9896032,True,0.7309094,0.4233083,20.29285,1.615194,-1.3,8.161716
2026-06-24 13:24:43.839,48.86404,True,21.38293,1.184229,-9.380871,-0.02924015,-0.0671954,-0.002698958,0.9973077,-0.1338711,0.05868557,0.9892596,True,0.7303445,0.4373297,20.28939,1.663608,-1.3,8.168605
2026-06-24 13:24:43.888,48.91147,True,21.38065,1.184313,-9.383069,-0.03231411,-0.06538285,-0.003394211,0.9973311,-0.1301973,0.06489959,0.9893618,True,0.7348472,0.4520808,20.31694,1.714542,-1.3,8.169983
2026-06-24 13:24:43.930,48.95398,True,21.37958,1.183885,-9.385944,-0.03564627,-0.06398664,-0.003887059,0.9973063,-0.1273515,0.07159793,0.9892701,True,0.738396,0.4678822,20.33866,1.769101,-1.3,8.173647
2026-06-24 13:24:43.971,48.99598,True,21.37862,1.183596,-9.38833,-0.03874889,-0.06333231,-0.004215893,0.9972311,-0.1259872,0.0778172,0.9889751,True,0.7399617,0.4826299,20.34824,1.820023,-1.3,8.178497
2026-06-24 13:24:44.020,49.04193,True,21.37932,1.182844,-9.391188,-0.04163399,-0.06291306,-0.004332589,0.9971408,-0.1251056,0.08357506,0.9886171,True,0.7411346,0.4961921,20.35541,1.866852,-1.3,8.184349
2026-06-24 13:24:44.061,49.0855,True,21.38142,1.182343,-9.394673,-0.04550381,-0.06361406,-0.005046365,0.9969239,-0.1263775,0.0913697,0.9877653,True,0.7395575,0.5148029,20.34576,1.931112,-1.3,8.194935
2026-06-24 13:24:44.112,49.13723,True,21.3832,1.181924,-9.397123,-0.0482422,-0.06448499,-0.004993326,0.9967394,-0.1280677,0.0968138,0.9870288,True,0.7374052,0.5278432,20.33259,1.976139,-1.3,8.203532
2026-06-24 13:24:44.154,49.17822,True,21.38469,1.181692,-9.398905,-0.05100128,-0.06524765,-0.004540756,0.9965546,-0.1295825,0.1022437,0.9862832,True,0.735447,0.5409138,20.32061,2.02127,-1.3,8.21154
2026-06-24 13:24:44.196,49.21978,True,21.38634,1.181409,-9.400341,-0.05331382,-0.06611512,-0.00366692,0.99638,-0.1313606,0.1067265,0.9855729,True,0.7331726,0.5517208,20.3067,2.058585,-1.3,8.218916
2026-06-24 13:24:44.241,49.26423,True,21.38913,1.18129,-9.401823,-0.05422181,-0.06691471,-0.00307546,0.9962796,-0.132998,0.1084517,0.9851648,True,0.7313231,0.5559472,20.29538,2.073178,-1.3,8.223825
2026-06-24 13:24:44.289,49.31193,True,21.39055,1.181134,-9.401935,-0.05334479,-0.06743357,-0.003092088,0.9962919,-0.1340372,0.106711,0.9852141,True,0.7301655,0.551747,20.2883,2.058675,-1.3,8.223527
2026-06-24 13:24:44.331,49.35451,True,21.39247,1.180734,-9.402264,-0.0522685,-0.06745237,-0.0031983,0.9963473,-0.1340776,0.1045866,0.9854364,True,0.7304577,0.5465252,20.29008,2.040645,-1.3,8.222005
2026-06-24 13:24:44.371,49.39606,True,21.3938,1.180388,-9.402241,-0.05080011,-0.06732623,-0.00350876,0.9964308,-0.1338154,0.1017101,0.985773,True,0.731089,0.5394921,20.29395,2.016361,-1.3,8.219174
2026-06-24 13:24:44.419,49.44098,True,21.39526,1.180078,-9.402473,-0.04885299,-0.06714793,-0.003900904,0.9965387,-0.1334499,0.09789166,0.9862091,True,0.7318926,0.5302166,20.29886,1.984334,-1.3,8.215776
2026-06-24 13:24:44.470,49.48512,True,21.39536,1.17984,-9.4016,-0.04806872,-0.06753877,-0.0045741,0.9965476,-0.1341714,0.09642339,0.9862558,True,0.7309681,0.5266187,20.29321,1.971911,-1.3,8.214501
2026-06-24 13:24:44.511,49.53655,True,21.39433,1.179611,-9.400182,-0.0475926,-0.06820133,-0.004958236,0.9965234,-0.1354565,0.09553061,0.9861671,True,0.7290897,0.5244088,20.28171,1.96428,-1.3,8.213802
2026-06-24 13:24:44.551,49.57489,True,21.39374,1.179549,-9.398994,-0.04741774,-0.06902804,-0.005240057,0.9964734,-0.1370723,0.09522445,0.9859734,True,0.7268151,0.523674,20.2678,1.961743,-1.3,8.214211
2026-06-24 13:24:44.595,49.61968,True,21.3933,1.179496,-9.398081,-0.04717309,-0.06947112,-0.005599282,0.9964523,-0.137921,0.09478945,0.9858969,True,0.7256113,0.5226157,20.26043,1.958089,-1.3,8.213923
2026-06-24 13:24:44.640,49.66376,True,21.39165,1.179816,-9.396222,-0.04696325,-0.07001665,-0.005720173,0.9964233,-0.1389952,0.09439156,0.9857842,True,0.7239203,0.5217359,20.25008,1.955051,-1.3,8.212976
2026-06-24 13:24:44.682,49.70622,True,21.3909,1.179856,-9.395431,-0.04660302,-0.070613,-0.005692415,0.9963983,-0.1401868,0.09367426,0.9856839,True,0.7221975,0.5200423,20.23954,1.949203,-1.3,8.213009
2026-06-24 13:24:44.736,49.76022,True,21.39041,1.180106,-9.394819,-0.04650931,-0.07100474,-0.00574268,0.9963745,-0.1409605,0.09349691,0.9855904,True,0.7210753,0.5196971,20.23268,1.948012,-1.3,8.213168
2026-06-24 13:24:44.779,49.80099,True,21.39153,1.180012,-9.395678,-0.04638596,-0.07091378,-0.005872053,0.9963861,-0.1407703,0.09326946,0.9856392,True,0.721504,0.5191416,20.2353,1.946093,-1.3,8.213632
2026-06-24 13:24:44.821,49.84428,True,21.39131,1.179874,-9.395128,-0.04617133,-0.07102956,-0.006007052,0.9963869,-0.1409911,0.09286238,0.985646,True,0.7211844,0.5181167,20.23335,1.942555,-1.3,8.213017
2026-06-24 13:24:44.866,49.88865,True,21.39154,1.179903,-9.395031,-0.04606875,-0.07085118,-0.006085485,0.9964039,-0.1406321,0.0926685,0.9857156,True,0.7217194,0.5176457,20.23662,1.940928,-1.3,8.212339
2026-06-24 13:24:44.905,49.92952,True,21.39122,1.179949,-9.394694,-0.04627251,-0.07072457,-0.006250437,0.9964025,-0.1403618,0.0930962,0.9857138,True,0.7220378,0.5186675,20.23857,1.944456,-1.3,8.212012
2026-06-24 13:24:44.954,49.97589,True,21.39207,1.179948,-9.395334,-0.04633667,-0.07067917,-0.006171544,0.9964032,-0.140278,0.09321242,0.9857147,True,0.7222749,0.5189608,20.24002,1.945469,-1.3,8.212654
2026-06-24 13:24:44.995,50.01814,True,21.39318,1.179853,-9.395983,-0.04648539,-0.07098775,-0.006036532,0.9963751,-0.1408996,0.09349082,0.9855997,True,0.7215836,0.5196394,20.23579,1.947812,-1.3,8.214271
2026-06-24 13:24:45.041,50.06351,True,21.39418,1.179807,-9.39682,-0.04677384,-0.07169833,-0.005882259,0.9963117,-0.1423175,0.09404615,0.9853431,True,0.7197748,0.5210286,20.22472,1.952609,-1.3,8.217259
2026-06-24 13:24:45.084,50.10626,True,21.39487,1.179728,-9.397476,-0.04689674,-0.07217082,-0.005854249,0.996272,-0.1432544,0.09428883,0.9851841,True,0.7185822,0.5216376,20.21742,1.954712,-1.3,8.219251
2026-06-24 13:24:45.127,50.1516,True,21.39579,1.179496,-9.398272,-0.04677539,-0.0725432,-0.005821337,0.9962508,-0.1439978,0.09404464,0.9850991,True,0.7176981,0.5210304,20.21201,1.952615,-1.3,8.220769
2026-06-24 13:24:45.171,50.19591,True,21.39473,1.17956,-9.397228,-0.04675328,-0.0727532,-0.006012997,0.9962354,-0.1443964,0.09402948,0.9850422,True,0.7170031,0.5209969,20.20776,1.9525,-1.3,8.220183
2026-06-24 13:24:45.219,50.24141,True,21.39534,1.17947,-9.39743,-0.04658371,-0.07309432,-0.00625788,0.9962169,-0.1450526,0.09372979,0.9849744,True,0.7162029,0.5202784,20.20286,1.950019,-1.3,8.220955
2026-06-24 13:24:45.262,50.28524,True,21.39581,1.179415,-9.397727,-0.04676631,-0.07305967,-0.006412452,0.9962099,-0.1449658,0.09411512,0.9849504,True,0.7163852,0.5211936,20.20398,1.953179,-1.3,8.221457
2026-06-24 13:24:45.305,50.32983,True,21.39627,1.179349,-9.397948,-0.0465149,-0.07290291,-0.006188183,0.9962345,-0.1446811,0.09358177,0.985043,True,0.7168559,0.5198896,20.20686,1.948676,-1.3,8.220907
2026-06-24 13:24:45.350,50.37291,True,21.39646,1.179285,-9.397759,-0.04654058,-0.07302508,-0.006254021,0.996224,-0.1449165,0.09364309,0.9850026,True,0.7165667,0.5200209,20.20509,1.949129,-1.3,8.221053
2026-06-24 13:24:45.395,50.41842,True,21.39644,1.179452,-9.397743,-0.04638167,-0.07339571,-0.00616633,0.9962047,-0.1456623,0.09331644,0.9849236,True,0.7155465,0.5193089,20.19885,1.946671,-1.3,8.221697
2026-06-24 13:24:45.439,50.4625,True,21.39863,1.179169,-9.399139,-0.04628414,-0.07362535,-0.006338194,0.9961912,-0.1461031,0.09314901,0.9848742,True,0.7152687,0.5188778,20.19715,1.945183,-1.3,8.223527
2026-06-24 13:24:45.480,50.50607,True,21.39933,1.179024,-9.399532,-0.04595162,-0.07387267,-0.006396156,0.9961879,-0.1465943,0.09249791,0.9848626,True,0.7147102,0.5172983,20.19373,1.939729,-1.3,8.224023
2026-06-24 13:24:45.529,50.55179,True,21.39991,1.17884,-9.400042,-0.04539263,-0.07445468,-0.006712179,0.9961682,-0.1477294,0.0914369,0.984792,True,0.7132532,0.5147472,20.18482,1.93092,-1.3,8.225129
2026-06-24 13:24:45.576,50.60044,True,21.40144,1.178693,-9.401082,-0.04535682,-0.07485662,-0.006722303,0.9961396,-0.1485255,0.09136987,0.9846785,True,0.7123849,0.514598,20.1795,1.930405,-1.3,8.227134
2026-06-24 13:24:45.617,50.64011,True,21.40297,1.178517,-9.402241,-0.04543223,-0.07505953,-0.006720619,0.9961209,-0.1489261,0.09152088,0.9846039,True,0.7120521,0.5149547,20.17747,1.931637,-1.3,8.228934
2026-06-24 13:24:45.661,50.68605,True,21.4038,1.17852,-9.402639,-0.04536963,-0.07522771,-0.006693852,0.9961112,-0.1492629,0.09139352,0.9845648,True,0.7117161,0.5146713,20.17541,1.930658,-1.3,8.229666
2026-06-24 13:24:45.705,50.72993,True,21.40496,1.178366,-9.403418,-0.04555721,-0.07530745,-0.006659117,0.9960969,-0.1494203,0.09176175,0.9845067,True,0.7116638,0.5155383,20.17509,1.933652,-1.3,8.230943
2026-06-24 13:24:45.750,50.77377,True,21.40689,1.178176,-9.405052,-0.04561371,-0.07534771,-0.006566592,0.9960919,-0.1495074,0.09186045,0.9844842,True,0.7118167,0.5157677,20.17603,1.934444,-1.3,8.23279
2026-06-24 13:24:45.796,50.8203,True,21.40833,1.17798,-9.406559,-0.04573685,-0.07547863,-0.006584615,0.9960762,-0.1497626,0.09210877,0.9844222,True,0.7116582,0.5163578,20.17506,1.936481,-1.3,8.234839
2026-06-24 13:24:45.839,50.8627,True,21.40895,1.177894,-9.407143,-0.04566469,-0.07547503,-0.006690646,0.9960791,-0.1497471,0.09198124,0.9844365,True,0.7117697,0.5160413,20.17574,1.935389,-1.3,8.235312
2026-06-24 13:24:45.884,50.90703,True,21.40988,1.177851,-9.407904,-0.04562843,-0.0755639,-0.00695367,0.9960722,-0.1498996,0.09194931,0.9844163,True,0.7116923,0.5159777,20.17527,1.935169,-1.3,8.236255
2026-06-24 13:24:45.928,50.95108,True,21.41055,1.177752,-9.408297,-0.04558,-0.07576344,-0.006674214,0.9960612,-0.1503216,0.09181226,0.9843647,True,0.7112133,0.5156444,20.17233,1.934018,-1.3,8.237085
2026-06-24 13:24:45.973,50.99722,True,21.41205,1.177502,-9.409321,-0.04544777,-0.07589698,-0.006707113,0.9960569,-0.1505858,0.09155522,0.9843483,True,0.7110751,0.5149899,20.17149,1.931758,-1.3,8.238262
2026-06-24 13:24:46.017,51.03968,True,21.41263,1.177371,-9.409719,-0.045192,-0.07590417,-0.006808618,0.9960672,-0.1505959,0.09106214,0.9843925,True,0.7111542,0.5137765,20.17197,1.927568,-1.3,8.238298
2026-06-24 13:24:46.061,51.08585,True,21.41407,1.177231,-9.410767,-0.04549099,-0.07589313,-0.006949453,0.9960535,-0.150555,0.09167776,0.9843416,True,0.7114078,0.5152441,20.17352,1.932636,-1.3,8.239788
2026-06-24 13:24:46.109,51.13029,True,21.41497,1.177085,-9.411606,-0.04541098,-0.07631453,-0.007022001,0.9960244,-0.1513845,0.09153265,0.9842279,True,0.7103933,0.5149035,20.16732,1.93146,-1.3,8.241592
2026-06-24 13:24:46.149,51.17213,True,21.41617,1.17703,-9.412544,-0.04528071,-0.07707345,-0.007226302,0.9959705,-0.1528713,0.09131042,0.9840187,True,0.7085197,0.5144287,20.15585,1.929821,-1.3,8.244299
2026-06-24 13:24:46.194,51.2181,True,21.41751,1.176948,-9.413692,-0.04505043,-0.07712478,-0.007027128,0.9959784,-0.1529961,0.09082244,0.9840444,True,0.7085471,0.5132648,20.15602,1.925802,-1.3,8.24525
2026-06-24 13:24:46.238,51.26278,True,21.41807,1.176942,-9.414171,-0.04519918,-0.07713237,-0.006886935,0.995972,-0.1530208,0.09109664,0.9840153,True,0.7085865,0.5139371,20.15626,1.928123,-1.3,8.245981
2026-06-24 13:24:46.281,51.3061,True,21.41907,1.176811,-9.414856,-0.04497011,-0.07729623,-0.006876953,0.9959697,-0.1533509,0.09064085,0.984006,True,0.7082855,0.512831,20.15442,1.924304,-1.3,8.246754
2026-06-24 13:24:46.320,51.34529,True,21.42036,1.176639,-9.415953,-0.04491663,-0.07731679,-0.006995317,0.9959697,-0.153382,0.09055291,0.9840092,True,0.7084279,0.5125997,20.15529,1.923505,-1.3,8.247843
2026-06-24 13:24:46.361,51.38795,True,21.42193,1.176532,-9.417033,-0.04479148,-0.07734182,-0.006915778,0.9959739,-0.1534414,0.09029204,0.9840239,True,0.7085792,0.5119709,20.15622,1.921334,-1.3,8.248816
2026-06-24 13:24:46.404,51.4281,True,21.42238,1.176413,-9.417223,-0.04468752,-0.07740042,-0.007018423,0.9959733,-0.1535502,0.09010162,0.9840244,True,0.7085019,0.5114866,20.15574,1.919662,-1.3,8.249005
2026-06-24 13:24:46.446,51.47013,True,21.42322,1.176329,-9.41783,-0.04450255,-0.07759192,-0.007012198,0.9959668,-0.1539338,0.0897343,0.9839981,True,0.7081002,0.5106065,20.15329,1.916623,-1.3,8.249843
2026-06-24 13:24:46.483,51.50661,True,21.42448,1.176096,-9.418789,-0.04440875,-0.07772716,-0.007137509,0.9959596,-0.1541923,0.08956821,0.9839727,True,0.7079282,0.510173,20.15224,1.915126,-1.3,8.25103
2026-06-24 13:24:46.523,51.54612,True,21.42527,1.175971,-9.419488,-0.04444262,-0.07775953,-0.007101345,0.9959558,-0.1542589,0.08963016,0.9839566,True,0.7079461,0.5103067,20.15234,1.915588,-1.3,8.251876
2026-06-24 13:24:46.564,51.58921,True,21.42632,1.175927,-9.420307,-0.04462994,-0.07788042,-0.007048285,0.9959384,-0.1544991,0.08999519,0.9838856,True,0.7077583,0.5112036,20.1512,1.918685,-1.3,8.253304
2026-06-24 13:24:46.607,51.63001,True,21.42715,1.17591,-9.420944,-0.04468966,-0.07791893,-0.006923773,0.9959335,-0.1545853,0.09009483,0.9838629,True,0.7077555,0.5114589,20.15118,1.919566,-1.3,8.254141
2026-06-24 13:24:46.646,51.6714,True,21.42772,1.175857,-9.421414,-0.04460302,-0.07804724,-0.006922768,0.9959274,-0.1548412,0.08992334,0.9838384,True,0.7074864,0.5110513,20.14953,1.918159,-1.3,8.254827
2026-06-24 13:24:46.688,51.71087,True,21.42831,1.175693,-9.42177,-0.04458697,-0.07817518,-0.006909731,0.9959182,-0.155096,0.08989029,0.9838013,True,0.7072217,0.5109422,20.14791,1.917782,-1.3,8.255499
2026-06-24 13:24:46.730,51.75456,True,21.42872,1.175611,-9.421991,-0.04467078,-0.07810494,-0.007060165,0.9959188,-0.1549416,0.09007981,0.9838083,True,0.7074938,0.5113758,20.14958,1.919279,-1.3,8.255664
2026-06-24 13:24:46.771,51.79459,True,21.42952,1.175573,-9.422686,-0.04458886,-0.07801732,-0.00694956,0.9959301,-0.1547799,0.08989915,0.9838502,True,0.707833,0.5109422,20.15165,1.917782,-1.3,8.256019
2026-06-24 13:24:46.812,51.83547,True,21.43006,1.175502,-9.423246,-0.04456351,-0.0780668,-0.00710504,0.9959263,-0.1548643,0.08987327,0.9838393,True,0.707791,0.5108768,20.1514,1.917556,-1.3,8.25668
2026-06-24 13:24:46.849,51.87484,True,21.4301,1.17555,-9.423086,-0.04439019,-0.07801002,-0.00701648,0.9959391,-0.1547635,0.08951458,0.9838879,True,0.7079474,0.5100185,20.15235,1.914592,-1.3,8.256108
2026-06-24 13:24:46.888,51.91187,True,21.43086,1.175486,-9.423746,-0.04436815,-0.07813503,-0.006934287,0.9959309,-0.1550189,0.08945884,0.9838527,True,0.7077028,0.5098917,20.15086,1.914155,-1.3,8.257075
2026-06-24 13:24:46.928,51.95033,True,21.43175,1.175366,-9.424428,-0.04420919,-0.07818816,-0.007052139,0.9959329,-0.1551168,0.08916157,0.9838643,True,0.7077006,0.5091615,20.15084,1.911633,-1.3,8.257671
2026-06-24 13:24:46.971,51.99524,True,21.43305,1.175175,-9.425304,-0.04432449,-0.07808466,-0.007147534,0.9959353,-0.1549009,0.08940487,0.9838762,True,0.708185,0.5097083,20.1538,1.913521,-1.3,8.258461
2026-06-24 13:24:47.008,52.03138,True,21.43344,1.175123,-9.425604,-0.04416406,-0.07819249,-0.00698035,0.9959351,-0.1551327,0.08906069,0.9838709,True,0.7079277,0.5088791,20.15223,1.910658,-1.3,8.25881
2026-06-24 13:24:47.053,52.07771,True,21.43493,1.17495,-9.42678,-0.04435485,-0.0783146,-0.007089878,0.9959162,-0.1553606,0.08945791,0.9837989,True,0.7078177,0.5098257,20.15156,1.913927,-1.3,8.26061
2026-06-24 13:24:47.096,52.11996,True,21.43488,1.174991,-9.426733,-0.04439022,-0.07830884,-0.006840888,0.9959169,-0.1553708,0.08948934,0.9837945,True,0.7077949,0.5099126,20.15142,1.914227,-1.3,8.2606
2026-06-24 13:24:47.137,52.16214,True,21.43526,1.174859,-9.427144,-0.044512,-0.0781333,-0.006630225,0.9959267,-0.1550398,0.08969747,0.9838277,True,0.7083011,0.5103759,20.15452,1.915826,-1.3,8.260739
2026-06-24 13:24:47.182,52.20601,True,21.43564,1.174787,-9.427389,-0.04428231,-0.0780856,-0.006488886,0.9959416,-0.1549627,0.08921856,0.9838834,True,0.7084726,0.5092034,20.15557,1.911778,-1.3,8.26052
2026-06-24 13:24:47.228,52.25313,True,21.436,1.17486,-9.427576,-0.04445815,-0.07841435,-0.006096658,0.9959103,-0.1556452,0.08950879,0.9837493,True,0.7075762,0.5099532,20.15008,1.914367,-1.3,8.261836
2026-06-24 13:24:47.271,52.29613,True,21.43669,1.175159,-9.427911,-0.04573498,-0.07982572,-0.00579616,0.9957423,-0.1584415,0.09200587,0.9830723,True,0.7037578,0.5161753,20.12672,1.935851,-1.3,8.267867
2026-06-24 13:24:47.313,52.33798,True,21.43627,1.176042,-9.427205,-0.04887914,-0.08405428,-0.005755969,0.995245,-0.1667465,0.09826107,0.9810914,True,0.692031,0.5318637,20.05497,1.990021,-1.3,8.283841
2026-06-24 13:24:47.362,52.38754,True,21.43428,1.177615,-9.425419,-0.05249133,-0.09211624,-0.003939399,0.994356,-0.1827791,0.1051159,0.9775185,True,0.6691504,0.5496309,19.91497,2.051369,-1.3,8.312291
2026-06-24 13:24:47.405,52.42952,True,21.43087,1.180122,-9.422901,-0.06342236,-0.1071519,-0.005382941,0.9922032,-0.2119502,0.1270093,0.9689921,True,0.6265197,0.605657,19.65413,2.24482,-1.3,8.382835
2026-06-24 13:24:47.451,52.47341,True,21.42519,1.183088,-9.419487,-0.08195706,-0.1298443,-0.009656835,0.9880943,-0.2550139,0.1644704,0.952847,True,0.560821,0.704059,19.25214,2.584589,-1.3,8.521291
2026-06-24 13:24:47.499,52.52272,True,21.42017,1.186348,-9.416612,-0.1050107,-0.1534767,-0.009093057,0.9825147,-0.2996764,0.2091402,0.9308354,True,0.4880822,0.8272611,18.80708,3.009989,-1.3,8.719707
2026-06-24 13:24:47.539,52.56332,True,21.41387,1.189881,-9.412615,-0.1299959,-0.1779031,-0.008285959,0.9753886,-0.344895,0.2565411,0.9029031,True,0.4076552,0.9677017,18.31498,3.494912,-1.3,8.985033
2026-06-24 13:24:47.594,52.61917,True,21.40242,1.194856,-9.404871,-0.1499558,-0.2128423,-0.003126696,0.9655059,-0.4100634,0.2908973,0.8644228,False,-1,-1,0,0,0,-1
2026-06-24 13:24:47.636,52.66275,True,21.39205,1.197417,-9.400084,-0.1584966,-0.2432622,-0.002019273,0.9569213,-0.4649254,0.30432,0.8314047,False,-1,-1,0,0,0,-1
2026-06-24 13:24:47.686,52.70877,True,21.37955,1.199165,-9.396523,-0.1511375,-0.2763439,-0.009995208,0.9490477,-0.5215057,0.2923976,0.8015831,False,-1,-1,0,0,0,-1
2026-06-24 13:24:47.728,52.75001,True,21.36847,1.199291,-9.393463,-0.1471859,-0.3095434,-0.01154987,0.9393539,-0.5781417,0.2836697,0.7650384,False,-1,-1,0,0,0,-1
2026-06-24 13:24:47.771,52.79534,True,21.35191,1.199902,-9.38846,-0.1454838,-0.341837,-0.0182828,0.9282498,-0.6293005,0.2825901,0.7239639,False,-1,-1,0,0,0,-1
2026-06-24 13:24:47.816,52.83904,True,21.34253,1.200867,-9.388304,-0.1541357,-0.3694986,-0.02900947,0.9158993,-0.6679041,0.3037835,0.679426,False,-1,-1,0,0,0,-1
2026-06-24 13:24:47.860,52.88528,True,21.33494,1.200489,-9.387902,-0.1581087,-0.3928055,-0.03235023,0.9053502,-0.7010235,0.3117021,0.6414109,False,-1,-1,0,0,0,-1
2026-06-24 13:24:47.905,52.92919,True,21.32683,1.199509,-9.387056,-0.1503086,-0.4062146,-0.03488592,0.9006554,-0.7212314,0.2990948,0.6247941,False,-1,-1,0,0,0,-1
2026-06-24 13:24:47.950,52.97424,True,21.30702,1.196782,-9.376006,-0.1478588,-0.4184156,-0.03977408,0.8952565,-0.7374166,0.2980273,0.6061324,False,-1,-1,0,0,0,-1
2026-06-24 13:24:47.991,53.01637,True,21.30152,1.195683,-9.377394,-0.1481416,-0.4313284,-0.04426835,0.8888476,-0.7536545,0.301539,0.5840197,False,-1,-1,0,0,0,-1
2026-06-24 13:24:48.039,53.06323,True,21.2989,1.196407,-9.380268,-0.1562307,-0.4436966,-0.05241136,0.8808963,-0.765325,0.3217555,0.5574505,False,-1,-1,0,0,0,-1
2026-06-24 13:24:48.084,53.10887,True,21.29584,1.197171,-9.381357,-0.1628065,-0.4539308,-0.05568658,0.8742653,-0.7755797,0.3352279,0.5348817,False,-1,-1,0,0,0,-1
2026-06-24 13:24:48.125,53.14867,True,21.29277,1.196898,-9.381916,-0.1661195,-0.4611194,-0.05766324,0.8697402,-0.7829503,0.3421409,0.5195464,False,-1,-1,0,0,0,-1
2026-06-24 13:24:48.170,53.19483,True,21.29086,1.196975,-9.382057,-0.1700232,-0.4638981,-0.06223533,0.8671894,-0.7834122,0.3526264,0.5117813,False,-1,-1,0,0,0,-1
2026-06-24 13:24:48.217,53.23963,True,21.29066,1.196703,-9.382917,-0.1702447,-0.4648739,-0.06310312,0.8665605,-0.7841967,0.3537246,0.509818,False,-1,-1,0,0,0,-1
2026-06-24 13:24:48.260,53.28352,True,21.29052,1.195031,-9.384048,-0.165402,-0.4677176,-0.06399656,0.8659024,-0.7888253,0.3463086,0.5077648,False,-1,-1,0,0,0,-1
2026-06-24 13:24:48.303,53.32842,True,21.29115,1.192734,-9.385384,-0.1589658,-0.4728038,-0.06238232,0.8644622,-0.7976087,0.333829,0.5023728,False,-1,-1,0,0,0,-1
2026-06-24 13:24:48.347,53.37218,True,21.2927,1.190417,-9.386786,-0.1498331,-0.4805584,-0.05651136,0.8622181,-0.8117577,0.3126916,0.4932274,False,-1,-1,0,0,0,-1
2026-06-24 13:24:48.394,53.4173,True,21.29529,1.190306,-9.388044,-0.150848,-0.4870935,-0.05508022,0.8584585,-0.8196816,0.312652,0.4799696,False,-1,-1,0,0,0,-1
2026-06-24 13:24:48.438,53.46198,True,21.29776,1.191347,-9.388189,-0.1560559,-0.4882687,-0.05674965,0.8567495,-0.8189358,0.3228198,0.4744804,False,-1,-1,0,0,0,-1
2026-06-24 13:24:48.482,53.50568,True,21.30026,1.191864,-9.388381,-0.1585664,-0.4881312,-0.05673886,0.8563675,-0.8180456,0.3269742,0.4731693,False,-1,-1,0,0,0,-1
2026-06-24 13:24:48.529,53.55177,True,21.30225,1.191318,-9.389605,-0.1577366,-0.4903333,-0.05645539,0.8552809,-0.820935,0.3251821,0.4693848,False,-1,-1,0,0,0,-1
2026-06-24 13:24:48.570,53.59511,True,21.30413,1.190257,-9.390915,-0.1550958,-0.4938211,-0.05415416,0.8539048,-0.8265542,0.318359,0.4641719,False,-1,-1,0,0,0,-1
2026-06-24 13:24:48.614,53.63878,True,21.3052,1.189245,-9.391819,-0.1528539,-0.4972113,-0.05334932,0.852391,-0.8313276,0.3136344,0.4588332,False,-1,-1,0,0,0,-1
2026-06-24 13:24:48.660,53.68387,True,21.30618,1.188947,-9.392435,-0.1459729,-0.4983234,-0.05104259,0.8530887,-0.8353265,0.2999271,0.4607314,False,-1,-1,0,0,0,-1
2026-06-24 13:24:48.698,53.72337,True,21.30716,1.188619,-9.392733,-0.1331833,-0.4981639,-0.04384016,0.855671,-0.8408513,0.2716013,0.4681899,False,-1,-1,0,0,0,-1
2026-06-24 13:24:48.737,53.76165,True,21.309,1.187061,-9.393424,-0.116198,-0.4963858,-0.03601491,0.8595359,-0.8449532,0.2355073,0.4801983,False,-1,-1,0,0,0,-1
2026-06-24 13:24:48.777,53.79983,True,21.31059,1.185941,-9.393852,-0.1058916,-0.4946537,-0.02934241,0.8621159,-0.8466833,0.2116103,0.4882094,False,-1,-1,0,0,0,-1
2026-06-24 13:24:48.814,53.83807,True,21.31233,1.184723,-9.39395,-0.09081018,-0.489195,-0.02144367,0.867169,-0.8445348,0.1784758,0.5048836,False,-1,-1,0,0,0,-1
2026-06-24 13:24:48.855,53.87963,True,21.31402,1.184229,-9.393604,-0.08111014,-0.4797743,-0.01794354,0.8734506,-0.8352074,0.1589091,0.5264756,False,-1,-1,0,0,0,-1
2026-06-24 13:24:48.895,53.92006,True,21.31681,1.183348,-9.392754,-0.07222533,-0.4647519,-0.01439277,0.882373,-0.81809,0.1408375,0.5575783,False,-1,-1,0,0,0,-1
2026-06-24 13:24:48.937,53.96171,True,21.31954,1.182691,-9.392039,-0.06672105,-0.4522408,-0.01198912,0.889316,-0.80277,0.1295161,0.5820532,False,-1,-1,0,0,0,-1
2026-06-24 13:24:48.979,54.00191,True,21.32352,1.182365,-9.390057,-0.06452516,-0.429796,-0.01417165,0.900506,-0.772239,0.1283924,0.6222237,False,-1,-1,0,0,0,-1
2026-06-24 13:24:49.017,54.04066,True,21.32939,1.182659,-9.386923,-0.06512918,-0.3971503,-0.02179231,0.9151803,-0.7240896,0.1365195,0.6760597,False,-1,-1,0,0,0,-1
2026-06-24 13:24:49.057,54.08197,True,21.33685,1.183537,-9.383658,-0.06751066,-0.3584201,-0.02809329,0.9306923,-0.6633645,0.1458017,0.7339546,False,-1,-1,0,0,0,-1
2026-06-24 13:24:49.096,54.12181,True,21.34836,1.184826,-9.37981,-0.07148381,-0.3007211,-0.02735909,0.9506358,-0.567841,0.152365,0.8089138,False,-1,-1,0,0,0,-1
2026-06-24 13:24:49.137,54.15994,True,21.3578,1.185503,-9.378214,-0.07287074,-0.2621332,-0.02278412,0.9620067,-0.5010273,0.1521492,0.851952,True,0.1285206,0.7166845,16.60705,2.628183,-1.3,9.482006
2026-06-24 13:24:49.178,54.20203,True,21.37044,1.18554,-9.376448,-0.07193638,-0.2115671,-0.01569515,0.9745862,-0.4101228,0.1468575,0.900129,True,0.3056092,0.6804953,17.69059,2.503226,-1.3,8.972544
2026-06-24 13:24:49.219,54.24223,True,21.38209,1.18523,-9.375261,-0.07638921,-0.1631347,-0.006127988,0.983623,-0.3199899,0.1522757,0.9351035,True,0.4573034,0.6796292,18.61876,2.500236,-1.3,8.635688
2026-06-24 13:24:49.261,54.28489,True,21.39415,1.182699,-9.375053,-0.06978704,-0.1186325,0.004460891,0.9904727,-0.2356271,0.1371859,0.9621122,True,0.5876863,0.6315159,19.41652,2.334107,-1.3,8.393047
2026-06-24 13:24:49.303,54.32782,True,21.40039,1.179982,-9.375731,-0.05957294,-0.1033949,0.01030496,0.9928013,-0.206529,0.1161572,0.9715211,True,0.6313415,0.5769024,19.68363,2.145534,-1.3,8.312461
2026-06-24 13:24:49.353,54.37759,True,21.4044,1.177167,-9.375746,-0.03896367,-0.09814326,0.01457556,0.9943024,-0.196304,0.07462236,0.9776995,True,0.6475718,0.474961,19.78294,1.793543,-1.3,8.259947
2026-06-24 13:24:49.396,54.41966,True,21.4068,1.175154,-9.375504,-0.03232556,-0.1008345,0.008391135,0.9943426,-0.2010706,0.06259313,0.9775749,True,0.6415031,0.4456163,19.7458,1.69222,-1.3,8.260752
2026-06-24 13:24:49.437,54.4609,True,21.40828,1.17364,-9.374904,-0.0227474,-0.1098128,0.001430697,0.993691,-0.218305,0.04489355,0.9748474,True,0.6176744,0.4031252,19.6,1.545504,-1.3,8.283249
2026-06-24 13:24:49.482,54.50529,True,21.40919,1.173104,-9.374505,-0.01763167,-0.1178202,-0.0003744282,0.9928783,-0.233949,0.03510044,0.9716151,True,0.5956061,0.3797528,19.46498,1.464803,-1.3,8.310395
2026-06-24 13:24:49.528,54.55368,True,21.40996,1.17346,-9.37438,-0.01643516,-0.1187013,-0.0003427022,0.9927939,-0.2356805,0.03271481,0.9712798,True,0.5932755,0.3741403,19.45072,1.445423,-1.3,8.313135
2026-06-24 13:24:49.571,54.59379,True,21.41072,1.173633,-9.374025,-0.01567477,-0.1169285,-0.0007296709,0.9930164,-0.232201,0.03130125,0.972164,True,0.5984271,0.3707151,19.48224,1.433597,-1.3,8.305208
2026-06-24 13:24:49.612,54.63712,True,21.41102,1.173433,-9.373749,-0.01669406,-0.113934,-0.001921969,0.9933462,-0.2262876,0.03360391,0.9734807,True,0.6069294,0.3760837,19.53426,1.452134,-1.3,8.293692
2026-06-24 13:24:49.660,54.68363,True,21.41132,1.173084,-9.373513,-0.01564547,-0.1089368,-0.001900647,0.9939237,-0.2164902,0.03151491,0.975776,True,0.6209573,0.3707848,19.62009,1.433837,-1.3,8.273941
2026-06-24 13:24:49.704,54.72918,True,21.41144,1.172554,-9.373609,-0.01519567,-0.1063446,-0.001667861,0.9942119,-0.2114075,0.03057017,0.9769198,True,0.6281816,0.3682825,19.6643,1.425197,-1.3,8.26435
2026-06-24 13:24:49.752,54.7765,True,21.41148,1.172525,-9.37393,-0.01624446,-0.1046471,-0.001250195,0.9943759,-0.2080764,0.03256787,0.9775702,True,0.6328623,0.3730067,19.69293,1.441509,-1.3,8.259182
2026-06-24 13:24:49.793,54.81684,True,21.41173,1.172554,-9.374502,-0.01774731,-0.1022396,-0.0009939006,0.994601,-0.20334,0.03550622,0.9784642,True,0.6395283,0.3799719,19.73372,1.465559,-1.3,8.252219
2026-06-24 13:24:49.835,54.86097,True,21.41217,1.172602,-9.375064,-0.01869217,-0.1002903,-0.000443846,0.9947825,-0.1995175,0.03727831,0.9791849,True,0.6449352,0.3841618,19.7668,1.480026,-1.3,8.246719
2026-06-24 13:24:49.883,54.90486,True,21.41299,1.172467,-9.375557,-0.02046107,-0.09878813,0.0003302968,0.9948981,-0.1965818,0.0406481,0.9796445,True,0.649135,0.3921313,19.7925,1.507544,-1.3,8.243355
2026-06-24 13:24:49.927,54.95044,True,21.41324,1.172739,-9.375645,-0.02129824,-0.09832903,0.0004503288,0.9949259,-0.1956794,0.04229178,0.9797556,True,0.6504181,0.3961239,19.80035,1.52133,-1.3,8.242509
2026-06-24 13:24:49.977,55.00055,True,21.41342,1.172595,-9.37574,-0.02100311,-0.09855901,0.0004539124,0.9949095,-0.1961337,0.04170292,0.97969,True,0.6498145,0.3946844,19.79666,1.516359,-1.3,8.243159
2026-06-24 13:24:50.020,55.04379,True,21.41348,1.172517,-9.375877,-0.02110759,-0.09888202,8.983436E-05,0.9948753,-0.1967544,0.04198107,0.9795536,True,0.6489462,0.3953413,19.79135,1.518628,-1.3,8.244446
2026-06-24 13:24:50.066,55.08815,True,21.41282,1.17275,-9.37541,-0.02184279,-0.09978211,0.0003917436,0.9947695,-0.1985375,0.0433789,0.9791328,True,0.6463358,0.3987849,19.77537,1.530518,-1.3,8.247513
2026-06-24 13:24:50.107,55.13072,True,21.41272,1.17297,-9.375602,-0.02265469,-0.1007244,0.0005489418,0.9946563,-0.2003972,0.04495668,0.9786827,True,0.643683,0.4026693,19.75914,1.54393,-1.3,8.251501
2026-06-24 13:24:50.154,55.17687,True,21.41203,1.173039,-9.375543,-0.02323148,-0.1017904,0.0004684855,0.9945345,-0.2024899,0.04611365,0.9781981,True,0.640615,0.4055081,19.74037,1.553732,-1.3,8.255529
2026-06-24 13:24:50.195,55.2195,True,21.41124,1.173278,-9.375307,-0.02381448,-0.1030696,0.0006332668,0.9943888,-0.2050128,0.04723117,0.9776191,True,0.6369257,0.4083127,19.7178,1.563416,-1.3,8.260177
2026-06-24 13:24:50.236,55.26022,True,21.41079,1.173224,-9.375269,-0.02459234,-0.1045142,0.0002876223,0.9942192,-0.2078342,0.04884024,0.976944,True,0.6328503,0.4122266,19.69286,1.57693,-1.3,8.265846
2026-06-24 13:24:50.281,55.30544,True,21.411,1.173322,-9.375673,-0.02510304,-0.1061366,0.0003130379,0.9940346,-0.2110226,0.04984013,0.9762097,True,0.6283489,0.4147442,19.66532,1.585623,-1.3,8.272478
2026-06-24 13:24:50.326,55.35028,True,21.41171,1.173445,-9.37665,-0.02543004,-0.1073494,1.919813E-05,0.9938961,-0.2133893,0.05054552,0.9756588,True,0.6250682,0.416553,19.64524,1.591868,-1.3,8.278149
2026-06-24 13:24:50.373,55.39736,True,21.41294,1.173214,-9.3778,-0.02580176,-0.1082557,-0.0001091704,0.9937882,-0.2151609,0.05130662,0.9752299,True,0.6227019,0.4183823,19.63077,1.598185,-1.3,8.282969
2026-06-24 13:24:50.411,55.437,True,21.41435,1.173093,-9.378969,-0.02624843,-0.108971,-0.0001083627,0.9936984,-0.2165628,0.05218966,0.9748727,True,0.6208847,0.4205297,19.61965,1.6056,-1.3,8.287204
2026-06-24 13:24:50.459,55.48186,True,21.41613,1.172782,-9.380535,-0.0265223,-0.1086381,-2.382547E-05,0.9937275,-0.2159122,0.05271707,0.9749886,True,0.6220359,0.421715,19.62669,1.609692,-1.3,8.287826
2026-06-24 13:24:50.502,55.52733,True,21.41937,1.172336,-9.383203,-0.0267521,-0.1084028,0.0001491519,0.9937471,-0.2154578,0.05313731,0.9750663,True,0.6231074,0.4226263,19.63325,1.612839,-1.3,8.289901
2026-06-24 13:24:50.546,55.57019,True,21.42123,1.171991,-9.384742,-0.02723208,-0.1078987,0.0002615388,0.9937888,-0.2144713,0.05406944,0.9752325,True,0.6247412,0.4247669,19.64324,1.62023,-1.3,8.290066
2026-06-24 13:24:50.597,55.62126,True,21.4236,1.171728,-9.386696,-0.02730188,-0.1074667,0.0004245159,0.9938337,-0.2136313,0.0541758,0.975411,True,0.6262498,0.4249536,19.65248,1.620875,-1.3,8.290551
2026-06-24 13:24:50.637,55.66258,True,21.42521,1.171562,-9.388023,-0.02764156,-0.1075133,0.0004462553,0.9938192,-0.2137222,0.05484547,0.9753537,True,0.6263252,0.426543,19.65294,1.626363,-1.3,8.2924
2026-06-24 13:24:50.683,55.70577,True,21.42832,1.17116,-9.390574,-0.02804482,-0.108207,0.0005520632,0.9937326,-0.2150885,0.05561863,0.9750095,True,0.6247877,0.4283726,19.64353,1.63268,-1.3,8.297944
2026-06-24 13:24:50.725,55.74979,True,21.43034,1.170961,-9.392378,-0.02813212,-0.1088162,0.0003881543,0.9936637,-0.2162753,0.05582326,0.9747352,True,0.6233596,0.4288746,19.63479,1.634413,-1.3,8.302129
2026-06-24 13:24:50.770,55.79488,True,21.43187,1.170619,-9.39378,-0.02831745,-0.1099629,1.055723E-05,0.9935322,-0.218504,0.05626627,0.9742125,True,0.6203749,0.4299367,19.61653,1.638081,-1.3,8.308023
2026-06-24 13:24:50.819,55.84307,True,21.43389,1.170344,-9.395614,-0.02873177,-0.1107869,-3.33113E-05,0.9934288,-0.2201159,0.05709333,0.9738015,True,0.6183233,0.4319362,19.60398,1.644985,-1.3,8.313413
2026-06-24 13:24:50.862,55.88517,True,21.43516,1.170431,-9.397004,-0.02917366,-0.1114411,-0.000248687,0.9933427,-0.2213839,0.05801431,0.9734595,True,0.6166506,0.4342517,19.59374,1.65298,-1.3,8.31776
2026-06-24 13:24:50.904,55.92722,True,21.43675,1.170377,-9.398552,-0.02965384,-0.1125664,-0.0003524718,0.9932016,-0.2235813,0.05898384,0.9728989,True,0.6136895,0.4366809,19.57562,1.661367,-1.3,8.324145
2026-06-24 13:24:50.948,55.97188,True,21.43795,1.170294,-9.399593,-0.02987685,-0.1130683,-0.0004212738,0.9931378,-0.2245597,0.05943894,0.9726459,True,0.6124363,0.4378095,19.56796,1.665264,-1.3,8.327382
2026-06-24 13:24:50.993,56.01515,True,21.43876,1.170143,-9.400316,-0.03008884,-0.1139161,-0.0004193089,0.9930345,-0.22622,0.05985405,0.9722356,True,0.6101521,0.4388408,19.55398,1.668825,-1.3,8.33164
2026-06-24 13:24:51.041,56.06387,True,21.43917,1.169788,-9.400601,-0.03000942,-0.1152075,-0.0007832706,0.9928877,-0.2287292,0.05977245,0.9716533,True,0.6066045,0.4386325,19.53227,1.668106,-1.3,8.336926
2026-06-24 13:24:51.079,56.1041,True,21.43986,1.169592,-9.401237,-0.03012484,-0.116746,-0.0009563819,0.9927044,-0.2317308,0.06003344,0.9709257,True,0.602365,0.439326,19.50633,1.670501,-1.3,8.343828
2026-06-24 13:24:51.126,56.14908,True,21.43992,1.169855,-9.401575,-0.0307528,-0.1177529,-0.0008473527,0.9925663,-0.233703,0.06124794,0.970377,True,0.5994927,0.442427,19.48876,1.681208,-1.3,8.348894
2026-06-24 13:24:51.171,56.19564,True,21.43924,1.170199,-9.401134,-0.0310565,-0.1180302,-0.000773282,0.9925239,-0.2342475,0.06183119,0.9702088,True,0.5986011,0.4439546,19.4833,1.686483,-1.3,8.349888
2026-06-24 13:24:51.215,56.23843,True,21.43874,1.170309,-9.400829,-0.03085465,-0.1176213,-0.0006622028,0.9925789,-0.233456,0.06140713,0.9704264,True,0.599683,0.4429219,19.48992,1.682917,-1.3,8.347699
2026-06-24 13:24:51.264,56.28762,True,21.43709,1.170703,-9.399452,-0.03106737,-0.1169699,-0.000328657,0.9926494,-0.2321998,0.06175489,0.9707057,True,0.6012719,0.4438086,19.49965,1.685979,-1.3,8.343881
2026-06-24 13:24:51.307,56.33071,True,21.43579,1.171017,-9.39819,-0.0311699,-0.1165067,6.384835E-05,0.9927007,-0.2313166,0.06186987,0.9709092,True,0.602378,0.4441227,19.50641,1.687063,-1.3,8.340831
2026-06-24 13:24:51.351,56.37341,True,21.43482,1.17104,-9.397276,-0.03089085,-0.1162048,6.729196E-05,0.9927448,-0.2307275,0.06131783,0.9710844,True,0.6031151,0.4427525,19.51092,1.682332,-1.3,8.338386
2026-06-24 13:24:51.394,56.41755,True,21.43293,1.171275,-9.395784,-0.03066557,-0.1155077,0.000194211,0.9928331,-0.2293717,0.06084672,0.9714352,True,0.604824,0.4416027,19.52138,1.678362,-1.3,8.333838
2026-06-24 13:24:51.437,56.46286,True,21.43045,1.1716,-9.393694,-0.03067227,-0.1156802,0.0004043821,0.9928128,-0.2297224,0.06081008,0.9713546,True,0.6039966,0.4415827,19.51632,1.678293,-1.3,8.332377
2026-06-24 13:24:51.483,56.50598,True,21.42973,1.171614,-9.392904,-0.03050709,-0.1157136,0.0003252417,0.992814,-0.2297841,0.06050046,0.9713594,True,0.6038262,0.4408246,19.51527,1.675675,-1.3,8.331525
2026-06-24 13:24:51.526,56.54906,True,21.42806,1.171831,-9.391548,-0.03022397,-0.1159004,0.0002771617,0.9928008,-0.2301488,0.05994851,0.9713072,True,0.6030939,0.4395391,19.51079,1.671237,-1.3,8.330575
2026-06-24 13:24:51.570,56.59439,True,21.42752,1.17193,-9.390987,-0.03024466,-0.1159144,0.0001530351,0.9927986,-0.2301685,0.06001823,0.9712982,True,0.6029977,0.4397272,19.5102,1.671886,-1.3,8.330075
2026-06-24 13:24:51.612,56.63641,True,21.42646,1.172134,-9.39005,-0.03050806,-0.1160123,0.000357414,0.9927791,-0.2303709,0.0604926,0.9712209,True,0.6025592,0.4409254,19.50752,1.676023,-1.3,8.329773
2026-06-24 13:24:51.659,56.68109,True,21.42514,1.17241,-9.389046,-0.03046213,-0.1161789,0.000278742,0.9927611,-0.2306928,0.06041847,0.971149,True,0.6019214,0.4408192,19.50362,1.675656,-1.3,8.329355
2026-06-24 13:24:51.703,56.72832,True,21.4233,1.172797,-9.38785,-0.030803,-0.1166688,6.293163E-06,0.9926931,-0.2316331,0.06115439,0.9708791,True,0.6002998,0.4427258,19.4937,1.68224,-1.3,8.330439
2026-06-24 13:24:51.746,56.7702,True,21.42231,1.172857,-9.386971,-0.03100431,-0.1172726,-0.0005161086,0.9926156,-0.2327812,0.06167177,0.9705718,True,0.5985091,0.4440225,19.48274,1.686717,-1.3,8.33217
2026-06-24 13:24:51.793,56.81615,True,21.4208,1.173106,-9.385826,-0.03066263,-0.1177905,-0.0004475708,0.9925649,-0.233802,0.06097475,0.9703704,True,0.5968512,0.4424222,19.4726,1.681192,-1.3,8.332722
2026-06-24 13:24:51.837,56.86109,True,21.41949,1.173142,-9.38463,-0.0307234,-0.1181216,-0.0002929543,0.9925237,-0.234459,0.06105663,0.9702067,True,0.5957352,0.4426332,19.46577,1.68192,-1.3,8.332894
2026-06-24 13:24:51.878,56.90367,True,21.41811,1.173264,-9.383401,-0.03061153,-0.1181653,-0.0003550205,0.9925219,-0.2345416,0.06084913,0.9701998,True,0.5954436,0.4421465,19.46398,1.680239,-1.3,8.331687
2026-06-24 13:24:51.925,56.94754,True,21.4165,1.173585,-9.382113,-0.03093289,-0.1181146,-0.0003377724,0.992518,-0.2344409,0.0614827,0.9701842,True,0.5953627,0.4437471,19.46349,1.685766,-1.3,8.330493
2026-06-24 13:24:51.968,56.99314,True,21.4154,1.173687,-9.3811,-0.03067378,-0.1176357,4.493866E-05,0.992583,-0.2335291,0.06088196,0.9704419,True,0.5965494,0.4422699,19.47075,1.680666,-1.3,8.327236
2026-06-24 13:24:52.009,57.03289,True,21.41438,1.173797,-9.38023,-0.03046601,-0.1167245,0.0002705949,0.9926969,-0.2317605,0.06042387,0.9708945,True,0.59897,0.4411133,19.48556,1.676672,-1.3,8.32246
2026-06-24 13:24:52.048,57.07149,True,21.41316,1.173878,-9.378878,-0.03047886,-0.1147862,0.0005637938,0.9929224,-0.2279819,0.06039686,0.9717904,True,0.6042482,0.4409131,19.51785,1.675981,-1.3,8.313395
2026-06-24 13:24:52.088,57.11372,True,21.41287,1.173839,-9.37833,-0.03051838,-0.1142395,0.0006713074,0.9929842,-0.226917,0.06045516,0.9720359,True,0.6057473,0.4409957,19.52703,1.676266,-1.3,8.310732
2026-06-24 13:24:52.131,57.15551,True,21.4119,1.174086,-9.377281,-0.03020714,-0.1136668,0.0009683836,0.9930592,-0.2258142,0.0597748,0.9723348,True,0.6072203,0.4393668,19.53604,1.670642,-1.3,8.307097
2026-06-24 13:24:52.173,57.19687,True,21.41061,1.174272,-9.376047,-0.02993306,-0.1131337,0.00117957,0.9931281,-0.2247831,0.05918783,0.9726096,True,0.6085412,0.4379465,19.54412,1.665737,-1.3,8.303482
2026-06-24 13:24:52.217,57.23968,True,21.41156,1.17407,-9.376623,-0.02974677,-0.1130814,0.001359946,0.9931394,-0.2246922,0.05877781,0.9726554,True,0.6088125,0.4369053,19.54578,1.662142,-1.3,8.303684
2026-06-24 13:24:52.257,57.28056,True,21.41145,1.174134,-9.376577,-0.02952504,-0.113322,0.001398289,0.9931186,-0.2251669,0.05832681,0.9725728,True,0.6081267,0.4358502,19.54159,1.658499,-1.3,8.304342
2026-06-24 13:24:52.299,57.32245,True,21.41102,1.174128,-9.376101,-0.0294338,-0.1134622,0.001415054,0.9931052,-0.2254431,0.05814061,0.97252,True,0.6076832,0.4354001,19.53887,1.656945,-1.3,8.304304
2026-06-24 13:24:52.343,57.36703,True,21.41126,1.173943,-9.376223,-0.0293827,-0.1137078,0.00117754,0.9930789,-0.2259109,0.05809088,0.9724144,True,0.6070496,0.4352443,19.535,1.656407,-1.3,8.30533
2026-06-24 13:24:52.381,57.40363,True,21.41177,1.173884,-9.376769,-0.02952301,-0.1142118,0.001039543,0.9930171,-0.22689,0.05839624,0.9721681,True,0.605705,0.4360068,19.52677,1.65904,-1.3,8.307996
2026-06-24 13:24:52.419,57.44402,True,21.41228,1.173844,-9.377138,-0.02950127,-0.1145823,0.0009874698,0.9929751,-0.227613,0.05836176,0.9720011,True,0.6047403,0.4359429,19.52087,1.658819,-1.3,8.309803
2026-06-24 13:24:52.462,57.48625,True,21.41119,1.173943,-9.376387,-0.02974427,-0.1157836,0.0007112822,0.9928288,-0.2299489,0.05889723,0.9714189,True,0.601231,0.4373319,19.49939,1.663615,-1.3,8.31401
2026-06-24 13:24:52.506,57.5284,True,21.41063,1.17412,-9.376051,-0.02999921,-0.1171437,0.0002893745,0.9926618,-0.2325855,0.05949035,0.9707548,True,0.5973532,0.4389034,19.47567,1.669042,-1.3,8.319352
2026-06-24 13:24:52.547,57.57019,True,21.41036,1.174205,-9.375556,-0.02998819,-0.1169555,0.0003584253,0.9926842,-0.2322214,0.05945377,0.9708442,True,0.5978534,0.4388179,19.47873,1.668746,-1.3,8.318076
2026-06-24 13:24:52.591,57.61467,True,21.40995,1.174333,-9.374975,-0.03012265,-0.1158261,0.0008891926,0.9928123,-0.2300407,0.05960628,0.9713539,True,0.600937,0.4391367,19.49759,1.669847,-1.3,8.313112
2026-06-24 13:24:52.636,57.65966,True,21.40993,1.174523,-9.374922,-0.03043837,-0.1159203,0.001040903,0.9927915,-0.2302328,0.06019659,0.9712719,True,0.6006479,0.4406241,19.49583,1.674983,-1.3,8.31376
2026-06-24 13:24:52.680,57.70301,True,21.40895,1.174664,-9.374088,-0.03037541,-0.1164725,0.001066983,0.9927288,-0.2313161,0.06006053,0.971023,True,0.598969,0.4403597,19.48555,1.67407,-1.3,8.315034
2026-06-24 13:24:52.725,57.74855,True,21.40802,1.174612,-9.373415,-0.03034298,-0.1162946,0.000760877,0.9927509,-0.2309493,0.06006906,0.9711097,True,0.5993684,0.4403399,19.488,1.674002,-1.3,8.313597
2026-06-24 13:24:52.768,57.79108,True,21.40734,1.174631,-9.372864,-0.03034935,-0.1161066,0.0008212627,0.9927726,-0.2305848,0.0600693,0.9711964,True,0.5998016,0.4403232,19.49065,1.673944,-1.3,8.312287
2026-06-24 13:24:52.814,57.83728,True,21.40751,1.174621,-9.373116,-0.03035322,-0.1163246,0.0006231756,0.9927471,-0.2309997,0.06012117,0.9710945,True,0.5992239,0.4404649,19.48711,1.674433,-1.3,8.313418
2026-06-24 13:24:52.859,57.88258,True,21.40755,1.174618,-9.373234,-0.03034888,-0.116618,0.0007290631,0.9927128,-0.2315806,0.0600854,0.9709584,True,0.5983931,0.4404003,19.48203,1.67421,-1.3,8.314707
2026-06-24 13:24:52.903,57.92568,True,21.40722,1.174732,-9.372848,-0.03041176,-0.116263,0.001016741,0.9927523,-0.2309024,0.06014628,0.9711161,True,0.5993249,0.4405495,19.48773,1.674725,-1.3,8.312958
2026-06-24 13:24:52.945,57.96948,True,21.40736,1.174759,-9.372646,-0.03033305,-0.1151728,0.001362253,0.9928813,-0.2287885,0.05992045,0.9716303,True,0.6023923,0.4399337,19.5065,1.672599,-1.3,8.308352
2026-06-24 13:24:52.993,58.01611,True,21.40676,1.174763,-9.371893,-0.03050296,-0.1148174,0.001113847,0.9929175,-0.2280764,0.06031807,0.971773,True,0.603336,0.4408568,19.51227,1.675786,-1.3,8.306356
2026-06-24 13:24:53.036,58.05984,True,21.40705,1.174814,-9.371906,-0.03068911,-0.1145197,0.001379984,0.9929459,-0.2275085,0.06062918,0.9718868,True,0.6041905,0.4416031,19.5175,1.678363,-1.3,8.305397
2026-06-24 13:24:53.080,58.10394,True,21.407,1.174854,-9.371764,-0.03066661,-0.113733,0.001556904,0.9930367,-0.2259775,0.060552,0.9722487,True,0.6063794,0.4413723,19.5309,1.677566,-1.3,8.30216
2026-06-24 13:24:53.123,58.14817,True,21.40635,1.174955,-9.371101,-0.03063471,-0.1137671,0.001577219,0.9930338,-0.2260457,0.06048374,0.9722372,True,0.6062027,0.441227,19.52981,1.677065,-1.3,8.301577
2026-06-24 13:24:53.168,58.19191,True,21.40564,1.174938,-9.370527,-0.03082811,-0.1141272,0.00131871,0.9929869,-0.2267349,0.06092281,0.9720492,True,0.6051132,0.4422959,19.52315,1.680755,-1.3,8.302591
2026-06-24 13:24:53.212,58.23599,True,21.40638,1.174859,-9.37131,-0.03096451,-0.1144801,0.001231603,0.9929421,-0.2274206,0.06120994,0.971871,True,0.6042175,0.4430046,19.51767,1.683203,-1.3,8.304919
2026-06-24 13:24:53.256,58.27961,True,21.40701,1.17477,-9.372149,-0.03114121,-0.1146819,0.001313024,0.9929132,-0.22782,0.06153988,0.9717566,True,0.6037107,0.4438052,19.51457,1.685967,-1.3,8.306759
2026-06-24 13:24:53.294,58.31937,True,21.40597,1.174938,-9.371353,-0.03130839,-0.1147896,0.001297188,0.9928955,-0.2280293,0.06187412,0.9716862,True,0.6032634,0.4446541,19.51183,1.688898,-1.3,8.306543
2026-06-24 13:24:53.336,58.3617,True,21.40459,1.175099,-9.370296,-0.03154814,-0.1148701,0.001398623,0.9928784,-0.2281924,0.06232562,0.9716191,True,0.6028361,0.4457778,19.50922,1.692778,-1.3,8.306028
2026-06-24 13:24:53.376,58.39953,True,21.40328,1.175367,-9.369397,-0.0317888,-0.1147004,0.001642361,0.9928901,-0.2278742,0.06274881,0.9716666,True,0.6031031,0.446849,19.51085,1.696477,-1.3,8.304697
2026-06-24 13:24:53.418,58.44067,True,21.40243,1.17559,-9.368719,-0.03190941,-0.114461,0.001495944,0.992914,-0.2273953,0.06302414,0.9717609,True,0.6036709,0.4475482,19.51432,1.698891,-1.3,8.303193
2026-06-24 13:24:53.462,58.48536,True,21.40243,1.175617,-9.368753,-0.0319588,-0.1143353,0.001589073,0.9929268,-0.2271548,0.06310212,0.9718121,True,0.6040127,0.4477362,19.51641,1.69954,-1.3,8.302791
2026-06-24 13:24:53.503,58.52784,True,21.40139,1.175628,-9.36792,-0.03114097,-0.1141435,0.001591712,0.9929748,-0.2267823,0.06148102,0.972003,True,0.6044405,0.4437972,19.51903,1.685939,-1.3,8.300303
2026-06-24 13:24:53.551,58.57414,True,21.4016,1.17556,-9.367865,-0.03104518,-0.1138601,0.001570982,0.9930104,-0.2262261,0.06129863,0.9721441,True,0.6052751,0.4433168,19.52414,1.684281,-1.3,8.299042
2026-06-24 13:24:53.592,58.6152,True,21.40179,1.175601,-9.367847,-0.03153207,-0.1142298,0.001589417,0.9929526,-0.2269498,0.06225657,0.9719145,True,0.6042526,0.445666,19.51788,1.692392,-1.3,8.300984
2026-06-24 13:24:53.636,58.65995,True,21.40083,1.175716,-9.367138,-0.03157597,-0.1146636,0.001594361,0.9929011,-0.2277999,0.062338,0.9717104,True,0.602905,0.4459132,19.50964,1.693246,-1.3,8.301997
2026-06-24 13:24:53.680,58.70343,True,21.40091,1.175727,-9.367132,-0.03178333,-0.1146512,0.001338226,0.9928963,-0.2277586,0.06280825,0.9716899,True,0.6029675,0.4470502,19.51002,1.697171,-1.3,8.302167
2026-06-24 13:24:53.723,58.74681,True,21.40174,1.175635,-9.367804,-0.03214715,-0.1147381,0.001408614,0.9928745,-0.2279317,0.06351292,0.9716035,True,0.602816,0.4487443,19.50909,1.703021,-1.3,8.303596
2026-06-24 13:24:53.770,58.7939,True,21.4013,1.175663,-9.367426,-0.03197592,-0.1146618,0.001421265,0.9928889,-0.2277837,0.06317113,0.9716604,True,0.6029767,0.4479145,19.51007,1.700156,-1.3,8.30272
2026-06-24 13:24:53.811,58.83545,True,21.40186,1.175672,-9.368103,-0.03222771,-0.1146222,0.001375683,0.9928854,-0.2277021,0.06368148,0.9716462,True,0.6031483,0.4491591,19.51113,1.704453,-1.3,8.303539
2026-06-24 13:24:53.856,58.87886,True,21.40166,1.175915,-9.367916,-0.03262056,-0.1144803,0.001341967,0.9928889,-0.22742,0.06446993,0.9716603,True,0.6035103,0.45112,19.51334,1.711224,-1.3,8.303227
2026-06-24 13:24:53.901,58.92507,True,21.40127,1.17605,-9.36762,-0.03259978,-0.1143922,0.001927567,0.9928988,-0.2272854,0.06429556,0.9717034,True,0.6036538,0.4507271,19.51422,1.709867,-1.3,8.302555
2026-06-24 13:24:53.945,58.96931,True,21.40023,1.176229,-9.366846,-0.03295055,-0.1146739,0.001781728,0.992855,-0.2278266,0.0650216,0.9715283,True,0.6027245,0.4525381,19.50853,1.71612,-1.3,8.303254
2026-06-24 13:24:53.991,59.01597,True,21.39961,1.176419,-9.366564,-0.03310606,-0.1148071,0.001658033,0.9928346,-0.2280788,0.06535697,0.9714466,True,0.6022656,0.453407,19.50572,1.719121,-1.3,8.303661
2026-06-24 13:24:54.034,59.05842,True,21.39942,1.176426,-9.366383,-0.0329349,-0.1149345,0.001629953,0.9928256,-0.2283273,0.06502256,0.9714107,True,0.6018915,0.4526072,19.50344,1.716359,-1.3,8.303782
2026-06-24 13:24:54.083,59.10495,True,21.39898,1.176406,-9.365906,-0.03306421,-0.1150925,0.001424106,0.9928033,-0.2286225,0.06532469,0.971321,True,0.6014088,0.4533333,19.50048,1.718866,-1.3,8.304058
2026-06-24 13:24:54.123,59.14756,True,21.39901,1.176293,-9.365589,-0.03285554,-0.1151155,0.001291179,0.9928077,-0.2286601,0.06494119,0.9713379,True,0.6013808,0.4523694,19.50031,1.715538,-1.3,8.303588
2026-06-24 13:24:54.171,59.19249,True,21.39987,1.176103,-9.36602,-0.03277261,-0.115343,0.00111506,0.9927843,-0.2290946,0.06481504,0.9712439,True,0.6008853,0.4520345,19.49728,1.714381,-1.3,8.304835
2026-06-24 13:24:54.217,59.23952,True,21.40039,1.176016,-9.366358,-0.03271939,-0.1157058,0.001154343,0.9927438,-0.2298081,0.06469683,0.9710832,True,0.5999365,0.4517571,19.49147,1.713424,-1.3,8.306557
2026-06-24 13:24:54.254,59.27879,True,21.40124,1.176001,-9.366983,-0.03268894,-0.1159906,0.001118244,0.9927116,-0.2303636,0.06464197,0.9709552,True,0.5992559,0.4516532,19.48731,1.713065,-1.3,8.308296
2026-06-24 13:24:54.294,59.3193,True,21.40227,1.175835,-9.367783,-0.03226986,-0.1160823,0.001024627,0.9927148,-0.2305393,0.06383165,0.9709671,True,0.599158,0.4496688,19.48671,1.706213,-1.3,8.309017
2026-06-24 13:24:54.334,59.35747,True,21.40255,1.175794,-9.36792,-0.03229071,-0.1162918,0.0009629675,0.9926896,-0.2309455,0.06388533,0.970867,True,0.5986151,0.4498046,19.48339,1.706682,-1.3,8.310016
2026-06-24 13:24:54.377,59.3999,True,21.40211,1.175846,-9.367471,-0.0322629,-0.116681,0.000917774,0.9926448,-0.2317048,0.06383702,0.9706893,True,0.5974714,0.4497229,19.47639,1.7064,-1.3,8.311074
2026-06-24 13:24:54.418,59.44225,True,21.40211,1.175895,-9.367256,-0.03197454,-0.1171564,0.001022786,0.9925981,-0.2326439,0.06323607,0.970504,True,0.5961447,0.4483157,19.46827,1.701541,-1.3,8.31244
2026-06-24 13:24:54.459,59.48074,True,21.40263,1.175767,-9.367624,-0.0319977,-0.1176338,0.0008679512,0.9925411,-0.2335683,0.06331386,0.9702769,True,0.5948846,0.4485085,19.46056,1.702207,-1.3,8.314766
2026-06-24 13:24:54.500,59.52248,True,21.40351,1.17583,-9.368558,-0.03214737,-0.1174313,0.0008479986,0.9925602,-0.2331698,0.06361723,0.9703529,True,0.5955592,0.449263,19.46469,1.704812,-1.3,8.315076
2026-06-24 13:24:54.537,59.56157,True,21.40362,1.175809,-9.368631,-0.03219413,-0.1172213,0.0009694829,0.9925834,-0.2327662,0.06368342,0.9704454,True,0.5961518,0.4494032,19.46832,1.705296,-1.3,8.314359
2026-06-24 13:24:54.583,59.60505,True,21.40403,1.17575,-9.368977,-0.03229656,-0.117151,0.0008582379,0.9925885,-0.2326209,0.0639133,0.9704652,True,0.5964103,0.4499429,19.4699,1.70716,-1.3,8.314546
2026-06-24 13:24:54.628,59.65188,True,21.40564,1.175661,-9.370378,-0.03261954,-0.1177724,0.0005007585,0.9925046,-0.2338119,0.06463213,0.9701313,True,0.5948892,0.4517288,19.46059,1.713326,-1.3,8.318851
2026-06-24 13:24:54.669,59.6939,True,21.4059,1.175502,-9.370533,-0.03265572,-0.1179772,0.0005123307,0.9924791,-0.2342133,0.06469935,0.97003,True,0.5943472,0.4518641,19.45728,1.713793,-1.3,8.31988
2026-06-24 13:24:54.709,59.73218,True,21.4068,1.17526,-9.371187,-0.03263929,-0.1180235,0.0004155874,0.9924742,-0.2342976,0.0646892,0.9700103,True,0.5943474,0.4517853,19.45728,1.713521,-1.3,8.320723
2026-06-24 13:24:54.748,59.77242,True,21.40709,1.175277,-9.371452,-0.03263504,-0.1178909,0.000377392,0.9924901,-0.2340358,0.06469092,0.9700733,True,0.59476,0.4517893,19.4598,1.713535,-1.3,8.320455
2026-06-24 13:24:54.790,59.81389,True,21.4086,1.175078,-9.372755,-0.03254477,-0.1177236,0.0002352531,0.9925129,-0.2336997,0.06454683,0.970164,True,0.5954435,0.451395,19.46398,1.712173,-1.3,8.321021
2026-06-24 13:24:54.833,59.85604,True,21.409,1.174982,-9.373299,-0.03230629,-0.1174608,0.0003083047,0.9925519,-0.2331917,0.06405891,0.9703186,True,0.5962278,0.4501773,19.46878,1.707969,-1.3,8.320256
2026-06-24 13:24:54.874,59.89636,True,21.40975,1.174726,-9.373859,-0.03180508,-0.1175242,0.0002493947,0.9925606,-0.2333157,0.06307832,0.970353,True,0.5961708,0.4477452,19.46843,1.699571,-1.3,8.320538
2026-06-24 13:24:54.915,59.9374,True,21.41135,1.174466,-9.375238,-0.03156884,-0.1183311,-5.608943E-05,0.9924722,-0.2348772,0.06267568,0.9700023,True,0.5941404,0.4467802,19.45601,1.696239,-1.3,8.324969
2026-06-24 13:24:54.961,59.98374,True,21.41197,1.174483,-9.375875,-0.03237565,-0.1197608,-0.0003201535,0.9922747,-0.2376505,0.06432775,0.9692183,True,0.5901799,0.4509059,19.43178,1.710485,-1.3,8.33236
2026-06-24 13:24:55.002,60.02676,True,21.41322,1.174417,-9.376989,-0.0323729,-0.1198262,-0.0001023674,0.992267,-0.2377925,0.06426966,0.9691874,True,0.5901369,0.4507732,19.43151,1.710026,-1.3,8.333776
2026-06-24 13:24:55.047,60.07107,True,21.41301,1.174582,-9.376637,-0.03257404,-0.119609,-3.85255E-05,0.9922866,-0.2373704,0.06465477,0.9692652,True,0.5907167,0.451731,19.43506,1.713333,-1.3,8.332742
2026-06-24 13:24:55.090,60.11394,True,21.41308,1.174536,-9.376493,-0.03275083,-0.1194665,3.629613E-05,0.9922979,-0.2370951,0.06498849,0.9693103,True,0.5911241,0.4525131,19.43755,1.716034,-1.3,8.332206
2026-06-24 13:24:55.133,60.15655,True,21.41326,1.174496,-9.376507,-0.03258348,-0.119327,-0.0001385561,0.9923202,-0.2368121,0.06469956,0.9693988,True,0.5915681,0.4517901,19.44027,1.713538,-1.3,8.33146
2026-06-24 13:24:55.182,60.20263,True,21.41388,1.174208,-9.377016,-0.03223084,-0.1191834,-0.0001689431,0.992349,-0.2365321,0.06400874,0.969513,True,0.5920674,0.4500315,19.44333,1.707466,-1.3,8.331003
2026-06-24 13:24:55.221,60.2452,True,21.41436,1.174082,-9.377286,-0.03200467,-0.1195307,-0.0002698212,0.9923145,-0.2372068,0.06358191,0.9693762,True,0.5911714,0.4489918,19.43784,1.703875,-1.3,8.332457
2026-06-24 13:24:55.269,60.29206,True,21.41595,1.173871,-9.378792,-0.03207475,-0.1200721,-0.0001993888,0.9922469,-0.2382697,0.06370003,0.9691078,True,0.5898343,0.4492869,19.42966,1.704895,-1.3,8.336319
2026-06-24 13:24:55.310,60.33561,True,21.41689,1.173822,-9.379499,-0.03201042,-0.1201225,-0.0003215953,0.9922428,-0.2383608,0.06360149,0.9690918,True,0.5898284,0.449051,19.42963,1.70408,-1.3,8.337186
2026-06-24 13:24:55.357,60.38137,True,21.4171,1.173926,-9.379499,-0.03224033,-0.1201611,-0.0003512936,0.9922307,-0.2384324,0.06406411,0.9690437,True,0.589749,0.4502057,19.42914,1.708067,-1.3,8.337601
2026-06-24 13:24:55.402,60.42573,True,21.41717,1.174038,-9.379639,-0.032161,-0.1200345,-0.0003140827,0.9922486,-0.238188,0.06389881,0.9691148,True,0.5901127,0.4498305,19.43137,1.706771,-1.3,8.337133
2026-06-24 13:24:55.446,60.46955,True,21.4175,1.174122,-9.379963,-0.03214539,-0.1201646,-0.0003659569,0.9922334,-0.2384392,0.0638794,0.9690543,True,0.5897906,0.4498236,19.42939,1.706747,-1.3,8.337988
2026-06-24 13:24:55.490,60.51428,True,21.41853,1.173803,-9.380751,-0.03214461,-0.119854,-0.0001827905,0.992271,-0.2378436,0.06383614,0.9692035,True,0.5907886,0.4496181,19.4355,1.706038,-1.3,8.337517
2026-06-24 13:24:55.534,60.55659,True,21.41917,1.173756,-9.3812,-0.03218505,-0.1196688,-0.0002631668,0.992292,-0.2374759,0.06393693,0.969287,True,0.5914041,0.449843,19.43927,1.706815,-1.3,8.337262
2026-06-24 13:24:55.578,60.60212,True,21.42035,1.173465,-9.382084,-0.03205789,-0.119248,-0.0004478911,0.9923467,-0.236642,0.06373191,0.9695044,True,0.5927708,0.4492462,19.44763,1.704754,-1.3,8.336304
2026-06-24 13:24:55.624,60.64667,True,21.42049,1.173356,-9.382084,-0.032015,-0.119428,-0.001196253,0.9923258,-0.2369463,0.06382435,0.969424,True,0.592353,0.4494504,19.44507,1.705459,-1.3,8.336995
2026-06-24 13:24:55.671,60.69515,True,21.42138,1.173312,-9.382788,-0.03272973,-0.1201863,-0.004008291,0.9922036,-0.2382362,0.0659126,0.968968,True,0.5905601,0.4545687,19.4341,1.723132,-1.3,8.341644
2026-06-24 13:24:55.718,60.73984,True,21.4221,1.173145,-9.38349,-0.03201098,-0.1199198,-0.007048701,0.9922423,-0.2375278,0.06521586,0.969189,True,0.5916885,0.4528148,19.44101,1.717076,-1.3,8.340467
2026-06-24 13:24:55.760,60.7854,True,21.42303,1.173148,-9.384298,-0.03079735,-0.1181318,-0.008292521,0.9924856,-0.2339773,0.06309108,0.9701928,True,0.5969785,0.4475409,19.47338,1.698866,-1.3,8.332671
2026-06-24 13:24:55.801,60.82676,True,21.4233,1.173034,-9.38443,-0.02984294,-0.1136292,-0.009661246,0.9930279,-0.2250972,0.06146535,0.9723956,True,0.6098049,0.4432508,19.55186,1.684053,-1.3,8.313931
2026-06-24 13:24:55.846,60.8695,True,21.42471,1.172793,-9.385328,-0.02939282,-0.1074923,-0.01055266,0.9937153,-0.2130131,0.06068486,0.9751629,True,0.6272441,0.4409032,19.65856,1.675946,-1.3,8.29126
2026-06-24 13:24:55.890,60.91397,True,21.42724,1.172649,-9.386593,-0.02847939,-0.09977271,-0.009333108,0.9945588,-0.1979281,0.05851123,0.9784687,True,0.6489638,0.4351894,19.79145,1.656218,-1.3,8.264539
2026-06-24 13:24:55.935,60.95869,True,21.43029,1.172538,-9.387807,-0.02943463,-0.0901299,-0.006047816,0.9954766,-0.1790884,0.05969316,0.9820204,True,0.6757483,0.4374907,19.95534,1.664164,-1.3,8.235884
2026-06-24 13:24:55.978,61.00206,True,21.43281,1.172372,-9.387732,-0.03017039,-0.07827482,-0.001457069,0.9964741,-0.1559097,0.06035613,0.9859256,True,0.7081927,0.4384524,20.15385,1.667484,-1.3,8.203186
2026-06-24 13:24:56.020,61.04543,True,21.436,1.172106,-9.387397,-0.0289079,-0.063449,0.004233112,0.9975573,-0.1268328,0.05713739,0.9902771,True,0.7484509,0.4301265,20.40018,1.638736,-1.3,8.166801
2026-06-24 13:24:56.066,61.0907,True,21.43977,1.171176,-9.388552,-0.02682666,-0.05328028,0.009098955,0.9981777,-0.1068546,0.05258597,0.9928831,True,0.7760874,0.4187832,20.56927,1.599569,-1.3,8.146529
2026-06-24 13:24:56.116,61.13976,True,21.44145,1.170202,-9.388968,-0.02432452,-0.05075607,0.009041853,0.9983739,-0.1017869,0.04765207,0.9936643,True,0.7832093,0.4067777,20.61285,1.558116,-1.3,8.140543
2026-06-24 13:24:56.156,61.17934,True,21.44322,1.169173,-9.389598,-0.02015875,-0.04944975,0.008493593,0.9985371,-0.09909726,0.03941851,0.9942967,True,0.7871501,0.3870161,20.63696,1.489882,-1.3,8.136
2026-06-24 13:24:56.200,61.22414,True,21.44636,1.167889,-9.390739,-0.01809209,-0.04723131,0.007459375,0.9986923,-0.094609,0.03543222,0.9948838,True,0.7936876,0.377214,20.67696,1.456036,-1.3,8.132346
2026-06-24 13:24:56.243,61.26769,True,21.44661,1.167335,-9.388991,-0.0159649,-0.04578273,0.009090806,0.9987825,-0.09174425,0.03105851,0.9952981,True,0.797614,0.366706,20.70099,1.419754,-1.3,8.127203
2026-06-24 13:24:56.292,61.3171,True,21.44813,1.167209,-9.389173,-0.0145683,-0.04514699,0.009604761,0.9988279,-0.090468,0.02823521,0.995499,True,0.7995782,0.3600123,20.71301,1.396641,-1.3,8.125746
2026-06-24 13:24:56.332,61.35617,True,21.45274,1.16632,-9.391937,-0.01274729,-0.04424521,0.009669011,0.9988926,-0.08863894,0.02461074,0.9957597,True,0.802751,0.3512299,20.73242,1.366317,-1.3,8.126395
2026-06-24 13:24:56.378,61.4018,True,21.45412,1.165787,-9.392507,-0.01109429,-0.04257911,0.009287194,0.9989883,-0.08527813,0.02137525,0.9961278,True,0.8074757,0.3434457,20.76133,1.339439,-1.3,8.123963
2026-06-24 13:24:56.423,61.44488,True,21.45381,1.165451,-9.391119,-0.01154168,-0.04175138,0.007789465,0.999031,-0.08360165,0.02241055,0.9962472,True,0.8096824,0.345769,20.77483,1.347461,-1.3,8.121597
2026-06-24 13:24:56.467,61.48958,True,21.45097,1.165828,-9.388498,-0.01306958,-0.04186812,0.006857818,0.9990141,-0.08383295,0.02553914,0.9961525,True,0.8089373,0.3532231,20.77027,1.373199,-1.3,8.119739
2026-06-24 13:24:56.514,61.53728,True,21.44728,1.166279,-9.385545,-0.01473933,-0.04272872,0.006494593,0.9989569,-0.08555974,0.0288929,0.995914,True,0.8060559,0.361232,20.75264,1.400852,-1.3,8.118717
2026-06-24 13:24:56.557,61.5801,True,21.44581,1.166528,-9.384378,-0.01669347,-0.04335915,0.006403023,0.9988996,-0.08683666,0.03279493,0.9956826,True,0.8041121,0.3704856,20.74075,1.432804,-1.3,8.119433
2026-06-24 13:24:56.601,61.62585,True,21.44657,1.166866,-9.38556,-0.01796158,-0.04305227,0.006333218,0.9988913,-0.0862366,0.03533802,0.9956478,True,0.8050109,0.3765788,20.74625,1.453843,-1.3,8.120904
2026-06-24 13:24:56.645,61.66947,True,21.44868,1.166631,-9.387701,-0.01934945,-0.04238725,0.006376443,0.9988936,-0.08492746,0.03811553,0.9956579,True,0.8070658,0.3830659,20.75882,1.476242,-1.3,8.122972
2026-06-24 13:24:56.691,61.71233,True,21.45233,1.166447,-9.391184,-0.02106797,-0.04014923,0.005672301,0.9989555,-0.0804536,0.04163645,0.9958884,True,0.8135791,0.3913151,20.79867,1.504726,-1.3,8.124589
2026-06-24 13:24:56.737,61.7608,True,21.45586,1.166064,-9.39375,-0.02293867,-0.03504543,0.005446297,0.9991076,-0.07027818,0.04545466,0.9964913,True,0.8276948,0.4001576,20.88504,1.535258,-1.3,8.122249
2026-06-24 13:24:56.779,61.80208,True,21.45934,1.165665,-9.396112,-0.02405876,-0.0278029,0.006455669,0.999303,-0.05587768,0.04772501,0.9972963,True,0.8474178,0.405325,21.00572,1.5531,-1.3,8.118061
2026-06-24 13:24:56.820,61.84504,True,21.465,1.164703,-9.40023,-0.0239452,-0.02265071,0.007496371,0.9994286,-0.04563454,0.04752344,0.9978272,True,0.8619342,0.4045697,21.09454,1.550492,-1.3,8.117869
2026-06-24 13:24:56.867,61.89122,True,21.46687,1.164511,-9.401781,-0.02422754,-0.02062869,0.007394892,0.9994662,-0.04159367,0.04812412,0.997975,True,0.8675987,0.4059312,21.1292,1.555193,-1.3,8.118221
2026-06-24 13:24:56.914,61.93653,True,21.46835,1.164308,-9.403166,-0.02417991,-0.02089052,0.007250273,0.999463,-0.04210922,0.04803092,0.9979578,True,0.8671459,0.4056747,21.12643,1.554307,-1.3,8.119747
2026-06-24 13:24:56.961,61.98453,True,21.4714,1.163949,-9.405804,-0.023783,-0.02166181,0.006934024,0.9994584,-0.04362998,0.04723983,0.9979303,True,0.8656061,0.4037496,21.11701,1.54766,-1.3,8.122615
2026-06-24 13:24:57.009,62.03165,True,21.47292,1.163716,-9.406981,-0.02367145,-0.02189087,0.006999552,0.9994556,-0.04408929,0.04701067,0.9979209,True,0.8652366,0.4031601,21.11475,1.545625,-1.3,8.12387
2026-06-24 13:24:57.048,62.07223,True,21.4231,1.169948,-9.366901,-0.02288937,-0.01974525,0.007596178,0.9995142,-0.03981907,0.04545653,0.9981724,True,0.8630388,0.4007527,21.1013,1.537312,-1.3,8.081672
2026-06-24 13:24:57.090,62.11317,True,21.42368,1.169943,-9.367134,-0.02249494,-0.02028131,0.007826491,0.9995106,-0.04089488,0.0446504,0.9981653,True,0.86171,0.3988684,21.09317,1.530806,-1.3,8.081961
2026-06-24 13:24:57.134,62.15718,True,21.42435,1.169983,-9.36758,-0.02216694,-0.02098357,0.007733295,0.9995041,-0.04228918,0.04398735,0.9981366,True,0.8599738,0.3973367,21.08255,1.525517,-1.3,8.082641
2026-06-24 13:24:57.180,62.20508,True,21.42556,1.169862,-9.36832,-0.02169211,-0.02238037,0.007976114,0.9994824,-0.0450836,0.04300475,0.9980571,True,0.8564693,0.3950186,21.0611,1.517513,-1.3,8.084027
2026-06-24 13:24:57.221,62.24621,True,21.42561,1.169919,-9.368165,-0.02138819,-0.02418005,0.007829862,0.9994481,-0.04866835,0.04237412,0.9979157,True,0.8517333,0.393571,21.03213,1.512515,-1.3,8.085016
2026-06-24 13:24:57.268,62.2911,True,21.42596,1.169921,-9.368448,-0.01996508,-0.02539366,0.007219928,0.9994521,-0.05104779,0.0395416,0.9979131,True,0.8486446,0.3869424,21.01323,1.489627,-1.3,8.085321
2026-06-24 13:24:57.311,62.33519,True,21.42587,1.170247,-9.368173,-0.01990388,-0.02825087,0.005152797,0.9993894,-0.05667237,0.0394923,0.9976115,True,0.8411759,0.3869463,20.96753,1.489641,-1.3,8.08749
2026-06-24 13:24:57.355,62.37814,True,21.42534,1.171377,-9.368098,-0.0205394,-0.0392284,0.004752377,0.9990078,-0.07857418,0.04066519,0.9960786,True,0.8119814,0.3901663,20.7889,1.500759,-1.3,8.099861
2026-06-24 13:24:57.408,62.43277,True,21.42125,1.174645,-9.36611,-0.03120162,-0.06953908,0.002534227,0.997088,-0.1388313,0.06186907,0.9883816,True,0.7301588,0.441948,20.28826,1.679554,-1.3,8.160928
2026-06-24 13:24:57.450,62.47301,True,21.41721,1.177598,-9.363092,-0.03712806,-0.09282005,-8.182554E-05,0.9949905,-0.1847041,0.07389932,0.9800119,True,0.6663041,0.4726629,19.89755,1.785609,-1.3,8.227546
2026-06-24 13:24:57.492,62.51484,True,21.41063,1.181793,-9.358778,-0.04503726,-0.1222342,-0.003909867,0.9914712,-0.2420313,0.09026214,0.9660609,True,0.5836182,0.5158564,19.39163,1.93475,-1.3,8.341894
2026-06-24 13:24:57.539,62.56152,True,21.40517,1.186388,-9.3543,-0.05144954,-0.1536101,-0.002514906,0.986788,-0.3029025,0.1023122,0.9475138,True,0.4918879,0.5509977,18.83036,2.056088,-1.3,8.500457
2026-06-24 13:24:57.586,62.61015,True,21.39845,1.190833,-9.347942,-0.05349546,-0.1802372,0.002488729,0.9821643,-0.3543113,0.1041855,0.9293056,True,0.410119,0.5617159,18.33005,2.093097,-1.3,8.660168
2026-06-24 13:24:57.627,62.6515,True,21.39108,1.195491,-9.341089,-0.05250389,-0.2027797,0.008719454,0.9777769,-0.3974623,0.09913792,0.9122475,True,0.3378094,0.554839,17.88762,2.069351,-1.3,8.814591
2026-06-24 13:24:57.668,62.69286,True,21.38076,1.201394,-9.332951,-0.04659743,-0.2242042,0.009558732,0.9733806,-0.4373628,0.08642785,0.8951223,True,0.2672366,0.5280953,17.45581,1.977009,-1.3,8.974136
2026-06-24 13:24:57.712,62.73594,True,21.36796,1.205507,-9.323953,-0.03261342,-0.2485921,0.011324,0.9679928,-0.4820093,0.05750899,0.8742767,True,0.1836166,0.4575177,16.94417,1.733314,-1.3,9.177817
2026-06-24 13:24:57.757,62.78285,True,21.35497,1.208425,-9.314323,0.007867056,-0.2770606,0.02600563,0.9604682,-0.5318066,-0.02952239,0.846351,True,0.08146662,0.2245391,16.31915,0.9288702,-1.3,9.469267
2026-06-24 13:24:57.800,62.82505,True,21.33701,1.211687,-9.299233,0.05836359,-0.2867289,0.04099783,0.9553531,-0.5430692,-0.1350262,0.8287604,False,-1,-1,0,0,0,-1
2026-06-24 13:24:57.843,62.86958,True,21.31786,1.212271,-9.28101,0.1030244,-0.2738378,0.04509669,0.9551781,-0.5138356,-0.2215117,0.8287976,False,-1,-1,0,0,0,-1
2026-06-24 13:24:57.886,62.91166,True,21.29743,1.212467,-9.261714,0.1744475,-0.253555,0.05829237,0.9496736,-0.4612511,-0.3608971,0.8105559,False,-1,-1,0,0,0,-1
2026-06-24 13:24:57.933,62.95802,True,21.28085,1.211459,-9.244236,0.23274,-0.2361915,0.06198651,0.9413837,-0.4158403,-0.4674766,0.7800913,False,-1,-1,0,0,0,-1
2026-06-24 13:24:57.975,63.00114,True,21.26763,1.209817,-9.228384,0.2639167,-0.2253344,0.06063556,0.935893,-0.3897724,-0.5213221,0.7591448,False,-1,-1,0,0,0,-1
2026-06-24 13:24:58.022,63.04527,True,21.25915,1.207569,-9.215955,0.2628721,-0.2304758,0.05310882,0.9353922,-0.403249,-0.5162576,0.7555583,False,-1,-1,0,0,0,-1
2026-06-24 13:24:58.067,63.09007,True,21.25319,1.205729,-9.205648,0.2715132,-0.2293392,0.03399881,0.9340922,-0.4099857,-0.5228313,0.7473683,False,-1,-1,0,0,0,-1
2026-06-24 13:24:58.112,63.1363,True,21.24988,1.205369,-9.199174,0.2815403,-0.2313321,0.01749597,0.9310824,-0.4209268,-0.5323693,0.734441,False,-1,-1,0,0,0,-1
2026-06-24 13:24:58.151,63.17834,True,21.2492,1.207104,-9.194657,0.2991622,-0.2321442,0.004758613,0.9255207,-0.4268613,-0.555971,0.7132221,False,-1,-1,0,0,0,-1
2026-06-24 13:24:58.201,63.22356,True,21.2467,1.213867,-9.187814,0.3172375,-0.2336326,-0.01291499,0.9190263,-0.4376232,-0.5770645,0.6895524,False,-1,-1,0,0,0,-1
2026-06-24 13:24:58.243,63.26779,True,21.24201,1.221653,-9.178371,0.3353782,-0.2359482,-0.0300421,0.9115632,-0.4503144,-0.5972601,0.6636997,False,-1,-1,0,0,0,-1
2026-06-24 13:24:58.285,63.31111,True,21.23584,1.229866,-9.168253,0.3549317,-0.2368717,-0.0438769,0.9033217,-0.4590894,-0.6204486,0.6358305,False,-1,-1,0,0,0,-1
2026-06-24 13:24:58.343,63.36743,True,21.23044,1.239388,-9.156041,0.3734993,-0.2311623,-0.05827731,0.8964742,-0.4579952,-0.642722,0.6141245,False,-1,-1,0,0,0,-1
2026-06-24 13:24:58.393,63.41478,True,21.22643,1.247767,-9.1458,0.3802226,-0.2243228,-0.06800723,0.8946984,-0.4531182,-0.6498579,0.6102202,False,-1,-1,0,0,0,-1
2026-06-24 13:24:58.435,63.4589,True,21.22405,1.253836,-9.138617,0.3801698,-0.2179984,-0.08053797,0.8952437,-0.4515596,-0.645575,0.6158952,False,-1,-1,0,0,0,-1
2026-06-24 13:24:58.475,63.5009,True,21.22258,1.259429,-9.132647,0.3800411,-0.2113791,-0.09545454,0.8954195,-0.4510992,-0.6402383,0.6217753,False,-1,-1,0,0,0,-1
2026-06-24 13:24:58.513,63.53893,True,21.21878,1.266621,-9.124329,0.3746587,-0.204065,-0.1149951,0.8970866,-0.4522958,-0.6252697,0.6359766,False,-1,-1,0,0,0,-1
2026-06-24 13:24:58.556,63.57979,True,21.21767,1.271001,-9.12151,0.364879,-0.20296,-0.1314842,0.899101,-0.4609147,-0.6027539,0.6513411,False,-1,-1,0,0,0,-1
2026-06-24 13:24:58.595,63.61973,True,21.21616,1.276113,-9.119448,0.3565885,-0.2047434,-0.1477586,0.8994955,-0.4737096,-0.5809943,0.6618496,False,-1,-1,0,0,0,-1
2026-06-24 13:24:58.638,63.66153,True,21.21519,1.280272,-9.120003,0.3514991,-0.2148676,-0.1552096,0.897881,-0.4949631,-0.5645097,0.6605607,False,-1,-1,0,0,0,-1
2026-06-24 13:24:58.680,63.70344,True,21.21407,1.282947,-9.123121,0.3493873,-0.2311677,-0.1496043,0.8956051,-0.5186098,-0.5566588,0.64898,False,-1,-1,0,0,0,-1
2026-06-24 13:24:58.720,63.74388,True,21.21352,1.284242,-9.127088,0.348417,-0.2484066,-0.1372802,0.8933387,-0.5394839,-0.5543061,0.6337996,False,-1,-1,0,0,0,-1
2026-06-24 13:24:58.758,63.78446,True,21.21355,1.28545,-9.133376,0.3470702,-0.2688798,-0.1230411,0.8900039,-0.5640159,-0.5516211,0.6144919,False,-1,-1,0,0,0,-1
2026-06-24 13:24:58.795,63.82005,True,21.21247,1.286328,-9.137465,0.3458154,-0.2813351,-0.116564,0.8875106,-0.579995,-0.5482426,0.6025245,False,-1,-1,0,0,0,-1
2026-06-24 13:24:58.835,63.85931,True,21.21195,1.288043,-9.143274,0.3445587,-0.2948437,-0.1101672,0.8844262,-0.5974531,-0.5445092,0.588693,False,-1,-1,0,0,0,-1
2026-06-24 13:24:58.878,63.90197,True,21.21111,1.289154,-9.146647,0.3437609,-0.3028125,-0.1041434,0.8827724,-0.6062298,-0.5438535,0.5802661,False,-1,-1,0,0,0,-1
2026-06-24 13:24:58.920,63.94271,True,21.20924,1.290651,-9.150675,0.34409,-0.3132066,-0.09372609,0.8801814,-0.6158577,-0.5470119,0.5670074,False,-1,-1,0,0,0,-1
2026-06-24 13:24:58.961,63.98465,True,21.2247,1.290581,-9.167497,0.3463169,-0.3237467,-0.08240522,0.8766196,-0.6246821,-0.5538196,0.5505053,False,-1,-1,0,0,0,-1
2026-06-24 13:24:59.001,64.0257,True,21.22232,1.291355,-9.171393,0.3499549,-0.3368729,-0.06769361,0.8714734,-0.634531,-0.5643445,0.5280963,False,-1,-1,0,0,0,-1
2026-06-24 13:24:59.045,64.06891,True,21.22051,1.291881,-9.17353,0.3507083,-0.3463836,-0.05941274,0.8680393,-0.6430222,-0.567698,0.5140441,False,-1,-1,0,0,0,-1
2026-06-24 13:24:59.088,64.11183,True,21.21773,1.292214,-9.173821,0.3501739,-0.3542687,-0.05485316,0.8653687,-0.6515625,-0.5671936,0.5037438,False,-1,-1,0,0,0,-1
2026-06-24 13:24:59.134,64.15746,True,21.21395,1.293094,-9.171273,0.3496593,-0.3603496,-0.05406188,0.8631129,-0.6598513,-0.5646285,0.4957731,False,-1,-1,0,0,0,-1
2026-06-24 13:24:59.175,64.20138,True,21.21012,1.293908,-9.166922,0.3488161,-0.3638832,-0.05550516,0.8618791,-0.6659688,-0.5608798,0.4918327,False,-1,-1,0,0,0,-1
2026-06-24 13:24:59.221,64.24449,True,21.20873,1.294933,-9.163248,0.3486488,-0.3651887,-0.05700558,0.8612964,-0.6688214,-0.5589444,0.4901624,False,-1,-1,0,0,0,-1
2026-06-24 13:24:59.255,64.28561,True,21.20873,1.295943,-9.159872,0.3485926,-0.3660826,-0.05933053,0.8607826,-0.6715994,-0.5566852,0.4889333,False,-1,-1,0,0,0,-1
2026-06-24 13:24:59.297,64.32792,True,21.20782,1.296768,-9.155006,0.3485877,-0.3666734,-0.06338225,0.8602442,-0.6750458,-0.5532598,0.4880745,False,-1,-1,0,0,0,-1
2026-06-24 13:24:59.340,64.37144,True,21.20797,1.298138,-9.151443,0.347532,-0.3680792,-0.06866589,0.8596652,-0.6805769,-0.5469734,0.4874784,False,-1,-1,0,0,0,-1
2026-06-24 13:24:59.385,64.41647,True,21.21066,1.299758,-9.150564,0.3461689,-0.3708774,-0.07383224,0.8585836,-0.6879753,-0.5396646,0.4852341,False,-1,-1,0,0,0,-1
2026-06-24 13:24:59.433,64.46445,True,21.21273,1.300818,-9.149029,0.3437591,-0.3756891,-0.07660282,0.8572161,-0.6967593,-0.5317941,0.4813748,False,-1,-1,0,0,0,-1
2026-06-24 13:24:59.474,64.50543,True,21.21423,1.300905,-9.148349,0.3419161,-0.380275,-0.07661456,0.855929,-0.7033684,-0.5270427,0.4769685,False,-1,-1,0,0,0,-1
2026-06-24 13:24:59.507,64.53914,True,21.21667,1.30119,-9.148592,0.3402185,-0.385307,-0.0758721,0.8544199,-0.7100542,-0.5229107,0.4715798,False,-1,-1,0,0,0,-1
2026-06-24 13:24:59.553,64.58463,True,21.21867,1.301299,-9.148441,0.3395391,-0.3912086,-0.07404751,0.8521655,-0.717033,-0.5207509,0.463338,False,-1,-1,0,0,0,-1
2026-06-24 13:24:59.596,64.62753,True,21.2206,1.301621,-9.148743,0.3401263,-0.39738,-0.07240949,0.8492115,-0.724176,-0.5201301,0.4528066,False,-1,-1,0,0,0,-1
2026-06-24 13:24:59.630,64.66114,True,21.22191,1.301782,-9.149622,0.341133,-0.4015642,-0.07089694,0.8469641,-0.7285914,-0.5209154,0.444749,False,-1,-1,0,0,0,-1
2026-06-24 13:24:59.663,64.69458,True,21.22261,1.301825,-9.150872,0.3420265,-0.4062954,-0.06863099,0.8445305,-0.733205,-0.5219347,0.4358839,False,-1,-1,0,0,0,-1
2026-06-24 13:24:59.696,64.7284,True,21.22291,1.301437,-9.152987,0.3426054,-0.4120981,-0.06484398,0.8417791,-0.7382228,-0.523352,0.4255934,False,-1,-1,0,0,0,-1
2026-06-24 13:24:59.730,64.76202,True,21.22287,1.30069,-9.15595,0.34267,-0.4180214,-0.05857471,0.8392881,-0.7418243,-0.5262267,0.4156708,False,-1,-1,0,0,0,-1
2026-06-24 13:24:59.764,64.7959,True,21.22229,1.299676,-9.159456,0.342455,-0.4240388,-0.05109159,0.8368425,-0.7447006,-0.5298322,0.4058313,False,-1,-1,0,0,0,-1
2026-06-24 13:24:59.802,64.83459,True,21.22097,1.298344,-9.163415,0.3420875,-0.4292327,-0.04268978,0.8348131,-0.7458655,-0.5345107,0.3974708,False,-1,-1,0,0,0,-1
2026-06-24 13:24:59.840,64.87131,True,21.21982,1.296307,-9.170498,0.3408695,-0.4350503,-0.0307699,0.832822,-0.745616,-0.5409943,0.3890785,False,-1,-1,0,0,0,-1
2026-06-24 13:24:59.874,64.90581,True,21.21898,1.294958,-9.176544,0.3384865,-0.4382041,-0.02156966,0.8324295,-0.74415,-0.5446284,0.3868082,False,-1,-1,0,0,0,-1
2026-06-24 13:24:59.907,64.93925,True,21.218,1.29357,-9.18308,0.3354582,-0.4398322,-0.01435469,0.8329523,-0.7423491,-0.546214,0.3880309,False,-1,-1,0,0,0,-1
2026-06-24 13:24:59.941,64.97269,True,21.21685,1.29218,-9.190013,0.3314055,-0.4398727,-0.009345363,0.8346227,-0.7404497,-0.5449755,0.3933647,False,-1,-1,0,0,0,-1
2026-06-24 13:24:59.986,65.01713,True,21.21492,1.290632,-9.19969,0.3214166,-0.4383306,-0.006018923,0.8393577,-0.7397016,-0.5342905,0.4091153,False,-1,-1,0,0,0,-1
2026-06-24 13:25:00.021,65.0522,True,21.21367,1.289869,-9.206831,0.3104101,-0.4359686,-0.004624065,0.8447222,-0.7394155,-0.5203886,0.4271539,False,-1,-1,0,0,0,-1
2026-06-24 13:25:00.055,65.08567,True,21.21211,1.289306,-9.213702,0.2993293,-0.4324422,-0.006169029,0.8505043,-0.7392812,-0.5038263,0.4467913,False,-1,-1,0,0,0,-1
2026-06-24 13:25:00.097,65.12825,True,21.21078,1.288134,-9.223726,0.2851416,-0.4262638,-0.008799901,0.8584382,-0.7368607,-0.4820507,0.4739869,False,-1,-1,0,0,0,-1
2026-06-24 13:25:00.141,65.17309,True,21.209,1.285955,-9.234091,0.27188,-0.420925,-0.009635497,0.8653384,-0.7337245,-0.4624248,0.4978068,False,-1,-1,0,0,0,-1
2026-06-24 13:25:00.186,65.2178,True,21.20628,1.282487,-9.245003,0.2587085,-0.4183915,-0.007868083,0.870607,-0.7325802,-0.443883,0.5160369,False,-1,-1,0,0,0,-1
2026-06-24 13:25:00.230,65.26192,True,21.20483,1.278381,-9.255166,0.2479171,-0.4172007,-0.001982016,0.8743437,-0.7305363,-0.4318756,0.5289615,False,-1,-1,0,0,0,-1
2026-06-24 13:25:00.264,65.29552,True,21.20259,1.273466,-9.265799,0.2377952,-0.41632,0.004649412,0.8775588,-0.7284793,-0.4212298,0.5402623,False,-1,-1,0,0,0,-1
2026-06-24 13:25:00.307,65.33965,True,21.19962,1.264638,-9.281618,0.2243531,-0.4147293,0.01734871,0.8816827,-0.7235348,-0.4100066,0.5553306,False,-1,-1,0,0,0,-1
2026-06-24 13:25:00.341,65.37306,True,21.19797,1.256268,-9.294622,0.2122659,-0.4140407,0.0303482,0.8846426,-0.7196722,-0.4006896,0.5670271,False,-1,-1,0,0,0,-1
2026-06-24 13:25:00.386,65.4183,True,21.19778,1.243104,-9.313534,0.1934713,-0.4102919,0.04941453,0.8898245,-0.711055,-0.3848598,0.5884588,False,-1,-1,0,0,0,-1
2026-06-24 13:25:00.420,65.45174,True,21.19691,1.232433,-9.326733,0.1798647,-0.4055933,0.05891734,0.8942435,-0.7042041,-0.3694788,0.6062855,False,-1,-1,0,0,0,-1
2026-06-24 13:25:00.463,65.49526,True,21.19636,1.217252,-9.34491,0.1610577,-0.3992952,0.06034447,0.9005456,-0.6997291,-0.33827,0.6292476,False,-1,-1,0,0,0,-1
2026-06-24 13:25:00.498,65.52963,True,21.1965,1.205733,-9.358376,0.1436646,-0.393895,0.0577457,0.9060202,-0.6971616,-0.3058176,0.6484144,False,-1,-1,0,0,0,-1
2026-06-24 13:25:00.531,65.56313,True,21.19632,1.19445,-9.370695,0.1224889,-0.3911301,0.05613627,0.9104188,-0.6984323,-0.2669455,0.6640274,False,-1,-1,0,0,0,-1
2026-06-24 13:25:00.576,65.60725,True,21.19738,1.179944,-9.386238,0.09508707,-0.3889863,0.05608965,0.9146049,-0.7008708,-0.2175704,0.6792962,False,-1,-1,0,0,0,-1
2026-06-24 13:25:00.618,65.6491,True,21.2004,1.166543,-9.400764,0.07194948,-0.3906252,0.0566778,0.9159819,-0.7074554,-0.1760884,0.6844704,False,-1,-1,0,0,0,-1
2026-06-24 13:25:00.653,65.68443,True,21.2049,1.153857,-9.414133,0.05344337,-0.3955343,0.06143141,0.9148347,-0.7171308,-0.1463802,0.6813929,False,-1,-1,0,0,0,-1
2026-06-24 13:25:00.700,65.72301,True,21.20818,1.144915,-9.423609,0.03401562,-0.4092926,0.06209937,0.9096517,-0.7404026,-0.1127184,0.662645,False,-1,-1,0,0,0,-1
2026-06-24 13:25:00.742,65.76805,True,21.20737,1.149004,-9.426691,0.01438273,-0.413207,0.02050782,0.9102926,-0.7516886,-0.04313294,0.6581063,False,-1,-1,0,0,0,-1
2026-06-24 13:25:00.787,65.81083,True,21.20898,1.151338,-9.430246,0.01686229,-0.4176416,-0.01604377,0.9083137,-0.7592403,-0.0172314,0.6505823,False,-1,-1,0,0,0,-1
2026-06-24 13:25:00.834,65.85816,True,21.21353,1.151482,-9.432518,0.01556817,-0.4232922,-0.01082356,0.9057949,-0.7671687,-0.01904008,0.6411628,False,-1,-1,0,0,0,-1
2026-06-24 13:25:00.878,65.90166,True,21.2161,1.15011,-9.434574,0.01083082,-0.4309733,-0.007096224,0.9022718,-0.7778639,-0.01342813,0.6282894,False,-1,-1,0,0,0,-1
2026-06-24 13:25:00.920,65.94571,True,21.21766,1.148038,-9.435242,2.393693E-05,-0.4389153,-0.005512968,0.8985116,-0.7887411,0.004796436,0.6147068,False,-1,-1,0,0,0,-1
2026-06-24 13:25:00.967,65.98864,True,21.21804,1.14568,-9.435034,-0.01713562,-0.4472122,-0.001205456,0.894263,-0.7998093,0.0317257,0.5994152,False,-1,-1,0,0,0,-1
2026-06-24 13:25:01.011,66.03487,True,21.21536,1.143988,-9.435658,-0.02896623,-0.4561441,-0.01188014,0.8893551,-0.8106599,0.06236064,0.582187,False,-1,-1,0,0,0,-1
2026-06-24 13:25:01.054,66.07748,True,21.2115,1.142171,-9.436472,-0.0230654,-0.4674136,-0.03279381,0.8831291,-0.8240603,0.071396,0.5619851,False,-1,-1,0,0,0,-1
2026-06-24 13:25:01.097,66.12166,True,21.20784,1.144501,-9.438769,-0.02432957,-0.4810004,-0.03859661,0.8755324,-0.8403848,0.07973263,0.5360934,False,-1,-1,0,0,0,-1
2026-06-24 13:25:01.145,66.16829,True,21.20525,1.149125,-9.444237,-0.02966786,-0.4947127,-0.04350712,0.8674597,-0.8557051,0.09451839,0.5087584,False,-1,-1,0,0,0,-1
2026-06-24 13:25:01.187,66.21046,True,21.20397,1.154115,-9.449956,-0.03829855,-0.5083147,-0.04692052,0.8590389,-0.8697302,0.1135007,0.4802988,False,-1,-1,0,0,0,-1
2026-06-24 13:25:01.230,66.25495,True,21.20414,1.157027,-9.45528,-0.04266176,-0.5152613,-0.04783559,0.854633,-0.8766371,0.1222159,0.4653715,False,-1,-1,0,0,0,-1
2026-06-24 13:25:01.278,66.30195,True,21.204,1.155766,-9.460526,-0.03809602,-0.5227646,-0.05164702,0.8500579,-0.8848253,0.1187661,0.4505317,False,-1,-1,0,0,0,-1
2026-06-24 13:25:01.320,66.34499,True,21.20237,1.155773,-9.46518,-0.04949683,-0.5300616,-0.05381813,0.8448008,-0.8902652,0.1406838,0.4331695,False,-1,-1,0,0,0,-1
2026-06-24 13:25:01.363,66.38826,True,21.19963,1.156588,-9.4686,-0.07312984,-0.5359929,-0.04990743,0.8395671,-0.8927045,0.1762949,0.4147274,False,-1,-1,0,0,0,-1
2026-06-24 13:25:01.409,66.43368,True,21.19603,1.157043,-9.471375,-0.09106616,-0.5443531,-0.04749649,0.8325448,-0.897746,0.203343,0.3907734,False,-1,-1,0,0,0,-1
2026-06-24 13:25:01.452,66.47726,True,21.19153,1.156496,-9.473533,-0.09733527,-0.5537051,-0.04884613,0.8255607,-0.9047255,0.2148051,0.367873,False,-1,-1,0,0,0,-1
2026-06-24 13:25:01.498,66.51959,True,21.18608,1.156107,-9.475241,-0.09562611,-0.5665963,-0.05237537,0.8167504,-0.9155185,0.2155567,0.3396486,False,-1,-1,0,0,0,-1
2026-06-24 13:25:01.542,66.56715,True,21.17999,1.155671,-9.476105,-0.08752084,-0.581504,-0.0511563,0.8072027,-0.9298288,0.2007893,0.3083864,False,-1,-1,0,0,0,-1
2026-06-24 13:25:01.588,66.61167,True,21.17353,1.155031,-9.476483,-0.07792009,-0.598462,-0.04533105,0.7960632,-0.9457629,0.1783165,0.2715433,False,-1,-1,0,0,0,-1
2026-06-24 13:25:01.631,66.6549,True,21.16673,1.154486,-9.47676,-0.07065751,-0.6159353,-0.03956186,0.7836238,-0.9597322,0.1594729,0.2312625,False,-1,-1,0,0,0,-1
2026-06-24 13:25:01.674,66.69821,True,21.15935,1.153887,-9.476563,-0.06865784,-0.6349716,-0.03393348,0.7687299,-0.9715837,0.1486523,0.1841944,False,-1,-1,0,0,0,-1
2026-06-24 13:25:01.720,66.74396,True,21.15143,1.153208,-9.476091,-0.07170421,-0.6543483,-0.03075429,0.7521575,-0.9799356,0.1481138,0.1333736,False,-1,-1,0,0,0,-1
2026-06-24 13:25:01.768,66.79129,True,21.14338,1.152115,-9.475195,-0.07633827,-0.6717439,-0.03374461,0.7360665,-0.9837443,0.1577155,0.0858651,False,-1,-1,0,0,0,-1
2026-06-24 13:25:01.810,66.83463,True,21.13525,1.150995,-9.473756,-0.07882426,-0.6870062,-0.04436063,0.7210003,-0.9836699,0.1746167,0.04361853,False,-1,-1,0,0,0,-1
2026-06-24 13:25:01.852,66.87653,True,21.12722,1.150025,-9.471339,-0.07843293,-0.6986639,-0.05481328,0.7090222,-0.9821382,0.1878135,0.01143392,False,-1,-1,0,0,0,-1
2026-06-24 13:25:01.897,66.92049,True,21.11932,1.149328,-9.467937,-0.07570038,-0.705306,-0.06137855,0.7021721,-0.9811995,0.1928907,-0.006374195,False,-1,-1,0,0,0,-1
2026-06-24 13:25:01.942,66.96753,True,21.11164,1.149041,-9.464155,-0.07257795,-0.7077525,-0.06221668,0.6999629,-0.9817697,0.1896717,-0.01236224,False,-1,-1,0,0,0,-1
2026-06-24 13:25:01.986,67.01008,True,21.10383,1.148836,-9.460533,-0.07072128,-0.7068726,-0.05978232,0.701253,-0.9829373,0.183704,-0.009340671,False,-1,-1,0,0,0,-1
2026-06-24 13:25:02.030,67.0532,True,21.09594,1.148778,-9.457435,-0.06869292,-0.7028391,-0.05731728,0.7057005,-0.9841132,0.1775229,0.002596862,False,-1,-1,0,0,0,-1
2026-06-24 13:25:02.078,67.10081,True,21.08753,1.148484,-9.45512,-0.06789411,-0.6967422,-0.05554027,0.7119383,-0.984533,0.1740673,0.01988143,False,-1,-1,0,0,0,-1
2026-06-24 13:25:02.119,67.14328,True,21.07918,1.148134,-9.453651,-0.0689603,-0.6910093,-0.0548046,0.7174588,-0.9839827,0.1746933,0.03550113,False,-1,-1,0,0,0,-1
2026-06-24 13:25:02.162,67.18691,True,21.07034,1.14782,-9.452797,-0.071646,-0.6862402,-0.05351546,0.7218569,-0.983066,0.1768852,0.0478825,False,-1,-1,0,0,0,-1
2026-06-24 13:25:02.210,67.23386,True,21.06137,1.147453,-9.452296,-0.07445091,-0.6817255,-0.05073927,0.7260392,-0.9823638,0.1772891,0.0594148,False,-1,-1,0,0,0,-1
2026-06-24 13:25:02.258,67.28261,True,21.05231,1.147153,-9.452026,-0.0769933,-0.6781786,-0.04799653,0.7292751,-0.9817666,0.177399,0.06829162,False,-1,-1,0,0,0,-1
2026-06-24 13:25:02.305,67.32747,True,21.04324,1.146936,-9.451579,-0.07942285,-0.6748112,-0.04471923,0.7323401,-0.9812792,0.1766832,0.07664359,False,-1,-1,0,0,0,-1
2026-06-24 13:25:02.350,67.38127,True,21.02959,1.14667,-9.450599,-0.08265691,-0.6708695,-0.04206768,0.7357529,-0.9802339,0.178074,0.08620384,False,-1,-1,0,0,0,-1
2026-06-24 13:25:02.395,67.42673,True,21.02043,1.146365,-9.449453,-0.08373534,-0.6685867,-0.04283958,0.7376619,-0.9792075,0.1808207,0.09196052,False,-1,-1,0,0,0,-1
2026-06-24 13:25:02.439,67.47078,True,21.01118,1.145953,-9.447723,-0.0851336,-0.665889,-0.04489083,0.7398168,-0.9776284,0.1857512,0.09868816,False,-1,-1,0,0,0,-1
2026-06-24 13:25:02.483,67.51495,True,21.0041,1.145759,-9.446046,-0.08670606,-0.6644244,-0.04692988,0.7408237,-0.9763046,0.1908305,0.1020445,False,-1,-1,0,0,0,-1
2026-06-24 13:25:02.520,67.55199,True,20.99686,1.145599,-9.444365,-0.08813427,-0.6632078,-0.04795107,0.7416795,-0.975323,0.1943378,0.1047756,False,-1,-1,0,0,0,-1
2026-06-24 13:25:02.561,67.59246,True,16.85752,1.618165,-5.311785,0,0.8522522,0,0.5231311,0.8916793,0,-0.4526676,False,-1,-1,0,0,0,-1
2026-06-24 13:25:02.596,67.6268,True,19.099,0.100005,-9.44,0,0,0,1,0,0,1,False,-1,-1,0,0,0,-1
2026-06-24 13:25:02.639,67.67067,True,19.099,0.100005,-9.44,0,0,0,1,0,0,1,False,-1,-1,0,0,0,-1
2026-06-24 13:25:02.683,67.71452,True,19.099,0.100005,-9.44,0,0,0,1,0,0,1,False,-1,-1,0,0,0,-1
2026-06-24 13:25:02.721,67.7522,True,19.099,0.100005,-9.44,0,0,0,1,0,0,1,False,-1,-1,0,0,0,-1
2026-06-24 13:25:02.762,67.79338,True,19.099,0.100005,-9.44,0,0,0,1,0,0,1,False,-1,-1,0,0,0,-1
2026-06-24 13:25:02.805,67.83665,True,19.099,0.100005,-9.44,0,0,0,1,0,0,1,False,-1,-1,0,0,0,-1
2026-06-24 13:25:02.852,67.88302,True,19.099,0.100005,-9.44,0,0,0,1,0,0,1,False,-1,-1,0,0,0,-1
2026-06-24 13:25:02.894,67.92574,True,19.099,0.100005,-9.44,0,0,0,1,0,0,1,False,-1,-1,0,0,0,-1
2026-06-24 13:25:02.938,67.96994,True,19.099,0.100005,-9.44,0,0,0,1,0,0,1,False,-1,-1,0,0,0,-1
2026-06-24 13:25:02.972,68.00346,True,19.099,0.100005,-9.44,0,0,0,1,0,0,1,False,-1,-1,0,0,0,-1
2026-06-24 13:25:03.006,68.03842,True,19.099,0.100005,-9.44,0,0,0,1,0,0,1,False,-1,-1,0,0,0,-1
2026-06-24 13:25:03.049,68.08076,True,19.099,0.100005,-9.44,0,0,0,1,0,0,1,False,-1,-1,0,0,0,-1
2026-06-24 13:25:03.082,68.11426,True,19.099,0.100005,-9.44,0,0,0,1,0,0,1,False,-1,-1,0,0,0,-1
2026-06-24 13:25:03.120,68.15215,True,19.099,0.100005,-9.44,0,0,0,1,0,0,1,False,-1,-1,0,0,0,-1
2026-06-24 13:25:03.160,68.19187,True,19.099,0.100005,-9.44,0,0,0,1,0,0,1,False,-1,-1,0,0,0,-1
2026-06-24 13:25:03.203,68.22784,True,19.099,0.100005,-9.44,0,0,0,1,0,0,1,False,-1,-1,0,0,0,-1
2026-06-24 13:25:03.250,68.27374,True,19.099,0.100005,-9.44,0,0,0,1,0,0,1,False,-1,-1,0,0,0,-1
2026-06-24 13:25:03.290,68.31479,True,19.099,0.100005,-9.44,0,0,0,1,0,0,1,False,-1,-1,0,0,0,-1
2026-06-24 13:25:03.328,68.35151,True,19.099,0.100005,-9.44,0,0,0,1,0,0,1,False,-1,-1,0,0,0,-1
2026-06-24 13:25:03.373,68.39325,True,19.099,0.100005,-9.44,0,0,0,1,0,0,1,False,-1,-1,0,0,0,-1
2026-06-24 13:25:03.410,68.43517,True,19.099,0.100005,-9.44,0,0,0,1,0,0,1,False,-1,-1,0,0,0,-1
2026-06-24 13:25:03.635,68.6637,True,19.099,0.100005,-9.44,0,0,0,1,0,0,1,False,-1,-1,0,0,0,-1
