RealTime,UnityTime,GazeValid,GazeOriginX,GazeOriginY,GazeOriginZ,GazeRotX,GazeRotY,GazeRotZ,GazeRotW,GazeDirX,GazeDirY,GazeDirZ,HitPainting,ImageX,ImageY,HitPointX,HitPointY,HitPointZ,HitDistance
2026-08-21 14:32:45.337,10.00532,True,18.77822,1.122226,-8.513165,-0.003566498,-0.5770665,0.02999219,0.8161385,-0.9421464,-0.02879347,0.333963,False,-1,-1,0,0,0,-1
2026-08-21 14:32:45.365,10.04609,True,18.77794,1.12226,-8.51255,-0.004686539,-0.5770547,0.0296324,0.8161543,-0.9422091,-0.02654915,0.3339719,False,-1,-1,0,0,0,-1
2026-08-21 14:32:45.409,10.08998,True,18.77746,1.122288,-8.511992,-0.005420424,-0.5766526,0.02799338,0.8164918,-0.9419677,-0.02343345,0.3348848,False,-1,-1,0,0,0,-1
2026-08-21 14:32:45.443,10.12395,True,18.77726,1.122266,-8.511532,-0.006183952,-0.5767001,0.02685102,0.8164911,-0.9420731,-0.02087169,0.3347575,False,-1,-1,0,0,0,-1
2026-08-21 14:32:45.487,10.1683,True,18.77707,1.122068,-8.511166,-0.00573933,-0.5763,0.02660553,0.8167849,-0.9417316,-0.02128993,0.3356908,False,-1,-1,0,0,0,-1
2026-08-21 14:32:45.521,10.20164,True,18.77708,1.12205,-8.510733,-0.005920352,-0.5749696,0.02535609,0.8177603,-0.9406749,-0.0194751,0.3387498,False,-1,-1,0,0,0,-1
2026-08-21 14:32:45.555,10.23625,True,18.77732,1.122272,-8.510194,-0.00576173,-0.5722005,0.02444514,0.8197292,-0.9383805,-0.01852893,0.3451068,False,-1,-1,0,0,0,-1
2026-08-21 14:32:45.597,10.27863,True,18.7787,1.122789,-8.508746,-0.007356526,-0.5659962,0.02373365,0.8240334,-0.9331486,-0.01474226,0.3591884,False,-1,-1,0,0,0,-1
2026-08-21 14:32:45.631,10.31222,True,18.77981,1.123363,-8.507349,-0.007600271,-0.5568171,0.02397417,0.8302543,-0.924964,-0.01407814,0.379794,False,-1,-1,0,0,0,-1
2026-08-21 14:32:45.665,10.34574,True,18.78177,1.12385,-8.504951,-0.006648682,-0.5440102,0.02459533,0.8386918,-0.9128407,-0.01560783,0.4080172,False,-1,-1,0,0,0,-1
2026-08-21 14:32:45.698,10.37921,True,18.7848,1.124292,-8.501109,-0.003564833,-0.523443,0.02494136,0.8516881,-0.8917983,-0.02003851,0.4519893,False,-1,-1,0,0,0,-1
2026-08-21 14:32:45.731,10.41262,True,18.78832,1.123975,-8.497284,0.0002190564,-0.5027436,0.02573505,0.8640524,-0.8687823,-0.02625482,0.4944976,False,-1,-1,0,0,0,-1
2026-08-21 14:32:45.775,10.45671,True,18.7963,1.123906,-8.490419,0.002665828,-0.3771787,0.03386813,0.9255172,-0.6979901,-0.03048321,0.7154583,False,-1,-1,0,0,0,-1
2026-08-21 14:32:45.809,10.49016,True,18.80273,1.123598,-8.485639,-0.01896633,-0.2387642,0.03749814,0.9701679,-0.4647051,0.01889463,0.8852639,False,-1,-1,0,0,0,-1
2026-08-21 14:32:45.843,10.52358,True,18.80965,1.123663,-8.481164,-0.02209011,-0.1587003,0.05162087,0.985729,-0.3151515,0.02716524,0.9486525,True,0.09860277,0.3405094,16.424,1.3293,-1.3,7.569857
2026-08-21 14:32:45.886,10.56752,True,18.81968,1.123103,-8.475855,-0.01581905,-0.09720692,0.07082972,0.9926146,-0.1952189,0.01763416,0.9806011,True,0.2566613,0.3181645,17.3911,1.252146,-1.3,7.317812
2026-08-21 14:32:45.920,10.60093,True,18.82806,1.122107,-8.472375,-0.005678375,-0.07145922,0.08705268,0.9936213,-0.1429954,-0.001157124,0.9897227,True,0.322148,0.2780746,17.79179,1.113721,-1.3,7.246853
2026-08-21 14:32:45.964,10.64532,True,18.83861,1.121475,-8.468675,0.01519992,-0.08247869,0.1037711,0.991059,-0.1603279,-0.04724584,0.9859325,True,0.3027123,0.1808311,17.67287,0.7779526,-1.3,7.270959
2026-08-21 14:32:46.007,10.68961,True,18.8503,1.120921,-8.466083,-0.001924424,-0.04035475,0.1119949,0.9928872,-0.08056648,-0.005217578,0.9967356,True,0.4004785,0.2692958,18.27106,1.083409,-1.3,7.189553
2026-08-21 14:32:46.042,10.72316,True,18.85896,1.121736,-8.464727,-0.002488081,-0.01079833,0.118199,0.9929281,-0.02203211,0.002388267,0.9997544,True,0.4707554,0.2853529,18.70106,1.138852,-1.3,7.166488
2026-08-21 14:32:46.076,10.7569,True,18.86622,1.123068,-8.464049,-0.004054759,0.04472601,0.1232119,0.9913637,0.0876803,0.01906104,0.9959663,True,0.6008254,0.3204899,19.49691,1.260176,-1.3,7.193065
2026-08-21 14:32:46.120,10.80078,True,18.87412,1.124497,-8.463668,-0.009941425,0.08449736,0.1286059,0.9880394,0.1644164,0.04137877,0.9855227,True,0.6943648,0.3683053,20.06924,1.425276,-1.3,7.268901
2026-08-21 14:32:46.153,10.83423,True,18.87638,1.124669,-8.463283,-0.01092591,0.1332106,0.1287397,0.98263,0.2589804,0.05577124,0.9642711,True,0.8138402,0.4012348,20.80027,1.538977,-1.3,7.428702
2026-08-21 14:32:46.197,10.87884,True,18.87791,1.124333,-8.462459,-0.009859926,0.1428425,0.1267784,0.9815427,0.2779121,0.05557459,0.9589976,True,0.838892,0.401358,20.95355,1.539402,-1.3,7.468692
2026-08-21 14:32:46.243,10.92401,True,18.87893,1.124244,-8.461537,-0.009375856,0.140525,0.12401,0.9822354,0.2737319,0.0532716,0.9603297,True,0.8334484,0.3961762,20.92025,1.52151,-1.3,7.457374
2026-08-21 14:32:46.287,10.96782,True,18.87896,1.123554,-8.460399,-0.006930554,0.1342774,0.1208449,0.9835233,0.2624549,0.0460862,0.9638431,True,0.8184927,0.3800789,20.82874,1.465929,-1.3,7.429008
2026-08-21 14:32:46.331,11.01223,True,18.87909,1.123642,-8.459304,-0.008126127,0.1304334,0.1173201,0.9844578,0.2549057,0.04660458,0.9658422,True,0.80866,0.3809971,20.76858,1.469099,-1.3,7.412498
2026-08-21 14:32:46.365,11.04633,True,18.87984,1.123792,-8.458631,-0.00992921,0.1315815,0.1117334,0.9849383,0.2569804,0.04896341,0.9651754,True,0.8114814,0.386167,20.78584,1.48695,-1.3,7.416921
2026-08-21 14:32:46.409,11.08976,True,18.88154,1.124063,-8.458113,-0.01086005,0.1367955,0.1047849,0.9849818,0.2672063,0.05006213,0.9623381,True,0.8250871,0.3889149,20.86909,1.496438,-1.3,7.438251
2026-08-21 14:32:46.452,11.13412,True,18.88343,1.123683,-8.458117,-0.009683877,0.1423165,0.1051498,0.9841726,0.2780915,0.04899032,0.9593045,True,0.8396983,0.3868298,20.95849,1.489239,-1.3,7.461779
2026-08-21 14:32:46.496,11.17815,True,18.88557,1.123671,-8.457973,-0.009041872,0.1494863,0.09808914,0.9838449,0.2923689,0.04711757,0.9551442,True,0.8590052,0.3832206,21.07662,1.476776,-1.3,7.494128
2026-08-21 14:32:46.529,11.21165,True,18.88692,1.123516,-8.457888,-0.009266686,0.1503698,0.09617245,0.9838973,0.2941144,0.04715779,0.9546061,True,0.8615621,0.3833194,21.09226,1.477118,-1.3,7.498262
2026-08-21 14:32:46.564,11.24599,True,18.88848,1.123315,-8.458327,-0.009266686,0.1503698,0.09617245,0.9838973,0.2941144,0.04715779,0.9546061,True,0.8618401,0.3832675,21.09397,1.476938,-1.3,7.498723
2026-08-21 14:32:46.608,11.28957,True,18.89047,1.123254,-8.459421,-0.009266686,0.1503698,0.09617245,0.9838973,0.2941144,0.04715779,0.9546061,True,0.8622197,0.3832654,21.09629,1.476931,-1.3,7.499868
2026-08-21 14:32:46.641,11.32293,True,18.89155,1.123251,-8.460405,-0.009266686,0.1503698,0.09617245,0.9838973,0.2941144,0.04715779,0.9546061,True,0.8624462,0.3832787,21.09767,1.476977,-1.3,7.5009
2026-08-21 14:32:46.674,11.35637,True,18.89216,1.123231,-8.4612,-0.009266686,0.1503698,0.09617245,0.9838973,0.2941144,0.04715779,0.9546061,True,0.8625858,0.3832842,21.09853,1.476996,-1.3,7.501732
2026-08-21 14:32:46.719,11.40118,True,18.89269,1.123142,-8.461906,-0.009266686,0.1503698,0.09617245,0.9838973,0.2941144,0.04715779,0.9546061,True,0.8627083,0.3832687,21.09928,1.476942,-1.3,7.502472
2026-08-21 14:32:46.764,11.44526,True,18.89293,1.123117,-8.462541,-0.009266686,0.1503698,0.09617245,0.9838973,0.2941144,0.04715779,0.9546061,True,0.8627797,0.3832703,21.09971,1.476948,-1.3,7.503137
2026-08-21 14:32:46.807,11.48976,True,18.89298,1.123378,-8.462815,-0.009266686,0.1503698,0.09617245,0.9838973,0.2941144,0.04715779,0.9546061,True,0.8628019,0.3833499,21.09985,1.477223,-1.3,7.503424
2026-08-21 14:32:46.852,11.53407,True,18.89301,1.123878,-8.462876,-0.009266686,0.1503698,0.09617245,0.9838973,0.2941144,0.04715779,0.9546061,True,0.86281,0.3834955,21.0999,1.477726,-1.3,7.503488
2026-08-21 14:32:46.896,11.5782,True,18.89302,1.12387,-8.463052,-0.009266686,0.1503698,0.09617245,0.9838973,0.2941144,0.04715779,0.9546061,True,0.8628191,0.383496,21.09995,1.477727,-1.3,7.503672
2026-08-21 14:32:46.929,11.61168,True,18.89285,1.123985,-8.462855,-0.009266686,0.1503698,0.09617245,0.9838973,0.2941144,0.04715779,0.9546061,True,0.8627824,0.3835263,21.09973,1.477832,-1.3,7.503466
2026-08-21 14:32:46.963,11.64545,True,18.89278,1.124232,-8.46255,-0.009266686,0.1503698,0.09617245,0.9838973,0.2941144,0.04715779,0.9546061,True,0.8627559,0.3835936,21.09957,1.478064,-1.3,7.503146
2026-08-21 14:32:47.007,11.68939,True,18.89288,1.123973,-8.462263,-0.009266686,0.1503698,0.09617245,0.9838973,0.2941144,0.04715779,0.9546061,True,0.8627576,0.3835145,21.09958,1.477791,-1.3,7.502846
2026-08-21 14:32:47.042,11.72329,True,18.89286,1.123885,-8.461973,-0.009266686,0.1503698,0.09617245,0.9838973,0.2941144,0.04715779,0.9546061,True,0.8627399,0.3834846,21.09947,1.477688,-1.3,7.502542
2026-08-21 14:32:47.085,11.76727,True,18.89305,1.123593,-8.461652,-0.009266686,0.1503698,0.09617245,0.9838973,0.2941144,0.04715779,0.9546061,True,0.8627535,0.3833955,21.09955,1.47738,-1.3,7.502205
2026-08-21 14:32:47.118,11.80085,True,18.89323,1.123259,-8.461627,-0.009266686,0.1503698,0.09617245,0.9838973,0.2941144,0.04715779,0.9546061,True,0.8627826,0.3832985,21.09973,1.477045,-1.3,7.50218
2026-08-21 14:32:47.163,11.84473,True,18.89341,1.122916,-8.46173,-0.009266686,0.1503698,0.09617245,0.9838973,0.2941144,0.04715779,0.9546061,True,0.862817,0.3832007,21.09994,1.476708,-1.3,7.502287
2026-08-21 14:32:47.196,11.87879,True,18.89378,1.122647,-8.461874,-0.009266686,0.1503698,0.09617245,0.9838973,0.2941144,0.04715779,0.9546061,True,0.8628842,0.3831248,21.10035,1.476446,-1.3,7.502439
2026-08-21 14:32:47.241,11.9227,True,18.89422,1.122191,-8.462168,-0.009266686,0.1503698,0.09617245,0.9838973,0.2941144,0.04715779,0.9546061,True,0.8629712,0.3829969,21.10089,1.476004,-1.3,7.502746
2026-08-21 14:32:47.286,11.96746,True,18.89482,1.122458,-8.462566,-0.009266686,0.1503698,0.09617245,0.9838973,0.2941144,0.04715779,0.9546061,True,0.8630892,0.3830799,21.10161,1.47629,-1.3,7.503164
2026-08-21 14:32:47.329,12.01153,True,18.89529,1.123007,-8.463276,-0.009266686,0.1503698,0.09617245,0.9838973,0.2941144,0.04715779,0.9546061,True,0.8632015,0.3832492,21.10229,1.476875,-1.3,7.503907
2026-08-21 14:32:47.363,12.04488,True,18.89556,1.124208,-8.463675,-0.009266686,0.1503698,0.09617245,0.9838973,0.2941144,0.04715779,0.9546061,True,0.8632667,0.3836026,21.10269,1.478095,-1.3,7.504325
2026-08-21 14:32:47.398,12.07903,True,18.8962,1.125677,-8.464199,-0.009266686,0.1503698,0.09617245,0.9838973,0.2941144,0.04715779,0.9546061,True,0.8633975,0.3840355,21.10349,1.47959,-1.3,7.504874
2026-08-21 14:32:47.441,12.12315,True,18.89702,1.126927,-8.465093,-0.009266686,0.1503698,0.09617245,0.9838973,0.2941144,0.04715779,0.9546061,True,0.8635758,0.3844103,21.10458,1.480884,-1.3,7.50581
2026-08-21 14:32:47.486,12.16736,True,18.89793,1.127848,-8.465853,-0.009266686,0.1503698,0.09617245,0.9838973,0.2941144,0.04715779,0.9546061,True,0.8637626,0.3846881,21.10573,1.481843,-1.3,7.506606
2026-08-21 14:32:47.529,12.21161,True,18.89892,1.128859,-8.466409,-0.009266686,0.1503698,0.09617245,0.9838973,0.2941144,0.04715779,0.9546061,True,0.8639536,0.3849888,21.1069,1.482882,-1.3,7.507189
2026-08-21 14:32:47.574,12.25616,True,18.90085,1.130714,-8.466894,-0.009266686,0.1503698,0.09617245,0.9838973,0.2941144,0.04715779,0.9546061,True,0.864293,0.385533,21.10897,1.484761,-1.3,7.507697
2026-08-21 14:32:47.609,12.28994,True,18.90267,1.131917,-8.467654,-0.009266686,0.1503698,0.09617245,0.9838973,0.2941144,0.04715779,0.9546061,True,0.8646291,0.3858921,21.11103,1.486001,-1.3,7.508493
2026-08-21 14:32:47.645,12.32667,True,18.90415,1.133057,-8.468466,-0.009266686,0.1503698,0.09617245,0.9838973,0.2941144,0.04715779,0.9546061,True,0.8649116,0.386234,21.11276,1.487181,-1.3,7.509343
2026-08-21 14:32:47.689,12.37057,True,18.90579,1.134493,-8.46962,-0.009266686,0.1503698,0.09617245,0.9838973,0.2941144,0.04715779,0.9546061,True,0.8652373,0.3866664,21.11475,1.488674,-1.3,7.510552
2026-08-21 14:32:47.734,12.4154,True,18.90716,1.136101,-8.470992,-0.009266686,0.1503698,0.09617245,0.9838973,0.2941144,0.04715779,0.9546061,True,0.865531,0.3871518,21.11655,1.49035,-1.3,7.51199
2026-08-21 14:32:47.776,12.45911,True,18.90807,1.137407,-8.472263,-0.009266686,0.1503698,0.09617245,0.9838973,0.2941144,0.04715779,0.9546061,True,0.8657433,0.3875482,21.11785,1.491719,-1.3,7.513321
2026-08-21 14:32:47.811,12.49253,True,18.90861,1.138749,-8.473321,-0.009266686,0.1503698,0.09617245,0.9838973,0.2941144,0.04715779,0.9546061,True,0.8658838,0.3879518,21.11871,1.493113,-1.3,7.51443
2026-08-21 14:32:47.844,12.52596,True,18.90899,1.139857,-8.474363,-0.009266686,0.1503698,0.09617245,0.9838973,0.2941144,0.04715779,0.9546061,True,0.8659988,0.3882878,21.11941,1.494273,-1.3,7.515522
2026-08-21 14:32:47.877,12.55963,True,18.9093,1.140927,-8.47546,-0.009266686,0.1503698,0.09617245,0.9838973,0.2941144,0.04715779,0.9546061,True,0.866105,0.3886132,21.12006,1.495396,-1.3,7.516671
2026-08-21 14:32:47.923,12.60408,True,18.90978,1.142003,-8.477028,-0.05597661,0.07469898,0.003696311,0.9956269,0.1483308,0.1120159,0.9825734,True,0.6819425,0.5232279,19.99324,1.960203,-1.3,7.304317
2026-08-21 14:32:47.956,12.6375,True,18.91008,1.142943,-8.47823,-0.05506568,0.0726328,0.002957482,0.9958331,0.1443346,0.1101021,0.9833845,True,0.6771064,0.5192984,19.96365,1.946635,-1.3,7.299515
2026-08-21 14:32:48.001,12.68167,True,18.91065,1.144067,-8.479974,-0.05322412,0.07040048,0.0003813838,0.9960978,0.1402109,0.1060866,0.9844219,True,0.6721444,0.510953,19.93329,1.917819,-1.3,7.293594
2026-08-21 14:32:48.044,12.72623,True,18.91151,1.14532,-8.481752,-0.053475,0.06918754,-0.002934222,0.9961651,0.1381582,0.1061338,0.984707,True,0.6698326,0.5114065,19.91914,1.919385,-1.3,7.293289
2026-08-21 14:32:48.079,12.75992,True,18.91169,1.145788,-8.482737,-0.05260077,0.06768479,-0.001843199,0.9963175,0.135065,0.1045646,0.9853039,True,0.6660981,0.5081239,19.89629,1.908051,-1.3,7.289869
2026-08-21 14:32:48.124,12.80487,True,18.91087,1.146333,-8.484104,0.003003478,0.005776219,-0.002317128,0.9999762,0.01153824,-0.00603358,0.9999152,True,0.5185933,0.2749649,18.99376,1.102984,-1.3,7.184712
2026-08-21 14:32:48.167,12.8485,True,18.90971,1.146372,-8.485123,0.02670544,-0.01257074,6.682402E-05,0.9995643,-0.02512696,-0.05338928,0.9982576,True,0.4752982,0.1762382,18.72886,0.7620937,-1.3,7.197664
2026-08-21 14:32:48.212,12.8929,True,18.90853,1.14678,-8.485872,0.02327533,-0.01001882,0.0005154245,0.9996788,-0.02000722,-0.04654602,0.9987158,True,0.4811348,0.1906558,18.76457,0.8118758,-1.3,7.195112
2026-08-21 14:32:48.256,12.93719,True,18.90778,1.146958,-8.486271,0.01816671,-0.007682532,0.00105862,0.9998049,-0.0153236,-0.0363426,0.9992219,True,0.4865295,0.2120035,18.79758,0.8855866,-1.3,7.191867
2026-08-21 14:32:48.289,12.97066,True,18.90742,1.146834,-8.486297,0.01673544,-0.00762269,0.0004059074,0.9998308,-0.01522922,-0.0334714,0.9993237,True,0.4865819,0.2179551,18.7979,0.9061363,-1.3,7.19116
2026-08-21 14:32:48.323,13.00401,True,18.90717,1.146511,-8.485941,0.01804236,-0.0054987,0.001143823,0.9998215,-0.01095416,-0.03609086,0.9992885,True,0.4915659,0.2124069,18.82839,0.8869793,-1.3,7.191058
2026-08-21 14:32:48.368,13.04848,True,18.90698,1.145893,-8.485358,0.01917572,-0.004065032,0.0005914328,0.9998077,-0.008105818,-0.03834887,0.9992315,True,0.4948839,0.2075274,18.8487,0.870131,-1.3,7.190884
2026-08-21 14:32:48.413,13.09365,True,18.90661,1.145561,-8.484586,0.0188616,-0.002799327,0.0006248201,0.999818,-0.005574066,-0.03771983,0.9992728,True,0.4977986,0.208753,18.86653,0.8743631,-1.3,7.189814
2026-08-21 14:32:48.455,13.13741,True,18.90588,1.145782,-8.483884,-0.03887828,-0.01424771,0.0002794157,0.9991423,-0.02849271,0.0776819,0.9965709,True,0.4706607,0.4495376,18.70048,1.70576,-1.3,7.208602
2026-08-21 14:32:48.501,13.18171,True,18.90518,1.146289,-8.483504,-0.1208542,-0.02423689,0.0007803973,0.9923741,-0.04829275,0.2398274,0.9696137,True,0.4456407,0.8020911,18.5474,2.92308,-1.3,7.408625
2026-08-21 14:32:48.534,13.21539,True,18.90456,1.146559,-8.483286,-0.1182544,-0.02546893,0.0006802679,0.9926564,-0.05072469,0.2347373,0.9707345,True,0.4426678,0.7906511,18.52921,2.883579,-1.3,7.399847
2026-08-21 14:32:48.579,13.25956,True,18.90347,1.14711,-8.482996,-0.1211241,-0.02861473,4.144991E-05,0.9922249,-0.05679453,0.2403623,0.9690203,True,0.4350293,0.8037561,18.48247,2.928829,-1.3,7.412637
2026-08-21 14:32:48.612,13.29342,True,18.90264,1.147325,-8.482777,-0.122162,-0.03124049,-0.0004812051,0.9920183,-0.06186471,0.242404,0.9682009,True,0.4286901,0.8086256,18.44368,2.945643,-1.3,7.418684
2026-08-21 14:32:48.656,13.33742,True,18.90177,1.147566,-8.482556,-0.1221916,-0.03361564,-0.001186568,0.9919364,-0.06639918,0.2424923,0.9678784,True,0.4230262,0.8090432,18.40903,2.947085,-1.3,7.420928
2026-08-21 14:32:48.701,13.38168,True,18.90081,1.147419,-8.482334,-0.120318,-0.03622632,-0.001892554,0.9920725,-0.07142285,0.2388655,0.9684225,True,0.4168283,0.8009013,18.3711,2.918972,-1.3,7.416529
2026-08-21 14:32:48.734,13.41536,True,18.90036,1.147404,-8.482193,-0.1197764,-0.0368286,-0.002814448,0.9921136,-0.07240209,0.237871,0.9685945,True,0.4155844,0.79866,18.36349,2.911233,-1.3,7.415067
2026-08-21 14:32:48.779,13.45974,True,18.90029,1.147321,-8.482169,-0.1179724,-0.03608631,-0.002349417,0.9923582,-0.07106676,0.2343113,0.9695606,True,0.4172769,0.7904884,18.37385,2.883018,-1.3,7.407653
2026-08-21 14:32:48.822,13.50371,True,18.90054,1.147403,-8.482179,-0.1160993,-0.03548481,-0.002406181,0.9926006,-0.06988577,0.2306513,0.9705235,True,0.4188327,0.7821699,18.38337,2.854295,-1.3,7.400313
2026-08-21 14:32:48.856,13.53711,True,18.90057,1.147733,-8.482046,-0.1163416,-0.03604249,-0.003086413,0.9925503,-0.07082982,0.2311723,0.9703311,True,0.4176796,0.783471,18.37631,2.858788,-1.3,7.401645
2026-08-21 14:32:48.890,13.5709,True,18.90014,1.14841,-8.481713,-0.1188778,-0.03821714,-0.003706736,0.9921662,-0.07495422,0.2361763,0.9688151,True,0.412483,0.7951627,18.34451,2.899158,-1.3,7.412883
2026-08-21 14:32:48.934,13.61492,True,18.8986,1.149728,-8.480822,-0.1259646,-0.04377884,-0.00766699,0.9910387,-0.0848415,0.2503428,0.9644327,True,0.3997976,0.8283333,18.2669,3.013691,-1.3,7.445643
2026-08-21 14:32:48.968,13.64888,True,18.89681,1.151374,-8.480336,-0.1499927,-0.0522896,-0.01299676,0.9872179,-0.09934362,0.2975101,0.949536,True,0.3799691,0.9405406,18.14557,3.401128,-1.3,7.561943
2026-08-21 14:32:49.012,13.69271,True,18.89411,1.153434,-8.479876,-0.166794,-0.05971032,-0.01436155,0.9840773,-0.1127283,0.3299915,0.9372289,False,-1,-1,0,0,0,-1
2026-08-21 14:32:49.056,13.73709,True,18.89232,1.154248,-8.479732,-0.164701,-0.05850247,-0.01341362,0.9845157,-0.1107747,0.3258708,0.9389021,False,-1,-1,0,0,0,-1
2026-08-21 14:32:49.089,13.77134,True,18.89132,1.154842,-8.479691,-0.1651614,-0.0564743,-0.01154814,0.9845806,-0.1073924,0.3265338,0.9390647,False,-1,-1,0,0,0,-1
2026-08-21 14:32:49.133,13.81489,True,18.8905,1.155768,-8.479864,-0.166365,-0.05266882,-0.008166759,0.9846228,-0.1010005,0.3284739,0.9390973,False,-1,-1,0,0,0,-1
2026-08-21 14:32:49.167,13.84878,True,18.89011,1.156415,-8.480088,-0.1625031,-0.04611849,-0.005693191,0.9856132,-0.08905966,0.3208555,0.9429317,True,0.3908181,0.9980252,18.21196,3.599615,-1.3,7.614643
2026-08-21 14:32:49.212,13.8931,True,18.88945,1.156314,-8.480542,-0.08850861,-0.02387144,0.002615948,0.9957859,-0.04800475,0.1761464,0.9831927,True,0.444245,0.662984,18.53885,2.442762,-1.3,7.30329
2026-08-21 14:32:49.256,13.93722,True,18.88826,1.155305,-8.480933,-0.06196659,0.00183196,0.009054913,0.9980355,0.002534518,0.1237229,0.9923136,True,0.5043482,0.5494178,18.9066,2.050633,-1.3,7.236556
2026-08-21 14:32:49.289,13.97092,True,18.88657,1.153852,-8.481132,-0.06246597,-0.002368644,0.01727755,0.9978948,-0.006885833,0.1245871,0.9921848,True,0.4929287,0.5508493,18.83673,2.055576,-1.3,7.237696
2026-08-21 14:32:49.333,14.01499,True,18.88056,1.156284,-8.480484,-0.06679688,-0.007739396,0.01745426,0.9975839,-0.01777317,0.1330008,0.9909565,True,0.4790438,0.5695103,18.75178,2.12001,-1.3,7.246013
2026-08-21 14:32:49.382,14.06261,True,18.87415,1.159353,-8.480516,-0.1026244,-0.0653933,0.03263782,0.9920316,-0.1364433,0.1993448,0.9703839,True,0.3340341,0.718496,17.86452,2.634438,-1.3,7.399666
2026-08-21 14:32:49.422,14.10436,True,18.86638,1.160814,-8.481485,-0.1123077,-0.07442098,0.0439701,0.9899067,-0.157216,0.2158036,0.963697,True,0.3062979,0.7574631,17.69481,2.768986,-1.3,7.452016
2026-08-21 14:32:49.467,14.14857,True,18.8609,1.162022,-8.483159,-0.1181861,-0.0865275,0.04782188,0.9880577,-0.1822921,0.2252735,0.9570901,True,0.2732754,0.7817214,17.49276,2.852746,-1.3,7.505207
2026-08-21 14:32:49.512,14.19271,True,18.85603,1.162609,-8.484466,-0.123346,-0.09556349,0.04300828,0.9868149,-0.1992168,0.2352194,0.9513068,True,0.2501894,0.8067116,17.3515,2.939034,-1.3,7.552207
2026-08-21 14:32:49.546,14.22657,True,18.85239,1.163213,-8.485286,-0.1279772,-0.1026273,0.04084544,0.985607,-0.2127549,0.2438868,0.9461789,True,0.2314314,0.8287963,17.23673,3.01529,-1.3,7.594003
2026-08-21 14:32:49.589,14.27051,True,18.84737,1.163673,-8.486128,-0.1322708,-0.1122104,0.04472802,0.9838256,-0.2326233,0.2502249,0.9398265,True,0.2039664,0.8466539,17.06868,3.07695,-1.3,7.646228
2026-08-21 14:32:49.634,14.31508,True,18.8426,1.164465,-8.486176,-0.1385884,-0.1229484,0.04700857,0.9815636,-0.2543931,0.2605074,0.9313539,True,0.173088,0.8749051,16.87975,3.174497,-1.3,7.715838
2026-08-21 14:32:49.668,14.34922,True,18.83912,1.164998,-8.485898,-0.1438979,-0.1318965,0.04774665,0.9796004,-0.272153,0.2693296,0.9237934,True,0.1473283,0.8996758,16.72213,3.260027,-1.3,7.778684
2026-08-21 14:32:49.711,14.39255,True,18.83479,1.164932,-8.484723,-0.1487202,-0.1442039,0.04158799,0.9774241,-0.2942667,0.2787312,0.914175,True,0.1146317,0.9273399,16.52207,3.355548,-1.3,7.859242
2026-08-21 14:32:49.745,14.42616,True,18.83162,1.164716,-8.483364,-0.1519653,-0.1541243,0.03504814,0.9756659,-0.3113999,0.2857311,0.9063045,True,0.08870983,0.948734,16.36347,3.429419,-1.3,7.925995
2026-08-21 14:32:49.779,14.46024,True,18.82901,1.164214,-8.481994,-0.1533664,-0.1628904,0.02902272,0.9742193,-0.3262842,0.2893699,0.8998909,True,0.06607121,0.9615479,16.22495,3.473663,-1.3,7.98096
2026-08-21 14:32:49.823,14.504,True,18.82592,1.163633,-8.479778,-0.1530794,-0.1725215,0.02413935,0.9727386,-0.3430272,0.2894833,0.8936061,True,0.04071903,0.9661398,16.06983,3.489519,-1.3,8.034613
2026-08-21 14:32:49.867,14.54823,True,18.82495,1.163193,-8.478174,-0.1493791,-0.1756378,0.02083496,0.9728326,-0.3479568,0.2833229,0.8936746,True,0.03422368,0.9514801,16.03009,3.4389,-1.3,8.032201
2026-08-21 14:32:49.900,14.58158,True,18.82576,1.162956,-8.477113,-0.1478366,-0.1722789,0.01775417,0.9737295,-0.3407554,0.2817883,0.8969287,True,0.04549938,0.9453666,16.09908,3.417791,-1.3,8.001876
2026-08-21 14:32:49.934,14.61545,True,18.8272,1.16262,-8.476479,-0.1476082,-0.16888,0.01603912,0.9743891,-0.3338448,0.2822382,0.8993827,True,0.0560016,0.9444694,16.16334,3.414694,-1.3,7.979338
2026-08-21 14:32:49.968,14.64954,True,18.82869,1.162563,-8.47627,-0.1469328,-0.166453,0.01581781,0.9749123,-0.3292025,0.2812274,0.9014083,True,0.06327617,0.9406378,16.20785,3.401464,-1.3,7.961175
2026-08-21 14:32:50.012,14.69326,True,18.83024,1.162731,-8.476578,-0.1474599,-0.1649639,0.01579858,0.9750861,-0.3263673,0.2823598,0.9020849,True,0.0675199,0.9428371,16.23381,3.409058,-1.3,7.955545
2026-08-21 14:32:50.046,14.727,True,18.83074,1.162811,-8.477143,-0.1481029,-0.1668475,0.01747787,0.9746394,-0.3304094,0.2828615,0.9004549,True,0.06153315,0.9452474,16.19718,3.41738,-1.3,7.970576
2026-08-21 14:32:50.085,14.76685,True,18.82993,1.163213,-8.478053,-0.150519,-0.1737539,0.01909387,0.9730309,-0.3438837,0.2862839,0.8943073,True,0.04071277,0.9578913,16.06979,3.461038,-1.3,8.026382
2026-08-21 14:32:50.119,14.8002,True,18.82873,1.163479,-8.478501,-0.1521361,-0.1803508,0.02089891,0.9715407,-0.3567953,0.2880746,0.8886564,True,0.0205735,0.966431,15.94657,3.490524,-1.3,8.077927
2026-08-21 14:32:50.152,14.83372,True,18.82443,1.164523,-8.479891,-0.1588719,-0.1999523,0.0252959,0.9665086,-0.3945489,0.2969862,0.8695576,False,-1,-1,0,0,0,-1
2026-08-21 14:32:50.197,14.87876,True,18.81717,1.166037,-8.483186,-0.1707275,-0.2304858,0.03671621,0.9572776,-0.4538147,0.309942,0.8354568,False,-1,-1,0,0,0,-1
2026-08-21 14:32:50.241,14.92219,True,18.80983,1.166387,-8.486675,-0.1795659,-0.2630541,0.04095373,0.9470382,-0.5129524,0.3185654,0.7971172,False,-1,-1,0,0,0,-1
2026-08-21 14:32:50.275,14.9561,True,18.80695,1.165857,-8.488562,-0.1823049,-0.2796699,0.03649341,0.9419224,-0.5401607,0.323022,0.7770993,False,-1,-1,0,0,0,-1
2026-08-21 14:32:50.318,14.99996,True,18.80418,1.165112,-8.48998,-0.1819239,-0.2949748,0.02900979,0.9375778,-0.5636788,0.3240213,0.7597871,False,-1,-1,0,0,0,-1
2026-08-21 14:32:50.352,15.03389,True,18.80292,1.164718,-8.491055,-0.1814282,-0.3034023,0.02644188,0.935057,-0.5769915,0.3232464,0.7500617,False,-1,-1,0,0,0,-1
2026-08-21 14:32:50.397,15.07823,True,18.80077,1.164341,-8.49179,-0.1800236,-0.3140278,0.02174638,0.9319363,-0.5931376,0.321883,0.7379561,False,-1,-1,0,0,0,-1
2026-08-21 14:32:50.431,15.11164,True,18.79922,1.16426,-8.492227,-0.179976,-0.3211383,0.0185393,0.9295887,-0.6037263,0.3227,0.7289577,False,-1,-1,0,0,0,-1
2026-08-21 14:32:50.464,15.14587,True,18.79786,1.164131,-8.492416,-0.1792948,-0.3275106,0.01659253,0.9275317,-0.6135028,0.3217348,0.7211803,False,-1,-1,0,0,0,-1
2026-08-21 14:32:50.508,15.18887,True,18.79613,1.163989,-8.492718,-0.1781293,-0.3349972,0.01274521,0.9251402,-0.6243794,0.3210498,0.7120937,False,-1,-1,0,0,0,-1
2026-08-21 14:32:50.541,15.22233,True,18.79502,1.163721,-8.492784,-0.1773356,-0.3384586,0.009463028,0.9240716,-0.6288763,0.3213359,0.7079957,False,-1,-1,0,0,0,-1
2026-08-21 14:32:50.574,15.25592,True,18.79373,1.163554,-8.492889,-0.1768216,-0.3412592,0.008035813,0.9231532,-0.6329108,0.3209822,0.7045526,False,-1,-1,0,0,0,-1
2026-08-21 14:32:50.608,15.28966,True,18.79226,1.163543,-8.493038,-0.1771544,-0.3444944,0.006740396,0.9218972,-0.6375651,0.3219922,0.6998798,False,-1,-1,0,0,0,-1
2026-08-21 14:32:50.642,15.32348,True,18.79111,1.163415,-8.493157,-0.1773194,-0.3456529,0.006987643,0.9214299,-0.6394679,0.3219442,0.6981639,False,-1,-1,0,0,0,-1
2026-08-21 14:32:50.687,15.36838,True,18.79015,1.163256,-8.492929,-0.1766851,-0.344731,0.006641993,0.9218996,-0.6379619,0.3211925,0.6998858,False,-1,-1,0,0,0,-1
2026-08-21 14:32:50.729,15.41091,True,18.7895,1.163403,-8.492849,-0.1773804,-0.3428811,0.006629992,0.9224559,-0.6349375,0.3227046,0.7019375,False,-1,-1,0,0,0,-1
2026-08-21 14:32:50.774,15.45525,True,18.7891,1.163532,-8.492704,-0.1772448,-0.340513,0.006835565,0.9233572,-0.6312533,0.3226652,0.7052704,False,-1,-1,0,0,0,-1
2026-08-21 14:32:50.818,15.49955,True,18.78882,1.163674,-8.492681,-0.1774376,-0.3384137,0.007507109,0.9240864,-0.6281112,0.3228543,0.7079841,False,-1,-1,0,0,0,-1
2026-08-21 14:32:50.851,15.53296,True,18.78917,1.163621,-8.492478,-0.1769955,-0.3356318,0.007699078,0.9251836,-0.6237676,0.3223386,0.7120477,False,-1,-1,0,0,0,-1
2026-08-21 14:32:50.905,15.5866,True,18.79036,1.163812,-8.492009,-0.1754827,-0.327029,0.007043582,0.9285517,-0.6097988,0.3212827,0.7245156,False,-1,-1,0,0,0,-1
2026-08-21 14:32:50.944,15.62441,True,18.7917,1.163918,-8.491647,-0.1754842,-0.3190516,0.008755526,0.9313081,-0.5973435,0.3212727,0.7348228,False,-1,-1,0,0,0,-1
2026-08-21 14:32:50.988,15.66924,True,18.79462,1.163963,-8.490649,-0.1733589,-0.3036688,0.01064757,0.936813,-0.5726535,0.318343,0.7554639,False,-1,-1,0,0,0,-1
2026-08-21 14:32:51.022,15.70339,True,18.79739,1.164248,-8.489585,-0.1708649,-0.2884944,0.01291766,0.9420241,-0.5479518,0.3144643,0.7751523,False,-1,-1,0,0,0,-1
2026-08-21 14:32:51.065,15.7473,True,18.80139,1.164581,-8.487959,-0.1669243,-0.2672298,0.01422842,0.9489584,-0.51193,0.309204,0.801449,False,-1,-1,0,0,0,-1
2026-08-21 14:32:51.100,15.7808,True,18.80454,1.164786,-8.486837,-0.1656924,-0.251359,0.01708713,0.9534531,-0.4849803,0.3073698,0.8187294,False,-1,-1,0,0,0,-1
2026-08-21 14:32:51.133,15.81453,True,18.8075,1.165141,-8.486098,-0.1656906,-0.2383985,0.02092453,0.9567,-0.4630858,0.3070557,0.8314255,False,-1,-1,0,0,0,-1
2026-08-21 14:32:51.177,15.85839,True,18.81103,1.165404,-8.485286,-0.1671434,-0.2228884,0.02816256,0.9599952,-0.4373579,0.3083595,0.8447677,False,-1,-1,0,0,0,-1
2026-08-21 14:32:51.212,15.89324,True,18.81343,1.165381,-8.484811,-0.1656577,-0.2137003,0.03030278,0.9622741,-0.4213162,0.3058648,0.8537794,False,-1,-1,0,0,0,-1
2026-08-21 14:32:51.909,16.22657,True,18.82054,1.162722,-8.472255,-0.1444363,-0.2238441,-0.01266175,0.9637799,-0.4278153,0.2840782,0.8580639,False,-1,-1,0,0,0,-1
2026-08-21 14:32:51.943,16.26085,True,18.82184,1.162627,-8.471682,-0.1441012,-0.2183309,-0.01382554,0.9650779,-0.4174281,0.2841748,0.863133,False,-1,-1,0,0,0,-1
2026-08-21 14:32:51.976,16.29449,True,18.82329,1.162567,-8.471136,-0.143598,-0.2130564,-0.0132806,0.9663386,-0.4079551,0.2831877,0.8679731,False,-1,-1,0,0,0,-1
2026-08-21 14:32:52.020,16.33885,True,18.82507,1.162466,-8.470599,-0.1427173,-0.2074004,-0.01427347,0.9676844,-0.3973221,0.2821314,0.8732337,False,-1,-1,0,0,0,-1
2026-08-21 14:32:52.064,16.38259,True,18.82641,1.162128,-8.470154,-0.1417153,-0.2034145,-0.01433334,0.9686764,-0.3900231,0.2803838,0.8770787,False,-1,-1,0,0,0,-1
2026-08-21 14:32:52.098,16.4162,True,18.82781,1.161978,-8.469692,-0.1392806,-0.1985904,-0.01541563,0.970013,-0.3809763,0.2763309,0.8823255,False,-1,-1,0,0,0,-1
2026-08-21 14:32:52.132,16.45002,True,18.83004,1.161717,-8.468974,-0.135675,-0.1896869,-0.01518747,0.9723068,-0.3647467,0.2695972,0.8912223,True,0.01231372,0.9200427,15.89603,3.330351,-1.3,8.04398
2026-08-21 14:32:52.175,16.49387,True,18.83455,1.160664,-8.467079,-0.1284811,-0.1680522,-0.01078892,0.9773099,-0.3257058,0.2547579,0.9105021,True,0.0735532,0.8724464,16.27073,3.166008,-1.3,7.871567
2026-08-21 14:32:52.210,16.52753,True,18.8387,1.16022,-8.465405,-0.1224133,-0.1473279,-0.009389393,0.9814384,-0.2868878,0.2430489,0.9266189,True,0.1306751,0.8358603,16.62024,3.039681,-1.3,7.73285
2026-08-21 14:32:52.244,16.56174,True,18.84258,1.160253,-8.464036,-0.1189141,-0.1291651,-0.01000983,0.9844164,-0.2519238,0.2367079,0.9383516,True,0.1795384,0.8149403,16.91921,2.967447,-1.3,7.634703
2026-08-21 14:32:52.288,16.60574,True,18.84646,1.159854,-8.463037,-0.1157074,-0.11374,-0.008215347,0.9867156,-0.2225569,0.2302093,0.94735,True,0.2194917,0.7955504,17.16367,2.900496,-1.3,7.561131
2026-08-21 14:32:52.332,16.64964,True,18.84854,1.159085,-8.462488,-0.1130116,-0.1073446,-0.006805988,0.9877546,-0.2105219,0.2247167,0.951411,True,0.2358353,0.7811621,17.26367,2.850815,-1.3,7.528279
2026-08-21 14:32:52.364,16.68301,True,18.84967,1.158751,-8.4621,-0.111979,-0.104192,-0.007094842,0.9882077,-0.2043377,0.2227955,0.9532095,True,0.2441161,0.7759337,17.31434,2.832762,-1.3,7.513669
2026-08-21 14:32:52.409,16.72755,True,18.85075,1.158851,-8.461534,-0.1124794,-0.101202,-0.008538492,0.9884501,-0.1981456,0.2240888,0.9542131,True,0.2521716,0.7782257,17.36363,2.840676,-1.3,7.505172
2026-08-21 14:32:52.443,16.76091,True,18.8511,1.158578,-8.461138,-0.1116318,-0.1009251,-0.008569298,0.9885743,-0.1976306,0.2224424,0.9547049,True,0.2529986,0.7742921,17.36869,2.827094,-1.3,7.500891
2026-08-21 14:32:52.487,16.80541,True,18.85144,1.158466,-8.460687,-0.1109216,-0.1006766,-0.008218162,0.9886825,-0.1972512,0.2209872,0.9551213,True,0.2536408,0.7708589,17.37262,2.81524,-1.3,7.497149
2026-08-21 14:32:52.525,16.84238,True,18.85157,1.158395,-8.460371,-0.1103755,-0.100711,-0.008300077,0.9887395,-0.1973217,0.219937,0.9553491,True,0.2536433,0.7684232,17.37263,2.806829,-1.3,7.495031
2026-08-21 14:32:52.568,16.88555,True,18.85153,1.158334,-8.460077,-0.1105343,-0.1015093,-0.009255499,0.9886316,-0.1986645,0.2204345,0.9549561,True,0.2519027,0.7696627,17.36198,2.811109,-1.3,7.497808
2026-08-21 14:32:52.610,16.92961,True,18.85116,1.158437,-8.4598,-0.1113008,-0.102904,-0.009081321,0.988403,-0.2013998,0.221889,0.9540458,True,0.2482647,0.7732919,17.33972,2.823641,-1.3,7.50467
2026-08-21 14:32:52.645,16.96323,True,18.8507,1.158474,-8.459682,-0.1120043,-0.1045645,-0.009641005,0.9881439,-0.2044899,0.223369,0.9530426,True,0.2441388,0.7770226,17.31448,2.836522,-1.3,7.512447
2026-08-21 14:32:52.678,16.9972,True,18.8502,1.158478,-8.459713,-0.1128068,-0.1061757,-0.009540184,0.9878818,-0.2076256,0.2249054,0.9520027,True,0.2399284,0.7809032,17.28872,2.849921,-1.3,7.520686
2026-08-21 14:32:52.723,17.04188,True,18.849,1.158813,-8.459784,-0.1150489,-0.1104454,-0.01073275,0.9871425,-0.2155811,0.2295101,0.9491311,True,0.229148,0.792547,17.22276,2.890126,-1.3,7.543513
2026-08-21 14:32:52.768,17.08582,True,18.84709,1.159134,-8.460125,-0.1177002,-0.1178145,-0.01228304,0.9859592,-0.2294291,0.2349894,0.9445329,True,0.2103726,0.8071343,17.10788,2.940494,-1.3,7.580599
2026-08-21 14:32:52.801,17.11917,True,18.84548,1.159173,-8.460535,-0.1191052,-0.124444,-0.01269806,0.9849703,-0.2421225,0.2377907,0.9406552,True,0.1931301,0.815478,17.00238,2.969303,-1.3,7.612284
2026-08-21 14:32:52.844,17.163,True,18.84332,1.159692,-8.461216,-0.1210768,-0.1339459,-0.01634737,0.9834286,-0.2594939,0.24252,0.9347978,True,0.1691111,0.829456,16.85541,3.017568,-1.3,7.660711
2026-08-21 14:32:52.889,17.2075,True,18.84016,1.160394,-8.462311,-0.1242397,-0.1493184,-0.02088642,0.9807305,-0.2876924,0.2499288,0.924537,True,0.1292363,0.8523367,16.61143,3.096572,-1.3,7.746916
2026-08-21 14:32:52.934,17.25262,True,18.83731,1.160873,-8.463454,-0.125503,-0.1662297,-0.02796623,0.9776679,-0.3180152,0.2546982,0.9132333,True,0.08532906,0.8703415,16.34278,3.15874,-1.3,7.844057
2026-08-21 14:32:52.970,17.28798,True,18.83536,1.161012,-8.464381,-0.125687,-0.178438,-0.03234274,0.9753546,-0.3399506,0.2567212,0.9047253,True,0.0527342,0.8805381,16.14334,3.193947,-1.3,7.918847
2026-08-21 14:32:53.012,17.33041,True,18.83368,1.161003,-8.46513,-0.1244491,-0.1889913,-0.03821848,0.9733109,-0.3583821,0.2567012,0.8975894,True,0.02486783,0.8852319,15.97284,3.210155,-1.3,7.982635
2026-08-21 14:32:53.057,17.37481,True,18.8328,1.160778,-8.465603,-0.1231042,-0.1942338,-0.04078845,0.9723451,-0.3676821,0.2552445,0.8942372,True,0.0107615,0.8840504,15.88653,3.206075,-1.3,8.01309
2026-08-21 14:32:53.100,17.41926,True,18.83241,1.160617,-8.465742,-0.1219871,-0.1957838,-0.04202893,0.9721221,-0.3703976,0.2536298,0.8935757,True,0.006772995,0.8807039,15.86213,3.19452,-1.3,8.019177
2026-08-21 14:32:53.136,17.45487,True,18.83236,1.160614,-8.465834,-0.1215686,-0.1959217,-0.04147265,0.9721707,-0.3708552,0.2526217,0.8936715,True,0.00621134,0.8783063,15.85869,3.186241,-1.3,8.01842
2026-08-21 14:32:53.178,17.49635,True,18.83305,1.160577,-8.465783,-0.1211647,-0.1928239,-0.04154649,0.972837,-0.3651046,0.2517693,0.8962761,True,0.01525432,0.8746129,15.91402,3.173489,-1.3,7.995062
2026-08-21 14:32:53.212,17.53095,True,18.83364,1.160518,-8.465663,-0.1208689,-0.1901065,-0.04081091,0.9734396,-0.3602488,0.250834,0.8985005,True,0.02286905,0.8709825,15.96061,3.160953,-1.3,7.975135
2026-08-21 14:32:53.258,17.57634,True,18.83454,1.160497,-8.465426,-0.1203236,-0.1863421,-0.04046357,0.9742492,-0.3533499,0.2495305,0.9015977,True,0.03360415,0.8659668,16.02629,3.143635,-1.3,7.947477
2026-08-21 14:32:53.301,17.61923,True,18.83527,1.160609,-8.465134,-0.1206345,-0.1833589,-0.03978876,0.9748045,-0.3478783,0.2497813,0.9036537,True,0.04187763,0.8652452,16.07692,3.141143,-1.3,7.92907
2026-08-21 14:32:53.346,17.66336,True,18.83597,1.160671,-8.464857,-0.1212068,-0.1806115,-0.03882509,0.9752851,-0.3428837,0.250447,0.9053768,True,0.04932773,0.865675,16.1225,3.142627,-1.3,7.913674
2026-08-21 14:32:53.384,17.70158,True,18.83659,1.160677,-8.464508,-0.1205219,-0.1783984,-0.03823983,0.9758003,-0.3389449,0.2488544,0.907297,True,0.0554713,0.8607916,16.16009,3.125765,-1.3,7.896541
2026-08-21 14:32:53.428,17.74623,True,18.83699,1.16056,-8.464247,-0.120727,-0.1765438,-0.03861526,0.9760974,-0.3353241,0.2493172,0.9085146,True,0.06080645,0.8610315,16.19274,3.126594,-1.3,7.885671
2026-08-21 14:32:53.474,17.79143,True,18.83727,1.160631,-8.463946,-0.1206604,-0.1760423,-0.03896572,0.9761823,-0.3342955,0.2492924,0.9089003,True,0.06237835,0.8607298,16.20235,3.125552,-1.3,7.881993
2026-08-21 14:32:53.516,17.83456,True,18.83753,1.160501,-8.463744,-0.1203029,-0.1755838,-0.03938515,0.9762921,-0.3333659,0.2487324,0.9093951,True,0.06386459,0.8590887,16.21145,3.119885,-1.3,7.877483
2026-08-21 14:32:53.552,17.8697,True,18.83795,1.160506,-8.463575,-0.119934,-0.1740044,-0.03915252,0.9766297,-0.3304842,0.2478877,0.9106766,True,0.06825173,0.8563541,16.23829,3.110443,-1.3,7.866212
2026-08-21 14:32:53.594,17.91259,True,18.83883,1.160371,-8.463246,-0.1191312,-0.1701665,-0.03886558,0.9774153,-0.3233865,0.2461086,0.9137022,True,0.07891691,0.8503796,16.30355,3.089814,-1.3,7.839804
2026-08-21 14:32:53.637,17.95679,True,18.84041,1.160192,-8.462837,-0.1183963,-0.1631185,-0.03697163,0.9787787,-0.3105592,0.2438292,0.9187493,True,0.09781832,0.8420795,16.4192,3.061155,-1.3,7.796291
2026-08-21 14:32:53.682,18.00123,True,18.84282,1.16002,-8.462177,-0.1177214,-0.1508318,-0.03441775,0.9809214,-0.287805,0.2413335,0.9267828,True,0.1304177,0.8316215,16.61866,3.025045,-1.3,7.727999
2026-08-21 14:32:53.717,18.03512,True,18.84525,1.159973,-8.461578,-0.1175556,-0.1381389,-0.03111204,0.9829193,-0.264244,0.2396909,0.9341967,True,0.1632499,0.8236297,16.81955,2.99745,-1.3,7.666029
2026-08-21 14:32:53.762,18.08024,True,18.84867,1.159843,-8.460834,-0.1173062,-0.1200169,-0.02691803,0.9854495,-0.2302259,0.2376599,0.9436704,True,0.2093549,0.8137314,17.10165,2.963273,-1.3,7.588277
2026-08-21 14:32:53.806,18.12359,True,18.85155,1.159928,-8.460385,-0.118058,-0.1055429,-0.02370089,0.9870974,-0.2027661,0.2380725,0.949846,True,0.2455322,0.8112284,17.32301,2.95463,-1.3,7.53847
2026-08-21 14:32:53.839,18.15703,True,18.85309,1.15998,-8.460123,-0.119096,-0.09742469,-0.02152105,0.987857,-0.1873572,0.239493,0.9526491,True,0.2654563,0.8127872,17.44491,2.960012,-1.3,7.516013
2026-08-21 14:32:53.883,18.20133,True,18.85527,1.159949,-8.4597,-0.1192236,-0.08578352,-0.01735028,0.9890025,-0.1655431,0.2388017,0.9568538,True,0.293514,0.8089586,17.61659,2.946793,-1.3,7.482542
2026-08-21 14:32:53.927,18.24551,True,18.85718,1.159611,-8.459154,-0.1182188,-0.07472098,-0.01545532,0.9900516,-0.144301,0.2363952,0.9608822,True,0.3205569,0.8014594,17.78205,2.920899,-1.3,7.450606
2026-08-21 14:32:53.961,18.27931,True,18.85815,1.159505,-8.458727,-0.1174403,-0.06880324,-0.01449032,0.9905877,-0.1329078,0.2346638,0.9629478,True,0.3349446,0.7965761,17.87009,2.904038,-1.3,7.434179
2026-08-21 14:32:53.994,18.31265,True,18.85863,1.159435,-8.458403,-0.1177149,-0.06604247,-0.01582887,0.9907225,-0.1271329,0.2353363,0.9635632,True,0.3421456,0.7976574,17.91415,2.907772,-1.3,7.429095
2026-08-21 14:32:54.039,18.3568,True,18.85891,1.159315,-8.458076,-0.1174762,-0.06419471,-0.01484318,0.9908875,-0.123732,0.2347172,0.9641567,True,0.3464202,0.7959564,17.9403,2.901898,-1.3,7.424184
2026-08-21 14:32:54.072,18.39021,True,18.8589,1.15923,-8.457924,-0.1173603,-0.06408443,-0.01556002,0.9908974,-0.1233499,0.2345783,0.9642395,True,0.346898,0.7955792,17.94322,2.900596,-1.3,7.423388
2026-08-21 14:32:54.117,18.43465,True,18.8587,1.15907,-8.457725,-0.1180306,-0.06387899,-0.01619086,0.9908209,-0.1227633,0.2359628,0.9639765,True,0.3475399,0.7986336,17.94715,2.911142,-1.3,7.425207
2026-08-21 14:32:54.150,18.46878,True,18.85869,1.159142,-8.457656,-0.1182136,-0.06371131,-0.01552914,0.9908205,-0.1225814,0.2362358,0.9639328,True,0.3477544,0.7992597,17.94846,2.913304,-1.3,7.425471
2026-08-21 14:32:54.195,18.51269,True,18.85857,1.159111,-8.457554,-0.1184636,-0.06375421,-0.01554434,0.9907876,-0.1226509,0.2367265,0.9638036,True,0.3476334,0.8003672,17.94772,2.917128,-1.3,7.426362
2026-08-21 14:32:54.239,18.55681,True,18.85851,1.159018,-8.457506,-0.1184724,-0.06349573,-0.01453869,0.9908184,-0.1223806,0.2366156,0.9638652,True,0.3479611,0.8000656,17.94973,2.916087,-1.3,7.425838
2026-08-21 14:32:54.272,18.59035,True,18.85857,1.159044,-8.457515,-0.1188077,-0.06320792,-0.01423831,0.9908011,-0.1218697,0.2372295,0.963779,True,0.3485776,0.8014398,17.9535,2.920831,-1.3,7.426511
2026-08-21 14:32:54.317,18.63496,True,18.85875,1.159091,-8.457506,-0.1188205,-0.06245053,-0.01312891,0.9908629,-0.1206399,0.2371095,0.9639632,True,0.3501273,0.801097,17.96298,2.919648,-1.3,7.425082
2026-08-21 14:32:54.353,18.67115,True,18.85891,1.159128,-8.457464,-0.1188647,-0.06210227,-0.0122582,0.9908906,-0.120159,0.2370863,0.964029,True,0.3507486,0.8010204,17.96679,2.919383,-1.3,7.424531
2026-08-21 14:32:54.394,18.71256,True,18.85923,1.159132,-8.457493,-0.1190826,-0.06154875,-0.01117864,0.9909118,-0.1193164,0.2373767,0.9640622,True,0.3518272,0.8016303,17.97338,2.921489,-1.3,7.424305
2026-08-21 14:32:54.427,18.74595,True,18.85924,1.159056,-8.457603,-0.1191444,-0.06181892,-0.01141572,0.9908848,-0.1197906,0.2375282,0.9639661,True,0.3512379,0.8019929,17.96978,2.922741,-1.3,7.42516
2026-08-21 14:32:54.462,18.77945,True,18.85918,1.15917,-8.45764,-0.1195797,-0.06297204,-0.01164077,0.9907572,-0.121996,0.2384149,0.9634705,True,0.3484744,0.804199,17.95287,2.930358,-1.3,7.429018
2026-08-21 14:32:54.495,18.81291,True,18.85899,1.159352,-8.457764,-0.1201231,-0.0641884,-0.01193193,0.9906099,-0.1243047,0.2395221,0.9629006,True,0.3455485,0.8069479,17.93497,2.93985,-1.3,7.433544
2026-08-21 14:32:54.539,18.85748,True,18.85889,1.159425,-8.457978,-0.1204303,-0.06560647,-0.01160318,0.9904836,-0.1271695,0.2400909,0.9623847,True,0.3419639,0.8084861,17.91303,2.945161,-1.3,7.437751
2026-08-21 14:32:54.574,18.89135,True,18.85881,1.159599,-8.457946,-0.1207047,-0.06632255,-0.0117705,0.9904005,-0.1285303,0.2406532,0.9620634,True,0.3402445,0.8099186,17.90252,2.950108,-1.3,7.440202
2026-08-21 14:32:54.617,18.93456,True,18.85882,1.159574,-8.457905,-0.1208043,-0.06673145,-0.01150584,0.990364,-0.1293969,0.2408161,0.9619064,True,0.3391686,0.810344,17.89593,2.951576,-1.3,7.441373
2026-08-21 14:32:54.650,18.96829,True,18.85897,1.159598,-8.457868,-0.120481,-0.06669588,-0.01140954,0.9904069,-0.1293629,0.2401724,0.962072,True,0.3392624,0.8088719,17.89651,2.946494,-1.3,7.440054
2026-08-21 14:32:54.694,19.01233,True,18.85923,1.159561,-8.457773,-0.1204408,-0.06596557,-0.01167508,0.9904576,-0.1278599,0.2401233,0.9622851,True,0.3411688,0.8086339,17.90817,2.945672,-1.3,7.438308
2026-08-21 14:32:54.732,19.04955,True,18.85933,1.159517,-8.45766,-0.1204672,-0.06557763,-0.01170033,0.9904798,-0.1270876,0.2401753,0.9623744,True,0.3421412,0.8086771,17.91412,2.945821,-1.3,7.4375
2026-08-21 14:32:54.776,19.09321,True,18.85942,1.159611,-8.457476,-0.1207062,-0.06495706,-0.01140062,0.9904951,-0.125927,0.240599,0.9624212,True,0.3435781,0.8095783,17.92291,2.948933,-1.3,7.436947
2026-08-21 14:32:54.817,19.13505,True,18.85933,1.15954,-8.457383,-0.1210438,-0.0646555,-0.0111827,0.9904762,-0.1253723,0.2412281,0.9623361,True,0.3442261,0.8109519,17.92688,2.953676,-1.3,7.437509
2026-08-21 14:32:54.852,19.17046,True,18.85933,1.159594,-8.457273,-0.1213939,-0.0642692,-0.0112216,0.990458,-0.1245874,0.2419134,0.962266,True,0.3451703,0.8124739,17.93265,2.95893,-1.3,7.437935
2026-08-21 14:32:54.898,19.21531,True,18.85928,1.159461,-8.457259,-0.1214309,-0.06408105,-0.01156558,0.9904617,-0.1241308,0.2420276,0.9622963,True,0.3457232,0.8126639,17.93604,2.959587,-1.3,7.437687
2026-08-21 14:32:54.941,19.25886,True,18.8593,1.15956,-8.457263,-0.121871,-0.06354115,-0.01137161,0.9904447,-0.1230962,0.2428582,0.96222,True,0.346971,0.8145233,17.94367,2.966007,-1.3,7.438282
2026-08-21 14:32:54.984,19.30253,True,18.85929,1.159577,-8.457166,-0.1220413,-0.06311839,-0.01149135,0.9904494,-0.1222263,0.2432022,0.962244,True,0.3480324,0.815249,17.95016,2.968513,-1.3,7.437994
2026-08-21 14:32:55.019,19.3365,True,18.85939,1.15958,-8.457136,-0.1221885,-0.06250363,-0.01167416,0.9904681,-0.1209628,0.243507,0.9623265,True,0.3495983,0.8158595,17.95975,2.970621,-1.3,7.437326
2026-08-21 14:32:55.062,19.3804,True,18.85958,1.159502,-8.457026,-0.122972,-0.06141309,-0.01162167,0.99044,-0.1187937,0.2450201,0.9622127,True,0.352252,0.8191506,17.97598,2.981984,-1.3,7.438091
2026-08-21 14:32:55.106,19.42405,True,18.85987,1.159524,-8.456813,-0.12321,-0.05987312,-0.01169045,0.9905038,-0.1157284,0.2454799,0.962469,True,0.3560662,0.8199906,17.99932,2.984885,-1.3,7.43589
2026-08-21 14:32:55.141,19.45915,True,18.86032,1.159466,-8.456685,-0.1233434,-0.05755757,-0.01103703,0.990632,-0.1113141,0.2456464,0.9629471,True,0.3615748,0.8200601,18.03303,2.985125,-1.3,7.432065
2026-08-21 14:32:55.187,19.50334,True,18.86097,1.159411,-8.456654,-0.123757,-0.05360621,-0.009966911,0.9908134,-0.1037605,0.2463089,0.9636211,True,0.3709449,0.8210971,18.09036,2.988706,-1.3,7.426833
2026-08-21 14:32:55.222,19.54005,True,18.86133,1.159355,-8.456684,-0.1237435,-0.05225762,-0.009421119,0.9908925,-0.1012318,0.2462177,0.9639134,True,0.3741104,0.8207266,18.10973,2.987426,-1.3,7.424613
2026-08-21 14:32:55.263,19.58068,True,18.86151,1.159411,-8.456673,-0.1242332,-0.05207124,-0.01019553,0.9908333,-0.1006546,0.2472507,0.9637094,True,0.374813,0.8230758,18.11403,2.995538,-1.3,7.426173
2026-08-21 14:32:55.300,19.61808,True,18.8615,1.159415,-8.456627,-0.12407,-0.05229268,-0.01027096,0.9908414,-0.1010789,0.2469417,0.9637442,True,0.374302,0.8223894,18.1109,2.993168,-1.3,7.425857
2026-08-21 14:32:55.339,19.65849,True,18.86135,1.159415,-8.45656,-0.1240412,-0.0534065,-0.01080046,0.9907799,-0.1031488,0.2469487,0.963523,True,0.3717376,0.8225219,18.09521,2.993625,-1.3,7.427492
2026-08-21 14:32:55.374,19.69188,True,18.86136,1.159427,-8.456563,-0.124275,-0.05327276,-0.01096416,0.990756,-0.1028355,0.2474206,0.9634355,True,0.3721095,0.8235888,18.09748,2.997309,-1.3,7.428171
2026-08-21 14:32:55.417,19.7357,True,18.86143,1.159334,-8.456505,-0.1242241,-0.05240251,-0.01115937,0.9908066,-0.101069,0.2473336,0.9636447,True,0.3742933,0.8232548,18.11085,2.996156,-1.3,7.426497
2026-08-21 14:32:55.462,19.78024,True,18.86159,1.159248,-8.456392,-0.1239895,-0.05148578,-0.01143924,0.9908809,-0.09919588,0.2468955,0.9639516,True,0.376632,0.8221104,18.12516,2.992204,-1.3,7.424016
2026-08-21 14:32:55.497,19.81486,True,18.86166,1.159218,-8.456354,-0.1238765,-0.05092685,-0.0115218,0.990923,-0.09807462,0.2466778,0.9641221,True,0.3780263,0.821537,18.13369,2.990224,-1.3,7.422663
2026-08-21 14:32:55.540,19.85754,True,18.86175,1.159227,-8.456297,-0.1238357,-0.05053177,-0.01181633,0.9909448,-0.09722183,0.2466228,0.9642226,True,0.3790886,0.821362,18.14019,2.98962,-1.3,7.421831
2026-08-21 14:32:55.584,19.90209,True,18.86159,1.159174,-8.456242,-0.1238051,-0.05092101,-0.01196497,0.990927,-0.09795535,0.2465821,0.9641587,True,0.3781657,0.82129,18.13454,2.989372,-1.3,7.422266
2026-08-21 14:32:55.619,19.93701,True,18.86143,1.159158,-8.456201,-0.1239442,-0.05140923,-0.01195464,0.9908845,-0.0989178,0.246858,0.9639899,True,0.3769513,0.8219684,18.12711,2.991714,-1.3,7.423523
2026-08-21 14:32:55.662,19.97976,True,18.86126,1.159205,-8.45617,-0.1241519,-0.05206604,-0.01236433,0.9908192,-0.1001059,0.2473117,0.9637509,True,0.3754526,0.823087,18.11794,2.995576,-1.3,7.425331
2026-08-21 14:32:55.707,20.02398,True,18.86088,1.159225,-8.45614,-0.124467,-0.05321981,-0.01276625,0.9907132,-0.1022732,0.247981,0.9633512,True,0.3727093,0.824751,18.10115,3.001322,-1.3,7.42838
2026-08-21 14:32:55.741,20.05912,True,18.86042,1.159348,-8.456126,-0.1248678,-0.05496518,-0.01309389,0.9905632,-0.1056229,0.2488184,0.9627737,True,0.3684912,0.8269083,18.07535,3.008771,-1.3,7.432823
2026-08-21 14:32:55.784,20.10235,True,18.85954,1.159515,-8.456309,-0.1256489,-0.0581685,-0.01299548,0.9902828,-0.1119408,0.2503677,0.9616576,True,0.3605111,0.8309311,18.02652,3.022661,-1.3,7.441639
2026-08-21 14:32:55.819,20.1368,True,18.859,1.15962,-8.456558,-0.125957,-0.0600002,-0.01317792,0.9901319,-0.1154965,0.2510094,0.9610696,True,0.3560064,0.8326943,17.99896,3.028749,-1.3,7.446451
2026-08-21 14:32:55.862,20.18069,True,18.85832,1.159889,-8.456817,-0.1277558,-0.06237163,-0.01208792,0.9897687,-0.1203784,0.2544052,0.9595765,True,0.3497218,0.8409692,17.9605,3.057321,-1.3,7.458307
2026-08-21 14:32:55.897,20.2141,True,18.85776,1.160071,-8.457039,-0.1287318,-0.06399686,-0.01157856,0.9895446,-0.1236744,0.2562537,0.958665,True,0.345464,0.8455582,17.93445,3.073166,-1.3,7.46563
2026-08-21 14:32:55.934,20.25143,True,18.85729,1.160188,-8.457214,-0.1293893,-0.06481825,-0.01104732,0.9894114,-0.125405,0.2574706,0.958114,True,0.3431844,0.8485571,17.9205,3.083521,-1.3,7.470107
2026-08-21 14:32:55.970,20.28777,True,18.85661,1.160242,-8.457488,-0.1300763,-0.06601941,-0.01022457,0.9892508,-0.1279595,0.2587062,0.9574432,True,0.3398388,0.8516593,17.90003,3.094233,-1.3,7.475626
2026-08-21 14:32:56.004,20.32114,True,18.85601,1.160203,-8.457777,-0.1300901,-0.06692691,-0.008926222,0.9892005,-0.1300859,0.2585652,0.9571947,True,0.3370948,0.8515108,17.88324,3.09372,-1.3,7.47787
2026-08-21 14:32:56.048,20.36449,True,18.85528,1.16044,-8.458146,-0.1312628,-0.06818426,-0.007595888,0.9889708,-0.1328704,0.260666,0.956242,True,0.3334028,0.8567208,17.86065,3.11171,-1.3,7.485705
2026-08-21 14:32:56.088,20.4053,True,18.85456,1.160603,-8.458436,-0.132479,-0.06988152,-0.006252077,0.9886996,-0.1365271,0.2628377,0.9551318,True,0.3286094,0.8621617,17.83132,3.130496,-1.3,7.49471
2026-08-21 14:32:56.131,20.44852,True,18.85347,1.160978,-8.459022,-0.1342989,-0.07307429,-0.004589613,0.9882323,-0.143196,0.2661077,0.9532479,True,0.3199027,0.870557,17.77805,3.159484,-1.3,7.510136
2026-08-21 14:32:56.172,20.49102,True,18.85256,1.161326,-8.459697,-0.136073,-0.07541084,-0.003946698,0.9878167,-0.1479101,0.2694256,0.9515947,True,0.3136343,0.8789474,17.7397,3.188455,-1.3,7.523893
2026-08-21 14:32:56.208,20.52563,True,18.85194,1.161454,-8.460145,-0.1374624,-0.07705461,-0.003368936,0.9874995,-0.1512566,0.2720073,0.9503334,True,0.3091593,0.8854342,17.71231,3.210853,-1.3,7.534351
2026-08-21 14:32:56.252,20.56955,True,18.85064,1.161686,-8.460833,-0.1389612,-0.0798793,-0.001375413,0.98707,-0.1573107,0.2745486,0.9486182,True,0.3011239,0.8921874,17.66315,3.234171,-1.3,7.548698
2026-08-21 14:32:56.286,20.60316,True,18.84958,1.161995,-8.461243,-0.1403094,-0.08262692,-0.0002874421,0.9866539,-0.1629677,0.2769211,0.9469721,True,0.2936103,0.8985506,17.61718,3.256142,-1.3,7.562253
2026-08-21 14:32:56.329,20.64647,True,18.84793,1.162347,-8.461897,-0.1428096,-0.08677879,0.001955505,0.9859366,-0.1716753,0.2812631,0.9441497,True,0.2819246,0.9100603,17.54568,3.295884,-1.3,7.585552
2026-08-21 14:32:56.374,20.69209,True,18.84609,1.162742,-8.462615,-0.1456811,-0.09150692,0.003403628,0.9850848,-0.1812758,0.2863935,0.940807,True,0.2689007,0.9237441,17.46599,3.343132,-1.3,7.613266
2026-08-21 14:32:56.419,20.7375,True,18.8445,1.163021,-8.463379,-0.1480879,-0.09578762,0.004690163,0.9843134,-0.1899592,0.2906314,0.9377894,True,0.2570503,0.9352996,17.39348,3.383032,-1.3,7.63858
2026-08-21 14:32:56.452,20.77089,True,18.84294,1.163326,-8.464037,-0.1498865,-0.09991996,0.00552045,0.9836258,-0.1982226,0.2937612,0.9351001,True,0.2457455,0.9442408,17.32431,3.413904,-1.3,7.661251
2026-08-21 14:32:56.495,20.81347,True,18.84066,1.163785,-8.464799,-0.153305,-0.1059244,0.007297658,0.9824583,-0.2103702,0.2996856,0.9305552,True,0.2288478,0.9608376,17.22092,3.471211,-1.3,7.699489
2026-08-21 14:32:56.528,20.84739,True,18.83844,1.164324,-8.465525,-0.1565378,-0.1123016,0.00944485,0.9812213,-0.2233424,0.3050751,0.9257686,True,0.2106782,0.9765983,17.10975,3.52563,-1.3,7.740082
2026-08-21 14:32:56.574,20.89267,True,18.83491,1.165003,-8.466767,-0.1613983,-0.1239716,0.01248465,0.9789923,-0.2467645,0.3129199,0.9171633,False,-1,-1,0,0,0,-1
2026-08-21 14:32:56.618,20.93639,True,18.83134,1.165721,-8.468349,-0.1662806,-0.1348809,0.01534561,0.9766896,-0.2685769,0.3206694,0.9083158,False,-1,-1,0,0,0,-1
2026-08-21 14:32:56.661,20.97959,True,18.82797,1.166319,-8.469841,-0.1716321,-0.1455131,0.01739271,0.9742001,-0.2894881,0.3293463,0.8987367,False,-1,-1,0,0,0,-1
2026-08-21 14:32:56.695,21.01368,True,18.82641,1.166812,-8.470895,-0.1763024,-0.1507016,0.01952743,0.9725354,-0.3000107,0.3370351,0.892413,False,-1,-1,0,0,0,-1
2026-08-21 14:32:56.729,21.04753,True,18.82488,1.167234,-8.471992,-0.1802163,-0.1560989,0.0213378,0.9709274,-0.3108124,0.3432922,0.8863105,False,-1,-1,0,0,0,-1
2026-08-21 14:32:56.764,21.08187,True,18.82356,1.167699,-8.47311,-0.1842582,-0.1605483,0.02366335,0.9693881,-0.3199876,0.3496372,0.8805463,False,-1,-1,0,0,0,-1
2026-08-21 14:32:56.800,21.11797,True,18.82312,1.167584,-8.474248,-0.1852047,-0.1637203,0.02787459,0.9685649,-0.3274724,0.3496383,0.8777898,False,-1,-1,0,0,0,-1
2026-08-21 14:32:56.841,21.15899,True,18.82338,1.167608,-8.474612,-0.1846284,-0.1652286,0.02997945,0.9683559,-0.3310702,0.3476651,0.8772237,False,-1,-1,0,0,0,-1
2026-08-21 14:32:56.886,21.20352,True,18.82394,1.167999,-8.475259,-0.1852085,-0.1669602,0.03089546,0.9679192,-0.3346521,0.3482171,0.8756443,False,-1,-1,0,0,0,-1
2026-08-21 14:32:56.919,21.23741,True,18.82398,1.168852,-8.476092,-0.1887871,-0.1705871,0.03036192,0.9666114,-0.3412468,0.354609,0.8705189,False,-1,-1,0,0,0,-1
2026-08-21 14:32:56.956,21.27305,True,18.82364,1.16875,-8.476953,-0.1906904,-0.1753517,0.03574259,0.9652002,-0.3521306,0.3555737,0.8657779,False,-1,-1,0,0,0,-1
2026-08-21 14:32:57.004,21.32155,True,18.82381,1.16886,-8.478191,-0.1914111,-0.1788727,0.04163649,0.9641747,-0.3608684,0.3542123,0.8627327,False,-1,-1,0,0,0,-1
2026-08-21 14:32:57.046,21.36312,True,18.82455,1.167304,-8.477407,-0.189046,-0.1750748,0.05037241,0.9649213,-0.3569122,0.3471912,0.8672208,False,-1,-1,0,0,0,-1
2026-08-21 14:32:57.086,21.40416,True,18.82583,1.165332,-8.47611,-0.1852042,-0.1703359,0.06489793,0.9656466,-0.3530073,0.3355747,0.8733702,False,-1,-1,0,0,0,-1
2026-08-21 14:32:57.212,21.52978,True,18.82645,1.16358,-8.474707,-0.1784737,-0.1673179,0.07421915,0.9667696,-0.350008,0.3202494,0.8803038,False,-1,-1,0,0,0,-1
2026-08-21 14:32:57.252,21.56908,True,18.82624,1.139858,-8.456249,-0.08274803,-0.1463452,0.1198188,0.9784576,-0.3062148,0.1268611,0.9434717,True,0.1116115,0.5643237,16.50359,2.102101,-1.3,7.585018
2026-08-21 14:32:57.285,21.60261,True,18.82571,1.126992,-8.450261,-0.03393311,-0.1391314,0.1437849,0.979192,-0.2822308,0.02644408,0.9589821,True,0.1472044,0.339021,16.72137,1.324161,-1.3,7.456095
2026-08-21 14:32:57.328,21.64629,True,18.82813,1.105893,-8.445515,0.05561692,-0.1402251,0.1624203,0.9751222,-0.2554066,-0.1540174,0.9544874,False,-1,-1,0,0,0,-1
2026-08-21 14:32:57.374,21.6916,True,18.8365,1.098237,-8.443912,0.1268853,-0.1161185,0.1012377,0.9798814,-0.2018735,-0.2721761,0.9408333,False,-1,-1,0,0,0,-1
2026-08-21 14:32:57.416,21.73469,True,18.84547,1.092402,-8.443156,0.1526261,-0.1069912,0.07936328,0.9792649,-0.1853197,-0.3159052,0.9305163,False,-1,-1,0,0,0,-1
2026-08-21 14:32:57.451,21.76867,True,18.85134,1.095235,-8.444725,0.1435143,-0.1127718,0.07544128,0.9803034,-0.1994474,-0.2983904,0.9333723,False,-1,-1,0,0,0,-1
2026-08-21 14:32:57.495,21.81273,True,18.85555,1.101085,-8.44657,0.125806,-0.1297038,0.08713276,0.9796723,-0.2322108,-0.2691002,0.9346995,False,-1,-1,0,0,0,-1
2026-08-21 14:32:57.528,21.84648,True,18.85964,1.103293,-8.448183,0.1235551,-0.1348664,0.09763986,0.9782698,-0.2397436,-0.2680772,0.9330904,False,-1,-1,0,0,0,-1
2026-08-21 14:32:57.571,21.89022,True,18.86527,1.104327,-8.450147,0.1307243,-0.1281,0.09886997,0.9781238,-0.2247459,-0.2810596,0.9330031,False,-1,-1,0,0,0,-1
2026-08-21 14:32:57.617,21.93513,True,18.86979,1.105891,-8.44973,0.1496715,-0.02669845,0.1158802,0.9815587,-0.01772426,-0.3000104,0.9537713,False,-1,-1,0,0,0,-1
2026-08-21 14:32:57.662,21.98052,True,18.87342,1.106232,-8.449357,0.1067429,-0.03612027,0.1090787,0.987625,-0.0480598,-0.2187238,0.9746026,False,-1,-1,0,0,0,-1
2026-08-21 14:32:57.706,22.02419,True,18.87612,1.108003,-8.448932,0.09786358,-0.04647364,0.1115489,0.9878359,-0.06998351,-0.2037145,0.9765258,False,-1,-1,0,0,0,-1
2026-08-21 14:32:57.749,22.06836,True,18.87938,1.109168,-8.449277,0.09041545,-0.02756312,0.1201689,0.9882433,-0.0327479,-0.1853294,0.9821306,False,-1,-1,0,0,0,-1
2026-08-21 14:32:57.794,22.11255,True,18.88264,1.109534,-8.449678,0.09102077,-0.01593897,0.1197234,0.9884976,-0.009716641,-0.1837642,0.9829223,False,-1,-1,0,0,0,-1
2026-08-21 14:32:57.829,22.14655,True,18.88493,1.108198,-8.449801,0.1011735,-0.05272329,0.1123932,0.9870927,-0.08134313,-0.2115867,0.9739683,False,-1,-1,0,0,0,-1
2026-08-21 14:32:57.861,22.17989,True,18.88753,1.10757,-8.44912,0.1042554,-0.05942588,0.1080427,0.986877,-0.09476397,-0.2186157,0.9711987,False,-1,-1,0,0,0,-1
2026-08-21 14:32:57.906,22.22389,True,18.8911,1.107175,-8.447222,0.0993163,-0.05243103,0.1031864,0.9883015,-0.08313915,-0.2071292,0.9747745,False,-1,-1,0,0,0,-1
2026-08-21 14:32:57.940,22.25756,True,18.89385,1.107059,-8.445351,0.0975906,-0.06840562,0.096912,0.9881321,-0.1162722,-0.2061234,0.9715935,False,-1,-1,0,0,0,-1
2026-08-21 14:32:57.973,22.29115,True,18.89683,1.107803,-8.443328,0.08781622,-0.03338265,0.09863065,0.9906796,-0.04882027,-0.1805806,0.9823478,False,-1,-1,0,0,0,-1
2026-08-21 14:32:58.016,22.33442,True,18.90021,1.11278,-8.440893,0.05904132,0.005140116,0.09458943,0.9937508,0.02138536,-0.1163723,0.9929754,True,0.5284372,0.0354292,19.054,0.2758988,-1.3,7.19141
2026-08-21 14:32:58.052,22.37061,True,18.90174,1.117059,-8.440368,0.03818583,0.02750247,0.09450614,0.9944115,0.06191513,-0.07074654,0.9955709,True,0.576129,0.13209,19.3458,0.6096557,-1.3,7.172133
2026-08-21 14:32:58.101,22.41258,True,18.90094,1.121858,-8.440405,0.02775813,0.02510468,0.08261429,0.9958786,0.05458885,-0.05113944,0.9971985,True,0.5673066,0.1743796,19.29182,0.755676,-1.3,7.160465
2026-08-21 14:32:58.139,22.457,True,18.89998,1.123257,-8.440818,0.03633622,0.03790253,0.07226295,0.9960027,0.08075357,-0.06690405,0.9944862,True,0.5980331,0.1417062,19.47983,0.6428591,-1.3,7.180409
2026-08-21 14:32:58.184,22.50117,True,18.89965,1.122346,-8.440066,0.04763664,0.009750251,0.06805547,0.996496,0.02591604,-0.09361233,0.9952714,True,0.5335983,0.08607497,19.08558,0.4507719,-1.3,7.173989
2026-08-21 14:32:58.216,22.53458,True,18.89968,1.120684,-8.438791,0.07405539,0.009010095,0.06419952,0.9951447,0.02744134,-0.1462348,0.9888692,False,-1,-1,0,0,0,-1
2026-08-21 14:32:58.251,22.56858,True,18.9016,1.121445,-8.438099,0.06971357,0.03968017,0.0637724,0.9947355,0.08783415,-0.1336321,0.987131,True,0.6073356,0.0004528244,19.53675,0.1551301,-1.3,7.231156
2026-08-21 14:32:58.295,22.61248,True,18.9042,1.120925,-8.438009,0.05068539,0.0707575,0.05493822,0.994689,0.1463325,-0.09305783,0.9848487,True,0.6772927,0.08482567,19.96479,0.4464585,-1.3,7.247823
2026-08-21 14:32:58.328,22.64595,True,18.90685,1.120918,-8.438096,0.05123586,0.1013496,0.05764977,0.9918567,0.206956,-0.08995169,0.9742063,True,0.7522187,0.08927874,20.42323,0.4618343,-1.3,7.327089
2026-08-21 14:32:58.372,22.69028,True,18.91114,1.121229,-8.43898,0.03397278,0.040235,0.05680494,0.9969956,0.08408788,-0.06317034,0.994454,True,0.6037478,0.1489128,19.51479,0.6677426,-1.3,7.178793
2026-08-21 14:32:58.406,22.72424,True,18.91459,1.122104,-8.440708,0.01782382,0.01690819,0.06398499,0.9976485,0.03601778,-0.03340007,0.9987928,True,0.5477375,0.211346,19.17209,0.8833161,-1.3,7.149338
2026-08-21 14:32:58.451,22.76818,True,18.91681,1.122968,-8.442522,0.04469767,0.02710959,0.07071576,0.9961258,0.06033079,-0.08521485,0.9945344,True,0.5768291,0.1035102,19.35009,0.5109737,-1.3,7.181775
2026-08-21 14:32:58.494,22.81211,True,18.91764,1.125204,-8.443585,0.03671012,0.005668748,0.07526937,0.9964712,0.01682378,-0.0723078,0.9972405,True,0.525848,0.1313898,19.03815,0.6072381,-1.3,7.163352
2026-08-21 14:32:58.528,22.84632,True,18.91775,1.126793,-8.443726,0.01944962,-0.01318535,0.06636357,0.9975188,-0.02372378,-0.04055279,0.9988957,True,0.4784413,0.1978671,18.74809,0.8367751,-1.3,7.151623
2026-08-21 14:32:58.572,22.89013,True,18.91913,1.130089,-8.443585,0.002172949,-0.01488934,0.05183136,0.9985425,-0.02951003,-0.005883034,0.9995472,True,0.4719266,0.270638,18.70823,1.088044,-1.3,7.146821
2026-08-21 14:32:58.605,22.92351,True,18.92138,1.131071,-8.44411,0.004351228,-0.01012377,0.0399969,0.9991391,-0.01988204,-0.009504803,0.9997572,True,0.4835424,0.2634288,18.7793,1.063151,-1.3,7.145845
2026-08-21 14:32:58.650,22.96792,True,18.92289,1.130961,-8.444848,0.02285986,-0.007276934,0.0270171,0.9993472,-0.01330915,-0.04608307,0.998849,True,0.4914508,0.1876001,18.82769,0.8013248,-1.3,7.153081
2026-08-21 14:32:58.684,23.00282,True,18.92291,1.129932,-8.445541,0.03639421,-0.0119792,0.02557521,0.9989384,-0.02207138,-0.07332389,0.9970639,True,0.481161,0.1305825,18.76473,0.6044505,-1.3,7.166583
2026-08-21 14:32:58.728,23.04614,True,18.92261,1.128116,-8.44678,0.05060526,-0.01702057,0.02226463,0.9983255,-0.03173072,-0.101799,0.9942988,True,0.4696888,0.07033094,18.69454,0.3964099,-1.3,7.187758
2026-08-21 14:32:58.774,23.0916,True,18.92298,1.128429,-8.448198,0.05292573,-0.02055711,0.01696479,0.9982427,-0.03924622,-0.1063629,0.9935526,True,0.4608772,0.06071064,18.64062,0.3631922,-1.3,7.194585
2026-08-21 14:32:58.817,23.13481,True,18.92464,1.13,-8.450118,0.04783414,-0.01574926,0.01248739,0.9986531,-0.03026144,-0.09593276,0.9949277,True,0.4717523,0.08312112,18.70716,0.4405727,-1.3,7.18657
2026-08-21 14:32:58.851,23.16909,True,18.92634,1.131747,-8.451868,0.04495708,-0.007430541,0.01235027,0.998885,-0.01373405,-0.08999745,0.9958473,True,0.4914533,0.09610765,18.82771,0.4854136,-1.3,7.181691
2026-08-21 14:32:58.896,23.21425,True,18.92839,1.132177,-8.454984,0.0468692,-0.002240157,0.01682051,0.9987569,-0.002898016,-0.09369724,0.9955965,True,0.5045052,0.08840275,18.90756,0.4588095,-1.3,7.18663
2026-08-21 14:32:58.940,23.25761,True,18.92879,1.132344,-8.458395,0.1286847,-0.06998058,0.01541404,0.9890932,-0.1344675,-0.2567196,0.957086,False,-1,-1,0,0,0,-1
2026-08-21 14:32:58.984,23.30185,True,18.92742,1.130909,-8.461786,0.1707985,-0.1070361,0.02081208,0.9792538,-0.2025217,-0.3389655,0.9187423,False,-1,-1,0,0,0,-1
2026-08-21 14:32:59.028,23.34558,True,18.92628,1.130494,-8.46566,0.1767615,-0.1230898,0.02130142,0.9762943,-0.2328133,-0.3503865,0.9072085,False,-1,-1,0,0,0,-1
2026-08-21 14:32:59.061,23.3791,True,18.92667,1.13301,-8.467753,0.1224721,-0.09954278,0.02279872,0.9872042,-0.1909537,-0.2463489,0.9501836,False,-1,-1,0,0,0,-1
2026-08-21 14:32:59.094,23.4127,True,18.9279,1.135458,-8.47004,0.065673,-0.06616928,0.01996559,0.9954447,-0.1291133,-0.1333899,0.9826174,True,0.3538528,0.002479713,17.98578,0.1621288,-1.3,7.296879
2026-08-21 14:32:59.128,23.44642,True,18.9297,1.136997,-8.472166,0.04219113,-0.04799105,0.01815595,0.9977912,-0.09423806,-0.08593853,0.9918335,True,0.3967496,0.1048375,18.24825,0.5155565,-1.3,7.231219
2026-08-21 14:32:59.172,23.49029,True,18.93193,1.138474,-8.474523,0.04293779,-0.041091,0.01534056,0.9981145,-0.08070966,-0.08697438,0.9929358,True,0.4131769,0.1032383,18.34876,0.5100346,-1.3,7.225565
2026-08-21 14:32:59.206,23.5242,True,18.93368,1.139424,-8.475987,0.04818454,-0.03939313,0.01284087,0.9979787,-0.07738955,-0.09718597,0.9922529,True,0.4173007,0.08196307,18.37399,0.4365741,-1.3,7.232015
2026-08-21 14:32:59.251,23.56808,True,18.93549,1.140579,-8.477299,0.04694016,-0.03446763,0.0101173,0.9982516,-0.06786492,-0.09441362,0.9932172,True,0.4289188,0.08825992,18.44508,0.4583163,-1.3,7.226313
2026-08-21 14:32:59.284,23.6017,True,18.93649,1.141191,-8.478059,0.04351253,-0.02922839,0.008853162,0.998586,-0.05760368,-0.08741953,0.9945047,True,0.4412817,0.1032923,18.52072,0.5102214,-1.3,7.217721
2026-08-21 14:32:59.317,23.63512,True,18.93694,1.141958,-8.478546,0.03457842,-0.02468262,0.004316551,0.9990878,-0.04902169,-0.06930685,0.9963902,True,0.4515847,0.1416406,18.58376,0.6426326,-1.3,7.204553
2026-08-21 14:32:59.361,23.67929,True,18.93672,1.143538,-8.478904,0.02594087,-0.02528896,-0.002006971,0.9993415,-0.05064875,-0.05174607,0.9973751,True,0.4496886,0.1788409,18.57216,0.7710804,-1.3,7.197797
2026-08-21 14:32:59.405,23.72363,True,18.93609,1.144001,-8.47929,0.02461626,-0.02922494,-0.0006066582,0.9992695,-0.05843706,-0.04916111,0.9970799,True,0.4403993,0.1843278,18.51532,0.7900257,-1.3,7.200316
2026-08-21 14:32:59.439,23.7571,True,18.93519,1.143785,-8.479261,0.02482762,-0.03091482,0.0007541231,0.9992134,-0.06174356,-0.04966281,0.9968557,True,0.4363443,0.1831959,18.49051,0.7861176,-1.3,7.201906
2026-08-21 14:32:59.473,23.79066,True,18.93432,1.143786,-8.478982,0.02627129,-0.03116234,0.0002264108,0.999169,-0.062261,-0.05251303,0.9966775,True,0.4355831,0.1772362,18.48586,0.7655395,-1.3,7.202914
2026-08-21 14:32:59.517,23.83476,True,18.93339,1.143596,-8.478175,0.02648912,-0.02912142,0.00169944,0.9992234,-0.05810758,-0.05303608,0.9969006,True,0.4403443,0.1761272,18.51499,0.7617103,-1.3,7.200492
2026-08-21 14:32:59.551,23.86845,True,18.93263,1.142971,-8.477688,0.02905651,-0.02685115,0.002086511,0.9992149,-0.05353888,-0.05817944,0.9968694,True,0.4455982,0.1652247,18.54713,0.7240655,-1.3,7.200228
2026-08-21 14:32:59.595,23.91308,True,18.93175,1.14264,-8.476952,0.02820995,-0.02766146,0.00431616,0.9992099,-0.0550357,-0.0566141,0.9968781,True,0.4437002,0.1684062,18.53552,0.7350507,-1.3,7.199427
2026-08-21 14:32:59.639,23.95676,True,18.93036,1.142044,-8.476473,0.02438747,-0.06135489,0.004623469,0.9978073,-0.1222152,-0.04923533,0.9912816,True,0.3636251,0.1830461,18.04557,0.7856002,-1.3,7.23959
2026-08-21 14:32:59.683,24.00145,True,18.92846,1.141449,-8.475989,0.02786255,-0.07237908,0.00478497,0.9969765,-0.1440538,-0.05624928,0.9879699,True,0.3369148,0.1677804,17.88214,0.73289,-1.3,7.263368
2026-08-21 14:32:59.718,24.03605,True,18.92736,1.141314,-8.475434,0.02707892,-0.06980419,0.002082822,0.997191,-0.1391034,-0.05429649,0.9887882,True,0.342761,0.1719523,17.91791,0.7472949,-1.3,7.256796
2026-08-21 14:32:59.761,24.07898,True,18.92641,1.141608,-8.474798,0.025091,-0.06965725,0.0006416563,0.9972552,-0.1388999,-0.05013365,0.9890366,True,0.3429032,0.1808224,17.91878,0.7779222,-1.3,7.254331
2026-08-21 14:32:59.805,24.12371,True,18.9256,1.14164,-8.474083,0.03070557,-0.1019685,-0.0001691232,0.9943137,-0.2027878,-0.06102744,0.9773192,True,0.2641664,0.1564198,17.43702,0.6936634,-1.3,7.340573
2026-08-21 14:32:59.839,24.15718,True,18.92477,1.1415,-8.473562,0.03780369,-0.1480534,-0.0007487531,0.9882563,-0.292686,-0.07449777,0.9533021,True,0.1473595,0.123764,16.72232,0.5809071,-1.3,7.524961
2026-08-21 14:32:59.873,24.19155,True,18.92329,1.14115,-8.473115,0.04098809,-0.153911,-0.002248841,0.9872317,-0.3040761,-0.08023723,0.9492627,True,0.1315414,0.1104213,16.62554,0.5348366,-1.3,7.556511
2026-08-21 14:32:59.917,24.23522,True,18.92039,1.140634,-8.472513,0.04554076,-0.17704,-0.005045804,0.9831365,-0.3485686,-0.08775896,0.9331657,True,0.06873053,0.09051409,16.24122,0.4660996,-1.3,7.686215
2026-08-21 14:32:59.951,24.26861,True,18.91828,1.140257,-8.472155,0.04503073,-0.1727534,-0.004288523,0.9839259,-0.3403394,-0.0871321,0.936257,True,0.08015585,0.0924505,16.31113,0.4727858,-1.3,7.660454
2026-08-21 14:32:59.993,24.31205,True,18.91493,1.139524,-8.471596,0.0464339,-0.1734153,-0.002283888,0.9837509,-0.341407,-0.09056666,0.935542,True,0.07797867,0.08448056,16.29781,0.4452668,-1.3,7.665711
2026-08-21 14:33:00.028,24.34583,True,18.91236,1.138491,-8.47121,0.04464589,-0.1214844,0.002279219,0.9915862,-0.240721,-0.08909427,0.9664966,True,0.2133763,0.09379541,17.12626,0.4774296,-1.3,7.419799
2026-08-21 14:33:00.061,24.37936,True,18.91115,1.137776,-8.471025,0.06503654,-0.09068155,0.006499146,0.9937328,-0.1793811,-0.1304366,0.9750942,True,0.2894863,0.007227243,17.59194,0.1785213,-1.3,7.354187
2026-08-21 14:33:00.105,24.42356,True,18.91065,1.137304,-8.470522,0.07337154,-0.0886352,0.009205082,0.9933155,-0.1747347,-0.147394,0.9735208,False,-1,-1,0,0,0,-1
2026-08-21 14:33:00.140,24.45748,True,18.91093,1.137309,-8.470215,0.0728761,-0.0829376,0.00944584,0.9938417,-0.1634769,-0.1464214,0.9756209,False,-1,-1,0,0,0,-1
2026-08-21 14:33:00.183,24.50124,True,18.91193,1.137443,-8.46984,0.07088576,-0.07736936,0.008008122,0.9944471,-0.1527442,-0.1422234,0.9779784,False,-1,-1,0,0,0,-1
2026-08-21 14:33:00.221,24.53799,True,18.91287,1.137532,-8.469534,0.07021158,-0.1089167,0.007144984,0.9915425,-0.2149878,-0.1407919,0.966415,False,-1,-1,0,0,0,-1
2026-08-21 14:33:00.261,24.57923,True,18.91395,1.137581,-8.469208,0.07403035,-0.1512482,0.006236761,0.9857001,-0.2972473,-0.14783,0.943287,False,-1,-1,0,0,0,-1
2026-08-21 14:33:00.294,24.61287,True,18.91468,1.137416,-8.468991,0.07924977,-0.1621812,0.006479823,0.9835521,-0.3180003,-0.1579944,0.9348335,False,-1,-1,0,0,0,-1
2026-08-21 14:33:00.339,24.6573,True,18.91504,1.137143,-8.468854,0.08187214,-0.1630889,0.006842353,0.9831847,-0.3195726,-0.1632227,0.9333979,False,-1,-1,0,0,0,-1
2026-08-21 14:33:00.383,24.7014,True,18.9153,1.136996,-8.468626,0.08141812,-0.1622394,0.007057362,0.9833614,-0.3179308,-0.1624168,0.9340989,False,-1,-1,0,0,0,-1
2026-08-21 14:33:00.417,24.73501,True,18.91567,1.136883,-8.468464,0.08077885,-0.1617831,0.006869375,0.9834907,-0.3171146,-0.1611132,0.934602,False,-1,-1,0,0,0,-1
2026-08-21 14:33:00.452,24.76932,True,18.91617,1.136748,-8.46831,0.08033009,-0.1609481,0.006432442,0.9836674,-0.3156053,-0.1601067,0.9352856,False,-1,-1,0,0,0,-1
2026-08-21 14:33:00.493,24.81224,True,18.9172,1.136693,-8.468161,0.07242751,-0.06532079,0.006367437,0.995212,-0.1290937,-0.1449933,0.9809749,False,-1,-1,0,0,0,-1
2026-08-21 14:33:00.527,24.84559,True,18.91827,1.136723,-8.468051,0.07357509,-0.01876883,0.006450516,0.9970922,-0.03647932,-0.1469644,0.9884689,False,-1,-1,0,0,0,-1
2026-08-21 14:33:00.561,24.88004,True,18.91942,1.137007,-8.468072,0.07557008,-0.01401638,0.006237336,0.9970224,-0.02700658,-0.150865,0.9881854,False,-1,-1,0,0,0,-1
2026-08-21 14:33:00.606,24.92359,True,18.92121,1.137709,-8.468527,0.07707885,-0.01032084,0.005915123,0.9969541,-0.01966695,-0.1538102,0.9879047,False,-1,-1,0,0,0,-1
2026-08-21 14:33:00.650,24.96834,True,18.92297,1.138731,-8.469126,0.08011301,-0.005409353,0.003632043,0.9967645,-0.01020175,-0.1597469,0.9871053,False,-1,-1,0,0,0,-1
2026-08-21 14:33:00.694,25.01209,True,18.92432,1.139837,-8.469442,0.07731009,-0.01287871,0.0005707028,0.9969238,-0.02558994,-0.1541592,0.9877146,False,-1,-1,0,0,0,-1
2026-08-21 14:33:00.728,25.04582,True,18.92562,1.141236,-8.469303,0.07435381,-0.01452613,-0.001135588,0.9971255,-0.02913763,-0.1482472,0.988521,False,-1,-1,0,0,0,-1
2026-08-21 14:33:00.761,25.07941,True,18.92665,1.142224,-8.469084,0.07212818,-0.0145597,-0.00112317,0.9972885,-0.02920248,-0.1438325,0.9891711,False,-1,-1,0,0,0,-1
2026-08-21 14:33:00.795,25.11332,True,18.92814,1.142854,-8.468955,0.07014666,0.0001696199,0.001681765,0.9975353,0.0005743441,-0.139947,0.9901589,False,-1,-1,0,0,0,-1
2026-08-21 14:33:00.839,25.15732,True,18.9306,1.143541,-8.468789,0.07062216,0.02597352,0.004359212,0.9971554,0.05241499,-0.1406161,0.9886758,False,-1,-1,0,0,0,-1
2026-08-21 14:33:00.885,25.20202,True,18.93361,1.143035,-8.468993,0.07440604,0.04033763,0.003421462,0.996406,0.08089447,-0.1480012,0.9856732,False,-1,-1,0,0,0,-1
2026-08-21 14:33:00.928,25.24572,True,18.93689,1.141821,-8.470189,0.07756922,0.05106996,0.002634614,0.9956747,0.1021069,-0.1541983,0.9827498,False,-1,-1,0,0,0,-1
2026-08-21 14:33:00.962,25.28107,True,18.93926,1.140867,-8.471987,0.0702085,0.06110884,0.0001933441,0.9956588,0.1217143,-0.1397838,0.9826729,False,-1,-1,0,0,0,-1
2026-08-21 14:33:01.006,25.32358,True,18.94194,1.140256,-8.475502,0.06801985,0.0646766,-0.002456702,0.9955824,0.1284476,-0.1357565,0.9823804,False,-1,-1,0,0,0,-1
2026-08-21 14:33:01.049,25.36787,True,18.94382,1.141288,-8.479368,0.06437203,0.06495667,-0.004595369,0.9957991,0.128776,-0.1288002,0.9832737,True,0.6641013,0.01369516,19.88408,0.2008542,-1.3,7.301495
2026-08-21 14:33:01.083,25.40155,True,18.94486,1.142744,-8.482162,0.05932429,0.06196094,-0.005320476,0.9962998,0.1228321,-0.1188689,0.985283,True,0.656937,0.03553284,19.84024,0.2762567,-1.3,7.289441
2026-08-21 14:33:01.128,25.44555,True,18.9461,1.145188,-8.485193,0.05174084,0.06097497,-0.005999563,0.9967793,0.1209363,-0.10388,0.9872099,True,0.6546604,0.06821949,19.82631,0.3891194,-1.3,7.278283
2026-08-21 14:33:01.162,25.47955,True,18.94677,1.146968,-8.486977,0.04783072,0.05969344,-0.007734129,0.9970402,0.1182937,-0.09630166,0.9882978,True,0.6515056,0.0848827,19.807,0.4466552,-1.3,7.272076
2026-08-21 14:33:01.206,25.52354,True,18.94779,1.148662,-8.489182,0.04396049,0.05930777,-0.01062204,0.9972148,0.1173513,-0.08893604,0.9891001,True,0.650483,0.1009804,19.80075,0.5022385,-1.3,7.268407
2026-08-21 14:33:01.239,25.55744,True,18.94906,1.149182,-8.490683,0.04061989,0.08289439,-0.01071164,0.9956726,0.1642011,-0.08266409,0.9829571,True,0.7076046,0.1132097,20.15026,0.5444645,-1.3,7.315358
2026-08-21 14:33:01.284,25.60195,True,18.95049,1.149581,-8.491958,0.02999649,0.1387988,-0.01120268,0.9898028,0.2740948,-0.06249105,0.9596702,True,0.847236,0.152828,21.00461,0.6812613,-1.3,7.494196
2026-08-21 14:33:01.328,25.6454,True,18.95222,1.149779,-8.492685,0.03204278,0.1571498,-0.01340745,0.9869637,0.3093431,-0.06746408,0.9485544,True,0.8951712,0.1403608,21.2979,0.6382136,-1.3,7.582786
2026-08-21 14:33:01.361,25.67923,True,18.95376,1.149812,-8.492762,0.0347306,0.155468,-0.01482537,0.9871189,0.305901,-0.0731762,0.949247,True,0.8908834,0.1279417,21.27167,0.5953321,-1.3,7.577333
2026-08-21 14:33:01.406,25.72354,True,18.95541,1.149628,-8.492379,0.03712855,0.1619837,-0.01596449,0.9859655,0.3182351,-0.07838692,0.9447655,True,0.9082773,0.1156466,21.3781,0.5528789,-1.3,7.612872
2026-08-21 14:33:01.450,25.76814,True,18.95712,1.148887,-8.491693,0.03950621,0.1619595,-0.01834834,0.9858356,0.3178811,-0.08383663,0.9444168,True,0.9082232,0.1033656,21.37777,0.5104744,-1.3,7.614956
2026-08-21 14:33:01.571,25.88912,True,18.96344,1.147559,-8.488616,0.0328847,0.2001907,-0.02066597,0.9789869,0.3906089,-0.07266165,0.9176846,False,-1,-1,0,0,0,-1
2026-08-21 14:33:01.606,25.92348,True,18.96475,1.146875,-8.487903,0.03477919,0.2017761,-0.02023732,0.9786047,0.3935105,-0.07623698,0.9161536,False,-1,-1,0,0,0,-1
2026-08-21 14:33:01.650,25.96817,True,18.96609,1.146044,-8.486935,0.03690258,0.1988112,-0.02069071,0.9791242,0.3877947,-0.08049152,0.9182246,False,-1,-1,0,0,0,-1
2026-08-21 14:33:01.694,26.01228,True,18.96678,1.14536,-8.485869,0.03835428,0.1946777,-0.02154495,0.9798803,0.3798689,-0.08355385,0.9212591,True,0.9984407,0.09848883,21.92977,0.4936353,-1.3,7.800053
2026-08-21 14:33:01.739,26.05678,True,18.96648,1.145226,-8.484477,0.03708885,0.185265,-0.02265733,0.9817271,0.3620787,-0.08121748,0.9286026,True,0.9719741,0.1052143,21.76783,0.5168575,-1.3,7.73687
2026-08-21 14:33:01.773,26.09082,True,18.96576,1.145159,-8.483501,0.03729483,0.1784011,-0.0224886,0.9829937,0.3490568,-0.08134514,0.9335643,True,0.9529854,0.1059022,21.65165,0.5192327,-1.3,7.694705
2026-08-21 14:33:01.816,26.13486,True,18.96433,1.145035,-8.482424,0.03456572,0.1576322,-0.0204072,0.9866818,0.3096549,-0.0746444,0.9479146,True,0.8972481,0.1233414,21.31061,0.5794482,-1.3,7.577079
2026-08-21 14:33:01.860,26.17912,True,18.96228,1.144881,-8.481359,0.03306184,-0.01524354,-0.02142798,0.9991074,-0.03187676,-0.06541137,0.9973491,True,0.4759355,0.1506931,18.73276,0.6738896,-1.3,7.200447
2026-08-21 14:33:01.907,26.22471,True,18.96078,1.145152,-8.480544,0.03710174,-0.01433564,-0.01929457,0.9990224,-0.03007497,-0.07357774,0.9968359,True,0.4777958,0.1336804,18.74414,0.6151472,-1.3,7.203336
2026-08-21 14:33:01.950,26.26789,True,18.95902,1.145117,-8.480285,0.03875589,-0.01884103,-0.02012756,0.9988683,-0.03919954,-0.07666562,0.996286,True,0.4667423,0.1271458,18.67651,0.592584,-1.3,7.207052
2026-08-21 14:33:01.985,26.30282,True,18.95791,1.144951,-8.48043,0.04030372,-0.01903737,-0.0200083,0.9988058,-0.0396421,-0.07974936,0.9960264,True,0.4660265,0.1206142,18.67213,0.5700315,-1.3,7.209075
2026-08-21 14:33:02.028,26.34575,True,18.95622,1.144932,-8.480597,0.04339419,-0.04768713,-0.02057148,0.9977072,-0.09694096,-0.0846274,0.9916857,True,0.397737,0.1096467,18.25429,0.532162,-1.3,7.240798
2026-08-21 14:33:02.074,26.39063,True,18.95439,1.144973,-8.480839,0.0435101,-0.09049839,-0.02055089,0.9947335,-0.1818319,-0.08284227,0.9798338,True,0.2943668,0.1112949,17.62181,0.5378532,-1.3,7.328628
2026-08-21 14:33:02.107,26.42403,True,18.95297,1.145062,-8.480822,0.04581752,-0.09689317,-0.01916804,0.9940549,-0.1943907,-0.08737575,0.9770249,True,0.2784241,0.1011656,17.52426,0.5028777,-1.3,7.349681
2026-08-21 14:33:02.140,26.45753,True,18.95175,1.145192,-8.48076,0.04309982,-0.09993102,-0.01579965,0.9939349,-0.2000118,-0.08251909,0.9763124,True,0.2713002,0.1114145,17.48067,0.5382658,-1.3,7.354981
2026-08-21 14:33:02.173,26.49121,True,18.95003,1.145464,-8.480691,0.04157686,-0.105091,-0.01422147,0.9934914,-0.2099965,-0.0796234,0.9744545,True,0.2585378,0.1173396,17.40258,0.5587244,-1.3,7.368934
2026-08-21 14:33:02.218,26.53539,True,18.94794,1.145672,-8.480696,0.03931841,-0.1104772,-0.01264959,0.9930201,-0.2204069,-0.07529297,0.9724977,True,0.2451234,0.1263182,17.3205,0.5897263,-1.3,7.383767
2026-08-21 14:33:02.261,26.57954,True,18.94567,1.146076,-8.480593,0.03730637,-0.1152462,-0.01191282,0.9925647,-0.2296676,-0.07131216,0.9706531,True,0.2330545,0.1346603,17.24666,0.6185309,-1.3,7.397692
2026-08-21 14:33:02.306,26.62451,True,18.94359,1.146453,-8.480516,0.0349216,-0.1415128,-0.01187496,0.9892491,-0.2808122,-0.0657314,0.9575092,True,0.166222,0.1447945,16.83773,0.6535228,-1.3,7.499162
2026-08-21 14:33:02.350,26.66852,True,18.94145,1.146558,-8.48049,0.03978536,-0.1665466,-0.01167308,0.9851615,-0.3290794,-0.0745018,0.9413587,True,0.0997957,0.1230014,16.4313,0.578274,-1.3,7.627793
2026-08-21 14:33:02.394,26.71312,True,18.93936,1.146768,-8.480473,0.04358884,-0.1729418,-0.01168625,0.9838976,-0.3413329,-0.08173183,0.9363823,True,0.08191794,0.1061311,16.32191,0.5200231,-1.3,7.668313
2026-08-21 14:33:02.439,26.75768,True,18.93735,1.146825,-8.480497,0.03847068,-0.1561401,-0.01077263,0.9869267,-0.3090266,-0.0725714,0.9482805,True,0.1269358,0.1285133,16.59736,0.5973058,-1.3,7.572124
2026-08-21 14:33:02.484,26.80191,True,18.93491,1.146963,-8.480539,0.03600202,-0.09567087,-0.01023289,0.9947091,-0.1910662,-0.06966509,0.9791019,True,0.279962,0.1397352,17.53367,0.6360537,-1.3,7.333802
2026-08-21 14:33:02.519,26.83616,True,18.93337,1.146864,-8.480645,0.03706579,0.004218193,-0.009033036,0.9992631,0.007760536,-0.07415315,0.9972166,True,0.5178562,0.1330325,18.98925,0.6129102,-1.3,7.200686
2026-08-21 14:33:02.562,26.87966,True,18.93204,1.14688,-8.480802,0.04466277,-0.0009069443,-0.01021434,0.9989495,-0.002724384,-0.08921317,0.9960088,True,0.5052952,0.1014011,18.9124,0.5036913,-1.3,7.209576
2026-08-21 14:33:02.595,26.91331,True,18.93145,1.146942,-8.480868,0.04508056,-0.00891546,-0.01014075,0.9988921,-0.01872547,-0.08988041,0.9957765,True,0.4863394,0.09998012,18.79642,0.4987847,-1.3,7.211325
2026-08-21 14:33:02.639,26.95744,True,18.93124,1.146964,-8.481144,0.04434189,-0.009438265,-0.009297817,0.9989285,-0.01968087,-0.08841325,0.9958894,True,0.4851803,0.1030646,18.78932,0.5094347,-1.3,7.210784
2026-08-21 14:33:02.673,26.99124,True,18.93146,1.146924,-8.481388,0.04383822,-0.005192953,-0.008772767,0.9989867,-0.01114455,-0.08749647,0.9961025,True,0.4952795,0.1050007,18.85112,0.51612,-1.3,7.209487
2026-08-21 14:33:02.716,27.03528,True,18.93197,1.146871,-8.48179,0.04324336,0.0008508768,-0.008906644,0.9990246,0.0009297872,-0.08641751,0.9962586,True,0.5095886,0.1072562,18.93867,0.5239081,-1.3,7.20876
2026-08-21 14:33:02.750,27.06868,True,18.93231,1.147035,-8.481993,0.04193918,0.004992133,-0.009034451,0.9990668,0.009217154,-0.0838903,0.9964324,True,0.5194072,0.1126056,18.99874,0.5423787,-1.3,7.207706
2026-08-21 14:33:02.785,27.10235,True,18.93256,1.147086,-8.482162,0.04135692,0.007533456,-0.008737034,0.9990779,0.01433034,-0.0827692,0.9964657,True,0.5254709,0.1149622,19.03585,0.5505159,-1.3,7.207636
2026-08-21 14:33:02.827,27.14574,True,18.93261,1.147129,-8.482323,0.0404914,0.009026888,-0.008083528,0.9991065,0.01738302,-0.08105637,0.996558,True,0.5290735,0.118562,19.05789,0.5629454,-1.3,7.207129
2026-08-21 14:33:02.862,27.17971,True,18.93244,1.14716,-8.482402,0.04005526,0.009138682,-0.007813097,0.9991251,0.01763546,-0.08018324,0.9966241,True,0.5293419,0.1204028,19.05953,0.5693015,-1.3,7.206731
2026-08-21 14:33:02.905,27.22347,True,18.93218,1.146978,-8.482472,0.03956074,0.00875944,-0.007629446,0.9991497,0.01690033,-0.07918785,0.9967164,True,0.5284324,0.1224412,19.05397,0.5763396,-1.3,7.206135
2026-08-21 14:33:02.950,27.26809,True,18.93197,1.147004,-8.482372,0.0395459,0.007948689,-0.007359708,0.999159,0.01530192,-0.07914228,0.9967459,True,0.5265147,0.122551,19.04223,0.5767188,-1.3,7.205821
2026-08-21 14:33:02.983,27.3015,True,18.93179,1.146975,-8.482353,0.03957026,0.007395608,-0.007973927,0.9991577,0.0141477,-0.07919181,0.996759,True,0.5251251,0.1224418,19.03373,0.5763417,-1.3,7.205707
2026-08-21 14:33:03.019,27.33734,True,18.9317,1.146845,-8.482368,0.04013339,0.007268941,-0.007871352,0.9991369,0.01389353,-0.08031193,0.9966729,True,0.5248134,0.120052,19.03182,0.5680901,-1.3,7.206344
2026-08-21 14:33:03.060,27.37989,True,18.9317,1.1467,-8.482409,0.04084461,0.007611244,-0.007846393,0.9991058,0.01456791,-0.0817356,0.9965476,True,0.525609,0.1170163,19.03669,0.5576081,-1.3,7.207291
2026-08-21 14:33:03.104,27.42375,True,18.93177,1.146702,-8.482418,0.04084461,0.007611244,-0.007846393,0.9991058,0.01456791,-0.0817356,0.9965476,True,0.5256212,0.1170165,19.03677,0.557609,-1.3,7.207301
2026-08-21 14:33:03.138,27.45729,True,18.93196,1.146637,-8.482439,0.04084461,0.007611244,-0.007846393,0.9991058,0.01456791,-0.0817356,0.9965476,True,0.5256515,0.1169972,19.03695,0.5575424,-1.3,7.207322
2026-08-21 14:33:03.182,27.50097,True,18.93211,1.146646,-8.482423,0.04084461,0.007611244,-0.007846393,0.9991058,0.01456791,-0.0817356,0.9965476,True,0.5256763,0.1170001,19.0371,0.5575526,-1.3,7.207305
2026-08-21 14:33:03.216,27.53494,True,18.93216,1.146539,-8.482363,0.04084461,0.007611244,-0.007846393,0.9991058,0.01456791,-0.0817356,0.9965476,True,0.5256845,0.1169707,19.03715,0.5574511,-1.3,7.207245
2026-08-21 14:33:03.260,27.57909,True,18.9323,1.146387,-8.482245,0.04084461,0.007611244,-0.007846393,0.9991058,0.01456791,-0.0817356,0.9965476,True,0.5257073,0.1169294,19.03729,0.5573081,-1.3,7.207128
2026-08-21 14:33:03.294,27.61269,True,18.93237,1.146303,-8.482172,0.04084461,0.007611244,-0.007846393,0.9991058,0.01456791,-0.0817356,0.9965476,True,0.5257179,0.1169069,19.03736,0.5572307,-1.3,7.207054
2026-08-21 14:33:03.338,27.6571,True,18.93262,1.146135,-8.482108,0.04084461,0.007611244,-0.007846393,0.9991058,0.01456791,-0.0817356,0.9965476,True,0.5257587,0.1168596,19.03761,0.5570673,-1.3,7.20699
2026-08-21 14:33:03.372,27.69051,True,18.93278,1.145989,-8.482007,0.04084461,0.007611244,-0.007846393,0.9991058,0.01456791,-0.0817356,0.9965476,True,0.525785,0.1168198,19.03777,0.5569301,-1.3,7.206888
2026-08-21 14:33:03.416,27.7349,True,18.93305,1.145857,-8.481813,0.04084461,0.007611244,-0.007846393,0.9991058,0.01456791,-0.0817356,0.9965476,True,0.5258281,0.1167861,19.03803,0.5568135,-1.3,7.206694
2026-08-21 14:33:03.450,27.76829,True,18.93329,1.145657,-8.481678,0.04084461,0.007611244,-0.007846393,0.9991058,0.01456791,-0.0817356,0.9965476,True,0.5258681,0.1167316,19.03828,0.5566252,-1.3,7.206558
2026-08-21 14:33:03.493,27.81212,True,18.9337,1.145314,-8.48142,0.04084461,0.007611244,-0.007846393,0.9991058,0.01456791,-0.0817356,0.9965476,True,0.5259347,0.1166383,19.03868,0.5563031,-1.3,7.206299
2026-08-21 14:33:03.528,27.84669,True,18.93421,1.144812,-8.481222,0.04084461,0.007611244,-0.007846393,0.9991058,0.01456791,-0.0817356,0.9965476,True,0.5260168,0.1164975,19.03919,0.555817,-1.3,7.206101
2026-08-21 14:33:03.571,27.89016,True,18.93531,1.143541,-8.481002,0.04084461,0.007611244,-0.007846393,0.9991058,0.01456791,-0.0817356,0.9965476,True,0.5261958,0.1161346,19.04028,0.554564,-1.3,7.205879
2026-08-21 14:33:03.604,27.92368,True,18.93658,1.141787,-8.480755,0.04084461,0.007611244,-0.007846393,0.9991058,0.01456791,-0.0817356,0.9965476,True,0.5264035,0.1156327,19.04155,0.5528307,-1.3,7.205632
2026-08-21 14:33:03.649,27.96784,True,18.93848,1.138788,-8.480328,0.04084461,0.007611244,-0.007846393,0.9991058,0.01456791,-0.0817356,0.9965476,True,0.5267127,0.1147741,19.04344,0.5498663,-1.3,7.205203
2026-08-21 14:33:03.693,28.01233,True,18.94109,1.135042,-8.479563,0.04084461,0.007611244,-0.007846393,0.9991058,0.01456791,-0.0817356,0.9965476,True,0.5271374,0.1137075,19.04604,0.5461833,-1.3,7.204436
2026-08-21 14:33:03.727,28.04584,True,18.94279,1.132993,-8.479105,0.04084461,0.007611244,-0.007846393,0.9991058,0.01456791,-0.0817356,0.9965476,True,0.527414,0.113125,19.04774,0.544172,-1.3,7.203976
2026-08-21 14:33:03.760,28.07934,True,18.94434,1.131145,-8.478825,0.04084461,0.007611244,-0.007846393,0.9991058,0.01456791,-0.0817356,0.9965476,True,0.5276661,0.1125965,19.04928,0.5423472,-1.3,7.203695
2026-08-21 14:33:03.806,28.1242,True,18.94543,1.130419,-8.478508,0.04084461,0.007611244,-0.007846393,0.9991058,0.01456791,-0.0817356,0.9965476,True,0.5278441,0.1123938,19.05037,0.5416472,-1.3,7.203377
2026-08-21 14:33:03.849,28.16807,True,18.94623,1.130552,-8.47833,0.04084461,0.007611244,-0.007846393,0.9991058,0.01456791,-0.0817356,0.9965476,True,0.5279739,0.1124363,19.05116,0.5417942,-1.3,7.203198
2026-08-21 14:33:03.893,28.21217,True,18.94682,1.13062,-8.478497,0.04084461,0.007611244,-0.007846393,0.9991058,0.01456791,-0.0817356,0.9965476,True,0.5280714,0.1124522,19.05176,0.5418491,-1.3,7.203366
2026-08-21 14:33:03.926,28.24558,True,18.94711,1.130669,-8.478577,0.04084461,0.007611244,-0.007846393,0.9991058,0.01456791,-0.0817356,0.9965476,True,0.5281186,0.1124645,19.05205,0.5418915,-1.3,7.203446
2026-08-21 14:33:03.961,28.27939,True,18.94729,1.130328,-8.478464,0.04084461,0.007611244,-0.007846393,0.9991058,0.01456791,-0.0817356,0.9965476,True,0.5281478,0.1123683,19.05223,0.5415593,-1.3,7.203333
2026-08-21 14:33:04.004,28.32341,True,18.94693,1.12771,-8.478022,0.04084461,0.007611244,-0.007846393,0.9991058,0.01456791,-0.0817356,0.9965476,True,0.5280883,0.1116205,19.05186,0.5389775,-1.3,7.202889
2026-08-21 14:33:04.040,28.35794,True,18.94573,1.124258,-8.477098,0.04084461,0.007611244,-0.007846393,0.9991058,0.01456791,-0.0817356,0.9965476,True,0.5278897,0.1106428,19.05065,0.5356014,-1.3,7.201962
2026-08-21 14:33:04.082,28.40121,True,18.94282,1.118104,-8.474538,0.04084461,0.007611244,-0.007846393,0.9991058,0.01456791,-0.0817356,0.9965476,True,0.5274081,0.1089213,19.0477,0.5296575,-1.3,7.199393
2026-08-21 14:33:04.116,28.43487,True,18.93939,1.112154,-8.471544,0.04084461,0.007611244,-0.007846393,0.9991058,0.01456791,-0.0817356,0.9965476,True,0.5268403,0.1072692,19.04423,0.5239527,-1.3,7.196389
2026-08-21 14:33:04.160,28.47937,True,18.93514,1.103902,-8.467361,0.04084461,0.007611244,-0.007846393,0.9991058,0.01456791,-0.0817356,0.9965476,True,0.5261353,0.1049787,19.03991,0.5160443,-1.3,7.192192
2026-08-21 14:33:04.204,28.52327,True,18.9299,1.093867,-8.462762,0.04084461,0.007611244,-0.007846393,0.9991058,0.01456791,-0.0817356,0.9965476,True,0.5252681,0.1021817,19.03461,0.5063865,-1.3,7.187577
2026-08-21 14:33:04.239,28.55764,True,18.92617,1.089704,-8.459659,0.04084461,0.007611244,-0.007846393,0.9991058,0.01456791,-0.0817356,0.9965476,True,0.5246515,0.1010496,19.03083,0.5024772,-1.3,7.184463
2026-08-21 14:33:04.286,28.60422,True,18.92752,1.091199,-8.454785,0.1983182,-0.03999563,0.06073014,0.9774365,-0.05409859,-0.3925448,0.9181405,False,-1,-1,0,0,0,-1
2026-08-21 14:33:04.328,28.64551,True,18.92711,1.089095,-8.452679,0.2472879,-0.04051548,0.06011458,0.9662264,-0.04856303,-0.4827434,0.8744143,False,-1,-1,0,0,0,-1
2026-08-21 14:33:04.361,28.67954,True,18.9248,1.089306,-8.451669,0.2819513,-0.06564537,0.0579475,0.9554247,-0.09276167,-0.5463744,0.8323883,False,-1,-1,0,0,0,-1
2026-08-21 14:33:04.406,28.72359,True,18.92189,1.089257,-8.450873,0.259867,-0.09318446,0.04415685,0.9601229,-0.1559873,-0.507238,0.8475716,False,-1,-1,0,0,0,-1
2026-08-21 14:33:04.450,28.76777,True,18.91747,1.089661,-8.450413,0.1571538,-0.1599454,0.03608818,0.9738675,-0.3001885,-0.3176382,0.8994403,False,-1,-1,0,0,0,-1
2026-08-21 14:33:04.484,28.80175,True,18.91436,1.090213,-8.450086,0.1561496,-0.14304,0.05043237,0.9760192,-0.2634695,-0.3192378,0.9103137,False,-1,-1,0,0,0,-1
2026-08-21 14:33:04.517,28.83516,True,18.9116,1.091278,-8.449887,0.165793,-0.1204678,0.06413376,0.9766715,-0.2140491,-0.3393027,0.9160004,False,-1,-1,0,0,0,-1
2026-08-21 14:33:04.551,28.86959,True,18.90979,1.091768,-8.449762,0.1589087,-0.09291485,0.07372714,0.9801425,-0.1587078,-0.3252071,0.9322297,False,-1,-1,0,0,0,-1
2026-08-21 14:33:04.594,28.91229,True,18.90888,1.091746,-8.450626,0.1464148,-0.06458107,0.07710062,0.9840974,-0.1045308,-0.2981313,0.948784,False,-1,-1,0,0,0,-1
2026-08-21 14:33:04.627,28.9457,True,18.90977,1.090628,-8.451159,0.1334889,-0.03622114,0.07480527,0.9875591,-0.05156969,-0.2690755,0.9617375,False,-1,-1,0,0,0,-1
2026-08-21 14:33:04.660,28.97904,True,18.90953,1.090463,-8.44989,0.1185617,-0.02786671,0.07305188,0.9898636,-0.03784617,-0.2387913,0.9703332,False,-1,-1,0,0,0,-1
2026-08-21 14:33:04.706,29.0235,True,18.90932,1.090512,-8.446843,0.1000001,-0.02199068,0.07588074,0.991846,-0.02844658,-0.2017067,0.9790328,False,-1,-1,0,0,0,-1
2026-08-21 14:33:04.739,29.05686,True,18.90859,1.090354,-8.444391,0.09003635,-0.02421683,0.0800182,0.9924234,-0.03365761,-0.1825839,0.982614,False,-1,-1,0,0,0,-1
2026-08-21 14:33:04.781,29.09976,True,18.90716,1.089985,-8.442014,0.0889183,-0.06110401,0.07486381,0.9913402,-0.1078362,-0.1854455,0.9767197,False,-1,-1,0,0,0,-1
2026-08-21 14:33:04.816,29.13468,True,18.90621,1.088862,-8.441073,0.06689105,-0.06939638,0.06877926,0.9929649,-0.1286149,-0.142387,0.9814194,False,-1,-1,0,0,0,-1
2026-08-21 14:33:04.851,29.16904,True,18.90565,1.089119,-8.439868,0.05596063,-0.07798807,0.06842934,0.9930276,-0.1472299,-0.1218142,0.9815726,True,0.3291625,0.01433207,17.83471,0.2030532,-1.3,7.273907
2026-08-21 14:33:04.893,29.21221,True,18.90432,1.089621,-8.437434,0.0437264,-0.06592438,0.07341997,0.9941587,-0.1246578,-0.09662229,0.987484,True,0.356717,0.06883513,18.0033,0.3912451,-1.3,7.227899
2026-08-21 14:33:04.928,29.24636,True,18.90234,1.090745,-8.435178,0.03842996,-0.06520844,0.08397124,0.9935894,-0.1231268,-0.08731847,0.988542,True,0.3584036,0.08888974,18.01362,0.4604909,-1.3,7.21788
2026-08-21 14:33:04.963,29.28015,True,18.90085,1.091213,-8.433283,0.0364306,-0.06476288,0.08885556,0.993269,-0.1221798,-0.08387987,0.9889572,True,0.3593765,0.09633343,18.01958,0.4861931,-1.3,7.212934
2026-08-21 14:33:05.006,29.32353,True,18.89996,1.09066,-8.431265,0.04113047,-0.06334034,0.08779072,0.9932719,-0.1186066,-0.09282887,0.9885926,True,0.3634309,0.07746255,18.04438,0.4210345,-1.3,7.213552
2026-08-21 14:33:05.039,29.35694,True,18.90004,1.090206,-8.429467,0.0440614,-0.05941906,0.0880478,0.9933658,-0.1102907,-0.09800161,0.9890559,True,0.3733422,0.06667191,18.10503,0.3837758,-1.3,7.208356
2026-08-21 14:33:05.072,29.39101,True,18.90025,1.089646,-8.427438,0.04423252,-0.05680943,0.08724023,0.9935821,-0.1051719,-0.09780943,0.9896324,True,0.3795137,0.06708773,18.14279,0.3852115,-1.3,7.202107
2026-08-21 14:33:05.117,29.43517,True,18.90038,1.088584,-8.42477,0.04824217,-0.05769631,0.08318045,0.9936926,-0.1066392,-0.1054742,0.9886876,True,0.3777349,0.0506652,18.1319,0.3285068,-1.3,7.20629
2026-08-21 14:33:05.160,29.47924,True,18.89939,1.08893,-8.420409,0.04213925,-0.06991651,0.08773855,0.992793,-0.1314308,-0.09593985,0.9866719,True,0.3481543,0.07037781,17.95091,0.3965719,-1.3,7.216592
2026-08-21 14:33:05.206,29.52341,True,18.89813,1.091006,-8.417217,0.03224314,-0.08323762,0.09715191,0.9912586,-0.158755,-0.08009596,0.9840637,True,0.3153087,0.1037247,17.74994,0.511714,-1.3,7.232476
2026-08-21 14:33:05.240,29.55781,True,18.89785,1.093802,-8.416273,0.03482292,-0.07778303,0.1033923,0.990983,-0.1469625,-0.08510217,0.9854743,True,0.3294739,0.09432715,17.83661,0.4792657,-1.3,7.221165
2026-08-21 14:33:05.284,29.60161,True,18.89905,1.096946,-8.416342,0.04555777,-0.0516188,0.1061174,0.9919673,-0.09273939,-0.1013389,0.99052,True,0.3942193,0.06235828,18.23277,0.3688813,-1.3,7.18445
2026-08-21 14:33:05.319,29.6374,True,18.90104,1.099359,-8.417216,0.01387242,-0.05257571,0.09623738,0.9938721,-0.101837,-0.03769431,0.9940867,True,0.3842769,0.1957555,18.17193,0.8294842,-1.3,7.159553
2026-08-21 14:33:05.361,29.67924,True,18.90524,1.104974,-8.41806,0.01449047,-0.02077295,0.06981333,0.9972385,-0.03940791,-0.03180136,0.998717,True,0.4582206,0.2098987,18.62437,0.8783189,-1.3,7.127205
2026-08-21 14:33:05.395,29.71287,True,18.90908,1.10906,-8.419816,0.01694095,-0.009949365,0.05019924,0.998546,-0.01816895,-0.03483153,0.999228,True,0.4835944,0.2048464,18.77962,0.8608738,-1.3,7.125317
2026-08-21 14:33:05.430,29.74676,True,18.91174,1.111621,-8.422396,0.02427204,-0.01068547,0.04288761,0.9987279,-0.01926181,-0.04939887,0.9985934,True,0.4827347,0.1754255,18.77436,0.7592875,-1.3,7.132428
2026-08-21 14:33:05.472,29.79056,True,18.91481,1.115057,-8.4263,0.03106334,-0.0126866,0.03359358,0.9988722,-0.02325752,-0.062909,0.9977483,True,0.4785405,0.1483318,18.7487,0.6657367,-1.3,7.142383
2026-08-21 14:33:05.506,29.82436,True,18.91758,1.118007,-8.429184,0.03079943,-0.01191768,0.02824982,0.9990552,-0.02207269,-0.062214,0.9978187,True,0.4803677,0.1505809,18.75988,0.6735023,-1.3,7.144768
2026-08-21 14:33:05.550,29.86824,True,18.92162,1.122288,-8.433588,0.01479902,-0.003509138,0.02265166,0.9996277,-0.006345218,-0.02974599,0.9995373,True,0.4994004,0.2190722,18.87633,0.9099938,-1.3,7.13689
2026-08-21 14:33:05.595,29.91252,True,18.92592,1.126324,-8.438654,0.005938617,0.004307631,0.01485476,0.9998628,0.008790514,-0.01174763,0.9998924,True,0.5177625,0.2574343,18.98868,1.042453,-1.3,7.139422
2026-08-21 14:33:05.628,29.94637,True,18.92908,1.129072,-8.442776,0.003678117,0.008330533,0.01193013,0.9998874,0.01674695,-0.007156637,0.9998341,True,0.5275757,0.2677134,19.04873,1.077945,-1.3,7.14396
2026-08-21 14:33:05.673,29.99043,True,18.93305,1.131978,-8.448296,0.001670823,0.01042204,0.007046269,0.9999195,0.02086595,-0.003194503,0.9997772,True,0.5330524,0.2767472,19.08224,1.109138,-1.3,7.149889
2026-08-21 14:33:05.716,30.03479,True,18.93752,1.135341,-8.45448,-0.0009368133,0.01365034,0.003099045,0.9999016,0.02729219,0.001958048,0.9996256,True,0.5413252,0.2883947,19.13285,1.149355,-1.3,7.15716
2026-08-21 14:33:05.750,30.06833,True,18.94024,1.137812,-8.459124,-0.002568212,0.01486185,-0.001739397,0.9998848,0.02972922,0.005084131,0.999545,True,0.5446452,0.295598,19.15317,1.174227,-1.3,7.162382
2026-08-21 14:33:05.794,30.1125,True,18.94288,1.140399,-8.46508,-0.00554373,0.01492063,-0.003794603,0.9998661,0.02987934,0.01097274,0.9994933,True,0.5452848,0.3085822,19.15708,1.21906,-1.3,7.168713
2026-08-21 14:33:05.829,30.14652,True,18.94276,1.142993,-8.468895,-0.009863816,0.008602103,-0.001882612,0.9999126,0.01723984,0.01969352,0.9996574,True,0.530463,0.3274541,19.06639,1.284222,-1.3,7.171352
2026-08-21 14:33:05.873,30.19108,True,18.94055,1.14684,-8.47237,-0.01658834,-0.03140569,0.003491651,0.999363,-0.06288721,0.03293623,0.997477,True,0.435992,0.3562553,18.48836,1.383669,-1.3,7.190511
2026-08-21 14:33:05.916,30.23462,True,18.93824,1.147928,-8.475394,-0.01138969,-0.05143328,2.036261E-05,0.9986115,-0.1027242,0.02274565,0.9944498,True,0.3883808,0.3355129,18.19704,1.312048,-1.3,7.215442
2026-08-21 14:33:05.964,30.28075,True,18.9376,1.147431,-8.477795,0.003331541,-0.04854508,-0.006680672,0.9987931,-0.0970175,-0.006006413,0.9952645,True,0.3950612,0.275292,18.23792,1.104113,-1.3,7.211946
2026-08-21 14:33:06.006,30.32372,True,18.93764,1.147089,-8.478916,0.01666566,-0.03806552,-0.009845744,0.9990878,-0.07638975,-0.03255135,0.9965466,True,0.4194835,0.2198259,18.38735,0.9125961,-1.3,7.203794
2026-08-21 14:33:06.039,30.35726,True,18.93821,1.147243,-8.479012,0.01561088,-0.03594733,-0.01248976,0.9991537,-0.07222378,-0.03029739,0.9969282,True,0.4245113,0.2245963,18.41811,0.9290676,-1.3,7.201132
2026-08-21 14:33:06.084,30.40203,True,18.93949,1.147148,-8.478271,0.008707232,-0.03089501,-0.01321885,0.9993973,-0.06198297,-0.01658718,0.9979393,True,0.4368555,0.2532008,18.49364,1.027835,-1.3,7.193093
2026-08-21 14:33:06.128,30.44585,True,18.94108,1.146511,-8.476988,-0.007620496,0.04510315,-0.01719488,0.9988053,0.0903606,0.0136717,0.9958153,True,0.6164193,0.3161078,19.59233,1.245045,-1.3,7.207148
2026-08-21 14:33:06.173,30.49057,True,18.94395,1.145514,-8.475348,-0.001980902,0.05932112,-0.01514772,0.9981221,0.1184795,0.002157205,0.9929541,True,0.6503796,0.2917968,19.80012,1.161102,-1.3,7.226263
2026-08-21 14:33:06.206,30.52391,True,18.94615,1.14517,-8.474143,-0.001065585,0.0692742,-0.01791543,0.9974362,0.1382314,-0.0003564472,0.9903999,True,0.6744601,0.2864349,19.94746,1.142588,-1.3,7.243683
2026-08-21 14:33:06.250,30.56815,True,18.94907,1.144498,-8.47261,-0.001006445,0.08296839,-0.02089375,0.9963326,0.1653703,-0.001461532,0.9862305,True,0.7078518,0.2839096,20.15177,1.133869,-1.3,7.272752
2026-08-21 14:33:06.285,30.60246,True,18.95102,1.143765,-8.471591,-0.003447793,0.05751132,-0.02222321,0.9980915,0.1149564,0.004326254,0.9933611,True,0.6472475,0.2958215,19.78095,1.174999,-1.3,7.21952
2026-08-21 14:33:06.328,30.64588,True,18.95307,1.142967,-8.470383,-1.091929E-05,-0.008906248,-0.02212265,0.9997157,-0.01780695,0.000415892,0.9998413,True,0.4910705,0.2874084,18.82536,1.14595,-1.3,7.17152
2026-08-21 14:33:06.362,30.68013,True,18.95403,1.14239,-8.469566,0.001616354,-0.02135762,-0.02067677,0.9995568,-0.04276314,-0.002348063,0.9990825,True,0.4619458,0.2814976,18.64716,1.12554,-1.3,7.176151
2026-08-21 14:33:06.406,30.72344,True,18.95448,1.141899,-8.468759,0.003919662,-0.02072321,-0.0199157,0.9995792,-0.0415851,-0.007010591,0.9991103,True,0.463407,0.2716672,18.6561,1.091597,-1.3,7.175142
2026-08-21 14:33:06.440,30.75753,True,18.95458,1.141655,-8.468176,0.002944886,-0.01749616,-0.01895342,0.999663,-0.03509216,-0.005224564,0.9993704,True,0.4710519,0.2753116,18.70288,1.104181,-1.3,7.172692
2026-08-21 14:33:06.484,30.80134,True,18.95472,1.141346,-8.467764,-0.001048934,0.04439715,-0.01746655,0.9988607,0.08872978,0.0005445475,0.9960556,True,0.6165673,0.28721,19.59323,1.145264,-1.3,7.196148
2026-08-21 14:33:06.527,30.84585,True,18.95481,1.141145,-8.467547,0.004169475,0.1262353,-0.01550375,0.9918704,0.2502888,-0.0121854,0.9680945,True,0.8150849,0.2598885,20.80789,1.050927,-1.3,7.403769
2026-08-21 14:33:06.572,30.89033,True,18.95469,1.14113,-8.467556,0.008524906,0.1276089,-0.01462999,0.99168,0.2528449,-0.02064179,0.9672866,True,0.8184148,0.2417148,20.82826,0.9881755,-1.3,7.409961
2026-08-21 14:33:06.607,30.92399,True,18.95489,1.141085,-8.46747,0.008626001,0.1270359,-0.0143139,0.9917573,0.2517307,-0.02074656,0.9675749,True,0.8170037,0.2414905,20.81963,0.9874011,-1.3,7.407665
2026-08-21 14:33:06.640,30.95753,True,18.9553,1.140995,-8.467401,0.007453373,0.1276057,-0.01191898,0.9917254,0.2529219,-0.01782526,0.9673225,True,0.8185896,0.2477223,20.82933,1.008919,-1.3,7.409525
2026-08-21 14:33:06.684,31.002,True,18.95592,1.140469,-8.46768,0.007211327,0.1340261,-0.009453047,0.9909065,0.2654783,-0.01682541,0.96397,True,0.8350263,0.2495886,20.9299,1.015363,-1.3,7.435584
2026-08-21 14:33:06.728,31.04586,True,18.95599,1.140272,-8.4679,0.006439041,0.1371354,-0.008950562,0.990491,0.2715476,-0.0152105,0.9623048,True,0.8429953,0.2529514,20.97866,1.026974,-1.3,7.448679
2026-08-21 14:33:06.762,31.07937,True,18.95584,1.14018,-8.468058,0.006509,0.1377842,-0.00898206,0.9904002,0.2728061,-0.0153682,0.9619463,True,0.8446331,0.2525714,20.98868,1.025662,-1.3,7.451619
2026-08-21 14:33:06.806,31.12354,True,18.95522,1.139981,-8.468352,0.008316047,0.1104488,-0.007687264,0.9938173,0.219404,-0.01822736,0.9754638,True,0.7758045,0.246887,20.56754,1.006035,-1.3,7.34866
2026-08-21 14:33:06.839,31.15748,True,18.9546,1.140079,-8.468446,-0.00106719,0.1564181,-0.00612853,0.9876714,0.3089924,0.0001908405,0.9510645,True,0.8928275,0.2861249,21.28357,1.141518,-1.3,7.537286
2026-08-21 14:33:06.873,31.19097,True,18.95376,1.140335,-8.468565,-0.002715968,0.1673556,-0.004540528,0.9858825,0.3300106,0.003835484,0.9439694,True,0.9216441,0.294218,21.45988,1.169462,-1.3,7.594064
2026-08-21 14:33:06.907,31.2244,True,18.95295,1.140484,-8.468782,-0.003394489,0.1693031,-0.003943198,0.9855503,0.3337402,0.005355689,0.9426499,True,0.9267319,0.2976214,21.49101,1.181214,-1.3,7.604926
2026-08-21 14:33:06.951,31.26908,True,18.95204,1.140576,-8.469181,-0.004827037,0.1751177,-0.002563036,0.9845324,0.3448429,0.008607084,0.938621,True,0.942247,0.3048918,21.58595,1.206317,-1.3,7.637993
2026-08-21 14:33:06.993,31.31222,True,18.95125,1.140625,-8.469604,-0.005075257,0.1705222,-0.002720827,0.985337,0.3360712,0.009073755,0.9417928,True,0.9297802,0.3058717,21.50966,1.209701,-1.3,7.61272
2026-08-21 14:33:07.029,31.34618,True,18.9509,1.140882,-8.469967,-0.006256129,0.1708135,-0.003960071,0.9852756,0.3366462,0.01097515,0.9415672,True,0.9305605,0.3101453,21.51444,1.224457,-1.3,7.614928
2026-08-21 14:33:07.072,31.39021,True,18.95133,1.141652,-8.470792,-0.009409356,0.1768452,-0.00465108,0.9841828,0.3481835,0.01687601,0.9372745,True,0.947024,0.3235569,21.61517,1.270766,-1.3,7.650685
2026-08-21 14:33:07.106,31.42383,True,18.95189,1.142129,-8.471496,-0.01170597,0.1818139,-0.003138363,0.9832583,0.3576135,0.02187878,0.9336134,True,0.9607049,0.3349748,21.69888,1.31019,-1.3,7.68144
2026-08-21 14:33:07.140,31.45776,True,18.95266,1.1426,-8.47226,-0.01359607,0.1868486,-0.001452638,0.9822935,0.3671198,0.02616782,0.9298055,True,0.9747007,0.3448973,21.78452,1.344451,-1.3,7.713721
2026-08-21 14:33:07.183,31.50142,True,18.9537,1.143291,-8.473378,-0.01517615,0.1923946,-0.0005477447,0.9812002,0.3775719,0.02957091,0.925508,True,0.9903336,0.353017,21.88017,1.372487,-1.3,7.750747
2026-08-21 14:33:07.228,31.54565,True,18.95433,1.144024,-8.474186,-0.01686063,0.1938212,-0.0009847042,0.9808915,0.3802683,0.03269519,0.9242982,True,0.9945369,0.3603469,21.90589,1.397797,-1.3,7.761766
2026-08-21 14:33:07.262,31.57934,True,18.95492,1.144618,-8.474863,-0.01759431,0.1952184,-0.0008609198,0.9806017,0.3828934,0.03416989,0.9231604,True,0.9986068,0.3639359,21.93079,1.410189,-1.3,7.772066
2026-08-21 14:33:07.296,31.61366,True,18.95526,1.145043,-8.47571,-0.01642816,0.1876144,-0.001364175,0.9821044,0.3685586,0.03175647,0.9290619,True,0.9775357,0.3581808,21.80186,1.390317,-1.3,7.723607
2026-08-21 14:33:07.339,31.65722,True,18.95499,1.145418,-8.476473,-0.004178784,0.1362064,-0.001273614,0.9906709,0.2698821,0.007932651,0.9628607,True,0.8410066,0.3043777,20.96649,1.204542,-1.3,7.453282
2026-08-21 14:33:07.383,31.70142,True,18.95487,1.145494,-8.477147,-0.00161011,0.1338803,-0.002087446,0.990994,0.2653558,0.002632283,0.964147,True,0.835073,0.2929513,20.93019,1.165089,-1.3,7.444039
2026-08-21 14:33:07.417,31.73486,True,18.95468,1.145788,-8.477585,-0.002126915,0.1326529,-0.002440827,0.9911573,0.2629701,0.00356865,0.9647974,True,0.8319432,0.2950505,20.91104,1.172337,-1.3,7.439474
2026-08-21 14:33:07.462,31.77968,True,18.95459,1.146056,-8.478059,-0.003394644,0.1327806,-0.00359194,0.9911332,0.2632308,0.005775209,0.9647156,True,0.8322937,0.2998841,20.91318,1.189027,-1.3,7.440596
2026-08-21 14:33:07.506,31.82333,True,18.95481,1.146256,-8.478677,-0.004219669,0.1334973,-0.004120938,0.9910316,0.2646348,0.007263383,0.9643214,True,0.8341972,0.3031568,20.92483,1.200326,-1.3,7.444279
2026-08-21 14:33:07.539,31.85738,True,18.95513,1.146353,-8.479197,-0.00434926,0.1247194,-0.004012562,0.9921744,0.2475218,0.007629561,0.9688523,True,0.8120421,0.3038986,20.78927,1.202888,-1.3,7.410001
2026-08-21 14:33:07.584,31.90148,True,18.95567,1.146649,-8.479929,-0.003417868,0.08531739,-0.004309624,0.9963387,0.1700395,0.006075337,0.9854185,True,0.7148526,0.300431,20.1946,1.190915,-1.3,7.286172
2026-08-21 14:33:07.618,31.93585,True,18.95606,1.147058,-8.480408,0.001305332,0.06020625,-0.004545756,0.9981748,0.1201808,-0.003153265,0.992747,True,0.6544979,0.2811241,19.82531,1.124251,-1.3,7.232867
2026-08-21 14:33:07.661,31.97956,True,18.95648,1.147195,-8.48105,0.004498393,0.06915182,-0.004958035,0.9975837,0.1379248,-0.009660761,0.9903956,True,0.6759438,0.2674825,19.95653,1.077148,-1.3,7.250689
2026-08-21 14:33:07.706,32.02369,True,18.95688,1.147348,-8.48159,0.004073335,0.06968044,-0.004970246,0.9975487,0.1389788,-0.008819358,0.9902561,True,0.6772927,0.2692896,19.96479,1.083388,-1.3,7.252255
2026-08-21 14:33:07.739,32.05726,True,18.95708,1.147352,-8.481893,0.004007876,0.06945109,-0.005243711,0.9975635,0.1385217,-0.008724585,0.990321,True,0.6767794,0.2694902,19.96165,1.08408,-1.3,7.252085
2026-08-21 14:33:07.784,32.10169,True,18.9572,1.147241,-8.482224,0.004117292,0.06835685,-0.00551774,0.9976372,0.1363452,-0.008969478,0.9906208,True,0.6741787,0.2689487,19.94573,1.082211,-1.3,7.250225
2026-08-21 14:33:07.829,32.14631,True,18.95718,1.147214,-8.482436,0.003608985,0.06590893,-0.005161338,0.9978058,0.1314914,-0.007882488,0.991286,True,0.6683245,0.2712337,19.90991,1.0901,-1.3,7.245574
2026-08-21 14:33:07.861,32.17968,True,18.95687,1.147085,-8.482494,0.00472066,0.06383816,-0.005554116,0.9979337,0.1273601,-0.01013094,0.9918048,True,0.6633029,0.2664892,19.87919,1.073718,-1.3,7.241842
2026-08-21 14:33:07.896,32.21376,True,18.95644,1.147075,-8.482564,0.004861113,0.06119088,-0.005477902,0.9980992,0.1220959,-0.01037414,0.9924641,True,0.6569081,0.2659903,19.84006,1.071996,-1.3,7.237102
2026-08-21 14:33:07.929,32.24715,True,18.95584,1.147155,-8.48266,0.004794749,0.05756807,-0.005670966,0.998314,0.1148876,-0.01022626,0.9933258,True,0.6481687,0.266342,19.78659,1.07321,-1.3,7.23092
2026-08-21 14:33:07.974,32.29088,True,18.95495,1.147322,-8.48278,0.004245823,0.05348191,-0.006049628,0.9985415,0.1067564,-0.009126352,0.9942433,True,0.6382989,0.2687111,19.7262,1.08139,-1.3,7.224368
2026-08-21 14:33:08.017,32.33506,True,18.95376,1.147326,-8.482867,0.004070443,0.0478318,-0.006208094,0.9988278,0.09550092,-0.008725232,0.9953911,True,0.6246863,0.2695722,19.64291,1.084364,-1.3,7.216125
2026-08-21 14:33:08.062,32.3799,True,18.95279,1.147397,-8.482931,0.003919039,0.04474981,-0.006439101,0.9989698,0.08935695,-0.008406301,0.9959642,True,0.6172215,0.2702693,19.59723,1.086771,-1.3,7.212038
2026-08-21 14:33:08.106,32.42391,True,18.95196,1.147439,-8.482941,0.004343543,0.04214899,-0.006787515,0.9990789,0.08416136,-0.009251258,0.9964092,True,0.6109174,0.2685252,19.55866,1.080748,-1.3,7.208826
2026-08-21 14:33:08.140,32.45847,True,18.95144,1.147547,-8.483023,0.004344108,0.04140646,-0.006949014,0.9991089,0.08267874,-0.009255941,0.9965333,True,0.6090747,0.268549,19.54739,1.08083,-1.3,7.208011
2026-08-21 14:33:08.184,32.50217,True,18.95078,1.14766,-8.483053,-0.004770414,0.01734829,-0.005835033,0.9998211,0.03474604,0.009336665,0.9993526,True,0.5523856,0.3073395,19.20053,1.214769,-1.3,7.187707
2026-08-21 14:33:08.228,32.54634,True,18.94987,1.14788,-8.483121,-0.00816479,-0.002869562,-0.006277985,0.9999428,-0.005636279,0.01636468,0.9998502,True,0.5048019,0.3220165,18.90938,1.265447,-1.3,7.184197
2026-08-21 14:33:08.273,32.59075,True,18.94898,1.148065,-8.483139,-0.006804524,-0.006150756,-0.00653904,0.9999366,-0.01221174,0.01368862,0.9998317,True,0.4969344,0.3165028,18.86124,1.246409,-1.3,7.184348
2026-08-21 14:33:08.307,32.62481,True,18.94808,1.148149,-8.483199,-0.00672323,-0.006653093,-0.006419706,0.9999347,-0.01321899,0.013531,0.9998211,True,0.4956053,0.3161997,18.85311,1.245362,-1.3,7.184485
2026-08-21 14:33:08.351,32.66824,True,18.94649,1.148365,-8.483147,-0.007261046,-0.01213213,-0.005743158,0.9998836,-0.02417803,0.01465976,0.9996002,True,0.482471,0.3186174,18.77275,1.25371,-1.3,7.18602
2026-08-21 14:33:08.384,32.70202,True,18.94473,1.148275,-8.483047,-0.005796946,-0.01988941,-0.003836248,0.999778,-0.03972552,0.01174392,0.9991416,True,0.4639023,0.312534,18.65913,1.232705,-1.3,7.189218
2026-08-21 14:33:08.427,32.74563,True,18.94157,1.14782,-8.482806,-0.02908754,-0.1443342,0.00200143,0.9890994,-0.2856382,0.05696318,0.9566431,True,0.1595485,0.4118181,16.7969,1.57552,-1.3,7.508345
2026-08-21 14:33:08.461,32.77933,True,18.93916,1.147235,-8.482633,-0.03113353,-0.181812,0.003284853,0.9828349,-0.357587,0.06000378,0.9319502,True,0.05924785,0.4217143,16.1832,1.60969,-1.3,7.707099
2026-08-21 14:33:08.506,32.82341,True,18.93577,1.147174,-8.482346,-0.01619492,-0.189399,0.004002834,0.9817585,-0.3720177,0.03028274,0.9277315,True,0.03840423,0.3556616,16.05567,1.381619,-1.3,7.741837
2026-08-21 14:33:08.539,32.85709,True,18.93299,1.147139,-8.48215,-0.01338489,-0.1946464,0.003686162,0.9807752,-0.3819075,0.02482014,0.9238672,True,0.02342832,0.3436345,15.96403,1.340091,-1.3,7.774007
2026-08-21 14:33:08.582,32.90105,True,18.92972,1.146958,-8.482179,-0.01072677,-0.2029877,0.002133417,0.9791203,-0.3975445,0.02013947,0.9173619,False,-1,-1,0,0,0,-1
2026-08-21 14:33:08.619,32.93736,True,18.92752,1.147111,-8.482244,-0.01137239,-0.20179,0.001533056,0.9793616,-0.3952857,0.02165666,0.9183029,True,0.002487183,0.3368,15.8359,1.316492,-1.3,7.821215
2026-08-21 14:33:08.661,32.97909,True,18.925,1.147316,-8.482303,-0.01250543,-0.2045605,-0.0001576172,0.9787741,-0.400433,0.02454447,0.9159973,False,-1,-1,0,0,0,-1
2026-08-21 14:33:08.706,33.02343,True,18.92278,1.147291,-8.482378,-0.01217737,-0.2051681,-0.001285113,0.9786502,-0.4015442,0.02436211,0.9155155,False,-1,-1,0,0,0,-1
2026-08-21 14:33:08.739,33.05708,True,18.92154,1.147275,-8.482293,-0.01125516,-0.2033929,-0.001709308,0.9790311,-0.3982174,0.02273363,0.9170094,False,-1,-1,0,0,0,-1
2026-08-21 14:33:08.773,33.0905,True,18.92064,1.147134,-8.482147,-0.01103854,-0.2000466,-0.002246763,0.9797217,-0.3919303,0.02252831,0.919719,True,0.006429911,0.3387019,15.86003,1.323059,-1.3,7.809066
2026-08-21 14:33:08.817,33.13475,True,18.91937,1.14671,-8.481948,-0.009179076,-0.1949232,-0.002577826,0.9807722,-0.3823031,0.01901012,0.9238414,True,0.02070081,0.3304295,15.94734,1.294495,-1.3,7.774004
2026-08-21 14:33:08.851,33.16891,True,18.91857,1.146427,-8.481863,-0.007915811,-0.1913885,-0.0020828,0.9814803,-0.3756551,0.01633567,0.9266156,True,0.03045106,0.3242153,16.007,1.273039,-1.3,7.750639
2026-08-21 14:33:08.895,33.21244,True,18.91784,1.146214,-8.481825,-0.006514431,-0.1868552,-0.002008467,0.9823638,-0.3670935,0.01354967,0.9300854,True,0.04291391,0.3177864,16.08326,1.250841,-1.3,7.721684
2026-08-21 14:33:08.929,33.24601,True,18.91763,1.146166,-8.481791,-0.006381063,-0.1820599,-0.002002865,0.9832647,-0.3580007,0.01327783,0.9336269,True,0.05607063,0.3170518,16.16376,1.248304,-1.3,7.692357
2026-08-21 14:33:08.962,33.27974,True,18.91753,1.146334,-8.481768,-0.006794085,-0.1786474,-0.001769107,0.9838881,-0.351514,0.01400133,0.9360779,True,0.06536782,0.3186305,16.22065,1.253755,-1.3,7.67219
2026-08-21 14:33:08.996,33.3134,True,18.91739,1.146421,-8.481873,-0.006688767,-0.1740754,-0.001682752,0.9847082,-0.3428044,0.01375882,0.9393061,True,0.07773662,0.3180122,16.29633,1.25162,-1.3,7.645934
2026-08-21 14:33:09.039,33.35677,True,18.91721,1.146504,-8.482113,-0.006480537,-0.1707212,-0.001427298,0.985297,-0.3364036,0.01325785,0.9416246,True,0.0867269,0.3168554,16.35133,1.247626,-1.3,7.627364
2026-08-21 14:33:09.073,33.39038,True,18.91703,1.146531,-8.48231,-0.006173898,-0.1688676,-0.001298049,0.9856185,-0.332862,0.01260861,0.9428912,True,0.09165949,0.3153924,16.38152,1.242574,-1.3,7.617326
2026-08-21 14:33:09.117,33.43468,True,18.91685,1.146677,-8.482461,-0.006134153,-0.1672767,-0.001198285,0.9858902,-0.3298183,0.01249609,0.9439617,True,0.09587526,0.3151558,16.40731,1.241758,-1.3,7.608847
2026-08-21 14:33:09.163,33.48,True,18.91658,1.146607,-8.482539,0.00557058,-0.1935802,-0.000250039,0.9810686,-0.3798336,-0.01083344,0.9249914,True,0.02394176,0.2632361,15.96718,1.062486,-1.3,7.76498
2026-08-21 14:33:09.205,33.52381,True,18.91622,1.146605,-8.48259,0.009552138,-0.1986751,0.000336379,0.9800189,-0.3894043,-0.01885621,0.9208739,True,0.009523869,0.2450037,15.87896,0.9995317,-1.3,7.799754
2026-08-21 14:33:09.249,33.56808,True,18.9158,1.146463,-8.482684,0.009889858,-0.1967049,0.0002719372,0.9804128,-0.3856987,-0.01949927,0.9224187,True,0.01499635,0.2435829,15.91244,0.9946261,-1.3,7.786794
2026-08-21 14:33:09.295,33.61306,True,18.91502,1.146456,-8.482702,0.008805771,-0.1978829,7.368607E-05,0.9801861,-0.3879229,-0.01729175,0.9215297,True,0.01156151,0.2485215,15.89143,1.011678,-1.3,7.794325
2026-08-21 14:33:09.329,33.64641,True,18.91432,1.146345,-8.482751,0.008567965,-0.1999131,0.0001214916,0.9797762,-0.3917381,-0.01683795,0.9199227,True,0.00571084,0.2494471,15.85563,1.014874,-1.3,7.807994
2026-08-21 14:33:09.372,33.69059,True,18.91349,1.146103,-8.482783,0.009257432,-0.2021478,-9.056611E-05,0.9793113,-0.3959329,-0.0180952,0.9181011,False,-1,-1,0,0,0,-1
2026-08-21 14:33:09.416,33.73471,True,18.91287,1.146107,-8.482755,0.009848406,-0.2017023,-0.0001142731,0.9793974,-0.3950957,-0.01924491,0.9184384,True,0.000374198,0.2438649,15.82297,0.9955996,-1.3,7.820616
2026-08-21 14:33:09.450,33.76815,True,18.91266,1.145973,-8.48279,0.01069747,-0.2003853,8.96174E-05,0.9796588,-0.3926165,-0.02099565,0.9194626,True,0.004065216,0.2399136,15.84556,0.9819562,-1.3,7.811943
2026-08-21 14:33:09.483,33.80149,True,18.91269,1.145781,-8.482789,0.03503009,-0.1676172,0.002670062,0.985226,-0.3300946,-0.06992022,0.9413548,True,0.09369588,0.1328475,16.39397,0.6122713,-1.3,7.630268
2026-08-21 14:33:09.517,33.83498,True,18.91283,1.145572,-8.482804,0.05553614,-0.1481932,0.00485285,0.987386,-0.2921088,-0.1111095,0.949909,True,0.14437,0.043976,16.70403,0.3054099,-1.3,7.56157
2026-08-21 14:33:09.551,33.86847,True,18.91309,1.145302,-8.482913,0.06409316,-0.1415142,0.00517148,0.9878457,-0.2789254,-0.128092,0.9517316,True,0.1613587,0.007240084,16.80798,0.1785656,-1.3,7.547204
2026-08-21 14:33:09.594,33.91241,True,18.91361,1.144933,-8.483246,0.06884459,-0.1375524,0.005238977,0.9880852,-0.2711056,-0.1374899,0.9526795,False,-1,-1,0,0,0,-1
2026-08-21 14:33:09.628,33.94603,True,18.91391,1.144678,-8.483648,0.07133884,-0.1364361,0.004672807,0.9880659,-0.268949,-0.14225,0.952592,False,-1,-1,0,0,0,-1
2026-08-21 14:33:09.664,33.98147,True,18.91434,1.144459,-8.484089,0.07172232,-0.1355862,0.003848494,0.9881586,-0.2674092,-0.1427897,0.9529446,False,-1,-1,0,0,0,-1
2026-08-21 14:33:09.706,34.02372,True,18.91514,1.144305,-8.484574,0.07268599,-0.1329153,0.001499298,0.9884574,-0.2625442,-0.1440926,0.9541005,False,-1,-1,0,0,0,-1
2026-08-21 14:33:09.739,34.05719,True,18.91599,1.144385,-8.484932,0.06989346,-0.1302332,-0.0002644538,0.9890168,-0.2576427,-0.1381827,0.9563084,False,-1,-1,0,0,0,-1
2026-08-21 14:33:09.773,34.09061,True,18.91681,1.144541,-8.485271,0.06792888,-0.1284815,-0.0007826316,0.9893824,-0.2543411,-0.1342142,0.9577563,False,-1,-1,0,0,0,-1
2026-08-21 14:33:09.817,34.13469,True,18.91824,1.144441,-8.485791,0.06690092,-0.1240734,-0.001472942,0.9900141,-0.245866,-0.1321002,0.9602601,True,0.2055515,0.0006795516,17.07838,0.155913,-1.3,7.483171
2026-08-21 14:33:09.864,34.1817,True,18.91965,1.144485,-8.486151,0.06584502,-0.1202139,-0.002012527,0.99056,-0.2384231,-0.129963,0.9624261,True,0.2155263,0.005943752,17.13941,0.1740896,-1.3,7.466703
2026-08-21 14:33:09.906,34.22364,True,18.92105,1.144609,-8.486499,0.06236753,-0.1127841,-0.002721689,0.9916565,-0.2240256,-0.1230804,0.9667801,True,0.2345428,0.02204893,17.25577,0.2296987,-1.3,7.433437
2026-08-21 14:33:09.939,34.25744,True,18.92198,1.14485,-8.486756,0.05003214,-0.04754877,-0.003281909,0.9976097,-0.09519864,-0.09951299,0.9904718,True,0.3939679,0.07797223,18.23123,0.4227943,-1.3,7.255892
2026-08-21 14:33:09.974,34.29166,True,18.92285,1.145246,-8.486982,0.05273528,-0.007058539,-0.003406632,0.9985778,-0.0144563,-0.1052725,0.9943383,True,0.4899262,0.0668373,18.81836,0.384347,-1.3,7.227904
2026-08-21 14:33:10.017,34.33475,True,18.92372,1.14571,-8.487317,0.05097245,-0.01352543,-0.00448695,0.9985984,-0.02747036,-0.1016806,0.9944378,True,0.474697,0.07450169,18.72518,0.4108111,-1.3,7.227518
2026-08-21 14:33:10.064,34.38148,True,18.92437,1.146193,-8.48758,0.0004979323,-0.05607225,-0.008484197,0.9983906,-0.1119725,-4.280586E-05,0.9937113,True,0.3748853,0.2873892,18.11447,1.145883,-1.3,7.233067
2026-08-21 14:33:10.106,34.42368,True,18.92474,1.146363,-8.487822,-0.01009487,-0.06375964,-0.009590241,0.9978682,-0.1270538,0.02136963,0.9916656,True,0.3568015,0.3323872,18.00382,1.301255,-1.3,7.248231
2026-08-21 14:33:10.138,34.45702,True,18.925,1.146541,-8.487882,-0.01064447,-0.06255811,-0.009669301,0.9979377,-0.1246524,0.02245482,0.9919463,True,0.3597305,0.3347039,18.02174,1.309254,-1.3,7.24624
2026-08-21 14:33:10.173,34.49069,True,18.92516,1.146748,-8.487809,-0.01164374,-0.06205397,-0.009704354,0.9979578,-0.1236285,0.0244443,0.9920275,True,0.3609818,0.3389342,18.0294,1.323861,-1.3,7.245574
2026-08-21 14:33:10.216,34.53482,True,18.92541,1.146931,-8.487693,-0.01252207,-0.06113422,-0.009540679,0.9980054,-0.1217856,0.0261607,0.9922116,True,0.363234,0.3425777,18.04318,1.336442,-1.3,7.244112
2026-08-21 14:33:10.261,34.57906,True,18.92584,1.146903,-8.48769,-0.01245935,-0.05974875,-0.00900028,0.9980952,-0.1190456,0.02594674,0.9925497,True,0.3665971,0.3421021,18.06376,1.3348,-1.3,7.241642
2026-08-21 14:33:10.294,34.61274,True,18.92611,1.146998,-8.487673,-0.02027796,-0.06205082,-0.009260481,0.9978241,-0.123456,0.04161692,0.991477,True,0.3612638,0.3750889,18.03112,1.448699,-1.3,7.249459
2026-08-21 14:33:10.339,34.65735,True,18.92646,1.147439,-8.487658,-0.06567053,-0.07321668,-0.01185068,0.9950811,-0.1441566,0.1324303,0.9806534,True,0.3349096,0.5689518,17.86987,2.118081,-1.3,7.329457
2026-08-21 14:33:10.374,34.69102,True,18.92664,1.14744,-8.487709,-0.07008956,-0.07431056,-0.01184672,0.9946985,-0.1461725,0.1411966,0.9791308,True,0.3322503,0.5880288,17.8536,2.183952,-1.3,7.340907
2026-08-21 14:33:10.417,34.73479,True,18.92685,1.147667,-8.487813,-0.08104138,-0.07701378,-0.01242139,0.9936533,-0.1510367,0.1629673,0.9750023,True,0.3256786,0.6358517,17.81339,2.349078,-1.3,7.372097
2026-08-21 14:33:10.450,34.76817,True,18.92703,1.147972,-8.487918,-0.07980157,-0.07635763,-0.01258891,0.9938022,-0.1497595,0.1605365,0.9756024,True,0.3273548,0.6305442,17.82365,2.330752,-1.3,7.367671
2026-08-21 14:33:10.484,34.80166,True,18.92716,1.148394,-8.488052,-0.08101872,-0.07624873,-0.01312067,0.9937052,-0.1494115,0.1630183,0.9752442,True,0.3277267,0.6360965,17.82592,2.349923,-1.3,7.370515
2026-08-21 14:33:10.528,34.84583,True,18.9273,1.149445,-8.488311,-0.08702104,-0.07600483,-0.0137006,0.9932084,-0.1485928,0.1749427,0.9733012,True,0.3283712,0.6626136,17.82987,2.441483,-1.3,7.385494
2026-08-21 14:33:10.573,34.89019,True,18.92743,1.151038,-8.488716,-0.09565057,-0.07537811,-0.01434678,0.9924532,-0.1468739,0.1920203,0.9703382,True,0.3299166,0.7008804,17.83932,2.573613,-1.3,7.408464
2026-08-21 14:33:10.617,34.93453,True,18.92735,1.153145,-8.48925,-0.1069331,-0.07491631,-0.01596935,0.9913112,-0.1451155,0.2144006,0.9659057,True,0.3312126,0.751655,17.84725,2.748931,-1.3,7.443014
2026-08-21 14:33:10.650,34.9679,True,18.92728,1.15496,-8.48994,-0.1153829,-0.07532599,-0.01620049,0.9903284,-0.1454564,0.2309745,0.9620256,True,0.330056,0.7899637,17.84018,2.881206,-1.3,7.473751
2026-08-21 14:33:10.684,35.00124,True,18.92727,1.156608,-8.490917,-0.1221566,-0.07558343,-0.01618358,0.9894964,-0.1456252,0.2441935,0.9587298,True,0.3292121,0.8209428,17.83501,2.988173,-1.3,7.500463
2026-08-21 14:33:10.717,35.03463,True,18.92723,1.158202,-8.492047,-0.1269311,-0.07584134,-0.01656163,0.9888692,-0.14579,0.2535487,0.9562731,True,0.3285159,0.8432277,17.83075,3.065119,-1.3,7.520913
2026-08-21 14:33:10.750,35.06809,True,18.92715,1.159938,-8.493365,-0.1320746,-0.0766549,-0.01701722,0.9881249,-0.1469941,0.2636213,0.9533607,True,0.3264377,0.8675301,17.81804,3.149033,-1.3,7.545271
2026-08-21 14:33:10.796,35.11306,True,18.92709,1.161628,-8.49495,-0.1350881,-0.07657401,-0.01726547,0.9877194,-0.1466026,0.2695024,0.9517753,True,0.3265702,0.881982,17.81885,3.198933,-1.3,7.559505
2026-08-21 14:33:10.839,35.15728,True,18.92737,1.163166,-8.496532,-0.1376163,-0.07487081,-0.01771684,0.9874929,-0.1429925,0.2744432,0.9509122,True,0.3308764,0.8939221,17.84519,3.24016,-1.3,7.568029
2026-08-21 14:33:10.885,35.20207,True,18.9278,1.164119,-8.49794,-0.1393731,-0.07320733,-0.01741424,0.9873766,-0.1397123,0.2777772,0.9504316,True,0.3348827,0.9019324,17.86971,3.267819,-1.3,7.573338
2026-08-21 14:33:10.929,35.24617,True,18.92819,1.164825,-8.499482,-0.1366747,-0.07163808,-0.01788235,0.9878604,-0.1366487,0.2725931,0.9523761,True,0.3390478,0.8896738,17.89519,3.225492,-1.3,7.559494
2026-08-21 14:33:10.962,35.28033,True,18.92828,1.165227,-8.500471,-0.135146,-0.07166821,-0.01813249,0.9880641,-0.1367245,0.2696649,0.9531984,True,0.339092,0.882951,17.89546,3.202279,-1.3,7.55401
2026-08-21 14:33:11.008,35.32533,True,18.92837,1.165972,-8.501685,-0.1343039,-0.07243323,-0.01774766,0.98813,-0.1383797,0.2679904,0.9534318,True,0.3370755,0.8794585,17.88313,3.19022,-1.3,7.553434
2026-08-21 14:33:11.050,35.36817,True,18.92879,1.166479,-8.502762,-0.1320045,-0.07192378,-0.01806218,0.9884713,-0.1374206,0.2635636,0.9548035,True,0.3385465,0.8691792,17.89213,3.154727,-1.3,7.543711
2026-08-21 14:33:11.087,35.40481,True,18.92924,1.166758,-8.503435,-0.1300073,-0.07040571,-0.01891949,0.9888293,-0.1343191,0.259774,0.9562823,True,0.3426853,0.860156,17.91745,3.12357,-1.3,7.532749
2026-08-21 14:33:11.129,35.44629,True,18.9297,1.166766,-8.503926,-0.1221129,-0.06942878,-0.01853372,0.9899114,-0.1329303,0.2443355,0.9605362,True,0.3451836,0.8241531,17.93274,2.999257,-1.3,7.4999
2026-08-21 14:33:11.173,35.49055,True,18.93048,1.166721,-8.504074,0.04735769,-0.06790621,-0.01116388,0.9965046,-0.1363951,-0.09286811,0.986292,True,0.3454272,0.09697093,17.93423,0.4883943,-1.3,7.304199
2026-08-21 14:33:11.207,35.52454,True,18.93102,1.166654,-8.503901,0.04572828,-0.06907054,-0.01264836,0.9964829,-0.138812,-0.08938763,0.9862764,True,0.3426303,0.1043156,17.91711,0.5137544,-1.3,7.304139
2026-08-21 14:33:11.250,35.56805,True,18.93159,1.166133,-8.503519,0.038369,-0.06951137,-0.01420214,0.9967419,-0.1396596,-0.07451356,0.987392,True,0.3419089,0.1358155,17.9127,0.6225194,-1.3,7.295501
2026-08-21 14:33:11.294,35.61258,True,18.93206,1.165334,-8.502961,0.03814027,-0.06701279,-0.01485434,0.9969122,-0.1347448,-0.07405415,0.9881092,True,0.3479755,0.1366805,17.94982,0.6255063,-1.3,7.28964
2026-08-21 14:33:11.339,35.65698,True,18.93241,1.164353,-8.502125,0.0383991,-0.06649952,-0.01517834,0.9969318,-0.1337567,-0.07454386,0.9882066,True,0.3492445,0.1353963,17.95758,0.6210719,-1.3,7.288075
2026-08-21 14:33:11.373,35.69056,True,18.9326,1.163496,-8.501461,0.04138832,-0.06783835,-0.01463457,0.9967301,-0.1364444,-0.08052039,0.98737,True,0.3459508,0.1224047,17.93743,0.5762138,-1.3,7.293579
2026-08-21 14:33:11.407,35.72439,True,18.93271,1.162641,-8.500751,0.0455045,-0.0699374,-0.01398326,0.9964149,-0.1406459,-0.08872682,0.9860762,True,0.3407572,0.1045952,17.90565,0.5147198,-1.3,7.302429
2026-08-21 14:33:11.451,35.76815,True,18.93275,1.161633,-8.499737,0.05338065,-0.03554241,-0.01544235,0.997822,-0.07257864,-0.1054311,0.9917745,True,0.4225107,0.07028805,18.40587,0.3962619,-1.3,7.259449
2026-08-21 14:33:11.495,35.81255,True,18.93284,1.160848,-8.498706,0.06588402,-0.0174085,-0.01533724,0.9975576,-0.03675292,-0.1309122,0.9907125,True,0.4649907,0.01623256,18.66579,0.2096155,-1.3,7.266191
2026-08-21 14:33:11.528,35.84615,True,18.93298,1.16023,-8.497969,0.07092981,-0.007021502,-0.01562652,0.9973342,-0.01622234,-0.141262,0.9898393,False,-1,-1,0,0,0,-1
2026-08-21 14:33:11.573,35.89049,True,18.93328,1.159381,-8.497051,0.07176346,-0.009750716,-0.0149938,0.9972613,-0.02160004,-0.1428414,0.9895099,False,-1,-1,0,0,0,-1
2026-08-21 14:33:11.606,35.92393,True,18.93341,1.158746,-8.496385,0.07151639,-0.01000228,-0.01455316,0.9972831,-0.02203178,-0.1423531,0.9895707,False,-1,-1,0,0,0,-1
2026-08-21 14:33:11.650,35.96799,True,18.93368,1.157709,-8.495448,0.06755502,-0.05559243,-0.01174111,0.9960964,-0.1123372,-0.1332772,0.9846916,True,0.3746114,0.008759275,18.11279,0.1838112,-1.3,7.307311
2026-08-21 14:33:11.684,36.00213,True,18.93386,1.156881,-8.494695,0.07119419,-0.06334975,-0.01005402,0.995398,-0.127548,-0.1404593,0.9818364,False,-1,-1,0,0,0,-1
2026-08-21 14:33:11.719,36.0364,True,18.93381,1.15588,-8.49391,0.07690404,-0.06537843,-0.005379627,0.9948782,-0.1309146,-0.1523169,0.9796228,False,-1,-1,0,0,0,-1
2026-08-21 14:33:11.761,36.07907,True,18.9333,1.153733,-8.492497,0.08711086,-0.06406677,0.001422622,0.9941354,-0.1271342,-0.1733823,0.9766143,False,-1,-1,0,0,0,-1
2026-08-21 14:33:11.793,36.11255,True,18.93305,1.150523,-8.491069,0.07826452,-0.05360464,0.004661534,0.9954795,-0.105995,-0.1563212,0.9820024,False,-1,-1,0,0,0,-1
2026-08-21 14:33:11.828,36.14599,True,18.93324,1.148737,-8.48983,0.06787964,-0.0464214,0.006756389,0.9965901,-0.09160898,-0.1359236,0.9864748,True,0.3995775,0.001304413,18.26555,0.1580704,-1.3,7.288406
2026-08-21 14:33:11.873,36.1907,True,18.93353,1.147396,-8.488514,0.005932108,-0.01769163,0.00592646,0.9998084,-0.03530617,-0.01207164,0.9993036,True,0.4672398,0.2626779,18.67955,1.060558,-1.3,7.193523
2026-08-21 14:33:11.908,36.22621,True,18.93411,1.146834,-8.487487,0.03255509,-0.004100616,0.006618044,0.9994397,-0.007765734,-0.06512797,0.9978467,True,0.499701,0.1518017,18.87817,0.6777177,-1.3,7.202997
2026-08-21 14:33:11.950,36.26823,True,18.93494,1.146946,-8.486734,0.03222607,-9.373761E-05,0.005330806,0.9994664,0.0001562067,-0.06441875,0.997923,True,0.5091632,0.153338,18.93607,0.6830225,-1.3,7.201693
2026-08-21 14:33:11.984,36.30178,True,18.93559,1.147488,-8.486466,0.01909819,0.005649325,0.003715626,0.9997948,0.01143825,-0.03814656,0.9992067,True,0.5225313,0.2083962,19.01786,0.8731309,-1.3,7.192173
2026-08-21 14:33:12.019,36.33686,True,18.93631,1.148187,-8.486348,-0.03355924,0.005608828,0.001625251,0.9994197,0.01110206,0.06709777,0.9976847,True,0.5222723,0.428029,19.01628,1.631494,-1.3,7.203025
2026-08-21 14:33:12.061,36.37883,True,18.93719,1.149149,-8.48647,-0.06160183,0.006099917,-0.0004633525,0.998082,0.01223352,0.1229617,0.992336,True,0.523827,0.5462325,19.02579,2.039635,-1.3,7.241972
2026-08-21 14:33:12.094,36.41238,True,18.93806,1.150667,-8.486787,-0.06886829,0.008632252,-0.003282616,0.997583,0.01767491,0.137347,0.9903653,True,0.5304511,0.5774294,19.06632,2.147353,-1.3,7.256703
2026-08-21 14:33:12.129,36.44646,True,18.93899,1.152797,-8.48737,-0.07697506,0.01006598,-0.00798767,0.9969503,0.02130027,0.1533198,0.987947,True,0.5349664,0.6124302,19.09395,2.268206,-1.3,7.275055
2026-08-21 14:33:12.172,36.49059,True,18.94017,1.156118,-8.488671,-0.08900494,0.0102932,-0.01190983,0.9959068,0.02262221,0.1770361,0.9839444,True,0.5368466,0.6649467,19.10545,2.449539,-1.3,7.305974
2026-08-21 14:33:12.217,36.53495,True,18.94098,1.157592,-8.49058,-0.09086897,0.008803593,-0.01228667,0.9957482,0.01976528,0.1807489,0.9833307,True,0.5335889,0.6735698,19.08552,2.479313,-1.3,7.312473
2026-08-21 14:33:12.260,36.5792,True,18.94142,1.158175,-8.492432,-0.08743487,0.006853302,-0.0115212,0.99608,0.01566758,0.1740263,0.9846163,True,0.5287427,0.6591154,19.05586,2.429404,-1.3,7.304806
2026-08-21 14:33:12.296,36.61313,True,18.94173,1.158427,-8.493478,-0.08462387,0.005604363,-0.01131575,0.996333,0.01308279,0.1685003,0.9856148,True,0.525694,0.6471879,19.03721,2.38822,-1.3,7.298468
2026-08-21 14:33:12.339,36.65703,True,18.94221,1.1585,-8.494318,-0.08088984,0.004627509,-0.01177752,0.9966428,0.01112931,0.1611275,0.9868708,True,0.5234274,0.6312315,19.02334,2.333125,-1.3,7.29003
2026-08-21 14:33:12.372,36.69041,True,18.94279,1.1588,-8.495048,-0.08009309,0.004932313,-0.0128713,0.9966921,0.0118938,0.1595293,0.9871215,True,0.5244317,0.6278927,19.02949,2.321596,-1.3,7.288918
2026-08-21 14:33:12.418,36.73557,True,18.9436,1.158829,-8.49584,-0.07855833,0.006540793,-0.01329438,0.9967994,0.01512849,0.1564399,0.9875716,True,0.5284097,0.6212653,19.05383,2.298713,-1.3,7.286398
2026-08-21 14:33:12.462,36.7794,True,18.94427,1.158712,-8.496614,-0.07501748,0.007669603,-0.01241138,0.9970755,0.01715649,0.1494058,0.9886271,True,0.5309162,0.6060848,19.06916,2.246297,-1.3,7.279401
2026-08-21 14:33:12.506,36.82381,True,18.94461,1.15873,-8.497063,-0.07198997,0.007383164,-0.01235521,0.9973015,0.01650538,0.143409,0.9895259,True,0.5301798,0.5931917,19.06466,2.201779,-1.3,7.273244
2026-08-21 14:33:12.550,36.8682,True,18.9446,1.158852,-8.497147,-0.06992013,0.006454233,-0.01238608,0.9974548,0.01460768,0.1393245,0.990139,True,0.5279126,0.5844451,19.05079,2.171578,-1.3,7.268824
2026-08-21 14:33:12.584,36.90178,True,18.94444,1.15902,-8.497093,-0.06909621,0.004798405,-0.01285778,0.9975156,0.01134982,0.1377257,0.9904054,True,0.5240123,0.5810477,19.02692,2.159847,-1.3,7.266816
2026-08-21 14:33:12.628,36.94583,True,18.94398,1.159347,-8.496896,-0.03408473,0.01913652,-0.01365418,0.9991425,0.03917102,0.06758841,0.9969441,True,0.5566723,0.4325964,19.22676,1.647264,-1.3,7.218956
2026-08-21 14:33:12.662,36.9795,True,18.94363,1.15943,-8.496694,-0.026533,0.01742898,-0.01315487,0.9994094,0.03553545,0.05257611,0.9979845,True,0.5522806,0.4011164,19.19988,1.538568,-1.3,7.211228
2026-08-21 14:33:12.695,37.01289,True,18.94315,1.159413,-8.496607,-0.02620517,0.01503621,-0.01306847,0.9994581,0.03074106,0.05198895,0.9981744,True,0.5465438,0.3998633,19.16478,1.534241,-1.3,7.209768
2026-08-21 14:33:12.741,37.058,True,18.94261,1.15926,-8.49636,-0.02838867,0.01377787,-0.01244071,0.9994246,0.02824622,0.05640186,0.9980085,True,0.5435205,0.409049,19.14628,1.565958,-1.3,7.21072
2026-08-21 14:33:12.784,37.10136,True,18.94212,1.159129,-8.496167,-0.02868108,0.01319919,-0.01169857,0.999433,0.02705447,0.05702082,0.9980063,True,0.5420358,0.4103007,19.1372,1.57028,-1.3,7.210542
2026-08-21 14:33:12.817,37.13525,True,18.9417,1.159006,-8.49609,-0.02803083,0.01215263,-0.0114772,0.9994673,0.02493575,0.05575283,0.9981332,True,0.539466,0.407601,19.12148,1.560959,-1.3,7.209548
2026-08-21 14:33:12.861,37.17899,True,18.94092,1.158936,-8.496035,-0.02457967,-0.09604623,-0.005588198,0.9950576,-0.1908684,0.04998983,0.9803419,True,0.2809781,0.3974411,17.53989,1.525877,-1.3,7.340332
2026-08-21 14:33:12.895,37.21253,True,18.94055,1.15882,-8.495967,-0.03328432,-0.186611,-0.0004598377,0.9818698,-0.3664249,0.06553336,0.9281369,True,0.04558694,0.4382859,16.09961,1.666909,-1.3,7.75313
2026-08-21 14:33:12.940,37.25711,True,18.94084,1.15868,-8.49596,-0.02559983,-0.1827561,0.0004759859,0.9828249,-0.3592588,0.05014632,0.9318897,True,0.05654812,0.4032412,16.16668,1.545905,-1.3,7.721901
2026-08-21 14:33:12.973,37.29087,True,18.94116,1.158612,-8.495996,-0.02381272,-0.1705513,-0.0002322011,0.985061,-0.3359958,0.04699318,0.9406905,True,0.08992422,0.3951875,16.3709,1.518096,-1.3,7.649696
2026-08-21 14:33:13.017,37.33478,True,18.94187,1.158647,-8.495992,-0.0236783,-0.1599664,-0.001381594,0.9868375,-0.3156563,0.04717528,0.9477001,True,0.1183875,0.3948278,16.54505,1.516854,-1.3,7.59311
2026-08-21 14:33:13.052,37.36952,True,18.9421,1.158701,-8.496042,-0.02466751,-0.1591688,-0.001932379,0.9869413,-0.3140852,0.04930591,0.9481136,True,0.1205419,0.3994823,16.55824,1.532926,-1.3,7.589852
2026-08-21 14:33:13.102,37.41246,True,18.94205,1.158771,-8.496099,-0.02641239,-0.1601821,-0.002388232,0.9867312,-0.3159873,0.05288897,0.9472882,True,0.1178301,0.4074808,16.54164,1.560544,-1.3,7.596526
2026-08-21 14:33:13.129,37.44594,True,18.94195,1.158855,-8.496116,-0.02748045,-0.1604817,-0.00242519,0.9866532,-0.3165463,0.05500574,0.9469809,True,0.1169921,0.4122018,16.53652,1.576844,-1.3,7.599008
2026-08-21 14:33:13.160,37.47931,True,18.94179,1.158824,-8.496078,-0.02838382,-0.1615992,-0.001962228,0.9864463,-0.3187065,0.05663242,0.9461601,True,0.1139414,0.4158802,16.51785,1.589545,-1.3,7.60556
2026-08-21 14:33:13.207,37.52401,True,18.9416,1.158845,-8.496078,-0.02935329,-0.1628303,-0.002194291,0.9862149,-0.3210425,0.05861189,0.9452494,True,0.1106219,0.4203707,16.49754,1.60505,-1.3,7.612887
2026-08-21 14:33:13.251,37.56896,True,18.9416,1.158798,-8.496013,-0.02959429,-0.1626854,-0.001816119,0.9862324,-0.3207837,0.05896461,0.9453153,True,0.1109749,0.4211246,16.4997,1.607654,-1.3,7.612288
2026-08-21 14:33:13.295,37.61232,True,18.94169,1.158845,-8.496028,-0.0302641,-0.1615544,-0.001900782,0.9863978,-0.3185988,0.06031904,0.9459685,True,0.113982,0.4240325,16.5181,1.617694,-1.3,7.607049
2026-08-21 14:33:13.328,37.6459,True,18.94188,1.158769,-8.496058,-0.02978156,-0.1606142,-0.002036409,0.9865658,-0.3167917,0.05941709,0.9466323,True,0.1165328,0.4219322,16.5337,1.610442,-1.3,7.601746
2026-08-21 14:33:13.363,37.68014,True,18.94205,1.158763,-8.496151,-0.02982809,-0.1594224,-0.002129005,0.9867575,-0.3144954,0.05954501,0.9473896,True,0.1197209,0.4221092,16.55321,1.611054,-1.3,7.595767
2026-08-21 14:33:13.406,37.72366,True,18.94212,1.158845,-8.496285,-0.03024292,-0.1591513,-0.002508681,0.9867877,-0.3139454,0.06048521,0.9475124,True,0.1204596,0.4241862,16.55773,1.618225,-1.3,7.594924
2026-08-21 14:33:13.441,37.75814,True,18.942,1.158941,-8.496432,-0.03082113,-0.1597038,-0.002560552,0.9866804,-0.3149955,0.06163908,0.9470895,True,0.1189526,0.4268155,16.54851,1.627303,-1.3,7.598471
2026-08-21 14:33:13.484,37.80186,True,18.94181,1.159092,-8.496574,-0.03104849,-0.1603646,-0.002224709,0.986567,-0.3162828,0.06197635,0.9466383,True,0.1171293,0.4276693,16.53736,1.630252,-1.3,7.602242
2026-08-21 14:33:13.529,37.84605,True,18.94157,1.159127,-8.49672,-0.03133018,-0.160486,-0.001823878,0.9865391,-0.3165371,0.06240232,0.9465253,True,0.1167186,0.4286364,16.53484,1.633591,-1.3,7.603304
2026-08-21 14:33:13.563,37.87976,True,18.94148,1.159117,-8.49674,-0.0315717,-0.1601764,-0.001716348,0.9865819,-0.315946,0.06284598,0.9466935,True,0.1175071,0.4295862,16.53967,1.63687,-1.3,7.601975
2026-08-21 14:33:13.607,37.92425,True,18.94137,1.15905,-8.496722,-0.03103018,-0.1597001,-0.001572825,0.9866765,-0.315047,0.06173586,0.947066,True,0.1187609,0.4270689,16.54734,1.628179,-1.3,7.598965
2026-08-21 14:33:13.640,37.95766,True,18.94136,1.158997,-8.496707,-0.03063609,-0.1589738,-0.001563229,0.9868061,-0.3136569,0.06096078,0.9475775,True,0.1206964,0.4252753,16.55918,1.621985,-1.3,7.594847
2026-08-21 14:33:13.684,38.00213,True,18.94137,1.15893,-8.496583,-0.02621961,-0.0566224,-0.006773881,0.9980283,-0.1126663,0.05310293,0.9922129,True,0.3764742,0.4027154,18.12419,1.544089,-1.3,7.253063
2026-08-21 14:33:13.728,38.04596,True,18.94146,1.158847,-8.496494,-0.01697,0.05823759,-0.01360311,0.9980658,0.1167116,0.03228993,0.9926408,True,0.6483334,0.3589416,19.7876,1.392944,-1.3,7.249847
2026-08-21 14:33:13.767,38.08372,True,18.94153,1.158672,-8.496451,-0.009316326,0.04766892,-0.01300107,0.9987351,0.09545949,0.01736959,0.9952818,True,0.6228629,0.3274663,19.63175,1.284264,-1.3,7.230567
2026-08-21 14:33:13.807,38.12403,True,18.94153,1.158695,-8.496299,-0.008844249,0.02897839,-0.01198586,0.9994691,0.05813803,0.01698444,0.9981641,True,0.5785592,0.326563,19.36067,1.281145,-1.3,7.209535
2026-08-21 14:33:13.850,38.16858,True,18.94156,1.158683,-8.496183,-0.009446942,0.02580946,-0.01156527,0.9995553,0.05181447,0.0182885,0.9984893,True,0.5710928,0.3292694,19.31499,1.29049,-1.3,7.207072
2026-08-21 14:33:13.885,38.20294,True,18.94149,1.158665,-8.496115,-0.01116208,0.02438367,-0.01142476,0.9995751,0.04900166,0.02175752,0.9985617,True,0.5677639,0.3365012,19.29462,1.31546,-1.3,7.206481
2026-08-21 14:33:13.929,38.2461,True,18.94142,1.158663,-8.496005,-0.01168323,0.02371112,-0.01124059,0.9995874,0.04766532,0.02282377,0.9986026,True,0.5661749,0.3387231,19.2849,1.323132,-1.3,7.206076
2026-08-21 14:33:13.963,38.28037,True,18.94131,1.158599,-8.495965,-0.01181297,0.0230135,-0.01095873,0.9996053,0.04626774,0.02311222,0.9986616,True,0.5645073,0.3393035,19.27469,1.325136,-1.3,7.205609
2026-08-21 14:33:14.008,38.32542,True,18.9413,1.158623,-8.495864,-0.01277248,0.0225558,-0.01097781,0.9996037,0.04537416,0.02503961,0.9986562,True,0.5634528,0.3433324,19.26824,1.339048,-1.3,7.205546
2026-08-21 14:33:14.051,38.36819,True,18.94135,1.158545,-8.49583,-0.01241171,0.02284827,-0.0109511,0.9996019,0.0459502,0.02431312,0.9986478,True,0.5641407,0.3417939,19.27245,1.333735,-1.3,7.205573
2026-08-21 14:33:14.084,38.40213,True,18.94134,1.1585,-8.495829,-0.01239747,0.02286585,-0.01104216,0.9996007,0.04598722,0.02428007,0.9986469,True,0.5641825,0.3417118,19.27271,1.333452,-1.3,7.205579
2026-08-21 14:33:14.128,38.44553,True,18.94137,1.158529,-8.495874,-0.01272614,0.02302905,-0.01114087,0.9995918,0.04632286,0.02492876,0.9986154,True,0.5645847,0.3430759,19.27517,1.338162,-1.3,7.205852
2026-08-21 14:33:14.162,38.47956,True,18.94136,1.15849,-8.495956,-0.01267385,0.02310921,-0.01093823,0.9995928,0.04647686,0.02483184,0.9986107,True,0.5647641,0.3428632,19.27627,1.337428,-1.3,7.205968
2026-08-21 14:33:14.206,38.52383,True,18.94133,1.158545,-8.496081,-0.01351148,0.02315133,-0.01060487,0.9995844,0.04656999,0.0265207,0.9985629,True,0.5648733,0.3464074,19.27694,1.349665,-1.3,7.206438
2026-08-21 14:33:14.239,38.5572,True,18.94129,1.158628,-8.496128,-0.01388843,0.02295026,-0.01059079,0.9995841,0.04617561,0.02727918,0.9985608,True,0.5644032,0.348015,19.27406,1.355216,-1.3,7.2065
2026-08-21 14:33:14.274,38.59132,True,18.94123,1.158627,-8.496157,-0.01435557,0.02262245,-0.01085886,0.9995821,0.04553775,0.02820783,0.9985643,True,0.5636418,0.3499529,19.2694,1.361907,-1.3,7.206503
2026-08-21 14:33:14.317,38.63487,True,18.9412,1.158538,-8.496157,-0.01472494,0.02288254,-0.01085782,0.9995707,0.04606519,0.02894033,0.9985191,True,0.5642607,0.3514584,19.27319,1.367106,-1.3,7.206829
2026-08-21 14:33:14.349,38.66821,True,18.94115,1.158416,-8.496118,-0.01513127,0.02301905,-0.01054998,0.9995648,0.04633734,0.02976366,0.9984823,True,0.564575,0.3531437,19.27511,1.372925,-1.3,7.207056
2026-08-21 14:33:14.384,38.70169,True,18.9411,1.15829,-8.496065,-0.02825832,0.09035027,-0.01388991,0.9954122,0.1806565,0.05374743,0.9820766,True,0.7263321,0.4050408,20.26484,1.552119,-1.3,7.327397
2026-08-21 14:33:14.428,38.74599,True,18.94105,1.158223,-8.495984,-0.03940247,0.1895149,-0.01924642,0.9808981,0.3733063,0.07000466,0.9250631,True,0.9845807,0.4486755,21.84497,1.702783,-1.3,7.778911
2026-08-21 14:33:14.462,38.78001,True,18.94101,1.158111,-8.495914,-0.03667605,0.1876687,-0.01916036,0.9813604,0.3697467,0.06479325,0.9268706,True,0.9791263,0.4366161,21.8116,1.661144,-1.3,7.763665
2026-08-21 14:33:14.506,38.82358,True,18.94109,1.158151,-8.495845,-0.03266869,0.1766988,-0.0184663,0.9835494,0.3487905,0.05773659,0.9354206,True,0.9484994,0.4195732,21.6242,1.602297,-1.3,7.69263
2026-08-21 14:33:14.551,38.86833,True,18.94117,1.158116,-8.495734,-0.03147824,0.1723498,-0.01802304,0.9843678,0.3404458,0.05575981,0.9386094,True,0.9365605,0.4147351,21.55115,1.585592,-1.3,7.666378
2026-08-21 14:33:14.586,38.90354,True,18.9412,1.158077,-8.495682,-0.03185745,0.1717581,-0.01788274,0.9844615,0.3393179,0.05658185,0.9389685,True,0.9349874,0.4165,21.54153,1.591686,-1.3,7.663389
2026-08-21 14:33:14.629,38.94621,True,18.9412,1.157979,-8.495636,-0.03202578,0.1722206,-0.01764304,0.9843796,0.340191,0.05697406,0.9386289,True,0.9362328,0.4173872,21.54915,1.594749,-1.3,7.666114
2026-08-21 14:33:14.672,38.99041,True,18.94108,1.157967,-8.495685,-0.03182984,0.1714122,-0.01768358,0.9845263,0.3386454,0.05661227,0.9392095,True,0.9340171,0.4165034,21.53559,1.591697,-1.3,7.661427
2026-08-21 14:33:14.717,39.03533,True,18.941,1.158026,-8.495796,-0.03205783,0.1711674,-0.0175223,0.9845644,0.3381742,0.05712751,0.939348,True,0.9333578,0.4176473,21.53156,1.595647,-1.3,7.660415
2026-08-21 14:33:14.762,39.07971,True,18.94096,1.158119,-8.495914,-0.03207795,0.1710011,-0.0174672,0.9845936,0.3378538,0.05719366,0.9394593,True,0.9329071,0.4178079,21.5288,1.596202,-1.3,7.659634
2026-08-21 14:33:14.797,39.1137,True,18.94098,1.158182,-8.495986,-0.03257618,0.1708671,-0.01784801,0.9845937,0.3376322,0.05804934,0.9394864,True,0.9326254,0.4197218,21.52707,1.60281,-1.3,7.659489
2026-08-21 14:33:14.839,39.15724,True,18.94103,1.158146,-8.496071,-0.03207036,0.1710575,-0.01839259,0.9845672,0.338015,0.05685848,0.9394217,True,0.9331464,0.41708,21.53026,1.593688,-1.3,7.660107
2026-08-21 14:33:14.884,39.20204,True,18.94109,1.158091,-8.496182,-0.03235637,0.1707689,-0.01839739,0.9846078,0.3374714,0.05743327,0.939582,True,0.9324102,0.4183193,21.52576,1.597968,-1.3,7.658918
2026-08-21 14:33:14.928,39.24582,True,18.94115,1.157911,-8.496342,-0.03836804,0.1473667,-0.01814067,0.988171,0.2926391,0.0704817,0.9536219,True,0.8709159,0.4449123,21.1495,1.68979,-1.3,7.546326
2026-08-21 14:33:14.962,39.27986,True,18.94124,1.157963,-8.496471,-0.04154534,1.936359E-05,-0.01069948,0.9990793,0.0009277186,0.08301376,0.996548,True,0.5111037,0.4645044,18.94794,1.757438,-1.3,7.2214
2026-08-21 14:33:15.006,39.3236,True,18.94134,1.158021,-8.49662,-0.04198289,-0.04778556,-0.008120973,0.9979419,-0.09469254,0.08456909,0.991908,True,0.3977403,0.4686052,18.25431,1.771598,-1.3,7.25533
2026-08-21 14:33:15.039,39.3575,True,18.94141,1.158122,-8.496735,-0.03508331,-0.04018657,-0.008205397,0.9985424,-0.07968023,0.07072385,0.9943084,True,0.4157808,0.4391856,18.36469,1.670016,-1.3,7.237929
2026-08-21 14:33:15.085,39.40196,True,18.94142,1.158176,-8.496853,-0.03329232,-0.01751359,-0.009612427,0.9992459,-0.03436073,0.06687112,0.9971698,True,0.4695072,0.4307253,18.69342,1.640804,-1.3,7.217279
2026-08-21 14:33:15.128,39.44579,True,18.94141,1.158264,-8.496919,-0.03344576,-0.01074989,-0.009747473,0.9993352,-0.02083347,0.06705662,0.9975317,True,0.4854711,0.431089,18.7911,1.64206,-1.3,7.214726
2026-08-21 14:33:15.162,39.47927,True,18.94139,1.158324,-8.496965,-0.03393229,-0.00964524,-0.009677085,0.9993308,-0.01862084,0.06800583,0.9975111,True,0.4880754,0.4330935,18.80704,1.648981,-1.3,7.214922
2026-08-21 14:33:15.206,39.52373,True,18.94144,1.158417,-8.496984,-0.03407067,-0.009742667,-0.009950398,0.9993224,-0.0187941,0.06828906,0.9974886,True,0.4878797,0.4337159,18.80584,1.65113,-1.3,7.215104
2026-08-21 14:33:15.239,39.55707,True,18.94159,1.15842,-8.496953,-0.03425045,-0.009829239,-0.01007265,0.9993142,-0.01895501,0.06865194,0.9974606,True,0.487713,0.4344784,18.80482,1.653763,-1.3,7.215275
2026-08-21 14:33:15.273,39.59056,True,18.94171,1.158372,-8.496897,-0.03414631,-0.009389471,-0.01020036,0.9993207,-0.01806958,0.06843779,0.9974917,True,0.4887785,0.4340115,18.81134,1.65215,-1.3,7.214994
2026-08-21 14:33:15.308,39.62576,True,18.94183,1.158274,-8.4968,-0.03414711,-0.008579306,-0.01028627,0.9993271,-0.01644457,0.06842476,0.9975207,True,0.4907145,0.4339496,18.82318,1.651937,-1.3,7.214687
2026-08-21 14:33:15.350,39.66813,True,18.94194,1.158158,-8.496588,-0.03396701,-0.007942776,-0.01031144,0.9993382,-0.01517454,0.06805287,0.9975663,True,0.4922325,0.4331285,18.83247,1.649101,-1.3,7.214145
2026-08-21 14:33:15.396,39.7133,True,18.94208,1.158133,-8.49639,-0.03381716,-0.008100012,-0.01046861,0.9993404,-0.0154813,0.06775929,0.9975816,True,0.4918937,0.4325017,18.8304,1.646937,-1.3,7.213836
2026-08-21 14:33:15.439,39.75683,True,18.94245,1.158068,-8.496136,-0.0413757,-0.006095489,-0.01090033,0.9990656,-0.01127757,0.08280696,0.9965018,True,0.4968963,0.4641023,18.86101,1.75605,-1.3,7.221397
2026-08-21 14:33:15.473,39.7907,True,18.9427,1.157953,-8.495957,-0.1214957,0.001905335,-0.01139727,0.9925247,0.006551623,0.2411316,0.9704703,True,0.5181872,0.8087069,18.99128,2.945924,-1.3,7.414917
2026-08-21 14:33:15.506,39.82417,True,18.94285,1.157827,-8.495829,-0.1393394,0.001610184,-0.01132954,0.9901786,0.00634604,0.2759053,0.9611639,True,0.5180361,0.8890717,18.99036,3.223413,-1.3,7.486578
2026-08-21 14:33:15.551,39.86828,True,18.943,1.157877,-8.495673,-0.1358282,0.001354403,-0.01138944,0.990666,0.005777537,0.2690899,0.9630978,True,0.5173512,0.873125,18.98616,3.168351,-1.3,7.471385
2026-08-21 14:33:15.595,39.91255,True,18.94315,1.158016,-8.495574,-0.1362837,0.002245727,-0.01129643,0.9906029,0.007528285,0.2699553,0.9628434,True,0.5195166,0.8751841,18.99941,3.175461,-1.3,7.473255
2026-08-21 14:33:15.640,39.95725,True,18.94334,1.158078,-8.495445,-0.1389399,0.003741435,-0.01157122,0.9902261,0.01062514,0.2750773,0.9613634,True,0.5233486,0.8871937,19.02286,3.216928,-1.3,7.484625
2026-08-21 14:33:15.685,40.0026,True,18.9435,1.157984,-8.495451,-0.1399084,0.004869639,-0.01180403,0.9900821,0.01294565,0.2769267,0.9608038,True,0.5262237,0.8915256,19.04045,3.231886,-1.3,7.48899
2026-08-21 14:33:15.729,40.04601,True,18.94364,1.158028,-8.495542,-0.1414619,0.005505541,-0.0119114,0.9898567,0.01426941,0.2799229,0.9599165,True,0.5278829,0.8986055,19.0506,3.256331,-1.3,7.496007
2026-08-21 14:33:15.773,40.09034,True,18.94382,1.158221,-8.495641,-0.1423796,0.005437559,-0.01215631,0.9897225,0.01422497,0.2817003,0.959397,True,0.5278674,0.9028598,19.05051,3.271021,-1.3,7.50017
2026-08-21 14:33:15.807,40.12423,True,18.94391,1.158215,-8.495749,-0.143287,0.0054755,-0.01216793,0.9895912,0.01432403,0.2834578,0.9588777,True,0.5280127,0.9070181,19.0514,3.285379,-1.3,7.504344
2026-08-21 14:33:15.839,40.15759,True,18.94403,1.158168,-8.495875,-0.1436757,0.005536507,-0.0123106,0.9895328,0.01449458,0.2842072,0.9586533,True,0.5282457,0.9087889,19.05282,3.291493,-1.3,7.506233
2026-08-21 14:33:15.884,40.20161,True,18.94413,1.158111,-8.495997,-0.1443272,0.005775433,-0.01239757,0.9894355,0.01500745,0.2854618,0.9582726,True,0.5288997,0.9117569,19.05683,3.301742,-1.3,7.509343
2026-08-21 14:33:15.918,40.23533,True,18.94419,1.158089,-8.496053,-0.144622,0.005947977,-0.01253835,0.9893897,0.01539638,0.2860259,0.9580982,True,0.5293903,0.9130952,19.05983,3.306363,-1.3,7.510767
2026-08-21 14:33:15.963,40.28005,True,18.94428,1.158153,-8.496073,-0.1449389,0.006016127,-0.01221492,0.9893469,0.01544491,0.2866428,0.957913,True,0.5294689,0.914578,19.06031,3.311483,-1.3,7.51224
2026-08-21 14:33:16.006,40.32361,True,18.9443,1.15821,-8.496104,-0.1453317,0.005918635,-0.01235908,0.9892881,0.0153028,0.2874034,0.9576874,True,0.529302,0.9163994,19.05929,3.317771,-1.3,7.514043
2026-08-21 14:33:16.038,40.35704,True,18.94431,1.158219,-8.496137,-0.1443202,0.005528692,-0.01260775,0.9894353,0.01457967,0.2854516,0.9582822,True,0.5284044,0.9117718,19.05379,3.301793,-1.3,7.509413
2026-08-21 14:33:16.073,40.39085,True,18.94435,1.158212,-8.496135,-0.05384586,-0.01543368,-0.01212479,0.9983564,-0.02951089,0.107889,0.9937248,True,0.4755896,0.5172315,18.73064,1.939498,-1.3,7.241577
2026-08-21 14:33:16.118,40.43634,True,18.94442,1.158262,-8.49614,0.05006095,-0.01922596,-0.01285911,0.9984784,-0.0396809,-0.0994751,0.9942485,True,0.4635895,0.0824583,18.65722,0.4382842,-1.3,7.237767
2026-08-21 14:33:16.161,40.47914,True,18.94443,1.158528,-8.496244,0.06551255,-0.01375681,-0.01362326,0.9976639,-0.02923434,-0.1303442,0.9910377,True,0.4758355,0.01693968,18.73215,0.2120571,-1.3,7.261322
2026-08-21 14:33:16.195,40.5131,True,18.94437,1.158731,-8.496301,0.03535535,-0.01477817,-0.01339878,0.9991757,-0.03047942,-0.0702564,0.9970632,True,0.4745674,0.1442537,18.72439,0.6516553,-1.3,7.217497
2026-08-21 14:33:16.239,40.55707,True,18.94432,1.158737,-8.49637,0.03701995,-0.0163233,-0.01331077,0.9990926,-0.03360251,-0.07353817,0.9967262,True,0.4708613,0.1373423,18.70171,0.6277914,-1.3,7.220007
2026-08-21 14:33:16.273,40.5905,True,18.94431,1.158693,-8.496391,0.03372032,-0.01772446,-0.01324478,0.9991863,-0.03631331,-0.06691625,0.9970976,True,0.4676767,0.1512277,18.68222,0.6757357,-1.3,7.21734
2026-08-21 14:33:16.316,40.6348,True,18.94439,1.158664,-8.496449,0.03218107,-0.0175651,-0.01313025,0.9992415,-0.03594865,-0.06385204,0.9973117,True,0.4681285,0.1576519,18.68499,0.6979176,-1.3,7.215847
2026-08-21 14:33:16.361,40.67915,True,18.94457,1.15867,-8.496534,0.03252251,-0.01649678,-0.01322839,0.9992473,-0.03382916,-0.06455961,0.9973403,True,0.4706578,0.1561773,18.70046,0.6928259,-1.3,7.215726
2026-08-21 14:33:16.394,40.71253,True,18.94472,1.158787,-8.496578,0.0319816,-0.01531705,-0.01322595,0.9992836,-0.03145814,-0.06351221,0.9974851,True,0.4734837,0.1584182,18.71776,0.7005637,-1.3,7.214722
2026-08-21 14:33:16.440,40.7576,True,18.94489,1.158898,-8.496633,0.03207101,-0.01472856,-0.0137092,0.9992831,-0.03031534,-0.0636922,0.9975091,True,0.4748605,0.1580766,18.72618,0.6993841,-1.3,7.214603
2026-08-21 14:33:16.483,40.80175,True,18.94504,1.158861,-8.496707,0.03903419,-0.01530619,-0.01381478,0.9990251,-0.03166103,-0.07756937,0.9964841,True,0.4732592,0.1289018,18.71638,0.5986475,-1.3,7.222098
2026-08-21 14:33:16.528,40.84592,True,18.94521,1.15889,-8.496902,0.09321792,-0.008218017,-0.01500651,0.9954987,-0.0191598,-0.18535,0.9824858,False,-1,-1,0,0,0,-1
2026-08-21 14:33:16.572,40.89028,True,18.94537,1.159257,-8.497144,0.09662822,-0.01030289,-0.01533504,0.9951491,-0.02346943,-0.192003,0.9811137,False,-1,-1,0,0,0,-1
2026-08-21 14:33:16.606,40.92369,True,18.94543,1.159501,-8.497343,0.09764788,-0.008139139,-0.01559397,0.9950656,-0.01924339,-0.1940782,0.9807973,False,-1,-1,0,0,0,-1
2026-08-21 14:33:16.639,40.95707,True,18.94549,1.159664,-8.497504,0.09976624,-0.00562582,-0.01537922,0.9948761,-0.01426264,-0.1983371,0.9800301,False,-1,-1,0,0,0,-1
2026-08-21 14:33:16.683,41.00129,True,18.94562,1.159806,-8.497648,0.1005848,-0.00683857,-0.01567315,0.9947816,-0.01675873,-0.1999054,0.9796719,False,-1,-1,0,0,0,-1
2026-08-21 14:33:16.728,41.04567,True,18.94571,1.159856,-8.497709,0.1026483,-0.009388862,-0.01543621,0.9945537,-0.02184446,-0.2038887,0.9787503,False,-1,-1,0,0,0,-1
2026-08-21 14:33:16.761,41.07932,True,18.94576,1.159784,-8.497726,0.1027689,-0.008628483,-0.01532976,0.9945498,-0.02031376,-0.204153,0.9787282,False,-1,-1,0,0,0,-1
2026-08-21 14:33:16.794,41.113,True,18.9458,1.159789,-8.497757,0.1033992,-0.008397185,-0.01564452,0.9944814,-0.01993695,-0.2053944,0.9784762,False,-1,-1,0,0,0,-1
2026-08-21 14:33:16.839,41.15697,True,18.94581,1.159843,-8.497764,0.1026849,-0.008072359,-0.01591316,0.9945539,-0.01932487,-0.2039943,0.9787813,False,-1,-1,0,0,0,-1
2026-08-21 14:33:16.884,41.20169,True,18.94579,1.159796,-8.49778,0.1041444,-0.008082489,-0.0158498,0.9944031,-0.01937584,-0.2068668,0.9781772,False,-1,-1,0,0,0,-1
2026-08-21 14:33:16.917,41.23525,True,18.94575,1.159822,-8.497723,0.1050485,-0.007987604,-0.01593847,0.9943073,-0.01923289,-0.2086464,0.977802,False,-1,-1,0,0,0,-1
2026-08-21 14:33:16.962,41.27995,True,18.94569,1.159775,-8.497664,0.1001481,-0.007416152,-0.01580603,0.9948193,-0.01792135,-0.1990241,0.9798307,False,-1,-1,0,0,0,-1
2026-08-21 14:33:17.005,41.32354,True,18.94558,1.159814,-8.497672,-0.01546141,0.001325258,-0.01573236,0.9997559,0.003136358,0.03087358,0.9995184,True,0.5144094,0.3558121,18.96816,1.382138,-1.3,7.20114
2026-08-21 14:33:17.039,41.35723,True,18.94545,1.159771,-8.497778,-0.04597081,0.003149298,-0.01556995,0.9988165,0.007722669,0.09173474,0.9957535,True,0.5198196,0.4834552,19.00127,1.822873,-1.3,7.228473
2026-08-21 14:33:17.073,41.39098,True,18.9453,1.159981,-8.4979,-0.03837036,0.002105156,-0.01573393,0.9991375,0.005414114,0.07660829,0.9970466,True,0.5170613,0.4516441,18.98439,1.713034,-1.3,7.219222
2026-08-21 14:33:17.117,41.43462,True,18.94517,1.160152,-8.498054,-0.03182893,0.001237552,-0.01562072,0.9993705,0.003467927,0.06357912,0.9979708,True,0.5147396,0.424332,18.97019,1.618729,-1.3,7.212689
2026-08-21 14:33:17.153,41.46971,True,18.94521,1.160208,-8.49812,-0.02991963,0.0009623219,-0.01578314,0.9994273,0.002867993,0.05977461,0.9982078,True,0.5140374,0.4163726,18.96589,1.591246,-1.3,7.211044
2026-08-21 14:33:17.196,41.51296,True,18.9453,1.160226,-8.498191,-0.02841347,0.0006530285,-0.01601217,0.9994678,0.002215284,0.05677577,0.9983845,True,0.5132827,0.410095,18.96127,1.56957,-1.3,7.209838
2026-08-21 14:33:17.240,41.55696,True,18.94534,1.160132,-8.498241,-0.02897749,0.000538921,-0.01593569,0.9994529,0.002000805,0.0579061,0.99832,True,0.5130375,0.4124367,18.95977,1.577656,-1.3,7.210354
2026-08-21 14:33:17.284,41.60158,True,18.94541,1.160061,-8.498323,-0.04515322,-0.005207436,-0.01560676,0.9988446,-0.008993449,0.09036464,0.9958681,True,0.5000659,0.4806635,18.8804,1.813234,-1.3,7.22819
2026-08-21 14:33:17.328,41.64586,True,18.94548,1.160025,-8.498359,-0.05148938,-0.006108165,-0.01566627,0.998532,-0.0105851,0.103019,0.9946231,True,0.4981821,0.5074146,18.86888,1.905602,-1.3,7.237273
2026-08-21 14:33:17.362,41.67945,True,18.94553,1.160097,-8.498398,-0.05327211,-0.005613974,-0.01536913,0.998446,-0.009573009,0.1065512,0.9942611,True,0.4993831,0.5149217,18.87622,1.931523,-1.3,7.239946
2026-08-21 14:33:17.406,41.72386,True,18.94564,1.160175,-8.498415,-0.05384481,-0.005840511,-0.0154416,0.9984128,-0.009999581,0.1076991,0.9941332,True,0.498894,0.5173806,18.87323,1.940013,-1.3,7.240896
2026-08-21 14:33:17.451,41.76841,True,18.9457,1.160237,-8.498422,-0.05404162,-0.006024317,-0.01545345,0.9984009,-0.01035911,0.1080966,0.9940864,True,0.4984786,0.518243,18.87069,1.942991,-1.3,7.241243
2026-08-21 14:33:17.495,41.81247,True,18.94582,1.160253,-8.498358,-0.05370792,-0.006371903,-0.01520567,0.9984206,-0.01109035,0.10744,0.9941497,True,0.4976333,0.5168542,18.86552,1.938195,-1.3,7.240717
2026-08-21 14:33:17.529,41.847,True,18.94591,1.160219,-8.498319,-0.05396476,-0.006289065,-0.01535226,0.998405,-0.01090111,0.1079505,0.9940965,True,0.4978713,0.5179259,18.86697,1.941896,-1.3,7.241066
2026-08-21 14:33:17.573,41.89042,True,18.94612,1.16018,-8.498248,-0.05449813,-0.006351026,-0.01536994,0.9983754,-0.01100615,0.1090144,0.9939792,True,0.4977798,0.5201707,18.86642,1.949647,-1.3,7.241849
2026-08-21 14:33:17.617,41.93462,True,18.94635,1.159969,-8.49807,-0.05334458,-0.1637673,-0.006252528,0.9850358,-0.3219662,0.1071406,0.9406692,True,0.1081877,0.5289083,16.48265,1.979816,-1.3,7.652072
2026-08-21 14:33:17.651,41.96852,True,18.94656,1.159798,-8.497856,-0.05588749,-0.2039826,-0.004747997,0.9773664,-0.3982007,0.1111821,0.9105354,False,-1,-1,0,0,0,-1
2026-08-21 14:33:17.684,42.00197,True,18.94679,1.159549,-8.49765,-0.05536826,-0.2018028,-0.005137067,0.9778464,-0.3940954,0.1103567,0.91242,True,0.002822399,0.5434712,15.83795,2.0301,-1.3,7.888527
2026-08-21 14:33:17.728,42.04607,True,18.94691,1.159471,-8.49741,-0.05464564,-0.2210094,-0.004143433,0.9737307,-0.4299544,0.1082518,0.8963374,False,-1,-1,0,0,0,-1
2026-08-21 14:33:17.762,42.07971,True,18.94699,1.159492,-8.497313,-0.0543837,-0.2039439,-0.005169346,0.9774572,-0.3981307,0.108424,0.9108986,False,-1,-1,0,0,0,-1
2026-08-21 14:33:17.807,42.12372,True,18.94712,1.159604,-8.49719,-0.05487034,-0.2035609,-0.005325027,0.977509,-0.3973809,0.1094404,0.9111044,False,-1,-1,0,0,0,-1
2026-08-21 14:33:17.850,42.16811,True,18.94728,1.159575,-8.497085,-0.05561196,-0.2032828,-0.005305078,0.9775251,-0.3968381,0.110881,0.9111668,False,-1,-1,0,0,0,-1
2026-08-21 14:33:17.886,42.20286,True,18.94748,1.159544,-8.497028,-0.05657281,-0.2039602,-0.004717666,0.9773318,-0.3981399,0.1125052,0.9103995,False,-1,-1,0,0,0,-1
2026-08-21 14:33:17.929,42.24674,True,18.94773,1.159599,-8.496858,-0.05667362,-0.2047106,-0.005354397,0.9771658,-0.3994655,0.1129512,0.9097633,False,-1,-1,0,0,0,-1
2026-08-21 14:33:17.973,42.29078,True,18.94803,1.159484,-8.496805,-0.05401634,-0.2040323,-0.00537883,0.977458,-0.3982849,0.1077923,0.9109061,False,-1,-1,0,0,0,-1
2026-08-21 14:33:18.016,42.33494,True,18.9483,1.159316,-8.496894,-0.04844563,-0.1509564,-0.008411495,0.9873168,-0.2972687,0.09820192,0.9497303,True,0.1430006,0.5067982,16.69565,1.903473,-1.3,7.577829
2026-08-21 14:33:18.061,42.37925,True,18.94852,1.159278,-8.497085,-0.03657557,-0.0237388,-0.01597953,0.9989212,-0.04625745,0.0738309,0.9961974,True,0.4565806,0.4457475,18.61433,1.692673,-1.3,7.224557
2026-08-21 14:33:18.097,42.41384,True,18.94852,1.159314,-8.497272,-0.03021255,-0.02341738,-0.01619434,0.9991379,-0.04581584,0.06113146,0.9970776,True,0.4571484,0.419077,18.61781,1.600584,-1.3,7.218366
2026-08-21 14:33:18.139,42.45727,True,18.94849,1.159458,-8.497523,-0.03028901,-0.03576168,-0.01561735,0.9987792,-0.07048997,0.06162108,0.9956074,True,0.4279085,0.4203369,18.4389,1.604934,-1.3,7.229278
2026-08-21 14:33:18.174,42.49147,True,18.94848,1.159508,-8.497731,-0.03141585,-0.04064555,-0.01542505,0.9985605,-0.08020492,0.06399518,0.9947219,True,0.4163415,0.4254451,18.36812,1.622572,-1.3,7.235923
2026-08-21 14:33:18.217,42.53511,True,18.94841,1.159549,-8.497858,-0.03298503,-0.04308479,-0.01529578,0.9984096,-0.08502349,0.06718317,0.9941114,True,0.4105681,0.4322267,18.3328,1.645988,-1.3,7.240494
2026-08-21 14:33:18.261,42.57935,True,18.94847,1.159599,-8.497885,-0.03351652,-0.04243368,-0.01550729,0.9984165,-0.08369347,0.06824297,0.9941521,True,0.4121562,0.4344582,18.34252,1.653693,-1.3,7.240225
2026-08-21 14:33:18.295,42.61292,True,18.94861,1.15951,-8.49784,-0.03364407,-0.04178508,-0.01558244,0.9984384,-0.08239115,0.06848528,0.9942442,True,0.4137286,0.4349266,18.35214,1.65531,-1.3,7.23951
2026-08-21 14:33:18.340,42.65741,True,18.94887,1.159321,-8.497701,-0.03325138,-0.04105512,-0.01573364,0.9984795,-0.08093908,0.06769354,0.9944177,True,0.4155083,0.4331842,18.36303,1.649294,-1.3,7.238106
2026-08-21 14:33:18.374,42.69127,True,18.94914,1.159287,-8.497616,-0.03330469,-0.0404922,-0.01586294,0.9984987,-0.0798062,0.06779403,0.9945024,True,0.4169018,0.4333713,18.37155,1.64994,-1.3,7.237404
2026-08-21 14:33:18.416,42.7347,True,18.94944,1.1593,-8.497547,-0.03408434,-0.03981264,-0.01607081,0.9984964,-0.07841004,0.06934583,0.9945064,True,0.4186026,0.4366257,18.38196,1.661177,-1.3,7.237306
2026-08-21 14:33:18.451,42.76827,True,18.94965,1.159347,-8.497512,-0.03490322,-0.03953237,-0.01619073,0.9984772,-0.07781413,0.07098027,0.9944379,True,0.4193364,0.4400746,18.38645,1.673086,-1.3,7.237769
2026-08-21 14:33:18.484,42.80193,True,18.94968,1.159383,-8.497459,-0.0352666,-0.03967962,-0.01628719,0.9984571,-0.078088,0.0717169,0.9943636,True,0.4190115,0.4416393,18.38446,1.678488,-1.3,7.238257
2026-08-21 14:33:18.530,42.84677,True,18.9497,1.159317,-8.497445,-0.03544974,-0.0402128,-0.01634415,0.9984283,-0.07914042,0.07210253,0.9942525,True,0.4177588,0.442445,18.3768,1.68127,-1.3,7.239051
2026-08-21 14:33:18.573,42.89043,True,18.94961,1.159274,-8.497445,-0.03584389,-0.0406122,-0.01600967,0.9984035,-0.07994702,0.07287371,0.9941317,True,0.4167787,0.4440681,18.3708,1.686875,-1.3,7.239931
2026-08-21 14:33:18.617,42.93473,True,18.94951,1.159316,-8.497436,-0.03584062,-0.04151013,-0.01575962,0.9983707,-0.08175532,0.07287282,0.9939847,True,0.4146087,0.444101,18.35752,1.686988,-1.3,7.240992
2026-08-21 14:33:18.661,42.97903,True,18.94934,1.159338,-8.497541,-0.03600428,-0.04206197,-0.01552977,0.9983453,-0.08286646,0.07319584,0.9938689,True,0.4132535,0.4448049,18.34923,1.689419,-1.3,7.241941
2026-08-21 14:33:18.694,43.01262,True,18.94933,1.159376,-8.497566,-0.03636081,-0.04223727,-0.01533583,0.998328,-0.08321806,0.07389551,0.9937878,True,0.4128265,0.4462964,18.34662,1.694569,-1.3,7.242558
2026-08-21 14:33:18.729,43.04612,True,18.94941,1.159454,-8.497609,-0.04051353,-0.02909094,-0.01623062,0.9986236,-0.05678669,0.08185987,0.9950247,True,0.4442098,0.4628122,18.53864,1.751595,-1.3,7.233597
2026-08-21 14:33:18.773,43.0908,True,18.94948,1.159439,-8.497643,-0.04987831,0.05665362,-0.02103089,0.9969254,0.1150568,0.09706696,0.988605,True,0.6482622,0.4959875,19.78716,1.866145,-1.3,7.280605
2026-08-21 14:33:18.818,43.13534,True,18.94954,1.159455,-8.497757,-0.04180048,0.04653439,-0.02059988,0.9978291,0.09458892,0.08150226,0.9921746,True,0.6235136,0.4625573,19.63573,1.750715,-1.3,7.254527
2026-08-21 14:33:18.861,43.17945,True,18.94949,1.159412,-8.497851,-0.04409999,0.05144274,-0.0207383,0.9974862,0.104456,0.08584461,0.9908177,True,0.6353759,0.4719175,19.70831,1.783035,-1.3,7.264557
2026-08-21 14:33:18.895,43.21355,True,18.94935,1.159352,-8.497859,-0.04353385,0.08744986,-0.02248343,0.9949632,0.1759764,0.08269683,0.9809147,True,0.7223781,0.4670342,20.24065,1.766173,-1.3,7.337905
2026-08-21 14:33:18.939,43.25759,True,18.94894,1.159161,-8.497787,-0.04739225,0.1780435,-0.02729357,0.9825017,0.3524432,0.08340704,0.9321089,True,0.9560695,0.4777675,21.67052,1.803234,-1.3,7.722045
2026-08-21 14:33:18.984,43.30172,True,18.9487,1.159138,-8.497638,-0.04466361,0.1778564,-0.0272259,0.9826653,0.3519787,0.07809415,0.9327445,True,0.9551328,0.4657564,21.66479,1.761761,-1.3,7.716623
2026-08-21 14:33:19.018,43.33523,True,18.94862,1.159111,-8.497569,-0.04365692,0.1734437,-0.02650025,0.9835188,0.3434842,0.0766822,0.9360227,True,0.9428854,0.4619911,21.58985,1.74876,-1.3,7.689524
2026-08-21 14:33:19.051,43.36858,True,18.94858,1.159121,-8.497496,-0.04418489,0.1711135,-0.02611513,0.9839135,0.3390296,0.07801092,0.9375357,True,0.9365886,0.4646711,21.55132,1.758014,-1.3,7.677037
2026-08-21 14:33:19.084,43.40192,True,18.94848,1.159128,-8.497488,-0.04514777,0.1710342,-0.02593412,0.9838884,0.3388988,0.07996949,0.937418,True,0.9364606,0.4690498,21.55054,1.773133,-1.3,7.677992
2026-08-21 14:33:19.118,43.43542,True,18.94845,1.159213,-8.497426,-0.04564977,0.1715544,-0.02633308,0.9837641,0.3399423,0.08078209,0.9369704,True,0.9379659,0.4709657,21.55975,1.779748,-1.3,7.681594
2026-08-21 14:33:19.161,43.47976,True,18.9484,1.159349,-8.497355,-0.04583807,0.1722748,-0.02625968,0.9836314,0.3413171,0.08112777,0.9364405,True,0.9399223,0.4718743,21.57172,1.782886,-1.3,7.685864
2026-08-21 14:33:19.196,43.51331,True,18.94833,1.159336,-8.497354,-0.04575683,0.1725035,-0.02614325,0.9835982,0.3417408,0.08099306,0.9362977,True,0.9405084,0.4715982,21.57531,1.781933,-1.3,7.687036
2026-08-21 14:33:19.240,43.55751,True,18.94833,1.159375,-8.497245,-0.04607183,0.1730261,-0.02622764,0.9834895,0.3427554,0.08154619,0.9358788,True,0.9419692,0.4729196,21.58424,1.786495,-1.3,7.690361
2026-08-21 14:33:19.273,43.59092,True,18.94831,1.159349,-8.497134,-0.04604096,0.1731336,-0.02625527,0.9834712,0.3429615,0.08146857,0.93581,True,0.9422486,0.4727496,21.58595,1.785908,-1.3,7.690807
2026-08-21 14:33:19.318,43.63503,True,18.94817,1.15917,-8.497071,-0.04562408,0.1731687,-0.02628425,0.9834837,0.3430157,0.08063785,0.9358621,True,0.9422674,0.4708358,21.58607,1.7793,-1.3,7.690312
2026-08-21 14:33:19.352,43.66879,True,18.94808,1.159028,-8.497017,-0.04714125,0.1682908,-0.02586222,0.9842699,0.3337255,0.08409468,0.9389119,True,0.9292095,0.4778841,21.50617,1.803637,-1.3,7.665275
2026-08-21 14:33:19.396,43.7132,True,18.94801,1.159037,-8.497024,-0.04962284,0.02850295,-0.01814424,0.9981964,0.05870382,0.09803235,0.9934503,True,0.5806203,0.4968808,19.37329,1.86923,-1.3,7.244473
2026-08-21 14:33:19.440,43.75762,True,18.94806,1.159175,-8.497053,-0.04255209,0.03075135,-0.01828163,0.9984536,0.06296343,0.0838482,0.9944873,True,0.5855953,0.4669782,19.40372,1.76598,-1.3,7.236948
2026-08-21 14:33:19.484,43.80212,True,18.94815,1.159229,-8.49712,-0.04113437,0.03227105,-0.01826862,0.9984652,0.06594598,0.08096338,0.9945331,True,0.5891345,0.4609413,19.42538,1.745136,-1.3,7.236681
2026-08-21 14:33:19.529,43.84641,True,18.9483,1.159286,-8.497101,-0.03950241,0.03255389,-0.01887061,0.9985108,0.06650168,0.07765854,0.9947596,True,0.5897977,0.4539937,19.42944,1.721146,-1.3,7.235015
2026-08-21 14:33:19.563,43.88019,True,18.94839,1.159299,-8.497092,-0.0394251,0.03552113,-0.01904217,0.9984095,0.07243074,0.07737198,0.9943678,True,0.5968572,0.4534608,19.47263,1.719306,-1.3,7.237857
2026-08-21 14:33:19.607,43.92408,True,18.94843,1.159325,-8.497099,-0.03951267,0.03529464,-0.01913066,0.9984123,0.07198901,0.07754945,0.9943861,True,0.5963395,0.4538374,19.46947,1.720607,-1.3,7.237731
2026-08-21 14:33:19.651,43.96903,True,18.94846,1.159322,-8.497169,-0.03950108,0.0351865,-0.0190287,0.9984185,0.07176502,0.07753811,0.9944031,True,0.5960792,0.4538117,19.46787,1.720518,-1.3,7.237678
2026-08-21 14:33:19.695,44.01254,True,18.94843,1.159413,-8.49721,-0.04015398,0.03518584,-0.01847869,0.9984028,0.07174327,0.07887931,0.9942992,True,0.5960583,0.4566674,19.46774,1.730378,-1.3,7.238474
2026-08-21 14:33:19.728,44.04594,True,18.9483,1.159332,-8.497157,-0.03996611,0.03547635,-0.01787413,0.9984111,0.07226867,0.078537,0.9942883,True,0.5966578,0.4559272,19.47141,1.727823,-1.3,7.238501
2026-08-21 14:33:19.764,44.08178,True,18.94807,1.159166,-8.497006,-0.03982503,0.0353696,-0.01699296,0.9984359,0.07198206,0.0783234,0.9943259,True,0.5962772,0.4554215,19.46908,1.726076,-1.3,7.238075
2026-08-21 14:33:19.807,44.12347,True,18.9478,1.158972,-8.496799,-0.03956302,0.03471028,-0.0166863,0.9984746,0.07063499,0.07784697,0.9944599,True,0.5946259,0.4543399,19.45898,1.722342,-1.3,7.236892
2026-08-21 14:33:19.840,44.15709,True,18.94765,1.158837,-8.496709,-0.03955903,0.03464803,-0.01628412,0.9984835,0.07047936,0.07786965,0.9944692,True,0.5944148,0.4543448,19.45769,1.722359,-1.3,7.236734
2026-08-21 14:33:19.873,44.1907,True,18.94749,1.158869,-8.496655,-0.03949935,0.03509568,-0.01608057,0.9984736,0.07135458,0.07774939,0.9944162,True,0.595428,0.4541095,19.46389,1.721546,-1.3,7.237065
2026-08-21 14:33:19.919,44.23594,True,18.94736,1.158913,-8.496647,-0.04012572,0.0355968,-0.01613679,0.99843,0.07237682,0.0789766,0.9942456,True,0.5966295,0.4567226,19.47124,1.730569,-1.3,7.238298
2026-08-21 14:33:19.963,44.28016,True,18.94721,1.158986,-8.496682,-0.04106278,0.03608878,-0.01582736,0.9983792,0.07336041,0.08085006,0.9940229,True,0.5977889,0.4607101,19.47833,1.744337,-1.3,7.239956
2026-08-21 14:33:20.006,44.32341,True,18.94692,1.159021,-8.496694,-0.04188663,0.03616692,-0.01555406,0.9983464,0.07351726,0.08250966,0.9938749,True,0.5979407,0.4642261,19.47926,1.756477,-1.3,7.241045
2026-08-21 14:33:20.039,44.35726,True,18.94664,1.158967,-8.496696,-0.04214466,0.03584534,-0.0151831,0.9983528,0.07285237,0.08306199,0.9938779,True,0.5971078,0.4653683,19.47417,1.760422,-1.3,7.241026
2026-08-21 14:33:20.084,44.4016,True,18.94626,1.158862,-8.496621,0.07764561,-0.005907255,-0.01343778,0.996873,-0.01386433,-0.1546469,0.9878725,False,-1,-1,0,0,0,-1
2026-08-21 14:33:20.117,44.43546,True,18.94601,1.158768,-8.496629,0.127333,-0.02725986,-0.01212041,0.9914113,-0.05713812,-0.2518179,0.9660864,False,-1,-1,0,0,0,-1
2026-08-21 14:33:20.155,44.47262,True,18.94596,1.158762,-8.496695,0.1126703,-0.02810754,-0.01179371,0.9931648,-0.05848844,-0.2231374,0.9730307,False,-1,-1,0,0,0,-1
2026-08-21 14:33:20.196,44.51295,True,18.94596,1.158876,-8.496834,0.09610175,-0.02375444,-0.01170077,0.9950193,-0.04952118,-0.1906903,0.9804004,False,-1,-1,0,0,0,-1
2026-08-21 14:33:20.230,44.54688,True,18.94596,1.158994,-8.496995,0.08905278,-0.02100216,-0.01194456,0.9957339,-0.04395252,-0.176844,0.983257,False,-1,-1,0,0,0,-1
2026-08-21 14:33:20.274,44.59118,True,18.94604,1.159196,-8.497156,0.08465187,-0.02021195,-0.01179523,0.9961358,-0.04226466,-0.1681727,0.9848511,False,-1,-1,0,0,0,-1
2026-08-21 14:33:20.318,44.63567,True,18.94615,1.159306,-8.497251,0.0839314,-0.01891506,-0.01202501,0.9962195,-0.03970565,-0.1667733,0.9851955,False,-1,-1,0,0,0,-1
2026-08-21 14:33:20.362,44.67974,True,18.94622,1.159388,-8.497379,0.083951,-0.01896269,-0.01214327,0.9962155,-0.03982074,-0.166806,0.9851853,False,-1,-1,0,0,0,-1
2026-08-21 14:33:20.396,44.71315,True,18.94626,1.159438,-8.497452,0.08310839,-0.01856442,-0.01224301,0.9962924,-0.03902618,-0.1651459,0.9854967,False,-1,-1,0,0,0,-1
2026-08-21 14:33:20.430,44.7474,True,18.94634,1.159459,-8.497531,0.08270272,-0.0180105,-0.01237172,0.9963347,-0.03793532,-0.1643535,0.9856718,False,-1,-1,0,0,0,-1
2026-08-21 14:33:20.474,44.79142,True,18.94638,1.159474,-8.497636,0.08146388,-0.01792777,-0.0124706,0.996437,-0.03775959,-0.1619001,0.9860845,False,-1,-1,0,0,0,-1
2026-08-21 14:33:20.517,44.83538,True,18.94638,1.159527,-8.497718,0.08092137,-0.01738785,-0.01226204,0.9964934,-0.03663829,-0.1608488,0.9862988,False,-1,-1,0,0,0,-1
2026-08-21 14:33:20.551,44.86893,True,18.94638,1.159535,-8.49774,0.08028395,-0.01772168,-0.01255698,0.9965354,-0.03733682,-0.1595665,0.9864808,False,-1,-1,0,0,0,-1
2026-08-21 14:33:20.596,44.91316,True,18.94633,1.159574,-8.497764,0.07925186,-0.01775518,-0.01230541,0.9966205,-0.0373408,-0.1575311,0.9868078,False,-1,-1,0,0,0,-1
2026-08-21 14:33:20.639,44.95719,True,18.94619,1.159604,-8.497735,-0.05695015,0.02479895,-0.01351296,0.9979776,0.05103672,0.1129997,0.9922834,True,0.5713229,0.5287504,19.3164,1.979271,-1.3,7.253709
2026-08-21 14:33:20.684,45.00153,True,18.94608,1.159533,-8.497678,-0.08452769,0.03026706,-0.01358429,0.9958687,0.06258053,0.1675346,0.983878,True,0.5856229,0.6462997,19.40389,2.385153,-1.3,7.31562
2026-08-21 14:33:20.729,45.04599,True,18.94605,1.159517,-8.497591,-0.06209579,0.01932073,-0.01328427,0.9977948,0.04020605,0.1234044,0.9915416,True,0.5584941,0.5507718,19.2379,2.055308,-1.3,7.25899
2026-08-21 14:33:20.762,45.07958,True,18.94606,1.159547,-8.497479,-0.05817653,0.01812884,-0.01326417,0.9980536,0.03773043,0.1156457,0.9925737,True,0.5555112,0.5342126,19.21965,1.998132,-1.3,7.251329
2026-08-21 14:33:20.796,45.11321,True,18.94604,1.159464,-8.497381,-0.05520439,0.0173739,-0.01322216,0.9982364,0.03614637,0.1097546,0.9933013,True,0.5535998,0.5216451,19.20796,1.954738,-1.3,7.245919
2026-08-21 14:33:20.829,45.1467,True,18.94601,1.159346,-8.497277,-0.05478996,0.01743833,-0.0132311,0.9982579,0.03626576,0.1089276,0.9933879,True,0.5537311,0.519852,19.20876,1.948546,-1.3,7.245182
2026-08-21 14:33:20.873,45.19049,True,18.94591,1.159223,-8.497153,-0.05484323,0.01741276,-0.01295032,0.9982592,0.03618538,0.1090445,0.993378,True,0.5536202,0.5200599,19.20808,1.949264,-1.3,7.24513
2026-08-21 14:33:20.917,45.23499,True,18.94589,1.159232,-8.497075,-0.05511543,0.0172045,-0.01296148,0.9982476,0.03577746,0.1095917,0.9933326,True,0.5531341,0.521219,19.20511,1.953266,-1.3,7.245383
2026-08-21 14:33:20.952,45.27008,True,18.9459,1.159297,-8.497082,-0.05586041,0.01742608,-0.0129902,0.998202,0.03624077,0.1110672,0.9931519,True,0.5536922,0.5243762,19.20852,1.964168,-1.3,7.246707
2026-08-21 14:33:20.996,45.31273,True,18.94597,1.159577,-8.497099,-0.1301599,0.01042106,-0.0117664,0.9913685,0.02372525,0.2578276,0.9658996,True,0.5396745,0.8477394,19.12275,3.080698,-1.3,7.451187
2026-08-21 14:33:21.029,45.34621,True,18.94604,1.15976,-8.497078,-0.132373,0.01082419,-0.01229167,0.9910647,0.02470911,0.2621143,0.9647204,True,0.5409201,0.857733,19.13037,3.115205,-1.3,7.460272
2026-08-21 14:33:21.073,45.39083,True,18.94613,1.159829,-8.497155,-0.1412636,0.009894643,-0.0121688,0.9898478,0.0230264,0.2794181,0.9598934,True,0.5390256,0.8981818,19.11878,3.254869,-1.3,7.497869
2026-08-21 14:33:21.117,45.4349,True,18.94622,1.15975,-8.497206,-0.1376884,0.00952725,-0.01231354,0.9903532,0.02226155,0.2724857,0.9619023,True,0.5380452,0.8818737,19.11278,3.198559,-1.3,7.482263
2026-08-21 14:33:21.161,45.47947,True,18.94632,1.159658,-8.497231,-0.1397062,0.01041505,-0.01248378,0.9900596,0.02411115,0.2763749,0.9607474,True,0.5403593,0.8909971,19.12694,3.230061,-1.3,7.491282
2026-08-21 14:33:21.207,45.52493,True,18.94629,1.159275,-8.497206,-0.1430925,0.01048874,-0.01142563,0.9895878,0.0240289,0.2829655,0.958829,True,0.5403132,0.9064109,19.12666,3.283283,-1.3,7.506245
2026-08-21 14:33:21.252,45.56902,True,18.94619,1.159075,-8.497048,-0.1451367,0.009632116,-0.01113997,0.989302,0.02229178,0.2869535,0.9576851,True,0.5381968,0.9157543,19.11371,3.315545,-1.3,7.515046
2026-08-21 14:33:21.288,45.60557,True,18.94621,1.159075,-8.496959,-0.1477325,0.01015945,-0.01198275,0.9889026,0.0236339,0.2919426,0.9561438,True,0.5398945,0.9276289,19.1241,3.356546,-1.3,7.527067
2026-08-21 14:33:21.328,45.64612,True,18.94631,1.159114,-8.496892,-0.1491645,0.01089431,-0.01188225,0.9886811,0.02508682,0.2946934,0.9552625,True,0.5417265,0.934224,19.13531,3.379318,-1.3,7.533942
2026-08-21 14:33:21.373,45.69045,True,18.94643,1.159106,-8.496841,-0.1508277,0.01156732,-0.01162316,0.9884241,0.02637303,0.2978946,0.9542344,True,0.5433646,0.941902,19.14533,3.405829,-1.3,7.542006
2026-08-21 14:33:21.417,45.73496,True,18.94647,1.159188,-8.496781,-0.1520092,0.01196033,-0.01199616,0.9882339,0.02728626,0.3001543,0.9535003,True,0.5445226,0.9473609,19.15242,3.424677,-1.3,7.547749
2026-08-21 14:33:21.452,45.76923,True,18.94652,1.159243,-8.496696,-0.15281,0.01187241,-0.01201359,0.9881113,0.02713412,0.3017013,0.9530163,True,0.5443595,0.9510856,19.15142,3.437539,-1.3,7.551494
2026-08-21 14:33:21.494,45.81256,True,18.94648,1.15923,-8.496586,-0.1534663,0.01135161,-0.01206857,0.988015,0.02613536,0.3029801,0.9526384,True,0.543133,0.954131,19.14391,3.448054,-1.3,7.554373
2026-08-21 14:33:21.528,45.84616,True,18.9464,1.159164,-8.496444,-0.1537321,0.01099091,-0.0122604,0.9879754,0.02548712,0.3034976,0.9524913,True,0.5423241,0.9553338,19.13896,3.452207,-1.3,7.55539
2026-08-21 14:33:21.562,45.87957,True,18.94632,1.159046,-8.496281,-0.1533802,0.01094946,-0.012228,0.988031,0.02538787,0.302821,0.9527093,True,0.5421808,0.9536525,19.13809,3.446402,-1.3,7.553491
2026-08-21 14:33:21.606,45.92424,True,18.94626,1.158778,-8.496141,-0.09620394,0.06031568,-0.0153664,0.9934137,0.1227935,0.1892869,0.9742137,True,0.6590701,0.6960596,19.85329,2.556968,-1.3,7.386615
2026-08-21 14:33:21.651,45.96823,True,18.94626,1.158483,-8.496034,-0.03725739,0.07494766,-0.01625657,0.9963586,0.1505609,0.07180666,0.9859895,True,0.6904176,0.4428152,20.04509,1.682548,-1.3,7.298286
2026-08-21 14:33:21.684,46.00164,True,18.94628,1.158294,-8.495936,-0.02970008,0.0716447,-0.0161323,0.9968574,0.1437974,0.05690189,0.9879699,True,0.6820071,0.4110138,19.99363,1.572743,-1.3,7.283558
2026-08-21 14:33:21.728,46.04589,True,18.94624,1.157691,-8.495579,-0.06156394,0.03631231,-0.01273009,0.9973612,0.0740004,0.1218784,0.9897826,True,0.5987503,0.5474186,19.48421,2.04373,-1.3,7.269858
2026-08-21 14:33:21.762,46.07958,True,18.94627,1.156999,-8.495008,-0.07250819,0.03458979,-0.009159409,0.9967258,0.07028134,0.1439079,0.9870922,True,0.5945569,0.5944019,19.45856,2.205957,-1.3,7.289093
2026-08-21 14:33:21.796,46.11313,True,18.94618,1.155741,-8.494166,-0.0649466,0.03539812,-0.003619434,0.9972542,0.07107199,0.1292803,0.9890578,True,0.5953052,0.5625842,19.46314,2.096095,-1.3,7.273757
2026-08-21 14:33:21.840,46.15758,True,18.94464,1.151635,-8.491797,-0.04345856,0.02974226,0.005044051,0.9985997,0.0589628,0.08709545,0.9944535,True,0.5802563,0.4714735,19.37106,1.781502,-1.3,7.231909
2026-08-21 14:33:21.884,46.20157,True,18.9417,1.144579,-8.48818,0.01383004,-0.01075918,0.01101774,0.9997858,-0.02120901,-0.02789124,0.999386,True,0.4851522,0.2289117,18.78915,0.9439684,-1.3,7.192596
2026-08-21 14:33:21.927,46.2459,True,18.93835,1.136039,-8.484107,0.05055299,-0.02064948,0.01541561,0.9983889,-0.03967381,-0.1015797,0.994036,True,0.4626753,0.07192119,18.65162,0.4019008,-1.3,7.22721
2026-08-21 14:33:21.962,46.28036,True,18.93618,1.130386,-8.481688,0.07380291,-0.02766957,0.01823019,0.9967222,-0.05246687,-0.1481308,0.9875751,False,-1,-1,0,0,0,-1
2026-08-21 14:33:21.998,46.31528,True,18.93286,1.122173,-8.478345,0.1070883,-0.0394215,0.02238622,0.9932154,-0.07351349,-0.2144885,0.9739561,False,-1,-1,0,0,0,-1
2026-08-21 14:33:22.039,46.35721,True,18.92806,1.110505,-8.473675,0.1525295,-0.05418644,0.02814302,0.986411,-0.09831492,-0.3039635,0.9475971,False,-1,-1,0,0,0,-1
2026-08-21 14:33:22.084,46.40174,True,18.9222,1.095348,-8.468511,0.1818882,-0.04323753,0.04260612,0.9814438,-0.06937131,-0.3607104,0.9300944,False,-1,-1,0,0,0,-1
2026-08-21 14:33:22.128,46.44583,True,18.91899,1.087441,-8.462943,0.2082258,-0.04945055,0.05202482,0.9754436,-0.07480662,-0.4113704,0.9083933,False,-1,-1,0,0,0,-1
2026-08-21 14:33:22.162,46.47942,True,18.91778,1.081395,-8.459391,0.2295447,-0.05854006,0.05703737,0.9698604,-0.08736613,-0.4519306,0.8877646,False,-1,-1,0,0,0,-1
2026-08-21 14:33:22.195,46.5132,True,18.91802,1.080171,-8.455693,0.2413148,-0.04592222,0.04856388,0.9681425,-0.06548013,-0.4717146,0.8793166,False,-1,-1,0,0,0,-1
2026-08-21 14:33:22.239,46.55718,True,18.91751,1.078662,-8.451431,0.2487348,-0.06332502,0.04204868,0.9655842,-0.1013733,-0.4856743,0.8682418,False,-1,-1,0,0,0,-1
2026-08-21 14:33:22.286,46.60288,True,18.9162,1.080699,-8.446642,0.2520127,-0.09425259,0.03078244,0.9626311,-0.1659458,-0.4909933,0.8552121,False,-1,-1,0,0,0,-1
2026-08-21 14:33:22.328,46.6461,True,18.91388,1.083077,-8.443555,0.2530006,-0.1001172,0.03726893,0.9615499,-0.1736773,-0.494008,0.8519344,False,-1,-1,0,0,0,-1
2026-08-21 14:33:22.362,46.67949,True,18.91189,1.084684,-8.441485,0.2563132,-0.1013257,0.04151418,0.9603714,-0.1733393,-0.5007247,0.8480732,False,-1,-1,0,0,0,-1
2026-08-21 14:33:22.406,46.72382,True,18.90867,1.087496,-8.437927,0.2806522,-0.05156848,0.05621626,0.9567731,-0.06712423,-0.542839,0.83715,False,-1,-1,0,0,0,-1
2026-08-21 14:33:22.451,46.76804,True,18.90528,1.09126,-8.432833,0.2826757,-0.03700477,0.06534336,0.9562716,-0.03383126,-0.5454656,0.8374501,False,-1,-1,0,0,0,-1
2026-08-21 14:33:22.487,46.80354,True,18.90161,1.095302,-8.429231,0.2913399,-0.03332303,0.07725241,0.9529127,-0.01849447,-0.5603917,0.8280212,False,-1,-1,0,0,0,-1
2026-08-21 14:33:22.529,46.84584,True,18.89226,1.1002,-8.422673,0.304855,-0.03083204,0.09433541,0.9472136,-0.000891801,-0.5833429,0.8122256,False,-1,-1,0,0,0,-1
2026-08-21 14:33:22.561,46.87926,True,18.88353,1.105033,-8.416019,0.3151924,-0.02946801,0.1058008,0.9426513,0.01113909,-0.6004686,0.7995707,False,-1,-1,0,0,0,-1
2026-08-21 14:33:22.606,46.92354,True,18.86676,1.117149,-8.40202,0.3220385,-0.03191326,0.1508499,0.9340862,0.03753949,-0.6112517,0.7905455,False,-1,-1,0,0,0,-1
2026-08-21 14:33:22.640,46.95754,True,18.85199,1.123795,-8.383159,0.321733,-0.05876311,0.1964031,0.9243704,0.01774094,-0.6178834,0.7860696,False,-1,-1,0,0,0,-1
2026-08-21 14:33:22.684,47.00159,True,18.83003,1.129294,-8.356091,0.3142415,-0.1284186,0.2526822,0.9060423,-0.07389883,-0.6343305,0.7695219,False,-1,-1,0,0,0,-1
2026-08-21 14:33:22.717,47.03511,True,18.80802,1.133824,-8.338227,0.301876,-0.182075,0.3111048,0.8825721,-0.1335584,-0.6461434,0.7514392,False,-1,-1,0,0,0,-1
2026-08-21 14:33:22.751,47.0694,True,18.78356,1.135266,-8.32659,0.2766391,-0.2162131,0.3579209,0.8652256,-0.1761164,-0.6334847,0.7534455,False,-1,-1,0,0,0,-1
2026-08-21 14:33:22.796,47.11361,True,18.7513,1.137453,-8.320463,0.2470687,-0.240413,0.412939,0.8429947,-0.2012852,-0.6151069,0.7623173,False,-1,-1,0,0,0,-1
2026-08-21 14:33:22.839,47.15753,True,18.72646,1.138662,-8.317982,0.2413215,-0.2643189,0.4424086,0.822298,-0.2211724,-0.6307504,0.7437989,False,-1,-1,0,0,0,-1
2026-08-21 14:33:22.884,47.20158,True,18.71787,1.138763,-8.323139,0.2414208,-0.2410239,0.4719475,0.8129508,-0.1640052,-0.6200277,0.767247,False,-1,-1,0,0,0,-1
2026-08-21 14:33:22.916,47.23496,True,18.71279,1.138075,-8.327167,0.2525276,-0.2009085,0.4727837,0.8199641,-0.09069352,-0.6040997,0.7917312,False,-1,-1,0,0,0,-1
2026-08-21 14:33:22.951,47.26838,True,18.71345,1.136955,-8.332148,0.2658287,-0.1584354,0.4575252,0.8336091,-0.02089985,-0.5881708,0.8084667,False,-1,-1,0,0,0,-1
2026-08-21 14:33:22.985,47.30278,True,18.71598,1.136386,-8.339013,0.2660009,-0.1083699,0.4434609,0.8490241,0.05190468,-0.5477979,0.834999,False,-1,-1,0,0,0,-1
2026-08-21 14:33:23.029,47.34646,True,18.71873,1.137355,-8.348395,0.2905951,-0.03900595,0.4101,0.8636267,0.170973,-0.533924,0.8280661,False,-1,-1,0,0,0,-1
2026-08-21 14:33:23.074,47.39081,True,18.71881,1.138864,-8.358891,0.2894299,0.01589357,0.4019768,0.8685576,0.2602972,-0.4899954,0.8319554,False,-1,-1,0,0,0,-1
2026-08-21 14:33:23.117,47.43489,True,18.71651,1.139758,-8.369451,0.2861251,0.06223009,0.3974476,0.8696524,0.3356766,-0.4481924,0.8285196,False,-1,-1,0,0,0,-1
2026-08-21 14:33:23.151,47.46848,True,18.71316,1.139545,-8.378952,0.2827332,0.1022979,0.3911251,0.8698381,0.3991333,-0.4118416,0.8191942,False,-1,-1,0,0,0,-1
2026-08-21 14:33:23.184,47.50182,True,18.71001,1.139115,-8.386798,0.2810006,0.1333244,0.3851592,0.8688588,0.4481401,-0.3855975,0.8065265,False,-1,-1,0,0,0,-1
2026-08-21 14:33:23.218,47.53677,True,18.7072,1.137803,-8.394625,0.2790885,0.1633167,0.3763479,0.8682163,0.4936571,-0.3616905,0.7908746,False,-1,-1,0,0,0,-1
2026-08-21 14:33:23.262,47.57964,True,18.70297,1.136691,-8.404758,0.275625,0.2047575,0.3619976,0.866639,0.5544528,-0.3294913,0.7642105,False,-1,-1,0,0,0,-1
2026-08-21 14:33:23.308,47.62515,True,18.69904,1.135184,-8.414533,0.2759033,0.2432752,0.3454391,0.863346,0.6106769,-0.3083264,0.7293891,False,-1,-1,0,0,0,-1
2026-08-21 14:33:23.351,47.66861,True,18.69592,1.134185,-8.422043,0.2775019,0.2709476,0.3329926,0.8594742,0.6505572,-0.2965643,0.6991602,False,-1,-1,0,0,0,-1
2026-08-21 14:33:23.395,47.71249,True,18.69435,1.134235,-8.427319,0.2803672,0.290611,0.3241672,0.8554853,0.6789986,-0.2912869,0.673879,False,-1,-1,0,0,0,-1
2026-08-21 14:33:23.429,47.74613,True,18.69424,1.134136,-8.430825,0.2814021,0.3019589,0.3171,0.8538626,0.694128,-0.2890552,0.6592674,False,-1,-1,0,0,0,-1
2026-08-21 14:33:23.473,47.79071,True,18.69563,1.134469,-8.432953,0.2841067,0.3072613,0.3116293,0.8530891,0.7013146,-0.2932335,0.6497477,False,-1,-1,0,0,0,-1
2026-08-21 14:33:23.508,47.8251,True,18.69807,1.135133,-8.433119,0.2862775,0.3047969,0.3090494,0.8541853,0.6976539,-0.3006735,0.650288,False,-1,-1,0,0,0,-1
2026-08-21 14:33:23.550,47.86823,True,18.70345,1.13589,-8.432465,0.289855,0.2963599,0.3033813,0.8579713,0.6844097,-0.3175544,0.6563097,False,-1,-1,0,0,0,-1
2026-08-21 14:33:23.595,47.91276,True,18.70961,1.137486,-8.430205,0.2947639,0.2794239,0.3032052,0.8620343,0.6604939,-0.3387477,0.670073,False,-1,-1,0,0,0,-1
2026-08-21 14:33:23.640,47.95782,True,18.71657,1.139319,-8.426803,0.2998417,0.2566472,0.3055067,0.8665407,0.6279979,-0.3628352,0.6884543,False,-1,-1,0,0,0,-1
2026-08-21 14:33:23.683,48.00176,True,18.72356,1.140792,-8.423673,0.3053166,0.234789,0.3067309,0.8703861,0.5960143,-0.3874526,0.7033117,False,-1,-1,0,0,0,-1
2026-08-21 14:33:23.728,48.04574,True,18.73091,1.143386,-8.42191,0.3073581,0.2141047,0.3119912,0.8731275,0.5656674,-0.4031282,0.7193803,False,-1,-1,0,0,0,-1
2026-08-21 14:33:23.763,48.07977,True,18.73662,1.143906,-8.421862,0.3044526,0.2039982,0.311197,0.8768408,0.5472373,-0.4069456,0.7313868,False,-1,-1,0,0,0,-1
2026-08-21 14:33:23.807,48.12398,True,18.74468,1.143349,-8.422386,0.3050144,0.1956276,0.3003111,0.8823317,0.5284154,-0.4207494,0.7373921,False,-1,-1,0,0,0,-1
2026-08-21 14:33:23.840,48.15746,True,18.75076,1.143161,-8.423047,0.3052482,0.1913059,0.294517,0.8851471,0.5184692,-0.4276935,0.7404512,False,-1,-1,0,0,0,-1
2026-08-21 14:33:23.873,48.19081,True,18.75681,1.143351,-8.423841,0.3056615,0.1865288,0.2907139,0.8872787,0.5087261,-0.4339608,0.7435561,False,-1,-1,0,0,0,-1
2026-08-21 14:33:23.919,48.23655,True,18.76428,1.143146,-8.425472,0.306385,0.1813414,0.2839149,0.890301,0.4968714,-0.4425786,0.7464871,False,-1,-1,0,0,0,-1
2026-08-21 14:33:23.964,48.28127,True,18.7631,1.144835,-8.421611,0.3085033,0.1555394,0.2988366,0.8895673,0.4611097,-0.4559072,0.7612664,False,-1,-1,0,0,0,-1
2026-08-21 14:33:24.010,48.32463,True,18.76613,1.143772,-8.422491,0.3036553,0.1527927,0.294699,0.8930848,0.4518875,-0.4523241,0.7688957,False,-1,-1,0,0,0,-1
2026-08-21 14:33:24.041,48.35848,True,18.76681,1.143738,-8.422528,0.3092544,0.1467753,0.2944724,0.892247,0.4440534,-0.4654201,0.7656375,False,-1,-1,0,0,0,-1
2026-08-21 14:33:24.084,48.40177,True,18.76658,1.143945,-8.423056,0.3067631,0.1502006,0.2983306,0.8912548,0.4507676,-0.4571892,0.7666724,False,-1,-1,0,0,0,-1
2026-08-21 14:33:24.128,48.44601,True,18.76608,1.143731,-8.423689,0.3097288,0.1532408,0.2955457,0.8906391,0.4560426,-0.4611339,0.7611706,False,-1,-1,0,0,0,-1
2026-08-21 14:33:24.162,48.47992,True,18.76556,1.143844,-8.423989,0.3115166,0.1551087,0.2947829,0.8899449,0.459736,-0.4630183,0.7577974,False,-1,-1,0,0,0,-1
2026-08-21 14:33:24.207,48.52402,True,18.76481,1.144034,-8.424128,0.3123726,0.1612054,0.2950496,0.8884717,0.4707836,-0.4599412,0.7528724,False,-1,-1,0,0,0,-1
2026-08-21 14:33:24.240,48.55809,True,18.76397,1.143991,-8.42375,0.3118813,0.1653304,0.2956877,0.8876737,0.4779579,-0.4559254,0.7507918,False,-1,-1,0,0,0,-1
2026-08-21 14:33:24.285,48.60265,True,18.76296,1.144097,-8.423293,0.3141243,0.1714337,0.294508,0.8861159,0.4888445,-0.4557239,0.7438728,False,-1,-1,0,0,0,-1
2026-08-21 14:33:24.330,48.64818,True,18.76238,1.144155,-8.422648,0.3169794,0.1756076,0.2938893,0.8844858,0.4969586,-0.4575092,0.737372,False,-1,-1,0,0,0,-1
2026-08-21 14:33:24.373,48.6911,True,18.76205,1.144037,-8.421295,0.3213361,0.1764126,0.2909829,0.8837142,0.4988032,-0.4652724,0.7312434,False,-1,-1,0,0,0,-1
2026-08-21 14:33:24.408,48.72476,True,18.76198,1.143957,-8.420117,0.3242951,0.1783803,0.288801,0.8829537,0.5023167,-0.4696423,0.7260263,False,-1,-1,0,0,0,-1
2026-08-21 14:33:24.451,48.76816,True,18.76231,1.144001,-8.418231,0.3287996,0.1812013,0.2851698,0.8818929,0.5071278,-0.4765859,0.7181138,False,-1,-1,0,0,0,-1
2026-08-21 14:33:24.485,48.80221,True,18.76295,1.143934,-8.416885,0.3333673,0.1806208,0.2826427,0.8811104,0.5067413,-0.4853645,0.7124848,False,-1,-1,0,0,0,-1
2026-08-21 14:33:24.530,48.8471,True,18.76402,1.143727,-8.4152,0.3360585,0.1825003,0.279942,0.8805628,0.5095596,-0.4896622,0.7075167,False,-1,-1,0,0,0,-1
2026-08-21 14:33:24.587,48.89958,False,18.76431,1.143585,-8.414879,0,0,0,0,0,0,1,False,-1,-1,0,0,0,-1
