RealTime,UnityTime,GazeValid,GazeOriginX,GazeOriginY,GazeOriginZ,GazeRotX,GazeRotY,GazeRotZ,GazeRotW,GazeDirX,GazeDirY,GazeDirZ,HitPainting,ImageX,ImageY,HitPointX,HitPointY,HitPointZ,HitDistance
2026-06-29 13:15:40.693,0,False,19.099,1.36144,-9.44,0,0,0,0,0,0,-1,False,-1,-1,0,0,0,-1
2026-06-29 13:15:40.927,0.07843019,False,19.12776,0.874099,-9.297256,0,0,0,1,0,0,-1,False,-1,-1,0,0,0,-1
2026-06-29 13:15:44.036,0.2052146,True,19.12976,0.8176936,-9.310404,0.9702334,0.04496823,0,0.2379602,-0.0214013,0.4617539,0.8867499,False,-1,-1,0,0,0,-1
2026-06-29 13:15:44.100,0.5385479,True,16.44714,1.338426,-4.564808,0.9744798,0.02487175,0,0.2230931,-0.01109743,0.4347994,0.900459,True,0.09580904,0.7997177,16.4069,2.914885,-1.3,3.625716
2026-06-29 13:15:44.160,0.5969152,True,16.44714,1.338426,-4.564808,0.973566,0.0414678,0,0.2246102,-0.01862818,0.4373456,0.8991006,True,0.09132993,0.8030852,16.3795,2.926513,-1.3,3.631194
2026-06-29 13:15:44.210,0.6463636,True,16.44714,1.338426,-4.564808,0.9732187,0.04804048,0,0.2248057,-0.02159955,0.4375701,0.8989248,True,0.08956397,0.8034112,16.36869,2.927639,-1.3,3.631904
2026-06-29 13:15:44.255,0.691255,True,16.44714,1.338426,-4.564808,0.9715203,0.01871419,0,0.2362161,-0.008841185,0.4589775,0.888404,True,0.09707487,0.8316458,16.41465,3.025129,-1.3,3.674915
2026-06-29 13:15:44.302,0.7395399,True,16.44714,1.338426,-4.564808,0.9622365,0.08750063,0,0.2577685,-0.0451098,0.4960684,0.8671108,True,0.07462621,0.884087,16.27729,3.206201,-1.3,3.765157
2026-06-29 13:15:44.350,0.7857481,True,16.44714,1.338426,-4.564808,0.9639714,0.08637022,0,0.2515935,-0.04346037,0.4850579,0.8734014,True,0.07583392,0.8682712,16.28468,3.151591,-1.3,3.738039
2026-06-29 13:15:44.393,0.8318452,True,16.44714,1.338426,-4.564808,0.9502488,0.09515474,0,0.2966022,-0.05644619,0.5636917,0.8240544,True,0.06583542,0.9899428,16.22351,3.571707,-1.3,3.961885
2026-06-29 13:15:44.440,0.8775333,True,16.44714,1.338426,-4.564808,0.9549162,0.1111194,0,0.2752952,-0.0611813,0.5257678,0.8484251,True,0.06390733,0.9290994,16.21171,3.361623,-1.3,3.848081
2026-06-29 13:15:44.484,0.9201539,True,16.44714,1.338426,-4.564808,0.95364,0.1105997,0,0.2798901,-0.06191152,0.5338287,0.8433231,True,0.06321245,0.9416822,16.20746,3.40507,-1.3,3.871361
2026-06-29 13:15:44.527,0.9639184,True,16.44714,1.338426,-4.564808,0.9575701,0.1157927,0,0.2639157,-0.06111902,0.5054356,0.860697,True,0.06449461,0.8984085,16.2153,3.255651,-1.3,3.793215
2026-06-29 13:15:44.570,1.007694,True,16.44714,1.338426,-4.564808,0.9636577,0.06103637,0,0.2600738,-0.03174792,0.5012442,0.8647233,True,0.08279473,0.8912402,16.32727,3.2309,-1.3,3.775553
2026-06-29 13:15:44.614,1.051865,False,16.44714,1.338426,-4.564808,0,0,0,1,0,0,-1,False,-1,-1,0,0,0,-1
2026-06-29 13:15:44.653,1.091745,False,16.44714,1.338426,-4.564808,0,0,0,1,0,0,-1,False,-1,-1,0,0,0,-1
2026-06-29 13:15:44.694,1.132678,False,16.44714,1.338426,-4.564808,0,0,0,1,0,0,-1,False,-1,-1,0,0,0,-1
2026-06-29 13:15:44.736,1.174484,False,16.44714,1.338426,-4.564808,0,0,0,1,0,0,-1,False,-1,-1,0,0,0,-1
2026-06-29 13:15:44.775,1.213588,False,16.44714,1.338426,-4.564808,0,0,0,1,0,0,-1,False,-1,-1,0,0,0,-1
2026-06-29 13:15:44.820,1.257196,True,16.44714,1.338426,-4.564808,0.9697649,-0.04374354,0,0.2400887,0.02100465,0.4656591,0.8847148,True,0.1150534,0.8408238,16.52465,3.056819,-1.3,3.690238
2026-06-29 13:15:44.862,1.300456,False,16.44714,1.338426,-4.564808,0,0,0,1,0,0,-1,False,-1,-1,0,0,0,-1
2026-06-29 13:15:44.905,1.341269,False,16.44714,1.338426,-4.564808,0,0,0,1,0,0,-1,False,-1,-1,0,0,0,-1
2026-06-29 13:15:44.947,1.385697,False,16.44714,1.338426,-4.564808,0,0,0,1,0,0,-1,False,-1,-1,0,0,0,-1
2026-06-29 13:15:44.984,1.424682,True,16.44714,1.338426,-4.564808,0.7655195,-0.6050057,0,0.2189702,0.2649564,0.3352519,0.9041041,True,0.2587572,0.6937675,17.40392,2.549053,-1.3,3.611098
2026-06-29 13:15:45.032,1.470306,True,16.44714,1.338426,-4.564808,0.9494478,0.1710498,0,0.2632318,-0.09005148,0.4998496,0.8614181,True,0.04660481,0.8918124,16.10584,3.232876,-1.3,3.79004
2026-06-29 13:15:45.077,1.513442,True,16.44714,1.338426,-4.564808,0.9457188,0.2978874,0,0.1299202,-0.07740317,0.2457359,0.9662415,True,0.05964088,0.5836223,16.1856,2.168737,-1.3,3.378874
2026-06-29 13:15:45.118,1.557479,True,16.44714,1.338426,-4.564808,0.9180314,0.3749517,0,0.1289558,-0.09670436,0.2367709,0.9667408,True,0.0490098,0.5747297,16.12056,2.138032,-1.3,3.377129
2026-06-29 13:15:45.165,1.600753,True,16.44714,1.338426,-4.564808,0.9470789,0.2920833,0,0.1331505,-0.07778206,0.252208,0.9645419,True,0.05935597,0.5903907,16.18386,2.192107,-1.3,3.384828
2026-06-29 13:15:45.210,1.647166,True,16.44714,1.338426,-4.564808,0.9474307,0.2873954,0,0.1406385,-0.0808377,0.2664905,0.9604416,True,0.05747461,0.6055068,16.17235,2.244301,-1.3,3.399278
2026-06-29 13:15:45.252,1.690515,True,16.44714,1.338426,-4.564808,0.9571455,0.2506948,0,0.1449989,-0.07270091,0.27757,0.9579507,True,0.06189013,0.617125,16.19937,2.284417,-1.3,3.408118
2026-06-29 13:15:45.298,1.735913,True,16.44714,1.338426,-4.564808,0.9609628,0.2339574,0,0.1476972,-0.06910972,0.2838631,0.9563711,True,0.06382704,0.6237994,16.21122,2.307463,-1.3,3.413746
2026-06-29 13:15:45.342,1.780264,True,16.44714,1.338426,-4.564808,0.9503946,0.2754384,0,0.1445126,-0.07960864,0.274688,0.9582322,True,0.05805558,0.6142008,16.17591,2.27432,-1.3,3.407116
2026-06-29 13:15:45.387,1.824503,True,16.44714,1.338426,-4.564808,0.9536752,0.2634156,0,0.1453137,-0.07655574,0.277164,0.9577679,True,0.05973482,0.6167765,16.18618,2.283214,-1.3,3.408768
2026-06-29 13:15:45.431,1.8683,True,16.44714,1.338426,-4.564808,0.9502451,0.2672504,0,0.1600357,-0.0855392,0.3041463,0.9487772,True,0.05427849,0.6462595,16.15279,2.385015,-1.3,3.44107
2026-06-29 13:15:45.474,1.913256,True,16.44714,1.338426,-4.564808,0.9570879,0.2443587,0,0.1557935,-0.07613897,0.2982161,0.9514568,True,0.05968571,0.6395127,16.18588,2.361719,-1.3,3.431378
2026-06-29 13:15:45.518,1.95591,True,16.44714,1.338426,-4.564808,0.9500068,0.2657017,0,0.1639804,-0.08713976,0.311565,0.9462209,True,0.05324578,0.6544917,16.14647,2.413439,-1.3,3.450366
2026-06-29 13:15:45.564,2.001568,True,16.44714,1.338426,-4.564808,0.9593297,0.2359117,0,0.1550234,-0.07314367,0.2974371,0.9519355,True,0.06138611,0.6385899,16.19628,2.358532,-1.3,3.429653
2026-06-29 13:15:45.610,2.046238,True,16.44714,1.338426,-4.564808,0.9547474,0.2523978,0,0.1573306,-0.07941978,0.3004219,0.9504941,True,0.05780071,0.6420071,16.17435,2.370332,-1.3,3.434854
2026-06-29 13:15:45.652,2.090045,True,16.44714,1.338426,-4.564808,0.9561331,0.2433362,0,0.1630863,-0.07936954,0.3118643,0.9468058,True,0.05765533,0.6545984,16.17346,2.413807,-1.3,3.448234
2026-06-29 13:15:45.690,2.129899,True,16.44714,1.338426,-4.564808,0.9545774,0.2478842,0,0.1653341,-0.08196741,0.3156484,0.9453293,True,0.05611902,0.6588696,16.16406,2.428556,-1.3,3.45362
2026-06-29 13:15:45.734,2.171546,True,16.44714,1.338426,-4.564808,0.949379,0.2694459,0,0.1614881,-0.08702458,0.3066267,0.9478432,True,0.05339491,0.6490327,16.14739,2.39459,-1.3,3.44446
2026-06-29 13:15:45.775,2.212759,True,16.44714,1.338426,-4.564808,0.947219,0.2723383,0,0.1691396,-0.09212634,0.3204243,0.9427836,True,0.05024445,0.664512,16.12811,2.448038,-1.3,3.462945
2026-06-29 13:15:45.812,2.249599,True,16.44714,1.338426,-4.564808,0.960903,0.2338892,0,0.1481937,-0.0693218,0.2847995,0.9560773,True,0.06369674,0.6248117,16.21042,2.310958,-1.3,3.414795
2026-06-29 13:15:45.852,2.289417,True,16.44714,1.338426,-4.564808,0.9378895,0.3003031,0,0.1737279,-0.104342,0.3258751,0.9396372,True,0.04313314,0.6710731,16.0846,2.470693,-1.3,3.474541
2026-06-29 13:15:45.892,2.330227,True,16.44714,1.338426,-4.564808,0.9351995,0.3012812,0,0.1860956,-0.1121342,0.3480729,0.9307368,True,0.03809929,0.6967598,16.0538,2.559385,-1.3,3.507767
2026-06-29 13:15:45.932,2.370124,True,16.44714,1.338426,-4.564808,0.9496323,0.2693425,0,0.1601659,-0.08627898,0.3041974,0.9486938,True,0.05385816,0.6463372,16.15022,2.385283,-1.3,3.441373
2026-06-29 13:15:45.970,2.408,True,16.44714,1.338426,-4.564808,0.9298132,0.3235608,0,0.1753733,-0.1134879,0.3261288,0.9384884,True,0.03786069,0.6717302,16.05234,2.472961,-1.3,3.478795
2026-06-29 13:15:46.012,2.45014,True,16.44714,1.338426,-4.564808,0.9586869,0.2391252,0,0.1540733,-0.07368564,0.2954161,0.9525229,True,0.06110781,0.6364015,16.19458,2.350976,-1.3,3.427538
2026-06-29 13:15:46.051,2.489493,True,16.44714,1.338426,-4.564808,0.9580323,0.2480324,0,0.1437155,-0.0712922,0.2753681,0.9586917,True,0.06270552,0.6147417,16.20436,2.276188,-1.3,3.405483
2026-06-29 13:15:46.087,2.525774,True,16.44714,1.338426,-4.564808,0.9566734,0.2563047,0,0.1381446,-0.07081422,0.2643185,0.9618322,True,0.06310028,0.6029925,16.20677,2.235619,-1.3,3.394364
2026-06-29 13:15:46.131,2.566632,True,16.44714,1.338426,-4.564808,0.9689697,0.2017726,0,0.142778,-0.05761737,0.2766952,0.9592289,True,0.07033455,0.6158977,16.25104,2.280179,-1.3,3.403576
2026-06-29 13:15:46.172,2.609453,True,16.44714,1.338426,-4.564808,0.9647164,0.2213409,0,0.1425852,-0.06311988,0.2751086,0.9593389,True,0.06727779,0.6143026,16.23233,2.274672,-1.3,3.403186
2026-06-29 13:15:46.209,2.648971,True,16.44714,1.338426,-4.564808,0.9709449,0.1946677,0,0.139178,-0.05418693,0.2702684,0.961259,True,0.07230639,0.609,16.2631,2.256362,-1.3,3.396388
2026-06-29 13:15:46.253,2.689636,True,16.44714,1.338426,-4.564808,0.9663388,0.2161152,0,0.1395835,-0.06033221,0.2697699,0.9610329,True,0.06888747,0.6085721,16.24218,2.254885,-1.3,3.397187
2026-06-29 13:15:46.298,2.735494,True,16.44714,1.338426,-4.564808,0.9561991,0.2583969,0,0.1375298,-0.07107451,0.2630116,0.9621711,True,0.0629698,0.6016167,16.20597,2.230869,-1.3,3.393168
2026-06-29 13:15:46.341,2.780134,True,16.44714,1.338426,-4.564808,0.9489793,0.2828672,0,0.1393718,-0.07884744,0.2645219,0.961151,True,0.0586127,0.6033767,16.17931,2.236946,-1.3,3.39677
2026-06-29 13:15:46.387,2.823891,True,16.44714,1.338426,-4.564808,0.9605248,0.2447992,0,0.1321567,-0.06470375,0.2538797,0.9650692,True,0.06661034,0.5918933,16.22825,2.197295,-1.3,3.382979
2026-06-29 13:15:46.432,2.86821,True,16.44714,1.338426,-4.564808,0.9538787,0.2689913,0,0.1332633,-0.07169334,0.2542341,0.9644818,True,0.06272185,0.5923923,16.20446,2.199018,-1.3,3.385039
2026-06-29 13:15:46.476,2.914733,True,16.44714,1.338426,-4.564808,0.9508378,0.2778863,0,0.1366994,-0.07597379,0.2599579,0.9626266,True,0.06027269,0.5984949,16.18947,2.22009,-1.3,3.391563
2026-06-29 13:15:46.518,2.956651,True,16.44714,1.338426,-4.564808,0.9559329,0.2588904,0,0.1384485,-0.07168599,0.264695,0.961664,True,0.06260967,0.6034081,16.20377,2.237054,-1.3,3.394957
2026-06-29 13:15:46.566,3.001675,True,16.44714,1.338426,-4.564808,0.9554877,0.2604665,0,0.1385661,-0.07218366,0.2647964,0.9615988,True,0.06233084,0.6035255,16.20206,2.23746,-1.3,3.395187
2026-06-29 13:15:46.609,3.046233,True,16.44714,1.338426,-4.564808,0.9558205,0.2596318,0,0.1378351,-0.07157274,0.2634912,0.962003,True,0.06268656,0.6021333,16.20424,2.232653,-1.3,3.393761
2026-06-29 13:15:46.652,3.090224,True,16.44714,1.338426,-4.564808,0.957777,0.2562958,0,0.130291,-0.06678607,0.2495794,0.9660485,True,0.06549662,0.5874323,16.22143,2.181892,-1.3,3.379549
2026-06-29 13:15:46.697,3.134306,True,16.44714,1.338426,-4.564808,0.9588544,0.2473269,0,0.1393835,-0.06894658,0.2672969,0.9611445,True,0.06410885,0.6061084,16.21294,2.246378,-1.3,3.396792
2026-06-29 13:15:46.740,3.177023,True,16.44714,1.338426,-4.564808,0.9598206,0.2436192,0,0.1392622,-0.06785389,0.2673334,0.9612121,True,0.06471813,0.6061258,16.21667,2.246439,-1.3,3.396554
2026-06-29 13:15:46.785,3.221958,True,16.44714,1.338426,-4.564808,0.9564767,0.2590631,0,0.1343078,-0.06958838,0.2569245,0.9639229,True,0.06386399,0.5951759,16.21144,2.20863,-1.3,3.387002
2026-06-29 13:15:46.829,3.267897,True,16.44714,1.338426,-4.564808,0.9558396,0.263367,0,0.1304168,-0.06869493,0.249315,0.9659829,True,0.06443977,0.5871901,16.21497,2.181056,-1.3,3.379778
2026-06-29 13:15:46.876,3.313913,True,16.44714,1.338426,-4.564808,0.950885,0.2845227,0,0.1219204,-0.06937823,0.2318645,0.9702708,True,0.06423157,0.569106,16.21369,2.118614,-1.3,3.364843
2026-06-29 13:15:46.918,3.356673,True,16.44714,1.338426,-4.564808,0.9445449,0.3032676,0,0.1259515,-0.07639404,0.2379338,0.9682724,True,0.06028664,0.575499,16.18956,2.140688,-1.3,3.371787
2026-06-29 13:15:46.960,3.397897,True,16.44714,1.338426,-4.564808,0.9579107,0.2604563,0,0.1207047,-0.0628766,0.2312486,0.9708608,True,0.067828,0.5683688,16.2357,2.116068,-1.3,3.362798
2026-06-29 13:15:47.003,3.440262,True,16.44714,1.338426,-4.564808,0.9624302,0.2410448,0,0.1250021,-0.0602622,0.2406116,0.968749,True,0.06919277,0.5779984,16.24405,2.149318,-1.3,3.370128
2026-06-29 13:15:47.042,3.479473,True,16.44714,1.338426,-4.564808,0.9608915,0.2425205,0,0.1336835,-0.06484196,0.2569106,0.9642575,True,0.06650388,0.5950748,16.2276,2.208281,-1.3,3.385826
2026-06-29 13:15:47.082,3.521367,True,16.44714,1.338426,-4.564808,0.9502376,0.2816316,0,0.1331625,-0.07500552,0.2530719,0.9645355,True,0.06089163,0.5912392,16.19326,2.195037,-1.3,3.384851
2026-06-29 13:15:47.125,3.56012,True,16.44714,1.338426,-4.564808,0.9401041,0.3160075,0,0.1278416,-0.0807978,0.2403688,0.9673131,True,0.05781573,0.5781097,16.17444,2.149702,-1.3,3.375131
2026-06-29 13:15:47.166,3.601878,True,16.44714,1.338426,-4.564808,0.9484684,0.2913135,0,0.1246765,-0.0726399,0.2365034,0.9689116,True,0.06238198,0.57395,16.20238,2.135339,-1.3,3.369563
2026-06-29 13:15:47.206,3.643077,True,16.44714,1.338426,-4.564808,0.9516767,0.2810067,0,0.1238823,-0.06962349,0.2357918,0.9693063,True,0.06405866,0.5731617,16.21264,2.132618,-1.3,3.36819
2026-06-29 13:15:47.242,3.682311,True,16.44714,1.338426,-4.564808,0.953962,0.2715002,0,0.1274524,-0.06920671,0.2431695,0.9675117,True,0.06421733,0.5807984,16.21361,2.158986,-1.3,3.374438
2026-06-29 13:15:47.285,3.722351,True,16.44714,1.338426,-4.564808,0.954652,0.2685698,0,0.1284907,-0.06901744,0.2453278,0.9669803,True,0.06430078,0.5830395,16.21412,2.166724,-1.3,3.376292
2026-06-29 13:15:47.329,3.766699,True,16.44714,1.338426,-4.564808,0.9598129,0.2488918,0,0.1296613,-0.06454328,0.2489012,0.9663759,True,0.06674743,0.586686,16.22909,2.179315,-1.3,3.378404
2026-06-29 13:15:47.372,3.809804,True,16.44714,1.338426,-4.564808,0.9596092,0.2501182,0,0.1288064,-0.06443365,0.2472076,0.9668179,True,0.06682432,0.5849183,16.22956,2.173212,-1.3,3.37686
2026-06-29 13:15:47.421,3.857191,True,16.44714,1.338426,-4.564808,0.965857,0.2255065,0,0.1275423,-0.05752322,0.2463752,0.9674659,True,0.0706594,0.5839428,16.25302,2.169843,-1.3,3.374598
2026-06-29 13:15:47.466,3.901989,True,16.44714,1.338426,-4.564808,0.9667228,0.2221229,0,0.1269187,-0.0563831,0.2453905,0.9677833,True,0.07129836,0.5829018,16.25693,2.166249,-1.3,3.373491
2026-06-29 13:15:47.508,3.945875,True,16.44714,1.338426,-4.564808,0.9700461,0.2040937,0,0.1317434,-0.05377598,0.2555943,0.9652874,True,0.07265913,0.5935166,16.26526,2.2029,-1.3,3.382214
2026-06-29 13:15:47.554,3.989818,True,16.44714,1.338426,-4.564808,0.9811338,0.1435834,0,0.1294619,-0.03717718,0.2540389,0.9664792,True,0.08185983,0.5916862,16.32155,2.19658,-1.3,3.378043
2026-06-29 13:15:47.599,4.034813,True,16.44714,1.338426,-4.564808,0.9752151,0.1776392,0,0.1319083,-0.04686414,0.2572778,0.9652005,True,0.07647741,0.5951884,16.28862,2.208673,-1.3,3.382519
2026-06-29 13:15:47.642,4.079227,True,16.44714,1.338426,-4.564808,0.9827457,0.1350977,0,0.126331,-0.03413405,0.2483025,0.9680809,True,0.08357108,0.5856722,16.33203,2.175815,-1.3,3.372454
2026-06-29 13:15:47.686,4.123538,True,16.44714,1.338426,-4.564808,0.9737709,0.1866458,0,0.1301294,-0.04857623,0.2534325,0.9661326,True,0.07555693,0.5911819,16.28299,2.194839,-1.3,3.379255
2026-06-29 13:15:47.731,4.168169,True,16.44714,1.338426,-4.564808,0.9716098,0.1970303,0,0.1309708,-0.05161045,0.2545052,0.9656933,True,0.07386827,0.5923451,16.27266,2.198855,-1.3,3.380792
2026-06-29 13:15:47.776,4.212709,True,16.44714,1.338426,-4.564808,0.9768269,0.173092,0,0.1258906,-0.0435813,0.2459466,0.9683031,True,0.07836962,0.5833162,16.3002,2.16768,-1.3,3.37168
2026-06-29 13:15:47.818,4.256446,True,16.44714,1.338426,-4.564808,0.9700643,0.2102833,0,0.1214752,-0.05108842,0.2356775,0.9704875,True,0.074296,0.5727705,16.27527,2.131267,-1.3,3.364091
2026-06-29 13:15:47.862,4.301424,True,16.44714,1.338426,-4.564808,0.9691332,0.2124052,0,0.1251597,-0.05316915,0.2425928,0.9686701,True,0.07309711,0.5799513,16.26794,2.156061,-1.3,3.370403
2026-06-29 13:15:47.907,4.343141,True,16.44714,1.338426,-4.564808,0.9678063,0.2220493,0,0.1185122,-0.05263107,0.2293936,0.9719097,True,0.0734902,0.5663211,16.27034,2.108998,-1.3,3.359169
2026-06-29 13:15:47.949,4.384717,True,16.44714,1.338426,-4.564808,0.9628845,0.2422526,0,0.1190255,-0.05766848,0.2292156,0.9716659,True,0.07071674,0.5662039,16.25337,2.108593,-1.3,3.360011
2026-06-29 13:15:47.984,4.422951,True,16.44714,1.338426,-4.564808,0.9597062,0.2542416,0,0.1196881,-0.0608594,0.2297308,0.9713495,True,0.06895351,0.5667781,16.24259,2.110576,-1.3,3.361106
2026-06-29 13:15:48.020,4.458094,True,16.44714,1.338426,-4.564808,0.9581447,0.2599578,0,0.1199193,-0.06234792,0.2298001,0.9712387,True,0.06813192,0.566871,16.23756,2.110897,-1.3,3.361489
2026-06-29 13:15:48.062,4.498748,True,16.44714,1.338426,-4.564808,0.9572081,0.2636566,0,0.1193228,-0.06292045,0.2284334,0.9715242,True,0.06782758,0.5654751,16.2357,2.106077,-1.3,3.360501
2026-06-29 13:15:48.107,4.542112,True,16.44714,1.338426,-4.564808,0.9551812,0.2721583,0,0.1164423,-0.06338146,0.2224469,0.9728824,True,0.0676229,0.5593464,16.23444,2.084915,-1.3,3.35581
2026-06-29 13:15:48.147,4.584032,True,16.44714,1.338426,-4.564808,0.9579301,0.261824,0,0.117551,-0.06155534,0.2252112,0.9723636,True,0.06860656,0.5621499,16.24046,2.094595,-1.3,3.3576
2026-06-29 13:15:48.188,4.625582,True,16.44714,1.338426,-4.564808,0.9572903,0.2643033,0,0.1172139,-0.06196002,0.2244154,0.9725218,True,0.06838989,0.5613405,16.23914,2.0918,-1.3,3.357054
2026-06-29 13:15:48.229,4.667266,True,16.44714,1.338426,-4.564808,0.96327,0.2439372,0,0.1122744,-0.05477578,0.2163011,0.974789,True,0.07240152,0.5529622,16.26368,2.062871,-1.3,3.349247
2026-06-29 13:15:48.270,4.705452,True,16.44714,1.338426,-4.564808,0.954838,0.2735692,0,0.1159501,-0.06344072,0.221427,0.9731112,True,0.0675987,0.5583048,16.23429,2.081318,-1.3,3.355021
2026-06-29 13:15:48.309,4.747953,True,16.44714,1.338426,-4.564808,0.9585004,0.2625604,0,0.1110806,-0.05833075,0.2129416,0.9753222,True,0.07047313,0.5495908,16.25188,2.05123,-1.3,3.347415
2026-06-29 13:15:48.349,4.785879,True,16.44714,1.338426,-4.564808,0.9449794,0.3071727,0,0.1125121,-0.0691213,0.2126433,0.9746821,True,0.06454492,0.5494369,16.21561,2.050699,-1.3,3.349613
2026-06-29 13:15:48.392,4.830795,True,16.44714,1.338426,-4.564808,0.9463162,0.3026737,0,0.1134646,-0.06868549,0.2147467,0.9742516,True,0.064767,0.5515696,16.21697,2.058063,-1.3,3.351094
2026-06-29 13:15:48.426,4.865057,True,16.44714,1.338426,-4.564808,0.9459073,0.305597,0,0.1089486,-0.06658876,0.2061106,0.9762604,True,0.06599033,0.5427763,16.22445,2.027701,-1.3,3.344198
2026-06-29 13:15:48.469,4.906238,True,16.44714,1.338426,-4.564808,0.9444571,0.3099038,0,0.1093634,-0.06778426,0.206578,0.9760793,True,0.06532997,0.5432662,16.22042,2.029392,-1.3,3.344819
2026-06-29 13:15:48.509,4.947816,True,16.44714,1.338426,-4.564808,0.9424591,0.3149306,0,0.1122032,-0.07067245,0.2114939,0.9748209,True,0.06370127,0.5482926,16.21045,2.046748,-1.3,3.349136
2026-06-29 13:15:48.549,4.988738,True,16.44714,1.338426,-4.564808,0.942567,0.31428,0,0.1131176,-0.07110119,0.2132418,0.9744088,True,0.0634501,0.5500755,16.20891,2.052904,-1.3,3.350553
2026-06-29 13:15:48.595,5.033908,True,16.44714,1.338426,-4.564808,0.6315036,0.7504642,0,0.1949532,-0.2926107,0.2462272,0.9239865,False,-1,-1,0,0,0,-1
2026-06-29 13:15:48.639,5.076832,True,19.02096,0.7806751,-9.348729,0.1645318,0.9426339,0,0.2904662,-0.5476066,0.09558183,0.8312588,False,-1,-1,0,0,0,-1
2026-06-29 13:15:48.683,5.123262,True,19.01788,0.778352,-9.347994,0.2354903,0.9296061,0,0.2835083,-0.527102,0.1335269,0.8392462,False,-1,-1,0,0,0,-1
2026-06-29 13:15:48.732,5.168524,True,19.02184,0.7786775,-9.34837,0.2443236,0.9249459,0,0.2911721,-0.5386367,0.1422804,0.8304377,False,-1,-1,0,0,0,-1
2026-06-29 13:15:48.775,5.212611,True,19.01737,0.7790492,-9.350983,0.227507,0.9301671,0,0.2881491,-0.5360534,0.1311118,0.8339403,False,-1,-1,0,0,0,-1
2026-06-29 13:15:48.819,5.256368,True,19.02056,0.7791585,-9.350151,0.2250726,0.9305855,0,0.2887092,-0.5373372,0.1299611,0.833294,False,-1,-1,0,0,0,-1
2026-06-29 13:15:48.864,5.300622,True,19.05427,0.7769786,-9.339571,0.2355895,0.9280017,0,0.2886356,-0.5357085,0.135999,0.833379,False,-1,-1,0,0,0,-1
2026-06-29 13:15:48.908,5.344413,True,19.05334,0.7769094,-9.339842,0.1892028,0.9723625,0,0.1367974,-0.2660332,0.05176487,0.962573,True,0.1651722,0.3057478,16.83131,1.209273,-1.3,8.352448
2026-06-29 13:15:48.951,5.389359,True,19.01892,0.7794636,-9.351301,-0.6321429,-0.7739591,0,0.03718488,0.05755914,-0.04701231,0.9972345,True,0.5986556,0.0713428,19.48364,0.3999039,-1.3,8.073627
2026-06-29 13:15:48.995,5.434299,True,19.05499,0.7774141,-9.339279,-0.7112927,-0.7023671,0,0.02726379,0.03829836,-0.03878506,0.9985133,True,0.5789947,0.09023788,19.36334,0.4651459,-1.3,8.051248
2026-06-29 13:15:49.041,5.479139,True,18.98384,0.7834243,-9.363246,-0.7879527,-0.6149654,0,0.03079355,0.03787393,-0.04852772,0.9981035,True,0.5669772,0.06887709,19.28981,0.3913901,-1.3,8.078568
2026-06-29 13:15:49.090,5.525281,True,19.02641,0.7805033,-9.349138,-0.7307467,-0.6821289,0,0.0266341,0.03633578,-0.03892557,0.9985812,True,0.5717975,0.09069983,19.3193,0.4667411,-1.3,8.060575
2026-06-29 13:15:49.132,5.570707,True,19.0207,0.7814323,-9.351287,-0.5953155,-0.8031608,0,0.02307105,0.03705952,-0.02746909,0.9989354,True,0.571813,0.1177192,19.3194,0.5600352,-1.3,8.059867
2026-06-29 13:15:49.177,5.614355,True,19.04474,0.7793162,-9.342614,-0.7917992,-0.6102896,0,0.02450865,0.02991474,-0.03881185,0.9987986,True,0.5662937,0.09071463,19.28563,0.4667921,-1.3,8.052287
2026-06-29 13:15:49.218,5.656739,True,19.06637,0.7787661,-9.335676,-0.04058039,-0.8724784,0,0.4869647,0.8497324,-0.03952244,0.5257307,False,-1,-1,0,0,0,-1
2026-06-29 13:15:49.263,5.699872,True,19.06056,0.7809852,-9.338245,0.6896342,-0.7229588,0,0.04165576,0.0602308,0.05745447,0.9965296,True,0.6089127,0.3159288,19.5464,1.244427,-1.3,8.066238
2026-06-29 13:15:49.307,5.745551,True,19.06995,0.7815017,-9.335277,0.9888704,0.1481556,0,0.01361009,-0.004032822,0.02691723,0.9996295,True,0.5257469,0.2445223,19.03753,0.9978694,-1.3,8.038255
2026-06-29 13:15:49.350,5.788674,True,19.04884,0.7842488,-9.34255,0.6172414,0.7863008,0,0.02727788,-0.04289724,0.03367407,0.9985118,True,0.4711245,0.2612065,18.70332,1.055478,-1.3,8.054536
2026-06-29 13:15:49.397,5.834757,True,19.09481,0.7801963,-9.326515,0.6569033,0.7536973,0,0.02045229,-0.03082968,0.02687036,0.9991634,True,0.4946305,0.243996,18.84715,0.9960523,-1.3,8.033236
2026-06-29 13:15:49.440,5.877974,True,19.10406,0.7812988,-9.322849,0.635879,0.771439,0,0.02323886,-0.03585471,0.02955419,0.9989199,True,0.4895555,0.2505447,18.81609,1.018664,-1.3,8.031524
2026-06-29 13:15:49.483,5.921679,True,19.09708,0.7818348,-9.325138,0.8554646,0.5173363,0,0.02331306,-0.02412138,0.03988698,0.998913,True,0.5038066,0.2747616,18.90329,1.102282,-1.3,8.033871
2026-06-29 13:15:49.530,5.96763,True,19.11523,0.7797804,-9.318977,0.483614,0.8748667,0,0.02693871,-0.04713557,0.02605588,0.9985486,True,0.4765803,0.241961,18.7367,0.9890257,-1.3,8.030632
2026-06-29 13:15:49.574,6.011693,True,19.14734,0.7770052,-9.307791,0.983165,-0.01389062,0,0.1821915,0.005061506,0.3582485,0.9336126,False,-1,-1,0,0,0,-1
2026-06-29 13:15:49.617,6.054323,True,19.16113,0.7761498,-9.302979,0.5181437,0.8547305,0,0.03103106,-0.05304638,0.03215709,0.9980742,True,0.4764302,0.2549859,18.73578,1.033999,-1.3,8.01842
2026-06-29 13:15:49.658,6.097456,True,19.15674,0.7776198,-9.3046,0.9760722,-0.003601742,0,0.217417,0.00156616,0.4244294,0.9054597,False,-1,-1,0,0,0,-1
2026-06-29 13:15:49.700,6.137241,True,19.16808,0.7773645,-9.300732,0.9556735,0.2127534,0,0.2035296,-0.08660322,0.3890156,0.9171515,False,-1,-1,0,0,0,-1
2026-06-29 13:15:49.741,6.179784,True,16.44714,1.338426,-4.564808,0.6349394,0.7718754,0,0.03256405,-0.05027078,0.04135239,0.9978791,True,0.07550436,0.3823357,16.28267,1.473721,-1.3,3.271747
2026-06-29 13:15:49.783,6.221642,True,16.44714,1.338426,-4.564808,0.9685247,0.1528469,0,0.1964633,-0.0600576,0.3805591,0.9228044,True,0.06765854,0.7330858,16.23466,2.684814,-1.3,3.53792
2026-06-29 13:15:49.827,6.267004,True,16.44714,1.338426,-4.564808,0.9860367,-0.1642735,0,0.02731294,0.008973582,0.05386311,0.998508,True,0.1071802,0.3941579,16.47648,1.514541,-1.3,3.269687
2026-06-29 13:15:49.874,6.310811,True,16.44714,1.338426,-4.564808,0.9515827,-0.3061002,0,0.02816186,0.0172407,0.05359667,0.9984138,True,0.111599,0.3939105,16.50352,1.513687,-1.3,3.269995
2026-06-29 13:15:49.917,6.356396,True,16.44714,1.338426,-4.564808,0.9611713,-0.2747433,0,0.02580557,0.01417981,0.04960714,0.9986682,True,0.1099612,0.3901202,16.4935,1.5006,-1.3,3.269162
2026-06-29 13:15:49.963,6.400311,True,16.44714,1.338426,-4.564808,0.9858557,-0.1651194,0,0.02870982,0.009481097,0.05660746,0.9983515,True,0.1074523,0.3967651,16.47815,1.523544,-1.3,3.270199
2026-06-29 13:15:50.009,6.445735,True,16.44714,1.338426,-4.564808,0.9828052,-0.1822538,0,0.02962477,0.01079845,0.05823074,0.9982447,True,0.1081572,0.3983085,16.48246,1.528873,-1.3,3.270549
2026-06-29 13:15:50.051,6.490252,True,16.44714,1.338426,-4.564808,0.9974397,-0.06716651,0,0.02454817,0.00329763,0.04897064,0.9987948,True,0.1041467,0.3895118,16.45792,1.498499,-1.3,3.268748
2026-06-29 13:15:50.097,6.534128,True,16.44714,1.338426,-4.564808,0.9319111,-0.3612107,0,0.03268988,0.02361587,0.06092812,0.9978628,True,0.1150131,0.4008855,16.52441,1.537771,-1.3,3.271801
2026-06-29 13:15:50.145,6.581376,False,16.44714,1.338426,-4.564808,0,0,0,1,0,0,-1,False,-1,-1,0,0,0,-1
2026-06-29 13:15:50.194,6.630521,True,16.44714,1.338426,-4.564808,0.7085125,0.6853117,0,0.1683985,-0.2308109,0.2386248,0.9432839,False,-1,-1,0,0,0,-1
2026-06-29 13:15:50.241,6.677289,True,16.44714,1.338426,-4.564808,0.9842759,0.0969381,0,0.1476615,-0.02862805,0.2906793,0.9563921,True,0.08641303,0.630532,16.34941,2.33071,-1.3,3.413671
2026-06-29 13:15:50.285,6.723357,True,16.44714,1.338426,-4.564808,0.994379,0.07118753,0,0.07837617,-0.01115881,0.1558712,0.9877144,True,0.09635675,0.4923674,16.41026,1.853646,-1.3,3.305418
2026-06-29 13:15:50.327,6.765408,True,16.44714,1.338426,-4.564808,0.9961747,0.06461745,0,0.05882688,-0.007602485,0.1172037,0.9930788,True,0.09830022,0.454745,16.42215,1.72374,-1.3,3.287562
2026-06-29 13:15:50.366,6.803012,True,16.44714,1.338426,-4.564808,0.990179,0.1250966,0,0.06242143,-0.01561742,0.1236168,0.9922071,True,0.09398627,0.4609544,16.39575,1.745181,-1.3,3.290451
2026-06-29 13:15:50.407,6.843971,True,16.44714,1.338426,-4.564808,0.9945723,0.08590749,0,0.05870235,-0.01008594,0.1167674,0.9931081,True,0.09696603,0.4543264,16.41398,1.722295,-1.3,3.287465
2026-06-29 13:15:50.449,6.888478,True,16.44714,1.338426,-4.564808,0.9865679,0.1490029,0,0.06694753,-0.01995076,0.1320966,0.9910361,True,0.09164333,0.4691841,16.38142,1.773597,-1.3,3.294339
2026-06-29 13:15:50.495,6.932968,True,16.44714,1.338426,-4.564808,0.9867587,0.1470319,0,0.06847584,-0.02013626,0.1351382,0.9906222,True,0.09153891,0.47214,16.38078,1.783803,-1.3,3.295715
2026-06-29 13:15:50.541,6.978956,True,16.44714,1.338426,-4.564808,0.9761583,0.2037648,0,0.07479975,-0.03048311,0.1460328,0.9888099,True,0.08593565,0.4827942,16.34649,1.82059,-1.3,3.301755
2026-06-29 13:15:50.584,7.021441,True,16.44714,1.338426,-4.564808,0.9672369,0.2424681,0,0.07524687,-0.03648993,0.1455631,0.9886758,True,0.08269155,0.4823639,16.32664,1.819105,-1.3,3.302203
2026-06-29 13:15:50.627,7.065842,True,16.44714,1.338426,-4.564808,0.9807941,0.1812582,0,0.07203075,-0.02611233,0.1412947,0.9896231,True,0.08830583,0.4781525,16.36099,1.804563,-1.3,3.299042
2026-06-29 13:15:50.673,7.111115,True,16.44714,1.338426,-4.564808,0.9966036,0.02780023,0,0.07751416,-0.004309823,0.1545018,0.9879832,True,0.1000574,0.4910161,16.4329,1.84898,-1.3,3.304518
2026-06-29 13:15:50.717,7.154797,True,16.44714,1.338426,-4.564808,0.994962,-0.0598354,0,0.08043841,0.009626128,0.1600663,0.9870594,True,0.1075888,0.4964851,16.47898,1.867863,-1.3,3.307611
2026-06-29 13:15:50.761,7.199399,True,16.44714,1.338426,-4.564808,0.9963728,0.02641216,0,0.08089316,-0.004273126,0.1611995,0.9869126,True,0.1000748,0.4975935,16.433,1.871691,-1.3,3.308103
2026-06-29 13:15:50.805,7.242807,True,16.44714,1.338426,-4.564808,0.9964767,0.02011939,0,0.08142214,-0.003276327,0.1622705,0.9867408,True,0.1006134,0.4986467,16.4363,1.875327,-1.3,3.308678
2026-06-29 13:15:50.852,7.288046,True,16.44714,1.338426,-4.564808,0.9963725,0.03623534,0,0.07700011,-0.00558025,0.1534415,0.988142,True,0.09937179,0.4899779,16.4287,1.845395,-1.3,3.303987
2026-06-29 13:15:50.898,7.334621,True,16.44714,1.338426,-4.564808,0.9884084,0.1329167,0,0.0733621,-0.0195021,0.1450234,0.989236,True,0.09186584,0.4817693,16.38278,1.817052,-1.3,3.300333
2026-06-29 13:15:50.941,7.378932,True,16.44714,1.338426,-4.564808,0.987326,0.1401383,0,0.07448884,-0.02087747,0.1470895,0.9889029,True,0.09112012,0.4837915,16.37821,1.824034,-1.3,3.301445
2026-06-29 13:15:50.985,7.421771,True,16.44714,1.338426,-4.564808,0.9816067,0.1791539,0,0.06597023,-0.02363765,0.1295137,0.9912959,True,0.08966148,0.4666874,16.36929,1.764976,-1.3,3.293475
2026-06-29 13:15:51.026,7.464174,True,16.44714,1.338426,-4.564808,0.9715875,0.2279418,0,0.06372049,-0.02904912,0.1238201,0.9918794,True,0.08675802,0.4611872,16.35152,1.745985,-1.3,3.291538
2026-06-29 13:15:51.073,7.511213,True,16.44714,1.338426,-4.564808,0.9751303,0.2129581,0,0.06139895,-0.02615079,0.1197439,0.9924604,True,0.08832538,0.4572347,16.36111,1.732337,-1.3,3.289611
2026-06-29 13:15:51.117,7.551749,True,16.44714,1.338426,-4.564808,0.988917,0.1370592,0,0.05707936,-0.0156465,0.1128935,0.9934839,True,0.0939815,0.4505973,16.39572,1.709419,-1.3,3.286222
2026-06-29 13:15:51.158,7.596252,True,16.44714,1.338426,-4.564808,0.9707244,-0.216117,0,0.1048219,0.04530759,0.2035063,0.9780247,True,0.1271037,0.5398984,16.59838,2.017764,-1.3,3.338166
2026-06-29 13:15:51.194,7.632617,True,16.44714,1.338426,-4.564808,0.9849468,-0.1106408,0,0.13281,0.02938842,0.2616216,0.9647229,True,0.1186398,0.5995707,16.5466,2.223804,-1.3,3.384192
2026-06-29 13:15:51.240,7.678103,True,16.44714,1.338426,-4.564808,0.9837207,-0.1224052,0,0.1315694,0.03220956,0.2588551,0.965379,True,0.1201879,0.5966867,16.55607,2.213846,-1.3,3.381893
2026-06-29 13:15:51.279,7.716743,True,16.44714,1.338426,-4.564808,0.9843348,-0.1151894,0,0.133478,0.03075049,0.2627741,0.9643673,True,0.1193993,0.6007951,16.55124,2.228032,-1.3,3.385441
2026-06-29 13:15:51.318,7.756313,True,16.44714,1.338426,-4.564808,0.9833547,-0.1241484,0,0.1326681,0.03294107,0.2609196,0.9647984,True,0.1206032,0.5988625,16.55861,2.221359,-1.3,3.383928
2026-06-29 13:15:51.359,7.797049,True,16.44714,1.338426,-4.564808,0.9820433,-0.1370029,0,0.1296965,0.03553762,0.2547352,0.9663576,True,0.1220076,0.5923989,16.5672,2.199041,-1.3,3.378468
2026-06-29 13:15:51.417,7.854469,True,16.44714,1.338426,-4.564808,0.9796591,-0.1447735,0,0.1389555,0.04023415,0.2722581,0.9613827,True,0.1247157,0.6109227,16.58377,2.263001,-1.3,3.395951
2026-06-29 13:15:51.452,7.889198,True,16.44714,1.338426,-4.564808,0.9347555,-0.3032485,0,0.1851284,0.1122798,0.3460995,0.931455,True,0.1667047,0.6944838,16.84069,2.551527,-1.3,3.505063
2026-06-29 13:15:51.516,7.954486,True,16.44714,1.338426,-4.564808,0.9269596,-0.3244255,0,0.1883982,0.1222424,0.349275,0.9290122,True,0.1725959,0.6986396,16.87674,2.565876,-1.3,3.514279
2026-06-29 13:15:51.553,7.988767,True,16.44714,1.338426,-4.564808,0.9276004,-0.3215649,0,0.1901409,0.1222852,0.3527495,0.9276928,True,0.1727204,0.7026865,16.8775,2.57985,-1.3,3.519277
2026-06-29 13:15:51.617,8.054564,True,16.44714,1.338426,-4.564808,0.881299,-0.4311085,0,0.1935398,0.1668733,0.3411329,0.9250847,True,0.1986369,0.6918267,17.03607,2.542352,-1.3,3.529199
2026-06-29 13:15:51.659,8.088321,True,16.44714,1.338426,-4.564808,0.9109319,-0.3653873,0,0.19156,0.1399872,0.3489962,0.9266096,True,0.1829962,0.6992769,16.94037,2.568077,-1.3,3.523392
2026-06-29 13:15:51.685,8.121956,True,16.44714,1.338426,-4.564808,0.9112504,-0.3557059,0,0.2075958,0.1476861,0.3783435,0.913808,True,0.188621,0.7346321,16.97479,2.690153,-1.3,3.572751
2026-06-29 13:15:51.751,8.188699,True,16.44714,1.338426,-4.564808,0.9270957,-0.2735875,0,0.2562099,0.1401916,0.4750621,0.868713,True,0.1884941,0.8602254,16.97401,3.12381,-1.3,3.758213
2026-06-29 13:15:51.816,8.254054,True,16.44714,1.338426,-4.564808,0.9250165,-0.2792661,0,0.2575945,0.1438748,0.4765584,0.8672901,True,0.1909015,0.8627051,16.98874,3.132372,-1.3,3.764379
2026-06-29 13:15:51.852,8.288346,True,16.44714,1.338426,-4.564808,0.9263121,-0.273486,0,0.2591356,0.1417399,0.4800809,0.8656974,True,0.1897485,0.8675083,16.98169,3.148957,-1.3,3.771304
2026-06-29 13:15:51.917,8.354351,True,16.44714,1.338426,-4.564808,0.9296864,-0.2598611,0,0.2610661,0.1356819,0.4854192,0.863689,True,0.186209,0.8745718,16.96003,3.173347,-1.3,3.780074
2026-06-29 13:15:51.982,8.421024,True,16.44714,1.338426,-4.564808,0.9277832,-0.2437965,0,0.2824565,0.1377238,0.5241166,0.8404367,True,0.1898246,0.9328113,16.98215,3.37444,-1.3,3.884657
2026-06-29 13:15:52.050,8.487176,True,16.44714,1.338426,-4.564808,0.9228111,-0.2453441,0,0.2970287,0.1457485,0.5482026,0.823548,True,0.1968169,0.9725572,17.02493,3.511677,-1.3,3.964321
2026-06-29 13:15:52.086,8.524228,True,16.44714,1.338426,-4.564808,0.9317073,-0.2187235,0,0.2899683,0.1268457,0.540331,0.8318369,True,0.1837507,0.957338,16.94499,3.459127,-1.3,3.924818
2026-06-29 13:15:52.127,8.564651,False,16.44714,1.338426,-4.564808,0,0,0,1,0,0,-1,False,-1,-1,0,0,0,-1
2026-06-29 13:15:52.173,8.610501,False,16.44714,1.338426,-4.564808,0,0,0,1,0,0,-1,False,-1,-1,0,0,0,-1
2026-06-29 13:15:52.217,8.655684,False,16.44714,1.338426,-4.564808,0,0,0,1,0,0,-1,False,-1,-1,0,0,0,-1
2026-06-29 13:15:52.260,8.698837,False,16.44714,1.338426,-4.564808,0,0,0,1,0,0,-1,False,-1,-1,0,0,0,-1
2026-06-29 13:15:52.307,8.744617,False,16.44714,1.338426,-4.564808,0,0,0,1,0,0,-1,False,-1,-1,0,0,0,-1
2026-06-29 13:15:52.350,8.787074,False,16.44714,1.338426,-4.564808,0,0,0,1,0,0,-1,False,-1,-1,0,0,0,-1
2026-06-29 13:15:52.392,8.830972,False,16.44714,1.338426,-4.564808,0,0,0,1,0,0,-1,False,-1,-1,0,0,0,-1
2026-06-29 13:15:52.439,8.877223,False,16.44714,1.338426,-4.564808,0,0,0,1,0,0,-1,False,-1,-1,0,0,0,-1
2026-06-29 13:15:52.482,8.920247,False,16.44714,1.338426,-4.564808,0,0,0,1,0,0,-1,False,-1,-1,0,0,0,-1
2026-06-29 13:15:52.527,8.964459,False,16.44714,1.338426,-4.564808,0,0,0,1,0,0,-1,False,-1,-1,0,0,0,-1
2026-06-29 13:15:52.573,9.009714,False,16.44714,1.338426,-4.564808,0,0,0,1,0,0,-1,False,-1,-1,0,0,0,-1
2026-06-29 13:15:52.617,9.055001,False,16.44714,1.338426,-4.564808,0,0,0,1,0,0,-1,False,-1,-1,0,0,0,-1
2026-06-29 13:15:52.660,9.097866,False,16.44714,1.338426,-4.564808,0,0,0,1,0,0,-1,False,-1,-1,0,0,0,-1
2026-06-29 13:15:52.707,9.143353,False,16.44714,1.338426,-4.564808,0,0,0,1,0,0,-1,False,-1,-1,0,0,0,-1
2026-06-29 13:15:52.749,9.188126,False,16.44714,1.338426,-4.564808,0,0,0,1,0,0,-1,False,-1,-1,0,0,0,-1
2026-06-29 13:15:52.796,9.233133,False,16.44714,1.338426,-4.564808,0,0,0,1,0,0,-1,False,-1,-1,0,0,0,-1
2026-06-29 13:15:52.838,9.277133,False,16.44714,1.338426,-4.564808,0,0,0,1,0,0,-1,False,-1,-1,0,0,0,-1
2026-06-29 13:15:52.895,9.332017,False,16.44714,1.338426,-4.564808,0,0,0,1,0,0,-1,False,-1,-1,0,0,0,-1
2026-06-29 13:15:52.939,9.377672,False,16.44714,1.338426,-4.564808,0,0,0,1,0,0,-1,False,-1,-1,0,0,0,-1
2026-06-29 13:15:52.983,9.421203,False,16.44714,1.338426,-4.564808,0,0,0,1,0,0,-1,False,-1,-1,0,0,0,-1
2026-06-29 13:15:53.033,9.470593,False,16.44714,1.338426,-4.564808,0,0,0,1,0,0,-1,False,-1,-1,0,0,0,-1
2026-06-29 13:15:53.075,9.512032,False,16.44714,1.338426,-4.564808,0,0,0,1,0,0,-1,False,-1,-1,0,0,0,-1
2026-06-29 13:15:53.116,9.555154,False,16.44714,1.338426,-4.564808,0,0,0,1,0,0,-1,False,-1,-1,0,0,0,-1
2026-06-29 13:15:53.159,9.596819,False,16.44714,1.338426,-4.564808,0,0,0,1,0,0,-1,False,-1,-1,0,0,0,-1
2026-06-29 13:15:53.202,9.640306,False,16.44714,1.338426,-4.564808,0,0,0,1,0,0,-1,False,-1,-1,0,0,0,-1
2026-06-29 13:15:53.249,9.687793,False,16.44714,1.338426,-4.564808,0,0,0,1,0,0,-1,False,-1,-1,0,0,0,-1
2026-06-29 13:15:53.291,9.730994,False,16.44714,1.338426,-4.564808,0,0,0,1,0,0,-1,False,-1,-1,0,0,0,-1
2026-06-29 13:15:53.338,9.775914,False,16.44714,1.338426,-4.564808,0,0,0,1,0,0,-1,False,-1,-1,0,0,0,-1
2026-06-29 13:15:53.381,9.818977,False,16.44714,1.338426,-4.564808,0,0,0,1,0,0,-1,False,-1,-1,0,0,0,-1
2026-06-29 13:15:53.417,9.85568,False,16.44714,1.338426,-4.564808,0,0,0,1,0,0,-1,False,-1,-1,0,0,0,-1
2026-06-29 13:15:53.451,9.889164,False,16.44714,1.338426,-4.564808,0,0,0,1,0,0,-1,False,-1,-1,0,0,0,-1
2026-06-29 13:15:53.490,9.927335,False,16.44714,1.338426,-4.564808,0,0,0,1,0,0,-1,False,-1,-1,0,0,0,-1
2026-06-29 13:15:53.529,9.967939,False,16.44714,1.338426,-4.564808,0,0,0,1,0,0,-1,False,-1,-1,0,0,0,-1
2026-06-29 13:15:53.567,10.00464,False,16.44714,1.338426,-4.564808,0,0,0,1,0,0,-1,False,-1,-1,0,0,0,-1
2026-06-29 13:15:53.607,10.04446,False,16.44714,1.338426,-4.564808,0,0,0,1,0,0,-1,False,-1,-1,0,0,0,-1
2026-06-29 13:15:53.647,10.08536,False,16.44714,1.338426,-4.564808,0,0,0,1,0,0,-1,False,-1,-1,0,0,0,-1
2026-06-29 13:15:53.683,10.12241,False,16.44714,1.338426,-4.564808,0,0,0,1,0,0,-1,False,-1,-1,0,0,0,-1
2026-06-29 13:15:53.742,10.17259,False,16.44714,1.338426,-4.564808,0,0,0,1,0,0,-1,False,-1,-1,0,0,0,-1
2026-06-29 13:15:53.780,10.21782,False,16.44714,1.338426,-4.564808,0,0,0,1,0,0,-1,False,-1,-1,0,0,0,-1
2026-06-29 13:15:53.823,10.26026,False,16.44714,1.338426,-4.564808,0,0,0,1,0,0,-1,False,-1,-1,0,0,0,-1
2026-06-29 13:15:53.863,10.301,False,16.44714,1.338426,-4.564808,0,0,0,1,0,0,-1,False,-1,-1,0,0,0,-1
2026-06-29 13:15:53.902,10.34052,True,16.44714,1.338426,-4.564808,0.9104143,0.3004397,0,0.2843974,-0.1708885,0.5178389,0.8382362,False,-1,-1,0,0,0,-1
2026-06-29 13:15:53.941,10.37957,True,16.44714,1.338426,-4.564808,0.9076403,0.3012419,0,0.2923055,-0.1761093,0.5306164,0.829115,False,-1,-1,0,0,0,-1
2026-06-29 13:15:53.983,10.42192,True,16.44714,1.338426,-4.564808,0.8973467,0.3383791,0,0.2833169,-0.191737,0.5084669,0.8394631,False,-1,-1,0,0,0,-1
2026-06-29 13:15:54.019,10.45694,True,16.44714,1.338426,-4.564808,0.9188265,0.2897642,0,0.2679451,-0.1552818,0.4923902,0.8564107,True,0.00563705,0.8867845,15.85518,3.215515,-1.3,3.812199
2026-06-29 13:15:54.074,10.5107,True,16.44714,1.338426,-4.564808,0.9229916,0.270803,0,0.2734088,-0.1480799,0.504708,0.8504953,True,0.009482503,0.90426,15.8787,3.275856,-1.3,3.838714
2026-06-29 13:15:54.138,10.57599,True,16.44714,1.338426,-4.564808,0.9462543,0.0446579,0,0.3203256,-0.02861013,0.6062188,0.7947831,False,-1,-1,0,0,0,-1
2026-06-29 13:15:54.173,10.61046,False,16.44714,1.338426,-4.564808,0,0,0,1,0,0,-1,False,-1,-1,0,0,0,-1
2026-06-29 13:15:54.239,10.67826,False,16.44714,1.338426,-4.564808,0,0,0,1,0,0,-1,False,-1,-1,0,0,0,-1
2026-06-29 13:15:54.306,10.74327,False,16.44714,1.338426,-4.564808,0,0,0,1,0,0,-1,False,-1,-1,0,0,0,-1
2026-06-29 13:15:54.374,10.81093,False,16.44714,1.338426,-4.564808,0,0,0,1,0,0,-1,False,-1,-1,0,0,0,-1
2026-06-29 13:15:54.408,10.84435,False,16.44714,1.338426,-4.564808,0,0,0,1,0,0,-1,False,-1,-1,0,0,0,-1
2026-06-29 13:15:54.474,10.90893,False,16.44714,1.338426,-4.564808,0,0,0,1,0,0,-1,False,-1,-1,0,0,0,-1
2026-06-29 13:15:54.537,10.97519,False,16.44714,1.338426,-4.564808,0,0,0,1,0,0,-1,False,-1,-1,0,0,0,-1
2026-06-29 13:15:54.571,11.00929,False,16.44714,1.338426,-4.564808,0,0,0,1,0,0,-1,False,-1,-1,0,0,0,-1
2026-06-29 13:15:54.640,11.07829,False,16.44714,1.338426,-4.564808,0,0,0,1,0,0,-1,False,-1,-1,0,0,0,-1
2026-06-29 13:15:54.704,11.14214,False,16.44714,1.338426,-4.564808,0,0,0,1,0,0,-1,False,-1,-1,0,0,0,-1
2026-06-29 13:15:54.739,11.1771,False,16.44714,1.338426,-4.564808,0,0,0,1,0,0,-1,False,-1,-1,0,0,0,-1
2026-06-29 13:15:54.791,11.23,False,16.44714,1.338426,-4.564808,0,0,0,1,0,0,-1,False,-1,-1,0,0,0,-1
2026-06-29 13:15:54.840,11.27697,False,16.44714,1.338426,-4.564808,0,0,0,1,0,0,-1,False,-1,-1,0,0,0,-1
2026-06-29 13:15:54.882,11.32056,False,16.44714,1.338426,-4.564808,0,0,0,1,0,0,-1,False,-1,-1,0,0,0,-1
2026-06-29 13:15:54.926,11.36473,False,16.44714,1.338426,-4.564808,0,0,0,1,0,0,-1,False,-1,-1,0,0,0,-1
2026-06-29 13:15:54.973,11.40944,False,16.44714,1.338426,-4.564808,0,0,0,1,0,0,-1,False,-1,-1,0,0,0,-1
2026-06-29 13:15:55.016,11.454,False,16.44714,1.338426,-4.564808,0,0,0,1,0,0,-1,False,-1,-1,0,0,0,-1
2026-06-29 13:15:55.058,11.49607,False,16.44714,1.338426,-4.564808,0,0,0,1,0,0,-1,False,-1,-1,0,0,0,-1
2026-06-29 13:15:55.108,11.54318,False,16.44714,1.338426,-4.564808,0,0,0,1,0,0,-1,False,-1,-1,0,0,0,-1
2026-06-29 13:15:55.151,11.58695,False,16.44714,1.338426,-4.564808,0,0,0,1,0,0,-1,False,-1,-1,0,0,0,-1
2026-06-29 13:15:55.193,11.63082,False,19.06824,0.8123719,-9.318014,0,0,0,1,0,0,-1,False,-1,-1,0,0,0,-1
2026-06-29 13:15:55.236,11.67341,False,19.06027,0.819993,-9.324663,0,0,0,1,0,0,-1,False,-1,-1,0,0,0,-1
2026-06-29 13:15:55.283,11.72022,False,19.05009,0.8239339,-9.328587,0,0,0,1,0,0,-1,False,-1,-1,0,0,0,-1
2026-06-29 13:15:55.326,11.76419,False,19.07947,0.8230926,-9.322058,0,0,0,1,0,0,-1,False,-1,-1,0,0,0,-1
2026-06-29 13:15:55.370,11.8066,False,19.08418,0.8251407,-9.323803,0,0,0,1,0,0,-1,False,-1,-1,0,0,0,-1
2026-06-29 13:15:55.418,11.85483,False,19.09497,0.8246906,-9.324762,0,0,0,1,0,0,-1,False,-1,-1,0,0,0,-1
2026-06-29 13:15:55.459,11.89819,False,19.15911,0.8193085,-9.307264,0,0,0,1,0,0,-1,False,-1,-1,0,0,0,-1
2026-06-29 13:15:55.506,11.94283,False,16.44714,1.338426,-4.564808,0,0,0,1,0,0,-1,False,-1,-1,0,0,0,-1
2026-06-29 13:15:55.559,11.9979,False,16.44714,1.338426,-4.564808,0,0,0,1,0,0,-1,False,-1,-1,0,0,0,-1
2026-06-29 13:15:55.603,12.0419,False,16.44714,1.338426,-4.564808,0,0,0,1,0,0,-1,False,-1,-1,0,0,0,-1
2026-06-29 13:15:55.652,12.0882,False,16.44714,1.338426,-4.564808,0,0,0,1,0,0,-1,False,-1,-1,0,0,0,-1
2026-06-29 13:15:55.690,12.12918,False,16.44714,1.338426,-4.564808,0,0,0,1,0,0,-1,False,-1,-1,0,0,0,-1
2026-06-29 13:15:55.738,12.17452,False,16.44714,1.338426,-4.564808,0,0,0,1,0,0,-1,False,-1,-1,0,0,0,-1
2026-06-29 13:15:55.781,12.21897,False,16.44714,1.338426,-4.564808,0,0,0,1,0,0,-1,False,-1,-1,0,0,0,-1
2026-06-29 13:15:55.825,12.26381,False,16.44714,1.338426,-4.564808,0,0,0,1,0,0,-1,False,-1,-1,0,0,0,-1
2026-06-29 13:15:55.870,12.30772,False,16.44714,1.338426,-4.564808,0,0,0,1,0,0,-1,False,-1,-1,0,0,0,-1
2026-06-29 13:15:55.915,12.35175,False,16.44714,1.338426,-4.564808,0,0,0,1,0,0,-1,False,-1,-1,0,0,0,-1
2026-06-29 13:15:55.959,12.39731,False,16.44714,1.338426,-4.564808,0,0,0,1,0,0,-1,False,-1,-1,0,0,0,-1
2026-06-29 13:15:56.004,12.44224,False,16.44714,1.338426,-4.564808,0,0,0,1,0,0,-1,False,-1,-1,0,0,0,-1
2026-06-29 13:15:56.048,12.48609,False,16.44714,1.338426,-4.564808,0,0,0,1,0,0,-1,False,-1,-1,0,0,0,-1
2026-06-29 13:15:56.087,12.52525,False,16.44714,1.338426,-4.564808,0,0,0,1,0,0,-1,False,-1,-1,0,0,0,-1
2026-06-29 13:15:56.127,12.56325,False,16.44714,1.338426,-4.564808,0,0,0,1,0,0,-1,False,-1,-1,0,0,0,-1
2026-06-29 13:15:56.165,12.60162,False,16.44714,1.338426,-4.564808,0,0,0,1,0,0,-1,False,-1,-1,0,0,0,-1
2026-06-29 13:15:56.206,12.64318,False,16.44714,1.338426,-4.564808,0,0,0,1,0,0,-1,False,-1,-1,0,0,0,-1
2026-06-29 13:15:56.246,12.68266,False,16.44714,1.338426,-4.564808,0,0,0,1,0,0,-1,False,-1,-1,0,0,0,-1
2026-06-29 13:15:56.283,12.72099,False,16.44714,1.338426,-4.564808,0,0,0,1,0,0,-1,False,-1,-1,0,0,0,-1
2026-06-29 13:15:56.327,12.76372,False,16.44714,1.338426,-4.564808,0,0,0,1,0,0,-1,False,-1,-1,0,0,0,-1
2026-06-29 13:15:56.365,12.80284,False,16.44714,1.338426,-4.564808,0,0,0,1,0,0,-1,False,-1,-1,0,0,0,-1
2026-06-29 13:15:56.404,12.84082,False,16.44714,1.338426,-4.564808,0,0,0,1,0,0,-1,False,-1,-1,0,0,0,-1
2026-06-29 13:15:56.444,12.88073,False,16.44714,1.338426,-4.564808,0,0,0,1,0,0,-1,False,-1,-1,0,0,0,-1
2026-06-29 13:15:56.488,12.925,False,16.44714,1.338426,-4.564808,0,0,0,1,0,0,-1,False,-1,-1,0,0,0,-1
2026-06-29 13:15:56.527,12.96533,False,16.44714,1.338426,-4.564808,0,0,0,1,0,0,-1,False,-1,-1,0,0,0,-1
2026-06-29 13:15:56.567,13.00345,False,16.44714,1.338426,-4.564808,0,0,0,1,0,0,-1,False,-1,-1,0,0,0,-1
2026-06-29 13:15:56.606,13.04529,False,16.44714,1.338426,-4.564808,0,0,0,1,0,0,-1,False,-1,-1,0,0,0,-1
2026-06-29 13:15:56.651,13.08752,False,16.44714,1.338426,-4.564808,0,0,0,1,0,0,-1,False,-1,-1,0,0,0,-1
2026-06-29 13:15:56.700,13.13636,False,16.44714,1.338426,-4.564808,0,0,0,1,0,0,-1,False,-1,-1,0,0,0,-1
2026-06-29 13:15:56.743,13.18106,False,16.44714,1.338426,-4.564808,0,0,0,1,0,0,-1,False,-1,-1,0,0,0,-1
2026-06-29 13:15:56.782,13.21941,False,16.44714,1.338426,-4.564808,0,0,0,1,0,0,-1,False,-1,-1,0,0,0,-1
2026-06-29 13:15:56.826,13.26371,False,16.44714,1.338426,-4.564808,0,0,0,1,0,0,-1,False,-1,-1,0,0,0,-1
2026-06-29 13:15:56.868,13.30714,False,16.44714,1.338426,-4.564808,0,0,0,1,0,0,-1,False,-1,-1,0,0,0,-1
2026-06-29 13:15:56.916,13.35212,False,16.44714,1.338426,-4.564808,0,0,0,1,0,0,-1,False,-1,-1,0,0,0,-1
2026-06-29 13:15:56.958,13.39642,False,16.44714,1.338426,-4.564808,0,0,0,1,0,0,-1,False,-1,-1,0,0,0,-1
2026-06-29 13:15:57.004,13.44092,False,16.44714,1.338426,-4.564808,0,0,0,1,0,0,-1,False,-1,-1,0,0,0,-1
2026-06-29 13:15:57.047,13.48404,False,16.44714,1.338426,-4.564808,0,0,0,1,0,0,-1,False,-1,-1,0,0,0,-1
2026-06-29 13:15:57.091,13.52897,False,16.44714,1.338426,-4.564808,0,0,0,1,0,0,-1,False,-1,-1,0,0,0,-1
2026-06-29 13:15:57.143,13.5803,False,16.44714,1.338426,-4.564808,0,0,0,1,0,0,-1,False,-1,-1,0,0,0,-1
2026-06-29 13:15:57.188,13.62417,False,16.44714,1.338426,-4.564808,0,0,0,1,0,0,-1,False,-1,-1,0,0,0,-1
2026-06-29 13:15:57.225,13.66402,False,16.44714,1.338426,-4.564808,0,0,0,1,0,0,-1,False,-1,-1,0,0,0,-1
2026-06-29 13:15:57.270,13.70752,False,16.44714,1.338426,-4.564808,0,0,0,1,0,0,-1,False,-1,-1,0,0,0,-1
2026-06-29 13:15:57.315,13.75021,False,16.44714,1.338426,-4.564808,0,0,0,1,0,0,-1,False,-1,-1,0,0,0,-1
2026-06-29 13:15:57.359,13.79604,False,16.44714,1.338426,-4.564808,0,0,0,1,0,0,-1,False,-1,-1,0,0,0,-1
2026-06-29 13:15:57.405,13.84166,False,16.44714,1.338426,-4.564808,0,0,0,1,0,0,-1,False,-1,-1,0,0,0,-1
2026-06-29 13:15:57.448,13.88695,False,16.44714,1.338426,-4.564808,0,0,0,1,0,0,-1,False,-1,-1,0,0,0,-1
2026-06-29 13:15:57.490,13.92824,False,16.44714,1.338426,-4.564808,0,0,0,1,0,0,-1,False,-1,-1,0,0,0,-1
2026-06-29 13:15:57.538,13.97459,False,16.44714,1.338426,-4.564808,0,0,0,1,0,0,-1,False,-1,-1,0,0,0,-1
2026-06-29 13:15:57.581,14.01815,False,16.44714,1.338426,-4.564808,0,0,0,1,0,0,-1,False,-1,-1,0,0,0,-1
2026-06-29 13:15:57.626,14.06255,False,16.44714,1.338426,-4.564808,0,0,0,1,0,0,-1,False,-1,-1,0,0,0,-1
2026-06-29 13:15:57.671,14.10827,False,16.44714,1.338426,-4.564808,0,0,0,1,0,0,-1,False,-1,-1,0,0,0,-1
2026-06-29 13:15:57.714,14.15186,False,16.44714,1.338426,-4.564808,0,0,0,1,0,0,-1,False,-1,-1,0,0,0,-1
2026-06-29 13:15:57.757,14.19635,False,16.44714,1.338426,-4.564808,0,0,0,1,0,0,-1,False,-1,-1,0,0,0,-1
2026-06-29 13:15:57.805,14.24101,False,16.44714,1.338426,-4.564808,0,0,0,1,0,0,-1,False,-1,-1,0,0,0,-1
2026-06-29 13:15:57.849,14.28711,False,16.44714,1.338426,-4.564808,0,0,0,1,0,0,-1,False,-1,-1,0,0,0,-1
2026-06-29 13:15:57.893,14.33028,False,16.44714,1.338426,-4.564808,0,0,0,1,0,0,-1,False,-1,-1,0,0,0,-1
2026-06-29 13:15:57.939,14.37617,False,16.44714,1.338426,-4.564808,0,0,0,1,0,0,-1,False,-1,-1,0,0,0,-1
2026-06-29 13:15:57.982,14.4213,False,16.44714,1.338426,-4.564808,0,0,0,1,0,0,-1,False,-1,-1,0,0,0,-1
2026-06-29 13:15:58.023,14.46095,False,16.44714,1.338426,-4.564808,0,0,0,1,0,0,-1,False,-1,-1,0,0,0,-1
2026-06-29 13:15:58.062,14.50024,False,16.44714,1.338426,-4.564808,0,0,0,1,0,0,-1,False,-1,-1,0,0,0,-1
2026-06-29 13:15:58.104,14.54119,False,16.44714,1.338426,-4.564808,0,0,0,1,0,0,-1,False,-1,-1,0,0,0,-1
2026-06-29 13:15:58.149,14.58297,False,16.44714,1.338426,-4.564808,0,0,0,1,0,0,-1,False,-1,-1,0,0,0,-1
2026-06-29 13:15:58.190,14.62703,False,16.44714,1.338426,-4.564808,0,0,0,1,0,0,-1,False,-1,-1,0,0,0,-1
2026-06-29 13:15:58.227,14.66489,False,16.44714,1.338426,-4.564808,0,0,0,1,0,0,-1,False,-1,-1,0,0,0,-1
2026-06-29 13:15:58.270,14.70757,False,16.44714,1.338426,-4.564808,0,0,0,1,0,0,-1,False,-1,-1,0,0,0,-1
2026-06-29 13:15:58.317,14.75506,False,16.44714,1.338426,-4.564808,0,0,0,1,0,0,-1,False,-1,-1,0,0,0,-1
2026-06-29 13:15:58.362,14.79962,False,16.44714,1.338426,-4.564808,0,0,0,1,0,0,-1,False,-1,-1,0,0,0,-1
2026-06-29 13:15:58.402,14.83924,False,16.44714,1.338426,-4.564808,0,0,0,1,0,0,-1,False,-1,-1,0,0,0,-1
2026-06-29 13:15:58.446,14.88452,False,16.44714,1.338426,-4.564808,0,0,0,1,0,0,-1,False,-1,-1,0,0,0,-1
2026-06-29 13:15:58.490,14.92816,False,16.44714,1.338426,-4.564808,0,0,0,1,0,0,-1,False,-1,-1,0,0,0,-1
2026-06-29 13:15:58.534,14.97222,False,16.44714,1.338426,-4.564808,0,0,0,1,0,0,-1,False,-1,-1,0,0,0,-1
2026-06-29 13:15:58.582,15.01986,False,16.44714,1.338426,-4.564808,0,0,0,1,0,0,-1,False,-1,-1,0,0,0,-1
2026-06-29 13:15:58.625,15.06185,False,16.44714,1.338426,-4.564808,0,0,0,1,0,0,-1,False,-1,-1,0,0,0,-1
2026-06-29 13:15:58.670,15.10708,False,16.44714,1.338426,-4.564808,0,0,0,1,0,0,-1,False,-1,-1,0,0,0,-1
2026-06-29 13:15:58.713,15.15215,False,16.44714,1.338426,-4.564808,0,0,0,1,0,0,-1,False,-1,-1,0,0,0,-1
2026-06-29 13:15:58.757,15.19604,False,16.44714,1.338426,-4.564808,0,0,0,1,0,0,-1,False,-1,-1,0,0,0,-1
2026-06-29 13:15:58.801,15.23848,False,16.44714,1.338426,-4.564808,0,0,0,1,0,0,-1,False,-1,-1,0,0,0,-1
2026-06-29 13:15:58.847,15.28487,False,16.44714,1.338426,-4.564808,0,0,0,1,0,0,-1,False,-1,-1,0,0,0,-1
2026-06-29 13:15:58.891,15.32885,False,16.44714,1.338426,-4.564808,0,0,0,1,0,0,-1,False,-1,-1,0,0,0,-1
2026-06-29 13:15:58.937,15.37286,False,16.44714,1.338426,-4.564808,0,0,0,1,0,0,-1,False,-1,-1,0,0,0,-1
2026-06-29 13:15:58.977,15.41562,False,16.44714,1.338426,-4.564808,0,0,0,1,0,0,-1,False,-1,-1,0,0,0,-1
2026-06-29 13:15:59.016,15.45363,False,16.44714,1.338426,-4.564808,0,0,0,1,0,0,-1,False,-1,-1,0,0,0,-1
2026-06-29 13:15:59.056,15.49601,False,16.44714,1.338426,-4.564808,0,0,0,1,0,0,-1,False,-1,-1,0,0,0,-1
2026-06-29 13:15:59.100,15.53608,False,16.44714,1.338426,-4.564808,0,0,0,1,0,0,-1,False,-1,-1,0,0,0,-1
2026-06-29 13:15:59.140,15.57973,False,16.44714,1.338426,-4.564808,0,0,0,1,0,0,-1,False,-1,-1,0,0,0,-1
2026-06-29 13:15:59.179,15.61694,False,16.44714,1.338426,-4.564808,0,0,0,1,0,0,-1,False,-1,-1,0,0,0,-1
2026-06-29 13:15:59.222,15.66015,False,16.44714,1.338426,-4.564808,0,0,0,1,0,0,-1,False,-1,-1,0,0,0,-1
2026-06-29 13:15:59.270,15.70679,False,16.44714,1.338426,-4.564808,0,0,0,1,0,0,-1,False,-1,-1,0,0,0,-1
2026-06-29 13:15:59.314,15.7517,False,16.44714,1.338426,-4.564808,0,0,0,1,0,0,-1,False,-1,-1,0,0,0,-1
2026-06-29 13:15:59.358,15.79636,False,16.44714,1.338426,-4.564808,0,0,0,1,0,0,-1,False,-1,-1,0,0,0,-1
2026-06-29 13:15:59.403,15.83953,False,16.44714,1.338426,-4.564808,0,0,0,1,0,0,-1,False,-1,-1,0,0,0,-1
2026-06-29 13:15:59.447,15.88385,False,16.44714,1.338426,-4.564808,0,0,0,1,0,0,-1,False,-1,-1,0,0,0,-1
2026-06-29 13:15:59.491,15.92946,False,16.44714,1.338426,-4.564808,0,0,0,1,0,0,-1,False,-1,-1,0,0,0,-1
2026-06-29 13:15:59.534,15.97203,False,16.44714,1.338426,-4.564808,0,0,0,1,0,0,-1,False,-1,-1,0,0,0,-1
2026-06-29 13:15:59.581,16.01735,False,19.11227,0.8009921,-9.342604,0,0,0,1,0,0,-1,False,-1,-1,0,0,0,-1
2026-06-29 13:15:59.624,16.06227,False,19.15309,0.7900617,-9.327636,0,0,0,1,0,0,-1,False,-1,-1,0,0,0,-1
2026-06-29 13:15:59.671,16.10718,True,19.19441,0.7849194,-9.312212,0.1570191,0.7097622,0,0.6867188,-0.9748141,0.2156559,0.05683482,False,-1,-1,0,0,0,-1
2026-06-29 13:15:59.714,16.14972,True,19.23318,0.7797284,-9.299679,0.6249385,0.0105535,0,0.7806026,-0.01647618,0.9756573,-0.218681,False,-1,-1,0,0,0,-1
2026-06-29 13:15:59.759,16.19672,False,16.44714,1.338426,-4.564808,0,0,0,1,0,0,-1,False,-1,-1,0,0,0,-1
2026-06-29 13:15:59.798,16.2386,False,16.44714,1.338426,-4.564808,0,0,0,1,0,0,-1,False,-1,-1,0,0,0,-1
2026-06-29 13:15:59.849,16.28786,False,16.44714,1.338426,-4.564808,0,0,0,1,0,0,-1,False,-1,-1,0,0,0,-1
2026-06-29 13:15:59.891,16.32842,False,16.44714,1.338426,-4.564808,0,0,0,1,0,0,-1,False,-1,-1,0,0,0,-1
2026-06-29 13:15:59.931,16.36793,False,16.44714,1.338426,-4.564808,0,0,0,1,0,0,-1,False,-1,-1,0,0,0,-1
2026-06-29 13:15:59.970,16.40701,False,16.44714,1.338426,-4.564808,0,0,0,1,0,0,-1,False,-1,-1,0,0,0,-1
2026-06-29 13:16:00.008,16.44693,True,16.44714,1.338426,-4.564808,0.9493399,-0.2469479,0,0.1943465,0.0959869,0.3690018,0.9244589,True,0.1577874,0.7205671,16.78613,2.641589,-1.3,3.531589
2026-06-29 13:16:00.048,16.48617,True,16.44714,1.338426,-4.564808,0.9590572,-0.2751634,0,0.06704167,0.03689482,0.1285936,0.9910108,True,0.1222501,0.4658451,16.56869,1.762068,-1.3,3.294423
2026-06-29 13:16:00.089,16.5268,True,16.44714,1.338426,-4.564808,0.9472544,-0.314266,0,0.06281658,0.03948223,0.1190066,0.9921082,True,0.1236198,0.4565725,16.57707,1.730051,-1.3,3.290779
2026-06-29 13:16:00.130,16.56832,True,16.44714,1.338426,-4.564808,0.9566861,-0.2844774,0,0.06184021,0.03518429,0.1183233,0.9923516,True,0.1213035,0.4558936,16.56289,1.727706,-1.3,3.289972
2026-06-29 13:16:00.167,16.60409,True,16.44714,1.338426,-4.564808,0.9530146,-0.2946879,0,0.07015856,0.04134976,0.1337243,0.9901556,True,0.124668,0.4708506,16.58348,1.779351,-1.3,3.297268
2026-06-29 13:16:00.214,16.65082,True,16.44714,1.338426,-4.564808,0.9569945,-0.2820162,0,0.06803279,0.0383727,0.130214,0.990743,True,0.1230514,0.4674247,16.57359,1.767522,-1.3,3.295313
2026-06-29 13:16:00.257,16.69565,True,16.44714,1.338426,-4.564808,0.960209,-0.2723548,0,0.0618182,0.03367297,0.1187168,0.992357,True,0.1204908,0.4562679,16.55792,1.728999,-1.3,3.289953
2026-06-29 13:16:00.304,16.7405,True,16.44714,1.338426,-4.564808,0.9578788,-0.2812085,0,0.05822466,0.03274653,0.1115443,0.9932197,True,0.1199774,0.4493415,16.55478,1.705083,-1.3,3.287096
2026-06-29 13:16:00.347,16.78393,True,16.44714,1.338426,-4.564808,0.9775462,-0.2036039,0,0.05430408,0.02211304,0.1061695,0.9941021,True,0.1142544,0.4441351,16.51976,1.687106,-1.3,3.284178
2026-06-29 13:16:00.393,16.82959,True,16.44714,1.338426,-4.564808,0.9929977,-0.1067018,0,0.05069896,0.01081934,0.1006879,0.9948592,True,0.1081879,0.4388483,16.48265,1.668851,-1.3,3.281679
2026-06-29 13:16:00.436,16.87276,True,16.44714,1.338426,-4.564808,0.9969128,0.06226121,0,0.04783682,-0.005956757,0.09537828,0.9954233,True,0.0991919,0.4337505,16.4276,1.65125,-1.3,3.279819
2026-06-29 13:16:00.480,16.91683,True,16.44714,1.338426,-4.564808,0.997007,-0.06518321,0,0.04157282,0.0054197,0.08289678,0.9965434,True,0.1052868,0.4218061,16.4649,1.610007,-1.3,3.276133
2026-06-29 13:16:00.524,16.96094,True,16.44714,1.338426,-4.564808,0.9872417,-0.1276318,0,0.09520442,0.02430222,0.1879795,0.9818723,True,0.1155918,0.5241753,16.52795,1.963474,-1.3,3.325085
2026-06-29 13:16:00.571,17.00586,True,16.44714,1.338426,-4.564808,0.9907701,-0.09907278,0,0.09251587,0.01833161,0.1833239,0.9828816,True,0.1123369,0.5195106,16.50803,1.947368,-1.3,3.32167
2026-06-29 13:16:00.615,17.05152,True,16.44714,1.338426,-4.564808,0.9925503,-0.08153214,0,0.09053438,0.01476292,0.1797198,0.9836071,True,0.1103936,0.515916,16.49614,1.934956,-1.3,3.31922
2026-06-29 13:16:00.656,17.09408,True,16.44714,1.338426,-4.564808,0.9941781,-0.05713765,0,0.09135231,0.01043931,0.1816409,0.9833095,True,0.1080499,0.5178156,16.4818,1.941515,-1.3,3.320225
2026-06-29 13:16:00.701,17.1389,True,16.44714,1.338426,-4.564808,0.9908612,-0.1009531,0,0.08945754,0.01806202,0.17728,0.9839947,True,0.1121794,0.5135035,16.50707,1.926626,-1.3,3.317913
2026-06-29 13:16:00.746,17.18466,True,16.44714,1.338426,-4.564808,0.9902517,-0.1050145,0,0.09150784,0.01921931,0.1812316,0.9832526,True,0.1128149,0.5174321,16.51096,1.940191,-1.3,3.320417
2026-06-29 13:16:00.792,17.22878,True,16.44714,1.338426,-4.564808,0.9645376,0.2478068,0,0.09087937,-0.04504104,0.1753131,0.9834818,True,0.07794821,0.5117013,16.29762,1.920403,-1.3,3.319643
2026-06-29 13:16:00.837,17.27396,True,16.44714,1.338426,-4.564808,0.8553014,0.5088587,0,0.09758288,-0.09931178,0.1669255,0.9809552,True,0.04836494,0.5040507,16.11661,1.893986,-1.3,3.328193
2026-06-29 13:16:00.875,17.31227,True,16.44714,1.338426,-4.564808,0.8442221,0.5281024,0,0.09163553,-0.09678587,0.1547215,0.9832059,True,0.04985952,0.491946,16.12576,1.85219,-1.3,3.320575
2026-06-29 13:16:00.913,17.35092,True,16.44714,1.338426,-4.564808,0.7976114,0.5957311,0,0.09444813,-0.1125314,0.1506658,0.9821591,True,0.04124928,0.4882001,16.07307,1.839257,-1.3,3.324114
2026-06-29 13:16:00.953,17.38971,True,16.44714,1.338426,-4.564808,0.792819,0.6024858,0,0.09191803,-0.1107586,0.1457487,0.9831022,True,0.04227018,0.4833317,16.07932,1.822447,-1.3,3.320925
2026-06-29 13:16:00.996,17.4336,True,16.44714,1.338426,-4.564808,0.7953277,0.5984566,0,0.09645498,-0.1154482,0.1534266,0.9813929,True,0.03961563,0.4909732,16.06308,1.848832,-1.3,3.326709
2026-06-29 13:16:01.034,17.47092,True,16.44714,1.338426,-4.564808,0.8255811,0.5553354,0,0.1000924,-0.1111697,0.1652688,0.9799631,True,0.04185367,0.5026151,16.07677,1.88903,-1.3,3.331563
2026-06-29 13:16:01.074,17.51139,True,16.44714,1.338426,-4.564808,0.8255382,0.5562703,0,0.09513249,-0.1058387,0.157071,0.9818996,True,0.04487008,0.4944064,16.09523,1.860686,-1.3,3.324992
2026-06-29 13:16:01.113,17.55035,True,16.44714,1.338426,-4.564808,0.8347175,0.5418608,0,0.0981516,-0.106369,0.1638577,0.9807326,True,0.04451311,0.5011295,16.09304,1.8839,-1.3,3.328949
2026-06-29 13:16:01.153,17.59083,True,16.44714,1.338426,-4.564808,0.8302609,0.5494325,0,0.09375884,-0.1030283,0.1556886,0.9824185,True,0.04642677,0.4929959,16.10475,1.855816,-1.3,3.323236
2026-06-29 13:16:01.193,17.63047,True,16.44714,1.338426,-4.564808,0.9817288,0.1716544,0,0.0821179,-0.0281918,0.161235,0.9865133,True,0.08713663,0.49769,16.35384,1.872024,-1.3,3.309442
2026-06-29 13:16:01.233,17.67179,True,16.44714,1.338426,-4.564808,0.986349,0.136432,0,0.09220595,-0.02515968,0.1818945,0.9829961,True,0.08872807,0.5181152,16.36358,1.942549,-1.3,3.321283
2026-06-29 13:16:01.273,17.7114,True,16.44714,1.338426,-4.564808,0.989775,0.118069,0,0.08003269,-0.01889876,0.1584287,0.9871895,True,0.09217012,0.4948963,16.38464,1.862378,-1.3,3.307175
2026-06-29 13:16:01.314,17.75113,True,16.44714,1.338426,-4.564808,0.9896836,0.1246712,0,0.07059434,-0.01760217,0.1397321,0.9900329,True,0.09289825,0.4766042,16.3891,1.799217,-1.3,3.297677
2026-06-29 13:16:01.357,17.79385,True,16.44714,1.338426,-4.564808,0.9878396,0.1387887,0,0.07007658,-0.01945168,0.1384488,0.9901786,True,0.09190297,0.4753591,16.38301,1.794918,-1.3,3.297191
2026-06-29 13:16:01.395,17.83481,True,16.44714,1.338426,-4.564808,0.9037242,0.4181639,0,0.091769,-0.07674896,0.1658677,0.9831569,True,0.06073135,0.502673,16.19228,1.88923,-1.3,3.32074
2026-06-29 13:16:01.434,17.87223,False,16.44714,1.338426,-4.564808,0,0,0,1,0,0,-1,False,-1,-1,0,0,0,-1
2026-06-29 13:16:01.474,17.91173,False,16.44714,1.338426,-4.564808,0,0,0,1,0,0,-1,False,-1,-1,0,0,0,-1
2026-06-29 13:16:01.512,17.9492,True,16.44714,1.338426,-4.564808,0.863266,0.448305,0,0.2319365,-0.2079566,0.4004457,0.8924109,False,-1,-1,0,0,0,-1
2026-06-29 13:16:01.556,17.9944,True,16.44714,1.338426,-4.564808,0.9195964,0.3726929,0,0.1242678,-0.09262745,0.2285524,0.9691151,True,0.05138534,0.5661439,16.13509,2.108386,-1.3,3.368855
2026-06-29 13:16:01.602,18.03796,True,16.44714,1.338426,-4.564808,0.8541744,0.5127047,0,0.08671821,-0.08892167,0.1481449,0.98496,True,0.05421323,0.4853676,16.1524,1.829476,-1.3,3.314661
2026-06-29 13:16:01.646,18.08278,True,16.44714,1.338426,-4.564808,0.8781387,0.4735622,0,0.06790584,-0.06431528,0.1192615,0.9907776,True,0.06774795,0.456968,16.23521,1.731416,-1.3,3.295198
2026-06-29 13:16:01.689,18.12708,True,16.44714,1.338426,-4.564808,0.81221,0.578758,0,0.07317154,-0.08469723,0.1188613,0.9892919,True,0.05670261,0.4567564,16.16763,1.730686,-1.3,3.300147
2026-06-29 13:16:01.736,18.17223,True,16.44714,1.338426,-4.564808,0.8241926,0.5618131,0,0.07122225,-0.08002716,0.1174017,0.9898548,True,0.059246,0.4552975,16.18319,1.725648,-1.3,3.29827
2026-06-29 13:16:01.780,18.2163,False,16.44714,1.338426,-4.564808,0,0,0,1,0,0,-1,False,-1,-1,0,0,0,-1
2026-06-29 13:16:01.824,18.26096,True,16.44714,1.338426,-4.564808,0.8981695,0.4030955,0,0.1755151,-0.1414987,0.3152846,0.9383889,True,0.0219264,0.6608381,15.95484,2.435353,-1.3,3.479163
2026-06-29 13:16:01.865,18.3025,True,16.44714,1.338426,-4.564808,0.8030013,0.5598623,0,0.2043118,-0.2287729,0.3281252,0.9165133,False,-1,-1,0,0,0,-1
2026-06-29 13:16:01.913,18.35035,True,16.44714,1.338426,-4.564808,0.7459309,0.6091812,0,0.2692313,-0.3280212,0.4016557,0.855029,False,-1,-1,0,0,0,-1
2026-06-29 13:16:01.958,18.39537,False,16.44714,1.338426,-4.564808,0,0,0,1,0,0,-1,False,-1,-1,0,0,0,-1
2026-06-29 13:16:01.999,18.43568,False,16.44714,1.338426,-4.564808,0,0,0,1,0,0,-1,False,-1,-1,0,0,0,-1
2026-06-29 13:16:02.039,18.47714,False,16.44714,1.338426,-4.564808,0,0,0,1,0,0,-1,False,-1,-1,0,0,0,-1
2026-06-29 13:16:02.079,18.5168,False,16.44714,1.338426,-4.564808,0,0,0,1,0,0,-1,False,-1,-1,0,0,0,-1
2026-06-29 13:16:02.116,18.55317,False,16.44714,1.338426,-4.564808,0,0,0,1,0,0,-1,False,-1,-1,0,0,0,-1
2026-06-29 13:16:02.157,18.59427,False,16.44714,1.338426,-4.564808,0,0,0,1,0,0,-1,False,-1,-1,0,0,0,-1
2026-06-29 13:16:02.196,18.63165,True,16.44714,1.338426,-4.564808,0.9751589,0.1085505,0,0.1930852,-0.04191899,0.3765775,0.9254362,True,0.07821548,0.7279087,16.29926,2.666938,-1.3,3.527859
2026-06-29 13:16:02.235,18.67208,True,16.44714,1.338426,-4.564808,0.9763408,0.07551372,0,0.2026234,-0.0306017,0.3956591,0.9178875,True,0.08459574,0.7507293,16.33829,2.745735,-1.3,3.556872
2026-06-29 13:16:02.280,18.71882,True,16.44714,1.338426,-4.564808,0.9779646,0.1030174,0,0.1815841,-0.03741265,0.3551656,0.9340544,True,0.08101285,0.7026836,16.31637,2.579839,-1.3,3.495308
2026-06-29 13:16:02.323,18.7568,True,16.44714,1.338426,-4.564808,0.9856411,0.07791105,0,0.1498054,-0.02334299,0.2953087,0.9551166,True,0.0893442,0.6354988,16.36735,2.347859,-1.3,3.41823
2026-06-29 13:16:02.365,18.80129,True,16.44714,1.338426,-4.564808,0.9816584,-0.1205141,0,0.1477269,0.03560634,0.2900347,0.9563535,True,0.1222511,0.6299064,16.56869,2.328549,-1.3,3.413809
2026-06-29 13:16:02.405,18.84155,True,16.44714,1.338426,-4.564808,0.9800855,-0.1385895,0,0.1422159,0.03941926,0.2787675,0.9595493,True,0.1243052,0.6178486,16.58126,2.286916,-1.3,3.402439
2026-06-29 13:16:02.442,18.88089,True,16.44714,1.338426,-4.564808,0.9847746,-0.07983302,0,0.1544208,0.02465576,0.3041393,0.9523085,True,0.1161999,0.6451287,16.53167,2.38111,-1.3,3.428309
2026-06-29 13:16:02.481,18.91997,True,16.44714,1.338426,-4.564808,0.9791144,-0.1514836,0,0.1356018,0.04108289,0.2655393,0.9632244,True,0.1251432,0.6038153,16.58639,2.238461,-1.3,3.389458
2026-06-29 13:16:02.522,18.9587,True,16.44714,1.338426,-4.564808,0.9891799,-0.01497043,0,0.145942,0.004369629,0.2887257,0.9574019,True,0.1048203,0.6282995,16.46204,2.323001,-1.3,3.410071
2026-06-29 13:16:02.573,19.00896,True,16.44714,1.338426,-4.564808,0.988113,0.01834592,0,0.152631,-0.005600314,0.3016334,0.9534075,True,0.09925079,0.6422953,16.42796,2.371326,-1.3,3.424358
2026-06-29 13:16:02.617,19.05437,False,16.44714,1.338426,-4.564808,0,0,0,1,0,0,-1,False,-1,-1,0,0,0,-1
2026-06-29 13:16:02.656,19.09417,False,16.44714,1.338426,-4.564808,0,0,0,1,0,0,-1,False,-1,-1,0,0,0,-1
2026-06-29 13:16:02.700,19.13817,False,16.44714,1.338426,-4.564808,0,0,0,1,0,0,-1,False,-1,-1,0,0,0,-1
2026-06-29 13:16:02.748,19.18441,False,16.44714,1.338426,-4.564808,0,0,0,1,0,0,-1,False,-1,-1,0,0,0,-1
2026-06-29 13:16:02.789,19.22729,True,16.44714,1.338426,-4.564808,0.9621351,0.2129298,0,0.1701672,-0.07246736,0.3274477,0.9420862,True,0.06134051,0.6717991,16.196,2.473199,-1.3,3.465509
2026-06-29 13:16:02.836,19.27297,True,16.44714,1.338426,-4.564808,0.9401014,0.3252825,0,0.101984,-0.0663472,0.1917505,0.9791985,True,0.06623113,0.528311,16.22593,1.977754,-1.3,3.334164
2026-06-29 13:16:02.878,19.31667,True,16.44714,1.338426,-4.564808,0.9466923,0.3127421,0,0.07723934,-0.048312,0.1462438,0.9880682,True,0.07629514,0.4831009,16.28751,1.82165,-1.3,3.304234
2026-06-29 13:16:02.922,19.35961,True,16.44714,1.338426,-4.564808,0.9693057,0.2354901,0,0.07064702,-0.03327334,0.1369571,0.990018,True,0.08445179,0.4739558,16.33741,1.790073,-1.3,3.297726
2026-06-29 13:16:02.966,19.40399,True,16.44714,1.338426,-4.564808,0.9894438,0.1343907,0,0.05422288,-0.0145741,0.107301,0.9941198,True,0.09456253,0.4452094,16.39928,1.690815,-1.3,3.28412
2026-06-29 13:16:03.012,19.44914,True,16.44714,1.338426,-4.564808,0.8112113,0.5811152,0,0.065126,-0.07569141,0.1056619,0.9915172,True,0.06165171,0.4439142,16.19791,1.686343,-1.3,3.29274
2026-06-29 13:16:03.056,19.49411,True,16.44714,1.338426,-4.564808,0.7619195,0.6452689,0,0.05573843,-0.07193255,0.08493639,0.9937865,True,0.0637629,0.4239649,16.21083,1.617461,-1.3,3.285221
2026-06-29 13:16:03.098,19.53637,True,16.44714,1.338426,-4.564808,0.770593,0.6357697,0,0.04453438,-0.05662722,0.06863576,0.9960334,True,0.07204926,0.4083084,16.26153,1.563401,-1.3,3.27781
2026-06-29 13:16:03.144,19.58266,True,16.44714,1.338426,-4.564808,0.7990347,0.5995222,0,0.04600693,-0.05516436,0.07352228,0.9957667,True,0.07282495,0.4129658,16.26627,1.579483,-1.3,3.278688
2026-06-29 13:16:03.190,19.62735,True,16.44714,1.338426,-4.564808,0.8369098,0.5459951,0,0.03835795,-0.0418865,0.06420428,0.9970573,True,0.07996911,0.404039,16.30999,1.54866,-1.3,3.274444
2026-06-29 13:16:03.237,19.67289,True,16.44714,1.338426,-4.564808,0.854571,0.5176399,0,0.04192051,-0.04339945,0.07164809,0.9964853,True,0.07914615,0.4111372,16.30495,1.573169,-1.3,3.276323
2026-06-29 13:16:03.279,19.71586,True,16.44714,1.338426,-4.564808,0.802715,0.5943782,0,0.04861192,-0.05778774,0.07804304,0.9952738,True,0.07140398,0.4172953,16.25758,1.594432,-1.3,3.280312
2026-06-29 13:16:03.324,19.76052,True,16.44714,1.338426,-4.564808,0.8710186,0.4891104,0,0.04579961,-0.04480213,0.07978462,0.9958048,True,0.07837856,0.4189094,16.30025,1.600005,-1.3,3.278563
2026-06-29 13:16:03.371,19.80675,True,16.44714,1.338426,-4.564808,0.9744175,0.2182323,0,0.05371501,-0.02344469,0.1046817,0.9942294,True,0.08980274,0.4427072,16.37015,1.682176,-1.3,3.283758
2026-06-29 13:16:03.411,19.84775,True,16.44714,1.338426,-4.564808,0.941048,-0.3335654,0,0.05623978,0.03751928,0.1058486,0.9936742,True,0.1225321,0.4438731,16.57041,1.686202,-1.3,3.285593
2026-06-29 13:16:03.451,19.88815,True,16.44714,1.338426,-4.564808,0.9703699,-0.2373067,0,0.04547251,0.02158186,0.08825032,0.9958645,True,0.1139486,0.4269428,16.51789,1.627743,-1.3,3.278366
2026-06-29 13:16:03.492,19.9284,True,16.44714,1.338426,-4.564808,0.9955505,-0.05317083,0,0.07779523,0.008272873,0.1548982,0.9878958,True,0.1068535,0.4914087,16.47448,1.850335,-1.3,3.304811
2026-06-29 13:16:03.532,19.96913,True,16.44714,1.338426,-4.564808,0.9915355,-0.01615906,0,0.1288261,0.004163418,0.2554713,0.9668077,True,0.1046829,0.5930028,16.4612,2.201126,-1.3,3.376895
2026-06-29 13:16:03.573,20.01118,False,16.44714,1.338426,-4.564808,0,0,0,1,0,0,-1,False,-1,-1,0,0,0,-1
2026-06-29 13:16:03.612,20.0479,False,16.44714,1.338426,-4.564808,0,0,0,1,0,0,-1,False,-1,-1,0,0,0,-1
2026-06-29 13:16:03.656,20.09458,False,16.44714,1.338426,-4.564808,0,0,0,1,0,0,-1,False,-1,-1,0,0,0,-1
2026-06-29 13:16:03.700,20.13794,False,16.44714,1.338426,-4.564808,0,0,0,1,0,0,-1,False,-1,-1,0,0,0,-1
2026-06-29 13:16:03.744,20.18223,False,16.44714,1.338426,-4.564808,0,0,0,1,0,0,-1,False,-1,-1,0,0,0,-1
2026-06-29 13:16:03.788,20.22658,True,16.44714,1.338426,-4.564808,-0.9561377,0.1308971,0,0.2620432,-0.06860139,-0.5010988,0.8626667,False,-1,-1,0,0,0,-1
2026-06-29 13:16:03.834,20.27075,True,16.44714,1.338426,-4.564808,-0.8655304,0.4653299,0,0.1852707,-0.172424,-0.3207148,0.9313496,True,0.003600597,0.01755261,15.84272,0.2141734,-1.3,3.50546
2026-06-29 13:16:03.879,20.31605,True,16.44714,1.338426,-4.564808,0.5102276,0.2308397,0,0.8284811,-0.3824926,0.8454279,-0.3727617,False,-1,-1,0,0,0,-1
2026-06-29 13:16:03.922,20.35969,True,16.44714,1.338426,-4.564808,-0.471398,0.278586,0,0.8367639,-0.4662215,-0.7888976,-0.4003474,False,-1,-1,0,0,0,-1
2026-06-29 13:16:03.972,20.40892,True,16.44714,1.338426,-4.564808,-0.9630161,0.1056812,0,0.247854,-0.052387,-0.4773746,0.8771369,False,-1,-1,0,0,0,-1
2026-06-29 13:16:04.012,20.4495,True,16.44714,1.338426,-4.564808,-0.9225228,0.2897912,0,0.2548976,-0.1477341,-0.4702977,0.8700544,False,-1,-1,0,0,0,-1
2026-06-29 13:16:04.054,20.49143,False,16.44714,1.338426,-4.564808,0,0,0,1,0,0,-1,False,-1,-1,0,0,0,-1
2026-06-29 13:16:04.099,20.5374,False,16.44714,1.338426,-4.564808,0,0,0,1,0,0,-1,False,-1,-1,0,0,0,-1
2026-06-29 13:16:04.146,20.5831,False,16.44714,1.338426,-4.564808,0,0,0,1,0,0,-1,False,-1,-1,0,0,0,-1
2026-06-29 13:16:04.189,20.6268,False,16.44714,1.338426,-4.564808,0,0,0,1,0,0,-1,False,-1,-1,0,0,0,-1
2026-06-29 13:16:04.233,20.67142,False,16.44714,1.338426,-4.564808,0,0,0,1,0,0,-1,False,-1,-1,0,0,0,-1
2026-06-29 13:16:04.277,20.71469,False,16.44714,1.338426,-4.564808,0,0,0,1,0,0,-1,False,-1,-1,0,0,0,-1
2026-06-29 13:16:04.322,20.75927,False,16.44714,1.338426,-4.564808,0,0,0,1,0,0,-1,False,-1,-1,0,0,0,-1
2026-06-29 13:16:04.365,20.80328,False,16.44714,1.338426,-4.564808,0,0,0,1,0,0,-1,False,-1,-1,0,0,0,-1
2026-06-29 13:16:04.412,20.84839,False,16.44714,1.338426,-4.564808,0,0,0,1,0,0,-1,False,-1,-1,0,0,0,-1
2026-06-29 13:16:04.456,20.89426,True,16.44714,1.338426,-4.564808,0.7572465,0.3650775,0,0.5415683,-0.3954287,0.8202013,0.4134076,False,-1,-1,0,0,0,-1
2026-06-29 13:16:04.497,20.93589,True,16.44714,1.338426,-4.564808,-0.9855802,-0.08356677,0,0.1471338,0.02459099,-0.2900243,0.9567033,True,0.1161002,0.05651367,16.53106,0.3487008,-1.3,3.412561
2026-06-29 13:16:04.546,20.98282,True,16.44714,1.338426,-4.564808,-0.9486711,-0.09988273,0,0.3000779,0.05994518,-0.5693503,0.8199065,False,-1,-1,0,0,0,-1
2026-06-29 13:16:04.588,21.02612,False,16.44714,1.338426,-4.564808,0,0,0,1,0,0,-1,False,-1,-1,0,0,0,-1
2026-06-29 13:16:04.631,21.06943,True,16.44714,1.338426,-4.564808,-0.9569293,0.09180324,0,0.2754244,-0.0505697,-0.5271233,0.8482828,False,-1,-1,0,0,0,-1
2026-06-29 13:16:04.676,21.11456,True,16.44714,1.338426,-4.564808,-0.9348176,-0.2429865,0,0.2589858,0.1258601,-0.4842088,0.8658527,False,-1,-1,0,0,0,-1
2026-06-29 13:16:04.721,21.15868,True,16.44714,1.338426,-4.564808,-0.6842616,-0.620034,0,0.3838541,0.476005,-0.5253131,0.7053122,False,-1,-1,0,0,0,-1
2026-06-29 13:16:04.763,21.20133,True,16.44714,1.338426,-4.564808,0.9543939,-0.2529343,0,0.1586086,0.08023509,0.30275,0.9496866,True,0.1474655,0.6445792,16.72297,2.379212,-1.3,3.437774
2026-06-29 13:16:04.800,21.23857,True,16.44714,1.338426,-4.564808,0.9780216,-0.05822761,0,0.2002086,0.02331533,0.3916166,0.919833,True,0.1159101,0.7457118,16.5299,2.72841,-1.3,3.549349
2026-06-29 13:16:04.845,21.28105,True,16.44714,1.338426,-4.564808,0.9838724,-0.1049804,0,0.1448252,0.03040763,0.284979,0.9580513,True,0.1193205,0.6244085,16.55076,2.309566,-1.3,3.407759
2026-06-29 13:16:04.886,21.32211,True,16.44714,1.338426,-4.564808,0.9506711,-0.2546758,0,0.1771013,0.09020681,0.33673,0.9372702,True,0.1537395,0.6828519,16.76136,2.511363,-1.3,3.483316
2026-06-29 13:16:04.927,21.36447,True,16.44714,1.338426,-4.564808,0.9571984,-0.1816463,0,0.2253353,0.08186264,0.431381,0.8984481,True,0.151003,0.7971421,16.74462,2.905992,-1.3,3.633831
2026-06-29 13:16:04.968,21.4051,True,16.44714,1.338426,-4.564808,0.9453225,-0.2785506,0,0.1696323,0.09450231,0.3207144,0.9424498,True,0.1558893,0.6649168,16.77451,2.449436,-1.3,3.464172
2026-06-29 13:16:05.013,21.44984,True,16.44714,1.338426,-4.564808,0.9109982,0.3278379,0,0.2502089,-0.164056,0.4558798,0.874791,True,0.002317905,0.8358993,15.83487,3.039816,-1.3,3.732101
2026-06-29 13:16:05.081,21.51663,True,16.44714,1.338426,-4.564808,-0.3413985,0.9306081,0,0.1319685,-0.2456218,-0.09010767,0.9651687,False,-1,-1,0,0,0,-1
2026-06-29 13:16:05.146,21.5811,True,16.44714,1.338426,-4.564808,-0.2685873,0.9584485,0,0.09611171,-0.1842362,-0.05162876,0.9815251,True,0.002228975,0.2934167,15.83432,1.166696,-1.3,3.326261
2026-06-29 13:16:05.179,21.61606,True,16.44714,1.338426,-4.564808,0.4713652,0.8572702,0,0.2071294,-0.3551318,0.1952672,0.9141948,False,-1,-1,0,0,0,-1
2026-06-29 13:16:05.243,21.68245,False,16.44714,1.338426,-4.564808,0,0,0,1,0,0,-1,False,-1,-1,0,0,0,-1
2026-06-29 13:16:05.312,21.74985,True,16.44714,1.338426,-4.564808,0.9534565,0.2028044,0,0.2231393,-0.09050728,0.4255072,0.9004177,True,0.04875064,0.7899808,16.11897,2.881265,-1.3,3.625882
2026-06-29 13:16:05.379,21.81509,True,16.44714,1.338426,-4.564808,0.7293963,-0.6356146,0,0.2529334,0.3215362,0.3689772,0.8720495,True,0.299125,0.7432227,17.65092,2.719816,-1.3,3.743834
2026-06-29 13:16:05.411,21.84917,True,16.44714,1.338426,-4.564808,0.8352512,0.5002025,0,0.2283705,-0.2284629,0.3814933,0.8956938,False,-1,-1,0,0,0,-1
2026-06-29 13:16:05.447,21.88268,True,16.44714,1.338426,-4.564808,0.9673281,0.1883476,0,0.1697099,-0.06392889,0.3283303,0.9423971,True,0.06618851,0.6725761,16.22567,2.475883,-1.3,3.464366
2026-06-29 13:16:05.479,21.91661,True,16.44714,1.338426,-4.564808,-0.5443265,0.625181,0,0.5593367,-0.6993732,-0.6089236,0.3742852,False,-1,-1,0,0,0,-1
2026-06-29 13:16:05.547,21.98241,True,16.44714,1.338426,-4.564808,0.9754917,0.1664837,0,0.1438722,-0.04790474,0.2806922,0.9586016,True,0.07571989,0.6200187,16.28399,2.294408,-1.3,3.405803
2026-06-29 13:16:05.579,22.01625,True,16.44714,1.338426,-4.564808,0.9598156,0.2366672,0,0.1508071,-0.07138219,0.289494,0.9545144,True,0.06248158,0.6299233,16.20299,2.328608,-1.3,3.420387
2026-06-29 13:16:05.645,22.08183,True,16.44714,1.338426,-4.564808,0.9476257,0.2508836,0,0.1976436,-0.09917109,0.3745843,0.921874,True,0.04498434,0.7273511,16.09593,2.665013,-1.3,3.541491
2026-06-29 13:16:05.700,22.13666,True,16.44714,1.338426,-4.564808,0.965573,0.1612859,0,0.2040975,-0.06583609,0.394142,0.9166884,True,0.06406331,0.7496976,16.21266,2.742173,-1.3,3.561524
2026-06-29 13:16:05.746,22.18173,True,16.44714,1.338426,-4.564808,0.9508025,0.2425986,0,0.192667,-0.09348148,0.3663765,0.9257589,True,0.04850453,0.7173557,16.11747,2.6305,-1.3,3.526629
2026-06-29 13:16:05.791,22.22684,True,16.44714,1.338426,-4.564808,0.959498,0.1980226,0,0.2003761,-0.07935799,0.3845209,0.9196988,True,0.05634367,0.7384756,16.16543,2.703424,-1.3,3.549867
2026-06-29 13:16:05.834,22.27063,True,16.44714,1.338426,-4.564808,0.9420418,0.2942194,0,0.1612214,-0.0948689,0.3037545,0.9480153,True,0.0489887,0.6461124,16.12043,2.384506,-1.3,3.443835
2026-06-29 13:16:05.880,22.31677,True,16.44714,1.338426,-4.564808,0.9841512,0.06459671,0,0.1651473,-0.02133595,0.3250599,0.9454527,True,0.09034365,0.6682407,16.37346,2.460913,-1.3,3.453169
2026-06-29 13:16:05.921,22.35768,True,16.44714,1.338426,-4.564808,0.9735833,0.1369354,0,0.1827133,-0.05003984,0.3557733,0.9332317,True,0.07377422,0.7036163,16.27208,2.58306,-1.3,3.49839
2026-06-29 13:16:05.965,22.40318,True,16.44714,1.338426,-4.564808,0.9759949,0.1738444,0,0.1311949,-0.04561502,0.2560912,0.9655758,True,0.07717776,0.5939285,16.29291,2.204323,-1.3,3.381204
2026-06-29 13:16:06.007,22.44654,True,16.44714,1.338426,-4.564808,0.9748566,0.1604201,0,0.1546615,-0.04962161,0.3015456,0.9521596,True,0.07457733,0.6426001,16.277,2.372379,-1.3,3.428846
2026-06-29 13:16:06.056,22.4935,True,16.44714,1.338426,-4.564808,0.977017,0.1572,0,0.143965,-0.04526259,0.2813124,0.9585482,True,0.07718921,0.6206459,16.29298,2.296574,-1.3,3.405993
2026-06-29 13:16:06.100,22.53552,True,16.44714,1.338426,-4.564808,0.9741465,0.2000191,0,0.1050291,-0.04201565,0.2046274,0.9779378,True,0.07946038,0.5409999,16.30687,2.021567,-1.3,3.338462
2026-06-29 13:16:06.145,22.58155,True,16.44714,1.338426,-4.564808,0.8461677,0.5167222,0,0.1303775,-0.1347379,0.2206425,0.9660034,True,0.02796066,0.5591198,15.99177,2.084133,-1.3,3.379707
2026-06-29 13:16:06.190,22.62613,False,16.44714,1.338426,-4.564808,0,0,0,1,0,0,-1,False,-1,-1,0,0,0,-1
2026-06-29 13:16:06.230,22.66927,False,16.44714,1.338426,-4.564808,0,0,0,1,0,0,-1,False,-1,-1,0,0,0,-1
2026-06-29 13:16:06.277,22.71503,False,16.44714,1.338426,-4.564808,0,0,0,1,0,0,-1,False,-1,-1,0,0,0,-1
2026-06-29 13:16:06.321,22.75882,False,16.44714,1.338426,-4.564808,0,0,0,1,0,0,-1,False,-1,-1,0,0,0,-1
2026-06-29 13:16:06.364,22.80269,False,16.44714,1.338426,-4.564808,0,0,0,1,0,0,-1,False,-1,-1,0,0,0,-1
2026-06-29 13:16:06.411,22.84717,False,16.44714,1.338426,-4.564808,0,0,0,1,0,0,-1,False,-1,-1,0,0,0,-1
2026-06-29 13:16:06.467,22.90338,False,16.44714,1.338426,-4.564808,0,0,0,1,0,0,-1,False,-1,-1,0,0,0,-1
2026-06-29 13:16:06.512,22.9485,False,16.44714,1.338426,-4.564808,0,0,0,1,0,0,-1,False,-1,-1,0,0,0,-1
2026-06-29 13:16:06.556,22.99337,False,16.44714,1.338426,-4.564808,0,0,0,1,0,0,-1,False,-1,-1,0,0,0,-1
2026-06-29 13:16:06.607,23.04188,False,16.44714,1.338426,-4.564808,0,0,0,1,0,0,-1,False,-1,-1,0,0,0,-1
2026-06-29 13:16:06.652,23.08811,False,16.44714,1.338426,-4.564808,0,0,0,1,0,0,-1,False,-1,-1,0,0,0,-1
2026-06-29 13:16:06.691,23.12971,False,16.44714,1.338426,-4.564808,0,0,0,1,0,0,-1,False,-1,-1,0,0,0,-1
2026-06-29 13:16:06.733,23.17007,False,16.44714,1.338426,-4.564808,0,0,0,1,0,0,-1,False,-1,-1,0,0,0,-1
2026-06-29 13:16:06.775,23.21253,False,16.44714,1.338426,-4.564808,0,0,0,1,0,0,-1,False,-1,-1,0,0,0,-1
2026-06-29 13:16:06.822,23.25963,False,16.44714,1.338426,-4.564808,0,0,0,1,0,0,-1,False,-1,-1,0,0,0,-1
2026-06-29 13:16:06.864,23.30279,False,16.44714,1.338426,-4.564808,0,0,0,1,0,0,-1,False,-1,-1,0,0,0,-1
2026-06-29 13:16:06.908,23.34548,False,16.44714,1.338426,-4.564808,0,0,0,1,0,0,-1,False,-1,-1,0,0,0,-1
2026-06-29 13:16:06.955,23.39179,False,16.44714,1.338426,-4.564808,0,0,0,1,0,0,-1,False,-1,-1,0,0,0,-1
2026-06-29 13:16:06.999,23.43651,False,16.44714,1.338426,-4.564808,0,0,0,1,0,0,-1,False,-1,-1,0,0,0,-1
2026-06-29 13:16:07.045,23.47959,False,16.44714,1.338426,-4.564808,0,0,0,1,0,0,-1,False,-1,-1,0,0,0,-1
2026-06-29 13:16:07.087,23.52372,False,16.44714,1.338426,-4.564808,0,0,0,1,0,0,-1,False,-1,-1,0,0,0,-1
2026-06-29 13:16:07.131,23.5688,False,16.44714,1.338426,-4.564808,0,0,0,1,0,0,-1,False,-1,-1,0,0,0,-1
2026-06-29 13:16:07.177,23.6139,False,16.44714,1.338426,-4.564808,0,0,0,1,0,0,-1,False,-1,-1,0,0,0,-1
2026-06-29 13:16:07.222,23.66028,False,16.44714,1.338426,-4.564808,0,0,0,1,0,0,-1,False,-1,-1,0,0,0,-1
2026-06-29 13:16:07.263,23.70231,False,16.44714,1.338426,-4.564808,0,0,0,1,0,0,-1,False,-1,-1,0,0,0,-1
2026-06-29 13:16:07.310,23.74795,False,16.44714,1.338426,-4.564808,0,0,0,1,0,0,-1,False,-1,-1,0,0,0,-1
2026-06-29 13:16:07.358,23.79221,False,16.44714,1.338426,-4.564808,0,0,0,1,0,0,-1,False,-1,-1,0,0,0,-1
2026-06-29 13:16:07.402,23.83719,False,16.44714,1.338426,-4.564808,0,0,0,1,0,0,-1,False,-1,-1,0,0,0,-1
2026-06-29 13:16:07.446,23.88093,False,16.44714,1.338426,-4.564808,0,0,0,1,0,0,-1,False,-1,-1,0,0,0,-1
2026-06-29 13:16:07.486,23.92166,False,16.44714,1.338426,-4.564808,0,0,0,1,0,0,-1,False,-1,-1,0,0,0,-1
2026-06-29 13:16:07.526,23.96252,False,16.44714,1.338426,-4.564808,0,0,0,1,0,0,-1,False,-1,-1,0,0,0,-1
2026-06-29 13:16:07.565,24.00254,False,16.44714,1.338426,-4.564808,0,0,0,1,0,0,-1,False,-1,-1,0,0,0,-1
2026-06-29 13:16:07.607,24.0443,False,16.44714,1.338426,-4.564808,0,0,0,1,0,0,-1,False,-1,-1,0,0,0,-1
2026-06-29 13:16:07.646,24.08591,False,16.44714,1.338426,-4.564808,0,0,0,1,0,0,-1,False,-1,-1,0,0,0,-1
2026-06-29 13:16:07.687,24.12505,False,16.44714,1.338426,-4.564808,0,0,0,1,0,0,-1,False,-1,-1,0,0,0,-1
2026-06-29 13:16:07.724,24.1607,False,16.44714,1.338426,-4.564808,0,0,0,1,0,0,-1,False,-1,-1,0,0,0,-1
2026-06-29 13:16:07.791,24.22787,False,16.44714,1.338426,-4.564808,0,0,0,1,0,0,-1,False,-1,-1,0,0,0,-1
2026-06-29 13:16:07.856,24.29502,False,16.44714,1.338426,-4.564808,0,0,0,1,0,0,-1,False,-1,-1,0,0,0,-1
2026-06-29 13:16:07.920,24.35779,False,16.44714,1.338426,-4.564808,0,0,0,1,0,0,-1,False,-1,-1,0,0,0,-1
2026-06-29 13:16:07.955,24.39269,False,16.44714,1.338426,-4.564808,0,0,0,1,0,0,-1,False,-1,-1,0,0,0,-1
2026-06-29 13:16:07.988,24.42622,False,16.44714,1.338426,-4.564808,0,0,0,1,0,0,-1,False,-1,-1,0,0,0,-1
2026-06-29 13:16:08.028,24.46597,False,16.44714,1.338426,-4.564808,0,0,0,1,0,0,-1,False,-1,-1,0,0,0,-1
2026-06-29 13:16:08.087,24.52434,False,16.44714,1.338426,-4.564808,0,0,0,1,0,0,-1,False,-1,-1,0,0,0,-1
2026-06-29 13:16:08.121,24.55841,False,16.44714,1.338426,-4.564808,0,0,0,1,0,0,-1,False,-1,-1,0,0,0,-1
2026-06-29 13:16:08.190,24.62613,False,16.44714,1.338426,-4.564808,0,0,0,1,0,0,-1,False,-1,-1,0,0,0,-1
2026-06-29 13:16:08.221,24.6595,False,16.44714,1.338426,-4.564808,0,0,0,1,0,0,-1,False,-1,-1,0,0,0,-1
2026-06-29 13:16:08.286,24.72389,False,16.44714,1.338426,-4.564808,0,0,0,1,0,0,-1,False,-1,-1,0,0,0,-1
2026-06-29 13:16:08.314,24.75952,False,16.44714,1.338426,-4.564808,0,0,0,1,0,0,-1,False,-1,-1,0,0,0,-1
2026-06-29 13:16:08.376,24.82049,False,16.44714,1.338426,-4.564808,0,0,0,1,0,0,-1,False,-1,-1,0,0,0,-1
2026-06-29 13:16:08.409,24.85388,False,16.44714,1.338426,-4.564808,0,0,0,1,0,0,-1,False,-1,-1,0,0,0,-1
2026-06-29 13:16:08.464,24.90991,False,16.44714,1.338426,-4.564808,0,0,0,1,0,0,-1,False,-1,-1,0,0,0,-1
2026-06-29 13:16:08.509,24.95408,False,16.44714,1.338426,-4.564808,0,0,0,1,0,0,-1,False,-1,-1,0,0,0,-1
2026-06-29 13:16:08.553,24.99846,False,16.44714,1.338426,-4.564808,0,0,0,1,0,0,-1,False,-1,-1,0,0,0,-1
2026-06-29 13:16:08.597,25.04318,False,16.44714,1.338426,-4.564808,0,0,0,1,0,0,-1,False,-1,-1,0,0,0,-1
2026-06-29 13:16:08.642,25.08724,False,16.44714,1.338426,-4.564808,0,0,0,1,0,0,-1,False,-1,-1,0,0,0,-1
2026-06-29 13:16:08.686,25.13179,False,16.44714,1.338426,-4.564808,0,0,0,1,0,0,-1,False,-1,-1,0,0,0,-1
2026-06-29 13:16:08.732,25.17663,False,16.44714,1.338426,-4.564808,0,0,0,1,0,0,-1,False,-1,-1,0,0,0,-1
2026-06-29 13:16:08.775,25.22124,False,16.44714,1.338426,-4.564808,0,0,0,1,0,0,-1,False,-1,-1,0,0,0,-1
2026-06-29 13:16:08.821,25.26671,False,16.44714,1.338426,-4.564808,0,0,0,1,0,0,-1,False,-1,-1,0,0,0,-1
2026-06-29 13:16:08.866,25.31121,False,16.44714,1.338426,-4.564808,0,0,0,1,0,0,-1,False,-1,-1,0,0,0,-1
2026-06-29 13:16:08.910,25.35524,False,16.44714,1.338426,-4.564808,0,0,0,1,0,0,-1,False,-1,-1,0,0,0,-1
2026-06-29 13:16:08.954,25.40026,False,16.44714,1.338426,-4.564808,0,0,0,1,0,0,-1,False,-1,-1,0,0,0,-1
2026-06-29 13:16:08.999,25.44437,False,16.44714,1.338426,-4.564808,0,0,0,1,0,0,-1,False,-1,-1,0,0,0,-1
2026-06-29 13:16:09.043,25.48848,False,16.44714,1.338426,-4.564808,0,0,0,1,0,0,-1,False,-1,-1,0,0,0,-1
2026-06-29 13:16:09.088,25.53369,False,16.44714,1.338426,-4.564808,0,0,0,1,0,0,-1,False,-1,-1,0,0,0,-1
2026-06-29 13:16:09.132,25.57747,False,16.44714,1.338426,-4.564808,0,0,0,1,0,0,-1,False,-1,-1,0,0,0,-1
2026-06-29 13:16:09.176,25.62161,False,16.44714,1.338426,-4.564808,0,0,0,1,0,0,-1,False,-1,-1,0,0,0,-1
2026-06-29 13:16:09.232,25.67713,False,16.44714,1.338426,-4.564808,0,0,0,1,0,0,-1,False,-1,-1,0,0,0,-1
2026-06-29 13:16:09.276,25.72117,False,16.44714,1.338426,-4.564808,0,0,0,1,0,0,-1,False,-1,-1,0,0,0,-1
2026-06-29 13:16:09.321,25.76629,False,16.44714,1.338426,-4.564808,0,0,0,1,0,0,-1,False,-1,-1,0,0,0,-1
2026-06-29 13:16:09.366,25.81037,False,16.44714,1.338426,-4.564808,0,0,0,1,0,0,-1,False,-1,-1,0,0,0,-1
2026-06-29 13:16:09.409,25.85458,False,16.44714,1.338426,-4.564808,0,0,0,1,0,0,-1,False,-1,-1,0,0,0,-1
2026-06-29 13:16:09.454,25.8996,False,16.44714,1.338426,-4.564808,0,0,0,1,0,0,-1,False,-1,-1,0,0,0,-1
2026-06-29 13:16:09.498,25.94354,False,16.44714,1.338426,-4.564808,0,0,0,1,0,0,-1,False,-1,-1,0,0,0,-1
2026-06-29 13:16:09.543,25.98788,False,16.44714,1.338426,-4.564808,0,0,0,1,0,0,-1,False,-1,-1,0,0,0,-1
2026-06-29 13:16:09.587,26.03284,False,16.44714,1.338426,-4.564808,0,0,0,1,0,0,-1,False,-1,-1,0,0,0,-1
2026-06-29 13:16:09.632,26.07711,False,16.44714,1.338426,-4.564808,0,0,0,1,0,0,-1,False,-1,-1,0,0,0,-1
2026-06-29 13:16:09.676,26.12119,False,16.44714,1.338426,-4.564808,0,0,0,1,0,0,-1,False,-1,-1,0,0,0,-1
2026-06-29 13:16:09.721,26.16611,False,16.44714,1.338426,-4.564808,0,0,0,1,0,0,-1,False,-1,-1,0,0,0,-1
2026-06-29 13:16:09.754,26.1995,False,16.44714,1.338426,-4.564808,0,0,0,1,0,0,-1,False,-1,-1,0,0,0,-1
2026-06-29 13:16:09.798,26.24358,False,16.44714,1.338426,-4.564808,0,0,0,1,0,0,-1,False,-1,-1,0,0,0,-1
2026-06-29 13:16:09.843,26.28768,False,16.44714,1.338426,-4.564808,0,0,0,1,0,0,-1,False,-1,-1,0,0,0,-1
2026-06-29 13:16:09.876,26.32102,False,16.44714,1.338426,-4.564808,0,0,0,1,0,0,-1,False,-1,-1,0,0,0,-1
2026-06-29 13:16:09.910,26.35443,False,16.44714,1.338426,-4.564808,0,0,0,1,0,0,-1,False,-1,-1,0,0,0,-1
2026-06-29 13:16:09.954,26.39936,False,16.44714,1.338426,-4.564808,0,0,0,1,0,0,-1,False,-1,-1,0,0,0,-1
2026-06-29 13:16:09.988,26.43275,False,16.44714,1.338426,-4.564808,0,0,0,1,0,0,-1,False,-1,-1,0,0,0,-1
2026-06-29 13:16:10.031,26.4768,False,16.44714,1.338426,-4.564808,0,0,0,1,0,0,-1,False,-1,-1,0,0,0,-1
2026-06-29 13:16:10.066,26.51023,False,16.44714,1.338426,-4.564808,0,0,0,1,0,0,-1,False,-1,-1,0,0,0,-1
2026-06-29 13:16:10.099,26.54372,False,16.44714,1.338426,-4.564808,0,0,0,1,0,0,-1,False,-1,-1,0,0,0,-1
2026-06-29 13:16:10.132,26.57706,False,16.44714,1.338426,-4.564808,0,0,0,1,0,0,-1,False,-1,-1,0,0,0,-1
2026-06-29 13:16:10.165,26.61044,False,16.44714,1.338426,-4.564808,0,0,0,1,0,0,-1,False,-1,-1,0,0,0,-1
2026-06-29 13:16:10.198,26.64385,False,16.44714,1.338426,-4.564808,0,0,0,1,0,0,-1,False,-1,-1,0,0,0,-1
2026-06-29 13:16:10.242,26.688,False,16.44714,1.338426,-4.564808,0,0,0,1,0,0,-1,False,-1,-1,0,0,0,-1
2026-06-29 13:16:10.277,26.72136,False,16.44714,1.338426,-4.564808,0,0,0,1,0,0,-1,False,-1,-1,0,0,0,-1
2026-06-29 13:16:10.321,26.76624,False,16.44714,1.338426,-4.564808,0,0,0,1,0,0,-1,False,-1,-1,0,0,0,-1
2026-06-29 13:16:10.354,26.79963,False,16.44714,1.338426,-4.564808,0,0,0,1,0,0,-1,False,-1,-1,0,0,0,-1
2026-06-29 13:16:10.399,26.84379,False,16.44714,1.338426,-4.564808,0,0,0,1,0,0,-1,False,-1,-1,0,0,0,-1
2026-06-29 13:16:10.443,26.88774,False,16.44714,1.338426,-4.564808,0,0,0,1,0,0,-1,False,-1,-1,0,0,0,-1
2026-06-29 13:16:10.476,26.9211,False,16.44714,1.338426,-4.564808,0,0,0,1,0,0,-1,False,-1,-1,0,0,0,-1
2026-06-29 13:16:10.521,26.96608,False,16.44714,1.338426,-4.564808,0,0,0,1,0,0,-1,False,-1,-1,0,0,0,-1
2026-06-29 13:16:10.565,27.01017,False,16.44714,1.338426,-4.564808,0,0,0,1,0,0,-1,False,-1,-1,0,0,0,-1
2026-06-29 13:16:10.609,27.05434,False,16.44714,1.338426,-4.564808,0,0,0,1,0,0,-1,False,-1,-1,0,0,0,-1
2026-06-29 13:16:10.653,27.0993,False,16.44714,1.338426,-4.564808,0,0,0,1,0,0,-1,False,-1,-1,0,0,0,-1
2026-06-29 13:16:10.687,27.13316,False,16.44714,1.338426,-4.564808,0,0,0,1,0,0,-1,False,-1,-1,0,0,0,-1
2026-06-29 13:16:10.731,27.17688,False,16.44714,1.338426,-4.564808,0,0,0,1,0,0,-1,False,-1,-1,0,0,0,-1
2026-06-29 13:16:10.776,27.22087,False,16.44714,1.338426,-4.564808,0,0,0,1,0,0,-1,False,-1,-1,0,0,0,-1
2026-06-29 13:16:10.821,27.26585,False,16.44714,1.338426,-4.564808,0,0,0,1,0,0,-1,False,-1,-1,0,0,0,-1
2026-06-29 13:16:10.854,27.29927,False,16.44714,1.338426,-4.564808,0,0,0,1,0,0,-1,False,-1,-1,0,0,0,-1
2026-06-29 13:16:10.898,27.34332,False,16.44714,1.338426,-4.564808,0,0,0,1,0,0,-1,False,-1,-1,0,0,0,-1
2026-06-29 13:16:10.931,27.3768,False,16.44714,1.338426,-4.564808,0,0,0,1,0,0,-1,False,-1,-1,0,0,0,-1
2026-06-29 13:16:10.976,27.42085,False,16.44714,1.338426,-4.564808,0,0,0,1,0,0,-1,False,-1,-1,0,0,0,-1
2026-06-29 13:16:11.021,27.4658,False,16.44714,1.338426,-4.564808,0,0,0,1,0,0,-1,False,-1,-1,0,0,0,-1
2026-06-29 13:16:11.055,27.49954,False,16.44714,1.338426,-4.564808,0,0,0,1,0,0,-1,False,-1,-1,0,0,0,-1
2026-06-29 13:16:11.097,27.54304,False,16.44714,1.338426,-4.564808,0,0,0,1,0,0,-1,False,-1,-1,0,0,0,-1
2026-06-29 13:16:11.143,27.58725,False,16.44714,1.338426,-4.564808,0,0,0,1,0,0,-1,False,-1,-1,0,0,0,-1
2026-06-29 13:16:11.176,27.6206,False,16.44714,1.338426,-4.564808,0,0,0,1,0,0,-1,False,-1,-1,0,0,0,-1
2026-06-29 13:16:11.220,27.66552,False,16.44714,1.338426,-4.564808,0,0,0,1,0,0,-1,False,-1,-1,0,0,0,-1
2026-06-29 13:16:11.254,27.69896,False,16.44714,1.338426,-4.564808,0,0,0,1,0,0,-1,False,-1,-1,0,0,0,-1
2026-06-29 13:16:11.298,27.74289,False,16.44714,1.338426,-4.564808,0,0,0,1,0,0,-1,False,-1,-1,0,0,0,-1
2026-06-29 13:16:11.342,27.78723,False,16.44714,1.338426,-4.564808,0,0,0,1,0,0,-1,False,-1,-1,0,0,0,-1
2026-06-29 13:16:11.386,27.83199,False,16.44714,1.338426,-4.564808,0,0,0,1,0,0,-1,False,-1,-1,0,0,0,-1
2026-06-29 13:16:11.431,27.87626,False,16.44714,1.338426,-4.564808,0,0,0,1,0,0,-1,False,-1,-1,0,0,0,-1
2026-06-29 13:16:11.464,27.90991,False,16.44714,1.338426,-4.564808,0,0,0,1,0,0,-1,False,-1,-1,0,0,0,-1
2026-06-29 13:16:11.508,27.95413,False,16.44714,1.338426,-4.564808,0,0,0,1,0,0,-1,False,-1,-1,0,0,0,-1
2026-06-29 13:16:11.553,27.99893,False,16.44714,1.338426,-4.564808,0,0,0,1,0,0,-1,False,-1,-1,0,0,0,-1
2026-06-29 13:16:11.598,28.04386,False,16.44714,1.338426,-4.564808,0,0,0,1,0,0,-1,False,-1,-1,0,0,0,-1
2026-06-29 13:16:11.642,28.08765,False,16.44714,1.338426,-4.564808,0,0,0,1,0,0,-1,False,-1,-1,0,0,0,-1
2026-06-29 13:16:11.687,28.13215,False,16.44714,1.338426,-4.564808,0,0,0,1,0,0,-1,False,-1,-1,0,0,0,-1
2026-06-29 13:16:11.731,28.17655,False,16.44714,1.338426,-4.564808,0,0,0,1,0,0,-1,False,-1,-1,0,0,0,-1
2026-06-29 13:16:11.776,28.22047,False,16.44714,1.338426,-4.564808,0,0,0,1,0,0,-1,False,-1,-1,0,0,0,-1
2026-06-29 13:16:11.820,28.26534,False,16.44714,1.338426,-4.564808,0,0,0,1,0,0,-1,False,-1,-1,0,0,0,-1
2026-06-29 13:16:11.853,28.2987,False,16.44714,1.338426,-4.564808,0,0,0,1,0,0,-1,False,-1,-1,0,0,0,-1
2026-06-29 13:16:11.887,28.33209,False,16.44714,1.338426,-4.564808,0,0,0,1,0,0,-1,False,-1,-1,0,0,0,-1
2026-06-29 13:16:11.931,28.37598,False,16.44714,1.338426,-4.564808,0,0,0,1,0,0,-1,False,-1,-1,0,0,0,-1
2026-06-29 13:16:11.964,28.40938,False,16.44714,1.338426,-4.564808,0,0,0,1,0,0,-1,False,-1,-1,0,0,0,-1
2026-06-29 13:16:12.009,28.45368,False,16.44714,1.338426,-4.564808,0,0,0,1,0,0,-1,False,-1,-1,0,0,0,-1
2026-06-29 13:16:12.054,28.49858,False,16.44714,1.338426,-4.564808,0,0,0,1,0,0,-1,False,-1,-1,0,0,0,-1
2026-06-29 13:16:12.097,28.54265,False,16.44714,1.338426,-4.564808,0,0,0,1,0,0,-1,False,-1,-1,0,0,0,-1
2026-06-29 13:16:12.131,28.57707,False,16.44714,1.338426,-4.564808,0,0,0,1,0,0,-1,False,-1,-1,0,0,0,-1
2026-06-29 13:16:12.176,28.62031,False,16.44714,1.338426,-4.564808,0,0,0,1,0,0,-1,False,-1,-1,0,0,0,-1
2026-06-29 13:16:12.221,28.66538,False,16.44714,1.338426,-4.564808,0,0,0,1,0,0,-1,False,-1,-1,0,0,0,-1
2026-06-29 13:16:12.264,28.70901,False,16.44714,1.338426,-4.564808,0,0,0,1,0,0,-1,False,-1,-1,0,0,0,-1
2026-06-29 13:16:12.297,28.74242,False,16.44714,1.338426,-4.564808,0,0,0,1,0,0,-1,False,-1,-1,0,0,0,-1
2026-06-29 13:16:12.332,28.77657,False,16.44714,1.338426,-4.564808,0,0,0,1,0,0,-1,False,-1,-1,0,0,0,-1
2026-06-29 13:16:12.375,28.82014,False,16.44714,1.338426,-4.564808,0,0,0,1,0,0,-1,False,-1,-1,0,0,0,-1
2026-06-29 13:16:12.409,28.85354,False,16.44714,1.338426,-4.564808,0,0,0,1,0,0,-1,False,-1,-1,0,0,0,-1
2026-06-29 13:16:12.453,28.89838,False,16.44714,1.338426,-4.564808,0,0,0,1,0,0,-1,False,-1,-1,0,0,0,-1
2026-06-29 13:16:12.498,28.94234,False,16.44714,1.338426,-4.564808,0,0,0,1,0,0,-1,False,-1,-1,0,0,0,-1
2026-06-29 13:16:12.530,28.97572,False,16.44714,1.338426,-4.564808,0,0,0,1,0,0,-1,False,-1,-1,0,0,0,-1
2026-06-29 13:16:12.575,29.02011,False,16.44714,1.338426,-4.564808,0,0,0,1,0,0,-1,False,-1,-1,0,0,0,-1
2026-06-29 13:16:12.619,29.06494,False,16.44714,1.338426,-4.564808,0,0,0,1,0,0,-1,False,-1,-1,0,0,0,-1
2026-06-29 13:16:12.653,29.09839,False,16.44714,1.338426,-4.564808,0,0,0,1,0,0,-1,False,-1,-1,0,0,0,-1
2026-06-29 13:16:12.698,29.14249,False,16.44714,1.338426,-4.564808,0,0,0,1,0,0,-1,False,-1,-1,0,0,0,-1
2026-06-29 13:16:12.742,29.18702,False,16.44714,1.338426,-4.564808,0,0,0,1,0,0,-1,False,-1,-1,0,0,0,-1
2026-06-29 13:16:12.787,29.2315,False,16.44714,1.338426,-4.564808,0,0,0,1,0,0,-1,False,-1,-1,0,0,0,-1
2026-06-29 13:16:12.820,29.26487,False,16.44714,1.338426,-4.564808,0,0,0,1,0,0,-1,False,-1,-1,0,0,0,-1
2026-06-29 13:16:12.863,29.3088,False,16.44714,1.338426,-4.564808,0,0,0,1,0,0,-1,False,-1,-1,0,0,0,-1
2026-06-29 13:16:12.908,29.35332,False,16.44714,1.338426,-4.564808,0,0,0,1,0,0,-1,False,-1,-1,0,0,0,-1
2026-06-29 13:16:12.952,29.39805,False,16.44714,1.338426,-4.564808,0,0,0,1,0,0,-1,False,-1,-1,0,0,0,-1
2026-06-29 13:16:12.997,29.4422,False,16.44714,1.338426,-4.564808,0,0,0,1,0,0,-1,False,-1,-1,0,0,0,-1
2026-06-29 13:16:13.042,29.48655,False,16.44714,1.338426,-4.564808,0,0,0,1,0,0,-1,False,-1,-1,0,0,0,-1
2026-06-29 13:16:13.074,29.51989,False,16.44714,1.338426,-4.564808,0,0,0,1,0,0,-1,False,-1,-1,0,0,0,-1
2026-06-29 13:16:13.119,29.56477,False,16.44714,1.338426,-4.564808,0,0,0,1,0,0,-1,False,-1,-1,0,0,0,-1
2026-06-29 13:16:13.163,29.6087,False,16.44714,1.338426,-4.564808,0,0,0,1,0,0,-1,False,-1,-1,0,0,0,-1
2026-06-29 13:16:13.197,29.64211,False,16.44714,1.338426,-4.564808,0,0,0,1,0,0,-1,False,-1,-1,0,0,0,-1
2026-06-29 13:16:13.241,29.68646,False,16.44714,1.338426,-4.564808,0,0,0,1,0,0,-1,False,-1,-1,0,0,0,-1
2026-06-29 13:16:13.274,29.71982,False,16.44714,1.338426,-4.564808,0,0,0,1,0,0,-1,False,-1,-1,0,0,0,-1
2026-06-29 13:16:13.308,29.7534,False,16.44714,1.338426,-4.564808,0,0,0,1,0,0,-1,False,-1,-1,0,0,0,-1
2026-06-29 13:16:13.353,29.79816,False,16.44714,1.338426,-4.564808,0,0,0,1,0,0,-1,False,-1,-1,0,0,0,-1
2026-06-29 13:16:13.387,29.83168,False,16.44714,1.338426,-4.564808,0,0,0,1,0,0,-1,False,-1,-1,0,0,0,-1
2026-06-29 13:16:13.429,29.87519,False,16.44714,1.338426,-4.564808,0,0,0,1,0,0,-1,False,-1,-1,0,0,0,-1
2026-06-29 13:16:13.469,29.9086,False,16.44714,1.338426,-4.564808,0,0,0,1,0,0,-1,False,-1,-1,0,0,0,-1
2026-06-29 13:16:13.508,29.95308,False,16.44714,1.338426,-4.564808,0,0,0,1,0,0,-1,False,-1,-1,0,0,0,-1
2026-06-29 13:16:13.552,29.99747,False,16.44714,1.338426,-4.564808,0,0,0,1,0,0,-1,False,-1,-1,0,0,0,-1
2026-06-29 13:16:13.586,30.03116,False,16.44714,1.338426,-4.564808,0,0,0,1,0,0,-1,False,-1,-1,0,0,0,-1
2026-06-29 13:16:13.630,30.07526,False,16.44714,1.338426,-4.564808,0,0,0,1,0,0,-1,False,-1,-1,0,0,0,-1
2026-06-29 13:16:13.674,30.11955,False,16.44714,1.338426,-4.564808,0,0,0,1,0,0,-1,False,-1,-1,0,0,0,-1
2026-06-29 13:16:13.708,30.15347,False,16.44714,1.338426,-4.564808,0,0,0,1,0,0,-1,False,-1,-1,0,0,0,-1
2026-06-29 13:16:13.752,30.19788,False,16.44714,1.338426,-4.564808,0,0,0,1,0,0,-1,False,-1,-1,0,0,0,-1
2026-06-29 13:16:13.796,30.24181,False,16.44714,1.338426,-4.564808,0,0,0,1,0,0,-1,False,-1,-1,0,0,0,-1
2026-06-29 13:16:13.830,30.27518,False,16.44714,1.338426,-4.564808,0,0,0,1,0,0,-1,False,-1,-1,0,0,0,-1
2026-06-29 13:16:13.875,30.31951,False,16.44714,1.338426,-4.564808,0,0,0,1,0,0,-1,False,-1,-1,0,0,0,-1
2026-06-29 13:16:13.908,30.35311,False,16.44714,1.338426,-4.564808,0,0,0,1,0,0,-1,False,-1,-1,0,0,0,-1
2026-06-29 13:16:13.942,30.38698,False,16.44714,1.338426,-4.564808,0,0,0,1,0,0,-1,False,-1,-1,0,0,0,-1
2026-06-29 13:16:13.987,30.43157,False,16.44714,1.338426,-4.564808,0,0,0,1,0,0,-1,False,-1,-1,0,0,0,-1
2026-06-29 13:16:14.030,30.47517,False,16.44714,1.338426,-4.564808,0,0,0,1,0,0,-1,False,-1,-1,0,0,0,-1
2026-06-29 13:16:14.074,30.51951,False,16.44714,1.338426,-4.564808,0,0,0,1,0,0,-1,False,-1,-1,0,0,0,-1
2026-06-29 13:16:14.119,30.56394,False,16.44714,1.338426,-4.564808,0,0,0,1,0,0,-1,False,-1,-1,0,0,0,-1
2026-06-29 13:16:14.152,30.59731,False,16.44714,1.338426,-4.564808,0,0,0,1,0,0,-1,False,-1,-1,0,0,0,-1
2026-06-29 13:16:14.197,30.64166,False,16.44714,1.338426,-4.564808,0,0,0,1,0,0,-1,False,-1,-1,0,0,0,-1
2026-06-29 13:16:14.241,30.68603,False,16.44714,1.338426,-4.564808,0,0,0,1,0,0,-1,False,-1,-1,0,0,0,-1
2026-06-29 13:16:14.286,30.73053,False,16.44714,1.338426,-4.564808,0,0,0,1,0,0,-1,False,-1,-1,0,0,0,-1
2026-06-29 13:16:14.319,30.76389,False,16.44714,1.338426,-4.564808,0,0,0,1,0,0,-1,False,-1,-1,0,0,0,-1
2026-06-29 13:16:14.353,30.79771,False,16.44714,1.338426,-4.564808,0,0,0,1,0,0,-1,False,-1,-1,0,0,0,-1
2026-06-29 13:16:14.397,30.84193,False,16.44714,1.338426,-4.564808,0,0,0,1,0,0,-1,False,-1,-1,0,0,0,-1
2026-06-29 13:16:14.441,30.88631,False,16.44714,1.338426,-4.564808,0,0,0,1,0,0,-1,False,-1,-1,0,0,0,-1
2026-06-29 13:16:14.474,30.91966,False,16.44714,1.338426,-4.564808,0,0,0,1,0,0,-1,False,-1,-1,0,0,0,-1
2026-06-29 13:16:14.508,30.95302,False,16.44714,1.338426,-4.564808,0,0,0,1,0,0,-1,False,-1,-1,0,0,0,-1
2026-06-29 13:16:14.553,30.99778,False,16.44714,1.338426,-4.564808,0,0,0,1,0,0,-1,False,-1,-1,0,0,0,-1
2026-06-29 13:16:14.597,31.04185,False,16.44714,1.338426,-4.564808,0,0,0,1,0,0,-1,False,-1,-1,0,0,0,-1
2026-06-29 13:16:14.630,31.07524,False,16.44714,1.338426,-4.564808,0,0,0,1,0,0,-1,False,-1,-1,0,0,0,-1
2026-06-29 13:16:14.674,31.11959,False,16.44714,1.338426,-4.564808,0,0,0,1,0,0,-1,False,-1,-1,0,0,0,-1
2026-06-29 13:16:14.720,31.16448,False,16.44714,1.338426,-4.564808,0,0,0,1,0,0,-1,False,-1,-1,0,0,0,-1
2026-06-29 13:16:14.764,31.20853,False,16.44714,1.338426,-4.564808,0,0,0,1,0,0,-1,False,-1,-1,0,0,0,-1
2026-06-29 13:16:14.807,31.25293,False,16.44714,1.338426,-4.564808,0,0,0,1,0,0,-1,False,-1,-1,0,0,0,-1
2026-06-29 13:16:14.842,31.28701,False,16.44714,1.338426,-4.564808,0,0,0,1,0,0,-1,False,-1,-1,0,0,0,-1
2026-06-29 13:16:14.884,31.33007,False,16.44714,1.338426,-4.564808,0,0,0,1,0,0,-1,False,-1,-1,0,0,0,-1
2026-06-29 13:16:14.918,31.36367,False,16.44714,1.338426,-4.564808,0,0,0,1,0,0,-1,False,-1,-1,0,0,0,-1
2026-06-29 13:16:14.963,31.4079,False,16.44714,1.338426,-4.564808,0,0,0,1,0,0,-1,False,-1,-1,0,0,0,-1
2026-06-29 13:16:14.996,31.44134,False,16.44714,1.338426,-4.564808,0,0,0,1,0,0,-1,False,-1,-1,0,0,0,-1
2026-06-29 13:16:15.029,31.47492,False,16.44714,1.338426,-4.564808,0,0,0,1,0,0,-1,False,-1,-1,0,0,0,-1
2026-06-29 13:16:15.074,31.51912,False,16.44714,1.338426,-4.564808,0,0,0,1,0,0,-1,False,-1,-1,0,0,0,-1
2026-06-29 13:16:15.107,31.55253,False,16.44714,1.338426,-4.564808,0,0,0,1,0,0,-1,False,-1,-1,0,0,0,-1
2026-06-29 13:16:15.151,31.59698,False,16.44714,1.338426,-4.564808,0,0,0,1,0,0,-1,False,-1,-1,0,0,0,-1
2026-06-29 13:16:15.195,31.64134,False,16.44714,1.338426,-4.564808,0,0,0,1,0,0,-1,False,-1,-1,0,0,0,-1
2026-06-29 13:16:15.230,31.6748,False,16.44714,1.338426,-4.564808,0,0,0,1,0,0,-1,False,-1,-1,0,0,0,-1
2026-06-29 13:16:15.273,31.71924,False,16.44714,1.338426,-4.564808,0,0,0,1,0,0,-1,False,-1,-1,0,0,0,-1
2026-06-29 13:16:15.308,31.75258,False,16.44714,1.338426,-4.564808,0,0,0,1,0,0,-1,False,-1,-1,0,0,0,-1
2026-06-29 13:16:15.341,31.78601,False,16.44714,1.338426,-4.564808,0,0,0,1,0,0,-1,False,-1,-1,0,0,0,-1
2026-06-29 13:16:15.375,31.81941,False,16.44714,1.338426,-4.564808,0,0,0,1,0,0,-1,False,-1,-1,0,0,0,-1
2026-06-29 13:16:15.419,31.86363,False,16.44714,1.338426,-4.564808,0,0,0,1,0,0,-1,False,-1,-1,0,0,0,-1
2026-06-29 13:16:15.463,31.9079,False,16.44714,1.338426,-4.564808,0,0,0,1,0,0,-1,False,-1,-1,0,0,0,-1
2026-06-29 13:16:15.507,31.95234,False,16.44714,1.338426,-4.564808,0,0,0,1,0,0,-1,False,-1,-1,0,0,0,-1
2026-06-29 13:16:15.541,31.98577,False,16.44714,1.338426,-4.564808,0,0,0,1,0,0,-1,False,-1,-1,0,0,0,-1
2026-06-29 13:16:15.585,32.03004,False,16.44714,1.338426,-4.564808,0,0,0,1,0,0,-1,False,-1,-1,0,0,0,-1
2026-06-29 13:16:15.619,32.0636,False,16.44714,1.338426,-4.564808,0,0,0,1,0,0,-1,False,-1,-1,0,0,0,-1
2026-06-29 13:16:15.662,32.10785,False,16.44714,1.338426,-4.564808,0,0,0,1,0,0,-1,False,-1,-1,0,0,0,-1
2026-06-29 13:16:15.706,32.15229,False,16.44714,1.338426,-4.564808,0,0,0,1,0,0,-1,False,-1,-1,0,0,0,-1
2026-06-29 13:16:15.740,32.18569,False,16.44714,1.338426,-4.564808,0,0,0,1,0,0,-1,False,-1,-1,0,0,0,-1
2026-06-29 13:16:15.774,32.21912,False,16.44714,1.338426,-4.564808,0,0,0,1,0,0,-1,False,-1,-1,0,0,0,-1
2026-06-29 13:16:15.807,32.25308,False,16.44714,1.338426,-4.564808,0,0,0,1,0,0,-1,False,-1,-1,0,0,0,-1
2026-06-29 13:16:15.851,32.29658,False,16.44714,1.338426,-4.564808,0,0,0,1,0,0,-1,False,-1,-1,0,0,0,-1
2026-06-29 13:16:15.884,32.32992,False,16.44714,1.338426,-4.564808,0,0,0,1,0,0,-1,False,-1,-1,0,0,0,-1
2026-06-29 13:16:15.928,32.37418,False,16.44714,1.338426,-4.564808,0,0,0,1,0,0,-1,False,-1,-1,0,0,0,-1
2026-06-29 13:16:15.963,32.40786,False,16.44714,1.338426,-4.564808,0,0,0,1,0,0,-1,False,-1,-1,0,0,0,-1
2026-06-29 13:16:15.997,32.44131,False,16.44714,1.338426,-4.564808,0,0,0,1,0,0,-1,False,-1,-1,0,0,0,-1
2026-06-29 13:16:16.037,32.47483,False,16.44714,1.338426,-4.564808,0,0,0,1,0,0,-1,False,-1,-1,0,0,0,-1
2026-06-29 13:16:16.079,32.51608,False,16.44714,1.338426,-4.564808,0,0,0,1,0,0,-1,False,-1,-1,0,0,0,-1
2026-06-29 13:16:16.127,32.56302,False,16.44714,1.338426,-4.564808,0,0,0,1,0,0,-1,False,-1,-1,0,0,0,-1
2026-06-29 13:16:16.166,32.60267,False,16.44714,1.338426,-4.564808,0,0,0,1,0,0,-1,False,-1,-1,0,0,0,-1
2026-06-29 13:16:16.210,32.64764,False,16.44714,1.338426,-4.564808,0,0,0,1,0,0,-1,False,-1,-1,0,0,0,-1
2026-06-29 13:16:16.253,32.68981,False,16.44714,1.338426,-4.564808,0,0,0,1,0,0,-1,False,-1,-1,0,0,0,-1
2026-06-29 13:16:16.296,32.73317,False,16.44714,1.338426,-4.564808,0,0,0,1,0,0,-1,False,-1,-1,0,0,0,-1
2026-06-29 13:16:16.339,32.77626,False,16.44714,1.338426,-4.564808,0,0,0,1,0,0,-1,False,-1,-1,0,0,0,-1
2026-06-29 13:16:16.384,32.82074,False,19.03665,0.7797978,-9.137494,0,0,0,1,0,0,-1,False,-1,-1,0,0,0,-1
2026-06-29 13:16:16.428,32.86565,False,19.04966,0.7810916,-9.133612,0,0,0,1,0,0,-1,False,-1,-1,0,0,0,-1
2026-06-29 13:16:16.470,32.90896,False,19.04811,0.7856199,-9.135643,0,0,0,1,0,0,-1,False,-1,-1,0,0,0,-1
2026-06-29 13:16:16.519,32.95478,False,19.03961,0.7872932,-9.13908,0,0,0,1,0,0,-1,False,-1,-1,0,0,0,-1
2026-06-29 13:16:16.561,32.9995,False,19.04142,0.7892004,-9.138439,0,0,0,1,0,0,-1,False,-1,-1,0,0,0,-1
2026-06-29 13:16:16.606,33.04285,False,19.06307,0.7930253,-9.128567,0,0,0,1,0,0,-1,False,-1,-1,0,0,0,-1
2026-06-29 13:16:16.651,33.08767,False,19.05856,0.7950155,-9.12993,0,0,0,1,0,0,-1,False,-1,-1,0,0,0,-1
2026-06-29 13:16:16.693,33.13121,False,19.02938,0.7973139,-9.141546,0,0,0,1,0,0,-1,False,-1,-1,0,0,0,-1
2026-06-29 13:16:16.739,33.17566,False,18.99026,0.7993367,-9.156654,0,0,0,1,0,0,-1,False,-1,-1,0,0,0,-1
2026-06-29 13:16:16.786,33.22042,False,18.99488,0.798135,-9.156748,0,0,0,1,0,0,-1,False,-1,-1,0,0,0,-1
2026-06-29 13:16:16.829,33.26558,False,18.96894,0.799577,-9.167894,0,0,0,1,0,0,-1,False,-1,-1,0,0,0,-1
2026-06-29 13:16:16.871,33.30964,False,18.9563,0.7997206,-9.174197,0,0,0,1,0,0,-1,False,-1,-1,0,0,0,-1
2026-06-29 13:16:16.917,33.35445,False,18.94756,0.7974673,-9.177616,0,0,0,1,0,0,-1,False,-1,-1,0,0,0,-1
2026-06-29 13:16:16.961,33.39684,False,18.94021,0.79673,-9.180778,0,0,0,1,0,0,-1,False,-1,-1,0,0,0,-1
2026-06-29 13:16:17.000,33.43651,False,18.92929,0.7960988,-9.185602,0,0,0,1,0,0,-1,False,-1,-1,0,0,0,-1
2026-06-29 13:16:17.036,33.47482,False,18.91791,0.7960629,-9.190752,0,0,0,1,0,0,-1,False,-1,-1,0,0,0,-1
2026-06-29 13:16:17.077,33.51407,False,18.89378,0.7967209,-9.201484,0,0,0,1,0,0,-1,False,-1,-1,0,0,0,-1
2026-06-29 13:16:17.121,33.55803,False,18.87671,0.7977499,-9.20893,0,0,0,1,0,0,-1,False,-1,-1,0,0,0,-1
2026-06-29 13:16:17.160,33.59777,False,18.9931,0.7931512,-9.163309,0,0,0,1,0,0,-1,False,-1,-1,0,0,0,-1
2026-06-29 13:16:17.203,33.64149,False,18.99029,0.7945043,-9.164743,0,0,0,1,0,0,-1,False,-1,-1,0,0,0,-1
2026-06-29 13:16:17.252,33.68739,False,18.98702,0.79693,-9.166465,0,0,0,1,0,0,-1,False,-1,-1,0,0,0,-1
2026-06-29 13:16:17.294,33.73078,False,18.95545,0.8029999,-9.175346,0,0,0,1,0,0,-1,False,-1,-1,0,0,0,-1
2026-06-29 13:16:17.338,33.77558,False,18.94841,0.8054777,-9.176903,0,0,0,1,0,0,-1,False,-1,-1,0,0,0,-1
2026-06-29 13:16:17.369,33.81417,False,18.97545,0.8061628,-9.167091,0,0,0,1,0,0,-1,False,-1,-1,0,0,0,-1
2026-06-29 13:16:17.413,33.85798,False,18.99625,0.8049327,-9.158958,0,0,0,1,0,0,-1,False,-1,-1,0,0,0,-1
2026-06-29 13:16:17.457,33.90248,False,18.98222,0.8062012,-9.164547,0,0,0,1,0,0,-1,False,-1,-1,0,0,0,-1
2026-06-29 13:16:17.503,33.94808,False,18.9755,0.8062439,-9.168043,0,0,0,1,0,0,-1,False,-1,-1,0,0,0,-1
2026-06-29 13:16:17.554,33.99205,False,18.96402,0.8081841,-9.171593,0,0,0,1,0,0,-1,False,-1,-1,0,0,0,-1
2026-06-29 13:16:17.592,34.03666,False,18.93353,0.8098907,-9.184443,0,0,0,1,0,0,-1,False,-1,-1,0,0,0,-1
2026-06-29 13:16:17.637,34.08158,False,18.93869,0.807884,-9.183715,0,0,0,1,0,0,-1,False,-1,-1,0,0,0,-1
2026-06-29 13:16:17.681,34.12545,False,18.93256,0.8057576,-9.186714,0,0,0,1,0,0,-1,False,-1,-1,0,0,0,-1
2026-06-29 13:16:17.714,34.15884,False,18.92532,0.8041161,-9.189616,0,0,0,1,0,0,-1,False,-1,-1,0,0,0,-1
2026-06-29 13:16:17.747,34.19227,False,18.9073,0.8034006,-9.196565,0,0,0,1,0,0,-1,False,-1,-1,0,0,0,-1
2026-06-29 13:16:17.782,34.22709,False,18.89174,0.803022,-9.201877,0,0,0,1,0,0,-1,False,-1,-1,0,0,0,-1
2026-06-29 13:16:17.827,34.27125,False,18.87344,0.8033319,-9.207758,0,0,0,1,0,0,-1,False,-1,-1,0,0,0,-1
2026-06-29 13:16:17.861,34.30566,False,18.86193,0.8039551,-9.210334,0,0,0,1,0,0,-1,False,-1,-1,0,0,0,-1
2026-06-29 13:16:17.893,34.33945,False,18.85513,0.8040733,-9.212507,0,0,0,1,0,0,-1,False,-1,-1,0,0,0,-1
2026-06-29 13:16:17.928,34.37328,False,18.92821,0.7968282,-9.185591,0,0,0,1,0,0,-1,False,-1,-1,0,0,0,-1
2026-06-29 13:16:17.962,34.40702,False,18.97065,0.7923626,-9.171371,0,0,0,1,0,0,-1,False,-1,-1,0,0,0,-1
2026-06-29 13:16:18.005,34.45079,False,18.97807,0.7915306,-9.172018,0,0,0,1,0,0,-1,False,-1,-1,0,0,0,-1
2026-06-29 13:16:18.050,34.49516,False,18.93533,0.7948915,-9.190627,0,0,0,1,0,0,-1,False,-1,-1,0,0,0,-1
2026-06-29 13:16:18.096,34.54012,False,18.9522,0.79316,-9.185591,0,0,0,1,0,0,-1,False,-1,-1,0,0,0,-1
2026-06-29 13:16:18.129,34.57357,False,18.95179,0.792799,-9.186291,0,0,0,1,0,0,-1,False,-1,-1,0,0,0,-1
2026-06-29 13:16:18.171,34.61654,False,18.94598,0.792749,-9.18915,0,0,0,1,0,0,-1,False,-1,-1,0,0,0,-1
2026-06-29 13:16:18.205,34.64989,False,18.94569,0.7921734,-9.189857,0,0,0,1,0,0,-1,False,-1,-1,0,0,0,-1
2026-06-29 13:16:18.250,34.69484,False,18.94579,0.7918187,-9.190179,0,0,0,1,0,0,-1,False,-1,-1,0,0,0,-1
2026-06-29 13:16:18.294,34.73942,False,18.94273,0.7931756,-9.192039,0,0,0,1,0,0,-1,False,-1,-1,0,0,0,-1
2026-06-29 13:16:18.338,34.78322,False,18.94628,0.7957679,-9.191669,0,0,0,1,0,0,-1,False,-1,-1,0,0,0,-1
2026-06-29 13:16:18.383,34.82763,False,18.93325,0.8006572,-9.19841,0,0,0,1,0,0,-1,False,-1,-1,0,0,0,-1
2026-06-29 13:16:18.427,34.87263,False,19.01801,0.7987978,-9.168386,0,0,0,1,0,0,-1,False,-1,-1,0,0,0,-1
2026-06-29 13:16:18.471,34.91647,False,19.04379,0.8013437,-9.161943,0,0,0,1,0,0,-1,False,-1,-1,0,0,0,-1
2026-06-29 13:16:18.506,34.95002,False,19.05446,0.8040959,-9.161243,0,0,0,1,0,0,-1,False,-1,-1,0,0,0,-1
2026-06-29 13:16:18.539,34.98348,False,19.07002,0.8054739,-9.158544,0,0,0,1,0,0,-1,False,-1,-1,0,0,0,-1
2026-06-29 13:16:18.572,35.01716,False,19.07775,0.808006,-9.158923,0,0,0,1,0,0,-1,False,-1,-1,0,0,0,-1
2026-06-29 13:16:18.606,35.05061,False,19.08698,0.8104182,-9.159578,0,0,0,1,0,0,-1,False,-1,-1,0,0,0,-1
2026-06-29 13:16:18.649,35.09489,False,19.09791,0.8130386,-9.162795,0,0,0,1,0,0,-1,False,-1,-1,0,0,0,-1
2026-06-29 13:16:18.683,35.12829,False,19.10663,0.814688,-9.165913,0,0,0,1,0,0,-1,False,-1,-1,0,0,0,-1
2026-06-29 13:16:18.727,35.17292,False,19.11879,0.8151487,-9.170613,0,0,0,1,0,0,-1,False,-1,-1,0,0,0,-1
2026-06-29 13:16:18.772,35.217,False,19.13066,0.8127812,-9.176075,0,0,0,1,0,0,-1,False,-1,-1,0,0,0,-1
2026-06-29 13:16:18.806,35.25124,False,19.13876,0.8099307,-9.180843,0,0,0,1,0,0,-1,False,-1,-1,0,0,0,-1
2026-06-29 13:16:18.851,35.29556,False,19.1492,0.8055201,-9.186787,0,0,0,1,0,0,-1,False,-1,-1,0,0,0,-1
2026-06-29 13:16:18.895,35.33992,False,19.15981,0.8015779,-9.191743,0,0,0,1,0,0,-1,False,-1,-1,0,0,0,-1
2026-06-29 13:16:18.939,35.38428,False,19.17008,0.7983291,-9.193962,0,0,0,1,0,0,-1,False,-1,-1,0,0,0,-1
2026-06-29 13:16:18.984,35.42833,False,16.44714,1.338426,-4.564808,0,0,0,1,0,0,-1,False,-1,-1,0,0,0,-1
2026-06-29 13:16:19.017,35.46179,False,16.44714,1.338426,-4.564808,0,0,0,1,0,0,-1,False,-1,-1,0,0,0,-1
2026-06-29 13:16:19.062,35.50657,False,16.44714,1.338426,-4.564808,0,0,0,1,0,0,-1,False,-1,-1,0,0,0,-1
2026-06-29 13:16:19.105,35.55064,False,16.44714,1.338426,-4.564808,0,0,0,1,0,0,-1,False,-1,-1,0,0,0,-1
2026-06-29 13:16:19.150,35.59488,False,16.44714,1.338426,-4.564808,0,0,0,1,0,0,-1,False,-1,-1,0,0,0,-1
2026-06-29 13:16:19.183,35.62828,False,16.44714,1.338426,-4.564808,0,0,0,1,0,0,-1,False,-1,-1,0,0,0,-1
2026-06-29 13:16:19.227,35.67293,False,16.44714,1.338426,-4.564808,0,0,0,1,0,0,-1,False,-1,-1,0,0,0,-1
2026-06-29 13:16:19.277,35.71569,False,16.44714,1.338426,-4.564808,0,0,0,1,0,0,-1,False,-1,-1,0,0,0,-1
2026-06-29 13:16:19.319,35.75523,False,16.44714,1.338426,-4.564808,0,0,0,1,0,0,-1,False,-1,-1,0,0,0,-1
2026-06-29 13:16:19.352,35.78867,False,16.44714,1.338426,-4.564808,0,0,0,1,0,0,-1,False,-1,-1,0,0,0,-1
2026-06-29 13:16:19.386,35.82364,False,16.44714,1.338426,-4.564808,0,0,0,1,0,0,-1,False,-1,-1,0,0,0,-1
2026-06-29 13:16:19.426,35.86063,False,16.44714,1.338426,-4.564808,0,0,0,1,0,0,-1,False,-1,-1,0,0,0,-1
2026-06-29 13:16:19.467,35.90224,False,16.44714,1.338426,-4.564808,0,0,0,1,0,0,-1,False,-1,-1,0,0,0,-1
2026-06-29 13:16:19.503,35.94114,False,16.44714,1.338426,-4.564808,0,0,0,1,0,0,-1,False,-1,-1,0,0,0,-1
2026-06-29 13:16:19.549,35.98512,False,16.44714,1.338426,-4.564808,0,0,0,1,0,0,-1,False,-1,-1,0,0,0,-1
2026-06-29 13:16:19.593,36.03085,False,16.44714,1.338426,-4.564808,0,0,0,1,0,0,-1,False,-1,-1,0,0,0,-1
2026-06-29 13:16:19.638,36.07467,False,16.44714,1.338426,-4.564808,0,0,0,1,0,0,-1,False,-1,-1,0,0,0,-1
2026-06-29 13:16:19.684,36.1208,False,16.44714,1.338426,-4.564808,0,0,0,1,0,0,-1,False,-1,-1,0,0,0,-1
2026-06-29 13:16:19.727,36.16385,False,16.44714,1.338426,-4.564808,0,0,0,1,0,0,-1,False,-1,-1,0,0,0,-1
2026-06-29 13:16:19.771,36.20749,False,16.44714,1.338426,-4.564808,0,0,0,1,0,0,-1,False,-1,-1,0,0,0,-1
2026-06-29 13:16:19.815,36.25187,True,16.44714,1.338426,-4.564808,-0.2541644,-0.9661233,0,0.04479174,0.08654867,-0.02276893,0.9959874,True,0.1487521,0.3215368,16.73084,1.26379,-1.3,3.277961
2026-06-29 13:16:19.860,36.29739,True,16.44714,1.338426,-4.564808,-0.7810509,0.6075896,0,0.1442028,-0.1752322,-0.2252594,0.9584111,True,0.004826486,0.1209193,15.85022,0.5710847,-1.3,3.40648
2026-06-29 13:16:19.905,36.34173,True,16.44714,1.338426,-4.564808,0.5233963,0.8438343,0,0.1183221,-0.1996884,0.1238587,0.9719998,False,-1,-1,0,0,0,-1
2026-06-29 13:16:19.948,36.3835,True,16.44714,1.338426,-4.564808,0.009190243,-0.9979336,0,0.06359226,0.1269217,0.001168857,0.9919121,True,0.1706607,0.3442666,16.86489,1.342273,-1.3,3.291429
2026-06-29 13:16:19.993,36.43068,True,16.44714,1.338426,-4.564808,0.8343812,-0.5480917,0,0.05834053,0.06395189,0.09735646,0.9931927,True,0.1367427,0.4358374,16.65736,1.658455,-1.3,3.287185
2026-06-29 13:16:20.038,36.47389,True,16.44714,1.338426,-4.564808,0.943767,0.3242491,0,0.06454684,-0.04185851,0.1218344,0.9916674,True,0.07986224,0.4593191,16.30933,1.739534,-1.3,3.292241
2026-06-29 13:16:20.083,36.51861,True,16.44714,1.338426,-4.564808,0.9809369,0.1759438,0,0.08250132,-0.0290312,0.1618572,0.9863871,True,0.08668071,0.4983063,16.35105,1.874152,-1.3,3.309865
2026-06-29 13:16:20.127,36.56334,True,16.44714,1.338426,-4.564808,0.9575675,0.2749264,0,0.08648764,-0.04755547,0.1656355,0.9850398,True,0.07662481,0.5021452,16.28952,1.887407,-1.3,3.314392
2026-06-29 13:16:20.168,36.60724,True,16.44714,1.338426,-4.564808,0.982034,0.170387,0,0.0811025,-0.02763762,0.1592908,0.9868447,True,0.08744144,0.4957753,16.35571,1.865413,-1.3,3.30833
2026-06-29 13:16:20.211,36.65017,True,16.44714,1.338426,-4.564808,0.9814062,0.1732111,0,0.08270355,-0.02865033,0.1623315,0.9863203,True,0.08688557,0.4987715,16.3523,1.875758,-1.3,3.31009
2026-06-29 13:16:20.259,36.69361,True,16.44714,1.338426,-4.564808,0.9915084,0.08886378,0,0.09494459,-0.01687426,0.1882767,0.981971,True,0.09321594,0.5244432,16.39104,1.964399,-1.3,3.32475
2026-06-29 13:16:20.304,36.74033,True,16.44714,1.338426,-4.564808,0.9756732,0.2009892,0,0.08755127,-0.03519372,0.1708428,0.9846695,True,0.08331382,0.5072054,16.33045,1.904879,-1.3,3.315639
2026-06-29 13:16:20.343,36.78086,True,16.44714,1.338426,-4.564808,0.9660444,0.244957,0,0.08218551,-0.04026383,0.1587896,0.9864911,True,0.0806067,0.4953497,16.31389,1.863943,-1.3,3.309516
2026-06-29 13:16:20.381,36.8173,True,16.44714,1.338426,-4.564808,0.9740921,0.2141561,0,0.07267524,-0.03112769,0.1415848,0.9894366,True,0.08559853,0.4784552,16.34443,1.805609,-1.3,3.299664
2026-06-29 13:16:20.426,36.86282,True,16.44714,1.338426,-4.564808,0.9834134,0.1582473,0,0.08863323,-0.02805193,0.1743262,0.9842883,True,0.08717799,0.5106152,16.35409,1.916653,-1.3,3.316923
2026-06-29 13:16:20.471,36.90644,True,16.44714,1.338426,-4.564808,0.9880959,0.1264868,0,0.0875643,-0.02215146,0.1730439,0.984665,True,0.09038132,0.5093198,16.37369,1.91218,-1.3,3.315654
2026-06-29 13:16:20.514,36.95139,True,16.44714,1.338426,-4.564808,0.9734501,0.2174378,0,0.07152561,-0.03110474,0.1392532,0.9897682,True,0.08561647,0.4761824,16.34454,1.797761,-1.3,3.298558
2026-06-29 13:16:20.560,36.99786,True,16.44714,1.338426,-4.564808,0.9767919,0.2008601,0,0.07438297,-0.02988114,0.1453134,0.9889344,True,0.08626246,0.4820887,16.34849,1.818155,-1.3,3.30134
2026-06-29 13:16:20.603,37.04055,True,16.44714,1.338426,-4.564808,0.9674631,0.2412221,0,0.07633483,-0.03682729,0.1477023,0.988346,True,0.08250284,0.4844569,16.32549,1.826332,-1.3,3.303305
2026-06-29 13:16:20.644,37.08257,True,16.44714,1.338426,-4.564808,0.9575042,0.2795145,0,0.07111552,-0.03975563,0.1361868,0.9898852,True,0.08095527,0.4732377,16.31602,1.787593,-1.3,3.298169
2026-06-29 13:16:20.692,37.12969,True,16.44714,1.338426,-4.564808,0.9635431,0.258472,0,0.06911585,-0.03572902,0.1331922,0.990446,True,0.08313662,0.4703051,16.32937,1.777468,-1.3,3.296302
2026-06-29 13:16:20.737,37.17471,True,16.44714,1.338426,-4.564808,0.9715592,0.2260209,0,0.07062137,-0.03192381,0.1372257,0.9900253,True,0.08517933,0.4742114,16.34187,1.790955,-1.3,3.297702
2026-06-29 13:16:20.782,37.21775,True,16.44714,1.338426,-4.564808,0.9799449,0.1853721,0,0.07311045,-0.02710527,0.1432884,0.9893097,True,0.08776575,0.4801007,16.35769,1.81129,-1.3,3.300087
2026-06-29 13:16:20.826,37.26349,True,16.44714,1.338426,-4.564808,0.9743106,0.2139062,0,0.07044914,-0.03013902,0.1372787,0.9900739,True,0.08614206,0.4742556,16.34776,1.791108,-1.3,3.29754
2026-06-29 13:16:20.869,37.30635,True,16.44714,1.338426,-4.564808,0.9781649,0.1956221,0,0.07018126,-0.027458,0.1372977,0.9901492,True,0.08758807,0.4742638,16.3566,1.791136,-1.3,3.297289
2026-06-29 13:16:20.916,37.35145,True,16.44714,1.338426,-4.564808,0.9768717,0.2020355,0,0.07002428,-0.02829477,0.1368095,0.9901932,True,0.08713782,0.4737917,16.35385,1.789506,-1.3,3.297143
2026-06-29 13:16:20.959,37.39705,True,16.44714,1.338426,-4.564808,0.9778088,0.1961243,0,0.07365732,-0.02889198,0.1440455,0.9891492,True,0.08679962,0.4808467,16.35178,1.813866,-1.3,3.300623
2026-06-29 13:16:21.005,37.44207,True,16.44714,1.338426,-4.564808,0.9556952,0.2849509,0,0.07382175,-0.04207115,0.1411022,0.9891007,True,0.07968915,0.4780397,16.30827,1.804174,-1.3,3.300785
2026-06-29 13:16:21.049,37.48452,True,16.44714,1.338426,-4.564808,0.955225,0.2865885,0,0.0735679,-0.04216743,0.1405478,0.9891756,True,0.07963896,0.4774996,16.30797,1.802309,-1.3,3.300535
2026-06-29 13:16:21.090,37.527,True,16.44714,1.338426,-4.564808,0.9548576,0.2881819,0,0.07209919,-0.04155536,0.1376889,0.9896035,True,0.07997882,0.47471,16.31005,1.792677,-1.3,3.299108
2026-06-29 13:16:21.132,37.56753,True,16.44714,1.338426,-4.564808,0.9553881,0.2865731,0,0.07148056,-0.0409688,0.1365833,0.989781,True,0.08029914,0.4736302,16.312,1.788949,-1.3,3.298516
2026-06-29 13:16:21.170,37.60698,True,16.44714,1.338426,-4.564808,0.9555833,0.2863533,0,0.06972996,-0.0399348,0.1332656,0.9902754,True,0.08086717,0.4703971,16.31548,1.777785,-1.3,3.296869
2026-06-29 13:16:21.210,37.64648,True,16.44714,1.338426,-4.564808,0.9604526,0.269464,0,0.07014355,-0.03780231,0.1347391,0.9901597,True,0.08201379,0.471819,16.3225,1.782695,-1.3,3.297254
2026-06-29 13:16:21.251,37.6893,True,16.44714,1.338426,-4.564808,0.9599566,0.2711916,0,0.07027429,-0.03811558,0.1349205,0.9901231,True,0.08184427,0.4719971,16.32146,1.78331,-1.3,3.297377
2026-06-29 13:16:21.293,37.72909,True,16.44714,1.338426,-4.564808,0.9628785,0.2604302,0,0.07100167,-0.03698196,0.136732,0.9899175,True,0.08245111,0.4737542,16.32517,1.789377,-1.3,3.298061
2026-06-29 13:16:21.327,37.76428,True,16.44714,1.338426,-4.564808,0.9662139,0.2475689,0,0.07169613,-0.03549946,0.1385476,0.9897193,True,0.08324647,0.475515,16.33004,1.795456,-1.3,3.298721
2026-06-29 13:16:21.368,37.80582,True,16.44714,1.338426,-4.564808,0.9618151,0.2642732,0,0.0712133,-0.03763953,0.1369881,0.9898573,True,0.08209527,0.4740066,16.32299,1.790248,-1.3,3.298262
2026-06-29 13:16:21.408,37.84533,True,16.44714,1.338426,-4.564808,0.9573745,0.2793659,0,0.07340924,-0.04101607,0.1405602,0.9892221,True,0.08026105,0.4775051,16.31177,1.802328,-1.3,3.300379
2026-06-29 13:16:21.446,37.88329,True,16.44714,1.338426,-4.564808,0.9630319,0.2589116,0,0.07439327,-0.03852257,0.1432862,0.9889313,True,0.08159989,0.480151,16.31996,1.811464,-1.3,3.30135
2026-06-29 13:16:21.486,37.92231,True,16.44714,1.338426,-4.564808,0.963514,0.2570581,0,0.07457956,-0.03834255,0.1437169,0.9888757,True,0.08169591,0.4805705,16.32055,1.812912,-1.3,3.301536
2026-06-29 13:16:21.521,37.95921,True,16.44714,1.338426,-4.564808,0.9687093,0.2373471,0,0.07258648,-0.03445637,0.1406304,0.9894624,True,0.08380389,0.4775396,16.33345,1.802447,-1.3,3.299578
2026-06-29 13:16:21.560,37.9968,True,16.44714,1.338426,-4.564808,0.968927,0.2366807,0,0.07185241,-0.03401216,0.1392394,0.9896745,True,0.08404732,0.4761818,16.33494,1.797759,-1.3,3.298871
2026-06-29 13:16:21.599,38.03429,True,16.44714,1.338426,-4.564808,0.9697059,0.2339174,0,0.07037834,-0.03292543,0.1364926,0.9900938,True,0.08464074,0.4735022,16.33857,1.788507,-1.3,3.297474
2026-06-29 13:16:21.639,38.07467,True,16.44714,1.338426,-4.564808,0.9710423,0.2277429,0,0.07218111,-0.03287747,0.1401818,0.9895797,True,0.08465743,0.477095,16.33867,1.800912,-1.3,3.299187
2026-06-29 13:16:21.687,38.12442,True,16.44714,1.338426,-4.564808,0.9712337,0.226487,0,0.07354426,-0.03331364,0.1428573,0.9891825,True,0.08441496,0.4797062,16.33719,1.809928,-1.3,3.300512
2026-06-29 13:16:21.727,38.1649,True,16.44714,1.338426,-4.564808,0.9773788,0.1977614,0,0.07497406,-0.02965394,0.1465561,0.9887578,True,0.08638221,0.483302,16.34923,1.822344,-1.3,3.301929
2026-06-29 13:16:21.763,38.20073,True,16.44714,1.338426,-4.564808,0.9766583,0.2023634,0,0.07202495,-0.02915043,0.1406875,0.9896249,True,0.08666778,0.4775721,16.35097,1.802559,-1.3,3.299036
2026-06-29 13:16:21.824,38.26219,True,16.44714,1.338426,-4.564808,0.9755924,0.2085538,0,0.06873745,-0.02867091,0.1341195,0.9905503,True,0.08694065,0.4711768,16.35264,1.780478,-1.3,3.295954
2026-06-29 13:16:21.860,38.29561,True,16.44714,1.338426,-4.564808,0.9763034,0.2055883,0,0.06756582,-0.02778148,0.1319295,0.9908698,True,0.0874247,0.4690459,16.3556,1.77312,-1.3,3.294891
2026-06-29 13:16:21.927,38.36349,True,16.44714,1.338426,-4.564808,0.9979681,-0.004117829,0,0.06358413,0.000523657,0.1269098,0.9919141,True,0.1026668,0.4641284,16.44886,1.75614,-1.3,3.291422
2026-06-29 13:16:21.993,38.43073,True,16.44714,1.338426,-4.564808,0.9980577,-0.0006771084,0,0.06229397,8.435952E-05,0.1243459,0.9922389,True,0.1024304,0.4616455,16.44742,1.747567,-1.3,3.290345
2026-06-29 13:16:22.059,38.49453,True,16.44714,1.338426,-4.564808,0.9978203,-0.01780205,0,0.06354428,0.002262437,0.1268115,0.9919243,True,0.1036021,0.4640334,16.45459,1.755812,-1.3,3.291389
2026-06-29 13:16:22.091,38.52884,True,16.44714,1.338426,-4.564808,0.997513,-0.02355191,0,0.06643143,0.003129174,0.1325324,0.9911737,True,0.1040697,0.4695824,16.45745,1.774972,-1.3,3.293881
2026-06-29 13:16:22.129,38.5638,True,16.44714,1.338426,-4.564808,0.99739,-0.02943787,0,0.06592917,0.003881629,0.1315142,0.9913067,True,0.1044744,0.4685943,16.45992,1.77156,-1.3,3.293439
2026-06-29 13:16:22.193,38.62988,True,16.44714,1.338426,-4.564808,0.9968186,0.03450484,0,0.07184868,-0.004958253,0.1432402,0.9896756,True,0.09971184,0.480004,16.43078,1.810956,-1.3,3.298867
2026-06-29 13:16:22.258,38.69558,True,16.44714,1.338426,-4.564808,0.9969548,-0.04543422,0,0.06337832,0.005759089,0.1263707,0.9919664,True,0.1054829,0.4636081,16.46609,1.754343,-1.3,3.291249
2026-06-29 13:16:22.326,38.76278,True,16.44714,1.338426,-4.564808,0.9949944,-0.0726697,0,0.06859528,0.009969596,0.1365038,0.9905893,True,0.1077552,0.4734478,16.48,1.788319,-1.3,3.295824
2026-06-29 13:16:22.362,38.79783,True,16.44714,1.338426,-4.564808,0.996636,0.05065337,0,0.06442862,-0.006527052,0.1284237,0.9916978,True,0.09887314,0.4655982,16.42565,1.761215,-1.3,3.29214
2026-06-29 13:16:22.427,38.86332,True,16.44714,1.338426,-4.564808,0.9885688,-0.03232751,0,0.1472639,0.009521348,0.291161,0.9566267,True,0.1076958,0.6309376,16.47964,2.33211,-1.3,3.412834
2026-06-29 13:16:22.482,38.91796,False,16.44714,1.338426,-4.564808,0,0,0,1,0,0,-1,False,-1,-1,0,0,0,-1
2026-06-29 13:16:22.525,38.96267,False,16.44714,1.338426,-4.564808,0,0,0,1,0,0,-1,False,-1,-1,0,0,0,-1
2026-06-29 13:16:22.568,39.00671,False,16.44714,1.338426,-4.564808,0,0,0,1,0,0,-1,False,-1,-1,0,0,0,-1
2026-06-29 13:16:22.612,39.04949,False,16.44714,1.338426,-4.564808,0,0,0,1,0,0,-1,False,-1,-1,0,0,0,-1
2026-06-29 13:16:22.660,39.09656,False,16.44714,1.338426,-4.564808,0,0,0,1,0,0,-1,False,-1,-1,0,0,0,-1
2026-06-29 13:16:22.700,39.13837,False,16.44714,1.338426,-4.564808,0,0,0,1,0,0,-1,False,-1,-1,0,0,0,-1
2026-06-29 13:16:22.748,39.1841,False,16.44714,1.338426,-4.564808,0,0,0,1,0,0,-1,False,-1,-1,0,0,0,-1
2026-06-29 13:16:22.790,39.22766,False,16.44714,1.338426,-4.564808,0,0,0,1,0,0,-1,False,-1,-1,0,0,0,-1
2026-06-29 13:16:22.837,39.27385,False,16.44714,1.338426,-4.564808,0,0,0,1,0,0,-1,False,-1,-1,0,0,0,-1
2026-06-29 13:16:22.879,39.31572,False,16.44714,1.338426,-4.564808,0,0,0,1,0,0,-1,False,-1,-1,0,0,0,-1
2026-06-29 13:16:22.925,39.36143,False,16.44714,1.338426,-4.564808,0,0,0,1,0,0,-1,False,-1,-1,0,0,0,-1
2026-06-29 13:16:22.969,39.40582,False,16.44714,1.338426,-4.564808,0,0,0,1,0,0,-1,False,-1,-1,0,0,0,-1
2026-06-29 13:16:23.021,39.45806,False,16.44714,1.338426,-4.564808,0,0,0,1,0,0,-1,False,-1,-1,0,0,0,-1
2026-06-29 13:16:23.073,39.50686,False,16.44714,1.338426,-4.564808,0,0,0,1,0,0,-1,False,-1,-1,0,0,0,-1
2026-06-29 13:16:23.115,39.55096,False,16.44714,1.338426,-4.564808,0,0,0,1,0,0,-1,False,-1,-1,0,0,0,-1
2026-06-29 13:16:23.157,39.59318,False,16.44714,1.338426,-4.564808,0,0,0,1,0,0,-1,False,-1,-1,0,0,0,-1
2026-06-29 13:16:23.202,39.64014,False,16.44714,1.338426,-4.564808,0,0,0,1,0,0,-1,False,-1,-1,0,0,0,-1
2026-06-29 13:16:23.246,39.68367,False,16.44714,1.338426,-4.564808,0,0,0,1,0,0,-1,False,-1,-1,0,0,0,-1
2026-06-29 13:16:23.293,39.72981,False,16.44714,1.338426,-4.564808,0,0,0,1,0,0,-1,False,-1,-1,0,0,0,-1
2026-06-29 13:16:23.336,39.7733,False,16.44714,1.338426,-4.564808,0,0,0,1,0,0,-1,False,-1,-1,0,0,0,-1
2026-06-29 13:16:23.382,39.81788,False,16.44714,1.338426,-4.564808,0,0,0,1,0,0,-1,False,-1,-1,0,0,0,-1
2026-06-29 13:16:23.427,39.86293,False,16.44714,1.338426,-4.564808,0,0,0,1,0,0,-1,False,-1,-1,0,0,0,-1
2026-06-29 13:16:23.468,39.90618,False,16.44714,1.338426,-4.564808,0,0,0,1,0,0,-1,False,-1,-1,0,0,0,-1
2026-06-29 13:16:23.514,39.95048,False,16.44714,1.338426,-4.564808,0,0,0,1,0,0,-1,False,-1,-1,0,0,0,-1
2026-06-29 13:16:23.560,39.99671,False,16.44714,1.338426,-4.564808,0,0,0,1,0,0,-1,False,-1,-1,0,0,0,-1
2026-06-29 13:16:23.601,40.03912,False,16.44714,1.338426,-4.564808,0,0,0,1,0,0,-1,False,-1,-1,0,0,0,-1
2026-06-29 13:16:23.649,40.08485,False,16.44714,1.338426,-4.564808,0,0,0,1,0,0,-1,False,-1,-1,0,0,0,-1
2026-06-29 13:16:23.691,40.12766,False,16.44714,1.338426,-4.564808,0,0,0,1,0,0,-1,False,-1,-1,0,0,0,-1
2026-06-29 13:16:23.734,40.17185,False,16.44714,1.338426,-4.564808,0,0,0,1,0,0,-1,False,-1,-1,0,0,0,-1
2026-06-29 13:16:23.779,40.21579,False,16.44714,1.338426,-4.564808,0,0,0,1,0,0,-1,False,-1,-1,0,0,0,-1
2026-06-29 13:16:23.816,40.25114,False,16.44714,1.338426,-4.564808,0,0,0,1,0,0,-1,False,-1,-1,0,0,0,-1
2026-06-29 13:16:23.857,40.29472,False,16.44714,1.338426,-4.564808,0,0,0,1,0,0,-1,False,-1,-1,0,0,0,-1
2026-06-29 13:16:23.900,40.33761,False,16.44714,1.338426,-4.564808,0,0,0,1,0,0,-1,False,-1,-1,0,0,0,-1
2026-06-29 13:16:23.944,40.38177,False,16.44714,1.338426,-4.564808,0,0,0,1,0,0,-1,False,-1,-1,0,0,0,-1
2026-06-29 13:16:23.992,40.43006,False,16.44714,1.338426,-4.564808,0,0,0,1,0,0,-1,False,-1,-1,0,0,0,-1
2026-06-29 13:16:24.036,40.47272,False,16.44714,1.338426,-4.564808,0,0,0,1,0,0,-1,False,-1,-1,0,0,0,-1
2026-06-29 13:16:24.081,40.51738,False,16.44714,1.338426,-4.564808,0,0,0,1,0,0,-1,False,-1,-1,0,0,0,-1
2026-06-29 13:16:24.124,40.56168,False,16.44714,1.338426,-4.564808,0,0,0,1,0,0,-1,False,-1,-1,0,0,0,-1
2026-06-29 13:16:24.168,40.60569,False,16.44714,1.338426,-4.564808,0,0,0,1,0,0,-1,False,-1,-1,0,0,0,-1
2026-06-29 13:16:24.210,40.64846,False,16.44714,1.338426,-4.564808,0,0,0,1,0,0,-1,False,-1,-1,0,0,0,-1
2026-06-29 13:16:24.258,40.69672,False,16.44714,1.338426,-4.564808,0,0,0,1,0,0,-1,False,-1,-1,0,0,0,-1
2026-06-29 13:16:24.301,40.7393,False,16.44714,1.338426,-4.564808,0,0,0,1,0,0,-1,False,-1,-1,0,0,0,-1
2026-06-29 13:16:24.340,40.77864,False,16.44714,1.338426,-4.564808,0,0,0,1,0,0,-1,False,-1,-1,0,0,0,-1
2026-06-29 13:16:24.384,40.82392,False,16.44714,1.338426,-4.564808,0,0,0,1,0,0,-1,False,-1,-1,0,0,0,-1
2026-06-29 13:16:24.417,40.86127,False,16.44714,1.338426,-4.564808,0,0,0,1,0,0,-1,False,-1,-1,0,0,0,-1
2026-06-29 13:16:24.454,40.89953,False,16.44714,1.338426,-4.564808,0,0,0,1,0,0,-1,False,-1,-1,0,0,0,-1
2026-06-29 13:16:24.499,40.94425,False,16.44714,1.338426,-4.564808,0,0,0,1,0,0,-1,False,-1,-1,0,0,0,-1
2026-06-29 13:16:24.533,40.97763,False,16.44714,1.338426,-4.564808,0,0,0,1,0,0,-1,False,-1,-1,0,0,0,-1
2026-06-29 13:16:24.566,41.01097,False,16.44714,1.338426,-4.564808,0,0,0,1,0,0,-1,False,-1,-1,0,0,0,-1
2026-06-29 13:16:24.610,41.05495,False,16.44714,1.338426,-4.564808,0,0,0,1,0,0,-1,False,-1,-1,0,0,0,-1
2026-06-29 13:16:24.655,41.09932,False,16.44714,1.338426,-4.564808,0,0,0,1,0,0,-1,False,-1,-1,0,0,0,-1
2026-06-29 13:16:24.688,41.13267,False,16.44714,1.338426,-4.564808,0,0,0,1,0,0,-1,False,-1,-1,0,0,0,-1
2026-06-29 13:16:24.722,41.16652,False,16.44714,1.338426,-4.564808,0,0,0,1,0,0,-1,False,-1,-1,0,0,0,-1
2026-06-29 13:16:24.756,41.20041,False,16.44714,1.338426,-4.564808,0,0,0,1,0,0,-1,False,-1,-1,0,0,0,-1
2026-06-29 13:16:24.790,41.23486,False,16.44714,1.338426,-4.564808,0,0,0,1,0,0,-1,False,-1,-1,0,0,0,-1
2026-06-29 13:16:24.824,41.26846,False,16.44714,1.338426,-4.564808,0,0,0,1,0,0,-1,False,-1,-1,0,0,0,-1
2026-06-29 13:16:24.858,41.30196,False,16.44714,1.338426,-4.564808,0,0,0,1,0,0,-1,False,-1,-1,0,0,0,-1
2026-06-29 13:16:24.891,41.33569,False,16.44714,1.338426,-4.564808,0,0,0,1,0,0,-1,False,-1,-1,0,0,0,-1
2026-06-29 13:16:24.925,41.36943,False,16.44714,1.338426,-4.564808,0,0,0,1,0,0,-1,False,-1,-1,0,0,0,-1
2026-06-29 13:16:24.958,41.40343,False,16.44714,1.338426,-4.564808,0,0,0,1,0,0,-1,False,-1,-1,0,0,0,-1
2026-06-29 13:16:25.003,41.44749,False,16.44714,1.338426,-4.564808,0,0,0,1,0,0,-1,False,-1,-1,0,0,0,-1
2026-06-29 13:16:25.047,41.49186,False,16.44714,1.338426,-4.564808,0,0,0,1,0,0,-1,False,-1,-1,0,0,0,-1
2026-06-29 13:16:25.081,41.52611,False,16.44714,1.338426,-4.564808,0,0,0,1,0,0,-1,False,-1,-1,0,0,0,-1
2026-06-29 13:16:25.125,41.56954,False,16.44714,1.338426,-4.564808,0,0,0,1,0,0,-1,False,-1,-1,0,0,0,-1
2026-06-29 13:16:25.159,41.60337,False,16.44714,1.338426,-4.564808,0,0,0,1,0,0,-1,False,-1,-1,0,0,0,-1
2026-06-29 13:16:25.192,41.63682,False,16.44714,1.338426,-4.564808,0,0,0,1,0,0,-1,False,-1,-1,0,0,0,-1
2026-06-29 13:16:25.226,41.67068,False,16.44714,1.338426,-4.564808,0,0,0,1,0,0,-1,False,-1,-1,0,0,0,-1
2026-06-29 13:16:25.269,41.71379,False,16.44714,1.338426,-4.564808,0,0,0,1,0,0,-1,False,-1,-1,0,0,0,-1
2026-06-29 13:16:25.302,41.74715,False,16.44714,1.338426,-4.564808,0,0,0,1,0,0,-1,False,-1,-1,0,0,0,-1
2026-06-29 13:16:25.336,41.78052,False,16.44714,1.338426,-4.564808,0,0,0,1,0,0,-1,False,-1,-1,0,0,0,-1
2026-06-29 13:16:25.380,41.82491,False,16.44714,1.338426,-4.564808,0,0,0,1,0,0,-1,False,-1,-1,0,0,0,-1
2026-06-29 13:16:25.414,41.85825,False,16.44714,1.338426,-4.564808,0,0,0,1,0,0,-1,False,-1,-1,0,0,0,-1
2026-06-29 13:16:25.457,41.90267,False,16.44714,1.338426,-4.564808,0,0,0,1,0,0,-1,False,-1,-1,0,0,0,-1
2026-06-29 13:16:25.502,41.94715,False,16.44714,1.338426,-4.564808,0,0,0,1,0,0,-1,False,-1,-1,0,0,0,-1
2026-06-29 13:16:25.546,41.99148,False,16.44714,1.338426,-4.564808,0,0,0,1,0,0,-1,False,-1,-1,0,0,0,-1
2026-06-29 13:16:25.580,42.02508,False,16.44714,1.338426,-4.564808,0,0,0,1,0,0,-1,False,-1,-1,0,0,0,-1
2026-06-29 13:16:25.624,42.06968,False,16.44714,1.338426,-4.564808,0,0,0,1,0,0,-1,False,-1,-1,0,0,0,-1
2026-06-29 13:16:25.659,42.10348,False,16.44714,1.338426,-4.564808,0,0,0,1,0,0,-1,False,-1,-1,0,0,0,-1
2026-06-29 13:16:25.691,42.13684,False,16.44714,1.338426,-4.564808,0,0,0,1,0,0,-1,False,-1,-1,0,0,0,-1
2026-06-29 13:16:25.737,42.18271,False,16.44714,1.338426,-4.564808,0,0,0,1,0,0,-1,False,-1,-1,0,0,0,-1
2026-06-29 13:16:25.781,42.22521,False,16.44714,1.338426,-4.564808,0,0,0,1,0,0,-1,False,-1,-1,0,0,0,-1
2026-06-29 13:16:25.813,42.25855,False,16.44714,1.338426,-4.564808,0,0,0,1,0,0,-1,False,-1,-1,0,0,0,-1
2026-06-29 13:16:25.857,42.30241,False,16.44714,1.338426,-4.564808,0,0,0,1,0,0,-1,False,-1,-1,0,0,0,-1
2026-06-29 13:16:25.892,42.33683,False,16.44714,1.338426,-4.564808,0,0,0,1,0,0,-1,False,-1,-1,0,0,0,-1
2026-06-29 13:16:25.935,42.38012,False,16.44714,1.338426,-4.564808,0,0,0,1,0,0,-1,False,-1,-1,0,0,0,-1
2026-06-29 13:16:25.979,42.42458,False,16.44714,1.338426,-4.564808,0,0,0,1,0,0,-1,False,-1,-1,0,0,0,-1
2026-06-29 13:16:26.024,42.46897,False,16.44714,1.338426,-4.564808,0,0,0,1,0,0,-1,False,-1,-1,0,0,0,-1
2026-06-29 13:16:26.068,42.51344,False,16.44714,1.338426,-4.564808,0,0,0,1,0,0,-1,False,-1,-1,0,0,0,-1
2026-06-29 13:16:26.102,42.54678,False,16.44714,1.338426,-4.564808,0,0,0,1,0,0,-1,False,-1,-1,0,0,0,-1
2026-06-29 13:16:26.146,42.59117,False,16.44714,1.338426,-4.564808,0,0,0,1,0,0,-1,False,-1,-1,0,0,0,-1
2026-06-29 13:16:26.180,42.62502,False,16.44714,1.338426,-4.564808,0,0,0,1,0,0,-1,False,-1,-1,0,0,0,-1
2026-06-29 13:16:26.224,42.66912,False,16.44714,1.338426,-4.564808,0,0,0,1,0,0,-1,False,-1,-1,0,0,0,-1
2026-06-29 13:16:26.268,42.71347,False,16.44714,1.338426,-4.564808,0,0,0,1,0,0,-1,False,-1,-1,0,0,0,-1
2026-06-29 13:16:26.302,42.747,False,16.44714,1.338426,-4.564808,0,0,0,1,0,0,-1,False,-1,-1,0,0,0,-1
2026-06-29 13:16:26.346,42.79132,False,16.44714,1.338426,-4.564808,0,0,0,1,0,0,-1,False,-1,-1,0,0,0,-1
2026-06-29 13:16:26.380,42.82468,False,16.44714,1.338426,-4.564808,0,0,0,1,0,0,-1,False,-1,-1,0,0,0,-1
2026-06-29 13:16:26.424,42.86902,False,16.44714,1.338426,-4.564808,0,0,0,1,0,0,-1,False,-1,-1,0,0,0,-1
2026-06-29 13:16:26.457,42.90243,False,16.44714,1.338426,-4.564808,0,0,0,1,0,0,-1,False,-1,-1,0,0,0,-1
2026-06-29 13:16:26.491,42.93578,False,16.44714,1.338426,-4.564808,0,0,0,1,0,0,-1,False,-1,-1,0,0,0,-1
2026-06-29 13:16:26.536,42.98006,False,16.44714,1.338426,-4.564808,0,0,0,1,0,0,-1,False,-1,-1,0,0,0,-1
2026-06-29 13:16:26.568,43.01357,False,16.44714,1.338426,-4.564808,0,0,0,1,0,0,-1,False,-1,-1,0,0,0,-1
2026-06-29 13:16:26.601,43.04696,False,16.44714,1.338426,-4.564808,0,0,0,1,0,0,-1,False,-1,-1,0,0,0,-1
2026-06-29 13:16:26.635,43.08044,False,16.44714,1.338426,-4.564808,0,0,0,1,0,0,-1,False,-1,-1,0,0,0,-1
2026-06-29 13:16:26.680,43.12494,False,16.44714,1.338426,-4.564808,0,0,0,1,0,0,-1,False,-1,-1,0,0,0,-1
2026-06-29 13:16:26.724,43.16936,False,16.44714,1.338426,-4.564808,0,0,0,1,0,0,-1,False,-1,-1,0,0,0,-1
2026-06-29 13:16:26.758,43.20299,False,16.44714,1.338426,-4.564808,0,0,0,1,0,0,-1,False,-1,-1,0,0,0,-1
2026-06-29 13:16:26.802,43.24699,False,16.44714,1.338426,-4.564808,0,0,0,1,0,0,-1,False,-1,-1,0,0,0,-1
2026-06-29 13:16:26.847,43.29182,False,16.44714,1.338426,-4.564808,0,0,0,1,0,0,-1,False,-1,-1,0,0,0,-1
2026-06-29 13:16:26.891,43.33593,False,16.44714,1.338426,-4.564808,0,0,0,1,0,0,-1,False,-1,-1,0,0,0,-1
2026-06-29 13:16:26.936,43.38032,False,16.44714,1.338426,-4.564808,0,0,0,1,0,0,-1,False,-1,-1,0,0,0,-1
2026-06-29 13:16:26.980,43.42477,False,16.44714,1.338426,-4.564808,0,0,0,1,0,0,-1,False,-1,-1,0,0,0,-1
2026-06-29 13:16:27.025,43.46921,False,16.44714,1.338426,-4.564808,0,0,0,1,0,0,-1,False,-1,-1,0,0,0,-1
2026-06-29 13:16:27.058,43.50307,False,16.44714,1.338426,-4.564808,0,0,0,1,0,0,-1,False,-1,-1,0,0,0,-1
2026-06-29 13:16:27.104,43.54928,False,16.44714,1.338426,-4.564808,0,0,0,1,0,0,-1,False,-1,-1,0,0,0,-1
2026-06-29 13:16:27.147,43.59136,False,16.44714,1.338426,-4.564808,0,0,0,1,0,0,-1,False,-1,-1,0,0,0,-1
2026-06-29 13:16:27.181,43.62478,False,16.44714,1.338426,-4.564808,0,0,0,1,0,0,-1,False,-1,-1,0,0,0,-1
2026-06-29 13:16:27.225,43.66914,False,16.44714,1.338426,-4.564808,0,0,0,1,0,0,-1,False,-1,-1,0,0,0,-1
2026-06-29 13:16:27.269,43.71349,False,16.44714,1.338426,-4.564808,0,0,0,1,0,0,-1,False,-1,-1,0,0,0,-1
2026-06-29 13:16:27.313,43.75779,False,16.44714,1.338426,-4.564808,0,0,0,1,0,0,-1,False,-1,-1,0,0,0,-1
2026-06-29 13:16:27.357,43.80228,False,16.44714,1.338426,-4.564808,0,0,0,1,0,0,-1,False,-1,-1,0,0,0,-1
2026-06-29 13:16:27.391,43.83569,False,16.44714,1.338426,-4.564808,0,0,0,1,0,0,-1,False,-1,-1,0,0,0,-1
2026-06-29 13:16:27.435,43.87979,False,16.44714,1.338426,-4.564808,0,0,0,1,0,0,-1,False,-1,-1,0,0,0,-1
2026-06-29 13:16:27.469,43.91322,False,16.44714,1.338426,-4.564808,0,0,0,1,0,0,-1,False,-1,-1,0,0,0,-1
2026-06-29 13:16:27.502,43.94659,False,16.44714,1.338426,-4.564808,0,0,0,1,0,0,-1,False,-1,-1,0,0,0,-1
2026-06-29 13:16:27.546,43.99099,False,16.44714,1.338426,-4.564808,0,0,0,1,0,0,-1,False,-1,-1,0,0,0,-1
2026-06-29 13:16:27.580,44.02435,False,16.44714,1.338426,-4.564808,0,0,0,1,0,0,-1,False,-1,-1,0,0,0,-1
2026-06-29 13:16:27.624,44.06882,False,16.44714,1.338426,-4.564808,0,0,0,1,0,0,-1,False,-1,-1,0,0,0,-1
2026-06-29 13:16:27.668,44.11329,False,16.44714,1.338426,-4.564808,0,0,0,1,0,0,-1,False,-1,-1,0,0,0,-1
2026-06-29 13:16:27.712,44.1576,False,16.44714,1.338426,-4.564808,0,0,0,1,0,0,-1,False,-1,-1,0,0,0,-1
2026-06-29 13:16:27.746,44.19099,False,16.44714,1.338426,-4.564808,0,0,0,1,0,0,-1,False,-1,-1,0,0,0,-1
2026-06-29 13:16:27.790,44.23537,False,16.44714,1.338426,-4.564808,0,0,0,1,0,0,-1,False,-1,-1,0,0,0,-1
2026-06-29 13:16:27.824,44.2687,False,16.44714,1.338426,-4.564808,0,0,0,1,0,0,-1,False,-1,-1,0,0,0,-1
2026-06-29 13:16:27.858,44.30209,False,16.44714,1.338426,-4.564808,0,0,0,1,0,0,-1,False,-1,-1,0,0,0,-1
2026-06-29 13:16:27.890,44.33565,False,16.44714,1.338426,-4.564808,0,0,0,1,0,0,-1,False,-1,-1,0,0,0,-1
2026-06-29 13:16:27.935,44.3799,False,16.44714,1.338426,-4.564808,0,0,0,1,0,0,-1,False,-1,-1,0,0,0,-1
2026-06-29 13:16:27.979,44.42437,False,16.44714,1.338426,-4.564808,0,0,0,1,0,0,-1,False,-1,-1,0,0,0,-1
2026-06-29 13:16:28.024,44.46872,False,16.44714,1.338426,-4.564808,0,0,0,1,0,0,-1,False,-1,-1,0,0,0,-1
2026-06-29 13:16:28.068,44.51302,False,16.44714,1.338426,-4.564808,0,0,0,1,0,0,-1,False,-1,-1,0,0,0,-1
2026-06-29 13:16:28.102,44.54659,False,16.44714,1.338426,-4.564808,0,0,0,1,0,0,-1,False,-1,-1,0,0,0,-1
2026-06-29 13:16:28.146,44.59138,False,16.44714,1.338426,-4.564808,0,0,0,1,0,0,-1,False,-1,-1,0,0,0,-1
2026-06-29 13:16:28.189,44.63531,False,16.44714,1.338426,-4.564808,0,0,0,1,0,0,-1,False,-1,-1,0,0,0,-1
2026-06-29 13:16:28.235,44.67951,False,16.44714,1.338426,-4.564808,0,0,0,1,0,0,-1,False,-1,-1,0,0,0,-1
2026-06-29 13:16:28.279,44.72382,False,16.44714,1.338426,-4.564808,0,0,0,1,0,0,-1,False,-1,-1,0,0,0,-1
2026-06-29 13:16:28.313,44.75729,False,16.44714,1.338426,-4.564808,0,0,0,1,0,0,-1,False,-1,-1,0,0,0,-1
2026-06-29 13:16:28.346,44.79085,False,16.44714,1.338426,-4.564808,0,0,0,1,0,0,-1,False,-1,-1,0,0,0,-1
2026-06-29 13:16:28.390,44.83514,False,16.44714,1.338426,-4.564808,0,0,0,1,0,0,-1,False,-1,-1,0,0,0,-1
2026-06-29 13:16:28.435,44.87957,False,16.44714,1.338426,-4.564808,0,0,0,1,0,0,-1,False,-1,-1,0,0,0,-1
2026-06-29 13:16:28.479,44.92391,False,16.44714,1.338426,-4.564808,0,0,0,1,0,0,-1,False,-1,-1,0,0,0,-1
2026-06-29 13:16:28.523,44.9683,False,16.44714,1.338426,-4.564808,0,0,0,1,0,0,-1,False,-1,-1,0,0,0,-1
2026-06-29 13:16:28.557,45.00175,False,16.44714,1.338426,-4.564808,0,0,0,1,0,0,-1,False,-1,-1,0,0,0,-1
2026-06-29 13:16:28.602,45.04609,False,16.44714,1.338426,-4.564808,0,0,0,1,0,0,-1,False,-1,-1,0,0,0,-1
2026-06-29 13:16:28.646,45.09056,False,16.44714,1.338426,-4.564808,0,0,0,1,0,0,-1,False,-1,-1,0,0,0,-1
2026-06-29 13:16:28.680,45.12401,False,16.44714,1.338426,-4.564808,0,0,0,1,0,0,-1,False,-1,-1,0,0,0,-1
2026-06-29 13:16:28.713,45.15747,False,16.44714,1.338426,-4.564808,0,0,0,1,0,0,-1,False,-1,-1,0,0,0,-1
2026-06-29 13:16:28.757,45.20166,False,16.44714,1.338426,-4.564808,0,0,0,1,0,0,-1,False,-1,-1,0,0,0,-1
2026-06-29 13:16:28.790,45.23525,False,16.44714,1.338426,-4.564808,0,0,0,1,0,0,-1,False,-1,-1,0,0,0,-1
2026-06-29 13:16:28.835,45.27937,False,16.44714,1.338426,-4.564808,0,0,0,1,0,0,-1,False,-1,-1,0,0,0,-1
2026-06-29 13:16:28.868,45.3127,False,16.44714,1.338426,-4.564808,0,0,0,1,0,0,-1,False,-1,-1,0,0,0,-1
2026-06-29 13:16:28.901,45.34605,False,16.44714,1.338426,-4.564808,0,0,0,1,0,0,-1,False,-1,-1,0,0,0,-1
2026-06-29 13:16:28.946,45.39052,False,16.44714,1.338426,-4.564808,0,0,0,1,0,0,-1,False,-1,-1,0,0,0,-1
2026-06-29 13:16:28.990,45.43542,False,16.44714,1.338426,-4.564808,0,0,0,1,0,0,-1,False,-1,-1,0,0,0,-1
2026-06-29 13:16:29.034,45.47911,False,16.44714,1.338426,-4.564808,0,0,0,1,0,0,-1,False,-1,-1,0,0,0,-1
2026-06-29 13:16:29.067,45.51251,False,16.44714,1.338426,-4.564808,0,0,0,1,0,0,-1,False,-1,-1,0,0,0,-1
2026-06-29 13:16:29.112,45.55698,False,16.44714,1.338426,-4.564808,0,0,0,1,0,0,-1,False,-1,-1,0,0,0,-1
2026-06-29 13:16:29.156,45.60144,False,16.44714,1.338426,-4.564808,0,0,0,1,0,0,-1,False,-1,-1,0,0,0,-1
2026-06-29 13:16:29.191,45.63497,False,16.44714,1.338426,-4.564808,0,0,0,1,0,0,-1,False,-1,-1,0,0,0,-1
2026-06-29 13:16:29.233,45.67896,False,16.44714,1.338426,-4.564808,0,0,0,1,0,0,-1,False,-1,-1,0,0,0,-1
2026-06-29 13:16:29.267,45.71246,False,16.44714,1.338426,-4.564808,0,0,0,1,0,0,-1,False,-1,-1,0,0,0,-1
2026-06-29 13:16:29.312,45.75674,False,16.44714,1.338426,-4.564808,0,0,0,1,0,0,-1,False,-1,-1,0,0,0,-1
2026-06-29 13:16:29.357,45.80145,False,16.44714,1.338426,-4.564808,0,0,0,1,0,0,-1,False,-1,-1,0,0,0,-1
2026-06-29 13:16:29.390,45.83488,False,16.44714,1.338426,-4.564808,0,0,0,1,0,0,-1,False,-1,-1,0,0,0,-1
2026-06-29 13:16:29.434,45.87887,False,16.44714,1.338426,-4.564808,0,0,0,1,0,0,-1,False,-1,-1,0,0,0,-1
2026-06-29 13:16:29.468,45.91248,False,16.44714,1.338426,-4.564808,0,0,0,1,0,0,-1,False,-1,-1,0,0,0,-1
2026-06-29 13:16:29.512,45.9564,False,16.44714,1.338426,-4.564808,0,0,0,1,0,0,-1,False,-1,-1,0,0,0,-1
2026-06-29 13:16:29.556,46.00105,False,16.44714,1.338426,-4.564808,0,0,0,1,0,0,-1,False,-1,-1,0,0,0,-1
2026-06-29 13:16:29.590,46.03458,False,16.44714,1.338426,-4.564808,0,0,0,1,0,0,-1,False,-1,-1,0,0,0,-1
2026-06-29 13:16:29.633,46.0786,False,16.44714,1.338426,-4.564808,0,0,0,1,0,0,-1,False,-1,-1,0,0,0,-1
2026-06-29 13:16:29.678,46.12302,False,16.44714,1.338426,-4.564808,0,0,0,1,0,0,-1,False,-1,-1,0,0,0,-1
2026-06-29 13:16:29.722,46.16766,False,16.44714,1.338426,-4.564808,0,0,0,1,0,0,-1,False,-1,-1,0,0,0,-1
2026-06-29 13:16:29.766,46.21189,False,16.44714,1.338426,-4.564808,0,0,0,1,0,0,-1,False,-1,-1,0,0,0,-1
2026-06-29 13:16:29.801,46.24545,False,16.44714,1.338426,-4.564808,0,0,0,1,0,0,-1,False,-1,-1,0,0,0,-1
2026-06-29 13:16:29.834,46.27893,False,16.44714,1.338426,-4.564808,0,0,0,1,0,0,-1,False,-1,-1,0,0,0,-1
2026-06-29 13:16:29.879,46.32324,False,16.44714,1.338426,-4.564808,0,0,0,1,0,0,-1,False,-1,-1,0,0,0,-1
2026-06-29 13:16:29.923,46.36784,False,16.44714,1.338426,-4.564808,0,0,0,1,0,0,-1,False,-1,-1,0,0,0,-1
2026-06-29 13:16:29.967,46.41197,False,16.44714,1.338426,-4.564808,0,0,0,1,0,0,-1,False,-1,-1,0,0,0,-1
2026-06-29 13:16:30.001,46.44558,False,16.44714,1.338426,-4.564808,0,0,0,1,0,0,-1,False,-1,-1,0,0,0,-1
2026-06-29 13:16:30.045,46.48975,False,16.44714,1.338426,-4.564808,0,0,0,1,0,0,-1,False,-1,-1,0,0,0,-1
2026-06-29 13:16:30.079,46.52323,False,16.44714,1.338426,-4.564808,0,0,0,1,0,0,-1,False,-1,-1,0,0,0,-1
2026-06-29 13:16:30.123,46.56764,False,16.44714,1.338426,-4.564808,0,0,0,1,0,0,-1,False,-1,-1,0,0,0,-1
2026-06-29 13:16:30.156,46.60102,False,16.44714,1.338426,-4.564808,0,0,0,1,0,0,-1,False,-1,-1,0,0,0,-1
2026-06-29 13:16:30.189,46.6344,False,16.44714,1.338426,-4.564808,0,0,0,1,0,0,-1,False,-1,-1,0,0,0,-1
2026-06-29 13:16:30.234,46.67862,False,16.44714,1.338426,-4.564808,0,0,0,1,0,0,-1,False,-1,-1,0,0,0,-1
2026-06-29 13:16:30.278,46.72282,False,16.44714,1.338426,-4.564808,0,0,0,1,0,0,-1,False,-1,-1,0,0,0,-1
2026-06-29 13:16:30.312,46.75632,False,16.44714,1.338426,-4.564808,0,0,0,1,0,0,-1,False,-1,-1,0,0,0,-1
2026-06-29 13:16:30.356,46.80088,False,16.44714,1.338426,-4.564808,0,0,0,1,0,0,-1,False,-1,-1,0,0,0,-1
2026-06-29 13:16:30.401,46.84522,False,16.44714,1.338426,-4.564808,0,0,0,1,0,0,-1,False,-1,-1,0,0,0,-1
2026-06-29 13:16:30.434,46.87867,False,16.44714,1.338426,-4.564808,0,0,0,1,0,0,-1,False,-1,-1,0,0,0,-1
2026-06-29 13:16:30.479,46.9231,False,16.44714,1.338426,-4.564808,0,0,0,1,0,0,-1,False,-1,-1,0,0,0,-1
2026-06-29 13:16:30.523,46.96749,False,16.44714,1.338426,-4.564808,0,0,0,1,0,0,-1,False,-1,-1,0,0,0,-1
2026-06-29 13:16:30.566,47.01176,False,16.44714,1.338426,-4.564808,0,0,0,1,0,0,-1,False,-1,-1,0,0,0,-1
2026-06-29 13:16:30.600,47.04513,False,16.44714,1.338426,-4.564808,0,0,0,1,0,0,-1,False,-1,-1,0,0,0,-1
2026-06-29 13:16:30.634,47.07854,False,16.44714,1.338426,-4.564808,0,0,0,1,0,0,-1,False,-1,-1,0,0,0,-1
2026-06-29 13:16:30.679,47.12276,False,16.44714,1.338426,-4.564808,0,0,0,1,0,0,-1,False,-1,-1,0,0,0,-1
2026-06-29 13:16:30.711,47.15615,False,16.44714,1.338426,-4.564808,0,0,0,1,0,0,-1,False,-1,-1,0,0,0,-1
2026-06-29 13:16:30.757,47.20071,False,16.44714,1.338426,-4.564808,0,0,0,1,0,0,-1,False,-1,-1,0,0,0,-1
2026-06-29 13:16:30.789,47.23411,False,16.44714,1.338426,-4.564808,0,0,0,1,0,0,-1,False,-1,-1,0,0,0,-1
2026-06-29 13:16:30.823,47.26747,False,16.44714,1.338426,-4.564808,0,0,0,1,0,0,-1,False,-1,-1,0,0,0,-1
2026-06-29 13:16:30.866,47.3116,False,16.44714,1.338426,-4.564808,0,0,0,1,0,0,-1,False,-1,-1,0,0,0,-1
2026-06-29 13:16:30.900,47.34504,False,16.44714,1.338426,-4.564808,0,0,0,1,0,0,-1,False,-1,-1,0,0,0,-1
2026-06-29 13:16:30.945,47.38921,False,16.44714,1.338426,-4.564808,0,0,0,1,0,0,-1,False,-1,-1,0,0,0,-1
2026-06-29 13:16:30.978,47.42254,False,16.44714,1.338426,-4.564808,0,0,0,1,0,0,-1,False,-1,-1,0,0,0,-1
2026-06-29 13:16:31.011,47.45603,False,16.44714,1.338426,-4.564808,0,0,0,1,0,0,-1,False,-1,-1,0,0,0,-1
2026-06-29 13:16:31.056,47.50032,False,16.44714,1.338426,-4.564808,0,0,0,1,0,0,-1,False,-1,-1,0,0,0,-1
2026-06-29 13:16:31.100,47.54496,False,16.44714,1.338426,-4.564808,0,0,0,1,0,0,-1,False,-1,-1,0,0,0,-1
2026-06-29 13:16:31.133,47.57831,False,16.44714,1.338426,-4.564808,0,0,0,1,0,0,-1,False,-1,-1,0,0,0,-1
2026-06-29 13:16:31.167,47.61193,False,16.44714,1.338426,-4.564808,0,0,0,1,0,0,-1,False,-1,-1,0,0,0,-1
2026-06-29 13:16:31.201,47.64529,False,16.44714,1.338426,-4.564808,0,0,0,1,0,0,-1,False,-1,-1,0,0,0,-1
2026-06-29 13:16:31.244,47.68904,False,16.44714,1.338426,-4.564808,0,0,0,1,0,0,-1,False,-1,-1,0,0,0,-1
2026-06-29 13:16:31.289,47.73331,False,16.44714,1.338426,-4.564808,0,0,0,1,0,0,-1,False,-1,-1,0,0,0,-1
2026-06-29 13:16:31.322,47.76667,False,16.44714,1.338426,-4.564808,0,0,0,1,0,0,-1,False,-1,-1,0,0,0,-1
2026-06-29 13:16:31.367,47.81157,False,16.44714,1.338426,-4.564808,0,0,0,1,0,0,-1,False,-1,-1,0,0,0,-1
2026-06-29 13:16:31.401,47.84513,False,16.44714,1.338426,-4.564808,0,0,0,1,0,0,-1,False,-1,-1,0,0,0,-1
2026-06-29 13:16:31.443,47.88843,False,16.44714,1.338426,-4.564808,0,0,0,1,0,0,-1,False,-1,-1,0,0,0,-1
2026-06-29 13:16:31.477,47.92196,False,16.44714,1.338426,-4.564808,0,0,0,1,0,0,-1,False,-1,-1,0,0,0,-1
2026-06-29 13:16:31.510,47.9554,False,16.44714,1.338426,-4.564808,0,0,0,1,0,0,-1,False,-1,-1,0,0,0,-1
2026-06-29 13:16:31.554,47.99965,False,16.44714,1.338426,-4.564808,0,0,0,1,0,0,-1,False,-1,-1,0,0,0,-1
2026-06-29 13:16:31.588,48.03304,False,16.44714,1.338426,-4.564808,0,0,0,1,0,0,-1,False,-1,-1,0,0,0,-1
2026-06-29 13:16:31.622,48.06671,False,16.44714,1.338426,-4.564808,0,0,0,1,0,0,-1,False,-1,-1,0,0,0,-1
2026-06-29 13:16:31.667,48.11161,False,16.44714,1.338426,-4.564808,0,0,0,1,0,0,-1,False,-1,-1,0,0,0,-1
2026-06-29 13:16:31.710,48.15489,False,16.44714,1.338426,-4.564808,0,0,0,1,0,0,-1,False,-1,-1,0,0,0,-1
2026-06-29 13:16:31.743,48.18822,False,16.44714,1.338426,-4.564808,0,0,0,1,0,0,-1,False,-1,-1,0,0,0,-1
2026-06-29 13:16:31.776,48.22161,False,16.44714,1.338426,-4.564808,0,0,0,1,0,0,-1,False,-1,-1,0,0,0,-1
2026-06-29 13:16:31.810,48.255,False,16.44714,1.338426,-4.564808,0,0,0,1,0,0,-1,False,-1,-1,0,0,0,-1
2026-06-29 13:16:31.854,48.29964,False,16.44714,1.338426,-4.564808,0,0,0,1,0,0,-1,False,-1,-1,0,0,0,-1
2026-06-29 13:16:31.900,48.34448,False,16.44714,1.338426,-4.564808,0,0,0,1,0,0,-1,False,-1,-1,0,0,0,-1
2026-06-29 13:16:31.933,48.37795,False,16.44714,1.338426,-4.564808,0,0,0,1,0,0,-1,False,-1,-1,0,0,0,-1
2026-06-29 13:16:31.977,48.42142,False,16.44714,1.338426,-4.564808,0,0,0,1,0,0,-1,False,-1,-1,0,0,0,-1
2026-06-29 13:16:32.010,48.4548,False,16.44714,1.338426,-4.564808,0,0,0,1,0,0,-1,False,-1,-1,0,0,0,-1
2026-06-29 13:16:32.044,48.48817,False,16.44714,1.338426,-4.564808,0,0,0,1,0,0,-1,False,-1,-1,0,0,0,-1
2026-06-29 13:16:32.088,48.53254,False,16.44714,1.338426,-4.564808,0,0,0,1,0,0,-1,False,-1,-1,0,0,0,-1
2026-06-29 13:16:32.122,48.56595,False,16.44714,1.338426,-4.564808,0,0,0,1,0,0,-1,False,-1,-1,0,0,0,-1
2026-06-29 13:16:32.167,48.61113,False,16.44714,1.338426,-4.564808,0,0,0,1,0,0,-1,False,-1,-1,0,0,0,-1
2026-06-29 13:16:32.200,48.64459,False,16.44714,1.338426,-4.564808,0,0,0,1,0,0,-1,False,-1,-1,0,0,0,-1
2026-06-29 13:16:32.234,48.67807,False,16.44714,1.338426,-4.564808,0,0,0,1,0,0,-1,False,-1,-1,0,0,0,-1
2026-06-29 13:16:32.278,48.7215,False,16.44714,1.338426,-4.564808,0,0,0,1,0,0,-1,False,-1,-1,0,0,0,-1
2026-06-29 13:16:32.321,48.76563,False,16.44714,1.338426,-4.564808,0,0,0,1,0,0,-1,False,-1,-1,0,0,0,-1
2026-06-29 13:16:32.355,48.79924,False,16.44714,1.338426,-4.564808,0,0,0,1,0,0,-1,False,-1,-1,0,0,0,-1
2026-06-29 13:16:32.400,48.84431,False,16.44714,1.338426,-4.564808,0,0,0,1,0,0,-1,False,-1,-1,0,0,0,-1
2026-06-29 13:16:32.444,48.88782,False,16.44714,1.338426,-4.564808,0,0,0,1,0,0,-1,False,-1,-1,0,0,0,-1
2026-06-29 13:16:32.476,48.92128,False,16.44714,1.338426,-4.564808,0,0,0,1,0,0,-1,False,-1,-1,0,0,0,-1
2026-06-29 13:16:32.518,48.95464,False,16.44714,1.338426,-4.564808,0,0,0,1,0,0,-1,False,-1,-1,0,0,0,-1
2026-06-29 13:16:32.554,48.99882,False,16.44714,1.338426,-4.564808,0,0,0,1,0,0,-1,False,-1,-1,0,0,0,-1
2026-06-29 13:16:32.587,49.03239,False,16.44714,1.338426,-4.564808,0,0,0,1,0,0,-1,False,-1,-1,0,0,0,-1
2026-06-29 13:16:32.632,49.07742,False,16.44714,1.338426,-4.564808,0,0,0,1,0,0,-1,False,-1,-1,0,0,0,-1
2026-06-29 13:16:32.676,49.12096,False,16.44714,1.338426,-4.564808,0,0,0,1,0,0,-1,False,-1,-1,0,0,0,-1
2026-06-29 13:16:32.721,49.16539,False,16.44714,1.338426,-4.564808,0,0,0,1,0,0,-1,False,-1,-1,0,0,0,-1
2026-06-29 13:16:32.766,49.21056,False,16.44714,1.338426,-4.564808,0,0,0,1,0,0,-1,False,-1,-1,0,0,0,-1
2026-06-29 13:16:32.809,49.25418,False,16.44714,1.338426,-4.564808,0,0,0,1,0,0,-1,False,-1,-1,0,0,0,-1
2026-06-29 13:16:32.854,49.29862,False,16.44714,1.338426,-4.564808,0,0,0,1,0,0,-1,False,-1,-1,0,0,0,-1
2026-06-29 13:16:32.887,49.33203,False,16.44714,1.338426,-4.564808,0,0,0,1,0,0,-1,False,-1,-1,0,0,0,-1
2026-06-29 13:16:32.932,49.37717,False,16.44714,1.338426,-4.564808,0,0,0,1,0,0,-1,False,-1,-1,0,0,0,-1
2026-06-29 13:16:32.976,49.42088,False,16.44714,1.338426,-4.564808,0,0,0,1,0,0,-1,False,-1,-1,0,0,0,-1
2026-06-29 13:16:33.010,49.45441,False,16.44714,1.338426,-4.564808,0,0,0,1,0,0,-1,False,-1,-1,0,0,0,-1
2026-06-29 13:16:33.054,49.49866,False,16.44714,1.338426,-4.564808,0,0,0,1,0,0,-1,False,-1,-1,0,0,0,-1
2026-06-29 13:16:33.099,49.54393,False,16.44714,1.338426,-4.564808,0,0,0,1,0,0,-1,False,-1,-1,0,0,0,-1
2026-06-29 13:16:33.132,49.57727,False,16.44714,1.338426,-4.564808,0,0,0,1,0,0,-1,False,-1,-1,0,0,0,-1
2026-06-29 13:16:33.166,49.61085,False,16.44714,1.338426,-4.564808,0,0,0,1,0,0,-1,False,-1,-1,0,0,0,-1
2026-06-29 13:16:33.209,49.65449,False,16.44714,1.338426,-4.564808,0,0,0,1,0,0,-1,False,-1,-1,0,0,0,-1
2026-06-29 13:16:33.254,49.69872,False,16.44714,1.338426,-4.564808,0,0,0,1,0,0,-1,False,-1,-1,0,0,0,-1
2026-06-29 13:16:33.288,49.73221,False,16.44714,1.338426,-4.564808,0,0,0,1,0,0,-1,False,-1,-1,0,0,0,-1
2026-06-29 13:16:33.333,49.77726,False,16.44714,1.338426,-4.564808,0,0,0,1,0,0,-1,False,-1,-1,0,0,0,-1
2026-06-29 13:16:33.366,49.81066,False,16.44714,1.338426,-4.564808,0,0,0,1,0,0,-1,False,-1,-1,0,0,0,-1
2026-06-29 13:16:33.409,49.85434,False,16.44714,1.338426,-4.564808,0,0,0,1,0,0,-1,False,-1,-1,0,0,0,-1
2026-06-29 13:16:33.454,49.89853,False,16.44714,1.338426,-4.564808,0,0,0,1,0,0,-1,False,-1,-1,0,0,0,-1
2026-06-29 13:16:33.487,49.9321,False,16.44714,1.338426,-4.564808,0,0,0,1,0,0,-1,False,-1,-1,0,0,0,-1
2026-06-29 13:16:33.532,49.97721,False,16.44714,1.338426,-4.564808,0,0,0,1,0,0,-1,False,-1,-1,0,0,0,-1
2026-06-29 13:16:33.566,50.01068,False,16.44714,1.338426,-4.564808,0,0,0,1,0,0,-1,False,-1,-1,0,0,0,-1
2026-06-29 13:16:33.609,50.0539,False,16.44714,1.338426,-4.564808,0,0,0,1,0,0,-1,False,-1,-1,0,0,0,-1
2026-06-29 13:16:33.643,50.08727,False,16.44714,1.338426,-4.564808,0,0,0,1,0,0,-1,False,-1,-1,0,0,0,-1
2026-06-29 13:16:33.676,50.12069,False,16.44714,1.338426,-4.564808,0,0,0,1,0,0,-1,False,-1,-1,0,0,0,-1
2026-06-29 13:16:33.721,50.16506,False,16.44714,1.338426,-4.564808,0,0,0,1,0,0,-1,False,-1,-1,0,0,0,-1
2026-06-29 13:16:33.765,50.2094,False,16.44714,1.338426,-4.564808,0,0,0,1,0,0,-1,False,-1,-1,0,0,0,-1
2026-06-29 13:16:33.797,50.24287,False,16.44714,1.338426,-4.564808,0,0,0,1,0,0,-1,False,-1,-1,0,0,0,-1
2026-06-29 13:16:33.831,50.27628,False,16.44714,1.338426,-4.564808,0,0,0,1,0,0,-1,False,-1,-1,0,0,0,-1
2026-06-29 13:16:33.866,50.30988,False,16.44714,1.338426,-4.564808,0,0,0,1,0,0,-1,False,-1,-1,0,0,0,-1
2026-06-29 13:16:33.913,50.35376,False,16.44714,1.338426,-4.564808,0,0,0,1,0,0,-1,False,-1,-1,0,0,0,-1
2026-06-29 13:16:33.943,50.38724,False,16.44714,1.338426,-4.564808,0,0,0,1,0,0,-1,False,-1,-1,0,0,0,-1
2026-06-29 13:16:33.987,50.4318,False,16.44714,1.338426,-4.564808,0,0,0,1,0,0,-1,False,-1,-1,0,0,0,-1
2026-06-29 13:16:34.032,50.47719,False,16.44714,1.338426,-4.564808,0,0,0,1,0,0,-1,False,-1,-1,0,0,0,-1
2026-06-29 13:16:34.076,50.52061,False,16.44714,1.338426,-4.564808,0,0,0,1,0,0,-1,False,-1,-1,0,0,0,-1
2026-06-29 13:16:34.120,50.56503,False,16.44714,1.338426,-4.564808,0,0,0,1,0,0,-1,False,-1,-1,0,0,0,-1
2026-06-29 13:16:34.165,50.60949,False,16.44714,1.338426,-4.564808,0,0,0,1,0,0,-1,False,-1,-1,0,0,0,-1
2026-06-29 13:16:34.199,50.64297,False,16.44714,1.338426,-4.564808,0,0,0,1,0,0,-1,False,-1,-1,0,0,0,-1
2026-06-29 13:16:34.243,50.68709,False,16.44714,1.338426,-4.564808,0,0,0,1,0,0,-1,False,-1,-1,0,0,0,-1
2026-06-29 13:16:34.276,50.72058,False,16.44714,1.338426,-4.564808,0,0,0,1,0,0,-1,False,-1,-1,0,0,0,-1
2026-06-29 13:16:34.321,50.76508,False,16.44714,1.338426,-4.564808,0,0,0,1,0,0,-1,False,-1,-1,0,0,0,-1
2026-06-29 13:16:34.365,50.8093,False,16.44714,1.338426,-4.564808,0,0,0,1,0,0,-1,False,-1,-1,0,0,0,-1
2026-06-29 13:16:34.399,50.8432,False,16.44714,1.338426,-4.564808,0,0,0,1,0,0,-1,False,-1,-1,0,0,0,-1
2026-06-29 13:16:34.443,50.88717,False,16.44714,1.338426,-4.564808,0,0,0,1,0,0,-1,False,-1,-1,0,0,0,-1
2026-06-29 13:16:34.487,50.93167,False,16.44714,1.338426,-4.564808,0,0,0,1,0,0,-1,False,-1,-1,0,0,0,-1
2026-06-29 13:16:34.532,50.97623,False,16.44714,1.338426,-4.564808,0,0,0,1,0,0,-1,False,-1,-1,0,0,0,-1
2026-06-29 13:16:34.576,51.02051,False,16.44714,1.338426,-4.564808,0,0,0,1,0,0,-1,False,-1,-1,0,0,0,-1
2026-06-29 13:16:34.620,51.06496,False,16.44714,1.338426,-4.564808,0,0,0,1,0,0,-1,False,-1,-1,0,0,0,-1
2026-06-29 13:16:34.664,51.10944,False,16.44714,1.338426,-4.564808,0,0,0,1,0,0,-1,False,-1,-1,0,0,0,-1
2026-06-29 13:16:34.698,51.14284,False,16.44714,1.338426,-4.564808,0,0,0,1,0,0,-1,False,-1,-1,0,0,0,-1
2026-06-29 13:16:34.731,51.17655,False,16.44714,1.338426,-4.564808,0,0,0,1,0,0,-1,False,-1,-1,0,0,0,-1
2026-06-29 13:16:34.776,51.22029,False,16.44714,1.338426,-4.564808,0,0,0,1,0,0,-1,False,-1,-1,0,0,0,-1
2026-06-29 13:16:34.820,51.26466,False,16.44714,1.338426,-4.564808,0,0,0,1,0,0,-1,False,-1,-1,0,0,0,-1
2026-06-29 13:16:34.853,51.29817,False,16.44714,1.338426,-4.564808,0,0,0,1,0,0,-1,False,-1,-1,0,0,0,-1
2026-06-29 13:16:34.899,51.34313,False,16.44714,1.338426,-4.564808,0,0,0,1,0,0,-1,False,-1,-1,0,0,0,-1
2026-06-29 13:16:34.942,51.38689,False,16.44714,1.338426,-4.564808,0,0,0,1,0,0,-1,False,-1,-1,0,0,0,-1
2026-06-29 13:16:34.976,51.42032,False,16.44714,1.338426,-4.564808,0,0,0,1,0,0,-1,False,-1,-1,0,0,0,-1
2026-06-29 13:16:35.009,51.45378,False,16.44714,1.338426,-4.564808,0,0,0,1,0,0,-1,False,-1,-1,0,0,0,-1
2026-06-29 13:16:35.042,51.48719,False,16.44714,1.338426,-4.564808,0,0,0,1,0,0,-1,False,-1,-1,0,0,0,-1
2026-06-29 13:16:35.087,51.53128,False,16.44714,1.338426,-4.564808,0,0,0,1,0,0,-1,False,-1,-1,0,0,0,-1
2026-06-29 13:16:35.132,51.57632,False,19.17009,0.7827112,-9.143639,0,0,0,1,0,0,-1,False,-1,-1,0,0,0,-1
2026-06-29 13:16:35.176,51.62026,False,19.16543,0.7839529,-9.144473,0,0,0,1,0,0,-1,False,-1,-1,0,0,0,-1
2026-06-29 13:16:35.221,51.66472,False,19.16547,0.7858167,-9.158457,0,0,0,1,0,0,-1,False,-1,-1,0,0,0,-1
2026-06-29 13:16:35.254,51.69851,False,19.16739,0.7876502,-9.166083,0,0,0,1,0,0,-1,False,-1,-1,0,0,0,-1
2026-06-29 13:16:35.299,51.74311,False,19.17108,0.7909474,-9.176674,0,0,0,1,0,0,-1,False,-1,-1,0,0,0,-1
2026-06-29 13:16:35.343,51.78667,False,19.17146,0.7916375,-9.179195,0,0,0,1,0,0,-1,False,-1,-1,0,0,0,-1
2026-06-29 13:16:35.375,51.82018,False,19.17152,0.7919659,-9.181986,0,0,0,1,0,0,-1,False,-1,-1,0,0,0,-1
2026-06-29 13:16:35.420,51.86458,False,19.16986,0.7915039,-9.181388,0,0,0,1,0,0,-1,False,-1,-1,0,0,0,-1
2026-06-29 13:16:35.465,51.90976,False,19.1677,0.7904627,-9.181471,0,0,0,1,0,0,-1,False,-1,-1,0,0,0,-1
2026-06-29 13:16:35.509,51.95353,False,19.1655,0.789764,-9.182858,0,0,0,1,0,0,-1,False,-1,-1,0,0,0,-1
2026-06-29 13:16:35.554,51.99801,False,19.16317,0.7888494,-9.18038,0,0,0,1,0,0,-1,False,-1,-1,0,0,0,-1
2026-06-29 13:16:35.599,52.04312,False,19.16136,0.7877998,-9.178907,0,0,0,1,0,0,-1,False,-1,-1,0,0,0,-1
2026-06-29 13:16:35.642,52.08703,False,19.1605,0.7871792,-9.180921,0,0,0,1,0,0,-1,False,-1,-1,0,0,0,-1
2026-06-29 13:16:35.675,52.12037,False,19.15967,0.7864694,-9.179314,0,0,0,1,0,0,-1,False,-1,-1,0,0,0,-1
2026-06-29 13:16:35.721,52.16456,False,19.15879,0.7847672,-9.177401,0,0,0,1,0,0,-1,False,-1,-1,0,0,0,-1
2026-06-29 13:16:35.765,52.20864,False,19.15785,0.7836946,-9.175764,0,0,0,1,0,0,-1,False,-1,-1,0,0,0,-1
2026-06-29 13:16:35.798,52.2421,False,19.1569,0.7824629,-9.171883,0,0,0,1,0,0,-1,False,-1,-1,0,0,0,-1
2026-06-29 13:16:35.831,52.27547,False,19.15142,0.7777901,-9.153572,0,0,0,1,0,0,-1,False,-1,-1,0,0,0,-1
2026-06-29 13:16:35.864,52.30885,False,19.15041,0.7771355,-9.151964,0,0,0,1,0,0,-1,False,-1,-1,0,0,0,-1
2026-06-29 13:16:35.898,52.34267,False,19.14996,0.7773695,-9.15252,0,0,0,1,0,0,-1,False,-1,-1,0,0,0,-1
2026-06-29 13:16:35.943,52.38695,False,19.1503,0.7774276,-9.153496,0,0,0,1,0,0,-1,False,-1,-1,0,0,0,-1
2026-06-29 13:16:35.986,52.43087,False,19.14993,0.7775846,-9.154291,0,0,0,1,0,0,-1,False,-1,-1,0,0,0,-1
2026-06-29 13:16:36.020,52.46421,False,19.14999,0.7776804,-9.154607,0,0,0,1,0,0,-1,False,-1,-1,0,0,0,-1
2026-06-29 13:16:36.053,52.49763,False,19.15001,0.7780505,-9.155155,0,0,0,1,0,0,-1,False,-1,-1,0,0,0,-1
2026-06-29 13:16:36.099,52.54296,False,19.15009,0.7782369,-9.155403,0,0,0,1,0,0,-1,False,-1,-1,0,0,0,-1
2026-06-29 13:16:36.142,52.58657,False,19.15044,0.7777956,-9.15563,0,0,0,1,0,0,-1,False,-1,-1,0,0,0,-1
2026-06-29 13:16:36.176,52.62,False,19.14984,0.7773683,-9.155668,0,0,0,1,0,0,-1,False,-1,-1,0,0,0,-1
2026-06-29 13:16:36.219,52.66431,False,19.14935,0.7775223,-9.156108,0,0,0,1,0,0,-1,False,-1,-1,0,0,0,-1
2026-06-29 13:16:36.253,52.69768,False,19.14981,0.7781072,-9.156733,0,0,0,1,0,0,-1,False,-1,-1,0,0,0,-1
2026-06-29 13:16:36.287,52.73105,False,19.15049,0.7786638,-9.157739,0,0,0,1,0,0,-1,False,-1,-1,0,0,0,-1
2026-06-29 13:16:36.331,52.77554,False,19.15046,0.7791511,-9.159418,0,0,0,1,0,0,-1,False,-1,-1,0,0,0,-1
2026-06-29 13:16:36.365,52.80908,False,19.14987,0.7791857,-9.160119,0,0,0,1,0,0,-1,False,-1,-1,0,0,0,-1
2026-06-29 13:16:36.409,52.85336,False,19.14971,0.7784815,-9.160482,0,0,0,1,0,0,-1,False,-1,-1,0,0,0,-1
2026-06-29 13:16:36.453,52.89751,False,19.14909,0.7778739,-9.159971,0,0,0,1,0,0,-1,False,-1,-1,0,0,0,-1
2026-06-29 13:16:36.487,52.93098,False,19.14874,0.7775092,-9.159946,0,0,0,1,0,0,-1,False,-1,-1,0,0,0,-1
2026-06-29 13:16:36.530,52.97506,False,19.14896,0.7774403,-9.159771,0,0,0,1,0,0,-1,False,-1,-1,0,0,0,-1
2026-06-29 13:16:36.576,53.0197,False,19.14942,0.7770979,-9.159822,0,0,0,1,0,0,-1,False,-1,-1,0,0,0,-1
2026-06-29 13:16:36.619,53.0639,False,19.14966,0.7764748,-9.158377,0,0,0,1,0,0,-1,False,-1,-1,0,0,0,-1
2026-06-29 13:16:36.653,53.09727,False,19.14925,0.7756317,-9.157847,0,0,0,1,0,0,-1,False,-1,-1,0,0,0,-1
2026-06-29 13:16:36.697,53.14161,False,19.14841,0.7743758,-9.157323,0,0,0,1,0,0,-1,False,-1,-1,0,0,0,-1
2026-06-29 13:16:36.731,53.175,False,19.14822,0.7740681,-9.157187,0,0,0,1,0,0,-1,False,-1,-1,0,0,0,-1
2026-06-29 13:16:36.764,53.20837,False,19.14852,0.7743434,-9.157494,0,0,0,1,0,0,-1,False,-1,-1,0,0,0,-1
2026-06-29 13:16:36.799,53.24273,False,19.14893,0.7745859,-9.158443,0,0,0,1,0,0,-1,False,-1,-1,0,0,0,-1
2026-06-29 13:16:36.842,53.28605,False,19.14919,0.7753294,-9.159908,0,0,0,1,0,0,-1,False,-1,-1,0,0,0,-1
2026-06-29 13:16:36.887,53.3306,False,19.14877,0.7754195,-9.160632,0,0,0,1,0,0,-1,False,-1,-1,0,0,0,-1
2026-06-29 13:16:36.919,53.36407,False,19.14807,0.7753409,-9.161347,0,0,0,1,0,0,-1,False,-1,-1,0,0,0,-1
2026-06-29 13:16:36.953,53.39759,False,19.14766,0.7751539,-9.1607,0,0,0,1,0,0,-1,False,-1,-1,0,0,0,-1
2026-06-29 13:16:36.987,53.43101,False,19.10206,0.7816961,-9.190681,0,0,0,1,0,0,-1,False,-1,-1,0,0,0,-1
2026-06-29 13:16:37.030,53.4749,False,19.10212,0.7821471,-9.190395,0,0,0,1,0,0,-1,False,-1,-1,0,0,0,-1
2026-06-29 13:16:37.064,53.5083,False,19.10197,0.7820997,-9.190667,0,0,0,1,0,0,-1,False,-1,-1,0,0,0,-1
2026-06-29 13:16:37.098,53.54166,False,19.10123,0.7819894,-9.191062,0,0,0,1,0,0,-1,False,-1,-1,0,0,0,-1
2026-06-29 13:16:37.131,53.57503,False,19.10004,0.781006,-9.191177,0,0,0,1,0,0,-1,False,-1,-1,0,0,0,-1
2026-06-29 13:16:37.164,53.60836,False,19.09863,0.7798868,-9.190201,0,0,0,1,0,0,-1,False,-1,-1,0,0,0,-1
2026-06-29 13:16:37.197,53.6417,False,19.09765,0.7787197,-9.189363,0,0,0,1,0,0,-1,False,-1,-1,0,0,0,-1
2026-06-29 13:16:37.241,53.68588,False,19.09601,0.7781819,-9.188032,0,0,0,1,0,0,-1,False,-1,-1,0,0,0,-1
2026-06-29 13:16:37.274,53.71935,False,19.09373,0.7777289,-9.188147,0,0,0,1,0,0,-1,False,-1,-1,0,0,0,-1
2026-06-29 13:16:37.308,53.7527,False,19.0906,0.777226,-9.187813,0,0,0,1,0,0,-1,False,-1,-1,0,0,0,-1
2026-06-29 13:16:37.353,53.79733,False,19.08784,0.7771749,-9.187212,0,0,0,1,0,0,-1,False,-1,-1,0,0,0,-1
2026-06-29 13:16:37.397,53.84172,False,19.08587,0.7767367,-9.186434,0,0,0,1,0,0,-1,False,-1,-1,0,0,0,-1
2026-06-29 13:16:37.432,53.87578,False,19.08532,0.7770388,-9.18602,0,0,0,1,0,0,-1,False,-1,-1,0,0,0,-1
2026-06-29 13:16:37.475,53.91937,False,19.08675,0.7774692,-9.186953,0,0,0,1,0,0,-1,False,-1,-1,0,0,0,-1
2026-06-29 13:16:37.519,53.96378,False,19.08823,0.7791786,-9.188731,0,0,0,1,0,0,-1,False,-1,-1,0,0,0,-1
2026-06-29 13:16:37.564,54.00798,False,19.0904,0.7806869,-9.190752,0,0,0,1,0,0,-1,False,-1,-1,0,0,0,-1
2026-06-29 13:16:37.597,54.04145,False,19.09229,0.7815296,-9.191732,0,0,0,1,0,0,-1,False,-1,-1,0,0,0,-1
2026-06-29 13:16:37.642,54.08587,False,19.09541,0.7825831,-9.191788,0,0,0,1,0,0,-1,False,-1,-1,0,0,0,-1
2026-06-29 13:16:37.686,54.1305,False,19.09797,0.783354,-9.192251,0,0,0,1,0,0,-1,False,-1,-1,0,0,0,-1
2026-06-29 13:16:37.731,54.17546,False,19.09883,0.7838014,-9.193354,0,0,0,1,0,0,-1,False,-1,-1,0,0,0,-1
2026-06-29 13:16:37.774,54.21918,False,19.10125,0.78467,-9.194323,0,0,0,1,0,0,-1,False,-1,-1,0,0,0,-1
2026-06-29 13:16:37.808,54.25255,False,19.10225,0.7851766,-9.19507,0,0,0,1,0,0,-1,False,-1,-1,0,0,0,-1
2026-06-29 13:16:37.841,54.28599,False,19.10305,0.7855548,-9.196203,0,0,0,1,0,0,-1,False,-1,-1,0,0,0,-1
2026-06-29 13:16:37.887,54.3305,False,19.10344,0.786102,-9.197825,0,0,0,1,0,0,-1,False,-1,-1,0,0,0,-1
2026-06-29 13:16:37.930,54.37487,False,19.10352,0.7862322,-9.198376,0,0,0,1,0,0,-1,False,-1,-1,0,0,0,-1
2026-06-29 13:16:37.975,54.41948,False,19.10313,0.786119,-9.197847,0,0,0,1,0,0,-1,False,-1,-1,0,0,0,-1
2026-06-29 13:16:38.019,54.46364,False,19.10292,0.7857652,-9.197165,0,0,0,1,0,0,-1,False,-1,-1,0,0,0,-1
2026-06-29 13:16:38.064,54.50806,False,19.1033,0.785733,-9.1964,0,0,0,1,0,0,-1,False,-1,-1,0,0,0,-1
2026-06-29 13:16:38.097,54.54142,False,19.1036,0.7856705,-9.196503,0,0,0,1,0,0,-1,False,-1,-1,0,0,0,-1
2026-06-29 13:16:38.130,54.5748,False,19.10365,0.7859891,-9.196634,0,0,0,1,0,0,-1,False,-1,-1,0,0,0,-1
2026-06-29 13:16:38.175,54.61907,False,19.10405,0.7864009,-9.197127,0,0,0,1,0,0,-1,False,-1,-1,0,0,0,-1
2026-06-29 13:16:38.208,54.65271,False,19.10451,0.7867314,-9.197742,0,0,0,1,0,0,-1,False,-1,-1,0,0,0,-1
2026-06-29 13:16:38.252,54.69693,False,19.10476,0.7872671,-9.198578,0,0,0,1,0,0,-1,False,-1,-1,0,0,0,-1
2026-06-29 13:16:38.297,54.74113,False,19.10497,0.7877074,-9.199134,0,0,0,1,0,0,-1,False,-1,-1,0,0,0,-1
2026-06-29 13:16:38.331,54.77482,False,19.10529,0.7875432,-9.19925,0,0,0,1,0,0,-1,False,-1,-1,0,0,0,-1
2026-06-29 13:16:38.374,54.81922,False,19.1054,0.7876495,-9.199224,0,0,0,1,0,0,-1,False,-1,-1,0,0,0,-1
2026-06-29 13:16:38.419,54.86356,False,19.1051,0.7877294,-9.199251,0,0,0,1,0,0,-1,False,-1,-1,0,0,0,-1
2026-06-29 13:16:38.464,54.90826,False,19.10512,0.7878755,-9.19882,0,0,0,1,0,0,-1,False,-1,-1,0,0,0,-1
2026-06-29 13:16:38.508,54.95227,False,19.10517,0.787892,-9.19832,0,0,0,1,0,0,-1,False,-1,-1,0,0,0,-1
2026-06-29 13:16:38.552,54.99665,False,19.10512,0.7881495,-9.197878,0,0,0,1,0,0,-1,False,-1,-1,0,0,0,-1
2026-06-29 13:16:38.585,55.03006,False,19.10514,0.7881277,-9.197902,0,0,0,1,0,0,-1,False,-1,-1,0,0,0,-1
2026-06-29 13:16:38.630,55.07453,False,19.1052,0.788233,-9.19825,0,0,0,1,0,0,-1,False,-1,-1,0,0,0,-1
2026-06-29 13:16:38.674,55.11885,False,19.10522,0.7883062,-9.198294,0,0,0,1,0,0,-1,False,-1,-1,0,0,0,-1
2026-06-29 13:16:38.708,55.15234,False,19.10521,0.7881936,-9.198427,0,0,0,1,0,0,-1,False,-1,-1,0,0,0,-1
2026-06-29 13:16:38.752,55.1967,False,19.10514,0.788011,-9.197948,0,0,0,1,0,0,-1,False,-1,-1,0,0,0,-1
2026-06-29 13:16:38.785,55.23016,False,19.10517,0.7879906,-9.197348,0,0,0,1,0,0,-1,False,-1,-1,0,0,0,-1
2026-06-29 13:16:38.830,55.27428,False,19.10451,0.7878595,-9.196611,0,0,0,1,0,0,-1,False,-1,-1,0,0,0,-1
2026-06-29 13:16:38.864,55.30774,False,19.10323,0.787464,-9.195438,0,0,0,1,0,0,-1,False,-1,-1,0,0,0,-1
2026-06-29 13:16:38.897,55.34119,False,19.10203,0.7873763,-9.193045,0,0,0,1,0,0,-1,False,-1,-1,0,0,0,-1
2026-06-29 13:16:38.941,55.38559,False,19.1014,0.7876576,-9.18984,0,0,0,1,0,0,-1,False,-1,-1,0,0,0,-1
2026-06-29 13:16:38.974,55.41895,False,19.10157,0.7883781,-9.187002,0,0,0,1,0,0,-1,False,-1,-1,0,0,0,-1
2026-06-29 13:16:39.008,55.45235,False,19.10157,0.7903755,-9.183392,0,0,0,1,0,0,-1,False,-1,-1,0,0,0,-1
2026-06-29 13:16:39.052,55.49661,False,19.10191,0.7939645,-9.178477,0,0,0,1,0,0,-1,False,-1,-1,0,0,0,-1
2026-06-29 13:16:39.085,55.53008,False,19.10204,0.7966461,-9.174934,0,0,0,1,0,0,-1,False,-1,-1,0,0,0,-1
2026-06-29 13:16:39.130,55.57452,False,19.1013,0.7996562,-9.169909,0,0,0,1,0,0,-1,False,-1,-1,0,0,0,-1
2026-06-29 13:16:39.174,55.61888,False,19.10036,0.8016943,-9.164036,0,0,0,1,0,0,-1,False,-1,-1,0,0,0,-1
2026-06-29 13:16:39.219,55.66327,False,19.09961,0.8028244,-9.157735,0,0,0,1,0,0,-1,False,-1,-1,0,0,0,-1
2026-06-29 13:16:39.263,55.70771,False,19.09786,0.8042415,-9.151535,0,0,0,1,0,0,-1,False,-1,-1,0,0,0,-1
2026-06-29 13:16:39.296,55.74108,False,19.09586,0.8048573,-9.145811,0,0,0,1,0,0,-1,False,-1,-1,0,0,0,-1
2026-06-29 13:16:39.330,55.77459,False,19.09436,0.8059553,-9.139091,0,0,0,1,0,0,-1,False,-1,-1,0,0,0,-1
2026-06-29 13:16:39.375,55.8188,False,19.0928,0.807643,-9.129576,0,0,0,1,0,0,-1,False,-1,-1,0,0,0,-1
2026-06-29 13:16:39.419,55.86314,False,19.08992,0.8087869,-9.120506,0,0,0,1,0,0,-1,False,-1,-1,0,0,0,-1
2026-06-29 13:16:39.463,55.90749,False,19.08653,0.8088639,-9.112664,0,0,0,1,0,0,-1,False,-1,-1,0,0,0,-1
2026-06-29 13:16:39.496,55.94091,False,19.08391,0.8082347,-9.107021,0,0,0,1,0,0,-1,False,-1,-1,0,0,0,-1
2026-06-29 13:16:39.528,55.97432,False,19.08093,0.8071811,-9.101292,0,0,0,1,0,0,-1,False,-1,-1,0,0,0,-1
2026-06-29 13:16:39.573,56.01856,False,19.07676,0.8047007,-9.093384,0,0,0,1,0,0,-1,False,-1,-1,0,0,0,-1
2026-06-29 13:16:39.608,56.05242,False,19.07475,0.8041143,-9.08704,0,0,0,1,0,0,-1,False,-1,-1,0,0,0,-1
2026-06-29 13:16:39.652,56.0963,False,19.07226,0.8029495,-9.080492,0,0,0,1,0,0,-1,False,-1,-1,0,0,0,-1
2026-06-29 13:16:39.695,56.14074,False,19.06969,0.8023963,-9.075841,0,0,0,1,0,0,-1,False,-1,-1,0,0,0,-1
2026-06-29 13:16:39.729,56.17413,False,19.06805,0.8020476,-9.07286,0,0,0,1,0,0,-1,False,-1,-1,0,0,0,-1
2026-06-29 13:16:39.774,56.21835,False,19.06675,0.8015962,-9.069691,0,0,0,1,0,0,-1,False,-1,-1,0,0,0,-1
2026-06-29 13:16:39.807,56.25178,False,19.06603,0.8010789,-9.068417,0,0,0,1,0,0,-1,False,-1,-1,0,0,0,-1
2026-06-29 13:16:39.841,56.28522,False,19.06554,0.8007483,-9.067077,0,0,0,1,0,0,-1,False,-1,-1,0,0,0,-1
2026-06-29 13:16:39.885,56.32951,False,19.06542,0.8012431,-9.065199,0,0,0,1,0,0,-1,False,-1,-1,0,0,0,-1
2026-06-29 13:16:39.918,56.36297,False,19.06549,0.8013021,-9.063973,0,0,0,1,0,0,-1,False,-1,-1,0,0,0,-1
2026-06-29 13:16:39.962,56.40745,False,19.06524,0.8016669,-9.062119,0,0,0,1,0,0,-1,False,-1,-1,0,0,0,-1
2026-06-29 13:16:39.997,56.44078,False,19.06523,0.8015782,-9.061073,0,0,0,1,0,0,-1,False,-1,-1,0,0,0,-1
2026-06-29 13:16:40.041,56.48526,False,19.06448,0.8010727,-9.059893,0,0,0,1,0,0,-1,False,-1,-1,0,0,0,-1
2026-06-29 13:16:40.085,56.52967,False,19.06316,0.8004215,-9.058837,0,0,0,1,0,0,-1,False,-1,-1,0,0,0,-1
2026-06-29 13:16:40.129,56.57409,False,19.06171,0.8002167,-9.058536,0,0,0,1,0,0,-1,False,-1,-1,0,0,0,-1
2026-06-29 13:16:40.174,56.61843,False,19.06042,0.7997798,-9.057535,0,0,0,1,0,0,-1,False,-1,-1,0,0,0,-1
2026-06-29 13:16:40.218,56.6628,False,19.05913,0.7987534,-9.056813,0,0,0,1,0,0,-1,False,-1,-1,0,0,0,-1
2026-06-29 13:16:40.251,56.69617,False,19.05865,0.7973965,-9.057398,0,0,0,1,0,0,-1,False,-1,-1,0,0,0,-1
2026-06-29 13:16:40.285,56.7296,False,19.05793,0.7963235,-9.059261,0,0,0,1,0,0,-1,False,-1,-1,0,0,0,-1
2026-06-29 13:16:40.330,56.77404,False,19.05592,0.794992,-9.062578,0,0,0,1,0,0,-1,False,-1,-1,0,0,0,-1
2026-06-29 13:16:40.374,56.8183,False,19.05387,0.7924309,-9.065981,0,0,0,1,0,0,-1,False,-1,-1,0,0,0,-1
2026-06-29 13:16:40.418,56.86267,False,19.05155,0.7903622,-9.067979,0,0,0,1,0,0,-1,False,-1,-1,0,0,0,-1
2026-06-29 13:16:40.463,56.90707,False,19.05035,0.7895871,-9.068638,0,0,0,1,0,0,-1,False,-1,-1,0,0,0,-1
2026-06-29 13:16:40.496,56.94059,False,19.04932,0.7888729,-9.068403,0,0,0,1,0,0,-1,False,-1,-1,0,0,0,-1
2026-06-29 13:16:40.529,56.97398,False,19.0484,0.7880022,-9.06799,0,0,0,1,0,0,-1,False,-1,-1,0,0,0,-1
2026-06-29 13:16:40.574,57.01821,False,19.04749,0.7862694,-9.067898,0,0,0,1,0,0,-1,False,-1,-1,0,0,0,-1
2026-06-29 13:16:40.618,57.06235,False,19.04434,0.78403,-9.068779,0,0,0,1,0,0,-1,False,-1,-1,0,0,0,-1
2026-06-29 13:16:40.652,57.09579,False,19.04159,0.7821732,-9.068129,0,0,0,1,0,0,-1,False,-1,-1,0,0,0,-1
2026-06-29 13:16:40.684,57.12919,False,19.04123,0.7805334,-9.067997,0,0,0,1,0,0,-1,False,-1,-1,0,0,0,-1
2026-06-29 13:16:40.729,57.17344,False,19.04161,0.7821748,-9.069826,0,0,0,1,0,0,-1,False,-1,-1,0,0,0,-1
2026-06-29 13:16:40.763,57.20703,False,19.04142,0.7830639,-9.070784,0,0,0,1,0,0,-1,False,-1,-1,0,0,0,-1
2026-06-29 13:16:40.806,57.25123,False,19.0407,0.7822434,-9.070803,0,0,0,1,0,0,-1,False,-1,-1,0,0,0,-1
2026-06-29 13:16:40.841,57.28461,False,19.04086,0.7815891,-9.071735,0,0,0,1,0,0,-1,False,-1,-1,0,0,0,-1
2026-06-29 13:16:40.874,57.31809,False,19.04082,0.7807396,-9.073133,0,0,0,1,0,0,-1,False,-1,-1,0,0,0,-1
2026-06-29 13:16:40.918,57.3623,False,19.04104,0.7791882,-9.074343,0,0,0,1,0,0,-1,False,-1,-1,0,0,0,-1
2026-06-29 13:16:40.951,57.39569,False,19.04115,0.7780262,-9.074916,0,0,0,1,0,0,-1,False,-1,-1,0,0,0,-1
2026-06-29 13:16:40.996,57.44007,False,19.04098,0.7773055,-9.075618,0,0,0,1,0,0,-1,False,-1,-1,0,0,0,-1
2026-06-29 13:16:41.029,57.47354,False,19.04051,0.7771046,-9.075687,0,0,0,1,0,0,-1,False,-1,-1,0,0,0,-1
2026-06-29 13:16:41.063,57.50693,False,19.03994,0.7768824,-9.07563,0,0,0,1,0,0,-1,False,-1,-1,0,0,0,-1
2026-06-29 13:16:41.107,57.55134,False,19.03925,0.7770059,-9.07649,0,0,0,1,0,0,-1,False,-1,-1,0,0,0,-1
2026-06-29 13:16:41.140,57.58467,False,19.039,0.7771879,-9.077118,0,0,0,1,0,0,-1,False,-1,-1,0,0,0,-1
2026-06-29 13:16:41.184,57.629,False,19.03959,0.7774825,-9.078054,0,0,0,1,0,0,-1,False,-1,-1,0,0,0,-1
2026-06-29 13:16:41.218,57.66245,False,19.04016,0.7775882,-9.078609,0,0,0,1,0,0,-1,False,-1,-1,0,0,0,-1
2026-06-29 13:16:41.263,57.70697,False,19.04109,0.7774823,-9.079416,0,0,0,1,0,0,-1,False,-1,-1,0,0,0,-1
2026-06-29 13:16:41.306,57.75111,False,19.04319,0.7774622,-9.080312,0,0,0,1,0,0,-1,False,-1,-1,0,0,0,-1
2026-06-29 13:16:41.341,57.78467,False,19.04449,0.7770902,-9.080876,0,0,0,1,0,0,-1,False,-1,-1,0,0,0,-1
2026-06-29 13:16:41.384,57.82888,False,19.04604,0.7768791,-9.081242,0,0,0,1,0,0,-1,False,-1,-1,0,0,0,-1
2026-06-29 13:16:41.417,57.86237,False,19.04688,0.7767854,-9.081175,0,0,0,1,0,0,-1,False,-1,-1,0,0,0,-1
2026-06-29 13:16:41.462,57.90642,False,19.04778,0.776523,-9.080356,0,0,0,1,0,0,-1,False,-1,-1,0,0,0,-1
2026-06-29 13:16:41.495,57.93992,False,19.04853,0.7764595,-9.079636,0,0,0,1,0,0,-1,False,-1,-1,0,0,0,-1
2026-06-29 13:16:41.540,57.98445,False,19.04911,0.7765934,-9.078794,0,0,0,1,0,0,-1,False,-1,-1,0,0,0,-1
2026-06-29 13:16:41.574,58.01782,False,19.05002,0.7763276,-9.078176,0,0,0,1,0,0,-1,False,-1,-1,0,0,0,-1
2026-06-29 13:16:41.607,58.05116,False,19.05073,0.7763489,-9.077988,0,0,0,1,0,0,-1,False,-1,-1,0,0,0,-1
2026-06-29 13:16:41.651,58.09534,False,19.05215,0.7763319,-9.077463,0,0,0,1,0,0,-1,False,-1,-1,0,0,0,-1
2026-06-29 13:16:41.696,58.13979,False,19.05395,0.7761897,-9.077024,0,0,0,1,0,0,-1,False,-1,-1,0,0,0,-1
2026-06-29 13:16:41.729,58.17313,False,19.05562,0.7762313,-9.076173,0,0,0,1,0,0,-1,False,-1,-1,0,0,0,-1
2026-06-29 13:16:41.762,58.20651,False,19.05683,0.7764672,-9.074736,0,0,0,1,0,0,-1,False,-1,-1,0,0,0,-1
2026-06-29 13:16:41.796,58.23986,False,19.05821,0.7774499,-9.072037,0,0,0,1,0,0,-1,False,-1,-1,0,0,0,-1
2026-06-29 13:16:41.840,58.28422,False,19.05873,0.7773815,-9.067469,0,0,0,1,0,0,-1,False,-1,-1,0,0,0,-1
2026-06-29 13:16:41.873,58.31757,False,19.05857,0.7760345,-9.064261,0,0,0,1,0,0,-1,False,-1,-1,0,0,0,-1
2026-06-29 13:16:41.917,58.36189,False,19.06062,0.7760963,-9.059387,0,0,0,1,0,0,-1,False,-1,-1,0,0,0,-1
2026-06-29 13:16:41.962,58.40651,False,19.06327,0.7775474,-9.053592,0,0,0,1,0,0,-1,False,-1,-1,0,0,0,-1
2026-06-29 13:16:42.007,58.45086,False,19.06496,0.7800341,-9.048438,0,0,0,1,0,0,-1,False,-1,-1,0,0,0,-1
2026-06-29 13:16:42.040,58.48426,False,19.06742,0.7820858,-9.045485,0,0,0,1,0,0,-1,False,-1,-1,0,0,0,-1
2026-06-29 13:16:42.091,58.52879,False,19.07328,0.7839691,-9.043182,0,0,0,1,0,0,-1,False,-1,-1,0,0,0,-1
2026-06-29 13:16:42.129,58.57283,False,19.03826,0.7885401,-9.055573,0,0,0,1,0,0,-1,False,-1,-1,0,0,0,-1
2026-06-29 13:16:42.173,58.6174,False,19.03811,0.7880616,-9.055478,0,0,0,1,0,0,-1,False,-1,-1,0,0,0,-1
2026-06-29 13:16:42.206,58.65076,False,19.03765,0.7874332,-9.055177,0,0,0,1,0,0,-1,False,-1,-1,0,0,0,-1
2026-06-29 13:16:42.250,58.69497,False,19.03686,0.7867202,-9.05473,0,0,0,1,0,0,-1,False,-1,-1,0,0,0,-1
2026-06-29 13:16:42.295,58.73943,False,19.03533,0.7856309,-9.055151,0,0,0,1,0,0,-1,False,-1,-1,0,0,0,-1
2026-06-29 13:16:42.328,58.77276,False,19.03354,0.7844253,-9.054533,0,0,0,1,0,0,-1,False,-1,-1,0,0,0,-1
2026-06-29 13:16:42.373,58.81734,False,19.03099,0.7825752,-9.053549,0,0,0,1,0,0,-1,False,-1,-1,0,0,0,-1
2026-06-29 13:16:42.406,58.85078,False,19.02866,0.780398,-9.05218,0,0,0,1,0,0,-1,False,-1,-1,0,0,0,-1
2026-06-29 13:16:42.451,58.89485,False,19.0257,0.7773397,-9.049854,0,0,0,1,0,0,-1,False,-1,-1,0,0,0,-1
2026-06-29 13:16:42.495,58.93936,False,19.0223,0.7736244,-9.046275,0,0,0,1,0,0,-1,False,-1,-1,0,0,0,-1
2026-06-29 13:16:42.540,58.98389,False,19.02134,0.7737781,-9.041646,0,0,0,1,0,0,-1,False,-1,-1,0,0,0,-1
2026-06-29 13:16:42.573,59.01757,False,19.02075,0.7757104,-9.038127,0,0,0,1,0,0,-1,False,-1,-1,0,0,0,-1
2026-06-29 13:16:42.618,59.06153,False,19.01972,0.7775713,-9.033524,0,0,0,1,0,0,-1,False,-1,-1,0,0,0,-1
2026-06-29 13:16:42.661,59.1059,False,19.01839,0.7788488,-9.028929,0,0,0,1,0,0,-1,False,-1,-1,0,0,0,-1
2026-06-29 13:16:42.694,59.13926,False,19.01695,0.7790474,-9.025366,0,0,0,1,0,0,-1,False,-1,-1,0,0,0,-1
2026-06-29 13:16:42.740,59.18383,False,19.01624,0.7777754,-9.020447,0,0,0,1,0,0,-1,False,-1,-1,0,0,0,-1
2026-06-29 13:16:42.773,59.21719,False,19.01625,0.7767082,-9.018567,0,0,0,1,0,0,-1,False,-1,-1,0,0,0,-1
2026-06-29 13:16:42.818,59.26142,False,19.01478,0.7753118,-9.016922,0,0,0,1,0,0,-1,False,-1,-1,0,0,0,-1
2026-06-29 13:16:42.862,59.3058,False,19.01312,0.7754291,-9.014717,0,0,0,1,0,0,-1,False,-1,-1,0,0,0,-1
2026-06-29 13:16:42.906,59.35028,False,19.01031,0.7762222,-9.014331,0,0,0,1,0,0,-1,False,-1,-1,0,0,0,-1
2026-06-29 13:16:42.940,59.38366,False,19.00766,0.7763646,-9.01503,0,0,0,1,0,0,-1,False,-1,-1,0,0,0,-1
2026-06-29 13:16:42.984,59.42775,False,19.00479,0.7781363,-9.018457,0,0,0,1,0,0,-1,False,-1,-1,0,0,0,-1
2026-06-29 13:16:43.028,59.47219,False,19.00208,0.7801756,-9.024396,0,0,0,1,0,0,-1,False,-1,-1,0,0,0,-1
2026-06-29 13:16:43.061,59.50559,False,18.99964,0.7832364,-9.029267,0,0,0,1,0,0,-1,False,-1,-1,0,0,0,-1
2026-06-29 13:16:43.095,59.53908,False,18.99831,0.7871327,-9.03438,0,0,0,1,0,0,-1,False,-1,-1,0,0,0,-1
2026-06-29 13:16:43.139,59.58352,False,18.99514,0.7930635,-9.043421,0,0,0,1,0,0,-1,False,-1,-1,0,0,0,-1
2026-06-29 13:16:43.183,59.62783,False,18.99269,0.795636,-9.054247,0,0,0,1,0,0,-1,False,-1,-1,0,0,0,-1
2026-06-29 13:16:43.227,59.67221,False,18.99053,0.7964356,-9.066607,0,0,0,1,0,0,-1,False,-1,-1,0,0,0,-1
2026-06-29 13:16:43.273,59.71674,False,18.98692,0.7976269,-9.080504,0,0,0,1,0,0,-1,False,-1,-1,0,0,0,-1
2026-06-29 13:16:43.305,59.75015,False,18.98521,0.7962954,-9.090939,0,0,0,1,0,0,-1,False,-1,-1,0,0,0,-1
2026-06-29 13:16:43.350,59.79448,False,18.98208,0.7956854,-9.100657,0,0,0,1,0,0,-1,False,-1,-1,0,0,0,-1
2026-06-29 13:16:43.394,59.83893,False,18.98187,0.7931231,-9.110639,0,0,0,1,0,0,-1,False,-1,-1,0,0,0,-1
2026-06-29 13:16:43.428,59.87229,False,18.98082,0.7932026,-9.117311,0,0,0,1,0,0,-1,False,-1,-1,0,0,0,-1
2026-06-29 13:16:43.463,59.90715,False,18.98072,0.7933716,-9.124374,0,0,0,1,0,0,-1,False,-1,-1,0,0,0,-1
2026-06-29 13:16:43.506,59.95005,False,18.98159,0.7920147,-9.132944,0,0,0,1,0,0,-1,False,-1,-1,0,0,0,-1
2026-06-29 13:16:43.550,59.99436,False,18.98102,0.7946894,-9.133387,0,0,0,1,0,0,-1,False,-1,-1,0,0,0,-1
2026-06-29 13:16:43.584,60.02776,False,18.98015,0.7989122,-9.131861,0,0,0,1,0,0,-1,False,-1,-1,0,0,0,-1
2026-06-29 13:16:43.628,60.07219,False,18.97812,0.8062075,-9.127778,0,0,0,1,0,0,-1,False,-1,-1,0,0,0,-1
2026-06-29 13:16:43.663,60.1062,False,18.9766,0.8121212,-9.124428,0,0,0,1,0,0,-1,False,-1,-1,0,0,0,-1
2026-06-29 13:16:43.706,60.15019,False,18.97723,0.8173586,-9.120961,0,0,0,1,0,0,-1,False,-1,-1,0,0,0,-1
2026-06-29 13:16:43.739,60.18356,False,18.97954,0.8174813,-9.119545,0,0,0,1,0,0,-1,False,-1,-1,0,0,0,-1
2026-06-29 13:16:43.782,60.22726,False,18.98227,0.81482,-9.118147,0,0,0,1,0,0,-1,False,-1,-1,0,0,0,-1
2026-06-29 13:16:43.817,60.26078,False,18.9823,0.8103114,-9.118116,0,0,0,1,0,0,-1,False,-1,-1,0,0,0,-1
2026-06-29 13:16:43.861,60.30492,False,18.96912,0.8122249,-9.106083,0,0,0,1,0,0,-1,False,-1,-1,0,0,0,-1
2026-06-29 13:16:43.906,60.34991,False,18.96239,0.8091857,-9.102579,0,0,0,1,0,0,-1,False,-1,-1,0,0,0,-1
2026-06-29 13:16:43.940,60.38348,False,18.95786,0.8068179,-9.102333,0,0,0,1,0,0,-1,False,-1,-1,0,0,0,-1
2026-06-29 13:16:43.984,60.42729,False,18.95522,0.8060421,-9.099133,0,0,0,1,0,0,-1,False,-1,-1,0,0,0,-1
2026-06-29 13:16:44.017,60.46083,False,18.95429,0.804749,-9.094337,0,0,0,1,0,0,-1,False,-1,-1,0,0,0,-1
2026-06-29 13:16:44.061,60.50481,False,18.95404,0.8013721,-9.087246,0,0,0,1,0,0,-1,False,-1,-1,0,0,0,-1
2026-06-29 13:16:44.093,60.5382,False,18.9545,0.7989047,-9.083551,0,0,0,1,0,0,-1,False,-1,-1,0,0,0,-1
2026-06-29 13:16:44.139,60.58316,False,18.95391,0.7956502,-9.08057,0,0,0,1,0,0,-1,False,-1,-1,0,0,0,-1
2026-06-29 13:16:44.183,60.62721,False,18.95511,0.7928656,-9.077768,0,0,0,1,0,0,-1,False,-1,-1,0,0,0,-1
2026-06-29 13:16:44.227,60.67136,False,18.95778,0.7922972,-9.075787,0,0,0,1,0,0,-1,False,-1,-1,0,0,0,-1
2026-06-29 13:16:44.260,60.70481,False,18.96023,0.7933367,-9.076483,0,0,0,1,0,0,-1,False,-1,-1,0,0,0,-1
2026-06-29 13:16:44.294,60.73832,False,18.96332,0.7961596,-9.078526,0,0,0,1,0,0,-1,False,-1,-1,0,0,0,-1
2026-06-29 13:16:44.340,60.78349,False,18.96807,0.800362,-9.079498,0,0,0,1,0,0,-1,False,-1,-1,0,0,0,-1
2026-06-29 13:16:44.383,60.82723,False,18.97303,0.8044125,-9.078054,0,0,0,1,0,0,-1,False,-1,-1,0,0,0,-1
2026-06-29 13:16:44.427,60.87117,False,18.9781,0.8061299,-9.077623,0,0,0,1,0,0,-1,False,-1,-1,0,0,0,-1
2026-06-29 13:16:44.460,60.9046,False,18.98085,0.8050042,-9.077809,0,0,0,1,0,0,-1,False,-1,-1,0,0,0,-1
2026-06-29 13:16:44.506,60.94964,False,18.98401,0.8022298,-9.080173,0,0,0,1,0,0,-1,False,-1,-1,0,0,0,-1
2026-06-29 13:16:44.549,60.9938,False,18.98507,0.798933,-9.084414,0,0,0,1,0,0,-1,False,-1,-1,0,0,0,-1
2026-06-29 13:16:44.583,61.0272,False,18.98505,0.7972248,-9.087221,0,0,0,1,0,0,-1,False,-1,-1,0,0,0,-1
2026-06-29 13:16:44.626,61.07097,False,18.9836,0.7932017,-9.091429,0,0,0,1,0,0,-1,False,-1,-1,0,0,0,-1
2026-06-29 13:16:44.660,61.10455,False,18.982,0.7889634,-9.094503,0,0,0,1,0,0,-1,False,-1,-1,0,0,0,-1
2026-06-29 13:16:44.694,61.13792,False,18.98186,0.7842444,-9.096726,0,0,0,1,0,0,-1,False,-1,-1,0,0,0,-1
2026-06-29 13:16:44.739,61.18271,False,18.9835,0.7758296,-9.098471,0,0,0,1,0,0,-1,False,-1,-1,0,0,0,-1
2026-06-29 13:16:44.772,61.21611,False,18.98382,0.7695405,-9.100796,0,0,0,1,0,0,-1,False,-1,-1,0,0,0,-1
2026-06-29 13:16:44.805,61.24944,False,18.98493,0.7645203,-9.101472,0,0,0,1,0,0,-1,False,-1,-1,0,0,0,-1
2026-06-29 13:16:44.838,61.28288,False,18.98329,0.7631605,-9.097208,0,0,0,1,0,0,-1,False,-1,-1,0,0,0,-1
2026-06-29 13:16:44.882,61.32627,False,18.98526,0.7599167,-9.09536,0,0,0,1,0,0,-1,False,-1,-1,0,0,0,-1
2026-06-29 13:16:44.915,61.35972,False,18.98624,0.755275,-9.094471,0,0,0,1,0,0,-1,False,-1,-1,0,0,0,-1
2026-06-29 13:16:44.960,61.40385,False,18.98723,0.7486639,-9.093136,0,0,0,1,0,0,-1,False,-1,-1,0,0,0,-1
2026-06-29 13:16:45.004,61.44827,False,18.98608,0.7451259,-9.09165,0,0,0,1,0,0,-1,False,-1,-1,0,0,0,-1
2026-06-29 13:16:45.038,61.48175,False,18.98537,0.7438298,-9.090414,0,0,0,1,0,0,-1,False,-1,-1,0,0,0,-1
2026-06-29 13:16:45.082,61.52611,False,18.98612,0.7427807,-9.089209,0,0,0,1,0,0,-1,False,-1,-1,0,0,0,-1
2026-06-29 13:16:45.115,61.55948,False,18.98728,0.7423093,-9.089519,0,0,0,1,0,0,-1,False,-1,-1,0,0,0,-1
2026-06-29 13:16:45.148,61.59298,False,18.98657,0.7427627,-9.090902,0,0,0,1,0,0,-1,False,-1,-1,0,0,0,-1
2026-06-29 13:16:45.192,61.63702,False,18.98861,0.7442231,-9.092901,0,0,0,1,0,0,-1,False,-1,-1,0,0,0,-1
2026-06-29 13:16:45.227,61.67039,False,18.99083,0.7454631,-9.094634,0,0,0,1,0,0,-1,False,-1,-1,0,0,0,-1
2026-06-29 13:16:45.260,61.70378,False,18.99372,0.7470989,-9.092799,0,0,0,1,0,0,-1,False,-1,-1,0,0,0,-1
2026-06-29 13:16:45.292,61.73763,False,18.99835,0.7488747,-9.090115,0,0,0,1,0,0,-1,False,-1,-1,0,0,0,-1
2026-06-29 13:16:45.339,61.7827,False,18.99798,0.7495629,-9.090835,0,0,0,1,0,0,-1,False,-1,-1,0,0,0,-1
2026-06-29 13:16:45.372,61.81609,False,18.99942,0.7486074,-9.09214,0,0,0,1,0,0,-1,False,-1,-1,0,0,0,-1
2026-06-29 13:16:45.415,61.86015,False,19.00027,0.746946,-9.092749,0,0,0,1,0,0,-1,False,-1,-1,0,0,0,-1
2026-06-29 13:16:45.460,61.90428,False,19.00233,0.7445698,-9.092212,0,0,0,1,0,0,-1,False,-1,-1,0,0,0,-1
2026-06-29 13:16:45.505,61.94929,False,19.00393,0.7428817,-9.091435,0,0,0,1,0,0,-1,False,-1,-1,0,0,0,-1
2026-06-29 13:16:45.550,61.99384,False,19.00623,0.7423958,-9.09,0,0,0,1,0,0,-1,False,-1,-1,0,0,0,-1
2026-06-29 13:16:45.593,62.03746,False,19.00907,0.7423089,-9.088936,0,0,0,1,0,0,-1,False,-1,-1,0,0,0,-1
2026-06-29 13:16:45.627,62.07082,False,19.01217,0.74126,-9.088356,0,0,0,1,0,0,-1,False,-1,-1,0,0,0,-1
2026-06-29 13:16:45.671,62.11576,False,19.0146,0.740397,-9.088192,0,0,0,1,0,0,-1,False,-1,-1,0,0,0,-1
2026-06-29 13:16:45.715,62.15973,False,19.01762,0.7392144,-9.087925,0,0,0,1,0,0,-1,False,-1,-1,0,0,0,-1
2026-06-29 13:16:45.749,62.19355,False,19.01895,0.7378529,-9.087513,0,0,0,1,0,0,-1,False,-1,-1,0,0,0,-1
2026-06-29 13:16:45.793,62.23716,False,19.02243,0.7372385,-9.086327,0,0,0,1,0,0,-1,False,-1,-1,0,0,0,-1
2026-06-29 13:16:45.826,62.27059,False,19.02143,0.7374876,-9.086601,0,0,0,1,0,0,-1,False,-1,-1,0,0,0,-1
2026-06-29 13:16:45.860,62.304,False,19.02308,0.7374361,-9.086164,0,0,0,1,0,0,-1,False,-1,-1,0,0,0,-1
2026-06-29 13:16:45.904,62.34876,False,19.02227,0.7373899,-9.086538,0,0,0,1,0,0,-1,False,-1,-1,0,0,0,-1
2026-06-29 13:16:45.949,62.39301,False,19.02275,0.7370593,-9.086172,0,0,0,1,0,0,-1,False,-1,-1,0,0,0,-1
2026-06-29 13:16:45.993,62.43729,False,19.02589,0.7364539,-9.084599,0,0,0,1,0,0,-1,False,-1,-1,0,0,0,-1
2026-06-29 13:16:46.037,62.48171,False,19.0221,0.7366875,-9.086093,0,0,0,1,0,0,-1,False,-1,-1,0,0,0,-1
2026-06-29 13:16:46.082,62.52621,False,19.0262,0.7364397,-9.08457,0,0,0,1,0,0,-1,False,-1,-1,0,0,0,-1
2026-06-29 13:16:46.116,62.55997,False,19.02784,0.7363487,-9.084205,0,0,0,1,0,0,-1,False,-1,-1,0,0,0,-1
2026-06-29 13:16:46.159,62.60403,False,19.02812,0.7360888,-9.084698,0,0,0,1,0,0,-1,False,-1,-1,0,0,0,-1
2026-06-29 13:16:46.205,62.64873,False,19.0318,0.7355785,-9.084084,0,0,0,1,0,0,-1,False,-1,-1,0,0,0,-1
2026-06-29 13:16:46.249,62.69301,False,19.03546,0.7354308,-9.084042,0,0,0,1,0,0,-1,False,-1,-1,0,0,0,-1
2026-06-29 13:16:46.293,62.73723,False,19.03899,0.7349947,-9.084476,0,0,0,1,0,0,-1,False,-1,-1,0,0,0,-1
2026-06-29 13:16:46.339,62.7821,False,19.04276,0.7346325,-9.085564,0,0,0,1,0,0,-1,False,-1,-1,0,0,0,-1
2026-06-29 13:16:46.382,62.82623,False,19.04338,0.7346536,-9.087713,0,0,0,1,0,0,-1,False,-1,-1,0,0,0,-1
2026-06-29 13:16:46.426,62.87032,False,19.04524,0.7347053,-9.088301,0,0,0,1,0,0,-1,False,-1,-1,0,0,0,-1
2026-06-29 13:16:46.460,62.90381,False,19.04717,0.7345855,-9.088009,0,0,0,1,0,0,-1,False,-1,-1,0,0,0,-1
2026-06-29 13:16:46.493,62.93721,False,19.04809,0.7342538,-9.087868,0,0,0,1,0,0,-1,False,-1,-1,0,0,0,-1
2026-06-29 13:16:46.538,62.98169,False,19.04828,0.733997,-9.087667,0,0,0,1,0,0,-1,False,-1,-1,0,0,0,-1
2026-06-29 13:16:46.572,63.01582,False,19.04873,0.7337509,-9.087442,0,0,0,1,0,0,-1,False,-1,-1,0,0,0,-1
2026-06-29 13:16:46.616,63.05973,False,19.05009,0.7333161,-9.086668,0,0,0,1,0,0,-1,False,-1,-1,0,0,0,-1
2026-06-29 13:16:46.660,63.10398,False,19.04844,0.732812,-9.086555,0,0,0,1,0,0,-1,False,-1,-1,0,0,0,-1
2026-06-29 13:16:46.705,63.14837,False,19.04958,0.73246,-9.08496,0,0,0,1,0,0,-1,False,-1,-1,0,0,0,-1
2026-06-29 13:16:46.748,63.19297,False,19.04772,0.7327468,-9.083841,0,0,0,1,0,0,-1,False,-1,-1,0,0,0,-1
2026-06-29 13:16:46.783,63.22643,False,19.04825,0.7330625,-9.082222,0,0,0,1,0,0,-1,False,-1,-1,0,0,0,-1
2026-06-29 13:16:46.815,63.25977,False,19.05024,0.7332225,-9.079762,0,0,0,1,0,0,-1,False,-1,-1,0,0,0,-1
2026-06-29 13:16:46.859,63.30356,False,19.05327,0.7336817,-9.076787,0,0,0,1,0,0,-1,False,-1,-1,0,0,0,-1
2026-06-29 13:16:46.892,63.33691,False,19.05635,0.733989,-9.073962,0,0,0,1,0,0,-1,False,-1,-1,0,0,0,-1
2026-06-29 13:16:46.926,63.37026,False,19.06029,0.7343084,-9.071599,0,0,0,1,0,0,-1,False,-1,-1,0,0,0,-1
2026-06-29 13:16:46.971,63.41508,False,19.05255,0.7356015,-9.073627,0,0,0,1,0,0,-1,False,-1,-1,0,0,0,-1
2026-06-29 13:16:47.005,63.44854,False,19.05307,0.7358499,-9.072748,0,0,0,1,0,0,-1,False,-1,-1,0,0,0,-1
2026-06-29 13:16:47.048,63.49234,False,19.04268,0.7364156,-9.075781,0,0,0,1,0,0,-1,False,-1,-1,0,0,0,-1
2026-06-29 13:16:47.082,63.52577,False,19.04108,0.7353401,-9.075331,0,0,0,1,0,0,-1,False,-1,-1,0,0,0,-1
2026-06-29 13:16:47.126,63.57024,False,19.03229,0.7354494,-9.075454,0,0,0,1,0,0,-1,False,-1,-1,0,0,0,-1
2026-06-29 13:16:47.171,63.61491,False,19.03157,0.7358191,-9.071731,0,0,0,1,0,0,-1,False,-1,-1,0,0,0,-1
2026-06-29 13:16:47.204,63.64834,False,19.03266,0.7356647,-9.068871,0,0,0,1,0,0,-1,False,-1,-1,0,0,0,-1
2026-06-29 13:16:47.238,63.68179,False,19.02808,0.7367244,-9.068473,0,0,0,1,0,0,-1,False,-1,-1,0,0,0,-1
2026-06-29 13:16:47.271,63.71533,False,19.02549,0.7369438,-9.06765,0,0,0,1,0,0,-1,False,-1,-1,0,0,0,-1
2026-06-29 13:16:47.305,63.74879,False,19.02523,0.7367575,-9.066406,0,0,0,1,0,0,-1,False,-1,-1,0,0,0,-1
2026-06-29 13:16:47.348,63.79228,False,19.02442,0.7370343,-9.065907,0,0,0,1,0,0,-1,False,-1,-1,0,0,0,-1
2026-06-29 13:16:47.382,63.82564,False,19.02279,0.7375373,-9.066031,0,0,0,1,0,0,-1,False,-1,-1,0,0,0,-1
2026-06-29 13:16:47.415,63.85915,False,19.01744,0.738346,-9.067316,0,0,0,1,0,0,-1,False,-1,-1,0,0,0,-1
2026-06-29 13:16:47.458,63.90339,False,19.01542,0.7398438,-9.067358,0,0,0,1,0,0,-1,False,-1,-1,0,0,0,-1
2026-06-29 13:16:47.504,63.94814,False,19.00809,0.7407978,-9.068718,0,0,0,1,0,0,-1,False,-1,-1,0,0,0,-1
2026-06-29 13:16:47.537,63.98149,False,19.00773,0.7407257,-9.067361,0,0,0,1,0,0,-1,False,-1,-1,0,0,0,-1
2026-06-29 13:16:47.570,64.01482,False,19.00171,0.7412205,-9.067746,0,0,0,1,0,0,-1,False,-1,-1,0,0,0,-1
2026-06-29 13:16:47.605,64.04816,False,18.9994,0.741497,-9.066917,0,0,0,1,0,0,-1,False,-1,-1,0,0,0,-1
2026-06-29 13:16:47.637,64.08159,False,18.99702,0.7416584,-9.066172,0,0,0,1,0,0,-1,False,-1,-1,0,0,0,-1
2026-06-29 13:16:47.682,64.12556,False,18.98724,0.7422692,-9.068159,0,0,0,1,0,0,-1,False,-1,-1,0,0,0,-1
2026-06-29 13:16:47.714,64.15907,False,18.98513,0.7422464,-9.067852,0,0,0,1,0,0,-1,False,-1,-1,0,0,0,-1
2026-06-29 13:16:47.748,64.19246,False,18.98293,0.7421703,-9.067632,0,0,0,1,0,0,-1,False,-1,-1,0,0,0,-1
2026-06-29 13:16:47.792,64.23639,False,18.98166,0.7420774,-9.067311,0,0,0,1,0,0,-1,False,-1,-1,0,0,0,-1
2026-06-29 13:16:47.826,64.27045,False,18.98255,0.7417022,-9.066418,0,0,0,1,0,0,-1,False,-1,-1,0,0,0,-1
2026-06-29 13:16:47.870,64.31469,False,18.98686,0.7408083,-9.064114,0,0,0,1,0,0,-1,False,-1,-1,0,0,0,-1
2026-06-29 13:16:47.914,64.35878,False,18.98891,0.7404782,-9.063211,0,0,0,1,0,0,-1,False,-1,-1,0,0,0,-1
2026-06-29 13:16:47.959,64.4031,False,18.99782,0.7398012,-9.059029,0,0,0,1,0,0,-1,False,-1,-1,0,0,0,-1
2026-06-29 13:16:48.004,64.44765,False,18.99799,0.7398909,-9.058469,0,0,0,1,0,0,-1,False,-1,-1,0,0,0,-1
2026-06-29 13:16:48.048,64.49194,False,19.00055,0.7394945,-9.057312,0,0,0,1,0,0,-1,False,-1,-1,0,0,0,-1
2026-06-29 13:16:48.081,64.52557,False,18.99645,0.7398748,-9.059229,0,0,0,1,0,0,-1,False,-1,-1,0,0,0,-1
2026-06-29 13:16:48.126,64.56964,False,18.99957,0.73936,-9.057646,0,0,0,1,0,0,-1,False,-1,-1,0,0,0,-1
2026-06-29 13:16:48.160,64.60316,False,19.00065,0.7392992,-9.057104,0,0,0,1,0,0,-1,False,-1,-1,0,0,0,-1
2026-06-29 13:16:48.192,64.6366,False,19.00143,0.7392781,-9.056675,0,0,0,1,0,0,-1,False,-1,-1,0,0,0,-1
2026-06-29 13:16:48.226,64.67008,False,19.00587,0.7388875,-9.054839,0,0,0,1,0,0,-1,False,-1,-1,0,0,0,-1
2026-06-29 13:16:48.271,64.71484,False,19.00669,0.738188,-9.054501,0,0,0,1,0,0,-1,False,-1,-1,0,0,0,-1
2026-06-29 13:16:48.315,64.75885,False,19.00902,0.7370117,-9.053471,0,0,0,1,0,0,-1,False,-1,-1,0,0,0,-1
2026-06-29 13:16:48.359,64.80324,False,19.01088,0.7356281,-9.051563,0,0,0,1,0,0,-1,False,-1,-1,0,0,0,-1
2026-06-29 13:16:48.392,64.8366,False,19.01163,0.734539,-9.049833,0,0,0,1,0,0,-1,False,-1,-1,0,0,0,-1
2026-06-29 13:16:48.438,64.88143,False,19.00813,0.732865,-9.048565,0,0,0,1,0,0,-1,False,-1,-1,0,0,0,-1
2026-06-29 13:16:48.482,64.92544,False,19.00874,0.7307224,-9.044764,0,0,0,1,0,0,-1,False,-1,-1,0,0,0,-1
2026-06-29 13:16:48.515,64.95884,False,19.00679,0.7293387,-9.042608,0,0,0,1,0,0,-1,False,-1,-1,0,0,0,-1
2026-06-29 13:16:48.560,65.00325,False,19.00671,0.7270772,-9.039614,0,0,0,1,0,0,-1,False,-1,-1,0,0,0,-1
2026-06-29 13:16:48.604,65.04804,False,19.00547,0.7235758,-9.041323,0,0,0,1,0,0,-1,False,-1,-1,0,0,0,-1
2026-06-29 13:16:48.648,65.09204,False,19.00736,0.7209421,-9.042209,0,0,0,1,0,0,-1,False,-1,-1,0,0,0,-1
2026-06-29 13:16:48.682,65.12552,False,19.00678,0.7211471,-9.042742,0,0,0,1,0,0,-1,False,-1,-1,0,0,0,-1
2026-06-29 13:16:48.726,65.17007,False,19.00707,0.7236289,-9.0427,0,0,0,1,0,0,-1,False,-1,-1,0,0,0,-1
2026-06-29 13:16:48.770,65.21455,False,19.00789,0.7259796,-9.042747,0,0,0,1,0,0,-1,False,-1,-1,0,0,0,-1
2026-06-29 13:16:48.814,65.25857,False,19.00645,0.7282117,-9.044712,0,0,0,1,0,0,-1,False,-1,-1,0,0,0,-1
2026-06-29 13:16:48.859,65.30308,False,19.00879,0.7295711,-9.046516,0,0,0,1,0,0,-1,False,-1,-1,0,0,0,-1
2026-06-29 13:16:48.906,65.34739,False,19.01286,0.7313965,-9.04767,0,0,0,1,0,0,-1,False,-1,-1,0,0,0,-1
2026-06-29 13:16:48.937,65.38124,False,19.01498,0.7332041,-9.047374,0,0,0,1,0,0,-1,False,-1,-1,0,0,0,-1
2026-06-29 13:16:48.981,65.42537,False,19.01635,0.7362694,-9.04663,0,0,0,1,0,0,-1,False,-1,-1,0,0,0,-1
2026-06-29 13:16:49.026,65.46958,False,19.01941,0.7403473,-9.043982,0,0,0,1,0,0,-1,False,-1,-1,0,0,0,-1
2026-06-29 13:16:49.059,65.50296,False,19.02458,0.7437938,-9.040329,0,0,0,1,0,0,-1,False,-1,-1,0,0,0,-1
2026-06-29 13:16:49.103,65.54773,False,19.03293,0.7498606,-9.035739,0,0,0,1,0,0,-1,False,-1,-1,0,0,0,-1
2026-06-29 13:16:49.137,65.58106,False,19.03866,0.756033,-9.03253,0,0,0,1,0,0,-1,False,-1,-1,0,0,0,-1
2026-06-29 13:16:49.182,65.62508,False,19.04885,0.7659354,-9.02813,0,0,0,1,0,0,-1,False,-1,-1,0,0,0,-1
2026-06-29 13:16:49.214,65.65843,False,19.05635,0.7741464,-9.025703,0,0,0,1,0,0,-1,False,-1,-1,0,0,0,-1
2026-06-29 13:16:49.258,65.70288,False,19.06559,0.7853295,-9.024169,0,0,0,1,0,0,-1,False,-1,-1,0,0,0,-1
2026-06-29 13:16:49.304,65.74772,False,19.07705,0.7958352,-9.024137,0,0,0,1,0,0,-1,False,-1,-1,0,0,0,-1
2026-06-29 13:16:49.347,65.79173,False,19.08657,0.8047997,-9.027273,0,0,0,1,0,0,-1,False,-1,-1,0,0,0,-1
2026-06-29 13:16:49.381,65.8253,False,19.09154,0.8101459,-9.032206,0,0,0,1,0,0,-1,False,-1,-1,0,0,0,-1
2026-06-29 13:16:49.426,65.86975,False,19.02644,0.8202432,-9.067851,0,0,0,1,0,0,-1,False,-1,-1,0,0,0,-1
2026-06-29 13:16:49.470,65.91409,False,19.02823,0.8229169,-9.07791,0,0,0,1,0,0,-1,False,-1,-1,0,0,0,-1
2026-06-29 13:16:49.504,65.94765,False,19.03517,0.8235837,-9.082678,0,0,0,1,0,0,-1,False,-1,-1,0,0,0,-1
2026-06-29 13:16:49.537,65.98099,False,19.03654,0.8260517,-9.088323,0,0,0,1,0,0,-1,False,-1,-1,0,0,0,-1
2026-06-29 13:16:49.570,66.01448,False,19.03945,0.8290049,-9.092979,0,0,0,1,0,0,-1,False,-1,-1,0,0,0,-1
2026-06-29 13:16:49.614,66.05829,False,19.04252,0.8326465,-9.098034,0,0,0,1,0,0,-1,False,-1,-1,0,0,0,-1
2026-06-29 13:16:49.659,66.10268,False,19.04611,0.8358961,-9.101207,0,0,0,1,0,0,-1,False,-1,-1,0,0,0,-1
2026-06-29 13:16:49.704,66.14751,False,19.04884,0.8399373,-9.102686,0,0,0,1,0,0,-1,False,-1,-1,0,0,0,-1
2026-06-29 13:16:49.737,66.18086,False,19.05131,0.8426316,-9.102551,0,0,0,1,0,0,-1,False,-1,-1,0,0,0,-1
2026-06-29 13:16:49.770,66.21439,False,19.05358,0.8453065,-9.102768,0,0,0,1,0,0,-1,False,-1,-1,0,0,0,-1
2026-06-29 13:16:49.814,66.25812,False,19.05497,0.8486698,-9.103113,0,0,0,1,0,0,-1,False,-1,-1,0,0,0,-1
2026-06-29 13:16:49.858,66.30257,False,19.05529,0.8508812,-9.104744,0,0,0,1,0,0,-1,False,-1,-1,0,0,0,-1
2026-06-29 13:16:49.903,66.34708,False,19.05495,0.8521747,-9.105816,0,0,0,1,0,0,-1,False,-1,-1,0,0,0,-1
2026-06-29 13:16:49.947,66.39141,False,19.05302,0.8508213,-9.106105,0,0,0,1,0,0,-1,False,-1,-1,0,0,0,-1
2026-06-29 13:16:49.992,66.43579,False,19.05116,0.8493853,-9.10319,0,0,0,1,0,0,-1,False,-1,-1,0,0,0,-1
2026-06-29 13:16:50.037,66.48027,False,19.04739,0.8476143,-9.098541,0,0,0,1,0,0,-1,False,-1,-1,0,0,0,-1
2026-06-29 13:16:50.069,66.51367,False,19.04443,0.8461879,-9.093559,0,0,0,1,0,0,-1,False,-1,-1,0,0,0,-1
2026-06-29 13:16:50.114,66.55811,False,19.04033,0.8431476,-9.086336,0,0,0,1,0,0,-1,False,-1,-1,0,0,0,-1
2026-06-29 13:16:50.159,66.60246,False,19.03567,0.8387566,-9.079603,0,0,0,1,0,0,-1,False,-1,-1,0,0,0,-1
2026-06-29 13:16:50.203,66.64671,False,19.02975,0.8320141,-9.073128,0,0,0,1,0,0,-1,False,-1,-1,0,0,0,-1
2026-06-29 13:16:50.236,66.68005,False,19.02456,0.8258849,-9.068375,0,0,0,1,0,0,-1,False,-1,-1,0,0,0,-1
2026-06-29 13:16:50.280,66.72435,False,19.01699,0.8166901,-9.062689,0,0,0,1,0,0,-1,False,-1,-1,0,0,0,-1
2026-06-29 13:16:50.324,66.76865,False,19.00979,0.8099819,-9.057919,0,0,0,1,0,0,-1,False,-1,-1,0,0,0,-1
2026-06-29 13:16:50.358,66.80207,False,19.00666,0.80626,-9.055665,0,0,0,1,0,0,-1,False,-1,-1,0,0,0,-1
2026-06-29 13:16:50.402,66.84652,False,19.00223,0.7988777,-9.053329,0,0,0,1,0,0,-1,False,-1,-1,0,0,0,-1
2026-06-29 13:16:50.447,66.89103,False,18.99693,0.7924893,-9.052015,0,0,0,1,0,0,-1,False,-1,-1,0,0,0,-1
2026-06-29 13:16:50.492,66.93546,False,18.99118,0.787365,-9.055536,0,0,0,1,0,0,-1,False,-1,-1,0,0,0,-1
2026-06-29 13:16:50.525,66.96884,False,18.98551,0.7832162,-9.060596,0,0,0,1,0,0,-1,False,-1,-1,0,0,0,-1
2026-06-29 13:16:50.558,67.00217,False,18.97892,0.7762719,-9.067204,0,0,0,1,0,0,-1,False,-1,-1,0,0,0,-1
2026-06-29 13:16:50.603,67.04658,False,18.9688,0.7659308,-9.077887,0,0,0,1,0,0,-1,False,-1,-1,0,0,0,-1
2026-06-29 13:16:50.636,67.08002,False,18.96201,0.7584094,-9.087938,0,0,0,1,0,0,-1,False,-1,-1,0,0,0,-1
2026-06-29 13:16:50.669,67.1134,False,18.95622,0.751036,-9.097839,0,0,0,1,0,0,-1,False,-1,-1,0,0,0,-1
2026-06-29 13:16:50.713,67.15768,False,18.94979,0.7427379,-9.11004,0,0,0,1,0,0,-1,False,-1,-1,0,0,0,-1
2026-06-29 13:16:50.758,67.20215,False,18.9456,0.7377319,-9.118484,0,0,0,1,0,0,-1,False,-1,-1,0,0,0,-1
2026-06-29 13:16:50.792,67.23549,False,18.94362,0.7328844,-9.12219,0,0,0,1,0,0,-1,False,-1,-1,0,0,0,-1
2026-06-29 13:16:50.836,67.27991,False,18.94428,0.7272521,-9.123848,0,0,0,1,0,0,-1,False,-1,-1,0,0,0,-1
2026-06-29 13:16:50.868,67.31325,False,18.94562,0.72351,-9.123081,0,0,0,1,0,0,-1,False,-1,-1,0,0,0,-1
2026-06-29 13:16:50.913,67.35773,False,18.94794,0.7214805,-9.119226,0,0,0,1,0,0,-1,False,-1,-1,0,0,0,-1
2026-06-29 13:16:50.947,67.39116,False,18.95156,0.7231395,-9.117043,0,0,0,1,0,0,-1,False,-1,-1,0,0,0,-1
2026-06-29 13:16:50.992,67.43537,False,18.95866,0.728409,-9.114408,0,0,0,1,0,0,-1,False,-1,-1,0,0,0,-1
2026-06-29 13:16:51.025,67.46871,False,18.96778,0.7353725,-9.112949,0,0,0,1,0,0,-1,False,-1,-1,0,0,0,-1
2026-06-29 13:16:51.058,67.50208,False,18.97848,0.7446256,-9.110252,0,0,0,1,0,0,-1,False,-1,-1,0,0,0,-1
2026-06-29 13:16:51.103,67.54637,False,18.99372,0.7575904,-9.105387,0,0,0,1,0,0,-1,False,-1,-1,0,0,0,-1
2026-06-29 13:16:51.146,67.5908,False,19.00876,0.770347,-9.099398,0,0,0,1,0,0,-1,False,-1,-1,0,0,0,-1
2026-06-29 13:16:51.180,67.62414,False,19.01706,0.7766331,-9.095337,0,0,0,1,0,0,-1,False,-1,-1,0,0,0,-1
2026-06-29 13:16:51.224,67.6685,False,19.02791,0.7835726,-9.087973,0,0,0,1,0,0,-1,False,-1,-1,0,0,0,-1
2026-06-29 13:16:51.258,67.70183,False,19.03298,0.7877964,-9.085466,0,0,0,1,0,0,-1,False,-1,-1,0,0,0,-1
2026-06-29 13:16:51.291,67.73519,False,19.03642,0.7919239,-9.08425,0,0,0,1,0,0,-1,False,-1,-1,0,0,0,-1
2026-06-29 13:16:51.325,67.76854,False,19.04087,0.7951889,-9.082561,0,0,0,1,0,0,-1,False,-1,-1,0,0,0,-1
2026-06-29 13:16:51.368,67.81299,False,19.04581,0.7976963,-9.080798,0,0,0,1,0,0,-1,False,-1,-1,0,0,0,-1
2026-06-29 13:16:51.403,67.84638,False,19.05052,0.7993894,-9.079683,0,0,0,1,0,0,-1,False,-1,-1,0,0,0,-1
2026-06-29 13:16:51.447,67.89091,False,19.0569,0.8023862,-9.078038,0,0,0,1,0,0,-1,False,-1,-1,0,0,0,-1
2026-06-29 13:16:51.480,67.92451,False,19.06069,0.8046146,-9.077771,0,0,0,1,0,0,-1,False,-1,-1,0,0,0,-1
2026-06-29 13:16:51.524,67.96861,False,19.06878,0.808124,-9.077414,0,0,0,1,0,0,-1,False,-1,-1,0,0,0,-1
2026-06-29 13:16:51.569,68.01292,False,19.07452,0.8118354,-9.077559,0,0,0,1,0,0,-1,False,-1,-1,0,0,0,-1
2026-06-29 13:16:51.603,68.04632,False,19.07836,0.8143319,-9.077512,0,0,0,1,0,0,-1,False,-1,-1,0,0,0,-1
2026-06-29 13:16:51.648,68.09212,False,19.08149,0.817389,-9.078301,0,0,0,1,0,0,-1,False,-1,-1,0,0,0,-1
2026-06-29 13:16:51.691,68.13515,False,19.08209,0.8202822,-9.079748,0,0,0,1,0,0,-1,False,-1,-1,0,0,0,-1
2026-06-29 13:16:51.736,68.17947,False,19.03324,0.8261363,-9.100632,0,0,0,1,0,0,-1,False,-1,-1,0,0,0,-1
2026-06-29 13:16:51.781,68.22391,False,19.02756,0.8267468,-9.10605,0,0,0,1,0,0,-1,False,-1,-1,0,0,0,-1
2026-06-29 13:16:51.824,68.26836,False,19.02367,0.8266693,-9.111069,0,0,0,1,0,0,-1,False,-1,-1,0,0,0,-1
2026-06-29 13:16:51.868,68.31276,False,19.02276,0.8275336,-9.117202,0,0,0,1,0,0,-1,False,-1,-1,0,0,0,-1
2026-06-29 13:16:51.912,68.35706,False,19.02071,0.8261021,-9.12477,0,0,0,1,0,0,-1,False,-1,-1,0,0,0,-1
2026-06-29 13:16:51.947,68.39049,False,19.01988,0.8242105,-9.131927,0,0,0,1,0,0,-1,False,-1,-1,0,0,0,-1
2026-06-29 13:16:51.981,68.42393,False,19.0202,0.8225445,-9.139803,0,0,0,1,0,0,-1,False,-1,-1,0,0,0,-1
2026-06-29 13:16:52.024,68.46813,False,19.0216,0.8219766,-9.150406,0,0,0,1,0,0,-1,False,-1,-1,0,0,0,-1
2026-06-29 13:16:52.058,68.50162,False,19.02321,0.8205836,-9.160412,0,0,0,1,0,0,-1,False,-1,-1,0,0,0,-1
2026-06-29 13:16:52.102,68.54627,False,19.02388,0.8179187,-9.174711,0,0,0,1,0,0,-1,False,-1,-1,0,0,0,-1
2026-06-29 13:16:52.146,68.59045,False,19.02475,0.8155602,-9.187879,0,0,0,1,0,0,-1,False,-1,-1,0,0,0,-1
2026-06-29 13:16:52.190,68.63472,False,19.02651,0.8158007,-9.200323,0,0,0,1,0,0,-1,False,-1,-1,0,0,0,-1
2026-06-29 13:16:52.235,68.67931,False,19.02724,0.8147774,-9.213181,0,0,0,1,0,0,-1,False,-1,-1,0,0,0,-1
2026-06-29 13:16:52.281,68.72411,False,19.0277,0.8122394,-9.224689,0,0,0,1,0,0,-1,False,-1,-1,0,0,0,-1
2026-06-29 13:16:52.324,68.76815,False,19.02757,0.8095303,-9.233982,0,0,0,1,0,0,-1,False,-1,-1,0,0,0,-1
2026-06-29 13:16:52.368,68.81258,False,19.02641,0.8069113,-9.240948,0,0,0,1,0,0,-1,False,-1,-1,0,0,0,-1
2026-06-29 13:16:52.413,68.85706,False,19.02632,0.8046799,-9.247477,0,0,0,1,0,0,-1,False,-1,-1,0,0,0,-1
2026-06-29 13:16:52.457,68.90118,False,19.02717,0.8034026,-9.253073,0,0,0,1,0,0,-1,False,-1,-1,0,0,0,-1
2026-06-29 13:16:52.502,68.94563,False,19.02777,0.8027332,-9.256838,0,0,0,1,0,0,-1,False,-1,-1,0,0,0,-1
2026-06-29 13:16:52.546,68.99054,False,19.0276,0.8021072,-9.260302,0,0,0,1,0,0,-1,False,-1,-1,0,0,0,-1
2026-06-29 13:16:52.590,69.03438,False,19.02645,0.8011858,-9.264207,0,0,0,1,0,0,-1,False,-1,-1,0,0,0,-1
2026-06-29 13:16:52.634,69.07855,False,19.02485,0.7998846,-9.26869,0,0,0,1,0,0,-1,False,-1,-1,0,0,0,-1
2026-06-29 13:16:52.668,69.11194,False,19.0238,0.7985367,-9.272266,0,0,0,1,0,0,-1,False,-1,-1,0,0,0,-1
2026-06-29 13:16:52.713,69.15682,False,19.02287,0.7959521,-9.277849,0,0,0,1,0,0,-1,False,-1,-1,0,0,0,-1
2026-06-29 13:16:52.747,69.1904,False,19.02243,0.7936113,-9.281664,0,0,0,1,0,0,-1,False,-1,-1,0,0,0,-1
2026-06-29 13:16:52.790,69.23396,False,19.02101,0.79064,-9.284958,0,0,0,1,0,0,-1,False,-1,-1,0,0,0,-1
2026-06-29 13:16:52.824,69.2673,False,19.01931,0.7886633,-9.285796,0,0,0,1,0,0,-1,False,-1,-1,0,0,0,-1
2026-06-29 13:16:52.867,69.31155,False,19.01744,0.7860453,-9.286458,0,0,0,1,0,0,-1,False,-1,-1,0,0,0,-1
2026-06-29 13:16:52.901,69.34505,False,19.01636,0.7844383,-9.28714,0,0,0,1,0,0,-1,False,-1,-1,0,0,0,-1
2026-06-29 13:16:52.946,69.38941,False,19.01508,0.783994,-9.287422,0,0,0,1,0,0,-1,False,-1,-1,0,0,0,-1
2026-06-29 13:16:52.996,69.43402,False,19.0141,0.7840871,-9.286884,0,0,0,1,0,0,-1,False,-1,-1,0,0,0,-1
2026-06-29 13:16:53.025,69.4678,False,19.0134,0.7838304,-9.286598,0,0,0,1,0,0,-1,False,-1,-1,0,0,0,-1
2026-06-29 13:16:53.068,69.51176,False,19.0124,0.7833605,-9.285963,0,0,0,1,0,0,-1,False,-1,-1,0,0,0,-1
2026-06-29 13:16:53.112,69.55596,False,19.01137,0.7829192,-9.285156,0,0,0,1,0,0,-1,False,-1,-1,0,0,0,-1
2026-06-29 13:16:53.146,69.58929,False,19.01043,0.7826831,-9.28414,0,0,0,1,0,0,-1,False,-1,-1,0,0,0,-1
2026-06-29 13:16:53.191,69.63447,False,19.00904,0.7824262,-9.282518,0,0,0,1,0,0,-1,False,-1,-1,0,0,0,-1
2026-06-29 13:16:53.234,69.67805,False,19.00746,0.7822404,-9.280838,0,0,0,1,0,0,-1,False,-1,-1,0,0,0,-1
2026-06-29 13:16:53.278,69.72237,False,19.00574,0.7821622,-9.278995,0,0,0,1,0,0,-1,False,-1,-1,0,0,0,-1
2026-06-29 13:16:53.312,69.75584,False,19.00442,0.7822132,-9.277532,0,0,0,1,0,0,-1,False,-1,-1,0,0,0,-1
2026-06-29 13:16:53.357,69.80094,False,19.00254,0.7823706,-9.275702,0,0,0,1,0,0,-1,False,-1,-1,0,0,0,-1
2026-06-29 13:16:53.400,69.84469,False,19.00054,0.7829828,-9.273889,0,0,0,1,0,0,-1,False,-1,-1,0,0,0,-1
2026-06-29 13:16:53.434,69.87804,False,18.99913,0.7835269,-9.272404,0,0,0,1,0,0,-1,False,-1,-1,0,0,0,-1
2026-06-29 13:16:53.468,69.91152,False,18.9978,0.7843705,-9.270952,0,0,0,1,0,0,-1,False,-1,-1,0,0,0,-1
2026-06-29 13:16:53.512,69.9557,False,18.99605,0.7857807,-9.26924,0,0,0,1,0,0,-1,False,-1,-1,0,0,0,-1
2026-06-29 13:16:53.556,70.00088,False,18.99437,0.7876919,-9.267473,0,0,0,1,0,0,-1,False,-1,-1,0,0,0,-1
2026-06-29 13:16:53.601,70.04457,False,18.99311,0.7893364,-9.265671,0,0,0,1,0,0,-1,False,-1,-1,0,0,0,-1
2026-06-29 13:16:53.646,70.08897,False,18.99199,0.7908207,-9.264097,0,0,0,1,0,0,-1,False,-1,-1,0,0,0,-1
2026-06-29 13:16:53.679,70.12234,False,18.99131,0.791918,-9.263029,0,0,0,1,0,0,-1,False,-1,-1,0,0,0,-1
2026-06-29 13:16:53.720,70.1582,True,18.99105,0.7935143,-9.26193,0.9888884,0.01614442,0,0.147781,-0.004771676,0.2922777,0.9563216,True,0.5116568,0.8900802,18.95132,3.226895,-1.3,8.325577
2026-06-29 13:16:53.761,70.19807,True,18.991,0.794472,-9.261194,0.9939781,-0.01176571,0,0.1089451,0.002563633,0.2165781,0.9762619,True,0.521559,0.6971166,19.01191,2.560617,-1.3,8.154773
2026-06-29 13:16:53.802,70.23753,True,18.99064,0.7965189,-9.259678,0.9894862,0.01936912,0,0.1433244,-0.005552134,0.283635,0.9589162,True,0.5105507,0.8680677,18.94456,3.150889,-1.3,8.300702
2026-06-29 13:16:53.839,70.27604,True,18.9901,0.7982943,-9.258455,0.9688769,0.2380499,0,0.06789557,-0.03232507,0.1315649,0.9907804,True,0.475558,0.492786,18.73045,1.855091,-1.3,8.032511
2026-06-29 13:16:53.879,70.31515,True,18.98992,0.7997256,-9.257446,0.9809758,0.1649024,0,0.1024387,-0.03378479,0.2009798,0.9790127,True,0.4730841,0.6602426,18.71531,2.433296,-1.3,8.128033
2026-06-29 13:16:53.919,70.35361,True,18.98956,0.8007619,-9.25613,0.9828491,0.1615648,0,0.08890793,-0.02872878,0.1747661,0.9841907,True,0.4799491,0.5966036,18.75731,2.213559,-1.3,8.08393
2026-06-29 13:16:53.962,70.39722,True,18.98907,0.8013009,-9.254915,0.9939471,0.04913078,0,0.09826156,-0.009655332,0.1953335,0.9806893,True,0.5050262,0.6464753,18.91075,2.38576,-1.3,8.111554
2026-06-29 13:16:54.001,70.43613,True,19.01577,0.8017603,-9.32334,0.9798831,-0.1551023,0,0.125588,0.03895796,0.246123,0.9684553,True,0.5749397,0.7782644,19.33853,2.84081,-1.3,8.284678
2026-06-29 13:16:54.042,70.47933,True,19.02073,0.8011817,-9.323023,0.9929482,-0.06950509,0,0.09603637,0.01335003,0.1907183,0.981554,True,0.5408344,0.6390364,19.12985,2.360074,-1.3,8.173797
2026-06-29 13:16:54.092,70.52621,True,19.02527,0.8003742,-9.321671,0.9836624,-0.1486097,0,0.1016056,0.03019913,0.1998911,0.9793526,True,0.5641682,0.6615007,19.27262,2.43764,-1.3,8.19079
2026-06-29 13:16:54.134,70.5697,True,19.02637,0.7996957,-9.322105,0.9807629,-0.1724281,0,0.09150325,0.03155545,0.1794859,0.9832543,True,0.565998,0.6112329,19.28382,2.264072,-1.3,8.15873
2026-06-29 13:16:54.177,70.61239,True,19.02699,0.7996826,-9.322315,0.992345,-0.08938534,0,0.08521562,0.01523405,0.1691266,0.9854766,True,0.5442913,0.5858605,19.151,2.176465,-1.3,8.140543
2026-06-29 13:16:54.223,70.65858,True,19.02743,0.7991919,-9.322449,0.9912646,-0.09503315,0,0.09145037,0.01738163,0.181303,0.9832736,True,0.5472731,0.6153905,19.16925,2.278428,-1.3,8.158917
2026-06-29 13:16:54.268,70.7028,True,19.02792,0.7986619,-9.322052,0.9960844,0.01748544,0,0.0866611,-0.003030616,0.1726435,0.9849797,True,0.5201408,0.5940486,19.00323,2.204737,-1.3,8.144382
2026-06-29 13:16:54.310,70.74611,True,19.03982,0.7996095,-9.320206,0.9953956,-0.06034589,0,0.07447161,0.00898811,0.1482574,0.988908,True,0.5380346,0.5353333,19.11272,2.002001,-1.3,8.110164
2026-06-29 13:16:54.364,70.79106,True,19.03769,0.7999916,-9.321054,0.9962976,-0.02253346,0,0.08296624,0.003739033,0.1653181,0.9862332,True,0.5307422,0.5766109,19.0681,2.144527,-1.3,8.133019
2026-06-29 13:16:54.404,70.84045,True,19.04222,0.7990354,-9.318531,0.9961028,-0.02681471,0,0.0840257,0.004506249,0.1673965,0.9858794,True,0.5325027,0.5812468,19.07887,2.160534,-1.3,8.133379
2026-06-29 13:16:54.444,70.88088,True,19.05388,0.797789,-9.314195,0.9964155,-0.02287905,0,0.08144188,0.003726625,0.1622999,0.9867344,True,0.5333652,0.5683427,19.08415,2.115978,-1.3,8.121937
2026-06-29 13:16:54.485,70.9231,True,19.08103,0.7953447,-9.30475,0.9966825,0.03859897,0,0.07165304,-0.005531467,0.1428307,0.9897317,True,0.5255441,0.5204266,19.03629,1.950531,-1.3,8.087798
2026-06-29 13:16:54.534,70.9688,True,19.10491,0.7932095,-9.296371,0.9958389,0.04721926,0,0.07794379,-0.007360895,0.1552389,0.9878495,True,0.5270208,0.549184,19.04533,2.049826,-1.3,8.094725
2026-06-29 13:16:54.578,71.0142,True,19.12002,0.7918898,-9.29129,0.9956077,0.05958578,0,0.07221393,-0.008605843,0.1437934,0.9895703,True,0.5278695,0.5211697,19.05052,1.953096,-1.3,8.075516
2026-06-29 13:16:54.623,71.0587,True,19.12425,0.7911639,-9.289856,0.9675163,0.248552,0,0.04619714,-0.02296478,0.08939295,0.9957317,True,0.5098031,0.3923974,18.93998,1.508463,-1.3,8.024105
2026-06-29 13:16:54.667,71.10089,True,19.12876,0.7905982,-9.288437,0.9329934,0.3578043,0,0.03872393,-0.02771117,0.07225832,0.9970009,True,0.5043675,0.3521709,18.90672,1.369565,-1.3,8.012466
2026-06-29 13:16:54.712,71.14777,True,19.13326,0.7900918,-9.287001,0.9709036,0.2366194,0,0.03684385,-0.01743594,0.07154366,0.9972851,True,0.5185695,0.3502887,18.99362,1.363067,-1.3,8.008744
2026-06-29 13:16:54.756,71.19251,True,19.13774,0.7893938,-9.28554,0.9449748,0.3251343,0,0.0361989,-0.023539,0.06841408,0.9973793,True,0.5113229,0.3427836,18.94928,1.337153,-1.3,8.006522
2026-06-29 13:16:54.798,71.23435,True,19.14227,0.7888409,-9.284019,0.9623526,0.2686725,0,0.04114083,-0.02210682,0.07918395,0.9966148,True,0.5139194,0.3677026,18.96517,1.423195,-1.3,8.011137
2026-06-29 13:16:54.844,71.28015,True,19.1469,0.7881457,-9.282433,0.8708997,0.490189,0,0.0353311,-0.03463784,0.0615397,0.9975034,True,0.498319,0.3264085,18.86971,1.280612,-1.3,8.002412
2026-06-29 13:16:54.886,71.32358,True,19.1516,0.7873824,-9.280638,0.8654931,0.4991624,0,0.04193616,-0.04186591,0.07259092,0.9964827,True,0.4895898,0.3519344,18.8163,1.368749,-1.3,8.008807
2026-06-29 13:16:54.933,71.36818,True,19.15264,0.7883,-9.279958,0.8389708,0.5427129,0,0.03988497,-0.04329217,0.06692465,0.9968184,True,0.4879166,0.3389919,18.80606,1.32406,-1.3,8.005427
2026-06-29 13:16:54.977,71.41309,True,19.14068,0.7894396,-9.284369,0.8194808,0.5716711,0,0.0405385,-0.04634939,0.06644107,0.9967133,True,0.4819221,0.3383021,18.76939,1.321679,-1.3,8.010697
2026-06-29 13:16:55.018,71.45645,True,19.11895,0.7918506,-9.291786,0.8400873,0.5411735,0,0.03721057,-0.04027475,0.06252024,0.9972307,True,0.4863017,0.3299635,18.79618,1.292886,-1.3,8.013978
2026-06-29 13:16:55.064,71.50045,True,19.11424,0.7924913,-9.292921,0.8055452,0.5915505,0,0.03413327,-0.0403831,0.05499177,0.9976698,True,0.4854067,0.3126377,18.79071,1.233063,-1.3,8.01159
2026-06-29 13:16:55.111,71.54822,True,19.11807,0.7929205,-9.290871,0.8120457,0.5825871,0,0.03426304,-0.03992242,0.05564633,0.9976521,True,0.4866484,0.3142499,18.79831,1.23863,-1.3,8.009676
2026-06-29 13:16:55.159,71.59406,True,19.11999,0.793384,-9.289594,0.6839134,-0.7274628,0,0.05531958,0.08048588,0.07566761,0.9938795,True,0.6449676,0.3614659,19.767,1.40166,-1.3,8.038795
2026-06-29 13:16:55.195,71.63332,False,19.12382,0.7939611,-9.287468,0,0,0,1,0,0,-1,False,-1,-1,0,0,0,-1
2026-06-29 13:16:55.239,71.67651,False,19.12689,0.793848,-9.286322,0,0,0,1,0,0,-1,False,-1,-1,0,0,0,-1
2026-06-29 13:16:55.282,71.71746,False,19.13133,0.7931088,-9.285395,0,0,0,1,0,0,-1,False,-1,-1,0,0,0,-1
2026-06-29 13:16:55.322,71.7589,False,19.13607,0.7919306,-9.285038,0,0,0,1,0,0,-1,False,-1,-1,0,0,0,-1
2026-06-29 13:16:55.359,71.79791,False,19.1409,0.7907254,-9.284698,0,0,0,1,0,0,-1,False,-1,-1,0,0,0,-1
2026-06-29 13:16:55.399,71.83611,False,19.14572,0.7898791,-9.283894,0,0,0,1,0,0,-1,False,-1,-1,0,0,0,-1
2026-06-29 13:16:55.437,71.87444,False,19.15073,0.7892898,-9.282728,0,0,0,1,0,0,-1,False,-1,-1,0,0,0,-1
2026-06-29 13:16:55.477,71.91207,False,19.14472,0.790458,-9.284739,0,0,0,1,0,0,-1,False,-1,-1,0,0,0,-1
2026-06-29 13:16:55.522,71.95718,False,19.13096,0.7921175,-9.289967,0,0,0,1,0,0,-1,False,-1,-1,0,0,0,-1
2026-06-29 13:16:55.568,72.00192,False,19.13568,0.7915993,-9.288958,0,0,0,1,0,0,-1,False,-1,-1,0,0,0,-1
2026-06-29 13:16:55.610,72.0462,False,19.14045,0.7912274,-9.287783,0,0,0,1,0,0,-1,False,-1,-1,0,0,0,-1
2026-06-29 13:16:55.656,72.09224,False,19.13903,0.7914122,-9.288093,0,0,0,1,0,0,-1,False,-1,-1,0,0,0,-1
2026-06-29 13:16:55.697,72.13287,True,19.14389,0.7910128,-9.286786,0.5913337,-0.8033203,0,0.07071733,0.1136173,0.08363508,0.9899981,True,0.6929343,0.3800234,20.06049,1.465737,-1.3,8.067475
2026-06-29 13:16:55.748,72.18312,True,19.14895,0.7906384,-9.285327,0.5613268,-0.8247133,0,0.06899431,0.113801,0.07745669,0.9904795,True,0.6939036,0.3653585,20.06642,1.415101,-1.3,8.062082
2026-06-29 13:16:55.789,72.22411,True,19.15409,0.7902764,-9.283888,0.5691284,-0.8193686,0,0.06876097,0.1126811,0.07826762,0.9905438,True,0.6932315,0.3671022,20.06231,1.421122,-1.3,8.060105
2026-06-29 13:16:55.831,72.26767,True,19.15939,0.7898709,-9.282289,0.5526004,-0.8307454,0,0.06704301,0.1113914,0.07409601,0.9910105,True,0.6923001,0.3571308,20.05661,1.386692,-1.3,8.054696
2026-06-29 13:16:55.878,72.31344,True,19.16487,0.78939,-9.280596,0.5834293,-0.8095235,0,0.06543705,0.1059456,0.07635577,0.991436,True,0.6859372,0.3621488,20.01768,1.404018,-1.3,8.049532
2026-06-29 13:16:55.920,72.35611,True,19.17056,0.7888054,-9.278791,0.5585916,-0.8266164,0,0.06841508,0.1131061,0.07643219,0.9906387,True,0.6963746,0.3622608,20.08154,1.404405,-1.3,8.054189
2026-06-29 13:16:55.965,72.40141,True,19.17642,0.7881638,-9.276939,0.5894969,-0.8049431,0,0.06752878,0.1087136,0.079616,0.9908797,True,0.6914809,0.3694133,20.0516,1.429101,-1.3,8.050361
2026-06-29 13:16:56.011,72.44603,True,19.1825,0.7875733,-9.275105,0.6623772,-0.7458367,0,0.07059837,0.1053097,0.09352548,0.9900317,True,0.6880826,0.4018087,20.03081,1.540959,-1.3,8.055403
2026-06-29 13:16:56.053,72.49012,True,19.18866,0.7872133,-9.273262,0.6490963,-0.7583799,0,0.05944871,0.09016939,0.07717584,0.9929317,True,0.6687835,0.3629941,19.91272,1.406937,-1.3,8.030021
2026-06-29 13:16:56.099,72.5346,True,19.19491,0.7867721,-9.271705,0.7408215,-0.6692165,0,0.05773075,0.07726873,0.08553636,0.9933343,True,0.6528136,0.3821902,19.81501,1.473218,-1.3,8.025198
2026-06-29 13:16:56.144,72.57926,True,19.20127,0.786193,-9.270325,0.6957003,-0.7163046,0,0.0539325,0.0772642,0.07504173,0.9941826,True,0.6537429,0.3574517,19.8207,1.3878,-1.3,8.016963
2026-06-29 13:16:56.194,72.62785,True,19.20458,0.7859935,-9.269417,0.7049845,-0.7071157,0,0.05462849,0.07725731,0.07702447,0.9940314,True,0.6542788,0.3620043,19.82397,1.403519,-1.3,8.017268
2026-06-29 13:16:56.234,72.67016,True,19.21102,0.7858359,-9.267417,0.5938712,-0.8023668,0,0.0593678,0.09526951,0.07051366,0.992951,True,0.6790363,0.3469782,19.97546,1.351636,-1.3,8.023977
2026-06-29 13:16:56.280,72.71529,True,19.21774,0.7855142,-9.265213,0.5571454,-0.8284343,0,0.05732031,0.09497222,0.06387148,0.9934288,True,0.679651,0.3313371,19.97922,1.297629,-1.3,8.0179
2026-06-29 13:16:56.317,72.75302,True,19.22327,0.7849598,-9.262735,0.6029871,-0.7948212,0,0.06830738,0.1085843,0.08237691,0.9906682,True,0.6987451,0.3746214,20.09605,1.447084,-1.3,8.037743
2026-06-29 13:16:56.356,72.79304,True,19.23062,0.7839973,-9.258499,0.840431,-0.5343551,0,0.09022371,0.096423,0.1516536,0.9837194,True,0.6847975,0.5379127,20.01071,2.010907,-1.3,8.090213
2026-06-29 13:16:56.393,72.83007,False,19.23528,0.7843149,-9.254704,0,0,0,1,0,0,-1,False,-1,-1,0,0,0,-1
2026-06-29 13:16:56.434,72.87016,False,19.24102,0.7859296,-9.248516,0,0,0,1,0,0,-1,False,-1,-1,0,0,0,-1
2026-06-29 13:16:56.478,72.91361,False,19.24871,0.790719,-9.235477,0,0,0,1,0,0,-1,False,-1,-1,0,0,0,-1
2026-06-29 13:16:56.521,72.95625,False,19.25217,0.7940222,-9.224063,0,0,0,1,0,0,-1,False,-1,-1,0,0,0,-1
2026-06-29 13:16:56.565,73.00057,False,19.25542,0.7961547,-9.212057,0,0,0,1,0,0,-1,False,-1,-1,0,0,0,-1
2026-06-29 13:16:56.610,73.04546,False,19.26052,0.7959281,-9.202181,0,0,0,1,0,0,-1,False,-1,-1,0,0,0,-1
2026-06-29 13:16:56.653,73.08975,False,19.26826,0.7943272,-9.194807,0,0,0,1,0,0,-1,False,-1,-1,0,0,0,-1
2026-06-29 13:16:56.696,73.13444,False,19.27728,0.7925113,-9.190758,0,0,0,1,0,0,-1,False,-1,-1,0,0,0,-1
2026-06-29 13:16:56.743,73.17903,False,19.28456,0.7921966,-9.187435,0,0,0,1,0,0,-1,False,-1,-1,0,0,0,-1
2026-06-29 13:16:56.787,73.22262,False,19.29063,0.7886749,-9.186291,0,0,0,1,0,0,-1,False,-1,-1,0,0,0,-1
2026-06-29 13:16:56.834,73.26859,False,19.18178,0.7786832,-9.200829,0,0,0,1,0,0,-1,False,-1,-1,0,0,0,-1
2026-06-29 13:16:56.877,73.31239,False,19.13379,0.7751965,-9.21578,0,0,0,1,0,0,-1,False,-1,-1,0,0,0,-1
2026-06-29 13:16:56.921,73.35728,False,19.10241,0.7721463,-9.220398,0,0,0,1,0,0,-1,False,-1,-1,0,0,0,-1
2026-06-29 13:16:56.966,73.40235,False,19.07406,0.764555,-9.219406,0,0,0,1,0,0,-1,False,-1,-1,0,0,0,-1
2026-06-29 13:16:57.010,73.44469,False,19.05476,0.7530491,-9.213409,0,0,0,1,0,0,-1,False,-1,-1,0,0,0,-1
2026-06-29 13:16:57.053,73.48935,False,19.02973,0.742247,-9.213847,0,0,0,1,0,0,-1,False,-1,-1,0,0,0,-1
2026-06-29 13:16:57.103,73.53883,False,19.00625,0.7312222,-9.220524,0,0,0,1,0,0,-1,False,-1,-1,0,0,0,-1
2026-06-29 13:16:57.144,73.57964,False,19.00124,0.7224531,-9.21862,0,0,0,1,0,0,-1,False,-1,-1,0,0,0,-1
2026-06-29 13:16:57.185,73.62219,False,18.99915,0.7205756,-9.21605,0,0,0,1,0,0,-1,False,-1,-1,0,0,0,-1
2026-06-29 13:16:57.226,73.66021,False,18.99703,0.7154107,-9.212212,0,0,0,1,0,0,-1,False,-1,-1,0,0,0,-1
2026-06-29 13:16:57.274,73.70887,False,18.99587,0.7101923,-9.208826,0,0,0,1,0,0,-1,False,-1,-1,0,0,0,-1
2026-06-29 13:16:57.317,73.75245,False,18.99659,0.7038605,-9.206715,0,0,0,1,0,0,-1,False,-1,-1,0,0,0,-1
2026-06-29 13:16:57.354,73.79087,False,19.00095,0.7026311,-9.209549,0,0,0,1,0,0,-1,False,-1,-1,0,0,0,-1
2026-06-29 13:16:57.394,73.83253,False,19.00428,0.7007423,-9.212714,0,0,0,1,0,0,-1,False,-1,-1,0,0,0,-1
2026-06-29 13:16:57.444,73.87974,False,19.00753,0.6992734,-9.214689,0,0,0,1,0,0,-1,False,-1,-1,0,0,0,-1
2026-06-29 13:16:57.486,73.92269,False,19.01101,0.6969379,-9.213821,0,0,0,1,0,0,-1,False,-1,-1,0,0,0,-1
2026-06-29 13:16:57.532,73.96852,False,19.01467,0.6937301,-9.211858,0,0,0,1,0,0,-1,False,-1,-1,0,0,0,-1
2026-06-29 13:16:57.577,74.01218,False,19.01938,0.6925961,-9.210493,0,0,0,1,0,0,-1,False,-1,-1,0,0,0,-1
2026-06-29 13:16:57.619,74.05643,False,19.02538,0.6937234,-9.210197,0,0,0,1,0,0,-1,False,-1,-1,0,0,0,-1
2026-06-29 13:16:57.667,74.10123,False,19.03255,0.6968098,-9.210479,0,0,0,1,0,0,-1,False,-1,-1,0,0,0,-1
2026-06-29 13:16:57.710,74.14654,False,19.04007,0.7007433,-9.210931,0,0,0,1,0,0,-1,False,-1,-1,0,0,0,-1
2026-06-29 13:16:57.752,74.18919,False,19.04641,0.7021326,-9.206274,0,0,0,1,0,0,-1,False,-1,-1,0,0,0,-1
2026-06-29 13:16:57.798,74.23434,False,19.03819,0.7103463,-9.209024,0,0,0,1,0,0,-1,False,-1,-1,0,0,0,-1
2026-06-29 13:16:57.841,74.27801,False,19.04023,0.7172844,-9.207045,0,0,0,1,0,0,-1,False,-1,-1,0,0,0,-1
2026-06-29 13:16:57.887,74.32208,False,19.03942,0.7247273,-9.205739,0,0,0,1,0,0,-1,False,-1,-1,0,0,0,-1
2026-06-29 13:16:57.929,74.36617,False,19.03511,0.7315783,-9.207782,0,0,0,1,0,0,-1,False,-1,-1,0,0,0,-1
2026-06-29 13:16:57.976,74.41188,False,19.03098,0.7383899,-9.212725,0,0,0,1,0,0,-1,False,-1,-1,0,0,0,-1
2026-06-29 13:16:58.018,74.45512,False,19.03332,0.7442885,-9.218149,0,0,0,1,0,0,-1,False,-1,-1,0,0,0,-1
2026-06-29 13:16:58.065,74.50012,False,19.03321,0.7498654,-9.22758,0,0,0,1,0,0,-1,False,-1,-1,0,0,0,-1
2026-06-29 13:16:58.111,74.54566,False,19.03413,0.7540215,-9.236898,0,0,0,1,0,0,-1,False,-1,-1,0,0,0,-1
2026-06-29 13:16:58.152,74.58908,False,19.03399,0.757389,-9.245989,0,0,0,1,0,0,-1,False,-1,-1,0,0,0,-1
2026-06-29 13:16:58.196,74.63208,False,19.03243,0.7602607,-9.254032,0,0,0,1,0,0,-1,False,-1,-1,0,0,0,-1
2026-06-29 13:16:58.243,74.67902,False,19.0326,0.7630743,-9.259941,0,0,0,1,0,0,-1,False,-1,-1,0,0,0,-1
2026-06-29 13:16:58.291,74.72556,False,19.02954,0.7670904,-9.266275,0,0,0,1,0,0,-1,False,-1,-1,0,0,0,-1
2026-06-29 13:16:58.332,74.76708,False,19.03166,0.7700292,-9.268777,0,0,0,1,0,0,-1,False,-1,-1,0,0,0,-1
2026-06-29 13:16:58.367,74.81086,False,19.03556,0.7717161,-9.2691,0,0,0,1,0,0,-1,False,-1,-1,0,0,0,-1
2026-06-29 13:16:58.408,74.85184,False,19.038,0.7728199,-9.270411,0,0,0,1,0,0,-1,False,-1,-1,0,0,0,-1
2026-06-29 13:16:58.449,74.88519,False,19.04205,0.7733463,-9.272177,0,0,0,1,0,0,-1,False,-1,-1,0,0,0,-1
2026-06-29 13:16:58.474,74.91857,False,19.04613,0.7735892,-9.2743,0,0,0,1,0,0,-1,False,-1,-1,0,0,0,-1
2026-06-29 13:16:58.508,74.95201,False,19.04421,0.7737533,-9.277624,0,0,0,1,0,0,-1,False,-1,-1,0,0,0,-1
2026-06-29 13:16:58.553,74.99631,False,19.0443,0.7737967,-9.280094,0,0,0,1,0,0,-1,False,-1,-1,0,0,0,-1
2026-06-29 13:16:58.597,75.04121,False,19.05145,0.7733013,-9.282387,0,0,0,1,0,0,-1,False,-1,-1,0,0,0,-1
2026-06-29 13:16:58.642,75.08524,False,19.0516,0.773551,-9.288437,0,0,0,1,0,0,-1,False,-1,-1,0,0,0,-1
2026-06-29 13:16:58.685,75.12949,False,19.05245,0.7755819,-9.292501,0,0,0,1,0,0,-1,False,-1,-1,0,0,0,-1
2026-06-29 13:16:58.718,75.16289,False,19.05576,0.7768381,-9.293644,0,0,0,1,0,0,-1,False,-1,-1,0,0,0,-1
2026-06-29 13:16:58.778,75.21485,True,19.05193,0.7790421,-9.299952,-0.7016937,0.7118952,0,0.02883065,-0.0410488,-0.04046057,0.9983376,True,0.4743404,0.08724751,18.723,0.4548206,-1.3,8.013273
2026-06-29 13:16:58.818,75.252,True,19.05685,0.7798928,-9.301863,-0.0321364,0.9986386,0,0.04108868,-0.08206548,-0.002640884,0.9966235,True,0.4212162,0.1752522,18.39795,0.7586893,-1.3,8.028973
2026-06-29 13:16:58.861,75.29559,True,19.05999,0.7814604,-9.304569,0.4055044,0.91373,0,0.02576184,-0.04707872,0.02089307,0.9986726,True,0.4677445,0.2303466,18.68264,0.9489228,-1.3,8.015208
2026-06-29 13:16:58.899,75.33475,True,19.05966,0.7836977,-9.308368,0.5611064,0.8267335,0,0.04088034,-0.0675943,0.04587645,0.9966576,True,0.4405949,0.2892549,18.51652,1.152325,-1.3,8.035224
2026-06-29 13:16:58.939,75.37411,True,19.05736,0.7857077,-9.312374,0.5423901,0.8392817,0,0.03767451,-0.06323903,0.04086855,0.9971612,True,0.4459396,0.2781826,18.54922,1.114094,-1.3,8.035184
2026-06-29 13:16:58.981,75.41713,True,19.0586,0.7870418,-9.314653,0.9977918,-0.05985065,0,0.02880137,0.003447561,0.05747553,0.9983409,True,0.5337132,0.3170951,19.08628,1.248454,-1.3,8.027971
2026-06-29 13:16:59.022,75.45726,True,19.06302,0.787275,-9.315281,0.8201331,-0.5696611,0,0.05355224,0.06101326,0.08783995,0.9942643,True,0.6102997,0.3886138,19.55488,1.495398,-1.3,8.061519
2026-06-29 13:16:59.061,75.49695,True,19.06384,0.7881342,-9.317757,0.9970244,-0.05185356,0,0.05703892,0.005915344,0.1137384,0.9934931,True,0.5378487,0.4496169,19.11158,1.706034,-1.3,8.070269
2026-06-29 13:16:59.119,75.55529,True,19.06454,0.7891934,-9.319937,0.8949484,-0.4440481,0,0.0434581,0.03859498,0.07778552,0.9962228,True,0.5809398,0.3654433,19.37524,1.415394,-1.3,8.050345
2026-06-29 13:16:59.153,75.58941,True,19.06368,0.789605,-9.319126,0.9094156,-0.4131622,0,0.04754365,0.03928646,0.08647384,0.9954792,True,0.5817429,0.3859495,19.38015,1.486199,-1.3,8.055543
2026-06-29 13:16:59.186,75.62345,True,19.06098,0.7893495,-9.319983,0.9761071,-0.2123412,0,0.04611186,0.01958289,0.09002021,0.9957474,True,0.5553561,0.3941151,19.2187,1.514394,-1.3,8.054235
2026-06-29 13:16:59.253,75.68861,True,19.06016,0.7884366,-9.320444,0.9765158,-0.2088944,0,0.05272613,0.02202839,0.1029758,0.9944399,True,0.5584818,0.4244008,19.23783,1.618966,-1.3,8.065289
2026-06-29 13:16:59.326,75.76019,True,19.05363,0.7889799,-9.322516,0.9452956,-0.3226192,0,0.04830152,0.03116599,0.09131843,0.9953339,True,0.5694328,0.3971921,19.30483,1.525018,-1.3,8.060125
2026-06-29 13:16:59.387,75.82261,True,19.05154,0.7885894,-9.323024,0.9527393,-0.3016646,0,0.03586622,0.02163914,0.06834231,0.9974273,True,0.5564834,0.3431204,19.2256,1.338316,-1.3,8.043717
2026-06-29 13:16:59.452,75.8886,True,19.04972,0.7881064,-9.323977,0.9152191,-0.4014275,0,0.03507186,0.02815761,0.06419685,0.9975399,True,0.5647558,0.3333243,19.27622,1.304491,-1.3,8.043766
2026-06-29 13:16:59.488,75.9229,True,19.04671,0.7881939,-9.325165,0.9561551,-0.2899935,0,0.04088144,0.0237107,0.07817798,0.9966574,True,0.5584491,0.3661082,19.23763,1.417689,-1.3,8.052079
2026-06-29 13:16:59.551,75.98876,True,19.04126,0.7880657,-9.328007,0.8753268,-0.482718,0,0.02804348,0.02707419,0.04909442,0.9984272,True,0.5619345,0.2980858,19.25895,1.182817,-1.3,8.040653
2026-06-29 13:16:59.622,76.05787,True,19.0366,0.7881194,-9.330173,0.8755924,-0.482433,0,0.02442085,0.02356284,0.04276541,0.9988072,True,0.5565556,0.283352,19.22604,1.131943,-1.3,8.039762
2026-06-29 13:16:59.687,76.12199,True,19.04083,0.7888954,-9.329173,0.8300892,-0.556953,0,0.02748451,0.03061516,0.04562919,0.9984892,True,0.5665214,0.2902654,19.28702,1.155814,-1.3,8.041322
2026-06-29 13:16:59.753,76.18877,True,19.03522,0.7905255,-9.331733,0.9273319,-0.3733375,0,0.02597776,0.01939694,0.04817999,0.9986503,True,0.5508651,0.2966957,19.19122,1.178017,-1.3,8.042587
2026-06-29 13:16:59.797,76.23306,True,19.02954,0.7905444,-9.333855,0.9011549,-0.4324648,0,0.02990238,0.02586344,0.05389334,0.9982117,True,0.55846,0.3100973,19.23769,1.224291,-1.3,8.048247
2026-06-29 13:16:59.845,76.28087,True,19.02384,0.7908937,-9.336157,0.9467492,-0.3206845,0,0.02876666,0.01845005,0.05446963,0.998345,True,0.5477809,0.3115612,19.17235,1.229346,-1.3,8.049479
2026-06-29 13:16:59.886,76.3224,True,19.02411,0.7906677,-9.336006,0.9168019,-0.3983043,0,0.02877483,0.02292228,0.05276164,0.9983441,True,0.5537083,0.3075118,19.20862,1.215364,-1.3,8.049336
2026-06-29 13:16:59.930,76.36619,True,19.02402,0.7906663,-9.336063,0.9232399,-0.3828978,0,0.03189812,0.02442743,0.05889922,0.997965,True,0.5556855,0.3218725,19.22072,1.264949,-1.3,8.05245
2026-06-29 13:16:59.973,76.41016,True,19.021,0.7913415,-9.337164,0.9227608,-0.3838603,0,0.03411337,0.02618953,0.06295695,0.9976726,True,0.5575268,0.3315942,19.23198,1.298517,-1.3,8.055913
2026-06-29 13:17:00.019,76.45487,True,19.00528,0.7929376,-9.34272,0.9139236,-0.4046641,0,0.03147659,0.02547489,0.0575344,0.9980185,True,0.5540268,0.3194513,19.21057,1.256589,-1.3,8.058689
2026-06-29 13:17:00.063,76.49837,True,19.00867,0.7928041,-9.341541,0.9088258,-0.4159216,0,0.03232551,0.02688976,0.05875652,0.9979101,True,0.5564444,0.3222598,19.22536,1.266287,-1.3,8.058382
2026-06-29 13:17:00.109,76.54459,True,19.00855,0.7927523,-9.341375,0.8911313,-0.452482,0,0.03383898,0.03062306,0.06030995,0.9977099,True,0.5613489,0.3258955,19.25537,1.278841,-1.3,8.059833
2026-06-29 13:17:00.151,76.58804,True,19.00288,0.7936924,-9.34345,0.9779635,-0.2080489,0,0.01741181,0.007245013,0.03405623,0.9993936,True,0.5296136,0.2647717,19.06119,1.067788,-1.3,8.04833
2026-06-29 13:17:00.194,76.6311,True,18.99728,0.7942189,-9.345623,0.5214952,0.8531359,0,0.01420886,-0.02424417,0.0148197,0.9995962,True,0.4872757,0.2200879,18.80214,0.913501,-1.3,8.048874
2026-06-29 13:17:00.242,76.67776,True,18.99763,0.7945852,-9.345437,0.8011777,0.5982487,0,0.01459143,-0.01745861,0.02338066,0.9995742,True,0.4962582,0.2401502,18.85711,0.9827731,-1.3,8.048864
2026-06-29 13:17:00.286,76.72176,True,18.99692,0.7954647,-9.346274,0.6113893,0.7910569,0,0.02078798,-0.03288894,0.02541909,0.9991357,True,0.4758209,0.2451887,18.73206,1.000171,-1.3,8.053234
2026-06-29 13:17:00.328,76.76409,True,18.9983,0.7962498,-9.346174,0.5811466,0.8134186,0,0.02487519,-0.04046788,0.02891226,0.9987625,True,0.4660524,0.2535877,18.67229,1.029171,-1.3,8.056145
2026-06-29 13:17:00.379,76.81417,True,18.99886,0.7961661,-9.346548,0.4881282,0.8720542,0,0.03538739,-0.06171946,0.03454718,0.9974955,True,0.4380554,0.2668168,18.50098,1.07485,-1.3,8.066751
2026-06-29 13:17:00.420,76.85592,True,18.99339,0.7964767,-9.348834,0.526022,-0.8495664,0,0.03921416,0.06663007,0.04125502,0.9969245,True,0.6064516,0.2826606,19.53134,1.129556,-1.3,8.073664
2026-06-29 13:17:00.461,76.89702,True,18.98556,0.798071,-9.352776,0.3389394,-0.929673,0,0.1443198,0.2683404,0.09783132,0.9583436,True,0.8857679,0.4247375,21.24037,1.620129,-1.3,8.402805
2026-06-29 13:17:00.508,76.94334,True,18.99217,0.7980148,-9.351549,0.2854574,-0.9508021,0,0.120372,0.2289,0.06872217,0.9710212,True,0.8285331,0.3516734,20.89017,1.367848,-1.3,8.291836
2026-06-29 13:17:00.544,76.97815,True,18.99526,0.797417,-9.351164,0.4939944,-0.864235,0,0.0952234,0.1645908,0.09407964,0.981865,True,0.7394137,0.4098887,20.34488,1.568858,-1.3,8.199868
2026-06-29 13:17:00.585,77.02063,True,19.00135,0.7964582,-9.350056,0.4286324,-0.8975137,0,0.1036502,0.1860549,0.08885565,0.9785133,True,0.7699938,0.3978988,20.53199,1.527458,-1.3,8.226823
2026-06-29 13:17:00.629,77.06524,True,19.00046,0.7965487,-9.351582,0.4596682,-0.8835806,0,0.08938948,0.1579656,0.08217899,0.984019,True,0.7309325,0.3809585,20.29299,1.468965,-1.3,8.182343
2026-06-29 13:17:00.675,77.11049,True,19.00968,0.7958292,-9.350793,0.512375,-0.8545341,0,0.08510789,0.1454552,0.08721429,0.9855133,True,0.7153956,0.3923488,20.19793,1.508295,-1.3,8.169137
2026-06-29 13:17:00.719,77.15511,True,19.02215,0.7944216,-9.348839,0.7998814,-0.5969283,0,0.06218003,0.07423404,0.0994733,0.9922673,True,0.6216457,0.4192861,19.6243,1.601306,-1.3,8.111563
2026-06-29 13:17:00.762,77.1993,True,19.01789,0.7948557,-9.352835,0.8306684,-0.553301,0,0.06203206,0.06864479,0.1030561,0.9923041,True,0.6135823,0.4279399,19.57497,1.631186,-1.3,8.115289
2026-06-29 13:17:00.808,77.24215,True,19.01334,0.7946567,-9.356894,0.8938244,-0.4455474,0,0.05065106,0.04513489,0.0905463,0.9948689,True,0.5815324,0.3980387,19.37887,1.527941,-1.3,8.098447
2026-06-29 13:17:00.853,77.28773,True,19.01251,0.7938192,-9.358042,0.91763,-0.3933585,0,0.05678403,0.04467296,0.1042135,0.9935512,True,0.5808719,0.4302105,19.37482,1.639026,-1.3,8.110344
2026-06-29 13:17:00.896,77.33254,True,19.01287,0.7926236,-9.358589,0.9226071,-0.38259,0,0.04920571,0.03765122,0.09079506,0.9951576,True,0.5715458,0.3980164,19.31776,1.527864,-1.3,8.097802
2026-06-29 13:17:00.943,77.37698,True,19.01027,0.7917525,-9.35927,0.9454257,-0.3224247,0,0.04703894,0.03033303,0.08894365,0.9955747,True,0.5614223,0.3933523,19.25582,1.51176,-1.3,8.095094
2026-06-29 13:17:00.985,77.42204,True,19.00566,0.7916851,-9.360061,0.9722276,-0.2284556,0,0.05081011,0.02321571,0.09879797,0.9948367,True,0.5512779,0.4166303,19.19375,1.592136,-1.3,8.101893
2026-06-29 13:17:01.031,77.46709,True,19.00198,0.7916487,-9.360043,0.9957007,0.08177381,0,0.04351185,-0.00711626,0.08664956,0.9962135,True,0.5105258,0.3878331,18.9444,1.492702,-1.3,8.090678
2026-06-29 13:17:01.072,77.50795,True,18.99849,0.7917245,-9.3598,0.9923144,0.1182381,0,0.03649455,-0.008630096,0.07242814,0.9973363,True,0.5079677,0.3543355,18.92875,1.37704,-1.3,8.081326
2026-06-29 13:17:01.109,77.54395,True,18.9914,0.7916149,-9.360704,0.843785,-0.5353664,0,0.03754571,0.04020143,0.06336103,0.9971806,True,0.5713176,0.3331223,19.31636,1.303793,-1.3,8.083494
2026-06-29 13:17:01.149,77.58522,True,18.98426,0.7920056,-9.362336,0.9307191,-0.3633209,0,0.04195026,0.03048282,0.07808782,0.9964804,True,0.5573475,0.3678778,19.23089,1.4238,-1.3,8.090814
2026-06-29 13:17:01.195,77.63138,True,18.98117,0.7916631,-9.362039,0.9339939,-0.3558186,0,0.03237973,0.02304262,0.06048495,0.9979031,True,0.5469595,0.3263239,19.16733,1.28032,-1.3,8.078979
2026-06-29 13:17:01.234,77.67023,True,18.98239,0.7910136,-9.360378,0.9083771,-0.4162307,0,0.04003706,0.03332931,0.07273751,0.996794,True,0.560782,0.3549585,19.2519,1.379191,-1.3,8.086302
2026-06-29 13:17:01.276,77.71142,True,18.98178,0.7910108,-9.359766,0.9254265,-0.3771546,0,0.03660773,0.02761355,0.06775554,0.9973198,True,0.5531057,0.3431948,19.20493,1.338572,-1.3,8.081427
2026-06-29 13:17:01.319,77.75518,True,18.98186,0.7915695,-9.359221,0.8791495,-0.4749771,0,0.03863942,0.03670567,0.06793964,0.997014,True,0.5651392,0.3438254,19.27856,1.34075,-1.3,8.083358
2026-06-29 13:17:01.361,77.79613,True,18.98312,0.7919319,-9.358749,0.9467313,-0.3195619,0,0.03975086,0.02540572,0.07526676,0.9968398,True,0.5504206,0.3611041,19.18851,1.400411,-1.3,8.084297
2026-06-29 13:17:01.401,77.83505,True,18.98434,0.7922086,-9.358545,0.9671733,-0.2502045,0,0.04442477,0.02223055,0.0859329,0.9960529,True,0.5464481,0.386311,19.1642,1.487447,-1.3,8.090479
2026-06-29 13:17:01.452,77.88596,True,19.00412,0.7906621,-9.352171,0.9735514,-0.2242479,0,0.04371083,0.01960413,0.08510947,0.9961787,True,0.5461831,0.3837508,19.16258,1.478607,-1.3,8.083058
2026-06-29 13:17:01.493,77.92934,True,19.00386,0.7910602,-9.352444,0.9353473,-0.3500974,0,0.05056962,0.03540859,0.09460032,0.9948854,True,0.5670831,0.4063793,19.29045,1.55674,-1.3,8.093841
2026-06-29 13:17:01.533,77.96938,True,19.00826,0.7904584,-9.351688,0.9566184,-0.2865964,0,0.05238055,0.03002415,0.1002164,0.9945126,True,0.5606894,0.4194356,19.25134,1.601822,-1.3,8.096115
2026-06-29 13:17:01.572,78.00707,True,19.01806,0.788528,-9.348521,0.9378664,-0.3436469,0,0.04809777,0.0330573,0.09021856,0.9953732,True,0.5662507,0.395168,19.28536,1.518029,-1.3,8.085933
2026-06-29 13:17:01.617,78.0521,True,19.02417,0.7872458,-9.347064,0.9760032,-0.2136289,0,0.04219717,0.01802906,0.08236913,0.9964388,True,0.5473592,0.3761737,19.16977,1.452444,-1.3,8.075823
2026-06-29 13:17:01.660,78.09751,True,19.03365,0.7865038,-9.343466,0.9532963,0.2995408,0,0.03874858,-0.02321356,0.07387777,0.9969971,True,0.4945042,0.3559246,18.84637,1.382527,-1.3,8.067692
2026-06-29 13:17:01.701,78.13746,True,19.03898,0.7862256,-9.341386,0.7450708,0.6661954,0,0.03245392,-0.0432413,0.04836093,0.9978935,True,0.4690341,0.2960928,18.69053,1.175936,-1.3,8.05836
2026-06-29 13:17:01.740,78.17664,True,19.03782,0.7862698,-9.341238,0.8371762,0.5457847,0,0.03542892,-0.03867311,0.05932048,0.9974896,True,0.4748408,0.3217367,18.72606,1.264481,-1.3,8.061476
2026-06-29 13:17:01.796,78.2321,True,19.03978,0.7861025,-9.340082,0.9017088,0.4307755,0,0.03679337,-0.03169936,0.0663538,0.9972925,True,0.4843466,0.3381174,18.78422,1.321041,-1.3,8.061909
2026-06-29 13:17:01.863,78.29775,True,19.04023,0.7864976,-9.339243,-0.9299755,0.365634,0,0.03817783,-0.02791822,-0.07100888,0.9970849,True,0.4893983,0.01749401,18.81513,0.2139711,-1.3,8.062746
2026-06-29 13:17:01.897,78.33128,True,19.04058,0.7862647,-9.338896,-0.9314229,0.3619643,0,0.03785932,-0.02740744,-0.07052606,0.9971333,True,0.4901323,0.01856908,18.81962,0.2176832,-1.3,8.062006
2026-06-29 13:17:01.929,78.36464,True,19.0408,0.7863328,-9.338822,-0.9338177,0.3559982,0,0.03535135,-0.02517003,-0.06602343,0.9975005,True,0.493129,0.02916004,18.83796,0.2542523,-1.3,8.058966
2026-06-29 13:17:01.994,78.43103,True,19.04677,0.7855307,-9.337132,-0.975847,0.2155685,0,0.03539513,-0.01526015,-0.06908047,0.9974944,True,0.5071604,0.02182555,18.92381,0.2289274,-1.3,8.05732
2026-06-29 13:17:02.030,78.46501,True,19.04695,0.7855338,-9.33729,-0.9683806,0.2469658,0,0.03531246,-0.01744194,-0.06839179,0.997506,True,0.5043174,0.02343222,18.90642,0.2344749,-1.3,8.057384
2026-06-29 13:17:02.094,78.53033,True,19.04812,0.7857788,-9.337298,-0.9716317,0.2339175,0,0.03484826,-0.01630324,-0.06771935,0.9975712,True,0.506009,0.02508249,18.91677,0.240173,-1.3,8.056867
2026-06-29 13:17:02.130,78.56533,True,19.04755,0.7860696,-9.337328,-0.9706104,0.2382606,0,0.03387319,-0.01614129,-0.06575533,0.9977052,True,0.5061314,0.02976957,18.91751,0.2563568,-1.3,8.055814
2026-06-29 13:17:02.198,78.63167,True,19.04897,0.7862018,-9.337011,-0.9675679,0.2507595,0,0.03053289,-0.01531282,-0.05908527,0.9981355,True,0.5074648,0.04543447,18.92567,0.3104458,-1.3,8.052025
2026-06-29 13:17:02.263,78.69958,True,19.05046,0.7860123,-9.336432,-0.9631696,0.2667295,0,0.03405575,-0.01816734,-0.06560292,0.9976804,True,0.5039425,0.03012181,18.90412,0.2575731,-1.3,8.055117
2026-06-29 13:17:02.330,78.76527,True,19.08237,0.7825006,-9.3252,-0.9699878,0.2406189,0,0.03501803,-0.016852,-0.06793412,0.9975474,True,0.5109174,0.02386681,18.9468,0.2359756,-1.3,8.04493
2026-06-29 13:17:02.394,78.83115,True,19.09626,0.7812461,-9.320402,-0.9743333,0.2224837,0,0.03429043,-0.01525812,-0.0668206,0.9976483,True,0.5152962,0.02620669,18.97359,0.2440548,-1.3,8.039308
2026-06-29 13:17:02.430,78.86526,True,19.09764,0.7811117,-9.319967,-0.981801,0.186937,0,0.03348652,-0.01251973,-0.06575418,0.9977573,True,0.5191228,0.02867574,18.997,0.25258,-1.3,8.037993
2026-06-29 13:17:02.478,78.9105,True,19.10123,0.7809464,-9.318802,-0.9814047,0.1892744,0,0.03193774,-0.01208999,-0.0626877,0.9979599,True,0.5202799,0.03581721,19.00408,0.2772386,-1.3,8.035193
2026-06-29 13:17:02.524,78.95876,True,19.10571,0.7805872,-9.317472,-0.9744414,0.222254,0,0.03266628,-0.01452043,-0.06366276,0.9978659,True,0.517821,0.03345472,18.98904,0.2690812,-1.3,8.034619
2026-06-29 13:17:02.568,79.00179,True,19.10211,0.7809814,-9.318797,-0.9737287,0.2254229,0,0.03220327,-0.01451871,-0.06271449,0.9979259,True,0.5172329,0.03576012,18.98544,0.2770414,-1.3,8.035462
2026-06-29 13:17:02.606,79.04236,True,19.12128,0.7790861,-9.312016,-0.9666918,0.2539894,0,0.03156706,-0.01603539,-0.06103123,0.9980071,True,0.5183945,0.03926006,18.99255,0.2891265,-1.3,8.028016
2026-06-29 13:17:02.652,79.08765,True,19.13657,0.777643,-9.306499,-0.9737538,0.2256475,0,0.02977673,-0.0134381,-0.05799042,0.9982267,True,0.5243177,0.04603462,19.02879,0.312518,-1.3,8.020722
2026-06-29 13:17:02.693,79.13032,True,19.14846,0.7764646,-9.302304,-0.9709862,0.2372265,0,0.0301582,-0.01430864,-0.05856637,0.9981809,True,0.5251279,0.04442049,19.03375,0.3069446,-1.3,8.016887
2026-06-29 13:17:02.741,79.17737,True,19.1696,0.774641,-9.294863,-0.973934,0.224754,0,0.03063019,-0.01376852,-0.05966357,0.9981236,True,0.5293072,0.04146576,19.05932,0.2967423,-1.3,8.009892
2026-06-29 13:17:02.784,79.22009,True,19.17713,0.7737047,-9.292195,0.9179245,0.3938763,0,0.04770781,-0.03758195,0.08758433,0.9954479,True,0.4992473,0.3832555,18.87539,1.476897,-1.3,8.028743
2026-06-29 13:17:02.827,79.26395,True,19.18484,0.7727863,-9.289518,0.9183497,0.3935003,0,0.04232363,-0.03330872,0.07773578,0.9964175,True,0.5061713,0.3598529,18.91776,1.396091,-1.3,8.018244
2026-06-29 13:17:02.871,79.30746,True,19.18227,0.7733896,-9.289941,0.9230891,0.3823678,0,0.04124859,-0.03154426,0.07615223,0.9965971,True,0.5080694,0.3563278,18.92937,1.383919,-1.3,8.017222
2026-06-29 13:17:02.917,79.35375,True,19.1934,0.7727851,-9.286268,0.9123563,0.4073086,0,0.04130085,-0.03364438,0.07536217,0.9965885,True,0.5071564,0.3542394,18.92379,1.376708,-1.3,8.013607
2026-06-29 13:17:02.961,79.39852,True,19.19083,0.7730532,-9.287298,0.9052137,0.4230015,0,0.04071928,-0.03444863,0.07371929,0.9966838,True,0.5056822,0.3505099,18.91477,1.363831,-1.3,8.013873
2026-06-29 13:17:03.006,79.44118,True,19.18401,0.7737885,-9.289666,0.9181968,0.3940742,0,0.04025077,-0.03172359,0.07391627,0.9967598,True,0.5081271,0.3512177,18.92973,1.366275,-1.3,8.015638
2026-06-29 13:17:03.052,79.48771,True,19.19391,0.7728838,-9.286286,0.9254059,0.3767853,0,0.04070533,-0.03067434,0.0753379,0.9966862,True,0.5111331,0.3541949,18.94812,1.376554,-1.3,8.01284
2026-06-29 13:17:03.096,79.53191,True,19.19569,0.7729425,-9.285892,0.9276629,0.3711982,0,0.04066364,-0.03018853,0.07544429,0.996693,True,0.5120621,0.354449,18.9538,1.377432,-1.3,8.01239
2026-06-29 13:17:03.139,79.57512,True,19.18929,0.7735012,-9.28826,0.9370408,0.3466478,0,0.04230741,-0.02933153,0.07928751,0.9964201,True,0.512117,0.3636339,18.95414,1.409146,-1.3,8.016958
2026-06-29 13:17:03.185,79.62083,True,19.20192,0.7722774,-9.283709,0.9295263,0.3661343,0,0.04389381,-0.03214205,0.08160088,0.9961467,True,0.5105119,0.3685947,18.94432,1.426275,-1.3,8.014591
2026-06-29 13:17:03.240,79.67579,True,19.19314,0.7730244,-9.286728,0.9220473,0.3846062,0,0.04366709,-0.03358926,0.08052623,0.9961864,True,0.5071666,0.3663799,18.92385,1.418628,-1.3,8.017303
2026-06-29 13:17:03.284,79.72023,True,19.19731,0.7727026,-9.285006,0.9151353,0.4007438,0,0.04395311,-0.03522787,0.08044608,0.9961363,True,0.5057078,0.3660697,18.91492,1.417557,-1.3,8.015977
2026-06-29 13:17:03.328,79.7624,True,19.19088,0.7734147,-9.287037,0.9143474,0.4025613,0,0.04374316,-0.03521859,0.07999285,0.9961731,True,0.5046597,0.3652641,18.90851,1.414775,-1.3,8.017719
2026-06-29 13:17:03.372,79.80809,True,19.19907,0.7726275,-9.28409,0.9302509,0.3643138,0,0.04368947,-0.03183335,0.08128433,0.9961824,True,0.5104499,0.3679636,18.94394,1.424096,-1.3,8.014687
2026-06-29 13:17:03.419,79.8541,True,19.19749,0.7728193,-9.284859,0.9217862,0.3851847,0,0.04407892,-0.03395706,0.08126269,0.9961141,True,0.5074021,0.3680001,18.92529,1.424222,-1.3,8.016008
2026-06-29 13:17:03.461,79.8978,True,19.20225,0.7724059,-9.283209,0.9200873,0.389244,0,0.04391426,-0.03418672,0.0808099,0.9961431,True,0.5078902,0.3667849,18.92828,1.420026,-1.3,8.014119
2026-06-29 13:17:03.506,79.94156,True,19.20252,0.7724635,-9.282991,0.929125,0.3672806,0,0.04279867,-0.03143824,0.07953063,0.9963366,True,0.5115429,0.3637915,18.95063,1.40969,-1.3,8.012343
2026-06-29 13:17:03.561,79.99667,True,19.19717,0.7729993,-9.284754,0.9288024,0.3680548,0,0.04314817,-0.03176179,0.08015227,0.9962765,True,0.5102327,0.3654415,18.94261,1.415387,-1.3,8.014597
2026-06-29 13:17:03.607,80.04085,True,19.20289,0.772545,-9.28257,0.9340904,0.3542742,0,0.04432765,-0.03140829,0.08281206,0.9960701,True,0.5116343,0.3714709,18.95119,1.436206,-1.3,8.014064
2026-06-29 13:17:03.644,80.0806,True,19.20325,0.7725112,-9.282454,0.9351355,0.3515626,0,0.04387964,-0.03085287,0.0820668,0.9961491,True,0.5124245,0.3697135,18.95602,1.430138,-1.3,8.013311
2026-06-29 13:17:03.683,80.11898,True,19.19743,0.7727443,-9.284485,0.930509,0.36362,0,0.04397142,-0.03197777,0.08183161,0.996133,True,0.5099884,0.3692866,18.94111,1.428664,-1.3,8.015481
2026-06-29 13:17:03.727,80.16349,True,19.19938,0.772574,-9.283638,0.968994,0.24336,0,0.04273773,-0.02080131,0.0828252,0.996347,True,0.5249577,0.3714821,19.03271,1.436245,-1.3,8.01291
2026-06-29 13:17:03.772,80.20892,True,19.20367,0.7721909,-9.28206,0.9982791,0.03758451,0,0.04501501,-0.003383733,0.08987506,0.9959473,True,0.5484676,0.3877739,19.17655,1.492498,-1.3,8.01454
2026-06-29 13:17:03.817,80.2534,True,19.19909,0.7726104,-9.284146,0.9988645,0.01548223,0,0.04505502,-0.001395104,0.09000771,0.9959401,True,0.5503226,0.3882594,19.1879,1.494174,-1.3,8.016692
2026-06-29 13:17:03.867,80.30001,True,19.19101,0.7735854,-9.286834,0.998988,-0.002185013,0,0.04492387,0.0001963185,0.08975682,0.9959637,True,0.5510879,0.3880244,19.19259,1.493363,-1.3,8.019201
2026-06-29 13:17:03.913,80.341,True,19.18566,0.7744113,-9.288715,0.9962747,0.07614053,0,0.04048818,-0.006165583,0.0806747,0.9967214,True,0.5418794,0.3670723,19.13624,1.421018,-1.3,8.014994
2026-06-29 13:17:03.949,80.38703,True,19.17894,0.7751348,-9.291101,0.9960231,0.08023934,0,0.03872593,-0.006214686,0.07714385,0.9970006,True,0.5407165,0.3590892,19.12913,1.393454,-1.3,8.015142
2026-06-29 13:17:03.995,80.4313,True,19.17538,0.77565,-9.292662,0.9839311,0.1742545,0,0.03892386,-0.01356532,0.07659679,0.9969698,True,0.5305024,0.3580087,19.06663,1.389723,-1.3,8.016953
2026-06-29 13:17:04.038,80.4739,True,19.13672,0.7790706,-9.306789,0.9710758,0.2349436,0,0.04258466,-0.02000998,0.08270585,0.9963731,True,0.5156764,0.3736381,18.97592,1.443689,-1.3,8.035934
2026-06-29 13:17:04.084,80.51997,True,19.12158,0.7802587,-9.311871,0.9722525,0.2292034,0,0.04680558,-0.021456,0.09101368,0.9956185,True,0.5112635,0.3936124,18.94892,1.512658,-1.3,8.047129
2026-06-29 13:17:04.126,80.56215,True,19.11485,0.7816077,-9.314756,0.9582303,0.2812303,0,0.05200275,-0.02924949,0.0996612,0.9945915,True,0.4998607,0.4144802,18.87915,1.584712,-1.3,8.058341
2026-06-29 13:17:04.171,80.60737,True,19.12053,0.7821571,-9.312894,0.9422964,0.33014,0,0.05554341,-0.03667421,0.1046767,0.9938298,True,0.4909855,0.426475,18.82484,1.626128,-1.3,8.062642
2026-06-29 13:17:04.217,80.65202,False,19.12654,0.7827379,-9.310656,0,0,0,1,0,0,-1,False,-1,-1,0,0,0,-1
2026-06-29 13:17:04.261,80.69601,True,19.11161,0.7845581,-9.315754,0.928677,0.3601363,0,0.0886615,-0.06386045,0.1646758,0.9842783,True,0.4528568,0.5711417,18.59155,2.125643,-1.3,8.143787
2026-06-29 13:17:04.303,80.74072,True,19.11962,0.7841066,-9.313642,0.8455908,0.5326875,0,0.03493412,-0.03721793,0.05907992,0.9975592,True,0.4902989,0.3200656,18.82064,1.25871,-1.3,8.033249
2026-06-29 13:17:04.352,80.78848,True,19.12348,0.7848899,-9.312756,0.9654473,0.2586329,0,0.03194642,-0.01652479,0.06168516,0.9979589,True,0.5181086,0.3262803,18.9908,1.280169,-1.3,8.029143
2026-06-29 13:17:04.395,80.83148,True,19.11723,0.7880642,-9.315739,0.9408166,0.3375339,0,0.03057752,-0.0206419,0.05753568,0.99813,True,0.5116795,0.3175775,18.95146,1.250119,-1.3,8.030756
2026-06-29 13:17:04.438,80.87354,True,19.11329,0.7911789,-9.316952,0.9015427,0.4318289,0,0.02728868,-0.02356808,0.04920382,0.9985106,True,0.5072017,0.2990748,18.92406,1.186232,-1.3,8.02891
2026-06-29 13:17:04.484,80.91987,True,19.1136,0.7937541,-9.316091,-0.2357524,0.9715576,0,0.02228597,-0.0433042,-0.01050794,0.9990066,True,0.4813887,0.1609883,18.76612,0.7094378,-1.3,8.024062
2026-06-29 13:17:04.526,80.96204,True,19.10074,0.7967703,-9.319614,0.7367052,0.6756961,0,0.02646371,-0.03576285,0.0389919,0.9985994,True,0.4891369,0.2769705,18.81353,1.109909,-1.3,8.030863
2026-06-29 13:17:04.574,81.00941,True,19.0991,0.7993347,-9.319263,0.9133106,0.405978,0,0.03233825,-0.02625723,0.05906971,0.9979085,True,0.5013231,0.3245003,18.88809,1.274023,-1.3,8.03607
2026-06-29 13:17:04.619,81.05501,True,19.09324,0.8014392,-9.320463,0.6922733,0.7198234,0,0.05110848,-0.07357813,0.07076205,0.9947758,True,0.4378964,0.3528655,18.50001,1.371964,-1.3,8.062583
2026-06-29 13:17:04.662,81.09686,True,19.08999,0.8024114,-9.320774,0.4028893,0.9067627,0,0.1243448,-0.2255024,0.1001944,0.9690768,True,0.2292815,0.4280864,17.22357,1.631692,-1.3,8.276717
2026-06-29 13:17:04.707,81.1413,True,19.08359,0.8033062,-9.322598,0.2734271,0.9526811,0,0.1328025,-0.2530368,0.07262359,0.964727,True,0.1893673,0.3630815,16.97935,1.407238,-1.3,8.315926
2026-06-29 13:17:04.743,81.17871,True,19.08176,0.803601,-9.322316,0.3250684,0.9365541,0,0.1311375,-0.2456348,0.08525734,0.9656059,True,0.1994439,0.3934,17.04101,1.511925,-1.3,8.308064
2026-06-29 13:17:04.782,81.21742,True,19.09176,0.8026885,-9.317783,0.401563,0.9091036,0,0.1108057,-0.2014677,0.08899095,0.9754442,True,0.2639618,0.3998399,17.43577,1.534161,-1.3,8.219623
2026-06-29 13:17:04.823,81.25673,True,19.07698,0.8030711,-9.320386,0.5821025,0.8067513,0,0.101534,-0.1638253,0.1182064,0.9793817,True,0.312928,0.4684583,17.73537,1.771091,-1.3,8.189233
2026-06-29 13:17:04.861,81.29787,True,19.07895,0.802083,-9.317832,0.568673,0.8176576,0,0.08970579,-0.1466972,0.1020265,0.9839058,True,0.3371388,0.4286087,17.88351,1.633495,-1.3,8.148984
2026-06-29 13:17:04.907,81.3409,True,19.0861,0.8010479,-9.314274,0.5322154,0.8292784,0,0.1704235,-0.282657,0.181404,0.9419117,True,0.1406237,0.6345338,16.68111,2.344527,-1.3,8.508518
2026-06-29 13:17:04.950,81.38512,True,19.07525,0.8001944,-9.317188,0.6305476,0.7574065,0,0.169544,-0.2568274,0.2138111,0.9425096,True,0.1748651,0.7140011,16.89062,2.618917,-1.3,8.506213
2026-06-29 13:17:04.995,81.43061,True,19.074,0.798802,-9.317219,0.6594324,0.735698,0,0.1545878,-0.2274598,0.2038804,0.9522053,True,0.2187074,0.6840209,17.15887,2.515399,-1.3,8.419633
2026-06-29 13:17:05.038,81.47382,True,19.07734,0.7978609,-9.315201,0.8029372,0.583478,0,0.1218416,-0.1421838,0.1956623,0.9703093,True,0.3402979,0.6546893,17.90284,2.414122,-1.3,8.260461
2026-06-29 13:17:05.085,81.52109,True,19.08572,0.7968904,-9.310685,0.8307558,0.5457451,0,0.1095764,-0.1196016,0.1820625,0.9759861,True,0.373184,0.6190953,18.10406,2.29122,-1.3,8.207787
2026-06-29 13:17:05.125,81.56303,True,19.09334,0.7966177,-9.306052,0.8675148,0.4891745,0,0.09014576,-0.08819402,0.1564056,0.9837475,True,0.4175622,0.554881,18.37559,2.069497,-1.3,8.13832
2026-06-29 13:17:05.172,81.60758,True,19.10301,0.7952369,-9.300438,0.8446319,0.5277813,0,0.08968776,-0.09467103,0.1515063,0.9839122,True,0.4106362,0.5426233,18.33322,2.027173,-1.3,8.131252
2026-06-29 13:17:05.215,81.65215,True,19.11185,0.7940509,-9.294876,0.8970419,0.4351252,0,0.07734234,-0.0673072,0.1387586,0.9880363,True,0.4488809,0.5106699,18.56722,1.916842,-1.3,8.091681
2026-06-29 13:17:05.260,81.69594,True,19.1201,0.7929658,-9.289086,0.8702981,0.4866842,0,0.07562922,-0.07361509,0.1316399,0.9885604,True,0.4420102,0.4932863,18.52518,1.856819,-1.3,8.081535
2026-06-29 13:17:05.308,81.74529,True,19.12592,0.792105,-9.285139,0.8736914,0.4810283,0,0.07263103,-0.06987514,0.1269142,0.9894494,True,0.4480287,0.4815627,18.56201,1.816339,-1.3,8.070284
2026-06-29 13:17:05.350,81.78611,True,19.13143,0.7911755,-9.281912,0.865824,0.4954602,0,0.06977156,-0.06913804,0.1208198,0.9902638,True,0.450013,0.466703,18.57415,1.76503,-1.3,8.060388
2026-06-29 13:17:05.394,81.82969,True,19.13655,0.7905587,-9.279348,0.835954,0.5448477,0,0.06574127,-0.07163797,0.1099134,0.9913562,True,0.4476914,0.4406994,18.55994,1.675243,-1.3,8.048922
2026-06-29 13:17:05.440,81.87459,True,19.13144,0.7911823,-9.281151,0.7974623,0.599822,0,0.0653248,-0.07836653,0.1041882,0.9914653,True,0.4379934,0.4275621,18.5006,1.629882,-1.3,8.049854
2026-06-29 13:17:05.482,81.91878,True,19.13151,0.7913237,-9.281143,0.8400596,0.5386394,0,0.06455625,-0.06954506,0.1084622,0.9916649,True,0.4496286,0.4375162,18.5718,1.664252,-1.3,8.048224
2026-06-29 13:17:05.528,81.96243,True,19.12522,0.7911713,-9.283869,0.8379906,0.5408046,0,0.07281587,-0.07875831,0.122038,0.9893957,True,0.4362082,0.4698655,18.48968,1.77595,-1.3,8.069439
2026-06-29 13:17:05.571,82.00607,True,19.12636,0.7900733,-9.283696,0.8389452,0.5398493,0,0.06880268,-0.07428614,0.1154433,0.9905323,True,0.442408,0.4538202,18.52761,1.720547,-1.3,8.060005
2026-06-29 13:17:05.609,82.046,True,19.12374,0.7903572,-9.285058,0.7400936,0.6677651,0,0.07969478,-0.1064348,0.1179632,0.9872975,True,0.3991472,0.4607338,18.26292,1.744419,-1.3,8.087792
2026-06-29 13:17:05.653,82.08775,True,19.12254,0.7908899,-9.285879,0.826461,0.5577713,0,0.07650824,-0.0853482,0.1264621,0.988293,True,0.4269254,0.4805276,18.43288,1.812764,-1.3,8.080478
2026-06-29 13:17:05.704,82.13772,True,19.12279,0.791392,-9.285533,0.8293071,0.5540475,0,0.07267232,-0.08052783,0.1205353,0.9894375,True,0.4334605,0.4664645,18.47287,1.764206,-1.3,8.07078
2026-06-29 13:17:05.746,82.181,True,19.11917,0.7914645,-9.286076,0.7860937,0.6137332,0,0.07340505,-0.09010222,0.1154065,0.9892234,True,0.4202058,0.4545739,18.39177,1.72315,-1.3,8.073075
2026-06-29 13:17:05.786,82.22106,True,19.11697,0.7911948,-9.285959,0.7765369,0.6246178,0,0.08272228,-0.1033396,0.1284738,0.986314,True,0.4019796,0.4859299,18.28025,1.831418,-1.3,8.096771
2026-06-29 13:17:05.826,82.26243,True,19.11377,0.7907136,-9.28615,0.9831959,0.1460254,0,0.1095553,-0.03199571,0.2154286,0.9759953,True,0.4954171,0.6950476,18.85196,2.553473,-1.3,8.18257
2026-06-29 13:17:05.883,82.31882,True,19.11218,0.7899051,-9.286444,0.731544,-0.6694216,0,0.1292988,0.1731108,0.1891755,0.9665637,True,0.7717186,0.6369902,20.54255,2.353009,-1.3,8.262718
2026-06-29 13:17:05.950,82.38605,True,19.11452,0.7872958,-9.285851,0.3932357,-0.9125178,0,0.1125927,0.2054856,0.08855088,0.9746457,True,0.8134986,0.3936669,20.79818,1.512846,-1.3,8.193593
2026-06-29 13:17:05.986,82.42074,True,19.10698,0.7858357,-9.28919,0.3724129,-0.9195373,0,0.1255381,0.2308739,0.09350403,0.9684803,True,0.848363,0.4065036,21.0115,1.557169,-1.3,8.249202
2026-06-29 13:17:06.051,82.48605,True,19.10963,0.7814891,-9.289434,-0.01261306,-0.994268,0,0.1061701,0.211123,-0.002678259,0.9774559,True,0.8195635,0.1755154,20.83529,0.7595979,-1.3,8.173704
2026-06-29 13:17:06.084,82.51974,True,19.10728,0.780771,-9.290213,0.05556563,-0.9929062,0,0.1051181,0.2087449,0.01168191,0.9779003,True,0.8159031,0.2092913,20.81289,0.8762215,-1.3,8.170784
2026-06-29 13:17:06.150,82.58588,True,19.10373,0.7823213,-9.291189,-0.1457787,-0.9858913,0,0.08226233,0.1622034,-0.02398418,0.9864658,True,0.7513162,0.1258268,20.41771,0.5880297,-1.3,8.100827
2026-06-29 13:17:06.217,82.65204,True,19.09043,0.7843809,-9.295281,0.02076717,-0.9981498,0,0.05714655,0.1140816,0.002373544,0.9934686,True,0.6844436,0.1882251,20.00854,0.803483,-1.3,8.047845
2026-06-29 13:17:06.286,82.72014,True,19.10703,0.7823448,-9.288898,0.1278232,-0.9910114,0,0.03946731,0.07822511,0.01008967,0.9968847,True,0.6395608,0.2055207,19.73392,0.8632022,-1.3,8.013865
2026-06-29 13:17:06.351,82.78458,True,19.11231,0.7824426,-9.286398,0.1477139,-0.9866382,0,0.06874333,0.1356496,0.02030869,0.9905487,True,0.7167155,0.2295533,20.206,0.9461837,-1.3,8.0626
2026-06-29 13:17:06.387,82.81947,True,19.11372,0.7830377,-9.285789,0.3102741,-0.9494507,0,0.04768189,0.09054317,0.0295889,0.9954529,True,0.6569107,0.2510497,19.84008,1.020408,-1.3,8.022268
2026-06-29 13:17:06.418,82.85357,True,19.11412,0.7837253,-9.285732,0.08600248,-0.9952909,0,0.04471758,0.08901401,0.007691646,0.9960007,True,0.6549072,0.2003636,19.82782,0.8453953,-1.3,8.017798
2026-06-29 13:17:06.450,82.88723,True,19.11431,0.7847316,-9.285107,0.3433145,-0.9384446,0,0.03817064,0.07164206,0.02620907,0.997086,True,0.6320637,0.2435828,19.68805,0.9946257,-1.3,8.008444
2026-06-29 13:17:06.516,82.95098,True,19.1137,0.786296,-9.284311,0.7160604,-0.6968613,0,0.0405208,0.05647474,0.05803067,0.9967161,True,0.6121322,0.3178782,19.56609,1.251158,-1.3,8.010617
2026-06-29 13:17:06.561,82.99532,True,19.11366,0.7863917,-9.284187,0.8280318,-0.5591565,0,0.04132248,0.04621146,0.06843264,0.996585,True,0.5986966,0.3420568,19.48389,1.334643,-1.3,8.011546
2026-06-29 13:17:06.608,83.04198,True,19.11417,0.7863223,-9.284403,0.7904788,-0.6111479,0,0.04051547,0.0495219,0.06405325,0.996717,True,0.6031071,0.3318597,19.51087,1.299434,-1.3,8.010701
2026-06-29 13:17:06.651,83.08657,True,19.11423,0.7865477,-9.284264,0.8197144,-0.5712763,0,0.04137508,0.04727319,0.06783148,0.9965762,True,0.6001802,0.34071,19.49297,1.329993,-1.3,8.011694
2026-06-29 13:17:06.696,83.13041,True,19.11427,0.7873322,-9.283949,0.7479483,-0.6624714,0,0.04129225,0.05470986,0.06176894,0.9965899,True,0.6099213,0.3268626,19.55257,1.28218,-1.3,8.011268
2026-06-29 13:17:06.744,83.17909,True,19.11462,0.7877504,-9.283583,0.8440696,-0.5347844,0,0.03939874,0.04213966,0.06651054,0.9968955,True,0.5934999,0.3379308,19.45209,1.320397,-1.3,8.008445
2026-06-29 13:17:06.783,83.21936,True,19.11473,0.7876487,-9.283162,0.8662748,-0.4976065,0,0.04422561,0.04401389,0.07662304,0.9960881,True,0.5960152,0.3614905,19.46748,1.401745,-1.3,8.014513
2026-06-29 13:17:06.827,83.26235,True,19.11501,0.7876532,-9.283407,0.999292,-0.02130152,0,0.03101251,0.001321227,0.06198111,0.9980765,True,0.5401367,0.327224,19.12558,1.283427,-1.3,7.998792
2026-06-29 13:17:06.873,83.30756,True,19.11507,0.7876755,-9.283674,0.9990467,-0.03187054,0,0.02983315,0.001901597,0.05960941,0.99822,True,0.5409049,0.321721,19.13028,1.264426,-1.3,7.997911
2026-06-29 13:17:06.917,83.3523,True,19.11479,0.7875021,-9.283587,0.999449,0.008782006,0,0.03201183,-0.000562256,0.06398837,0.9979504,True,0.5376374,0.3318522,19.11029,1.299408,-1.3,7.999982
2026-06-29 13:17:06.958,83.39428,True,19.1148,0.7870356,-9.283487,0.9680191,-0.24834,0,0.03558498,0.01767434,0.06889386,0.9974674,True,0.5614937,0.343158,19.25626,1.338446,-1.3,8.003757
2026-06-29 13:17:07.005,83.44009,True,19.11429,0.7866354,-9.283076,0.9969531,0.06607348,0,0.04145985,-0.005478793,0.08266705,0.9965622,True,0.5311188,0.3751325,19.0704,1.448849,-1.3,8.010615
2026-06-29 13:17:07.049,83.48538,True,19.11372,0.7862746,-9.282407,0.9968027,0.06916887,0,0.04000128,-0.005533686,0.07974675,0.9967998,True,0.530956,0.3681934,19.06941,1.424889,-1.3,8.008034
2026-06-29 13:17:07.092,83.52805,True,19.11293,0.7859457,-9.281681,0.9973735,-0.06322088,0,0.03534571,0.004469174,0.07050575,0.9975013,True,0.5439136,0.3465362,19.14869,1.35011,-1.3,8.001674
2026-06-29 13:17:07.139,83.57425,True,19.11233,0.7859504,-9.280969,0.9877908,-0.1525357,0,0.03165836,0.009658059,0.06254366,0.9979955,True,0.5505942,0.3280015,19.18957,1.286112,-1.3,7.996998
2026-06-29 13:17:07.184,83.61952,True,19.11182,0.7860252,-9.280165,0.8356197,-0.5476421,0,0.04275484,0.0468287,0.07145357,0.996344,True,0.5991881,0.3489165,19.48689,1.358329,-1.3,8.009447
2026-06-29 13:17:07.225,83.66228,True,19.11143,0.7861327,-9.278957,0.8960966,-0.442001,0,0.04057174,0.0358655,0.07271239,0.9967079,True,0.5847488,0.3517806,19.39855,1.368218,-1.3,8.005311
2026-06-29 13:17:07.271,83.70621,True,19.11128,0.7858588,-9.27824,0.7074245,-0.7058555,0,0.03631267,0.05126298,0.05137693,0.9973628,True,0.6048191,0.3021471,19.52135,1.19684,-1.3,7.999336
2026-06-29 13:17:07.306,83.74199,True,19.11122,0.7858367,-9.278306,0.9154367,-0.3999524,0,0.04487326,0.03589433,0.08215725,0.9959728,True,0.584783,0.3737174,19.39875,1.443963,-1.3,8.010566
2026-06-29 13:17:07.349,83.78322,True,19.11096,0.7856617,-9.278155,0.9320595,-0.3599222,0,0.04148566,0.02986322,0.0773342,0.9965578,True,0.5768207,0.3623686,19.35004,1.404777,-1.3,8.005712
2026-06-29 13:17:07.395,83.829,True,19.11114,0.785643,-9.278585,0.9298638,-0.3653421,0,0.04334202,0.03166932,0.08060433,0.9962429,True,0.5792277,0.3700144,19.36477,1.431177,-1.3,8.008675
2026-06-29 13:17:07.435,83.87096,True,19.11124,0.7856777,-9.278648,0.9006118,-0.4325854,0,0.04205059,0.03638094,0.0757425,0.9964635,True,0.5854011,0.3587102,19.40254,1.392145,-1.3,8.006965
2026-06-29 13:17:07.483,83.91899,True,19.11164,0.785589,-9.27879,0.9064834,-0.4201982,0,0.04149112,0.03486898,0.07522201,0.9965569,True,0.5834843,0.3574643,19.39081,1.387843,-1.3,8.006356
2026-06-29 13:17:07.527,83.96168,True,19.11168,0.7857826,-9.278852,0.8947153,-0.4447498,0,0.04101371,0.03648168,0.07339119,0.9966358,True,0.5855976,0.3532631,19.40374,1.373337,-1.3,8.005786
2026-06-29 13:17:07.571,84.00716,True,19.1116,0.7857502,-9.27892,0.8494452,-0.526208,0,0.03934577,0.04140811,0.06684414,0.9969038,True,0.5920163,0.3380334,19.44301,1.320751,-1.3,8.003701
2026-06-29 13:17:07.616,84.05196,True,19.11167,0.7855503,-9.278467,0.8289962,-0.55795,0,0.03817075,0.04259475,0.06328684,0.997086,True,0.593567,0.3296945,19.4525,1.291958,-1.3,8.001783
2026-06-29 13:17:07.662,84.09673,True,19.11206,0.7854297,-9.278416,0.8309882,-0.5549709,0,0.03828554,0.04249473,0.06362968,0.9970684,True,0.593501,0.3304558,19.4521,1.294586,-1.3,8.001874
2026-06-29 13:17:07.707,84.14019,True,19.11213,0.7856175,-9.278566,0.8598806,-0.509123,0,0.03740638,0.03808888,0.06433003,0.9972015,True,0.5877444,0.3321161,19.41687,1.300319,-1.3,8.000957
2026-06-29 13:17:07.753,84.18672,True,19.11241,0.7855433,-9.27844,0.8873603,-0.4594192,0,0.0390604,0.03589019,0.06932129,0.9969486,True,0.5849262,0.3436985,19.39963,1.340312,-1.3,8.002859
2026-06-29 13:17:07.798,84.23234,True,19.11219,0.7857944,-9.27824,0.9120055,-0.4079768,0,0.04243653,0.03462624,0.07740471,0.9963983,True,0.5832616,0.3626012,19.38945,1.40558,-1.3,8.007079
2026-06-29 13:17:07.841,84.27643,True,19.11213,0.7859415,-9.27813,0.9176283,-0.3950675,0,0.04335845,0.03425903,0.07957388,0.9962401,True,0.5827779,0.3677008,19.38649,1.423188,-1.3,8.00824
2026-06-29 13:17:07.881,84.31689,True,19.11216,0.7859391,-9.278036,0.9000815,-0.4337446,0,0.04146167,0.03596754,0.07463774,0.9965619,True,0.585003,0.3561937,19.4001,1.383456,-1.3,8.00556
2026-06-29 13:17:07.918,84.35467,True,19.11189,0.7856879,-9.277925,0.8769176,-0.4790161,0,0.03948555,0.03782843,0.06925114,0.9968818,True,0.5873765,0.3435782,19.41462,1.339896,-1.3,8.002879
2026-06-29 13:17:07.960,84.39594,True,19.1119,0.7856868,-9.277922,0.85159,-0.5228345,0,0.03792884,0.03966101,0.06459965,0.9971228,True,0.5897624,0.3327607,19.42922,1.302545,-1.3,8.000942
2026-06-29 13:17:08.008,84.44298,True,19.11177,0.7855406,-9.277704,0.8545501,-0.5179769,0,0.03799831,0.03936451,0.06494293,0.9971123,True,0.5893528,0.3335113,19.42672,1.305136,-1.3,8.000809
2026-06-29 13:17:08.045,84.4804,True,19.11192,0.7854795,-9.277657,0.8461076,-0.5316352,0,0.03828951,0.04071209,0.06479408,0.9970679,True,0.5911412,0.3331544,19.43766,1.303905,-1.3,8.001117
2026-06-29 13:17:08.085,84.51988,True,19.1121,0.7855259,-9.277484,0.8485771,-0.5277249,0,0.0377272,0.03981916,0.06402887,0.9971533,True,0.5899981,0.3313788,19.43066,1.297773,-1.3,8.000257
2026-06-29 13:17:08.125,84.55978,True,19.11242,0.7856609,-9.277311,0.8803094,-0.4729057,0,0.03762393,0.03558514,0.06624141,0.9971689,True,0.5845116,0.3365386,19.39709,1.315589,-1.3,7.999959
2026-06-29 13:17:08.166,84.60194,True,19.11266,0.7855716,-9.277218,0.8523623,-0.521614,0,0.03738055,0.03899644,0.06372355,0.9972054,True,0.5890086,0.3306719,19.42461,1.295333,-1.3,7.999573
2026-06-29 13:17:08.204,84.64005,True,19.11295,0.7855204,-9.277106,0.9123859,-0.407698,0,0.0365272,0.02978413,0.0666538,0.9973315,True,0.5770073,0.3374242,19.35118,1.318648,-1.3,7.99845
2026-06-29 13:17:08.242,84.6778,True,19.11299,0.7854161,-9.277081,0.8764411,-0.4802481,0,0.03482625,0.03345048,0.0610463,0.9975742,True,0.5817947,0.3243696,19.38047,1.273571,-1.3,7.996479
2026-06-29 13:17:08.284,84.71965,True,19.11317,0.785441,-9.276962,0.8883462,-0.4578669,0,0.03462656,0.03170871,0.06152074,0.997602,True,0.5795476,0.3254695,19.36672,1.277369,-1.3,7.996137
2026-06-29 13:17:08.325,84.76081,True,19.11327,0.7853769,-9.276895,0.8539644,-0.5192507,0,0.03351942,0.03480997,0.05724878,0.9977528,True,0.5836087,0.3155367,19.39157,1.243073,-1.3,7.99486
2026-06-29 13:17:08.370,84.80537,True,19.11329,0.78526,-9.276653,0.8679001,-0.4955577,0,0.03423299,0.03392885,0.05942164,0.9976562,True,0.5824645,0.3205431,19.38457,1.260359,-1.3,7.995392
2026-06-29 13:17:08.413,84.84921,True,19.11312,0.7852134,-9.276558,0.8830143,-0.4679792,0,0.03579477,0.03350241,0.06321458,0.9974375,True,0.5818886,0.3293428,19.38104,1.290744,-1.3,7.997051
2026-06-29 13:17:08.459,84.89423,True,19.11321,0.7854062,-9.276446,0.8523769,-0.5217438,0,0.03517374,0.03670335,0.05996254,0.9975256,True,0.5860814,0.3218526,19.4067,1.264881,-1.3,7.996232
2026-06-29 13:17:08.503,84.93944,True,19.11228,0.7857133,-9.275932,0.8554181,-0.5167241,0,0.03544061,0.03662603,0.06063308,0.9974879,True,0.585827,0.3234906,19.40514,1.270537,-1.3,7.996019
2026-06-29 13:17:08.547,84.98207,True,19.11077,0.786263,-9.275352,0.9395814,-0.3399982,0,0.03984991,0.0270978,0.07488447,0.996824,True,0.5731501,0.3567555,19.32758,1.385396,-1.3,8.000762
2026-06-29 13:17:08.592,85.02885,True,19.10787,0.7857707,-9.27482,0.995447,0.08045355,0,0.05111167,-0.00822423,0.1017579,0.9947752,True,0.526466,0.4193523,19.04193,1.601534,-1.3,8.016706
2026-06-29 13:17:08.637,85.07227,True,19.10433,0.7861597,-9.275442,0.8357475,0.5440223,0,0.07460513,-0.0811737,0.1247021,0.9888682,True,0.4296658,0.4744878,18.44965,1.79191,-1.3,8.065223
2026-06-29 13:17:08.680,85.1161,True,19.10089,0.7863133,-9.27667,0.3613344,0.9302991,0,0.06309664,-0.1173975,0.04559796,0.9920376,True,0.3818247,0.2894366,18.15693,1.152953,-1.3,8.040693
2026-06-29 13:17:08.727,85.16306,True,19.09921,0.786122,-9.27906,0.6917282,0.7079064,0,0.1427606,-0.2021223,0.1975031,0.9592388,True,0.2610465,0.6589913,17.41793,2.428976,-1.3,8.318116
2026-06-29 13:17:08.774,85.20657,True,19.09996,0.7859361,-9.282716,0.6826512,0.7203507,0,0.1228101,-0.1769327,0.1676729,0.9698353,True,0.2979328,0.5828447,17.64363,2.166052,-1.3,8.231001
2026-06-29 13:17:08.817,85.25456,True,19.10017,0.7861941,-9.286016,-0.1466381,0.9867806,0,0.06900289,-0.1361814,-0.02023691,0.9904772,True,0.3565318,0.1359628,18.00217,0.6230282,-1.3,8.062796
2026-06-29 13:17:08.858,85.29501,True,19.10064,0.7881246,-9.288387,0.1208469,0.9904425,0,0.06648149,-0.1316922,0.01606816,0.9911604,True,0.3625917,0.2212832,18.03925,0.917628,-1.3,8.05963
2026-06-29 13:17:08.904,85.33754,True,19.10125,0.7905362,-9.289291,0.2068222,0.976777,0,0.05595854,-0.109318,0.02314693,0.9937373,True,0.3925198,0.2383708,18.22237,0.9766293,-1.3,8.039641
2026-06-29 13:17:08.951,85.3868,True,19.1016,0.7923395,-9.289646,0.6491288,0.7586799,0,0.05510706,-0.08361722,0.07154315,0.9939264,True,0.426363,0.3515543,18.42944,1.367437,-1.3,8.038468
2026-06-29 13:17:08.993,85.42992,True,19.10252,0.7934357,-9.290851,0.7107525,0.7010772,0,0.05763423,-0.08081207,0.08192732,0.9933566,True,0.430123,0.3761849,18.45245,1.452483,-1.3,8.044292
2026-06-29 13:17:09.038,85.47179,True,19.10284,0.7938828,-9.290922,0.8571046,0.512067,0,0.05620584,-0.05756231,0.09634855,0.9936818,True,0.4607658,0.4098407,18.63994,1.568692,-1.3,8.041731
2026-06-29 13:17:09.075,85.51096,True,19.10333,0.79449,-9.291216,0.9188821,0.3912998,0,0.05040053,-0.03944344,0.09262428,0.9949196,True,0.4847215,0.4010823,18.78652,1.53845,-1.3,8.032022
2026-06-29 13:17:09.109,85.546,True,19.10388,0.7947104,-9.291522,0.934256,0.352138,0,0.05625511,-0.0396191,0.1051133,0.9936707,True,0.4845146,0.4305147,18.78525,1.640076,-1.3,8.042424
2026-06-29 13:17:09.147,85.58176,True,19.1043,0.7949722,-9.291414,0.9740151,0.219511,0,0.05576316,-0.02448126,0.1086283,0.9937809,True,0.5044833,0.4387462,18.90743,1.668499,-1.3,8.041425
2026-06-29 13:17:09.188,85.62344,True,19.10526,0.795365,-9.291366,0.9955716,0.07299548,0,0.05923681,-0.008648038,0.117949,0.992982,True,0.5254402,0.4607863,19.03566,1.7446,-1.3,8.047845
2026-06-29 13:17:09.226,85.66124,True,19.10544,0.7956383,-9.291265,0.9875985,0.1430241,0,0.06475665,-0.01852353,0.1279071,0.9916131,True,0.5124474,0.4844834,18.95616,1.826423,-1.3,8.058853
2026-06-29 13:17:09.270,85.7049,True,19.10511,0.7962761,-9.291435,0.8806851,0.4706797,0,0.05342538,-0.05029249,0.09410188,0.9942915,True,0.4707271,0.405181,18.70089,1.552603,-1.3,8.037316
2026-06-29 13:17:09.316,85.752,True,19.104,0.796241,-9.291909,0.6212712,0.7825373,0,0.04071309,-0.063719,0.05058772,0.9966848,True,0.4531051,0.3036062,18.59307,1.201878,-1.3,8.018491
2026-06-29 13:17:09.365,85.79413,True,19.10268,0.7957429,-9.292727,0.7398331,0.6699767,0,0.06146821,-0.08236452,0.09095241,0.9924433,True,0.4279826,0.3981241,18.43935,1.528236,-1.3,8.053586
2026-06-29 13:17:09.405,85.84175,True,19.10165,0.7946892,-9.294392,0.8216065,0.5626143,0,0.09180349,-0.1032999,0.1508527,0.9831443,True,0.3989435,0.5409344,18.26167,2.021341,-1.3,8.131453
2026-06-29 13:17:09.450,85.8843,True,19.10125,0.793698,-9.296799,0.787842,0.614674,0,0.03848178,-0.0473075,0.06063512,0.9970383,True,0.4741474,0.3262387,18.72182,1.280025,-1.3,8.020553
2026-06-29 13:17:09.491,85.92754,True,19.10174,0.793153,-9.298761,0.9028313,0.4276569,0,0.0447813,-0.03830206,0.0808599,0.9959893,True,0.4859677,0.3733043,18.79414,1.442537,-1.3,8.030972
2026-06-29 13:17:09.534,85.971,True,19.10163,0.7936326,-9.299358,0.4964663,0.8674535,0,0.03233874,-0.05610469,0.03211018,0.9979084,True,0.462718,0.2599189,18.65188,1.051032,-1.3,8.016125
2026-06-29 13:17:09.583,86.0175,True,19.10141,0.7940969,-9.29932,0.4491736,0.8927284,0,0.03576532,-0.06385743,0.03212967,0.9974416,True,0.4524867,0.2601331,18.58928,1.051772,-1.3,8.019837
2026-06-29 13:17:09.627,86.06171,True,19.10068,0.7941487,-9.298946,0.4985329,0.8662155,0,0.03370036,-0.05838354,0.03360148,0.9977285,True,0.4595676,0.2635406,18.63261,1.063537,-1.3,8.017157
2026-06-29 13:17:09.669,86.10469,True,19.1001,0.7939435,-9.299175,0.3523933,0.9353059,0,0.03196894,-0.05980145,0.02253127,0.9979559,True,0.4576308,0.237767,18.62076,0.9745443,-1.3,8.015559
2026-06-29 13:17:09.715,86.1505,True,19.0997,0.7931589,-9.299452,0.4417578,0.896429,0,0.03557071,-0.06377322,0.03142727,0.9974695,True,0.4523191,0.2582293,18.58826,1.045198,-1.3,8.019747
2026-06-29 13:17:09.762,86.19645,True,19.09986,0.7934124,-9.299248,0.4231977,0.9054463,0,0.03272401,-0.05925964,0.02769744,0.9978582,True,0.4582926,0.2496129,18.62481,1.015447,-1.3,8.016417
2026-06-29 13:17:09.801,86.23755,True,19.0997,0.7932625,-9.299033,0.5452902,-0.8377135,0,0.0299125,0.05011621,0.03262199,0.9982105,True,0.6015419,0.2609739,19.5013,1.054675,-1.3,8.013372
2026-06-29 13:17:09.851,86.28651,True,19.10012,0.7924985,-9.299254,0.6358299,-0.771579,0,0.01965087,0.0303244,0.02498922,0.9992276,True,0.5756515,0.2429812,19.34288,0.9925483,-1.3,8.005438
2026-06-29 13:17:09.891,86.32694,True,19.10064,0.7916022,-9.299355,0.4806245,0.8707141,0,0.1041977,-0.1814529,0.10016,0.9782857,True,0.2935667,0.4219781,17.61691,1.610601,-1.3,8.17691
2026-06-29 13:17:09.939,86.37182,True,19.1007,0.7913433,-9.299807,0.2784347,0.9404164,0,0.1951693,-0.3670808,0.1086838,0.9238179,True,0.01655257,0.4572794,15.92196,1.732491,-1.3,8.659505
2026-06-29 13:17:09.980,86.41623,True,19.10076,0.7917129,-9.299453,0.2666142,0.9456546,0,0.1861566,-0.3520797,0.09926397,0.9306915,True,0.04149485,0.4319128,16.07458,1.644904,-1.3,8.595172
2026-06-29 13:17:10.025,86.4612,True,19.10083,0.7917373,-9.299174,0.2787853,0.9408605,0,0.1925107,-0.3622514,0.1073383,0.9258792,True,0.02459037,0.4533985,15.97114,1.719091,-1.3,8.639544
2026-06-29 13:17:10.081,86.50742,True,19.10059,0.7915345,-9.299232,0.3237269,0.9249175,0,0.1993201,-0.3687093,0.1290505,0.920543,True,0.0124104,0.509541,15.89662,1.912944,-1.3,8.689689
2026-06-29 13:17:10.127,86.56103,True,19.10045,0.7916389,-9.299179,0.2947758,0.934361,0,0.2001916,-0.3741024,0.1180233,0.9198467,True,0.004330099,0.4820421,15.84718,1.817994,-1.3,8.69621
2026-06-29 13:17:10.167,86.60187,True,19.10026,0.7918525,-9.299295,0.3014945,0.9321144,0,0.2006587,-0.3740737,0.120995,0.9194721,True,0.004114807,0.4897171,15.84586,1.844494,-1.3,8.699878
2026-06-29 13:17:10.207,86.64178,True,19.09994,0.7920937,-9.299231,0.2277097,0.9699697,0,0.08548108,-0.1658281,0.03892975,0.985386,True,0.3159339,0.2764525,17.75377,1.10812,-1.3,8.117866
2026-06-29 13:17:10.250,86.68494,True,19.09945,0.7916254,-9.299148,0.06634726,0.995209,0,0.07181387,-0.1429396,0.009529307,0.9896856,True,0.3470479,0.2070974,17.94414,0.8686464,-1.3,8.082514
2026-06-29 13:17:10.292,86.72704,True,19.09906,0.7912788,-9.299419,0.05857623,0.9955316,0,0.07406615,-0.1474704,0.00867703,0.9890284,True,0.3408629,0.2050161,17.9063,0.86146,-1.3,8.08816
2026-06-29 13:17:10.334,86.77,True,19.0984,0.7909077,-9.300337,0.05034094,0.9963405,0,0.06907642,-0.1376472,0.006954741,0.9904569,True,0.3539814,0.2008527,17.98656,0.8470842,-1.3,8.07742
2026-06-29 13:17:10.383,86.81757,True,19.09823,0.7907356,-9.300819,0.1115183,0.9912133,0,0.07113349,-0.1410169,0.01586537,0.9898801,True,0.349385,0.2216717,17.95844,0.9189693,-1.3,8.082614
2026-06-29 13:17:10.425,86.86192,True,19.09852,0.7909445,-9.300888,0.01132878,0.9971973,0,0.07395469,-0.1474948,0.001675633,0.9890614,True,0.3407125,0.1885195,17.90538,0.8044993,-1.3,8.089375
2026-06-29 13:17:10.470,86.90516,True,19.09892,0.790801,-9.300697,0.3292858,0.9422156,0,0.06165083,-0.1161767,0.04060147,0.9923984,True,0.3827036,0.2793513,18.16231,1.118129,-1.3,8.061981
2026-06-29 13:17:10.516,86.95052,True,19.09951,0.7908167,-9.300653,0.6897222,0.7057914,0,0.1616843,-0.2282307,0.2230344,0.9477164,True,0.2209797,0.7298615,17.17278,2.673681,-1.3,8.442032
2026-06-29 13:17:10.558,86.99409,True,19.09978,0.7909427,-9.300341,0.7273072,0.6577315,0,0.1959935,-0.2578222,0.2850949,0.9231731,True,0.1707537,0.900135,16.86546,3.261613,-1.3,8.666133
2026-06-29 13:17:10.604,87.03919,True,19.099,0.7915042,-9.300709,0.7378961,0.6450836,0,0.1984354,-0.2560148,0.2928493,0.9212468,True,0.172411,0.9213308,16.8756,3.334799,-1.3,8.684652
2026-06-29 13:17:10.649,87.08253,True,19.09863,0.791895,-9.300483,0.7260528,0.6596472,0,0.194198,-0.2562042,0.2819959,0.9245743,True,0.1733991,0.891573,16.88165,3.232049,-1.3,8.653152
2026-06-29 13:17:10.692,87.12726,True,19.0983,0.7917934,-9.300331,0.8282352,0.5290605,0,0.1847199,-0.195456,0.3059831,0.9317572,True,0.2613945,0.9457314,17.42006,3.419051,-1.3,8.586284
2026-06-29 13:17:10.744,87.17796,True,19.09845,0.7914053,-9.299867,0.7055995,0.70521,0,0.0693412,-0.09780021,0.09785423,0.9903836,True,0.4065902,0.4136449,18.30846,1.581827,-1.3,8.077543
2026-06-29 13:17:10.783,87.22004,True,19.10028,0.790961,-9.298849,0.7342231,0.6759342,0,0.06347819,-0.08581414,0.0932143,0.991941,True,0.4229059,0.4022915,18.40829,1.542626,-1.3,8.063834
2026-06-29 13:17:10.826,87.26177,True,19.09972,0.7910596,-9.299292,0.7688522,0.6366,0,0.0600566,-0.07646405,0.09234929,0.9927865,True,0.4352178,0.4001282,18.48362,1.535156,-1.3,8.057414
2026-06-29 13:17:10.874,87.30538,True,19.09861,0.7917607,-9.299593,0.7594358,0.6474262,0,0.06400548,-0.08287764,0.09721608,0.9918066,True,0.4264776,0.4119209,18.43014,1.575875,-1.3,8.065679
2026-06-29 13:17:10.918,87.3544,True,19.09578,0.792783,-9.300432,0.5180752,0.8543007,0,0.04205156,-0.07184936,0.04357174,0.9964634,True,0.4409857,0.2864421,18.51891,1.142613,-1.3,8.028828
2026-06-29 13:17:10.962,87.3962,True,19.09363,0.794398,-9.300896,0.5648308,0.8242784,0,0.039134,-0.06451461,0.04420817,0.996937,True,0.4502951,0.2883468,18.57587,1.14919,-1.3,8.025477
2026-06-29 13:17:11.007,87.44156,True,19.08911,0.7975465,-9.301155,0.8249058,0.5599642,0,0.07726934,-0.08653612,0.1274799,0.9880589,True,0.4196475,0.4854786,18.38835,1.82986,-1.3,8.097852
2026-06-29 13:17:11.048,87.48199,True,19.08368,0.8017837,-9.299901,0.9853586,0.03691459,0,0.1664504,-0.0122889,0.3280267,0.9445885,True,0.5162789,0.9923167,18.9796,3.579904,-1.3,8.469191
2026-06-29 13:17:11.092,87.52735,False,19.07742,0.8074797,-9.297178,0,0,0,1,0,0,-1,False,-1,-1,0,0,0,-1
2026-06-29 13:17:11.135,87.57035,False,19.06792,0.8140973,-9.297308,0,0,0,1,0,0,-1,False,-1,-1,0,0,0,-1
2026-06-29 13:17:11.182,87.61604,False,19.0613,0.8188041,-9.297294,0,0,0,1,0,0,-1,False,-1,-1,0,0,0,-1
2026-06-29 13:17:11.224,87.66019,False,19.05898,0.821786,-9.296484,0,0,0,1,0,0,-1,False,-1,-1,0,0,0,-1
2026-06-29 13:17:11.272,87.70644,False,19.05719,0.8247324,-9.296103,0,0,0,1,0,0,-1,False,-1,-1,0,0,0,-1
2026-06-29 13:17:11.313,87.7485,False,19.05103,0.8284752,-9.297216,0,0,0,1,0,0,-1,False,-1,-1,0,0,0,-1
2026-06-29 13:17:11.357,87.793,False,19.05237,0.8317021,-9.295254,0,0,0,1,0,0,-1,False,-1,-1,0,0,0,-1
2026-06-29 13:17:11.401,87.83693,False,19.04801,0.8350407,-9.295616,0,0,0,1,0,0,-1,False,-1,-1,0,0,0,-1
2026-06-29 13:17:11.449,87.88406,False,19.04996,0.8370784,-9.294313,0,0,0,1,0,0,-1,False,-1,-1,0,0,0,-1
2026-06-29 13:17:11.494,87.92957,False,19.05411,0.8385404,-9.292796,0,0,0,1,0,0,-1,False,-1,-1,0,0,0,-1
2026-06-29 13:17:11.533,87.97018,False,19.0546,0.8397755,-9.292561,0,0,0,1,0,0,-1,False,-1,-1,0,0,0,-1
2026-06-29 13:17:11.580,88.01484,False,19.05355,0.8404512,-9.293085,0,0,0,1,0,0,-1,False,-1,-1,0,0,0,-1
2026-06-29 13:17:11.623,88.06026,False,19.05483,0.8409198,-9.293375,0,0,0,1,0,0,-1,False,-1,-1,0,0,0,-1
2026-06-29 13:17:11.668,88.10434,False,19.05612,0.8407612,-9.293308,0,0,0,1,0,0,-1,False,-1,-1,0,0,0,-1
2026-06-29 13:17:11.707,88.14211,False,19.05536,0.841105,-9.294168,0,0,0,1,0,0,-1,False,-1,-1,0,0,0,-1
2026-06-29 13:17:11.748,88.18114,False,19.05639,0.8414329,-9.294667,0,0,0,1,0,0,-1,False,-1,-1,0,0,0,-1
2026-06-29 13:17:11.787,88.22332,False,19.05623,0.8416093,-9.295658,0,0,0,1,0,0,-1,False,-1,-1,0,0,0,-1
2026-06-29 13:17:11.825,88.26196,False,19.05785,0.8414546,-9.295618,0,0,0,1,0,0,-1,False,-1,-1,0,0,0,-1
2026-06-29 13:17:11.872,88.30636,False,19.05879,0.8409853,-9.295662,0,0,0,1,0,0,-1,False,-1,-1,0,0,0,-1
2026-06-29 13:17:11.916,88.35152,False,19.05769,0.8406951,-9.296522,0,0,0,1,0,0,-1,False,-1,-1,0,0,0,-1
2026-06-29 13:17:11.959,88.39384,False,19.05732,0.8404728,-9.296784,0,0,0,1,0,0,-1,False,-1,-1,0,0,0,-1
2026-06-29 13:17:12.002,88.43661,False,19.05716,0.8401726,-9.296594,0,0,0,1,0,0,-1,False,-1,-1,0,0,0,-1
2026-06-29 13:17:12.048,88.48323,False,19.06412,0.8394255,-9.294787,0,0,0,1,0,0,-1,False,-1,-1,0,0,0,-1
2026-06-29 13:17:12.098,88.53298,False,19.06696,0.8390631,-9.294534,0,0,0,1,0,0,-1,False,-1,-1,0,0,0,-1
2026-06-29 13:17:12.134,88.57074,False,19.06922,0.8385693,-9.294318,0,0,0,1,0,0,-1,False,-1,-1,0,0,0,-1
2026-06-29 13:17:12.181,88.61653,False,19.07612,0.837127,-9.292793,0,0,0,1,0,0,-1,False,-1,-1,0,0,0,-1
2026-06-29 13:17:12.225,88.66138,False,19.08561,0.8354242,-9.290407,0,0,0,1,0,0,-1,False,-1,-1,0,0,0,-1
2026-06-29 13:17:12.268,88.70354,False,19.09739,0.8336462,-9.286608,0,0,0,1,0,0,-1,False,-1,-1,0,0,0,-1
2026-06-29 13:17:12.313,88.7487,False,19.10309,0.8328706,-9.284706,0,0,0,1,0,0,-1,False,-1,-1,0,0,0,-1
2026-06-29 13:17:12.357,88.79362,False,19.10691,0.8323124,-9.283821,0,0,0,1,0,0,-1,False,-1,-1,0,0,0,-1
2026-06-29 13:17:12.400,88.83743,False,19.10747,0.8323165,-9.284283,0,0,0,1,0,0,-1,False,-1,-1,0,0,0,-1
2026-06-29 13:17:12.448,88.88483,False,19.11217,0.8319803,-9.283295,0,0,0,1,0,0,-1,False,-1,-1,0,0,0,-1
2026-06-29 13:17:12.492,88.92636,False,19.11134,0.8319919,-9.284487,0,0,0,1,0,0,-1,False,-1,-1,0,0,0,-1
2026-06-29 13:17:12.538,88.97276,False,19.11646,0.8312303,-9.283247,0,0,0,1,0,0,-1,False,-1,-1,0,0,0,-1
2026-06-29 13:17:12.588,89.02231,False,19.11759,0.8308151,-9.283376,0,0,0,1,0,0,-1,False,-1,-1,0,0,0,-1
2026-06-29 13:17:12.631,89.06692,False,19.11832,0.8304157,-9.283367,0,0,0,1,0,0,-1,False,-1,-1,0,0,0,-1
2026-06-29 13:17:12.671,89.1062,False,19.11761,0.8298553,-9.283566,0,0,0,1,0,0,-1,False,-1,-1,0,0,0,-1
2026-06-29 13:17:12.716,89.15136,False,19.12129,0.8290988,-9.282096,0,0,0,1,0,0,-1,False,-1,-1,0,0,0,-1
2026-06-29 13:17:12.758,89.19473,False,19.12052,0.8290159,-9.282157,0,0,0,1,0,0,-1,False,-1,-1,0,0,0,-1
2026-06-29 13:17:12.803,89.23954,False,19.12617,0.828524,-9.27994,0,0,0,1,0,0,-1,False,-1,-1,0,0,0,-1
2026-06-29 13:17:12.848,89.28349,False,19.12238,0.8293951,-9.280962,0,0,0,1,0,0,-1,False,-1,-1,0,0,0,-1
2026-06-29 13:17:12.876,89.31957,False,19.11963,0.8302148,-9.281817,0,0,0,1,0,0,-1,False,-1,-1,0,0,0,-1
2026-06-29 13:17:12.921,89.36391,False,19.11981,0.8304573,-9.281893,0,0,0,1,0,0,-1,False,-1,-1,0,0,0,-1
2026-06-29 13:17:12.966,89.40913,False,19.11515,0.8312473,-9.284012,0,0,0,1,0,0,-1,False,-1,-1,0,0,0,-1
2026-06-29 13:17:13.014,89.45815,False,19.11525,0.8315799,-9.28444,0,0,0,1,0,0,-1,False,-1,-1,0,0,0,-1
2026-06-29 13:17:13.054,89.49809,False,19.116,0.8316543,-9.2845,0,0,0,1,0,0,-1,False,-1,-1,0,0,0,-1
2026-06-29 13:17:13.100,89.54323,False,19.11828,0.831114,-9.284136,0,0,0,1,0,0,-1,False,-1,-1,0,0,0,-1
2026-06-29 13:17:13.143,89.58694,False,19.12448,0.8302848,-9.282217,0,0,0,1,0,0,-1,False,-1,-1,0,0,0,-1
2026-06-29 13:17:13.178,89.62083,False,19.12719,0.8296538,-9.281334,0,0,0,1,0,0,-1,False,-1,-1,0,0,0,-1
2026-06-29 13:17:13.222,89.66579,False,19.12698,0.8292699,-9.281416,0,0,0,1,0,0,-1,False,-1,-1,0,0,0,-1
2026-06-29 13:17:13.257,89.69978,False,19.12419,0.8297471,-9.282835,0,0,0,1,0,0,-1,False,-1,-1,0,0,0,-1
2026-06-29 13:17:13.291,89.73416,False,19.12085,0.8302617,-9.28419,0,0,0,1,0,0,-1,False,-1,-1,0,0,0,-1
2026-06-29 13:17:13.325,89.76836,False,19.11403,0.8309155,-9.286321,0,0,0,1,0,0,-1,False,-1,-1,0,0,0,-1
2026-06-29 13:17:13.359,89.80216,False,19.11469,0.8307899,-9.286164,0,0,0,1,0,0,-1,False,-1,-1,0,0,0,-1
2026-06-29 13:17:13.402,89.84542,False,19.10708,0.8309313,-9.288531,0,0,0,1,0,0,-1,False,-1,-1,0,0,0,-1
2026-06-29 13:17:13.436,89.87877,False,19.10852,0.830485,-9.28767,0,0,0,1,0,0,-1,False,-1,-1,0,0,0,-1
2026-06-29 13:17:13.480,89.92311,False,19.10979,0.8305993,-9.286839,0,0,0,1,0,0,-1,False,-1,-1,0,0,0,-1
2026-06-29 13:17:13.513,89.95669,False,19.10812,0.8309639,-9.287445,0,0,0,1,0,0,-1,False,-1,-1,0,0,0,-1
2026-06-29 13:17:13.547,89.99017,False,19.09997,0.8316276,-9.290318,0,0,0,1,0,0,-1,False,-1,-1,0,0,0,-1
2026-06-29 13:17:13.592,90.03516,False,19.0935,0.8318828,-9.29257,0,0,0,1,0,0,-1,False,-1,-1,0,0,0,-1
2026-06-29 13:17:13.635,90.07919,False,19.09484,0.8315834,-9.292038,0,0,0,1,0,0,-1,False,-1,-1,0,0,0,-1
2026-06-29 13:17:13.680,90.1236,False,19.09548,0.8316118,-9.292133,0,0,0,1,0,0,-1,False,-1,-1,0,0,0,-1
2026-06-29 13:17:13.725,90.16821,False,19.1014,0.8311933,-9.290272,0,0,0,1,0,0,-1,False,-1,-1,0,0,0,-1
2026-06-29 13:17:13.758,90.20174,False,19.10476,0.8308745,-9.289317,0,0,0,1,0,0,-1,False,-1,-1,0,0,0,-1
2026-06-29 13:17:13.802,90.24567,False,19.10949,0.8303112,-9.28784,0,0,0,1,0,0,-1,False,-1,-1,0,0,0,-1
2026-06-29 13:17:13.836,90.27931,False,19.11233,0.8298212,-9.287073,0,0,0,1,0,0,-1,False,-1,-1,0,0,0,-1
2026-06-29 13:17:13.880,90.32382,False,19.11726,0.8293374,-9.285757,0,0,0,1,0,0,-1,False,-1,-1,0,0,0,-1
2026-06-29 13:17:13.913,90.35725,False,19.12638,0.8284953,-9.282588,0,0,0,1,0,0,-1,False,-1,-1,0,0,0,-1
2026-06-29 13:17:13.948,90.39063,False,19.13105,0.8281358,-9.281179,0,0,0,1,0,0,-1,False,-1,-1,0,0,0,-1
2026-06-29 13:17:13.981,90.42412,False,19.13259,0.8280816,-9.280897,0,0,0,1,0,0,-1,False,-1,-1,0,0,0,-1
2026-06-29 13:17:14.024,90.4682,False,19.13442,0.8281641,-9.280598,0,0,0,1,0,0,-1,False,-1,-1,0,0,0,-1
2026-06-29 13:17:14.058,90.50193,False,19.13923,0.8277561,-9.279104,0,0,0,1,0,0,-1,False,-1,-1,0,0,0,-1
2026-06-29 13:17:14.103,90.54591,False,19.14104,0.827796,-9.278668,0,0,0,1,0,0,-1,False,-1,-1,0,0,0,-1
2026-06-29 13:17:14.147,90.59042,False,19.13922,0.8282774,-9.279303,0,0,0,1,0,0,-1,False,-1,-1,0,0,0,-1
2026-06-29 13:17:14.181,90.62376,False,19.13907,0.8282638,-9.279148,0,0,0,1,0,0,-1,False,-1,-1,0,0,0,-1
2026-06-29 13:17:14.225,90.66821,False,19.13985,0.8277793,-9.278533,0,0,0,1,0,0,-1,False,-1,-1,0,0,0,-1
2026-06-29 13:17:14.268,90.7125,False,19.13776,0.8275989,-9.278261,0,0,0,1,0,0,-1,False,-1,-1,0,0,0,-1
2026-06-29 13:17:14.314,90.75694,False,19.13727,0.8279197,-9.276013,0,0,0,1,0,0,-1,False,-1,-1,0,0,0,-1
2026-06-29 13:17:14.348,90.79035,False,19.13725,0.8283578,-9.272957,0,0,0,1,0,0,-1,False,-1,-1,0,0,0,-1
2026-06-29 13:17:14.380,90.82386,False,19.13739,0.8291748,-9.268715,0,0,0,1,0,0,-1,False,-1,-1,0,0,0,-1
2026-06-29 13:17:14.414,90.85735,False,19.12989,0.8312516,-9.26618,0,0,0,1,0,0,-1,False,-1,-1,0,0,0,-1
2026-06-29 13:17:14.458,90.90163,False,19.11451,0.8348851,-9.263578,0,0,0,1,0,0,-1,False,-1,-1,0,0,0,-1
2026-06-29 13:17:14.492,90.93515,False,19.10917,0.8376624,-9.259098,0,0,0,1,0,0,-1,False,-1,-1,0,0,0,-1
2026-06-29 13:17:14.536,90.97947,False,19.09674,0.8418929,-9.254476,0,0,0,1,0,0,-1,False,-1,-1,0,0,0,-1
2026-06-29 13:17:14.580,91.02389,False,19.08534,0.8461104,-9.249538,0,0,0,1,0,0,-1,False,-1,-1,0,0,0,-1
2026-06-29 13:17:14.624,91.06821,False,19.07867,0.8500532,-9.243412,0,0,0,1,0,0,-1,False,-1,-1,0,0,0,-1
2026-06-29 13:17:14.658,91.10159,False,19.0708,0.8529996,-9.239937,0,0,0,1,0,0,-1,False,-1,-1,0,0,0,-1
2026-06-29 13:17:14.692,91.13502,False,19.05886,0.856235,-9.237837,0,0,0,1,0,0,-1,False,-1,-1,0,0,0,-1
2026-06-29 13:17:14.736,91.17947,False,19.05346,0.8589461,-9.231602,0,0,0,1,0,0,-1,False,-1,-1,0,0,0,-1
2026-06-29 13:17:14.770,91.2132,False,19.04632,0.8606051,-9.227319,0,0,0,1,0,0,-1,False,-1,-1,0,0,0,-1
2026-06-29 13:17:14.813,91.25701,False,19.03402,0.8621604,-9.221535,0,0,0,1,0,0,-1,False,-1,-1,0,0,0,-1
2026-06-29 13:17:14.859,91.30176,False,19.01279,0.8656857,-9.219173,0,0,0,1,0,0,-1,False,-1,-1,0,0,0,-1
2026-06-29 13:17:14.903,91.34582,False,18.99972,0.8692719,-9.215134,0,0,0,1,0,0,-1,False,-1,-1,0,0,0,-1
2026-06-29 13:17:14.935,91.37918,False,18.98536,0.8727474,-9.214074,0,0,0,1,0,0,-1,False,-1,-1,0,0,0,-1
2026-06-29 13:17:14.980,91.42354,False,18.97552,0.8771878,-9.209731,0,0,0,1,0,0,-1,False,-1,-1,0,0,0,-1
2026-06-29 13:17:15.025,91.46827,False,18.9583,0.8832118,-9.209505,0,0,0,1,0,0,-1,False,-1,-1,0,0,0,-1
2026-06-29 13:17:15.058,91.50167,False,18.95071,0.8874077,-9.208235,0,0,0,1,0,0,-1,False,-1,-1,0,0,0,-1
2026-06-29 13:17:15.103,91.54571,False,18.93854,0.8929393,-9.208673,0,0,0,1,0,0,-1,False,-1,-1,0,0,0,-1
2026-06-29 13:17:15.147,91.59019,False,18.94815,0.895887,-9.200151,0,0,0,1,0,0,-1,False,-1,-1,0,0,0,-1
2026-06-29 13:17:15.191,91.63482,False,18.94635,0.8981315,-9.198955,0,0,0,1,0,0,-1,False,-1,-1,0,0,0,-1
2026-06-29 13:17:15.236,91.67893,False,18.94251,0.8988741,-9.198477,0,0,0,1,0,0,-1,False,-1,-1,0,0,0,-1
2026-06-29 13:17:15.268,91.71229,False,18.93967,0.899201,-9.19832,0,0,0,1,0,0,-1,False,-1,-1,0,0,0,-1
2026-06-29 13:17:15.313,91.75674,False,18.93644,0.899815,-9.197312,0,0,0,1,0,0,-1,False,-1,-1,0,0,0,-1
2026-06-29 13:17:15.358,91.8013,False,18.93304,0.9004346,-9.195122,0,0,0,1,0,0,-1,False,-1,-1,0,0,0,-1
2026-06-29 13:17:15.392,91.83465,False,18.93036,0.901349,-9.193542,0,0,0,1,0,0,-1,False,-1,-1,0,0,0,-1
2026-06-29 13:17:15.424,91.86812,False,18.92844,0.9018385,-9.191654,0,0,0,1,0,0,-1,False,-1,-1,0,0,0,-1
2026-06-29 13:17:15.468,91.91231,False,18.92569,0.9022974,-9.189219,0,0,0,1,0,0,-1,False,-1,-1,0,0,0,-1
2026-06-29 13:17:15.513,91.95652,False,18.92312,0.9022608,-9.186605,0,0,0,1,0,0,-1,False,-1,-1,0,0,0,-1
2026-06-29 13:17:15.558,92.00108,False,18.92117,0.9024412,-9.184282,0,0,0,1,0,0,-1,False,-1,-1,0,0,0,-1
2026-06-29 13:17:15.591,92.03482,False,18.91983,0.9024041,-9.18263,0,0,0,1,0,0,-1,False,-1,-1,0,0,0,-1
2026-06-29 13:17:15.635,92.07876,False,18.91857,0.9023523,-9.180208,0,0,0,1,0,0,-1,False,-1,-1,0,0,0,-1
2026-06-29 13:17:15.680,92.12312,False,18.91782,0.901889,-9.178389,0,0,0,1,0,0,-1,False,-1,-1,0,0,0,-1
2026-06-29 13:17:15.724,92.16794,False,18.91743,0.9013489,-9.176929,0,0,0,1,0,0,-1,False,-1,-1,0,0,0,-1
2026-06-29 13:17:15.768,92.21173,False,18.91707,0.9005999,-9.175833,0,0,0,1,0,0,-1,False,-1,-1,0,0,0,-1
2026-06-29 13:17:15.801,92.24511,False,18.9165,0.9002311,-9.175282,0,0,0,1,0,0,-1,False,-1,-1,0,0,0,-1
2026-06-29 13:17:15.846,92.28954,False,18.91517,0.8997009,-9.174195,0,0,0,1,0,0,-1,False,-1,-1,0,0,0,-1
2026-06-29 13:17:15.880,92.32291,False,18.9144,0.8999611,-9.173411,0,0,0,1,0,0,-1,False,-1,-1,0,0,0,-1
2026-06-29 13:17:15.925,92.36781,False,18.91286,0.9011002,-9.172975,0,0,0,1,0,0,-1,False,-1,-1,0,0,0,-1
2026-06-29 13:17:15.958,92.40132,False,18.91214,0.9020655,-9.17309,0,0,0,1,0,0,-1,False,-1,-1,0,0,0,-1
2026-06-29 13:17:16.002,92.44479,False,18.91217,0.903186,-9.1745,0,0,0,1,0,0,-1,False,-1,-1,0,0,0,-1
2026-06-29 13:17:16.045,92.48928,False,18.91242,0.9043406,-9.177099,0,0,0,1,0,0,-1,False,-1,-1,0,0,0,-1
2026-06-29 13:17:16.079,92.52264,False,18.91349,0.9051906,-9.17906,0,0,0,1,0,0,-1,False,-1,-1,0,0,0,-1
2026-06-29 13:17:16.124,92.56779,False,18.91504,0.9065766,-9.182252,0,0,0,1,0,0,-1,False,-1,-1,0,0,0,-1
2026-06-29 13:17:16.157,92.60114,False,18.91755,0.9075585,-9.184608,0,0,0,1,0,0,-1,False,-1,-1,0,0,0,-1
2026-06-29 13:17:16.201,92.64465,False,18.92246,0.9085128,-9.188263,0,0,0,1,0,0,-1,False,-1,-1,0,0,0,-1
2026-06-29 13:17:16.245,92.68887,False,18.92697,0.9082941,-9.191768,0,0,0,1,0,0,-1,False,-1,-1,0,0,0,-1
2026-06-29 13:17:16.278,92.72245,False,18.93044,0.9078078,-9.194563,0,0,0,1,0,0,-1,False,-1,-1,0,0,0,-1
2026-06-29 13:17:16.324,92.76768,False,18.93495,0.9070092,-9.198879,0,0,0,1,0,0,-1,False,-1,-1,0,0,0,-1
2026-06-29 13:17:16.357,92.80103,False,18.93797,0.9062232,-9.20205,0,0,0,1,0,0,-1,False,-1,-1,0,0,0,-1
2026-06-29 13:17:16.402,92.84441,False,18.94118,0.9050648,-9.205843,0,0,0,1,0,0,-1,False,-1,-1,0,0,0,-1
2026-06-29 13:17:16.434,92.87783,False,18.94303,0.9041857,-9.208065,0,0,0,1,0,0,-1,False,-1,-1,0,0,0,-1
2026-06-29 13:17:16.479,92.92212,False,18.94471,0.903132,-9.210663,0,0,0,1,0,0,-1,False,-1,-1,0,0,0,-1
2026-06-29 13:17:16.512,92.95551,False,18.94525,0.9025398,-9.211834,0,0,0,1,0,0,-1,False,-1,-1,0,0,0,-1
2026-06-29 13:17:16.558,93.00093,False,18.9456,0.9026084,-9.213243,0,0,0,1,0,0,-1,False,-1,-1,0,0,0,-1
2026-06-29 13:17:16.591,93.03432,False,18.94576,0.9028111,-9.214201,0,0,0,1,0,0,-1,False,-1,-1,0,0,0,-1
2026-06-29 13:17:16.634,93.07759,False,18.94547,0.9031049,-9.21483,0,0,0,1,0,0,-1,False,-1,-1,0,0,0,-1
2026-06-29 13:17:16.667,93.11093,False,18.94504,0.9033371,-9.214958,0,0,0,1,0,0,-1,False,-1,-1,0,0,0,-1
2026-06-29 13:17:16.712,93.15529,False,18.94453,0.9036317,-9.214528,0,0,0,1,0,0,-1,False,-1,-1,0,0,0,-1
2026-06-29 13:17:16.745,93.18871,False,18.94411,0.9036118,-9.213828,0,0,0,1,0,0,-1,False,-1,-1,0,0,0,-1
2026-06-29 13:17:16.790,93.23398,False,18.94378,0.9033669,-9.212916,0,0,0,1,0,0,-1,False,-1,-1,0,0,0,-1
2026-06-29 13:17:16.824,93.26746,False,18.94392,0.9033025,-9.212523,0,0,0,1,0,0,-1,False,-1,-1,0,0,0,-1
2026-06-29 13:17:16.867,93.31077,False,18.94409,0.9026205,-9.211726,0,0,0,1,0,0,-1,False,-1,-1,0,0,0,-1
2026-06-29 13:17:16.901,93.34418,False,18.94432,0.9021797,-9.211188,0,0,0,1,0,0,-1,False,-1,-1,0,0,0,-1
2026-06-29 13:17:16.945,93.3886,False,18.94458,0.9016362,-9.210604,0,0,0,1,0,0,-1,False,-1,-1,0,0,0,-1
2026-06-29 13:17:16.979,93.42193,False,18.94479,0.9013985,-9.210291,0,0,0,1,0,0,-1,False,-1,-1,0,0,0,-1
2026-06-29 13:17:17.012,93.45534,False,18.94489,0.9009596,-9.209795,0,0,0,1,0,0,-1,False,-1,-1,0,0,0,-1
2026-06-29 13:17:17.057,93.50068,False,18.94547,0.9008417,-9.209682,0,0,0,1,0,0,-1,False,-1,-1,0,0,0,-1
2026-06-29 13:17:17.101,93.54401,False,18.94612,0.9007923,-9.209677,0,0,0,1,0,0,-1,False,-1,-1,0,0,0,-1
2026-06-29 13:17:17.135,93.57787,False,18.9468,0.90078,-9.210136,0,0,0,1,0,0,-1,False,-1,-1,0,0,0,-1
2026-06-29 13:17:17.178,93.62167,False,18.948,0.9007326,-9.210749,0,0,0,1,0,0,-1,False,-1,-1,0,0,0,-1
2026-06-29 13:17:17.212,93.65508,False,18.94876,0.9005075,-9.21159,0,0,0,1,0,0,-1,False,-1,-1,0,0,0,-1
2026-06-29 13:17:17.258,93.7004,False,18.95016,0.8998856,-9.212501,0,0,0,1,0,0,-1,False,-1,-1,0,0,0,-1
2026-06-29 13:17:17.301,93.74414,False,18.95144,0.8993433,-9.213469,0,0,0,1,0,0,-1,False,-1,-1,0,0,0,-1
2026-06-29 13:17:17.334,93.77748,False,18.95255,0.8989744,-9.214142,0,0,0,1,0,0,-1,False,-1,-1,0,0,0,-1
2026-06-29 13:17:17.378,93.82155,False,18.95432,0.8985613,-9.21504,0,0,0,1,0,0,-1,False,-1,-1,0,0,0,-1
2026-06-29 13:17:17.411,93.85495,False,18.95568,0.8984191,-9.215788,0,0,0,1,0,0,-1,False,-1,-1,0,0,0,-1
2026-06-29 13:17:17.445,93.88831,False,18.95696,0.8981947,-9.216689,0,0,0,1,0,0,-1,False,-1,-1,0,0,0,-1
2026-06-29 13:17:17.490,93.93391,False,18.9586,0.897511,-9.217515,0,0,0,1,0,0,-1,False,-1,-1,0,0,0,-1
2026-06-29 13:17:17.534,93.97736,False,18.96021,0.8967534,-9.218276,0,0,0,1,0,0,-1,False,-1,-1,0,0,0,-1
2026-06-29 13:17:17.568,94.01072,False,18.96165,0.8960533,-9.218863,0,0,0,1,0,0,-1,False,-1,-1,0,0,0,-1
2026-06-29 13:17:17.611,94.05499,False,18.96396,0.8948108,-9.219631,0,0,0,1,0,0,-1,False,-1,-1,0,0,0,-1
2026-06-29 13:17:17.657,94.10033,False,18.96663,0.8933886,-9.220112,0,0,0,1,0,0,-1,False,-1,-1,0,0,0,-1
2026-06-29 13:17:17.701,94.14419,False,18.96997,0.8917528,-9.22057,0,0,0,1,0,0,-1,False,-1,-1,0,0,0,-1
2026-06-29 13:17:17.745,94.18817,False,18.97372,0.889491,-9.220716,0,0,0,1,0,0,-1,False,-1,-1,0,0,0,-1
2026-06-29 13:17:17.779,94.22154,False,18.97719,0.8876436,-9.221089,0,0,0,1,0,0,-1,False,-1,-1,0,0,0,-1
2026-06-29 13:17:17.824,94.26702,False,18.98259,0.8855043,-9.222445,0,0,0,1,0,0,-1,False,-1,-1,0,0,0,-1
2026-06-29 13:17:17.867,94.31069,False,18.98857,0.8828835,-9.225399,0,0,0,1,0,0,-1,False,-1,-1,0,0,0,-1
2026-06-29 13:17:17.912,94.35581,False,18.99495,0.8796718,-9.228504,0,0,0,1,0,0,-1,False,-1,-1,0,0,0,-1
2026-06-29 13:17:17.957,94.4,False,19.00127,0.8762738,-9.231442,0,0,0,1,0,0,-1,False,-1,-1,0,0,0,-1
2026-06-29 13:17:17.989,94.43337,False,19.00596,0.8730773,-9.23395,0,0,0,1,0,0,-1,False,-1,-1,0,0,0,-1
2026-06-29 13:17:18.035,94.47742,False,19.0125,0.8686591,-9.236799,0,0,0,1,0,0,-1,False,-1,-1,0,0,0,-1
2026-06-29 13:17:18.069,94.51151,False,19.01751,0.8651372,-9.238329,0,0,0,1,0,0,-1,False,-1,-1,0,0,0,-1
2026-06-29 13:17:18.111,94.5547,False,19.02427,0.8605333,-9.240919,0,0,0,1,0,0,-1,False,-1,-1,0,0,0,-1
2026-06-29 13:17:18.156,94.59942,False,19.03008,0.8567656,-9.242388,0,0,0,1,0,0,-1,False,-1,-1,0,0,0,-1
2026-06-29 13:17:18.190,94.63277,False,19.03414,0.8540878,-9.242744,0,0,0,1,0,0,-1,False,-1,-1,0,0,0,-1
2026-06-29 13:17:18.229,94.67234,False,19.04005,0.8507953,-9.243752,0,0,0,1,0,0,-1,False,-1,-1,0,0,0,-1
2026-06-29 13:17:18.268,94.71111,False,19.04641,0.847688,-9.245142,0,0,0,1,0,0,-1,False,-1,-1,0,0,0,-1
2026-06-29 13:17:18.318,94.76181,False,19.05824,0.8420629,-9.248791,0,0,0,1,0,0,-1,False,-1,-1,0,0,0,-1
2026-06-29 13:17:18.368,94.81081,False,19.06729,0.8366205,-9.253248,0,0,0,1,0,0,-1,False,-1,-1,0,0,0,-1
2026-06-29 13:17:18.407,94.8503,False,19.07618,0.8307896,-9.258533,0,0,0,1,0,0,-1,False,-1,-1,0,0,0,-1
2026-06-29 13:17:18.452,94.8948,False,19.08466,0.8250487,-9.264742,0,0,0,1,0,0,-1,False,-1,-1,0,0,0,-1
2026-06-29 13:17:18.496,94.93888,False,19.09139,0.8205887,-9.270578,0,0,0,1,0,0,-1,False,-1,-1,0,0,0,-1
2026-06-29 13:17:18.540,94.98339,False,19.09713,0.8171276,-9.276323,0,0,0,1,0,0,-1,False,-1,-1,0,0,0,-1
2026-06-29 13:17:18.584,95.02782,False,19.10296,0.8140426,-9.281413,0,0,0,1,0,0,-1,False,-1,-1,0,0,0,-1
2026-06-29 13:17:18.630,95.07286,False,19.10927,0.8106351,-9.286976,0,0,0,1,0,0,-1,False,-1,-1,0,0,0,-1
2026-06-29 13:17:18.674,95.11681,False,19.11426,0.8055847,-9.29074,0,0,0,1,0,0,-1,False,-1,-1,0,0,0,-1
2026-06-29 13:17:18.720,95.16216,False,19.11489,0.8018736,-9.28818,0,0,0,1,0,0,-1,False,-1,-1,0,0,0,-1
2026-06-29 13:17:18.768,95.21132,False,19.11355,0.8037326,-9.285762,0,0,0,1,0,0,-1,False,-1,-1,0,0,0,-1
2026-06-29 13:17:18.806,95.2495,False,19.11455,0.8031014,-9.286076,0,0,0,1,0,0,-1,False,-1,-1,0,0,0,-1
2026-06-29 13:17:18.852,95.28615,True,19.11617,0.8007697,-9.285363,0.5666789,0.823418,0,0.02929037,-0.04823642,0.03319646,0.9982841,True,0.4755372,0.264344,18.73032,1.066311,-1.3,7.999088
2026-06-29 13:17:18.898,95.32725,True,19.11781,0.7990352,-9.284136,0.5203838,0.8534739,0,0.02798275,-0.04776509,0.02912354,0.9984339,True,0.4764406,0.2543857,18.73585,1.031926,-1.3,7.996659
2026-06-29 13:17:18.945,95.3774,True,19.11853,0.7987071,-9.283051,0.2631927,0.9641482,0,0.03387982,-0.06533032,0.01783384,0.9977043,True,0.4535511,0.2281688,18.59579,0.9414032,-1.3,8.001419
2026-06-29 13:17:18.993,95.42773,True,19.11942,0.798699,-9.281349,0.8517254,0.5233567,0,0.02572118,-0.02692271,0.04381477,0.9986768,True,0.5039636,0.2882523,18.90425,1.148863,-1.3,7.991923
2026-06-29 13:17:19.038,95.47298,True,19.12052,0.7978823,-9.281062,0.5062609,0.8620433,0,0.02410766,-0.0415637,0.02440953,0.9988376,True,0.485031,0.2430898,18.78841,0.9929231,-1.3,7.99035
2026-06-29 13:17:19.082,95.51922,True,19.12188,0.7973123,-9.28117,0.9547703,0.2945714,0,0.04051447,-0.02386881,0.07736403,0.9967172,True,0.5082943,0.365851,18.93075,1.416801,-1.3,8.007458
2026-06-29 13:17:19.126,95.56129,True,19.12322,0.7968288,-9.281967,0.9598525,0.2736225,0,0.06175686,-0.03379614,0.1185549,0.9923722,True,0.4953234,0.4624672,18.85139,1.750404,-1.3,8.04332
2026-06-29 13:17:19.168,95.60366,True,19.12482,0.7963302,-9.282932,0.9481359,-0.3051857,0,0.08888231,0.05425123,0.168545,0.9841999,True,0.6119297,0.5820807,19.56486,2.163414,-1.3,8.111089
2026-06-29 13:17:19.207,95.64287,False,19.12649,0.7958671,-9.283823,0,0,0,1,0,0,-1,False,-1,-1,0,0,0,-1
2026-06-29 13:17:19.256,95.69021,True,19.13102,0.7954913,-9.284277,0.9449922,-0.3196586,0,0.06934027,0.04433043,0.131052,0.9903839,True,0.5994339,0.4918927,19.4884,1.852007,-1.3,8.0618
2026-06-29 13:17:19.297,95.73453,True,19.13312,0.7954327,-9.285134,0.7376787,-0.673595,0,0.04582522,0.06173528,0.06760858,0.9958001,True,0.6222761,0.3429054,19.62816,1.337573,-1.3,8.018812
2026-06-29 13:17:19.338,95.77181,True,19.13614,0.7957007,-9.285401,0.8329189,-0.5517602,0,0.04250721,0.04690756,0.07081009,0.9963863,True,0.6033037,0.3503269,19.51208,1.363199,-1.3,8.014363
2026-06-29 13:17:19.374,95.8105,True,19.13821,0.7953929,-9.285639,0.9078799,-0.4130031,0,0.07199019,0.05946434,0.1307169,0.9896349,True,0.6206231,0.4913648,19.61805,1.850184,-1.3,8.069278
2026-06-29 13:17:19.409,95.8447,False,19.1395,0.7957765,-9.285294,0,0,0,1,0,0,-1,False,-1,-1,0,0,0,-1
2026-06-29 13:17:19.444,95.87959,True,19.14073,0.7963513,-9.284515,0.9917865,-0.0988396,0,0.08118127,0.01604784,0.1610289,0.9868191,True,0.5638333,0.5635017,19.27057,2.099263,-1.3,8.091164
2026-06-29 13:17:19.509,95.94398,True,19.14281,0.7966338,-9.283312,0.995887,-0.06933047,0,0.05832994,0.008088084,0.1161801,0.9931952,True,0.5535785,0.4566997,19.20783,1.73049,-1.3,8.038008
2026-06-29 13:17:19.541,95.97867,True,19.14381,0.7963822,-9.282585,0.9877184,-0.1466503,0,0.05390818,0.0158113,0.1064922,0.9941878,True,0.5638645,0.4338042,19.27076,1.651435,-1.3,8.029252
2026-06-29 13:17:19.580,96.01364,True,19.14546,0.7958366,-9.281393,0.9984166,0.008358975,0,0.05562786,-0.0009299837,0.1110796,0.9938111,True,0.5421643,0.444373,19.13799,1.687927,-1.3,8.031097
2026-06-29 13:17:19.644,96.07829,True,19.14725,0.795224,-9.280338,0.9986653,0.02700992,0,0.04402266,-0.002378097,0.08792781,0.996124,True,0.5405641,0.3898446,19.1282,1.499648,-1.3,8.011391
2026-06-29 13:17:19.678,96.11269,True,19.14761,0.795848,-9.27993,0.9985256,0.03201258,0,0.04383944,-0.002806826,0.08754959,0.9961562,True,0.5400614,0.3891308,19.12512,1.497184,-1.3,8.010721
2026-06-29 13:17:19.711,96.14617,True,19.14801,0.7959586,-9.279602,0.9962476,-0.07432213,0,0.04434931,0.006592271,0.0883658,0.9960663,True,0.5524338,0.3910666,19.20082,1.503867,-1.3,8.011116
2026-06-29 13:17:19.747,96.18057,True,19.14769,0.795323,-9.279549,0.9927212,0.112212,0,0.04373902,-0.009816082,0.08684131,0.9961738,True,0.5308986,0.3873223,19.06906,1.490939,-1.3,8.010197
2026-06-29 13:17:19.812,96.24637,True,19.14939,0.7946578,-9.278852,0.9981138,0.03417578,0,0.05099962,-0.003485903,0.1018068,0.9947981,True,0.5394588,0.4221537,19.12143,1.611207,-1.3,8.020575
2026-06-29 13:17:19.876,96.31216,True,19.14649,0.7943326,-9.280494,0.9830577,0.17895,0,0.03968021,-0.01420154,0.07801587,0.996851,True,0.5249728,0.3664601,19.0328,1.418904,-1.3,8.005704
2026-06-29 13:17:19.943,96.37873,False,19.13961,0.7946427,-9.283849,0,0,0,1,0,0,-1,False,-1,-1,0,0,0,-1
2026-06-29 13:17:20.008,96.44421,True,19.13036,0.7950253,-9.289358,0.8864141,-0.4563682,0,0.07744874,0.07069027,0.1373033,0.9880034,True,0.6343412,0.5073301,19.70198,1.90531,-1.3,8.086367
2026-06-29 13:17:20.047,96.48073,True,19.12281,0.7950867,-9.293033,0.7341716,-0.6766383,0,0.05615026,0.0759868,0.08244782,0.9936942,True,0.6395793,0.3778628,19.73403,1.458277,-1.3,8.043754
2026-06-29 13:17:20.109,96.54456,True,19.11864,0.7951192,-9.295273,0.8334395,-0.5499607,0,0.05405503,0.05945626,0.09010317,0.9941561,True,0.6171519,0.3956674,19.59681,1.519753,-1.3,8.042271
2026-06-29 13:17:20.154,96.58924,False,19.11806,0.7970626,-9.294558,0,0,0,1,0,0,-1,False,-1,-1,0,0,0,-1
2026-06-29 13:17:20.198,96.63414,False,19.11116,0.8017148,-9.294249,0,0,0,1,0,0,-1,False,-1,-1,0,0,0,-1
2026-06-29 13:17:20.244,96.67856,False,19.10267,0.807707,-9.293846,0,0,0,1,0,0,-1,False,-1,-1,0,0,0,-1
2026-06-29 13:17:20.292,96.72594,False,19.09481,0.8160504,-9.28979,0,0,0,1,0,0,-1,False,-1,-1,0,0,0,-1
2026-06-29 13:17:20.336,96.76987,False,19.08662,0.8257294,-9.285337,0,0,0,1,0,0,-1,False,-1,-1,0,0,0,-1
2026-06-29 13:17:20.375,96.81264,False,19.07922,0.8353163,-9.281617,0,0,0,1,0,0,-1,False,-1,-1,0,0,0,-1
2026-06-29 13:17:20.422,96.85742,False,19.07062,0.843976,-9.281331,0,0,0,1,0,0,-1,False,-1,-1,0,0,0,-1
2026-06-29 13:17:20.464,96.90024,False,19.04523,0.8523853,-9.287809,0,0,0,1,0,0,-1,False,-1,-1,0,0,0,-1
2026-06-29 13:17:20.510,96.94382,False,19.02971,0.8586045,-9.291428,0,0,0,1,0,0,-1,False,-1,-1,0,0,0,-1
2026-06-29 13:17:20.555,96.99005,False,19.01464,0.8632129,-9.295973,0,0,0,1,0,0,-1,False,-1,-1,0,0,0,-1
2026-06-29 13:17:20.598,97.03327,False,19.00739,0.8657181,-9.297953,0,0,0,1,0,0,-1,False,-1,-1,0,0,0,-1
2026-06-29 13:17:20.642,97.07758,False,19.01295,0.8659644,-9.295818,0,0,0,1,0,0,-1,False,-1,-1,0,0,0,-1
2026-06-29 13:17:20.688,97.12321,False,19.01301,0.866002,-9.296442,0,0,0,1,0,0,-1,False,-1,-1,0,0,0,-1
2026-06-29 13:17:20.732,97.16656,False,19.01355,0.865014,-9.297461,0,0,0,1,0,0,-1,False,-1,-1,0,0,0,-1
2026-06-29 13:17:20.776,97.21096,False,19.01428,0.8638807,-9.298145,0,0,0,1,0,0,-1,False,-1,-1,0,0,0,-1
2026-06-29 13:17:20.820,97.25625,False,19.01496,0.8629832,-9.299154,0,0,0,1,0,0,-1,False,-1,-1,0,0,0,-1
2026-06-29 13:17:20.877,97.31176,False,19.01506,0.8628415,-9.299775,0,0,0,1,0,0,-1,False,-1,-1,0,0,0,-1
2026-06-29 13:17:20.921,97.35502,False,19.01485,0.8628458,-9.30055,0,0,0,1,0,0,-1,False,-1,-1,0,0,0,-1
2026-06-29 13:17:20.968,97.40199,False,19.01408,0.8635452,-9.30114,0,0,0,1,0,0,-1,False,-1,-1,0,0,0,-1
2026-06-29 13:17:21.008,97.4444,False,19.01295,0.8643061,-9.30198,0,0,0,1,0,0,-1,False,-1,-1,0,0,0,-1
2026-06-29 13:17:21.055,97.49013,False,19.01191,0.8650174,-9.302811,0,0,0,1,0,0,-1,False,-1,-1,0,0,0,-1
2026-06-29 13:17:21.098,97.53542,False,19.01064,0.8660625,-9.303314,0,0,0,1,0,0,-1,False,-1,-1,0,0,0,-1
2026-06-29 13:17:21.144,97.57884,False,19.00959,0.8668526,-9.303335,0,0,0,1,0,0,-1,False,-1,-1,0,0,0,-1
2026-06-29 13:17:21.188,97.62411,False,19.00934,0.8671704,-9.303598,0,0,0,1,0,0,-1,False,-1,-1,0,0,0,-1
2026-06-29 13:17:21.231,97.66687,False,19.00945,0.8666533,-9.303753,0,0,0,1,0,0,-1,False,-1,-1,0,0,0,-1
2026-06-29 13:17:21.384,97.81545,False,19.0099,0.8656092,-9.303617,0,0,0,1,0,0,-1,False,-1,-1,0,0,0,-1
2026-06-29 13:17:21.429,97.86327,False,19.01032,0.8649486,-9.304625,0,0,0,1,0,0,-1,False,-1,-1,0,0,0,-1
2026-06-29 13:17:21.472,97.90508,False,19.01013,0.8651736,-9.304756,0,0,0,1,0,0,-1,False,-1,-1,0,0,0,-1
2026-06-29 13:17:21.510,97.94407,False,19.00994,0.8650961,-9.305198,0,0,0,1,0,0,-1,False,-1,-1,0,0,0,-1
2026-06-29 13:17:21.556,97.99084,False,19.00994,0.8651081,-9.305668,0,0,0,1,0,0,-1,False,-1,-1,0,0,0,-1
2026-06-29 13:17:21.621,98.05827,False,19.01031,0.8653926,-9.30547,0,0,0,1,0,0,-1,False,-1,-1,0,0,0,-1
2026-06-29 13:17:21.686,98.12196,False,19.01148,0.8645391,-9.305735,0,0,0,1,0,0,-1,False,-1,-1,0,0,0,-1
2026-06-29 13:17:21.722,98.15746,False,19.01152,0.8639246,-9.305668,0,0,0,1,0,0,-1,False,-1,-1,0,0,0,-1
2026-06-29 13:17:21.788,98.2224,False,19.01201,0.8636594,-9.3053,0,0,0,1,0,0,-1,False,-1,-1,0,0,0,-1
2026-06-29 13:17:21.856,98.29059,False,19.01239,0.8633601,-9.305233,0,0,0,1,0,0,-1,False,-1,-1,0,0,0,-1
2026-06-29 13:17:21.913,98.35709,False,19.01324,0.8623306,-9.305411,0,0,0,1,0,0,-1,False,-1,-1,0,0,0,-1
2026-06-29 13:17:21.974,98.41738,False,19.01345,0.8613641,-9.304744,0,0,0,1,0,0,-1,False,-1,-1,0,0,0,-1
2026-06-29 13:17:22.008,98.45223,False,19.01351,0.8610329,-9.30421,0,0,0,1,0,0,-1,False,-1,-1,0,0,0,-1
2026-06-29 13:17:22.073,98.51666,False,19.01391,0.8602379,-9.303885,0,0,0,1,0,0,-1,False,-1,-1,0,0,0,-1
2026-06-29 13:17:22.108,98.55122,False,19.01445,0.8598787,-9.303826,0,0,0,1,0,0,-1,False,-1,-1,0,0,0,-1
2026-06-29 13:17:22.174,98.61639,False,19.01617,0.8585665,-9.303411,0,0,0,1,0,0,-1,False,-1,-1,0,0,0,-1
2026-06-29 13:17:22.229,98.67204,False,19.01889,0.8565538,-9.302893,0,0,0,1,0,0,-1,False,-1,-1,0,0,0,-1
2026-06-29 13:17:22.273,98.71617,False,19.02305,0.8529702,-9.302284,0,0,0,1,0,0,-1,False,-1,-1,0,0,0,-1
2026-06-29 13:17:22.318,98.76131,False,19.02841,0.8487569,-9.301624,0,0,0,1,0,0,-1,False,-1,-1,0,0,0,-1
2026-06-29 13:17:22.362,98.80531,False,19.03457,0.8438765,-9.301695,0,0,0,1,0,0,-1,False,-1,-1,0,0,0,-1
2026-06-29 13:17:22.408,98.85092,False,19.0423,0.8381475,-9.301407,0,0,0,1,0,0,-1,False,-1,-1,0,0,0,-1
2026-06-29 13:17:22.451,98.89417,False,19.05202,0.8311927,-9.302141,0,0,0,1,0,0,-1,False,-1,-1,0,0,0,-1
2026-06-29 13:17:22.495,98.93807,False,19.06403,0.8223795,-9.304473,0,0,0,1,0,0,-1,False,-1,-1,0,0,0,-1
2026-06-29 13:17:22.540,98.98349,False,19.07483,0.8134571,-9.30627,0,0,0,1,0,0,-1,False,-1,-1,0,0,0,-1
2026-06-29 13:17:22.585,99.02854,False,19.08236,0.8112689,-9.304947,0,0,0,1,0,0,-1,False,-1,-1,0,0,0,-1
2026-06-29 13:17:22.643,99.07766,False,19.08911,0.8111978,-9.303255,0,0,0,1,0,0,-1,False,-1,-1,0,0,0,-1
2026-06-29 13:17:22.688,99.12337,False,19.09698,0.8050892,-9.304426,0,0,0,1,0,0,-1,False,-1,-1,0,0,0,-1
2026-06-29 13:17:22.731,99.16753,False,19.10458,0.7952611,-9.304765,0,0,0,1,0,0,-1,False,-1,-1,0,0,0,-1
2026-06-29 13:17:22.777,99.21106,False,19.10638,0.7882882,-9.30345,0,0,0,1,0,0,-1,False,-1,-1,0,0,0,-1
2026-06-29 13:17:22.822,99.25755,False,19.10622,0.7903607,-9.300814,0,0,0,1,0,0,-1,False,-1,-1,0,0,0,-1
2026-06-29 13:17:22.877,99.31135,False,19.10707,0.7932227,-9.300824,0,0,0,1,0,0,-1,False,-1,-1,0,0,0,-1
2026-06-29 13:17:22.924,99.3578,False,19.10585,0.7952371,-9.30162,0,0,0,1,0,0,-1,False,-1,-1,0,0,0,-1
2026-06-29 13:17:22.975,99.41003,False,19.10401,0.7958853,-9.302379,0,0,0,1,0,0,-1,False,-1,-1,0,0,0,-1
2026-06-29 13:17:23.029,99.46213,False,19.10389,0.7960596,-9.303894,0,0,0,1,0,0,-1,False,-1,-1,0,0,0,-1
2026-06-29 13:17:23.075,99.50999,False,19.1037,0.7945691,-9.306261,0,0,0,1,0,0,-1,False,-1,-1,0,0,0,-1
2026-06-29 13:17:23.119,99.55314,False,19.10418,0.7935796,-9.308618,0,0,0,1,0,0,-1,False,-1,-1,0,0,0,-1
2026-06-29 13:17:23.160,99.59532,False,19.10577,0.7923957,-9.310822,0,0,0,1,0,0,-1,False,-1,-1,0,0,0,-1
2026-06-29 13:17:23.203,99.63806,False,19.10748,0.7914051,-9.31256,0,0,0,1,0,0,-1,False,-1,-1,0,0,0,-1
2026-06-29 13:17:23.246,99.6805,False,19.10914,0.7913084,-9.314692,0,0,0,1,0,0,-1,False,-1,-1,0,0,0,-1
2026-06-29 13:17:23.292,99.7263,True,19.11044,0.792233,-9.316222,0.848505,-0.5184625,0,0.1059998,0.1099139,0.1798827,0.9775281,True,0.6849747,0.6121856,20.01179,2.267362,-1.3,8.200503
2026-06-29 13:17:23.337,99.77098,True,19.11009,0.7923533,-9.317661,0.9136719,-0.3920211,0,0.1073468,0.0841644,0.1961595,0.9769533,True,0.6504934,0.6512353,19.80081,2.402195,-1.3,8.2068
2026-06-29 13:17:23.386,99.82171,True,19.10786,0.7913579,-9.319831,0.9191064,-0.380526,0,0.1021935,0.07777458,0.1878534,0.979113,True,0.6413561,0.6303406,19.74491,2.330049,-1.3,8.190914
2026-06-29 13:17:23.435,99.86838,True,19.10511,0.7907906,-9.322973,0.9428682,-0.3189844,0,0.09616882,0.06135272,0.1813491,0.9815031,True,0.6187546,0.6138673,19.60662,2.273169,-1.3,8.17417
2026-06-29 13:17:23.480,99.91608,True,19.10155,0.7905339,-9.322916,0.9746712,-0.1721067,0,0.1428126,0.04915801,0.2783906,0.9592091,True,0.6034068,0.8588377,19.51271,3.119019,-1.3,8.364095
2026-06-29 13:17:23.522,99.95779,False,19.09602,0.7896743,-9.324667,0,0,0,1,0,0,-1,False,-1,-1,0,0,0,-1
2026-06-29 13:17:23.565,100,False,19.09108,0.7887251,-9.324761,0,0,0,1,0,0,-1,False,-1,-1,0,0,0,-1
2026-06-29 13:17:23.609,100.0435,False,19.08756,0.7890803,-9.324647,0,0,0,1,0,0,-1,False,-1,-1,0,0,0,-1
2026-06-29 13:17:23.654,100.0896,False,19.08372,0.7888815,-9.324542,0,0,0,1,0,0,-1,False,-1,-1,0,0,0,-1
2026-06-29 13:17:23.698,100.1331,True,19.08229,0.7892265,-9.325319,0.9932874,-0.08131368,0,0.08226863,0.01337913,0.1634328,0.9864637,True,0.5508509,0.5691671,19.19114,2.118825,-1.3,8.135443
2026-06-29 13:17:23.741,100.1764,True,19.08119,0.7895738,-9.326493,0.9494837,-0.3053624,0,0.07234991,0.04418589,0.1373901,0.989531,True,0.591458,0.5069512,19.4396,1.904001,-1.3,8.111411
2026-06-29 13:17:23.789,100.223,True,19.08156,0.788994,-9.328015,0.9339411,-0.3506211,0,0.0694179,0.04867876,0.1296645,0.9903623,True,0.5974331,0.4884363,19.47616,1.840072,-1.3,8.106139
2026-06-29 13:17:23.834,100.2673,True,19.08282,0.7882078,-9.329443,0.9924458,-0.09450175,0,0.0782363,0.01478693,0.1552906,0.9877582,True,0.5527927,0.549396,19.20302,2.050558,-1.3,8.128956
2026-06-29 13:17:23.875,100.3102,True,19.08511,0.7885088,-9.329948,0.9831256,-0.168593,0,0.07099558,0.02393872,0.1395952,0.9899192,True,0.5652592,0.5118353,19.2793,1.920866,-1.3,8.11172
2026-06-29 13:17:23.921,100.3571,True,19.08727,0.7879175,-9.330843,0.9644513,-0.2542093,0,0.0721901,0.03670278,0.1392477,0.9895772,True,0.5825563,0.5109972,19.38513,1.917972,-1.3,8.115428
2026-06-29 13:17:23.964,100.4003,True,19.08992,0.7875958,-9.331434,0.9722564,-0.2223539,0,0.07263772,0.03230256,0.141245,0.9894475,True,0.5771616,0.5156664,19.35212,1.934094,-1.3,8.117089
2026-06-29 13:17:24.011,100.4448,True,19.09251,0.7873185,-9.332179,0.9945972,-0.07947629,0,0.06678296,0.01061532,0.1328443,0.99108,True,0.5487929,0.4953519,19.17854,1.863951,-1.3,8.104469
2026-06-29 13:17:24.056,100.4901,False,19.09505,0.7873654,-9.332552,0,0,0,1,0,0,-1,False,-1,-1,0,0,0,-1
2026-06-29 13:17:24.098,100.5335,False,19.09681,0.78715,-9.333389,0,0,0,1,0,0,-1,False,-1,-1,0,0,0,-1
2026-06-29 13:17:24.146,100.5802,False,19.09712,0.7870516,-9.333824,0,0,0,1,0,0,-1,False,-1,-1,0,0,0,-1
2026-06-29 13:17:24.198,100.6333,True,19.0969,0.7874696,-9.334364,0.9571882,0.2714472,0,0.1005344,-0.05457956,0.1924607,0.9797857,True,0.4623019,0.6406574,18.64934,2.365671,-1.3,8.200124
2026-06-29 13:17:24.244,100.6796,True,19.09636,0.7876288,-9.334922,0.9695591,0.2256514,0,0.09506166,-0.04290159,0.1843358,0.9819266,True,0.4779866,0.6204836,18.74531,2.296014,-1.3,8.182813
2026-06-29 13:17:24.290,100.7245,True,19.09602,0.7882285,-9.335319,0.9855407,0.1523454,0,0.074164,-0.0225971,0.1461833,0.9889994,True,0.5052992,0.5277807,18.91242,1.975923,-1.3,8.124695
2026-06-29 13:17:24.334,100.7672,True,19.09615,0.7889944,-9.335397,0.9870889,0.1404147,0,0.07706667,-0.02164258,0.1521433,0.9881214,True,0.5065618,0.5423481,18.92015,2.026223,-1.3,8.131992
2026-06-29 13:17:24.381,100.8169,True,19.09752,0.7903885,-9.335524,0.9921734,0.08387032,0,0.09250771,-0.0155173,0.1835674,0.9828846,True,0.5148168,0.6190705,18.97066,2.291134,-1.3,8.175449
2026-06-29 13:17:24.424,100.8584,True,19.09826,0.7903945,-9.336333,0.9860222,0.1277463,0,0.1069632,-0.0273283,0.2109361,0.9771177,True,0.4989376,0.6868722,18.8735,2.525245,-1.3,8.224528
2026-06-29 13:17:24.464,100.9008,True,19.07632,0.7892127,-9.324311,0.9834075,0.1519568,0,0.09909043,-0.03011492,0.1948925,0.9803621,True,0.4918009,0.6460866,18.82983,2.384418,-1.3,8.185048
2026-06-29 13:17:24.514,100.9493,False,19.07662,0.789234,-9.325307,0,0,0,1,0,0,-1,False,-1,-1,0,0,0,-1
2026-06-29 13:17:24.555,100.9923,False,19.0767,0.7894782,-9.32563,0,0,0,1,0,0,-1,False,-1,-1,0,0,0,-1
2026-06-29 13:17:24.597,101.0334,False,19.07567,0.7893817,-9.326653,0,0,0,1,0,0,-1,False,-1,-1,0,0,0,-1
2026-06-29 13:17:24.644,101.0776,True,19.07422,0.7898999,-9.326176,0.9871187,0.09853649,0,0.1260449,-0.02484004,0.2488425,0.9682254,True,0.4980898,0.7817074,18.86831,2.852698,-1.3,8.289573
2026-06-29 13:17:24.687,101.1223,True,19.07291,0.7895292,-9.326461,0.9922228,0.03654005,0,0.1189902,-0.008695817,0.2361296,0.9716826,True,0.5197893,0.7490823,19.00108,2.740048,-1.3,8.260372
2026-06-29 13:17:24.729,101.1654,True,19.06699,0.7887993,-9.326057,0.9892834,0.1096077,0,0.09645956,-0.02114541,0.1908517,0.9813911,True,0.5022982,0.636012,18.89406,2.349631,-1.3,8.178245
2026-06-29 13:17:24.779,101.2126,True,19.06516,0.7885754,-9.325872,0.9927841,0.09269015,0,0.07608064,-0.01410385,0.1510633,0.9884235,True,0.5115442,0.539153,18.95063,2.01519,-1.3,8.119872
2026-06-29 13:17:24.823,101.2577,True,19.0673,0.7888781,-9.324883,0.983803,0.1564361,0,0.08751854,-0.02738211,0.172202,0.984681,True,0.4941403,0.5904401,18.84415,2.192278,-1.3,8.149729
2026-06-29 13:17:24.866,101.2995,True,19.06895,0.7892762,-9.323944,0.9931269,0.08684622,0,0.07846455,-0.0136287,0.1558505,0.9876866,True,0.5127863,0.5507991,18.95823,2.055402,-1.3,8.123978
2026-06-29 13:17:24.917,101.3518,True,19.06841,0.7900032,-9.324179,0.9899234,0.1177674,0,0.07862956,-0.01851999,0.1556745,0.9876348,True,0.5062007,0.5506253,18.91794,2.054802,-1.3,8.124641
2026-06-29 13:17:24.960,101.3932,True,19.06813,0.7902925,-9.324656,0.9936007,0.08211454,0,0.07755537,-0.01273685,0.1541181,0.9879703,True,0.5138388,0.5469455,18.96467,2.042097,-1.3,8.122364
2026-06-29 13:17:25.002,101.437,True,19.06812,0.7901579,-9.325307,0.9953055,-0.03376722,0,0.09070188,0.006125499,0.1805521,0.9835464,True,0.5389135,0.6110336,19.1181,2.263384,-1.3,8.159561
2026-06-29 13:17:25.042,101.4772,True,19.06807,0.7898762,-9.326128,0.9957597,-0.007201503,0,0.09171072,0.00132091,0.1826437,0.9831783,True,0.5325003,0.6161003,19.07886,2.280879,-1.3,8.163451
2026-06-29 13:17:25.089,101.5231,True,19.06797,0.7895303,-9.326649,0.9959244,-0.02817746,0,0.08567781,0.004828366,0.1706572,0.9853186,True,0.5371494,0.5868108,19.1073,2.179746,-1.3,8.146247
2026-06-29 13:17:25.133,101.5678,True,19.06744,0.7891174,-9.327362,0.9965591,0.0177667,0,0.08095904,-0.002876749,0.1613609,0.9868913,True,0.5268101,0.5641858,19.04404,2.101625,-1.3,8.133988
2026-06-29 13:17:25.174,101.6094,True,19.06632,0.7886543,-9.327943,0.9930835,0.09170292,0,0.07331856,-0.01344705,0.1456229,0.9892488,True,0.5126171,0.5261846,18.9572,1.970412,-1.3,8.115191
2026-06-29 13:17:25.221,101.655,True,19.06492,0.7884107,-9.328443,0.994958,-0.06441732,0,0.0768703,0.009903556,0.1529654,0.9881819,True,0.5433729,0.5437816,19.14538,2.031172,-1.3,8.124458
2026-06-29 13:17:25.266,101.701,True,19.0635,0.7881089,-9.328861,0.9933562,-0.09448178,0,0.06570081,0.01241506,0.1305286,0.9913669,True,0.5464236,0.4899305,19.16405,1.845231,-1.3,8.098779
2026-06-29 13:17:25.308,101.7444,True,19.06227,0.7879409,-9.329042,0.9964668,-0.05013044,0,0.06738654,0.006756234,0.1342969,0.9909181,True,0.5387371,0.4988702,19.11702,1.876099,-1.3,8.102629
2026-06-29 13:17:25.355,101.7894,True,19.06109,0.7878667,-9.329189,0.9780829,-0.1984372,0,0.06306004,0.02502691,0.1233559,0.9920468,True,0.562702,0.4728501,19.26365,1.786255,-1.3,8.093558
2026-06-29 13:17:25.401,101.835,True,19.06015,0.7877111,-9.329355,0.9388163,-0.3375494,0,0.06844191,0.04620505,0.1285088,0.9906314,True,0.5906497,0.48532,19.43465,1.829312,-1.3,8.10529
2026-06-29 13:17:25.446,101.8803,True,19.05914,0.7877097,-9.329573,0.9450825,-0.3216503,0,0.0579667,0.03729001,0.1095666,0.9932797,True,0.5785444,0.4401758,19.36058,1.673435,-1.3,8.083898
2026-06-29 13:17:25.488,101.9222,True,19.05828,0.7874479,-9.330065,0.9551743,-0.290158,0,0.05873962,0.03408754,0.1122132,0.9930993,True,0.5741837,0.44636,19.3339,1.694788,-1.3,8.085862
2026-06-29 13:17:25.531,101.9662,True,19.05763,0.7870789,-9.330561,0.9647242,-0.2569336,0,0.05737938,0.02948537,0.1107105,0.9934152,True,0.5679871,0.4426678,19.29599,1.68204,-1.3,8.083791
2026-06-29 13:17:25.586,102.0196,True,19.05704,0.7867494,-9.331079,0.9764769,-0.2070936,0,0.06004333,0.02486918,0.1172618,0.9927896,True,0.5618134,0.4581009,19.25821,1.735328,-1.3,8.089406
2026-06-29 13:17:25.625,102.0611,True,19.0565,0.7865081,-9.331495,0.9787235,-0.1983149,0,0.05264545,0.02088076,0.1030507,0.9944569,True,0.5564077,0.4243447,19.22514,1.618773,-1.3,8.076263
2026-06-29 13:17:25.666,102.1013,True,19.05585,0.7864825,-9.331861,0.9727057,-0.226403,0,0.05084666,0.02302368,0.09891766,0.9948292,True,0.5591209,0.4145941,19.24174,1.585105,-1.3,8.073607
2026-06-29 13:17:25.712,102.1458,True,19.05513,0.7864427,-9.332191,0.9693104,-0.2410382,0,0.0483527,0.02330969,0.09373754,0.9953241,True,0.5593653,0.4023703,19.24323,1.542897,-1.3,8.069925
2026-06-29 13:17:25.752,102.1886,True,19.05438,0.7864505,-9.332666,0.9641125,-0.2619989,0,0.04294023,0.02250058,0.08279838,0.9963123,True,0.5581479,0.3766254,19.23578,1.454004,-1.3,8.062398
2026-06-29 13:17:25.800,102.2336,True,19.05353,0.7863787,-9.333202,0.9727057,-0.2269701,0,0.04825348,0.02190419,0.09387285,0.9953432,True,0.5572534,0.4026914,19.23031,1.544006,-1.3,8.070786
2026-06-29 13:17:25.840,102.2764,True,19.05267,0.7865313,-9.333706,0.9863412,-0.1548041,0,0.05627358,0.01742276,0.1110099,0.9936666,True,0.5512421,0.4432461,19.19353,1.684036,-1.3,8.08491
2026-06-29 13:17:25.888,102.3246,True,19.05156,0.7869193,-9.334246,0.9924365,-0.108467,0,0.05748686,0.01247086,0.1141041,0.9933905,True,0.5445227,0.4506958,19.15242,1.709759,-1.3,8.087701
2026-06-29 13:17:25.930,102.3666,True,19.05057,0.7873476,-9.333955,0.9759741,-0.21024,0,0.05721508,0.0240578,0.1116809,0.9934528,True,0.559674,0.4451181,19.24512,1.6905,-1.3,8.086901
2026-06-29 13:17:25.974,102.4089,True,19.05032,0.7875047,-9.33354,0.9678717,-0.23869,0,0.07906669,0.03774486,0.1530528,0.987497,True,0.5780212,0.5442034,19.35738,2.032629,-1.3,8.135255
2026-06-29 13:17:26.021,102.4557,True,19.05086,0.787818,-9.334534,0.9758084,-0.1974713,0,0.09382457,0.03705532,0.1831096,0.9823939,True,0.5774542,0.6174052,19.35391,2.285384,-1.3,8.178525
2026-06-29 13:17:26.063,102.498,True,19.05151,0.7866925,-9.335384,0.9783698,-0.1573201,0,0.1343237,0.04226364,0.2628365,0.9639143,True,0.5856122,0.8179244,19.40383,2.977751,-1.3,8.336202
2026-06-29 13:17:26.109,102.5443,True,19.05195,0.7855436,-9.335198,0.9806216,-0.1111091,0,0.161357,0.03585644,0.3164603,0.9479279,True,0.5777779,0.9599218,19.35589,3.468049,-1.3,8.476592
2026-06-29 13:17:26.153,102.5875,True,19.05117,0.786526,-9.336826,0.9813642,-0.1117452,0,0.1563246,0.03493706,0.3068227,0.9511253,True,0.5762233,0.9341664,19.34638,3.379119,-1.3,8.449808
2026-06-29 13:17:26.199,102.6335,True,19.05127,0.786617,-9.337153,0.9916236,0.05357388,0,0.1175271,-0.01259276,0.2330851,0.9723747,True,0.5109803,0.7413009,18.94718,2.71318,-1.3,8.26549
2026-06-29 13:17:26.242,102.6769,True,19.05138,0.7860773,-9.338889,0.9889824,0.05681697,0,0.1366957,-0.01553326,0.2703792,0.9626285,True,0.5068092,0.8371134,18.92166,3.044008,-1.3,8.350977
2026-06-29 13:17:26.288,102.7235,True,19.05157,0.7864439,-9.340843,0.9807919,0.1580438,0,0.1143219,-0.03613574,0.2242519,0.973861,True,0.4792782,0.7195325,18.75321,2.638017,-1.3,8.256663
2026-06-29 13:17:26.331,102.7665,True,19.05201,0.7862427,-9.342562,0.9788573,0.1406779,0,0.1484863,-0.04177747,0.2906937,0.9559036,True,0.4706649,0.8915627,18.70051,3.232014,-1.3,8.413569
2026-06-29 13:17:26.376,102.8101,True,19.05203,0.7870871,-9.344908,0.9928584,-0.07989341,0,0.08859601,0.01415647,0.1759266,0.9843014,True,0.5470265,0.5999091,19.16774,2.224973,-1.3,8.173215
2026-06-29 13:17:26.421,102.8545,True,19.0524,0.7876372,-9.347021,0.9964543,0.009497654,0,0.08359816,-0.001587973,0.1666035,0.9860227,True,0.526059,0.577415,19.03944,2.147304,-1.3,8.161091
2026-06-29 13:17:26.463,102.8996,True,19.05255,0.789008,-9.348338,0.9762402,0.07403115,0,0.2036528,-0.0301533,0.3976281,0.917051,False,-1,-1,0,0,0,-1
2026-06-29 13:17:26.510,102.9454,False,19.18497,0.7839335,-9.295221,0,0,0,1,0,0,-1,False,-1,-1,0,0,0,-1
2026-06-29 13:17:26.564,102.9993,False,19.1675,0.7852128,-9.302906,0,0,0,1,0,0,-1,False,-1,-1,0,0,0,-1
2026-06-29 13:17:26.610,103.0445,True,19.17553,0.7840039,-9.29958,0.9712553,0.07142246,0,0.2270729,-0.03243621,0.4410914,0.8968758,False,-1,-1,0,0,0,-1
2026-06-29 13:17:26.658,103.0919,True,19.18708,0.7828034,-9.294901,0.9871883,0.05997171,0,0.1478603,-0.01773487,0.291932,0.9562746,True,0.5259542,0.8890941,19.0388,3.22349,-1.3,8.360465
2026-06-29 13:17:26.702,103.1353,True,19.18965,0.7823442,-9.293007,0.9894345,0.0622905,0,0.1309173,-0.01630981,0.2590681,0.9657213,True,0.5285457,0.8031044,19.05466,2.926579,-1.3,8.276722
2026-06-29 13:17:26.740,103.1769,True,19.1985,0.7819095,-9.288858,0.9820353,0.1467194,0,0.1186602,-0.03481951,0.233057,0.9718395,True,0.5052743,0.7368232,18.91227,2.697719,-1.3,8.220347
2026-06-29 13:17:26.788,103.2227,True,19.17485,0.7837837,-9.296663,0.9861507,0.1126783,0,0.1216981,-0.02742548,0.2400253,0.9703792,True,0.5112519,0.7553748,18.94884,2.761775,-1.3,8.240761
2026-06-29 13:17:26.831,103.2667,True,19.14672,0.785836,-9.306013,0.9851092,0.121573,0,0.121573,-0.02955998,0.2395253,0.97044,True,0.5037355,0.7554083,18.90285,2.761891,-1.3,8.249879
2026-06-29 13:17:26.873,103.3082,True,19.13841,0.7863367,-9.308418,0.9838569,0.1429831,0,0.1076177,-0.03077502,0.2117608,0.9768369,True,0.500999,0.6860538,18.88611,2.522419,-1.3,8.198316
2026-06-29 13:17:26.915,103.351,True,19.13495,0.786399,-9.308678,0.9928653,0.001868184,0,0.1192275,-0.0004454778,0.2367537,0.9715696,True,0.5410678,0.7484795,19.13128,2.737967,-1.3,8.243031
2026-06-29 13:17:26.955,103.3901,True,19.16103,0.7839047,-9.296692,0.9913613,0.1040416,0,0.07986327,-0.0166182,0.1583467,0.9872437,True,0.5239301,0.5540177,19.02642,2.066516,-1.3,8.100018
2026-06-29 13:17:27.001,103.4347,True,19.17157,0.7820689,-9.291183,0.9957284,0.03925071,0,0.08357207,-0.006560526,0.1664302,0.9860315,True,0.5389633,0.5726597,19.1184,2.130884,-1.3,8.104389
2026-06-29 13:17:27.044,103.4776,True,19.17057,0.7809747,-9.291102,-0.8556054,0.5089101,0,0.09460411,-0.09628996,-0.1618876,0.9821001,False,-1,-1,0,0,0,-1
2026-06-29 13:17:27.087,103.5217,True,19.17581,0.7799802,-9.289068,-0.9894733,0.08325571,0,0.1183681,-0.01970964,-0.2342441,0.971978,False,-1,-1,0,0,0,-1
2026-06-29 13:17:27.132,103.5675,True,19.16789,0.7798057,-9.292246,-0.9692358,-0.03052142,0,0.2442342,0.01490875,-0.4734411,0.8806993,False,-1,-1,0,0,0,-1
2026-06-29 13:17:27.171,103.6068,False,19.16953,0.7793541,-9.292391,0,0,0,1,0,0,-1,False,-1,-1,0,0,0,-1
2026-06-29 13:17:27.213,103.6485,False,19.17256,0.7791972,-9.292192,0,0,0,1,0,0,-1,False,-1,-1,0,0,0,-1
2026-06-29 13:17:27.255,103.6881,False,19.17121,0.7788985,-9.293413,0,0,0,1,0,0,-1,False,-1,-1,0,0,0,-1
2026-06-29 13:17:27.297,103.7315,False,19.16789,0.7785328,-9.295423,0,0,0,1,0,0,-1,False,-1,-1,0,0,0,-1
2026-06-29 13:17:27.336,103.7716,False,19.16041,0.7786548,-9.298779,0,0,0,1,0,0,-1,False,-1,-1,0,0,0,-1
2026-06-29 13:17:27.380,103.8157,False,19.15528,0.7788564,-9.299976,0,0,0,1,0,0,-1,False,-1,-1,0,0,0,-1
2026-06-29 13:17:27.421,103.857,False,19.15104,0.7808328,-9.298704,0,0,0,1,0,0,-1,False,-1,-1,0,0,0,-1
2026-06-29 13:17:27.464,103.8989,False,19.14975,0.7841591,-9.296729,0,0,0,1,0,0,-1,False,-1,-1,0,0,0,-1
2026-06-29 13:17:27.507,103.9426,False,19.14871,0.7877545,-9.295414,0,0,0,1,0,0,-1,False,-1,-1,0,0,0,-1
2026-06-29 13:17:27.554,103.9892,True,19.1468,0.7881688,-9.294847,0.9600133,-0.003766766,0,0.2799292,0.002108855,0.5374715,0.8432792,False,-1,-1,0,0,0,-1
2026-06-29 13:17:27.596,104.0327,False,19.14654,0.786865,-9.293437,0,0,0,1,0,0,-1,False,-1,-1,0,0,0,-1
2026-06-29 13:17:27.641,104.0752,False,19.14341,0.7849461,-9.294395,0,0,0,1,0,0,-1,False,-1,-1,0,0,0,-1
2026-06-29 13:17:27.694,104.128,True,19.14437,0.782788,-9.293882,0.9136648,0.3564709,0,0.1953076,-0.139243,0.3568914,0.9237099,False,-1,-1,0,0,0,-1
2026-06-29 13:17:27.736,104.1712,True,19.13743,0.7815036,-9.297051,0.9798504,-0.1876346,0,0.06845818,0.02569024,0.1341575,0.9906269,True,0.5759683,0.4955166,19.34482,1.864519,-1.3,8.072719
2026-06-29 13:17:27.776,104.2118,True,19.1362,0.7796812,-9.298339,0.9951328,-0.08798245,0,0.04438284,0.007809821,0.08833364,0.9960604,True,0.5521222,0.3867602,19.19892,1.488998,-1.3,8.029973
2026-06-29 13:17:27.818,104.2535,True,19.13476,0.7787035,-9.299408,0.206066,-0.9668098,0,0.1510484,0.2920701,0.06225188,0.9543688,True,0.9417423,0.332166,21.58286,1.300492,-1.3,8.381884
2026-06-29 13:17:27.864,104.2987,True,19.13857,0.778348,-9.298481,-0.8519835,-0.4499201,0,0.2677614,0.2409424,-0.4562565,0.8566077,False,-1,-1,0,0,0,-1
2026-06-29 13:17:27.910,104.3431,True,19.13553,0.7793168,-9.299459,-0.9531518,-0.07440478,0,0.293199,0.0436308,-0.5589263,0.8280688,False,-1,-1,0,0,0,-1
2026-06-29 13:17:27.956,104.3909,True,19.13496,0.780138,-9.298893,0.934669,0.3518682,0,0.05082035,-0.03576412,0.09500039,0.9948345,True,0.4946726,0.4026842,18.8474,1.543982,-1.3,8.040424
2026-06-29 13:17:27.998,104.4331,True,19.12526,0.78106,-9.301678,0.963627,0.2607189,0,0.05872464,-0.03062125,0.1131773,0.9931028,True,0.4997616,0.44583,18.87854,1.692958,-1.3,8.05725
2026-06-29 13:17:28.040,104.4743,True,19.12611,0.7810787,-9.300112,0.9709969,0.2318286,0,0.05848582,-0.02711737,0.1135791,0.9931588,True,0.5045222,0.4467061,18.90767,1.695983,-1.3,8.055219
2026-06-29 13:17:28.086,104.5199,True,19.12213,0.780875,-9.300999,0.9684787,0.2418737,0,0.05955026,-0.02880728,0.1153463,0.9929075,True,0.5016337,0.4508677,18.89,1.710353,-1.3,8.058151
2026-06-29 13:17:28.132,104.5666,True,19.11569,0.781831,-9.302477,0.9790508,0.1961368,0,0.05467971,-0.02144941,0.1070684,0.9940202,True,0.5102987,0.4315925,18.94301,1.643798,-1.3,8.050617
2026-06-29 13:17:28.177,104.6101,True,19.11028,0.7819487,-9.304974,0.9889551,0.1395143,0,0.05003482,-0.01396115,0.09896439,0.994993,True,0.5192788,0.4125777,18.99796,1.578143,-1.3,8.045255
2026-06-29 13:17:28.222,104.6545,True,19.10503,0.7824697,-9.305984,0.9793009,0.196324,0,0.04926093,-0.01934221,0.09648255,0.9951468,True,0.511346,0.4069395,18.94942,1.558675,-1.3,8.045029
2026-06-29 13:17:28.270,104.7029,True,19.09352,0.7830046,-9.310404,0.9826924,0.1781144,0,0.05090064,-0.01813227,0.1000393,0.9948182,True,0.5110353,0.4155873,18.94752,1.588534,-1.3,8.052128
2026-06-29 13:17:28.314,104.7482,True,19.08544,0.783862,-9.313593,0.9818391,0.1840222,0,0.04613001,-0.01697789,0.09058448,0.995744,True,0.5112445,0.3936744,18.9488,1.512872,-1.3,8.047844
2026-06-29 13:17:28.359,104.7919,True,19.07989,0.784343,-9.31553,0.9740012,0.2209154,0,0.05018023,-0.02217117,0.09775121,0.9949639,True,0.5034779,0.4107515,18.90128,1.571837,-1.3,8.056101
2026-06-29 13:17:28.402,104.8372,True,19.07701,0.7851521,-9.316957,0.982029,0.1814829,0,0.05179917,-0.01880132,0.1017366,0.9946337,True,0.5074316,0.4204054,18.92547,1.60517,-1.3,8.06021
2026-06-29 13:17:28.456,104.8898,True,19.07456,0.7856436,-9.318251,0.9816407,0.1806801,0,0.06112528,-0.02208824,0.1200061,0.9925274,True,0.5026343,0.4638351,18.89612,1.755127,-1.3,8.078619
2026-06-29 13:17:28.499,104.9332,True,19.07525,0.7858317,-9.318132,0.9886226,0.1369518,0,0.06220588,-0.01703841,0.1229963,0.9922608,True,0.5094088,0.4709586,18.93757,1.779724,-1.3,8.080669
2026-06-29 13:17:28.544,104.9776,True,19.07536,0.7857005,-9.318384,0.9835376,0.1691957,0,0.063456,-0.02147297,0.1248227,0.9919467,True,0.5035603,0.4752967,18.90178,1.794703,-1.3,8.083483
2026-06-29 13:17:28.587,105.0198,True,19.0735,0.7854667,-9.319321,0.9832392,0.1708635,0,0.06361101,-0.0217376,0.1250896,0.9919072,True,0.5029014,0.4758998,18.89775,1.796785,-1.3,8.084748
2026-06-29 13:17:28.631,105.0655,True,19.08735,0.784557,-9.314112,0.9859264,0.1569204,0,0.05766474,-0.01809755,0.1137064,0.9933496,True,0.5100262,0.4484236,18.94135,1.701914,-1.3,8.067765
2026-06-29 13:17:28.673,105.1073,True,19.10152,0.7834743,-9.308422,0.9878154,0.1453418,0,0.05564673,-0.01617559,0.1099374,0.9938068,True,0.5149011,0.4390031,18.97117,1.669386,-1.3,8.058329
2026-06-29 13:17:28.720,105.1518,True,19.10535,0.7832232,-9.306948,0.9906504,0.1243989,0,0.05600704,-0.01393443,0.1109668,0.9937264,True,0.5184809,0.4413061,18.99308,1.677338,-1.3,8.057497
2026-06-29 13:17:28.767,105.2016,True,19.10938,0.7832259,-9.305584,0.9973251,0.04804876,0,0.05508198,-0.005293242,0.1098693,0.9939319,True,0.5305201,0.4386491,19.06674,1.668164,-1.3,8.054459
2026-06-29 13:17:28.810,105.2448,True,19.1091,0.7831405,-9.3057,0.9911209,0.1207383,0,0.0556934,-0.01344865,0.1103977,0.9937965,True,0.5197377,0.439896,19.00077,1.672469,-1.3,8.055674
2026-06-29 13:17:28.851,105.285,True,19.10882,0.7830476,-9.305796,0.9894241,0.1335502,0,0.05660632,-0.01511957,0.1120153,0.9935914,True,0.5174862,0.4436999,18.98699,1.685603,-1.3,8.057432
2026-06-29 13:17:28.889,105.325,True,19.1107,0.7831267,-9.305182,0.994041,0.09317866,0,0.05657034,-0.0105423,0.1124665,0.9935995,True,0.5238238,0.4447534,19.02577,1.689241,-1.3,8.056748
2026-06-29 13:17:28.953,105.3867,True,19.11316,0.7833497,-9.304789,0.4454416,-0.8870358,0,0.1214469,0.2154555,0.108195,0.9705013,True,0.828547,0.440847,20.89026,1.675753,-1.3,8.248096
2026-06-29 13:17:29.020,105.4536,True,19.11244,0.7844582,-9.305769,0.4874789,-0.866841,0,0.1046477,0.1814257,0.102027,0.9780977,True,0.7806865,0.424571,20.59742,1.619554,-1.3,8.18504
2026-06-29 13:17:29.085,105.5196,True,19.1276,0.7837179,-9.300651,0.493324,-0.8634509,0,0.1052802,0.1818086,0.1038745,0.9778322,True,0.7835866,0.4286454,20.61516,1.633622,-1.3,8.182028
2026-06-29 13:17:29.120,105.5536,True,19.11731,0.7843352,-9.305438,0.5182383,-0.8502538,0,0.09218194,0.1567561,0.09554443,0.983005,True,0.7474258,0.4080283,20.39391,1.562434,-1.3,8.143842
2026-06-29 13:17:29.151,105.5872,True,19.12442,0.7838573,-9.30369,0.5328069,-0.841216,0,0.09204652,0.154862,0.09808604,0.9830549,True,0.746012,0.4138222,20.38526,1.58244,-1.3,8.141651
2026-06-29 13:17:29.218,105.6527,True,19.13305,0.7818881,-9.3019,0.6674837,-0.740012,0,0.08275014,0.1224722,0.1104688,0.9863048,True,0.70375,0.4415332,20.12667,1.678122,-1.3,8.113008
2026-06-29 13:17:29.254,105.6875,True,19.13415,0.7820929,-9.302002,0.6695013,-0.7384811,0,0.08008549,0.1182832,0.1072347,0.9871726,True,0.6982393,0.4337753,20.09295,1.651335,-1.3,8.10598
2026-06-29 13:17:29.321,105.7554,True,19.13416,0.7825364,-9.302986,0.8009581,-0.5941845,0,0.07355902,0.08741526,0.1178354,0.9891781,True,0.6571267,0.4582633,19.8414,1.735889,-1.3,8.090541
2026-06-29 13:17:29.387,105.8202,True,19.1339,0.7831688,-9.303259,0.8592947,-0.5072528,0,0.06562997,0.06658196,0.112791,0.9913854,True,0.6293437,0.4460472,19.67141,1.693708,-1.3,8.072803
2026-06-29 13:17:29.419,105.8549,True,19.12907,0.7835365,-9.305115,0.8560341,-0.5132326,0,0.06162795,0.06325893,0.1055112,0.992404,True,0.6241039,0.4289376,19.63935,1.634631,-1.3,8.066387
2026-06-29 13:17:29.483,105.9191,True,19.12929,0.7838877,-9.30519,0.9020537,-0.4274477,0,0.05989673,0.05120543,0.1080601,0.9928247,True,0.6082202,0.4348892,19.54216,1.655181,-1.3,8.063044
2026-06-29 13:17:29.530,105.966,True,19.13259,0.7835281,-9.304081,0.9159918,-0.3969431,0,0.0582687,0.0462587,0.1067473,0.9932095,True,0.6022097,0.4315883,19.50538,1.643784,-1.3,8.058804
2026-06-29 13:17:29.585,106.0196,True,19.14343,0.7826175,-9.300311,0.9351532,-0.3498957,0,0.05533041,0.03871975,0.1034848,0.9938771,True,0.5939928,0.4234343,19.45511,1.615629,-1.3,8.049597
2026-06-29 13:17:29.621,106.054,True,19.14401,0.7825504,-9.300165,0.9356139,-0.3487428,0,0.0548184,0.03823504,0.1025777,0.9939899,True,0.5934442,0.4212686,19.45175,1.608151,-1.3,8.048537
2026-06-29 13:17:29.661,106.0973,True,19.14563,0.7822615,-9.299802,0.9442831,-0.3246658,0,0.05405202,0.03509768,0.1020808,0.9941567,True,0.5895716,0.4199759,19.42805,1.603687,-1.3,8.046822
2026-06-29 13:17:29.705,106.1409,True,19.1366,0.7831398,-9.303526,0.9437783,-0.3263621,0,0.05263435,0.03435571,0.0993503,0.9944593,True,0.587128,0.4139042,19.4131,1.582723,-1.3,8.048119
2026-06-29 13:17:29.754,106.1884,True,19.13402,0.7832043,-9.304693,0.9318607,-0.3596914,0,0.04751721,0.03418305,0.08855881,0.9954842,True,0.5864384,0.3885871,19.40888,1.495306,-1.3,8.041005
2026-06-29 13:17:29.810,106.2377,True,19.13336,0.7833397,-9.304838,0.9605322,-0.2733645,0,0.05147435,0.02814252,0.09888556,0.9947008,True,0.5784223,0.4128608,19.35984,1.57912,-1.3,8.047483
2026-06-29 13:17:29.855,106.2903,True,19.13283,0.7832561,-9.304718,0.9637833,-0.2611869,0,0.05388097,0.028146,0.1038591,0.9941937,True,0.5783579,0.4245481,19.35944,1.619474,-1.3,8.051467
2026-06-29 13:17:29.896,106.3309,True,19.13224,0.7832972,-9.304572,0.9640465,-0.2604992,0,0.05248369,0.02734392,0.1011934,0.9944909,True,0.577196,0.4182692,19.35233,1.597795,-1.3,8.048914
2026-06-29 13:17:29.938,106.3735,True,19.1303,0.7832413,-9.304928,0.7794166,-0.6231096,0,0.06514756,0.08118813,0.1015542,0.9915116,True,0.6480353,0.4198158,19.78577,1.603135,-1.3,8.073459
2026-06-29 13:17:29.985,106.4193,True,19.12388,0.7835853,-9.307136,0.595554,-0.7992238,0,0.08097486,0.129434,0.09644978,0.9868862,True,0.7114935,0.4090999,20.17405,1.566134,-1.3,8.113535
2026-06-29 13:17:30.027,106.4632,True,19.1153,0.7842183,-9.310488,0.6197609,-0.780852,0,0.07852768,0.122637,0.09733677,0.9876668,True,0.7010165,0.4112824,20.10995,1.57367,-1.3,8.110517
2026-06-29 13:17:30.070,106.5042,True,19.1001,0.7850941,-9.315969,0.6183853,-0.782109,0,0.07684489,0.1202022,0.09503949,0.9881898,True,0.6953299,0.4061744,20.07515,1.556033,-1.3,8.111772
2026-06-29 13:17:30.110,106.5449,True,19.09824,0.7851553,-9.316533,0.6164665,-0.7837641,0,0.07538533,0.1181686,0.09294505,0.988634,True,0.6922711,0.4011889,20.05643,1.538819,-1.3,8.108696
2026-06-29 13:17:30.151,106.5857,True,19.09023,0.7853653,-9.319336,0.6049384,-0.7928078,0,0.07419834,0.11765,0.08977085,0.9889892,True,0.6902739,0.3937935,20.04421,1.513283,-1.3,8.108618
2026-06-29 13:17:30.195,106.6299,True,19.09007,0.7852309,-9.319081,0.5912032,-0.803037,0,0.07490311,0.1202999,0.08856589,0.988779,True,0.6937864,0.3909624,20.06571,1.503508,-1.3,8.110085
2026-06-29 13:17:30.241,106.6758,True,19.0863,0.785533,-9.320639,0.5684296,-0.8192089,0,0.07605642,0.1246122,0.08646543,0.9884308,True,0.6989778,0.3862273,20.09747,1.487158,-1.3,8.114517
2026-06-29 13:17:30.288,106.7211,True,19.08511,0.7859051,-9.321241,0.5582611,-0.8261778,0,0.07599074,0.1255638,0.08484537,0.9884508,True,0.7000538,0.3825388,20.10405,1.474422,-1.3,8.114963
2026-06-29 13:17:30.331,106.7668,True,19.08272,0.7857447,-9.322035,0.5518993,-0.8299837,0,0.08083517,0.1341837,0.08922574,0.9869313,True,0.711388,0.3931307,20.1734,1.510995,-1.3,8.128261
2026-06-29 13:17:30.373,106.8089,True,19.08709,0.7854615,-9.320629,0.7885137,-0.6121037,0,0.05979315,0.07319921,0.09429542,0.9928495,True,0.6304904,0.4036213,19.67842,1.547217,-1.3,8.078394
2026-06-29 13:17:30.419,106.8528,True,19.08416,0.7856905,-9.321712,0.8571081,0.5101885,0,0.071229,-0.07268042,0.1221019,0.9898528,True,0.4371039,0.4696477,18.49516,1.775197,-1.3,8.103944
2026-06-29 13:17:30.461,106.8972,True,19.0792,0.7860639,-9.323581,0.8927655,0.4452442,0,0.06875544,-0.06122592,0.122765,0.9905454,True,0.4515017,0.4711777,18.58326,1.78048,-1.3,8.100164
2026-06-29 13:17:30.505,106.9414,True,19.07503,0.7864472,-9.325063,0.882745,0.464975,0,0.06752467,-0.06279456,0.1192141,0.9908808,True,0.4487567,0.4629156,18.56646,1.751952,-1.3,8.098918
2026-06-29 13:17:30.551,106.986,True,19.07434,0.7867303,-9.32548,0.8929319,0.4449827,0,0.06828666,-0.06077274,0.1219506,0.9906738,True,0.4512998,0.4694909,18.58202,1.774656,-1.3,8.10103
2026-06-29 13:17:30.596,107.0315,True,19.06696,0.7872303,-9.328172,0.8978915,0.4349461,0,0.06791815,-0.05908144,0.1219662,0.9907742,True,0.4523139,0.4697393,18.58823,1.775514,-1.3,8.102926
2026-06-29 13:17:30.639,107.0748,True,19.06526,0.7874715,-9.328912,0.9056061,0.4185645,0,0.06842134,-0.05727747,0.1239255,0.9906371,True,0.4544082,0.4744742,18.60104,1.791863,-1.3,8.104796
2026-06-29 13:17:30.686,107.1204,True,19.06808,0.7873419,-9.327903,0.9033693,0.4233931,0,0.06828019,-0.05781873,0.1233645,0.9906757,True,0.4541644,0.4730719,18.59955,1.787021,-1.3,8.103462
2026-06-29 13:17:30.740,107.1741,True,19.07018,0.7873925,-9.327215,0.8967699,0.4370376,0,0.06929585,-0.06056979,0.1242849,0.9903961,True,0.450849,0.4753041,18.57926,1.794728,-1.3,8.105055
2026-06-29 13:17:30.785,107.2196,True,19.06853,0.7876897,-9.327733,0.8769363,0.4755807,0,0.06932455,-0.06593882,0.1215864,0.9903882,True,0.4434604,0.4690766,18.53405,1.773226,-1.3,8.105642
2026-06-29 13:17:30.833,107.2667,True,19.07815,0.786598,-9.323602,0.8977803,0.435148,0,0.06809355,-0.05926155,0.1222661,0.9907266,True,0.4539457,0.4701103,18.59821,1.776795,-1.3,8.098704
2026-06-29 13:17:30.871,107.3081,True,19.0731,0.7868923,-9.325255,0.8858734,0.4590773,0,0.06690472,-0.06142888,0.1185383,0.9910475,True,0.4502611,0.4614192,18.57566,1.746785,-1.3,8.097751
2026-06-29 13:17:30.918,107.353,True,19.07111,0.7869995,-9.325847,0.8470894,0.5272267,0,0.06686945,-0.07051073,0.1132888,0.991057,True,0.4379095,0.4491561,18.50009,1.704443,-1.3,8.098269
2026-06-29 13:17:30.963,107.3956,True,19.06883,0.7871987,-9.326357,0.8588156,0.5079325,0,0.06663571,-0.06769288,0.1144556,0.9911193,True,0.441267,0.4519505,18.52063,1.714091,-1.3,8.098274
2026-06-29 13:17:31.005,107.4409,True,19.07253,0.7868885,-9.324984,0.8718522,0.4855328,0,0.06427745,-0.06241762,0.1120809,0.9917368,True,0.4489198,0.4460824,18.56746,1.69383,-1.3,8.091847
2026-06-29 13:17:31.052,107.4868,True,19.07747,0.7867315,-9.322138,0.8913193,0.4491969,0,0.06141633,-0.05517605,0.1094831,0.9924561,True,0.4593833,0.4396723,18.63148,1.671696,-1.3,8.083117
2026-06-29 13:17:31.097,107.531,True,19.07284,0.7867751,-9.322957,0.4138189,0.9063929,0,0.0848871,-0.1538821,0.07025578,0.9855884,True,0.3267906,0.3490171,17.82019,1.358676,-1.3,8.140271
2026-06-29 13:17:31.140,107.5752,True,19.06907,0.787096,-9.323226,0.4172022,0.9056628,0,0.07561278,-0.1369594,0.06309164,0.9885654,True,0.3492321,0.3317774,17.95751,1.29915,-1.3,8.116029
2026-06-29 13:17:31.188,107.6222,True,19.06659,0.7875609,-9.323051,0.4935706,0.8665828,0,0.0736367,-0.1276246,0.07268981,0.9891552,True,0.3613125,0.3543671,18.03142,1.377149,-1.3,8.111013
2026-06-29 13:17:31.237,107.6697,True,19.0769,0.7870417,-9.317928,0.5131412,0.8561799,0,0.0603506,-0.1033419,0.06193675,0.9927157,True,0.3957663,0.3283426,18.24223,1.28729,-1.3,8.076762
2026-06-29 13:17:31.281,107.716,True,19.07859,0.7876331,-9.316958,0.110492,0.9928746,0,0.04462843,-0.08862083,0.00986217,0.9960166,True,0.4158762,0.2066246,18.36528,0.8670139,-1.3,8.049021
2026-06-29 13:17:31.323,107.7587,True,19.07975,0.7883805,-9.316199,0.3824519,0.9230962,0,0.04029888,-0.07439949,0.03082476,0.996752,True,0.4348561,0.2556475,18.48141,1.036283,-1.3,8.04232
2026-06-29 13:17:31.363,107.798,True,19.0841,0.7892206,-9.314619,0.4661258,0.8840272,0,0.03496594,-0.06182167,0.03259705,0.9975548,True,0.4521797,0.2599427,18.5874,1.051114,-1.3,8.034265
2026-06-29 13:17:31.407,107.8415,True,19.08335,0.7899214,-9.315409,0.5258939,0.8500273,0,0.02981873,-0.05069346,0.03136297,0.9982216,True,0.466708,0.2572325,18.6763,1.041756,-1.3,8.029688
2026-06-29 13:17:31.451,107.8857,True,19.08213,0.7903505,-9.316469,0.8105161,0.5845641,0,0.03672135,-0.04293196,0.05952648,0.9973031,True,0.476635,0.3229972,18.73704,1.268833,-1.3,8.038147
2026-06-29 13:17:31.494,107.9279,True,19.09759,0.7891413,-9.311229,0.8078372,0.5883186,0,0.03577911,-0.04209904,0.0578074,0.9974397,True,0.4802998,0.3185387,18.75946,1.253438,-1.3,8.031793
2026-06-29 13:17:31.537,107.9739,True,19.09709,0.7891939,-9.312489,0.8969588,0.4408184,0,0.03382181,-0.02981856,0.06067354,0.9977122,True,0.4963419,0.3252046,18.85762,1.276455,-1.3,8.030862
2026-06-29 13:17:31.584,108.0187,True,19.08353,0.7897366,-9.318115,0.8725672,0.487615,0,0.02929418,-0.02856857,0.05112229,0.9982837,True,0.4957617,0.3031624,18.85407,1.200346,-1.3,8.0319
2026-06-29 13:17:31.631,108.0652,True,19.08152,0.7893733,-9.319585,0.8856775,0.4633222,0,0.03013048,-0.02792024,0.05337178,0.9981843,True,0.4962749,0.3083249,18.85721,1.218172,-1.3,8.034173
2026-06-29 13:17:31.669,108.1068,True,19.08084,0.7893239,-9.320406,0.9755251,0.2183661,0,0.02582825,-0.01128003,0.0503922,0.9986658,True,0.5180187,0.3013332,18.99025,1.19403,-1.3,8.03112
2026-06-29 13:17:31.718,108.1529,True,19.08339,0.7892359,-9.31982,0.935285,0.3528041,0,0.02777092,-0.01959539,0.05194746,0.9984576,True,0.5075175,0.3049415,18.926,1.206489,-1.3,8.032209
2026-06-29 13:17:31.761,108.196,True,19.08285,0.7895334,-9.320207,0.9561729,0.2916903,0,0.02549794,-0.01487501,0.04876089,0.9986997,True,0.5136295,0.2975928,18.96339,1.181115,-1.3,8.030648
2026-06-29 13:17:31.808,108.2407,True,19.09184,0.7889392,-9.316395,0.9319146,0.3616428,0,0.02737989,-0.01980348,0.05103144,0.9985006,True,0.5086373,0.3026689,18.93285,1.198642,-1.3,8.028432
2026-06-29 13:17:31.851,108.287,True,19.09508,0.7890034,-9.315111,0.9159318,0.4005112,0,0.02568743,-0.02057621,0.04705587,0.9986804,True,0.5081623,0.2934064,18.92994,1.16666,-1.3,8.025702
2026-06-29 13:17:31.898,108.3333,True,19.09739,0.7887237,-9.314074,0.9189367,0.3933502,0,0.0288261,-0.0226775,0.05297871,0.9983381,True,0.5057769,0.3071185,18.91535,1.214006,-1.3,8.027414
2026-06-29 13:17:31.938,108.3748,True,19.10155,0.7882131,-9.312338,0.9122163,0.4087304,0,0.02829996,-0.02313411,0.05163138,0.9983982,True,0.5058658,0.3038051,18.91589,1.202565,-1.3,8.025193
2026-06-29 13:17:31.985,108.4193,True,19.10116,0.7880172,-9.312228,0.9147972,0.4028871,0,0.02877765,-0.02318828,0.05265142,0.9983437,True,0.505731,0.3061241,18.91507,1.210572,-1.3,8.025521
2026-06-29 13:17:32.029,108.4646,True,19.10092,0.7879384,-9.312111,0.9463734,0.3213916,0,0.03293839,-0.02117224,0.06234403,0.9978302,True,0.5083218,0.3287023,18.93092,1.288532,-1.3,8.029533
2026-06-29 13:17:32.073,108.5087,True,19.11053,0.7870484,-9.308315,0.9908152,0.118257,0,0.06557836,-0.01551021,0.1299521,0.9913989,True,0.5171996,0.4874812,18.98524,1.836774,-1.3,8.077793
2026-06-29 13:17:32.118,108.5515,True,19.1199,0.7861984,-9.304888,0.9905769,0.1184385,0,0.0687744,-0.01629108,0.1362526,0.9905402,True,0.5176921,0.5021147,18.98825,1.887302,-1.3,8.081335
2026-06-29 13:17:32.161,108.5962,True,19.12726,0.7855786,-9.301928,0.9875814,0.1414136,0,0.06844959,-0.0193594,0.135199,0.9906293,True,0.5148538,0.4993238,18.97088,1.877665,-1.3,8.077621
2026-06-29 13:17:32.208,108.6413,True,19.12957,0.7853146,-9.300908,0.9887912,0.1351849,0,0.06337935,-0.01713586,0.1253379,0.9919661,True,0.5181991,0.4757458,18.99135,1.796253,-1.3,8.065707
2026-06-29 13:17:32.252,108.6859,True,19.12698,0.7856333,-9.302287,0.9819506,0.1762212,0,0.06869543,-0.02421118,0.134911,0.9905618,True,0.5083985,0.4987015,18.93139,1.875516,-1.3,8.078533
2026-06-29 13:17:32.295,108.731,True,19.13545,0.785095,-9.298872,0.9865911,0.1489205,0,0.06678788,-0.01989217,0.1317847,0.9910787,True,0.5155109,0.4909388,18.97491,1.848713,-1.3,8.070874
2026-06-29 13:17:32.341,108.7755,True,19.13977,0.7849885,-9.297247,0.9828187,0.1730319,0,0.06424452,-0.0222327,0.1262814,0.9917453,True,0.513155,0.477786,18.96049,1.803298,-1.3,8.063811
2026-06-29 13:17:32.382,108.8164,True,19.14005,0.7850574,-9.29734,0.9810694,0.1822893,0,0.0653727,-0.02383348,0.1282703,0.9914529,True,0.5110807,0.4825426,18.9478,1.819722,-1.3,8.066284
2026-06-29 13:17:32.431,108.8646,True,19.14128,0.7849422,-9.296843,0.9838151,0.1665244,0,0.06616163,-0.02203506,0.1301816,0.9912453,True,0.5136495,0.4870191,18.96351,1.835179,-1.3,8.067472
2026-06-29 13:17:32.474,108.9083,True,19.14697,0.7844408,-9.294436,0.9826869,0.1721753,0,0.06842573,-0.02356244,0.1344821,0.9906358,True,0.5125562,0.4970205,18.95683,1.869712,-1.3,8.070004
2026-06-29 13:17:32.514,108.95,True,19.1471,0.7844755,-9.294346,0.9810297,0.1812729,0,0.06870782,-0.02490973,0.1348088,0.9905585,True,0.5107968,0.4978152,18.94606,1.872456,-1.3,8.070543
2026-06-29 13:17:32.568,109.0026,True,19.14365,0.7845532,-9.295815,0.9962593,0.04790942,0,0.0719176,-0.006891061,0.1432972,0.9896557,True,0.5339906,0.5180449,19.08797,1.942307,-1.3,8.07939
2026-06-29 13:17:32.613,109.0466,True,19.14352,0.7844662,-9.295884,0.9935947,0.08619262,0,0.07307865,-0.01259768,0.1452211,0.989319,True,0.5264276,0.5226402,19.0417,1.958174,-1.3,8.08221
2026-06-29 13:17:32.652,109.0886,True,19.14207,0.7844997,-9.296296,0.9941824,0.07928183,0,0.07290954,-0.0115608,0.1449707,0.9893684,True,0.5275598,0.5220644,19.04863,1.956186,-1.3,8.082222
2026-06-29 13:17:32.693,109.1283,True,19.14312,0.7843226,-9.295818,0.9945563,0.07612236,0,0.07115667,-0.01083322,0.1415386,0.9898735,True,0.5287014,0.5137905,19.05561,1.927617,-1.3,8.077616
2026-06-29 13:17:32.740,109.1746,True,19.14493,0.784378,-9.294971,0.9950634,0.06861761,0,0.07169729,-0.009839394,0.1426867,0.989719,True,0.5303094,0.5165093,19.06545,1.937004,-1.3,8.078021
2026-06-29 13:17:32.782,109.2173,True,19.14315,0.7846196,-9.295672,0.9947005,0.07458752,0,0.07076532,-0.01055642,0.1407806,0.9899846,True,0.5290735,0.5120604,19.05789,1.921643,-1.3,8.076563
2026-06-29 13:17:32.828,109.2635,True,19.14721,0.7844474,-9.294138,0.9918239,0.105387,0,0.07196505,-0.01516836,0.1427533,0.989642,True,0.5236461,0.5166762,19.02468,1.937581,-1.3,8.077806
2026-06-29 13:17:32.870,109.3064,True,19.14795,0.7843878,-9.29393,0.9918706,0.1049849,0,0.0719082,-0.01509855,0.1426473,0.9896584,True,0.5238602,0.5163968,19.02599,1.936616,-1.3,8.077463
2026-06-29 13:17:32.921,109.355,True,19.1458,0.7845592,-9.294685,0.9920154,0.1041763,0,0.07108373,-0.01481048,0.1410323,0.9898942,True,0.5238927,0.5126211,19.02619,1.923579,-1.3,8.076303
2026-06-29 13:17:32.963,109.3989,True,19.14345,0.7846893,-9.295626,0.9942151,0.08138645,0,0.07009043,-0.01140882,0.1393699,0.9901747,True,0.5280008,0.5087163,19.05133,1.910096,-1.3,8.074965
2026-06-29 13:17:33.003,109.439,True,19.14337,0.7847847,-9.29566,0.9944085,0.07784443,0,0.0713574,-0.01110955,0.1419168,0.9898162,True,0.5283766,0.5148218,19.05363,1.931178,-1.3,8.077923
2026-06-29 13:17:33.050,109.4851,True,19.14349,0.7845203,-9.295483,0.9642142,0.2537037,0,0.07697698,-0.03905869,0.1484446,0.988149,True,0.4914123,0.5305951,18.82745,1.985641,-1.3,8.091372
2026-06-29 13:17:33.094,109.5288,True,19.13499,0.7843754,-9.297731,0.380634,0.9128687,0,0.1476097,-0.2694965,0.1123705,0.9564228,True,0.1733618,0.4548295,16.88142,1.724032,-1.3,8.362129
2026-06-29 13:17:33.140,109.5736,True,19.12106,0.7845697,-9.302267,0.4174275,0.8969522,0,0.145709,-0.2613881,0.1216459,0.9575378,True,0.1823801,0.4771726,16.9366,1.80118,-1.3,8.35713
2026-06-29 13:17:33.184,109.6187,True,19.11938,0.7838057,-9.301758,0.4284841,0.8928134,0,0.1388729,-0.2479751,0.1190096,0.9614286,True,0.2018178,0.4693867,17.05553,1.774297,-1.3,8.322779
2026-06-29 13:17:33.227,109.6636,True,19.11677,0.7836375,-9.301702,0.5034218,0.8551424,0,0.1236847,-0.2115361,0.1245312,0.9694042,True,0.2533266,0.4801756,17.3707,1.811549,-1.3,8.254248
2026-06-29 13:17:33.272,109.7078,True,19.11278,0.7838802,-9.302635,0.4805898,0.8680297,0,0.1247314,-0.216541,0.1198892,0.9688842,True,0.2457324,0.4693363,17.32423,1.774122,-1.3,8.259641
2026-06-29 13:17:33.314,109.7497,True,19.10946,0.78447,-9.303511,0.5094672,0.8520585,0,0.1201645,-0.2047744,0.1224398,0.971121,True,0.2616809,0.4749656,17.42181,1.79356,-1.3,8.241517
2026-06-29 13:17:33.362,109.7952,True,19.10005,0.7852759,-9.306797,0.5456218,0.8304782,0,0.1122624,-0.186463,0.1225056,0.9747943,True,0.2856497,0.4743739,17.56847,1.791517,-1.3,8.213832
2026-06-29 13:17:33.404,109.8401,True,19.09643,0.7854668,-9.308849,0.6048174,0.7888462,0,0.1091678,-0.1722333,0.1320532,0.9761648,True,0.3044261,0.4967808,17.68336,1.868885,-1.3,8.204403
2026-06-29 13:17:33.449,109.8838,True,19.09934,0.7846597,-9.308123,0.5862785,0.803722,0,0.1015315,-0.1632062,0.1190515,0.9793828,True,0.3177456,0.4646984,17.76485,1.758108,-1.3,8.176702
2026-06-29 13:17:33.493,109.9286,True,19.08915,0.7853023,-9.312506,0.6284019,0.7714903,0,0.09956828,-0.1536319,0.1251378,0.9801723,True,0.328928,0.4792207,17.83327,1.808252,-1.3,8.174588
2026-06-29 13:17:33.541,109.9743,True,19.08781,0.7853109,-9.312542,0.5250834,0.8430601,0,0.1163498,-0.1961796,0.1221866,0.9729254,True,0.2699116,0.4743926,17.47217,1.791581,-1.3,8.235515
2026-06-29 13:17:33.584,110.017,True,19.09382,0.7845138,-9.309649,0.5728551,0.8128236,0,0.1056166,-0.1716954,0.1210061,0.9776903,True,0.3050578,0.4698356,17.68722,1.775846,-1.3,8.192419
2026-06-29 13:17:33.629,110.0639,True,19.09731,0.783955,-9.307364,0.5263236,0.844494,0,0.09906179,-0.1673142,0.1042771,0.9803735,True,0.3121701,0.4292344,17.73074,1.635656,-1.3,8.167665
2026-06-29 13:17:33.672,110.1057,True,19.11093,0.7825649,-9.301291,0.5725232,0.8142295,0,0.09616444,-0.1565998,0.1101127,0.9815049,True,0.3290982,0.4421383,17.83431,1.680211,-1.3,8.152064
2026-06-29 13:17:33.714,110.1497,True,19.1064,0.7831937,-9.302237,0.6504073,0.7537847,0,0.0936972,-0.141255,0.1218827,0.9824417,True,0.3489605,0.4698682,17.95584,1.775959,-1.3,8.145254
2026-06-29 13:17:33.762,110.1963,True,19.10995,0.7833091,-9.30045,0.5955085,0.7977475,0,0.09470307,-0.1510983,0.1127929,0.9820626,True,0.3364039,0.4485024,17.87901,1.702186,-1.3,8.146578
2026-06-29 13:17:33.804,110.2398,True,19.10859,0.7837405,-9.300272,0.5846657,0.8057994,0,0.09409254,-0.1516394,0.1100253,0.9822932,True,0.3355134,0.4420309,17.87357,1.67984,-1.3,8.144484
2026-06-29 13:17:33.850,110.2839,True,19.11226,0.7837788,-9.29823,0.6457905,0.7581111,0,0.0906762,-0.1374853,0.1171157,0.9835557,True,0.355235,0.4583413,17.99424,1.736158,-1.3,8.131954
2026-06-29 13:17:33.900,110.33,True,19.12254,0.7834995,-9.293238,0.6286451,0.7725751,0,0.08906881,-0.1376247,0.1119853,0.9841335,True,0.3569519,0.4458584,18.00474,1.693056,-1.3,8.122107
2026-06-29 13:17:33.940,110.3738,True,19.12983,0.7832509,-9.289387,0.6454662,0.7589675,0,0.08568412,-0.1300629,0.1106124,0.9853165,True,0.3684705,0.4421194,18.07522,1.680146,-1.3,8.108446
2026-06-29 13:17:33.987,110.4218,True,19.13498,0.7833192,-9.286575,0.6954678,0.7137477,0,0.08299822,-0.1184796,0.1154452,0.9862226,True,0.3848622,0.4531436,18.17551,1.718211,-1.3,8.098146
2026-06-29 13:17:34.028,110.4635,True,19.14575,0.7826899,-9.281578,0.7306905,0.67779,0,0.08180627,-0.1108949,0.1195501,0.9866155,True,0.3968108,0.4623018,18.24862,1.749833,-1.3,8.089857
2026-06-29 13:17:34.073,110.5079,True,19.13415,0.7834757,-9.28564,0.7365638,0.6716449,0,0.07979321,-0.1071854,0.1175456,0.9872661,True,0.3998414,0.4577914,18.26717,1.734259,-1.3,8.088639
2026-06-29 13:17:34.119,110.5526,True,19.13603,0.7834486,-9.284879,0.7535689,0.6527137,0,0.07809411,-0.1019462,0.1176986,0.9878026,True,0.4071604,0.457966,18.31195,1.734862,-1.3,8.083476
2026-06-29 13:17:34.164,110.5984,True,19.13773,0.7832691,-9.28422,0.8225232,0.5643399,0,0.07054248,-0.07961985,0.1160456,0.9900475,True,0.4371815,0.4534059,18.49564,1.719117,-1.3,8.064482
2026-06-29 13:17:34.208,110.642,True,19.13383,0.7844406,-9.286558,0.8049846,0.5885294,0,0.0750536,-0.08834249,0.120834,0.9887339,True,0.4248595,0.4653865,18.42024,1.760484,-1.3,8.07756
2026-06-29 13:17:34.249,110.6841,True,19.12083,0.7860621,-9.29213,0.8333853,0.5477725,0,0.07358216,-0.08061255,0.1226446,0.9891714,True,0.4329121,0.470165,18.46951,1.776984,-1.3,8.07962
2026-06-29 13:17:34.295,110.7298,True,19.11385,0.7870915,-9.295409,0.83671,0.5426506,0,0.07380132,-0.08009666,0.1235006,0.9891068,True,0.4324011,0.4726036,18.46639,1.785404,-1.3,8.083464
2026-06-29 13:17:34.340,110.7739,True,19.11007,0.787837,-9.297672,0.814015,0.5756744,0,0.07732122,-0.08902368,0.1258813,0.9880429,True,0.41983,0.4787938,18.38947,1.806778,-1.3,8.094459
2026-06-29 13:17:34.382,110.8171,True,19.11328,0.7873266,-9.296892,0.8404959,0.5361192,0,0.07837627,-0.08403804,0.1317499,0.9877144,True,0.4269248,0.4924762,18.43288,1.854021,-1.3,8.09636
2026-06-29 13:17:34.433,110.8653,True,19.11046,0.7870263,-9.298323,0.8499934,0.5193658,0,0.08815003,-0.09156422,0.1498539,0.9844592,True,0.4160826,0.5360647,18.36654,2.004527,-1.3,8.124585
2026-06-29 13:17:34.475,110.9093,True,19.11047,0.7867712,-9.298615,0.8746862,0.4772293,0,0.08471285,-0.08085491,0.1481943,0.9856474,True,0.4304299,0.5316783,18.45432,1.989381,-1.3,8.115087
2026-06-29 13:17:34.518,110.9545,True,19.10326,0.787297,-9.301286,0.8203653,0.5661248,0,0.08064415,-0.09130931,0.1323153,0.9869931,True,0.4155101,0.4941909,18.36304,1.859942,-1.3,8.106729
2026-06-29 13:17:34.563,110.998,True,19.10141,0.7872982,-9.301594,0.7957,0.5996952,0,0.08501357,-0.1019644,0.1352906,0.9855454,True,0.4008868,0.5016553,18.27356,1.885715,-1.3,8.11895
2026-06-29 13:17:34.602,111.0382,True,19.10007,0.7871084,-9.301787,0.7716211,0.6303239,0,0.08539698,-0.1076555,0.1317882,0.9854147,True,0.3930949,0.4934137,18.22589,1.857258,-1.3,8.120223
2026-06-29 13:17:34.647,111.0829,True,19.09347,0.7876865,-9.303977,0.7691467,0.6330652,0,0.08741804,-0.1106826,0.1344746,0.9847162,True,0.387853,0.5002097,18.19381,1.880724,-1.3,8.128207
2026-06-29 13:17:34.695,111.1311,True,19.09439,0.7875975,-9.302922,0.7824941,0.6171615,0,0.08255056,-0.1018941,0.1291907,0.9863708,True,0.3999236,0.487195,18.26767,1.835786,-1.3,8.113503
2026-06-29 13:17:34.739,111.1744,True,19.09288,0.7879229,-9.303295,0.7856033,0.6128578,0,0.08504672,-0.1042431,0.1336259,0.9855341,True,0.3964389,0.4979924,18.24635,1.873068,-1.3,8.12077
2026-06-29 13:17:34.782,111.2165,True,19.09233,0.7880193,-9.303322,0.8042924,0.5891513,0,0.07755376,-0.09138179,0.1247518,0.9879708,True,0.4137167,0.4764267,18.35206,1.798605,-1.3,8.100767
2026-06-29 13:17:34.828,111.2621,True,19.09525,0.7878928,-9.302374,0.8503425,0.5203544,0,0.07841493,-0.08160712,0.1333591,0.9877023,True,0.4271182,0.4966317,18.43406,1.86837,-1.3,8.10201
2026-06-29 13:17:34.870,111.3058,True,19.09553,0.7877841,-9.302488,0.8209687,0.5657125,0,0.07732938,-0.08749239,0.12697,0.9880403,True,0.4194099,0.4815108,18.3869,1.816159,-1.3,8.099354
2026-06-29 13:17:34.919,111.3534,True,19.0933,0.7880883,-9.303394,0.8216174,0.5644066,0,0.07993804,-0.09023512,0.131357,0.9872199,True,0.4153025,0.4921802,18.36177,1.852999,-1.3,8.107003
2026-06-29 13:17:34.962,111.3974,True,19.09658,0.7877747,-9.302134,0.8169312,0.5711222,0,0.08026711,-0.09168466,0.1311454,0.9871144,True,0.413923,0.4915771,18.35332,1.850917,-1.3,8.106592
2026-06-29 13:17:35.009,111.4408,True,19.09921,0.787535,-9.301109,0.8157569,0.5731205,0,0.07793418,-0.08933134,0.1271507,0.9878526,True,0.4175751,0.4818676,18.37567,1.817391,-1.3,8.099497
2026-06-29 13:17:35.052,111.4873,True,19.09723,0.7876286,-9.301453,0.7893242,0.6084287,0,0.08235176,-0.1002103,0.1300045,0.9864364,True,0.4026549,0.48904,18.28438,1.842156,-1.3,8.111473
2026-06-29 13:17:35.093,111.5277,True,19.10133,0.7871639,-9.299603,0.7977583,0.5977166,0,0.07947719,-0.09500966,0.1268072,0.9873668,True,0.4103661,0.4810447,18.33156,1.81455,-1.3,8.101956
2026-06-29 13:17:35.137,111.5728,True,19.10342,0.7870281,-9.298582,0.8023984,0.5915822,0,0.07865981,-0.09306748,0.126233,0.9876253,True,0.4133279,0.4795429,18.34968,1.809364,-1.3,8.098803
2026-06-29 13:17:35.181,111.6166,True,19.10193,0.7872393,-9.299089,0.8154241,0.5736776,0,0.07731531,-0.08870811,0.1260895,0.9880447,True,0.4188977,0.4791606,18.38376,1.808044,-1.3,8.095878
2026-06-29 13:17:35.227,111.6614,True,19.09912,0.7874696,-9.300009,0.8090191,0.5828239,0,0.07618678,-0.08880694,0.1232731,0.9883912,True,0.4183342,0.4725557,18.38032,1.785238,-1.3,8.09397
2026-06-29 13:17:35.278,111.713,True,19.10313,0.7870392,-9.298258,0.8258244,0.5588523,0,0.07548623,-0.08437129,0.1246767,0.9886037,True,0.4249055,0.4755945,18.42052,1.795731,-1.3,8.090459
2026-06-29 13:17:35.319,111.7543,True,19.10272,0.7872496,-9.298419,0.8037832,0.5901194,0,0.07544371,-0.08904156,0.1212807,0.9886165,True,0.4186623,0.4677004,18.38232,1.768474,-1.3,8.090517
2026-06-29 13:17:35.362,111.796,True,19.10767,0.7871317,-9.296705,0.815329,0.5740154,0,0.07579527,-0.0870153,0.1235962,0.9885102,True,0.4221641,0.4730606,18.40375,1.786982,-1.3,8.089654
2026-06-29 13:17:35.404,111.8401,True,19.10187,0.7874169,-9.299143,0.8157931,0.5735345,0,0.0744301,-0.08537645,0.1214391,0.9889203,True,0.4233943,0.4680582,18.41128,1.769709,-1.3,8.088763
2026-06-29 13:17:35.452,111.8865,True,19.0928,0.7881626,-9.302858,0.8120006,0.5788702,0,0.07459351,-0.08635993,0.12114,0.9888716,True,0.4205536,0.4677192,18.3939,1.768539,-1.3,8.092918
2026-06-29 13:17:35.494,111.9293,True,19.09273,0.7884047,-9.302952,0.8073458,0.5853463,0,0.07458279,-0.08731349,0.1204282,0.9888748,True,0.4192801,0.4661233,18.3861,1.763028,-1.3,8.092988
2026-06-29 13:17:35.537,111.9719,True,19.09039,0.7884628,-9.30366,0.8218937,0.5648282,0,0.07389208,-0.08347263,0.1214628,0.9890799,True,0.4239913,0.4685315,18.41493,1.771343,-1.3,8.092025
2026-06-29 13:17:35.583,112.0186,True,19.10134,0.7874086,-9.299743,0.8649758,0.4958985,0,0.07682151,-0.07619135,0.1328975,0.988197,True,0.4353698,0.4951497,18.48455,1.863253,-1.3,8.095291
2026-06-29 13:17:35.626,112.0597,True,19.10026,0.7876967,-9.300156,0.8660044,0.4934809,0,0.08070292,-0.07965069,0.1397782,0.9869741,True,0.4304804,0.511788,18.45464,1.920702,-1.3,8.10574
2026-06-29 13:17:35.672,112.1064,True,19.10083,0.7874268,-9.299706,0.8534535,0.513898,0,0.08675227,-0.08916363,0.1480781,0.9849481,True,0.4177345,0.5318895,18.37665,1.99011,-1.3,8.121957
2026-06-29 13:17:35.714,112.149,True,19.10025,0.787111,-9.299655,0.8045582,0.587405,0,0.08741564,-0.1026968,0.1406619,0.984717,True,0.3996439,0.5144292,18.26596,1.929822,-1.3,8.123811
2026-06-29 13:17:35.761,112.1946,True,19.09481,0.787054,-9.301329,0.8126051,0.5764377,0,0.0859803,-0.09912454,0.139736,0.9852148,True,0.4035379,0.5121368,18.28978,1.921907,-1.3,8.121406
2026-06-29 13:17:35.802,112.2385,True,19.09806,0.7867289,-9.300147,0.8218592,0.5628474,0,0.08803611,-0.09910177,0.1447065,0.9844993,True,0.4040224,0.5239308,18.29275,1.96263,-1.3,8.126108
2026-06-29 13:17:35.848,112.2827,True,19.09563,0.7868935,-9.301092,0.8231024,0.5612504,0,0.08660507,-0.09721426,0.1425697,0.9849991,True,0.406183,0.5188189,18.30597,1.944979,-1.3,8.122943
2026-06-29 13:17:35.894,112.3296,True,19.09303,0.7869657,-9.302166,0.8301186,0.550867,0,0.08630605,-0.09508629,0.1432885,0.9851025,True,0.4085785,0.5205405,18.32063,1.950924,-1.3,8.12318
2026-06-29 13:17:35.938,112.3723,True,19.09291,0.7872733,-9.302713,0.8182778,0.5687321,0,0.08345826,-0.09493077,0.1365841,0.9860694,True,0.40888,0.5045639,18.32247,1.895758,-1.3,8.11577
2026-06-29 13:17:35.981,112.4153,True,19.11635,0.7856288,-9.29352,0.8035495,0.5893651,0,0.08340944,-0.09831721,0.1340472,0.9860858,True,0.4083721,0.4977576,18.31936,1.872257,-1.3,8.106313
2026-06-29 13:17:36.031,112.4633,True,19.13526,0.7843152,-9.286057,0.7993946,0.5953366,0,0.08088657,-0.09630946,0.1293206,0.9869148,True,0.4143481,0.4857422,18.35593,1.83077,-1.3,8.091942
2026-06-29 13:17:36.077,112.5124,True,19.13647,0.784536,-9.28582,0.8095379,0.5814877,0,0.08074895,-0.09390903,0.1307387,0.9869592,True,0.4177302,0.4891066,18.37662,1.842386,-1.3,8.091337
2026-06-29 13:17:36.115,112.5512,True,19.13785,0.7844941,-9.285204,0.8341749,0.5449949,0,0.08445562,-0.09205578,0.1409016,0.9857345,True,0.4202646,0.5132947,18.39213,1.925905,-1.3,8.100765
2026-06-29 13:17:36.161,112.5952,True,19.13666,0.7845584,-9.285505,0.8340863,0.5451201,0,0.08452353,-0.09215093,0.1409998,0.9857115,True,0.4199366,0.513564,18.39012,1.926835,-1.3,8.101259
2026-06-29 13:17:36.204,112.6389,True,19.13784,0.7847235,-9.284931,0.8238123,0.5602936,0,0.08604874,-0.09642512,0.141776,0.9851913,True,0.4144124,0.5155847,18.35632,1.933812,-1.3,8.104956
2026-06-29 13:17:36.248,112.6829,True,19.1397,0.7849222,-9.283442,0.7860007,0.6130232,0,0.08003438,-0.09812586,0.1258142,0.9871891,True,0.4127504,0.4775221,18.34615,1.802387,-1.3,8.087045
2026-06-29 13:17:36.294,112.7282,True,19.1343,0.7859022,-9.285173,0.7126626,0.6976907,0,0.0730734,-0.1019652,0.1041533,0.9893205,True,0.4070549,0.4266009,18.3113,1.626563,-1.3,8.071371
2026-06-29 13:17:36.346,112.7826,True,19.12966,0.7884272,-9.286872,0.7649614,0.640312,0,0.0695319,-0.08904422,0.1063784,0.9903306,True,0.4234362,0.4323328,18.41153,1.646354,-1.3,8.064854
2026-06-29 13:17:36.392,112.8264,True,19.12852,0.7895985,-9.288252,-0.8258537,0.5611728,0,0.05523525,-0.06199302,-0.09123245,0.9938982,False,-1,-1,0,0,0,-1
2026-06-29 13:17:36.437,112.8736,True,19.12682,0.791077,-9.289569,-0.8758675,0.4744919,0,0.08782684,-0.08334623,-0.1538493,0.9845729,False,-1,-1,0,0,0,-1
2026-06-29 13:17:36.483,112.918,True,19.12817,0.7929984,-9.289896,-0.8814892,0.4656096,0,0.07864171,-0.07323267,-0.1386436,0.987631,False,-1,-1,0,0,0,-1
2026-06-29 13:17:36.527,112.9618,True,19.12709,0.794463,-9.290833,-0.8760196,0.4768726,0,0.07198779,-0.06865799,-0.1261254,0.9896355,False,-1,-1,0,0,0,-1
2026-06-29 13:17:36.569,113.0056,True,19.11485,0.7965534,-9.296526,-0.8569099,0.5108882,0,0.06854826,-0.07004098,-0.1174793,0.9906023,False,-1,-1,0,0,0,-1
2026-06-29 13:17:36.619,113.0502,True,19.11187,0.7982144,-9.299097,-0.8247228,0.5604391,0,0.07576543,-0.0849238,-0.1249709,0.9885192,False,-1,-1,0,0,0,-1
2026-06-29 13:17:36.660,113.0957,True,19.11203,0.7995849,-9.300081,-0.7625312,0.6432909,0,0.06872334,-0.08841821,-0.1048074,0.9905542,False,-1,-1,0,0,0,-1
2026-06-29 13:17:36.705,113.1392,True,19.11155,0.8016204,-9.301336,-0.7643442,0.6414524,0,0.06570328,-0.08429103,-0.1004398,0.9913661,False,-1,-1,0,0,0,-1
2026-06-29 13:17:36.749,113.1826,True,19.10495,0.8042299,-9.305093,-0.6251651,0.7783096,0,0.05833431,-0.09080428,-0.07293713,0.9931942,True,0.4171502,0.01818606,18.37307,0.2163608,-1.3,8.059947
2026-06-29 13:17:36.794,113.2281,True,19.11595,0.8047614,-9.302054,-0.5971434,0.8007442,0,0.04720805,-0.07560313,-0.05637994,0.9955428,True,0.4392449,0.05734931,18.50826,0.3515862,-1.3,8.03788
2026-06-29 13:17:36.829,113.2629,True,19.11468,0.8060855,-9.303927,-0.4462189,0.8937561,0,0.04570294,-0.08169457,-0.04078703,0.9958225,True,0.4310404,0.09403579,18.45806,0.4782597,-1.3,8.037504
2026-06-29 13:17:36.869,113.3051,True,19.11421,0.806918,-9.305006,-0.2602289,0.9646745,0,0.04103567,-0.07917213,-0.02135734,0.9966322,True,0.4343479,0.1395386,18.4783,0.6353749,-1.3,8.032057
2026-06-29 13:17:36.915,113.3508,True,19.11176,0.808109,-9.306679,-0.1597982,0.9866221,0,0.03227156,-0.06367966,-0.01031387,0.9979171,True,0.4543743,0.1655987,18.60083,0.7253568,-1.3,8.02339
2026-06-29 13:17:36.964,113.3951,True,19.12023,0.8081362,-9.304348,-0.1504166,0.9882864,0,0.0257857,-0.0509673,-0.007757191,0.9986702,True,0.472498,0.1715664,18.71173,0.7459624,-1.3,8.015006
2026-06-29 13:17:37.006,113.4412,True,19.12012,0.8082222,-9.30512,0.2320268,0.9724017,0,0.02446595,-0.04758146,0.01135351,0.9988028,True,0.4769183,0.2159512,18.73877,0.8992174,-1.3,8.014715
2026-06-29 13:17:37.051,113.486,True,19.11774,0.8086324,-9.306681,0.09771873,0.9948229,0,0.02789899,-0.05550911,0.005452508,0.9984433,True,0.4661041,0.2023798,18.6726,0.8523571,-1.3,8.019164
2026-06-29 13:17:37.100,113.5322,True,19.12115,0.8085467,-9.305672,0.1812287,0.9830419,0,0.02801604,-0.05508186,0.01015462,0.9984302,True,0.4672291,0.2132728,18.67949,0.8899693,-1.3,8.018259
2026-06-29 13:17:37.140,113.5742,True,19.1174,0.809218,-9.307444,0.2801566,0.9593993,0,0.03263707,-0.06262397,0.01828698,0.9978697,True,0.4566682,0.2323855,18.61487,0.9559626,-1.3,8.024539
2026-06-29 13:17:37.182,113.6159,True,19.11764,0.8093864,-9.307623,0.346882,0.9373496,0,0.03238419,-0.06071061,0.02246699,0.9979026,True,0.4592175,0.2421481,18.63047,0.9896717,-1.3,8.024453
2026-06-29 13:17:37.227,113.6625,True,19.11952,0.8092524,-9.30718,0.2640864,0.9638968,0,0.03407966,-0.06569855,0.01799995,0.9976772,True,0.4529692,0.2317351,18.59224,0.9537169,-1.3,8.025823
2026-06-29 13:17:37.268,113.7037,True,19.11857,0.8087428,-9.307192,0.3751186,0.9264082,0,0.03246581,-0.06015318,0.02435705,0.9978919,True,0.4601048,0.2463518,18.63589,1.004186,-1.3,8.024108
2026-06-29 13:17:37.311,113.7478,True,19.11726,0.8079711,-9.307351,0.8135382,0.5805259,0,0.03384338,-0.0392939,0.05506574,0.9977092,True,0.4872358,0.3175181,18.8019,1.249914,-1.3,8.025736
2026-06-29 13:17:37.358,113.7944,True,19.11782,0.8063294,-9.306385,0.9814472,0.1289961,0,0.1418497,-0.03659612,0.278436,0.9597573,True,0.488974,0.8617482,18.81253,3.129068,-1.3,8.342093
2026-06-29 13:17:37.403,113.8385,True,19.12118,0.8040311,-9.304438,0.9785993,0.0002977124,0,0.2057751,-0.0001225236,0.4027427,0.9153132,False,-1,-1,0,0,0,-1
2026-06-29 13:17:37.448,113.8826,True,19.12026,0.802866,-9.304312,0.9821626,0.0118998,0,0.1876569,-0.004466159,0.3686192,0.9295698,False,-1,-1,0,0,0,-1
2026-06-29 13:17:37.493,113.9286,True,19.12179,0.8015153,-9.302994,0.9800859,0.07612991,0,0.183401,-0.0279246,0.3594975,0.9327282,False,-1,-1,0,0,0,-1
2026-06-29 13:17:37.538,113.9728,True,19.12372,0.8002633,-9.301774,0.9821138,0.004668926,0,0.1882304,-0.001757667,0.3697273,0.9291387,False,-1,-1,0,0,0,-1
2026-06-29 13:17:37.581,114.0162,True,19.1166,0.7999816,-9.303807,0.9830233,0.02938797,0,0.1811119,-0.01064502,0.3560745,0.9343969,False,-1,-1,0,0,0,-1
2026-06-29 13:17:37.626,114.0598,True,19.12913,0.7976472,-9.297794,0.9819995,0.1108636,0,0.1529257,-0.03390781,0.300346,0.9532275,True,0.4942205,0.9163549,18.84464,3.317618,-1.3,8.390226
2026-06-29 13:17:37.670,114.1046,True,19.12462,0.7970348,-9.298683,0.9797471,0.1316542,0,0.1508735,-0.03972626,0.2956357,0.9544744,True,0.4855698,0.9038731,18.79171,3.27452,-1.3,8.380196
2026-06-29 13:17:37.714,114.1497,True,19.12186,0.7963868,-9.298907,0.9785212,0.1519366,0,0.1393256,-0.04233731,0.2726661,0.9611768,True,0.481945,0.8433414,18.76953,3.065512,-1.3,8.321994
2026-06-29 13:17:37.759,114.1932,True,19.11819,0.7949933,-9.299349,0.972083,0.1915824,0,0.1354651,-0.05190546,0.2633667,0.9632984,True,0.4684831,0.8191617,18.68716,2.982023,-1.3,8.304124
2026-06-29 13:17:37.802,114.2383,True,19.11287,0.7941322,-9.301214,0.9706529,0.2061136,0,0.1238961,-0.05107334,0.2405202,0.9692996,True,0.4691562,0.7605193,18.69128,2.779539,-1.3,8.254635
2026-06-29 13:17:37.845,114.2802,True,19.10585,0.794206,-9.304029,0.9627808,0.244868,0,0.1144236,-0.05603737,0.2203298,0.9738145,True,0.4616368,0.7100146,18.64527,2.605153,-1.3,8.219254
2026-06-29 13:17:37.886,114.3205,True,19.10276,0.7940624,-9.304927,0.9668759,0.2273024,0,0.116124,-0.05279052,0.224555,0.9730304,True,0.4654278,0.7205215,18.66846,2.641431,-1.3,8.2268
2026-06-29 13:17:37.927,114.3626,True,19.10248,0.7935206,-9.304607,0.9726591,0.2022999,0,0.1140573,-0.04614756,0.2218778,0.9739819,True,0.4743769,0.7134483,18.72322,2.617009,-1.3,8.218436
2026-06-29 13:17:37.969,114.403,True,19.09273,0.7943526,-9.308401,0.9765596,0.1844693,0,0.1109169,-0.04092151,0.2166338,0.975395,True,0.479856,0.7007048,18.75675,2.573007,-1.3,8.210419
2026-06-29 13:17:38.023,114.4567,True,19.08537,0.7948144,-9.310896,0.9754048,0.1914503,0,0.109235,-0.04182614,0.2130966,0.9761355,True,0.4774638,0.6922009,18.74211,2.543644,-1.3,8.206746
2026-06-29 13:17:38.062,114.497,True,19.0822,0.7951263,-9.311941,0.9732705,0.2042976,0,0.1049145,-0.04286758,0.2042204,0.9779859,True,0.4756507,0.6703392,18.73101,2.468158,-1.3,8.192286
2026-06-29 13:17:38.102,114.5381,True,19.08805,0.7944518,-9.309331,0.9641024,0.2428097,0,0.1074714,-0.05219016,0.2072268,0.9768998,True,0.4640695,0.677663,18.66015,2.493447,-1.3,8.198723
2026-06-29 13:17:38.147,114.5821,True,19.08566,0.7942748,-9.309788,0.9679229,0.225932,0,0.1099091,-0.04966399,0.2127671,0.97584,True,0.4669891,0.6913446,18.67802,2.540688,-1.3,8.208096
2026-06-29 13:17:38.191,114.6243,True,19.09033,0.7937551,-9.307628,0.9670026,0.2301638,0,0.1092273,-0.05028035,0.2112462,0.9761388,True,0.4669635,0.6872895,18.67786,2.526686,-1.3,8.20337
2026-06-29 13:17:38.232,114.6655,True,19.09799,0.7929362,-9.304575,0.9686884,0.2232998,0,0.1085353,-0.04847184,0.2102738,0.9764402,True,0.4706855,0.6843976,18.70063,2.516701,-1.3,8.197711
2026-06-29 13:17:38.271,114.7071,True,19.10015,0.7927741,-9.303738,0.9676902,0.2276669,0,0.1083675,-0.04934338,0.2097323,0.976513,True,0.4698818,0.6829758,18.69572,2.511791,-1.3,8.196243
2026-06-29 13:17:38.313,114.7477,True,19.10012,0.7928317,-9.303679,0.9677513,0.2270856,0,0.1090389,-0.04952235,0.2110452,0.976221,True,0.4696182,0.6862552,18.6941,2.523114,-1.3,8.198634
2026-06-29 13:17:38.356,114.7904,True,19.10174,0.7926181,-9.302901,0.9925539,-0.07339948,0,0.09720685,0.01426986,0.1929661,0.9811016,True,0.5552635,0.6409418,19.21814,2.366653,-1.3,8.157057
2026-06-29 13:17:38.398,114.833,True,19.10626,0.7923788,-9.300819,0.9861183,-0.1382663,0,0.0919408,0.02542462,0.181329,0.9830938,True,0.5707961,0.6124018,19.31317,2.268108,-1.3,8.138409
2026-06-29 13:17:38.437,114.8725,True,19.11164,0.7921371,-9.298554,0.9877255,-0.1233656,0,0.09580857,0.02363895,0.1892651,0.9816415,True,0.5693376,0.6315708,19.30425,2.334296,-1.3,8.148143
2026-06-29 13:17:38.482,114.9159,True,19.11091,0.7922471,-9.298672,0.987316,-0.1275869,0,0.09449224,0.02411193,0.1865874,0.9821424,True,0.5698329,0.6250654,19.30728,2.311834,-1.3,8.144105
2026-06-29 13:17:38.525,114.9597,True,19.11222,0.7923295,-9.29839,0.9872919,-0.127168,0,0.09530559,0.02423964,0.1881888,0.9818337,True,0.570226,0.6289907,19.30968,2.325387,-1.3,8.146379
2026-06-29 13:17:38.571,115.0034,True,19.10551,0.7929912,-9.300905,0.9871229,-0.1228877,0,0.1024064,0.02516898,0.2021754,0.9790259,True,0.5704732,0.6636993,19.3112,2.445232,-1.3,8.172313
2026-06-29 13:17:38.613,115.047,True,19.09771,0.7935414,-9.303682,0.9882919,-0.1147773,0,0.1005256,0.02307611,0.1986973,0.9797893,True,0.5663902,0.6554233,19.28622,2.416656,-1.3,8.168779
2026-06-29 13:17:38.658,115.0928,True,19.10648,0.7935809,-9.300924,0.9874077,-0.1222202,0,0.1004403,0.02455167,0.198351,0.9798235,True,0.56978,0.6544374,19.30696,2.413252,-1.3,8.165679
2026-06-29 13:17:38.702,115.1391,True,19.10317,0.7947958,-9.302898,0.9854573,-0.139323,0,0.09727808,0.02710615,0.1917268,0.981074,True,0.5726116,0.6386574,19.32428,2.358766,-1.3,8.157283
2026-06-29 13:17:38.746,115.1816,True,19.0931,0.796509,-9.307215,0.9900721,-0.1045246,0,0.09397846,0.01964612,0.1860909,0.9823361,True,0.5610008,0.6255108,19.25324,2.313372,-1.3,8.151196
2026-06-29 13:17:38.792,115.2262,True,19.08875,0.7981108,-9.309439,-0.7071065,0.7052081,0,0.05178766,-0.07304214,-0.07323877,0.9946361,True,0.4379866,0.01586489,18.50056,0.208346,-1.3,8.052632
2026-06-29 13:17:38.835,115.271,True,19.09314,0.7984025,-9.307837,-0.872731,0.4848204,0,0.0573575,-0.05561615,-0.1001153,0.9934202,False,-1,-1,0,0,0,-1
2026-06-29 13:17:38.878,115.3139,True,19.08656,0.8002942,-9.311228,-0.7959368,0.6031276,0,0.05216926,-0.06292945,-0.08304688,0.9945567,False,-1,-1,0,0,0,-1
2026-06-29 13:17:38.930,115.365,True,19.08629,0.801703,-9.312179,-0.777772,0.6265386,0,0.05020165,-0.06290652,-0.07809085,0.9949596,True,0.4509229,0.005586383,18.57971,0.1728556,-1.3,8.052768
2026-06-29 13:17:38.982,115.4154,True,19.08407,0.8035858,-9.31321,-0.7492204,0.6599573,0,0.05590358,-0.07378794,-0.08376819,0.9937496,False,-1,-1,0,0,0,-1
2026-06-29 13:17:39.035,115.4688,True,19.0901,0.8067244,-9.311705,-0.8180237,0.5729628,0,0.05050695,-0.05787718,-0.08263174,0.9948981,False,-1,-1,0,0,0,-1
2026-06-29 13:17:39.089,115.5227,True,19.09996,0.8075217,-9.309442,-0.4310779,0.9016086,0,0.03569024,-0.06435727,-0.03077055,0.9974524,True,0.4514895,0.1178356,18.58318,0.5604373,-1.3,8.029898
2026-06-29 13:17:39.136,115.5724,True,19.10298,0.8079026,-9.309046,-0.1696672,0.9848598,0,0.03555768,-0.07003863,-0.01206594,0.9974713,True,0.444532,0.1614469,18.54061,0.7110211,-1.3,8.029349
2026-06-29 13:17:39.194,115.6288,True,19.10453,0.8081152,-9.309796,-0.1350375,0.9902373,0,0.03457048,-0.06846595,-0.009336618,0.9976098,True,0.4468543,0.1678562,18.55482,0.7331518,-1.3,8.028987
2026-06-29 13:17:39.243,115.6777,True,19.10278,0.8090337,-9.311727,-0.1329608,0.9905285,0,0.03427434,-0.06789942,-0.009114288,0.9976506,True,0.4472926,0.168635,18.5575,0.7358407,-1.3,8.030594
2026-06-29 13:17:39.294,115.7282,True,19.1026,0.8093129,-9.312605,-0.1352106,0.9903029,0,0.03190921,-0.06319956,-0.008628928,0.9979636,True,0.4534487,0.1698488,18.59517,0.7400318,-1.3,8.028955
2026-06-29 13:17:39.353,115.7825,True,19.10348,0.8095412,-9.313024,0.04230719,0.9985977,0,0.0318229,-0.06355654,0.002692675,0.9979746,True,0.4531215,0.1962412,18.59317,0.8311615,-1.3,8.029286
2026-06-29 13:17:39.396,115.832,True,19.10625,0.8092418,-9.311684,-0.0101576,0.9994348,0,0.03204479,-0.06405336,-0.0006509961,0.9979463,True,0.4529342,0.1883794,18.59202,0.8040156,-1.3,8.028172
2026-06-29 13:17:39.448,115.8819,True,19.11068,0.8090048,-9.309914,0.01354147,0.9993607,0,0.0330883,-0.06613427,0.0008961284,0.9978103,True,0.4509344,0.1919077,18.57978,0.8161986,-1.3,8.027492
2026-06-29 13:17:39.489,115.923,True,19.11268,0.808548,-9.308895,0.05819241,0.9977525,0,0.03321915,-0.06628899,0.003866205,0.997793,True,0.4510686,0.1986796,18.58061,0.8395807,-1.3,8.02661
2026-06-29 13:17:39.534,115.969,True,19.11537,0.8079094,-9.307817,0.08299948,0.9961285,0,0.02896897,-0.05771363,0.004808818,0.9983217,True,0.4628078,0.2006784,18.65243,0.8464822,-1.3,8.021279
2026-06-29 13:17:39.577,116.0109,True,19.11376,0.8072222,-9.307898,-0.05270186,0.9978778,0,0.0382429,-0.07632346,-0.004030943,0.9970749,True,0.4380212,0.1799321,18.50077,0.7748482,-1.3,8.03139
2026-06-29 13:17:39.617,116.0497,True,19.1196,0.806688,-9.305237,0.7865189,0.6160241,0,0.04361701,-0.05373824,0.06861119,0.9961951,True,0.4685822,0.3488313,18.68777,1.358035,-1.3,8.035811
2026-06-29 13:17:39.660,116.0938,True,19.11692,0.8060168,-9.305817,0.967259,0.1915343,0,0.1665071,-0.06378365,0.322111,0.9445508,True,0.4503658,0.9796487,18.57631,3.536163,-1.3,8.475793
2026-06-29 13:17:39.700,116.1362,True,19.10755,0.8043989,-9.308243,0.9780602,0.1091813,0,0.1774195,-0.03874178,0.347054,0.9370446,False,-1,-1,0,0,0,-1
2026-06-29 13:17:39.770,116.2045,True,19.10413,0.8036472,-9.30829,0.9764922,0.1251086,0,0.1755302,-0.04392068,0.3428077,0.9383783,False,-1,-1,0,0,0,-1
2026-06-29 13:17:39.834,116.269,True,19.10681,0.800223,-9.306707,0.9802359,0.1016757,0,0.1697049,-0.03450973,0.3327015,0.9424006,False,-1,-1,0,0,0,-1
2026-06-29 13:17:39.868,116.3035,True,19.09808,0.7991024,-9.309555,0.9787128,0.1269723,0,0.1612432,-0.04094685,0.3156215,0.9480013,True,0.4791004,0.9592569,18.75212,3.465753,-1.3,8.448887
2026-06-29 13:17:39.935,116.3708,True,19.09542,0.7970694,-9.309383,0.9741514,0.1442095,0,0.1738752,-0.05014893,0.3387616,0.9395348,False,-1,-1,0,0,0,-1
2026-06-29 13:17:39.978,116.4138,True,19.0977,0.7951134,-9.308081,0.969013,0.1949905,0,0.1516334,-0.05913413,0.2938695,0.9540147,True,0.4544542,0.9002122,18.60132,3.261879,-1.3,8.394085
2026-06-29 13:17:40.036,116.47,True,19.10062,0.7936314,-9.305988,0.9711207,0.1917882,0,0.1419227,-0.0544382,0.2756481,0.9597159,True,0.4618364,0.851331,18.64649,3.093099,-1.3,8.342039
2026-06-29 13:17:40.070,116.5045,True,19.10554,0.792716,-9.303708,0.9699661,0.1908195,0,0.1508436,-0.05756778,0.2926263,0.9544924,True,0.4579664,0.8957511,18.62281,3.246476,-1.3,8.385303
2026-06-29 13:17:40.136,116.5714,True,19.10834,0.790106,-9.302042,0.9649935,0.2389623,0,0.1080952,-0.05166136,0.2086224,0.9766309,True,0.4681389,0.6794036,18.68505,2.499457,-1.3,8.193518
2026-06-29 13:17:40.206,116.6405,True,19.09891,0.7870786,-9.306078,0.9662847,0.2414744,0,0.0893537,-0.04315325,0.1726822,0.9840319,True,0.4783956,0.5903654,18.74781,2.19202,-1.3,8.135994
2026-06-29 13:17:40.269,116.7048,True,19.10521,0.7852919,-9.302469,0.9744949,0.2113466,0,0.07544836,-0.0318915,0.147048,0.9886151,True,0.494616,0.5276845,18.84706,1.975591,-1.3,8.094625
2026-06-29 13:17:40.306,116.7392,True,19.10617,0.7852444,-9.301674,0.9566217,0.2814701,0,0.07516386,-0.04231275,0.1438067,0.9887007,True,0.4809968,0.5200094,18.76373,1.94909,-1.3,8.09312
2026-06-29 13:17:40.369,116.8053,True,19.09336,0.7865626,-9.305618,0.95703,0.2803783,0,0.07403836,-0.04151749,0.1417139,0.9890367,True,0.4799465,0.5155365,18.7573,1.933646,-1.3,8.094359
2026-06-29 13:17:40.422,116.8572,True,19.08433,0.787623,-9.308897,0.9659765,0.2484368,0,0.07189336,-0.03572191,0.1388946,0.9896626,True,0.4861493,0.5091619,18.79525,1.911635,-1.3,8.092551
2026-06-29 13:17:40.468,116.9035,True,19.08472,0.7874908,-9.308657,0.9546462,0.2891107,0,0.0711748,-0.04115478,0.1358935,0.9898683,True,0.47904,0.5020141,18.75175,1.886954,-1.3,8.090629
2026-06-29 13:17:40.512,116.9469,True,19.08345,0.7877066,-9.309029,0.946742,0.3140051,0,0.0712769,-0.04476262,0.1349617,0.9898392,True,0.4740579,0.4999172,18.72127,1.879714,-1.3,8.091242
2026-06-29 13:17:40.561,116.9938,True,19.0818,0.7877277,-9.309914,0.9523147,0.2965778,0,0.0716819,-0.04251853,0.1365274,0.9897234,True,0.4767416,0.5036653,18.73769,1.892656,-1.3,8.093083
2026-06-29 13:17:40.602,117.0379,True,19.07376,0.7884702,-9.313268,0.9461691,0.3149956,0,0.07444321,-0.04689856,0.1408717,0.9889164,True,0.4695576,0.5144706,18.69373,1.929965,-1.3,8.103079
2026-06-29 13:17:40.646,117.0808,True,19.06758,0.7891179,-9.315641,0.9475814,0.3102004,0,0.07658589,-0.04751394,0.1451427,0.9882692,True,0.4676735,0.5250052,18.68221,1.96634,-1.3,8.110786
2026-06-29 13:17:40.692,117.1264,True,19.06581,0.7892558,-9.316519,0.9604914,0.2676261,0,0.07637134,-0.04087792,0.146708,0.9883348,True,0.4761779,0.5287369,18.73424,1.979225,-1.3,8.111136
2026-06-29 13:17:40.737,117.1728,True,19.05588,0.7898191,-9.320051,0.9511322,0.2995644,0,0.07489109,-0.0448694,0.1424627,0.9887827,True,0.4692647,0.518923,18.69194,1.945338,-1.3,8.111034
2026-06-29 13:17:40.778,117.2133,True,19.05452,0.7895997,-9.319868,0.9671553,0.2425555,0,0.07600909,-0.03687284,0.1470252,0.9884452,True,0.4796277,0.5296872,18.75535,1.982506,-1.3,8.113619
2026-06-29 13:17:40.825,117.2576,True,19.04262,0.7906139,-9.3244,0.9534636,0.2916553,0,0.07644898,-0.04459349,0.1457826,0.9883111,True,0.4674028,0.5273012,18.68055,1.974267,-1.3,8.119305
2026-06-29 13:17:40.869,117.3044,True,19.03516,0.7913871,-9.326838,0.9511703,0.3001766,0,0.07189573,-0.04316283,0.1367702,0.989662,True,0.4681429,0.5059912,18.68508,1.900687,-1.3,8.110685
2026-06-29 13:17:40.911,117.3476,True,19.03481,0.7917126,-9.326834,0.9613863,0.264842,0,0.07480115,-0.03962098,0.1438256,0.9888096,True,0.4727362,0.5229496,18.71318,1.959242,-1.3,8.117674
2026-06-29 13:17:40.960,117.3932,True,19.02509,0.7923949,-9.330634,0.958999,0.2735003,0,0.07428721,-0.04063515,0.1424827,0.9889628,True,0.4697845,0.5200967,18.69512,1.949391,-1.3,8.120259
2026-06-29 13:17:41.003,117.437,True,19.02556,0.7922413,-9.330616,0.9607396,0.2673032,0,0.07435365,-0.03974993,0.142869,0.988943,True,0.4710358,0.5209666,18.70278,1.952395,-1.3,8.120402
2026-06-29 13:17:41.050,117.4821,True,19.02375,0.7921717,-9.331301,0.9578348,0.2776198,0,0.07402507,-0.04110165,0.1418076,0.9890406,True,0.4689465,0.5184458,18.68999,1.943691,-1.3,8.120295
2026-06-29 13:17:41.092,117.5258,True,19.02071,0.7922398,-9.332585,0.9581529,0.2764545,0,0.07426984,-0.04106446,0.1423237,0.988968,True,0.4684865,0.5197574,18.68718,1.94822,-1.3,8.122189
2026-06-29 13:17:41.135,117.5707,True,19.01622,0.7924386,-9.334451,0.945752,0.3162065,0,0.07460938,-0.04718394,0.1411239,0.9888669,True,0.4596081,0.5171039,18.63286,1.939058,-1.3,8.124907
2026-06-29 13:17:41.189,117.6254,True,19.01514,0.7922576,-9.334622,0.9620851,0.2628171,0,0.07293463,-0.03833693,0.1403386,0.989361,True,0.4712037,0.5150456,18.70381,1.931951,-1.3,8.121021
2026-06-29 13:17:41.237,117.6706,True,19.01653,0.7922867,-9.333673,0.9653325,0.2506546,0,0.07283844,-0.03651458,0.1406266,0.9893891,True,0.473857,0.5156829,18.72004,1.934151,-1.3,8.119832
2026-06-29 13:17:41.283,117.7182,True,19.02733,0.7915722,-9.329318,0.9722746,0.2206437,0,0.07745004,-0.03417773,0.1506054,0.988003,True,0.4786842,0.539247,18.74957,2.015514,-1.3,8.126815
2026-06-29 13:17:41.327,117.7617,True,19.02662,0.7917137,-9.32955,0.9722512,0.2210301,0,0.07663781,-0.03387852,0.1490224,0.9882532,True,0.4789746,0.5354834,18.75135,2.00252,-1.3,8.124991
2026-06-29 13:17:41.369,117.8036,True,19.02563,0.7918485,-9.329905,0.9565691,0.2818582,0,0.07437353,-0.04192558,0.1422868,0.9889371,True,0.4681633,0.5194562,18.6852,1.94718,-1.3,8.119732
2026-06-29 13:17:41.409,117.8472,True,19.02621,0.7919275,-9.329878,0.9532717,0.2927774,0,0.07452889,-0.04364074,0.1420925,0.9888909,True,0.4659799,0.5190366,18.67184,1.945731,-1.3,8.120084
2026-06-29 13:17:41.459,117.8929,True,19.02423,0.7921124,-9.330877,0.9573399,0.2794471,0,0.07354964,-0.04110647,0.140824,0.9891809,True,0.4690285,0.5160511,18.6905,1.935422,-1.3,8.118713
2026-06-29 13:17:41.503,117.9371,True,19.02484,0.7919772,-9.330873,0.9544017,0.2888488,0,0.0753915,-0.04355348,0.1439075,0.9886323,True,0.4658489,0.5234499,18.67104,1.960969,-1.3,8.123217
2026-06-29 13:17:41.546,117.9804,True,19.02214,0.791901,-9.331966,0.9679044,0.2397701,0,0.0753085,-0.03611345,0.1457829,0.9886572,True,0.4752805,0.5278776,18.72875,1.976258,-1.3,8.124117
2026-06-29 13:17:41.589,118.0251,True,19.02292,0.7917401,-9.331779,0.9658099,0.2477297,0,0.07642884,-0.03786737,0.1476314,0.9883173,True,0.4730634,0.5322919,18.71519,1.9915,-1.3,8.12672
2026-06-29 13:17:41.639,118.0709,True,19.02922,0.7913935,-9.329339,0.9768059,0.2006995,0,0.07463352,-0.0299578,0.1458049,0.9888597,True,0.4846327,0.5276,18.78597,1.975299,-1.3,8.119796
2026-06-29 13:17:41.679,118.1138,True,19.0309,0.7913125,-9.328517,0.9708849,0.2274984,0,0.07501408,-0.03413116,0.1456601,0.9887457,True,0.4793685,0.5272405,18.75376,1.974058,-1.3,8.119901
2026-06-29 13:17:41.725,118.1588,True,19.03238,0.7912989,-9.327887,0.9732504,0.2173037,0,0.07458372,-0.03241463,0.1451772,0.9888745,True,0.4818974,0.5260298,18.76924,1.969878,-1.3,8.118206
2026-06-29 13:17:41.772,118.2054,True,19.03212,0.7914352,-9.327854,0.9761868,0.2035036,0,0.07513822,-0.03058179,0.1466978,0.9887086,True,0.4842792,0.5297009,18.78381,1.982553,-1.3,8.119534
2026-06-29 13:17:41.812,118.2481,True,19.03232,0.7914726,-9.32773,0.9566196,0.2825395,0,0.07106656,-0.04015821,0.1359673,0.989899,True,0.4716682,0.5040891,18.70665,1.894119,-1.3,8.109645
2026-06-29 13:17:41.856,118.2909,True,19.03506,0.7915224,-9.32633,0.909817,0.410233,0,0.06278391,-0.05151206,0.1142437,0.9921163,True,0.457232,0.4524357,18.61832,1.715767,-1.3,8.09011
2026-06-29 13:17:41.901,118.3351,True,19.03624,0.7922935,-9.32552,0.9167921,0.394079,0,0.06476144,-0.05104224,0.1187455,0.9916119,True,0.4580184,0.4633202,18.62313,1.75335,-1.3,8.093408
2026-06-29 13:17:41.946,118.3812,True,19.03009,0.793793,-9.328119,0.9160175,0.396725,0,0.05934031,-0.04708356,0.1087135,0.9929575,True,0.462314,0.4399769,18.64941,1.672748,-1.3,8.085059
2026-06-29 13:17:41.990,118.4254,True,19.03691,0.7944844,-9.325659,-0.9188513,0.3941739,0,0.01842141,-0.01452248,-0.03385308,0.9993213,True,0.5065821,0.1068793,18.92027,0.5226067,-1.3,8.031109
2026-06-29 13:17:42.037,118.4702,True,19.0427,0.7957519,-9.323603,-0.9176789,0.3882754,0,0.08430728,-0.06546888,-0.154734,0.9857845,False,-1,-1,0,0,0,-1
2026-06-29 13:17:42.088,118.5196,True,19.0469,0.7979501,-9.322016,-0.9381103,0.3352787,0,0.08681797,-0.05821643,-0.1628896,0.9849253,False,-1,-1,0,0,0,-1
2026-06-29 13:17:42.137,118.5703,True,19.05383,0.8014072,-9.319075,-0.9355949,0.3465549,0,0.06754203,-0.04681404,-0.1263839,0.9908762,False,-1,-1,0,0,0,-1
2026-06-29 13:17:42.177,118.6124,True,19.0535,0.8035154,-9.319513,-0.8489123,0.5260854,0,0.05081463,-0.05346566,-0.08627432,0.9948357,False,-1,-1,0,0,0,-1
2026-06-29 13:17:42.219,118.653,True,19.0566,0.8063306,-9.319078,-0.7792591,0.6247124,0,0.04989741,-0.06234306,-0.07776602,0.9950205,True,0.4467468,0.00753908,18.55416,0.1795981,-1.3,8.059209
2026-06-29 13:17:42.269,118.7021,True,19.06242,0.8094468,-9.318623,-0.7166104,0.6960976,0,0.04379038,-0.06096476,-0.0627613,0.9961648,True,0.4496105,0.04364013,18.57168,0.3042501,-1.3,8.049494
2026-06-29 13:17:42.306,118.7391,True,19.06759,0.8102857,-9.317513,-0.6095197,0.7916534,0,0.04207915,-0.0666242,-0.05129614,0.9964587,True,0.4430482,0.07066306,18.53153,0.3975568,-1.3,8.046006
2026-06-29 13:17:42.369,118.8034,True,19.07325,0.8118061,-9.317183,-0.1630117,0.9862351,0,0.02770323,-0.0546438,-0.0090319,0.9984651,True,0.4598752,0.1696324,18.63449,0.7392846,-1.3,8.029507
2026-06-29 13:17:42.402,118.8376,True,19.07273,0.8122874,-9.318123,0.01605119,0.9995075,0,0.026966,-0.05390543,0.0008656724,0.9985457,True,0.4607567,0.1927882,18.63988,0.8192385,-1.3,8.0298
2026-06-29 13:17:42.470,118.9043,True,19.08485,0.812389,-9.314044,0.3803139,0.9242367,0,0.03388148,-0.06262901,0.0257712,0.9977041,True,0.4512606,0.2507566,18.58178,1.019396,-1.3,8.032485
2026-06-29 13:17:42.534,118.9681,True,19.09419,0.8130744,-9.31004,0.3201265,0.9466553,0,0.03691722,-0.06989575,0.02363636,0.9972743,True,0.4432536,0.245985,18.53279,1.00292,-1.3,8.031933
2026-06-29 13:17:42.569,119.0031,True,19.0988,0.8136413,-9.308363,0.4882821,0.8721047,0,0.03184449,-0.05554344,0.03109818,0.9979719,True,0.4629145,0.2634409,18.65309,1.063193,-1.3,8.024637
2026-06-29 13:17:42.635,119.0694,True,19.10785,0.8133059,-9.303769,0.4773479,0.8778836,0,0.038204,-0.06707732,0.0364732,0.9970809,True,0.4492389,0.2758626,18.56941,1.106083,-1.3,8.027201
2026-06-29 13:17:42.700,119.1364,True,19.10375,0.8129427,-9.305254,0.5390057,0.8413061,0,0.04095019,-0.06890327,0.04414476,0.9966461,True,0.4461168,0.2936561,18.55031,1.167522,-1.3,8.032193
2026-06-29 13:17:42.767,119.2025,True,19.10738,0.8120225,-9.304045,0.4082253,0.9117786,0,0.04485494,-0.08179555,0.03662184,0.9959761,True,0.4297297,0.2759339,18.45004,1.10633,-1.3,8.036383
2026-06-29 13:17:42.801,119.2361,True,19.11167,0.8115681,-9.302414,0.4625433,0.8859346,0,0.03425805,-0.06070077,0.03169166,0.9976528,True,0.4582874,0.2641886,18.62477,1.065775,-1.3,8.021241
2026-06-29 13:17:42.836,119.2707,True,19.10931,0.8113562,-9.302819,0.4945657,0.8683628,0,0.03675094,-0.06382632,0.03635151,0.9972987,True,0.4537704,0.2749866,18.59714,1.103059,-1.3,8.024495
2026-06-29 13:17:42.902,119.3357,True,19.11631,0.8106325,-9.299366,0.3888001,0.9207458,0,0.03258305,-0.06000142,0.02533658,0.9978766,True,0.4600106,0.2491187,18.63532,1.01374,-1.3,8.016387
2026-06-29 13:17:42.935,119.3696,True,19.12056,0.8100255,-9.297482,0.3782749,0.9250723,0,0.03390317,-0.06272577,0.02564944,0.9977012,True,0.4571405,0.2496657,18.61776,1.015629,-1.3,8.015909
2026-06-29 13:17:42.989,119.4247,True,19.13712,0.8087444,-9.290869,0.5082723,0.860413,0,0.03672357,-0.06319489,0.03733116,0.9973028,True,0.4592679,0.276377,18.63077,1.10786,-1.3,8.012481
2026-06-29 13:17:43.034,119.4688,True,19.141,0.8096731,-9.289219,0.4333031,0.9005179,0,0.03627759,-0.06533722,0.03143838,0.9973679,True,0.4571191,0.2629518,18.61763,1.061504,-1.3,8.010303
2026-06-29 13:17:43.079,119.5121,True,19.14287,0.810374,-9.28838,0.4933813,0.8688802,0,0.04027402,-0.06998661,0.03974091,0.996756,True,0.4512917,0.2824627,18.58197,1.128873,-1.3,8.014379
2026-06-29 13:17:43.124,119.5603,True,19.14183,0.8111906,-9.288906,0.5721132,0.8192855,0,0.03818107,-0.06256241,0.0436878,0.9970844,True,0.4608684,0.2918335,18.64057,1.161229,-1.3,8.012266
2026-06-29 13:17:43.169,119.6025,True,19.14114,0.8111539,-9.288897,0.5803232,0.8137308,0,0.03266759,-0.05316525,0.03791553,0.9978657,True,0.4731152,0.2783596,18.7155,1.114705,-1.3,8.005984
2026-06-29 13:17:43.213,119.6472,True,19.14208,0.8106285,-9.288114,0.5407445,0.8401545,0,0.04166296,-0.07000665,0.04505803,0.9965284,True,0.4511189,0.2948983,18.58091,1.171811,-1.3,8.015942
2026-06-29 13:17:43.256,119.6901,True,19.14839,0.8096893,-9.285614,0.5802642,0.8135097,0,0.03867071,-0.06291799,0.04487846,0.9970091,True,0.4615014,0.2941266,18.64444,1.169147,-1.3,8.009569
2026-06-29 13:17:43.303,119.7361,True,19.14456,0.8096713,-9.287324,0.5553309,0.8307388,0,0.03847913,-0.06393222,0.0427373,0.9970387,True,0.4595327,0.2891728,18.63239,1.152042,-1.3,8.011046
2026-06-29 13:17:43.350,119.7836,True,19.13864,0.8095599,-9.289434,0.5906277,0.8061211,0,0.03643975,-0.05874969,0.04304464,0.9973443,True,0.4653546,0.2898494,18.66802,1.154378,-1.3,8.010708
2026-06-29 13:17:43.389,119.8243,True,19.14312,0.8097256,-9.287748,0.5185831,0.8542392,0,0.03670151,-0.06270374,0.03806556,0.997306,True,0.4609235,0.2783306,18.64091,1.114605,-1.3,8.009325
2026-06-29 13:17:43.442,119.8694,True,19.15332,0.8089149,-9.283419,0.5160391,0.8557733,0,0.0368196,-0.06301846,0.03800071,0.9972886,True,0.4622223,0.2778991,18.64885,1.113115,-1.3,8.005123
2026-06-29 13:17:43.479,119.9143,True,19.15563,0.8088534,-9.282347,0.5204028,0.8530864,0,0.03774423,-0.06439817,0.0392844,0.9971508,True,0.4607938,0.2808578,18.64011,1.123331,-1.3,8.005156
2026-06-29 13:17:43.522,119.957,True,19.15797,0.8086048,-9.281225,0.4951819,0.867985,0,0.03737839,-0.06488774,0.03701819,0.9972057,True,0.4605532,0.275515,18.63864,1.104883,-1.3,8.003589
2026-06-29 13:17:43.567,120.0023,True,19.16036,0.8082717,-9.280142,0.5760383,0.8166859,0,0.03469967,-0.05667746,0.03997668,0.9975919,True,0.4717219,0.2822278,18.70698,1.128061,-1.3,7.999405
2026-06-29 13:17:43.612,120.0465,True,19.16273,0.808145,-9.27906,0.4873885,0.8725591,0,0.03305977,-0.05769321,0.03222591,0.9978141,True,0.4708075,0.2642078,18.70138,1.065841,-1.3,7.99654
2026-06-29 13:17:43.659,120.0924,True,19.16518,0.8078234,-9.277929,0.4815422,0.8757376,0,0.03465192,-0.06069198,0.03337272,0.9975985,True,0.4672839,0.2667763,18.67982,1.074709,-1.3,7.997135
2026-06-29 13:17:43.710,120.1455,True,19.16829,0.8075361,-9.276516,0.431501,0.9012501,0,0.03943402,-0.07107982,0.03403164,0.9968899,True,0.4541644,0.2682612,18.59955,1.079837,-1.3,8.001401
2026-06-29 13:17:43.746,120.1806,True,19.16945,0.8074256,-9.27602,0.3951365,0.9180239,0,0.03315581,-0.06087565,0.02620214,0.9978014,True,0.4677764,0.2500265,18.68283,1.016875,-1.3,7.993594
2026-06-29 13:17:43.792,120.2244,True,19.17162,0.8071801,-9.27514,0.4018447,0.91492,0,0.03797859,-0.06949473,0.03052299,0.9971153,True,0.4568175,0.2599993,18.61578,1.05131,-1.3,7.998213
2026-06-29 13:17:43.834,120.2689,True,19.17358,0.8072018,-9.274389,0.3835575,0.9227943,0,0.03652929,-0.06741804,0.02802217,0.9973313,True,0.4598812,0.2541925,18.63453,1.031259,-1.3,7.995728
2026-06-29 13:17:43.877,120.3124,True,19.17515,0.8073609,-9.274113,0.9662011,-0.2561095,0,0.0293831,0.01505058,0.05677997,0.9982733,True,0.5678868,0.3207037,19.29537,1.260914,-1.3,7.987905
2026-06-29 13:17:43.924,120.3574,True,19.17624,0.8073169,-9.27449,0.9996747,-0.0003036218,0,0.02550423,1.548728E-05,0.05099186,0.998699,True,0.5484371,0.307256,19.17637,1.214481,-1.3,7.984878
2026-06-29 13:17:43.967,120.4014,True,19.16245,0.806272,-9.281235,0.9596708,0.2799169,0,0.02604953,-0.0145834,0.04999794,0.9986429,True,0.5271132,0.3047592,19.04589,1.20586,-1.3,7.992081
2026-06-29 13:17:44.010,120.4453,True,19.15598,0.8061758,-9.285263,0.8999496,0.4351954,0,0.02637548,-0.02295698,0.04747321,0.9986087,True,0.515102,0.2989468,18.9724,1.18579,-1.3,7.996388
2026-06-29 13:17:44.052,120.4888,True,19.15725,0.8060942,-9.287041,0.7497926,0.6609589,0,0.03073026,-0.04062288,0.04608265,0.9981113,True,0.4921844,0.2957798,18.83218,1.174855,-1.3,8.002154
2026-06-29 13:17:44.101,120.5359,True,19.13477,0.8072735,-9.297668,0.9816375,-0.1875501,0,0.03482736,0.01306374,0.06837568,0.9975741,True,0.5587548,0.3480826,19.2395,1.355449,-1.3,8.017118
2026-06-29 13:17:44.144,120.5799,True,19.12066,0.8075339,-9.304794,0.8960557,-0.4398248,0,0.06031882,0.05305943,0.1080981,0.9927233,True,0.6092575,0.4418394,19.54851,1.679179,-1.3,8.06347
2026-06-29 13:17:44.188,120.6229,True,19.10141,0.807295,-9.313174,0.9397765,-0.3366039,0,0.05931287,0.03992989,0.1114817,0.992964,True,0.5888499,0.4498814,19.42364,1.706947,-1.3,8.069955
2026-06-29 13:17:44.234,120.6695,True,19.10911,0.806105,-9.310913,0.9754409,-0.2126696,0,0.0573307,0.02438499,0.1118454,0.9934263,True,0.5695823,0.4501914,19.30575,1.708017,-1.3,8.063922
2026-06-29 13:17:44.279,120.7129,True,19.11266,0.8053716,-9.310377,0.9790584,-0.1961928,0,0.05434117,0.02132269,0.1064064,0.9940941,True,0.5661055,0.437093,19.28447,1.662791,-1.3,8.057966
2026-06-29 13:17:44.324,120.7579,True,19.11224,0.8045757,-9.310988,0.8830865,-0.4609462,0,0.08767428,0.08082626,0.1548479,0.9846264,True,0.6454326,0.5534134,19.76985,2.064429,-1.3,8.136069
2026-06-29 13:17:44.373,120.8043,True,19.10075,0.8045321,-9.315201,0.9275509,-0.3620335,0,0.09263532,0.06707416,0.1718479,0.9828374,True,0.6254772,0.5944085,19.64775,2.20598,-1.3,8.155164
2026-06-29 13:17:44.414,120.8497,True,19.09569,0.8039873,-9.316837,0.922927,-0.3770543,0,0.07769031,0.05858693,0.143405,0.9879284,True,0.6129513,0.5253961,19.57111,1.967689,-1.3,8.114795
2026-06-29 13:17:44.455,120.8893,True,19.09161,0.8034024,-9.31776,0.9396514,-0.3340155,0,0.07408769,0.04949287,0.1392332,0.989022,True,0.6001595,0.5150981,19.49284,1.932132,-1.3,8.106756
2026-06-29 13:17:44.501,120.9355,True,19.08923,0.8030653,-9.318191,0.9662864,-0.2490053,0,0.06547502,0.03260724,0.1265352,0.991426,True,0.5772948,0.4844834,19.35294,1.826423,-1.3,8.087532
2026-06-29 13:17:44.545,120.9794,True,19.09823,0.8019364,-9.313942,0.9866916,-0.1478993,0,0.0675697,0.01998702,0.1333409,0.9908686,True,0.5620862,0.5001071,19.25988,1.88037,-1.3,8.087794
2026-06-29 13:17:44.591,121.025,True,19.10228,0.8013234,-9.311807,0.9935684,-0.09188218,0,0.06617881,0.0121613,0.1315063,0.9912407,True,0.5523927,0.4954347,19.20057,1.864237,-1.3,8.082603
2026-06-29 13:17:44.635,121.0695,True,19.10444,0.8007877,-9.310316,0.9980283,-0.0115788,0,0.06168928,0.001428575,0.1231353,0.9923889,True,0.5385665,0.4752973,19.11597,1.794705,-1.3,8.071751
2026-06-29 13:17:44.677,121.1122,True,19.10721,0.8000584,-9.308472,0.9815245,-0.1825918,0,0.05718346,0.02088246,0.1122539,0.9934601,True,0.5646462,0.4493056,19.27555,1.704959,-1.3,8.061191
2026-06-29 13:17:44.725,121.1588,True,19.10368,0.8001356,-9.30957,0.9847109,-0.1648916,0,0.05617186,0.01852454,0.1106261,0.9936894,True,0.5609607,0.4455033,19.25299,1.69183,-1.3,8.060436
2026-06-29 13:17:44.769,121.2022,True,19.0942,0.799859,-9.312607,0.9781798,-0.2016761,0,0.04991145,0.02013188,0.0976447,0.9950176,True,0.5615038,0.4149013,19.25632,1.586165,-1.3,8.052728
2026-06-29 13:17:44.818,121.2541,True,19.09199,0.8001984,-9.313739,0.9684602,-0.2450848,0,0.04492626,0.02202149,0.08701857,0.9959632,True,0.5636058,0.3900534,19.26918,1.500369,-1.3,8.046219
2026-06-29 13:17:44.860,121.2946,True,19.08908,0.8008357,-9.315615,0.9659947,-0.2542451,0,0.04705075,0.02392484,0.09090153,0.9955724,True,0.5656531,0.3994192,19.28171,1.532708,-1.3,8.051262
2026-06-29 13:17:44.902,121.3369,True,19.08962,0.8011141,-9.316034,0.9863492,-0.1568553,0,0.0501166,0.01572211,0.09886492,0.9949766,True,0.5549604,0.4182186,19.21628,1.59762,-1.3,8.056504
2026-06-29 13:17:44.945,121.379,True,19.08822,0.8011084,-9.316778,0.9833939,-0.1745909,0,0.04954285,0.01729946,0.09744026,0.995091,True,0.5568094,0.4148878,19.22759,1.586119,-1.3,8.056326
2026-06-29 13:17:44.988,121.422,True,19.08846,0.800988,-9.316387,0.966473,-0.2523905,0,0.04721276,0.0238321,0.09125971,0.9955419,True,0.5654328,0.4003255,19.28036,1.535837,-1.3,8.052284
2026-06-29 13:17:45.034,121.4695,True,19.08772,0.8008481,-9.316385,0.9491439,-0.3113887,0,0.04650557,0.02896263,0.08828097,0.9956745,True,0.5720594,0.3933109,19.3209,1.511617,-1.3,8.05121
2026-06-29 13:17:45.074,121.5092,True,19.08554,0.8008555,-9.316622,0.945526,-0.3222514,0,0.04620241,0.02977758,0.08737115,0.9957306,True,0.5727738,0.3911861,19.32528,1.50428,-1.3,8.050994
2026-06-29 13:17:45.127,121.5579,True,19.0799,0.8010894,-9.318296,0.95066,-0.3056496,0,0.05314068,0.03248486,0.1010374,0.9943522,True,0.5754833,0.4234952,19.34185,1.615839,-1.3,8.06384
2026-06-29 13:17:45.166,121.6017,True,19.0816,0.8010076,-9.317451,0.9446695,-0.3238573,0,0.05211413,0.03375508,0.09846126,0.9945682,True,0.5774201,0.4173809,19.3537,1.594727,-1.3,8.061238
2026-06-29 13:17:45.211,121.6451,True,19.08891,0.8000686,-9.31422,0.9449686,-0.3234823,0,0.04892485,0.03165264,0.09246488,0.9952127,True,0.5758013,0.4028828,19.3438,1.544667,-1.3,8.052772
2026-06-29 13:17:45.254,121.6884,True,19.09771,0.7987975,-9.310722,0.9798278,-0.1077982,0,0.1682771,0.03627992,0.3297651,0.9433656,True,0.5859326,0.99786,19.40579,3.599044,-1.3,8.491641
2026-06-29 13:17:45.298,121.733,True,19.0964,0.7979123,-9.311068,0.9826921,-0.08874991,0,0.1626032,0.02886203,0.3195777,0.9471204,True,0.5752666,0.9694679,19.34053,3.50101,-1.3,8.45834
2026-06-29 13:17:45.343,121.7786,True,19.09504,0.7959738,-9.311462,0.9783753,-0.1551942,0,0.1367354,0.04244108,0.267557,0.9626068,True,0.5928742,0.8309608,19.44826,3.022764,-1.3,8.322673
2026-06-29 13:17:45.393,121.8258,True,19.09659,0.794432,-9.311003,0.9743962,-0.1823886,0,0.1314779,0.04796014,0.2562232,0.9654272,True,0.6004404,0.801356,19.49456,2.920542,-1.3,8.297884
2026-06-29 13:17:45.435,121.8723,True,19.09463,0.7930456,-9.311901,0.9900217,-0.07450973,0,0.1196052,0.0178235,0.2368234,0.9713892,True,0.5591038,0.7509036,19.24163,2.746337,-1.3,8.247879
2026-06-29 13:17:45.479,121.9123,True,19.0996,0.7907065,-9.310017,0.9863393,-0.1196147,0,0.1132569,0.02709438,0.2234194,0.9743458,True,0.5722947,0.7164633,19.32234,2.627419,-1.3,8.220917
2026-06-29 13:17:45.518,121.9539,True,19.0956,0.7898476,-9.312019,0.9900611,-0.0867517,0,0.1106939,0.01920577,0.2191875,0.9754937,True,0.5610178,0.7056551,19.25334,2.5901,-1.3,8.213297
2026-06-29 13:17:45.567,122.0013,True,19.08911,0.7893153,-9.314864,0.9818381,-0.1627191,0,0.09755201,0.03174716,0.1915606,0.9809672,True,0.5765682,0.6374035,19.34849,2.354436,-1.3,8.170368
2026-06-29 13:17:45.612,122.0464,True,19.08531,0.7887422,-9.31674,0.9799466,-0.176918,0,0.09167795,0.03243895,0.179679,0.9831903,True,0.5767834,0.6082605,19.34981,2.253809,-1.3,8.153803
2026-06-29 13:17:45.655,122.0892,True,19.08706,0.787927,-9.316577,0.9785187,-0.1868906,0,0.08702373,0.03252784,0.1703087,0.9848537,True,0.5771149,0.5852094,19.35184,2.174217,-1.3,8.139865
2026-06-29 13:17:45.701,122.1353,True,19.08389,0.7875227,-9.318529,0.9750592,-0.2051442,0,0.0847088,0.03475504,0.1651922,0.9856489,True,0.5795333,0.5728112,19.36663,2.131407,-1.3,8.135279
2026-06-29 13:17:45.745,122.1784,True,19.08855,0.7860585,-9.31661,0.9734223,-0.2150618,0,0.07872406,0.03386107,0.1532635,0.9876051,True,0.579006,0.5434805,19.36341,2.030133,-1.3,8.117223
2026-06-29 13:17:45.785,122.221,True,19.09372,0.7850917,-9.315031,0.9706759,-0.2282629,0,0.07539378,0.03441921,0.1463659,0.9886315,True,0.5805355,0.5265601,19.37277,1.971709,-1.3,8.107197
2026-06-29 13:17:45.832,122.2672,True,19.09116,0.7852724,-9.316136,0.990288,-0.1197687,0,0.07060624,0.01691283,0.139841,0.9900295,True,0.5568914,0.510874,19.2281,1.917546,-1.3,8.096866
2026-06-29 13:17:45.880,122.3129,True,19.08969,0.785444,-9.31665,0.9847421,-0.1597343,0,0.06905035,0.02205941,0.1359936,0.9904641,True,0.5634508,0.501782,19.26823,1.886153,-1.3,8.093832
2026-06-29 13:17:45.920,122.3553,True,19.08955,0.7854778,-9.316546,0.9685937,-0.2373073,0,0.07423965,0.03523521,0.1438161,0.9889769,True,0.5809278,0.5206311,19.37517,1.951237,-1.3,8.105898
2026-06-29 13:17:45.966,122.4006,True,19.09027,0.7853818,-9.316364,0.9821627,-0.1688462,0,0.08274954,0.0279439,0.162547,0.9863051,True,0.5714849,0.5656008,19.31739,2.106511,-1.3,8.127672
2026-06-29 13:17:46.011,122.4461,True,19.08791,0.7854567,-9.317444,0.9808792,-0.1790474,0,0.07627669,0.02731428,0.1496364,0.9883637,True,0.5701923,0.5345459,19.30948,1.999282,-1.3,8.111835
2026-06-29 13:17:46.053,122.4881,True,19.08908,0.7853016,-9.317139,0.9809407,-0.1786898,0,0.07632377,0.02727656,0.1497382,0.9883494,True,0.5703317,0.5347319,19.31033,1.999925,-1.3,8.111643
2026-06-29 13:17:46.100,122.535,True,19.10839,0.7833636,-9.309246,0.9792995,-0.1870339,0,0.07740016,0.02895291,0.1515959,0.9880185,True,0.5756853,0.5383033,19.34309,2.012256,-1.3,8.106373
2026-06-29 13:17:46.144,122.5792,True,19.1279,0.7814968,-9.30151,0.9758695,-0.2054654,0,0.07391139,0.03037245,0.1442557,0.9890742,True,0.5806731,0.5198417,19.37361,1.948511,-1.3,8.089897
2026-06-29 13:17:46.192,122.628,True,19.13817,0.7805985,-9.297479,0.9789392,-0.1890406,0,0.0770826,0.02914349,0.1509184,0.9881166,True,0.5807455,0.5353562,19.37405,2.00208,-1.3,8.093658
2026-06-29 13:17:46.232,122.6677,True,19.15411,0.7794012,-9.291387,0.9759399,-0.2030128,0,0.07954414,0.03229695,0.1552606,0.9873455,True,0.5875215,0.5451946,19.41551,2.036051,-1.3,8.093809
2026-06-29 13:17:46.276,122.7103,True,19.1689,0.7783042,-9.285631,0.979742,-0.1853648,0,0.07579897,0.02810092,0.1485269,0.9885091,True,0.5843179,0.5284321,19.39591,1.978172,-1.3,8.07846
2026-06-29 13:17:46.318,122.7519,True,19.1769,0.7777969,-9.282499,0.9742754,-0.2119944,0,0.07645783,0.03241727,0.148982,0.9883084,True,0.591316,0.5292841,19.43873,1.981114,-1.3,8.076931
2026-06-29 13:17:46.358,122.7926,True,19.1829,0.7774018,-9.280231,0.9752857,-0.207191,0,0.07674477,0.03180164,0.1496961,0.9882205,True,0.5914764,0.5307719,19.43971,1.986251,-1.3,8.075355
2026-06-29 13:17:46.401,122.8358,True,19.19366,0.7768289,-9.276201,0.9767094,-0.2009112,0,0.07532268,0.03026634,0.1471367,0.988653,True,0.5911709,0.5242959,19.43784,1.963891,-1.3,8.067746
2026-06-29 13:17:46.448,122.8807,True,19.20271,0.7761304,-9.27252,0.9826235,-0.1697468,0,0.07508029,0.02548927,0.1475513,0.9887259,True,0.5863333,0.5248779,19.40824,1.9659,-1.3,8.063428
2026-06-29 13:17:46.493,122.9284,True,19.21309,0.7753886,-9.268696,0.9781925,-0.1916796,0,0.07999004,0.03066492,0.1564913,0.9872032,True,0.5948925,0.5459285,19.46061,2.038585,-1.3,8.071991
2026-06-29 13:17:46.537,122.9706,True,19.23125,0.773956,-9.261492,0.9872244,-0.1323802,0,0.08867679,0.0234781,0.1750878,0.9842729,True,0.5884449,0.5898352,19.42116,2.190189,-1.3,8.088703
2026-06-29 13:17:46.579,123.0124,True,19.23508,0.7737944,-9.259821,0.9849458,-0.1486852,0,0.08817326,0.02622011,0.1736918,0.984451,True,0.5926812,0.5863591,19.44708,2.178187,-1.3,8.085543
2026-06-29 13:17:46.624,123.057,True,19.24502,0.7732551,-9.255307,0.9707268,-0.2273521,0,0.07746264,0.03522259,0.1503901,0.9879991,True,0.6060097,0.530174,19.52863,1.984187,-1.3,8.051937
2026-06-29 13:17:46.669,123.1032,True,19.25143,0.7733133,-9.2517,0.9832554,-0.1653439,0,0.07661666,0.02533619,0.1506675,0.9882598,True,0.5940232,0.5305858,19.45529,1.985609,-1.3,8.046164
2026-06-29 13:17:46.712,123.147,True,19.25623,0.7730864,-9.248334,0.9913806,-0.02658262,0,0.1282882,0.006820473,0.2543648,0.9670843,True,0.5706512,0.7848868,19.31229,2.863676,-1.3,8.218863
2026-06-29 13:17:46.754,123.1883,True,19.25548,0.7735216,-9.24682,0.9789561,-0.07557267,0,0.1895622,0.02865143,0.371146,0.9281324,False,-1,-1,0,0,0,-1
2026-06-29 13:17:46.798,123.2327,False,19.25428,0.7750106,-9.243915,0,0,0,1,0,0,-1,False,-1,-1,0,0,0,-1
2026-06-29 13:17:46.837,123.2714,False,19.25771,0.7756916,-9.23775,0,0,0,1,0,0,-1,False,-1,-1,0,0,0,-1
2026-06-29 13:17:46.877,123.3133,False,19.25389,0.7774664,-9.233544,0,0,0,1,0,0,-1,False,-1,-1,0,0,0,-1
2026-06-29 13:17:46.919,123.3548,False,19.24301,0.7796169,-9.231314,0,0,0,1,0,0,-1,False,-1,-1,0,0,0,-1
2026-06-29 13:17:46.966,123.3996,False,19.22346,0.7820625,-9.23068,0,0,0,1,0,0,-1,False,-1,-1,0,0,0,-1
2026-06-29 13:17:47.012,123.4459,False,19.20581,0.7840483,-9.227428,0,0,0,1,0,0,-1,False,-1,-1,0,0,0,-1
2026-06-29 13:17:47.054,123.4887,False,19.17191,0.7865047,-9.228992,0,0,0,1,0,0,-1,False,-1,-1,0,0,0,-1
2026-06-29 13:17:47.100,123.5364,False,19.13767,0.7875847,-9.227757,0,0,0,1,0,0,-1,False,-1,-1,0,0,0,-1
2026-06-29 13:17:47.151,123.579,False,19.12089,0.7866396,-9.219158,0,0,0,1,0,0,-1,False,-1,-1,0,0,0,-1
2026-06-29 13:17:47.192,123.6288,False,19.08749,0.7856861,-9.216866,0,0,0,1,0,0,-1,False,-1,-1,0,0,0,-1
2026-06-29 13:17:47.230,123.6663,False,19.07113,0.7840903,-9.209255,0,0,0,1,0,0,-1,False,-1,-1,0,0,0,-1
2026-06-29 13:17:47.276,123.7112,False,19.05791,0.7813942,-9.201962,0,0,0,1,0,0,-1,False,-1,-1,0,0,0,-1
2026-06-29 13:17:47.318,123.754,False,19.04903,0.7781076,-9.193064,0,0,0,1,0,0,-1,False,-1,-1,0,0,0,-1
2026-06-29 13:17:47.364,123.7989,False,19.03676,0.7751604,-9.185837,0,0,0,1,0,0,-1,False,-1,-1,0,0,0,-1
2026-06-29 13:17:47.410,123.8442,False,19.02682,0.7720112,-9.177377,0,0,0,1,0,0,-1,False,-1,-1,0,0,0,-1
2026-06-29 13:17:47.457,123.8903,False,19.02132,0.7683934,-9.168087,0,0,0,1,0,0,-1,False,-1,-1,0,0,0,-1
2026-06-29 13:17:47.506,123.94,False,19.01503,0.7644516,-9.160598,0,0,0,1,0,0,-1,False,-1,-1,0,0,0,-1
2026-06-29 13:17:47.547,123.9806,False,19.00843,0.7605473,-9.155876,0,0,0,1,0,0,-1,False,-1,-1,0,0,0,-1
2026-06-29 13:17:47.591,124.0251,False,19.00434,0.7566296,-9.15444,0,0,0,1,0,0,-1,False,-1,-1,0,0,0,-1
2026-06-29 13:17:47.637,124.0701,False,18.99847,0.75282,-9.155846,0,0,0,1,0,0,-1,False,-1,-1,0,0,0,-1
2026-06-29 13:17:47.678,124.1134,False,18.99359,0.7504905,-9.161147,0,0,0,1,0,0,-1,False,-1,-1,0,0,0,-1
2026-06-29 13:17:47.722,124.1559,False,18.99046,0.7458877,-9.162249,0,0,0,1,0,0,-1,False,-1,-1,0,0,0,-1
2026-06-29 13:17:47.775,124.21,False,18.99256,0.7393531,-9.158403,0,0,0,1,0,0,-1,False,-1,-1,0,0,0,-1
2026-06-29 13:17:47.826,124.2579,False,18.98673,0.7344848,-9.157866,0,0,0,1,0,0,-1,False,-1,-1,0,0,0,-1
2026-06-29 13:17:47.868,124.3021,False,18.98163,0.729656,-9.157091,0,0,0,1,0,0,-1,False,-1,-1,0,0,0,-1
2026-06-29 13:17:47.909,124.3443,False,18.97612,0.7236434,-9.155411,0,0,0,1,0,0,-1,False,-1,-1,0,0,0,-1
2026-06-29 13:17:47.953,124.3876,False,18.9734,0.7194856,-9.157056,0,0,0,1,0,0,-1,False,-1,-1,0,0,0,-1
2026-06-29 13:17:47.999,124.4332,False,18.96898,0.7131345,-9.158673,0,0,0,1,0,0,-1,False,-1,-1,0,0,0,-1
2026-06-29 13:17:48.043,124.4785,False,18.96459,0.7085439,-9.158304,0,0,0,1,0,0,-1,False,-1,-1,0,0,0,-1
2026-06-29 13:17:48.088,124.521,False,18.96165,0.7049184,-9.158958,0,0,0,1,0,0,-1,False,-1,-1,0,0,0,-1
2026-06-29 13:17:48.132,124.5656,False,18.95885,0.7001839,-9.160917,0,0,0,1,0,0,-1,False,-1,-1,0,0,0,-1
2026-06-29 13:17:48.169,124.6121,False,18.95501,0.6952448,-9.163243,0,0,0,1,0,0,-1,False,-1,-1,0,0,0,-1
2026-06-29 13:17:48.207,124.6488,False,18.9507,0.6904492,-9.166428,0,0,0,1,0,0,-1,False,-1,-1,0,0,0,-1
2026-06-29 13:17:48.261,124.7041,False,18.94725,0.6864834,-9.171257,0,0,0,1,0,0,-1,False,-1,-1,0,0,0,-1
2026-06-29 13:17:48.306,124.7483,False,18.94532,0.6829042,-9.173723,0,0,0,1,0,0,-1,False,-1,-1,0,0,0,-1
2026-06-29 13:17:48.350,124.7926,False,18.94447,0.6805604,-9.175175,0,0,0,1,0,0,-1,False,-1,-1,0,0,0,-1
2026-06-29 13:17:48.394,124.8363,False,18.94468,0.6806439,-9.176718,0,0,0,1,0,0,-1,False,-1,-1,0,0,0,-1
2026-06-29 13:17:48.428,124.8702,False,18.94373,0.6811727,-9.178231,0,0,0,1,0,0,-1,False,-1,-1,0,0,0,-1
2026-06-29 13:17:48.461,124.9038,False,18.94345,0.6830935,-9.179647,0,0,0,1,0,0,-1,False,-1,-1,0,0,0,-1
2026-06-29 13:17:48.506,124.9476,False,18.94136,0.687086,-9.184361,0,0,0,1,0,0,-1,False,-1,-1,0,0,0,-1
2026-06-29 13:17:48.542,124.9847,False,18.93801,0.691167,-9.190113,0,0,0,1,0,0,-1,False,-1,-1,0,0,0,-1
2026-06-29 13:17:48.585,125.028,False,18.93172,0.6968992,-9.198841,0,0,0,1,0,0,-1,False,-1,-1,0,0,0,-1
2026-06-29 13:17:48.628,125.0703,False,18.9225,0.7027333,-9.209458,0,0,0,1,0,0,-1,False,-1,-1,0,0,0,-1
2026-06-29 13:17:48.672,125.1142,False,18.91033,0.7078654,-9.220854,0,0,0,1,0,0,-1,False,-1,-1,0,0,0,-1
2026-06-29 13:17:48.706,125.1477,False,18.89908,0.7107602,-9.229671,0,0,0,1,0,0,-1,False,-1,-1,0,0,0,-1
2026-06-29 13:17:48.740,125.1824,False,18.88616,0.7130688,-9.238176,0,0,0,1,0,0,-1,False,-1,-1,0,0,0,-1
2026-06-29 13:17:48.786,125.2278,False,18.87757,0.7137657,-9.239681,0,0,0,1,0,0,-1,False,-1,-1,0,0,0,-1
2026-06-29 13:17:48.818,125.2613,False,18.86573,0.714918,-9.245935,0,0,0,1,0,0,-1,False,-1,-1,0,0,0,-1
2026-06-29 13:17:48.863,125.3051,False,18.85348,0.7163615,-9.253841,0,0,0,1,0,0,-1,False,-1,-1,0,0,0,-1
2026-06-29 13:17:48.900,125.3423,False,18.84983,0.7189957,-9.260895,0,0,0,1,0,0,-1,False,-1,-1,0,0,0,-1
2026-06-29 13:17:48.937,125.3787,False,18.83849,0.7238136,-9.267096,0,0,0,1,0,0,-1,False,-1,-1,0,0,0,-1
2026-06-29 13:17:48.972,125.4139,False,18.83347,0.730236,-9.27027,0,0,0,1,0,0,-1,False,-1,-1,0,0,0,-1
2026-06-29 13:17:49.017,125.4593,False,18.82192,0.7369489,-9.273275,0,0,0,1,0,0,-1,False,-1,-1,0,0,0,-1
2026-06-29 13:17:49.061,125.5032,False,18.81718,0.7373174,-9.274958,0,0,0,1,0,0,-1,False,-1,-1,0,0,0,-1
2026-06-29 13:17:49.104,125.5474,False,18.83391,0.7373614,-9.271212,0,0,0,1,0,0,-1,False,-1,-1,0,0,0,-1
2026-06-29 13:17:49.150,125.5925,False,18.83903,0.7387685,-9.269812,0,0,0,1,0,0,-1,False,-1,-1,0,0,0,-1
2026-06-29 13:17:49.194,125.6369,False,18.83006,0.7404429,-9.274344,0,0,0,1,0,0,-1,False,-1,-1,0,0,0,-1
2026-06-29 13:17:49.240,125.6816,False,18.82624,0.7409887,-9.277371,0,0,0,1,0,0,-1,False,-1,-1,0,0,0,-1
2026-06-29 13:17:49.286,125.7283,False,18.82082,0.7414396,-9.280531,0,0,0,1,0,0,-1,False,-1,-1,0,0,0,-1
2026-06-29 13:17:49.327,125.7697,False,18.82043,0.7417247,-9.281814,0,0,0,1,0,0,-1,False,-1,-1,0,0,0,-1
2026-06-29 13:17:49.372,125.8152,False,18.82181,0.7409556,-9.2829,0,0,0,1,0,0,-1,False,-1,-1,0,0,0,-1
2026-06-29 13:17:49.419,125.8613,False,18.81993,0.740149,-9.285325,0,0,0,1,0,0,-1,False,-1,-1,0,0,0,-1
2026-06-29 13:17:49.463,125.9048,False,18.82016,0.739218,-9.286849,0,0,0,1,0,0,-1,False,-1,-1,0,0,0,-1
2026-06-29 13:17:49.496,125.939,False,18.81925,0.7389793,-9.287996,0,0,0,1,0,0,-1,False,-1,-1,0,0,0,-1
2026-06-29 13:17:49.540,125.9832,False,18.8172,0.7387046,-9.290083,0,0,0,1,0,0,-1,False,-1,-1,0,0,0,-1
2026-06-29 13:17:49.575,126.0178,False,18.82952,0.7372369,-9.286055,0,0,0,1,0,0,-1,False,-1,-1,0,0,0,-1
2026-06-29 13:17:49.618,126.0604,False,18.83003,0.7367309,-9.286568,0,0,0,1,0,0,-1,False,-1,-1,0,0,0,-1
2026-06-29 13:17:49.652,126.0946,False,18.82751,0.7370178,-9.288322,0,0,0,1,0,0,-1,False,-1,-1,0,0,0,-1
2026-06-29 13:17:49.687,126.129,False,18.83464,0.7361578,-9.286071,0,0,0,1,0,0,-1,False,-1,-1,0,0,0,-1
2026-06-29 13:17:49.732,126.1739,False,18.83428,0.7356462,-9.286686,0,0,0,1,0,0,-1,False,-1,-1,0,0,0,-1
2026-06-29 13:17:49.776,126.2182,False,18.83701,0.7354825,-9.28611,0,0,0,1,0,0,-1,False,-1,-1,0,0,0,-1
2026-06-29 13:17:49.818,126.2611,False,18.8512,0.7334843,-9.280275,0,0,0,1,0,0,-1,False,-1,-1,0,0,0,-1
2026-06-29 13:17:49.875,126.3175,False,18.85563,0.7327153,-9.278638,0,0,0,1,0,0,-1,False,-1,-1,0,0,0,-1
2026-06-29 13:17:49.919,126.3618,False,18.85653,0.7326381,-9.278353,0,0,0,1,0,0,-1,False,-1,-1,0,0,0,-1
2026-06-29 13:17:49.963,126.406,False,18.85721,0.7329953,-9.278792,0,0,0,1,0,0,-1,False,-1,-1,0,0,0,-1
2026-06-29 13:17:49.997,126.4398,False,18.85912,0.7324775,-9.278069,0,0,0,1,0,0,-1,False,-1,-1,0,0,0,-1
2026-06-29 13:17:50.041,126.4832,False,18.86072,0.7318819,-9.277448,0,0,0,1,0,0,-1,False,-1,-1,0,0,0,-1
2026-06-29 13:17:50.085,126.5278,False,18.85214,0.7330303,-9.280985,0,0,0,1,0,0,-1,False,-1,-1,0,0,0,-1
2026-06-29 13:17:50.119,126.5613,False,18.85129,0.733294,-9.281372,0,0,0,1,0,0,-1,False,-1,-1,0,0,0,-1
2026-06-29 13:17:50.153,126.5962,False,18.85088,0.7333281,-9.281671,0,0,0,1,0,0,-1,False,-1,-1,0,0,0,-1
2026-06-29 13:17:50.188,126.63,False,18.84536,0.7336472,-9.283913,0,0,0,1,0,0,-1,False,-1,-1,0,0,0,-1
2026-06-29 13:17:50.236,126.6778,False,18.84108,0.7341369,-9.285875,0,0,0,1,0,0,-1,False,-1,-1,0,0,0,-1
2026-06-29 13:17:50.274,126.7165,False,18.83977,0.7341309,-9.286835,0,0,0,1,0,0,-1,False,-1,-1,0,0,0,-1
2026-06-29 13:17:50.319,126.7616,False,18.83726,0.7336924,-9.288191,0,0,0,1,0,0,-1,False,-1,-1,0,0,0,-1
2026-06-29 13:17:50.363,126.8052,False,18.83284,0.7340149,-9.290257,0,0,0,1,0,0,-1,False,-1,-1,0,0,0,-1
2026-06-29 13:17:50.407,126.8487,False,18.83293,0.7341173,-9.290211,0,0,0,1,0,0,-1,False,-1,-1,0,0,0,-1
2026-06-29 13:17:50.452,126.8935,False,18.83112,0.7343174,-9.290821,0,0,0,1,0,0,-1,False,-1,-1,0,0,0,-1
2026-06-29 13:17:50.495,126.9377,False,18.8268,0.7348793,-9.291904,0,0,0,1,0,0,-1,False,-1,-1,0,0,0,-1
2026-06-29 13:17:50.540,126.9823,False,18.82663,0.7350781,-9.291166,0,0,0,1,0,0,-1,False,-1,-1,0,0,0,-1
2026-06-29 13:17:50.586,127.0275,False,18.82727,0.7352087,-9.290424,0,0,0,1,0,0,-1,False,-1,-1,0,0,0,-1
2026-06-29 13:17:50.818,127.2585,False,18.95694,0.697614,-9.162201,0,0,0,0,0,0,-1,False,-1,-1,0,0,0,-1
