RealTime,UnityTime,GazeValid,GazeOriginX,GazeOriginY,GazeOriginZ,GazeRotX,GazeRotY,GazeRotZ,GazeRotW,GazeDirX,GazeDirY,GazeDirZ,HitPainting,ImageX,ImageY,HitPointX,HitPointY,HitPointZ,HitDistance
2026-06-29 15:06:57.160,0,False,19.099,1.36144,-9.44,0,0,0,0,0,0,1,False,-1,-1,0,0,0,-1
2026-06-29 15:06:57.475,0.06969889,False,22.02239,1.122121,-6.520664,0,0,0,1,0,0,1,False,-1,-1,0,0,0,-1
2026-06-29 15:06:58.709,0.4030322,False,21.90162,0.9253082,-6.211515,0,0,0,1,0,0,1,False,-1,-1,0,0,0,-1
2026-06-29 15:06:58.744,0.439238,False,21.90545,0.8941116,-6.184072,0,0,0,1,0,0,1,False,-1,-1,0,0,0,-1
2026-06-29 15:06:58.782,0.4774597,False,21.91163,0.8524938,-6.150542,0,0,0,1,0,0,1,False,-1,-1,0,0,0,-1
2026-06-29 15:06:58.826,0.5219891,False,21.92072,0.8190205,-6.126389,0,0,0,1,0,0,1,False,-1,-1,0,0,0,-1
2026-06-29 15:06:58.860,0.555512,False,21.92906,0.7950878,-6.110829,0,0,0,1,0,0,1,False,-1,-1,0,0,0,-1
2026-06-29 15:06:58.906,0.6007637,False,21.94334,0.7678083,-6.093398,0,0,0,1,0,0,1,False,-1,-1,0,0,0,-1
2026-06-29 15:06:58.949,0.6439703,False,21.96023,0.7446061,-6.081016,0,0,0,1,0,0,1,False,-1,-1,0,0,0,-1
2026-06-29 15:06:58.982,0.6776086,False,21.97365,0.7311901,-6.073923,0,0,0,1,0,0,1,False,-1,-1,0,0,0,-1
2026-06-29 15:06:59.026,0.7216088,False,21.9921,0.7170677,-6.071131,0,0,0,1,0,0,1,False,-1,-1,0,0,0,-1
2026-06-29 15:06:59.071,0.7657322,False,22.0003,0.7094455,-6.075732,0,0,0,1,0,0,1,False,-1,-1,0,0,0,-1
2026-06-29 15:06:59.105,0.7999699,False,22.00348,0.7051058,-6.084304,0,0,0,1,0,0,1,False,-1,-1,0,0,0,-1
2026-06-29 15:06:59.149,0.8437945,False,22.00898,0.701672,-6.092843,0,0,0,1,0,0,1,False,-1,-1,0,0,0,-1
2026-06-29 15:06:59.182,0.877393,False,22.01174,0.7006922,-6.097948,0,0,0,1,0,0,1,False,-1,-1,0,0,0,-1
2026-06-29 15:06:59.226,0.9210916,False,22.01466,0.7035598,-6.103234,0,0,0,1,0,0,1,False,-1,-1,0,0,0,-1
2026-06-29 15:06:59.259,0.9549536,False,22.01385,0.7098781,-6.109738,0,0,0,1,0,0,1,False,-1,-1,0,0,0,-1
2026-06-29 15:06:59.304,0.9991484,False,22.01669,0.7206107,-6.11167,0,0,0,1,0,0,1,False,-1,-1,0,0,0,-1
2026-06-29 15:06:59.336,1.032498,False,22.01174,0.7274454,-6.107908,0,0,0,1,0,0,1,False,-1,-1,0,0,0,-1
2026-06-29 15:06:59.382,1.077021,False,22.01266,0.7400573,-6.10853,0,0,0,1,0,0,1,False,-1,-1,0,0,0,-1
2026-06-29 15:06:59.416,1.110591,False,22.01118,0.7454349,-6.108851,0,0,0,1,0,0,1,False,-1,-1,0,0,0,-1
2026-06-29 15:06:59.453,1.148198,False,22.00994,0.7483805,-6.110234,0,0,0,1,0,0,1,False,-1,-1,0,0,0,-1
2026-06-29 15:06:59.487,1.182124,False,22.0082,0.7513235,-6.110034,0,0,0,1,0,0,1,False,-1,-1,0,0,0,-1
2026-06-29 15:06:59.531,1.226517,False,22.00746,0.7537347,-6.109684,0,0,0,1,0,0,1,False,-1,-1,0,0,0,-1
2026-06-29 15:06:59.575,1.270519,False,22.00809,0.7582517,-6.107256,0,0,0,1,0,0,1,False,-1,-1,0,0,0,-1
2026-06-29 15:06:59.609,1.303976,False,22.0088,0.7612624,-6.104854,0,0,0,1,0,0,1,False,-1,-1,0,0,0,-1
2026-06-29 15:06:59.642,1.337761,False,22.01146,0.7664765,-6.10246,0,0,0,1,0,0,1,False,-1,-1,0,0,0,-1
2026-06-29 15:06:59.686,1.381362,False,22.01558,0.7736589,-6.100189,0,0,0,1,0,0,1,False,-1,-1,0,0,0,-1
2026-06-29 15:06:59.720,1.414984,False,22.01435,0.776394,-6.098499,0,0,0,1,0,0,1,False,-1,-1,0,0,0,-1
2026-06-29 15:06:59.753,1.44834,False,22.01214,0.7772619,-6.097886,0,0,0,1,0,0,1,False,-1,-1,0,0,0,-1
2026-06-29 15:06:59.797,1.492479,False,22.0097,0.7750223,-6.095674,0,0,0,1,0,0,1,False,-1,-1,0,0,0,-1
2026-06-29 15:06:59.831,1.526371,False,22.0068,0.7730572,-6.094162,0,0,0,1,0,0,1,False,-1,-1,0,0,0,-1
2026-06-29 15:06:59.865,1.559797,False,22.0044,0.7725905,-6.093371,0,0,0,1,0,0,1,False,-1,-1,0,0,0,-1
2026-06-29 15:06:59.908,1.603788,False,22.00131,0.7740486,-6.092544,0,0,0,1,0,0,1,False,-1,-1,0,0,0,-1
2026-06-29 15:06:59.953,1.648311,False,22.00109,0.7779233,-6.091491,0,0,0,1,0,0,1,False,-1,-1,0,0,0,-1
2026-06-29 15:06:59.987,1.682,False,22.00244,0.7810383,-6.090971,0,0,0,1,0,0,1,False,-1,-1,0,0,0,-1
2026-06-29 15:07:00.020,1.715551,False,22.00517,0.7840453,-6.091339,0,0,0,1,0,0,1,False,-1,-1,0,0,0,-1
2026-06-29 15:07:00.063,1.759273,False,22.01129,0.7872964,-6.092658,0,0,0,1,0,0,1,False,-1,-1,0,0,0,-1
2026-06-29 15:07:00.098,1.792868,False,22.01608,0.7903852,-6.094272,0,0,0,1,0,0,1,False,-1,-1,0,0,0,-1
2026-06-29 15:07:00.131,1.82628,False,22.01976,0.793487,-6.095615,0,0,0,1,0,0,1,False,-1,-1,0,0,0,-1
2026-06-29 15:07:00.175,1.870296,False,22.01939,0.7957368,-6.095969,0,0,0,1,0,0,1,False,-1,-1,0,0,0,-1
2026-06-29 15:07:00.209,1.904218,False,22.0155,0.7978618,-6.094648,0,0,0,1,0,0,1,False,-1,-1,0,0,0,-1
2026-06-29 15:07:00.253,1.948151,False,22.00879,0.8017593,-6.092087,0,0,0,1,0,0,1,False,-1,-1,0,0,0,-1
2026-06-29 15:07:00.286,1.98158,False,22.00275,0.8062273,-6.08915,0,0,0,1,0,0,1,False,-1,-1,0,0,0,-1
2026-06-29 15:07:00.320,2.015034,False,21.9954,0.8121502,-6.084706,0,0,0,1,0,0,1,False,-1,-1,0,0,0,-1
2026-06-29 15:07:00.363,2.059084,False,21.98488,0.8214278,-6.07745,0,0,0,1,0,0,1,False,-1,-1,0,0,0,-1
2026-06-29 15:07:00.398,2.092982,False,21.97806,0.8281227,-6.072361,0,0,0,1,0,0,1,False,-1,-1,0,0,0,-1
2026-06-29 15:07:00.441,2.136777,False,21.97027,0.8369074,-6.067304,0,0,0,1,0,0,1,False,-1,-1,0,0,0,-1
2026-06-29 15:07:00.475,2.170334,False,21.96683,0.8432155,-6.064644,0,0,0,1,0,0,1,False,-1,-1,0,0,0,-1
2026-06-29 15:07:00.509,2.203682,False,21.9642,0.8488888,-6.061722,0,0,0,1,0,0,1,False,-1,-1,0,0,0,-1
2026-06-29 15:07:00.543,2.237494,False,21.96446,0.8536859,-6.058374,0,0,0,1,0,0,1,False,-1,-1,0,0,0,-1
2026-06-29 15:07:00.586,2.281869,False,21.9702,0.860841,-6.053919,0,0,0,1,0,0,1,False,-1,-1,0,0,0,-1
2026-06-29 15:07:00.631,2.325817,False,21.97952,0.8683796,-6.051879,0,0,0,1,0,0,1,False,-1,-1,0,0,0,-1
2026-06-29 15:07:00.665,2.359586,False,21.98796,0.8753812,-6.050219,0,0,0,1,0,0,1,False,-1,-1,0,0,0,-1
2026-06-29 15:07:00.709,2.403623,False,21.99786,0.8860451,-6.049095,0,0,0,1,0,0,1,False,-1,-1,0,0,0,-1
2026-06-29 15:07:00.752,2.447639,False,22.00502,0.8977439,-6.04918,0,0,0,1,0,0,1,False,-1,-1,0,0,0,-1
2026-06-29 15:07:00.787,2.481718,False,22.00823,0.9062844,-6.050073,0,0,0,1,0,0,1,False,-1,-1,0,0,0,-1
2026-06-29 15:07:00.830,2.525462,False,22.01059,0.9176779,-6.051811,0,0,0,1,0,0,1,False,-1,-1,0,0,0,-1
2026-06-29 15:07:00.864,2.559645,False,22.01111,0.927369,-6.053559,0,0,0,1,0,0,1,False,-1,-1,0,0,0,-1
2026-06-29 15:07:00.908,2.603719,False,22.01248,0.9415202,-6.056291,0,0,0,1,0,0,1,False,-1,-1,0,0,0,-1
2026-06-29 15:07:00.953,2.647637,False,22.01456,0.955346,-6.059257,0,0,0,1,0,0,1,False,-1,-1,0,0,0,-1
2026-06-29 15:07:00.986,2.68156,False,22.01628,0.9644156,-6.061684,0,0,0,1,0,0,1,False,-1,-1,0,0,0,-1
2026-06-29 15:07:01.030,2.725334,False,22.0185,0.9746003,-6.066456,0,0,0,1,0,0,1,False,-1,-1,0,0,0,-1
2026-06-29 15:07:01.063,2.758728,False,22.02016,0.9812585,-6.071282,0,0,0,1,0,0,1,False,-1,-1,0,0,0,-1
2026-06-29 15:07:01.097,2.792624,False,22.02158,0.9860948,-6.076648,0,0,0,1,0,0,1,False,-1,-1,0,0,0,-1
2026-06-29 15:07:01.141,2.836836,False,22.02321,0.9916821,-6.082765,0,0,0,1,0,0,1,False,-1,-1,0,0,0,-1
2026-06-29 15:07:01.186,2.880943,False,22.02575,0.9971107,-6.086339,0,0,0,1,0,0,1,False,-1,-1,0,0,0,-1
2026-06-29 15:07:01.219,2.914517,False,22.02841,1.000219,-6.087667,0,0,0,1,0,0,1,False,-1,-1,0,0,0,-1
2026-06-29 15:07:01.252,2.947887,False,22.03161,1.002746,-6.088146,0,0,0,1,0,0,1,False,-1,-1,0,0,0,-1
2026-06-29 15:07:01.297,2.992255,False,22.03644,1.006596,-6.087725,0,0,0,1,0,0,1,False,-1,-1,0,0,0,-1
2026-06-29 15:07:01.331,3.025625,False,22.03855,1.013436,-6.086127,0,0,0,1,0,0,1,False,-1,-1,0,0,0,-1
2026-06-29 15:07:01.374,3.069574,False,22.0408,1.020965,-6.090083,0,0,0,1,0,0,1,False,-1,-1,0,0,0,-1
2026-06-29 15:07:01.408,3.103312,False,22.04434,1.023598,-6.093314,0,0,0,1,0,0,1,False,-1,-1,0,0,0,-1
2026-06-29 15:07:01.452,3.147185,False,22.04896,1.024989,-6.098353,0,0,0,1,0,0,1,False,-1,-1,0,0,0,-1
2026-06-29 15:07:01.486,3.180777,False,22.05252,1.023736,-6.102822,0,0,0,1,0,0,1,False,-1,-1,0,0,0,-1
2026-06-29 15:07:01.530,3.225876,False,22.05531,1.019794,-6.107524,0,0,0,1,0,0,1,False,-1,-1,0,0,0,-1
2026-06-29 15:07:01.575,3.270256,False,22.0575,1.01391,-6.112419,0,0,0,1,0,0,1,False,-1,-1,0,0,0,-1
2026-06-29 15:07:01.619,3.31437,False,22.05998,1.008242,-6.118286,0,0,0,1,0,0,1,False,-1,-1,0,0,0,-1
2026-06-29 15:07:01.653,3.347855,False,22.06294,1.004191,-6.123653,0,0,0,1,0,0,1,False,-1,-1,0,0,0,-1
2026-06-29 15:07:01.696,3.391984,False,22.06778,0.9996104,-6.128724,0,0,0,1,0,0,1,False,-1,-1,0,0,0,-1
2026-06-29 15:07:01.731,3.426001,False,22.07059,0.9983352,-6.128928,0,0,0,1,0,0,1,False,-1,-1,0,0,0,-1
2026-06-29 15:07:01.775,3.469765,False,22.07321,0.9998777,-6.125604,0,0,0,1,0,0,1,False,-1,-1,0,0,0,-1
2026-06-29 15:07:01.819,3.514132,False,22.07434,1.004451,-6.117353,0,0,0,1,0,0,1,False,-1,-1,0,0,0,-1
2026-06-29 15:07:01.863,3.558431,False,22.07504,1.007912,-6.108827,0,0,0,1,0,0,1,False,-1,-1,0,0,0,-1
2026-06-29 15:07:01.896,3.592137,False,22.07475,1.010258,-6.101811,0,0,0,1,0,0,1,False,-1,-1,0,0,0,-1
2026-06-29 15:07:01.930,3.625645,False,22.07439,1.01275,-6.093869,0,0,0,1,0,0,1,False,-1,-1,0,0,0,-1
2026-06-29 15:07:01.963,3.659156,False,22.07396,1.015207,-6.086266,0,0,0,1,0,0,1,False,-1,-1,0,0,0,-1
2026-06-29 15:07:02.008,3.702809,False,22.07164,1.018192,-6.076924,0,0,0,1,0,0,1,False,-1,-1,0,0,0,-1
2026-06-29 15:07:02.052,3.747198,False,22.0683,1.022275,-6.06997,0,0,0,1,0,0,1,False,-1,-1,0,0,0,-1
2026-06-29 15:07:02.086,3.781311,False,22.06631,1.02431,-6.063912,0,0,0,1,0,0,1,False,-1,-1,0,0,0,-1
2026-06-29 15:07:02.130,3.825123,False,22.0655,1.024529,-6.054312,0,0,0,1,0,0,1,False,-1,-1,0,0,0,-1
2026-06-29 15:07:02.164,3.858475,False,22.06683,1.025926,-6.047526,0,0,0,1,0,0,1,False,-1,-1,0,0,0,-1
2026-06-29 15:07:05.221,3.894684,True,22.06911,1.026313,-6.042936,0.129225,-0.6195351,0.3338128,0.698603,-0.7793443,-0.5941714,0.1989544,False,-1,-1,0,0,0,-1
2026-06-29 15:07:05.246,4.228017,True,21.98503,1.038772,-6.111043,0.09778439,-0.6621518,0.2963728,0.6812903,-0.8442739,-0.5257266,0.1039863,False,-1,-1,0,0,0,-1
2026-06-29 15:07:05.309,4.289849,True,21.98552,1.037276,-6.11267,0.08865986,-0.6629083,0.2869132,0.6858374,-0.8584191,-0.5020068,0.1053842,False,-1,-1,0,0,0,-1
2026-06-29 15:07:05.349,4.332037,True,21.98633,1.035921,-6.113081,0.1132193,-0.6591664,0.309308,0.6760249,-0.8211865,-0.560849,0.1053621,False,-1,-1,0,0,0,-1
2026-06-29 15:07:05.389,4.371695,False,21.98663,1.035282,-6.113746,0,0,0,1,0,0,1,False,-1,-1,0,0,0,-1
2026-06-29 15:07:05.436,4.415372,False,21.98744,1.035522,-6.114754,0,0,0,1,0,0,1,False,-1,-1,0,0,0,-1
2026-06-29 15:07:05.477,4.458869,False,21.98862,1.036289,-6.115889,0,0,0,1,0,0,1,False,-1,-1,0,0,0,-1
2026-06-29 15:07:05.516,4.498898,False,21.98938,1.03745,-6.116978,0,0,0,1,0,0,1,False,-1,-1,0,0,0,-1
2026-06-29 15:07:05.562,4.543043,False,21.9904,1.038874,-6.119254,0,0,0,1,0,0,1,False,-1,-1,0,0,0,-1
2026-06-29 15:07:05.607,4.58972,False,21.9913,1.039909,-6.121625,0,0,0,1,0,0,1,False,-1,-1,0,0,0,-1
2026-06-29 15:07:05.649,4.631557,False,21.99268,1.040863,-6.124052,0,0,0,1,0,0,1,False,-1,-1,0,0,0,-1
2026-06-29 15:07:05.692,4.673722,False,21.99424,1.041037,-6.125967,0,0,0,1,0,0,1,False,-1,-1,0,0,0,-1
2026-06-29 15:07:05.730,4.713649,False,21.99595,1.040903,-6.127373,0,0,0,1,0,0,1,False,-1,-1,0,0,0,-1
2026-06-29 15:07:05.771,4.754194,False,21.99708,1.040441,-6.127931,0,0,0,1,0,0,1,False,-1,-1,0,0,0,-1
2026-06-29 15:07:05.811,4.79456,True,21.99842,1.039433,-6.128173,0.0132144,-0.7198503,0.2399664,0.6511967,-0.9311862,-0.36269,-0.0367182,False,-1,-1,0,0,0,-1
2026-06-29 15:07:05.847,4.831695,True,21.9994,1.038294,-6.128056,0.01465053,-0.7221347,0.2291787,0.6525213,-0.9357013,-0.3501153,-0.04338634,False,-1,-1,0,0,0,-1
2026-06-29 15:07:05.884,4.865281,True,22.00017,1.037508,-6.127575,0.02436539,-0.7296162,0.2273604,0.644495,-0.9293885,-0.3631784,-0.06586696,False,-1,-1,0,0,0,-1
2026-06-29 15:07:05.925,4.908661,True,22.00108,1.036589,-6.126885,0.0280931,-0.7284086,0.2218712,0.6476148,-0.9309902,-0.3596128,-0.0627365,False,-1,-1,0,0,0,-1
2026-06-29 15:07:05.966,4.949076,True,22.00275,1.035895,-6.126117,0.03218716,-0.724498,0.2159772,0.6537741,-0.9334126,-0.3550363,-0.05186681,False,-1,-1,0,0,0,-1
2026-06-29 15:07:06.006,4.98807,True,22.00399,1.034993,-6.125318,0.03649466,-0.7255678,0.2112574,0.6539036,-0.9334832,-0.3542911,-0.05556105,False,-1,-1,0,0,0,-1
2026-06-29 15:07:06.044,5.026648,True,22.00518,1.034401,-6.124442,0.04299988,-0.7277361,0.2122115,0.6507822,-0.9289452,-0.3648351,-0.06289755,False,-1,-1,0,0,0,-1
2026-06-29 15:07:06.080,5.062218,True,22.00628,1.034137,-6.123906,0.04484013,-0.7203888,0.2127872,0.6585978,-0.92981,-0.3656421,-0.04194127,False,-1,-1,0,0,0,-1
2026-06-29 15:07:06.118,5.100519,True,22.00884,1.03366,-6.122576,0.04382927,-0.7220038,0.2055437,0.6591976,-0.9338685,-0.3545909,-0.04642082,False,-1,-1,0,0,0,-1
2026-06-29 15:07:06.162,5.14359,True,22.0102,1.033469,-6.121493,0.04718149,-0.7202663,0.2090028,0.6597788,-0.9307109,-0.3633341,-0.04201944,False,-1,-1,0,0,0,-1
2026-06-29 15:07:06.206,5.18731,True,22.01131,1.033645,-6.121093,0.04697727,-0.7224363,0.2104559,0.656953,-0.9294401,-0.3658057,-0.04824222,False,-1,-1,0,0,0,-1
2026-06-29 15:07:06.249,5.231868,True,22.0118,1.033981,-6.120749,0.04192585,-0.7216301,0.2079969,0.6589609,-0.9336112,-0.3554486,-0.04501553,False,-1,-1,0,0,0,-1
2026-06-29 15:07:06.293,5.275977,True,22.01187,1.034346,-6.120464,0.04494288,-0.7164226,0.2136006,0.6626415,-0.9302628,-0.3656186,-0.03056224,False,-1,-1,0,0,0,-1
2026-06-29 15:07:06.338,5.320204,True,22.01137,1.034555,-6.120392,0.04320242,-0.7195156,0.2109354,0.6602554,-0.9319022,-0.3605919,-0.03913817,False,-1,-1,0,0,0,-1
2026-06-29 15:07:06.383,5.365423,True,22.0102,1.034378,-6.119734,0.04412602,-0.7183347,0.211408,0.6613281,-0.9314526,-0.362087,-0.03590381,False,-1,-1,0,0,0,-1
2026-06-29 15:07:06.428,5.408809,True,22.00964,1.034126,-6.119355,0.047093,-0.7186097,0.2109285,0.6609777,-0.9301035,-0.3654054,-0.03723522,False,-1,-1,0,0,0,-1
2026-06-29 15:07:06.473,5.453557,True,22.00894,1.033822,-6.118634,0.05034279,-0.7169383,0.2102793,0.6627577,-0.9291406,-0.3682447,-0.03306986,False,-1,-1,0,0,0,-1
2026-06-29 15:07:06.513,5.496882,True,22.00835,1.033355,-6.117556,0.05084721,-0.7184819,0.205641,0.6625029,-0.9310802,-0.3628715,-0.03760332,False,-1,-1,0,0,0,-1
2026-06-29 15:07:06.561,5.543958,True,22.00896,1.032805,-6.116246,0.1088629,-0.6809711,0.2680986,0.6727188,-0.857832,-0.5116029,0.04885448,False,-1,-1,0,0,0,-1
2026-06-29 15:07:06.604,5.587125,True,22.00986,1.032368,-6.114717,0.149837,-0.6576089,0.3068214,0.6715357,-0.7912692,-0.6047786,0.09019876,False,-1,-1,0,0,0,-1
2026-06-29 15:07:06.643,5.627114,True,22.0102,1.032141,-6.114083,0.1514225,-0.6646934,0.3036168,0.6656357,-0.7929384,-0.6052085,0.07050777,False,-1,-1,0,0,0,-1
2026-06-29 15:07:06.680,5.662508,True,22.01058,1.032008,-6.113502,0.1559446,-0.6627647,0.3057201,0.665552,-0.786858,-0.6128195,0.07284839,False,-1,-1,0,0,0,-1
2026-06-29 15:07:06.712,5.696705,True,22.01097,1.031883,-6.113132,0.151112,-0.6606281,0.3004633,0.6711613,-0.7959688,-0.59983,0.08147129,False,-1,-1,0,0,0,-1
2026-06-29 15:07:06.745,5.730444,True,22.01133,1.031796,-6.113042,0.1521589,-0.6636052,0.3000045,0.6681865,-0.7955273,-0.60151,0.0729517,False,-1,-1,0,0,0,-1
2026-06-29 15:07:06.782,5.765695,True,22.01184,1.031733,-6.113079,0.1533653,-0.6620023,0.3017875,0.6686976,-0.7927911,-0.604678,0.07646418,False,-1,-1,0,0,0,-1
2026-06-29 15:07:06.819,5.801158,True,22.01188,1.031964,-6.11323,0.1521112,-0.6622219,0.3005635,0.6693175,-0.7950352,-0.6017008,0.07664865,False,-1,-1,0,0,0,-1
2026-06-29 15:07:06.853,5.836915,True,22.01179,1.031845,-6.11329,0.1514735,-0.6617592,0.3003066,0.6700347,-0.7958263,-0.6004463,0.07826106,False,-1,-1,0,0,0,-1
2026-06-29 15:07:06.890,5.872322,True,22.01208,1.032059,-6.113347,0.1516257,-0.6601033,0.3008814,0.6713744,-0.7951103,-0.6008209,0.08254652,False,-1,-1,0,0,0,-1
2026-06-29 15:07:06.933,5.916653,True,22.01202,1.031888,-6.113317,0.1544008,-0.6605269,0.3035346,0.6691273,-0.7902212,-0.6076131,0.0797291,False,-1,-1,0,0,0,-1
2026-06-29 15:07:06.971,5.953691,True,22.01209,1.032167,-6.113406,0.1540955,-0.6604888,0.304149,0.6689563,-0.7899403,-0.6079403,0.08001829,False,-1,-1,0,0,0,-1
2026-06-29 15:07:07.006,5.990849,True,22.0121,1.032503,-6.113317,0.1536753,-0.66118,0.3041759,0.6683576,-0.7903208,-0.6076502,0.07844973,False,-1,-1,0,0,0,-1
2026-06-29 15:07:07.047,6.031293,True,22.01185,1.032648,-6.113367,0.1532222,-0.6616197,0.3043578,0.6679437,-0.7905805,-0.6074257,0.07756477,False,-1,-1,0,0,0,-1
2026-06-29 15:07:07.086,6.069105,True,22.01113,1.032501,-6.113358,0.152769,-0.6624432,0.3045069,0.667163,-0.7908766,-0.6072805,0.0756614,False,-1,-1,0,0,0,-1
2026-06-29 15:07:07.122,6.105702,True,22.01045,1.032311,-6.113317,0.1546375,-0.6632136,0.3056474,0.6654432,-0.7881328,-0.6112239,0.07247009,False,-1,-1,0,0,0,-1
2026-06-29 15:07:07.161,6.143645,True,22.00991,1.032236,-6.113214,0.155529,-0.662828,0.3058869,0.6655096,-0.7870882,-0.6125129,0.07293944,False,-1,-1,0,0,0,-1
2026-06-29 15:07:07.201,6.182887,True,22.00933,1.031923,-6.112946,0.156537,-0.6626766,0.3064402,0.6651694,-0.7856458,-0.6143888,0.07271167,False,-1,-1,0,0,0,-1
2026-06-29 15:07:07.237,6.220616,True,22.0089,1.031704,-6.112552,0.1588338,-0.6625901,0.3075985,0.6641756,-0.7824385,-0.6186106,0.07149225,False,-1,-1,0,0,0,-1
2026-06-29 15:07:07.275,6.256018,True,22.00852,1.031572,-6.1123,0.158648,-0.6618126,0.3073525,0.6651086,-0.7828327,-0.6178557,0.07366983,False,-1,-1,0,0,0,-1
2026-06-29 15:07:07.312,6.296186,True,22.00817,1.0316,-6.112175,0.1585689,-0.6613835,0.3070921,0.6656743,-0.7831414,-0.6173218,0.07485548,False,-1,-1,0,0,0,-1
2026-06-29 15:07:07.351,6.333934,True,22.0078,1.031626,-6.111898,0.1593273,-0.6613116,0.3073229,0.665458,-0.7822204,-0.6185237,0.07456347,False,-1,-1,0,0,0,-1
2026-06-29 15:07:07.389,6.370928,True,22.00739,1.031485,-6.111587,0.1605085,-0.6608393,0.3078589,0.6653957,-0.7806113,-0.6204938,0.07505687,False,-1,-1,0,0,0,-1
2026-06-29 15:07:07.422,6.405944,True,22.00714,1.031313,-6.111157,0.1625047,-0.6607367,0.3088071,0.6645731,-0.7778505,-0.6240729,0.07403839,False,-1,-1,0,0,0,-1
2026-06-29 15:07:07.456,6.44032,True,22.00697,1.031206,-6.110848,0.1624789,-0.6613481,0.3076892,0.6644898,-0.7789321,-0.6229104,0.07243856,False,-1,-1,0,0,0,-1
2026-06-29 15:07:07.499,6.47891,True,22.00674,1.031132,-6.110319,0.1635963,-0.6606139,0.3072029,0.6651706,-0.7783274,-0.6235238,0.07365107,False,-1,-1,0,0,0,-1
2026-06-29 15:07:07.783,6.764125,False,21.97346,1.039386,-6.12048,0,0,0,1,0,0,1,False,-1,-1,0,0,0,-1
2026-06-29 15:07:07.818,6.803628,False,21.96508,1.042101,-6.123243,0,0,0,1,0,0,1,False,-1,-1,0,0,0,-1
2026-06-29 15:07:07.863,6.844885,False,21.95893,1.043474,-6.125133,0,0,0,1,0,0,1,False,-1,-1,0,0,0,-1
2026-06-29 15:07:07.896,6.880557,False,21.95638,1.044511,-6.126434,0,0,0,1,0,0,1,False,-1,-1,0,0,0,-1
2026-06-29 15:07:07.949,6.931399,False,21.95494,1.044985,-6.128288,0,0,0,1,0,0,1,False,-1,-1,0,0,0,-1
2026-06-29 15:07:07.995,6.973088,False,21.95563,1.044097,-6.128637,0,0,0,1,0,0,1,False,-1,-1,0,0,0,-1
2026-06-29 15:07:08.033,7.01598,False,21.9571,1.042828,-6.128287,0,0,0,1,0,0,1,False,-1,-1,0,0,0,-1
2026-06-29 15:07:08.071,7.055186,False,21.96035,1.04147,-6.126805,0,0,0,1,0,0,1,False,-1,-1,0,0,0,-1
2026-06-29 15:07:08.114,7.096521,False,21.96262,1.040552,-6.125444,0,0,0,1,0,0,1,False,-1,-1,0,0,0,-1
2026-06-29 15:07:08.159,7.143847,False,21.96364,1.040249,-6.124368,0,0,0,1,0,0,1,False,-1,-1,0,0,0,-1
2026-06-29 15:07:08.204,7.185676,False,21.96423,1.04006,-6.12361,0,0,0,1,0,0,1,False,-1,-1,0,0,0,-1
2026-06-29 15:07:08.248,7.230359,False,21.96431,1.040156,-6.123593,0,0,0,1,0,0,1,False,-1,-1,0,0,0,-1
2026-06-29 15:07:08.293,7.276228,False,21.96351,1.040389,-6.1237,0,0,0,1,0,0,1,False,-1,-1,0,0,0,-1
2026-06-29 15:07:08.336,7.319454,False,21.96231,1.041307,-6.123422,0,0,0,1,0,0,1,False,-1,-1,0,0,0,-1
2026-06-29 15:07:08.380,7.363039,False,21.96103,1.042238,-6.122688,0,0,0,1,0,0,1,False,-1,-1,0,0,0,-1
2026-06-29 15:07:08.425,7.407015,False,21.95996,1.043044,-6.12174,0,0,0,1,0,0,1,False,-1,-1,0,0,0,-1
2026-06-29 15:07:08.468,7.453451,False,21.95782,1.043354,-6.119895,0,0,0,1,0,0,1,False,-1,-1,0,0,0,-1
2026-06-29 15:07:08.518,7.499048,False,21.95619,1.043605,-6.117963,0,0,0,1,0,0,1,False,-1,-1,0,0,0,-1
2026-06-29 15:07:08.558,7.540696,False,21.95457,1.043429,-6.116112,0,0,0,1,0,0,1,False,-1,-1,0,0,0,-1
2026-06-29 15:07:08.601,7.584421,False,21.95378,1.043305,-6.114912,0,0,0,1,0,0,1,False,-1,-1,0,0,0,-1
2026-06-29 15:07:08.639,7.622268,False,21.95196,1.042758,-6.1127,0,0,0,1,0,0,1,False,-1,-1,0,0,0,-1
2026-06-29 15:07:08.694,7.67619,False,21.9507,1.041813,-6.110393,0,0,0,1,0,0,1,False,-1,-1,0,0,0,-1
2026-06-29 15:07:08.728,7.712955,False,21.95021,1.041195,-6.109216,0,0,0,1,0,0,1,False,-1,-1,0,0,0,-1
2026-06-29 15:07:08.769,7.749904,False,21.95052,1.040562,-6.108179,0,0,0,1,0,0,1,False,-1,-1,0,0,0,-1
2026-06-29 15:07:08.806,7.788704,False,21.95147,1.039864,-6.106501,0,0,0,1,0,0,1,False,-1,-1,0,0,0,-1
2026-06-29 15:07:08.853,7.836667,False,21.95248,1.038848,-6.105013,0,0,0,1,0,0,1,False,-1,-1,0,0,0,-1
2026-06-29 15:07:08.890,7.872964,False,21.95349,1.03818,-6.104021,0,0,0,1,0,0,1,False,-1,-1,0,0,0,-1
2026-06-29 15:07:08.928,7.911206,False,21.95474,1.03766,-6.103304,0,0,0,1,0,0,1,False,-1,-1,0,0,0,-1
2026-06-29 15:07:08.969,7.949419,False,21.95561,1.037389,-6.102833,0,0,0,1,0,0,1,False,-1,-1,0,0,0,-1
2026-06-29 15:07:09.007,7.989655,False,21.95706,1.037482,-6.102303,0,0,0,1,0,0,1,False,-1,-1,0,0,0,-1
2026-06-29 15:07:09.044,8.028558,False,21.95773,1.037515,-6.102,0,0,0,1,0,0,1,False,-1,-1,0,0,0,-1
2026-06-29 15:07:09.082,8.0641,False,21.95872,1.037497,-6.101937,0,0,0,1,0,0,1,False,-1,-1,0,0,0,-1
2026-06-29 15:07:09.120,8.102051,False,21.9592,1.037473,-6.102089,0,0,0,1,0,0,1,False,-1,-1,0,0,0,-1
2026-06-29 15:07:09.156,8.13999,False,21.95959,1.037278,-6.102296,0,0,0,1,0,0,1,False,-1,-1,0,0,0,-1
2026-06-29 15:07:09.193,8.176641,False,21.96094,1.036981,-6.102484,0,0,0,1,0,0,1,False,-1,-1,0,0,0,-1
2026-06-29 15:07:09.237,8.220048,False,21.96298,1.035839,-6.102389,0,0,0,1,0,0,1,False,-1,-1,0,0,0,-1
2026-06-29 15:07:09.271,8.254086,False,21.96543,1.034757,-6.102129,0,0,0,1,0,0,1,False,-1,-1,0,0,0,-1
2026-06-29 15:07:09.306,8.289804,False,21.96853,1.033152,-6.101785,0,0,0,1,0,0,1,False,-1,-1,0,0,0,-1
2026-06-29 15:07:09.345,8.328138,False,21.97244,1.031253,-6.10156,0,0,0,1,0,0,1,False,-1,-1,0,0,0,-1
2026-06-29 15:07:09.379,8.362388,False,21.97746,1.02885,-6.101434,0,0,0,1,0,0,1,False,-1,-1,0,0,0,-1
2026-06-29 15:07:09.410,8.400581,False,21.9815,1.027126,-6.101191,0,0,0,1,0,0,1,False,-1,-1,0,0,0,-1
2026-06-29 15:07:09.454,8.444957,False,21.98392,1.027335,-6.100675,0,0,0,1,0,0,1,False,-1,-1,0,0,0,-1
2026-06-29 15:07:09.488,8.47863,False,21.98528,1.028052,-6.100388,0,0,0,1,0,0,1,False,-1,-1,0,0,0,-1
2026-06-29 15:07:09.533,8.523262,False,21.98712,1.028227,-6.099454,0,0,0,1,0,0,1,False,-1,-1,0,0,0,-1
2026-06-29 15:07:09.566,8.556657,False,21.98927,1.027967,-6.098798,0,0,0,1,0,0,1,False,-1,-1,0,0,0,-1
2026-06-29 15:07:09.610,8.600778,False,21.99342,1.026736,-6.097813,0,0,0,1,0,0,1,False,-1,-1,0,0,0,-1
2026-06-29 15:07:09.654,8.645145,False,21.99903,1.025131,-6.097016,0,0,0,1,0,0,1,False,-1,-1,0,0,0,-1
2026-06-29 15:07:09.698,8.689452,False,22.00311,1.023972,-6.096091,0,0,0,1,0,0,1,False,-1,-1,0,0,0,-1
2026-06-29 15:07:09.743,8.733993,False,22.00174,1.023928,-6.095625,0,0,0,1,0,0,1,False,-1,-1,0,0,0,-1
2026-06-29 15:07:09.777,8.767672,False,21.99965,1.02456,-6.095522,0,0,0,1,0,0,1,False,-1,-1,0,0,0,-1
2026-06-29 15:07:09.822,8.812824,False,21.99877,1.025691,-6.095779,0,0,0,1,0,0,1,False,-1,-1,0,0,0,-1
2026-06-29 15:07:09.866,8.856612,False,21.99888,1.026047,-6.096124,0,0,0,1,0,0,1,False,-1,-1,0,0,0,-1
2026-06-29 15:07:09.910,8.900296,False,21.99752,1.026196,-6.096474,0,0,0,1,0,0,1,False,-1,-1,0,0,0,-1
2026-06-29 15:07:09.944,8.934998,False,21.99534,1.026591,-6.097056,0,0,0,1,0,0,1,False,-1,-1,0,0,0,-1
2026-06-29 15:07:09.979,8.969883,False,21.99335,1.027703,-6.098104,0,0,0,1,0,0,1,False,-1,-1,0,0,0,-1
2026-06-29 15:07:10.015,9.005523,False,21.99172,1.028679,-6.098917,0,0,0,1,0,0,1,False,-1,-1,0,0,0,-1
2026-06-29 15:07:10.050,9.040097,False,21.99027,1.029281,-6.099798,0,0,0,1,0,0,1,False,-1,-1,0,0,0,-1
2026-06-29 15:07:10.093,9.083416,False,21.98889,1.029942,-6.101161,0,0,0,1,0,0,1,False,-1,-1,0,0,0,-1
2026-06-29 15:07:10.127,9.117716,False,21.98799,1.030342,-6.10214,0,0,0,1,0,0,1,False,-1,-1,0,0,0,-1
2026-06-29 15:07:10.170,9.160783,False,21.98645,1.030279,-6.103728,0,0,0,1,0,0,1,False,-1,-1,0,0,0,-1
2026-06-29 15:07:10.203,9.194204,False,21.9852,1.030174,-6.105195,0,0,0,1,0,0,1,False,-1,-1,0,0,0,-1
2026-06-29 15:07:10.237,9.22759,False,21.98465,1.030385,-6.107083,0,0,0,1,0,0,1,False,-1,-1,0,0,0,-1
2026-06-29 15:07:10.281,9.271997,False,21.98391,1.030831,-6.109742,0,0,0,1,0,0,1,False,-1,-1,0,0,0,-1
2026-06-29 15:07:10.325,9.316237,False,21.98302,1.031567,-6.11219,0,0,0,1,0,0,1,False,-1,-1,0,0,0,-1
2026-06-29 15:07:10.360,9.35043,False,21.98242,1.031944,-6.113785,0,0,0,1,0,0,1,False,-1,-1,0,0,0,-1
2026-06-29 15:07:10.411,9.393015,False,21.98237,1.032342,-6.1148,0,0,0,1,0,0,1,False,-1,-1,0,0,0,-1
2026-06-29 15:07:10.448,9.430758,False,21.98244,1.032543,-6.115826,0,0,0,1,0,0,1,False,-1,-1,0,0,0,-1
2026-06-29 15:07:10.486,9.469809,False,21.98321,1.032575,-6.116497,0,0,0,1,0,0,1,False,-1,-1,0,0,0,-1
2026-06-29 15:07:10.523,9.505968,False,21.98427,1.032799,-6.117561,0,0,0,1,0,0,1,False,-1,-1,0,0,0,-1
2026-06-29 15:07:10.577,9.559184,False,21.98398,1.033288,-6.117807,0,0,0,1,0,0,1,False,-1,-1,0,0,0,-1
2026-06-29 15:07:10.622,9.604778,False,21.98379,1.033481,-6.11769,0,0,0,1,0,0,1,False,-1,-1,0,0,0,-1
2026-06-29 15:07:10.662,9.645231,False,21.98382,1.033257,-6.117381,0,0,0,1,0,0,1,False,-1,-1,0,0,0,-1
2026-06-29 15:07:10.702,9.684915,False,21.98392,1.032881,-6.116783,0,0,0,1,0,0,1,False,-1,-1,0,0,0,-1
2026-06-29 15:07:10.749,9.731655,False,21.98389,1.032644,-6.116359,0,0,0,1,0,0,1,False,-1,-1,0,0,0,-1
2026-06-29 15:07:10.792,9.774863,False,21.98381,1.032711,-6.116004,0,0,0,1,0,0,1,False,-1,-1,0,0,0,-1
2026-06-29 15:07:10.835,9.819999,False,21.98384,1.032609,-6.11599,0,0,0,1,0,0,1,False,-1,-1,0,0,0,-1
2026-06-29 15:07:10.877,9.86146,False,21.98376,1.03235,-6.116107,0,0,0,1,0,0,1,False,-1,-1,0,0,0,-1
2026-06-29 15:07:10.922,9.905065,False,21.98354,1.032011,-6.116209,0,0,0,1,0,0,1,False,-1,-1,0,0,0,-1
2026-06-29 15:07:10.969,9.953546,False,21.98293,1.031725,-6.116524,0,0,0,1,0,0,1,False,-1,-1,0,0,0,-1
2026-06-29 15:07:11.009,9.991983,False,21.98273,1.03153,-6.116542,0,0,0,1,0,0,1,False,-1,-1,0,0,0,-1
2026-06-29 15:07:11.046,10.03138,False,21.9826,1.031319,-6.116323,0,0,0,1,0,0,1,False,-1,-1,0,0,0,-1
2026-06-29 15:07:11.089,10.07004,False,21.98252,1.031013,-6.11612,0,0,0,1,0,0,1,False,-1,-1,0,0,0,-1
2026-06-29 15:07:11.128,10.11266,False,21.9825,1.030887,-6.115891,0,0,0,1,0,0,1,False,-1,-1,0,0,0,-1
2026-06-29 15:07:11.162,10.1461,False,21.98256,1.030888,-6.115758,0,0,0,1,0,0,1,False,-1,-1,0,0,0,-1
2026-06-29 15:07:11.202,10.18423,False,21.98255,1.030907,-6.115739,0,0,0,1,0,0,1,False,-1,-1,0,0,0,-1
2026-06-29 15:07:11.239,10.22186,False,21.98249,1.030852,-6.11559,0,0,0,1,0,0,1,False,-1,-1,0,0,0,-1
2026-06-29 15:07:11.275,10.25812,False,21.98219,1.030633,-6.115703,0,0,0,1,0,0,1,False,-1,-1,0,0,0,-1
2026-06-29 15:07:11.311,10.29492,False,21.98239,1.030639,-6.115794,0,0,0,1,0,0,1,False,-1,-1,0,0,0,-1
2026-06-29 15:07:11.346,10.32892,False,21.98233,1.030748,-6.116296,0,0,0,1,0,0,1,False,-1,-1,0,0,0,-1
2026-06-29 15:07:11.390,10.37254,False,21.98238,1.030991,-6.116544,0,0,0,1,0,0,1,False,-1,-1,0,0,0,-1
2026-06-29 15:07:11.431,10.41197,False,21.98261,1.031006,-6.116468,0,0,0,1,0,0,1,False,-1,-1,0,0,0,-1
2026-06-29 15:07:11.471,10.45225,False,21.98275,1.031105,-6.116536,0,0,0,1,0,0,1,False,-1,-1,0,0,0,-1
2026-06-29 15:07:11.506,10.48801,False,21.98286,1.031056,-6.116376,0,0,0,1,0,0,1,False,-1,-1,0,0,0,-1
2026-06-29 15:07:11.541,10.52361,False,21.98282,1.030802,-6.116191,0,0,0,1,0,0,1,False,-1,-1,0,0,0,-1
2026-06-29 15:07:11.579,10.56179,False,21.98288,1.030528,-6.11599,0,0,0,1,0,0,1,False,-1,-1,0,0,0,-1
2026-06-29 15:07:11.612,10.59576,False,21.98328,1.030587,-6.115966,0,0,0,1,0,0,1,False,-1,-1,0,0,0,-1
2026-06-29 15:07:11.650,10.63191,False,21.98347,1.030821,-6.116182,0,0,0,1,0,0,1,False,-1,-1,0,0,0,-1
2026-06-29 15:07:11.689,10.67234,False,21.98363,1.030838,-6.116231,0,0,0,1,0,0,1,False,-1,-1,0,0,0,-1
2026-06-29 15:07:11.725,10.70793,False,21.98382,1.030818,-6.116412,0,0,0,1,0,0,1,False,-1,-1,0,0,0,-1
2026-06-29 15:07:11.762,10.74436,False,21.98395,1.030791,-6.116621,0,0,0,1,0,0,1,False,-1,-1,0,0,0,-1
2026-06-29 15:07:11.794,10.77905,False,21.98421,1.030863,-6.116924,0,0,0,1,0,0,1,False,-1,-1,0,0,0,-1
2026-06-29 15:07:11.833,10.81543,False,21.98454,1.030912,-6.117042,0,0,0,1,0,0,1,False,-1,-1,0,0,0,-1
2026-06-29 15:07:11.869,10.85318,False,21.98493,1.031015,-6.117229,0,0,0,1,0,0,1,False,-1,-1,0,0,0,-1
2026-06-29 15:07:11.903,10.88799,False,21.98526,1.031047,-6.117471,0,0,0,1,0,0,1,False,-1,-1,0,0,0,-1
2026-06-29 15:07:11.948,10.93295,False,21.98539,1.031096,-6.117701,0,0,0,1,0,0,1,False,-1,-1,0,0,0,-1
2026-06-29 15:07:11.984,10.96885,False,21.98558,1.031203,-6.117922,0,0,0,1,0,0,1,False,-1,-1,0,0,0,-1
2026-06-29 15:07:12.019,11.00277,False,21.98567,1.031419,-6.11829,0,0,0,1,0,0,1,False,-1,-1,0,0,0,-1
2026-06-29 15:07:12.053,11.0375,False,21.98571,1.031842,-6.118577,0,0,0,1,0,0,1,False,-1,-1,0,0,0,-1
2026-06-29 15:07:12.090,11.07305,False,21.98517,1.032897,-6.119407,0,0,0,1,0,0,1,False,-1,-1,0,0,0,-1
2026-06-29 15:07:12.130,11.11375,False,21.98489,1.03491,-6.120547,0,0,0,1,0,0,1,False,-1,-1,0,0,0,-1
2026-06-29 15:07:12.170,11.1527,False,21.98436,1.037531,-6.12175,0,0,0,1,0,0,1,False,-1,-1,0,0,0,-1
2026-06-29 15:07:12.204,11.18764,False,21.98467,1.038511,-6.122807,0,0,0,1,0,0,1,False,-1,-1,0,0,0,-1
2026-06-29 15:07:12.256,11.2381,False,21.98483,1.039653,-6.124189,0,0,0,1,0,0,1,False,-1,-1,0,0,0,-1
2026-06-29 15:07:12.291,11.27364,False,21.98548,1.041389,-6.125763,0,0,0,1,0,0,1,False,-1,-1,0,0,0,-1
2026-06-29 15:07:12.328,11.31113,False,21.98574,1.042332,-6.12685,0,0,0,1,0,0,1,False,-1,-1,0,0,0,-1
2026-06-29 15:07:12.365,11.34749,False,21.98636,1.042745,-6.127913,0,0,0,1,0,0,1,False,-1,-1,0,0,0,-1
2026-06-29 15:07:12.402,11.38598,False,21.98783,1.043032,-6.129242,0,0,0,1,0,0,1,False,-1,-1,0,0,0,-1
2026-06-29 15:07:12.441,11.42659,False,21.98889,1.042546,-6.129373,0,0,0,1,0,0,1,False,-1,-1,0,0,0,-1
2026-06-29 15:07:12.488,11.47101,False,21.98997,1.042015,-6.129611,0,0,0,1,0,0,1,False,-1,-1,0,0,0,-1
2026-06-29 15:07:12.525,11.5073,False,21.99141,1.041961,-6.130122,0,0,0,1,0,0,1,False,-1,-1,0,0,0,-1
2026-06-29 15:07:12.563,11.5455,False,21.99232,1.042026,-6.130593,0,0,0,1,0,0,1,False,-1,-1,0,0,0,-1
2026-06-29 15:07:12.603,11.58586,False,21.99344,1.042009,-6.131129,0,0,0,1,0,0,1,False,-1,-1,0,0,0,-1
2026-06-29 15:07:12.637,11.62021,False,21.99418,1.041741,-6.131256,0,0,0,1,0,0,1,False,-1,-1,0,0,0,-1
2026-06-29 15:07:12.675,11.6553,False,21.99489,1.041626,-6.131396,0,0,0,1,0,0,1,False,-1,-1,0,0,0,-1
2026-06-29 15:07:12.714,11.69816,False,21.99553,1.041744,-6.13155,0,0,0,1,0,0,1,False,-1,-1,0,0,0,-1
2026-06-29 15:07:12.753,11.7335,False,21.9961,1.041459,-6.13146,0,0,0,1,0,0,1,False,-1,-1,0,0,0,-1
2026-06-29 15:07:12.788,11.7704,False,21.99656,1.041448,-6.131466,0,0,0,1,0,0,1,False,-1,-1,0,0,0,-1
2026-06-29 15:07:12.821,11.80512,False,21.9971,1.041289,-6.131256,0,0,0,1,0,0,1,False,-1,-1,0,0,0,-1
2026-06-29 15:07:12.860,11.84318,False,21.99762,1.04085,-6.130737,0,0,0,1,0,0,1,False,-1,-1,0,0,0,-1
2026-06-29 15:07:12.899,11.88199,False,21.9977,1.04068,-6.130196,0,0,0,1,0,0,1,False,-1,-1,0,0,0,-1
2026-06-29 15:07:12.937,11.92075,False,21.99751,1.040217,-6.129553,0,0,0,1,0,0,1,False,-1,-1,0,0,0,-1
2026-06-29 15:07:12.973,11.95596,False,21.99739,1.040185,-6.129247,0,0,0,1,0,0,1,False,-1,-1,0,0,0,-1
2026-06-29 15:07:13.011,11.99278,False,21.99732,1.040314,-6.129252,0,0,0,1,0,0,1,False,-1,-1,0,0,0,-1
2026-06-29 15:07:13.048,12.02886,False,21.99715,1.040207,-6.12909,0,0,0,1,0,0,1,False,-1,-1,0,0,0,-1
2026-06-29 15:07:13.086,12.07044,False,21.99716,1.039894,-6.128943,0,0,0,1,0,0,1,False,-1,-1,0,0,0,-1
2026-06-29 15:07:13.135,12.11707,False,21.99704,1.039698,-6.128922,0,0,0,1,0,0,1,False,-1,-1,0,0,0,-1
2026-06-29 15:07:13.173,12.15539,False,21.9969,1.039608,-6.128871,0,0,0,1,0,0,1,False,-1,-1,0,0,0,-1
2026-06-29 15:07:13.212,12.19503,False,21.99677,1.039505,-6.128614,0,0,0,1,0,0,1,False,-1,-1,0,0,0,-1
2026-06-29 15:07:13.250,12.2327,False,21.99662,1.039352,-6.128387,0,0,0,1,0,0,1,False,-1,-1,0,0,0,-1
2026-06-29 15:07:13.286,12.26926,False,21.99675,1.03943,-6.128075,0,0,0,1,0,0,1,False,-1,-1,0,0,0,-1
2026-06-29 15:07:13.325,12.3067,False,21.99657,1.039398,-6.127609,0,0,0,1,0,0,1,False,-1,-1,0,0,0,-1
2026-06-29 15:07:13.367,12.34939,False,21.99639,1.039417,-6.127323,0,0,0,1,0,0,1,False,-1,-1,0,0,0,-1
2026-06-29 15:07:13.403,12.38548,False,21.99632,1.039445,-6.126876,0,0,0,1,0,0,1,False,-1,-1,0,0,0,-1
2026-06-29 15:07:13.453,12.43704,False,21.996,1.039392,-6.126749,0,0,0,1,0,0,1,False,-1,-1,0,0,0,-1
2026-06-29 15:07:13.493,12.47462,False,21.99601,1.039322,-6.126603,0,0,0,1,0,0,1,False,-1,-1,0,0,0,-1
2026-06-29 15:07:13.532,12.51558,False,21.99591,1.039295,-6.126513,0,0,0,1,0,0,1,False,-1,-1,0,0,0,-1
2026-06-29 15:07:13.585,12.56818,False,21.99574,1.039161,-6.126072,0,0,0,1,0,0,1,False,-1,-1,0,0,0,-1
2026-06-29 15:07:13.620,12.60312,False,21.99553,1.038992,-6.125882,0,0,0,1,0,0,1,False,-1,-1,0,0,0,-1
2026-06-29 15:07:13.659,12.64244,False,21.99538,1.038951,-6.125801,0,0,0,1,0,0,1,False,-1,-1,0,0,0,-1
2026-06-29 15:07:13.695,12.67779,False,21.99514,1.039095,-6.125858,0,0,0,1,0,0,1,False,-1,-1,0,0,0,-1
2026-06-29 15:07:13.732,12.71582,False,21.99499,1.03911,-6.125651,0,0,0,1,0,0,1,False,-1,-1,0,0,0,-1
2026-06-29 15:07:13.770,12.75308,False,21.99485,1.039024,-6.125272,0,0,0,1,0,0,1,False,-1,-1,0,0,0,-1
2026-06-29 15:07:13.822,12.80643,False,21.99471,1.039061,-6.125138,0,0,0,1,0,0,1,False,-1,-1,0,0,0,-1
2026-06-29 15:07:13.860,12.84353,False,21.99459,1.038831,-6.125103,0,0,0,1,0,0,1,False,-1,-1,0,0,0,-1
2026-06-29 15:07:13.893,12.87708,False,21.99461,1.038839,-6.125067,0,0,0,1,0,0,1,False,-1,-1,0,0,0,-1
2026-06-29 15:07:13.930,12.91136,False,21.99454,1.038961,-6.125003,0,0,0,1,0,0,1,False,-1,-1,0,0,0,-1
2026-06-29 15:07:13.969,12.95229,False,21.99459,1.039031,-6.125042,0,0,0,1,0,0,1,False,-1,-1,0,0,0,-1
2026-06-29 15:07:14.005,12.98814,False,21.99442,1.039121,-6.125232,0,0,0,1,0,0,1,False,-1,-1,0,0,0,-1
2026-06-29 15:07:14.042,13.02616,False,21.99431,1.039097,-6.125311,0,0,0,1,0,0,1,False,-1,-1,0,0,0,-1
2026-06-29 15:07:14.078,13.06207,False,21.99427,1.039091,-6.125192,0,0,0,1,0,0,1,False,-1,-1,0,0,0,-1
2026-06-29 15:07:14.115,13.09859,False,21.99395,1.039381,-6.125106,0,0,0,1,0,0,1,False,-1,-1,0,0,0,-1
2026-06-29 15:07:14.154,13.13553,False,21.99384,1.039183,-6.124979,0,0,0,1,0,0,1,False,-1,-1,0,0,0,-1
2026-06-29 15:07:14.186,13.17014,False,21.99386,1.039123,-6.124831,0,0,0,1,0,0,1,False,-1,-1,0,0,0,-1
2026-06-29 15:07:14.231,13.21371,False,21.99393,1.039003,-6.124544,0,0,0,1,0,0,1,False,-1,-1,0,0,0,-1
2026-06-29 15:07:14.266,13.25166,False,21.99382,1.038791,-6.124362,0,0,0,1,0,0,1,False,-1,-1,0,0,0,-1
2026-06-29 15:07:14.319,13.30274,False,21.99366,1.038703,-6.124468,0,0,0,1,0,0,1,False,-1,-1,0,0,0,-1
2026-06-29 15:07:14.354,13.33891,False,21.99362,1.038655,-6.124547,0,0,0,1,0,0,1,False,-1,-1,0,0,0,-1
2026-06-29 15:07:14.390,13.37383,False,21.99369,1.038612,-6.124527,0,0,0,1,0,0,1,False,-1,-1,0,0,0,-1
2026-06-29 15:07:14.428,13.41031,False,21.9937,1.038586,-6.124614,0,0,0,1,0,0,1,False,-1,-1,0,0,0,-1
2026-06-29 15:07:14.465,13.44761,False,21.99358,1.038331,-6.12445,0,0,0,1,0,0,1,False,-1,-1,0,0,0,-1
2026-06-29 15:07:14.501,13.48521,False,21.99362,1.038388,-6.124273,0,0,0,1,0,0,1,False,-1,-1,0,0,0,-1
2026-06-29 15:07:14.539,13.52124,False,21.9934,1.038012,-6.124085,0,0,0,1,0,0,1,False,-1,-1,0,0,0,-1
2026-06-29 15:07:14.576,13.55886,False,21.99323,1.037783,-6.123968,0,0,0,1,0,0,1,False,-1,-1,0,0,0,-1
2026-06-29 15:07:14.613,13.59643,False,21.99332,1.037675,-6.123513,0,0,0,1,0,0,1,False,-1,-1,0,0,0,-1
2026-06-29 15:07:14.657,13.63877,False,21.99351,1.037977,-6.123081,0,0,0,1,0,0,1,False,-1,-1,0,0,0,-1
2026-06-29 15:07:14.693,13.6764,False,21.99342,1.038067,-6.122707,0,0,0,1,0,0,1,False,-1,-1,0,0,0,-1
2026-06-29 15:07:14.733,13.71567,False,21.99376,1.038391,-6.122849,0,0,0,1,0,0,1,False,-1,-1,0,0,0,-1
2026-06-29 15:07:14.771,13.75223,False,21.99397,1.038496,-6.122969,0,0,0,1,0,0,1,False,-1,-1,0,0,0,-1
2026-06-29 15:07:14.810,13.79338,False,21.99395,1.038379,-6.123369,0,0,0,1,0,0,1,False,-1,-1,0,0,0,-1
2026-06-29 15:07:14.843,13.82878,False,21.99408,1.038503,-6.123813,0,0,0,1,0,0,1,False,-1,-1,0,0,0,-1
2026-06-29 15:07:14.893,13.87807,False,21.99382,1.038429,-6.124156,0,0,0,1,0,0,1,False,-1,-1,0,0,0,-1
2026-06-29 15:07:14.928,13.91204,False,21.99376,1.03835,-6.124419,0,0,0,1,0,0,1,False,-1,-1,0,0,0,-1
2026-06-29 15:07:14.965,13.94704,False,21.99396,1.038218,-6.12453,0,0,0,1,0,0,1,False,-1,-1,0,0,0,-1
2026-06-29 15:07:15.009,13.98438,False,21.99421,1.038323,-6.124879,0,0,0,1,0,0,1,False,-1,-1,0,0,0,-1
2026-06-29 15:07:15.047,14.03002,False,21.99426,1.038361,-6.125179,0,0,0,1,0,0,1,False,-1,-1,0,0,0,-1
2026-06-29 15:07:15.084,14.06489,False,21.99441,1.038414,-6.125329,0,0,0,1,0,0,1,False,-1,-1,0,0,0,-1
2026-06-29 15:07:15.118,14.10342,False,21.99447,1.038498,-6.12551,0,0,0,1,0,0,1,False,-1,-1,0,0,0,-1
2026-06-29 15:07:15.160,14.143,False,21.99454,1.038666,-6.125662,0,0,0,1,0,0,1,False,-1,-1,0,0,0,-1
2026-06-29 15:07:15.194,14.17792,False,21.99442,1.038714,-6.125654,0,0,0,1,0,0,1,False,-1,-1,0,0,0,-1
2026-06-29 15:07:15.227,14.21132,False,21.99425,1.038841,-6.12569,0,0,0,1,0,0,1,False,-1,-1,0,0,0,-1
2026-06-29 15:07:15.271,14.25383,False,21.99434,1.038864,-6.125839,0,0,0,1,0,0,1,False,-1,-1,0,0,0,-1
2026-06-29 15:07:15.309,14.29287,False,21.99426,1.039001,-6.125974,0,0,0,1,0,0,1,False,-1,-1,0,0,0,-1
2026-06-29 15:07:15.343,14.32797,False,21.99423,1.039123,-6.126058,0,0,0,1,0,0,1,False,-1,-1,0,0,0,-1
2026-06-29 15:07:15.380,14.36285,False,21.99434,1.039224,-6.126059,0,0,0,1,0,0,1,False,-1,-1,0,0,0,-1
2026-06-29 15:07:15.420,14.40147,False,21.99439,1.039261,-6.126137,0,0,0,1,0,0,1,False,-1,-1,0,0,0,-1
2026-06-29 15:07:15.454,14.43607,False,21.99435,1.039378,-6.126327,0,0,0,1,0,0,1,False,-1,-1,0,0,0,-1
2026-06-29 15:07:15.488,14.4703,False,21.99435,1.039277,-6.126511,0,0,0,1,0,0,1,False,-1,-1,0,0,0,-1
2026-06-29 15:07:15.524,14.50789,False,21.99442,1.039263,-6.126545,0,0,0,1,0,0,1,False,-1,-1,0,0,0,-1
2026-06-29 15:07:15.559,14.54349,False,21.99439,1.039259,-6.12671,0,0,0,1,0,0,1,False,-1,-1,0,0,0,-1
2026-06-29 15:07:15.596,14.57897,False,21.99425,1.039252,-6.126733,0,0,0,1,0,0,1,False,-1,-1,0,0,0,-1
2026-06-29 15:07:15.635,14.61747,False,21.99431,1.039183,-6.126542,0,0,0,1,0,0,1,False,-1,-1,0,0,0,-1
2026-06-29 15:07:15.668,14.65133,False,21.99442,1.038842,-6.12615,0,0,0,1,0,0,1,False,-1,-1,0,0,0,-1
2026-06-29 15:07:15.706,14.68644,False,21.9945,1.037933,-6.125347,0,0,0,1,0,0,1,False,-1,-1,0,0,0,-1
2026-06-29 15:07:15.744,14.72819,False,21.99479,1.036309,-6.124658,0,0,0,1,0,0,1,False,-1,-1,0,0,0,-1
2026-06-29 15:07:15.784,14.76559,False,21.99467,1.035545,-6.124151,0,0,0,1,0,0,1,False,-1,-1,0,0,0,-1
2026-06-29 15:07:15.827,14.81185,False,21.99471,1.035259,-6.123519,0,0,0,1,0,0,1,False,-1,-1,0,0,0,-1
2026-06-29 15:07:15.867,14.8485,False,21.99479,1.035073,-6.122933,0,0,0,1,0,0,1,False,-1,-1,0,0,0,-1
2026-06-29 15:07:15.903,14.88719,False,21.99467,1.035242,-6.122136,0,0,0,1,0,0,1,False,-1,-1,0,0,0,-1
2026-06-29 15:07:15.942,14.92451,False,21.99451,1.035277,-6.1218,0,0,0,1,0,0,1,False,-1,-1,0,0,0,-1
2026-06-29 15:07:15.984,14.9663,False,21.99433,1.035235,-6.121234,0,0,0,1,0,0,1,False,-1,-1,0,0,0,-1
2026-06-29 15:07:16.022,15.00433,False,21.99461,1.035468,-6.120842,0,0,0,1,0,0,1,False,-1,-1,0,0,0,-1
2026-06-29 15:07:16.067,15.04714,False,21.9947,1.035237,-6.120493,0,0,0,1,0,0,1,False,-1,-1,0,0,0,-1
2026-06-29 15:07:16.104,15.08692,False,21.99479,1.03495,-6.120181,0,0,0,1,0,0,1,False,-1,-1,0,0,0,-1
2026-06-29 15:07:16.145,15.12683,False,21.99487,1.034871,-6.120171,0,0,0,1,0,0,1,False,-1,-1,0,0,0,-1
2026-06-29 15:07:16.181,15.1619,False,21.99495,1.034603,-6.120204,0,0,0,1,0,0,1,False,-1,-1,0,0,0,-1
2026-06-29 15:07:16.217,15.20163,False,21.99472,1.034573,-6.120493,0,0,0,1,0,0,1,False,-1,-1,0,0,0,-1
2026-06-29 15:07:16.254,15.2373,False,21.99465,1.034517,-6.120787,0,0,0,1,0,0,1,False,-1,-1,0,0,0,-1
2026-06-29 15:07:16.294,15.27829,False,21.99424,1.034883,-6.12181,0,0,0,1,0,0,1,False,-1,-1,0,0,0,-1
2026-06-29 15:07:16.334,15.31951,False,21.99328,1.035623,-6.122992,0,0,0,1,0,0,1,False,-1,-1,0,0,0,-1
2026-06-29 15:07:16.369,15.35324,False,21.99278,1.036282,-6.124144,0,0,0,1,0,0,1,False,-1,-1,0,0,0,-1
2026-06-29 15:07:16.408,15.39299,False,21.99242,1.036981,-6.125378,0,0,0,1,0,0,1,False,-1,-1,0,0,0,-1
2026-06-29 15:07:16.451,15.43473,False,21.99195,1.037371,-6.126698,0,0,0,1,0,0,1,False,-1,-1,0,0,0,-1
2026-06-29 15:07:16.494,15.47515,False,21.99122,1.037497,-6.12772,0,0,0,1,0,0,1,False,-1,-1,0,0,0,-1
2026-06-29 15:07:16.534,15.51682,False,21.99095,1.037973,-6.128719,0,0,0,1,0,0,1,False,-1,-1,0,0,0,-1
2026-06-29 15:07:16.571,15.55382,False,21.99093,1.03796,-6.12923,0,0,0,1,0,0,1,False,-1,-1,0,0,0,-1
2026-06-29 15:07:16.605,15.5877,False,21.99116,1.038088,-6.129768,0,0,0,1,0,0,1,False,-1,-1,0,0,0,-1
2026-06-29 15:07:16.644,15.62634,False,21.99149,1.038391,-6.130404,0,0,0,1,0,0,1,False,-1,-1,0,0,0,-1
2026-06-29 15:07:16.677,15.66128,False,21.99191,1.038833,-6.131453,0,0,0,1,0,0,1,False,-1,-1,0,0,0,-1
2026-06-29 15:07:16.712,15.69561,False,21.99223,1.038944,-6.132056,0,0,0,1,0,0,1,False,-1,-1,0,0,0,-1
2026-06-29 15:07:16.752,15.73662,False,21.99271,1.03903,-6.132908,0,0,0,1,0,0,1,False,-1,-1,0,0,0,-1
2026-06-29 15:07:16.804,15.78706,False,21.99329,1.039174,-6.134006,0,0,0,1,0,0,1,False,-1,-1,0,0,0,-1
2026-06-29 15:07:16.855,15.83784,False,21.9937,1.038965,-6.134387,0,0,0,1,0,0,1,False,-1,-1,0,0,0,-1
2026-06-29 15:07:16.894,15.8762,False,21.99418,1.039044,-6.134842,0,0,0,1,0,0,1,False,-1,-1,0,0,0,-1
2026-06-29 15:07:16.928,15.9111,False,21.99462,1.038957,-6.13541,0,0,0,1,0,0,1,False,-1,-1,0,0,0,-1
2026-06-29 15:07:16.963,15.9458,False,21.99499,1.03882,-6.136026,0,0,0,1,0,0,1,False,-1,-1,0,0,0,-1
2026-06-29 15:07:17.002,15.9834,False,21.99527,1.038783,-6.137058,0,0,0,1,0,0,1,False,-1,-1,0,0,0,-1
2026-06-29 15:07:17.038,16.02035,False,21.99592,1.038735,-6.137925,0,0,0,1,0,0,1,False,-1,-1,0,0,0,-1
2026-06-29 15:07:17.073,16.0563,False,21.99696,1.038604,-6.138734,0,0,0,1,0,0,1,False,-1,-1,0,0,0,-1
2026-06-29 15:07:17.109,16.09417,False,21.99793,1.038085,-6.139611,0,0,0,1,0,0,1,False,-1,-1,0,0,0,-1
2026-06-29 15:07:17.161,16.14389,False,21.99929,1.036182,-6.140905,0,0,0,1,0,0,1,False,-1,-1,0,0,0,-1
2026-06-29 15:07:17.198,16.18152,False,21.99932,1.034743,-6.141081,0,0,0,1,0,0,1,False,-1,-1,0,0,0,-1
2026-06-29 15:07:17.234,16.21651,False,21.99923,1.033557,-6.141311,0,0,0,1,0,0,1,False,-1,-1,0,0,0,-1
2026-06-29 15:07:17.269,16.25252,False,21.99906,1.033139,-6.14147,0,0,0,1,0,0,1,False,-1,-1,0,0,0,-1
2026-06-29 15:07:17.306,16.28829,False,21.9986,1.033244,-6.141312,0,0,0,1,0,0,1,False,-1,-1,0,0,0,-1
2026-06-29 15:07:17.349,16.33041,False,21.99788,1.033691,-6.140821,0,0,0,1,0,0,1,False,-1,-1,0,0,0,-1
2026-06-29 15:07:17.397,16.37943,False,21.99726,1.034275,-6.140262,0,0,0,1,0,0,1,False,-1,-1,0,0,0,-1
2026-06-29 15:07:17.432,16.41676,False,21.99632,1.034476,-6.139704,0,0,0,1,0,0,1,False,-1,-1,0,0,0,-1
2026-06-29 15:07:17.468,16.4514,False,21.99588,1.034783,-6.139598,0,0,0,1,0,0,1,False,-1,-1,0,0,0,-1
2026-06-29 15:07:17.503,16.48665,False,21.99545,1.035064,-6.139507,0,0,0,1,0,0,1,False,-1,-1,0,0,0,-1
2026-06-29 15:07:17.539,16.52388,False,21.99487,1.035366,-6.13979,0,0,0,1,0,0,1,False,-1,-1,0,0,0,-1
2026-06-29 15:07:17.576,16.55997,False,21.99438,1.035579,-6.139867,0,0,0,1,0,0,1,False,-1,-1,0,0,0,-1
2026-06-29 15:07:17.614,16.59731,False,21.99435,1.035872,-6.140008,0,0,0,1,0,0,1,False,-1,-1,0,0,0,-1
2026-06-29 15:07:17.651,16.63532,False,21.99426,1.036079,-6.140038,0,0,0,1,0,0,1,False,-1,-1,0,0,0,-1
2026-06-29 15:07:17.689,16.66904,False,21.99434,1.036239,-6.140079,0,0,0,1,0,0,1,False,-1,-1,0,0,0,-1
2026-06-29 15:07:17.727,16.71191,False,21.99471,1.036421,-6.139921,0,0,0,1,0,0,1,False,-1,-1,0,0,0,-1
2026-06-29 15:07:17.764,16.74737,False,21.9951,1.03643,-6.139786,0,0,0,1,0,0,1,False,-1,-1,0,0,0,-1
2026-06-29 15:07:17.801,16.78508,False,21.99574,1.036446,-6.139624,0,0,0,1,0,0,1,False,-1,-1,0,0,0,-1
2026-06-29 15:07:17.836,16.81887,False,21.996,1.03671,-6.140019,0,0,0,1,0,0,1,False,-1,-1,0,0,0,-1
2026-06-29 15:07:17.876,16.85786,False,21.99623,1.036976,-6.140519,0,0,0,1,0,0,1,False,-1,-1,0,0,0,-1
2026-06-29 15:07:17.917,16.8984,False,21.99682,1.037144,-6.140856,0,0,0,1,0,0,1,False,-1,-1,0,0,0,-1
2026-06-29 15:07:17.949,16.93384,False,21.9972,1.037313,-6.14115,0,0,0,1,0,0,1,False,-1,-1,0,0,0,-1
2026-06-29 15:07:17.983,16.96868,False,21.99752,1.037318,-6.141428,0,0,0,1,0,0,1,False,-1,-1,0,0,0,-1
2026-06-29 15:07:18.042,17.02222,False,21.99812,1.037369,-6.141618,0,0,0,1,0,0,1,False,-1,-1,0,0,0,-1
2026-06-29 15:07:18.077,17.06007,False,21.99829,1.037586,-6.141989,0,0,0,1,0,0,1,False,-1,-1,0,0,0,-1
2026-06-29 15:07:18.110,17.09505,False,21.99858,1.037755,-6.142292,0,0,0,1,0,0,1,False,-1,-1,0,0,0,-1
2026-06-29 15:07:18.160,17.14489,False,21.99862,1.037681,-6.142417,0,0,0,1,0,0,1,False,-1,-1,0,0,0,-1
2026-06-29 15:07:18.200,17.18341,False,21.99857,1.03767,-6.142464,0,0,0,1,0,0,1,False,-1,-1,0,0,0,-1
2026-06-29 15:07:18.233,17.21745,False,21.99855,1.037774,-6.142614,0,0,0,1,0,0,1,False,-1,-1,0,0,0,-1
2026-06-29 15:07:18.270,17.25454,False,21.99846,1.037777,-6.142849,0,0,0,1,0,0,1,False,-1,-1,0,0,0,-1
2026-06-29 15:07:18.323,17.30517,False,21.99878,1.037938,-6.143366,0,0,0,1,0,0,1,False,-1,-1,0,0,0,-1
2026-06-29 15:07:18.363,17.34499,False,21.99897,1.038154,-6.143489,0,0,0,1,0,0,1,False,-1,-1,0,0,0,-1
2026-06-29 15:07:18.407,17.38996,False,21.99888,1.03815,-6.14331,0,0,0,1,0,0,1,False,-1,-1,0,0,0,-1
2026-06-29 15:07:18.442,17.4262,False,21.99877,1.038095,-6.143096,0,0,0,1,0,0,1,False,-1,-1,0,0,0,-1
2026-06-29 15:07:18.476,17.45992,False,21.99855,1.038029,-6.142956,0,0,0,1,0,0,1,False,-1,-1,0,0,0,-1
2026-06-29 15:07:18.512,17.49545,False,21.99833,1.037969,-6.142876,0,0,0,1,0,0,1,False,-1,-1,0,0,0,-1
2026-06-29 15:07:18.552,17.53584,False,21.99828,1.038028,-6.143113,0,0,0,1,0,0,1,False,-1,-1,0,0,0,-1
2026-06-29 15:07:18.588,17.57059,False,21.99809,1.038381,-6.143521,0,0,0,1,0,0,1,False,-1,-1,0,0,0,-1
2026-06-29 15:07:18.627,17.60992,False,21.99785,1.038843,-6.144339,0,0,0,1,0,0,1,False,-1,-1,0,0,0,-1
2026-06-29 15:07:18.667,17.65018,False,21.99756,1.039208,-6.144938,0,0,0,1,0,0,1,False,-1,-1,0,0,0,-1
2026-06-29 15:07:18.705,17.68632,False,21.99768,1.039472,-6.145489,0,0,0,1,0,0,1,False,-1,-1,0,0,0,-1
2026-06-29 15:07:18.748,17.72472,False,21.99752,1.039644,-6.145746,0,0,0,1,0,0,1,False,-1,-1,0,0,0,-1
2026-06-29 15:07:18.785,17.76899,False,21.99713,1.039663,-6.145766,0,0,0,1,0,0,1,False,-1,-1,0,0,0,-1
2026-06-29 15:07:18.821,17.80454,False,21.99672,1.03965,-6.145345,0,0,0,1,0,0,1,False,-1,-1,0,0,0,-1
2026-06-29 15:07:18.859,17.84208,False,21.99643,1.039637,-6.144673,0,0,0,1,0,0,1,False,-1,-1,0,0,0,-1
2026-06-29 15:07:18.896,17.87743,False,21.99624,1.03959,-6.143854,0,0,0,1,0,0,1,False,-1,-1,0,0,0,-1
2026-06-29 15:07:18.934,17.91701,False,21.99598,1.039227,-6.142983,0,0,0,1,0,0,1,False,-1,-1,0,0,0,-1
2026-06-29 15:07:18.968,17.95182,False,21.996,1.03905,-6.142456,0,0,0,1,0,0,1,False,-1,-1,0,0,0,-1
2026-06-29 15:07:19.007,17.98961,False,21.99588,1.038993,-6.141959,0,0,0,1,0,0,1,False,-1,-1,0,0,0,-1
2026-06-29 15:07:19.043,18.02582,False,21.99565,1.038746,-6.141685,0,0,0,1,0,0,1,False,-1,-1,0,0,0,-1
2026-06-29 15:07:19.077,18.06019,False,21.99567,1.03863,-6.141639,0,0,0,1,0,0,1,False,-1,-1,0,0,0,-1
2026-06-29 15:07:19.115,18.09826,False,21.99589,1.038616,-6.14182,0,0,0,1,0,0,1,False,-1,-1,0,0,0,-1
2026-06-29 15:07:19.151,18.13401,False,21.996,1.038681,-6.141783,0,0,0,1,0,0,1,False,-1,-1,0,0,0,-1
2026-06-29 15:07:19.188,18.17143,False,21.99634,1.038737,-6.141787,0,0,0,1,0,0,1,False,-1,-1,0,0,0,-1
2026-06-29 15:07:19.228,18.20852,False,21.99659,1.038611,-6.141949,0,0,0,1,0,0,1,False,-1,-1,0,0,0,-1
2026-06-29 15:07:19.264,18.24707,False,21.99669,1.038644,-6.141914,0,0,0,1,0,0,1,False,-1,-1,0,0,0,-1
2026-06-29 15:07:19.299,18.28105,False,21.99667,1.038502,-6.141795,0,0,0,1,0,0,1,False,-1,-1,0,0,0,-1
2026-06-29 15:07:19.333,18.31644,False,21.99653,1.038583,-6.141715,0,0,0,1,0,0,1,False,-1,-1,0,0,0,-1
2026-06-29 15:07:19.371,18.35217,False,21.99624,1.0385,-6.141796,0,0,0,1,0,0,1,False,-1,-1,0,0,0,-1
2026-06-29 15:07:19.411,18.39442,False,21.99624,1.038452,-6.141586,0,0,0,1,0,0,1,False,-1,-1,0,0,0,-1
2026-06-29 15:07:19.450,18.43142,False,21.9963,1.038378,-6.141541,0,0,0,1,0,0,1,False,-1,-1,0,0,0,-1
2026-06-29 15:07:19.667,18.64993,False,21.99612,1.038476,-6.141613,0,0,0,1,0,0,1,False,-1,-1,0,0,0,-1
2026-06-29 15:07:19.708,18.69041,False,21.99633,1.03854,-6.141573,0,0,0,1,0,0,1,False,-1,-1,0,0,0,-1
2026-06-29 15:07:19.742,18.72545,False,21.99638,1.038514,-6.141417,0,0,0,1,0,0,1,False,-1,-1,0,0,0,-1
2026-06-29 15:07:19.778,18.7604,False,21.99666,1.038407,-6.141295,0,0,0,1,0,0,1,False,-1,-1,0,0,0,-1
2026-06-29 15:07:19.826,18.80925,False,21.9966,1.038224,-6.141212,0,0,0,1,0,0,1,False,-1,-1,0,0,0,-1
2026-06-29 15:07:19.864,18.84761,False,21.99672,1.038192,-6.141344,0,0,0,1,0,0,1,False,-1,-1,0,0,0,-1
2026-06-29 15:07:19.902,18.88576,False,21.99682,1.038182,-6.141373,0,0,0,1,0,0,1,False,-1,-1,0,0,0,-1
2026-06-29 15:07:19.940,18.92258,False,21.99688,1.038172,-6.141382,0,0,0,1,0,0,1,False,-1,-1,0,0,0,-1
2026-06-29 15:07:19.986,18.95978,False,21.99678,1.038111,-6.141499,0,0,0,1,0,0,1,False,-1,-1,0,0,0,-1
2026-06-29 15:07:20.024,19.00766,False,21.9969,1.038164,-6.141716,0,0,0,1,0,0,1,False,-1,-1,0,0,0,-1
2026-06-29 15:07:20.060,19.04323,False,21.99688,1.038147,-6.141648,0,0,0,1,0,0,1,False,-1,-1,0,0,0,-1
2026-06-29 15:07:20.096,19.07962,False,21.99686,1.038083,-6.14158,0,0,0,1,0,0,1,False,-1,-1,0,0,0,-1
2026-06-29 15:07:20.135,19.11858,False,21.99694,1.03819,-6.141618,0,0,0,1,0,0,1,False,-1,-1,0,0,0,-1
2026-06-29 15:07:20.184,19.167,False,21.99691,1.038203,-6.141867,0,0,0,1,0,0,1,False,-1,-1,0,0,0,-1
2026-06-29 15:07:20.228,19.20711,False,21.99679,1.038223,-6.141945,0,0,0,1,0,0,1,False,-1,-1,0,0,0,-1
2026-06-29 15:07:20.267,19.24896,False,21.99664,1.038105,-6.141995,0,0,0,1,0,0,1,False,-1,-1,0,0,0,-1
2026-06-29 15:07:20.300,19.28544,False,21.99655,1.038126,-6.141937,0,0,0,1,0,0,1,False,-1,-1,0,0,0,-1
2026-06-29 15:07:20.341,19.3236,False,21.99649,1.038136,-6.141764,0,0,0,1,0,0,1,False,-1,-1,0,0,0,-1
2026-06-29 15:07:20.377,19.36049,False,21.99631,1.037967,-6.141459,0,0,0,1,0,0,1,False,-1,-1,0,0,0,-1
2026-06-29 15:07:20.417,19.40237,False,21.99607,1.037905,-6.14119,0,0,0,1,0,0,1,False,-1,-1,0,0,0,-1
2026-06-29 15:07:20.458,19.44152,False,21.99606,1.037933,-6.140972,0,0,0,1,0,0,1,False,-1,-1,0,0,0,-1
2026-06-29 15:07:20.501,19.48248,False,21.9961,1.037618,-6.140352,0,0,0,1,0,0,1,False,-1,-1,0,0,0,-1
2026-06-29 15:07:20.535,19.51862,False,21.99582,1.037385,-6.14004,0,0,0,1,0,0,1,False,-1,-1,0,0,0,-1
2026-06-29 15:07:20.595,19.57763,False,21.99564,1.037267,-6.139655,0,0,0,1,0,0,1,False,-1,-1,0,0,0,-1
2026-06-29 15:07:20.633,19.61659,False,21.99567,1.037244,-6.139515,0,0,0,1,0,0,1,False,-1,-1,0,0,0,-1
2026-06-29 15:07:20.669,19.65358,False,21.99566,1.037255,-6.139382,0,0,0,1,0,0,1,False,-1,-1,0,0,0,-1
2026-06-29 15:07:20.707,19.68935,False,21.99549,1.03713,-6.139717,0,0,0,1,0,0,1,False,-1,-1,0,0,0,-1
2026-06-29 15:07:20.746,19.72788,False,21.99521,1.03713,-6.141224,0,0,0,1,0,0,1,False,-1,-1,0,0,0,-1
2026-06-29 15:07:20.782,19.76443,False,21.99468,1.036968,-6.143044,0,0,0,1,0,0,1,False,-1,-1,0,0,0,-1
2026-06-29 15:07:20.820,19.80304,False,21.99398,1.03674,-6.145697,0,0,0,1,0,0,1,False,-1,-1,0,0,0,-1
2026-06-29 15:07:20.859,19.84246,False,21.99352,1.036204,-6.147338,0,0,0,1,0,0,1,False,-1,-1,0,0,0,-1
2026-06-29 15:07:20.893,19.87722,False,21.99334,1.036223,-6.148416,0,0,0,1,0,0,1,False,-1,-1,0,0,0,-1
2026-06-29 15:07:20.932,19.91375,False,21.99351,1.035875,-6.148043,0,0,0,1,0,0,1,False,-1,-1,0,0,0,-1
2026-06-29 15:07:20.969,19.95325,False,21.9934,1.035048,-6.14638,0,0,0,1,0,0,1,False,-1,-1,0,0,0,-1
2026-06-29 15:07:21.008,19.99043,False,21.99344,1.034829,-6.145463,0,0,0,1,0,0,1,False,-1,-1,0,0,0,-1
2026-06-29 15:07:21.042,20.02583,False,21.99275,1.034893,-6.144208,0,0,0,1,0,0,1,False,-1,-1,0,0,0,-1
2026-06-29 15:07:21.076,20.06009,False,21.99217,1.035146,-6.143445,0,0,0,1,0,0,1,False,-1,-1,0,0,0,-1
2026-06-29 15:07:21.115,20.09633,False,21.9918,1.035155,-6.142829,0,0,0,1,0,0,1,False,-1,-1,0,0,0,-1
2026-06-29 15:07:21.154,20.13491,False,21.99184,1.035126,-6.142075,0,0,0,1,0,0,1,False,-1,-1,0,0,0,-1
2026-06-29 15:07:21.191,20.17402,False,21.99207,1.035004,-6.142037,0,0,0,1,0,0,1,False,-1,-1,0,0,0,-1
2026-06-29 15:07:21.226,20.21062,False,21.99261,1.034772,-6.141889,0,0,0,1,0,0,1,False,-1,-1,0,0,0,-1
2026-06-29 15:07:21.278,20.26027,False,21.99285,1.035228,-6.141377,0,0,0,1,0,0,1,False,-1,-1,0,0,0,-1
2026-06-29 15:07:21.314,20.29806,False,21.99266,1.035478,-6.140715,0,0,0,1,0,0,1,False,-1,-1,0,0,0,-1
2026-06-29 15:07:21.351,20.33324,False,21.99249,1.035417,-6.14005,0,0,0,1,0,0,1,False,-1,-1,0,0,0,-1
2026-06-29 15:07:21.386,20.36959,False,21.99187,1.035323,-6.138868,0,0,0,1,0,0,1,False,-1,-1,0,0,0,-1
2026-06-29 15:07:21.425,20.40772,False,21.99154,1.035106,-6.138166,0,0,0,1,0,0,1,False,-1,-1,0,0,0,-1
2026-06-29 15:07:21.468,20.44386,False,21.99073,1.034906,-6.13774,0,0,0,1,0,0,1,False,-1,-1,0,0,0,-1
2026-06-29 15:07:21.503,20.48635,False,21.98965,1.034667,-6.137449,0,0,0,1,0,0,1,False,-1,-1,0,0,0,-1
2026-06-29 15:07:21.543,20.52632,False,21.98843,1.034077,-6.137382,0,0,0,1,0,0,1,False,-1,-1,0,0,0,-1
2026-06-29 15:07:21.593,20.57596,False,21.98655,1.032458,-6.137453,0,0,0,1,0,0,1,False,-1,-1,0,0,0,-1
2026-06-29 15:07:21.627,20.6102,False,21.98454,1.031893,-6.137565,0,0,0,1,0,0,1,False,-1,-1,0,0,0,-1
2026-06-29 15:07:21.665,20.64893,False,21.982,1.031374,-6.137402,0,0,0,1,0,0,1,False,-1,-1,0,0,0,-1
2026-06-29 15:07:21.700,20.68432,False,21.98071,1.030869,-6.136789,0,0,0,1,0,0,1,False,-1,-1,0,0,0,-1
2026-06-29 15:07:21.747,20.72956,False,21.97964,1.030973,-6.134905,0,0,0,1,0,0,1,False,-1,-1,0,0,0,-1
2026-06-29 15:07:21.784,20.76739,False,21.9794,1.030793,-6.132484,0,0,0,1,0,0,1,False,-1,-1,0,0,0,-1
2026-06-29 15:07:21.818,20.80138,False,21.97843,1.030904,-6.129579,0,0,0,1,0,0,1,False,-1,-1,0,0,0,-1
2026-06-29 15:07:21.857,20.83925,False,21.97713,1.031426,-6.127721,0,0,0,1,0,0,1,False,-1,-1,0,0,0,-1
2026-06-29 15:07:21.893,20.87647,False,21.97604,1.031745,-6.126615,0,0,0,1,0,0,1,False,-1,-1,0,0,0,-1
2026-06-29 15:07:21.928,20.91018,False,21.97446,1.031395,-6.126102,0,0,0,1,0,0,1,False,-1,-1,0,0,0,-1
2026-06-29 15:07:21.967,20.95007,True,21.9722,1.031024,-6.125303,0.2342648,-0.7377868,0.3714066,0.512687,-0.5824923,-0.7882466,-0.1984187,False,-1,-1,0,0,0,-1
2026-06-29 15:07:22.005,20.98915,True,21.97103,1.030813,-6.124915,0.2202863,-0.7564285,0.3487327,0.5076174,-0.6143104,-0.7512249,-0.2414201,False,-1,-1,0,0,0,-1
2026-06-29 15:07:22.041,21.02491,True,21.96998,1.030723,-6.124465,0.2076766,-0.7554858,0.3360528,0.5226665,-0.6501535,-0.7248574,-0.2277767,False,-1,-1,0,0,0,-1
2026-06-29 15:07:22.097,21.0787,True,21.9698,1.030622,-6.123886,0.2072628,-0.7510382,0.3397656,0.5268237,-0.6504878,-0.7287357,-0.2140324,False,-1,-1,0,0,0,-1
2026-06-29 15:07:22.133,21.11649,True,21.96984,1.030622,-6.123065,0.1990889,-0.7732877,0.3218363,0.508735,-0.6586488,-0.700311,-0.2752204,False,-1,-1,0,0,0,-1
2026-06-29 15:07:22.170,21.15288,True,21.96988,1.030654,-6.122191,0.1939897,-0.7359074,0.335144,0.5554158,-0.6874403,-0.7087598,-0.1583835,False,-1,-1,0,0,0,-1
2026-06-29 15:07:22.207,21.19002,True,21.97065,1.03058,-6.119687,0.1926061,-0.7425154,0.3291447,0.5506701,-0.6909716,-0.7009148,-0.1768526,False,-1,-1,0,0,0,-1
2026-06-29 15:07:22.244,21.22655,True,21.97072,1.03034,-6.118109,0.1929894,-0.755576,0.3196188,0.5382416,-0.6899986,-0.6907423,-0.2162798,False,-1,-1,0,0,0,-1
2026-06-29 15:07:22.277,21.26111,True,21.97093,1.030042,-6.116669,0.193609,-0.7407222,0.3212717,0.5573424,-0.7012697,-0.6917593,-0.1723079,False,-1,-1,0,0,0,-1
2026-06-29 15:07:22.324,21.30664,True,21.97082,1.029389,-6.11476,0.1653869,-0.6746795,0.3086055,0.6497827,-0.7747114,-0.6313505,0.03490948,False,-1,-1,0,0,0,-1
2026-06-29 15:07:22.361,21.34428,True,21.9704,1.029163,-6.113104,0.1682871,-0.6833749,0.3002194,0.6438529,-0.7789396,-0.6270291,0.009356446,False,-1,-1,0,0,0,-1
2026-06-29 15:07:22.395,21.37933,True,21.96925,1.028976,-6.111712,0.171749,-0.6760031,0.2972272,0.6520569,-0.7794878,-0.6258332,0.02704415,False,-1,-1,0,0,0,-1
2026-06-29 15:07:22.434,21.41647,True,21.96706,1.029391,-6.110554,0.1270299,-0.7048856,0.228382,0.659425,-0.8716158,-0.4894997,-0.02600064,False,-1,-1,0,0,0,-1
2026-06-29 15:07:22.467,21.45221,False,21.96478,1.029896,-6.11032,0,0,0,1,0,0,1,False,-1,-1,0,0,0,-1
2026-06-29 15:07:22.506,21.48895,False,21.96194,1.030578,-6.110049,0,0,0,1,0,0,1,False,-1,-1,0,0,0,-1
2026-06-29 15:07:22.541,21.52511,False,21.95808,1.031555,-6.109524,0,0,0,1,0,0,1,False,-1,-1,0,0,0,-1
2026-06-29 15:07:22.581,21.56336,False,21.95495,1.032496,-6.109794,0,0,0,1,0,0,1,False,-1,-1,0,0,0,-1
2026-06-29 15:07:22.615,21.59896,False,21.95232,1.033551,-6.110853,0,0,0,1,0,0,1,False,-1,-1,0,0,0,-1
2026-06-29 15:07:22.653,21.63598,False,21.94838,1.034815,-6.112404,0,0,0,1,0,0,1,False,-1,-1,0,0,0,-1
2026-06-29 15:07:22.690,21.67288,False,21.9455,1.036012,-6.113811,0,0,0,1,0,0,1,False,-1,-1,0,0,0,-1
2026-06-29 15:07:22.725,21.70899,False,21.94251,1.036808,-6.114673,0,0,0,1,0,0,1,False,-1,-1,0,0,0,-1
2026-06-29 15:07:22.763,21.74488,False,21.93931,1.038057,-6.115616,0,0,0,1,0,0,1,False,-1,-1,0,0,0,-1
2026-06-29 15:07:22.803,21.7865,False,21.93406,1.039052,-6.115962,0,0,0,1,0,0,1,False,-1,-1,0,0,0,-1
2026-06-29 15:07:22.848,21.83162,False,21.92899,1.040448,-6.115196,0,0,0,1,0,0,1,False,-1,-1,0,0,0,-1
2026-06-29 15:07:22.883,21.86788,False,21.9247,1.041996,-6.114104,0,0,0,1,0,0,1,False,-1,-1,0,0,0,-1
2026-06-29 15:07:22.935,21.91857,False,21.92222,1.043238,-6.114098,0,0,0,1,0,0,1,False,-1,-1,0,0,0,-1
2026-06-29 15:07:22.974,21.95683,False,21.92072,1.043875,-6.115031,0,0,0,1,0,0,1,False,-1,-1,0,0,0,-1
2026-06-29 15:07:23.010,21.99339,False,21.91884,1.044365,-6.116782,0,0,0,1,0,0,1,False,-1,-1,0,0,0,-1
2026-06-29 15:07:23.050,22.03324,False,21.91792,1.044662,-6.118364,0,0,0,1,0,0,1,False,-1,-1,0,0,0,-1
2026-06-29 15:07:23.085,22.06792,False,21.91675,1.045709,-6.120393,0,0,0,1,0,0,1,False,-1,-1,0,0,0,-1
2026-06-29 15:07:23.118,22.10142,False,21.91611,1.046758,-6.121738,0,0,0,1,0,0,1,False,-1,-1,0,0,0,-1
2026-06-29 15:07:23.168,22.15071,False,21.91536,1.047902,-6.12336,0,0,0,1,0,0,1,False,-1,-1,0,0,0,-1
2026-06-29 15:07:23.205,22.18783,False,21.91488,1.048471,-6.124281,0,0,0,1,0,0,1,False,-1,-1,0,0,0,-1
2026-06-29 15:07:23.243,22.22704,False,21.91431,1.049677,-6.125424,0,0,0,1,0,0,1,False,-1,-1,0,0,0,-1
2026-06-29 15:07:23.279,22.26152,False,21.91417,1.050336,-6.126427,0,0,0,1,0,0,1,False,-1,-1,0,0,0,-1
2026-06-29 15:07:23.313,22.29669,False,21.91421,1.050767,-6.127348,0,0,0,1,0,0,1,False,-1,-1,0,0,0,-1
2026-06-29 15:07:23.352,22.33417,False,21.9145,1.051239,-6.128416,0,0,0,1,0,0,1,False,-1,-1,0,0,0,-1
2026-06-29 15:07:23.383,22.3676,False,21.91505,1.05158,-6.129203,0,0,0,1,0,0,1,False,-1,-1,0,0,0,-1
2026-06-29 15:07:23.420,22.40458,False,21.9156,1.051715,-6.129687,0,0,0,1,0,0,1,False,-1,-1,0,0,0,-1
2026-06-29 15:07:23.467,22.44947,False,21.91607,1.052013,-6.129416,0,0,0,1,0,0,1,False,-1,-1,0,0,0,-1
2026-06-29 15:07:23.504,22.48568,False,21.91612,1.052391,-6.129144,0,0,0,1,0,0,1,False,-1,-1,0,0,0,-1
2026-06-29 15:07:23.541,22.52461,False,21.91567,1.053373,-6.128919,0,0,0,1,0,0,1,False,-1,-1,0,0,0,-1
2026-06-29 15:07:23.578,22.56081,False,21.91431,1.054157,-6.1294,0,0,0,1,0,0,1,False,-1,-1,0,0,0,-1
2026-06-29 15:07:23.618,22.60153,False,21.91273,1.056162,-6.131294,0,0,0,1,0,0,1,False,-1,-1,0,0,0,-1
2026-06-29 15:07:23.653,22.63537,False,21.91043,1.059897,-6.13448,0,0,0,1,0,0,1,False,-1,-1,0,0,0,-1
2026-06-29 15:07:23.691,22.67578,False,21.90875,1.063164,-6.138798,0,0,0,1,0,0,1,False,-1,-1,0,0,0,-1
2026-06-29 15:07:23.729,22.71198,False,21.90625,1.067542,-6.145656,0,0,0,1,0,0,1,False,-1,-1,0,0,0,-1
2026-06-29 15:07:23.766,22.74905,False,21.90417,1.071196,-6.152496,0,0,0,1,0,0,1,False,-1,-1,0,0,0,-1
2026-06-29 15:07:23.802,22.78432,False,21.90174,1.074535,-6.159883,0,0,0,1,0,0,1,False,-1,-1,0,0,0,-1
2026-06-29 15:07:23.832,22.81863,False,21.89895,1.077459,-6.167692,0,0,0,1,0,0,1,False,-1,-1,0,0,0,-1
2026-06-29 15:07:23.883,22.8679,False,21.89368,1.081654,-6.181142,0,0,0,1,0,0,1,False,-1,-1,0,0,0,-1
2026-06-29 15:07:23.934,22.91722,False,21.88893,1.082658,-6.191503,0,0,0,1,0,0,1,False,-1,-1,0,0,0,-1
2026-06-29 15:07:23.973,22.95615,False,21.88543,1.081828,-6.19875,0,0,0,1,0,0,1,False,-1,-1,0,0,0,-1
2026-06-29 15:07:24.010,22.99363,False,21.88081,1.080692,-6.207369,0,0,0,1,0,0,1,False,-1,-1,0,0,0,-1
2026-06-29 15:07:24.049,23.03211,False,21.87767,1.079942,-6.212765,0,0,0,1,0,0,1,False,-1,-1,0,0,0,-1
2026-06-29 15:07:24.088,23.07021,False,21.87399,1.079741,-6.218689,0,0,0,1,0,0,1,False,-1,-1,0,0,0,-1
2026-06-29 15:07:24.123,23.10813,False,21.8724,1.080129,-6.22146,0,0,0,1,0,0,1,False,-1,-1,0,0,0,-1
2026-06-29 15:07:24.158,23.14262,False,21.87155,1.080723,-6.224015,0,0,0,1,0,0,1,False,-1,-1,0,0,0,-1
2026-06-29 15:07:24.208,23.19192,False,21.87142,1.081806,-6.227448,0,0,0,1,0,0,1,False,-1,-1,0,0,0,-1
2026-06-29 15:07:24.242,23.22599,False,21.87148,1.082456,-6.228426,0,0,0,1,0,0,1,False,-1,-1,0,0,0,-1
2026-06-29 15:07:24.292,23.27579,False,21.8718,1.08287,-6.229054,0,0,0,1,0,0,1,False,-1,-1,0,0,0,-1
2026-06-29 15:07:24.326,23.3096,False,21.87219,1.083354,-6.229009,0,0,0,1,0,0,1,False,-1,-1,0,0,0,-1
2026-06-29 15:07:24.359,23.34925,False,21.87279,1.083564,-6.228716,0,0,0,1,0,0,1,False,-1,-1,0,0,0,-1
2026-06-29 15:07:24.403,23.39323,False,21.87386,1.083206,-6.227943,0,0,0,1,0,0,1,False,-1,-1,0,0,0,-1
2026-06-29 15:07:24.437,23.42696,False,21.87412,1.082526,-6.227292,0,0,0,1,0,0,1,False,-1,-1,0,0,0,-1
2026-06-29 15:07:24.480,23.47085,False,21.87366,1.081886,-6.227058,0,0,0,1,0,0,1,False,-1,-1,0,0,0,-1
2026-06-29 15:07:24.515,23.50495,False,21.87307,1.08109,-6.227479,0,0,0,1,0,0,1,False,-1,-1,0,0,0,-1
2026-06-29 15:07:24.558,23.54896,False,21.8719,1.079699,-6.228341,0,0,0,1,0,0,1,False,-1,-1,0,0,0,-1
2026-06-29 15:07:24.602,23.59348,False,21.87047,1.079206,-6.22952,0,0,0,1,0,0,1,False,-1,-1,0,0,0,-1
2026-06-29 15:07:24.637,23.62762,False,21.86959,1.079303,-6.230696,0,0,0,1,0,0,1,False,-1,-1,0,0,0,-1
2026-06-29 15:07:24.680,23.67085,False,21.8689,1.079276,-6.231937,0,0,0,1,0,0,1,False,-1,-1,0,0,0,-1
2026-06-29 15:07:24.725,23.71592,False,21.8694,1.079333,-6.232972,0,0,0,1,0,0,1,False,-1,-1,0,0,0,-1
2026-06-29 15:07:24.769,23.76004,False,21.87082,1.07932,-6.234313,0,0,0,1,0,0,1,False,-1,-1,0,0,0,-1
2026-06-29 15:07:24.803,23.79349,False,21.87229,1.079456,-6.23513,0,0,0,1,0,0,1,False,-1,-1,0,0,0,-1
2026-06-29 15:07:24.847,23.83783,False,21.87426,1.080131,-6.236438,0,0,0,1,0,0,1,False,-1,-1,0,0,0,-1
2026-06-29 15:07:24.881,23.87122,False,21.87519,1.080114,-6.237265,0,0,0,1,0,0,1,False,-1,-1,0,0,0,-1
2026-06-29 15:07:24.916,23.90634,False,21.87576,1.080271,-6.238185,0,0,0,1,0,0,1,False,-1,-1,0,0,0,-1
2026-06-29 15:07:24.950,23.94073,False,21.87617,1.080832,-6.239134,0,0,0,1,0,0,1,False,-1,-1,0,0,0,-1
2026-06-29 15:07:24.984,23.97495,False,21.87652,1.080887,-6.240278,0,0,0,1,0,0,1,False,-1,-1,0,0,0,-1
2026-06-29 15:07:25.019,24.00913,False,21.87707,1.080942,-6.24172,0,0,0,1,0,0,1,False,-1,-1,0,0,0,-1
2026-06-29 15:07:25.064,24.05441,False,21.8773,1.081222,-6.243793,0,0,0,1,0,0,1,False,-1,-1,0,0,0,-1
2026-06-29 15:07:25.108,24.09846,False,21.8777,1.081611,-6.245643,0,0,0,1,0,0,1,False,-1,-1,0,0,0,-1
2026-06-29 15:07:25.142,24.13186,False,21.87788,1.081571,-6.24644,0,0,0,1,0,0,1,False,-1,-1,0,0,0,-1
2026-06-29 15:07:25.185,24.17619,False,21.87782,1.081601,-6.246998,0,0,0,1,0,0,1,False,-1,-1,0,0,0,-1
2026-06-29 15:07:25.230,24.22031,False,21.87748,1.081869,-6.246731,0,0,0,1,0,0,1,False,-1,-1,0,0,0,-1
2026-06-29 15:07:25.274,24.2646,False,21.87713,1.082064,-6.245834,0,0,0,1,0,0,1,False,-1,-1,0,0,0,-1
2026-06-29 15:07:25.308,24.29833,False,21.87708,1.08209,-6.244893,0,0,0,1,0,0,1,False,-1,-1,0,0,0,-1
2026-06-29 15:07:25.351,24.34234,False,21.87727,1.082219,-6.24323,0,0,0,1,0,0,1,False,-1,-1,0,0,0,-1
2026-06-29 15:07:25.385,24.37585,False,21.87738,1.08221,-6.2419,0,0,0,1,0,0,1,False,-1,-1,0,0,0,-1
2026-06-29 15:07:25.419,24.40969,False,21.87783,1.08236,-6.240455,0,0,0,1,0,0,1,False,-1,-1,0,0,0,-1
2026-06-29 15:07:25.453,24.44343,False,21.87827,1.082041,-6.238735,0,0,0,1,0,0,1,False,-1,-1,0,0,0,-1
2026-06-29 15:07:25.496,24.48663,False,21.87926,1.08182,-6.236313,0,0,0,1,0,0,1,False,-1,-1,0,0,0,-1
2026-06-29 15:07:25.529,24.52063,False,21.87986,1.081314,-6.234352,0,0,0,1,0,0,1,False,-1,-1,0,0,0,-1
2026-06-29 15:07:25.565,24.55578,False,21.88062,1.080903,-6.232457,0,0,0,1,0,0,1,False,-1,-1,0,0,0,-1
2026-06-29 15:07:25.607,24.59739,False,21.881,1.080289,-6.229564,0,0,0,1,0,0,1,False,-1,-1,0,0,0,-1
2026-06-29 15:07:25.650,24.64135,False,21.88051,1.079697,-6.226414,0,0,0,1,0,0,1,False,-1,-1,0,0,0,-1
2026-06-29 15:07:25.685,24.67604,False,21.87949,1.078929,-6.224253,0,0,0,1,0,0,1,False,-1,-1,0,0,0,-1
2026-06-29 15:07:25.728,24.71904,False,21.87756,1.077629,-6.221275,0,0,0,1,0,0,1,False,-1,-1,0,0,0,-1
2026-06-29 15:07:25.761,24.75243,False,21.87532,1.076844,-6.219135,0,0,0,1,0,0,1,False,-1,-1,0,0,0,-1
2026-06-29 15:07:25.808,24.79801,False,21.87297,1.076133,-6.216543,0,0,0,1,0,0,1,False,-1,-1,0,0,0,-1
2026-06-29 15:07:25.851,24.84126,False,21.87134,1.075597,-6.214042,0,0,0,1,0,0,1,False,-1,-1,0,0,0,-1
2026-06-29 15:07:25.896,24.88572,False,21.87044,1.075201,-6.211481,0,0,0,1,0,0,1,False,-1,-1,0,0,0,-1
2026-06-29 15:07:25.929,24.91922,False,21.87049,1.075008,-6.209719,0,0,0,1,0,0,1,False,-1,-1,0,0,0,-1
2026-06-29 15:07:25.962,24.95271,False,21.87076,1.074878,-6.208041,0,0,0,1,0,0,1,False,-1,-1,0,0,0,-1
2026-06-29 15:07:25.995,24.98666,False,21.87136,1.07453,-6.206298,0,0,0,1,0,0,1,False,-1,-1,0,0,0,-1
2026-06-29 15:07:26.040,25.03094,False,21.87266,1.074117,-6.204352,0,0,0,1,0,0,1,False,-1,-1,0,0,0,-1
2026-06-29 15:07:26.074,25.06448,False,21.87362,1.073792,-6.203292,0,0,0,1,0,0,1,False,-1,-1,0,0,0,-1
2026-06-29 15:07:26.107,25.0987,False,21.87465,1.073482,-6.202332,0,0,0,1,0,0,1,False,-1,-1,0,0,0,-1
2026-06-29 15:07:26.151,25.142,False,21.87575,1.073211,-6.201508,0,0,0,1,0,0,1,False,-1,-1,0,0,0,-1
2026-06-29 15:07:26.185,25.17557,False,21.87648,1.073116,-6.200954,0,0,0,1,0,0,1,False,-1,-1,0,0,0,-1
2026-06-29 15:07:26.219,25.20924,False,21.87701,1.073128,-6.200727,0,0,0,1,0,0,1,False,-1,-1,0,0,0,-1
2026-06-29 15:07:26.262,25.25305,False,21.8778,1.073141,-6.200807,0,0,0,1,0,0,1,False,-1,-1,0,0,0,-1
2026-06-29 15:07:26.307,25.29812,False,21.87845,1.073255,-6.200881,0,0,0,1,0,0,1,False,-1,-1,0,0,0,-1
2026-06-29 15:07:26.352,25.34208,False,21.8787,1.073424,-6.200941,0,0,0,1,0,0,1,False,-1,-1,0,0,0,-1
2026-06-29 15:07:26.397,25.3876,False,21.87893,1.073579,-6.201143,0,0,0,1,0,0,1,False,-1,-1,0,0,0,-1
2026-06-29 15:07:26.441,25.43145,False,21.87894,1.073785,-6.201307,0,0,0,1,0,0,1,False,-1,-1,0,0,0,-1
2026-06-29 15:07:26.484,25.47507,False,21.87895,1.073791,-6.201419,0,0,0,1,0,0,1,False,-1,-1,0,0,0,-1
2026-06-29 15:07:26.517,25.50872,False,21.87891,1.073693,-6.201217,0,0,0,1,0,0,1,False,-1,-1,0,0,0,-1
2026-06-29 15:07:26.562,25.55312,False,21.87876,1.07372,-6.200896,0,0,0,1,0,0,1,False,-1,-1,0,0,0,-1
2026-06-29 15:07:26.597,25.58748,False,21.87877,1.07375,-6.200364,0,0,0,1,0,0,1,False,-1,-1,0,0,0,-1
2026-06-29 15:07:26.640,25.63071,False,21.87903,1.073877,-6.199015,0,0,0,1,0,0,1,False,-1,-1,0,0,0,-1
2026-06-29 15:07:26.674,25.66432,False,21.87939,1.074142,-6.19745,0,0,0,1,0,0,1,False,-1,-1,0,0,0,-1
2026-06-29 15:07:26.708,25.69876,False,21.87992,1.074381,-6.19521,0,0,0,1,0,0,1,False,-1,-1,0,0,0,-1
2026-06-29 15:07:26.751,25.74181,False,21.88064,1.074649,-6.191432,0,0,0,1,0,0,1,False,-1,-1,0,0,0,-1
2026-06-29 15:07:26.795,25.78595,False,21.88183,1.072533,-6.186828,0,0,0,1,0,0,1,False,-1,-1,0,0,0,-1
2026-06-29 15:07:26.829,25.81965,False,21.88371,1.072143,-6.183413,0,0,0,1,0,0,1,False,-1,-1,0,0,0,-1
2026-06-29 15:07:26.874,25.86421,False,21.88534,1.072472,-6.179415,0,0,0,1,0,0,1,False,-1,-1,0,0,0,-1
2026-06-29 15:07:26.919,25.90879,False,21.88582,1.071385,-6.174403,0,0,0,1,0,0,1,False,-1,-1,0,0,0,-1
2026-06-29 15:07:26.962,25.95268,False,21.88751,1.068342,-6.169251,0,0,0,1,0,0,1,False,-1,-1,0,0,0,-1
2026-06-29 15:07:27.007,25.99784,False,21.88889,1.064641,-6.162895,0,0,0,1,0,0,1,False,-1,-1,0,0,0,-1
2026-06-29 15:07:27.052,26.04198,False,21.89,1.06111,-6.15571,0,0,0,1,0,0,1,False,-1,-1,0,0,0,-1
2026-06-29 15:07:27.095,26.08598,False,21.89071,1.057693,-6.148417,0,0,0,1,0,0,1,False,-1,-1,0,0,0,-1
2026-06-29 15:07:27.130,26.12042,False,21.8912,1.055286,-6.14277,0,0,0,1,0,0,1,False,-1,-1,0,0,0,-1
2026-06-29 15:07:27.174,26.16439,False,21.89209,1.052217,-6.134671,0,0,0,1,0,0,1,False,-1,-1,0,0,0,-1
2026-06-29 15:07:27.217,26.20824,False,21.89354,1.04889,-6.126684,0,0,0,1,0,0,1,False,-1,-1,0,0,0,-1
2026-06-29 15:07:27.262,26.25304,False,21.89693,1.045495,-6.118805,0,0,0,1,0,0,1,False,-1,-1,0,0,0,-1
2026-06-29 15:07:27.307,26.29782,False,21.90173,1.041719,-6.111525,0,0,0,1,0,0,1,False,-1,-1,0,0,0,-1
2026-06-29 15:07:27.341,26.33122,False,21.90653,1.039103,-6.106568,0,0,0,1,0,0,1,False,-1,-1,0,0,0,-1
2026-06-29 15:07:27.384,26.37452,False,21.91397,1.036969,-6.101768,0,0,0,1,0,0,1,False,-1,-1,0,0,0,-1
2026-06-29 15:07:27.417,26.40826,False,21.91985,1.035866,-6.098627,0,0,0,1,0,0,1,False,-1,-1,0,0,0,-1
2026-06-29 15:07:27.451,26.44163,False,21.92523,1.035226,-6.096307,0,0,0,1,0,0,1,False,-1,-1,0,0,0,-1
2026-06-29 15:07:27.495,26.48591,False,21.93207,1.034811,-6.094295,0,0,0,1,0,0,1,False,-1,-1,0,0,0,-1
2026-06-29 15:07:27.530,26.52012,False,21.93707,1.034714,-6.093233,0,0,0,1,0,0,1,False,-1,-1,0,0,0,-1
2026-06-29 15:07:27.573,26.56364,False,21.94392,1.034039,-6.092642,0,0,0,1,0,0,1,False,-1,-1,0,0,0,-1
2026-06-29 15:07:27.608,26.59803,False,21.94951,1.033732,-6.092577,0,0,0,1,0,0,1,False,-1,-1,0,0,0,-1
2026-06-29 15:07:27.652,26.64188,False,21.9576,1.03344,-6.092336,0,0,0,1,0,0,1,False,-1,-1,0,0,0,-1
2026-06-29 15:07:27.696,26.68591,False,21.96582,1.033084,-6.091913,0,0,0,1,0,0,1,False,-1,-1,0,0,0,-1
2026-06-29 15:07:27.740,26.73,False,21.97355,1.032297,-6.091437,0,0,0,1,0,0,1,False,-1,-1,0,0,0,-1
2026-06-29 15:07:27.774,26.76461,False,21.97844,1.031979,-6.091185,0,0,0,1,0,0,1,False,-1,-1,0,0,0,-1
2026-06-29 15:07:27.817,26.8077,False,21.98361,1.031756,-6.090353,0,0,0,1,0,0,1,False,-1,-1,0,0,0,-1
2026-06-29 15:07:27.851,26.84135,False,21.98598,1.031622,-6.089661,0,0,0,1,0,0,1,False,-1,-1,0,0,0,-1
2026-06-29 15:07:27.895,26.88595,False,21.98732,1.031553,-6.089557,0,0,0,1,0,0,1,False,-1,-1,0,0,0,-1
2026-06-29 15:07:27.929,26.91934,False,21.98681,1.03109,-6.089837,0,0,0,1,0,0,1,False,-1,-1,0,0,0,-1
2026-06-29 15:07:27.973,26.96356,False,21.98383,1.029747,-6.090418,0,0,0,1,0,0,1,False,-1,-1,0,0,0,-1
2026-06-29 15:07:28.018,27.00813,False,21.98086,1.028162,-6.090788,0,0,0,1,0,0,1,False,-1,-1,0,0,0,-1
2026-06-29 15:07:28.062,27.05262,False,21.97825,1.026528,-6.09037,0,0,0,1,0,0,1,False,-1,-1,0,0,0,-1
2026-06-29 15:07:28.105,27.09677,False,21.97617,1.025546,-6.088969,0,0,0,1,0,0,1,False,-1,-1,0,0,0,-1
2026-06-29 15:07:28.151,27.14146,False,21.97421,1.024959,-6.087689,0,0,0,1,0,0,1,False,-1,-1,0,0,0,-1
2026-06-29 15:07:28.184,27.17484,False,21.97277,1.024928,-6.086963,0,0,0,1,0,0,1,False,-1,-1,0,0,0,-1
2026-06-29 15:07:28.228,27.21869,False,21.97123,1.024851,-6.086308,0,0,0,1,0,0,1,False,-1,-1,0,0,0,-1
2026-06-29 15:07:28.262,27.2524,False,21.97067,1.024269,-6.086593,0,0,0,1,0,0,1,False,-1,-1,0,0,0,-1
2026-06-29 15:07:28.306,27.29677,False,21.97136,1.023662,-6.088696,0,0,0,1,0,0,1,False,-1,-1,0,0,0,-1
2026-06-29 15:07:28.350,27.34084,False,21.97225,1.025111,-6.09192,0,0,0,1,0,0,1,False,-1,-1,0,0,0,-1
2026-06-29 15:07:28.383,27.37464,False,21.97241,1.027657,-6.093804,0,0,0,1,0,0,1,False,-1,-1,0,0,0,-1
2026-06-29 15:07:28.418,27.40838,False,21.97243,1.030353,-6.094986,0,0,0,1,0,0,1,False,-1,-1,0,0,0,-1
2026-06-29 15:07:28.468,27.45036,True,21.97339,1.032021,-6.095304,0.05864616,-0.6819646,0.2598824,0.681136,-0.8985388,-0.4343531,0.0629699,False,-1,-1,0,0,0,-1
2026-06-29 15:07:28.505,27.48988,True,21.97527,1.032745,-6.095326,0.06483594,-0.679768,0.2762958,0.6762933,-0.883617,-0.4633302,0.06742359,False,-1,-1,0,0,0,-1
2026-06-29 15:07:28.541,27.52448,True,21.97659,1.032542,-6.095066,0.07167584,-0.6746523,0.2823437,0.6782249,-0.8746575,-0.4781922,0.07941374,False,-1,-1,0,0,0,-1
2026-06-29 15:07:28.574,27.55898,True,21.97797,1.032386,-6.094941,0.07447736,-0.68121,0.2775616,0.6733243,-0.8760064,-0.4784503,0.06081216,False,-1,-1,0,0,0,-1
2026-06-29 15:07:28.625,27.60861,True,21.97911,1.032169,-6.094968,0.07615135,-0.6701093,0.2764792,0.6846268,-0.875441,-0.474813,0.09030908,False,-1,-1,0,0,0,-1
2026-06-29 15:07:28.672,27.65424,True,21.97951,1.031495,-6.095228,0.07959386,-0.6656483,0.2765178,0.6885602,-0.8726596,-0.4777375,0.1011542,False,-1,-1,0,0,0,-1
2026-06-29 15:07:28.715,27.6979,True,21.97962,1.030656,-6.09556,0.08389724,-0.6705368,0.2725803,0.6848662,-0.8727185,-0.480467,0.08668344,False,-1,-1,0,0,0,-1
2026-06-29 15:07:28.758,27.74235,True,21.97952,1.029674,-6.096218,0.08280326,-0.6733252,0.2614005,0.6866197,-0.8813471,-0.4657238,0.07955367,False,-1,-1,0,0,0,-1
2026-06-29 15:07:28.805,27.78935,True,21.97949,1.028947,-6.096466,0.09246929,-0.6714849,0.2616508,0.6870927,-0.8743554,-0.4784591,0.0811148,False,-1,-1,0,0,0,-1
2026-06-29 15:07:28.848,27.83206,False,21.97977,1.028077,-6.095857,0,0,0,1,0,0,1,False,-1,-1,0,0,0,-1
2026-06-29 15:07:28.892,27.87589,False,21.98037,1.027139,-6.094264,0,0,0,1,0,0,1,False,-1,-1,0,0,0,-1
2026-06-29 15:07:28.935,27.91968,False,21.98202,1.025845,-6.091466,0,0,0,1,0,0,1,False,-1,-1,0,0,0,-1
2026-06-29 15:07:28.982,27.96487,True,21.98348,1.024612,-6.088601,0.2470993,-0.6026289,0.3740792,0.6601857,-0.6108245,-0.7771248,0.1515607,False,-1,-1,0,0,0,-1
2026-06-29 15:07:29.025,28.00847,True,21.98543,1.023481,-6.086237,0.2327524,-0.6081302,0.3437457,0.676641,-0.6629563,-0.7330638,0.1520081,False,-1,-1,0,0,0,-1
2026-06-29 15:07:29.070,28.05443,True,21.98744,1.022725,-6.085029,0.2174337,-0.6161753,0.3177283,0.6870949,-0.7085721,-0.6903477,0.1461012,False,-1,-1,0,0,0,-1
2026-06-29 15:07:29.105,28.08865,True,21.98952,1.022426,-6.084099,0.2093853,-0.6255149,0.3016141,0.688417,-0.734923,-0.665617,0.1297778,False,-1,-1,0,0,0,-1
2026-06-29 15:07:29.141,28.12398,True,21.99121,1.022356,-6.083369,0.20436,-0.6261795,0.2939949,0.6926062,-0.7472299,-0.6512691,0.1322725,False,-1,-1,0,0,0,-1
2026-06-29 15:07:29.175,28.15869,True,21.99301,1.021955,-6.082598,0.2028022,-0.6314571,0.2890278,0.6903595,-0.7546338,-0.6450301,0.1202662,False,-1,-1,0,0,0,-1
2026-06-29 15:07:29.220,28.20339,True,21.99476,1.021297,-6.08204,0.2030394,-0.6257721,0.289456,0.6952694,-0.7526184,-0.6446011,0.1343685,False,-1,-1,0,0,0,-1
2026-06-29 15:07:29.258,28.24045,True,21.99728,1.021472,-6.082071,0.1999199,-0.6243202,0.2854967,0.6991052,-0.758778,-0.6360127,0.1405126,False,-1,-1,0,0,0,-1
2026-06-29 15:07:29.295,28.27666,True,21.99963,1.021768,-6.082685,0.2039446,-0.6237978,0.2885156,0.697167,-0.7520999,-0.6443176,0.1385659,False,-1,-1,0,0,0,-1
2026-06-29 15:07:29.331,28.31435,True,22.00121,1.021776,-6.083672,0.2020902,-0.623563,0.2876263,0.6982836,-0.7545946,-0.6409387,0.1406575,False,-1,-1,0,0,0,-1
2026-06-29 15:07:29.365,28.34795,True,22.00241,1.021773,-6.084589,0.2041235,-0.6263071,0.2888898,0.6947055,-0.7522596,-0.6454788,0.1321461,False,-1,-1,0,0,0,-1
2026-06-29 15:07:29.402,28.38556,True,22.00353,1.022159,-6.085427,0.2031483,-0.625675,0.2888956,0.695558,-0.7530091,-0.6441124,0.134523,False,-1,-1,0,0,0,-1
2026-06-29 15:07:29.437,28.41984,True,22.00492,1.022083,-6.086692,0.2004628,-0.6284359,0.2854318,0.6952783,-0.7594386,-0.6375059,0.1297661,False,-1,-1,0,0,0,-1
2026-06-29 15:07:29.471,28.45575,True,22.0057,1.021919,-6.087585,0.2010452,-0.627594,0.2849443,0.69607,-0.7591252,-0.6375417,0.1314132,False,-1,-1,0,0,0,-1
2026-06-29 15:07:29.524,28.50687,True,22.00654,1.021957,-6.088748,0.2004257,-0.6256416,0.2846273,0.6981328,-0.7594687,-0.6359969,0.1368043,False,-1,-1,0,0,0,-1
2026-06-29 15:07:29.565,28.54604,True,22.00741,1.021943,-6.08967,0.2019626,-0.6250483,0.2859476,0.6976817,-0.756668,-0.6392733,0.1370513,False,-1,-1,0,0,0,-1
2026-06-29 15:07:29.600,28.58263,True,22.00779,1.021936,-6.090103,0.2009756,-0.6246271,0.2848742,0.6987822,-0.758451,-0.6367567,0.1388997,False,-1,-1,0,0,0,-1
2026-06-29 15:07:29.634,28.61712,True,22.00845,1.022153,-6.090348,0.2001998,-0.6239014,0.2840123,0.700003,-0.7597472,-0.6346721,0.1413343,False,-1,-1,0,0,0,-1
2026-06-29 15:07:29.685,28.6662,True,22.0091,1.022187,-6.090724,0.201391,-0.6237658,0.2832618,0.7000862,-0.7592869,-0.6353601,0.1407157,False,-1,-1,0,0,0,-1
2026-06-29 15:07:29.724,28.7063,True,22.00969,1.022094,-6.090981,0.2007806,-0.6240148,0.2823851,0.7003937,-0.7607172,-0.633676,0.1405854,False,-1,-1,0,0,0,-1
2026-06-29 15:07:29.763,28.74413,True,22.01003,1.022378,-6.09142,0.201434,-0.6228839,0.2834726,0.7007734,-0.7587987,-0.6354602,0.14288,False,-1,-1,0,0,0,-1
2026-06-29 15:07:29.801,28.78286,True,22.01035,1.022584,-6.09177,0.2012225,-0.624611,0.2825679,0.6996614,-0.7603143,-0.6345652,0.1387413,False,-1,-1,0,0,0,-1
2026-06-29 15:07:29.832,28.81658,True,22.01064,1.022625,-6.091993,0.201377,-0.6243265,0.2822662,0.6999925,-0.760364,-0.6343773,0.1393274,False,-1,-1,0,0,0,-1
2026-06-29 15:07:29.870,28.85201,True,22.01101,1.022532,-6.092135,0.2013158,-0.6259176,0.2808304,0.6991664,-0.7621697,-0.6330597,0.1353984,False,-1,-1,0,0,0,-1
2026-06-29 15:07:29.909,28.89066,True,22.01139,1.022554,-6.092363,0.1994896,-0.6256512,0.2796112,0.7004157,-0.7648727,-0.6293294,0.1375288,False,-1,-1,0,0,0,-1
2026-06-29 15:07:29.947,28.92962,True,22.01145,1.022404,-6.092594,0.2007346,-0.6247616,0.281603,0.7000559,-0.7616812,-0.6329204,0.1387571,False,-1,-1,0,0,0,-1
2026-06-29 15:07:29.982,28.96548,True,22.01148,1.021988,-6.092653,0.1989458,-0.6241809,0.2803864,0.7015713,-0.7642514,-0.629173,0.1416375,False,-1,-1,0,0,0,-1
2026-06-29 15:07:30.033,29.01591,True,22.01143,1.021748,-6.092475,0.1979948,-0.6260482,0.279301,0.7006088,-0.7666295,-0.6271455,0.1377234,False,-1,-1,0,0,0,-1
2026-06-29 15:07:30.083,29.0664,True,22.01141,1.021772,-6.092658,0.1985879,-0.6261669,0.280174,0.699986,-0.7653377,-0.6288888,0.1369558,False,-1,-1,0,0,0,-1
2026-06-29 15:07:30.122,29.10457,True,22.01154,1.021756,-6.09289,0.198298,-0.6254218,0.2802515,0.700703,-0.7653231,-0.6284468,0.139051,False,-1,-1,0,0,0,-1
2026-06-29 15:07:30.157,29.14001,True,22.01162,1.021672,-6.092909,0.1975547,-0.6250389,0.2799838,0.7013612,-0.7661319,-0.627116,0.140597,False,-1,-1,0,0,0,-1
2026-06-29 15:07:30.191,29.17389,True,22.01162,1.021816,-6.0931,0.1966649,-0.6244769,0.2797534,0.7022034,-0.7669841,-0.6255966,0.1427031,False,-1,-1,0,0,0,-1
2026-06-29 15:07:30.232,29.21438,True,22.01156,1.021829,-6.093085,0.1969162,-0.6255583,0.2798734,0.7011218,-0.7669618,-0.6262787,0.1398016,False,-1,-1,0,0,0,-1
2026-06-29 15:07:30.271,29.25224,True,22.01149,1.021742,-6.093019,0.1957612,-0.6246108,0.2797557,0.7023358,-0.7678425,-0.6244572,0.1430779,False,-1,-1,0,0,0,-1
2026-06-29 15:07:30.307,29.28954,True,22.01158,1.021749,-6.093184,0.196591,-0.6236693,0.2815756,0.7022135,-0.7651876,-0.6273177,0.1447773,False,-1,-1,0,0,0,-1
2026-06-29 15:07:30.343,29.3257,True,22.01148,1.021683,-6.093274,0.196909,-0.6228363,0.2827475,0.7023929,-0.7636005,-0.6288257,0.1466036,False,-1,-1,0,0,0,-1
2026-06-29 15:07:30.380,29.3625,True,22.01153,1.021676,-6.093386,0.1954337,-0.623901,0.2819867,0.7021658,-0.7659444,-0.6263172,0.1451064,False,-1,-1,0,0,0,-1
2026-06-29 15:07:30.413,29.39731,True,22.0112,1.021834,-6.09331,0.1945333,-0.6242406,0.2823271,0.7019771,-0.7665612,-0.625596,0.144961,False,-1,-1,0,0,0,-1
2026-06-29 15:07:30.455,29.43607,True,22.01104,1.022163,-6.093393,0.1931772,-0.6255434,0.2817177,0.7014366,-0.768715,-0.6234564,0.1427561,False,-1,-1,0,0,0,-1
2026-06-29 15:07:30.490,29.47355,True,22.01104,1.022149,-6.093527,0.1931891,-0.6254154,0.2825592,0.7012088,-0.7679189,-0.6243656,0.1430672,False,-1,-1,0,0,0,-1
2026-06-29 15:07:30.525,29.50849,True,22.01103,1.022198,-6.093744,0.1932152,-0.6252192,0.2825634,0.7013749,-0.767835,-0.6243608,0.1435376,False,-1,-1,0,0,0,-1
2026-06-29 15:07:30.564,29.547,True,22.01075,1.022215,-6.093762,0.1943279,-0.6249579,0.2823752,0.7013763,-0.7669144,-0.6255391,0.1433285,False,-1,-1,0,0,0,-1
2026-06-29 15:07:30.602,29.58363,True,22.01079,1.022217,-6.093856,0.1959336,-0.6262949,0.282506,0.6996822,-0.7657098,-0.6280466,0.1387294,False,-1,-1,0,0,0,-1
2026-06-29 15:07:30.641,29.62239,True,22.01063,1.022158,-6.093858,0.195603,-0.6257213,0.2832347,0.6999932,-0.7651982,-0.6282935,0.1404247,False,-1,-1,0,0,0,-1
2026-06-29 15:07:30.677,29.66048,True,22.01048,1.022167,-6.093921,0.1935472,-0.6281275,0.2807762,0.6993999,-0.7699376,-0.6234601,0.1359908,False,-1,-1,0,0,0,-1
2026-06-29 15:07:30.712,29.69674,True,22.01079,1.022366,-6.094055,0.1960988,-0.6239529,0.2844457,0.7009414,-0.7631497,-0.6298689,0.1444561,False,-1,-1,0,0,0,-1
2026-06-29 15:07:30.753,29.73492,True,22.01087,1.022491,-6.093931,0.1953297,-0.6234946,0.2843651,0.7015963,-0.7637929,-0.6286854,0.1462016,False,-1,-1,0,0,0,-1
2026-06-29 15:07:30.790,29.77291,True,22.0109,1.022409,-6.093764,0.1958498,-0.622875,0.2853934,0.7015842,-0.7622099,-0.630339,0.1473392,False,-1,-1,0,0,0,-1
2026-06-29 15:07:30.842,29.82417,True,22.01138,1.022321,-6.093648,0.1957941,-0.6221716,0.2856325,0.7021263,-0.7618357,-0.6303692,0.1491344,False,-1,-1,0,0,0,-1
2026-06-29 15:07:30.881,29.8651,True,22.01166,1.022431,-6.093719,0.193594,-0.6217963,0.2839802,0.7037373,-0.7652087,-0.6256341,0.1517814,False,-1,-1,0,0,0,-1
2026-06-29 15:07:30.921,29.90492,True,22.01166,1.022399,-6.093767,0.1935782,-0.6238447,0.2832477,0.7022223,-0.7664942,-0.6252749,0.1466904,False,-1,-1,0,0,0,-1
2026-06-29 15:07:30.956,29.93992,True,22.01186,1.022396,-6.094026,0.1924286,-0.6276819,0.2807913,0.7001022,-0.7708183,-0.6219345,0.1379735,False,-1,-1,0,0,0,-1
2026-06-29 15:07:30.990,29.97366,True,22.01204,1.02234,-6.094206,0.1957448,-0.6264269,0.2839531,0.6990308,-0.7646185,-0.629415,0.1385467,False,-1,-1,0,0,0,-1
2026-06-29 15:07:31.029,30.01072,True,22.01198,1.022283,-6.094214,0.1939275,-0.6257246,0.2831946,0.7004724,-0.7667672,-0.6260855,0.1417216,False,-1,-1,0,0,0,-1
2026-06-29 15:07:31.066,30.04955,True,22.01188,1.022407,-6.094281,0.1925998,-0.6261973,0.2827225,0.7006071,-0.7685319,-0.6239538,0.1415645,False,-1,-1,0,0,0,-1
2026-06-29 15:07:31.102,30.08454,True,22.01157,1.022287,-6.094242,0.1941635,-0.6267999,0.2838899,0.6991631,-0.7662285,-0.6273882,0.1388447,False,-1,-1,0,0,0,-1
2026-06-29 15:07:31.139,30.12212,True,22.01158,1.022331,-6.094362,0.1923137,-0.6268219,0.2821945,0.70034,-0.769437,-0.6231413,0.1402194,False,-1,-1,0,0,0,-1
2026-06-29 15:07:31.173,30.15811,True,22.01147,1.022565,-6.094546,0.1925648,-0.6263827,0.282328,0.70061,-0.7689671,-0.6235164,0.141127,False,-1,-1,0,0,0,-1
2026-06-29 15:07:31.224,30.20807,True,22.01122,1.02268,-6.094618,0.1919477,-0.6263465,0.2825433,0.700725,-0.7693261,-0.6229451,0.1416923,False,-1,-1,0,0,0,-1
2026-06-29 15:07:31.265,30.24737,True,22.01136,1.022703,-6.094515,0.1928521,-0.6218179,0.2853772,0.7033566,-0.7646481,-0.6261929,0.152301,False,-1,-1,0,0,0,-1
2026-06-29 15:07:31.301,30.28364,True,22.01152,1.022816,-6.094626,0.1915351,-0.6252391,0.2833133,0.7015156,-0.768701,-0.6230066,0.1447807,False,-1,-1,0,0,0,-1
2026-06-29 15:07:31.340,30.32186,True,22.01141,1.022856,-6.09466,0.1919135,-0.6256896,0.2835379,0.7009195,-0.7682864,-0.6238452,0.1433636,False,-1,-1,0,0,0,-1
2026-06-29 15:07:31.374,30.35715,True,22.01179,1.023166,-6.094871,0.1921383,-0.6258194,0.2836447,0.7006987,-0.7680237,-0.6242828,0.1428657,False,-1,-1,0,0,0,-1
2026-06-29 15:07:31.414,30.39601,True,22.01201,1.023169,-6.09487,0.1910004,-0.6261654,0.2827045,0.7010805,-0.7699914,-0.6218528,0.1428715,False,-1,-1,0,0,0,-1
2026-06-29 15:07:31.449,30.43287,True,22.01244,1.023285,-6.094962,0.1907785,-0.6257358,0.2827277,0.701515,-0.7700495,-0.6214936,0.1441165,False,-1,-1,0,0,0,-1
2026-06-29 15:07:31.481,30.46624,True,22.01271,1.023685,-6.095068,0.1896846,-0.6249712,0.28213,0.7027329,-0.7713441,-0.6192415,0.1468614,False,-1,-1,0,0,0,-1
2026-06-29 15:07:31.517,30.49977,True,22.01288,1.023768,-6.095182,0.1894306,-0.6247981,0.2822179,0.70292,-0.7714447,-0.6189674,0.1474867,False,-1,-1,0,0,0,-1
2026-06-29 15:07:31.551,30.53312,True,22.01306,1.024026,-6.095354,0.1895992,-0.6247246,0.2827704,0.7027179,-0.7707841,-0.6197767,0.1475427,False,-1,-1,0,0,0,-1
2026-06-29 15:07:31.584,30.56945,True,22.01294,1.024044,-6.09535,0.1905731,-0.6243635,0.2837071,0.7023976,-0.768969,-0.621989,0.1477041,False,-1,-1,0,0,0,-1
2026-06-29 15:07:31.626,30.60614,True,22.01311,1.024086,-6.095579,0.1915477,-0.6249704,0.2840972,0.7014344,-0.7679151,-0.623821,0.1454429,False,-1,-1,0,0,0,-1
2026-06-29 15:07:31.663,30.64388,True,22.01325,1.024175,-6.095659,0.1905733,-0.6250078,0.2836684,0.70184,-0.7691917,-0.6220938,0.1460941,False,-1,-1,0,0,0,-1
2026-06-29 15:07:31.699,30.68155,True,22.01348,1.024138,-6.09559,0.1911193,-0.624189,0.284339,0.7021487,-0.7678617,-0.6233509,0.1477231,False,-1,-1,0,0,0,-1
2026-06-29 15:07:31.739,30.72003,True,22.013,1.024406,-6.095457,0.1906926,-0.6227479,0.2844763,0.7034875,-0.7676957,-0.6226137,0.1516428,False,-1,-1,0,0,0,-1
2026-06-29 15:07:31.774,30.75828,True,22.01291,1.024369,-6.095412,0.1912021,-0.6222484,0.2850216,0.7035705,-0.7665977,-0.6237567,0.1524973,False,-1,-1,0,0,0,-1
2026-06-29 15:07:31.814,30.79737,True,22.01294,1.024392,-6.095503,0.192066,-0.622067,0.2856496,0.7032408,-0.7651986,-0.6255237,0.1522866,False,-1,-1,0,0,0,-1
2026-06-29 15:07:31.849,30.83138,True,22.01293,1.02433,-6.095464,0.1923678,-0.6227252,0.2853643,0.7026914,-0.7653774,-0.6257575,0.1504159,False,-1,-1,0,0,0,-1
2026-06-29 15:07:31.881,30.8659,True,22.01279,1.024201,-6.095224,0.1923267,-0.6218832,0.2854664,0.7034066,-0.7650676,-0.6256212,0.1525436,False,-1,-1,0,0,0,-1
2026-06-29 15:07:31.921,30.90364,True,22.01265,1.024084,-6.094975,0.1916517,-0.6220043,0.2848912,0.7037168,-0.7662299,-0.6241441,0.1527604,False,-1,-1,0,0,0,-1
2026-06-29 15:07:31.956,30.94056,True,22.0126,1.023976,-6.094727,0.1923594,-0.6213603,0.2858456,0.7037056,-0.7645393,-0.625955,0.1538184,False,-1,-1,0,0,0,-1
2026-06-29 15:07:31.993,30.97514,True,22.01253,1.023845,-6.094315,0.1907857,-0.6215079,0.2846115,0.7045035,-0.7671092,-0.6225949,0.1546576,False,-1,-1,0,0,0,-1
2026-06-29 15:07:32.031,31.01367,True,22.01255,1.023763,-6.094047,0.1919103,-0.6210229,0.2857575,0.7041617,-0.7649215,-0.6251956,0.1550021,False,-1,-1,0,0,0,-1
2026-06-29 15:07:32.068,31.04988,True,22.01247,1.023654,-6.093835,0.1924646,-0.6212231,0.2859408,0.7037593,-0.764316,-0.6261635,0.1540785,False,-1,-1,0,0,0,-1
2026-06-29 15:07:32.105,31.08648,True,22.01241,1.023566,-6.093606,0.1924847,-0.6215379,0.2854789,0.7036633,-0.7648063,-0.6257607,0.1532805,False,-1,-1,0,0,0,-1
2026-06-29 15:07:32.141,31.12337,True,22.01235,1.023363,-6.093559,0.1929785,-0.6218915,0.2855298,0.7031949,-0.7644195,-0.6265401,0.1520205,False,-1,-1,0,0,0,-1
2026-06-29 15:07:32.178,31.16042,True,22.01254,1.023321,-6.093608,0.1941312,-0.6221371,0.2861865,0.7023931,-0.762854,-0.6288071,0.1505171,False,-1,-1,0,0,0,-1
2026-06-29 15:07:32.214,31.19723,True,22.01212,1.022869,-6.093407,0.1925521,-0.6222032,0.2847638,0.7033466,-0.7655852,-0.6252238,0.1515738,False,-1,-1,0,0,0,-1
2026-06-29 15:07:32.252,31.23534,True,22.01188,1.022803,-6.093394,0.1930164,-0.6216987,0.2852501,0.7034685,-0.7645749,-0.626241,0.1524709,False,-1,-1,0,0,0,-1
2026-06-29 15:07:32.289,31.27443,True,22.01172,1.022686,-6.093279,0.1930115,-0.6216593,0.2847905,0.7036908,-0.7649761,-0.6257262,0.1525726,False,-1,-1,0,0,0,-1
2026-06-29 15:07:32.326,31.30882,True,22.01166,1.022559,-6.093162,0.1931248,-0.6221408,0.2848454,0.7032118,-0.7649721,-0.6260431,0.1512874,False,-1,-1,0,0,0,-1
2026-06-29 15:07:32.365,31.34763,True,22.01173,1.022339,-6.093187,0.1927823,-0.623018,0.2843479,0.7027303,-0.7659928,-0.6252557,0.149367,False,-1,-1,0,0,0,-1
2026-06-29 15:07:32.403,31.38593,True,22.01192,1.022249,-6.093241,0.192176,-0.6223597,0.2844222,0.7034492,-0.7662786,-0.6243979,0.1514736,False,-1,-1,0,0,0,-1
2026-06-29 15:07:32.438,31.42231,True,22.01194,1.02222,-6.093338,0.1937345,-0.623341,0.2855951,0.7016755,-0.7641069,-0.6279238,0.1478258,False,-1,-1,0,0,0,-1
2026-06-29 15:07:32.475,31.45769,True,22.01192,1.02221,-6.093287,0.1933165,-0.6221263,0.285663,0.7028401,-0.7640639,-0.6271782,0.1511752,False,-1,-1,0,0,0,-1
2026-06-29 15:07:32.514,31.49795,True,22.01183,1.022192,-6.093315,0.1932161,-0.6225213,0.2853975,0.7026258,-0.7645123,-0.6268493,0.1502694,False,-1,-1,0,0,0,-1
2026-06-29 15:07:32.549,31.53291,True,22.01177,1.022028,-6.093434,0.1934411,-0.6224496,0.2853613,0.7026422,-0.7643173,-0.6270858,0.1502741,False,-1,-1,0,0,0,-1
2026-06-29 15:07:32.582,31.56633,True,22.0118,1.021982,-6.093448,0.1932755,-0.6221622,0.2850565,0.7030659,-0.7646531,-0.6264735,0.1511176,False,-1,-1,0,0,0,-1
2026-06-29 15:07:32.618,31.60235,True,22.0118,1.022073,-6.093527,0.1925051,-0.6231272,0.2844336,0.7026748,-0.7662017,-0.6250136,0.1493087,False,-1,-1,0,0,0,-1
2026-06-29 15:07:32.655,31.63991,True,22.01182,1.022027,-6.093534,0.1873655,-0.6250376,0.2796052,0.7043033,-0.7756554,-0.6134517,0.1484443,False,-1,-1,0,0,0,-1
2026-06-29 15:07:32.690,31.67459,True,22.01201,1.022042,-6.093701,0.1900164,-0.6105714,0.286989,0.7132558,-0.7619218,-0.6215151,0.1821926,False,-1,-1,0,0,0,-1
2026-06-29 15:07:32.742,31.72477,True,22.01252,1.022338,-6.094022,0.189453,-0.6108466,0.2870347,0.7131516,-0.7624932,-0.6208856,0.1819481,False,-1,-1,0,0,0,-1
2026-06-29 15:07:32.776,31.75936,True,22.01254,1.022493,-6.094346,0.1891865,-0.6100594,0.2878609,0.7135631,-0.7617129,-0.6212174,0.1840721,False,-1,-1,0,0,0,-1
2026-06-29 15:07:32.815,31.79786,True,22.01255,1.022531,-6.094767,0.1884606,-0.6107133,0.2883474,0.712999,-0.7621918,-0.6209396,0.1830238,False,-1,-1,0,0,0,-1
2026-06-29 15:07:32.850,31.83256,True,22.01254,1.022678,-6.095089,0.1868169,-0.6129498,0.2865264,0.7122462,-0.7660864,-0.6173718,0.1787839,False,-1,-1,0,0,0,-1
2026-06-29 15:07:32.884,31.86698,True,22.01267,1.022675,-6.095308,0.1870864,-0.6113992,0.2872937,0.7131985,-0.7646005,-0.6181617,0.1823795,False,-1,-1,0,0,0,-1
2026-06-29 15:07:32.923,31.90587,True,22.01306,1.022772,-6.095301,0.1889862,-0.6115093,0.2884237,0.7121463,-0.7619519,-0.6219193,0.1806813,False,-1,-1,0,0,0,-1
2026-06-29 15:07:32.966,31.94533,True,22.01263,1.023191,-6.094978,0.1893435,-0.6115075,0.2885929,0.7119844,-0.7614812,-0.6225727,0.1804153,False,-1,-1,0,0,0,-1
2026-06-29 15:07:33.005,31.98819,True,22.01311,1.023317,-6.094859,0.1901184,-0.6118397,0.288111,0.7116876,-0.761327,-0.6231653,0.1790145,False,-1,-1,0,0,0,-1
2026-06-29 15:07:33.044,32.02705,True,22.01333,1.023279,-6.094891,0.1915414,-0.6142391,0.2878551,0.709339,-0.761135,-0.6253592,0.1720444,False,-1,-1,0,0,0,-1
2026-06-29 15:07:33.081,32.0634,True,22.01374,1.023375,-6.095181,0.1885831,-0.6129045,0.2863363,0.711896,-0.7646523,-0.6194968,0.1775688,False,-1,-1,0,0,0,-1
2026-06-29 15:07:33.116,32.09904,True,22.01406,1.023425,-6.09553,0.1878077,-0.6135339,0.2858463,0.7117559,-0.7660043,-0.6180992,0.176609,False,-1,-1,0,0,0,-1
2026-06-29 15:07:33.153,32.1373,True,22.01395,1.023627,-6.095528,0.187734,-0.6144499,0.2856,0.7110837,-0.7666168,-0.6179629,0.1744146,False,-1,-1,0,0,0,-1
2026-06-29 15:07:33.189,32.17208,True,22.01426,1.023819,-6.09597,0.18675,-0.6096098,0.2871814,0.7148616,-0.7643111,-0.617138,0.1870006,False,-1,-1,0,0,0,-1
2026-06-29 15:07:33.222,32.20545,True,22.01431,1.023931,-6.096307,0.1870302,-0.6011433,0.2912567,0.7202889,-0.757046,-0.6196055,0.2072929,False,-1,-1,0,0,0,-1
2026-06-29 15:07:33.255,32.23982,True,22.01469,1.02425,-6.096787,0.1876837,-0.6014863,0.2923315,0.7193966,-0.7556826,-0.6217048,0.2059782,False,-1,-1,0,0,0,-1
2026-06-29 15:07:33.290,32.27411,True,22.01498,1.024431,-6.097453,0.1872717,-0.6018788,0.292483,0.719114,-0.7560914,-0.621418,0.2053424,False,-1,-1,0,0,0,-1
2026-06-29 15:07:33.327,32.31003,True,22.01561,1.024774,-6.097922,0.1870244,-0.6029782,0.2921782,0.7183809,-0.7570471,-0.6210637,0.2028784,False,-1,-1,0,0,0,-1
2026-06-29 15:07:33.364,32.34908,True,22.01593,1.024822,-6.098307,0.1888811,-0.60295,0.2937228,0.7172881,-0.7540203,-0.6251647,0.2015505,False,-1,-1,0,0,0,-1
2026-06-29 15:07:33.401,32.38309,True,22.01622,1.024875,-6.098486,0.1889278,-0.6035721,0.2932887,0.71693,-0.7546173,-0.6249378,0.200014,False,-1,-1,0,0,0,-1
2026-06-29 15:07:33.438,32.42154,True,22.0165,1.024976,-6.098752,0.1907076,-0.6025123,0.2946692,0.7167842,-0.7513514,-0.628476,0.2012191,False,-1,-1,0,0,0,-1
2026-06-29 15:07:33.475,32.4586,True,22.01665,1.024966,-6.09909,0.1897951,-0.6025288,0.294399,0.7171235,-0.7524241,-0.6269808,0.2018738,False,-1,-1,0,0,0,-1
2026-06-29 15:07:33.515,32.49722,True,22.01675,1.025082,-6.099325,0.1888676,-0.6024107,0.2947465,0.7173249,-0.7529122,-0.6260757,0.2028608,False,-1,-1,0,0,0,-1
2026-06-29 15:07:33.547,32.53081,True,22.0169,1.02532,-6.099774,0.1863058,-0.601882,0.2940255,0.718733,-0.7556277,-0.6217456,0.2060563,False,-1,-1,0,0,0,-1
2026-06-29 15:07:33.582,32.56583,True,22.01704,1.025178,-6.099877,0.18514,-0.6018053,0.2934943,0.7193155,-0.7571006,-0.619601,0.207107,False,-1,-1,0,0,0,-1
2026-06-29 15:07:33.619,32.60087,True,22.01714,1.025203,-6.099912,0.185905,-0.5976291,0.2957975,0.7216527,-0.7525809,-0.6218721,0.2165576,False,-1,-1,0,0,0,-1
2026-06-29 15:07:33.654,32.63871,True,22.01717,1.025432,-6.100102,0.1854915,-0.5967525,0.2960128,0.722396,-0.7523674,-0.6212893,0.2189586,False,-1,-1,0,0,0,-1
2026-06-29 15:07:33.690,32.67334,True,22.01733,1.025509,-6.100232,0.1862132,-0.5962921,0.296809,0.7222637,-0.7508208,-0.6229597,0.2195208,False,-1,-1,0,0,0,-1
2026-06-29 15:07:33.738,32.72156,True,22.0176,1.025654,-6.100368,0.1542649,-0.6728582,0.2437204,0.6812229,-0.8415377,-0.5381561,0.04692828,False,-1,-1,0,0,0,-1
2026-06-29 15:07:33.772,32.75563,True,22.01765,1.025719,-6.100613,0.1211487,-0.7277327,0.1940051,0.646599,-0.8940954,-0.4390368,-0.08854377,False,-1,-1,0,0,0,-1
2026-06-29 15:07:33.811,32.79316,True,22.01788,1.025819,-6.101075,0.1291989,-0.7133875,0.2069684,0.6569247,-0.8838035,-0.4650452,-0.05122807,False,-1,-1,0,0,0,-1
2026-06-29 15:07:33.849,32.83208,True,22.01815,1.025839,-6.101087,0.1311444,-0.7190374,0.2067011,0.6504315,-0.8811536,-0.4678525,-0.06842721,False,-1,-1,0,0,0,-1
2026-06-29 15:07:33.889,32.8728,True,22.01832,1.025779,-6.101045,0.1299565,-0.714886,0.2075643,0.6549554,-0.882488,-0.467001,-0.05590119,False,-1,-1,0,0,0,-1
2026-06-29 15:07:33.926,32.90733,True,22.01822,1.025661,-6.100963,0.1290014,-0.7181308,0.2057266,0.6521683,-0.883606,-0.4637384,-0.06470653,False,-1,-1,0,0,0,-1
2026-06-29 15:07:33.966,32.94711,True,22.01817,1.025885,-6.101126,0.1285923,-0.7180428,0.2056793,0.6523608,-0.8839484,-0.4631502,-0.0642428,False,-1,-1,0,0,0,-1
2026-06-29 15:07:34.000,32.98318,True,22.01823,1.025971,-6.101258,0.1290916,-0.7194651,0.2058288,0.6506457,-0.8830922,-0.4641591,-0.06858949,False,-1,-1,0,0,0,-1
2026-06-29 15:07:34.038,33.02248,True,22.01806,1.025923,-6.101314,0.1293104,-0.719802,0.2059545,0.6501897,-0.8827516,-0.4646455,-0.0696722,False,-1,-1,0,0,0,-1
2026-06-29 15:07:34.078,33.0616,True,22.01782,1.025728,-6.101162,0.1292402,-0.7184259,0.2063382,0.6516026,-0.8829218,-0.464904,-0.06567758,False,-1,-1,0,0,0,-1
2026-06-29 15:07:34.114,33.09911,True,22.01776,1.025585,-6.101028,0.1290163,-0.7175778,0.2062495,0.6526087,-0.8833759,-0.4643945,-0.06312609,False,-1,-1,0,0,0,-1
2026-06-29 15:07:34.164,33.14819,True,22.0176,1.025518,-6.101093,0.1287452,-0.7184228,0.2057226,0.6518985,-0.8837057,-0.4634492,-0.06541323,False,-1,-1,0,0,0,-1
2026-06-29 15:07:34.201,33.18322,True,22.01749,1.02543,-6.101134,0.1301232,-0.7179848,0.2070628,0.651683,-0.8819097,-0.4669342,-0.06486843,False,-1,-1,0,0,0,-1
2026-06-29 15:07:34.237,33.22161,True,22.01748,1.025117,-6.100841,0.1287465,-0.7194769,0.205295,0.6508696,-0.8837093,-0.4630044,-0.0684455,False,-1,-1,0,0,0,-1
2026-06-29 15:07:34.273,33.25743,True,22.01746,1.025264,-6.100852,0.1294097,-0.7201025,0.2056545,0.6499321,-0.8828081,-0.4643997,-0.07058895,False,-1,-1,0,0,0,-1
2026-06-29 15:07:34.324,33.30688,True,22.01744,1.025283,-6.100722,0.1281036,-0.7181814,0.2051562,0.6524691,-0.8846198,-0.461846,-0.06439005,False,-1,-1,0,0,0,-1
2026-06-29 15:07:34.366,33.34797,True,22.01744,1.025185,-6.100456,0.1279054,-0.7194854,0.2044362,0.6512963,-0.8848993,-0.4607863,-0.06803805,False,-1,-1,0,0,0,-1
2026-06-29 15:07:34.401,33.38388,True,22.01729,1.025298,-6.100513,0.1274255,-0.7182005,0.2046675,0.6527344,-0.8854284,-0.4603344,-0.06409844,False,-1,-1,0,0,0,-1
2026-06-29 15:07:34.436,33.41946,True,22.0173,1.02518,-6.100612,0.1293848,-0.7188041,0.2057499,0.6513426,-0.8831336,-0.4643355,-0.06683957,False,-1,-1,0,0,0,-1
2026-06-29 15:07:34.472,33.45507,True,22.01737,1.025164,-6.100555,0.1283612,-0.7182779,0.2049682,0.6523713,-0.8845478,-0.4619266,-0.0647996,False,-1,-1,0,0,0,-1
2026-06-29 15:07:34.507,33.49107,True,22.01744,1.025337,-6.1006,0.1279579,-0.7183232,0.2047294,0.6524757,-0.8849832,-0.4611025,-0.06472302,False,-1,-1,0,0,0,-1
2026-06-29 15:07:34.545,33.52948,True,22.01725,1.025196,-6.100414,0.1275065,-0.7183506,0.2040499,0.6527466,-0.8857664,-0.4596177,-0.06457098,False,-1,-1,0,0,0,-1
2026-06-29 15:07:34.598,33.57963,True,22.01723,1.025311,-6.100471,0.1273089,-0.7156495,0.2049458,0.6554658,-0.8859847,-0.460232,-0.05672368,False,-1,-1,0,0,0,-1
2026-06-29 15:07:34.629,33.61447,True,22.01727,1.025201,-6.100356,0.1264436,-0.7163934,0.2039149,0.6551422,-0.8871115,-0.4578436,-0.05841481,False,-1,-1,0,0,0,-1
2026-06-29 15:07:34.664,33.64843,True,22.01744,1.025138,-6.100306,0.1271564,-0.7162955,0.2043274,0.6549827,-0.8863592,-0.4592881,-0.05849608,False,-1,-1,0,0,0,-1
2026-06-29 15:07:34.697,33.68246,True,22.01749,1.025088,-6.100257,0.1269147,-0.716041,0.2042356,0.6553364,-0.8866544,-0.4588258,-0.05764406,False,-1,-1,0,0,0,-1
2026-06-29 15:07:34.737,33.71925,True,22.01743,1.025118,-6.100166,0.1262779,-0.7158427,0.204048,0.6557345,-0.8872718,-0.457742,-0.05675366,False,-1,-1,0,0,0,-1
2026-06-29 15:07:34.772,33.75537,True,22.01756,1.025117,-6.10024,0.1272845,-0.7168757,0.2044587,0.6542817,-0.8860285,-0.4597027,-0.06022435,False,-1,-1,0,0,0,-1
2026-06-29 15:07:34.808,33.79029,True,22.01715,1.025145,-6.100147,0.1279028,-0.7180571,0.2042431,0.6529316,-0.8854377,-0.46034,-0.06393024,False,-1,-1,0,0,0,-1
2026-06-29 15:07:34.845,33.82737,True,22.01727,1.025196,-6.1002,0.1271266,-0.7192134,0.2027204,0.6522848,-0.8867216,-0.457444,-0.06685811,False,-1,-1,0,0,0,-1
2026-06-29 15:07:34.883,33.86629,True,22.01733,1.025098,-6.100245,0.1280696,-0.7197825,0.2029287,0.6514073,-0.885765,-0.4589798,-0.0689772,False,-1,-1,0,0,0,-1
2026-06-29 15:07:34.923,33.90681,True,22.01734,1.024918,-6.099992,0.1280002,-0.7183876,0.2037276,0.65271,-0.8856431,-0.4598048,-0.06492959,False,-1,-1,0,0,0,-1
2026-06-29 15:07:34.962,33.94355,True,22.01724,1.025096,-6.100223,0.1283654,-0.7177685,0.2045148,0.653073,-0.8850052,-0.4612526,-0.0633387,False,-1,-1,0,0,0,-1
2026-06-29 15:07:34.999,33.98088,True,22.01707,1.02526,-6.100698,0.1257284,-0.7135617,0.2044852,0.6581854,-0.8878925,-0.4573308,-0.04995571,False,-1,-1,0,0,0,-1
2026-06-29 15:07:35.040,34.02353,True,22.01588,1.02518,-6.101046,0.129657,-0.7189559,0.2074322,0.650587,-0.8816965,-0.4669755,-0.067417,False,-1,-1,0,0,0,-1
2026-06-29 15:07:35.079,34.06254,True,22.01426,1.025164,-6.101295,0.1269237,-0.7175122,0.2074643,0.6527061,-0.8839849,-0.4634041,-0.06186673,False,-1,-1,0,0,0,-1
2026-06-29 15:07:35.115,34.09964,True,22.01183,1.025289,-6.101702,0.1230921,-0.7185228,0.2048898,0.6531413,-0.8881531,-0.4552291,-0.06285332,False,-1,-1,0,0,0,-1
2026-06-29 15:07:35.155,34.13713,True,22.00938,1.025388,-6.102333,0.122499,-0.7213663,0.2034072,0.6505768,-0.888774,-0.4528521,-0.07075081,False,-1,-1,0,0,0,-1
2026-06-29 15:07:35.190,34.172,True,22.00666,1.025961,-6.103642,0.1223376,-0.726585,0.2010817,0.6455029,-0.8888257,-0.4501444,-0.08578443,False,-1,-1,0,0,0,-1
2026-06-29 15:07:35.230,34.21304,True,22.00249,1.02711,-6.105684,0.1252308,-0.7293066,0.2054065,0.6404979,-0.8827919,-0.4600286,-0.09514163,False,-1,-1,0,0,0,-1
2026-06-29 15:07:35.268,34.24815,True,21.99891,1.028188,-6.10708,0.1208941,-0.7283193,0.206169,0.6422071,-0.8856144,-0.4555919,-0.09012896,False,-1,-1,0,0,0,-1
2026-06-29 15:07:35.308,34.29077,True,21.99383,1.029038,-6.109024,0.1219683,-0.7243076,0.2147942,0.6437125,-0.8800954,-0.4681791,-0.0789955,False,-1,-1,0,0,0,-1
2026-06-29 15:07:35.346,34.32954,True,21.98901,1.029576,-6.11049,0.1150032,-0.7275859,0.2125379,0.6420442,-0.8853994,-0.4569534,-0.08521378,False,-1,-1,0,0,0,-1
2026-06-29 15:07:35.381,34.36387,True,21.98327,1.030956,-6.112498,0.1059575,-0.7328752,0.2097997,0.6384757,-0.891386,-0.4428166,-0.09666617,False,-1,-1,0,0,0,-1
2026-06-29 15:07:35.417,34.39981,True,21.97875,1.03201,-6.114034,0.1549683,-0.6840164,0.2801453,0.6554579,-0.8098605,-0.5863984,0.01621279,False,-1,-1,0,0,0,-1
2026-06-29 15:07:35.459,34.44028,True,21.9744,1.033188,-6.115499,0.1017343,-0.696413,0.2304027,0.6719924,-0.8890887,-0.4576401,0.009318187,False,-1,-1,0,0,0,-1
2026-06-29 15:07:35.496,34.47951,True,21.96918,1.034178,-6.117303,0.09190934,-0.7110004,0.222997,0.6605327,-0.898287,-0.4385201,-0.02793796,False,-1,-1,0,0,0,-1
2026-06-29 15:07:35.535,34.51879,True,21.96417,1.034549,-6.118456,0.09392847,-0.706208,0.2316324,0.6624154,-0.8920923,-0.4516006,-0.01510458,False,-1,-1,0,0,0,-1
2026-06-29 15:07:35.573,34.55693,True,21.96142,1.034521,-6.119167,0.09632975,-0.7038301,0.235258,0.663323,-0.8884087,-0.4589588,-0.009312551,False,-1,-1,0,0,0,-1
2026-06-29 15:07:35.613,34.59522,True,21.95792,1.033994,-6.119574,0.1042138,-0.7071348,0.2408075,0.6565909,-0.8784056,-0.4774184,-0.02180042,False,-1,-1,0,0,0,-1
2026-06-29 15:07:35.655,34.63537,True,21.95583,1.033729,-6.118941,0.098644,-0.7054572,0.2318401,0.6624574,-0.8889313,-0.4578014,-0.01480085,False,-1,-1,0,0,0,-1
2026-06-29 15:07:35.689,34.67287,True,21.9534,1.033209,-6.118362,0.1157277,-0.6983508,0.2461516,0.6620595,-0.8677263,-0.4970375,-0.002173416,False,-1,-1,0,0,0,-1
2026-06-29 15:07:35.729,34.71097,True,21.94921,1.032641,-6.117926,0.1735069,-0.6854688,0.3018467,0.6394658,-0.7719226,-0.6357164,5.579739E-05,False,-1,-1,0,0,0,-1
2026-06-29 15:07:35.765,34.74828,False,21.9454,1.032998,-6.118109,0,0,0,1,0,0,1,False,-1,-1,0,0,0,-1
2026-06-29 15:07:35.801,34.78426,False,21.93878,1.034086,-6.118698,0,0,0,1,0,0,1,False,-1,-1,0,0,0,-1
2026-06-29 15:07:35.842,34.82402,False,21.93161,1.035782,-6.119604,0,0,0,1,0,0,1,False,-1,-1,0,0,0,-1
2026-06-29 15:07:35.880,34.86345,False,21.92186,1.037145,-6.120458,0,0,0,1,0,0,1,False,-1,-1,0,0,0,-1
2026-06-29 15:07:35.919,34.9007,False,21.91494,1.038737,-6.120525,0,0,0,1,0,0,1,False,-1,-1,0,0,0,-1
2026-06-29 15:07:35.963,34.94623,False,21.90676,1.040262,-6.119991,0,0,0,1,0,0,1,False,-1,-1,0,0,0,-1
2026-06-29 15:07:35.998,34.98116,False,21.90197,1.041276,-6.120185,0,0,0,1,0,0,1,False,-1,-1,0,0,0,-1
2026-06-29 15:07:36.038,35.01993,False,21.89679,1.041743,-6.120752,0,0,0,1,0,0,1,False,-1,-1,0,0,0,-1
2026-06-29 15:07:36.073,35.05639,False,21.89444,1.041961,-6.121079,0,0,0,1,0,0,1,False,-1,-1,0,0,0,-1
2026-06-29 15:07:36.114,35.09718,False,21.89203,1.041705,-6.121306,0,0,0,1,0,0,1,False,-1,-1,0,0,0,-1
2026-06-29 15:07:36.153,35.13711,False,21.8913,1.041309,-6.121397,0,0,0,1,0,0,1,False,-1,-1,0,0,0,-1
2026-06-29 15:07:36.189,35.17271,False,21.89121,1.040816,-6.121222,0,0,0,1,0,0,1,False,-1,-1,0,0,0,-1
2026-06-29 15:07:36.228,35.20933,False,21.89187,1.040531,-6.121086,0,0,0,1,0,0,1,False,-1,-1,0,0,0,-1
2026-06-29 15:07:36.264,35.24768,False,21.89248,1.040327,-6.120937,0,0,0,1,0,0,1,False,-1,-1,0,0,0,-1
2026-06-29 15:07:36.297,35.28188,False,21.8929,1.040222,-6.12081,0,0,0,1,0,0,1,False,-1,-1,0,0,0,-1
2026-06-29 15:07:36.336,35.31792,False,21.89274,1.040123,-6.12124,0,0,0,1,0,0,1,False,-1,-1,0,0,0,-1
2026-06-29 15:07:36.372,35.35629,False,21.89264,1.040297,-6.121458,0,0,0,1,0,0,1,False,-1,-1,0,0,0,-1
2026-06-29 15:07:36.411,35.39331,False,21.8922,1.040471,-6.121548,0,0,0,1,0,0,1,False,-1,-1,0,0,0,-1
2026-06-29 15:07:36.450,35.43215,False,21.89245,1.040573,-6.122183,0,0,0,1,0,0,1,False,-1,-1,0,0,0,-1
2026-06-29 15:07:36.490,35.47284,False,21.8928,1.04082,-6.122741,0,0,0,1,0,0,1,False,-1,-1,0,0,0,-1
2026-06-29 15:07:36.531,35.51171,False,21.89361,1.04151,-6.123631,0,0,0,1,0,0,1,False,-1,-1,0,0,0,-1
2026-06-29 15:07:36.569,35.55066,False,21.89428,1.042452,-6.124201,0,0,0,1,0,0,1,False,-1,-1,0,0,0,-1
2026-06-29 15:07:36.604,35.58768,False,21.89519,1.043784,-6.124938,0,0,0,1,0,0,1,False,-1,-1,0,0,0,-1
2026-06-29 15:07:36.643,35.62562,False,21.89597,1.044354,-6.125202,0,0,0,1,0,0,1,False,-1,-1,0,0,0,-1
2026-06-29 15:07:36.679,35.66294,False,21.89724,1.045177,-6.125271,0,0,0,1,0,0,1,False,-1,-1,0,0,0,-1
2026-06-29 15:07:36.713,35.69735,False,21.8982,1.045572,-6.124985,0,0,0,1,0,0,1,False,-1,-1,0,0,0,-1
2026-06-29 15:07:36.747,35.73218,False,21.89972,1.045662,-6.124659,0,0,0,1,0,0,1,False,-1,-1,0,0,0,-1
2026-06-29 15:07:36.789,35.77346,False,21.90159,1.045695,-6.124598,0,0,0,1,0,0,1,False,-1,-1,0,0,0,-1
2026-06-29 15:07:36.842,35.8252,False,21.90425,1.04619,-6.124646,0,0,0,1,0,0,1,False,-1,-1,0,0,0,-1
2026-06-29 15:07:36.879,35.86228,False,21.9067,1.047033,-6.125605,0,0,0,1,0,0,1,False,-1,-1,0,0,0,-1
2026-06-29 15:07:36.915,35.89827,False,21.90829,1.047893,-6.126844,0,0,0,1,0,0,1,False,-1,-1,0,0,0,-1
2026-06-29 15:07:36.956,35.93733,False,21.9096,1.048827,-6.128393,0,0,0,1,0,0,1,False,-1,-1,0,0,0,-1
2026-06-29 15:07:36.997,35.98015,False,21.91079,1.04993,-6.130433,0,0,0,1,0,0,1,False,-1,-1,0,0,0,-1
2026-06-29 15:07:37.033,36.01502,False,21.91103,1.050596,-6.132366,0,0,0,1,0,0,1,False,-1,-1,0,0,0,-1
2026-06-29 15:07:37.071,36.05426,False,21.91101,1.051791,-6.134789,0,0,0,1,0,0,1,False,-1,-1,0,0,0,-1
2026-06-29 15:07:37.098,36.08847,False,21.91073,1.053332,-6.137262,0,0,0,1,0,0,1,False,-1,-1,0,0,0,-1
2026-06-29 15:07:37.132,36.12189,False,21.9099,1.05448,-6.139585,0,0,0,1,0,0,1,False,-1,-1,0,0,0,-1
2026-06-29 15:07:37.175,36.16566,False,21.90886,1.055377,-6.142653,0,0,0,1,0,0,1,False,-1,-1,0,0,0,-1
2026-06-29 15:07:37.220,36.21009,False,21.90752,1.055913,-6.145543,0,0,0,1,0,0,1,False,-1,-1,0,0,0,-1
2026-06-29 15:07:37.264,36.25454,False,21.90606,1.056717,-6.14871,0,0,0,1,0,0,1,False,-1,-1,0,0,0,-1
2026-06-29 15:07:37.299,36.28897,False,21.90507,1.057089,-6.151501,0,0,0,1,0,0,1,False,-1,-1,0,0,0,-1
2026-06-29 15:07:37.341,36.33157,False,21.90378,1.057765,-6.154947,0,0,0,1,0,0,1,False,-1,-1,0,0,0,-1
2026-06-29 15:07:37.375,36.36584,False,21.90246,1.058177,-6.157618,0,0,0,1,0,0,1,False,-1,-1,0,0,0,-1
2026-06-29 15:07:37.420,36.41054,False,21.90101,1.058366,-6.160685,0,0,0,1,0,0,1,False,-1,-1,0,0,0,-1
2026-06-29 15:07:37.465,36.45534,False,21.90015,1.058578,-6.162228,0,0,0,1,0,0,1,False,-1,-1,0,0,0,-1
2026-06-29 15:07:37.499,36.48877,False,21.89944,1.058665,-6.163562,0,0,0,1,0,0,1,False,-1,-1,0,0,0,-1
2026-06-29 15:07:37.543,36.53319,False,21.89914,1.058828,-6.165252,0,0,0,1,0,0,1,False,-1,-1,0,0,0,-1
2026-06-29 15:07:37.587,36.57658,False,21.8992,1.059023,-6.166431,0,0,0,1,0,0,1,False,-1,-1,0,0,0,-1
2026-06-29 15:07:37.620,36.6106,False,21.89944,1.059082,-6.167117,0,0,0,1,0,0,1,False,-1,-1,0,0,0,-1
2026-06-29 15:07:37.654,36.6447,False,21.90004,1.059048,-6.167591,0,0,0,1,0,0,1,False,-1,-1,0,0,0,-1
2026-06-29 15:07:37.689,36.67975,False,21.90082,1.059059,-6.168154,0,0,0,1,0,0,1,False,-1,-1,0,0,0,-1
2026-06-29 15:07:37.724,36.71452,False,21.90172,1.059119,-6.169062,0,0,0,1,0,0,1,False,-1,-1,0,0,0,-1
2026-06-29 15:07:37.769,36.75914,False,21.90319,1.059703,-6.170837,0,0,0,1,0,0,1,False,-1,-1,0,0,0,-1
2026-06-29 15:07:37.813,36.80362,False,21.90461,1.060605,-6.172946,0,0,0,1,0,0,1,False,-1,-1,0,0,0,-1
2026-06-29 15:07:37.857,36.84757,False,21.90554,1.061725,-6.175105,0,0,0,1,0,0,1,False,-1,-1,0,0,0,-1
2026-06-29 15:07:37.890,36.88108,False,21.90592,1.062512,-6.177215,0,0,0,1,0,0,1,False,-1,-1,0,0,0,-1
2026-06-29 15:07:37.925,36.91513,False,21.90647,1.063281,-6.179383,0,0,0,1,0,0,1,False,-1,-1,0,0,0,-1
2026-06-29 15:07:37.969,36.95917,False,21.90727,1.064526,-6.18267,0,0,0,1,0,0,1,False,-1,-1,0,0,0,-1
2026-06-29 15:07:38.004,36.99434,False,21.90793,1.065488,-6.18519,0,0,0,1,0,0,1,False,-1,-1,0,0,0,-1
2026-06-29 15:07:38.046,37.03742,False,21.90891,1.066294,-6.188583,0,0,0,1,0,0,1,False,-1,-1,0,0,0,-1
2026-06-29 15:07:38.090,37.08079,False,21.90996,1.066599,-6.191872,0,0,0,1,0,0,1,False,-1,-1,0,0,0,-1
2026-06-29 15:07:38.124,37.11476,False,21.91046,1.066471,-6.194055,0,0,0,1,0,0,1,False,-1,-1,0,0,0,-1
2026-06-29 15:07:38.158,37.14891,False,21.91092,1.066638,-6.196014,0,0,0,1,0,0,1,False,-1,-1,0,0,0,-1
2026-06-29 15:07:38.202,37.1921,False,21.91128,1.066597,-6.19782,0,0,0,1,0,0,1,False,-1,-1,0,0,0,-1
2026-06-29 15:07:38.245,37.23639,False,21.91085,1.066656,-6.198708,0,0,0,1,0,0,1,False,-1,-1,0,0,0,-1
2026-06-29 15:07:38.280,37.27038,False,21.91012,1.066859,-6.198806,0,0,0,1,0,0,1,False,-1,-1,0,0,0,-1
2026-06-29 15:07:38.323,37.31441,False,21.90913,1.067315,-6.198811,0,0,0,1,0,0,1,False,-1,-1,0,0,0,-1
2026-06-29 15:07:38.368,37.35851,False,21.90783,1.067032,-6.198548,0,0,0,1,0,0,1,False,-1,-1,0,0,0,-1
2026-06-29 15:07:38.402,37.39238,False,21.90702,1.066558,-6.198462,0,0,0,1,0,0,1,False,-1,-1,0,0,0,-1
2026-06-29 15:07:38.447,37.43684,False,21.90591,1.066097,-6.198212,0,0,0,1,0,0,1,False,-1,-1,0,0,0,-1
2026-06-29 15:07:38.489,37.48064,False,21.90461,1.065868,-6.197727,0,0,0,1,0,0,1,False,-1,-1,0,0,0,-1
2026-06-29 15:07:38.523,37.51413,False,21.90363,1.065695,-6.197178,0,0,0,1,0,0,1,False,-1,-1,0,0,0,-1
2026-06-29 15:07:38.557,37.54775,False,21.90241,1.065412,-6.196463,0,0,0,1,0,0,1,False,-1,-1,0,0,0,-1
2026-06-29 15:07:38.591,37.58136,False,21.90116,1.065124,-6.195735,0,0,0,1,0,0,1,False,-1,-1,0,0,0,-1
2026-06-29 15:07:38.634,37.62511,False,21.89925,1.064556,-6.194798,0,0,0,1,0,0,1,False,-1,-1,0,0,0,-1
2026-06-29 15:07:38.669,37.659,False,21.89818,1.064267,-6.194151,0,0,0,1,0,0,1,False,-1,-1,0,0,0,-1
2026-06-29 15:07:38.712,37.70306,False,21.89662,1.064156,-6.193038,0,0,0,1,0,0,1,False,-1,-1,0,0,0,-1
2026-06-29 15:07:38.747,37.73725,False,21.8957,1.064161,-6.192185,0,0,0,1,0,0,1,False,-1,-1,0,0,0,-1
2026-06-29 15:07:38.791,37.78082,False,21.89464,1.064453,-6.190907,0,0,0,1,0,0,1,False,-1,-1,0,0,0,-1
2026-06-29 15:07:38.835,37.82513,False,21.8933,1.064395,-6.18933,0,0,0,1,0,0,1,False,-1,-1,0,0,0,-1
2026-06-29 15:07:38.880,37.86988,False,21.89214,1.063976,-6.187139,0,0,0,1,0,0,1,False,-1,-1,0,0,0,-1
2026-06-29 15:07:38.914,37.90364,False,21.89138,1.063693,-6.185577,0,0,0,1,0,0,1,False,-1,-1,0,0,0,-1
2026-06-29 15:07:38.956,37.94736,False,21.89056,1.063431,-6.183901,0,0,0,1,0,0,1,False,-1,-1,0,0,0,-1
2026-06-29 15:07:38.990,37.98086,False,21.89005,1.062841,-6.182819,0,0,0,1,0,0,1,False,-1,-1,0,0,0,-1
2026-06-29 15:07:39.035,38.02499,False,21.8892,1.061607,-6.181201,0,0,0,1,0,0,1,False,-1,-1,0,0,0,-1
2026-06-29 15:07:39.069,38.06012,False,21.88872,1.061055,-6.180117,0,0,0,1,0,0,1,False,-1,-1,0,0,0,-1
2026-06-29 15:07:39.114,38.10405,False,21.88807,1.06051,-6.179088,0,0,0,1,0,0,1,False,-1,-1,0,0,0,-1
2026-06-29 15:07:39.157,38.14789,False,21.88767,1.060091,-6.178147,0,0,0,1,0,0,1,False,-1,-1,0,0,0,-1
2026-06-29 15:07:39.192,38.18141,False,21.88733,1.060039,-6.177435,0,0,0,1,0,0,1,False,-1,-1,0,0,0,-1
2026-06-29 15:07:39.225,38.21552,False,21.88665,1.05999,-6.176802,0,0,0,1,0,0,1,False,-1,-1,0,0,0,-1
2026-06-29 15:07:39.269,38.2593,False,21.88616,1.059897,-6.175861,0,0,0,1,0,0,1,False,-1,-1,0,0,0,-1
2026-06-29 15:07:39.312,38.30299,False,21.88598,1.059821,-6.174932,0,0,0,1,0,0,1,False,-1,-1,0,0,0,-1
2026-06-29 15:07:39.348,38.33817,False,21.88607,1.059679,-6.174289,0,0,0,1,0,0,1,False,-1,-1,0,0,0,-1
2026-06-29 15:07:39.396,38.38727,False,21.88644,1.059393,-6.173897,0,0,0,1,0,0,1,False,-1,-1,0,0,0,-1
2026-06-29 15:07:39.433,38.42296,False,21.88701,1.05899,-6.173362,0,0,0,1,0,0,1,False,-1,-1,0,0,0,-1
2026-06-29 15:07:39.469,38.45877,False,21.88783,1.058668,-6.172943,0,0,0,1,0,0,1,False,-1,-1,0,0,0,-1
2026-06-29 15:07:39.508,38.49845,False,21.88861,1.058289,-6.172252,0,0,0,1,0,0,1,False,-1,-1,0,0,0,-1
2026-06-29 15:07:39.542,38.53222,False,21.88894,1.058444,-6.172215,0,0,0,1,0,0,1,False,-1,-1,0,0,0,-1
2026-06-29 15:07:39.586,38.5766,False,21.88947,1.058534,-6.172349,0,0,0,1,0,0,1,False,-1,-1,0,0,0,-1
2026-06-29 15:07:39.620,38.61037,False,21.89002,1.058625,-6.172492,0,0,0,1,0,0,1,False,-1,-1,0,0,0,-1
2026-06-29 15:07:39.669,38.65977,False,21.89082,1.058774,-6.172532,0,0,0,1,0,0,1,False,-1,-1,0,0,0,-1
2026-06-29 15:07:39.717,38.70881,False,21.89142,1.058924,-6.17298,0,0,0,1,0,0,1,False,-1,-1,0,0,0,-1
2026-06-29 15:07:39.753,38.7429,False,21.89167,1.059106,-6.173513,0,0,0,1,0,0,1,False,-1,-1,0,0,0,-1
2026-06-29 15:07:39.787,38.77737,False,21.89226,1.059487,-6.174234,0,0,0,1,0,0,1,False,-1,-1,0,0,0,-1
2026-06-29 15:07:39.821,38.81168,False,21.89265,1.059828,-6.174922,0,0,0,1,0,0,1,False,-1,-1,0,0,0,-1
2026-06-29 15:07:39.862,38.85344,False,21.89318,1.060029,-6.175606,0,0,0,1,0,0,1,False,-1,-1,0,0,0,-1
2026-06-29 15:07:39.908,38.89857,False,21.89334,1.060087,-6.176083,0,0,0,1,0,0,1,False,-1,-1,0,0,0,-1
2026-06-29 15:07:39.952,38.94217,False,21.89358,1.06019,-6.176367,0,0,0,1,0,0,1,False,-1,-1,0,0,0,-1
2026-06-29 15:07:39.986,38.97601,False,21.8939,1.060215,-6.176566,0,0,0,1,0,0,1,False,-1,-1,0,0,0,-1
2026-06-29 15:07:40.019,39.00935,False,21.89417,1.060058,-6.176558,0,0,0,1,0,0,1,False,-1,-1,0,0,0,-1
2026-06-29 15:07:40.062,39.05331,False,21.89437,1.0599,-6.17648,0,0,0,1,0,0,1,False,-1,-1,0,0,0,-1
2026-06-29 15:07:40.098,39.08812,False,21.8946,1.059862,-6.176426,0,0,0,1,0,0,1,False,-1,-1,0,0,0,-1
2026-06-29 15:07:40.140,39.13089,False,21.89477,1.059839,-6.176294,0,0,0,1,0,0,1,False,-1,-1,0,0,0,-1
2026-06-29 15:07:40.174,39.16457,False,21.89501,1.059921,-6.176353,0,0,0,1,0,0,1,False,-1,-1,0,0,0,-1
2026-06-29 15:07:40.218,39.20848,False,21.89507,1.059915,-6.176228,0,0,0,1,0,0,1,False,-1,-1,0,0,0,-1
2026-06-29 15:07:40.253,39.24299,False,21.89524,1.059948,-6.176303,0,0,0,1,0,0,1,False,-1,-1,0,0,0,-1
2026-06-29 15:07:40.298,39.28782,False,21.89555,1.059734,-6.176092,0,0,0,1,0,0,1,False,-1,-1,0,0,0,-1
2026-06-29 15:07:40.331,39.32217,False,21.89563,1.059625,-6.176028,0,0,0,1,0,0,1,False,-1,-1,0,0,0,-1
2026-06-29 15:07:40.376,39.36669,False,21.89602,1.059688,-6.176091,0,0,0,1,0,0,1,False,-1,-1,0,0,0,-1
2026-06-29 15:07:40.410,39.40088,False,21.89629,1.059756,-6.175938,0,0,0,1,0,0,1,False,-1,-1,0,0,0,-1
2026-06-29 15:07:40.445,39.43485,False,21.89656,1.059926,-6.176104,0,0,0,1,0,0,1,False,-1,-1,0,0,0,-1
2026-06-29 15:07:40.478,39.46874,False,21.89673,1.059991,-6.176295,0,0,0,1,0,0,1,False,-1,-1,0,0,0,-1
2026-06-29 15:07:40.512,39.50327,False,21.89666,1.06008,-6.176245,0,0,0,1,0,0,1,False,-1,-1,0,0,0,-1
2026-06-29 15:07:40.556,39.54704,False,21.89645,1.060274,-6.176561,0,0,0,1,0,0,1,False,-1,-1,0,0,0,-1
2026-06-29 15:07:40.601,39.59127,False,21.89612,1.060364,-6.177133,0,0,0,1,0,0,1,False,-1,-1,0,0,0,-1
2026-06-29 15:07:40.645,39.63539,False,21.89582,1.060706,-6.177792,0,0,0,1,0,0,1,False,-1,-1,0,0,0,-1
2026-06-29 15:07:40.676,39.66895,False,21.89552,1.060951,-6.178343,0,0,0,1,0,0,1,False,-1,-1,0,0,0,-1
2026-06-29 15:07:40.712,39.70306,False,21.89517,1.061333,-6.179011,0,0,0,1,0,0,1,False,-1,-1,0,0,0,-1
2026-06-29 15:07:40.756,39.74668,False,21.89476,1.061908,-6.180049,0,0,0,1,0,0,1,False,-1,-1,0,0,0,-1
2026-06-29 15:07:40.791,39.78079,False,21.89444,1.062391,-6.180937,0,0,0,1,0,0,1,False,-1,-1,0,0,0,-1
2026-06-29 15:07:40.832,39.82264,False,21.89432,1.06314,-6.181822,0,0,0,1,0,0,1,False,-1,-1,0,0,0,-1
2026-06-29 15:07:40.866,39.85633,False,21.89413,1.06359,-6.18257,0,0,0,1,0,0,1,False,-1,-1,0,0,0,-1
2026-06-29 15:07:40.899,39.88981,False,21.89411,1.064106,-6.18323,0,0,0,1,0,0,1,False,-1,-1,0,0,0,-1
2026-06-29 15:07:40.942,39.93275,False,21.89391,1.064592,-6.183978,0,0,0,1,0,0,1,False,-1,-1,0,0,0,-1
2026-06-29 15:07:40.975,39.96623,False,21.89416,1.065018,-6.184473,0,0,0,1,0,0,1,False,-1,-1,0,0,0,-1
2026-06-29 15:07:41.009,40.00018,False,21.89438,1.065476,-6.184897,0,0,0,1,0,0,1,False,-1,-1,0,0,0,-1
2026-06-29 15:07:41.054,40.04399,False,21.89427,1.065635,-6.185521,0,0,0,1,0,0,1,False,-1,-1,0,0,0,-1
2026-06-29 15:07:41.087,40.07751,False,21.89446,1.065618,-6.185776,0,0,0,1,0,0,1,False,-1,-1,0,0,0,-1
2026-06-29 15:07:41.121,40.11166,False,21.89476,1.065808,-6.185915,0,0,0,1,0,0,1,False,-1,-1,0,0,0,-1
2026-06-29 15:07:41.154,40.145,False,21.89503,1.066027,-6.186053,0,0,0,1,0,0,1,False,-1,-1,0,0,0,-1
2026-06-29 15:07:41.199,40.1898,False,21.89554,1.066386,-6.1863,0,0,0,1,0,0,1,False,-1,-1,0,0,0,-1
2026-06-29 15:07:41.244,40.23438,False,21.89567,1.066685,-6.186186,0,0,0,1,0,0,1,False,-1,-1,0,0,0,-1
2026-06-29 15:07:41.280,40.26906,False,21.89588,1.066827,-6.185988,0,0,0,1,0,0,1,False,-1,-1,0,0,0,-1
2026-06-29 15:07:41.312,40.30251,False,21.89601,1.066812,-6.186155,0,0,0,1,0,0,1,False,-1,-1,0,0,0,-1
2026-06-29 15:07:41.356,40.34662,False,21.89588,1.066783,-6.186073,0,0,0,1,0,0,1,False,-1,-1,0,0,0,-1
2026-06-29 15:07:41.401,40.39081,False,21.89574,1.066877,-6.186064,0,0,0,1,0,0,1,False,-1,-1,0,0,0,-1
2026-06-29 15:07:41.434,40.42443,False,21.89576,1.066904,-6.186096,0,0,0,1,0,0,1,False,-1,-1,0,0,0,-1
2026-06-29 15:07:41.479,40.46871,False,21.89583,1.066946,-6.186365,0,0,0,1,0,0,1,False,-1,-1,0,0,0,-1
2026-06-29 15:07:41.523,40.51335,False,21.89595,1.066939,-6.186488,0,0,0,1,0,0,1,False,-1,-1,0,0,0,-1
2026-06-29 15:07:41.557,40.5471,False,21.89598,1.067028,-6.186442,0,0,0,1,0,0,1,False,-1,-1,0,0,0,-1
2026-06-29 15:07:41.601,40.59119,False,21.89601,1.067001,-6.186223,0,0,0,1,0,0,1,False,-1,-1,0,0,0,-1
2026-06-29 15:07:41.645,40.63535,False,21.89589,1.066975,-6.186153,0,0,0,1,0,0,1,False,-1,-1,0,0,0,-1
2026-06-29 15:07:41.688,40.67954,False,21.89578,1.066925,-6.186028,0,0,0,1,0,0,1,False,-1,-1,0,0,0,-1
2026-06-29 15:07:41.723,40.7132,False,21.89581,1.06702,-6.18597,0,0,0,1,0,0,1,False,-1,-1,0,0,0,-1
2026-06-29 15:07:41.767,40.7571,False,21.89549,1.067026,-6.185565,0,0,0,1,0,0,1,False,-1,-1,0,0,0,-1
2026-06-29 15:07:41.800,40.79052,False,21.89536,1.066864,-6.185359,0,0,0,1,0,0,1,False,-1,-1,0,0,0,-1
2026-06-29 15:07:41.843,40.83452,False,21.89512,1.066776,-6.185061,0,0,0,1,0,0,1,False,-1,-1,0,0,0,-1
2026-06-29 15:07:41.877,40.8684,False,21.89504,1.06658,-6.184912,0,0,0,1,0,0,1,False,-1,-1,0,0,0,-1
2026-06-29 15:07:41.922,40.91328,False,21.89487,1.066323,-6.184407,0,0,0,1,0,0,1,False,-1,-1,0,0,0,-1
2026-06-29 15:07:41.966,40.95694,False,21.89491,1.066022,-6.184095,0,0,0,1,0,0,1,False,-1,-1,0,0,0,-1
2026-06-29 15:07:42.000,40.99036,False,21.89493,1.065875,-6.183941,0,0,0,1,0,0,1,False,-1,-1,0,0,0,-1
2026-06-29 15:07:42.034,41.02405,False,21.89509,1.065869,-6.183889,0,0,0,1,0,0,1,False,-1,-1,0,0,0,-1
2026-06-29 15:07:42.068,41.05791,False,21.89511,1.065632,-6.183732,0,0,0,1,0,0,1,False,-1,-1,0,0,0,-1
2026-06-29 15:07:42.111,41.10142,False,21.89508,1.065586,-6.183698,0,0,0,1,0,0,1,False,-1,-1,0,0,0,-1
2026-06-29 15:07:42.155,41.14581,False,21.89457,1.065727,-6.183594,0,0,0,1,0,0,1,False,-1,-1,0,0,0,-1
2026-06-29 15:07:42.190,41.17988,False,21.89418,1.065626,-6.183668,0,0,0,1,0,0,1,False,-1,-1,0,0,0,-1
2026-06-29 15:07:42.233,41.22355,False,21.89397,1.065572,-6.183867,0,0,0,1,0,0,1,False,-1,-1,0,0,0,-1
2026-06-29 15:07:42.267,41.25692,False,21.89354,1.065648,-6.184055,0,0,0,1,0,0,1,False,-1,-1,0,0,0,-1
2026-06-29 15:07:42.311,41.30098,False,21.89321,1.065664,-6.184245,0,0,0,1,0,0,1,False,-1,-1,0,0,0,-1
2026-06-29 15:07:42.346,41.33602,False,21.89304,1.065659,-6.184433,0,0,0,1,0,0,1,False,-1,-1,0,0,0,-1
2026-06-29 15:07:42.388,41.37913,False,21.89299,1.065632,-6.184596,0,0,0,1,0,0,1,False,-1,-1,0,0,0,-1
2026-06-29 15:07:42.421,41.41277,False,21.89299,1.065605,-6.184599,0,0,0,1,0,0,1,False,-1,-1,0,0,0,-1
2026-06-29 15:07:42.466,41.45663,False,21.89327,1.065729,-6.184434,0,0,0,1,0,0,1,False,-1,-1,0,0,0,-1
2026-06-29 15:07:42.501,41.49122,False,21.8932,1.065585,-6.18412,0,0,0,1,0,0,1,False,-1,-1,0,0,0,-1
2026-06-29 15:07:42.543,41.5345,False,21.89313,1.065518,-6.184069,0,0,0,1,0,0,1,False,-1,-1,0,0,0,-1
2026-06-29 15:07:42.579,41.56928,False,21.89295,1.065518,-6.184223,0,0,0,1,0,0,1,False,-1,-1,0,0,0,-1
2026-06-29 15:07:42.622,41.61259,False,21.89267,1.065521,-6.184149,0,0,0,1,0,0,1,False,-1,-1,0,0,0,-1
2026-06-29 15:07:42.665,41.65637,False,21.89228,1.06586,-6.184356,0,0,0,1,0,0,1,False,-1,-1,0,0,0,-1
2026-06-29 15:07:42.710,41.70052,False,21.89135,1.065683,-6.184516,0,0,0,1,0,0,1,False,-1,-1,0,0,0,-1
2026-06-29 15:07:42.744,41.73417,False,21.89087,1.065887,-6.184995,0,0,0,1,0,0,1,False,-1,-1,0,0,0,-1
2026-06-29 15:07:42.777,41.76765,False,21.89064,1.065951,-6.185219,0,0,0,1,0,0,1,False,-1,-1,0,0,0,-1
2026-06-29 15:07:42.811,41.80101,False,21.89045,1.065904,-6.185451,0,0,0,1,0,0,1,False,-1,-1,0,0,0,-1
2026-06-29 15:07:42.855,41.84521,False,21.89055,1.065863,-6.185443,0,0,0,1,0,0,1,False,-1,-1,0,0,0,-1
2026-06-29 15:07:42.899,41.88949,False,21.89059,1.065887,-6.185284,0,0,0,1,0,0,1,False,-1,-1,0,0,0,-1
2026-06-29 15:07:42.932,41.92311,False,21.891,1.065884,-6.185091,0,0,0,1,0,0,1,False,-1,-1,0,0,0,-1
2026-06-29 15:07:42.977,41.96729,False,21.89145,1.065827,-6.184813,0,0,0,1,0,0,1,False,-1,-1,0,0,0,-1
2026-06-29 15:07:43.010,42.00098,False,21.89154,1.065593,-6.184458,0,0,0,1,0,0,1,False,-1,-1,0,0,0,-1
2026-06-29 15:07:43.055,42.04541,False,21.89202,1.065504,-6.184233,0,0,0,1,0,0,1,False,-1,-1,0,0,0,-1
2026-06-29 15:07:43.087,42.07875,False,21.8923,1.065569,-6.184233,0,0,0,1,0,0,1,False,-1,-1,0,0,0,-1
2026-06-29 15:07:43.121,42.11215,False,21.8927,1.065649,-6.184192,0,0,0,1,0,0,1,False,-1,-1,0,0,0,-1
2026-06-29 15:07:43.166,42.15649,False,21.89308,1.06543,-6.183739,0,0,0,1,0,0,1,False,-1,-1,0,0,0,-1
2026-06-29 15:07:43.202,42.19191,False,21.89335,1.065418,-6.18359,0,0,0,1,0,0,1,False,-1,-1,0,0,0,-1
2026-06-29 15:07:43.243,42.23396,False,21.89373,1.065345,-6.1834,0,0,0,1,0,0,1,False,-1,-1,0,0,0,-1
2026-06-29 15:07:43.287,42.27848,False,21.89407,1.065227,-6.18322,0,0,0,1,0,0,1,False,-1,-1,0,0,0,-1
2026-06-29 15:07:43.332,42.3225,False,21.89411,1.065062,-6.182981,0,0,0,1,0,0,1,False,-1,-1,0,0,0,-1
2026-06-29 15:07:43.366,42.35666,False,21.89375,1.065188,-6.183026,0,0,0,1,0,0,1,False,-1,-1,0,0,0,-1
2026-06-29 15:07:43.401,42.39075,False,21.89333,1.065222,-6.183101,0,0,0,1,0,0,1,False,-1,-1,0,0,0,-1
2026-06-29 15:07:43.442,42.43338,False,21.89305,1.065336,-6.183423,0,0,0,1,0,0,1,False,-1,-1,0,0,0,-1
2026-06-29 15:07:43.477,42.46716,False,21.89278,1.06536,-6.183698,0,0,0,1,0,0,1,False,-1,-1,0,0,0,-1
2026-06-29 15:07:43.521,42.51177,False,21.89243,1.065375,-6.183877,0,0,0,1,0,0,1,False,-1,-1,0,0,0,-1
2026-06-29 15:07:43.555,42.54518,False,21.89223,1.065221,-6.183858,0,0,0,1,0,0,1,False,-1,-1,0,0,0,-1
2026-06-29 15:07:43.599,42.58932,False,21.89225,1.065192,-6.183964,0,0,0,1,0,0,1,False,-1,-1,0,0,0,-1
2026-06-29 15:07:43.634,42.62382,False,21.89226,1.065228,-6.183984,0,0,0,1,0,0,1,False,-1,-1,0,0,0,-1
2026-06-29 15:07:43.676,42.66672,False,21.89261,1.065204,-6.183878,0,0,0,1,0,0,1,False,-1,-1,0,0,0,-1
2026-06-29 15:07:43.721,42.71116,False,21.89298,1.065151,-6.183725,0,0,0,1,0,0,1,False,-1,-1,0,0,0,-1
2026-06-29 15:07:43.772,42.76235,False,21.89332,1.064989,-6.183617,0,0,0,1,0,0,1,False,-1,-1,0,0,0,-1
2026-06-29 15:07:43.806,42.7961,False,21.89373,1.064928,-6.183598,0,0,0,1,0,0,1,False,-1,-1,0,0,0,-1
2026-06-29 15:07:43.851,42.84084,False,21.8941,1.064853,-6.18372,0,0,0,1,0,0,1,False,-1,-1,0,0,0,-1
2026-06-29 15:07:43.895,42.88456,False,21.89443,1.06467,-6.183934,0,0,0,1,0,0,1,False,-1,-1,0,0,0,-1
2026-06-29 15:07:43.928,42.91826,False,21.89468,1.064646,-6.184278,0,0,0,1,0,0,1,False,-1,-1,0,0,0,-1
2026-06-29 15:07:43.971,42.96207,False,21.89512,1.06462,-6.184551,0,0,0,1,0,0,1,False,-1,-1,0,0,0,-1
2026-06-29 15:07:44.005,42.99625,False,21.89537,1.064743,-6.184911,0,0,0,1,0,0,1,False,-1,-1,0,0,0,-1
2026-06-29 15:07:44.048,43.03988,False,21.89572,1.064921,-6.185249,0,0,0,1,0,0,1,False,-1,-1,0,0,0,-1
2026-06-29 15:07:44.083,43.07384,False,21.89601,1.064981,-6.185665,0,0,0,1,0,0,1,False,-1,-1,0,0,0,-1
2026-06-29 15:07:44.116,43.10733,False,21.89642,1.065045,-6.185914,0,0,0,1,0,0,1,False,-1,-1,0,0,0,-1
2026-06-29 15:07:44.160,43.15118,False,21.89702,1.065084,-6.18622,0,0,0,1,0,0,1,False,-1,-1,0,0,0,-1
2026-06-29 15:07:44.194,43.18512,False,21.89731,1.065274,-6.186211,0,0,0,1,0,0,1,False,-1,-1,0,0,0,-1
2026-06-29 15:07:44.229,43.21986,False,21.89728,1.065283,-6.185798,0,0,0,1,0,0,1,False,-1,-1,0,0,0,-1
2026-06-29 15:07:44.264,43.25471,False,21.89688,1.065239,-6.18536,0,0,0,1,0,0,1,False,-1,-1,0,0,0,-1
2026-06-29 15:07:44.309,43.29881,False,21.89637,1.06505,-6.184673,0,0,0,1,0,0,1,False,-1,-1,0,0,0,-1
2026-06-29 15:07:44.342,43.3327,False,21.89558,1.064988,-6.183867,0,0,0,1,0,0,1,False,-1,-1,0,0,0,-1
2026-06-29 15:07:44.377,43.36723,False,21.89469,1.065127,-6.183281,0,0,0,1,0,0,1,False,-1,-1,0,0,0,-1
2026-06-29 15:07:44.422,43.41242,False,21.89363,1.065258,-6.182595,0,0,0,1,0,0,1,False,-1,-1,0,0,0,-1
2026-06-29 15:07:44.465,43.4559,False,21.89256,1.064754,-6.182108,0,0,0,1,0,0,1,False,-1,-1,0,0,0,-1
2026-06-29 15:07:44.498,43.48935,False,21.89186,1.064509,-6.182162,0,0,0,1,0,0,1,False,-1,-1,0,0,0,-1
2026-06-29 15:07:44.544,43.53417,False,21.891,1.063885,-6.182485,0,0,0,1,0,0,1,False,-1,-1,0,0,0,-1
2026-06-29 15:07:44.588,43.57878,False,21.88998,1.063128,-6.183232,0,0,0,1,0,0,1,False,-1,-1,0,0,0,-1
2026-06-29 15:07:44.633,43.62297,False,21.88927,1.062882,-6.184261,0,0,0,1,0,0,1,False,-1,-1,0,0,0,-1
2026-06-29 15:07:44.666,43.65665,False,21.88863,1.06305,-6.18506,0,0,0,1,0,0,1,False,-1,-1,0,0,0,-1
2026-06-29 15:07:44.710,43.70007,False,21.88759,1.063573,-6.185468,0,0,0,1,0,0,1,False,-1,-1,0,0,0,-1
2026-06-29 15:07:44.743,43.73343,False,21.88662,1.064036,-6.185357,0,0,0,1,0,0,1,False,-1,-1,0,0,0,-1
2026-06-29 15:07:44.788,43.77808,False,21.88539,1.064285,-6.184738,0,0,0,1,0,0,1,False,-1,-1,0,0,0,-1
2026-06-29 15:07:44.832,43.82187,False,21.88422,1.064021,-6.183641,0,0,0,1,0,0,1,False,-1,-1,0,0,0,-1
2026-06-29 15:07:44.876,43.86683,False,21.8835,1.063703,-6.182672,0,0,0,1,0,0,1,False,-1,-1,0,0,0,-1
2026-06-29 15:07:44.910,43.90029,False,21.88313,1.063224,-6.181892,0,0,0,1,0,0,1,False,-1,-1,0,0,0,-1
2026-06-29 15:07:44.954,43.94498,False,21.88312,1.062781,-6.181398,0,0,0,1,0,0,1,False,-1,-1,0,0,0,-1
2026-06-29 15:07:44.999,43.98938,False,21.88307,1.062386,-6.180931,0,0,0,1,0,0,1,False,-1,-1,0,0,0,-1
2026-06-29 15:07:45.042,44.0334,False,21.88299,1.062286,-6.18032,0,0,0,1,0,0,1,False,-1,-1,0,0,0,-1
2026-06-29 15:07:45.088,44.078,False,21.88322,1.062349,-6.179797,0,0,0,1,0,0,1,False,-1,-1,0,0,0,-1
2026-06-29 15:07:45.121,44.11141,False,21.88339,1.06231,-6.17939,0,0,0,1,0,0,1,False,-1,-1,0,0,0,-1
2026-06-29 15:07:45.165,44.15538,False,21.88417,1.062289,-6.17886,0,0,0,1,0,0,1,False,-1,-1,0,0,0,-1
2026-06-29 15:07:45.209,44.19979,False,21.88506,1.062061,-6.178337,0,0,0,1,0,0,1,False,-1,-1,0,0,0,-1
2026-06-29 15:07:45.242,44.23355,False,21.88576,1.06202,-6.178139,0,0,0,1,0,0,1,False,-1,-1,0,0,0,-1
2026-06-29 15:07:45.277,44.26734,False,21.88636,1.062063,-6.177931,0,0,0,1,0,0,1,False,-1,-1,0,0,0,-1
2026-06-29 15:07:45.320,44.31098,False,21.88706,1.062142,-6.177635,0,0,0,1,0,0,1,False,-1,-1,0,0,0,-1
2026-06-29 15:07:45.364,44.35502,False,21.88783,1.062123,-6.17737,0,0,0,1,0,0,1,False,-1,-1,0,0,0,-1
2026-06-29 15:07:45.399,44.38887,False,21.88831,1.062169,-6.177316,0,0,0,1,0,0,1,False,-1,-1,0,0,0,-1
2026-06-29 15:07:45.442,44.43298,False,21.8888,1.06211,-6.177294,0,0,0,1,0,0,1,False,-1,-1,0,0,0,-1
2026-06-29 15:07:45.478,44.46755,False,21.88898,1.061933,-6.177295,0,0,0,1,0,0,1,False,-1,-1,0,0,0,-1
2026-06-29 15:07:45.521,44.5111,False,21.88909,1.06188,-6.17717,0,0,0,1,0,0,1,False,-1,-1,0,0,0,-1
2026-06-29 15:07:45.564,44.55523,False,21.88922,1.061829,-6.177031,0,0,0,1,0,0,1,False,-1,-1,0,0,0,-1
2026-06-29 15:07:45.598,44.58863,False,21.88917,1.061624,-6.176901,0,0,0,1,0,0,1,False,-1,-1,0,0,0,-1
2026-06-29 15:07:45.633,44.62262,False,21.88925,1.061492,-6.1767,0,0,0,1,0,0,1,False,-1,-1,0,0,0,-1
2026-06-29 15:07:45.676,44.6661,False,21.88927,1.061077,-6.17609,0,0,0,1,0,0,1,False,-1,-1,0,0,0,-1
2026-06-29 15:07:45.709,44.69977,False,21.88922,1.060879,-6.175164,0,0,0,1,0,0,1,False,-1,-1,0,0,0,-1
2026-06-29 15:07:45.754,44.74409,False,21.88885,1.060302,-6.173722,0,0,0,1,0,0,1,False,-1,-1,0,0,0,-1
2026-06-29 15:07:45.787,44.77753,False,21.88854,1.05978,-6.172401,0,0,0,1,0,0,1,False,-1,-1,0,0,0,-1
2026-06-29 15:07:45.821,44.81193,False,21.88836,1.059177,-6.170888,0,0,0,1,0,0,1,False,-1,-1,0,0,0,-1
2026-06-29 15:07:45.864,44.85538,False,21.88802,1.058661,-6.168996,0,0,0,1,0,0,1,False,-1,-1,0,0,0,-1
2026-06-29 15:07:45.898,44.88883,False,21.88771,1.058276,-6.16784,0,0,0,1,0,0,1,False,-1,-1,0,0,0,-1
2026-06-29 15:07:45.942,44.93287,False,21.88755,1.057865,-6.166409,0,0,0,1,0,0,1,False,-1,-1,0,0,0,-1
2026-06-29 15:07:45.976,44.96662,False,21.88757,1.057459,-6.165195,0,0,0,1,0,0,1,False,-1,-1,0,0,0,-1
2026-06-29 15:07:46.020,45.0108,False,21.88792,1.056987,-6.163645,0,0,0,1,0,0,1,False,-1,-1,0,0,0,-1
2026-06-29 15:07:46.053,45.04416,False,21.88812,1.056595,-6.162586,0,0,0,1,0,0,1,False,-1,-1,0,0,0,-1
2026-06-29 15:07:46.098,45.0885,False,21.8884,1.056157,-6.161234,0,0,0,1,0,0,1,False,-1,-1,0,0,0,-1
2026-06-29 15:07:46.132,45.1222,False,21.88858,1.055911,-6.160303,0,0,0,1,0,0,1,False,-1,-1,0,0,0,-1
2026-06-29 15:07:46.175,45.16602,False,21.88896,1.055637,-6.159435,0,0,0,1,0,0,1,False,-1,-1,0,0,0,-1
2026-06-29 15:07:46.222,45.21217,False,21.88949,1.055313,-6.158564,0,0,0,1,0,0,1,False,-1,-1,0,0,0,-1
2026-06-29 15:07:46.264,45.25507,False,21.88986,1.055107,-6.158124,0,0,0,1,0,0,1,False,-1,-1,0,0,0,-1
2026-06-29 15:07:46.307,45.2991,False,21.88967,1.054822,-6.157653,0,0,0,1,0,0,1,False,-1,-1,0,0,0,-1
2026-06-29 15:07:46.344,45.33482,False,21.88959,1.054689,-6.157412,0,0,0,1,0,0,1,False,-1,-1,0,0,0,-1
2026-06-29 15:07:46.387,45.37711,False,21.88949,1.054598,-6.157045,0,0,0,1,0,0,1,False,-1,-1,0,0,0,-1
2026-06-29 15:07:46.431,45.42171,False,21.88929,1.054417,-6.15674,0,0,0,1,0,0,1,False,-1,-1,0,0,0,-1
2026-06-29 15:07:46.476,45.46612,False,21.88915,1.054242,-6.156684,0,0,0,1,0,0,1,False,-1,-1,0,0,0,-1
2026-06-29 15:07:46.510,45.50006,False,21.88908,1.054175,-6.156851,0,0,0,1,0,0,1,False,-1,-1,0,0,0,-1
2026-06-29 15:07:46.553,45.54365,False,21.88883,1.054156,-6.156906,0,0,0,1,0,0,1,False,-1,-1,0,0,0,-1
2026-06-29 15:07:46.586,45.57702,False,21.88869,1.054073,-6.156881,0,0,0,1,0,0,1,False,-1,-1,0,0,0,-1
2026-06-29 15:07:46.620,45.61095,False,21.88853,1.054099,-6.156906,0,0,0,1,0,0,1,False,-1,-1,0,0,0,-1
2026-06-29 15:07:46.664,45.65504,False,21.88839,1.054051,-6.157074,0,0,0,1,0,0,1,False,-1,-1,0,0,0,-1
2026-06-29 15:07:46.709,45.69888,False,21.88827,1.053943,-6.156891,0,0,0,1,0,0,1,False,-1,-1,0,0,0,-1
2026-06-29 15:07:46.742,45.73257,False,21.88848,1.05394,-6.156759,0,0,0,1,0,0,1,False,-1,-1,0,0,0,-1
2026-06-29 15:07:46.786,45.77672,False,21.88874,1.053881,-6.156411,0,0,0,1,0,0,1,False,-1,-1,0,0,0,-1
2026-06-29 15:07:46.821,45.81054,False,21.88893,1.05377,-6.156206,0,0,0,1,0,0,1,False,-1,-1,0,0,0,-1
2026-06-29 15:07:46.863,45.85442,False,21.88934,1.053684,-6.155936,0,0,0,1,0,0,1,False,-1,-1,0,0,0,-1
2026-06-29 15:07:46.897,45.88818,False,21.88922,1.053461,-6.155545,0,0,0,1,0,0,1,False,-1,-1,0,0,0,-1
2026-06-29 15:07:46.941,45.93227,False,21.88922,1.053338,-6.154816,0,0,0,1,0,0,1,False,-1,-1,0,0,0,-1
2026-06-29 15:07:46.976,45.96626,False,21.88924,1.053207,-6.153951,0,0,0,1,0,0,1,False,-1,-1,0,0,0,-1
2026-06-29 15:07:47.020,46.01022,False,21.8893,1.05275,-6.152301,0,0,0,1,0,0,1,False,-1,-1,0,0,0,-1
2026-06-29 15:07:47.054,46.04379,False,21.88946,1.052133,-6.150863,0,0,0,1,0,0,1,False,-1,-1,0,0,0,-1
2026-06-29 15:07:47.098,46.08803,False,21.8897,1.05115,-6.148918,0,0,0,1,0,0,1,False,-1,-1,0,0,0,-1
2026-06-29 15:07:47.132,46.12183,False,21.88992,1.050461,-6.147536,0,0,0,1,0,0,1,False,-1,-1,0,0,0,-1
2026-06-29 15:07:47.175,46.16546,False,21.89028,1.049681,-6.14599,0,0,0,1,0,0,1,False,-1,-1,0,0,0,-1
2026-06-29 15:07:47.208,46.19903,False,21.89046,1.049115,-6.144893,0,0,0,1,0,0,1,False,-1,-1,0,0,0,-1
2026-06-29 15:07:47.242,46.23255,False,21.8907,1.048704,-6.143789,0,0,0,1,0,0,1,False,-1,-1,0,0,0,-1
2026-06-29 15:07:47.286,46.27668,False,21.89106,1.048323,-6.141623,0,0,0,1,0,0,1,False,-1,-1,0,0,0,-1
2026-06-29 15:07:47.320,46.3102,False,21.89109,1.04764,-6.139968,0,0,0,1,0,0,1,False,-1,-1,0,0,0,-1
2026-06-29 15:07:47.354,46.34418,False,21.89115,1.046809,-6.138224,0,0,0,1,0,0,1,False,-1,-1,0,0,0,-1
2026-06-29 15:07:47.398,46.38887,False,21.8914,1.045877,-6.136052,0,0,0,1,0,0,1,False,-1,-1,0,0,0,-1
2026-06-29 15:07:47.442,46.43272,False,21.89154,1.045067,-6.134359,0,0,0,1,0,0,1,False,-1,-1,0,0,0,-1
2026-06-29 15:07:47.485,46.47646,False,21.89131,1.044229,-6.132988,0,0,0,1,0,0,1,False,-1,-1,0,0,0,-1
2026-06-29 15:07:47.520,46.51023,False,21.89131,1.043822,-6.132016,0,0,0,1,0,0,1,False,-1,-1,0,0,0,-1
2026-06-29 15:07:47.553,46.54388,False,21.89124,1.043498,-6.131248,0,0,0,1,0,0,1,False,-1,-1,0,0,0,-1
2026-06-29 15:07:47.587,46.57734,False,21.89114,1.043239,-6.130665,0,0,0,1,0,0,1,False,-1,-1,0,0,0,-1
2026-06-29 15:07:47.631,46.62134,False,21.89105,1.043086,-6.130245,0,0,0,1,0,0,1,False,-1,-1,0,0,0,-1
2026-06-29 15:07:47.674,46.66585,False,21.89097,1.043218,-6.129794,0,0,0,1,0,0,1,False,-1,-1,0,0,0,-1
2026-06-29 15:07:47.709,46.69948,False,21.8907,1.043211,-6.128943,0,0,0,1,0,0,1,False,-1,-1,0,0,0,-1
2026-06-29 15:07:47.742,46.73306,False,21.89059,1.043087,-6.127952,0,0,0,1,0,0,1,False,-1,-1,0,0,0,-1
2026-06-29 15:07:47.786,46.77647,False,21.89031,1.042581,-6.126669,0,0,0,1,0,0,1,False,-1,-1,0,0,0,-1
2026-06-29 15:07:47.820,46.81005,False,21.89014,1.041914,-6.125644,0,0,0,1,0,0,1,False,-1,-1,0,0,0,-1
2026-06-29 15:07:47.864,46.85424,False,21.89028,1.04092,-6.124002,0,0,0,1,0,0,1,False,-1,-1,0,0,0,-1
2026-06-29 15:07:47.906,46.89843,False,21.8904,1.04004,-6.122778,0,0,0,1,0,0,1,False,-1,-1,0,0,0,-1
2026-06-29 15:07:47.941,46.93177,False,21.89046,1.039542,-6.122344,0,0,0,1,0,0,1,False,-1,-1,0,0,0,-1
2026-06-29 15:07:47.975,46.96576,False,21.89048,1.038989,-6.12208,0,0,0,1,0,0,1,False,-1,-1,0,0,0,-1
2026-06-29 15:07:48.019,47.00976,False,21.89081,1.038191,-6.12209,0,0,0,1,0,0,1,False,-1,-1,0,0,0,-1
2026-06-29 15:07:48.052,47.04325,False,21.89128,1.037859,-6.122148,0,0,0,1,0,0,1,False,-1,-1,0,0,0,-1
2026-06-29 15:07:48.086,47.07659,False,21.89171,1.037643,-6.122189,0,0,0,1,0,0,1,False,-1,-1,0,0,0,-1
2026-06-29 15:07:48.120,47.11013,False,21.89224,1.037872,-6.122247,0,0,0,1,0,0,1,False,-1,-1,0,0,0,-1
2026-06-29 15:07:48.163,47.1542,False,21.89248,1.037884,-6.122318,0,0,0,1,0,0,1,False,-1,-1,0,0,0,-1
2026-06-29 15:07:48.208,47.19855,False,21.893,1.037999,-6.122352,0,0,0,1,0,0,1,False,-1,-1,0,0,0,-1
2026-06-29 15:07:48.241,47.23221,False,21.89352,1.038038,-6.122466,0,0,0,1,0,0,1,False,-1,-1,0,0,0,-1
2026-06-29 15:07:48.285,47.27592,False,21.894,1.037879,-6.122588,0,0,0,1,0,0,1,False,-1,-1,0,0,0,-1
2026-06-29 15:07:48.320,47.3097,False,21.89487,1.037737,-6.122282,0,0,0,1,0,0,1,False,-1,-1,0,0,0,-1
2026-06-29 15:07:48.363,47.35385,False,21.89615,1.037366,-6.121907,0,0,0,1,0,0,1,False,-1,-1,0,0,0,-1
2026-06-29 15:07:48.397,47.38763,False,21.89762,1.037142,-6.121716,0,0,0,1,0,0,1,False,-1,-1,0,0,0,-1
2026-06-29 15:07:48.432,47.42155,False,21.89896,1.036896,-6.121755,0,0,0,1,0,0,1,False,-1,-1,0,0,0,-1
2026-06-29 15:07:48.473,47.46418,False,21.90059,1.036873,-6.122197,0,0,0,1,0,0,1,False,-1,-1,0,0,0,-1
2026-06-29 15:07:48.519,47.50905,False,21.90125,1.036788,-6.122626,0,0,0,1,0,0,1,False,-1,-1,0,0,0,-1
2026-06-29 15:07:48.563,47.55328,False,21.90134,1.036991,-6.122734,0,0,0,1,0,0,1,False,-1,-1,0,0,0,-1
2026-06-29 15:07:48.596,47.58692,False,21.90089,1.037175,-6.122881,0,0,0,1,0,0,1,False,-1,-1,0,0,0,-1
2026-06-29 15:07:48.630,47.62064,False,21.9003,1.037468,-6.123296,0,0,0,1,0,0,1,False,-1,-1,0,0,0,-1
2026-06-29 15:07:48.675,47.66494,False,21.89978,1.037817,-6.123801,0,0,0,1,0,0,1,False,-1,-1,0,0,0,-1
2026-06-29 15:07:48.718,47.70827,False,21.89948,1.037966,-6.124445,0,0,0,1,0,0,1,False,-1,-1,0,0,0,-1
2026-06-29 15:07:48.762,47.75263,False,21.89924,1.037971,-6.124614,0,0,0,1,0,0,1,False,-1,-1,0,0,0,-1
2026-06-29 15:07:48.806,47.79718,False,21.89923,1.037771,-6.124609,0,0,0,1,0,0,1,False,-1,-1,0,0,0,-1
2026-06-29 15:07:48.851,47.8415,False,21.89954,1.037353,-6.124036,0,0,0,1,0,0,1,False,-1,-1,0,0,0,-1
2026-06-29 15:07:48.884,47.87518,False,21.8996,1.037089,-6.123581,0,0,0,1,0,0,1,False,-1,-1,0,0,0,-1
2026-06-29 15:07:48.929,47.91978,False,21.89988,1.036671,-6.123002,0,0,0,1,0,0,1,False,-1,-1,0,0,0,-1
2026-06-29 15:07:48.973,47.96339,False,21.90072,1.036487,-6.122668,0,0,0,1,0,0,1,False,-1,-1,0,0,0,-1
2026-06-29 15:07:49.006,47.99744,False,21.90117,1.036452,-6.122542,0,0,0,1,0,0,1,False,-1,-1,0,0,0,-1
2026-06-29 15:07:49.051,48.04226,False,21.90173,1.036339,-6.122347,0,0,0,1,0,0,1,False,-1,-1,0,0,0,-1
2026-06-29 15:07:49.096,48.0868,False,21.90201,1.036427,-6.122042,0,0,0,1,0,0,1,False,-1,-1,0,0,0,-1
2026-06-29 15:07:49.130,48.12048,False,21.90186,1.036455,-6.121595,0,0,0,1,0,0,1,False,-1,-1,0,0,0,-1
2026-06-29 15:07:49.174,48.16449,False,21.90146,1.036442,-6.121252,0,0,0,1,0,0,1,False,-1,-1,0,0,0,-1
2026-06-29 15:07:49.206,48.19792,False,21.90099,1.036384,-6.121256,0,0,0,1,0,0,1,False,-1,-1,0,0,0,-1
2026-06-29 15:07:49.241,48.23164,False,21.90093,1.036341,-6.121264,0,0,0,1,0,0,1,False,-1,-1,0,0,0,-1
2026-06-29 15:07:49.285,48.27563,False,21.90096,1.036592,-6.121613,0,0,0,1,0,0,1,False,-1,-1,0,0,0,-1
2026-06-29 15:07:49.318,48.30908,False,21.9013,1.036832,-6.121967,0,0,0,1,0,0,1,False,-1,-1,0,0,0,-1
2026-06-29 15:07:49.363,48.35377,False,21.90167,1.037067,-6.122189,0,0,0,1,0,0,1,False,-1,-1,0,0,0,-1
2026-06-29 15:07:49.406,48.39783,False,21.90173,1.037296,-6.122039,0,0,0,1,0,0,1,False,-1,-1,0,0,0,-1
2026-06-29 15:07:49.440,48.43139,False,21.90171,1.037552,-6.122158,0,0,0,1,0,0,1,False,-1,-1,0,0,0,-1
2026-06-29 15:07:49.475,48.46507,False,21.90156,1.037839,-6.122393,0,0,0,1,0,0,1,False,-1,-1,0,0,0,-1
2026-06-29 15:07:49.518,48.50881,False,21.90091,1.03796,-6.12306,0,0,0,1,0,0,1,False,-1,-1,0,0,0,-1
2026-06-29 15:07:49.552,48.54234,False,21.90045,1.037905,-6.123188,0,0,0,1,0,0,1,False,-1,-1,0,0,0,-1
2026-06-29 15:07:49.596,48.58635,False,21.89975,1.037709,-6.123116,0,0,0,1,0,0,1,False,-1,-1,0,0,0,-1
2026-06-29 15:07:49.630,48.6201,False,21.8989,1.037436,-6.1229,0,0,0,1,0,0,1,False,-1,-1,0,0,0,-1
2026-06-29 15:07:49.664,48.6543,False,21.89802,1.03727,-6.122525,0,0,0,1,0,0,1,False,-1,-1,0,0,0,-1
2026-06-29 15:07:49.706,48.69784,False,21.89674,1.036963,-6.121725,0,0,0,1,0,0,1,False,-1,-1,0,0,0,-1
2026-06-29 15:07:49.740,48.73141,False,21.89565,1.036608,-6.121001,0,0,0,1,0,0,1,False,-1,-1,0,0,0,-1
2026-06-29 15:07:49.785,48.77544,False,21.89482,1.03621,-6.120231,0,0,0,1,0,0,1,False,-1,-1,0,0,0,-1
2026-06-29 15:07:49.819,48.80937,False,21.8944,1.035792,-6.119462,0,0,0,1,0,0,1,False,-1,-1,0,0,0,-1
2026-06-29 15:07:49.863,48.85355,False,21.89377,1.035647,-6.119058,0,0,0,1,0,0,1,False,-1,-1,0,0,0,-1
2026-06-29 15:07:49.906,48.89756,False,21.89331,1.035512,-6.118552,0,0,0,1,0,0,1,False,-1,-1,0,0,0,-1
2026-06-29 15:07:49.951,48.94175,False,21.89262,1.0352,-6.11811,0,0,0,1,0,0,1,False,-1,-1,0,0,0,-1
2026-06-29 15:07:49.984,48.97571,False,21.89207,1.034787,-6.117581,0,0,0,1,0,0,1,False,-1,-1,0,0,0,-1
2026-06-29 15:07:50.029,49.01973,False,21.89152,1.034283,-6.11657,0,0,0,1,0,0,1,False,-1,-1,0,0,0,-1
2026-06-29 15:07:50.062,49.05317,False,21.89126,1.034232,-6.115886,0,0,0,1,0,0,1,False,-1,-1,0,0,0,-1
2026-06-29 15:07:50.096,49.0868,False,21.89094,1.03397,-6.115223,0,0,0,1,0,0,1,False,-1,-1,0,0,0,-1
2026-06-29 15:07:50.140,49.13089,False,21.89055,1.033429,-6.113953,0,0,0,1,0,0,1,False,-1,-1,0,0,0,-1
2026-06-29 15:07:50.174,49.16426,False,21.89043,1.03309,-6.113049,0,0,0,1,0,0,1,False,-1,-1,0,0,0,-1
2026-06-29 15:07:50.218,49.20878,False,21.88973,1.032764,-6.112708,0,0,0,1,0,0,1,False,-1,-1,0,0,0,-1
2026-06-29 15:07:50.262,49.25292,False,21.88934,1.032575,-6.111459,0,0,0,1,0,0,1,False,-1,-1,0,0,0,-1
2026-06-29 15:07:50.307,49.29788,False,21.88847,1.032073,-6.110462,0,0,0,1,0,0,1,False,-1,-1,0,0,0,-1
2026-06-29 15:07:50.351,49.34163,False,21.88772,1.031788,-6.109628,0,0,0,1,0,0,1,False,-1,-1,0,0,0,-1
2026-06-29 15:07:50.385,49.37511,False,21.8875,1.031757,-6.109173,0,0,0,1,0,0,1,False,-1,-1,0,0,0,-1
2026-06-29 15:07:50.418,49.40853,False,21.88726,1.0316,-6.108744,0,0,0,1,0,0,1,False,-1,-1,0,0,0,-1
2026-06-29 15:07:50.463,49.45408,False,21.88695,1.031181,-6.107679,0,0,0,1,0,0,1,False,-1,-1,0,0,0,-1
2026-06-29 15:07:50.509,49.49897,False,21.88658,1.031059,-6.107109,0,0,0,1,0,0,1,False,-1,-1,0,0,0,-1
2026-06-29 15:07:50.552,49.54196,False,21.88629,1.031014,-6.107126,0,0,0,1,0,0,1,False,-1,-1,0,0,0,-1
2026-06-29 15:07:50.584,49.57529,False,21.88591,1.03084,-6.107,0,0,0,1,0,0,1,False,-1,-1,0,0,0,-1
2026-06-29 15:07:50.629,49.61953,False,21.88531,1.030599,-6.106603,0,0,0,1,0,0,1,False,-1,-1,0,0,0,-1
2026-06-29 15:07:50.673,49.66375,False,21.8847,1.030497,-6.10605,0,0,0,1,0,0,1,False,-1,-1,0,0,0,-1
2026-06-29 15:07:50.707,49.69741,False,21.88409,1.03038,-6.105781,0,0,0,1,0,0,1,False,-1,-1,0,0,0,-1
2026-06-29 15:07:50.751,49.7417,False,21.88308,1.029745,-6.105152,0,0,0,1,0,0,1,False,-1,-1,0,0,0,-1
2026-06-29 15:07:50.784,49.77544,False,21.88254,1.029566,-6.104906,0,0,0,1,0,0,1,False,-1,-1,0,0,0,-1
2026-06-29 15:07:50.830,49.82013,False,21.88158,1.029279,-6.104528,0,0,0,1,0,0,1,False,-1,-1,0,0,0,-1
2026-06-29 15:07:50.873,49.86347,False,21.88098,1.028905,-6.104192,0,0,0,1,0,0,1,False,-1,-1,0,0,0,-1
2026-06-29 15:07:50.906,49.89684,False,21.88078,1.028849,-6.104139,0,0,0,1,0,0,1,False,-1,-1,0,0,0,-1
2026-06-29 15:07:50.940,49.93037,False,21.88066,1.028889,-6.104151,0,0,0,1,0,0,1,False,-1,-1,0,0,0,-1
2026-06-29 15:07:50.984,49.97476,False,21.88034,1.029064,-6.104299,0,0,0,1,0,0,1,False,-1,-1,0,0,0,-1
2026-06-29 15:07:51.028,50.01915,False,21.87984,1.029327,-6.104878,0,0,0,1,0,0,1,False,-1,-1,0,0,0,-1
2026-06-29 15:07:51.062,50.05255,False,21.87873,1.030254,-6.105395,0,0,0,1,0,0,1,False,-1,-1,0,0,0,-1
2026-06-29 15:07:51.107,50.09777,False,21.87662,1.032181,-6.10635,0,0,0,1,0,0,1,False,-1,-1,0,0,0,-1
2026-06-29 15:07:51.150,50.14128,False,21.87426,1.034022,-6.107874,0,0,0,1,0,0,1,False,-1,-1,0,0,0,-1
2026-06-29 15:07:51.185,50.17548,False,21.87227,1.035046,-6.108707,0,0,0,1,0,0,1,False,-1,-1,0,0,0,-1
2026-06-29 15:07:51.230,50.2196,False,21.87,1.036499,-6.109991,0,0,0,1,0,0,1,False,-1,-1,0,0,0,-1
2026-06-29 15:07:51.274,50.26379,False,21.86777,1.037234,-6.111927,0,0,0,1,0,0,1,False,-1,-1,0,0,0,-1
2026-06-29 15:07:51.318,50.30841,False,21.86591,1.037628,-6.113266,0,0,0,1,0,0,1,False,-1,-1,0,0,0,-1
2026-06-29 15:07:51.362,50.35257,False,21.86456,1.037979,-6.114219,0,0,0,1,0,0,1,False,-1,-1,0,0,0,-1
2026-06-29 15:07:51.406,50.39679,False,21.86363,1.038036,-6.114841,0,0,0,1,0,0,1,False,-1,-1,0,0,0,-1
2026-06-29 15:07:51.440,50.43083,False,21.86345,1.038122,-6.114862,0,0,0,1,0,0,1,False,-1,-1,0,0,0,-1
2026-06-29 15:07:51.484,50.47464,False,21.86315,1.037858,-6.114833,0,0,0,1,0,0,1,False,-1,-1,0,0,0,-1
2026-06-29 15:07:51.528,50.51939,False,21.86363,1.037515,-6.114453,0,0,0,1,0,0,1,False,-1,-1,0,0,0,-1
2026-06-29 15:07:51.562,50.55306,False,21.86423,1.037335,-6.114169,0,0,0,1,0,0,1,False,-1,-1,0,0,0,-1
2026-06-29 15:07:51.607,50.59777,False,21.8652,1.037164,-6.113633,0,0,0,1,0,0,1,False,-1,-1,0,0,0,-1
2026-06-29 15:07:51.652,50.64309,False,21.86598,1.037024,-6.113236,0,0,0,1,0,0,1,False,-1,-1,0,0,0,-1
2026-06-29 15:07:51.695,50.68585,False,21.86682,1.036852,-6.112844,0,0,0,1,0,0,1,False,-1,-1,0,0,0,-1
2026-06-29 15:07:51.731,50.72047,False,21.86701,1.036754,-6.112607,0,0,0,1,0,0,1,False,-1,-1,0,0,0,-1
2026-06-29 15:07:51.773,50.76366,False,21.86707,1.036537,-6.112478,0,0,0,1,0,0,1,False,-1,-1,0,0,0,-1
2026-06-29 15:07:51.807,50.79736,False,21.86698,1.036431,-6.112506,0,0,0,1,0,0,1,False,-1,-1,0,0,0,-1
2026-06-29 15:07:51.852,50.84181,False,21.86676,1.036354,-6.112435,0,0,0,1,0,0,1,False,-1,-1,0,0,0,-1
2026-06-29 15:07:51.895,50.8851,False,21.86686,1.036428,-6.112551,0,0,0,1,0,0,1,False,-1,-1,0,0,0,-1
2026-06-29 15:07:51.928,50.91893,False,21.8669,1.036384,-6.112496,0,0,0,1,0,0,1,False,-1,-1,0,0,0,-1
2026-06-29 15:07:51.973,50.96323,False,21.86707,1.036526,-6.11229,0,0,0,1,0,0,1,False,-1,-1,0,0,0,-1
2026-06-29 15:07:52.007,50.99682,False,21.86705,1.036612,-6.112125,0,0,0,1,0,0,1,False,-1,-1,0,0,0,-1
2026-06-29 15:07:52.050,51.0408,False,21.86716,1.03648,-6.111926,0,0,0,1,0,0,1,False,-1,-1,0,0,0,-1
2026-06-29 15:07:52.083,51.07437,False,21.86738,1.036399,-6.111756,0,0,0,1,0,0,1,False,-1,-1,0,0,0,-1
2026-06-29 15:07:52.118,51.10784,False,21.86738,1.036338,-6.111702,0,0,0,1,0,0,1,False,-1,-1,0,0,0,-1
2026-06-29 15:07:52.162,51.15221,False,21.86759,1.036331,-6.111587,0,0,0,1,0,0,1,False,-1,-1,0,0,0,-1
2026-06-29 15:07:52.206,51.1963,False,21.86777,1.03641,-6.11164,0,0,0,1,0,0,1,False,-1,-1,0,0,0,-1
2026-06-29 15:07:52.241,51.2309,False,21.86782,1.036363,-6.11171,0,0,0,1,0,0,1,False,-1,-1,0,0,0,-1
2026-06-29 15:07:52.283,51.27439,False,21.86807,1.036462,-6.111868,0,0,0,1,0,0,1,False,-1,-1,0,0,0,-1
2026-06-29 15:07:52.318,51.30805,False,21.86792,1.036395,-6.11173,0,0,0,1,0,0,1,False,-1,-1,0,0,0,-1
2026-06-29 15:07:52.362,51.35186,False,21.86808,1.03666,-6.111756,0,0,0,1,0,0,1,False,-1,-1,0,0,0,-1
2026-06-29 15:07:52.395,51.3854,False,21.86821,1.036975,-6.111562,0,0,0,1,0,0,1,False,-1,-1,0,0,0,-1
2026-06-29 15:07:52.440,51.43016,False,21.86821,1.037072,-6.111556,0,0,0,1,0,0,1,False,-1,-1,0,0,0,-1
2026-06-29 15:07:52.484,51.47417,False,21.86836,1.037131,-6.111375,0,0,0,1,0,0,1,False,-1,-1,0,0,0,-1
2026-06-29 15:07:52.518,51.50786,False,21.86847,1.037163,-6.111256,0,0,0,1,0,0,1,False,-1,-1,0,0,0,-1
2026-06-29 15:07:52.552,51.54154,False,21.86864,1.037225,-6.111187,0,0,0,1,0,0,1,False,-1,-1,0,0,0,-1
2026-06-29 15:07:52.585,51.57497,False,21.86879,1.037262,-6.111019,0,0,0,1,0,0,1,False,-1,-1,0,0,0,-1
2026-06-29 15:07:52.629,51.61927,False,21.86893,1.037062,-6.111009,0,0,0,1,0,0,1,False,-1,-1,0,0,0,-1
2026-06-29 15:07:52.673,51.66304,False,21.86925,1.036979,-6.111138,0,0,0,1,0,0,1,False,-1,-1,0,0,0,-1
2026-06-29 15:07:52.717,51.7076,False,21.86958,1.036963,-6.111296,0,0,0,1,0,0,1,False,-1,-1,0,0,0,-1
2026-06-29 15:07:52.761,51.75146,False,21.87016,1.036934,-6.111293,0,0,0,1,0,0,1,False,-1,-1,0,0,0,-1
2026-06-29 15:07:52.796,51.78626,False,21.87044,1.036855,-6.111079,0,0,0,1,0,0,1,False,-1,-1,0,0,0,-1
2026-06-29 15:07:52.839,51.82944,False,21.87073,1.036703,-6.110789,0,0,0,1,0,0,1,False,-1,-1,0,0,0,-1
2026-06-29 15:07:52.873,51.8631,False,21.87122,1.03653,-6.110574,0,0,0,1,0,0,1,False,-1,-1,0,0,0,-1
2026-06-29 15:07:52.906,51.8968,False,21.87184,1.03653,-6.110373,0,0,0,1,0,0,1,False,-1,-1,0,0,0,-1
2026-06-29 15:07:52.950,51.94034,False,21.87247,1.036644,-6.110346,0,0,0,1,0,0,1,False,-1,-1,0,0,0,-1
2026-06-29 15:07:52.983,51.97388,False,21.87268,1.036707,-6.110509,0,0,0,1,0,0,1,False,-1,-1,0,0,0,-1
2026-06-29 15:07:53.028,52.01848,False,21.87284,1.036737,-6.110609,0,0,0,1,0,0,1,False,-1,-1,0,0,0,-1
2026-06-29 15:07:53.072,52.06252,False,21.87316,1.036837,-6.110765,0,0,0,1,0,0,1,False,-1,-1,0,0,0,-1
2026-06-29 15:07:53.106,52.09623,False,21.87317,1.036734,-6.110844,0,0,0,1,0,0,1,False,-1,-1,0,0,0,-1
2026-06-29 15:07:53.140,52.1299,False,21.87315,1.036699,-6.110857,0,0,0,1,0,0,1,False,-1,-1,0,0,0,-1
2026-06-29 15:07:53.173,52.16336,False,21.8729,1.036691,-6.111013,0,0,0,1,0,0,1,False,-1,-1,0,0,0,-1
2026-06-29 15:07:53.217,52.20848,False,21.87278,1.036586,-6.110991,0,0,0,1,0,0,1,False,-1,-1,0,0,0,-1
2026-06-29 15:07:53.252,52.24187,False,21.8727,1.036629,-6.110933,0,0,0,1,0,0,1,False,-1,-1,0,0,0,-1
2026-06-29 15:07:53.295,52.28508,False,21.87274,1.036492,-6.110846,0,0,0,1,0,0,1,False,-1,-1,0,0,0,-1
2026-06-29 15:07:53.328,52.31927,False,21.87288,1.036434,-6.110728,0,0,0,1,0,0,1,False,-1,-1,0,0,0,-1
2026-06-29 15:07:53.371,52.36261,False,21.87311,1.036322,-6.110642,0,0,0,1,0,0,1,False,-1,-1,0,0,0,-1
2026-06-29 15:07:53.406,52.39648,False,21.87331,1.036085,-6.110674,0,0,0,1,0,0,1,False,-1,-1,0,0,0,-1
2026-06-29 15:07:53.440,52.43061,False,21.87339,1.035963,-6.110546,0,0,0,1,0,0,1,False,-1,-1,0,0,0,-1
2026-06-29 15:07:53.483,52.47359,False,21.87353,1.035837,-6.110208,0,0,0,1,0,0,1,False,-1,-1,0,0,0,-1
2026-06-29 15:07:53.516,52.50716,False,21.87358,1.035681,-6.109974,0,0,0,1,0,0,1,False,-1,-1,0,0,0,-1
2026-06-29 15:07:53.560,52.55179,False,21.87376,1.035492,-6.109918,0,0,0,1,0,0,1,False,-1,-1,0,0,0,-1
2026-06-29 15:07:53.606,52.59613,False,21.87391,1.035401,-6.109763,0,0,0,1,0,0,1,False,-1,-1,0,0,0,-1
2026-06-29 15:07:53.640,52.63042,False,21.87402,1.035431,-6.109601,0,0,0,1,0,0,1,False,-1,-1,0,0,0,-1
2026-06-29 15:07:53.683,52.67348,False,21.87413,1.03535,-6.109451,0,0,0,1,0,0,1,False,-1,-1,0,0,0,-1
2026-06-29 15:07:53.716,52.70683,False,21.87412,1.035145,-6.109094,0,0,0,1,0,0,1,False,-1,-1,0,0,0,-1
2026-06-29 15:07:53.750,52.74022,False,21.8741,1.034892,-6.108894,0,0,0,1,0,0,1,False,-1,-1,0,0,0,-1
2026-06-29 15:07:53.783,52.77375,False,21.87417,1.034782,-6.108501,0,0,0,1,0,0,1,False,-1,-1,0,0,0,-1
2026-06-29 15:07:53.830,52.82039,False,21.87408,1.034456,-6.10809,0,0,0,1,0,0,1,False,-1,-1,0,0,0,-1
2026-06-29 15:07:53.872,52.86239,False,21.87431,1.034278,-6.107722,0,0,0,1,0,0,1,False,-1,-1,0,0,0,-1
2026-06-29 15:07:53.916,52.90661,False,21.87411,1.033877,-6.107565,0,0,0,1,0,0,1,False,-1,-1,0,0,0,-1
2026-06-29 15:07:53.960,52.95065,False,21.87441,1.033697,-6.107727,0,0,0,1,0,0,1,False,-1,-1,0,0,0,-1
2026-06-29 15:07:54.005,52.99532,False,21.87448,1.033803,-6.107839,0,0,0,1,0,0,1,False,-1,-1,0,0,0,-1
2026-06-29 15:07:54.049,53.03949,False,21.87438,1.033751,-6.107929,0,0,0,1,0,0,1,False,-1,-1,0,0,0,-1
2026-06-29 15:07:54.082,53.07298,False,21.87444,1.03348,-6.107914,0,0,0,1,0,0,1,False,-1,-1,0,0,0,-1
2026-06-29 15:07:54.117,53.107,False,21.87465,1.032885,-6.107826,0,0,0,1,0,0,1,False,-1,-1,0,0,0,-1
2026-06-29 15:07:54.161,53.15096,False,21.87487,1.032531,-6.10748,0,0,0,1,0,0,1,False,-1,-1,0,0,0,-1
2026-06-29 15:07:54.205,53.19553,False,21.87479,1.03257,-6.107754,0,0,0,1,0,0,1,False,-1,-1,0,0,0,-1
2026-06-29 15:07:54.249,53.23978,False,21.87512,1.032556,-6.10715,0,0,0,1,0,0,1,False,-1,-1,0,0,0,-1
2026-06-29 15:07:54.282,53.27323,False,21.87536,1.032589,-6.107022,0,0,0,1,0,0,1,False,-1,-1,0,0,0,-1
2026-06-29 15:07:54.327,53.318,False,21.87578,1.032591,-6.107169,0,0,0,1,0,0,1,False,-1,-1,0,0,0,-1
2026-06-29 15:07:54.372,53.36221,False,21.87596,1.032642,-6.10732,0,0,0,1,0,0,1,False,-1,-1,0,0,0,-1
2026-06-29 15:07:54.405,53.39555,False,21.87583,1.03273,-6.107373,0,0,0,1,0,0,1,False,-1,-1,0,0,0,-1
2026-06-29 15:07:54.451,53.44096,False,21.8756,1.032843,-6.107488,0,0,0,1,0,0,1,False,-1,-1,0,0,0,-1
2026-06-29 15:07:54.494,53.48481,False,21.87519,1.03279,-6.107523,0,0,0,1,0,0,1,False,-1,-1,0,0,0,-1
2026-06-29 15:07:54.538,53.52903,False,21.87483,1.032873,-6.107551,0,0,0,1,0,0,1,False,-1,-1,0,0,0,-1
2026-06-29 15:07:54.582,53.5729,False,21.87445,1.032684,-6.107386,0,0,0,1,0,0,1,False,-1,-1,0,0,0,-1
2026-06-29 15:07:54.617,53.60707,False,21.87439,1.032551,-6.107107,0,0,0,1,0,0,1,False,-1,-1,0,0,0,-1
2026-06-29 15:07:54.660,53.65048,False,21.87444,1.03253,-6.106933,0,0,0,1,0,0,1,False,-1,-1,0,0,0,-1
2026-06-29 15:07:54.695,53.68563,False,21.87462,1.032531,-6.106801,0,0,0,1,0,0,1,False,-1,-1,0,0,0,-1
2026-06-29 15:07:54.738,53.72853,False,21.87494,1.032642,-6.106606,0,0,0,1,0,0,1,False,-1,-1,0,0,0,-1
2026-06-29 15:07:54.772,53.76211,False,21.87517,1.032724,-6.106469,0,0,0,1,0,0,1,False,-1,-1,0,0,0,-1
2026-06-29 15:07:54.805,53.79568,False,21.87555,1.032667,-6.1064,0,0,0,1,0,0,1,False,-1,-1,0,0,0,-1
2026-06-29 15:07:54.839,53.82946,False,21.87582,1.032677,-6.106335,0,0,0,1,0,0,1,False,-1,-1,0,0,0,-1
2026-06-29 15:07:54.883,53.87395,False,21.87609,1.032664,-6.106275,0,0,0,1,0,0,1,False,-1,-1,0,0,0,-1
2026-06-29 15:07:54.927,53.91754,False,21.8763,1.032713,-6.106206,0,0,0,1,0,0,1,False,-1,-1,0,0,0,-1
2026-06-29 15:07:54.972,53.96241,False,21.87642,1.032625,-6.106203,0,0,0,1,0,0,1,False,-1,-1,0,0,0,-1
2026-06-29 15:07:55.016,54.006,False,21.87629,1.032625,-6.106174,0,0,0,1,0,0,1,False,-1,-1,0,0,0,-1
2026-06-29 15:07:55.060,54.05043,False,21.87607,1.032533,-6.105932,0,0,0,1,0,0,1,False,-1,-1,0,0,0,-1
2026-06-29 15:07:55.094,54.08416,False,21.8759,1.032427,-6.105738,0,0,0,1,0,0,1,False,-1,-1,0,0,0,-1
2026-06-29 15:07:55.138,54.1287,False,21.87558,1.032476,-6.106206,0,0,0,1,0,0,1,False,-1,-1,0,0,0,-1
2026-06-29 15:07:55.182,54.17261,False,21.87545,1.032594,-6.106312,0,0,0,1,0,0,1,False,-1,-1,0,0,0,-1
2026-06-29 15:07:55.216,54.2061,False,21.87534,1.032757,-6.106243,0,0,0,1,0,0,1,False,-1,-1,0,0,0,-1
2026-06-29 15:07:55.260,54.25036,False,21.87523,1.032818,-6.106219,0,0,0,1,0,0,1,False,-1,-1,0,0,0,-1
2026-06-29 15:07:55.303,54.29475,False,21.87517,1.0327,-6.106166,0,0,0,1,0,0,1,False,-1,-1,0,0,0,-1
2026-06-29 15:07:55.338,54.32834,False,21.87523,1.032689,-6.105959,0,0,0,1,0,0,1,False,-1,-1,0,0,0,-1
2026-06-29 15:07:55.371,54.36212,False,21.87509,1.03253,-6.10557,0,0,0,1,0,0,1,False,-1,-1,0,0,0,-1
2026-06-29 15:07:55.416,54.40608,False,21.87486,1.032204,-6.105286,0,0,0,1,0,0,1,False,-1,-1,0,0,0,-1
2026-06-29 15:07:55.461,54.45121,False,21.87475,1.031682,-6.105031,0,0,0,1,0,0,1,False,-1,-1,0,0,0,-1
2026-06-29 15:07:55.504,54.49535,False,21.87476,1.03124,-6.104476,0,0,0,1,0,0,1,False,-1,-1,0,0,0,-1
2026-06-29 15:07:55.549,54.53917,False,21.87449,1.031151,-6.104434,0,0,0,1,0,0,1,False,-1,-1,0,0,0,-1
2026-06-29 15:07:55.582,54.57277,False,21.87439,1.03105,-6.104024,0,0,0,1,0,0,1,False,-1,-1,0,0,0,-1
2026-06-29 15:07:55.616,54.60692,False,21.87433,1.030952,-6.103401,0,0,0,1,0,0,1,False,-1,-1,0,0,0,-1
2026-06-29 15:07:55.660,54.65038,False,21.87407,1.030588,-6.103063,0,0,0,1,0,0,1,False,-1,-1,0,0,0,-1
2026-06-29 15:07:55.704,54.69488,False,21.87367,1.030268,-6.102318,0,0,0,1,0,0,1,False,-1,-1,0,0,0,-1
2026-06-29 15:07:55.739,54.72928,False,21.87317,1.03021,-6.102034,0,0,0,1,0,0,1,False,-1,-1,0,0,0,-1
2026-06-29 15:07:55.782,54.77245,False,21.87273,1.030239,-6.102108,0,0,0,1,0,0,1,False,-1,-1,0,0,0,-1
2026-06-29 15:07:55.826,54.81731,False,21.87244,1.030186,-6.102279,0,0,0,1,0,0,1,False,-1,-1,0,0,0,-1
2026-06-29 15:07:55.871,54.86182,False,21.87213,1.030058,-6.102254,0,0,0,1,0,0,1,False,-1,-1,0,0,0,-1
2026-06-29 15:07:55.915,54.90601,False,21.87173,1.029592,-6.102143,0,0,0,1,0,0,1,False,-1,-1,0,0,0,-1
2026-06-29 15:07:55.951,54.94067,False,21.87203,1.029536,-6.1012,0,0,0,1,0,0,1,False,-1,-1,0,0,0,-1
2026-06-29 15:07:55.994,54.984,False,21.87211,1.02931,-6.100948,0,0,0,1,0,0,1,False,-1,-1,0,0,0,-1
2026-06-29 15:07:56.038,55.0279,False,21.87209,1.029057,-6.100655,0,0,0,1,0,0,1,False,-1,-1,0,0,0,-1
2026-06-29 15:07:56.082,55.07269,False,21.87232,1.028814,-6.100245,0,0,0,1,0,0,1,False,-1,-1,0,0,0,-1
2026-06-29 15:07:56.126,55.11658,False,21.87242,1.028689,-6.100061,0,0,0,1,0,0,1,False,-1,-1,0,0,0,-1
2026-06-29 15:07:56.160,55.15012,False,21.87228,1.028559,-6.099902,0,0,0,1,0,0,1,False,-1,-1,0,0,0,-1
2026-06-29 15:07:56.204,55.19437,False,21.872,1.028704,-6.099846,0,0,0,1,0,0,1,False,-1,-1,0,0,0,-1
2026-06-29 15:07:56.237,55.22787,False,21.87182,1.028703,-6.099903,0,0,0,1,0,0,1,False,-1,-1,0,0,0,-1
2026-06-29 15:07:56.281,55.27206,False,21.87127,1.02858,-6.100093,0,0,0,1,0,0,1,False,-1,-1,0,0,0,-1
2026-06-29 15:07:56.327,55.31694,False,21.87079,1.028493,-6.099902,0,0,0,1,0,0,1,False,-1,-1,0,0,0,-1
2026-06-29 15:07:56.371,55.36087,False,21.87044,1.028499,-6.099584,0,0,0,1,0,0,1,False,-1,-1,0,0,0,-1
2026-06-29 15:07:56.404,55.39449,False,21.87019,1.028312,-6.099256,0,0,0,1,0,0,1,False,-1,-1,0,0,0,-1
2026-06-29 15:07:56.437,55.42791,False,21.87003,1.028046,-6.098925,0,0,0,1,0,0,1,False,-1,-1,0,0,0,-1
2026-06-29 15:07:56.471,55.46135,False,21.86994,1.027958,-6.098839,0,0,0,1,0,0,1,False,-1,-1,0,0,0,-1
2026-06-29 15:07:56.515,55.50585,False,21.86954,1.027567,-6.098611,0,0,0,1,0,0,1,False,-1,-1,0,0,0,-1
2026-06-29 15:07:56.548,55.53925,False,21.86927,1.027474,-6.09839,0,0,0,1,0,0,1,False,-1,-1,0,0,0,-1
2026-06-29 15:07:56.593,55.58327,False,21.86886,1.027619,-6.098101,0,0,0,1,0,0,1,False,-1,-1,0,0,0,-1
2026-06-29 15:07:56.628,55.61832,False,21.86862,1.02802,-6.098046,0,0,0,1,0,0,1,False,-1,-1,0,0,0,-1
2026-06-29 15:07:56.671,55.66105,False,21.86791,1.028177,-6.098032,0,0,0,1,0,0,1,False,-1,-1,0,0,0,-1
2026-06-29 15:07:56.704,55.69463,False,21.86746,1.028509,-6.098024,0,0,0,1,0,0,1,False,-1,-1,0,0,0,-1
2026-06-29 15:07:56.748,55.73844,False,21.86667,1.028366,-6.098024,0,0,0,1,0,0,1,False,-1,-1,0,0,0,-1
2026-06-29 15:07:56.780,55.77218,False,21.86614,1.02832,-6.098118,0,0,0,1,0,0,1,False,-1,-1,0,0,0,-1
2026-06-29 15:07:56.826,55.81647,False,21.86569,1.028278,-6.098026,0,0,0,1,0,0,1,False,-1,-1,0,0,0,-1
2026-06-29 15:07:56.871,55.86068,False,21.8657,1.028526,-6.098129,0,0,0,1,0,0,1,False,-1,-1,0,0,0,-1
2026-06-29 15:07:56.903,55.89402,False,21.86564,1.028468,-6.097957,0,0,0,1,0,0,1,False,-1,-1,0,0,0,-1
2026-06-29 15:07:56.937,55.92759,False,21.8658,1.028504,-6.09799,0,0,0,1,0,0,1,False,-1,-1,0,0,0,-1
2026-06-29 15:07:56.971,55.96118,False,21.86594,1.028421,-6.097745,0,0,0,1,0,0,1,False,-1,-1,0,0,0,-1
2026-06-29 15:07:57.004,55.99472,False,21.86586,1.028376,-6.097748,0,0,0,1,0,0,1,False,-1,-1,0,0,0,-1
2026-06-29 15:07:57.048,56.03879,False,21.86568,1.028859,-6.097943,0,0,0,1,0,0,1,False,-1,-1,0,0,0,-1
2026-06-29 15:07:57.092,56.08305,False,21.86496,1.030057,-6.0983,0,0,0,1,0,0,1,False,-1,-1,0,0,0,-1
2026-06-29 15:07:57.126,56.11655,False,21.86365,1.031583,-6.098517,0,0,0,1,0,0,1,False,-1,-1,0,0,0,-1
2026-06-29 15:07:57.160,56.15042,False,21.86199,1.033417,-6.099207,0,0,0,1,0,0,1,False,-1,-1,0,0,0,-1
2026-06-29 15:07:57.203,56.19446,False,21.85918,1.035818,-6.101355,0,0,0,1,0,0,1,False,-1,-1,0,0,0,-1
2026-06-29 15:07:57.246,56.23726,False,21.85625,1.037818,-6.104321,0,0,0,1,0,0,1,False,-1,-1,0,0,0,-1
2026-06-29 15:07:57.280,56.27059,False,21.85411,1.039563,-6.106426,0,0,0,1,0,0,1,False,-1,-1,0,0,0,-1
2026-06-29 15:07:57.324,56.31469,False,21.8511,1.042019,-6.110009,0,0,0,1,0,0,1,False,-1,-1,0,0,0,-1
2026-06-29 15:07:57.357,56.34812,False,21.84916,1.044259,-6.11307,0,0,0,1,0,0,1,False,-1,-1,0,0,0,-1
2026-06-29 15:07:57.390,56.38173,False,21.84755,1.046647,-6.116305,0,0,0,1,0,0,1,False,-1,-1,0,0,0,-1
2026-06-29 15:07:57.436,56.42635,False,21.84576,1.049628,-6.120946,0,0,0,1,0,0,1,False,-1,-1,0,0,0,-1
2026-06-29 15:07:57.480,56.47037,False,21.84418,1.052351,-6.125795,0,0,0,1,0,0,1,False,-1,-1,0,0,0,-1
2026-06-29 15:07:57.514,56.50391,False,21.84352,1.054815,-6.130093,0,0,0,1,0,0,1,False,-1,-1,0,0,0,-1
2026-06-29 15:07:57.558,56.54789,False,21.84231,1.058221,-6.136162,0,0,0,1,0,0,1,False,-1,-1,0,0,0,-1
2026-06-29 15:07:57.591,56.5816,False,21.84144,1.060669,-6.141158,0,0,0,1,0,0,1,False,-1,-1,0,0,0,-1
2026-06-29 15:07:57.625,56.61563,False,21.84049,1.062883,-6.146115,0,0,0,1,0,0,1,False,-1,-1,0,0,0,-1
2026-06-29 15:07:57.658,56.64914,False,21.83949,1.06509,-6.151727,0,0,0,1,0,0,1,False,-1,-1,0,0,0,-1
2026-06-29 15:07:57.692,56.68271,False,21.83877,1.067104,-6.157458,0,0,0,1,0,0,1,False,-1,-1,0,0,0,-1
2026-06-29 15:07:57.726,56.71677,False,21.83833,1.06898,-6.163624,0,0,0,1,0,0,1,False,-1,-1,0,0,0,-1
2026-06-29 15:07:57.770,56.76097,False,21.83742,1.071418,-6.171845,0,0,0,1,0,0,1,False,-1,-1,0,0,0,-1
2026-06-29 15:07:57.803,56.79475,False,21.837,1.073601,-6.178189,0,0,0,1,0,0,1,False,-1,-1,0,0,0,-1
2026-06-29 15:07:57.848,56.83849,False,21.8364,1.076654,-6.186949,0,0,0,1,0,0,1,False,-1,-1,0,0,0,-1
2026-06-29 15:07:57.892,56.88281,False,21.83562,1.07942,-6.195495,0,0,0,1,0,0,1,False,-1,-1,0,0,0,-1
2026-06-29 15:07:57.926,56.91637,False,21.83517,1.081517,-6.202287,0,0,0,1,0,0,1,False,-1,-1,0,0,0,-1
2026-06-29 15:07:57.970,56.96083,False,21.83499,1.083866,-6.210453,0,0,0,1,0,0,1,False,-1,-1,0,0,0,-1
2026-06-29 15:07:58.004,56.99438,False,21.8351,1.085526,-6.216074,0,0,0,1,0,0,1,False,-1,-1,0,0,0,-1
2026-06-29 15:07:58.049,57.03889,False,21.83578,1.087464,-6.222832,0,0,0,1,0,0,1,False,-1,-1,0,0,0,-1
2026-06-29 15:07:58.092,57.08242,False,21.83718,1.08896,-6.228664,0,0,0,1,0,0,1,False,-1,-1,0,0,0,-1
2026-06-29 15:07:58.124,57.116,False,21.83844,1.08982,-6.232544,0,0,0,1,0,0,1,False,-1,-1,0,0,0,-1
2026-06-29 15:07:58.159,57.14941,False,21.84014,1.090518,-6.235563,0,0,0,1,0,0,1,False,-1,-1,0,0,0,-1
2026-06-29 15:07:58.203,57.19365,False,21.84245,1.091148,-6.238602,0,0,0,1,0,0,1,False,-1,-1,0,0,0,-1
2026-06-29 15:07:58.248,57.23861,False,21.84522,1.091716,-6.240735,0,0,0,1,0,0,1,False,-1,-1,0,0,0,-1
2026-06-29 15:07:58.292,57.28217,False,21.84801,1.091963,-6.241841,0,0,0,1,0,0,1,False,-1,-1,0,0,0,-1
2026-06-29 15:07:58.326,57.31601,False,21.85003,1.092023,-6.242262,0,0,0,1,0,0,1,False,-1,-1,0,0,0,-1
2026-06-29 15:07:58.370,57.3601,False,21.85276,1.092237,-6.24239,0,0,0,1,0,0,1,False,-1,-1,0,0,0,-1
2026-06-29 15:07:58.403,57.39371,False,21.85463,1.092079,-6.242399,0,0,0,1,0,0,1,False,-1,-1,0,0,0,-1
2026-06-29 15:07:58.448,57.43845,False,21.85666,1.092035,-6.242035,0,0,0,1,0,0,1,False,-1,-1,0,0,0,-1
2026-06-29 15:07:58.492,57.48215,False,21.85855,1.091962,-6.241992,0,0,0,1,0,0,1,False,-1,-1,0,0,0,-1
2026-06-29 15:07:58.525,57.51566,False,21.85957,1.091858,-6.242455,0,0,0,1,0,0,1,False,-1,-1,0,0,0,-1
2026-06-29 15:07:58.559,57.54932,False,21.85993,1.091809,-6.242342,0,0,0,1,0,0,1,False,-1,-1,0,0,0,-1
2026-06-29 15:07:58.603,57.59354,False,21.86063,1.0925,-6.242077,0,0,0,1,0,0,1,False,-1,-1,0,0,0,-1
2026-06-29 15:07:58.647,57.63787,False,21.86091,1.093015,-6.241506,0,0,0,1,0,0,1,False,-1,-1,0,0,0,-1
2026-06-29 15:07:58.691,57.68221,False,21.86042,1.09306,-6.240551,0,0,0,1,0,0,1,False,-1,-1,0,0,0,-1
2026-06-29 15:07:58.736,57.72658,False,21.85998,1.093306,-6.239408,0,0,0,1,0,0,1,False,-1,-1,0,0,0,-1
2026-06-29 15:07:58.780,57.77094,False,21.8591,1.093057,-6.237783,0,0,0,1,0,0,1,False,-1,-1,0,0,0,-1
2026-06-29 15:07:58.814,57.80469,False,21.85848,1.092615,-6.236545,0,0,0,1,0,0,1,False,-1,-1,0,0,0,-1
2026-06-29 15:07:58.849,57.83892,False,21.85792,1.092032,-6.235164,0,0,0,1,0,0,1,False,-1,-1,0,0,0,-1
2026-06-29 15:07:58.892,57.88189,False,21.85707,1.091245,-6.23311,0,0,0,1,0,0,1,False,-1,-1,0,0,0,-1
2026-06-29 15:07:58.936,57.92649,False,21.85603,1.090977,-6.231108,0,0,0,1,0,0,1,False,-1,-1,0,0,0,-1
2026-06-29 15:07:58.969,57.95988,False,21.85527,1.090723,-6.229633,0,0,0,1,0,0,1,False,-1,-1,0,0,0,-1
2026-06-29 15:07:59.014,58.00406,False,21.8542,1.090283,-6.227796,0,0,0,1,0,0,1,False,-1,-1,0,0,0,-1
2026-06-29 15:07:59.048,58.03896,False,21.85369,1.090009,-6.226549,0,0,0,1,0,0,1,False,-1,-1,0,0,0,-1
2026-06-29 15:07:59.092,58.08303,False,21.8534,1.089534,-6.224816,0,0,0,1,0,0,1,False,-1,-1,0,0,0,-1
2026-06-29 15:07:59.136,58.12679,False,21.85325,1.089173,-6.223373,0,0,0,1,0,0,1,False,-1,-1,0,0,0,-1
2026-06-29 15:07:59.180,58.17062,False,21.85328,1.08882,-6.222193,0,0,0,1,0,0,1,False,-1,-1,0,0,0,-1
2026-06-29 15:07:59.213,58.20421,False,21.85337,1.088628,-6.221454,0,0,0,1,0,0,1,False,-1,-1,0,0,0,-1
2026-06-29 15:07:59.258,58.24823,False,21.85372,1.088346,-6.220436,0,0,0,1,0,0,1,False,-1,-1,0,0,0,-1
2026-06-29 15:07:59.301,58.2928,False,21.85425,1.088216,-6.219425,0,0,0,1,0,0,1,False,-1,-1,0,0,0,-1
2026-06-29 15:07:59.336,58.32692,False,21.85457,1.088075,-6.218629,0,0,0,1,0,0,1,False,-1,-1,0,0,0,-1
2026-06-29 15:07:59.379,58.37061,False,21.85498,1.087866,-6.217611,0,0,0,1,0,0,1,False,-1,-1,0,0,0,-1
2026-06-29 15:07:59.414,58.40405,False,21.85529,1.087651,-6.21689,0,0,0,1,0,0,1,False,-1,-1,0,0,0,-1
2026-06-29 15:07:59.447,58.43808,False,21.85564,1.087703,-6.216441,0,0,0,1,0,0,1,False,-1,-1,0,0,0,-1
2026-06-29 15:07:59.491,58.48258,False,21.85617,1.087627,-6.215752,0,0,0,1,0,0,1,False,-1,-1,0,0,0,-1
2026-06-29 15:07:59.536,58.52617,False,21.85666,1.087438,-6.214956,0,0,0,1,0,0,1,False,-1,-1,0,0,0,-1
2026-06-29 15:07:59.569,58.55986,False,21.857,1.087304,-6.214601,0,0,0,1,0,0,1,False,-1,-1,0,0,0,-1
2026-06-29 15:07:59.603,58.59346,False,21.85735,1.087286,-6.214219,0,0,0,1,0,0,1,False,-1,-1,0,0,0,-1
2026-06-29 15:07:59.638,58.62838,False,21.85768,1.087133,-6.213802,0,0,0,1,0,0,1,False,-1,-1,0,0,0,-1
2026-06-29 15:07:59.680,58.67051,False,21.85803,1.087002,-6.213337,0,0,0,1,0,0,1,False,-1,-1,0,0,0,-1
2026-06-29 15:07:59.723,58.7139,False,21.85833,1.086797,-6.212882,0,0,0,1,0,0,1,False,-1,-1,0,0,0,-1
2026-06-29 15:07:59.766,58.75833,False,21.8585,1.086711,-6.212638,0,0,0,1,0,0,1,False,-1,-1,0,0,0,-1
2026-06-29 15:07:59.812,58.80293,False,21.85866,1.086678,-6.212347,0,0,0,1,0,0,1,False,-1,-1,0,0,0,-1
2026-06-29 15:07:59.856,58.84715,False,21.85876,1.086618,-6.21215,0,0,0,1,0,0,1,False,-1,-1,0,0,0,-1
2026-06-29 15:07:59.890,58.88151,False,21.85897,1.086591,-6.212008,0,0,0,1,0,0,1,False,-1,-1,0,0,0,-1
2026-06-29 15:07:59.934,58.92472,False,21.85919,1.086659,-6.211937,0,0,0,1,0,0,1,False,-1,-1,0,0,0,-1
2026-06-29 15:07:59.967,58.95848,False,21.85945,1.086667,-6.211878,0,0,0,1,0,0,1,False,-1,-1,0,0,0,-1
2026-06-29 15:08:00.012,59.00287,False,21.85999,1.086761,-6.212021,0,0,0,1,0,0,1,False,-1,-1,0,0,0,-1
2026-06-29 15:08:00.046,59.03703,False,21.86029,1.086644,-6.211851,0,0,0,1,0,0,1,False,-1,-1,0,0,0,-1
2026-06-29 15:08:00.081,59.07186,False,21.86052,1.086499,-6.211765,0,0,0,1,0,0,1,False,-1,-1,0,0,0,-1
2026-06-29 15:08:00.114,59.10528,False,21.86069,1.086527,-6.211906,0,0,0,1,0,0,1,False,-1,-1,0,0,0,-1
2026-06-29 15:08:00.158,59.14781,False,21.86101,1.086646,-6.21194,0,0,0,1,0,0,1,False,-1,-1,0,0,0,-1
2026-06-29 15:08:00.192,59.18184,False,21.86121,1.086658,-6.211816,0,0,0,1,0,0,1,False,-1,-1,0,0,0,-1
2026-06-29 15:08:00.235,59.22571,False,21.86144,1.086578,-6.211667,0,0,0,1,0,0,1,False,-1,-1,0,0,0,-1
2026-06-29 15:08:00.280,59.2705,False,21.86168,1.086576,-6.211459,0,0,0,1,0,0,1,False,-1,-1,0,0,0,-1
2026-06-29 15:08:00.324,59.31459,False,21.86185,1.086657,-6.211336,0,0,0,1,0,0,1,False,-1,-1,0,0,0,-1
2026-06-29 15:08:00.358,59.3483,False,21.86198,1.086695,-6.211133,0,0,0,1,0,0,1,False,-1,-1,0,0,0,-1
2026-06-29 15:08:00.402,59.39241,False,21.86222,1.086518,-6.210786,0,0,0,1,0,0,1,False,-1,-1,0,0,0,-1
2026-06-29 15:08:00.436,59.42602,False,21.86227,1.086524,-6.210623,0,0,0,1,0,0,1,False,-1,-1,0,0,0,-1
2026-06-29 15:08:00.469,59.4594,False,21.86239,1.086527,-6.210486,0,0,0,1,0,0,1,False,-1,-1,0,0,0,-1
2026-06-29 15:08:00.514,59.50387,False,21.86241,1.086389,-6.209973,0,0,0,1,0,0,1,False,-1,-1,0,0,0,-1
2026-06-29 15:08:00.547,59.53724,False,21.86259,1.086259,-6.209664,0,0,0,1,0,0,1,False,-1,-1,0,0,0,-1
2026-06-29 15:08:00.581,59.57107,False,21.86272,1.086178,-6.20926,0,0,0,1,0,0,1,False,-1,-1,0,0,0,-1
2026-06-29 15:08:00.625,59.61513,False,21.86287,1.086033,-6.208858,0,0,0,1,0,0,1,False,-1,-1,0,0,0,-1
2026-06-29 15:08:00.669,59.65913,False,21.86313,1.086136,-6.208643,0,0,0,1,0,0,1,False,-1,-1,0,0,0,-1
2026-06-29 15:08:00.702,59.69265,False,21.86324,1.086135,-6.208308,0,0,0,1,0,0,1,False,-1,-1,0,0,0,-1
2026-06-29 15:08:00.746,59.7369,False,21.8632,1.085858,-6.208037,0,0,0,1,0,0,1,False,-1,-1,0,0,0,-1
2026-06-29 15:08:00.781,59.77129,False,21.86309,1.085787,-6.207647,0,0,0,1,0,0,1,False,-1,-1,0,0,0,-1
2026-06-29 15:08:00.824,59.81441,False,21.86323,1.085742,-6.207449,0,0,0,1,0,0,1,False,-1,-1,0,0,0,-1
2026-06-29 15:08:00.857,59.84793,False,21.86342,1.085747,-6.207261,0,0,0,1,0,0,1,False,-1,-1,0,0,0,-1
2026-06-29 15:08:00.903,59.89323,False,21.86353,1.085832,-6.207077,0,0,0,1,0,0,1,False,-1,-1,0,0,0,-1
2026-06-29 15:08:00.946,59.93671,False,21.86365,1.085901,-6.206815,0,0,0,1,0,0,1,False,-1,-1,0,0,0,-1
2026-06-29 15:08:00.991,59.98079,False,21.8636,1.085922,-6.206504,0,0,0,1,0,0,1,False,-1,-1,0,0,0,-1
2026-06-29 15:08:01.024,60.01492,False,21.86354,1.085706,-6.206264,0,0,0,1,0,0,1,False,-1,-1,0,0,0,-1
2026-06-29 15:08:01.057,60.04829,False,21.86351,1.08562,-6.205983,0,0,0,1,0,0,1,False,-1,-1,0,0,0,-1
2026-06-29 15:08:01.092,60.0821,False,21.86338,1.085517,-6.205804,0,0,0,1,0,0,1,False,-1,-1,0,0,0,-1
2026-06-29 15:08:01.126,60.11577,False,21.86346,1.085397,-6.205699,0,0,0,1,0,0,1,False,-1,-1,0,0,0,-1
2026-06-29 15:08:01.169,60.1588,False,21.86366,1.085343,-6.205361,0,0,0,1,0,0,1,False,-1,-1,0,0,0,-1
2026-06-29 15:08:01.213,60.20387,False,21.86376,1.085513,-6.205343,0,0,0,1,0,0,1,False,-1,-1,0,0,0,-1
2026-06-29 15:08:01.257,60.24798,False,21.86382,1.085353,-6.205284,0,0,0,1,0,0,1,False,-1,-1,0,0,0,-1
2026-06-29 15:08:01.302,60.2921,False,21.86392,1.085153,-6.205135,0,0,0,1,0,0,1,False,-1,-1,0,0,0,-1
2026-06-29 15:08:01.335,60.3256,False,21.86386,1.085106,-6.204899,0,0,0,1,0,0,1,False,-1,-1,0,0,0,-1
2026-06-29 15:08:01.367,60.35895,False,21.86395,1.085123,-6.204662,0,0,0,1,0,0,1,False,-1,-1,0,0,0,-1
2026-06-29 15:08:01.412,60.4031,False,21.86416,1.085281,-6.204571,0,0,0,1,0,0,1,False,-1,-1,0,0,0,-1
2026-06-29 15:08:01.446,60.43654,False,21.86412,1.085258,-6.204396,0,0,0,1,0,0,1,False,-1,-1,0,0,0,-1
2026-06-29 15:08:01.491,60.48199,False,21.86393,1.085185,-6.204165,0,0,0,1,0,0,1,False,-1,-1,0,0,0,-1
2026-06-29 15:08:01.535,60.52541,False,21.86377,1.084957,-6.204005,0,0,0,1,0,0,1,False,-1,-1,0,0,0,-1
2026-06-29 15:08:01.568,60.55906,False,21.86367,1.084992,-6.204012,0,0,0,1,0,0,1,False,-1,-1,0,0,0,-1
2026-06-29 15:08:01.613,60.60302,False,21.86376,1.085106,-6.203884,0,0,0,1,0,0,1,False,-1,-1,0,0,0,-1
2026-06-29 15:08:01.646,60.63637,False,21.86373,1.085079,-6.203699,0,0,0,1,0,0,1,False,-1,-1,0,0,0,-1
2026-06-29 15:08:01.680,60.67028,False,21.86366,1.085127,-6.20345,0,0,0,1,0,0,1,False,-1,-1,0,0,0,-1
2026-06-29 15:08:01.723,60.71432,False,21.86343,1.085044,-6.203147,0,0,0,1,0,0,1,False,-1,-1,0,0,0,-1
2026-06-29 15:08:01.768,60.75898,False,21.86333,1.084577,-6.202591,0,0,0,1,0,0,1,False,-1,-1,0,0,0,-1
2026-06-29 15:08:01.812,60.80285,False,21.86354,1.084355,-6.202068,0,0,0,1,0,0,1,False,-1,-1,0,0,0,-1
2026-06-29 15:08:01.846,60.83627,False,21.86355,1.084184,-6.201717,0,0,0,1,0,0,1,False,-1,-1,0,0,0,-1
2026-06-29 15:08:01.881,60.87104,False,21.86384,1.084205,-6.201581,0,0,0,1,0,0,1,False,-1,-1,0,0,0,-1
2026-06-29 15:08:01.924,60.91456,False,21.86383,1.084229,-6.201493,0,0,0,1,0,0,1,False,-1,-1,0,0,0,-1
2026-06-29 15:08:01.958,60.94816,False,21.86398,1.084357,-6.201446,0,0,0,1,0,0,1,False,-1,-1,0,0,0,-1
2026-06-29 15:08:02.001,60.99177,False,21.86413,1.084502,-6.201418,0,0,0,1,0,0,1,False,-1,-1,0,0,0,-1
2026-06-29 15:08:02.046,61.03681,False,21.86409,1.084648,-6.201316,0,0,0,1,0,0,1,False,-1,-1,0,0,0,-1
2026-06-29 15:08:02.090,61.08075,False,21.86417,1.08478,-6.201414,0,0,0,1,0,0,1,False,-1,-1,0,0,0,-1
2026-06-29 15:08:02.124,61.1147,False,21.86413,1.084656,-6.201528,0,0,0,1,0,0,1,False,-1,-1,0,0,0,-1
2026-06-29 15:08:02.158,61.14861,False,21.8642,1.084542,-6.201834,0,0,0,1,0,0,1,False,-1,-1,0,0,0,-1
2026-06-29 15:08:02.200,61.19119,False,21.8642,1.084507,-6.202402,0,0,0,1,0,0,1,False,-1,-1,0,0,0,-1
2026-06-29 15:08:02.235,61.22505,False,21.86386,1.084768,-6.202924,0,0,0,1,0,0,1,False,-1,-1,0,0,0,-1
2026-06-29 15:08:02.278,61.26866,False,21.8636,1.085154,-6.20394,0,0,0,1,0,0,1,False,-1,-1,0,0,0,-1
2026-06-29 15:08:02.311,61.30234,False,21.86312,1.085416,-6.20472,0,0,0,1,0,0,1,False,-1,-1,0,0,0,-1
2026-06-29 15:08:02.361,61.34657,False,21.86258,1.085735,-6.205895,0,0,0,1,0,0,1,False,-1,-1,0,0,0,-1
2026-06-29 15:08:02.389,61.38017,False,21.86204,1.085638,-6.206822,0,0,0,1,0,0,1,False,-1,-1,0,0,0,-1
2026-06-29 15:08:02.423,61.41399,False,21.86143,1.085773,-6.207877,0,0,0,1,0,0,1,False,-1,-1,0,0,0,-1
2026-06-29 15:08:02.467,61.45795,False,21.86054,1.08602,-6.209127,0,0,0,1,0,0,1,False,-1,-1,0,0,0,-1
2026-06-29 15:08:02.501,61.49131,False,21.85979,1.086263,-6.210004,0,0,0,1,0,0,1,False,-1,-1,0,0,0,-1
2026-06-29 15:08:02.545,61.53561,False,21.85897,1.086393,-6.211378,0,0,0,1,0,0,1,False,-1,-1,0,0,0,-1
2026-06-29 15:08:02.578,61.56916,False,21.85866,1.086428,-6.21247,0,0,0,1,0,0,1,False,-1,-1,0,0,0,-1
2026-06-29 15:08:02.612,61.60257,False,21.85896,1.086611,-6.213854,0,0,0,1,0,0,1,False,-1,-1,0,0,0,-1
2026-06-29 15:08:02.646,61.63591,False,21.85931,1.086614,-6.215071,0,0,0,1,0,0,1,False,-1,-1,0,0,0,-1
2026-06-29 15:08:02.679,61.66938,False,21.85992,1.086746,-6.216086,0,0,0,1,0,0,1,False,-1,-1,0,0,0,-1
2026-06-29 15:08:02.723,61.71371,False,21.86099,1.087219,-6.216793,0,0,0,1,0,0,1,False,-1,-1,0,0,0,-1
2026-06-29 15:08:02.768,61.75828,False,21.86229,1.087425,-6.216709,0,0,0,1,0,0,1,False,-1,-1,0,0,0,-1
2026-06-29 15:08:02.812,61.80246,False,21.86427,1.087519,-6.215793,0,0,0,1,0,0,1,False,-1,-1,0,0,0,-1
2026-06-29 15:08:02.845,61.83592,False,21.86584,1.08753,-6.214579,0,0,0,1,0,0,1,False,-1,-1,0,0,0,-1
2026-06-29 15:08:02.890,61.88063,False,21.86832,1.087563,-6.212204,0,0,0,1,0,0,1,False,-1,-1,0,0,0,-1
2026-06-29 15:08:02.935,61.92487,False,21.87102,1.087364,-6.209092,0,0,0,1,0,0,1,False,-1,-1,0,0,0,-1
2026-06-29 15:08:02.980,61.97033,False,21.87404,1.087192,-6.205274,0,0,0,1,0,0,1,False,-1,-1,0,0,0,-1
2026-06-29 15:08:03.023,62.01367,False,21.87734,1.086882,-6.201834,0,0,0,1,0,0,1,False,-1,-1,0,0,0,-1
2026-06-29 15:08:03.068,62.05915,False,21.8805,1.085891,-6.19801,0,0,0,1,0,0,1,False,-1,-1,0,0,0,-1
2026-06-29 15:08:03.112,62.10263,False,21.88363,1.084922,-6.194019,0,0,0,1,0,0,1,False,-1,-1,0,0,0,-1
2026-06-29 15:08:03.147,62.13671,False,21.88624,1.084109,-6.191187,0,0,0,1,0,0,1,False,-1,-1,0,0,0,-1
2026-06-29 15:08:03.189,62.17979,False,21.8894,1.082697,-6.187347,0,0,0,1,0,0,1,False,-1,-1,0,0,0,-1
2026-06-29 15:08:03.224,62.21433,False,21.89187,1.081792,-6.184709,0,0,0,1,0,0,1,False,-1,-1,0,0,0,-1
2026-06-29 15:08:03.267,62.25773,False,21.89473,1.080621,-6.181205,0,0,0,1,0,0,1,False,-1,-1,0,0,0,-1
2026-06-29 15:08:03.301,62.2915,False,21.89645,1.079748,-6.178518,0,0,0,1,0,0,1,False,-1,-1,0,0,0,-1
2026-06-29 15:08:03.346,62.33586,False,21.89852,1.078914,-6.175561,0,0,0,1,0,0,1,False,-1,-1,0,0,0,-1
2026-06-29 15:08:03.390,62.37974,False,21.8999,1.078243,-6.172842,0,0,0,1,0,0,1,False,-1,-1,0,0,0,-1
2026-06-29 15:08:03.424,62.41384,False,21.9008,1.077992,-6.171391,0,0,0,1,0,0,1,False,-1,-1,0,0,0,-1
2026-06-29 15:08:03.467,62.4576,False,21.90161,1.077695,-6.170412,0,0,0,1,0,0,1,False,-1,-1,0,0,0,-1
2026-06-29 15:08:03.512,62.50187,False,21.90228,1.077268,-6.170171,0,0,0,1,0,0,1,False,-1,-1,0,0,0,-1
2026-06-29 15:08:03.545,62.53559,False,21.90274,1.076667,-6.170649,0,0,0,1,0,0,1,False,-1,-1,0,0,0,-1
2026-06-29 15:08:03.590,62.58041,False,21.90323,1.075454,-6.17187,0,0,0,1,0,0,1,False,-1,-1,0,0,0,-1
2026-06-29 15:08:03.634,62.62436,False,21.90411,1.07169,-6.173964,0,0,0,1,0,0,1,False,-1,-1,0,0,0,-1
2026-06-29 15:08:03.667,62.65781,False,21.90441,1.063311,-6.176474,0,0,0,1,0,0,1,False,-1,-1,0,0,0,-1
2026-06-29 15:08:03.700,62.69118,False,21.90307,1.050676,-6.178016,0,0,0,1,0,0,1,False,-1,-1,0,0,0,-1
2026-06-29 15:08:03.745,62.73524,False,21.90018,1.029716,-6.179981,0,0,0,1,0,0,1,False,-1,-1,0,0,0,-1
2026-06-29 15:08:03.779,62.76921,False,21.89741,1.012304,-6.182006,0,0,0,1,0,0,1,False,-1,-1,0,0,0,-1
2026-06-29 15:08:03.812,62.80259,False,21.89448,0.9935141,-6.183864,0,0,0,1,0,0,1,False,-1,-1,0,0,0,-1
2026-06-29 15:08:03.856,62.84642,False,21.89079,0.9668605,-6.186151,0,0,0,1,0,0,1,False,-1,-1,0,0,0,-1
2026-06-29 15:08:03.890,62.87991,False,21.88754,0.9464229,-6.187826,0,0,0,1,0,0,1,False,-1,-1,0,0,0,-1
2026-06-29 15:08:03.923,62.91324,False,21.88454,0.9267217,-6.188379,0,0,0,1,0,0,1,False,-1,-1,0,0,0,-1
2026-06-29 15:08:03.956,62.94684,False,21.88179,0.9083834,-6.188143,0,0,0,1,0,0,1,False,-1,-1,0,0,0,-1
2026-06-29 15:08:03.990,62.98058,False,21.87968,0.8917897,-6.187934,0,0,0,1,0,0,1,False,-1,-1,0,0,0,-1
2026-06-29 15:08:04.024,63.01432,False,21.87804,0.8769843,-6.18736,0,0,0,1,0,0,1,False,-1,-1,0,0,0,-1
2026-06-29 15:08:04.067,63.05771,False,21.87609,0.8590755,-6.185812,0,0,0,1,0,0,1,False,-1,-1,0,0,0,-1
2026-06-29 15:08:04.101,63.09136,False,21.8748,0.8478277,-6.184127,0,0,0,1,0,0,1,False,-1,-1,0,0,0,-1
2026-06-29 15:08:04.145,63.13547,False,21.87226,0.8355653,-6.181142,0,0,0,1,0,0,1,False,-1,-1,0,0,0,-1
2026-06-29 15:08:04.188,63.17937,False,21.86799,0.8294826,-6.17726,0,0,0,1,0,0,1,False,-1,-1,0,0,0,-1
2026-06-29 15:08:04.222,63.21296,False,21.86465,0.8285473,-6.173553,0,0,0,1,0,0,1,False,-1,-1,0,0,0,-1
2026-06-29 15:08:04.256,63.24696,False,21.86259,0.8287289,-6.169419,0,0,0,1,0,0,1,False,-1,-1,0,0,0,-1
2026-06-29 15:08:04.300,63.29078,False,21.86347,0.8298947,-6.163952,0,0,0,1,0,0,1,False,-1,-1,0,0,0,-1
2026-06-29 15:08:04.344,63.33486,False,21.86728,0.8319679,-6.159379,0,0,0,1,0,0,1,False,-1,-1,0,0,0,-1
2026-06-29 15:08:04.389,63.37928,False,21.87222,0.8351018,-6.155034,0,0,0,1,0,0,1,False,-1,-1,0,0,0,-1
2026-06-29 15:08:04.422,63.41275,False,21.87612,0.83834,-6.152549,0,0,0,1,0,0,1,False,-1,-1,0,0,0,-1
2026-06-29 15:08:04.456,63.44619,False,21.87972,0.8414965,-6.15018,0,0,0,1,0,0,1,False,-1,-1,0,0,0,-1
2026-06-29 15:08:04.499,63.49025,False,21.88424,0.8458409,-6.147496,0,0,0,1,0,0,1,False,-1,-1,0,0,0,-1
2026-06-29 15:08:04.534,63.52443,False,21.88748,0.8487761,-6.146359,0,0,0,1,0,0,1,False,-1,-1,0,0,0,-1
2026-06-29 15:08:04.577,63.568,False,21.89117,0.8521052,-6.144778,0,0,0,1,0,0,1,False,-1,-1,0,0,0,-1
2026-06-29 15:08:04.611,63.60178,False,21.89337,0.853991,-6.143749,0,0,0,1,0,0,1,False,-1,-1,0,0,0,-1
2026-06-29 15:08:04.656,63.6459,False,21.89594,0.8563012,-6.142522,0,0,0,1,0,0,1,False,-1,-1,0,0,0,-1
2026-06-29 15:08:04.689,63.67972,False,21.89737,0.8580624,-6.141304,0,0,0,1,0,0,1,False,-1,-1,0,0,0,-1
2026-06-29 15:08:04.733,63.72411,False,21.89921,0.8605414,-6.140108,0,0,0,1,0,0,1,False,-1,-1,0,0,0,-1
2026-06-29 15:08:04.777,63.7681,False,21.90119,0.8621411,-6.138031,0,0,0,1,0,0,1,False,-1,-1,0,0,0,-1
2026-06-29 15:08:04.812,63.80302,False,21.90283,0.8630958,-6.136277,0,0,0,1,0,0,1,False,-1,-1,0,0,0,-1
2026-06-29 15:08:04.856,63.84592,False,21.90521,0.864473,-6.134174,0,0,0,1,0,0,1,False,-1,-1,0,0,0,-1
2026-06-29 15:08:04.889,63.87931,False,21.90608,0.8651654,-6.133873,0,0,0,1,0,0,1,False,-1,-1,0,0,0,-1
2026-06-29 15:08:04.935,63.92508,False,21.9079,0.8657234,-6.131627,0,0,0,1,0,0,1,False,-1,-1,0,0,0,-1
2026-06-29 15:08:04.977,63.9678,False,21.90937,0.8659996,-6.128802,0,0,0,1,0,0,1,False,-1,-1,0,0,0,-1
2026-06-29 15:08:05.011,64.00179,False,21.90925,0.8665358,-6.128993,0,0,0,1,0,0,1,False,-1,-1,0,0,0,-1
2026-06-29 15:08:05.056,64.04585,False,21.90952,0.8667725,-6.127455,0,0,0,1,0,0,1,False,-1,-1,0,0,0,-1
2026-06-29 15:08:05.089,64.07957,False,21.90939,0.8668507,-6.126525,0,0,0,1,0,0,1,False,-1,-1,0,0,0,-1
2026-06-29 15:08:05.123,64.11333,False,21.90919,0.8668234,-6.126476,0,0,0,1,0,0,1,False,-1,-1,0,0,0,-1
2026-06-29 15:08:05.166,64.1572,False,21.90926,0.866684,-6.126757,0,0,0,1,0,0,1,False,-1,-1,0,0,0,-1
2026-06-29 15:08:05.199,64.19056,False,21.90984,0.8663512,-6.126075,0,0,0,1,0,0,1,False,-1,-1,0,0,0,-1
2026-06-29 15:08:05.244,64.23517,False,21.91113,0.8659076,-6.124529,0,0,0,1,0,0,1,False,-1,-1,0,0,0,-1
2026-06-29 15:08:05.279,64.26897,False,21.91212,0.8656352,-6.123361,0,0,0,1,0,0,1,False,-1,-1,0,0,0,-1
2026-06-29 15:08:05.322,64.31269,False,21.91236,0.8660901,-6.124479,0,0,0,1,0,0,1,False,-1,-1,0,0,0,-1
2026-06-29 15:08:05.366,64.35699,False,21.91248,0.8674948,-6.12633,0,0,0,1,0,0,1,False,-1,-1,0,0,0,-1
2026-06-29 15:08:05.400,64.39062,False,21.91451,0.8684309,-6.123542,0,0,0,1,0,0,1,False,-1,-1,0,0,0,-1
2026-06-29 15:08:05.443,64.4343,False,21.91479,0.8704157,-6.126883,0,0,0,1,0,0,1,False,-1,-1,0,0,0,-1
2026-06-29 15:08:05.477,64.46793,False,21.91586,0.8716871,-6.127163,0,0,0,1,0,0,1,False,-1,-1,0,0,0,-1
2026-06-29 15:08:05.522,64.51226,False,21.91681,0.873578,-6.130033,0,0,0,1,0,0,1,False,-1,-1,0,0,0,-1
2026-06-29 15:08:05.557,64.54694,False,21.91819,0.8744147,-6.129624,0,0,0,1,0,0,1,False,-1,-1,0,0,0,-1
2026-06-29 15:08:05.599,64.58971,False,21.92009,0.8757335,-6.129029,0,0,0,1,0,0,1,False,-1,-1,0,0,0,-1
2026-06-29 15:08:05.633,64.62367,False,21.92089,0.8767612,-6.129556,0,0,0,1,0,0,1,False,-1,-1,0,0,0,-1
2026-06-29 15:08:05.677,64.66744,False,21.92288,0.8775222,-6.127416,0,0,0,1,0,0,1,False,-1,-1,0,0,0,-1
2026-06-29 15:08:05.711,64.7011,False,21.92361,0.8783096,-6.127818,0,0,0,1,0,0,1,False,-1,-1,0,0,0,-1
2026-06-29 15:08:05.744,64.73465,False,21.92459,0.8789373,-6.126849,0,0,0,1,0,0,1,False,-1,-1,0,0,0,-1
2026-06-29 15:08:05.788,64.77901,False,21.92606,0.8793628,-6.125241,0,0,0,1,0,0,1,False,-1,-1,0,0,0,-1
2026-06-29 15:08:05.822,64.81298,False,21.92651,0.8799465,-6.125819,0,0,0,1,0,0,1,False,-1,-1,0,0,0,-1
2026-06-29 15:08:05.866,64.8565,False,21.92784,0.880353,-6.123415,0,0,0,1,0,0,1,False,-1,-1,0,0,0,-1
2026-06-29 15:08:05.900,64.89027,False,21.92916,0.880349,-6.120383,0,0,0,1,0,0,1,False,-1,-1,0,0,0,-1
2026-06-29 15:08:05.944,64.93428,False,21.92906,0.8802179,-6.12016,0,0,0,1,0,0,1,False,-1,-1,0,0,0,-1
2026-06-29 15:08:05.976,64.96802,False,21.92919,0.8798518,-6.119054,0,0,0,1,0,0,1,False,-1,-1,0,0,0,-1
2026-06-29 15:08:06.022,65.01248,False,21.92987,0.8791959,-6.116089,0,0,0,1,0,0,1,False,-1,-1,0,0,0,-1
2026-06-29 15:08:06.056,65.04588,False,21.93018,0.878857,-6.114831,0,0,0,1,0,0,1,False,-1,-1,0,0,0,-1
2026-06-29 15:08:06.088,65.07925,False,21.93097,0.8784477,-6.112046,0,0,0,1,0,0,1,False,-1,-1,0,0,0,-1
2026-06-29 15:08:06.123,65.11342,False,21.9322,0.8780677,-6.108609,0,0,0,1,0,0,1,False,-1,-1,0,0,0,-1
2026-06-29 15:08:06.167,65.15709,False,21.93303,0.8776386,-6.105947,0,0,0,1,0,0,1,False,-1,-1,0,0,0,-1
2026-06-29 15:08:06.211,65.20134,False,21.93369,0.8773222,-6.104406,0,0,0,1,0,0,1,False,-1,-1,0,0,0,-1
2026-06-29 15:08:06.255,65.24518,False,21.9351,0.8770139,-6.100933,0,0,0,1,0,0,1,False,-1,-1,0,0,0,-1
2026-06-29 15:08:06.288,65.27883,False,21.93554,0.8771557,-6.100287,0,0,0,1,0,0,1,False,-1,-1,0,0,0,-1
2026-06-29 15:08:06.323,65.31314,False,21.93644,0.8773113,-6.098559,0,0,0,1,0,0,1,False,-1,-1,0,0,0,-1
2026-06-29 15:08:06.366,65.3563,False,21.93623,0.8778695,-6.100298,0,0,0,1,0,0,1,False,-1,-1,0,0,0,-1
2026-06-29 15:08:06.399,65.39007,False,21.93643,0.8782202,-6.100282,0,0,0,1,0,0,1,False,-1,-1,0,0,0,-1
2026-06-29 15:08:06.443,65.43414,False,21.93691,0.8784884,-6.099356,0,0,0,1,0,0,1,False,-1,-1,0,0,0,-1
2026-06-29 15:08:06.489,65.47911,False,21.93691,0.8786098,-6.099231,0,0,0,1,0,0,1,False,-1,-1,0,0,0,-1
2026-06-29 15:08:06.533,65.52358,False,21.93642,0.8785863,-6.100704,0,0,0,1,0,0,1,False,-1,-1,0,0,0,-1
2026-06-29 15:08:06.577,65.56747,False,21.93664,0.8781726,-6.099407,0,0,0,1,0,0,1,False,-1,-1,0,0,0,-1
2026-06-29 15:08:06.611,65.60104,False,21.93611,0.8776932,-6.099556,0,0,0,1,0,0,1,False,-1,-1,0,0,0,-1
2026-06-29 15:08:06.655,65.64523,False,21.93567,0.8770331,-6.098685,0,0,0,1,0,0,1,False,-1,-1,0,0,0,-1
2026-06-29 15:08:06.699,65.68933,False,21.93474,0.8765649,-6.099338,0,0,0,1,0,0,1,False,-1,-1,0,0,0,-1
2026-06-29 15:08:06.733,65.72346,False,21.93484,0.8761769,-6.097841,0,0,0,1,0,0,1,False,-1,-1,0,0,0,-1
2026-06-29 15:08:06.776,65.76706,False,21.93446,0.8757799,-6.097713,0,0,0,1,0,0,1,False,-1,-1,0,0,0,-1
2026-06-29 15:08:06.810,65.80048,False,21.93512,0.8754528,-6.09491,0,0,0,1,0,0,1,False,-1,-1,0,0,0,-1
2026-06-29 15:08:06.843,65.83399,False,21.93536,0.875309,-6.093855,0,0,0,1,0,0,1,False,-1,-1,0,0,0,-1
2026-06-29 15:08:06.887,65.87805,False,21.93482,0.8757863,-6.094935,0,0,0,1,0,0,1,False,-1,-1,0,0,0,-1
2026-06-29 15:08:06.921,65.91152,False,21.93546,0.8759444,-6.093809,0,0,0,1,0,0,1,False,-1,-1,0,0,0,-1
2026-06-29 15:08:06.956,65.94599,False,21.93501,0.8764555,-6.09609,0,0,0,1,0,0,1,False,-1,-1,0,0,0,-1
2026-06-29 15:08:06.999,65.98938,False,21.93631,0.87675,-6.093933,0,0,0,1,0,0,1,False,-1,-1,0,0,0,-1
2026-06-29 15:08:07.042,66.03349,False,21.93681,0.8769096,-6.093457,0,0,0,1,0,0,1,False,-1,-1,0,0,0,-1
2026-06-29 15:08:07.076,66.06707,False,21.93668,0.8771477,-6.094652,0,0,0,1,0,0,1,False,-1,-1,0,0,0,-1
2026-06-29 15:08:07.111,66.10095,False,21.93735,0.8770478,-6.092963,0,0,0,1,0,0,1,False,-1,-1,0,0,0,-1
2026-06-29 15:08:07.145,66.13503,False,21.93752,0.8768243,-6.092272,0,0,0,1,0,0,1,False,-1,-1,0,0,0,-1
2026-06-29 15:08:07.189,66.17934,False,21.93846,0.8761218,-6.0886,0,0,0,1,0,0,1,False,-1,-1,0,0,0,-1
2026-06-29 15:08:07.232,66.22305,False,21.93802,0.8761994,-6.09002,0,0,0,1,0,0,1,False,-1,-1,0,0,0,-1
2026-06-29 15:08:07.278,66.26766,False,21.93784,0.8761265,-6.089771,0,0,0,1,0,0,1,False,-1,-1,0,0,0,-1
2026-06-29 15:08:07.321,66.3117,False,21.9374,0.8762476,-6.090346,0,0,0,1,0,0,1,False,-1,-1,0,0,0,-1
2026-06-29 15:08:07.356,66.34603,False,21.93748,0.8762413,-6.090092,0,0,0,1,0,0,1,False,-1,-1,0,0,0,-1
2026-06-29 15:08:07.399,66.38944,False,21.93775,0.8761117,-6.089092,0,0,0,1,0,0,1,False,-1,-1,0,0,0,-1
2026-06-29 15:08:07.442,66.43336,False,21.93746,0.8761373,-6.090286,0,0,0,1,0,0,1,False,-1,-1,0,0,0,-1
2026-06-29 15:08:07.477,66.46672,False,21.93728,0.8760583,-6.091105,0,0,0,1,0,0,1,False,-1,-1,0,0,0,-1
2026-06-29 15:08:07.521,66.51151,False,21.93748,0.8760022,-6.090673,0,0,0,1,0,0,1,False,-1,-1,0,0,0,-1
2026-06-29 15:08:07.566,66.55604,False,21.93677,0.8760812,-6.09226,0,0,0,1,0,0,1,False,-1,-1,0,0,0,-1
2026-06-29 15:08:07.610,66.60096,False,21.93623,0.8762136,-6.093861,0,0,0,1,0,0,1,False,-1,-1,0,0,0,-1
2026-06-29 15:08:07.655,66.64505,False,21.93641,0.8760211,-6.093523,0,0,0,1,0,0,1,False,-1,-1,0,0,0,-1
2026-06-29 15:08:07.699,66.68911,False,21.9363,0.8760903,-6.093794,0,0,0,1,0,0,1,False,-1,-1,0,0,0,-1
2026-06-29 15:08:07.732,66.72263,False,21.93603,0.8760549,-6.094337,0,0,0,1,0,0,1,False,-1,-1,0,0,0,-1
2026-06-29 15:08:07.766,66.75606,False,21.93604,0.8757995,-6.093907,0,0,0,1,0,0,1,False,-1,-1,0,0,0,-1
2026-06-29 15:08:07.799,66.78965,False,21.93489,0.8757344,-6.09654,0,0,0,1,0,0,1,False,-1,-1,0,0,0,-1
2026-06-29 15:08:07.842,66.8332,False,21.9348,0.8756351,-6.097053,0,0,0,1,0,0,1,False,-1,-1,0,0,0,-1
2026-06-29 15:08:07.876,66.86681,False,21.93403,0.8757458,-6.098548,0,0,0,1,0,0,1,False,-1,-1,0,0,0,-1
2026-06-29 15:08:07.921,66.91119,False,21.9341,0.8755487,-6.097712,0,0,0,1,0,0,1,False,-1,-1,0,0,0,-1
2026-06-29 15:08:07.965,66.95561,False,21.93343,0.8755048,-6.098205,0,0,0,1,0,0,1,False,-1,-1,0,0,0,-1
2026-06-29 15:08:07.999,66.98897,False,21.93288,0.8753136,-6.098413,0,0,0,1,0,0,1,False,-1,-1,0,0,0,-1
2026-06-29 15:08:08.032,67.02236,False,21.93261,0.8750913,-6.097838,0,0,0,1,0,0,1,False,-1,-1,0,0,0,-1
2026-06-29 15:08:08.076,67.06656,False,21.93345,0.8748127,-6.095052,0,0,0,1,0,0,1,False,-1,-1,0,0,0,-1
2026-06-29 15:08:08.109,67.09992,False,21.93536,0.8743281,-6.090217,0,0,0,1,0,0,1,False,-1,-1,0,0,0,-1
2026-06-29 15:08:08.143,67.13345,False,21.93671,0.8741131,-6.087997,0,0,0,1,0,0,1,False,-1,-1,0,0,0,-1
2026-06-29 15:08:08.188,67.17848,False,21.93777,0.874043,-6.08589,0,0,0,1,0,0,1,False,-1,-1,0,0,0,-1
2026-06-29 15:08:08.222,67.21265,False,21.93763,0.8744736,-6.087394,0,0,0,1,0,0,1,False,-1,-1,0,0,0,-1
2026-06-29 15:08:08.265,67.25628,False,21.93856,0.875017,-6.08607,0,0,0,1,0,0,1,False,-1,-1,0,0,0,-1
2026-06-29 15:08:08.309,67.29971,False,21.94008,0.87569,-6.084042,0,0,0,1,0,0,1,False,-1,-1,0,0,0,-1
2026-06-29 15:08:08.342,67.33312,False,21.94177,0.8761339,-6.081498,0,0,0,1,0,0,1,False,-1,-1,0,0,0,-1
2026-06-29 15:08:08.388,67.37805,False,21.94191,0.8769203,-6.08299,0,0,0,1,0,0,1,False,-1,-1,0,0,0,-1
2026-06-29 15:08:08.421,67.41177,False,21.9414,0.8775909,-6.085775,0,0,0,1,0,0,1,False,-1,-1,0,0,0,-1
2026-06-29 15:08:08.464,67.45484,False,21.94236,0.8779398,-6.084172,0,0,0,1,0,0,1,False,-1,-1,0,0,0,-1
2026-06-29 15:08:08.498,67.48859,False,21.94346,0.8780087,-6.081798,0,0,0,1,0,0,1,False,-1,-1,0,0,0,-1
2026-06-29 15:08:08.532,67.52249,False,21.94483,0.8778648,-6.079042,0,0,0,1,0,0,1,False,-1,-1,0,0,0,-1
2026-06-29 15:08:08.576,67.56616,False,21.94574,0.8776522,-6.076576,0,0,0,1,0,0,1,False,-1,-1,0,0,0,-1
2026-06-29 15:08:08.610,67.6004,False,21.94518,0.8776193,-6.077641,0,0,0,1,0,0,1,False,-1,-1,0,0,0,-1
2026-06-29 15:08:08.653,67.64434,False,21.94541,0.877328,-6.076275,0,0,0,1,0,0,1,False,-1,-1,0,0,0,-1
2026-06-29 15:08:08.698,67.68884,False,21.94522,0.8772323,-6.076297,0,0,0,1,0,0,1,False,-1,-1,0,0,0,-1
2026-06-29 15:08:08.742,67.73278,False,21.94543,0.8769829,-6.07511,0,0,0,1,0,0,1,False,-1,-1,0,0,0,-1
2026-06-29 15:08:08.776,67.76613,False,21.94525,0.8770309,-6.075063,0,0,0,1,0,0,1,False,-1,-1,0,0,0,-1
2026-06-29 15:08:08.810,67.80047,False,21.94554,0.8771845,-6.074577,0,0,0,1,0,0,1,False,-1,-1,0,0,0,-1
2026-06-29 15:08:08.854,67.84462,False,21.94648,0.8773322,-6.072426,0,0,0,1,0,0,1,False,-1,-1,0,0,0,-1
2026-06-29 15:08:08.900,67.88967,False,21.94735,0.8775514,-6.070542,0,0,0,1,0,0,1,False,-1,-1,0,0,0,-1
2026-06-29 15:08:08.942,67.93311,False,21.94689,0.8781229,-6.072776,0,0,0,1,0,0,1,False,-1,-1,0,0,0,-1
2026-06-29 15:08:08.987,67.97788,False,21.94764,0.8783368,-6.071898,0,0,0,1,0,0,1,False,-1,-1,0,0,0,-1
2026-06-29 15:08:09.032,68.02184,False,21.94811,0.8784953,-6.07141,0,0,0,1,0,0,1,False,-1,-1,0,0,0,-1
2026-06-29 15:08:09.065,68.0555,False,21.94764,0.8786028,-6.073724,0,0,0,1,0,0,1,False,-1,-1,0,0,0,-1
2026-06-29 15:08:09.109,68.09962,False,21.94644,0.8786042,-6.077476,0,0,0,1,0,0,1,False,-1,-1,0,0,0,-1
2026-06-29 15:08:09.142,68.13307,False,21.94627,0.8787313,-6.078807,0,0,0,1,0,0,1,False,-1,-1,0,0,0,-1
2026-06-29 15:08:09.187,68.17769,False,21.94632,0.8787822,-6.080081,0,0,0,1,0,0,1,False,-1,-1,0,0,0,-1
2026-06-29 15:08:09.221,68.2114,False,21.94664,0.8791426,-6.08023,0,0,0,1,0,0,1,False,-1,-1,0,0,0,-1
2026-06-29 15:08:09.265,68.25518,False,21.94651,0.8799752,-6.083269,0,0,0,1,0,0,1,False,-1,-1,0,0,0,-1
2026-06-29 15:08:09.300,68.29016,False,21.9464,0.881357,-6.086721,0,0,0,1,0,0,1,False,-1,-1,0,0,0,-1
2026-06-29 15:08:09.342,68.33248,False,21.9451,0.8843023,-6.096281,0,0,0,1,0,0,1,False,-1,-1,0,0,0,-1
2026-06-29 15:08:09.386,68.37711,False,21.94227,0.888446,-6.111259,0,0,0,1,0,0,1,False,-1,-1,0,0,0,-1
2026-06-29 15:08:09.420,68.41055,False,21.94027,0.8921341,-6.123531,0,0,0,1,0,0,1,False,-1,-1,0,0,0,-1
2026-06-29 15:08:09.455,68.44519,False,21.93909,0.8969036,-6.136075,0,0,0,1,0,0,1,False,-1,-1,0,0,0,-1
2026-06-29 15:08:09.498,68.48789,False,21.93879,0.9036629,-6.151244,0,0,0,1,0,0,1,False,-1,-1,0,0,0,-1
2026-06-29 15:08:09.531,68.52186,False,21.93981,0.9080943,-6.160314,0,0,0,1,0,0,1,False,-1,-1,0,0,0,-1
2026-06-29 15:08:09.574,68.56531,False,21.94262,0.9131323,-6.169254,0,0,0,1,0,0,1,False,-1,-1,0,0,0,-1
2026-06-29 15:08:09.608,68.59919,False,21.94547,0.9163299,-6.173517,0,0,0,1,0,0,1,False,-1,-1,0,0,0,-1
2026-06-29 15:08:09.642,68.63283,False,21.94688,0.9193698,-6.179574,0,0,0,1,0,0,1,False,-1,-1,0,0,0,-1
2026-06-29 15:08:09.686,68.67702,False,21.95028,0.922105,-6.179295,0,0,0,1,0,0,1,False,-1,-1,0,0,0,-1
2026-06-29 15:08:09.731,68.72108,False,21.95197,0.9246367,-6.181588,0,0,0,1,0,0,1,False,-1,-1,0,0,0,-1
2026-06-29 15:08:09.764,68.75487,False,21.95269,0.9260023,-6.183472,0,0,0,1,0,0,1,False,-1,-1,0,0,0,-1
2026-06-29 15:08:09.808,68.79877,False,21.95333,0.9274526,-6.185179,0,0,0,1,0,0,1,False,-1,-1,0,0,0,-1
2026-06-29 15:08:09.853,68.84337,False,21.95372,0.9278566,-6.185094,0,0,0,1,0,0,1,False,-1,-1,0,0,0,-1
2026-06-29 15:08:09.886,68.87698,False,21.95362,0.9278043,-6.184915,0,0,0,1,0,0,1,False,-1,-1,0,0,0,-1
2026-06-29 15:08:09.931,68.92219,False,21.95328,0.9271863,-6.184011,0,0,0,1,0,0,1,False,-1,-1,0,0,0,-1
2026-06-29 15:08:09.976,68.96565,False,21.95284,0.9260069,-6.181787,0,0,0,1,0,0,1,False,-1,-1,0,0,0,-1
2026-06-29 15:08:10.008,68.99934,False,21.95247,0.9251708,-6.18045,0,0,0,1,0,0,1,False,-1,-1,0,0,0,-1
2026-06-29 15:08:10.053,69.04299,False,21.95131,0.9240159,-6.18056,0,0,0,1,0,0,1,False,-1,-1,0,0,0,-1
2026-06-29 15:08:10.086,69.07657,False,21.95088,0.9230077,-6.179412,0,0,0,1,0,0,1,False,-1,-1,0,0,0,-1
2026-06-29 15:08:10.120,69.1103,False,21.94997,0.9220591,-6.179053,0,0,0,1,0,0,1,False,-1,-1,0,0,0,-1
2026-06-29 15:08:10.163,69.15415,False,21.94923,0.9203296,-6.176397,0,0,0,1,0,0,1,False,-1,-1,0,0,0,-1
2026-06-29 15:08:10.197,69.18757,False,21.94896,0.9191204,-6.174603,0,0,0,1,0,0,1,False,-1,-1,0,0,0,-1
2026-06-29 15:08:10.241,69.23169,False,21.94858,0.9175022,-6.172994,0,0,0,1,0,0,1,False,-1,-1,0,0,0,-1
2026-06-29 15:08:10.277,69.26704,False,21.94747,0.9164616,-6.174667,0,0,0,1,0,0,1,False,-1,-1,0,0,0,-1
2026-06-29 15:08:10.320,69.3101,False,21.94715,0.9142566,-6.173442,0,0,0,1,0,0,1,False,-1,-1,0,0,0,-1
2026-06-29 15:08:10.364,69.35398,False,21.94482,0.9121703,-6.175261,0,0,0,1,0,0,1,False,-1,-1,0,0,0,-1
2026-06-29 15:08:10.397,69.38761,False,21.94321,0.9107163,-6.175914,0,0,0,1,0,0,1,False,-1,-1,0,0,0,-1
2026-06-29 15:08:10.431,69.42105,False,21.94087,0.9092572,-6.177444,0,0,0,1,0,0,1,False,-1,-1,0,0,0,-1
2026-06-29 15:08:10.474,69.4648,False,21.93805,0.9071357,-6.178174,0,0,0,1,0,0,1,False,-1,-1,0,0,0,-1
2026-06-29 15:08:10.510,69.50031,False,21.93539,0.905431,-6.180004,0,0,0,1,0,0,1,False,-1,-1,0,0,0,-1
2026-06-29 15:08:10.553,69.54375,False,21.93135,0.9032581,-6.182334,0,0,0,1,0,0,1,False,-1,-1,0,0,0,-1
2026-06-29 15:08:10.598,69.58794,False,21.92599,0.9019278,-6.185341,0,0,0,1,0,0,1,False,-1,-1,0,0,0,-1
2026-06-29 15:08:10.631,69.62147,False,21.92112,0.9012527,-6.18837,0,0,0,1,0,0,1,False,-1,-1,0,0,0,-1
2026-06-29 15:08:10.674,69.66448,False,21.9146,0.9011422,-6.189772,0,0,0,1,0,0,1,False,-1,-1,0,0,0,-1
2026-06-29 15:08:10.707,69.69821,False,21.90847,0.9025419,-6.19241,0,0,0,1,0,0,1,False,-1,-1,0,0,0,-1
2026-06-29 15:08:10.753,69.74313,False,21.89939,0.9055455,-6.195693,0,0,0,1,0,0,1,False,-1,-1,0,0,0,-1
2026-06-29 15:08:10.797,69.78735,False,21.8907,0.9111385,-6.195961,0,0,0,1,0,0,1,False,-1,-1,0,0,0,-1
2026-06-29 15:08:10.841,69.83123,False,21.88144,0.919707,-6.196514,0,0,0,1,0,0,1,False,-1,-1,0,0,0,-1
2026-06-29 15:08:10.875,69.86536,False,21.87568,0.9281065,-6.194641,0,0,0,1,0,0,1,False,-1,-1,0,0,0,-1
2026-06-29 15:08:10.920,69.91047,False,21.86822,0.9418119,-6.193872,0,0,0,1,0,0,1,False,-1,-1,0,0,0,-1
2026-06-29 15:08:10.963,69.95411,False,21.86255,0.9574151,-6.192656,0,0,0,1,0,0,1,False,-1,-1,0,0,0,-1
2026-06-29 15:08:11.008,69.9986,False,21.85631,0.9730076,-6.195673,0,0,0,1,0,0,1,False,-1,-1,0,0,0,-1
2026-06-29 15:08:11.052,70.04263,False,21.85119,0.9876336,-6.196804,0,0,0,1,0,0,1,False,-1,-1,0,0,0,-1
2026-06-29 15:08:11.085,70.07607,False,21.84894,0.9977729,-6.196074,0,0,0,1,0,0,1,False,-1,-1,0,0,0,-1
2026-06-29 15:08:11.119,70.10969,False,21.84674,1.007141,-6.196901,0,0,0,1,0,0,1,False,-1,-1,0,0,0,-1
2026-06-29 15:08:11.164,70.154,False,21.84436,1.01756,-6.197757,0,0,0,1,0,0,1,False,-1,-1,0,0,0,-1
2026-06-29 15:08:11.208,70.19827,False,21.84417,1.025828,-6.195152,0,0,0,1,0,0,1,False,-1,-1,0,0,0,-1
2026-06-29 15:08:11.241,70.23166,False,21.84311,1.031509,-6.194098,0,0,0,1,0,0,1,False,-1,-1,0,0,0,-1
2026-06-29 15:08:11.285,70.27608,False,21.84159,1.037853,-6.191978,0,0,0,1,0,0,1,False,-1,-1,0,0,0,-1
2026-06-29 15:08:11.321,70.311,False,21.83994,1.041392,-6.19141,0,0,0,1,0,0,1,False,-1,-1,0,0,0,-1
2026-06-29 15:08:11.364,70.35406,False,21.8375,1.044975,-6.191492,0,0,0,1,0,0,1,False,-1,-1,0,0,0,-1
2026-06-29 15:08:11.407,70.39804,False,21.83553,1.047054,-6.191306,0,0,0,1,0,0,1,False,-1,-1,0,0,0,-1
2026-06-29 15:08:11.441,70.43175,False,21.83428,1.048102,-6.1919,0,0,0,1,0,0,1,False,-1,-1,0,0,0,-1
2026-06-29 15:08:11.476,70.46576,False,21.83132,1.050454,-6.192764,0,0,0,1,0,0,1,False,-1,-1,0,0,0,-1
2026-06-29 15:08:11.520,70.50968,False,21.83028,1.054505,-6.195468,0,0,0,1,0,0,1,False,-1,-1,0,0,0,-1
2026-06-29 15:08:11.554,70.54375,False,21.83008,1.05654,-6.197272,0,0,0,1,0,0,1,False,-1,-1,0,0,0,-1
2026-06-29 15:08:11.597,70.5871,False,21.8294,1.059506,-6.19909,0,0,0,1,0,0,1,False,-1,-1,0,0,0,-1
2026-06-29 15:08:11.631,70.62122,False,21.82949,1.061781,-6.200046,0,0,0,1,0,0,1,False,-1,-1,0,0,0,-1
2026-06-29 15:08:11.674,70.66502,False,21.82907,1.063452,-6.199715,0,0,0,1,0,0,1,False,-1,-1,0,0,0,-1
2026-06-29 15:08:11.718,70.70884,False,21.82854,1.064248,-6.201268,0,0,0,1,0,0,1,False,-1,-1,0,0,0,-1
2026-06-29 15:08:11.752,70.74266,False,21.82873,1.063917,-6.201401,0,0,0,1,0,0,1,False,-1,-1,0,0,0,-1
2026-06-29 15:08:11.797,70.78691,False,21.82835,1.061932,-6.202718,0,0,0,1,0,0,1,False,-1,-1,0,0,0,-1
2026-06-29 15:08:11.830,70.82038,False,21.82708,1.060797,-6.203175,0,0,0,1,0,0,1,False,-1,-1,0,0,0,-1
2026-06-29 15:08:11.875,70.86458,False,21.82473,1.063138,-6.206267,0,0,0,1,0,0,1,False,-1,-1,0,0,0,-1
2026-06-29 15:08:11.907,70.89801,False,21.82197,1.063067,-6.207934,0,0,0,1,0,0,1,False,-1,-1,0,0,0,-1
2026-06-29 15:08:11.942,70.93182,False,21.81905,1.061717,-6.20858,0,0,0,1,0,0,1,False,-1,-1,0,0,0,-1
2026-06-29 15:08:11.986,70.9761,False,21.81568,1.061606,-6.209841,0,0,0,1,0,0,1,False,-1,-1,0,0,0,-1
2026-06-29 15:08:12.031,71.021,False,21.81192,1.061531,-6.211001,0,0,0,1,0,0,1,False,-1,-1,0,0,0,-1
2026-06-29 15:08:12.074,71.0648,False,21.80857,1.061077,-6.210763,0,0,0,1,0,0,1,False,-1,-1,0,0,0,-1
2026-06-29 15:08:12.108,71.09856,False,21.80714,1.060719,-6.210442,0,0,0,1,0,0,1,False,-1,-1,0,0,0,-1
2026-06-29 15:08:12.152,71.14283,False,21.807,1.059624,-6.210202,0,0,0,1,0,0,1,False,-1,-1,0,0,0,-1
2026-06-29 15:08:12.186,71.17658,False,21.80785,1.058416,-6.210282,0,0,0,1,0,0,1,False,-1,-1,0,0,0,-1
2026-06-29 15:08:12.230,71.22038,False,21.80971,1.057245,-6.210954,0,0,0,1,0,0,1,False,-1,-1,0,0,0,-1
2026-06-29 15:08:12.263,71.25389,False,21.81122,1.056577,-6.211884,0,0,0,1,0,0,1,False,-1,-1,0,0,0,-1
2026-06-29 15:08:12.297,71.28722,False,21.81219,1.056063,-6.213212,0,0,0,1,0,0,1,False,-1,-1,0,0,0,-1
2026-06-29 15:08:12.330,71.32153,False,21.8131,1.055738,-6.215129,0,0,0,1,0,0,1,False,-1,-1,0,0,0,-1
2026-06-29 15:08:12.376,71.36535,False,21.81447,1.055448,-6.218187,0,0,0,1,0,0,1,False,-1,-1,0,0,0,-1
2026-06-29 15:08:12.419,71.40887,False,21.81563,1.055573,-6.221219,0,0,0,1,0,0,1,False,-1,-1,0,0,0,-1
2026-06-29 15:08:12.452,71.44281,False,21.816,1.056036,-6.223282,0,0,0,1,0,0,1,False,-1,-1,0,0,0,-1
2026-06-29 15:08:12.497,71.48728,False,21.81549,1.056705,-6.225613,0,0,0,1,0,0,1,False,-1,-1,0,0,0,-1
2026-06-29 15:08:12.540,71.53092,False,21.81455,1.057205,-6.227859,0,0,0,1,0,0,1,False,-1,-1,0,0,0,-1
2026-06-29 15:08:12.575,71.56479,False,21.8139,1.057089,-6.229153,0,0,0,1,0,0,1,False,-1,-1,0,0,0,-1
2026-06-29 15:08:12.608,71.59835,False,21.81293,1.057163,-6.230984,0,0,0,1,0,0,1,False,-1,-1,0,0,0,-1
2026-06-29 15:08:12.651,71.64155,False,21.81138,1.057109,-6.23399,0,0,0,1,0,0,1,False,-1,-1,0,0,0,-1
2026-06-29 15:08:12.684,71.67489,False,21.8099,1.056936,-6.236438,0,0,0,1,0,0,1,False,-1,-1,0,0,0,-1
2026-06-29 15:08:12.729,71.71922,False,21.80775,1.056672,-6.239917,0,0,0,1,0,0,1,False,-1,-1,0,0,0,-1
2026-06-29 15:08:12.774,71.76407,False,21.8057,1.056317,-6.243475,0,0,0,1,0,0,1,False,-1,-1,0,0,0,-1
2026-06-29 15:08:12.816,71.80801,False,21.80378,1.05622,-6.246365,0,0,0,1,0,0,1,False,-1,-1,0,0,0,-1
2026-06-29 15:08:12.851,71.84194,False,21.80268,1.056113,-6.24802,0,0,0,1,0,0,1,False,-1,-1,0,0,0,-1
2026-06-29 15:08:12.896,71.88602,False,21.80202,1.055877,-6.249802,0,0,0,1,0,0,1,False,-1,-1,0,0,0,-1
2026-06-29 15:08:12.929,71.91959,False,21.80226,1.055681,-6.250786,0,0,0,1,0,0,1,False,-1,-1,0,0,0,-1
2026-06-29 15:08:12.972,71.96302,False,21.803,1.056041,-6.250922,0,0,0,1,0,0,1,False,-1,-1,0,0,0,-1
2026-06-29 15:08:13.007,71.99742,False,21.80382,1.056699,-6.250386,0,0,0,1,0,0,1,False,-1,-1,0,0,0,-1
2026-06-29 15:08:13.051,72.04155,False,21.80516,1.057286,-6.24946,0,0,0,1,0,0,1,False,-1,-1,0,0,0,-1
2026-06-29 15:08:13.084,72.07497,False,21.80635,1.057463,-6.248509,0,0,0,1,0,0,1,False,-1,-1,0,0,0,-1
2026-06-29 15:08:13.118,72.109,False,21.80778,1.057623,-6.247359,0,0,0,1,0,0,1,False,-1,-1,0,0,0,-1
2026-06-29 15:08:13.162,72.15289,False,21.80976,1.057846,-6.245367,0,0,0,1,0,0,1,False,-1,-1,0,0,0,-1
2026-06-29 15:08:13.196,72.18693,False,21.81108,1.057979,-6.244408,0,0,0,1,0,0,1,False,-1,-1,0,0,0,-1
2026-06-29 15:08:13.240,72.23067,False,21.8128,1.058115,-6.242533,0,0,0,1,0,0,1,False,-1,-1,0,0,0,-1
2026-06-29 15:08:13.274,72.26408,False,21.81403,1.058239,-6.241006,0,0,0,1,0,0,1,False,-1,-1,0,0,0,-1
2026-06-29 15:08:13.317,72.30811,False,21.81513,1.058072,-6.238651,0,0,0,1,0,0,1,False,-1,-1,0,0,0,-1
2026-06-29 15:08:13.351,72.34173,False,21.81577,1.058062,-6.236925,0,0,0,1,0,0,1,False,-1,-1,0,0,0,-1
2026-06-29 15:08:13.384,72.37572,False,21.81626,1.057747,-6.235437,0,0,0,1,0,0,1,False,-1,-1,0,0,0,-1
2026-06-29 15:08:13.429,72.41938,False,21.81664,1.057619,-6.233402,0,0,0,1,0,0,1,False,-1,-1,0,0,0,-1
2026-06-29 15:08:13.472,72.46317,False,21.81631,1.057206,-6.232054,0,0,0,1,0,0,1,False,-1,-1,0,0,0,-1
2026-06-29 15:08:13.506,72.49657,False,21.81593,1.056855,-6.231443,0,0,0,1,0,0,1,False,-1,-1,0,0,0,-1
2026-06-29 15:08:13.540,72.53011,False,21.8158,1.056613,-6.231147,0,0,0,1,0,0,1,False,-1,-1,0,0,0,-1
2026-06-29 15:08:13.573,72.56348,False,21.81586,1.05622,-6.231182,0,0,0,1,0,0,1,False,-1,-1,0,0,0,-1
2026-06-29 15:08:13.606,72.5972,False,21.81604,1.056184,-6.231159,0,0,0,1,0,0,1,False,-1,-1,0,0,0,-1
2026-06-29 15:08:13.639,72.63084,False,21.81637,1.056295,-6.23148,0,0,0,1,0,0,1,False,-1,-1,0,0,0,-1
2026-06-29 15:08:13.683,72.67403,False,21.81728,1.056513,-6.231812,0,0,0,1,0,0,1,False,-1,-1,0,0,0,-1
2026-06-29 15:08:13.717,72.7075,False,21.81834,1.056657,-6.231781,0,0,0,1,0,0,1,False,-1,-1,0,0,0,-1
2026-06-29 15:08:13.751,72.74126,False,21.81912,1.056807,-6.231589,0,0,0,1,0,0,1,False,-1,-1,0,0,0,-1
2026-06-29 15:08:13.794,72.78534,False,21.82056,1.057274,-6.231714,0,0,0,1,0,0,1,False,-1,-1,0,0,0,-1
2026-06-29 15:08:13.829,72.81944,False,21.82151,1.057611,-6.231993,0,0,0,1,0,0,1,False,-1,-1,0,0,0,-1
2026-06-29 15:08:13.873,72.86346,False,21.82271,1.057867,-6.231945,0,0,0,1,0,0,1,False,-1,-1,0,0,0,-1
2026-06-29 15:08:13.906,72.89705,False,21.82369,1.057957,-6.231826,0,0,0,1,0,0,1,False,-1,-1,0,0,0,-1
2026-06-29 15:08:13.950,72.9411,False,21.82462,1.058039,-6.231788,0,0,0,1,0,0,1,False,-1,-1,0,0,0,-1
2026-06-29 15:08:13.984,72.97465,False,21.82549,1.05832,-6.231741,0,0,0,1,0,0,1,False,-1,-1,0,0,0,-1
2026-06-29 15:08:14.018,73.00845,False,21.82621,1.058558,-6.231698,0,0,0,1,0,0,1,False,-1,-1,0,0,0,-1
2026-06-29 15:08:14.061,73.05218,False,21.82707,1.058812,-6.231602,0,0,0,1,0,0,1,False,-1,-1,0,0,0,-1
2026-06-29 15:08:14.095,73.08563,False,21.82744,1.058906,-6.231595,0,0,0,1,0,0,1,False,-1,-1,0,0,0,-1
2026-06-29 15:08:14.129,73.11933,False,21.82773,1.059025,-6.231516,0,0,0,1,0,0,1,False,-1,-1,0,0,0,-1
2026-06-29 15:08:14.173,73.16359,False,21.82787,1.059108,-6.231506,0,0,0,1,0,0,1,False,-1,-1,0,0,0,-1
2026-06-29 15:08:14.216,73.20798,False,21.82794,1.059003,-6.231318,0,0,0,1,0,0,1,False,-1,-1,0,0,0,-1
2026-06-29 15:08:14.262,73.25227,False,21.82793,1.059002,-6.231258,0,0,0,1,0,0,1,False,-1,-1,0,0,0,-1
2026-06-29 15:08:14.306,73.29696,False,21.82797,1.058918,-6.231171,0,0,0,1,0,0,1,False,-1,-1,0,0,0,-1
2026-06-29 15:08:14.350,73.34087,False,21.82758,1.058736,-6.230882,0,0,0,1,0,0,1,False,-1,-1,0,0,0,-1
2026-06-29 15:08:14.383,73.37434,False,21.82723,1.05863,-6.230692,0,0,0,1,0,0,1,False,-1,-1,0,0,0,-1
2026-06-29 15:08:14.417,73.40776,False,21.82715,1.058554,-6.230292,0,0,0,1,0,0,1,False,-1,-1,0,0,0,-1
2026-06-29 15:08:14.452,73.44255,False,21.82684,1.058416,-6.229925,0,0,0,1,0,0,1,False,-1,-1,0,0,0,-1
2026-06-29 15:08:14.496,73.48586,False,21.82663,1.058296,-6.229561,0,0,0,1,0,0,1,False,-1,-1,0,0,0,-1
2026-06-29 15:08:14.540,73.5304,False,21.82656,1.058162,-6.229223,0,0,0,1,0,0,1,False,-1,-1,0,0,0,-1
2026-06-29 15:08:14.583,73.57405,False,21.82643,1.058141,-6.228901,0,0,0,1,0,0,1,False,-1,-1,0,0,0,-1
2026-06-29 15:08:14.617,73.60782,False,21.82632,1.058135,-6.228653,0,0,0,1,0,0,1,False,-1,-1,0,0,0,-1
2026-06-29 15:08:14.652,73.64162,False,21.82616,1.058176,-6.228811,0,0,0,1,0,0,1,False,-1,-1,0,0,0,-1
2026-06-29 15:08:14.696,73.6857,False,21.82605,1.058056,-6.228678,0,0,0,1,0,0,1,False,-1,-1,0,0,0,-1
2026-06-29 15:08:14.728,73.71912,False,21.82585,1.058036,-6.228717,0,0,0,1,0,0,1,False,-1,-1,0,0,0,-1
2026-06-29 15:08:14.772,73.76294,False,21.82563,1.057844,-6.228591,0,0,0,1,0,0,1,False,-1,-1,0,0,0,-1
2026-06-29 15:08:14.818,73.80766,False,21.82548,1.057613,-6.228546,0,0,0,1,0,0,1,False,-1,-1,0,0,0,-1
2026-06-29 15:08:14.861,73.85209,False,21.82526,1.057409,-6.228318,0,0,0,1,0,0,1,False,-1,-1,0,0,0,-1
2026-06-29 15:08:14.905,73.89636,False,21.82513,1.057258,-6.228251,0,0,0,1,0,0,1,False,-1,-1,0,0,0,-1
2026-06-29 15:08:14.950,73.94087,False,21.82511,1.057211,-6.22825,0,0,0,1,0,0,1,False,-1,-1,0,0,0,-1
2026-06-29 15:08:14.984,73.97421,False,21.82508,1.05722,-6.22817,0,0,0,1,0,0,1,False,-1,-1,0,0,0,-1
2026-06-29 15:08:15.017,74.0084,False,21.82504,1.057233,-6.227994,0,0,0,1,0,0,1,False,-1,-1,0,0,0,-1
2026-06-29 15:08:15.062,74.05225,False,21.82502,1.057164,-6.227866,0,0,0,1,0,0,1,False,-1,-1,0,0,0,-1
2026-06-29 15:08:15.105,74.09675,False,21.82499,1.057069,-6.227672,0,0,0,1,0,0,1,False,-1,-1,0,0,0,-1
2026-06-29 15:08:15.150,74.14074,False,21.82517,1.05715,-6.227614,0,0,0,1,0,0,1,False,-1,-1,0,0,0,-1
2026-06-29 15:08:15.183,74.17423,False,21.82521,1.057101,-6.227484,0,0,0,1,0,0,1,False,-1,-1,0,0,0,-1
2026-06-29 15:08:15.228,74.21886,False,21.82532,1.057206,-6.227347,0,0,0,1,0,0,1,False,-1,-1,0,0,0,-1
2026-06-29 15:08:15.272,74.26276,False,21.82525,1.057294,-6.226994,0,0,0,1,0,0,1,False,-1,-1,0,0,0,-1
2026-06-29 15:08:15.316,74.30718,False,21.82498,1.057189,-6.226486,0,0,0,1,0,0,1,False,-1,-1,0,0,0,-1
2026-06-29 15:08:15.350,74.34081,False,21.82492,1.057196,-6.225955,0,0,0,1,0,0,1,False,-1,-1,0,0,0,-1
2026-06-29 15:08:15.394,74.38517,False,21.82501,1.057045,-6.225438,0,0,0,1,0,0,1,False,-1,-1,0,0,0,-1
2026-06-29 15:08:15.439,74.42995,False,21.82538,1.056813,-6.225272,0,0,0,1,0,0,1,False,-1,-1,0,0,0,-1
2026-06-29 15:08:15.483,74.47378,False,21.82603,1.056646,-6.225016,0,0,0,1,0,0,1,False,-1,-1,0,0,0,-1
2026-06-29 15:08:15.518,74.5088,False,21.82672,1.056555,-6.22479,0,0,0,1,0,0,1,False,-1,-1,0,0,0,-1
2026-06-29 15:08:15.560,74.55109,False,21.82785,1.05654,-6.224578,0,0,0,1,0,0,1,False,-1,-1,0,0,0,-1
2026-06-29 15:08:15.594,74.58448,False,21.829,1.056555,-6.224357,0,0,0,1,0,0,1,False,-1,-1,0,0,0,-1
2026-06-29 15:08:15.627,74.61797,False,21.83043,1.056666,-6.224127,0,0,0,1,0,0,1,False,-1,-1,0,0,0,-1
2026-06-29 15:08:15.662,74.65192,False,21.83176,1.05678,-6.224006,0,0,0,1,0,0,1,False,-1,-1,0,0,0,-1
2026-06-29 15:08:15.706,74.69627,False,21.83351,1.056969,-6.223844,0,0,0,1,0,0,1,False,-1,-1,0,0,0,-1
2026-06-29 15:08:15.749,74.7403,False,21.83533,1.057233,-6.223624,0,0,0,1,0,0,1,False,-1,-1,0,0,0,-1
2026-06-29 15:08:15.793,74.7843,False,21.83724,1.057664,-6.223286,0,0,0,1,0,0,1,False,-1,-1,0,0,0,-1
2026-06-29 15:08:15.839,74.82897,False,21.83889,1.05779,-6.222773,0,0,0,1,0,0,1,False,-1,-1,0,0,0,-1
2026-06-29 15:08:15.882,74.87336,False,21.84029,1.057806,-6.222454,0,0,0,1,0,0,1,False,-1,-1,0,0,0,-1
2026-06-29 15:08:15.917,74.90728,False,21.84123,1.057824,-6.222212,0,0,0,1,0,0,1,False,-1,-1,0,0,0,-1
2026-06-29 15:08:15.961,74.95134,False,21.84232,1.057787,-6.222016,0,0,0,1,0,0,1,False,-1,-1,0,0,0,-1
2026-06-29 15:08:15.994,74.98467,False,21.84276,1.057601,-6.221823,0,0,0,1,0,0,1,False,-1,-1,0,0,0,-1
2026-06-29 15:08:16.038,75.02911,False,21.8435,1.057503,-6.221996,0,0,0,1,0,0,1,False,-1,-1,0,0,0,-1
2026-06-29 15:08:16.072,75.06261,False,21.8437,1.057382,-6.222153,0,0,0,1,0,0,1,False,-1,-1,0,0,0,-1
2026-06-29 15:08:16.117,75.10704,False,21.84393,1.057367,-6.222461,0,0,0,1,0,0,1,False,-1,-1,0,0,0,-1
2026-06-29 15:08:16.161,75.15123,False,21.84414,1.057514,-6.222854,0,0,0,1,0,0,1,False,-1,-1,0,0,0,-1
2026-06-29 15:08:16.205,75.19559,False,21.84435,1.057631,-6.222909,0,0,0,1,0,0,1,False,-1,-1,0,0,0,-1
2026-06-29 15:08:16.238,75.22906,False,21.84462,1.057815,-6.22291,0,0,0,1,0,0,1,False,-1,-1,0,0,0,-1
2026-06-29 15:08:16.272,75.26274,False,21.84487,1.057821,-6.222848,0,0,0,1,0,0,1,False,-1,-1,0,0,0,-1
2026-06-29 15:08:16.316,75.30684,False,21.84519,1.057793,-6.22264,0,0,0,1,0,0,1,False,-1,-1,0,0,0,-1
2026-06-29 15:08:16.350,75.34054,False,21.84532,1.057891,-6.222453,0,0,0,1,0,0,1,False,-1,-1,0,0,0,-1
2026-06-29 15:08:16.394,75.3849,False,21.84532,1.057796,-6.22221,0,0,0,1,0,0,1,False,-1,-1,0,0,0,-1
2026-06-29 15:08:16.439,75.42919,False,21.8453,1.057669,-6.221915,0,0,0,1,0,0,1,False,-1,-1,0,0,0,-1
2026-06-29 15:08:16.482,75.47327,False,21.84511,1.057245,-6.221355,0,0,0,1,0,0,1,False,-1,-1,0,0,0,-1
2026-06-29 15:08:16.516,75.50746,False,21.84463,1.057114,-6.22086,0,0,0,1,0,0,1,False,-1,-1,0,0,0,-1
2026-06-29 15:08:16.551,75.54145,False,21.84409,1.056743,-6.220054,0,0,0,1,0,0,1,False,-1,-1,0,0,0,-1
2026-06-29 15:08:16.595,75.58462,False,21.84296,1.056255,-6.219145,0,0,0,1,0,0,1,False,-1,-1,0,0,0,-1
2026-06-29 15:08:16.628,75.61834,False,21.84238,1.055871,-6.21841,0,0,0,1,0,0,1,False,-1,-1,0,0,0,-1
2026-06-29 15:08:16.671,75.66226,False,21.84167,1.055423,-6.217517,0,0,0,1,0,0,1,False,-1,-1,0,0,0,-1
2026-06-29 15:08:16.716,75.70646,False,21.84127,1.055059,-6.217073,0,0,0,1,0,0,1,False,-1,-1,0,0,0,-1
2026-06-29 15:08:16.750,75.74034,False,21.84132,1.054859,-6.216892,0,0,0,1,0,0,1,False,-1,-1,0,0,0,-1
2026-06-29 15:08:16.794,75.78415,False,21.84125,1.054473,-6.216389,0,0,0,1,0,0,1,False,-1,-1,0,0,0,-1
2026-06-29 15:08:16.838,75.8284,False,21.84166,1.054398,-6.216114,0,0,0,1,0,0,1,False,-1,-1,0,0,0,-1
2026-06-29 15:08:16.872,75.86216,False,21.84211,1.05435,-6.215793,0,0,0,1,0,0,1,False,-1,-1,0,0,0,-1
2026-06-29 15:08:16.915,75.90614,False,21.84282,1.054329,-6.215561,0,0,0,1,0,0,1,False,-1,-1,0,0,0,-1
2026-06-29 15:08:16.948,75.93984,False,21.84331,1.054325,-6.215544,0,0,0,1,0,0,1,False,-1,-1,0,0,0,-1
2026-06-29 15:08:16.983,75.97321,False,21.84394,1.054513,-6.215648,0,0,0,1,0,0,1,False,-1,-1,0,0,0,-1
2026-06-29 15:08:17.026,76.01746,False,21.84461,1.054655,-6.215829,0,0,0,1,0,0,1,False,-1,-1,0,0,0,-1
2026-06-29 15:08:17.071,76.0617,False,21.84518,1.054767,-6.216033,0,0,0,1,0,0,1,False,-1,-1,0,0,0,-1
2026-06-29 15:08:17.104,76.09528,False,21.84543,1.055094,-6.216253,0,0,0,1,0,0,1,False,-1,-1,0,0,0,-1
2026-06-29 15:08:17.138,76.1288,False,21.84584,1.055328,-6.216383,0,0,0,1,0,0,1,False,-1,-1,0,0,0,-1
2026-06-29 15:08:17.182,76.17281,False,21.84626,1.055511,-6.216352,0,0,0,1,0,0,1,False,-1,-1,0,0,0,-1
2026-06-29 15:08:17.216,76.20644,False,21.84639,1.05544,-6.216146,0,0,0,1,0,0,1,False,-1,-1,0,0,0,-1
2026-06-29 15:08:17.260,76.25061,False,21.84634,1.055412,-6.216063,0,0,0,1,0,0,1,False,-1,-1,0,0,0,-1
2026-06-29 15:08:17.293,76.28407,False,21.84627,1.055398,-6.21601,0,0,0,1,0,0,1,False,-1,-1,0,0,0,-1
2026-06-29 15:08:17.328,76.31801,False,21.84587,1.055234,-6.21596,0,0,0,1,0,0,1,False,-1,-1,0,0,0,-1
2026-06-29 15:08:17.372,76.3623,False,21.84561,1.05521,-6.21597,0,0,0,1,0,0,1,False,-1,-1,0,0,0,-1
2026-06-29 15:08:17.415,76.40614,False,21.84533,1.055103,-6.215901,0,0,0,1,0,0,1,False,-1,-1,0,0,0,-1
2026-06-29 15:08:17.448,76.43971,False,21.84511,1.055003,-6.215711,0,0,0,1,0,0,1,False,-1,-1,0,0,0,-1
2026-06-29 15:08:17.492,76.48355,False,21.84517,1.054672,-6.215443,0,0,0,1,0,0,1,False,-1,-1,0,0,0,-1
2026-06-29 15:08:17.526,76.51791,False,21.84532,1.054545,-6.215161,0,0,0,1,0,0,1,False,-1,-1,0,0,0,-1
2026-06-29 15:08:17.571,76.56165,False,21.84573,1.054529,-6.214737,0,0,0,1,0,0,1,False,-1,-1,0,0,0,-1
2026-06-29 15:08:17.606,76.59653,False,21.84583,1.054564,-6.214674,0,0,0,1,0,0,1,False,-1,-1,0,0,0,-1
2026-06-29 15:08:17.648,76.63932,False,21.84614,1.054581,-6.214208,0,0,0,1,0,0,1,False,-1,-1,0,0,0,-1
2026-06-29 15:08:17.682,76.67314,False,21.84636,1.054574,-6.213971,0,0,0,1,0,0,1,False,-1,-1,0,0,0,-1
2026-06-29 15:08:17.717,76.70723,False,21.84638,1.054332,-6.213691,0,0,0,1,0,0,1,False,-1,-1,0,0,0,-1
2026-06-29 15:08:17.760,76.75018,False,21.84638,1.054062,-6.213253,0,0,0,1,0,0,1,False,-1,-1,0,0,0,-1
2026-06-29 15:08:17.794,76.78407,False,21.84604,1.053923,-6.212875,0,0,0,1,0,0,1,False,-1,-1,0,0,0,-1
2026-06-29 15:08:17.838,76.8281,False,21.84573,1.053814,-6.212585,0,0,0,1,0,0,1,False,-1,-1,0,0,0,-1
2026-06-29 15:08:17.871,76.86163,False,21.84549,1.053726,-6.212488,0,0,0,1,0,0,1,False,-1,-1,0,0,0,-1
2026-06-29 15:08:17.904,76.89507,False,21.84533,1.053537,-6.212323,0,0,0,1,0,0,1,False,-1,-1,0,0,0,-1
2026-06-29 15:08:17.938,76.9285,False,21.84507,1.053215,-6.212277,0,0,0,1,0,0,1,False,-1,-1,0,0,0,-1
2026-06-29 15:08:17.972,76.96278,False,21.84505,1.05315,-6.212228,0,0,0,1,0,0,1,False,-1,-1,0,0,0,-1
2026-06-29 15:08:18.015,77.00615,False,21.84492,1.05307,-6.212028,0,0,0,1,0,0,1,False,-1,-1,0,0,0,-1
2026-06-29 15:08:18.060,77.05019,False,21.84463,1.052915,-6.211935,0,0,0,1,0,0,1,False,-1,-1,0,0,0,-1
2026-06-29 15:08:18.094,77.08414,False,21.84457,1.052892,-6.211802,0,0,0,1,0,0,1,False,-1,-1,0,0,0,-1
2026-06-29 15:08:18.139,77.12852,False,21.84448,1.052697,-6.211642,0,0,0,1,0,0,1,False,-1,-1,0,0,0,-1
2026-06-29 15:08:18.182,77.1724,False,21.84449,1.052626,-6.211402,0,0,0,1,0,0,1,False,-1,-1,0,0,0,-1
2026-06-29 15:08:18.215,77.20605,False,21.84464,1.052668,-6.211414,0,0,0,1,0,0,1,False,-1,-1,0,0,0,-1
2026-06-29 15:08:18.260,77.25011,False,21.84469,1.052658,-6.211191,0,0,0,1,0,0,1,False,-1,-1,0,0,0,-1
2026-06-29 15:08:18.304,77.29449,False,21.84468,1.05279,-6.211108,0,0,0,1,0,0,1,False,-1,-1,0,0,0,-1
2026-06-29 15:08:18.338,77.32869,False,21.84478,1.052835,-6.210976,0,0,0,1,0,0,1,False,-1,-1,0,0,0,-1
2026-06-29 15:08:18.382,77.37283,False,21.84488,1.052794,-6.210958,0,0,0,1,0,0,1,False,-1,-1,0,0,0,-1
2026-06-29 15:08:18.416,77.40622,False,21.84508,1.052782,-6.210902,0,0,0,1,0,0,1,False,-1,-1,0,0,0,-1
2026-06-29 15:08:18.460,77.45024,False,21.84515,1.052723,-6.210938,0,0,0,1,0,0,1,False,-1,-1,0,0,0,-1
2026-06-29 15:08:18.504,77.49427,False,21.84518,1.052613,-6.210974,0,0,0,1,0,0,1,False,-1,-1,0,0,0,-1
2026-06-29 15:08:18.538,77.52866,False,21.84522,1.052593,-6.211024,0,0,0,1,0,0,1,False,-1,-1,0,0,0,-1
2026-06-29 15:08:18.582,77.57283,False,21.84517,1.05269,-6.211019,0,0,0,1,0,0,1,False,-1,-1,0,0,0,-1
2026-06-29 15:08:18.616,77.60685,False,21.8451,1.052789,-6.211004,0,0,0,1,0,0,1,False,-1,-1,0,0,0,-1
2026-06-29 15:08:18.651,77.64085,False,21.84503,1.052808,-6.211151,0,0,0,1,0,0,1,False,-1,-1,0,0,0,-1
2026-06-29 15:08:18.693,77.68341,False,21.84514,1.052779,-6.211074,0,0,0,1,0,0,1,False,-1,-1,0,0,0,-1
2026-06-29 15:08:18.726,77.7168,False,21.84533,1.052734,-6.211178,0,0,0,1,0,0,1,False,-1,-1,0,0,0,-1
2026-06-29 15:08:18.770,77.76095,False,21.84557,1.052655,-6.211064,0,0,0,1,0,0,1,False,-1,-1,0,0,0,-1
2026-06-29 15:08:18.804,77.79538,False,21.84587,1.0527,-6.210996,0,0,0,1,0,0,1,False,-1,-1,0,0,0,-1
2026-06-29 15:08:18.848,77.83881,False,21.84628,1.052766,-6.210917,0,0,0,1,0,0,1,False,-1,-1,0,0,0,-1
2026-06-29 15:08:18.893,77.8831,False,21.84693,1.052784,-6.210994,0,0,0,1,0,0,1,False,-1,-1,0,0,0,-1
2026-06-29 15:08:18.926,77.9166,False,21.84711,1.052739,-6.210911,0,0,0,1,0,0,1,False,-1,-1,0,0,0,-1
2026-06-29 15:08:18.960,77.95039,False,21.84722,1.052667,-6.210804,0,0,0,1,0,0,1,False,-1,-1,0,0,0,-1
2026-06-29 15:08:19.004,77.99432,False,21.84743,1.052662,-6.210737,0,0,0,1,0,0,1,False,-1,-1,0,0,0,-1
2026-06-29 15:08:19.048,78.03902,False,21.84747,1.052542,-6.2106,0,0,0,1,0,0,1,False,-1,-1,0,0,0,-1
2026-06-29 15:08:19.093,78.08363,False,21.84771,1.05257,-6.2102,0,0,0,1,0,0,1,False,-1,-1,0,0,0,-1
2026-06-29 15:08:19.136,78.12762,False,21.84765,1.052552,-6.209863,0,0,0,1,0,0,1,False,-1,-1,0,0,0,-1
2026-06-29 15:08:19.170,78.16098,False,21.84768,1.052405,-6.209633,0,0,0,1,0,0,1,False,-1,-1,0,0,0,-1
2026-06-29 15:08:19.204,78.19456,False,21.84776,1.052432,-6.209524,0,0,0,1,0,0,1,False,-1,-1,0,0,0,-1
2026-06-29 15:08:19.248,78.23889,False,21.84748,1.052209,-6.209238,0,0,0,1,0,0,1,False,-1,-1,0,0,0,-1
2026-06-29 15:08:19.293,78.28303,False,21.84743,1.052084,-6.208946,0,0,0,1,0,0,1,False,-1,-1,0,0,0,-1
2026-06-29 15:08:19.337,78.32815,False,21.84765,1.051711,-6.208385,0,0,0,1,0,0,1,False,-1,-1,0,0,0,-1
2026-06-29 15:08:19.381,78.37213,False,21.84821,1.051244,-6.207837,0,0,0,1,0,0,1,False,-1,-1,0,0,0,-1
2026-06-29 15:08:19.425,78.41637,False,21.84877,1.051171,-6.20712,0,0,0,1,0,0,1,False,-1,-1,0,0,0,-1
2026-06-29 15:08:19.460,78.45011,False,21.8491,1.051319,-6.206678,0,0,0,1,0,0,1,False,-1,-1,0,0,0,-1
2026-06-29 15:08:19.504,78.49437,False,21.84938,1.051413,-6.20642,0,0,0,1,0,0,1,False,-1,-1,0,0,0,-1
2026-06-29 15:08:19.538,78.52782,False,21.8496,1.051389,-6.206543,0,0,0,1,0,0,1,False,-1,-1,0,0,0,-1
2026-06-29 15:08:19.582,78.57199,False,21.85012,1.051549,-6.206817,0,0,0,1,0,0,1,False,-1,-1,0,0,0,-1
2026-06-29 15:08:19.615,78.60611,False,21.85061,1.05169,-6.206844,0,0,0,1,0,0,1,False,-1,-1,0,0,0,-1
2026-06-29 15:08:19.659,78.64949,False,21.85116,1.051734,-6.206928,0,0,0,1,0,0,1,False,-1,-1,0,0,0,-1
2026-06-29 15:08:19.694,78.68376,False,21.85153,1.051757,-6.206977,0,0,0,1,0,0,1,False,-1,-1,0,0,0,-1
2026-06-29 15:08:19.737,78.72736,False,21.85169,1.051795,-6.207105,0,0,0,1,0,0,1,False,-1,-1,0,0,0,-1
2026-06-29 15:08:19.770,78.76116,False,21.85156,1.051768,-6.207182,0,0,0,1,0,0,1,False,-1,-1,0,0,0,-1
2026-06-29 15:08:19.815,78.80508,False,21.8513,1.051649,-6.207263,0,0,0,1,0,0,1,False,-1,-1,0,0,0,-1
2026-06-29 15:08:19.848,78.83921,False,21.85102,1.051408,-6.20741,0,0,0,1,0,0,1,False,-1,-1,0,0,0,-1
2026-06-29 15:08:19.892,78.88271,False,21.85059,1.051197,-6.207423,0,0,0,1,0,0,1,False,-1,-1,0,0,0,-1
2026-06-29 15:08:19.937,78.9275,False,21.85006,1.051354,-6.207247,0,0,0,1,0,0,1,False,-1,-1,0,0,0,-1
2026-06-29 15:08:19.981,78.97176,False,21.84948,1.051343,-6.207233,0,0,0,1,0,0,1,False,-1,-1,0,0,0,-1
2026-06-29 15:08:20.025,79.01619,False,21.84932,1.051305,-6.207229,0,0,0,1,0,0,1,False,-1,-1,0,0,0,-1
2026-06-29 15:08:20.070,79.06042,False,21.84959,1.051352,-6.207131,0,0,0,1,0,0,1,False,-1,-1,0,0,0,-1
2026-06-29 15:08:20.104,79.09433,False,21.84976,1.051362,-6.207056,0,0,0,1,0,0,1,False,-1,-1,0,0,0,-1
2026-06-29 15:08:20.147,79.13829,False,21.85019,1.051338,-6.206825,0,0,0,1,0,0,1,False,-1,-1,0,0,0,-1
2026-06-29 15:08:20.181,79.1722,False,21.85033,1.051321,-6.206602,0,0,0,1,0,0,1,False,-1,-1,0,0,0,-1
2026-06-29 15:08:20.226,79.21626,False,21.85048,1.051364,-6.206414,0,0,0,1,0,0,1,False,-1,-1,0,0,0,-1
2026-06-29 15:08:20.271,79.26091,False,21.85059,1.05142,-6.206343,0,0,0,1,0,0,1,False,-1,-1,0,0,0,-1
2026-06-29 15:08:20.304,79.29436,False,21.85055,1.051381,-6.206454,0,0,0,1,0,0,1,False,-1,-1,0,0,0,-1
2026-06-29 15:08:20.348,79.3381,False,21.85042,1.051341,-6.206394,0,0,0,1,0,0,1,False,-1,-1,0,0,0,-1
2026-06-29 15:08:20.392,79.38305,False,21.85039,1.051386,-6.206392,0,0,0,1,0,0,1,False,-1,-1,0,0,0,-1
2026-06-29 15:08:20.437,79.42719,False,21.8505,1.051349,-6.20631,0,0,0,1,0,0,1,False,-1,-1,0,0,0,-1
2026-06-29 15:08:20.481,79.47149,False,21.85062,1.051278,-6.206156,0,0,0,1,0,0,1,False,-1,-1,0,0,0,-1
2026-06-29 15:08:20.526,79.51662,False,21.85064,1.051048,-6.206027,0,0,0,1,0,0,1,False,-1,-1,0,0,0,-1
2026-06-29 15:08:20.571,79.56089,False,21.8506,1.051006,-6.205882,0,0,0,1,0,0,1,False,-1,-1,0,0,0,-1
2026-06-29 15:08:20.604,79.59445,False,21.85068,1.050937,-6.206083,0,0,0,1,0,0,1,False,-1,-1,0,0,0,-1
2026-06-29 15:08:20.637,79.62807,False,21.85068,1.050877,-6.206017,0,0,0,1,0,0,1,False,-1,-1,0,0,0,-1
2026-06-29 15:08:20.681,79.67133,False,21.85062,1.050787,-6.205926,0,0,0,1,0,0,1,False,-1,-1,0,0,0,-1
2026-06-29 15:08:20.715,79.7059,False,21.85085,1.050752,-6.205682,0,0,0,1,0,0,1,False,-1,-1,0,0,0,-1
2026-06-29 15:08:20.758,79.74887,False,21.85102,1.050757,-6.205623,0,0,0,1,0,0,1,False,-1,-1,0,0,0,-1
2026-06-29 15:08:20.793,79.78294,False,21.85119,1.050785,-6.205681,0,0,0,1,0,0,1,False,-1,-1,0,0,0,-1
2026-06-29 15:08:20.836,79.82703,False,21.85157,1.050933,-6.20572,0,0,0,1,0,0,1,False,-1,-1,0,0,0,-1
2026-06-29 15:08:20.870,79.86105,False,21.8518,1.051057,-6.205809,0,0,0,1,0,0,1,False,-1,-1,0,0,0,-1
2026-06-29 15:08:20.914,79.90422,False,21.85227,1.051059,-6.20576,0,0,0,1,0,0,1,False,-1,-1,0,0,0,-1
2026-06-29 15:08:20.948,79.93836,False,21.85273,1.051183,-6.205766,0,0,0,1,0,0,1,False,-1,-1,0,0,0,-1
2026-06-29 15:08:20.991,79.98186,False,21.85322,1.051176,-6.205656,0,0,0,1,0,0,1,False,-1,-1,0,0,0,-1
2026-06-29 15:08:21.025,80.01536,False,21.85326,1.051045,-6.205457,0,0,0,1,0,0,1,False,-1,-1,0,0,0,-1
2026-06-29 15:08:21.058,80.04908,False,21.85307,1.050844,-6.205367,0,0,0,1,0,0,1,False,-1,-1,0,0,0,-1
2026-06-29 15:08:21.102,80.09321,False,21.85308,1.050697,-6.205099,0,0,0,1,0,0,1,False,-1,-1,0,0,0,-1
2026-06-29 15:08:21.136,80.12698,False,21.85306,1.050778,-6.205104,0,0,0,1,0,0,1,False,-1,-1,0,0,0,-1
2026-06-29 15:08:21.181,80.17077,False,21.85334,1.050707,-6.204904,0,0,0,1,0,0,1,False,-1,-1,0,0,0,-1
2026-06-29 15:08:21.213,80.20465,False,21.85349,1.050672,-6.204839,0,0,0,1,0,0,1,False,-1,-1,0,0,0,-1
2026-06-29 15:08:21.247,80.23808,False,21.85349,1.050755,-6.204852,0,0,0,1,0,0,1,False,-1,-1,0,0,0,-1
2026-06-29 15:08:21.291,80.28185,False,21.85362,1.050714,-6.204822,0,0,0,1,0,0,1,False,-1,-1,0,0,0,-1
2026-06-29 15:08:21.325,80.31562,False,21.85379,1.050826,-6.205011,0,0,0,1,0,0,1,False,-1,-1,0,0,0,-1
2026-06-29 15:08:21.370,80.36125,False,21.85386,1.05085,-6.20532,0,0,0,1,0,0,1,False,-1,-1,0,0,0,-1
2026-06-29 15:08:21.414,80.40401,False,21.85376,1.05103,-6.205874,0,0,0,1,0,0,1,False,-1,-1,0,0,0,-1
2026-06-29 15:08:21.447,80.43784,False,21.85391,1.05117,-6.20624,0,0,0,1,0,0,1,False,-1,-1,0,0,0,-1
2026-06-29 15:08:21.481,80.47162,False,21.85382,1.051267,-6.206632,0,0,0,1,0,0,1,False,-1,-1,0,0,0,-1
2026-06-29 15:08:21.524,80.51509,False,21.85393,1.051372,-6.206903,0,0,0,1,0,0,1,False,-1,-1,0,0,0,-1
2026-06-29 15:08:21.569,80.56026,False,21.85394,1.0514,-6.207047,0,0,0,1,0,0,1,False,-1,-1,0,0,0,-1
2026-06-29 15:08:21.614,80.60457,False,21.85397,1.051617,-6.207424,0,0,0,1,0,0,1,False,-1,-1,0,0,0,-1
2026-06-29 15:08:21.659,80.64893,False,21.85404,1.051638,-6.207589,0,0,0,1,0,0,1,False,-1,-1,0,0,0,-1
2026-06-29 15:08:21.692,80.68287,False,21.85402,1.051435,-6.207519,0,0,0,1,0,0,1,False,-1,-1,0,0,0,-1
2026-06-29 15:08:21.737,80.72704,False,21.85439,1.051473,-6.207276,0,0,0,1,0,0,1,False,-1,-1,0,0,0,-1
2026-06-29 15:08:21.770,80.76092,False,21.85461,1.051335,-6.207136,0,0,0,1,0,0,1,False,-1,-1,0,0,0,-1
2026-06-29 15:08:21.814,80.80497,False,21.85479,1.051201,-6.206588,0,0,0,1,0,0,1,False,-1,-1,0,0,0,-1
2026-06-29 15:08:21.858,80.8482,False,21.85488,1.05084,-6.206028,0,0,0,1,0,0,1,False,-1,-1,0,0,0,-1
2026-06-29 15:08:21.891,80.88166,False,21.85503,1.050596,-6.205622,0,0,0,1,0,0,1,False,-1,-1,0,0,0,-1
2026-06-29 15:08:21.925,80.91547,False,21.85527,1.050445,-6.205426,0,0,0,1,0,0,1,False,-1,-1,0,0,0,-1
2026-06-29 15:08:21.969,80.95977,False,21.85549,1.050477,-6.205258,0,0,0,1,0,0,1,False,-1,-1,0,0,0,-1
2026-06-29 15:08:22.013,81.00395,False,21.85535,1.050374,-6.205141,0,0,0,1,0,0,1,False,-1,-1,0,0,0,-1
2026-06-29 15:08:22.046,81.03751,False,21.85531,1.050312,-6.205275,0,0,0,1,0,0,1,False,-1,-1,0,0,0,-1
2026-06-29 15:08:22.090,81.08149,False,21.85522,1.050307,-6.205578,0,0,0,1,0,0,1,False,-1,-1,0,0,0,-1
2026-06-29 15:08:22.125,81.11518,False,21.85512,1.050534,-6.205666,0,0,0,1,0,0,1,False,-1,-1,0,0,0,-1
2026-06-29 15:08:22.168,81.15939,False,21.85511,1.050777,-6.2059,0,0,0,1,0,0,1,False,-1,-1,0,0,0,-1
2026-06-29 15:08:22.202,81.19311,False,21.85513,1.050851,-6.206044,0,0,0,1,0,0,1,False,-1,-1,0,0,0,-1
2026-06-29 15:08:22.248,81.23782,False,21.85517,1.050972,-6.206247,0,0,0,1,0,0,1,False,-1,-1,0,0,0,-1
2026-06-29 15:08:22.290,81.28136,False,21.85501,1.05087,-6.206316,0,0,0,1,0,0,1,False,-1,-1,0,0,0,-1
2026-06-29 15:08:22.324,81.31479,False,21.85491,1.050856,-6.206452,0,0,0,1,0,0,1,False,-1,-1,0,0,0,-1
2026-06-29 15:08:22.357,81.3483,False,21.85457,1.050861,-6.206519,0,0,0,1,0,0,1,False,-1,-1,0,0,0,-1
2026-06-29 15:08:22.403,81.39273,False,21.85427,1.050743,-6.20639,0,0,0,1,0,0,1,False,-1,-1,0,0,0,-1
2026-06-29 15:08:22.436,81.4262,False,21.85407,1.050711,-6.206395,0,0,0,1,0,0,1,False,-1,-1,0,0,0,-1
2026-06-29 15:08:22.469,81.45981,False,21.85389,1.050638,-6.206487,0,0,0,1,0,0,1,False,-1,-1,0,0,0,-1
2026-06-29 15:08:22.514,81.50407,False,21.85379,1.050598,-6.206643,0,0,0,1,0,0,1,False,-1,-1,0,0,0,-1
2026-06-29 15:08:22.548,81.53792,False,21.85379,1.0505,-6.206885,0,0,0,1,0,0,1,False,-1,-1,0,0,0,-1
2026-06-29 15:08:22.592,81.58229,False,21.85365,1.050516,-6.207489,0,0,0,1,0,0,1,False,-1,-1,0,0,0,-1
2026-06-29 15:08:22.636,81.62606,False,21.85354,1.050638,-6.208103,0,0,0,1,0,0,1,False,-1,-1,0,0,0,-1
2026-06-29 15:08:22.668,81.65961,False,21.85349,1.050886,-6.208673,0,0,0,1,0,0,1,False,-1,-1,0,0,0,-1
2026-06-29 15:08:22.713,81.70409,False,21.85373,1.051596,-6.209561,0,0,0,1,0,0,1,False,-1,-1,0,0,0,-1
2026-06-29 15:08:22.758,81.74841,False,21.85393,1.051983,-6.210275,0,0,0,1,0,0,1,False,-1,-1,0,0,0,-1
2026-06-29 15:08:22.792,81.78233,False,21.85406,1.052131,-6.210718,0,0,0,1,0,0,1,False,-1,-1,0,0,0,-1
2026-06-29 15:08:22.835,81.82607,False,21.85441,1.052439,-6.211063,0,0,0,1,0,0,1,False,-1,-1,0,0,0,-1
2026-06-29 15:08:22.869,81.85946,False,21.85469,1.052414,-6.211362,0,0,0,1,0,0,1,False,-1,-1,0,0,0,-1
2026-06-29 15:08:22.914,81.90375,False,21.85469,1.052322,-6.211739,0,0,0,1,0,0,1,False,-1,-1,0,0,0,-1
2026-06-29 15:08:22.947,81.93781,False,21.8547,1.052324,-6.212069,0,0,0,1,0,0,1,False,-1,-1,0,0,0,-1
2026-06-29 15:08:22.991,81.98174,False,21.85492,1.052388,-6.212368,0,0,0,1,0,0,1,False,-1,-1,0,0,0,-1
2026-06-29 15:08:23.035,82.0255,False,21.85495,1.052542,-6.21245,0,0,0,1,0,0,1,False,-1,-1,0,0,0,-1
2026-06-29 15:08:23.068,82.05906,False,21.85505,1.052609,-6.212614,0,0,0,1,0,0,1,False,-1,-1,0,0,0,-1
2026-06-29 15:08:23.113,82.10384,False,21.85482,1.052539,-6.212793,0,0,0,1,0,0,1,False,-1,-1,0,0,0,-1
2026-06-29 15:08:23.146,82.13725,False,21.85466,1.052539,-6.212881,0,0,0,1,0,0,1,False,-1,-1,0,0,0,-1
2026-06-29 15:08:23.191,82.18098,False,21.85439,1.052361,-6.21264,0,0,0,1,0,0,1,False,-1,-1,0,0,0,-1
2026-06-29 15:08:23.224,82.21433,False,21.85433,1.052239,-6.212418,0,0,0,1,0,0,1,False,-1,-1,0,0,0,-1
2026-06-29 15:08:23.258,82.24797,False,21.85408,1.052108,-6.212107,0,0,0,1,0,0,1,False,-1,-1,0,0,0,-1
2026-06-29 15:08:23.291,82.28194,False,21.85377,1.05187,-6.211727,0,0,0,1,0,0,1,False,-1,-1,0,0,0,-1
2026-06-29 15:08:23.335,82.32582,False,21.8534,1.05184,-6.211125,0,0,0,1,0,0,1,False,-1,-1,0,0,0,-1
2026-06-29 15:08:23.380,82.36999,False,21.85278,1.051608,-6.210051,0,0,0,1,0,0,1,False,-1,-1,0,0,0,-1
2026-06-29 15:08:23.414,82.40399,False,21.85254,1.051505,-6.208809,0,0,0,1,0,0,1,False,-1,-1,0,0,0,-1
2026-06-29 15:08:23.457,82.44784,False,21.85242,1.050965,-6.205804,0,0,0,1,0,0,1,False,-1,-1,0,0,0,-1
2026-06-29 15:08:23.492,82.48174,False,21.85269,1.050246,-6.203039,0,0,0,1,0,0,1,False,-1,-1,0,0,0,-1
2026-06-29 15:08:23.535,82.52572,False,21.85378,1.048678,-6.198451,0,0,0,1,0,0,1,False,-1,-1,0,0,0,-1
2026-06-29 15:08:23.579,82.56979,False,21.85554,1.046864,-6.192525,0,0,0,1,0,0,1,False,-1,-1,0,0,0,-1
2026-06-29 15:08:23.614,82.60383,False,21.85721,1.045137,-6.187177,0,0,0,1,0,0,1,False,-1,-1,0,0,0,-1
2026-06-29 15:08:23.657,82.64772,False,21.85988,1.043043,-6.180065,0,0,0,1,0,0,1,False,-1,-1,0,0,0,-1
2026-06-29 15:08:23.691,82.68108,False,21.86232,1.041,-6.174542,0,0,0,1,0,0,1,False,-1,-1,0,0,0,-1
2026-06-29 15:08:23.736,82.72645,False,21.86592,1.037589,-6.167064,0,0,0,1,0,0,1,False,-1,-1,0,0,0,-1
2026-06-29 15:08:23.779,82.76966,False,21.87139,1.034315,-6.159863,0,0,0,1,0,0,1,False,-1,-1,0,0,0,-1
2026-06-29 15:08:23.813,82.80366,False,21.87601,1.031942,-6.15498,0,0,0,1,0,0,1,False,-1,-1,0,0,0,-1
2026-06-29 15:08:23.856,82.84727,False,21.88237,1.029226,-6.148807,0,0,0,1,0,0,1,False,-1,-1,0,0,0,-1
2026-06-29 15:08:23.891,82.88157,False,21.88746,1.028054,-6.144423,0,0,0,1,0,0,1,False,-1,-1,0,0,0,-1
2026-06-29 15:08:23.935,82.92531,False,21.89354,1.026334,-6.139418,0,0,0,1,0,0,1,False,-1,-1,0,0,0,-1
2026-06-29 15:08:23.968,82.95939,False,21.89801,1.024954,-6.136281,0,0,0,1,0,0,1,False,-1,-1,0,0,0,-1
2026-06-29 15:08:24.012,83.00294,False,21.90377,1.023332,-6.133091,0,0,0,1,0,0,1,False,-1,-1,0,0,0,-1
2026-06-29 15:08:24.046,83.03648,False,21.90759,1.022282,-6.130962,0,0,0,1,0,0,1,False,-1,-1,0,0,0,-1
2026-06-29 15:08:24.090,83.08054,False,21.9121,1.02081,-6.128505,0,0,0,1,0,0,1,False,-1,-1,0,0,0,-1
2026-06-29 15:08:24.123,83.11388,False,21.91577,1.020387,-6.12707,0,0,0,1,0,0,1,False,-1,-1,0,0,0,-1
2026-06-29 15:08:24.165,83.14755,False,21.92008,1.020869,-6.126123,0,0,0,1,0,0,1,False,-1,-1,0,0,0,-1
2026-06-29 15:08:24.200,83.19096,False,21.92598,1.022067,-6.125336,0,0,0,1,0,0,1,False,-1,-1,0,0,0,-1
2026-06-29 15:08:24.234,83.22463,False,21.93083,1.023352,-6.125251,0,0,0,1,0,0,1,False,-1,-1,0,0,0,-1
2026-06-29 15:08:24.279,83.26917,False,21.93749,1.024686,-6.125433,0,0,0,1,0,0,1,False,-1,-1,0,0,0,-1
2026-06-29 15:08:24.322,83.31346,False,21.94432,1.025772,-6.12488,0,0,0,1,0,0,1,False,-1,-1,0,0,0,-1
2026-06-29 15:08:24.366,83.35807,False,21.95001,1.026388,-6.12281,0,0,0,1,0,0,1,False,-1,-1,0,0,0,-1
2026-06-29 15:08:24.412,83.4025,False,21.95259,1.025672,-6.118028,0,0,0,1,0,0,1,False,-1,-1,0,0,0,-1
2026-06-29 15:08:24.456,83.44658,False,21.95344,1.025357,-6.116458,0,0,0,1,0,0,1,False,-1,-1,0,0,0,-1
2026-06-29 15:08:24.489,83.48001,False,21.95345,1.025035,-6.116389,0,0,0,1,0,0,1,False,-1,-1,0,0,0,-1
2026-06-29 15:08:24.540,83.52372,True,21.95288,1.024179,-6.116635,0.133524,-0.7602686,0.1926907,0.6058326,-0.8697335,-0.4547799,-0.1916742,False,-1,-1,0,0,0,-1
2026-06-29 15:08:24.574,83.55892,True,21.95237,1.022728,-6.116016,0.139447,-0.7612249,0.1891321,0.6044173,-0.8674471,-0.4565125,-0.1978177,False,-1,-1,0,0,0,-1
2026-06-29 15:08:24.621,83.59385,True,21.95263,1.021992,-6.115566,0.1436964,-0.7703599,0.1847799,0.5930882,-0.8606781,-0.4551431,-0.228206,False,-1,-1,0,0,0,-1
2026-06-29 15:08:24.660,83.64379,True,21.95313,1.021731,-6.115634,0.13016,-0.7536173,0.1796474,0.6187457,-0.885829,-0.4318425,-0.1697614,False,-1,-1,0,0,0,-1
2026-06-29 15:08:24.711,83.69418,True,21.9535,1.021745,-6.11609,0.1191553,-0.7515289,0.1723412,0.6255435,-0.8991575,-0.4081125,-0.1579874,False,-1,-1,0,0,0,-1
2026-06-29 15:08:24.761,83.74171,True,21.95411,1.021595,-6.115659,0.1276393,-0.7604741,0.1795748,0.6108521,-0.8832327,-0.4290614,-0.1892254,False,-1,-1,0,0,0,-1
2026-06-29 15:08:24.800,83.78245,True,21.95493,1.021638,-6.11552,0.1218419,-0.7610756,0.1770895,0.6120114,-0.8884199,-0.4186941,-0.1881629,False,-1,-1,0,0,0,-1
2026-06-29 15:08:24.843,83.82716,True,21.95527,1.022338,-6.115566,0.1110777,-0.7504945,0.1759071,0.6272771,-0.9024572,-0.4033875,-0.1511604,False,-1,-1,0,0,0,-1
2026-06-29 15:08:24.888,83.87124,True,21.95616,1.023149,-6.115744,0.1105312,-0.7601726,0.1747299,0.6159464,-0.8978249,-0.4018123,-0.1801591,False,-1,-1,0,0,0,-1
2026-06-29 15:08:24.932,83.91522,True,21.9572,1.023643,-6.115769,0.108399,-0.7576759,0.1773171,0.6186562,-0.8990397,-0.4028213,-0.1716464,False,-1,-1,0,0,0,-1
2026-06-29 15:08:24.976,83.96,True,21.95822,1.023603,-6.116227,0.1088862,-0.7633323,0.1750688,0.6122243,-0.8965359,-0.4005968,-0.1890648,False,-1,-1,0,0,0,-1
2026-06-29 15:08:25.022,84.005,True,21.9594,1.023252,-6.116434,0.1098412,-0.7651194,0.1763605,0.6094459,-0.8938544,-0.403758,-0.1949455,False,-1,-1,0,0,0,-1
2026-06-29 15:08:25.067,84.05042,True,21.96105,1.023598,-6.116332,0.1137749,-0.7610701,0.1853915,0.6111119,-0.8880121,-0.4212502,-0.1843447,False,-1,-1,0,0,0,-1
2026-06-29 15:08:25.109,84.09296,True,21.96329,1.023973,-6.11565,0.1121998,-0.7644209,0.1854376,0.6071943,-0.8866918,-0.4197588,-0.1938561,False,-1,-1,0,0,0,-1
2026-06-29 15:08:25.154,84.1368,True,21.96554,1.024253,-6.115169,0.01877039,-0.7678955,0.07494254,0.6358992,-0.9737948,-0.1389682,-0.1800317,False,-1,-1,0,0,0,-1
2026-06-29 15:08:25.193,84.17605,True,21.96671,1.024402,-6.115289,0.02069839,-0.7664421,0.07741516,0.6372951,-0.9736948,-0.1450505,-0.1757239,False,-1,-1,0,0,0,-1
2026-06-29 15:08:25.228,84.21307,True,21.96814,1.024533,-6.115283,0.2024252,-0.6971288,0.3130383,0.6124071,-0.7271196,-0.6843894,-0.05392919,False,-1,-1,0,0,0,-1
2026-06-29 15:08:25.281,84.26469,True,21.97002,1.024746,-6.114886,0.1412188,-0.7006254,0.2487712,0.6536775,-0.8457037,-0.5332139,-0.0216375,False,-1,-1,0,0,0,-1
2026-06-29 15:08:25.318,84.30199,True,21.97118,1.024659,-6.114392,0.1369162,-0.7055958,0.2426264,0.6515528,-0.8530267,-0.5208086,-0.03322293,False,-1,-1,0,0,0,-1
2026-06-29 15:08:25.352,84.33611,True,21.97223,1.024565,-6.114,0.1942032,-0.7019245,0.3010664,0.615586,-0.7472537,-0.6617494,-0.06082582,False,-1,-1,0,0,0,-1
2026-06-29 15:08:25.386,84.37006,True,21.97302,1.024271,-6.113695,0.1882103,-0.6952697,0.2953939,0.6276299,-0.7615519,-0.6470097,-0.03764613,False,-1,-1,0,0,0,-1
2026-06-29 15:08:25.425,84.40848,True,21.97342,1.023985,-6.114077,0.1883845,-0.6987069,0.289546,0.6264847,-0.7663664,-0.6406556,-0.04736014,False,-1,-1,0,0,0,-1
2026-06-29 15:08:25.473,84.45443,True,21.97235,1.023463,-6.115342,0.2143356,-0.6752304,0.3185793,0.6297868,-0.7139366,-0.7002003,-0.003751821,False,-1,-1,0,0,0,-1
2026-06-29 15:08:25.514,84.49718,False,21.96972,1.023442,-6.117172,0,0,0,1,0,0,1,False,-1,-1,0,0,0,-1
2026-06-29 15:08:25.561,84.54313,False,21.96482,1.023879,-6.120402,0,0,0,1,0,0,1,False,-1,-1,0,0,0,-1
2026-06-29 15:08:25.605,84.58754,False,21.95715,1.02455,-6.124426,0,0,0,1,0,0,1,False,-1,-1,0,0,0,-1
2026-06-29 15:08:25.650,84.63277,False,21.94785,1.025141,-6.127985,0,0,0,1,0,0,1,False,-1,-1,0,0,0,-1
2026-06-29 15:08:25.694,84.67751,False,21.93868,1.025955,-6.130151,0,0,0,1,0,0,1,False,-1,-1,0,0,0,-1
2026-06-29 15:08:25.734,84.71786,False,21.93122,1.027105,-6.132541,0,0,0,1,0,0,1,False,-1,-1,0,0,0,-1
2026-06-29 15:08:25.812,84.79001,False,21.92394,1.029168,-6.136382,0,0,0,1,0,0,1,False,-1,-1,0,0,0,-1
2026-06-29 15:08:25.854,84.83609,False,21.92073,1.030004,-6.138652,0,0,0,1,0,0,1,False,-1,-1,0,0,0,-1
2026-06-29 15:08:25.892,84.87374,False,21.91895,1.030637,-6.140846,0,0,0,1,0,0,1,False,-1,-1,0,0,0,-1
2026-06-29 15:08:25.933,84.91611,False,21.91854,1.03122,-6.142278,0,0,0,1,0,0,1,False,-1,-1,0,0,0,-1
2026-06-29 15:08:25.975,84.95765,False,21.91774,1.03157,-6.143756,0,0,0,1,0,0,1,False,-1,-1,0,0,0,-1
2026-06-29 15:08:26.014,84.99619,False,21.91758,1.032097,-6.144011,0,0,0,1,0,0,1,False,-1,-1,0,0,0,-1
2026-06-29 15:08:26.057,85.0378,False,21.9182,1.032009,-6.143067,0,0,0,1,0,0,1,False,-1,-1,0,0,0,-1
2026-06-29 15:08:26.095,85.07802,False,21.92063,1.031494,-6.140721,0,0,0,1,0,0,1,False,-1,-1,0,0,0,-1
2026-06-29 15:08:26.127,85.11192,False,21.92448,1.030936,-6.137492,0,0,0,1,0,0,1,False,-1,-1,0,0,0,-1
2026-06-29 15:08:26.177,85.16157,False,21.93336,1.029585,-6.132341,0,0,0,1,0,0,1,False,-1,-1,0,0,0,-1
2026-06-29 15:08:26.226,85.20927,False,21.94264,1.02824,-6.130179,0,0,0,1,0,0,1,False,-1,-1,0,0,0,-1
2026-06-29 15:08:26.261,85.24435,False,21.94944,1.027744,-6.130328,0,0,0,1,0,0,1,False,-1,-1,0,0,0,-1
2026-06-29 15:08:26.301,85.28458,False,21.95745,1.027195,-6.130035,0,0,0,1,0,0,1,False,-1,-1,0,0,0,-1
2026-06-29 15:08:26.335,85.31864,False,21.96232,1.026992,-6.129122,0,0,0,1,0,0,1,False,-1,-1,0,0,0,-1
2026-06-29 15:08:26.372,85.35442,False,21.96636,1.027074,-6.127088,0,0,0,1,0,0,1,False,-1,-1,0,0,0,-1
2026-06-29 15:08:26.412,85.39301,False,21.97196,1.027375,-6.124624,0,0,0,1,0,0,1,False,-1,-1,0,0,0,-1
2026-06-29 15:08:26.449,85.43041,False,21.9761,1.026984,-6.122987,0,0,0,1,0,0,1,False,-1,-1,0,0,0,-1
2026-06-29 15:08:26.488,85.47112,False,21.97956,1.026533,-6.122528,0,0,0,1,0,0,1,False,-1,-1,0,0,0,-1
2026-06-29 15:08:26.527,85.51031,False,21.98077,1.025301,-6.122599,0,0,0,1,0,0,1,False,-1,-1,0,0,0,-1
2026-06-29 15:08:26.564,85.54702,True,21.97867,1.025081,-6.122834,0.2151861,-0.7142963,0.2980199,0.5955334,-0.722515,-0.6820499,-0.1130484,False,-1,-1,0,0,0,-1
2026-06-29 15:08:26.602,85.58405,True,21.97758,1.024905,-6.123071,0.2119946,-0.7224867,0.2970192,0.5872401,-0.7226134,-0.6781682,-0.1338575,False,-1,-1,0,0,0,-1
2026-06-29 15:08:26.633,85.61857,True,21.9783,1.024908,-6.122343,0.203087,-0.72629,0.288984,0.5897005,-0.7392094,-0.6592935,-0.1374831,False,-1,-1,0,0,0,-1
2026-06-29 15:08:26.669,85.6525,True,21.97844,1.025243,-6.121102,0.1933885,-0.718659,0.2829539,0.605035,-0.7601876,-0.6407083,-0.1077396,False,-1,-1,0,0,0,-1
2026-06-29 15:08:26.704,85.68847,True,21.97854,1.025742,-6.119855,0.1982622,-0.7176926,0.2876169,0.6024003,-0.7506292,-0.6517074,-0.108781,False,-1,-1,0,0,0,-1
2026-06-29 15:08:26.741,85.72425,True,21.97904,1.025878,-6.11835,0.1916529,-0.7068561,0.2860606,0.617894,-0.7638755,-0.6412497,-0.07275285,False,-1,-1,0,0,0,-1
2026-06-29 15:08:26.777,85.76121,True,21.97998,1.026484,-6.117085,0.1927188,-0.7096601,0.2864072,0.6141766,-0.7613211,-0.6432303,-0.08151602,False,-1,-1,0,0,0,-1
2026-06-29 15:08:26.815,85.7982,True,21.98001,1.026819,-6.116644,0.1871991,-0.7139952,0.2805404,0.6135669,-0.7711338,-0.6303275,-0.08966538,False,-1,-1,0,0,0,-1
2026-06-29 15:08:26.852,85.83561,True,21.97989,1.027131,-6.11686,0.1824614,-0.7161913,0.2771132,0.613992,-0.7783465,-0.6209917,-0.09244423,False,-1,-1,0,0,0,-1
2026-06-29 15:08:26.904,85.88742,False,21.97953,1.02775,-6.118367,0,0,0,1,0,0,1,False,-1,-1,0,0,0,-1
2026-06-29 15:08:26.943,85.92535,False,21.97861,1.028101,-6.120191,0,0,0,1,0,0,1,False,-1,-1,0,0,0,-1
2026-06-29 15:08:26.988,85.97034,False,21.97607,1.028292,-6.123615,0,0,0,1,0,0,1,False,-1,-1,0,0,0,-1
2026-06-29 15:08:27.027,86.0106,False,21.97313,1.028176,-6.125756,0,0,0,1,0,0,1,False,-1,-1,0,0,0,-1
2026-06-29 15:08:27.061,86.04427,False,21.97014,1.028107,-6.127994,0,0,0,1,0,0,1,False,-1,-1,0,0,0,-1
2026-06-29 15:08:27.096,86.07967,True,21.96648,1.028129,-6.129989,0.1155422,-0.7356217,0.2182417,0.6307783,-0.8775962,-0.4668497,-0.1089785,False,-1,-1,0,0,0,-1
2026-06-29 15:08:27.135,86.11712,True,21.96163,1.028602,-6.132191,0.1059995,-0.7312331,0.2142268,0.6388811,-0.8889262,-0.4487416,-0.09187554,False,-1,-1,0,0,0,-1
2026-06-29 15:08:27.173,86.15746,True,21.95802,1.028693,-6.132876,0.1494796,-0.7063406,0.2727097,0.6358995,-0.8167942,-0.5753599,-0.04252248,False,-1,-1,0,0,0,-1
2026-06-29 15:08:27.210,86.19433,True,21.95416,1.028056,-6.132524,0.158298,-0.7125126,0.2728846,0.6267388,-0.8067244,-0.5872905,-0.06546497,False,-1,-1,0,0,0,-1
2026-06-29 15:08:27.246,86.22961,True,21.95227,1.027553,-6.131652,0.1689641,-0.7083995,0.278154,0.6263,-0.793345,-0.6057327,-0.06075754,False,-1,-1,0,0,0,-1
2026-06-29 15:08:27.291,86.27696,True,21.95114,1.027364,-6.129858,0.1285526,-0.72519,0.2212605,0.6392319,-0.8702421,-0.4852616,-0.08485276,False,-1,-1,0,0,0,-1
2026-06-29 15:08:27.345,86.32742,True,21.95154,1.027071,-6.127509,0.1211894,-0.7234239,0.2124419,0.645631,-0.8826384,-0.4638585,-0.07605802,False,-1,-1,0,0,0,-1
2026-06-29 15:08:27.382,86.36436,True,21.95256,1.026881,-6.125919,0.1173156,-0.7223216,0.2092265,0.6486238,-0.8879389,-0.4544451,-0.07102275,False,-1,-1,0,0,0,-1
2026-06-29 15:08:27.418,86.40108,True,21.95381,1.026384,-6.125164,0.1199117,-0.7231693,0.211345,0.6465142,-0.8843929,-0.4607257,-0.07470539,False,-1,-1,0,0,0,-1
2026-06-29 15:08:27.452,86.43626,True,21.95589,1.025838,-6.123716,0.1157158,-0.72395,0.2055951,0.6482569,-0.8910299,-0.4477082,-0.07498756,False,-1,-1,0,0,0,-1
2026-06-29 15:08:27.506,86.48803,True,21.95818,1.025576,-6.122652,0.1198272,-0.7224247,0.2100722,0.6477761,-0.885594,-0.4587649,-0.07251196,False,-1,-1,0,0,0,-1
2026-06-29 15:08:27.546,86.52803,True,21.96011,1.025479,-6.121494,0.1230774,-0.719426,0.2148404,0.6489389,-0.8808431,-0.4688631,-0.06544378,False,-1,-1,0,0,0,-1
2026-06-29 15:08:27.583,86.56714,True,21.96129,1.025325,-6.120671,0.1257438,-0.7175953,0.2179654,0.6494125,-0.8772151,-0.4761411,-0.061509,False,-1,-1,0,0,0,-1
2026-06-29 15:08:27.621,86.60376,True,21.96272,1.025144,-6.119453,0.1192884,-0.7209231,0.2095154,0.6497257,-0.8868189,-0.4570985,-0.06791965,False,-1,-1,0,0,0,-1
2026-06-29 15:08:27.659,86.64196,True,21.9634,1.025157,-6.118593,0.1181075,-0.7181422,0.2108219,0.6525924,-0.8875087,-0.456952,-0.05935508,False,-1,-1,0,0,0,-1
2026-06-29 15:08:27.697,86.68049,True,21.96335,1.025278,-6.118272,0.1199153,-0.7194617,0.2137762,0.6498423,-0.8838031,-0.4634596,-0.06400954,False,-1,-1,0,0,0,-1
2026-06-29 15:08:27.733,86.71597,True,21.96307,1.025229,-6.118075,0.1193193,-0.7197717,0.2143593,0.6494164,-0.8837087,-0.4635554,-0.0646169,False,-1,-1,0,0,0,-1
2026-06-29 15:08:27.768,86.75169,True,21.96273,1.025089,-6.117882,0.1214062,-0.718083,0.2173162,0.6499163,-0.8806205,-0.4699098,-0.06076517,False,-1,-1,0,0,0,-1
2026-06-29 15:08:27.810,86.79335,True,21.96215,1.024861,-6.117908,0.1189852,-0.7197329,0.2135125,0.6497996,-0.8845546,-0.4619771,-0.06434585,False,-1,-1,0,0,0,-1
2026-06-29 15:08:27.843,86.82798,True,21.96132,1.02444,-6.117866,0.1211359,-0.717227,0.2155707,0.6514913,-0.8823075,-0.4670641,-0.05817702,False,-1,-1,0,0,0,-1
2026-06-29 15:08:27.880,86.86214,True,21.96092,1.024177,-6.117961,0.1214026,-0.717105,0.2145932,0.6518986,-0.8828549,-0.466056,-0.05795628,False,-1,-1,0,0,0,-1
2026-06-29 15:08:27.918,86.90162,True,21.96019,1.023936,-6.117947,0.1219454,-0.7172934,0.2144349,0.651642,-0.8825383,-0.4665549,-0.05876093,False,-1,-1,0,0,0,-1
2026-06-29 15:08:27.951,86.93578,True,21.95982,1.023792,-6.117941,0.1216849,-0.7168733,0.213634,0.6524155,-0.8834065,-0.4650751,-0.05742916,False,-1,-1,0,0,0,-1
2026-06-29 15:08:27.993,86.9761,True,21.95965,1.023891,-6.118222,0.1194639,-0.7163723,0.2105442,0.6543779,-0.8872513,-0.458005,-0.05492164,False,-1,-1,0,0,0,-1
2026-06-29 15:08:28.035,87.01769,True,21.95961,1.023744,-6.118334,0.1197791,-0.7140983,0.2110616,0.6566351,-0.8872424,-0.4587397,-0.04856696,False,-1,-1,0,0,0,-1
2026-06-29 15:08:28.069,87.05378,True,21.95964,1.023832,-6.118386,0.1186002,-0.7143868,0.2091027,0.6571618,-0.8893361,-0.4546394,-0.04882888,False,-1,-1,0,0,0,-1
2026-06-29 15:08:28.108,87.09162,True,21.95996,1.024137,-6.118301,0.1195251,-0.7145587,0.2102203,0.6564504,-0.8878914,-0.4573541,-0.04976066,False,-1,-1,0,0,0,-1
2026-06-29 15:08:28.145,87.12846,True,21.9606,1.02424,-6.118266,0.1186518,-0.7142804,0.2098956,0.6570153,-0.8887774,-0.4557607,-0.04854949,False,-1,-1,0,0,0,-1
2026-06-29 15:08:28.183,87.16536,True,21.96096,1.02422,-6.118222,0.1181552,-0.714469,0.2092583,0.657103,-0.8895096,-0.4542975,-0.04885327,False,-1,-1,0,0,0,-1
2026-06-29 15:08:28.217,87.20115,True,21.96133,1.024332,-6.118243,0.1201062,-0.7126002,0.2122837,0.6578079,-0.8865147,-0.4605604,-0.04444906,False,-1,-1,0,0,0,-1
2026-06-29 15:08:28.252,87.23473,True,21.96147,1.02427,-6.118197,0.1227406,-0.7154914,0.2138855,0.6536512,-0.8828588,-0.4665254,-0.0539863,False,-1,-1,0,0,0,-1
2026-06-29 15:08:28.293,87.27531,True,21.96166,1.023931,-6.118012,0.1243788,-0.7154638,0.2148691,0.6530489,-0.8810153,-0.4699129,-0.05471692,False,-1,-1,0,0,0,-1
2026-06-29 15:08:28.327,87.31024,True,21.96168,1.023795,-6.117982,0.1241887,-0.7158949,0.2136193,0.6530226,-0.8819329,-0.468054,-0.05585662,False,-1,-1,0,0,0,-1
2026-06-29 15:08:28.367,87.3503,True,21.9616,1.023819,-6.118037,0.1253055,-0.7151337,0.2145891,0.6533253,-0.8806514,-0.4706502,-0.05423542,False,-1,-1,0,0,0,-1
2026-06-29 15:08:28.404,87.38621,True,21.96162,1.023759,-6.117981,0.1252092,-0.7145369,0.2143201,0.6540846,-0.8810654,-0.4700739,-0.05248069,False,-1,-1,0,0,0,-1
2026-06-29 15:08:28.440,87.42503,True,21.96159,1.02364,-6.11797,0.1248652,-0.7133731,0.2138796,0.6555632,-0.88191,-0.468866,-0.04898486,False,-1,-1,0,0,0,-1
2026-06-29 15:08:28.476,87.4601,True,21.96157,1.023522,-6.117986,0.1256188,-0.7132663,0.2144685,0.6553429,-0.8809854,-0.4705931,-0.04905783,False,-1,-1,0,0,0,-1
2026-06-29 15:08:28.512,87.49519,True,21.96139,1.023463,-6.117823,0.1252043,-0.7121324,0.214284,0.6567143,-0.8816766,-0.4696441,-0.0456173,False,-1,-1,0,0,0,-1
2026-06-29 15:08:28.550,87.53291,True,21.96117,1.023441,-6.117711,0.1256478,-0.7116687,0.2145884,0.6570328,-0.8812543,-0.4705411,-0.04451931,False,-1,-1,0,0,0,-1
2026-06-29 15:08:28.585,87.56825,True,21.96108,1.02343,-6.117564,0.1234913,-0.713998,0.2112658,0.6559905,-0.8845729,-0.4637049,-0.05008639,False,-1,-1,0,0,0,-1
2026-06-29 15:08:28.623,87.60481,True,21.96119,1.023472,-6.117302,0.1247191,-0.7088491,0.2146604,0.6602265,-0.8824574,-0.4690094,-0.03604391,False,-1,-1,0,0,0,-1
2026-06-29 15:08:28.660,87.64332,True,21.96126,1.02354,-6.117125,0.1287187,-0.7127293,0.2170742,0.6544672,-0.8770328,-0.4779145,-0.04910306,False,-1,-1,0,0,0,-1
2026-06-29 15:08:28.711,87.69215,True,21.96135,1.023625,-6.116918,0.1269675,-0.7088445,0.2164913,0.6592042,-0.8795719,-0.4743124,-0.03716271,False,-1,-1,0,0,0,-1
2026-06-29 15:08:28.751,87.73238,True,21.96144,1.023631,-6.116977,0.1283868,-0.7071163,0.2185166,0.6601166,-0.8774491,-0.4785337,-0.03299327,False,-1,-1,0,0,0,-1
2026-06-29 15:08:28.786,87.77092,True,21.96144,1.023695,-6.116891,0.1271321,-0.7101684,0.2159297,0.6579306,-0.8795798,-0.4739811,-0.04100347,False,-1,-1,0,0,0,-1
2026-06-29 15:08:28.824,87.80492,True,21.96156,1.023726,-6.116992,0.1268506,-0.7103367,0.2155156,0.657939,-0.8800399,-0.4730973,-0.04133875,False,-1,-1,0,0,0,-1
2026-06-29 15:08:28.858,87.84131,True,21.96142,1.023483,-6.116943,0.1275453,-0.7109054,0.2162812,0.6569385,-0.878871,-0.4750898,-0.04330865,False,-1,-1,0,0,0,-1
2026-06-29 15:08:28.892,87.8769,True,21.96137,1.023479,-6.116924,0.1288078,-0.7104747,0.2182301,0.6565135,-0.8766528,-0.4792221,-0.04273145,False,-1,-1,0,0,0,-1
2026-06-29 15:08:28.930,87.91219,True,21.96149,1.023531,-6.117033,0.1292989,-0.7117722,0.2187731,0.6548285,-0.8756033,-0.4807704,-0.04667581,False,-1,-1,0,0,0,-1
2026-06-29 15:08:28.970,87.95106,True,21.96158,1.02357,-6.117358,0.1286589,-0.7134266,0.2182444,0.653329,-0.8760463,-0.4795159,-0.05106139,False,-1,-1,0,0,0,-1
2026-06-29 15:08:29.009,87.99088,True,21.9617,1.023672,-6.11767,0.1294293,-0.7150902,0.2191525,0.6510502,-0.8743896,-0.4819575,-0.05621193,False,-1,-1,0,0,0,-1
2026-06-29 15:08:29.053,88.03509,True,21.96169,1.023823,-6.118258,0.1271157,-0.7139727,0.2184814,0.6529552,-0.8768396,-0.4779812,-0.05183078,False,-1,-1,0,0,0,-1
2026-06-29 15:08:29.092,88.07539,True,21.96189,1.023982,-6.118871,0.1257951,-0.7138866,0.2177839,0.6535379,-0.8783116,-0.4753697,-0.05091697,False,-1,-1,0,0,0,-1
2026-06-29 15:08:29.126,88.11006,True,21.96199,1.024172,-6.119398,0.121556,-0.71268,0.2149418,0.6565908,-0.8836233,-0.4659944,-0.04537723,False,-1,-1,0,0,0,-1
2026-06-29 15:08:29.164,88.14509,True,21.96222,1.024391,-6.120088,0.1184829,-0.7144091,0.2125273,0.6560593,-0.8870276,-0.4591264,-0.04883691,False,-1,-1,0,0,0,-1
2026-06-29 15:08:29.200,88.18301,True,21.96238,1.024361,-6.12105,0.1190326,-0.7169977,0.2141159,0.6526101,-0.8848663,-0.462405,-0.05650906,False,-1,-1,0,0,0,-1
2026-06-29 15:08:29.233,88.21813,True,21.96246,1.024531,-6.122125,0.1177006,-0.7174951,0.2139158,0.6523706,-0.8857894,-0.4605359,-0.05730546,False,-1,-1,0,0,0,-1
2026-06-29 15:08:29.270,88.25356,True,21.96242,1.024472,-6.123787,0.1138827,-0.7202311,0.2103161,0.6512029,-0.8901302,-0.4512739,-0.06340411,False,-1,-1,0,0,0,-1
2026-06-29 15:08:29.306,88.29012,True,21.96244,1.02429,-6.125267,0.1149487,-0.7253507,0.2102345,0.6453329,-0.887853,-0.453348,-0.07869385,False,-1,-1,0,0,0,-1
2026-06-29 15:08:29.344,88.32643,True,21.9625,1.024118,-6.127203,0.1164235,-0.7238809,0.2135725,0.6456228,-0.8849783,-0.4595336,-0.07511601,False,-1,-1,0,0,0,-1
2026-06-29 15:08:29.383,88.36429,True,21.96291,1.02426,-6.128697,0.1221876,-0.7245348,0.2208687,0.6413553,-0.8753936,-0.4767855,-0.07976101,False,-1,-1,0,0,0,-1
2026-06-29 15:08:29.418,88.40286,True,21.9632,1.024355,-6.12987,0.120004,-0.7264844,0.2189604,0.6402155,-0.8776609,-0.4717994,-0.08436118,False,-1,-1,0,0,0,-1
2026-06-29 15:08:29.468,88.45106,True,21.96321,1.024268,-6.131153,0.1178564,-0.7283223,0.2185535,0.6386634,-0.8787897,-0.4688959,-0.08868689,False,-1,-1,0,0,0,-1
2026-06-29 15:08:29.506,88.48831,True,21.9633,1.024361,-6.131535,0.1132188,-0.7272504,0.2140738,0.6422312,-0.8856512,-0.4567958,-0.08342321,False,-1,-1,0,0,0,-1
2026-06-29 15:08:29.543,88.52679,True,21.96346,1.024433,-6.131931,0.1118131,-0.730445,0.2111293,0.6398221,-0.8874956,-0.4515178,-0.09210429,False,-1,-1,0,0,0,-1
2026-06-29 15:08:29.579,88.56173,True,21.96361,1.024462,-6.132035,0.1119706,-0.7302474,0.2111179,0.6400239,-0.8874735,-0.4516643,-0.09159732,False,-1,-1,0,0,0,-1
2026-06-29 15:08:29.616,88.59834,True,21.96376,1.024377,-6.131943,0.1091399,-0.7309449,0.2069502,0.6410771,-0.8920109,-0.4424724,-0.09238385,False,-1,-1,0,0,0,-1
2026-06-29 15:08:29.658,88.6414,True,21.964,1.024396,-6.131824,0.1116007,-0.7305234,0.2097822,0.6402128,-0.888557,-0.449398,-0.09223836,False,-1,-1,0,0,0,-1
2026-06-29 15:08:29.693,88.67587,True,21.96384,1.024408,-6.131585,0.110931,-0.7302969,0.20905,0.6408268,-0.8896072,-0.4475121,-0.09127858,False,-1,-1,0,0,0,-1
2026-06-29 15:08:29.726,88.71031,True,21.96391,1.024414,-6.131434,0.1101999,-0.7312919,0.2076038,0.6402882,-0.8907192,-0.4447572,-0.09386369,False,-1,-1,0,0,0,-1
2026-06-29 15:08:29.763,88.74515,True,21.96378,1.024518,-6.131294,0.1097287,-0.7310964,0.207111,0.6407517,-0.8914504,-0.4434539,-0.09308484,False,-1,-1,0,0,0,-1
2026-06-29 15:08:29.800,88.78321,True,21.96362,1.024532,-6.131149,0.1103795,-0.7314894,0.207886,0.6399398,-0.8903258,-0.4454053,-0.09452086,False,-1,-1,0,0,0,-1
2026-06-29 15:08:29.835,88.81824,True,21.96349,1.024424,-6.131075,0.1124597,-0.7334988,0.2091732,0.6368509,-0.8872115,-0.4500966,-0.1013352,False,-1,-1,0,0,0,-1
2026-06-29 15:08:29.873,88.85487,True,21.96354,1.024447,-6.131032,0.112889,-0.7338259,0.2093276,0.6363471,-0.8866743,-0.4508933,-0.1024888,False,-1,-1,0,0,0,-1
2026-06-29 15:08:29.909,88.89221,True,21.96336,1.024326,-6.130891,0.1124476,-0.7338974,0.2084036,0.636646,-0.8875967,-0.4490723,-0.1024998,False,-1,-1,0,0,0,-1
2026-06-29 15:08:29.944,88.92687,True,21.96334,1.02411,-6.130763,0.1126224,-0.7337896,0.2080297,0.6368617,-0.8877872,-0.4487498,-0.1022619,False,-1,-1,0,0,0,-1
2026-06-29 15:08:29.981,88.96425,True,21.96324,1.023957,-6.130547,0.1125084,-0.7339969,0.2071539,0.6369283,-0.8883937,-0.4474203,-0.1028193,False,-1,-1,0,0,0,-1
2026-06-29 15:08:30.019,89.00153,True,21.96313,1.023857,-6.130368,0.1121878,-0.7337325,0.2063894,0.6375374,-0.8892551,-0.445917,-0.1018989,False,-1,-1,0,0,0,-1
2026-06-29 15:08:30.052,89.03546,True,21.96308,1.023716,-6.130163,0.1121307,-0.7330729,0.2063099,0.6383314,-0.8896196,-0.4456335,-0.0999385,False,-1,-1,0,0,0,-1
2026-06-29 15:08:30.096,89.07755,True,21.963,1.023582,-6.12988,0.1134662,-0.7335974,0.2069651,0.6372799,-0.8880467,-0.4482776,-0.1020795,False,-1,-1,0,0,0,-1
2026-06-29 15:08:30.134,89.11755,True,21.96265,1.023257,-6.129616,0.1130014,-0.7319618,0.2063574,0.6394367,-0.8894491,-0.446606,-0.09707469,False,-1,-1,0,0,0,-1
2026-06-29 15:08:30.188,89.17027,True,21.96235,1.023058,-6.129362,0.1146025,-0.7325332,0.2075207,0.6381195,-0.8873227,-0.4502918,-0.09947735,False,-1,-1,0,0,0,-1
2026-06-29 15:08:30.225,89.20626,True,21.96221,1.02298,-6.129293,0.1144462,-0.7323869,0.2070635,0.638464,-0.88781,-0.4494406,-0.09897716,False,-1,-1,0,0,0,-1
2026-06-29 15:08:30.259,89.24413,True,21.96218,1.023021,-6.1292,0.1148563,-0.7323351,0.2073483,0.6383573,-0.8873524,-0.4503356,-0.09901329,False,-1,-1,0,0,0,-1
2026-06-29 15:08:30.295,89.27769,True,21.96203,1.022744,-6.129143,0.1148812,-0.7315928,0.2075443,0.6391399,-0.8874943,-0.450526,-0.09685139,False,-1,-1,0,0,0,-1
2026-06-29 15:08:30.333,89.31554,True,21.96208,1.022649,-6.129262,0.1157047,-0.7317648,0.2078998,0.6386786,-0.8866151,-0.4520637,-0.09773459,False,-1,-1,0,0,0,-1
2026-06-29 15:08:30.369,89.35249,True,21.96243,1.02257,-6.12874,0.1156017,-0.7316359,0.2074071,0.6390051,-0.8870848,-0.4512331,-0.09730975,False,-1,-1,0,0,0,-1
2026-06-29 15:08:30.403,89.38594,True,21.96264,1.022595,-6.128648,0.115858,-0.731246,0.2073057,0.6394377,-0.8871365,-0.451351,-0.09628761,False,-1,-1,0,0,0,-1
2026-06-29 15:08:30.440,89.4237,True,21.96268,1.022588,-6.128442,0.1163043,-0.7313785,0.2073531,0.6391897,-0.8867472,-0.4519882,-0.09688236,False,-1,-1,0,0,0,-1
2026-06-29 15:08:30.476,89.46072,True,21.96273,1.022639,-6.128164,0.1163231,-0.7315648,0.2067439,0.6391705,-0.887091,-0.4511937,-0.09743612,False,-1,-1,0,0,0,-1
2026-06-29 15:08:30.513,89.49585,True,21.96273,1.022684,-6.127978,0.115971,-0.7320341,0.2059795,0.6389439,-0.887682,-0.449766,-0.09864657,False,-1,-1,0,0,0,-1
2026-06-29 15:08:30.554,89.53512,True,21.9627,1.022605,-6.127851,0.1174964,-0.7312692,0.208048,0.6388709,-0.8854833,-0.4544082,-0.09712005,False,-1,-1,0,0,0,-1
2026-06-29 15:08:30.590,89.57166,True,21.96269,1.022746,-6.127613,0.1175311,-0.7316639,0.20761,0.6385551,-0.885614,-0.4539016,-0.09829114,False,-1,-1,0,0,0,-1
2026-06-29 15:08:30.626,89.60843,True,21.96235,1.022824,-6.1281,0.1179022,-0.7309967,0.208131,0.6390809,-0.8852538,-0.4549842,-0.09651435,False,-1,-1,0,0,0,-1
2026-06-29 15:08:30.662,89.64497,True,21.96237,1.022831,-6.128016,0.1187179,-0.7303044,0.2090737,0.6394136,-0.8842915,-0.4571946,-0.09487701,False,-1,-1,0,0,0,-1
2026-06-29 15:08:30.699,89.683,True,21.96215,1.022712,-6.127779,0.1193401,-0.7299283,0.2095309,0.6395776,-0.8836806,-0.4585395,-0.09407459,False,-1,-1,0,0,0,-1
2026-06-29 15:08:30.733,89.71823,True,21.96217,1.022692,-6.127642,0.119902,-0.7297751,0.210078,0.6394678,-0.8829578,-0.4599663,-0.09389633,False,-1,-1,0,0,0,-1
2026-06-29 15:08:30.769,89.75161,True,21.96199,1.022601,-6.127428,0.1195186,-0.7300084,0.2091256,0.6395855,-0.8838167,-0.4582116,-0.09439376,False,-1,-1,0,0,0,-1
2026-06-29 15:08:30.804,89.78548,True,21.96205,1.022554,-6.127415,0.1199926,-0.7308075,0.2091605,0.6385719,-0.8831508,-0.4589598,-0.09695576,False,-1,-1,0,0,0,-1
2026-06-29 15:08:30.844,89.82365,True,21.96184,1.022405,-6.127323,0.1201589,-0.7310426,0.2092173,0.6382529,-0.8829014,-0.459277,-0.09772292,False,-1,-1,0,0,0,-1
2026-06-29 15:08:30.875,89.85838,True,21.96181,1.022298,-6.127069,0.1219186,-0.7303508,0.2108744,0.6381659,-0.8807508,-0.4636331,-0.09655282,False,-1,-1,0,0,0,-1
2026-06-29 15:08:30.916,89.8982,True,21.96153,1.021883,-6.126875,0.1223548,-0.7308309,0.2108174,0.6375512,-0.8802952,-0.4641586,-0.09816903,False,-1,-1,0,0,0,-1
2026-06-29 15:08:30.952,89.93607,True,21.96171,1.021874,-6.126383,0.1223095,-0.7310262,0.2107542,0.6373568,-0.8802946,-0.4640433,-0.09871789,False,-1,-1,0,0,0,-1
2026-06-29 15:08:30.993,89.97615,True,21.96172,1.0218,-6.126392,0.1234122,-0.7304171,0.2123111,0.6373259,-0.8786239,-0.4674588,-0.09747951,False,-1,-1,0,0,0,-1
2026-06-29 15:08:31.029,90.01395,True,21.96168,1.02151,-6.126131,0.1228408,-0.7311121,0.2112015,0.637008,-0.8795601,-0.465325,-0.09922954,False,-1,-1,0,0,0,-1
2026-06-29 15:08:31.070,90.05146,True,21.9615,1.021396,-6.126331,0.1235129,-0.7306114,0.2121138,0.6371493,-0.8786196,-0.4673379,-0.09809708,False,-1,-1,0,0,0,-1
2026-06-29 15:08:31.109,90.09142,True,21.96147,1.021296,-6.126282,0.1235871,-0.7311347,0.211783,0.6366447,-0.8785986,-0.4670457,-0.09966327,False,-1,-1,0,0,0,-1
2026-06-29 15:08:31.152,90.13624,True,21.96129,1.021482,-6.12635,0.1243028,-0.737999,0.2089947,0.6294661,-0.8771333,-0.4649646,-0.1201873,False,-1,-1,0,0,0,-1
2026-06-29 15:08:31.190,90.17384,True,21.96115,1.021436,-6.126274,0.1250959,-0.7379992,0.2090455,0.6292918,-0.8765323,-0.4659944,-0.1205836,False,-1,-1,0,0,0,-1
2026-06-29 15:08:31.225,90.20966,True,21.96099,1.021394,-6.126174,0.1240101,-0.7303281,0.2106649,0.6378579,-0.879442,-0.4659106,-0.09751539,False,-1,-1,0,0,0,-1
2026-06-29 15:08:31.275,90.25851,True,21.96103,1.021434,-6.126086,0.1237431,-0.7313769,0.2094432,0.6371101,-0.8801006,-0.4640396,-0.100449,False,-1,-1,0,0,0,-1
2026-06-29 15:08:31.309,90.2919,True,21.96088,1.021266,-6.125956,0.1231609,-0.7310752,0.2088037,0.6377785,-0.8810953,-0.4624011,-0.09927917,False,-1,-1,0,0,0,-1
2026-06-29 15:08:31.347,90.33113,True,21.9608,1.021328,-6.125983,0.1240052,-0.7309639,0.2096303,0.6374713,-0.8799465,-0.4645638,-0.09937119,False,-1,-1,0,0,0,-1
2026-06-29 15:08:31.383,90.3652,True,21.9609,1.021477,-6.125831,0.1244913,-0.7315778,0.2097687,0.6366264,-0.8792545,-0.465433,-0.1014082,False,-1,-1,0,0,0,-1
2026-06-29 15:08:31.418,90.40126,True,21.96097,1.021559,-6.125762,0.1242945,-0.7313406,0.2094597,0.6370388,-0.8797153,-0.4647336,-0.1006165,False,-1,-1,0,0,0,-1
2026-06-29 15:08:31.453,90.43758,True,21.96096,1.021625,-6.125772,0.1240541,-0.7308645,0.2095403,0.6376052,-0.8800175,-0.4644862,-0.09910472,False,-1,-1,0,0,0,-1
2026-06-29 15:08:31.491,90.47562,True,21.96032,1.021337,-6.125883,0.1242367,-0.7316426,0.2095059,0.6366881,-0.8795996,-0.4647669,-0.1014713,False,-1,-1,0,0,0,-1
2026-06-29 15:08:31.543,90.52731,True,21.9588,1.021884,-6.126851,0.1134038,-0.7272203,0.1976388,0.6474791,-0.8968939,-0.434307,-0.08341956,False,-1,-1,0,0,0,-1
2026-06-29 15:08:31.583,90.56173,True,21.9565,1.022016,-6.128065,0.1231369,-0.7212766,0.2086406,0.6488965,-0.8846848,-0.4607813,-0.07080517,False,-1,-1,0,0,0,-1
2026-06-29 15:08:31.619,90.60126,True,21.95257,1.023186,-6.130575,0.1951832,-0.7163098,0.2915758,0.6031477,-0.7502599,-0.653166,-0.1023926,False,-1,-1,0,0,0,-1
2026-06-29 15:08:31.653,90.63628,False,21.94867,1.024856,-6.132544,0,0,0,1,0,0,1,False,-1,-1,0,0,0,-1
2026-06-29 15:08:31.691,90.67448,False,21.94347,1.02647,-6.135135,0,0,0,1,0,0,1,False,-1,-1,0,0,0,-1
2026-06-29 15:08:31.726,90.71066,False,21.93775,1.027799,-6.13777,0,0,0,1,0,0,1,False,-1,-1,0,0,0,-1
2026-06-29 15:08:31.765,90.74714,False,21.9307,1.03022,-6.142011,0,0,0,1,0,0,1,False,-1,-1,0,0,0,-1
2026-06-29 15:08:31.801,90.78443,False,21.92627,1.032093,-6.145426,0,0,0,1,0,0,1,False,-1,-1,0,0,0,-1
2026-06-29 15:08:31.837,90.81821,False,21.92282,1.033747,-6.14836,0,0,0,1,0,0,1,False,-1,-1,0,0,0,-1
2026-06-29 15:08:31.873,90.85832,False,21.91935,1.035399,-6.1514,0,0,0,1,0,0,1,False,-1,-1,0,0,0,-1
2026-06-29 15:08:31.926,90.90993,False,21.9199,1.036485,-6.152363,0,0,0,1,0,0,1,False,-1,-1,0,0,0,-1
2026-06-29 15:08:31.976,90.96023,False,21.9239,1.036267,-6.152867,0,0,0,1,0,0,1,False,-1,-1,0,0,0,-1
2026-06-29 15:08:32.013,90.99641,False,21.92787,1.035596,-6.153047,0,0,0,1,0,0,1,False,-1,-1,0,0,0,-1
2026-06-29 15:08:32.049,91.03376,False,21.93211,1.034817,-6.152964,0,0,0,1,0,0,1,False,-1,-1,0,0,0,-1
2026-06-29 15:08:32.089,91.07116,False,21.93695,1.033614,-6.152938,0,0,0,1,0,0,1,False,-1,-1,0,0,0,-1
2026-06-29 15:08:32.126,91.10889,False,21.94001,1.032866,-6.152431,0,0,0,1,0,0,1,False,-1,-1,0,0,0,-1
2026-06-29 15:08:32.168,91.14785,False,21.94378,1.032408,-6.149977,0,0,0,1,0,0,1,False,-1,-1,0,0,0,-1
2026-06-29 15:08:32.209,91.19031,False,21.94699,1.032132,-6.14705,0,0,0,1,0,0,1,False,-1,-1,0,0,0,-1
2026-06-29 15:08:32.246,91.22837,False,21.95323,1.031783,-6.144216,0,0,0,1,0,0,1,False,-1,-1,0,0,0,-1
2026-06-29 15:08:32.282,91.2649,False,21.95941,1.031484,-6.142622,0,0,0,1,0,0,1,False,-1,-1,0,0,0,-1
2026-06-29 15:08:32.318,91.3018,False,21.96874,1.030276,-6.140674,0,0,0,1,0,0,1,False,-1,-1,0,0,0,-1
2026-06-29 15:08:32.363,91.34612,False,21.9785,1.02911,-6.13961,0,0,0,1,0,0,1,False,-1,-1,0,0,0,-1
2026-06-29 15:08:32.399,91.38098,True,21.99087,1.027916,-6.13907,0.0542311,-0.5544307,0.1662416,0.8136519,-0.8841962,-0.2725894,0.3793312,False,-1,-1,0,0,0,-1
2026-06-29 15:08:32.433,91.41808,False,21.99925,1.02743,-6.139931,0,0,0,1,0,0,1,False,-1,-1,0,0,0,-1
2026-06-29 15:08:32.483,91.46674,False,22.00702,1.02729,-6.14049,0,0,0,1,0,0,1,False,-1,-1,0,0,0,-1
2026-06-29 15:08:32.518,91.5013,False,22.00926,1.027794,-6.141348,0,0,0,1,0,0,1,False,-1,-1,0,0,0,-1
2026-06-29 15:08:32.567,91.55085,True,22.01397,1.029203,-6.143909,-0.08787798,-0.6912075,-0.01709038,0.7170897,-0.9883117,0.1496588,0.02901939,False,-1,-1,0,0,0,-1
2026-06-29 15:08:32.602,91.58441,True,22.01858,1.030277,-6.145838,0.01462892,-0.7104274,0.08729288,0.6981825,-0.989462,-0.1444578,-0.009842207,False,-1,-1,0,0,0,-1
2026-06-29 15:08:32.634,91.61937,True,22.02348,1.03085,-6.148284,-0.002003506,-0.6891659,0.08521466,0.7195727,-0.9921513,-0.1145707,0.05009272,False,-1,-1,0,0,0,-1
2026-06-29 15:08:32.683,91.66786,True,22.03048,1.031195,-6.152378,0.01162714,-0.712719,0.09891499,0.6943431,-0.9874428,-0.1571436,-0.01620723,False,-1,-1,0,0,0,-1
2026-06-29 15:08:32.718,91.7021,True,22.03369,1.031283,-6.154126,0.06180121,-0.6671489,0.1636672,0.7240898,-0.9459217,-0.3078801,0.1021859,False,-1,-1,0,0,0,-1
2026-06-29 15:08:32.759,91.74162,True,22.03668,1.031386,-6.15609,0.09308997,-0.6786956,0.1925608,0.7025859,-0.9178329,-0.3921877,0.06141316,False,-1,-1,0,0,0,-1
2026-06-29 15:08:32.794,91.77682,True,22.04015,1.031655,-6.157697,0.08379641,-0.6625297,0.1926541,0.7189695,-0.9203897,-0.3757722,0.1080651,False,-1,-1,0,0,0,-1
2026-06-29 15:08:32.829,91.81264,True,22.04324,1.031648,-6.159187,0.07752357,-0.6612766,0.1892771,0.7217185,-0.9251642,-0.3622294,0.1134066,False,-1,-1,0,0,0,-1
2026-06-29 15:08:32.868,91.85122,True,22.04704,1.031416,-6.161183,0.07702956,-0.6648968,0.1891364,0.7184749,-0.926285,-0.3622,0.1039574,False,-1,-1,0,0,0,-1
2026-06-29 15:08:32.903,91.88606,True,22.04939,1.031256,-6.162393,0.0760992,-0.659689,0.190613,0.7229704,-0.9248601,-0.3615255,0.1180387,False,-1,-1,0,0,0,-1
2026-06-29 15:08:32.936,91.9199,True,22.05132,1.031336,-6.163635,0.07310148,-0.6613011,0.1889232,0.72225,-0.9276283,-0.3554653,0.114674,False,-1,-1,0,0,0,-1
2026-06-29 15:08:32.977,91.9608,True,22.05339,1.031729,-6.165525,0.08516132,-0.6592804,0.2029302,0.718969,-0.9134405,-0.3900324,0.1161939,False,-1,-1,0,0,0,-1
2026-06-29 15:08:33.011,91.995,True,22.0545,1.031894,-6.166978,0.07129479,-0.661818,0.1924468,0.7210259,-0.9269348,-0.3575402,0.113828,False,-1,-1,0,0,0,-1
2026-06-29 15:08:33.048,92.03187,True,22.05547,1.031943,-6.168361,0.08184229,-0.6553678,0.2035178,0.7227555,-0.9140285,-0.3850619,0.1275898,False,-1,-1,0,0,0,-1
2026-06-29 15:08:33.081,92.07207,True,22.05651,1.032348,-6.170521,0.06961557,-0.6527591,0.1935182,0.7291159,-0.9249303,-0.3541571,0.1381185,False,-1,-1,0,0,0,-1
2026-06-29 15:08:33.140,92.12363,True,22.05619,1.032885,-6.171471,0.06643466,-0.6553293,0.1935882,0.7270858,-0.9272392,-0.3503354,0.1322599,False,-1,-1,0,0,0,-1
2026-06-29 15:08:33.175,92.15812,True,22.05585,1.033385,-6.173144,0.06278563,-0.6596755,0.1893665,0.7245872,-0.9322057,-0.3408282,0.1217725,False,-1,-1,0,0,0,-1
2026-06-29 15:08:33.219,92.20074,True,22.05439,1.032981,-6.174143,0.06753913,-0.6571413,0.1892018,0.726503,-0.9292731,-0.3467993,0.1272075,False,-1,-1,0,0,0,-1
2026-06-29 15:08:33.260,92.24186,True,22.05354,1.031814,-6.174895,0.080768,-0.6569275,0.1930611,0.7243274,-0.9204749,-0.3706592,0.1238455,False,-1,-1,0,0,0,-1
2026-06-29 15:08:33.296,92.27814,True,22.05417,1.031593,-6.174587,0.07617991,-0.6520062,0.190389,0.7299567,-0.9228647,-0.3594856,0.138169,False,-1,-1,0,0,0,-1
2026-06-29 15:08:33.333,92.31668,True,22.05453,1.031635,-6.173534,0.07400511,-0.6463533,0.189736,0.7353577,-0.9225188,-0.3541134,0.1535013,False,-1,-1,0,0,0,-1
2026-06-29 15:08:33.368,92.3503,True,22.05435,1.031771,-6.172932,0.07819499,-0.6495497,0.1919726,0.7315171,-0.9202909,-0.3637934,0.1439414,False,-1,-1,0,0,0,-1
2026-06-29 15:08:33.418,92.40105,True,22.05513,1.031397,-6.172516,0.07401747,-0.6586187,0.1870456,0.7250909,-0.9274275,-0.3537223,0.1214855,False,-1,-1,0,0,0,-1
2026-06-29 15:08:33.468,92.4522,True,22.05519,1.031491,-6.172445,0.07583896,-0.6498019,0.1888424,0.7323555,-0.9231287,-0.3565024,0.1440119,False,-1,-1,0,0,0,-1
2026-06-29 15:08:33.501,92.48579,False,22.05401,1.031653,-6.172578,0,0,0,1,0,0,1,False,-1,-1,0,0,0,-1
2026-06-29 15:08:33.538,92.51962,False,22.05222,1.03204,-6.173113,0,0,0,1,0,0,1,False,-1,-1,0,0,0,-1
2026-06-29 15:08:33.572,92.55656,False,22.04742,1.033602,-6.174148,0,0,0,1,0,0,1,False,-1,-1,0,0,0,-1
2026-06-29 15:08:33.609,92.59235,False,22.04109,1.035423,-6.175499,0,0,0,1,0,0,1,False,-1,-1,0,0,0,-1
2026-06-29 15:08:33.643,92.62685,False,22.03372,1.038102,-6.176247,0,0,0,1,0,0,1,False,-1,-1,0,0,0,-1
2026-06-29 15:08:33.683,92.66642,False,22.02574,1.040258,-6.177603,0,0,0,1,0,0,1,False,-1,-1,0,0,0,-1
2026-06-29 15:08:33.728,92.71126,False,22.01262,1.043933,-6.179199,0,0,0,1,0,0,1,False,-1,-1,0,0,0,-1
2026-06-29 15:08:33.765,92.74895,False,22.00455,1.046496,-6.179811,0,0,0,1,0,0,1,False,-1,-1,0,0,0,-1
2026-06-29 15:08:33.802,92.78422,False,21.9972,1.049212,-6.180891,0,0,0,1,0,0,1,False,-1,-1,0,0,0,-1
2026-06-29 15:08:33.840,92.82103,False,21.99076,1.051165,-6.183323,0,0,0,1,0,0,1,False,-1,-1,0,0,0,-1
2026-06-29 15:08:33.873,92.85821,False,21.98315,1.053948,-6.18749,0,0,0,1,0,0,1,False,-1,-1,0,0,0,-1
2026-06-29 15:08:33.910,92.89197,False,21.9782,1.056038,-6.19159,0,0,0,1,0,0,1,False,-1,-1,0,0,0,-1
2026-06-29 15:08:33.943,92.92616,False,21.97354,1.05747,-6.19572,0,0,0,1,0,0,1,False,-1,-1,0,0,0,-1
2026-06-29 15:08:33.981,92.96386,False,21.96882,1.058697,-6.199804,0,0,0,1,0,0,1,False,-1,-1,0,0,0,-1
2026-06-29 15:08:34.017,93.00031,False,21.96354,1.060854,-6.20555,0,0,0,1,0,0,1,False,-1,-1,0,0,0,-1
2026-06-29 15:08:34.056,93.03939,False,21.95998,1.06232,-6.209175,0,0,0,1,0,0,1,False,-1,-1,0,0,0,-1
2026-06-29 15:08:34.095,93.077,False,21.95704,1.063716,-6.212808,0,0,0,1,0,0,1,False,-1,-1,0,0,0,-1
2026-06-29 15:08:34.135,93.11817,False,21.95324,1.065297,-6.217505,0,0,0,1,0,0,1,False,-1,-1,0,0,0,-1
2026-06-29 15:08:34.173,93.15791,False,21.94988,1.066538,-6.221644,0,0,0,1,0,0,1,False,-1,-1,0,0,0,-1
2026-06-29 15:08:34.207,93.19319,False,21.94783,1.067353,-6.224432,0,0,0,1,0,0,1,False,-1,-1,0,0,0,-1
2026-06-29 15:08:34.247,93.22866,False,21.94539,1.068203,-6.227131,0,0,0,1,0,0,1,False,-1,-1,0,0,0,-1
2026-06-29 15:08:34.288,93.27094,False,21.94182,1.069235,-6.230796,0,0,0,1,0,0,1,False,-1,-1,0,0,0,-1
2026-06-29 15:08:34.328,93.30999,False,21.93856,1.070556,-6.233724,0,0,0,1,0,0,1,False,-1,-1,0,0,0,-1
2026-06-29 15:08:34.367,93.34966,False,21.93337,1.072527,-6.237322,0,0,0,1,0,0,1,False,-1,-1,0,0,0,-1
2026-06-29 15:08:34.400,93.38436,False,21.92923,1.073696,-6.239934,0,0,0,1,0,0,1,False,-1,-1,0,0,0,-1
2026-06-29 15:08:34.435,93.41806,False,21.92486,1.074791,-6.241957,0,0,0,1,0,0,1,False,-1,-1,0,0,0,-1
2026-06-29 15:08:34.484,93.46777,False,21.919,1.076451,-6.24483,0,0,0,1,0,0,1,False,-1,-1,0,0,0,-1
2026-06-29 15:08:34.537,93.51951,False,21.91576,1.077608,-6.246372,0,0,0,1,0,0,1,False,-1,-1,0,0,0,-1
2026-06-29 15:08:34.575,93.55912,False,21.9132,1.078661,-6.247416,0,0,0,1,0,0,1,False,-1,-1,0,0,0,-1
2026-06-29 15:08:34.616,93.59743,False,21.91163,1.078937,-6.248063,0,0,0,1,0,0,1,False,-1,-1,0,0,0,-1
2026-06-29 15:08:34.655,93.63766,False,21.90938,1.079529,-6.248495,0,0,0,1,0,0,1,False,-1,-1,0,0,0,-1
2026-06-29 15:08:34.695,93.67657,False,21.90769,1.080072,-6.248679,0,0,0,1,0,0,1,False,-1,-1,0,0,0,-1
2026-06-29 15:08:34.732,93.7142,False,21.90545,1.080436,-6.249223,0,0,0,1,0,0,1,False,-1,-1,0,0,0,-1
2026-06-29 15:08:34.767,93.75025,False,21.90338,1.080866,-6.249774,0,0,0,1,0,0,1,False,-1,-1,0,0,0,-1
2026-06-29 15:08:34.806,93.78851,False,21.90127,1.081369,-6.25051,0,0,0,1,0,0,1,False,-1,-1,0,0,0,-1
2026-06-29 15:08:34.843,93.82568,False,21.89797,1.081699,-6.251359,0,0,0,1,0,0,1,False,-1,-1,0,0,0,-1
2026-06-29 15:08:34.879,93.86388,False,21.89495,1.081663,-6.25184,0,0,0,1,0,0,1,False,-1,-1,0,0,0,-1
2026-06-29 15:08:34.920,93.90255,False,21.89086,1.081504,-6.252474,0,0,0,1,0,0,1,False,-1,-1,0,0,0,-1
2026-06-29 15:08:34.959,93.94147,False,21.88773,1.080856,-6.252741,0,0,0,1,0,0,1,False,-1,-1,0,0,0,-1
2026-06-29 15:08:34.992,93.97491,False,21.88448,1.079877,-6.252875,0,0,0,1,0,0,1,False,-1,-1,0,0,0,-1
2026-06-29 15:08:35.025,94.01002,False,21.8807,1.07833,-6.252447,0,0,0,1,0,0,1,False,-1,-1,0,0,0,-1
2026-06-29 15:08:35.054,94.0443,False,21.87855,1.077441,-6.251292,0,0,0,1,0,0,1,False,-1,-1,0,0,0,-1
2026-06-29 15:08:35.090,94.08181,False,21.87611,1.076589,-6.249259,0,0,0,1,0,0,1,False,-1,-1,0,0,0,-1
2026-06-29 15:08:35.125,94.11536,False,21.87487,1.075853,-6.24738,0,0,0,1,0,0,1,False,-1,-1,0,0,0,-1
2026-06-29 15:08:35.168,94.15935,False,21.87349,1.074804,-6.244565,0,0,0,1,0,0,1,False,-1,-1,0,0,0,-1
2026-06-29 15:08:35.203,94.19291,False,21.87306,1.073918,-6.242659,0,0,0,1,0,0,1,False,-1,-1,0,0,0,-1
2026-06-29 15:08:35.247,94.23763,False,21.87307,1.072624,-6.239662,0,0,0,1,0,0,1,False,-1,-1,0,0,0,-1
2026-06-29 15:08:35.291,94.2826,False,21.87507,1.071149,-6.23652,0,0,0,1,0,0,1,False,-1,-1,0,0,0,-1
2026-06-29 15:08:35.336,94.32608,False,21.88001,1.067876,-6.232502,0,0,0,1,0,0,1,False,-1,-1,0,0,0,-1
2026-06-29 15:08:35.369,94.35963,False,21.88566,1.064637,-6.229007,0,0,0,1,0,0,1,False,-1,-1,0,0,0,-1
2026-06-29 15:08:35.414,94.404,False,21.89305,1.062832,-6.223845,0,0,0,1,0,0,1,False,-1,-1,0,0,0,-1
2026-06-29 15:08:35.446,94.43739,False,21.89993,1.061434,-6.217986,0,0,0,1,0,0,1,False,-1,-1,0,0,0,-1
2026-06-29 15:08:35.490,94.48126,False,21.90882,1.060144,-6.20946,0,0,0,1,0,0,1,False,-1,-1,0,0,0,-1
2026-06-29 15:08:35.536,94.52588,False,21.9178,1.05899,-6.201474,0,0,0,1,0,0,1,False,-1,-1,0,0,0,-1
2026-06-29 15:08:35.569,94.55956,False,21.92387,1.057593,-6.195739,0,0,0,1,0,0,1,False,-1,-1,0,0,0,-1
2026-06-29 15:08:35.604,94.59455,False,21.92954,1.055711,-6.190146,0,0,0,1,0,0,1,False,-1,-1,0,0,0,-1
2026-06-29 15:08:35.639,94.62949,False,21.93479,1.053584,-6.185143,0,0,0,1,0,0,1,False,-1,-1,0,0,0,-1
2026-06-29 15:08:35.673,94.66358,False,21.93996,1.051798,-6.180628,0,0,0,1,0,0,1,False,-1,-1,0,0,0,-1
2026-06-29 15:08:35.706,94.69753,False,21.94509,1.049781,-6.176408,0,0,0,1,0,0,1,False,-1,-1,0,0,0,-1
2026-06-29 15:08:35.752,94.7424,False,21.95169,1.047491,-6.171563,0,0,0,1,0,0,1,False,-1,-1,0,0,0,-1
2026-06-29 15:08:35.796,94.78649,False,21.95755,1.045097,-6.167077,0,0,0,1,0,0,1,False,-1,-1,0,0,0,-1
2026-06-29 15:08:35.830,94.82027,False,21.96128,1.043248,-6.163851,0,0,0,1,0,0,1,False,-1,-1,0,0,0,-1
2026-06-29 15:08:35.874,94.86452,False,21.96618,1.040945,-6.159837,0,0,0,1,0,0,1,False,-1,-1,0,0,0,-1
2026-06-29 15:08:35.908,94.89799,False,21.96944,1.039153,-6.157291,0,0,0,1,0,0,1,False,-1,-1,0,0,0,-1
2026-06-29 15:08:35.941,94.93148,False,21.97223,1.037392,-6.155327,0,0,0,1,0,0,1,False,-1,-1,0,0,0,-1
2026-06-29 15:08:35.984,94.97491,False,21.9759,1.035579,-6.152822,0,0,0,1,0,0,1,False,-1,-1,0,0,0,-1
2026-06-29 15:08:36.019,95.00918,False,21.97794,1.034848,-6.151336,0,0,0,1,0,0,1,False,-1,-1,0,0,0,-1
2026-06-29 15:08:36.053,95.0436,False,21.97972,1.034161,-6.150261,0,0,0,1,0,0,1,False,-1,-1,0,0,0,-1
2026-06-29 15:08:36.096,95.08628,False,21.98195,1.033587,-6.149308,0,0,0,1,0,0,1,False,-1,-1,0,0,0,-1
2026-06-29 15:08:36.129,95.11998,False,21.98359,1.033238,-6.148968,0,0,0,1,0,0,1,False,-1,-1,0,0,0,-1
2026-06-29 15:08:36.163,95.15363,False,21.98497,1.033038,-6.148961,0,0,0,1,0,0,1,False,-1,-1,0,0,0,-1
2026-06-29 15:08:36.196,95.18774,False,21.98621,1.033606,-6.149096,0,0,0,1,0,0,1,False,-1,-1,0,0,0,-1
2026-06-29 15:08:36.241,95.23154,False,21.9875,1.035291,-6.15012,0,0,0,1,0,0,1,False,-1,-1,0,0,0,-1
2026-06-29 15:08:36.285,95.27512,False,21.98833,1.038199,-6.151306,0,0,0,1,0,0,1,False,-1,-1,0,0,0,-1
2026-06-29 15:08:36.318,95.30865,False,21.98885,1.040882,-6.152584,0,0,0,1,0,0,1,False,-1,-1,0,0,0,-1
2026-06-29 15:08:36.356,95.34454,False,21.98918,1.043842,-6.155391,0,0,0,1,0,0,1,False,-1,-1,0,0,0,-1
2026-06-29 15:08:36.395,95.38483,False,21.99041,1.046806,-6.158211,0,0,0,1,0,0,1,False,-1,-1,0,0,0,-1
2026-06-29 15:08:36.439,95.42896,False,21.99385,1.047587,-6.160356,0,0,0,1,0,0,1,False,-1,-1,0,0,0,-1
2026-06-29 15:08:36.482,95.47314,False,22.00035,1.047278,-6.16168,0,0,0,1,0,0,1,False,-1,-1,0,0,0,-1
2026-06-29 15:08:36.516,95.50668,False,22.00595,1.046281,-6.161521,0,0,0,1,0,0,1,False,-1,-1,0,0,0,-1
2026-06-29 15:08:36.560,95.55101,False,22.01306,1.04329,-6.160084,0,0,0,1,0,0,1,False,-1,-1,0,0,0,-1
2026-06-29 15:08:36.595,95.58504,False,22.01597,1.040962,-6.157493,0,0,0,1,0,0,1,False,-1,-1,0,0,0,-1
2026-06-29 15:08:36.638,95.62959,False,22.01954,1.037217,-6.153331,0,0,0,1,0,0,1,False,-1,-1,0,0,0,-1
2026-06-29 15:08:36.682,95.67324,False,22.02509,1.033391,-6.151515,0,0,0,1,0,0,1,False,-1,-1,0,0,0,-1
2026-06-29 15:08:36.716,95.70661,False,22.02954,1.030335,-6.151541,0,0,0,1,0,0,1,False,-1,-1,0,0,0,-1
2026-06-29 15:08:36.750,95.74007,False,22.03368,1.028235,-6.152313,0,0,0,1,0,0,1,False,-1,-1,0,0,0,-1
2026-06-29 15:08:36.783,95.77367,False,22.03737,1.027465,-6.152168,0,0,0,1,0,0,1,False,-1,-1,0,0,0,-1
2026-06-29 15:08:36.817,95.80795,False,22.03876,1.027824,-6.151695,0,0,0,1,0,0,1,False,-1,-1,0,0,0,-1
2026-06-29 15:08:36.851,95.84155,False,22.03843,1.028427,-6.151763,0,0,0,1,0,0,1,False,-1,-1,0,0,0,-1
2026-06-29 15:08:36.885,95.87497,False,22.03834,1.028899,-6.152191,0,0,0,1,0,0,1,False,-1,-1,0,0,0,-1
2026-06-29 15:08:36.929,95.91934,False,22.03961,1.028622,-6.152565,0,0,0,1,0,0,1,False,-1,-1,0,0,0,-1
2026-06-29 15:08:36.973,95.96342,False,22.04091,1.027199,-6.152213,0,0,0,1,0,0,1,False,-1,-1,0,0,0,-1
2026-06-29 15:08:37.017,96.00839,False,22.04116,1.026808,-6.151878,0,0,0,1,0,0,1,False,-1,-1,0,0,0,-1
2026-06-29 15:08:37.051,96.04173,False,22.0413,1.026921,-6.151808,0,0,0,1,0,0,1,False,-1,-1,0,0,0,-1
2026-06-29 15:08:37.109,96.08978,True,22.04164,1.027212,-6.15158,0.1391659,-0.7234178,0.1874382,0.6497434,-0.8879018,-0.4520365,-0.08540079,False,-1,-1,0,0,0,-1
2026-06-29 15:08:37.149,96.13378,True,22.0414,1.027933,-6.151841,0.1183486,-0.7359524,0.1685978,0.6449361,-0.9093778,-0.4008144,-0.1112646,False,-1,-1,0,0,0,-1
2026-06-29 15:08:37.190,96.17355,True,22.0406,1.029292,-6.152636,0.1168853,-0.7305963,0.1821058,0.6476144,-0.9037184,-0.4174848,-0.09486628,False,-1,-1,0,0,0,-1
2026-06-29 15:08:37.228,96.21034,True,22.03963,1.031067,-6.154111,0.1035631,-0.7436473,0.1841622,0.6343088,-0.9052593,-0.4052853,-0.1274732,False,-1,-1,0,0,0,-1
2026-06-29 15:08:37.270,96.25332,True,22.03999,1.031279,-6.155363,0.1257862,-0.7433056,0.2153086,0.620739,-0.8686318,-0.4762409,-0.1366508,False,-1,-1,0,0,0,-1
2026-06-29 15:08:37.316,96.29866,True,22.04054,1.030851,-6.155717,0.09920181,-0.698938,0.2031377,0.6785129,-0.9081736,-0.4185806,0.003289336,False,-1,-1,0,0,0,-1
2026-06-29 15:08:37.359,96.34132,True,22.0423,1.030882,-6.154575,0.1400379,-0.5986295,0.2718409,0.7403612,-0.810268,-0.5328213,0.2440642,False,-1,-1,0,0,0,-1
2026-06-29 15:08:37.409,96.39088,True,22.04462,1.030385,-6.152454,0.1593728,-0.6135485,0.2778981,0.7217557,-0.7970854,-0.5710643,0.196317,False,-1,-1,0,0,0,-1
2026-06-29 15:08:37.448,96.43303,True,22.04698,1.029991,-6.150177,0.1212967,-0.6178458,0.2331055,0.7410908,-0.8592098,-0.4678303,0.2071074,False,-1,-1,0,0,0,-1
2026-06-29 15:08:37.492,96.47544,True,22.0498,1.02977,-6.147847,0.0913865,-0.6287751,0.1951855,0.7471231,-0.9038702,-0.3820095,0.1925807,False,-1,-1,0,0,0,-1
2026-06-29 15:08:37.538,96.52172,True,22.05247,1.029635,-6.145876,0.108944,-0.6270172,0.2074164,0.7429395,-0.8864782,-0.4219848,0.1899613,False,-1,-1,0,0,0,-1
2026-06-29 15:08:37.581,96.56602,True,22.05444,1.029839,-6.144557,0.1110505,-0.6240829,0.2082776,0.7448549,-0.8834437,-0.425398,0.1963766,False,-1,-1,0,0,0,-1
2026-06-29 15:08:37.625,96.60941,True,22.05619,1.029888,-6.143659,0.1574523,-0.611556,0.2539704,0.732603,-0.816079,-0.5413344,0.2024161,False,-1,-1,0,0,0,-1
2026-06-29 15:08:37.673,96.65431,True,22.05734,1.029795,-6.144324,0.1580323,-0.617731,0.2533768,0.7274851,-0.8186965,-0.5429697,0.1868684,False,-1,-1,0,0,0,-1
2026-06-29 15:08:37.716,96.69876,True,22.05786,1.029911,-6.145894,0.09922428,-0.6523264,0.1933503,0.7261133,-0.9089556,-0.3963511,0.1292496,False,-1,-1,0,0,0,-1
2026-06-29 15:08:37.756,96.73915,True,22.05766,1.030074,-6.146982,0.09782325,-0.6525015,0.1947349,0.725776,-0.9090406,-0.3961252,0.1293449,False,-1,-1,0,0,0,-1
2026-06-29 15:08:37.792,96.77583,True,22.05802,1.030399,-6.148152,0.09918427,-0.6494384,0.1993854,0.7270747,-0.9048288,-0.4032058,0.1367844,False,-1,-1,0,0,0,-1
2026-06-29 15:08:37.827,96.81116,True,22.05846,1.030494,-6.149689,0.09515755,-0.6589662,0.1956043,0.7200331,-0.9117284,-0.3948263,0.1134172,False,-1,-1,0,0,0,-1
2026-06-29 15:08:37.867,96.85134,True,22.05844,1.03091,-6.150662,-0.002206043,-0.7782747,0.06238569,0.6248134,-0.9728281,-0.09434965,-0.2114326,False,-1,-1,0,0,0,-1
2026-06-29 15:08:37.906,96.88918,False,22.05782,1.031474,-6.152424,0,0,0,1,0,0,1,False,-1,-1,0,0,0,-1
2026-06-29 15:08:37.947,96.93076,True,22.05706,1.032129,-6.154007,-0.02414096,-0.8332148,0.02487058,0.5518622,-0.9208402,-0.0148001,-0.3896592,False,-1,-1,0,0,0,-1
2026-06-29 15:08:37.983,96.96616,True,22.05569,1.032914,-6.156427,-0.01708706,-0.8286866,0.0379233,0.5581653,-0.9263841,-0.04377824,-0.3740268,False,-1,-1,0,0,0,-1
2026-06-29 15:08:38.022,97.00513,True,22.05428,1.033489,-6.158606,-0.009582557,-0.8305642,0.04751276,0.5548097,-0.9225208,-0.06829181,-0.3798575,False,-1,-1,0,0,0,-1
2026-06-29 15:08:38.057,97.04088,True,22.05278,1.034095,-6.160412,-0.006275415,-0.8296565,0.05512188,0.5555109,-0.9224582,-0.08449233,-0.3767385,False,-1,-1,0,0,0,-1
2026-06-29 15:08:38.093,97.07775,True,22.05094,1.034172,-6.162601,0.01916447,-0.8090659,0.09564992,0.5795656,-0.9341473,-0.1769883,-0.3099097,False,-1,-1,0,0,0,-1
2026-06-29 15:08:38.132,97.11593,True,22.05005,1.034457,-6.163916,0.02124016,-0.8012955,0.1046956,0.5886537,-0.9389236,-0.1927904,-0.2850513,False,-1,-1,0,0,0,-1
2026-06-29 15:08:38.168,97.15135,True,22.04978,1.03498,-6.165177,0.03074404,-0.798314,0.1184722,0.5896728,-0.9342033,-0.2254139,-0.2765008,False,-1,-1,0,0,0,-1
2026-06-29 15:08:38.207,97.1904,True,22.0498,1.035817,-6.166474,-0.008698813,-0.7148463,0.1099028,0.6905364,-0.9891668,-0.1451136,-0.02216178,False,-1,-1,0,0,0,-1
2026-06-29 15:08:38.239,97.22398,True,22.05012,1.036387,-6.167176,-0.008660171,-0.6524979,0.1295265,0.7465885,-0.9765382,-0.1561004,0.148343,False,-1,-1,0,0,0,-1
2026-06-29 15:08:38.275,97.25832,True,22.05083,1.037124,-6.167915,-0.01288299,-0.657148,0.1264047,0.7429754,-0.9797465,-0.1469897,0.1359811,False,-1,-1,0,0,0,-1
2026-06-29 15:08:38.315,97.29868,True,22.0517,1.037779,-6.168798,-0.01539048,-0.6493541,0.1307425,0.7490052,-0.9767636,-0.1467412,0.1562048,False,-1,-1,0,0,0,-1
2026-06-29 15:08:38.356,97.33602,True,22.05371,1.038594,-6.169979,-0.01858752,-0.645951,0.1366895,0.7508115,-0.9750562,-0.148678,0.1648037,False,-1,-1,0,0,0,-1
2026-06-29 15:08:38.394,97.37743,True,22.05539,1.039451,-6.171407,-0.02530844,-0.6446548,0.1374963,0.7515814,-0.9759806,-0.1392325,0.1675593,False,-1,-1,0,0,0,-1
2026-06-29 15:08:38.435,97.41743,True,22.05768,1.040038,-6.172596,-0.02574284,-0.6373697,0.1456525,0.7562292,-0.9714941,-0.146734,0.1861943,False,-1,-1,0,0,0,-1
2026-06-29 15:08:38.478,97.46275,True,22.0609,1.04093,-6.173653,-0.03325308,-0.6256362,0.1479749,0.7652299,-0.9673524,-0.1342645,0.2149471,False,-1,-1,0,0,0,-1
2026-06-29 15:08:38.532,97.51347,True,22.06537,1.042395,-6.175547,-0.04288971,-0.615431,0.1505214,0.7724949,-0.9637463,-0.119007,0.2388103,False,-1,-1,0,0,0,-1
2026-06-29 15:08:38.569,97.55231,True,22.06795,1.04297,-6.176608,-0.05108972,-0.6068352,0.1514515,0.7785906,-0.9604276,-0.1042563,0.2582816,False,-1,-1,0,0,0,-1
2026-06-29 15:08:38.608,97.59129,True,22.07225,1.044154,-6.177712,-0.05423869,-0.5743957,0.1608837,0.8007773,-0.9373783,-0.09795555,0.3342555,False,-1,-1,0,0,0,-1
2026-06-29 15:08:38.648,97.62922,True,22.07557,1.044383,-6.178824,-0.07632182,-0.4312004,0.1551987,0.885525,-0.7873676,0.001326233,0.6164824,True,0.003869891,0.2610331,15.84436,1.054879,-1.3,7.913972
2026-06-29 15:08:38.689,97.67233,True,22.07936,1.045483,-6.179916,-0.05323116,-0.3244904,0.1663725,0.9296197,-0.6210177,-0.009003109,0.7837448,True,0.3909316,0.242077,18.21265,0.9894262,-1.3,6.226409
2026-06-29 15:08:38.723,97.70744,True,22.08159,1.044926,-6.181188,-0.05963813,-0.3461907,0.1593634,0.9226043,-0.6578022,-0.0002954826,0.7531906,True,0.3265271,0.257596,17.81858,1.043011,-1.3,6.48068
2026-06-29 15:08:38.761,97.74284,True,22.08361,1.04491,-6.182253,-0.05605615,-0.3654813,0.1618722,0.91492,-0.6869202,-0.01574876,0.7265622,True,0.2691864,0.2274971,17.46774,0.9390837,-1.3,6.719662
2026-06-29 15:08:38.799,97.78133,True,22.08547,1.044807,-6.183999,-0.06692171,-0.3664873,0.1554591,0.9148995,-0.6914053,0.00850568,0.7224171,True,0.259935,0.2747701,17.41113,1.102311,-1.3,6.760636
2026-06-29 15:08:38.841,97.82522,True,22.08686,1.044567,-6.185787,-0.04558067,-0.3640507,0.1694198,0.9147057,-0.6814429,-0.03996898,0.7307791,True,0.2795124,0.1806553,17.53092,0.7773453,-1.3,6.685724
2026-06-29 15:08:38.892,97.87636,True,22.08682,1.04393,-6.187553,-0.05963904,-0.3661323,0.1619368,0.9144216,-0.6889142,-0.009510167,0.7247806,True,0.2648378,0.2392886,17.44113,0.9797981,-1.3,6.743494
2026-06-29 15:08:38.932,97.91502,True,22.08645,1.043811,-6.188071,-0.05551024,-0.3563143,0.1646055,0.9180762,-0.6725219,-0.01537733,0.7399175,True,0.2979301,0.2284069,17.64361,0.9422252,-1.3,6.606237
2026-06-29 15:08:38.967,97.94897,True,22.08631,1.043964,-6.188716,-0.05695455,-0.358631,0.1636729,0.9172519,-0.6765538,-0.01291303,0.73628,True,0.2898482,0.2330407,17.59416,0.9582251,-1.3,6.639751
2026-06-29 15:08:38.998,97.98325,True,22.08611,1.043931,-6.189062,-0.05122489,-0.3682384,0.1668038,0.9132103,-0.6896471,-0.0292889,0.7235531,True,0.2623891,0.2005461,17.42615,0.8460255,-1.3,6.757019
2026-06-29 15:08:39.036,98.01837,True,22.08608,1.04386,-6.189272,-0.04648477,-0.3637948,0.1690949,0.9148221,-0.6813357,-0.03798112,0.730985,True,0.2791809,0.1842678,17.52889,0.7898189,-1.3,6.688608
2026-06-29 15:08:39.075,98.05848,True,22.08592,1.043773,-6.189101,-0.0533004,-0.3718373,0.165541,0.911862,-0.6957754,-0.02590345,0.7177922,True,0.2494179,0.2067181,17.34678,0.8673369,-1.3,6.811305
2026-06-29 15:08:39.115,98.09675,True,22.08586,1.043661,-6.188737,-0.0544703,-0.3733282,0.164362,0.9113969,-0.698406,-0.02343383,0.7153181,True,0.2438495,0.2114009,17.31271,0.8835058,-1.3,6.834354
2026-06-29 15:08:39.149,98.13367,True,22.08602,1.043411,-6.188293,-0.05270652,-0.3709096,0.1638223,0.9125844,-0.6942416,-0.02532826,0.7192962,True,0.2528854,0.2078608,17.368,0.8712821,-1.3,6.795939
2026-06-29 15:08:39.192,98.1741,True,22.08626,1.043198,-6.187621,-0.04378409,-0.3636152,0.1676581,0.9152911,-0.6803091,-0.04177567,0.7317339,True,0.2813452,0.176836,17.54213,0.7641575,-1.3,6.679506
2026-06-29 15:08:39.235,98.21857,True,22.08672,1.042842,-6.186679,0.01411307,-0.4519334,0.2027608,0.8685881,-0.7793647,-0.2077857,0.5911141,False,-1,-1,0,0,0,-1
2026-06-29 15:08:39.275,98.25813,True,22.08743,1.042683,-6.186288,0.007187657,-0.4371008,0.1963646,0.8776857,-0.7644514,-0.1842792,0.6177825,False,-1,-1,0,0,0,-1
2026-06-29 15:08:39.315,98.29746,True,22.08802,1.042669,-6.185956,0.01311343,-0.4395912,0.1983866,0.8759169,-0.7648876,-0.1973906,0.6131753,False,-1,-1,0,0,0,-1
2026-06-29 15:08:39.353,98.33574,True,22.0887,1.042448,-6.185503,0.007965595,-0.4325069,0.1935535,0.8805745,-0.7586256,-0.1814551,0.6257486,False,-1,-1,0,0,0,-1
2026-06-29 15:08:39.391,98.37479,True,22.08888,1.042058,-6.184722,0.01245617,-0.4355121,0.1954818,0.8786131,-0.7604233,-0.1921577,0.6203482,False,-1,-1,0,0,0,-1
2026-06-29 15:08:39.432,98.41467,True,22.08894,1.041685,-6.183906,0.008183093,-0.4371198,0.1918511,0.8786651,-0.765024,-0.1821042,0.6177186,False,-1,-1,0,0,0,-1
2026-06-29 15:08:39.472,98.45456,True,22.08894,1.041487,-6.182841,0.007593117,-0.4369417,0.1901923,0.8791196,-0.7653597,-0.1795564,0.6180485,False,-1,-1,0,0,0,-1
2026-06-29 15:08:39.512,98.49419,True,22.08891,1.041068,-6.181707,0.007218726,-0.4416481,0.1882147,0.8771945,-0.7721052,-0.1789137,0.6097897,False,-1,-1,0,0,0,-1
2026-06-29 15:08:39.552,98.53394,True,22.08899,1.040246,-6.179554,0.01079684,-0.4428391,0.1877536,0.8766559,-0.7723808,-0.1852195,0.6075538,False,-1,-1,0,0,0,-1
2026-06-29 15:08:39.590,98.57345,True,22.0895,1.039369,-6.176737,0.020277,-0.4379821,0.1897911,0.8784873,-0.7618266,-0.2018764,0.615521,False,-1,-1,0,0,0,-1
2026-06-29 15:08:39.628,98.60954,True,22.09013,1.037917,-6.17286,0.02738606,-0.4377986,0.1870869,0.8789659,-0.7593729,-0.2119556,0.6151648,False,-1,-1,0,0,0,-1
2026-06-29 15:08:39.665,98.64861,True,22.09152,1.035776,-6.167206,0.1049147,-0.383477,0.2202396,0.8907485,-0.6369503,-0.3558189,0.6838766,False,-1,-1,0,0,0,-1
2026-06-29 15:08:39.699,98.68295,True,22.09299,1.033751,-6.162217,0.1845666,-0.3217545,0.2559714,0.8926858,-0.4799638,-0.4942398,0.7248185,False,-1,-1,0,0,0,-1
2026-06-29 15:08:39.739,98.72338,True,22.09528,1.031115,-6.155426,0.1742955,-0.3334326,0.2405428,0.894753,-0.5128287,-0.4723125,0.7168875,False,-1,-1,0,0,0,-1
2026-06-29 15:08:39.777,98.75912,True,22.0969,1.028648,-6.150201,0.1865229,-0.3352758,0.2379209,0.8922964,-0.5095754,-0.4924057,0.7055987,False,-1,-1,0,0,0,-1
2026-06-29 15:08:39.814,98.79845,True,22.09946,1.025591,-6.143976,0.1821214,-0.3294039,0.2259516,0.8984825,-0.509626,-0.4761244,0.7166498,False,-1,-1,0,0,0,-1
2026-06-29 15:08:39.849,98.83269,True,22.10089,1.023301,-6.139791,0.1761226,-0.3389648,0.2167434,0.8983908,-0.5326989,-0.4633905,0.7081674,False,-1,-1,0,0,0,-1
2026-06-29 15:08:39.882,98.86632,True,22.10195,1.02161,-6.135868,0.1762294,-0.3426761,0.2134221,0.8977568,-0.5400571,-0.4626915,0.7030326,False,-1,-1,0,0,0,-1
2026-06-29 15:08:39.917,98.90052,True,22.10294,1.020306,-6.132165,0.1786316,-0.3338015,0.2138301,0.9005243,-0.524799,-0.4644779,0.7133346,False,-1,-1,0,0,0,-1
2026-06-29 15:08:39.952,98.93604,True,22.10372,1.01897,-6.12885,0.1875349,-0.3469879,0.2137243,0.8937293,-0.5400651,-0.4835303,0.6888601,False,-1,-1,0,0,0,-1
2026-06-29 15:08:39.989,98.971,True,22.10448,1.017487,-6.125608,0.181272,-0.3482609,0.2092266,0.8955887,-0.5479432,-0.4704213,0.6917095,False,-1,-1,0,0,0,-1
2026-06-29 15:08:40.026,99.00812,True,22.10516,1.015561,-6.121257,0.180496,-0.3502598,0.2057105,0.8957804,-0.5532518,-0.4674738,0.6894785,False,-1,-1,0,0,0,-1
2026-06-29 15:08:40.067,99.0504,True,22.10545,1.014031,-6.117982,0.1753295,-0.3540635,0.2009366,0.8963946,-0.564301,-0.4566174,0.6877972,False,-1,-1,0,0,0,-1
2026-06-29 15:08:40.102,99.08584,True,22.10581,1.012661,-6.114778,0.1825504,-0.3553509,0.2017548,0.8942572,-0.5618894,-0.4698817,0.6808021,False,-1,-1,0,0,0,-1
2026-06-29 15:08:40.141,99.12366,True,22.10761,1.010494,-6.111288,0.1944541,-0.3571261,0.2033263,0.8906778,-0.5570933,-0.4916182,0.6692972,False,-1,-1,0,0,0,-1
2026-06-29 15:08:40.177,99.15869,True,22.10956,1.009224,-6.109248,0.191948,-0.3592227,0.2002434,0.8910767,-0.5633172,-0.4859447,0.6682301,False,-1,-1,0,0,0,-1
2026-06-29 15:08:40.216,99.19912,True,22.11196,1.007391,-6.106724,0.1921948,-0.3590988,0.1995735,0.8912237,-0.5633608,-0.4859104,0.6682184,False,-1,-1,0,0,0,-1
2026-06-29 15:08:40.254,99.23632,True,22.11337,1.006045,-6.104899,0.1870758,-0.3615905,0.1967102,0.8919417,-0.5714359,-0.4759785,0.6685099,False,-1,-1,0,0,0,-1
2026-06-29 15:08:40.291,99.2738,True,22.11488,1.005113,-6.102944,0.1961804,-0.3622701,0.2008176,0.888789,-0.5651705,-0.4942265,0.6605471,False,-1,-1,0,0,0,-1
2026-06-29 15:08:40.328,99.31003,True,22.11689,1.003672,-6.100315,0.1938158,-0.3650071,0.2001785,0.8883321,-0.5708996,-0.4904787,0.6584105,False,-1,-1,0,0,0,-1
2026-06-29 15:08:40.367,99.34806,True,22.11841,1.002498,-6.098591,0.2054707,-0.3615587,0.2057526,0.8858459,-0.5560184,-0.5128142,0.6541141,False,-1,-1,0,0,0,-1
2026-06-29 15:08:40.406,99.38837,True,22.12094,1.000533,-6.096669,0.2057298,-0.3650466,0.203813,0.8848031,-0.5621279,-0.5128632,0.6488324,False,-1,-1,0,0,0,-1
2026-06-29 15:08:40.441,99.42419,True,22.12317,0.9992259,-6.095705,0.246279,-0.2802534,0.2416441,0.895775,-0.3830642,-0.5766643,0.7216094,False,-1,-1,0,0,0,-1
2026-06-29 15:08:40.478,99.46098,True,22.12565,0.9974118,-6.093815,0.3439793,-0.163637,0.3070412,0.8721393,-0.07419683,-0.7004823,0.7098024,False,-1,-1,0,0,0,-1
2026-06-29 15:08:40.518,99.4994,True,22.1298,0.9956235,-6.091016,0.3551848,-0.1595687,0.3101332,0.8672941,-0.05647688,-0.7150745,0.6967631,False,-1,-1,0,0,0,-1
2026-06-29 15:08:40.559,99.54297,True,22.13425,0.9933015,-6.087545,0.3589015,-0.1610969,0.3081722,0.8661798,-0.05787081,-0.7210376,0.690475,False,-1,-1,0,0,0,-1
2026-06-29 15:08:40.600,99.5817,True,22.14126,0.9891286,-6.082422,0.3613653,-0.1544727,0.3049016,0.8675185,-0.04765409,-0.7211801,0.6911067,False,-1,-1,0,0,0,-1
2026-06-29 15:08:40.635,99.61828,True,22.14805,0.9849458,-6.078894,0.3722588,-0.1443288,0.3026536,0.8654441,-0.02448614,-0.7317016,0.6811852,False,-1,-1,0,0,0,-1
2026-06-29 15:08:40.674,99.6573,True,22.15768,0.9789634,-6.074436,0.3778457,-0.1259575,0.2919605,0.8695553,0.001578033,-0.7306647,0.6827346,False,-1,-1,0,0,0,-1
2026-06-29 15:08:40.706,99.69181,True,22.16492,0.9745542,-6.071893,0.3849335,-0.1256501,0.2801222,0.8703849,-0.003071159,-0.7404754,0.6720765,False,-1,-1,0,0,0,-1
2026-06-29 15:08:40.764,99.74711,True,22.17616,0.9683307,-6.068231,0.4485615,-0.0216143,0.2998823,0.8416627,0.2326474,-0.7680385,0.5966508,False,-1,-1,0,0,0,-1
2026-06-29 15:08:40.803,99.78601,True,22.18253,0.9657536,-6.065905,0.4425455,-0.01570401,0.2888399,0.84881,0.2289902,-0.7603459,0.6078137,False,-1,-1,0,0,0,-1
2026-06-29 15:08:40.841,99.8254,True,22.19078,0.9630883,-6.062816,0.4500348,-0.01950808,0.2736734,0.8498182,0.2131685,-0.7755732,0.5941763,False,-1,-1,0,0,0,-1
2026-06-29 15:08:40.880,99.8619,True,22.19717,0.9622233,-6.060277,0.4599126,-0.01432811,0.2658298,0.8471184,0.2202418,-0.7868186,0.5765501,False,-1,-1,0,0,0,-1
2026-06-29 15:08:40.921,99.90278,True,22.20621,0.9611473,-6.058396,0.4635161,0.002468065,0.2545536,0.8487339,0.2401689,-0.7855471,0.5702935,False,-1,-1,0,0,0,-1
2026-06-29 15:08:40.958,99.94224,True,22.21606,0.9601224,-6.058268,0.4741873,0.1035371,0.2723646,0.8308093,0.4303427,-0.7315187,0.5288531,False,-1,-1,0,0,0,-1
2026-06-29 15:08:40.999,99.98228,False,22.22379,0.958816,-6.058224,0,0,0,1,0,0,1,False,-1,-1,0,0,0,-1
2026-06-29 15:08:41.040,100.0229,False,22.23435,0.956563,-6.060147,0,0,0,1,0,0,1,False,-1,-1,0,0,0,-1
2026-06-29 15:08:41.073,100.0583,True,22.24154,0.9546206,-6.061572,0.4982685,0.1906693,0.2525103,0.807225,0.5594618,-0.7081377,0.4307475,False,-1,-1,0,0,0,-1
2026-06-29 15:08:41.109,100.0935,True,22.24866,0.9531078,-6.063678,0.4928241,0.20975,0.2420818,0.8090277,0.5779946,-0.6958634,0.4262586,False,-1,-1,0,0,0,-1
2026-06-29 15:08:41.148,100.1307,True,22.25585,0.9520013,-6.066607,0.4925024,0.2033254,0.2237597,0.8161077,0.5522752,-0.712878,0.4322003,False,-1,-1,0,0,0,-1
2026-06-29 15:08:41.183,100.1671,True,22.26379,0.9518389,-6.069616,0.5027676,0.2125905,0.2063639,0.8120616,0.5527793,-0.7288145,0.4040601,False,-1,-1,0,0,0,-1
2026-06-29 15:08:41.223,100.2068,True,22.26736,0.9538234,-6.070946,0.4895714,0.2073275,0.1964012,0.82387,0.5339266,-0.7252477,0.4346703,False,-1,-1,0,0,0,-1
2026-06-29 15:08:41.263,100.2445,False,22.27221,0.956718,-6.073186,0,0,0,1,0,0,1,False,-1,-1,0,0,0,-1
2026-06-29 15:08:41.301,100.2837,False,22.27513,0.9579452,-6.075456,0,0,0,1,0,0,1,False,-1,-1,0,0,0,-1
2026-06-29 15:08:41.339,100.3215,False,22.27792,0.960344,-6.078746,0,0,0,1,0,0,1,False,-1,-1,0,0,0,-1
2026-06-29 15:08:41.373,100.3566,False,22.27924,0.9619865,-6.081952,0,0,0,1,0,0,1,False,-1,-1,0,0,0,-1
2026-06-29 15:08:41.410,100.3931,False,22.2797,0.9633475,-6.084864,0,0,0,1,0,0,1,False,-1,-1,0,0,0,-1
2026-06-29 15:08:41.448,100.4313,False,22.28009,0.9651044,-6.088741,0,0,0,1,0,0,1,False,-1,-1,0,0,0,-1
2026-06-29 15:08:41.488,100.4707,False,22.27968,0.9665442,-6.092012,0,0,0,1,0,0,1,False,-1,-1,0,0,0,-1
2026-06-29 15:08:41.523,100.5083,True,22.27822,0.9686399,-6.096935,0.455869,0.1341101,0.09400688,0.874849,0.3203617,-0.7724185,0.5483959,False,-1,-1,0,0,0,-1
2026-06-29 15:08:41.563,100.546,True,22.27591,0.9704766,-6.100616,0.3422319,0.04204039,0.06815127,0.9361973,0.1253633,-0.635063,0.7622198,False,-1,-1,0,0,0,-1
2026-06-29 15:08:41.605,100.5881,True,22.27068,0.9737836,-6.103449,0.2624241,0.06004167,0.07704078,0.9599966,0.1557143,-0.494601,0.8550572,False,-1,-1,0,0,0,-1
2026-06-29 15:08:41.643,100.6256,True,22.26508,0.9776388,-6.104173,0.2715875,0.03414145,0.0668098,0.9594848,0.1018058,-0.5166062,0.8501492,False,-1,-1,0,0,0,-1
2026-06-29 15:08:41.681,100.6642,True,22.25852,0.9819666,-6.104107,0.2591308,0.02047747,0.06487924,0.9634431,0.07308218,-0.4966585,0.8648638,False,-1,-1,0,0,0,-1
2026-06-29 15:08:41.717,100.6994,True,22.2499,0.9875911,-6.104619,0.300289,0.03625303,0.07347025,0.9503233,0.1130288,-0.5654163,0.8170244,False,-1,-1,0,0,0,-1
2026-06-29 15:08:41.753,100.736,True,22.24204,0.992222,-6.103638,0.4058889,0.002879251,0.07428692,0.9108937,0.06554985,-0.7390156,0.6704918,False,-1,-1,0,0,0,-1
2026-06-29 15:08:41.797,100.7796,False,22.2314,0.9980657,-6.105794,0,0,0,1,0,0,1,False,-1,-1,0,0,0,-1
2026-06-29 15:08:41.833,100.8148,True,22.2235,1.001454,-6.109892,0.4145405,0.07035489,0.1135818,0.9001697,0.2208312,-0.7303316,0.6464127,False,-1,-1,0,0,0,-1
2026-06-29 15:08:41.871,100.8538,True,22.20936,1.005628,-6.107733,0.3747501,0.03641342,0.1086283,0.9200197,0.1484191,-0.681644,0.7164728,False,-1,-1,0,0,0,-1
2026-06-29 15:08:41.907,100.8914,True,22.20007,1.008367,-6.107473,0.2844438,-0.1102714,0.07082333,0.9496926,-0.1691574,-0.555888,0.8138639,False,-1,-1,0,0,0,-1
2026-06-29 15:08:41.946,100.9271,True,22.1904,1.011506,-6.105148,0.2389213,-0.2632056,0.03632669,0.9339806,-0.4742994,-0.4654185,0.7472789,False,-1,-1,0,0,0,-1
2026-06-29 15:08:41.986,100.9692,True,22.17674,1.015221,-6.098862,0.2529826,-0.2196276,0.05964694,0.9403222,-0.3828621,-0.5019706,0.7755271,False,-1,-1,0,0,0,-1
2026-06-29 15:08:42.025,101.0086,True,22.16562,1.018714,-6.097832,0.2427695,-0.2123795,0.07050288,0.9439213,-0.3667071,-0.4882573,0.7919159,False,-1,-1,0,0,0,-1
2026-06-29 15:08:42.064,101.0462,True,22.15692,1.021392,-6.096891,0.2412894,-0.2156173,0.07688846,0.9430677,-0.3695788,-0.4882614,0.7905772,False,-1,-1,0,0,0,-1
2026-06-29 15:08:42.103,101.0857,True,22.14609,1.024876,-6.097106,0.2755722,-0.2244252,0.09456309,0.92992,-0.3652771,-0.5549649,0.7473866,False,-1,-1,0,0,0,-1
2026-06-29 15:08:42.139,101.1227,True,22.13702,1.027752,-6.096071,0.2531841,-0.2202872,0.1003711,0.9366413,-0.3618355,-0.5185063,0.7747427,False,-1,-1,0,0,0,-1
2026-06-29 15:08:42.173,101.1576,True,22.12731,1.031014,-6.094608,0.1971814,-0.284181,0.08462821,0.9344511,-0.4977323,-0.4166123,0.7607213,False,-1,-1,0,0,0,-1
2026-06-29 15:08:42.214,101.1946,True,22.11738,1.033909,-6.093063,0.09165667,-0.3926097,0.04592898,0.9139733,-0.7092502,-0.2036078,0.6749134,False,-1,-1,0,0,0,-1
2026-06-29 15:08:42.254,101.2334,True,22.10483,1.037259,-6.094806,0.1037635,-0.3848219,0.07040176,0.9144337,-0.6891778,-0.243954,0.6822906,False,-1,-1,0,0,0,-1
2026-06-29 15:08:42.294,101.2767,True,22.09242,1.039618,-6.098758,0.1066943,-0.3890736,0.08998954,0.9105712,-0.6893557,-0.2643307,0.674476,False,-1,-1,0,0,0,-1
2026-06-29 15:08:42.333,101.318,True,22.08215,1.041007,-6.099632,0.1092098,-0.3871289,0.1053552,0.909453,-0.6811395,-0.2802145,0.6764088,False,-1,-1,0,0,0,-1
2026-06-29 15:08:42.373,101.3549,True,22.06848,1.042264,-6.100094,0.1082409,-0.4052369,0.1226425,0.8994586,-0.7024378,-0.2941149,0.6481339,False,-1,-1,0,0,0,-1
2026-06-29 15:08:42.408,101.3904,True,22.05805,1.042627,-6.099044,0.09748505,-0.408425,0.1320502,0.8979134,-0.7077147,-0.2829314,0.6473714,False,-1,-1,0,0,0,-1
2026-06-29 15:08:42.448,101.4304,True,22.04552,1.042596,-6.100682,0.08940137,-0.4256392,0.143604,0.8889413,-0.7310597,-0.2811922,0.6216774,False,-1,-1,0,0,0,-1
2026-06-29 15:08:42.485,101.468,True,22.03703,1.042119,-6.102569,0.08905043,-0.4279248,0.1535446,0.8862136,-0.731119,-0.2892465,0.6179008,False,-1,-1,0,0,0,-1
2026-06-29 15:08:42.523,101.5054,True,22.02668,1.044092,-6.103719,0.08670053,-0.4860967,0.1529388,0.856039,-0.8057157,-0.2971242,0.5123861,False,-1,-1,0,0,0,-1
2026-06-29 15:08:42.562,101.5441,True,22.02025,1.044034,-6.105648,0.07924861,-0.5895209,0.1369134,0.7921108,-0.9122313,-0.286974,0.2923696,False,-1,-1,0,0,0,-1
2026-06-29 15:08:42.598,101.5804,True,22.01575,1.043235,-6.108114,0.08862889,-0.570796,0.1513518,0.8021406,-0.888889,-0.3149677,0.3326737,False,-1,-1,0,0,0,-1
2026-06-29 15:08:42.638,101.6213,True,22.00989,1.043795,-6.109551,0.08125728,-0.570553,0.1573039,0.8019488,-0.8895445,-0.3098288,0.3357331,False,-1,-1,0,0,0,-1
2026-06-29 15:08:42.674,101.6563,True,22.00664,1.0443,-6.110328,0.07790108,-0.5807371,0.1610144,0.7941979,-0.8973539,-0.3107519,0.3133518,False,-1,-1,0,0,0,-1
2026-06-29 15:08:42.709,101.693,True,22.00403,1.044979,-6.109879,0.0714434,-0.5788241,0.1649034,0.7954027,-0.897234,-0.3045527,0.319717,False,-1,-1,0,0,0,-1
2026-06-29 15:08:42.747,101.7319,True,22.0016,1.045632,-6.109086,0.07724434,-0.5808671,0.1771318,0.7907281,-0.8912511,-0.3279387,0.3132534,False,-1,-1,0,0,0,-1
2026-06-29 15:08:42.786,101.7671,True,22.00102,1.046008,-6.108201,0.07621896,-0.5828119,0.1797124,0.788812,-0.8920631,-0.329722,0.3090419,False,-1,-1,0,0,0,-1
2026-06-29 15:08:42.823,101.8064,True,22.00205,1.045328,-6.108631,0.07653107,-0.5842571,0.182391,0.7870961,-0.8918157,-0.3336011,0.3055734,False,-1,-1,0,0,0,-1
2026-06-29 15:08:42.855,101.8401,True,22.00335,1.045609,-6.106175,0.07643872,-0.5904571,0.1839875,0.7820909,-0.8954548,-0.3368375,0.291035,False,-1,-1,0,0,0,-1
2026-06-29 15:08:42.891,101.8748,True,22.006,1.045857,-6.105348,0.07627831,-0.5910653,0.1843689,0.7815571,-0.8957759,-0.3371799,0.2896469,False,-1,-1,0,0,0,-1
2026-06-29 15:08:42.928,101.9097,True,22.00714,1.045815,-6.104199,0.08247976,-0.6568065,0.1771413,0.7283016,-0.9274853,-0.3528355,0.1236046,False,-1,-1,0,0,0,-1
2026-06-29 15:08:42.970,101.9526,True,22.01128,1.045921,-6.099027,0.1039218,-0.7027433,0.1815589,0.6799917,-0.9179832,-0.3965104,-0.009295774,False,-1,-1,0,0,0,-1
2026-06-29 15:08:43.027,102.0109,True,22.01637,1.045612,-6.091347,0.09624348,-0.7122308,0.1641729,0.6756566,-0.9308456,-0.3639131,-0.03307105,False,-1,-1,0,0,0,-1
2026-06-29 15:08:43.065,102.0495,True,22.01797,1.045257,-6.087188,0.1075132,-0.6981572,0.1731442,0.6863225,-0.9210914,-0.3893411,0.002034932,False,-1,-1,0,0,0,-1
2026-06-29 15:08:43.108,102.0916,True,22.01945,1.044736,-6.081645,0.1038417,-0.7099873,0.1666174,0.676294,-0.9257166,-0.3770475,-0.02973014,False,-1,-1,0,0,0,-1
2026-06-29 15:08:43.148,102.1302,True,22.02018,1.044317,-6.077918,0.1054433,-0.7201812,0.1642965,0.6657532,-0.924278,-0.377045,-0.05955862,False,-1,-1,0,0,0,-1
2026-06-29 15:08:43.198,102.1827,True,22.02175,1.043877,-6.072207,0.07604975,-0.6609452,0.1521394,0.7309046,-0.9430354,-0.3122819,0.1147358,False,-1,-1,0,0,0,-1
2026-06-29 15:08:43.238,102.2219,True,22.02311,1.043525,-6.067642,0.08493869,-0.6742117,0.1572291,0.7165912,-0.9395587,-0.3337441,0.07644808,False,-1,-1,0,0,0,-1
2026-06-29 15:08:43.280,102.2639,True,22.02431,1.043373,-6.064552,0.08648027,-0.67394,0.1587971,0.7163166,-0.9380432,-0.3379339,0.07665204,False,-1,-1,0,0,0,-1
2026-06-29 15:08:43.333,102.3148,True,22.02635,1.043245,-6.059435,0.09440819,-0.676979,0.1652633,0.7109674,-0.9314155,-0.3580018,0.06557306,False,-1,-1,0,0,0,-1
2026-06-29 15:08:43.372,102.3555,True,22.02782,1.043354,-6.055566,0.08715431,-0.6792467,0.1593336,0.7110844,-0.93823,-0.3404017,0.06205617,False,-1,-1,0,0,0,-1
2026-06-29 15:08:43.413,102.3974,True,22.0294,1.043262,-6.052094,0.09148382,-0.6793351,0.1643502,0.7093121,-0.9336503,-0.3530788,0.06026901,False,-1,-1,0,0,0,-1
2026-06-29 15:08:43.453,102.4356,True,22.03086,1.043248,-6.049473,0.08072138,-0.6684371,0.1565175,0.722619,-0.940782,-0.3259058,0.09335173,False,-1,-1,0,0,0,-1
2026-06-29 15:08:43.503,102.4852,True,22.03335,1.043142,-6.045222,0.08113423,-0.6550573,0.1590359,0.7341831,-0.9360574,-0.32749,0.1286344,False,-1,-1,0,0,0,-1
2026-06-29 15:08:43.545,102.5275,True,22.03452,1.042716,-6.042803,0.07865788,-0.6599507,0.1543563,0.7310623,-0.9406475,-0.3187428,0.1165559,False,-1,-1,0,0,0,-1
2026-06-29 15:08:43.586,102.5683,True,22.03549,1.042333,-6.03967,0.08158231,-0.66055,0.1558699,0.7298785,-0.93881,-0.3250101,0.1140361,False,-1,-1,0,0,0,-1
2026-06-29 15:08:43.638,102.6212,True,22.03651,1.042201,-6.036412,0.08129835,-0.6637838,0.1532309,0.7275314,-0.9409323,-0.3217186,0.1055631,False,-1,-1,0,0,0,-1
2026-06-29 15:08:43.679,102.6632,True,22.03666,1.04196,-6.034644,0.08709444,-0.6650901,0.1573552,0.7247821,-0.9366812,-0.3355598,0.1001395,False,-1,-1,0,0,0,-1
2026-06-29 15:08:43.718,102.701,True,22.03665,1.041547,-6.03229,0.08311974,-0.6704355,0.1496912,0.7219418,-0.9431462,-0.3207318,0.08721458,False,-1,-1,0,0,0,-1
2026-06-29 15:08:43.758,102.7405,True,22.03633,1.041351,-6.030967,0.08347739,-0.673102,0.147032,0.7199631,-0.9446695,-0.3181363,0.07993054,False,-1,-1,0,0,0,-1
2026-06-29 15:08:43.813,102.7942,True,22.03543,1.04119,-6.028809,0.08447601,-0.6716717,0.1453377,0.7215247,-0.9447003,-0.3171415,0.08344173,False,-1,-1,0,0,0,-1
2026-06-29 15:08:43.850,102.8339,True,22.03451,1.041172,-6.027626,0.08008552,-0.6486948,0.1459834,0.7426104,-0.9400727,-0.308342,0.1455627,False,-1,-1,0,0,0,-1
2026-06-29 15:08:43.889,102.8736,True,22.03358,1.041041,-6.026941,0.08257424,-0.6548247,0.1452407,0.737083,-0.9413339,-0.3119425,0.1287722,False,-1,-1,0,0,0,-1
2026-06-29 15:08:43.925,102.9081,True,22.03236,1.040744,-6.026416,0.08463955,-0.6535296,0.1458615,0.7378752,-0.9397551,-0.3155565,0.1314704,False,-1,-1,0,0,0,-1
2026-06-29 15:08:43.975,102.9584,True,22.03094,1.040787,-6.026531,0.07704217,-0.6512347,0.1385734,0.7421289,-0.9452482,-0.294838,0.1399157,False,-1,-1,0,0,0,-1
2026-06-29 15:08:44.016,102.9986,True,22.02979,1.040729,-6.026752,0.07481942,-0.6546133,0.1349516,0.7400485,-0.948697,-0.2874222,0.1317671,False,-1,-1,0,0,0,-1
2026-06-29 15:08:44.057,103.04,True,22.02911,1.040517,-6.027042,0.08155981,-0.6510504,0.1417313,0.7412109,-0.9420121,-0.3054545,0.1389626,False,-1,-1,0,0,0,-1
2026-06-29 15:08:44.106,103.0892,True,22.02833,1.040333,-6.02772,0.08578651,-0.6486201,0.145753,0.742084,-0.937654,-0.3163983,0.1438652,False,-1,-1,0,0,0,-1
2026-06-29 15:08:44.145,103.1255,True,22.02823,1.040381,-6.02856,0.08416766,-0.6458035,0.144892,0.7448893,-0.9377137,-0.3125346,0.1517074,False,-1,-1,0,0,0,-1
2026-06-29 15:08:44.182,103.1655,True,22.02824,1.040746,-6.030059,0.08003125,-0.6466578,0.1415505,0.7452465,-0.9411818,-0.3023554,0.1508574,False,-1,-1,0,0,0,-1
2026-06-29 15:08:44.219,103.2028,True,22.02825,1.041085,-6.031528,0.0817658,-0.646297,0.1445966,0.7447862,-0.9390599,-0.3087007,0.1512291,False,-1,-1,0,0,0,-1
2026-06-29 15:08:44.272,103.2564,True,22.02902,1.041544,-6.034192,0.08008803,-0.647201,0.1446312,0.7441766,-0.940097,-0.3064101,0.1494335,False,-1,-1,0,0,0,-1
2026-06-29 15:08:44.315,103.2971,True,22.02962,1.041867,-6.036247,0.07309148,-0.6427161,0.14107,0.7494485,-0.942743,-0.2908925,0.1631474,False,-1,-1,0,0,0,-1
2026-06-29 15:08:44.356,103.3412,True,22.03086,1.042468,-6.03967,0.06965291,-0.6413931,0.141186,0.7508861,-0.9435582,-0.2857143,0.1675268,False,-1,-1,0,0,0,-1
2026-06-29 15:08:44.392,103.3758,True,22.03195,1.04319,-6.043831,0.06364323,-0.6366343,0.1404664,0.7555895,-0.944189,-0.2750278,0.1812927,False,-1,-1,0,0,0,-1
2026-06-29 15:08:44.448,103.425,True,22.03292,1.04402,-6.049083,0.05799751,-0.6358775,0.1404619,0.7566813,-0.9460202,-0.2664044,0.1845922,False,-1,-1,0,0,0,-1
2026-06-29 15:08:44.489,103.4718,True,22.03361,1.044415,-6.054721,0.05748345,-0.6313403,0.1446657,0.7597217,-0.942654,-0.2700094,0.1962102,False,-1,-1,0,0,0,-1
2026-06-29 15:08:44.530,103.5119,True,22.03418,1.044422,-6.060371,0.05510602,-0.634302,0.1445043,0.7574582,-0.9449883,-0.2667997,0.1892485,False,-1,-1,0,0,0,-1
2026-06-29 15:08:44.583,103.5664,True,22.03459,1.04455,-6.067789,0.05269597,-0.6289803,0.1454731,0.7618691,-0.9430696,-0.2632943,0.2032138,False,-1,-1,0,0,0,-1
2026-06-29 15:08:44.622,103.6046,True,22.03504,1.044648,-6.072423,0.05003283,-0.624746,0.1448729,0.7656377,-0.9421613,-0.2576315,0.2143784,False,-1,-1,0,0,0,-1
2026-06-29 15:08:44.659,103.6417,True,22.03596,1.044237,-6.077875,0.04649512,-0.6264029,0.1436077,0.7647447,-0.9447225,-0.2510263,0.2109152,False,-1,-1,0,0,0,-1
2026-06-29 15:08:44.697,103.6808,True,22.03601,1.044104,-6.08206,0.04308314,-0.626681,0.1427547,0.7648764,-0.9463663,-0.2448299,0.2108296,False,-1,-1,0,0,0,-1
2026-06-29 15:08:44.750,103.7336,True,22.03622,1.043772,-6.088799,0.04027364,-0.6233199,0.1432505,0.7676781,-0.9454796,-0.2404162,0.2197006,False,-1,-1,0,0,0,-1
2026-06-29 15:08:44.788,103.7718,True,22.03634,1.043608,-6.092476,0.03929827,-0.6233473,0.1437724,0.7676088,-0.9456738,-0.2395717,0.2197875,False,-1,-1,0,0,0,-1
2026-06-29 15:08:44.829,103.8115,True,22.03633,1.043374,-6.096945,0.05559057,-0.638946,0.1563969,0.751131,-0.9424759,-0.2833699,0.1773154,False,-1,-1,0,0,0,-1
2026-06-29 15:08:44.867,103.8508,True,22.03619,1.04336,-6.10007,0.05300546,-0.6365829,0.1553171,0.7535444,-0.9429216,-0.2776284,0.1839054,False,-1,-1,0,0,0,-1
2026-06-29 15:08:44.913,103.8973,True,22.03592,1.043074,-6.104981,0.05343949,-0.6362865,0.1569397,0.7534279,-0.9420184,-0.2802429,0.1845675,False,-1,-1,0,0,0,-1
2026-06-29 15:08:44.953,103.9357,True,22.03587,1.043085,-6.107435,0.04796595,-0.6341298,0.1540733,0.7562011,-0.9442788,-0.2679487,0.1911573,False,-1,-1,0,0,0,-1
2026-06-29 15:08:44.990,103.9743,True,22.03571,1.042752,-6.110455,0.04811361,-0.6355342,0.1553519,0.7547498,-0.9443895,-0.2700903,0.1875627,False,-1,-1,0,0,0,-1
2026-06-29 15:08:45.024,104.0078,True,22.03563,1.042515,-6.112508,0.04687654,-0.6333075,0.15531,0.7567054,-0.9438936,-0.2676615,0.1934484,False,-1,-1,0,0,0,-1
2026-06-29 15:08:45.073,104.0577,True,22.03585,1.041911,-6.114819,0.04925368,-0.6334609,0.1578127,0.7559078,-0.9421303,-0.2743988,0.1926026,False,-1,-1,0,0,0,-1
2026-06-29 15:08:45.112,104.0938,True,22.03627,1.041636,-6.116675,0.05154726,-0.6418125,0.1583865,0.7485542,-0.944534,-0.2804807,0.1708392,False,-1,-1,0,0,0,-1
2026-06-29 15:08:45.154,104.1363,True,22.03677,1.041349,-6.119107,0.05162951,-0.6410462,0.157356,0.749422,-0.9445797,-0.2791295,0.1727884,False,-1,-1,0,0,0,-1
2026-06-29 15:08:45.192,104.1756,True,22.03753,1.041047,-6.121271,0.04895083,-0.6421613,0.1540132,0.7493415,-0.947318,-0.2711644,0.1704655,False,-1,-1,0,0,0,-1
2026-06-29 15:08:45.241,104.2251,True,22.03844,1.040821,-6.12278,0.05469241,-0.6418845,0.1585278,0.7482392,-0.9432258,-0.2853591,0.1699861,False,-1,-1,0,0,0,-1
2026-06-29 15:08:45.281,104.2647,True,22.03937,1.040599,-6.1241,0.05327306,-0.6404563,0.1574698,0.7497874,-0.9436342,-0.2815919,0.1739555,False,-1,-1,0,0,0,-1
2026-06-29 15:08:45.320,104.3026,True,22.04,1.040628,-6.124923,0.05016317,-0.638639,0.1553273,0.7519956,-0.9449239,-0.2738411,0.1792477,False,-1,-1,0,0,0,-1
2026-06-29 15:08:45.361,104.3419,True,22.04098,1.040471,-6.125865,0.05082994,-0.6390398,0.1554873,0.7515771,-0.9447685,-0.2751303,0.1780888,False,-1,-1,0,0,0,-1
2026-06-29 15:08:45.394,104.3765,True,22.04162,1.040356,-6.12647,0.04943053,-0.6410137,0.15356,0.7503848,-0.9468328,-0.271052,0.173316,False,-1,-1,0,0,0,-1
2026-06-29 15:08:45.431,104.4151,True,22.04205,1.040353,-6.127186,0.05062465,-0.6424526,0.1537987,0.7490247,-0.9468536,-0.2734549,0.1693836,False,-1,-1,0,0,0,-1
2026-06-29 15:08:45.469,104.4508,True,22.04245,1.040254,-6.127948,0.05604773,-0.6344666,0.1584682,0.7544525,-0.9395863,-0.2856562,0.1886216,False,-1,-1,0,0,0,-1
2026-06-29 15:08:45.511,104.494,True,22.04263,1.039947,-6.129158,0.05538321,-0.6271977,0.1575108,0.7607537,-0.936839,-0.2818467,0.2071114,False,-1,-1,0,0,0,-1
2026-06-29 15:08:45.563,104.5438,True,22.04218,1.039434,-6.130649,0.0547217,-0.6292314,0.1547145,0.7596953,-0.9391156,-0.277846,0.2021468,False,-1,-1,0,0,0,-1
2026-06-29 15:08:45.605,104.5867,True,22.04178,1.039047,-6.131577,0.05496466,-0.6317346,0.1548778,0.7575639,-0.9401332,-0.2789618,0.1957805,False,-1,-1,0,0,0,-1
2026-06-29 15:08:45.646,104.629,True,22.04135,1.039075,-6.132072,0.0583443,-0.6306576,0.158979,0.757359,-0.9367173,-0.2888978,0.1977338,False,-1,-1,0,0,0,-1
2026-06-29 15:08:45.697,104.6811,True,22.04062,1.039673,-6.131926,0.05840161,-0.6299415,0.1628925,0.7571189,-0.9348549,-0.2936594,0.199526,False,-1,-1,0,0,0,-1
2026-06-29 15:08:45.740,104.721,True,22.04011,1.04078,-6.13171,0.04515418,-0.6312348,0.1579624,0.7579918,-0.9426763,-0.2678758,0.1990074,False,-1,-1,0,0,0,-1
2026-06-29 15:08:45.778,104.7624,True,22.03951,1.041499,-6.1314,0.04309644,-0.6271533,0.1609902,0.7608571,-0.9404719,-0.2675115,0.2096428,False,-1,-1,0,0,0,-1
2026-06-29 15:08:45.815,104.7988,True,22.03868,1.042307,-6.130858,0.03635595,-0.6264012,0.1603188,0.7619697,-0.9429402,-0.256252,0.2125996,False,-1,-1,0,0,0,-1
2026-06-29 15:08:45.867,104.8497,True,22.03805,1.042695,-6.130306,0.04240596,-0.6209453,0.167077,0.764666,-0.9354612,-0.2723441,0.2252574,False,-1,-1,0,0,0,-1
2026-06-29 15:08:45.907,104.8903,True,22.03762,1.042578,-6.129717,0.04158065,-0.6246166,0.1652743,0.7621086,-0.938307,-0.2698441,0.2162502,False,-1,-1,0,0,0,-1
2026-06-29 15:08:45.945,104.9286,True,22.03743,1.042374,-6.129341,0.0435597,-0.6266206,0.1659039,0.7602138,-0.9382778,-0.274147,0.2108984,False,-1,-1,0,0,0,-1
2026-06-29 15:08:46.012,104.9678,True,22.03758,1.042395,-6.129443,0.05006313,-0.6211725,0.1703598,0.7632928,-0.9312156,-0.2880713,0.2232769,False,-1,-1,0,0,0,-1
2026-06-29 15:08:46.044,105.0274,True,22.03799,1.042203,-6.130691,0.002315881,-0.637023,0.1292773,0.7599236,-0.9675786,-0.1682249,0.1883927,False,-1,-1,0,0,0,-1
2026-06-29 15:08:46.086,105.0677,True,22.03764,1.042089,-6.132018,-0.04372548,-0.653475,0.09117489,0.7501638,-0.9883998,-0.05355848,0.1421169,False,-1,-1,0,0,0,-1
2026-06-29 15:08:46.126,105.1092,True,22.03686,1.042006,-6.133872,-0.03884849,-0.6586968,0.09818416,0.7449625,-0.9890375,-0.07146586,0.1292185,False,-1,-1,0,0,0,-1
2026-06-29 15:08:46.179,105.1609,True,22.03544,1.042015,-6.136746,-0.03037199,-0.6502032,0.1116856,0.7508926,-0.9832497,-0.09962439,0.1526268,False,-1,-1,0,0,0,-1
2026-06-29 15:08:46.213,105.1985,True,22.0346,1.042087,-6.138494,-0.03708818,-0.6482586,0.109525,0.7525887,-0.9838682,-0.08617669,0.1567706,False,-1,-1,0,0,0,-1
2026-06-29 15:08:46.257,105.2383,True,22.03412,1.042386,-6.139933,-0.03699002,-0.6459926,0.112759,0.7540628,-0.9825799,-0.0898974,0.1626505,False,-1,-1,0,0,0,-1
2026-06-29 15:08:46.295,105.2791,True,22.03385,1.042482,-6.141337,-0.03668557,-0.6469985,0.1156236,0.7527804,-0.982579,-0.09438417,0.1600943,False,-1,-1,0,0,0,-1
2026-06-29 15:08:46.346,105.3289,True,22.03332,1.042615,-6.142508,-0.04039911,-0.6459312,0.1150009,0.7536017,-0.9828417,-0.08767565,0.1622815,False,-1,-1,0,0,0,-1
2026-06-29 15:08:46.382,105.3662,True,22.03303,1.042786,-6.143085,-0.03101471,-0.6413987,0.1242436,0.7564452,-0.9780726,-0.1124575,0.1752915,False,-1,-1,0,0,0,-1
2026-06-29 15:08:46.422,105.406,True,22.03271,1.04311,-6.143258,-0.03097789,-0.6408445,0.1258836,0.7566453,-0.9775831,-0.1144651,0.1767173,False,-1,-1,0,0,0,-1
2026-06-29 15:08:46.459,105.4418,True,22.03226,1.043211,-6.14349,-0.03110009,-0.6434948,0.1273149,0.7541474,-0.9784988,-0.1169448,0.1698945,False,-1,-1,0,0,0,-1
2026-06-29 15:08:46.511,105.4929,True,22.03198,1.043675,-6.143669,-0.07289621,-0.5473952,0.1035486,0.8272378,-0.9207487,0.007240951,0.3900892,False,-1,-1,0,0,0,-1
2026-06-29 15:08:46.548,105.532,True,22.03204,1.04412,-6.143598,-0.09251094,-0.5213512,0.09096453,0.8434218,-0.8962682,0.06120255,0.4392694,False,-1,-1,0,0,0,-1
2026-06-29 15:08:46.587,105.5698,True,22.03236,1.044137,-6.143393,-0.0763749,-0.517563,0.1042216,0.8458329,-0.8914635,0.02131836,0.4525909,False,-1,-1,0,0,0,-1
2026-06-29 15:08:46.630,105.6117,True,22.03345,1.043769,-6.142982,-0.08018759,-0.5269,0.09913988,0.8403081,-0.9014162,0.03029096,0.4318927,False,-1,-1,0,0,0,-1
2026-06-29 15:08:46.681,105.6637,True,22.03512,1.043239,-6.143018,-0.05562113,-0.5335755,0.115197,0.8360223,-0.9049768,-0.02993163,0.4244069,False,-1,-1,0,0,0,-1
2026-06-29 15:08:46.724,105.7056,True,22.03637,1.042901,-6.142931,-0.08481415,-0.4747604,0.09345069,0.8710202,-0.8429036,0.05901631,0.5348183,False,-1,-1,0,0,0,-1
2026-06-29 15:08:46.773,105.7564,True,22.03771,1.042532,-6.142957,-0.06271683,-0.4958876,0.1077726,0.8593877,-0.8658377,0.0009099171,0.5003242,False,-1,-1,0,0,0,-1
2026-06-29 15:08:46.822,105.8058,True,22.03875,1.042108,-6.142669,-0.06363637,-0.5139394,0.1035658,0.8491707,-0.8860257,0.001623131,0.4636333,False,-1,-1,0,0,0,-1
2026-06-29 15:08:46.860,105.843,True,22.03909,1.041705,-6.142166,-0.03789959,-0.5293766,0.1190679,0.8391346,-0.8974617,-0.06245784,0.4366481,False,-1,-1,0,0,0,-1
2026-06-29 15:08:46.908,105.8887,True,22.03916,1.041685,-6.140627,-0.03796911,-0.5328261,0.1178265,0.837121,-0.9010274,-0.06199263,0.4293093,False,-1,-1,0,0,0,-1
2026-06-29 15:08:46.945,105.9283,True,22.03918,1.04169,-6.138474,0.01253628,-0.5729454,0.1507933,0.8055047,-0.9192397,-0.1929887,0.3431528,False,-1,-1,0,0,0,-1
2026-06-29 15:08:46.997,105.98,True,22.03901,1.041641,-6.134777,0.03118551,-0.564701,0.1627455,0.8084889,-0.9029582,-0.2342313,0.3602805,False,-1,-1,0,0,0,-1
2026-06-29 15:08:47.049,106.0306,True,22.03907,1.041394,-6.129186,0.03966744,-0.5754131,0.1613618,0.800805,-0.9087858,-0.2492312,0.3346525,False,-1,-1,0,0,0,-1
2026-06-29 15:08:47.087,106.0711,True,22.03902,1.04112,-6.125227,0.06032176,-0.5776449,0.1715666,0.7957718,-0.8986485,-0.2942138,0.3253753,False,-1,-1,0,0,0,-1
2026-06-29 15:08:47.139,106.1211,True,22.03819,1.040264,-6.118398,0.08738712,-0.7036238,0.161687,0.6863923,-0.9376652,-0.3474973,-0.005446,False,-1,-1,0,0,0,-1
2026-06-29 15:08:47.179,106.1622,True,22.0375,1.039797,-6.114644,0.08901802,-0.6890762,0.1576541,0.7017087,-0.9389933,-0.3422007,0.03449945,False,-1,-1,0,0,0,-1
2026-06-29 15:08:47.219,106.2012,True,22.03667,1.039066,-6.109404,0.09684947,-0.6856983,0.1573823,0.7040376,-0.9350299,-0.3522049,0.04087612,False,-1,-1,0,0,0,-1
2026-06-29 15:08:47.258,106.2408,True,22.03609,1.038545,-6.104444,0.104202,-0.6838804,0.1580008,0.7046171,-0.9308197,-0.3629524,0.04289912,False,-1,-1,0,0,0,-1
2026-06-29 15:08:47.308,106.2922,True,22.03596,1.03799,-6.099174,0.1012224,-0.6821185,0.1495213,0.7085984,-0.9364263,-0.3474346,0.04893665,False,-1,-1,0,0,0,-1
2026-06-29 15:08:47.356,106.3396,True,22.03581,1.037616,-6.093972,0.09301116,-0.640938,0.1444521,0.7481183,-0.9321236,-0.3243363,0.1610948,False,-1,-1,0,0,0,-1
2026-06-29 15:08:47.397,106.3799,True,22.03587,1.037458,-6.088845,0.1007645,-0.6221666,0.1489806,0.7619449,-0.9180894,-0.3389355,0.2055105,False,-1,-1,0,0,0,-1
2026-06-29 15:08:47.447,106.43,True,22.03614,1.036997,-6.08237,0.1025009,-0.6240149,0.1441212,0.7611361,-0.9203753,-0.3359017,0.2001981,False,-1,-1,0,0,0,-1
2026-06-29 15:08:47.480,106.4647,True,22.03623,1.036807,-6.078467,0.1058438,-0.6183437,0.1448828,0.7651517,-0.9155836,-0.341148,0.2128965,False,-1,-1,0,0,0,-1
2026-06-29 15:08:47.516,106.4998,True,22.03649,1.036742,-6.074775,0.1052565,-0.6197901,0.1411976,0.7647514,-0.9182466,-0.3360159,0.2095626,False,-1,-1,0,0,0,-1
2026-06-29 15:08:47.555,106.5396,True,22.03663,1.036314,-6.069769,0.1025784,-0.6201934,0.1351743,0.7658759,-0.9222503,-0.324793,0.2096756,False,-1,-1,0,0,0,-1
2026-06-29 15:08:47.606,106.5898,True,22.03672,1.035918,-6.065282,0.1038811,-0.6172898,0.1329189,0.7684365,-0.9210805,-0.3237511,0.2163241,False,-1,-1,0,0,0,-1
2026-06-29 15:08:47.648,106.6305,True,22.03687,1.035578,-6.061044,0.1029999,-0.6171782,0.127887,0.7694979,-0.92349,-0.3163745,0.2169642,False,-1,-1,0,0,0,-1
2026-06-29 15:08:47.687,106.6704,True,22.03667,1.035259,-6.058095,0.1097786,-0.6180612,0.1301234,0.7674744,-0.9201227,-0.3293529,0.2118979,False,-1,-1,0,0,0,-1
2026-06-29 15:08:47.728,106.7102,True,22.03624,1.034876,-6.054832,0.1097773,-0.6151695,0.1273043,0.7702656,-0.9197376,-0.3257428,0.2190308,False,-1,-1,0,0,0,-1
2026-06-29 15:08:47.762,106.7449,True,22.0358,1.034418,-6.052818,0.112409,-0.6166022,0.1278807,0.7686433,-0.9191445,-0.3305078,0.2143318,False,-1,-1,0,0,0,-1
2026-06-29 15:08:47.800,106.7836,True,22.03488,1.033905,-6.050027,0.1155577,-0.6140243,0.1307042,0.7697643,-0.9151002,-0.3384154,0.219241,False,-1,-1,0,0,0,-1
2026-06-29 15:08:47.840,106.822,True,22.03479,1.033337,-6.048778,0.1163025,-0.6179503,0.130084,0.766609,-0.9171942,-0.3390881,0.2092222,False,-1,-1,0,0,0,-1
2026-06-29 15:08:47.874,106.8568,True,22.03478,1.033139,-6.047724,0.1185899,-0.6181327,0.1308765,0.7659764,-0.9159088,-0.3434722,0.2076968,False,-1,-1,0,0,0,-1
2026-06-29 15:08:47.926,106.9082,True,22.03499,1.032633,-6.046267,0.1237283,-0.6179605,0.1333023,0.7648834,-0.9123489,-0.3540266,0.2056322,False,-1,-1,0,0,0,-1
2026-06-29 15:08:47.961,106.9458,True,22.03524,1.032458,-6.045621,0.1194948,-0.620234,0.1283274,0.7645671,-0.9177521,-0.3419097,0.2020616,False,-1,-1,0,0,0,-1
2026-06-29 15:08:48.003,106.9852,True,22.03563,1.032369,-6.044971,0.119581,-0.6175518,0.1278258,0.7668055,-0.9165132,-0.3412689,0.2086604,False,-1,-1,0,0,0,-1
2026-06-29 15:08:48.040,107.0224,True,22.03604,1.032541,-6.045,0.1199407,-0.6174474,0.1270649,0.7669599,-0.9166343,-0.3408912,0.2087459,False,-1,-1,0,0,0,-1
2026-06-29 15:08:48.078,107.0602,True,22.03665,1.032285,-6.044914,0.1186795,-0.6134797,0.1259705,0.7705124,-0.9154871,-0.3374488,0.2191157,False,-1,-1,0,0,0,-1
2026-06-29 15:08:48.116,107.0989,True,22.0371,1.032161,-6.044921,0.115662,-0.6156524,0.121491,0.7699574,-0.9199485,-0.327702,0.2151887,False,-1,-1,0,0,0,-1
2026-06-29 15:08:48.155,107.1389,True,22.03781,1.032111,-6.045492,0.1401315,-0.6142563,0.1407406,0.7637045,-0.8987761,-0.3869396,0.2061046,False,-1,-1,0,0,0,-1
2026-06-29 15:08:48.193,107.1752,True,22.03839,1.031999,-6.045825,0.1553875,-0.6152529,0.1522131,0.7577268,-0.8850831,-0.4227816,0.1946373,False,-1,-1,0,0,0,-1
2026-06-29 15:08:48.247,107.2309,True,22.03917,1.0323,-6.046834,0.1483265,-0.6150742,0.1464361,0.7604207,-0.8919894,-0.4057192,0.199366,False,-1,-1,0,0,0,-1
2026-06-29 15:08:48.287,107.27,True,22.03927,1.032597,-6.047369,0.1521381,-0.6130997,0.1500313,0.7605613,-0.8869487,-0.4153889,0.2019255,False,-1,-1,0,0,0,-1
2026-06-29 15:08:48.323,107.3068,True,22.03918,1.03267,-6.047946,0.1523699,-0.6159524,0.1499306,0.7582262,-0.8883727,-0.4157618,0.1947722,False,-1,-1,0,0,0,-1
2026-06-29 15:08:48.366,107.3469,True,22.03905,1.032764,-6.048422,0.1491708,-0.6143972,0.1484203,0.760418,-0.8901175,-0.4092424,0.2005282,False,-1,-1,0,0,0,-1
2026-06-29 15:08:48.419,107.4019,True,22.03874,1.032786,-6.048663,0.1510685,-0.6154515,0.1503639,0.7588072,-0.8885877,-0.4143471,0.1967955,False,-1,-1,0,0,0,-1
2026-06-29 15:08:48.461,107.4421,True,22.03867,1.03271,-6.049034,0.1485903,-0.6149045,0.1482276,0.7601591,-0.8908002,-0.4081961,0.1996267,False,-1,-1,0,0,0,-1
2026-06-29 15:08:48.497,107.4817,True,22.03857,1.032727,-6.049297,0.1498909,-0.6145944,0.1494291,0.7599193,-0.8892882,-0.4114865,0.1996129,False,-1,-1,0,0,0,-1
2026-06-29 15:08:48.551,107.5348,True,22.03857,1.032736,-6.049528,0.1523705,-0.6140246,0.1511435,0.7595477,-0.8867024,-0.4170769,0.199514,False,-1,-1,0,0,0,-1
2026-06-29 15:08:48.590,107.5729,True,22.03845,1.03267,-6.049526,0.1501347,-0.6172814,0.1483088,0.75791,-0.891155,-0.4106738,0.1928464,False,-1,-1,0,0,0,-1
2026-06-29 15:08:48.627,107.6109,True,22.03856,1.032584,-6.049487,0.1720476,-0.5993594,0.170201,0.76302,-0.8560811,-0.4665747,0.2223359,False,-1,-1,0,0,0,-1
2026-06-29 15:08:48.667,107.6498,True,22.03858,1.032489,-6.049531,0.2497728,-0.5985634,0.2315055,0.7250798,-0.7523648,-0.6393518,0.1586708,False,-1,-1,0,0,0,-1
2026-06-29 15:08:48.721,107.704,True,22.03882,1.032605,-6.049934,0.253739,-0.6032677,0.2334451,0.7191579,-0.7492212,-0.6466165,0.1433693,False,-1,-1,0,0,0,-1
2026-06-29 15:08:48.764,107.7469,True,22.03896,1.032581,-6.050062,0.2512605,-0.6030135,0.2312156,0.7209594,-0.7533056,-0.6411494,0.1464858,False,-1,-1,0,0,0,-1
2026-06-29 15:08:48.801,107.7837,True,20.43393,1.032658,-2.5813,0.2498022,-0.6067891,0.2288831,0.71904,-0.7582601,-0.637003,0.1388118,False,-1,-1,0,0,0,-1
2026-06-29 15:08:48.846,107.8276,True,20.43379,1.032645,-2.581158,0.257203,-0.6069939,0.2344673,0.714444,-0.7467149,-0.6521546,0.13081,False,-1,-1,0,0,0,-1
2026-06-29 15:08:48.895,107.8782,True,20.43361,1.03258,-2.580876,0.252393,-0.6079378,0.2300187,0.7167991,-0.7554282,-0.6415042,0.1334189,False,-1,-1,0,0,0,-1
2026-06-29 15:08:48.936,107.9181,True,20.43321,1.032547,-2.58075,0.2512137,-0.607524,0.2284734,0.7180572,-0.7576827,-0.6383777,0.1356125,False,-1,-1,0,0,0,-1
2026-06-29 15:08:48.972,107.9559,True,20.43286,1.032412,-2.580368,0.2532063,-0.607171,0.2292422,0.7174106,-0.7550907,-0.6416842,0.1344599,False,-1,-1,0,0,0,-1
2026-06-29 15:08:49.011,107.9939,True,20.43238,1.032054,-2.579899,0.2570674,-0.6027414,0.2317443,0.7189671,-0.7475547,-0.6490098,0.1412382,False,-1,-1,0,0,0,-1
2026-06-29 15:08:49.063,108.0461,True,20.43183,1.031805,-2.579285,0.144295,-0.5082164,0.1630807,0.8332466,-0.7998756,-0.4062271,0.4417901,False,-1,-1,0,0,0,-1
2026-06-29 15:08:49.097,108.0814,True,20.43142,1.031566,-2.57889,0.1420334,-0.5151443,0.1586188,0.8302367,-0.8103251,-0.3992659,0.4289056,False,-1,-1,0,0,0,-1
2026-06-29 15:08:49.148,108.1319,True,20.43117,1.031334,-2.578085,0.1439748,-0.5175533,0.1584212,0.8284398,-0.8119062,-0.4025318,0.4228197,False,-1,-1,0,0,0,-1
2026-06-29 15:08:49.197,108.181,True,20.4309,1.031383,-2.577701,0.1401137,-0.5209614,0.1539277,0.8278126,-0.8193821,-0.3923565,0.4179347,False,-1,-1,0,0,0,-1
2026-06-29 15:08:49.235,108.2171,True,20.43076,1.031293,-2.576827,0.1409435,-0.5186577,0.1541423,0.8290774,-0.816564,-0.3936004,0.4222582,False,-1,-1,0,0,0,-1
2026-06-29 15:08:49.275,108.2568,True,20.43075,1.03115,-2.576261,0.141076,-0.5158798,0.1542728,0.8307621,-0.8136183,-0.3935735,0.4279312,False,-1,-1,0,0,0,-1
2026-06-29 15:08:49.316,108.298,True,20.43084,1.030974,-2.575633,0.1132486,-0.546071,0.1239917,0.8207359,-0.8682764,-0.3213109,0.3779624,False,-1,-1,0,0,0,-1
2026-06-29 15:08:49.366,108.3483,True,20.43097,1.03086,-2.575208,0.107454,-0.543811,0.1195992,0.8236622,-0.8701302,-0.3070904,0.3854463,False,-1,-1,0,0,0,-1
2026-06-29 15:08:49.408,108.3885,True,20.43057,1.030417,-2.574853,0.1102487,-0.5435671,0.1216203,0.8231577,-0.8680659,-0.3137216,0.38476,False,-1,-1,0,0,0,-1
2026-06-29 15:08:49.447,108.4298,True,20.43049,1.030239,-2.574863,0.1105303,-0.5443331,0.1216822,0.8226044,-0.8686424,-0.3143168,0.3829691,False,-1,-1,0,0,0,-1
2026-06-29 15:08:49.486,108.47,True,20.43034,1.030248,-2.575215,0.108031,-0.5438192,0.1204445,0.823458,-0.8696011,-0.308918,0.38518,False,-1,-1,0,0,0,-1
2026-06-29 15:08:49.540,108.5237,True,20.42975,1.029983,-2.575893,0.1091208,-0.5479277,0.1215775,0.8204187,-0.872527,-0.3122809,0.3757357,False,-1,-1,0,0,0,-1
2026-06-29 15:08:49.577,108.56,True,20.42953,1.030048,-2.576688,0.1061468,-0.5494128,0.119845,0.8200705,-0.8756722,-0.3057846,0.3737568,False,-1,-1,0,0,0,-1
2026-06-29 15:08:49.615,108.5984,True,20.4291,1.029939,-2.577331,0.1067623,-0.5536385,0.1200421,0.8171145,-0.8791401,-0.3073939,0.3641725,False,-1,-1,0,0,0,-1
2026-06-29 15:08:49.664,108.646,True,20.42904,1.030201,-2.577788,0.1059311,-0.5536324,0.1199092,0.8172464,-0.8795038,-0.3059148,0.3645394,False,-1,-1,0,0,0,-1
2026-06-29 15:08:49.712,108.696,True,20.42891,1.030326,-2.578027,0.09640265,-0.5432162,0.114931,0.8260833,-0.8753244,-0.284138,0.3912453,False,-1,-1,0,0,0,-1
2026-06-29 15:08:49.752,108.7354,True,20.42923,1.030695,-2.578187,0.07984934,-0.5477749,0.1001449,0.8267634,-0.8897675,-0.2417468,0.3871334,True,0.2730712,0.02286817,17.49151,0.2325274,-1.3,3.301671
2026-06-29 15:08:49.789,108.773,True,20.42937,1.030769,-2.578229,0.07850388,-0.5475932,0.09879025,0.8271755,-0.8904006,-0.2380667,0.3879576,True,0.2737582,0.02688447,17.49571,0.2463952,-1.3,3.294766
2026-06-29 15:08:49.831,108.8133,True,20.42952,1.03089,-2.578264,0.08077234,-0.5433103,0.1015241,0.8294472,-0.8848937,-0.244311,0.3965794,True,0.2870949,0.02602321,17.57731,0.2434213,-1.3,3.223224
2026-06-29 15:08:49.868,108.8503,True,20.42961,1.030903,-2.578246,0.08057686,-0.5423523,0.10152,0.8300935,-0.8840457,-0.2438918,0.3987227,True,0.2900663,0.02764511,17.59549,0.2490215,-1.3,3.205853
2026-06-29 15:08:49.911,108.8935,True,20.42994,1.030897,-2.57828,0.08635389,-0.5422688,0.1059866,0.8290081,-0.8807857,-0.2581226,0.3969752,True,0.2897837,0.01336931,17.59376,0.1997291,-1.3,3.220051
2026-06-29 15:08:49.948,108.9302,True,20.43011,1.030838,-2.578312,0.0900057,-0.5491471,0.1071445,0.8239275,-0.8856276,-0.2659925,0.3806729,False,-1,-1,0,0,0,-1
2026-06-29 15:08:49.989,108.9711,True,20.43005,1.030856,-2.57844,0.09250563,-0.6434902,0.08662142,0.7548906,-0.9555035,-0.2511433,0.1547261,False,-1,-1,0,0,0,-1
2026-06-29 15:08:50.029,109.0121,True,20.42996,1.030937,-2.578476,0.09265681,-0.6308481,0.09030586,0.7650427,-0.9485164,-0.2557113,0.1868909,False,-1,-1,0,0,0,-1
2026-06-29 15:08:50.077,109.0511,True,20.42984,1.030984,-2.578509,0.09163667,-0.6303028,0.0896655,0.76569,-0.9487998,-0.2533634,0.1886422,False,-1,-1,0,0,0,-1
2026-06-29 15:08:50.114,109.0973,True,20.42986,1.030992,-2.578469,0.091359,-0.6302745,0.08955589,0.7657593,-0.9489137,-0.2528076,0.1888151,False,-1,-1,0,0,0,-1
2026-06-29 15:08:50.153,109.1351,True,20.43001,1.031068,-2.578474,0.09123909,-0.6291581,0.08979084,0.7666637,-0.9483204,-0.2528846,0.191671,False,-1,-1,0,0,0,-1
2026-06-29 15:08:50.188,109.1702,True,20.43002,1.030919,-2.578674,0.09168936,-0.6316227,0.08968325,0.7645932,-0.9494229,-0.2535021,0.1852916,False,-1,-1,0,0,0,-1
2026-06-29 15:08:50.231,109.2147,True,20.42985,1.031009,-2.579088,0.09186476,-0.630881,0.09067855,0.765067,-0.948672,-0.2549801,0.1871002,False,-1,-1,0,0,0,-1
2026-06-29 15:08:50.271,109.2533,True,20.4296,1.031014,-2.579571,0.08898386,-0.6299421,0.0890874,0.7663669,-0.9496789,-0.2486284,0.1905096,False,-1,-1,0,0,0,-1
2026-06-29 15:08:50.312,109.2951,True,20.42944,1.030998,-2.579926,0.09108476,-0.6316134,0.09066482,0.7645574,-0.949293,-0.2538093,0.1855361,False,-1,-1,0,0,0,-1
2026-06-29 15:08:50.362,109.3456,True,20.42943,1.031149,-2.579996,0.09240638,-0.6136131,0.09639281,0.7782342,-0.9372548,-0.2621234,0.22988,False,-1,-1,0,0,0,-1
2026-06-29 15:08:50.401,109.3832,True,20.42933,1.031221,-2.580196,0.1107379,-0.6006369,0.1147724,0.7834538,-0.9157231,-0.3113892,0.2539448,False,-1,-1,0,0,0,-1
2026-06-29 15:08:50.440,109.4226,True,20.42901,1.031238,-2.58016,0.1067832,-0.6013839,0.1116207,0.7838849,-0.9189931,-0.3016652,0.2538694,False,-1,-1,0,0,0,-1
2026-06-29 15:08:50.478,109.4615,True,20.42881,1.031108,-2.580208,0.106749,-0.6052514,0.1102455,0.7811027,-0.9219897,-0.3002164,0.2445509,False,-1,-1,0,0,0,-1
2026-06-29 15:08:50.512,109.4956,True,20.42878,1.031066,-2.580208,0.1074357,-0.6054555,0.1103151,0.7808405,-0.9218248,-0.301362,0.2437624,False,-1,-1,0,0,0,-1
2026-06-29 15:08:50.552,109.5348,True,20.42889,1.031045,-2.580315,0.1038045,-0.6007089,0.1086846,0.7852141,-0.9208063,-0.2935931,0.2567469,False,-1,-1,0,0,0,-1
2026-06-29 15:08:50.594,109.5753,True,20.42855,1.031016,-2.580441,0.1043764,-0.6009281,0.1096825,0.7848316,-0.9203583,-0.2956584,0.2559819,False,-1,-1,0,0,0,-1
2026-06-29 15:08:50.630,109.6138,True,20.42866,1.031089,-2.58041,0.1053875,-0.6005868,0.1106999,0.7848149,-0.9193662,-0.2983892,0.2563779,False,-1,-1,0,0,0,-1
2026-06-29 15:08:50.666,109.6485,True,20.42877,1.030956,-2.580411,0.1052303,-0.6004645,0.1104352,0.7849669,-0.9194472,-0.2978294,0.256738,False,-1,-1,0,0,0,-1
2026-06-29 15:08:50.711,109.6893,True,20.42896,1.031024,-2.580274,0.1066573,-0.6042604,0.1109551,0.7817817,-0.921131,-0.3008571,0.2469872,False,-1,-1,0,0,0,-1
2026-06-29 15:08:50.751,109.7333,True,20.42908,1.031086,-2.580206,0.1006568,-0.6005165,0.1068709,0.7860196,-0.9225208,-0.2865919,0.2584963,False,-1,-1,0,0,0,-1
2026-06-29 15:08:50.790,109.7729,True,20.42899,1.031083,-2.580184,0.07611047,-0.6003375,0.08672047,0.7913796,-0.9369889,-0.2245876,0.2676041,False,-1,-1,0,0,0,-1
2026-06-29 15:08:50.823,109.8067,True,20.42868,1.031295,-2.58035,0.07455336,-0.5957286,0.08716717,0.7949536,-0.9341558,-0.2223888,0.2790985,False,-1,-1,0,0,0,-1
2026-06-29 15:08:50.865,109.8473,True,16.57837,1.031611,-2.052712,0.06559025,-0.5964302,0.0808242,0.7958872,-0.9387797,-0.2008169,0.2799379,False,-1,-1,0,0,0,-1
2026-06-29 15:08:50.908,109.8907,True,16.5785,1.032197,-2.053424,0.06744095,-0.5960857,0.08427204,0.795633,-0.9371641,-0.2077832,0.2802672,False,-1,-1,0,0,0,-1
2026-06-29 15:08:50.948,109.9305,True,16.57885,1.032799,-2.053771,0.06827918,-0.5896332,0.08996949,0.7997351,-0.9308145,-0.2153085,0.2953413,False,-1,-1,0,0,0,-1
2026-06-29 15:08:51.003,109.9851,True,16.57988,1.033873,-2.054531,0.05638196,-0.5905352,0.08707944,0.8003165,-0.9354107,-0.1930938,0.2961785,False,-1,-1,0,0,0,-1
2026-06-29 15:08:51.043,110.0259,True,16.58069,1.03464,-2.054949,0.06530112,-0.5941873,0.09928676,0.7954995,-0.9323843,-0.2218839,0.2853543,False,-1,-1,0,0,0,-1
2026-06-29 15:08:51.080,110.0631,True,16.58249,1.035807,-2.055003,0.0420465,-0.5890567,0.08849063,0.8021308,-0.9375596,-0.1717056,0.3024885,False,-1,-1,0,0,0,-1
2026-06-29 15:08:51.129,110.1138,True,16.58494,1.0366,-2.054544,0.04980153,-0.5991117,0.09793957,0.7930907,-0.9405447,-0.1963477,0.27717,False,-1,-1,0,0,0,-1
2026-06-29 15:08:51.167,110.1497,True,16.58744,1.037496,-2.054192,0.06118217,-0.5980995,0.1123226,0.7911494,-0.9326279,-0.2311686,0.2770674,False,-1,-1,0,0,0,-1
2026-06-29 15:08:51.204,110.1891,True,16.58912,1.037954,-2.05389,0.03600026,-0.5853955,0.09901928,0.8038727,-0.9340374,-0.1738101,0.3120323,False,-1,-1,0,0,0,-1
2026-06-29 15:08:51.242,110.2256,True,16.59121,1.038638,-2.053409,0.02779027,-0.5899892,0.09710406,0.8010688,-0.9398469,-0.1591045,0.3022808,False,-1,-1,0,0,0,-1
2026-06-29 15:08:51.296,110.2788,True,16.59559,1.040497,-2.05254,0.02468171,-0.59011,0.1057279,0.7999892,-0.9389441,-0.1642724,0.302322,False,-1,-1,0,0,0,-1
2026-06-29 15:08:51.336,110.3193,True,16.59955,1.041649,-2.051969,0.01488846,-0.5793625,0.1086822,0.8076544,-0.9326131,-0.1499822,0.3282348,False,-1,-1,0,0,0,-1
2026-06-29 15:08:51.373,110.3575,True,16.603,1.042394,-2.051653,0.01114016,-0.5840248,0.1114683,0.8039688,-0.9365919,-0.1481132,0.3175819,False,-1,-1,0,0,0,-1
2026-06-29 15:08:51.419,110.4002,True,16.6081,1.043553,-2.051129,0.001906588,-0.5889216,0.1122416,0.8003559,-0.9422657,-0.1352548,0.3063354,False,-1,-1,0,0,0,-1
2026-06-29 15:08:51.452,110.4338,True,16.61212,1.044063,-2.051124,-0.001686152,-0.6155958,0.1138159,0.779798,-0.9604646,-0.1374995,0.2420779,False,-1,-1,0,0,0,-1
2026-06-29 15:08:51.492,110.4744,True,16.61771,1.045133,-2.051813,-0.09551927,-0.666058,0.03904274,0.7387277,-0.9915295,0.089116,0.0944856,False,-1,-1,0,0,0,-1
2026-06-29 15:08:51.533,110.5158,True,16.62389,1.046546,-2.052585,-0.02579866,-0.6540191,0.1117533,0.7477331,-0.9838295,-0.1075965,0.143187,False,-1,-1,0,0,0,-1
2026-06-29 15:08:51.576,110.5579,True,16.6283,1.047293,-2.052866,-0.03104742,-0.6576745,0.1148813,0.7438432,-0.9855468,-0.1049202,0.1330006,False,-1,-1,0,0,0,-1
2026-06-29 15:08:51.628,110.6101,True,16.63462,1.047997,-2.053727,-0.03972556,-0.6744862,0.1156805,0.7280854,-0.991358,-0.09820253,0.08698059,False,-1,-1,0,0,0,-1
2026-06-29 15:08:51.668,110.6506,True,16.63905,1.048553,-2.054301,-0.1016082,-0.6690695,0.05896873,0.7338559,-0.9939846,0.07022321,0.08404347,False,-1,-1,0,0,0,-1
2026-06-29 15:08:51.707,110.6896,True,16.64196,1.048741,-2.054277,-0.1030207,-0.6756845,0.05591572,0.7278123,-0.9950638,0.07439667,0.06567454,False,-1,-1,0,0,0,-1
2026-06-29 15:08:51.756,110.7392,True,16.64596,1.048823,-2.05424,-0.04551855,-0.685652,0.1128945,0.7176799,-0.9944347,-0.08947711,0.05561889,False,-1,-1,0,0,0,-1
2026-06-29 15:08:51.796,110.7794,True,16.64786,1.048779,-2.054169,-0.06724317,-0.7135017,0.0902395,0.6915566,-0.9989896,-0.03576715,-0.02721257,False,-1,-1,0,0,0,-1
2026-06-29 15:08:51.828,110.8137,True,16.65022,1.049079,-2.054061,-0.08621249,-0.7475973,0.07194059,0.6545917,-0.9911463,0.005302771,-0.1326687,False,-1,-1,0,0,0,-1
2026-06-29 15:08:51.867,110.8503,True,16.65176,1.049267,-2.054366,-0.08848231,-0.7467077,0.07628713,0.654812,-0.9914064,0.001950197,-0.130803,False,-1,-1,0,0,0,-1
2026-06-29 15:08:51.921,110.9024,True,16.65383,1.050184,-2.054723,-0.09685431,-0.738645,0.0786838,0.6624437,-0.9938632,0.01208226,-0.1099545,False,-1,-1,0,0,0,-1
2026-06-29 15:08:51.967,110.9486,True,16.65607,1.051229,-2.055065,-0.1010583,-0.7376736,0.08887079,0.6616094,-0.9940656,0.002606973,-0.1087502,False,-1,-1,0,0,0,-1
2026-06-29 15:08:52.009,110.9905,True,16.65894,1.05273,-2.055537,-0.1768525,-0.6360323,0.02970411,0.7505357,-0.9652363,0.2276826,0.1283721,False,-1,-1,0,0,0,-1
2026-06-29 15:08:52.046,111.0299,True,16.6625,1.055001,-2.056368,-0.2029384,-0.5802848,0.02837266,0.7882136,-0.9262924,0.2869891,0.244171,False,-1,-1,0,0,0,-1
2026-06-29 15:08:52.099,111.081,True,16.66673,1.057624,-2.056582,-0.2199974,-0.5748267,0.04578432,0.7868159,-0.9247104,0.2935588,0.2423507,False,-1,-1,0,0,0,-1
2026-06-29 15:08:52.136,111.1193,True,16.67155,1.059744,-2.056516,-0.2505538,-0.5425951,0.04277919,0.8006144,-0.8902557,0.3547703,0.2856267,False,-1,-1,0,0,0,-1
2026-06-29 15:08:52.175,111.1587,True,16.67481,1.060495,-2.055957,-0.2012371,-0.5401705,0.1148681,0.8090271,-0.9202565,0.2015157,0.3354389,False,-1,-1,0,0,0,-1
2026-06-29 15:08:52.213,111.1964,True,16.67894,1.061162,-2.055169,-0.290198,-0.5356333,0.04614345,0.7916773,-0.8748789,0.4100544,0.2577642,False,-1,-1,0,0,0,-1
2026-06-29 15:08:52.264,111.2473,True,16.68224,1.060982,-2.054425,-0.2421097,-0.4812776,0.09168372,0.8374658,-0.850502,0.3172665,0.4195096,False,-1,-1,0,0,0,-1
2026-06-29 15:08:52.306,111.2878,True,16.6853,1.060479,-2.053926,-0.292949,-0.4902462,0.04980043,0.8193653,-0.8325595,0.4312355,0.3476791,False,-1,-1,0,0,0,-1
2026-06-29 15:08:52.341,111.3246,True,16.68779,1.060285,-2.053307,-0.2954123,-0.4763864,0.04961401,0.8266354,-0.8169088,0.4411256,0.3715752,False,-1,-1,0,0,0,-1
2026-06-29 15:08:52.379,111.3636,True,16.68941,1.060081,-2.052796,-0.2849481,-0.4701231,0.06131971,0.8330839,-0.8182498,0.4171156,0.3955777,False,-1,-1,0,0,0,-1
2026-06-29 15:08:52.429,111.4137,True,16.69172,1.059935,-2.051683,-0.2890473,-0.4819753,0.06417058,0.8246415,-0.8320104,0.4148635,0.3683029,False,-1,-1,0,0,0,-1
2026-06-29 15:08:52.470,111.451,True,16.69411,1.059763,-2.050789,-0.3003972,-0.4778984,0.05589958,0.8235593,-0.8207394,0.4413612,0.3627492,False,-1,-1,0,0,0,-1
2026-06-29 15:08:52.510,111.4935,True,16.69643,1.059686,-2.050228,-0.3485111,-0.6085401,0.04873748,0.7112269,-0.8995912,0.4364235,0.01643793,False,-1,-1,0,0,0,-1
2026-06-29 15:08:52.548,111.5312,True,16.69774,1.059497,-2.049808,-0.3349661,-0.5935763,0.06085568,0.7292197,-0.9064643,0.4162828,0.07092982,False,-1,-1,0,0,0,-1
2026-06-29 15:08:52.599,111.5821,True,16.69905,1.059181,-2.048978,-0.3311286,-0.5962563,0.06436369,0.7284845,-0.9113522,0.4056895,0.06966452,False,-1,-1,0,0,0,-1
2026-06-29 15:08:52.644,111.6246,True,16.6987,1.058841,-2.048399,-0.327789,-0.5982844,0.06144039,0.7285845,-0.9120803,0.4041263,0.06922039,False,-1,-1,0,0,0,-1
2026-06-29 15:08:52.682,111.6651,True,16.69774,1.058988,-2.047807,-0.3104463,-0.6076571,0.06960046,0.7276894,-0.9275856,0.3672305,0.06875202,False,-1,-1,0,0,0,-1
2026-06-29 15:08:52.732,111.7157,True,16.69445,1.05952,-2.046732,-0.3567208,-0.5184068,-0.01374271,0.7770559,-0.7958575,0.5686327,0.2080092,False,-1,-1,0,0,0,-1
2026-06-29 15:08:52.773,111.7551,True,16.69147,1.06004,-2.045851,-0.335038,-0.5499863,0.007568978,0.7649885,-0.8465382,0.5042747,0.1705292,False,-1,-1,0,0,0,-1
2026-06-29 15:08:52.820,111.8034,True,16.68711,1.060546,-2.044558,-0.3193696,-0.5565003,0.01067119,0.7669398,-0.8604205,0.4779975,0.1766209,False,-1,-1,0,0,0,-1
2026-06-29 15:08:52.862,111.8441,True,16.68253,1.061739,-2.043193,-0.3221904,-0.556941,-0.008086384,0.7654703,-0.8474327,0.5022616,0.1720201,False,-1,-1,0,0,0,-1
2026-06-29 15:08:52.895,111.8776,True,16.67867,1.063904,-2.042022,-0.3669805,-0.5675888,-0.06524737,0.7341056,-0.7854513,0.6128722,0.08633652,False,-1,-1,0,0,0,-1
2026-06-29 15:08:52.936,111.9183,True,16.67276,1.068169,-2.039242,-0.3096993,-0.5590715,-0.02781069,0.7686039,-0.8421832,0.5071685,0.1830508,False,-1,-1,0,0,0,-1
2026-06-29 15:08:52.980,111.963,True,16.66608,1.073963,-2.035326,-0.3252625,-0.5450521,-0.06580319,0.7699302,-0.7964975,0.5725912,0.1942452,False,-1,-1,0,0,0,-1
2026-06-29 15:08:53.018,112.0005,True,16.66042,1.078644,-2.031069,-0.3130429,-0.5444976,-0.06406614,0.7755141,-0.8044202,0.555306,0.211053,False,-1,-1,0,0,0,-1
2026-06-29 15:08:53.066,112.049,True,16.65082,1.08588,-2.022759,-0.3160982,-0.5302638,-0.08411156,0.7821941,-0.7763633,0.5837028,0.2378045,False,-1,-1,0,0,0,-1
2026-06-29 15:08:53.106,112.0889,True,16.64493,1.090335,-2.016814,-0.304491,-0.5545419,-0.07209013,0.7710845,-0.8112959,0.5495307,0.1995371,False,-1,-1,0,0,0,-1
2026-06-29 15:08:53.145,112.1293,True,16.63724,1.096353,-2.007938,-0.3118849,-0.5218099,-0.09709158,0.7880453,-0.7618569,0.5928856,0.2608845,False,-1,-1,0,0,0,-1
2026-06-29 15:08:53.183,112.1673,True,16.63136,1.100667,-2.000339,-0.2808237,-0.5470753,-0.07227647,0.7852533,-0.8185914,0.5201168,0.2436934,False,-1,-1,0,0,0,-1
2026-06-29 15:08:53.233,112.2162,True,16.62225,1.107098,-1.986927,-0.2906018,-0.539261,-0.1009984,0.7839308,-0.7867859,0.5645524,0.2494963,False,-1,-1,0,0,0,-1
2026-06-29 15:08:53.271,112.2542,True,16.61701,1.111366,-1.978517,-0.3352968,-0.5344678,-0.1483026,0.7615291,-0.7145748,0.6692024,0.2038404,False,-1,-1,0,0,0,-1
2026-06-29 15:08:53.312,112.296,True,16.61003,1.116084,-1.967418,-0.3285125,-0.5364754,-0.1552633,0.7616869,-0.7152407,0.6670373,0.2085474,False,-1,-1,0,0,0,-1
2026-06-29 15:08:53.350,112.3325,True,16.60504,1.118127,-1.959886,-0.319256,-0.5307761,-0.1603454,0.7685322,-0.7134546,0.660932,0.2327047,False,-1,-1,0,0,0,-1
2026-06-29 15:08:53.400,112.3824,True,16.59779,1.121333,-1.948113,-0.3114568,-0.5334663,-0.1673142,0.7683843,-0.7155919,0.65715,0.2368167,False,-1,-1,0,0,0,-1
2026-06-29 15:08:53.438,112.4206,True,16.59435,1.122527,-1.942287,-0.311922,-0.5425231,-0.1727827,0.7606047,-0.7175018,0.661976,0.2167467,False,-1,-1,0,0,0,-1
2026-06-29 15:08:53.476,112.4587,True,16.58994,1.122924,-1.936203,-0.2956477,-0.5451819,-0.1711148,0.7655644,-0.7335644,0.6392521,0.2307382,False,-1,-1,0,0,0,-1
2026-06-29 15:08:53.515,112.498,True,16.58758,1.121765,-1.933655,-0.2882196,-0.5965348,-0.1575374,0.7322962,-0.7828695,0.6100773,0.1221512,False,-1,-1,0,0,0,-1
2026-06-29 15:08:53.567,112.5489,True,16.58484,1.119108,-1.930687,-0.198717,-0.7610315,-0.04601412,0.6158128,-0.9190181,0.3147813,-0.2373148,False,-1,-1,0,0,0,-1
2026-06-29 15:08:53.604,112.5888,True,16.58459,1.116427,-1.930226,-0.158749,-0.7967114,-0.009859107,0.5830545,-0.925922,0.2008283,-0.3199007,False,-1,-1,0,0,0,-1
2026-06-29 15:08:53.644,112.6274,True,16.58462,1.113399,-1.929868,-0.1267436,-0.8224378,0.01089844,0.5544487,-0.9147618,0.122619,-0.3849356,False,-1,-1,0,0,0,-1
2026-06-29 15:08:53.684,112.6663,True,16.58541,1.110777,-1.929442,-0.09898308,-0.8136768,0.0200045,0.5724791,-0.935586,0.08077709,-0.3437352,False,-1,-1,0,0,0,-1
2026-06-29 15:08:53.736,112.7187,True,16.58633,1.105682,-1.927858,-0.1005612,-0.8154457,-0.02123924,0.5696356,-0.924742,0.1492054,-0.3501286,False,-1,-1,0,0,0,-1
2026-06-29 15:08:53.779,112.7622,True,16.58748,1.102141,-1.927127,-0.08726109,-0.8248683,-0.03922411,0.5571707,-0.9123395,0.1619481,-0.3760445,False,-1,-1,0,0,0,-1
2026-06-29 15:08:53.821,112.8044,True,16.58833,1.099796,-1.925241,-0.06808444,-0.8271918,-0.05003881,0.5555307,-0.9122471,0.1584294,-0.3777635,False,-1,-1,0,0,0,-1
2026-06-29 15:08:53.871,112.8554,True,16.58799,1.099113,-1.923238,-0.06831492,-0.8254506,-0.08022238,0.5545528,-0.904551,0.2082076,-0.3720712,False,-1,-1,0,0,0,-1
2026-06-29 15:08:53.928,112.9093,True,16.58605,1.098787,-1.920555,-0.04767584,-0.8258778,-0.0846627,0.5554144,-0.909336,0.1928018,-0.3686943,False,-1,-1,0,0,0,-1
2026-06-29 15:08:53.969,112.951,True,16.58296,1.098507,-1.917957,-0.03906181,-0.8303447,-0.09679759,0.5473866,-0.901477,0.2035146,-0.3819962,False,-1,-1,0,0,0,-1
2026-06-29 15:08:54.022,113.0033,True,16.57805,1.097362,-1.916026,-0.02023678,-0.8309814,-0.1012495,0.5466343,-0.9043878,0.1903972,-0.3818792,False,-1,-1,0,0,0,-1
2026-06-29 15:08:54.061,113.0443,True,16.57488,1.096886,-1.914717,-0.0196287,-0.7343128,-0.1194653,0.6679277,-0.9762459,0.2016709,-0.07920122,False,-1,-1,0,0,0,-1
2026-06-29 15:08:54.102,113.0845,True,16.57109,1.095968,-1.913414,0.001062978,-0.7239279,-0.1165951,0.6799507,-0.9847183,0.1673674,-0.04814552,False,-1,-1,0,0,0,-1
2026-06-29 15:08:54.138,113.1223,True,16.56867,1.095275,-1.91267,0.008809946,-0.7424768,-0.1281848,0.6574339,-0.9785173,0.1787646,-0.1026989,False,-1,-1,0,0,0,-1
2026-06-29 15:08:54.187,113.1687,True,16.56612,1.094035,-1.912324,0.02580973,-0.7432949,-0.1334685,0.655006,-0.9806147,0.1646018,-0.1063069,False,-1,-1,0,0,0,-1
2026-06-29 15:08:54.229,113.2103,True,16.5642,1.092831,-1.912217,0.04226106,-0.7518328,-0.1419745,0.6424987,-0.9781033,0.1591769,-0.1340772,False,-1,-1,0,0,0,-1
2026-06-29 15:08:54.268,113.2487,True,16.56248,1.091291,-1.912602,0.06374969,-0.7604176,-0.1423633,0.6304234,-0.9769214,0.1361326,-0.164598,False,-1,-1,0,0,0,-1
2026-06-29 15:08:54.308,113.2912,True,16.56152,1.090077,-1.913344,0.07641704,-0.7606508,-0.1456448,0.6279798,-0.9776059,0.125593,-0.1688582,False,-1,-1,0,0,0,-1
2026-06-29 15:08:54.356,113.3394,True,16.55903,1.087915,-1.915008,-0.09161697,0.7677622,0.1551517,-0.6148785,-0.9725899,0.1255727,-0.1957051,False,-1,-1,0,0,0,-1
2026-06-29 15:08:54.397,113.3786,True,16.55696,1.085963,-1.916224,-0.1015342,0.7638159,0.1593033,-0.6171698,-0.9751577,0.1180291,-0.1874477,False,-1,-1,0,0,0,-1
2026-06-29 15:08:54.439,113.422,True,16.55482,1.084672,-1.916929,0.1080932,-0.7708663,-0.155805,0.6081166,-0.9712361,0.108743,-0.211838,False,-1,-1,0,0,0,-1
2026-06-29 15:08:54.478,113.4596,True,16.55206,1.083154,-1.917712,0.1126273,-0.7689685,-0.1538763,0.6101843,-0.9730861,0.09920529,-0.2079947,False,-1,-1,0,0,0,-1
2026-06-29 15:08:54.538,113.5193,True,16.54909,1.082225,-1.918499,0.1196172,-0.7808959,-0.1427035,0.5962626,-0.9653776,0.08022667,-0.2482133,False,-1,-1,0,0,0,-1
2026-06-29 15:08:54.582,113.5619,True,16.54741,1.082619,-1.918711,0.1103781,-0.7766451,-0.1545057,0.6006388,-0.9670745,0.1073974,-0.230722,False,-1,-1,0,0,0,-1
2026-06-29 15:08:54.620,113.6026,True,16.54619,1.083065,-1.919124,0.106708,-0.7947711,-0.1578205,0.5762336,-0.9496289,0.1278849,-0.2860953,False,-1,-1,0,0,0,-1
2026-06-29 15:08:54.674,113.6548,True,16.54394,1.084063,-1.919543,0.090198,-0.8273675,-0.1761847,0.5256294,-0.9015603,0.1967175,-0.3853454,False,-1,-1,0,0,0,-1
2026-06-29 15:08:54.715,113.7007,True,16.54237,1.085627,-1.919997,0.08038978,-0.8212098,-0.1712443,0.5383562,-0.9117392,0.1946983,-0.3616962,False,-1,-1,0,0,0,-1
2026-06-29 15:08:54.759,113.7406,True,16.54118,1.088109,-1.919487,0.06143647,-0.8177627,-0.1773361,0.5440971,-0.9116744,0.223183,-0.3450206,False,-1,-1,0,0,0,-1
2026-06-29 15:08:54.797,113.7806,True,16.54099,1.091712,-1.918458,0.0499225,-0.819394,-0.1640635,0.5469776,-0.9127611,0.2142522,-0.3477975,False,-1,-1,0,0,0,-1
2026-06-29 15:08:54.849,113.8309,True,16.54132,1.095666,-1.91678,0.03138776,-0.8128433,-0.1597784,0.5592598,-0.9192113,0.2246417,-0.3233987,False,-1,-1,0,0,0,-1
2026-06-29 15:08:54.888,113.8721,True,16.54197,1.099106,-1.914676,0.01272367,-0.81455,-0.1536162,0.5592393,-0.9149657,0.236025,-0.3273071,False,-1,-1,0,0,0,-1
2026-06-29 15:08:54.927,113.9097,True,16.54333,1.100935,-1.912491,0.004501563,-0.8129171,-0.1404774,0.5651651,-0.9201295,0.2233048,-0.321709,False,-1,-1,0,0,0,-1
2026-06-29 15:08:54.969,113.9511,True,16.54521,1.102357,-1.90913,0.01749807,-0.8399519,-0.08375472,0.5358729,-0.903146,0.1219464,-0.4116508,False,-1,-1,0,0,0,-1
2026-06-29 15:08:55.004,113.986,True,16.54634,1.103245,-1.90679,0.07655571,-0.8599347,0.04125518,0.502941,-0.8586761,-0.1479595,-0.4906968,False,-1,-1,0,0,0,-1
2026-06-29 15:08:55.042,114.024,True,16.54726,1.104514,-1.904125,0.06600713,-0.855769,0.05566844,0.5101015,-0.8657091,-0.1626193,-0.473395,False,-1,-1,0,0,0,-1
2026-06-29 15:08:55.082,114.0634,True,16.54789,1.105794,-1.901996,0.05497508,-0.8503008,0.05954754,0.5200196,-0.8777989,-0.1584429,-0.4520674,False,-1,-1,0,0,0,-1
2026-06-29 15:08:55.123,114.1057,True,16.54872,1.108134,-1.899014,0.03311277,-0.8516111,0.05641802,0.5200762,-0.8820688,-0.1305347,-0.4526756,False,-1,-1,0,0,0,-1
2026-06-29 15:08:55.173,114.1558,True,16.55032,1.112598,-1.895449,-0.09740033,-0.8046762,-0.1108456,0.5750849,-0.9039214,0.2904165,-0.3139814,False,-1,-1,0,0,0,-1
2026-06-29 15:08:55.214,114.1961,True,16.55253,1.117174,-1.891557,-0.1331529,-0.7700877,-0.1292551,0.6103511,-0.9056263,0.3616155,-0.2215293,False,-1,-1,0,0,0,-1
2026-06-29 15:08:55.252,114.2345,True,16.55468,1.119872,-1.888534,-0.1439803,-0.7741456,-0.1151997,0.6055554,-0.904403,0.3527388,-0.2400634,False,-1,-1,0,0,0,-1
2026-06-29 15:08:55.289,114.2719,True,16.55741,1.122793,-1.884725,-0.1574509,-0.770201,-0.0986663,0.610135,-0.9087829,0.3441184,-0.2360006,False,-1,-1,0,0,0,-1
2026-06-29 15:08:55.323,114.3063,True,16.55905,1.124253,-1.882484,-0.1666307,-0.7656372,-0.08911707,0.614892,-0.9118689,0.3413824,-0.227932,False,-1,-1,0,0,0,-1
2026-06-29 15:08:55.362,114.3466,True,16.56176,1.126329,-1.879472,-0.1686658,-0.758065,-0.06868771,0.6262358,-0.9262844,0.3153886,-0.2062215,False,-1,-1,0,0,0,-1
2026-06-29 15:08:55.401,114.3839,True,16.56364,1.127549,-1.878014,-0.1879144,-0.7527984,-0.07870176,0.6259304,-0.9128203,0.3537357,-0.2040345,False,-1,-1,0,0,0,-1
2026-06-29 15:08:55.440,114.422,True,16.56554,1.129189,-1.876505,-0.2298797,-0.6866853,-0.144741,0.6742912,-0.8595057,0.5087948,-0.0487628,False,-1,-1,0,0,0,-1
2026-06-29 15:08:55.490,114.4724,True,16.5678,1.130737,-1.874765,-0.2648418,-0.5956877,-0.2072368,0.7294298,-0.7592548,0.6332639,0.15003,False,-1,-1,0,0,0,-1
2026-06-29 15:08:55.539,114.523,True,16.5694,1.132033,-1.873921,-0.2618401,-0.6229793,-0.180113,0.7147698,-0.7962519,0.5987241,0.08667313,False,-1,-1,0,0,0,-1
2026-06-29 15:08:55.580,114.5618,True,16.56998,1.13281,-1.873065,-0.2645082,-0.6346769,-0.1726211,0.7052819,-0.803933,0.5922229,0.05444123,False,-1,-1,0,0,0,-1
2026-06-29 15:08:55.634,114.6162,True,16.57084,1.132835,-1.872862,-0.2657474,-0.629591,-0.1756017,0.7086308,-0.7989637,0.5977481,0.06598699,False,-1,-1,0,0,0,-1
2026-06-29 15:08:55.677,114.6588,True,16.5712,1.132535,-1.873275,-0.2648025,-0.6358594,-0.1745394,0.7036324,-0.8023856,0.5946122,0.05112488,False,-1,-1,0,0,0,-1
2026-06-29 15:08:55.716,114.6982,True,16.57159,1.131564,-1.874517,-0.2597746,-0.6409089,-0.1698681,0.7020668,-0.8116669,0.5824982,0.04350585,False,-1,-1,0,0,0,-1
2026-06-29 15:08:55.754,114.7377,True,16.5721,1.130541,-1.876201,-0.2545714,-0.6513533,-0.162741,0.6960228,-0.8238549,0.5663788,0.02186452,False,-1,-1,0,0,0,-1
2026-06-29 15:08:55.804,114.7875,True,16.57298,1.129239,-1.878476,-0.2444052,-0.6313266,-0.1636783,0.7175668,-0.8260305,0.5574231,0.0833856,False,-1,-1,0,0,0,-1
2026-06-29 15:08:55.845,114.8271,True,16.57351,1.128066,-1.880704,-0.2530445,-0.6575817,-0.1710787,0.6886848,-0.819152,0.5735324,0.007109404,False,-1,-1,0,0,0,-1
2026-06-29 15:08:55.884,114.8661,True,16.5737,1.126506,-1.88251,-0.235251,-0.6610713,-0.1556432,0.6952819,-0.8460314,0.532914,0.0152834,False,-1,-1,0,0,0,-1
2026-06-29 15:08:55.937,114.9216,True,16.57446,1.124304,-1.885605,-0.2120262,-0.6869939,-0.1304089,0.682699,-0.8827198,0.4686803,-0.03383139,False,-1,-1,0,0,0,-1
2026-06-29 15:08:55.977,114.9595,True,16.57551,1.122101,-1.888145,-0.2038189,-0.7588385,-0.1072873,0.6091893,-0.880818,0.4111559,-0.2347559,False,-1,-1,0,0,0,-1
2026-06-29 15:08:56.019,115.001,True,16.57672,1.120248,-1.889721,-0.1828152,-0.8003528,-0.0802289,0.5653118,-0.8755636,0.335118,-0.3479718,False,-1,-1,0,0,0,-1
2026-06-29 15:08:56.060,115.0431,True,16.5789,1.117889,-1.891597,-0.1713593,-0.8051252,-0.08833998,0.560897,-0.8729089,0.3344793,-0.3551812,False,-1,-1,0,0,0,-1
2026-06-29 15:08:56.112,115.0951,True,16.58127,1.114897,-1.892721,-0.1478074,-0.8194627,-0.07923164,0.5480477,-0.8747872,0.2918658,-0.3867321,False,-1,-1,0,0,0,-1
2026-06-29 15:08:56.150,115.1318,True,16.58319,1.113278,-1.893918,-0.1425596,-0.8232173,-0.08898768,0.5422834,-0.8674619,0.3011278,-0.3960199,False,-1,-1,0,0,0,-1
2026-06-29 15:08:56.187,115.1716,True,16.58582,1.110967,-1.895227,-0.1364088,-0.8303337,-0.1018189,0.5306332,-0.8534271,0.3138534,-0.4161228,False,-1,-1,0,0,0,-1
2026-06-29 15:08:56.231,115.2132,True,16.5884,1.108291,-1.89615,0.01772525,0.9060113,-0.1190905,-0.4057669,-0.7394806,-0.20141,-0.6423414,False,-1,-1,0,0,0,-1
2026-06-29 15:08:56.279,115.2635,True,16.59039,1.10547,-1.89761,0.005998097,0.9117008,-0.1221519,-0.3922304,-0.7166588,-0.2180266,-0.6624686,False,-1,-1,0,0,0,-1
2026-06-29 15:08:56.321,115.3035,True,16.59193,1.103085,-1.899195,-0.0004926772,0.9131608,-0.1152881,-0.3909551,-0.7138959,-0.2109383,-0.6677256,False,-1,-1,0,0,0,-1
2026-06-29 15:08:56.358,115.3408,True,16.59254,1.101569,-1.900588,-0.01213415,0.9191348,-0.1241271,-0.3736798,-0.6839117,-0.2372477,-0.6899119,False,-1,-1,0,0,0,-1
2026-06-29 15:08:56.400,115.3819,True,16.59252,1.099615,-1.902573,-0.009215103,0.9161783,-0.09609147,-0.3889717,-0.7109638,-0.1832426,-0.6789351,False,-1,-1,0,0,0,-1
2026-06-29 15:08:56.453,115.4353,True,16.5916,1.097709,-1.904563,-0.01384057,0.9216282,-0.0888066,-0.3775228,-0.6934128,-0.1741435,-0.6991799,False,-1,-1,0,0,0,-1
2026-06-29 15:08:56.491,115.4721,True,16.59044,1.09618,-1.906236,-0.02915472,0.9124827,-0.1097349,-0.393044,-0.7108931,-0.2231805,-0.6669495,False,-1,-1,0,0,0,-1
2026-06-29 15:08:56.530,115.5116,True,16.58926,1.094885,-1.908028,-0.02284595,0.9170012,-0.08716798,-0.3885725,-0.7086601,-0.1776209,-0.6828262,False,-1,-1,0,0,0,-1
2026-06-29 15:08:56.585,115.5661,True,16.5879,1.093058,-1.91049,0.02470811,0.8226501,0.01256933,-0.5678718,-0.9336984,0.04874239,-0.3547273,False,-1,-1,0,0,0,-1
2026-06-29 15:08:56.625,115.6092,True,16.58627,1.09107,-1.913397,0.03814748,0.7940906,0.043573,-0.6050342,-0.9575794,0.1153629,-0.2640703,False,-1,-1,0,0,0,-1
2026-06-29 15:08:56.665,115.6472,True,16.58477,1.089571,-1.916125,0.0391708,0.7887067,0.05132352,-0.61137,-0.9603625,0.1288541,-0.2471852,False,-1,-1,0,0,0,-1
2026-06-29 15:08:56.704,115.6879,True,16.58379,1.088102,-1.918666,0.03472589,0.7879125,0.04541865,-0.6131274,-0.9630269,0.1141546,-0.2440241,False,-1,-1,0,0,0,-1
2026-06-29 15:08:56.757,115.7399,True,16.58321,1.086974,-1.922945,-0.06153399,0.7611262,-0.1460514,-0.6289431,-0.939436,-0.2997299,-0.1661991,False,-1,-1,0,0,0,-1
2026-06-29 15:08:56.798,115.7797,False,16.58372,1.086765,-1.926775,0,0,0,1,0,0,1,False,-1,-1,0,0,0,-1
2026-06-29 15:08:56.836,115.8199,False,16.58467,1.087391,-1.930768,0,0,0,1,0,0,1,False,-1,-1,0,0,0,-1
2026-06-29 15:08:56.888,115.8698,False,16.58703,1.089062,-1.938199,0,0,0,1,0,0,1,False,-1,-1,0,0,0,-1
2026-06-29 15:08:56.930,115.9123,False,16.59005,1.090672,-1.943102,0,0,0,1,0,0,1,False,-1,-1,0,0,0,-1
2026-06-29 15:08:56.970,115.953,False,16.5954,1.093821,-1.948972,0,0,0,1,0,0,1,False,-1,-1,0,0,0,-1
2026-06-29 15:08:57.009,115.9907,False,16.60303,1.097243,-1.954735,0,0,0,1,0,0,1,False,-1,-1,0,0,0,-1
2026-06-29 15:08:57.044,116.0267,False,16.6104,1.100216,-1.958744,0,0,0,1,0,0,1,False,-1,-1,0,0,0,-1
2026-06-29 15:08:57.087,116.0685,False,16.61862,1.10346,-1.962262,0,0,0,1,0,0,1,False,-1,-1,0,0,0,-1
2026-06-29 15:08:57.128,116.1084,False,16.62978,1.107619,-1.96637,0,0,0,1,0,0,1,False,-1,-1,0,0,0,-1
2026-06-29 15:08:57.170,116.1538,False,16.64098,1.111572,-1.969762,0,0,0,1,0,0,1,False,-1,-1,0,0,0,-1
2026-06-29 15:08:57.224,116.2073,False,16.65505,1.115577,-1.972501,0,0,0,1,0,0,1,False,-1,-1,0,0,0,-1
2026-06-29 15:08:57.261,116.2454,False,16.6664,1.117897,-1.973418,0,0,0,1,0,0,1,False,-1,-1,0,0,0,-1
2026-06-29 15:08:57.299,116.2804,False,16.67488,1.119386,-1.97364,0,0,0,1,0,0,1,False,-1,-1,0,0,0,-1
2026-06-29 15:08:57.336,116.3208,False,16.68275,1.121261,-1.974281,0,0,0,1,0,0,1,False,-1,-1,0,0,0,-1
2026-06-29 15:08:57.370,116.3543,False,16.68996,1.122794,-1.975617,0,0,0,1,0,0,1,False,-1,-1,0,0,0,-1
2026-06-29 15:08:57.408,116.3919,False,16.69822,1.124229,-1.978062,0,0,0,1,0,0,1,False,-1,-1,0,0,0,-1
2026-06-29 15:08:57.447,116.4301,False,16.70363,1.124188,-1.980009,0,0,0,1,0,0,1,False,-1,-1,0,0,0,-1
2026-06-29 15:08:57.488,116.47,False,16.71029,1.123193,-1.98192,0,0,0,1,0,0,1,False,-1,-1,0,0,0,-1
2026-06-29 15:08:57.540,116.5229,False,16.71562,1.119571,-1.983661,0,0,0,1,0,0,1,False,-1,-1,0,0,0,-1
2026-06-29 15:08:57.578,116.5625,False,16.72102,1.114684,-1.984251,0,0,0,1,0,0,1,False,-1,-1,0,0,0,-1
2026-06-29 15:08:57.618,116.5994,False,16.72484,1.109623,-1.984282,0,0,0,1,0,0,1,False,-1,-1,0,0,0,-1
2026-06-29 15:08:57.659,116.641,False,16.73075,1.101494,-1.983783,0,0,0,1,0,0,1,False,-1,-1,0,0,0,-1
2026-06-29 15:08:57.709,116.6929,False,16.73888,1.090379,-1.984389,0,0,0,1,0,0,1,False,-1,-1,0,0,0,-1
2026-06-29 15:08:57.750,116.7342,False,16.74457,1.08378,-1.98613,0,0,0,1,0,0,1,False,-1,-1,0,0,0,-1
2026-06-29 15:08:57.788,116.7713,False,16.75239,1.075396,-1.989883,0,0,0,1,0,0,1,False,-1,-1,0,0,0,-1
2026-06-29 15:08:57.828,116.8114,False,16.7607,1.066513,-1.996112,0,0,0,1,0,0,1,False,-1,-1,0,0,0,-1
2026-06-29 15:08:57.877,116.8594,False,16.76949,1.057884,-2.004117,0,0,0,1,0,0,1,False,-1,-1,0,0,0,-1
2026-06-29 15:08:57.918,116.8998,False,16.77529,1.050886,-2.011033,0,0,0,1,0,0,1,False,-1,-1,0,0,0,-1
2026-06-29 15:08:57.961,116.9419,False,16.78311,1.040602,-2.020121,0,0,0,1,0,0,1,False,-1,-1,0,0,0,-1
2026-06-29 15:08:58.018,117.0004,False,16.79237,1.027228,-2.030318,0,0,0,1,0,0,1,False,-1,-1,0,0,0,-1
2026-06-29 15:08:58.058,117.0421,False,16.79787,1.01747,-2.036811,0,0,0,1,0,0,1,False,-1,-1,0,0,0,-1
2026-06-29 15:08:58.099,117.0807,False,16.80137,1.009822,-2.041331,0,0,0,1,0,0,1,False,-1,-1,0,0,0,-1
2026-06-29 15:08:58.137,117.1211,False,16.80282,1.00555,-2.043358,0,0,0,1,0,0,1,False,-1,-1,0,0,0,-1
2026-06-29 15:08:58.178,117.1614,False,16.8064,0.9997259,-2.044044,0,0,0,1,0,0,1,False,-1,-1,0,0,0,-1
2026-06-29 15:08:58.221,117.2036,False,16.80995,0.9938958,-2.045029,0,0,0,1,0,0,1,False,-1,-1,0,0,0,-1
2026-06-29 15:08:58.258,117.2492,False,16.81436,0.9880515,-2.046768,0,0,0,1,0,0,1,False,-1,-1,0,0,0,-1
2026-06-29 15:08:58.302,117.2928,False,16.8201,0.9809689,-2.04886,0,0,0,1,0,0,1,False,-1,-1,0,0,0,-1
2026-06-29 15:08:58.336,117.3262,False,16.82355,0.9777888,-2.049337,0,0,0,1,0,0,1,False,-1,-1,0,0,0,-1
2026-06-29 15:08:58.380,117.3706,False,16.82776,0.9758457,-2.049638,0,0,0,1,0,0,1,False,-1,-1,0,0,0,-1
2026-06-29 15:08:58.413,117.404,False,16.8299,0.9758952,-2.050444,0,0,0,1,0,0,1,False,-1,-1,0,0,0,-1
2026-06-29 15:08:58.458,117.4483,False,16.83124,0.9765617,-2.05288,0,0,0,1,0,0,1,False,-1,-1,0,0,0,-1
2026-06-29 15:08:58.503,117.4928,False,16.83074,0.9764186,-2.055962,0,0,0,1,0,0,1,False,-1,-1,0,0,0,-1
2026-06-29 15:08:58.545,117.5368,False,16.82855,0.9758044,-2.05761,0,0,0,1,0,0,1,False,-1,-1,0,0,0,-1
2026-06-29 15:08:58.580,117.5705,False,16.82631,0.9761094,-2.057309,0,0,0,1,0,0,1,False,-1,-1,0,0,0,-1
2026-06-29 15:08:58.614,117.6041,False,16.82439,0.9770322,-2.055871,0,0,0,1,0,0,1,False,-1,-1,0,0,0,-1
2026-06-29 15:08:58.649,117.6395,False,16.82226,0.9787261,-2.053787,0,0,0,1,0,0,1,False,-1,-1,0,0,0,-1
2026-06-29 15:08:58.693,117.6827,False,16.82024,0.9810964,-2.050716,0,0,0,1,0,0,1,False,-1,-1,0,0,0,-1
2026-06-29 15:08:58.736,117.7264,False,16.81915,0.9840249,-2.04812,0,0,0,1,0,0,1,False,-1,-1,0,0,0,-1
2026-06-29 15:08:58.770,117.7605,False,16.81819,0.9863375,-2.046771,0,0,0,1,0,0,1,False,-1,-1,0,0,0,-1
2026-06-29 15:08:58.804,117.7942,False,16.81725,0.987657,-2.046048,0,0,0,1,0,0,1,False,-1,-1,0,0,0,-1
2026-06-29 15:08:58.845,117.8357,False,16.81649,0.9880854,-2.046199,0,0,0,1,0,0,1,False,-1,-1,0,0,0,-1
2026-06-29 15:08:58.880,117.8703,False,16.81517,0.9883059,-2.046918,0,0,0,1,0,0,1,False,-1,-1,0,0,0,-1
2026-06-29 15:08:58.913,117.9037,False,16.81405,0.9884427,-2.047944,0,0,0,1,0,0,1,False,-1,-1,0,0,0,-1
2026-06-29 15:08:58.948,117.9379,False,16.81284,0.9885924,-2.049349,0,0,0,1,0,0,1,False,-1,-1,0,0,0,-1
2026-06-29 15:08:58.981,117.9713,False,17.18986,0.9887611,-3.963002,0,0,0,1,0,0,1,False,-1,-1,0,0,0,-1
2026-06-29 15:08:59.025,118.0152,False,17.1876,0.9889793,-3.962878,0,0,0,1,0,0,1,False,-1,-1,0,0,0,-1
2026-06-29 15:08:59.059,118.049,False,17.18621,0.9892516,-3.962676,0,0,0,1,0,0,1,False,-1,-1,0,0,0,-1
2026-06-29 15:08:59.102,118.093,False,17.18441,0.989471,-3.962335,0,0,0,1,0,0,1,False,-1,-1,0,0,0,-1
2026-06-29 15:08:59.148,118.1387,False,17.18277,0.989485,-3.962341,0,0,0,1,0,0,1,False,-1,-1,0,0,0,-1
2026-06-29 15:08:59.307,118.2952,False,17.18102,0.989338,-3.962868,0,0,0,1,0,0,1,False,-1,-1,0,0,0,-1
2026-06-29 15:08:59.347,118.3374,False,17.17517,0.9883696,-3.963076,0,0,0,1,0,0,1,False,-1,-1,0,0,0,-1
2026-06-29 15:08:59.392,118.3831,False,17.17314,0.9882914,-3.962277,0,0,0,1,0,0,1,False,-1,-1,0,0,0,-1
2026-06-29 15:08:59.437,118.4268,False,17.1701,0.9884464,-3.961467,0,0,0,1,0,0,1,False,-1,-1,0,0,0,-1
2026-06-29 15:08:59.480,118.47,False,17.16707,0.9882822,-3.961416,0,0,0,1,0,0,1,False,-1,-1,0,0,0,-1
2026-06-29 15:08:59.514,118.504,False,17.16399,0.9879004,-3.961311,0,0,0,1,0,0,1,False,-1,-1,0,0,0,-1
2026-06-29 15:08:59.547,118.5374,False,17.16097,0.9875735,-3.96199,0,0,0,1,0,0,1,False,-1,-1,0,0,0,-1
2026-06-29 15:08:59.592,118.5819,False,17.15572,0.9868457,-3.962851,0,0,0,1,0,0,1,False,-1,-1,0,0,0,-1
2026-06-29 15:08:59.625,118.6153,False,17.15178,0.9862093,-3.96275,0,0,0,1,0,0,1,False,-1,-1,0,0,0,-1
2026-06-29 15:08:59.669,118.6599,False,17.14738,0.9851255,-3.962589,0,0,0,1,0,0,1,False,-1,-1,0,0,0,-1
2026-06-29 15:08:59.713,118.703,False,17.14347,0.9843625,-3.96321,0,0,0,1,0,0,1,False,-1,-1,0,0,0,-1
2026-06-29 15:08:59.746,118.7371,False,17.1385,0.9842032,-3.962337,0,0,0,1,0,0,1,False,-1,-1,0,0,0,-1
2026-06-29 15:08:59.781,118.7715,False,17.13246,0.9840261,-3.961138,0,0,0,1,0,0,1,False,-1,-1,0,0,0,-1
2026-06-29 15:08:59.825,118.8163,False,17.12569,0.9837509,-3.958821,0,0,0,1,0,0,1,False,-1,-1,0,0,0,-1
2026-06-29 15:08:59.860,118.8505,False,17.12522,0.9861507,-3.95606,0,0,0,1,0,0,1,False,-1,-1,0,0,0,-1
2026-06-29 15:08:59.896,118.8855,False,17.12311,0.9896472,-3.954222,0,0,0,1,0,0,1,False,-1,-1,0,0,0,-1
2026-06-29 15:08:59.929,118.9191,False,17.11766,0.9927472,-3.950696,0,0,0,1,0,0,1,False,-1,-1,0,0,0,-1
2026-06-29 15:08:59.963,118.9537,False,17.11453,0.9958776,-3.947766,0,0,0,1,0,0,1,False,-1,-1,0,0,0,-1
2026-06-29 15:09:00.008,118.9986,False,17.11094,1.002875,-3.944043,0,0,0,1,0,0,1,False,-1,-1,0,0,0,-1
2026-06-29 15:09:00.050,119.041,False,17.10684,1.010412,-3.939439,0,0,0,1,0,0,1,False,-1,-1,0,0,0,-1
2026-06-29 15:09:00.085,119.0754,False,17.10468,1.018273,-3.936609,0,0,0,1,0,0,1,False,-1,-1,0,0,0,-1
2026-06-29 15:09:00.124,119.1141,False,17.10128,1.029972,-3.935426,0,0,0,1,0,0,1,False,-1,-1,0,0,0,-1
2026-06-29 15:09:00.158,119.1489,False,17.10156,1.038238,-3.940603,0,0,0,1,0,0,1,False,-1,-1,0,0,0,-1
2026-06-29 15:09:00.202,119.192,False,17.10106,1.047272,-3.946261,0,0,0,1,0,0,1,False,-1,-1,0,0,0,-1
2026-06-29 15:09:00.236,119.2258,False,17.10318,1.052216,-3.95415,0,0,0,1,0,0,1,False,-1,-1,0,0,0,-1
2026-06-29 15:09:00.269,119.2597,False,17.10421,1.055225,-3.958626,0,0,0,1,0,0,1,False,-1,-1,0,0,0,-1
2026-06-29 15:09:00.314,119.304,False,17.09833,1.056671,-3.957142,0,0,0,1,0,0,1,False,-1,-1,0,0,0,-1
2026-06-29 15:09:00.357,119.3475,False,17.11392,1.054043,-3.961027,0,0,0,1,0,0,1,False,-1,-1,0,0,0,-1
2026-06-29 15:09:00.391,119.3812,False,17.11145,1.04841,-3.951818,0,0,0,1,0,0,1,False,-1,-1,0,0,0,-1
2026-06-29 15:09:00.435,119.4253,False,17.1102,1.038103,-3.938341,0,0,0,1,0,0,1,False,-1,-1,0,0,0,-1
2026-06-29 15:09:00.479,119.4695,False,17.1136,1.027708,-3.930022,0,0,0,1,0,0,1,False,-1,-1,0,0,0,-1
2026-06-29 15:09:00.514,119.5043,False,17.11217,1.025558,-3.930337,0,0,0,1,0,0,1,False,-1,-1,0,0,0,-1
2026-06-29 15:09:00.547,119.5377,False,17.11157,1.025845,-3.929673,0,0,0,1,0,0,1,False,-1,-1,0,0,0,-1
2026-06-29 15:09:00.581,119.5721,False,17.11167,1.025105,-3.92899,0,0,0,1,0,0,1,False,-1,-1,0,0,0,-1
2026-06-29 15:09:00.624,119.6156,False,17.11073,1.02399,-3.926882,0,0,0,1,0,0,1,False,-1,-1,0,0,0,-1
2026-06-29 15:09:00.659,119.6492,False,17.11034,1.021301,-3.924692,0,0,0,1,0,0,1,False,-1,-1,0,0,0,-1
2026-06-29 15:09:00.702,119.6939,False,17.10919,1.018135,-3.922273,0,0,0,1,0,0,1,False,-1,-1,0,0,0,-1
2026-06-29 15:09:00.746,119.7377,False,17.10981,1.014755,-3.920311,0,0,0,1,0,0,1,False,-1,-1,0,0,0,-1
2026-06-29 15:09:00.782,119.7725,False,17.11183,1.011515,-3.919016,0,0,0,1,0,0,1,False,-1,-1,0,0,0,-1
2026-06-29 15:09:00.825,119.8154,False,17.11646,1.009666,-3.915761,0,0,0,1,0,0,1,False,-1,-1,0,0,0,-1
2026-06-29 15:09:00.859,119.8487,False,17.12021,1.007594,-3.912537,0,0,0,1,0,0,1,False,-1,-1,0,0,0,-1
2026-06-29 15:09:00.892,119.8822,False,17.12493,1.005947,-3.908149,0,0,0,1,0,0,1,False,-1,-1,0,0,0,-1
2026-06-29 15:09:00.926,119.9158,False,17.12968,1.004712,-3.903535,0,0,0,1,0,0,1,False,-1,-1,0,0,0,-1
2026-06-29 15:09:00.959,119.9494,False,17.13516,1.002493,-3.899162,0,0,0,1,0,0,1,False,-1,-1,0,0,0,-1
2026-06-29 15:09:00.994,119.9838,False,17.14039,1.000212,-3.895951,0,0,0,1,0,0,1,False,-1,-1,0,0,0,-1
2026-06-29 15:09:01.027,120.0179,False,17.14536,0.9985394,-3.89351,0,0,0,1,0,0,1,False,-1,-1,0,0,0,-1
2026-06-29 15:09:01.061,120.0513,False,17.14965,0.9976037,-3.891762,0,0,0,1,0,0,1,False,-1,-1,0,0,0,-1
2026-06-29 15:09:01.095,120.0857,False,17.15172,0.9977431,-3.891105,0,0,0,1,0,0,1,False,-1,-1,0,0,0,-1
2026-06-29 15:09:01.140,120.1299,False,17.15277,0.9989619,-3.892605,0,0,0,1,0,0,1,False,-1,-1,0,0,0,-1
2026-06-29 15:09:01.185,120.1752,False,17.153,1.001344,-3.895795,0,0,0,1,0,0,1,False,-1,-1,0,0,0,-1
2026-06-29 15:09:01.219,120.2089,False,17.15357,1.002417,-3.898776,0,0,0,1,0,0,1,False,-1,-1,0,0,0,-1
2026-06-29 15:09:01.262,120.2529,False,17.15327,1.0031,-3.902989,0,0,0,1,0,0,1,False,-1,-1,0,0,0,-1
2026-06-29 15:09:01.306,120.2959,False,17.15132,1.002653,-3.905971,0,0,0,1,0,0,1,False,-1,-1,0,0,0,-1
2026-06-29 15:09:01.339,120.3297,False,17.14958,1.001626,-3.906821,0,0,0,1,0,0,1,False,-1,-1,0,0,0,-1
2026-06-29 15:09:01.383,120.3738,False,17.14809,0.999918,-3.906192,0,0,0,1,0,0,1,False,-1,-1,0,0,0,-1
2026-06-29 15:09:01.417,120.4074,False,17.14773,0.998028,-3.90526,0,0,0,1,0,0,1,False,-1,-1,0,0,0,-1
2026-06-29 15:09:01.450,120.4408,False,17.14805,0.9964654,-3.90418,0,0,0,1,0,0,1,False,-1,-1,0,0,0,-1
2026-06-29 15:09:01.484,120.4743,False,17.14919,0.9954547,-3.903213,0,0,0,1,0,0,1,False,-1,-1,0,0,0,-1
2026-06-29 15:09:01.528,120.5191,False,17.15071,0.9948359,-3.902012,0,0,0,1,0,0,1,False,-1,-1,0,0,0,-1
2026-06-29 15:09:01.572,120.5627,False,17.15136,0.9948101,-3.900117,0,0,0,1,0,0,1,False,-1,-1,0,0,0,-1
2026-06-29 15:09:01.607,120.5969,False,17.15147,0.9945435,-3.898388,0,0,0,1,0,0,1,False,-1,-1,0,0,0,-1
2026-06-29 15:09:01.640,120.6302,False,17.15094,0.9937139,-3.896835,0,0,0,1,0,0,1,False,-1,-1,0,0,0,-1
2026-06-29 15:09:01.684,120.6744,False,17.1498,0.9927067,-3.895716,0,0,0,1,0,0,1,False,-1,-1,0,0,0,-1
2026-06-29 15:09:01.717,120.7078,False,17.14818,0.9917699,-3.895302,0,0,0,1,0,0,1,False,-1,-1,0,0,0,-1
2026-06-29 15:09:01.762,120.7519,False,17.14586,0.9908187,-3.895047,0,0,0,1,0,0,1,False,-1,-1,0,0,0,-1
2026-06-29 15:09:01.796,120.7868,False,17.14422,0.9901092,-3.895336,0,0,0,1,0,0,1,False,-1,-1,0,0,0,-1
2026-06-29 15:09:01.840,120.8294,False,17.14223,0.9894006,-3.896717,0,0,0,1,0,0,1,False,-1,-1,0,0,0,-1
2026-06-29 15:09:01.883,120.874,False,17.1405,0.9884473,-3.898639,0,0,0,1,0,0,1,False,-1,-1,0,0,0,-1
2026-06-29 15:09:01.928,120.9185,False,17.13953,0.9876266,-3.900127,0,0,0,1,0,0,1,False,-1,-1,0,0,0,-1
2026-06-29 15:09:01.971,120.9626,False,17.13847,0.9866879,-3.90105,0,0,0,1,0,0,1,False,-1,-1,0,0,0,-1
2026-06-29 15:09:02.004,120.996,False,17.13765,0.9862538,-3.901509,0,0,0,1,0,0,1,False,-1,-1,0,0,0,-1
2026-06-29 15:09:02.039,121.0297,False,17.13681,0.9862896,-3.901569,0,0,0,1,0,0,1,False,-1,-1,0,0,0,-1
2026-06-29 15:09:02.073,121.0634,False,17.13613,0.9864057,-3.901501,0,0,0,1,0,0,1,False,-1,-1,0,0,0,-1
2026-06-29 15:09:02.116,121.1068,False,17.13537,0.9864888,-3.901022,0,0,0,1,0,0,1,False,-1,-1,0,0,0,-1
2026-06-29 15:09:02.150,121.1411,False,17.13464,0.9865487,-3.900497,0,0,0,1,0,0,1,False,-1,-1,0,0,0,-1
2026-06-29 15:09:02.194,121.1845,False,17.13366,0.9866737,-3.900026,0,0,0,1,0,0,1,False,-1,-1,0,0,0,-1
2026-06-29 15:09:02.228,121.2182,False,17.1331,0.9867736,-3.899629,0,0,0,1,0,0,1,False,-1,-1,0,0,0,-1
2026-06-29 15:09:02.262,121.2528,False,17.13273,0.9869285,-3.899452,0,0,0,1,0,0,1,False,-1,-1,0,0,0,-1
2026-06-29 15:09:02.305,121.2959,False,17.13258,0.9869923,-3.899341,0,0,0,1,0,0,1,False,-1,-1,0,0,0,-1
2026-06-29 15:09:02.349,121.34,False,17.13259,0.9872142,-3.899239,0,0,0,1,0,0,1,False,-1,-1,0,0,0,-1
2026-06-29 15:09:02.382,121.3738,False,17.13222,0.9873324,-3.899031,0,0,0,1,0,0,1,False,-1,-1,0,0,0,-1
2026-06-29 15:09:02.417,121.4072,False,17.13189,0.9873589,-3.89906,0,0,0,1,0,0,1,False,-1,-1,0,0,0,-1
2026-06-29 15:09:02.460,121.4514,False,17.1309,0.9875455,-3.899029,0,0,0,1,0,0,1,False,-1,-1,0,0,0,-1
2026-06-29 15:09:02.495,121.485,False,17.12978,0.9879398,-3.898659,0,0,0,1,0,0,1,False,-1,-1,0,0,0,-1
2026-06-29 15:09:02.528,121.5186,False,17.12837,0.9879951,-3.898642,0,0,0,1,0,0,1,False,-1,-1,0,0,0,-1
2026-06-29 15:09:02.572,121.5625,False,17.12627,0.9873801,-3.899174,0,0,0,1,0,0,1,False,-1,-1,0,0,0,-1
2026-06-29 15:09:02.617,121.6073,False,17.12364,0.9871433,-3.899397,0,0,0,1,0,0,1,False,-1,-1,0,0,0,-1
2026-06-29 15:09:02.652,121.6419,False,17.12139,0.9873334,-3.899408,0,0,0,1,0,0,1,False,-1,-1,0,0,0,-1
2026-06-29 15:09:02.694,121.6846,False,17.11876,0.9881018,-3.899784,0,0,0,1,0,0,1,False,-1,-1,0,0,0,-1
2026-06-29 15:09:02.739,121.722,False,17.11685,0.9887017,-3.900101,0,0,0,1,0,0,1,False,-1,-1,0,0,0,-1
2026-06-29 15:09:02.781,121.7629,False,17.11563,0.9890956,-3.900748,0,0,0,1,0,0,1,False,-1,-1,0,0,0,-1
2026-06-29 15:09:02.824,121.805,False,17.11442,0.9894952,-3.902208,0,0,0,1,0,0,1,False,-1,-1,0,0,0,-1
2026-06-29 15:09:02.864,121.8465,False,17.11307,0.9896467,-3.904741,0,0,0,1,0,0,1,False,-1,-1,0,0,0,-1
2026-06-29 15:09:02.904,121.8868,False,17.11322,0.9890801,-3.906995,0,0,0,1,0,0,1,False,-1,-1,0,0,0,-1
2026-06-29 15:09:02.941,121.922,False,17.11344,0.9888198,-3.907774,0,0,0,1,0,0,1,False,-1,-1,0,0,0,-1
2026-06-29 15:09:02.980,121.9629,False,17.11292,0.9884228,-3.908195,0,0,0,1,0,0,1,False,-1,-1,0,0,0,-1
2026-06-29 15:09:03.019,122.0017,False,17.11231,0.988535,-3.908403,0,0,0,1,0,0,1,False,-1,-1,0,0,0,-1
2026-06-29 15:09:03.060,122.0432,False,17.11189,0.9890621,-3.907786,0,0,0,1,0,0,1,False,-1,-1,0,0,0,-1
2026-06-29 15:09:03.112,122.0959,False,17.11225,0.9901382,-3.906894,0,0,0,1,0,0,1,False,-1,-1,0,0,0,-1
2026-06-29 15:09:03.155,122.1373,False,17.11227,0.9910139,-3.905828,0,0,0,1,0,0,1,False,-1,-1,0,0,0,-1
2026-06-29 15:09:03.195,122.1777,False,17.11243,0.9920325,-3.904687,0,0,0,1,0,0,1,False,-1,-1,0,0,0,-1
2026-06-29 15:09:03.248,122.2289,False,17.11227,0.9930981,-3.903707,0,0,0,1,0,0,1,False,-1,-1,0,0,0,-1
2026-06-29 15:09:03.292,122.2751,False,17.11219,0.9935796,-3.903157,0,0,0,1,0,0,1,False,-1,-1,0,0,0,-1
2026-06-29 15:09:03.328,122.311,False,17.11299,0.9936694,-3.903152,0,0,0,1,0,0,1,False,-1,-1,0,0,0,-1
2026-06-29 15:09:03.368,122.3511,False,17.11344,0.9932838,-3.903203,0,0,0,1,0,0,1,False,-1,-1,0,0,0,-1
2026-06-29 15:09:03.417,122.4012,False,17.11451,0.9928836,-3.903232,0,0,0,1,0,0,1,False,-1,-1,0,0,0,-1
2026-06-29 15:09:03.453,122.436,False,17.11487,0.9928263,-3.903058,0,0,0,1,0,0,1,False,-1,-1,0,0,0,-1
2026-06-29 15:09:03.492,122.475,False,17.11486,0.9930395,-3.902842,0,0,0,1,0,0,1,False,-1,-1,0,0,0,-1
2026-06-29 15:09:03.530,122.5125,False,17.11541,0.9936643,-3.902841,0,0,0,1,0,0,1,False,-1,-1,0,0,0,-1
2026-06-29 15:09:03.583,122.5645,False,17.11633,0.993785,-3.902946,0,0,0,1,0,0,1,False,-1,-1,0,0,0,-1
2026-06-29 15:09:03.625,122.6069,False,17.11843,0.9936061,-3.9021,0,0,0,1,0,0,1,False,-1,-1,0,0,0,-1
2026-06-29 15:09:03.663,122.6461,False,17.12117,0.9935486,-3.8996,0,0,0,1,0,0,1,False,-1,-1,0,0,0,-1
2026-06-29 15:09:03.718,122.7011,False,17.12469,0.9939575,-3.894582,0,0,0,1,0,0,1,False,-1,-1,0,0,0,-1
2026-06-29 15:09:03.760,122.743,False,17.12815,0.9949315,-3.888682,0,0,0,1,0,0,1,False,-1,-1,0,0,0,-1
2026-06-29 15:09:03.799,122.7837,False,17.13164,0.9968938,-3.882903,0,0,0,1,0,0,1,False,-1,-1,0,0,0,-1
2026-06-29 15:09:03.839,122.8205,False,17.13564,1.000149,-3.878422,0,0,0,1,0,0,1,False,-1,-1,0,0,0,-1
2026-06-29 15:09:03.872,122.8554,False,17.13851,1.001639,-3.87571,0,0,0,1,0,0,1,False,-1,-1,0,0,0,-1
2026-06-29 15:09:03.912,122.8949,False,17.14123,1.002588,-3.873268,0,0,0,1,0,0,1,False,-1,-1,0,0,0,-1
2026-06-29 15:09:03.949,122.9314,False,17.14484,1.003564,-3.870685,0,0,0,1,0,0,1,False,-1,-1,0,0,0,-1
2026-06-29 15:09:03.987,122.9711,False,17.14703,1.004019,-3.868899,0,0,0,1,0,0,1,False,-1,-1,0,0,0,-1
2026-06-29 15:09:04.041,123.0225,False,17.15044,1.004025,-3.865415,0,0,0,1,0,0,1,False,-1,-1,0,0,0,-1
2026-06-29 15:09:04.080,123.0614,False,17.15177,1.004297,-3.86291,0,0,0,1,0,0,1,False,-1,-1,0,0,0,-1
2026-06-29 15:09:04.124,123.105,False,17.15333,1.000087,-3.858925,0,0,0,1,0,0,1,False,-1,-1,0,0,0,-1
2026-06-29 15:09:04.175,123.1586,False,17.15584,0.9994479,-3.847993,0,0,0,1,0,0,1,False,-1,-1,0,0,0,-1
2026-06-29 15:09:04.217,123.2002,False,17.15632,1.00357,-3.841583,0,0,0,1,0,0,1,False,-1,-1,0,0,0,-1
2026-06-29 15:09:04.259,123.2411,False,17.15613,1.006383,-3.837688,0,0,0,1,0,0,1,False,-1,-1,0,0,0,-1
2026-06-29 15:09:04.302,123.2858,False,17.15482,1.008621,-3.83342,0,0,0,1,0,0,1,False,-1,-1,0,0,0,-1
2026-06-29 15:09:04.345,123.3353,False,17.15247,1.009581,-3.828357,0,0,0,1,0,0,1,False,-1,-1,0,0,0,-1
2026-06-29 15:09:04.389,123.3796,False,17.14973,1.009762,-3.822114,0,0,0,1,0,0,1,False,-1,-1,0,0,0,-1
2026-06-29 15:09:04.434,123.4239,False,17.14719,1.009795,-3.815917,0,0,0,1,0,0,1,False,-1,-1,0,0,0,-1
2026-06-29 15:09:04.471,123.4614,False,17.14538,1.010381,-3.81141,0,0,0,1,0,0,1,False,-1,-1,0,0,0,-1
2026-06-29 15:09:04.511,123.5014,False,17.14383,1.011189,-3.805907,0,0,0,1,0,0,1,False,-1,-1,0,0,0,-1
2026-06-29 15:09:04.555,123.5457,False,17.14421,1.012436,-3.801643,0,0,0,1,0,0,1,False,-1,-1,0,0,0,-1
2026-06-29 15:09:04.588,123.5792,False,17.14603,1.013297,-3.799159,0,0,0,1,0,0,1,False,-1,-1,0,0,0,-1
2026-06-29 15:09:04.628,123.6184,False,17.1493,1.014344,-3.797222,0,0,0,1,0,0,1,False,-1,-1,0,0,0,-1
2026-06-29 15:09:04.667,123.657,False,17.1534,1.015681,-3.796359,0,0,0,1,0,0,1,False,-1,-1,0,0,0,-1
2026-06-29 15:09:04.701,123.6908,False,17.1568,1.016804,-3.796786,0,0,0,1,0,0,1,False,-1,-1,0,0,0,-1
2026-06-29 15:09:04.744,123.7347,False,17.1601,1.017862,-3.799006,0,0,0,1,0,0,1,False,-1,-1,0,0,0,-1
2026-06-29 15:09:04.784,123.7751,False,17.16293,1.018357,-3.802685,0,0,0,1,0,0,1,False,-1,-1,0,0,0,-1
2026-06-29 15:09:04.822,123.8125,False,17.16573,1.018475,-3.809401,0,0,0,1,0,0,1,False,-1,-1,0,0,0,-1
2026-06-29 15:09:04.855,123.8464,False,17.16652,1.018167,-3.815967,0,0,0,1,0,0,1,False,-1,-1,0,0,0,-1
2026-06-29 15:09:04.890,123.88,False,17.16646,1.017738,-3.823327,0,0,0,1,0,0,1,False,-1,-1,0,0,0,-1
2026-06-29 15:09:04.937,123.9277,False,17.16519,1.01707,-3.833106,0,0,0,1,0,0,1,False,-1,-1,0,0,0,-1
2026-06-29 15:09:04.978,123.9682,False,17.16332,1.016439,-3.843103,0,0,0,1,0,0,1,False,-1,-1,0,0,0,-1
2026-06-29 15:09:05.022,124.0121,False,17.16047,1.015325,-3.852933,0,0,0,1,0,0,1,False,-1,-1,0,0,0,-1
2026-06-29 15:09:05.055,124.0455,False,17.15851,1.01428,-3.859538,0,0,0,1,0,0,1,False,-1,-1,0,0,0,-1
2026-06-29 15:09:05.094,124.0843,False,17.15652,1.012706,-3.865341,0,0,0,1,0,0,1,False,-1,-1,0,0,0,-1
2026-06-29 15:09:05.134,124.1243,False,17.15317,1.009849,-3.87269,0,0,0,1,0,0,1,False,-1,-1,0,0,0,-1
2026-06-29 15:09:05.176,124.1679,False,17.15035,1.006438,-3.877696,0,0,0,1,0,0,1,False,-1,-1,0,0,0,-1
2026-06-29 15:09:05.211,124.2012,False,17.14795,1.004194,-3.880763,0,0,0,1,0,0,1,False,-1,-1,0,0,0,-1
2026-06-29 15:09:05.250,124.2406,False,17.14616,1.002401,-3.883327,0,0,0,1,0,0,1,False,-1,-1,0,0,0,-1
2026-06-29 15:09:05.307,124.2907,False,17.14283,1.000315,-3.886025,0,0,0,1,0,0,1,False,-1,-1,0,0,0,-1
2026-06-29 15:09:05.348,124.3314,False,17.14011,0.9991146,-3.888353,0,0,0,1,0,0,1,False,-1,-1,0,0,0,-1
2026-06-29 15:09:05.385,124.3686,False,17.13774,0.9990811,-3.890013,0,0,0,1,0,0,1,False,-1,-1,0,0,0,-1
2026-06-29 15:09:05.432,124.4154,False,17.13545,0.9991575,-3.892177,0,0,0,1,0,0,1,False,-1,-1,0,0,0,-1
2026-06-29 15:09:05.471,124.4541,False,17.13239,0.9986939,-3.895073,0,0,0,1,0,0,1,False,-1,-1,0,0,0,-1
2026-06-29 15:09:05.510,124.4935,False,17.12959,0.9974883,-3.89718,0,0,0,1,0,0,1,False,-1,-1,0,0,0,-1
2026-06-29 15:09:05.550,124.5322,False,17.12733,0.9963917,-3.899166,0,0,0,1,0,0,1,False,-1,-1,0,0,0,-1
2026-06-29 15:09:05.591,124.5751,False,17.12502,0.9951935,-3.901191,0,0,0,1,0,0,1,False,-1,-1,0,0,0,-1
2026-06-29 15:09:05.635,124.6192,False,17.12317,0.9943181,-3.902575,0,0,0,1,0,0,1,False,-1,-1,0,0,0,-1
2026-06-29 15:09:05.680,124.6632,False,17.12116,0.99387,-3.902514,0,0,0,1,0,0,1,False,-1,-1,0,0,0,-1
2026-06-29 15:09:05.725,124.7073,False,17.1189,0.9936067,-3.901725,0,0,0,1,0,0,1,False,-1,-1,0,0,0,-1
2026-06-29 15:09:05.768,124.7523,False,17.11656,0.9934997,-3.899448,0,0,0,1,0,0,1,False,-1,-1,0,0,0,-1
2026-06-29 15:09:05.814,124.796,False,17.11408,0.9935119,-3.8963,0,0,0,1,0,0,1,False,-1,-1,0,0,0,-1
2026-06-29 15:09:05.858,124.8407,False,17.11083,0.9923651,-3.892815,0,0,0,1,0,0,1,False,-1,-1,0,0,0,-1
2026-06-29 15:09:05.913,124.8953,False,17.10897,0.9910332,-3.890909,0,0,0,1,0,0,1,False,-1,-1,0,0,0,-1
2026-06-29 15:09:05.954,124.9365,False,17.10817,0.990566,-3.89029,0,0,0,1,0,0,1,False,-1,-1,0,0,0,-1
2026-06-29 15:09:05.995,124.9797,False,17.1071,0.9907896,-3.890699,0,0,0,1,0,0,1,False,-1,-1,0,0,0,-1
2026-06-29 15:09:06.035,125.0189,False,17.10644,0.9917486,-3.891691,0,0,0,1,0,0,1,False,-1,-1,0,0,0,-1
2026-06-29 15:09:06.086,125.0697,False,17.10676,0.9923513,-3.893555,0,0,0,1,0,0,1,False,-1,-1,0,0,0,-1
2026-06-29 15:09:06.126,125.1103,False,17.10739,0.9922166,-3.894704,0,0,0,1,0,0,1,False,-1,-1,0,0,0,-1
2026-06-29 15:09:06.164,125.147,False,17.10831,0.991887,-3.894813,0,0,0,1,0,0,1,False,-1,-1,0,0,0,-1
2026-06-29 15:09:06.217,125.2016,False,17.10916,0.9907122,-3.89363,0,0,0,1,0,0,1,False,-1,-1,0,0,0,-1
2026-06-29 15:09:06.259,125.2406,False,17.10915,0.9898391,-3.893029,0,0,0,1,0,0,1,False,-1,-1,0,0,0,-1
2026-06-29 15:09:06.300,125.2832,False,17.10814,0.9880103,-3.893617,0,0,0,1,0,0,1,False,-1,-1,0,0,0,-1
2026-06-29 15:09:06.330,125.3199,False,20.92617,0.9858986,-13.42836,0,0,0,1,0,0,1,False,-1,-1,0,0,0,-1
2026-06-29 15:09:06.366,125.357,False,20.92686,0.984051,-13.42776,0,0,0,1,0,0,1,False,-1,-1,0,0,0,-1
2026-06-29 15:09:06.411,125.4011,False,20.92677,0.982181,-13.42631,0,0,0,1,0,0,1,False,-1,-1,0,0,0,-1
2026-06-29 15:09:06.455,125.4449,False,20.92817,0.9802969,-13.42432,0,0,0,1,0,0,1,False,-1,-1,0,0,0,-1
2026-06-29 15:09:06.488,125.4785,False,20.93022,0.9792536,-13.42276,0,0,0,1,0,0,1,False,-1,-1,0,0,0,-1
2026-06-29 15:09:06.533,125.5233,False,20.934,0.9785084,-13.4217,0,0,0,1,0,0,1,False,-1,-1,0,0,0,-1
2026-06-29 15:09:06.565,125.5567,False,20.93676,0.9784029,-13.42184,0,0,0,1,0,0,1,False,-1,-1,0,0,0,-1
2026-06-29 15:09:06.610,125.6006,False,20.93976,0.9780746,-13.42404,0,0,0,1,0,0,1,False,-1,-1,0,0,0,-1
2026-06-29 15:09:06.644,125.6342,False,20.94145,0.9781896,-13.42609,0,0,0,1,0,0,1,False,-1,-1,0,0,0,-1
2026-06-29 15:09:06.689,125.6789,False,20.94266,0.9780306,-13.42936,0,0,0,1,0,0,1,False,-1,-1,0,0,0,-1
2026-06-29 15:09:06.733,125.7227,False,20.94229,0.9778573,-13.43154,0,0,0,1,0,0,1,False,-1,-1,0,0,0,-1
2026-06-29 15:09:06.776,125.7668,False,20.94166,0.9778984,-13.43359,0,0,0,1,0,0,1,False,-1,-1,0,0,0,-1
2026-06-29 15:09:06.817,125.8075,False,20.94074,0.9777212,-13.43516,0,0,0,1,0,0,1,False,-1,-1,0,0,0,-1
2026-06-29 15:09:06.854,125.8449,False,20.93952,0.9776753,-13.43737,0,0,0,1,0,0,1,False,-1,-1,0,0,0,-1
2026-06-29 15:09:06.899,125.8891,False,20.93791,0.9779457,-13.44017,0,0,0,1,0,0,1,False,-1,-1,0,0,0,-1
2026-06-29 15:09:06.945,125.9347,False,20.93648,0.9780284,-13.4441,0,0,0,1,0,0,1,False,-1,-1,0,0,0,-1
2026-06-29 15:09:06.987,125.9781,False,20.93447,0.976697,-13.44957,0,0,0,1,0,0,1,False,-1,-1,0,0,0,-1
2026-06-29 15:09:07.032,126.0223,False,20.93173,0.9740735,-13.45623,0,0,0,1,0,0,1,False,-1,-1,0,0,0,-1
2026-06-29 15:09:07.066,126.0558,False,20.92944,0.9718987,-13.46215,0,0,0,1,0,0,1,False,-1,-1,0,0,0,-1
2026-06-29 15:09:07.099,126.0893,False,20.92691,0.9693326,-13.46846,0,0,0,1,0,0,1,False,-1,-1,0,0,0,-1
2026-06-29 15:09:07.142,126.1334,False,20.92182,0.9650088,-13.47735,0,0,0,1,0,0,1,False,-1,-1,0,0,0,-1
2026-06-29 15:09:07.178,126.1679,False,20.91865,0.9609516,-13.48339,0,0,0,1,0,0,1,False,-1,-1,0,0,0,-1
2026-06-29 15:09:07.211,126.2013,False,20.91474,0.9562583,-13.48909,0,0,0,1,0,0,1,False,-1,-1,0,0,0,-1
2026-06-29 15:09:07.254,126.2445,False,20.90954,0.951196,-13.49481,0,0,0,1,0,0,1,False,-1,-1,0,0,0,-1
2026-06-29 15:09:07.288,126.2782,False,20.9077,0.9508805,-13.49724,0,0,0,1,0,0,1,False,-1,-1,0,0,0,-1
2026-06-29 15:09:07.332,126.3227,False,20.90672,0.9487961,-13.50051,0,0,0,1,0,0,1,False,-1,-1,0,0,0,-1
2026-06-29 15:09:07.377,126.3672,False,20.90646,0.944141,-13.50525,0,0,0,1,0,0,1,False,-1,-1,0,0,0,-1
2026-06-29 15:09:07.410,126.4006,False,20.90681,0.9406055,-13.50887,0,0,0,1,0,0,1,False,-1,-1,0,0,0,-1
2026-06-29 15:09:07.454,126.4444,False,20.90589,0.9342831,-13.51696,0,0,0,1,0,0,1,False,-1,-1,0,0,0,-1
2026-06-29 15:09:07.487,126.4779,False,20.90361,0.9270164,-13.52514,0,0,0,1,0,0,1,False,-1,-1,0,0,0,-1
2026-06-29 15:09:07.532,126.5226,False,20.89914,0.9156469,-13.53699,0,0,0,1,0,0,1,False,-1,-1,0,0,0,-1
2026-06-29 15:09:07.577,126.5667,False,20.89612,0.9058772,-13.54892,0,0,0,1,0,0,1,False,-1,-1,0,0,0,-1
2026-06-29 15:09:07.610,126.6003,False,20.89392,0.8994117,-13.5566,0,0,0,1,0,0,1,False,-1,-1,0,0,0,-1
2026-06-29 15:09:07.643,126.6338,False,20.8926,0.8938931,-13.56314,0,0,0,1,0,0,1,False,-1,-1,0,0,0,-1
2026-06-29 15:09:07.687,126.6781,False,20.89162,0.8874214,-13.57061,0,0,0,1,0,0,1,False,-1,-1,0,0,0,-1
2026-06-29 15:09:07.733,126.723,False,20.88997,0.881007,-13.5764,0,0,0,1,0,0,1,False,-1,-1,0,0,0,-1
2026-06-29 15:09:07.776,126.7664,False,20.88834,0.8757337,-13.58101,0,0,0,1,0,0,1,False,-1,-1,0,0,0,-1
2026-06-29 15:09:07.832,126.8141,False,20.88503,0.8758164,-13.58057,0,0,0,1,0,0,1,False,-1,-1,0,0,0,-1
2026-06-29 15:09:07.872,126.8548,False,20.88383,0.8765052,-13.58237,0,0,0,1,0,0,1,False,-1,-1,0,0,0,-1
2026-06-29 15:09:07.926,126.9091,False,20.88108,0.8773296,-13.58472,0,0,0,1,0,0,1,False,-1,-1,0,0,0,-1
2026-06-29 15:09:07.965,126.9479,False,20.87918,0.8787003,-13.58671,0,0,0,1,0,0,1,False,-1,-1,0,0,0,-1
2026-06-29 15:09:08.001,126.9837,False,20.87659,0.8804905,-13.58903,0,0,0,1,0,0,1,False,-1,-1,0,0,0,-1
2026-06-29 15:09:08.039,127.0222,False,20.87374,0.8822679,-13.59161,0,0,0,1,0,0,1,False,-1,-1,0,0,0,-1
2026-06-29 15:09:08.089,127.0719,False,20.86951,0.8863206,-13.59308,0,0,0,1,0,0,1,False,-1,-1,0,0,0,-1
2026-06-29 15:09:08.134,127.117,False,20.86806,0.8859075,-13.58916,0,0,0,1,0,0,1,False,-1,-1,0,0,0,-1
2026-06-29 15:09:08.179,127.1618,False,20.86201,0.885007,-13.58385,0,0,0,1,0,0,1,False,-1,-1,0,0,0,-1
2026-06-29 15:09:08.223,127.2059,False,20.85507,0.8892912,-13.5797,0,0,0,1,0,0,1,False,-1,-1,0,0,0,-1
2026-06-29 15:09:08.267,127.2501,False,20.85104,0.8964043,-13.57638,0,0,0,1,0,0,1,False,-1,-1,0,0,0,-1
2026-06-29 15:09:08.312,127.295,False,20.84885,0.9009432,-13.57859,0,0,0,1,0,0,1,False,-1,-1,0,0,0,-1
2026-06-29 15:09:08.357,127.3405,False,20.85035,0.9022703,-13.58435,0,0,0,1,0,0,1,False,-1,-1,0,0,0,-1
2026-06-29 15:09:08.399,127.3821,False,20.84939,0.8996117,-13.58888,0,0,0,1,0,0,1,False,-1,-1,0,0,0,-1
2026-06-29 15:09:08.447,127.4288,False,20.84782,0.8966369,-13.59167,0,0,0,1,0,0,1,False,-1,-1,0,0,0,-1
2026-06-29 15:09:08.489,127.4725,False,20.84748,0.8937251,-13.59132,0,0,0,1,0,0,1,False,-1,-1,0,0,0,-1
2026-06-29 15:09:08.534,127.5163,False,20.8481,0.8882247,-13.58827,0,0,0,1,0,0,1,False,-1,-1,0,0,0,-1
2026-06-29 15:09:08.576,127.5589,False,20.84842,0.8845014,-13.58469,0,0,0,1,0,0,1,False,-1,-1,0,0,0,-1
2026-06-29 15:09:08.611,127.5939,False,20.84826,0.88037,-13.58125,0,0,0,1,0,0,1,False,-1,-1,0,0,0,-1
2026-06-29 15:09:08.649,127.6312,False,20.84803,0.8753947,-13.57739,0,0,0,1,0,0,1,False,-1,-1,0,0,0,-1
2026-06-29 15:09:08.684,127.6682,False,20.84753,0.8729938,-13.57428,0,0,0,1,0,0,1,False,-1,-1,0,0,0,-1
2026-06-29 15:09:08.720,127.7032,False,20.84936,0.8758238,-13.57088,0,0,0,1,0,0,1,False,-1,-1,0,0,0,-1
2026-06-29 15:09:08.756,127.7388,False,20.85233,0.8817557,-13.56905,0,0,0,1,0,0,1,False,-1,-1,0,0,0,-1
2026-06-29 15:09:08.790,127.7758,False,20.8526,0.8833328,-13.56849,0,0,0,1,0,0,1,False,-1,-1,0,0,0,-1
2026-06-29 15:09:08.827,127.8093,False,20.85231,0.8833715,-13.5687,0,0,0,1,0,0,1,False,-1,-1,0,0,0,-1
2026-06-29 15:09:08.863,127.8462,False,20.85191,0.8848721,-13.56835,0,0,0,1,0,0,1,False,-1,-1,0,0,0,-1
2026-06-29 15:09:08.899,127.8807,False,20.85213,0.8847662,-13.56846,0,0,0,1,0,0,1,False,-1,-1,0,0,0,-1
2026-06-29 15:09:08.934,127.9172,False,20.85355,0.884192,-13.56986,0,0,0,1,0,0,1,False,-1,-1,0,0,0,-1
2026-06-29 15:09:08.969,127.9521,False,20.8551,0.8827015,-13.57016,0,0,0,1,0,0,1,False,-1,-1,0,0,0,-1
2026-06-29 15:09:09.013,127.9947,False,20.85696,0.8806541,-13.57053,0,0,0,1,0,0,1,False,-1,-1,0,0,0,-1
2026-06-29 15:09:09.050,128.0344,False,20.85959,0.8770349,-13.57088,0,0,0,1,0,0,1,False,-1,-1,0,0,0,-1
2026-06-29 15:09:09.087,128.0701,False,29.22208,0.8751169,-20.69883,0,0,0,1,0,0,1,False,-1,-1,0,0,0,-1
2026-06-29 15:09:09.125,128.1087,False,29.22528,0.8731816,-20.6992,0,0,0,1,0,0,1,False,-1,-1,0,0,0,-1
2026-06-29 15:09:09.161,128.1441,False,29.22683,0.8719429,-20.69966,0,0,0,1,0,0,1,False,-1,-1,0,0,0,-1
2026-06-29 15:09:09.199,128.1817,False,29.22835,0.8712424,-20.70006,0,0,0,1,0,0,1,False,-1,-1,0,0,0,-1
2026-06-29 15:09:09.238,128.22,False,29.23056,0.870034,-20.70038,0,0,0,1,0,0,1,False,-1,-1,0,0,0,-1
2026-06-29 15:09:09.278,128.2605,False,29.23196,0.8689813,-20.70048,0,0,0,1,0,0,1,False,-1,-1,0,0,0,-1
2026-06-29 15:09:09.319,128.3017,False,29.23361,0.8673956,-20.69995,0,0,0,1,0,0,1,False,-1,-1,0,0,0,-1
2026-06-29 15:09:09.353,128.3431,False,29.23503,0.8658429,-20.69846,0,0,0,1,0,0,1,False,-1,-1,0,0,0,-1
2026-06-29 15:09:09.397,128.3877,False,29.23569,0.8643572,-20.69708,0,0,0,1,0,0,1,False,-1,-1,0,0,0,-1
2026-06-29 15:09:09.431,128.4212,False,29.23716,0.8633994,-20.69608,0,0,0,1,0,0,1,False,-1,-1,0,0,0,-1
2026-06-29 15:09:09.475,128.4655,False,29.23856,0.8618632,-20.69489,0,0,0,1,0,0,1,False,-1,-1,0,0,0,-1
2026-06-29 15:09:09.518,128.5092,False,29.24034,0.8589756,-20.69335,0,0,0,1,0,0,1,False,-1,-1,0,0,0,-1
2026-06-29 15:09:09.552,128.543,False,29.24078,0.8559234,-20.6909,0,0,0,1,0,0,1,False,-1,-1,0,0,0,-1
2026-06-29 15:09:09.597,128.5871,False,29.23993,0.8533405,-20.68829,0,0,0,1,0,0,1,False,-1,-1,0,0,0,-1
2026-06-29 15:09:09.631,128.6207,False,29.23926,0.8530603,-20.68699,0,0,0,1,0,0,1,False,-1,-1,0,0,0,-1
2026-06-29 15:09:09.675,128.6656,False,29.23709,0.8510348,-20.68474,0,0,0,1,0,0,1,False,-1,-1,0,0,0,-1
2026-06-29 15:09:09.719,128.7096,False,29.23778,0.8499424,-20.67956,0,0,0,1,0,0,1,False,-1,-1,0,0,0,-1
2026-06-29 15:09:09.763,128.7535,False,29.23717,0.8477007,-20.67632,0,0,0,1,0,0,1,False,-1,-1,0,0,0,-1
2026-06-29 15:09:09.797,128.7874,False,29.23715,0.8460356,-20.67402,0,0,0,1,0,0,1,False,-1,-1,0,0,0,-1
2026-06-29 15:09:09.840,128.8315,False,29.23754,0.8431841,-20.6696,0,0,0,1,0,0,1,False,-1,-1,0,0,0,-1
2026-06-29 15:09:09.875,128.8651,False,29.23804,0.8408861,-20.66637,0,0,0,1,0,0,1,False,-1,-1,0,0,0,-1
2026-06-29 15:09:09.910,128.9011,False,29.2396,0.8388945,-20.66275,0,0,0,1,0,0,1,False,-1,-1,0,0,0,-1
2026-06-29 15:09:09.945,128.9353,False,29.24002,0.8365494,-20.66012,0,0,0,1,0,0,1,False,-1,-1,0,0,0,-1
2026-06-29 15:09:09.979,128.9692,False,29.23995,0.8346461,-20.65778,0,0,0,1,0,0,1,False,-1,-1,0,0,0,-1
2026-06-29 15:09:10.014,129.004,False,29.23904,0.8338328,-20.65611,0,0,0,1,0,0,1,False,-1,-1,0,0,0,-1
2026-06-29 15:09:10.047,129.0374,False,29.23749,0.8333666,-20.65551,0,0,0,1,0,0,1,False,-1,-1,0,0,0,-1
2026-06-29 15:09:10.092,129.0817,False,29.23501,0.8324606,-20.65512,0,0,0,1,0,0,1,False,-1,-1,0,0,0,-1
2026-06-29 15:09:10.135,129.1254,False,29.23272,0.8310169,-20.65443,0,0,0,1,0,0,1,False,-1,-1,0,0,0,-1
2026-06-29 15:09:10.169,129.1589,False,29.23228,0.8294597,-20.65342,0,0,0,1,0,0,1,False,-1,-1,0,0,0,-1
2026-06-29 15:09:10.202,129.1926,False,29.2317,0.8270388,-20.65202,0,0,0,1,0,0,1,False,-1,-1,0,0,0,-1
2026-06-29 15:09:10.246,129.2367,False,29.2313,0.8234028,-20.64989,0,0,0,1,0,0,1,False,-1,-1,0,0,0,-1
2026-06-29 15:09:10.291,129.2816,False,29.2314,0.8198549,-20.6474,0,0,0,1,0,0,1,False,-1,-1,0,0,0,-1
2026-06-29 15:09:10.335,129.3258,False,29.23263,0.81611,-20.64431,0,0,0,1,0,0,1,False,-1,-1,0,0,0,-1
2026-06-29 15:09:10.379,129.37,False,29.23502,0.8127286,-20.64136,0,0,0,1,0,0,1,False,-1,-1,0,0,0,-1
2026-06-29 15:09:10.424,129.4146,False,29.23749,0.8101187,-20.63935,0,0,0,1,0,0,1,False,-1,-1,0,0,0,-1
2026-06-29 15:09:10.469,129.4599,False,29.24007,0.8092247,-20.63929,0,0,0,1,0,0,1,False,-1,-1,0,0,0,-1
2026-06-29 15:09:10.517,129.5043,False,29.2417,0.8093855,-20.64054,0,0,0,1,0,0,1,False,-1,-1,0,0,0,-1
2026-06-29 15:09:10.558,129.5484,False,29.24282,0.8102605,-20.64198,0,0,0,1,0,0,1,False,-1,-1,0,0,0,-1
2026-06-29 15:09:10.602,129.5922,False,29.24404,0.8111989,-20.64287,0,0,0,1,0,0,1,False,-1,-1,0,0,0,-1
2026-06-29 15:09:10.646,129.6368,False,29.2457,0.8120006,-20.64292,0,0,0,1,0,0,1,False,-1,-1,0,0,0,-1
2026-06-29 15:09:10.690,129.6805,False,29.24817,0.8136409,-20.64223,0,0,0,1,0,0,1,False,-1,-1,0,0,0,-1
2026-06-29 15:09:10.735,129.7255,False,29.25127,0.8175054,-20.64167,0,0,0,1,0,0,1,False,-1,-1,0,0,0,-1
2026-06-29 15:09:10.769,129.7591,False,29.2572,0.8233527,-20.63971,0,0,0,1,0,0,1,False,-1,-1,0,0,0,-1
2026-06-29 15:09:10.813,129.8031,False,29.26023,0.8290517,-20.63897,0,0,0,1,0,0,1,False,-1,-1,0,0,0,-1
2026-06-29 15:09:10.857,129.8476,False,29.26221,0.8331958,-20.63858,0,0,0,1,0,0,1,False,-1,-1,0,0,0,-1
2026-06-29 15:09:10.905,129.8962,False,29.26276,0.8351301,-20.63901,0,0,0,1,0,0,1,False,-1,-1,0,0,0,-1
2026-06-29 15:09:10.943,129.9333,False,29.26272,0.8359632,-20.64004,0,0,0,1,0,0,1,False,-1,-1,0,0,0,-1
2026-06-29 15:09:10.986,129.977,False,29.26224,0.8356877,-20.64199,0,0,0,1,0,0,1,False,-1,-1,0,0,0,-1
2026-06-29 15:09:11.020,130.0105,False,29.26169,0.8347968,-20.64324,0,0,0,1,0,0,1,False,-1,-1,0,0,0,-1
2026-06-29 15:09:11.054,130.0443,False,29.25628,0.8316044,-20.6468,0,0,0,1,0,0,1,False,-1,-1,0,0,0,-1
2026-06-29 15:09:11.097,130.0883,False,29.25533,0.8309029,-20.6472,0,0,0,1,0,0,1,False,-1,-1,0,0,0,-1
2026-06-29 15:09:11.131,130.1219,False,29.25497,0.8306866,-20.64799,0,0,0,1,0,0,1,False,-1,-1,0,0,0,-1
2026-06-29 15:09:11.164,130.1552,False,29.25281,0.8307807,-20.64561,0,0,0,1,0,0,1,False,-1,-1,0,0,0,-1
2026-06-29 15:09:11.198,130.1885,False,29.25198,0.8300199,-20.64457,0,0,0,1,0,0,1,False,-1,-1,0,0,0,-1
2026-06-29 15:09:11.242,130.2325,False,29.2508,0.8294904,-20.64272,0,0,0,1,0,0,1,False,-1,-1,0,0,0,-1
2026-06-29 15:09:11.277,130.2666,False,29.25034,0.8293624,-20.64148,0,0,0,1,0,0,1,False,-1,-1,0,0,0,-1
2026-06-29 15:09:11.310,130.3005,False,29.25032,0.8293393,-20.64008,0,0,0,1,0,0,1,False,-1,-1,0,0,0,-1
2026-06-29 15:09:11.344,130.3342,False,29.25045,0.828838,-20.63852,0,0,0,1,0,0,1,False,-1,-1,0,0,0,-1
2026-06-29 15:09:11.378,130.3681,False,29.25094,0.8281121,-20.63694,0,0,0,1,0,0,1,False,-1,-1,0,0,0,-1
2026-06-29 15:09:11.412,130.4023,False,29.25166,0.8274825,-20.63567,0,0,0,1,0,0,1,False,-1,-1,0,0,0,-1
2026-06-29 15:09:11.456,130.4469,False,29.25163,0.8262168,-20.63446,0,0,0,1,0,0,1,False,-1,-1,0,0,0,-1
2026-06-29 15:09:11.491,130.4805,False,29.25105,0.8254663,-20.63383,0,0,0,1,0,0,1,False,-1,-1,0,0,0,-1
2026-06-29 15:09:11.537,130.5267,False,29.25032,0.824721,-20.63353,0,0,0,1,0,0,1,False,-1,-1,0,0,0,-1
2026-06-29 15:09:11.579,130.5694,False,29.24861,0.823433,-20.63382,0,0,0,1,0,0,1,False,-1,-1,0,0,0,-1
2026-06-29 15:09:11.623,130.6133,False,29.24817,0.8227799,-20.6341,0,0,0,1,0,0,1,False,-1,-1,0,0,0,-1
2026-06-29 15:09:11.657,130.6472,False,29.24787,0.8220606,-20.63443,0,0,0,1,0,0,1,False,-1,-1,0,0,0,-1
2026-06-29 15:09:11.697,130.6869,False,29.24791,0.8205703,-20.63451,0,0,0,1,0,0,1,False,-1,-1,0,0,0,-1
2026-06-29 15:09:11.730,130.7207,False,29.2478,0.8201143,-20.63508,0,0,0,1,0,0,1,False,-1,-1,0,0,0,-1
2026-06-29 15:09:11.774,130.7649,False,29.25006,0.8233001,-20.63605,0,0,0,1,0,0,1,False,-1,-1,0,0,0,-1
2026-06-29 15:09:11.807,130.7987,False,29.25112,0.8256146,-20.63727,0,0,0,1,0,0,1,False,-1,-1,0,0,0,-1
2026-06-29 15:09:11.852,130.8428,False,29.25244,0.8305251,-20.63951,0,0,0,1,0,0,1,False,-1,-1,0,0,0,-1
2026-06-29 15:09:11.896,130.8869,False,29.25183,0.8339249,-20.64495,0,0,0,1,0,0,1,False,-1,-1,0,0,0,-1
2026-06-29 15:09:11.930,130.9203,False,29.24918,0.8363117,-20.64981,0,0,0,1,0,0,1,False,-1,-1,0,0,0,-1
2026-06-29 15:09:11.963,130.9541,False,29.24595,0.8380992,-20.65407,0,0,0,1,0,0,1,False,-1,-1,0,0,0,-1
2026-06-29 15:09:12.007,130.998,False,29.24108,0.8403646,-20.65852,0,0,0,1,0,0,1,False,-1,-1,0,0,0,-1
2026-06-29 15:09:12.041,131.0314,False,29.2383,0.841218,-20.66093,0,0,0,1,0,0,1,False,-1,-1,0,0,0,-1
2026-06-29 15:09:12.075,131.0649,False,29.23634,0.8417552,-20.66234,0,0,0,1,0,0,1,False,-1,-1,0,0,0,-1
2026-06-29 15:09:12.119,131.1091,False,29.23452,0.8420473,-20.66388,0,0,0,1,0,0,1,False,-1,-1,0,0,0,-1
2026-06-29 15:09:12.152,131.1429,False,29.23333,0.841866,-20.66458,0,0,0,1,0,0,1,False,-1,-1,0,0,0,-1
2026-06-29 15:09:12.196,131.1871,False,29.23096,0.8418389,-20.66524,0,0,0,1,0,0,1,False,-1,-1,0,0,0,-1
2026-06-29 15:09:12.231,131.2209,False,29.22896,0.8421248,-20.6654,0,0,0,1,0,0,1,False,-1,-1,0,0,0,-1
2026-06-29 15:09:12.265,131.2551,False,29.22711,0.8426944,-20.66492,0,0,0,1,0,0,1,False,-1,-1,0,0,0,-1
2026-06-29 15:09:12.299,131.2894,False,29.22552,0.843376,-20.66429,0,0,0,1,0,0,1,False,-1,-1,0,0,0,-1
2026-06-29 15:09:12.333,131.3231,False,29.22456,0.8446261,-20.66232,0,0,0,1,0,0,1,False,-1,-1,0,0,0,-1
2026-06-29 15:09:12.366,131.3572,False,29.22402,0.8454714,-20.65956,0,0,0,1,0,0,1,False,-1,-1,0,0,0,-1
2026-06-29 15:09:12.401,131.3913,False,29.2242,0.8464072,-20.65662,0,0,0,1,0,0,1,False,-1,-1,0,0,0,-1
2026-06-29 15:09:12.445,131.4355,False,29.22458,0.8470639,-20.65205,0,0,0,1,0,0,1,False,-1,-1,0,0,0,-1
2026-06-29 15:09:12.489,131.4796,False,29.22515,0.8476557,-20.6482,0,0,0,1,0,0,1,False,-1,-1,0,0,0,-1
2026-06-29 15:09:12.523,131.5136,False,29.22504,0.848043,-20.64607,0,0,0,1,0,0,1,False,-1,-1,0,0,0,-1
2026-06-29 15:09:12.568,131.558,False,29.22406,0.8480359,-20.64442,0,0,0,1,0,0,1,False,-1,-1,0,0,0,-1
2026-06-29 15:09:12.612,131.6026,False,29.22274,0.8475779,-20.64322,0,0,0,1,0,0,1,False,-1,-1,0,0,0,-1
2026-06-29 15:09:12.646,131.6365,False,29.2222,0.8472636,-20.64268,0,0,0,1,0,0,1,False,-1,-1,0,0,0,-1
2026-06-29 15:09:12.690,131.68,False,29.2219,0.846827,-20.64218,0,0,0,1,0,0,1,False,-1,-1,0,0,0,-1
2026-06-29 15:09:12.734,131.7242,False,29.22172,0.8454902,-20.6411,0,0,0,1,0,0,1,False,-1,-1,0,0,0,-1
2026-06-29 15:09:12.768,131.7578,False,29.22198,0.8441767,-20.6399,0,0,0,1,0,0,1,False,-1,-1,0,0,0,-1
2026-06-29 15:09:12.812,131.8021,False,29.22307,0.8415497,-20.63816,0,0,0,1,0,0,1,False,-1,-1,0,0,0,-1
2026-06-29 15:09:12.856,131.8463,False,29.22493,0.8382586,-20.63587,0,0,0,1,0,0,1,False,-1,-1,0,0,0,-1
2026-06-29 15:09:12.889,131.8799,False,29.22669,0.8356459,-20.63397,0,0,0,1,0,0,1,False,-1,-1,0,0,0,-1
2026-06-29 15:09:12.933,131.9156,False,29.22883,0.8328503,-20.63204,0,0,0,1,0,0,1,False,-1,-1,0,0,0,-1
2026-06-29 15:09:12.972,131.9574,False,29.23093,0.8307844,-20.63125,0,0,0,1,0,0,1,False,-1,-1,0,0,0,-1
2026-06-29 15:09:13.012,131.996,False,29.23363,0.8281837,-20.63078,0,0,0,1,0,0,1,False,-1,-1,0,0,0,-1
2026-06-29 15:09:13.049,132.0332,False,29.23627,0.8258497,-20.63132,0,0,0,1,0,0,1,False,-1,-1,0,0,0,-1
2026-06-29 15:09:13.086,132.0689,False,29.23888,0.8232746,-20.63285,0,0,0,1,0,0,1,False,-1,-1,0,0,0,-1
2026-06-29 15:09:13.121,132.1028,False,29.24055,0.822394,-20.63413,0,0,0,1,0,0,1,False,-1,-1,0,0,0,-1
2026-06-29 15:09:13.162,132.1429,False,29.24377,0.819827,-20.63584,0,0,0,1,0,0,1,False,-1,-1,0,0,0,-1
2026-06-29 15:09:13.204,132.1851,False,29.24767,0.8166085,-20.63717,0,0,0,1,0,0,1,False,-1,-1,0,0,0,-1
2026-06-29 15:09:13.248,132.2326,False,29.25445,0.8110352,-20.63866,0,0,0,1,0,0,1,False,-1,-1,0,0,0,-1
2026-06-29 15:09:13.297,132.2818,False,29.26167,0.8043644,-20.63891,0,0,0,1,0,0,1,False,-1,-1,0,0,0,-1
2026-06-29 15:09:13.366,132.3491,False,29.26783,0.8049942,-20.63705,0,0,0,1,0,0,1,False,-1,-1,0,0,0,-1
2026-06-29 15:09:13.431,132.4147,False,29.27025,0.8126968,-20.63459,0,0,0,1,0,0,1,False,-1,-1,0,0,0,-1
2026-06-29 15:09:13.465,132.4487,False,29.27017,0.8171753,-20.63439,0,0,0,1,0,0,1,False,-1,-1,0,0,0,-1
2026-06-29 15:09:13.531,132.5149,False,29.26823,0.8264461,-20.63261,0,0,0,1,0,0,1,False,-1,-1,0,0,0,-1
2026-06-29 15:09:13.598,132.5819,False,29.26718,0.8381417,-20.62782,0,0,0,1,0,0,1,False,-1,-1,0,0,0,-1
2026-06-29 15:09:13.665,132.6487,False,29.26696,0.8498129,-20.62322,0,0,0,1,0,0,1,False,-1,-1,0,0,0,-1
2026-06-29 15:09:13.702,132.683,False,29.26624,0.8550139,-20.62076,0,0,0,1,0,0,1,False,-1,-1,0,0,0,-1
2026-06-29 15:09:13.766,132.7486,False,29.26416,0.8626588,-20.61657,0,0,0,1,0,0,1,False,-1,-1,0,0,0,-1
2026-06-29 15:09:13.831,132.8147,False,29.26139,0.8661848,-20.61384,0,0,0,1,0,0,1,False,-1,-1,0,0,0,-1
2026-06-29 15:09:13.898,132.8814,False,29.25834,0.8666564,-20.61242,0,0,0,1,0,0,1,False,-1,-1,0,0,0,-1
2026-06-29 15:09:13.932,132.9155,False,29.2579,0.8665046,-20.61189,0,0,0,1,0,0,1,False,-1,-1,0,0,0,-1
2026-06-29 15:09:13.966,132.9492,False,29.25702,0.8659174,-20.61307,0,0,0,1,0,0,1,False,-1,-1,0,0,0,-1
2026-06-29 15:09:14.008,132.9915,False,29.25543,0.8650224,-20.615,0,0,0,1,0,0,1,False,-1,-1,0,0,0,-1
2026-06-29 15:09:14.051,133.0349,False,29.25303,0.8635569,-20.61773,0,0,0,1,0,0,1,False,-1,-1,0,0,0,-1
2026-06-29 15:09:14.097,133.0812,False,29.25024,0.8608894,-20.6208,0,0,0,1,0,0,1,False,-1,-1,0,0,0,-1
2026-06-29 15:09:14.144,133.1262,False,29.24784,0.858829,-20.62332,0,0,0,1,0,0,1,False,-1,-1,0,0,0,-1
2026-06-29 15:09:14.188,133.1725,False,29.24585,0.8570327,-20.62613,0,0,0,1,0,0,1,False,-1,-1,0,0,0,-1
2026-06-29 15:09:14.233,133.2168,False,29.24433,0.8552737,-20.62879,0,0,0,1,0,0,1,False,-1,-1,0,0,0,-1
2026-06-29 15:09:14.287,133.2694,False,29.24329,0.853757,-20.62996,0,0,0,1,0,0,1,False,-1,-1,0,0,0,-1
2026-06-29 15:09:14.325,133.3086,False,29.24294,0.8526758,-20.63136,0,0,0,1,0,0,1,False,-1,-1,0,0,0,-1
2026-06-29 15:09:14.366,133.3509,False,29.24302,0.8524731,-20.63238,0,0,0,1,0,0,1,False,-1,-1,0,0,0,-1
2026-06-29 15:09:14.397,133.3866,False,29.24317,0.8522595,-20.63268,0,0,0,1,0,0,1,False,-1,-1,0,0,0,-1
2026-06-29 15:09:14.441,133.4311,False,29.24337,0.8519846,-20.63256,0,0,0,1,0,0,1,False,-1,-1,0,0,0,-1
2026-06-29 15:09:14.485,133.4748,False,29.24321,0.8521903,-20.63248,0,0,0,1,0,0,1,False,-1,-1,0,0,0,-1
2026-06-29 15:09:14.529,133.519,False,29.24247,0.8529096,-20.63241,0,0,0,1,0,0,1,False,-1,-1,0,0,0,-1
2026-06-29 15:09:14.573,133.5631,False,29.2418,0.8539911,-20.6324,0,0,0,1,0,0,1,False,-1,-1,0,0,0,-1
2026-06-29 15:09:14.617,133.6078,False,29.24157,0.8562236,-20.6324,0,0,0,1,0,0,1,False,-1,-1,0,0,0,-1
2026-06-29 15:09:14.662,133.6532,False,29.2415,0.8598195,-20.63248,0,0,0,1,0,0,1,False,-1,-1,0,0,0,-1
2026-06-29 15:09:14.706,133.6969,False,29.24124,0.8655238,-20.63184,0,0,0,1,0,0,1,False,-1,-1,0,0,0,-1
2026-06-29 15:09:14.741,133.7306,False,29.2413,0.869881,-20.6316,0,0,0,1,0,0,1,False,-1,-1,0,0,0,-1
2026-06-29 15:09:14.784,133.7743,False,29.24187,0.8782367,-20.631,0,0,0,1,0,0,1,False,-1,-1,0,0,0,-1
2026-06-29 15:09:14.830,133.8198,False,29.24169,0.8871564,-20.62959,0,0,0,1,0,0,1,False,-1,-1,0,0,0,-1
2026-06-29 15:09:14.874,133.8635,False,29.24111,0.8949953,-20.62758,0,0,0,1,0,0,1,False,-1,-1,0,0,0,-1
2026-06-29 15:09:14.917,133.9077,False,29.2404,0.9020174,-20.62514,0,0,0,1,0,0,1,False,-1,-1,0,0,0,-1
2026-06-29 15:09:14.962,133.9522,False,29.23934,0.9078236,-20.62328,0,0,0,1,0,0,1,False,-1,-1,0,0,0,-1
2026-06-29 15:09:15.006,133.9967,False,29.23837,0.9119472,-20.62165,0,0,0,1,0,0,1,False,-1,-1,0,0,0,-1
2026-06-29 15:09:15.051,134.0408,False,29.23749,0.9162968,-20.62025,0,0,0,1,0,0,1,False,-1,-1,0,0,0,-1
2026-06-29 15:09:15.094,134.0854,False,29.23713,0.9208926,-20.61878,0,0,0,1,0,0,1,False,-1,-1,0,0,0,-1
2026-06-29 15:09:15.140,134.1302,False,29.23645,0.9263223,-20.61679,0,0,0,1,0,0,1,False,-1,-1,0,0,0,-1
2026-06-29 15:09:15.185,134.1754,False,29.2358,0.9322845,-20.61477,0,0,0,1,0,0,1,False,-1,-1,0,0,0,-1
2026-06-29 15:09:15.228,134.2184,False,29.23463,0.9376069,-20.61347,0,0,0,1,0,0,1,False,-1,-1,0,0,0,-1
2026-06-29 15:09:15.272,134.2626,False,29.23255,0.9447073,-20.61202,0,0,0,1,0,0,1,False,-1,-1,0,0,0,-1
2026-06-29 15:09:15.305,134.2962,False,29.23084,0.950245,-20.61066,0,0,0,1,0,0,1,False,-1,-1,0,0,0,-1
2026-06-29 15:09:15.340,134.3299,False,29.22925,0.9554875,-20.60951,0,0,0,1,0,0,1,False,-1,-1,0,0,0,-1
2026-06-29 15:09:15.375,134.3656,False,29.2278,0.9601567,-20.60838,0,0,0,1,0,0,1,False,-1,-1,0,0,0,-1
2026-06-29 15:09:15.419,134.4097,False,29.22586,0.9660294,-20.60668,0,0,0,1,0,0,1,False,-1,-1,0,0,0,-1
2026-06-29 15:09:15.463,134.4536,False,29.22404,0.9711762,-20.6052,0,0,0,1,0,0,1,False,-1,-1,0,0,0,-1
2026-06-29 15:09:15.508,134.4912,False,29.22293,0.9736395,-20.60466,0,0,0,1,0,0,1,False,-1,-1,0,0,0,-1
2026-06-29 15:09:15.560,134.5423,False,29.22062,0.9801844,-20.60342,0,0,0,1,0,0,1,False,-1,-1,0,0,0,-1
2026-06-29 15:09:15.596,134.5786,False,29.21968,0.98415,-20.60294,0,0,0,1,0,0,1,False,-1,-1,0,0,0,-1
2026-06-29 15:09:15.636,134.6182,False,29.21844,0.9901939,-20.60193,0,0,0,1,0,0,1,False,-1,-1,0,0,0,-1
2026-06-29 15:09:15.678,134.6588,False,29.2168,0.995332,-20.60137,0,0,0,1,0,0,1,False,-1,-1,0,0,0,-1
2026-06-29 15:09:15.712,134.6952,False,29.21406,1.002269,-20.60096,0,0,0,1,0,0,1,False,-1,-1,0,0,0,-1
2026-06-29 15:09:15.749,134.7341,False,29.21161,1.007159,-20.60093,0,0,0,1,0,0,1,False,-1,-1,0,0,0,-1
2026-06-29 15:09:15.788,134.769,False,29.20925,1.011455,-20.60126,0,0,0,1,0,0,1,False,-1,-1,0,0,0,-1
2026-06-29 15:09:15.826,134.8089,False,29.20632,1.015778,-20.60189,0,0,0,1,0,0,1,False,-1,-1,0,0,0,-1
2026-06-29 15:09:15.874,134.8575,False,29.20425,1.01752,-20.60246,0,0,0,1,0,0,1,False,-1,-1,0,0,0,-1
2026-06-29 15:09:15.909,134.8924,False,29.2031,1.017996,-20.60282,0,0,0,1,0,0,1,False,-1,-1,0,0,0,-1
2026-06-29 15:09:15.945,134.9275,False,29.20341,1.016224,-20.60325,0,0,0,1,0,0,1,False,-1,-1,0,0,0,-1
2026-06-29 15:09:15.991,134.9734,False,29.20443,1.011801,-20.60392,0,0,0,1,0,0,1,False,-1,-1,0,0,0,-1
2026-06-29 15:09:16.044,135.0273,False,29.20678,1.003821,-20.60453,0,0,0,1,0,0,1,False,-1,-1,0,0,0,-1
2026-06-29 15:09:16.082,135.0669,False,29.20873,0.9985756,-20.60493,0,0,0,1,0,0,1,False,-1,-1,0,0,0,-1
2026-06-29 15:09:16.121,135.105,False,29.21128,0.9921151,-20.60558,0,0,0,1,0,0,1,False,-1,-1,0,0,0,-1
2026-06-29 15:09:16.175,135.1564,False,29.21395,0.9863608,-20.60609,0,0,0,1,0,0,1,False,-1,-1,0,0,0,-1
2026-06-29 15:09:16.218,135.198,False,29.21651,0.9811546,-20.60642,0,0,0,1,0,0,1,False,-1,-1,0,0,0,-1
2026-06-29 15:09:16.258,135.2407,False,29.21906,0.9765855,-20.60669,0,0,0,1,0,0,1,False,-1,-1,0,0,0,-1
2026-06-29 15:09:16.298,135.2818,False,29.2214,0.972313,-20.60672,0,0,0,1,0,0,1,False,-1,-1,0,0,0,-1
2026-06-29 15:09:16.350,135.3332,False,29.22332,0.9685235,-20.60645,0,0,0,1,0,0,1,False,-1,-1,0,0,0,-1
2026-06-29 15:09:16.385,135.3682,False,29.22532,0.9643549,-20.60636,0,0,0,1,0,0,1,False,-1,-1,0,0,0,-1
2026-06-29 15:09:16.428,135.4105,False,29.2269,0.9610646,-20.60629,0,0,0,1,0,0,1,False,-1,-1,0,0,0,-1
2026-06-29 15:09:16.466,135.4486,False,29.22895,0.9568145,-20.60592,0,0,0,1,0,0,1,False,-1,-1,0,0,0,-1
2026-06-29 15:09:16.502,135.4849,False,29.23063,0.9535528,-20.60588,0,0,0,1,0,0,1,False,-1,-1,0,0,0,-1
2026-06-29 15:09:16.541,135.5248,False,29.2325,0.9497409,-20.60551,0,0,0,1,0,0,1,False,-1,-1,0,0,0,-1
2026-06-29 15:09:16.579,135.5627,False,29.23401,0.946574,-20.60519,0,0,0,1,0,0,1,False,-1,-1,0,0,0,-1
2026-06-29 15:09:16.617,135.6012,False,29.23567,0.9428109,-20.60502,0,0,0,1,0,0,1,False,-1,-1,0,0,0,-1
2026-06-29 15:09:16.671,135.6528,False,29.23828,0.9350798,-20.6045,0,0,0,1,0,0,1,False,-1,-1,0,0,0,-1
2026-06-29 15:09:16.710,135.6915,False,29.24021,0.9279812,-20.60436,0,0,0,1,0,0,1,False,-1,-1,0,0,0,-1
2026-06-29 15:09:16.753,135.7364,False,29.24166,0.9226315,-20.604,0,0,0,1,0,0,1,False,-1,-1,0,0,0,-1
2026-06-29 15:09:16.801,135.7836,False,29.24398,0.9142251,-20.60368,0,0,0,1,0,0,1,False,-1,-1,0,0,0,-1
2026-06-29 15:09:16.841,135.8249,False,29.24535,0.9078059,-20.60361,0,0,0,1,0,0,1,False,-1,-1,0,0,0,-1
2026-06-29 15:09:16.881,135.8635,False,29.24616,0.9035685,-20.60382,0,0,0,1,0,0,1,False,-1,-1,0,0,0,-1
2026-06-29 15:09:16.917,135.9005,False,29.24694,0.8996441,-20.60425,0,0,0,1,0,0,1,False,-1,-1,0,0,0,-1
2026-06-29 15:09:16.968,135.9516,False,29.24778,0.8942202,-20.60454,0,0,0,1,0,0,1,False,-1,-1,0,0,0,-1
2026-06-29 15:09:17.009,135.9915,False,29.24832,0.8910484,-20.60475,0,0,0,1,0,0,1,False,-1,-1,0,0,0,-1
2026-06-29 15:09:17.045,136.0311,False,29.2488,0.8892545,-20.60498,0,0,0,1,0,0,1,False,-1,-1,0,0,0,-1
2026-06-29 15:09:17.084,136.0678,False,29.24916,0.8875474,-20.60498,0,0,0,1,0,0,1,False,-1,-1,0,0,0,-1
2026-06-29 15:09:17.137,136.1208,False,29.2496,0.8849486,-20.60453,0,0,0,1,0,0,1,False,-1,-1,0,0,0,-1
2026-06-29 15:09:17.178,136.1609,False,29.24967,0.8841607,-20.60405,0,0,0,1,0,0,1,False,-1,-1,0,0,0,-1
2026-06-29 15:09:17.218,136.2006,False,29.24951,0.8846565,-20.60357,0,0,0,1,0,0,1,False,-1,-1,0,0,0,-1
2026-06-29 15:09:17.259,136.2419,False,29.24904,0.8861822,-20.60305,0,0,0,1,0,0,1,False,-1,-1,0,0,0,-1
2026-06-29 15:09:17.308,136.2915,False,29.24822,0.8894573,-20.60261,0,0,0,1,0,0,1,False,-1,-1,0,0,0,-1
2026-06-29 15:09:17.348,136.3315,False,29.24747,0.8915,-20.60225,0,0,0,1,0,0,1,False,-1,-1,0,0,0,-1
2026-06-29 15:09:17.390,136.3732,False,29.24681,0.893663,-20.60187,0,0,0,1,0,0,1,False,-1,-1,0,0,0,-1
2026-06-29 15:09:17.435,136.4252,False,29.24606,0.8946565,-20.60162,0,0,0,1,0,0,1,False,-1,-1,0,0,0,-1
2026-06-29 15:09:17.471,136.4619,False,29.24529,0.8942052,-20.60156,0,0,0,1,0,0,1,False,-1,-1,0,0,0,-1
2026-06-29 15:09:17.505,136.4955,False,29.245,0.893145,-20.60179,0,0,0,1,0,0,1,False,-1,-1,0,0,0,-1
2026-06-29 15:09:17.549,136.5396,False,29.24415,0.8915021,-20.60231,0,0,0,1,0,0,1,False,-1,-1,0,0,0,-1
2026-06-29 15:09:17.594,136.5841,False,29.24345,0.8901297,-20.60306,0,0,0,1,0,0,1,False,-1,-1,0,0,0,-1
2026-06-29 15:09:17.627,136.6176,False,29.24311,0.8896953,-20.60359,0,0,0,1,0,0,1,False,-1,-1,0,0,0,-1
2026-06-29 15:09:17.671,136.6618,False,29.24249,0.88988,-20.60425,0,0,0,1,0,0,1,False,-1,-1,0,0,0,-1
2026-06-29 15:09:17.716,136.7066,False,29.24158,0.8906524,-20.6053,0,0,0,1,0,0,1,False,-1,-1,0,0,0,-1
2026-06-29 15:09:17.750,136.7404,False,29.24077,0.8915365,-20.60585,0,0,0,1,0,0,1,False,-1,-1,0,0,0,-1
2026-06-29 15:09:17.805,136.795,False,29.2397,0.8938605,-20.60707,0,0,0,1,0,0,1,False,-1,-1,0,0,0,-1
2026-06-29 15:09:17.839,136.8286,False,29.23902,0.8961399,-20.60805,0,0,0,1,0,0,1,False,-1,-1,0,0,0,-1
2026-06-29 15:09:17.888,136.8787,False,29.23646,0.9016795,-20.60908,0,0,0,1,0,0,1,False,-1,-1,0,0,0,-1
2026-06-29 15:09:17.926,136.9171,False,29.23478,0.910933,-20.60783,0,0,0,1,0,0,1,False,-1,-1,0,0,0,-1
2026-06-29 15:09:17.960,136.9505,False,29.23294,0.9200962,-20.60678,0,0,0,1,0,0,1,False,-1,-1,0,0,0,-1
2026-06-29 15:09:18.007,136.9922,False,29.23027,0.9310412,-20.60545,0,0,0,1,0,0,1,False,-1,-1,0,0,0,-1
2026-06-29 15:09:18.047,137.0309,False,29.22833,0.9421908,-20.60316,0,0,0,1,0,0,1,False,-1,-1,0,0,0,-1
2026-06-29 15:09:18.085,137.0657,False,29.22653,0.9536837,-20.60071,0,0,0,1,0,0,1,False,-1,-1,0,0,0,-1
2026-06-29 15:09:18.124,137.1079,False,29.22345,0.9688177,-20.59709,0,0,0,1,0,0,1,False,-1,-1,0,0,0,-1
2026-06-29 15:09:18.164,137.1481,False,29.21899,0.9921157,-20.58935,0,0,0,1,0,0,1,False,-1,-1,0,0,0,-1
2026-06-29 15:09:18.232,137.191,False,29.21211,1.010774,-20.58519,0,0,0,1,0,0,1,False,-1,-1,0,0,0,-1
2026-06-29 15:09:18.265,137.2489,False,29.21321,1.028344,-20.57214,0,0,0,1,0,0,1,False,-1,-1,0,0,0,-1
2026-06-29 15:09:18.304,137.2885,False,29.20372,1.041662,-20.56996,0,0,0,1,0,0,1,False,-1,-1,0,0,0,-1
2026-06-29 15:09:18.340,137.3236,False,29.19427,1.052246,-20.56961,0,0,0,1,0,0,1,False,-1,-1,0,0,0,-1
2026-06-29 15:09:18.398,137.3784,False,29.18566,1.058557,-20.57035,0,0,0,1,0,0,1,False,-1,-1,0,0,0,-1
2026-06-29 15:09:18.439,137.4211,False,29.17906,1.063923,-20.57009,0,0,0,1,0,0,1,False,-1,-1,0,0,0,-1
2026-06-29 15:09:18.479,137.462,False,29.17439,1.067836,-20.56914,0,0,0,1,0,0,1,False,-1,-1,0,0,0,-1
2026-06-29 15:09:18.516,137.4997,False,29.17133,1.071334,-20.56783,0,0,0,1,0,0,1,False,-1,-1,0,0,0,-1
2026-06-29 15:09:18.571,137.5537,False,29.16996,1.073807,-20.56693,0,0,0,1,0,0,1,False,-1,-1,0,0,0,-1
2026-06-29 15:09:18.607,137.5905,False,29.16892,1.074788,-20.56687,0,0,0,1,0,0,1,False,-1,-1,0,0,0,-1
2026-06-29 15:09:18.655,137.6371,False,29.16913,1.073245,-20.56774,0,0,0,1,0,0,1,False,-1,-1,0,0,0,-1
2026-06-29 15:09:18.704,137.6868,False,29.17128,1.069478,-20.56902,0,0,0,1,0,0,1,False,-1,-1,0,0,0,-1
2026-06-29 15:09:18.744,137.7257,False,29.17533,1.063418,-20.57042,0,0,0,1,0,0,1,False,-1,-1,0,0,0,-1
2026-06-29 15:09:18.785,137.7675,False,29.18007,1.056947,-20.57114,0,0,0,1,0,0,1,False,-1,-1,0,0,0,-1
2026-06-29 15:09:18.822,137.8073,False,29.18705,1.047591,-20.5722,0,0,0,1,0,0,1,False,-1,-1,0,0,0,-1
2026-06-29 15:09:18.873,137.8569,False,29.19558,1.036892,-20.5737,0,0,0,1,0,0,1,False,-1,-1,0,0,0,-1
2026-06-29 15:09:18.908,137.8914,False,29.20449,1.025098,-20.57544,0,0,0,1,0,0,1,False,-1,-1,0,0,0,-1
2026-06-29 15:09:18.946,137.9298,False,29.21202,1.014611,-20.57756,0,0,0,1,0,0,1,False,-1,-1,0,0,0,-1
2026-06-29 15:09:18.982,137.9664,False,29.22145,1.000005,-20.58006,0,0,0,1,0,0,1,False,-1,-1,0,0,0,-1
2026-06-29 15:09:19.032,138.0152,False,29.23108,0.9843813,-20.58299,0,0,0,1,0,0,1,False,-1,-1,0,0,0,-1
2026-06-29 15:09:19.070,138.0547,False,29.23795,0.9727924,-20.58479,0,0,0,1,0,0,1,False,-1,-1,0,0,0,-1
2026-06-29 15:09:19.106,138.0904,False,29.24639,0.9572496,-20.58719,0,0,0,1,0,0,1,False,-1,-1,0,0,0,-1
2026-06-29 15:09:19.148,138.131,False,29.25234,0.9442295,-20.5896,0,0,0,1,0,0,1,False,-1,-1,0,0,0,-1
2026-06-29 15:09:19.198,138.1825,False,29.26087,0.9225687,-20.59298,0,0,0,1,0,0,1,False,-1,-1,0,0,0,-1
2026-06-29 15:09:19.238,138.2216,False,29.26505,0.9090225,-20.59504,0,0,0,1,0,0,1,False,-1,-1,0,0,0,-1
2026-06-29 15:09:19.278,138.258,False,29.27009,0.8914869,-20.59737,0,0,0,1,0,0,1,False,-1,-1,0,0,0,-1
2026-06-29 15:09:19.329,138.3109,False,29.27437,0.8750243,-20.59954,0,0,0,1,0,0,1,False,-1,-1,0,0,0,-1
2026-06-29 15:09:19.368,138.3503,False,29.27829,0.8600233,-20.6015,0,0,0,1,0,0,1,False,-1,-1,0,0,0,-1
2026-06-29 15:09:19.408,138.3906,False,29.28218,0.8465142,-20.60322,0,0,0,1,0,0,1,False,-1,-1,0,0,0,-1
2026-06-29 15:09:19.442,138.4319,False,29.28488,0.8380621,-20.6044,0,0,0,1,0,0,1,False,-1,-1,0,0,0,-1
2026-06-29 15:09:19.482,138.4722,False,29.28978,0.8269293,-20.60495,0,0,0,1,0,0,1,False,-1,-1,0,0,0,-1
2026-06-29 15:09:19.515,138.5056,False,29.29338,0.8235445,-20.60489,0,0,0,1,0,0,1,False,-1,-1,0,0,0,-1
2026-06-29 15:09:19.561,138.5508,False,29.29862,0.8212551,-20.60489,0,0,0,1,0,0,1,False,-1,-1,0,0,0,-1
2026-06-29 15:09:19.609,138.5994,False,29.30372,0.8199435,-20.6043,0,0,0,1,0,0,1,False,-1,-1,0,0,0,-1
2026-06-29 15:09:19.648,138.6384,False,29.30831,0.8186831,-20.60305,0,0,0,1,0,0,1,False,-1,-1,0,0,0,-1
2026-06-29 15:09:19.693,138.683,False,29.31314,0.8182958,-20.60141,0,0,0,1,0,0,1,False,-1,-1,0,0,0,-1
2026-06-29 15:09:19.737,138.7272,False,29.31775,0.818885,-20.59918,0,0,0,1,0,0,1,False,-1,-1,0,0,0,-1
2026-06-29 15:09:19.781,138.7717,False,29.32172,0.8191694,-20.59676,0,0,0,1,0,0,1,False,-1,-1,0,0,0,-1
2026-06-29 15:09:19.816,138.8061,False,29.32445,0.8184679,-20.59529,0,0,0,1,0,0,1,False,-1,-1,0,0,0,-1
2026-06-29 15:09:19.859,138.8494,False,29.3264,0.8179191,-20.59403,0,0,0,1,0,0,1,False,-1,-1,0,0,0,-1
2026-06-29 15:09:19.893,138.8835,False,29.32811,0.817044,-20.59311,0,0,0,1,0,0,1,False,-1,-1,0,0,0,-1
2026-06-29 15:09:19.937,138.9272,False,29.32971,0.8152538,-20.59299,0,0,0,1,0,0,1,False,-1,-1,0,0,0,-1
2026-06-29 15:09:19.981,138.9715,False,29.33019,0.8132808,-20.59341,0,0,0,1,0,0,1,False,-1,-1,0,0,0,-1
2026-06-29 15:09:20.015,139.0054,False,29.33054,0.8111016,-20.59393,0,0,0,1,0,0,1,False,-1,-1,0,0,0,-1
2026-06-29 15:09:20.051,139.0391,False,29.33026,0.8095535,-20.59492,0,0,0,1,0,0,1,False,-1,-1,0,0,0,-1
2026-06-29 15:09:20.082,139.0733,False,29.32981,0.8085622,-20.59561,0,0,0,1,0,0,1,False,-1,-1,0,0,0,-1
2026-06-29 15:09:20.126,139.116,False,29.32894,0.8085111,-20.59592,0,0,0,1,0,0,1,False,-1,-1,0,0,0,-1
2026-06-29 15:09:20.160,139.1497,False,29.32818,0.8094482,-20.59561,0,0,0,1,0,0,1,False,-1,-1,0,0,0,-1
2026-06-29 15:09:20.204,139.1941,False,29.3274,0.8122926,-20.59455,0,0,0,1,0,0,1,False,-1,-1,0,0,0,-1
2026-06-29 15:09:20.246,139.2381,False,29.32692,0.8168989,-20.59274,0,0,0,1,0,0,1,False,-1,-1,0,0,0,-1
2026-06-29 15:09:20.281,139.2717,False,29.32612,0.8219664,-20.59149,0,0,0,1,0,0,1,False,-1,-1,0,0,0,-1
2026-06-29 15:09:20.315,139.3053,False,29.32653,0.8280896,-20.59074,0,0,0,1,0,0,1,False,-1,-1,0,0,0,-1
2026-06-29 15:09:20.358,139.3492,False,29.32641,0.8373068,-20.59101,0,0,0,1,0,0,1,False,-1,-1,0,0,0,-1
2026-06-29 15:09:20.403,139.3942,False,29.32565,0.8443708,-20.59316,0,0,0,1,0,0,1,False,-1,-1,0,0,0,-1
2026-06-29 15:09:20.448,139.4386,False,29.32646,0.8457891,-20.59696,0,0,0,1,0,0,1,False,-1,-1,0,0,0,-1
2026-06-29 15:09:20.493,139.4832,False,29.32492,0.8400798,-20.60573,0,0,0,1,0,0,1,False,-1,-1,0,0,0,-1
2026-06-29 15:09:20.552,139.5351,False,29.32013,0.8311251,-20.61776,0,0,0,1,0,0,1,False,-1,-1,0,0,0,-1
2026-06-29 15:09:20.593,139.5745,False,29.316,0.8243886,-20.62645,0,0,0,1,0,0,1,False,-1,-1,0,0,0,-1
2026-06-29 15:09:20.631,139.6146,False,29.30758,0.8171033,-20.6383,0,0,0,1,0,0,1,False,-1,-1,0,0,0,-1
2026-06-29 15:09:20.668,139.6506,False,29.30885,0.8175926,-20.63558,0,0,0,1,0,0,1,False,-1,-1,0,0,0,-1
2026-06-29 15:09:20.722,139.7041,False,29.30106,0.8153754,-20.63296,0,0,0,1,0,0,1,False,-1,-1,0,0,0,-1
2026-06-29 15:09:20.767,139.7482,False,29.29584,0.812562,-20.63656,0,0,0,1,0,0,1,False,-1,-1,0,0,0,-1
2026-06-29 15:09:20.805,139.7885,False,29.29181,0.8086258,-20.64205,0,0,0,1,0,0,1,False,-1,-1,0,0,0,-1
2026-06-29 15:09:20.853,139.833,False,29.28726,0.8088672,-20.64557,0,0,0,1,0,0,1,False,-1,-1,0,0,0,-1
2026-06-29 15:09:20.897,139.8779,False,29.29186,0.8079585,-20.6479,0,0,0,1,0,0,1,False,-1,-1,0,0,0,-1
2026-06-29 15:09:20.938,139.9225,False,29.29717,0.8111444,-20.65729,0,0,0,1,0,0,1,False,-1,-1,0,0,0,-1
2026-06-29 15:09:20.982,139.9656,False,29.3015,0.8178712,-20.67083,0,0,0,1,0,0,1,False,-1,-1,0,0,0,-1
2026-06-29 15:09:21.027,140.0094,False,29.30323,0.821529,-20.68341,0,0,0,1,0,0,1,False,-1,-1,0,0,0,-1
2026-06-29 15:09:21.072,140.0556,False,29.29795,0.8232297,-20.69538,0,0,0,1,0,0,1,False,-1,-1,0,0,0,-1
2026-06-29 15:09:21.115,140.0986,False,29.30035,0.8265492,-20.70314,0,0,0,1,0,0,1,False,-1,-1,0,0,0,-1
2026-06-29 15:09:21.163,140.1441,False,29.3034,0.8351762,-20.71263,0,0,0,1,0,0,1,False,-1,-1,0,0,0,-1
2026-06-29 15:09:21.205,140.1862,False,29.30499,0.8438568,-20.7208,0,0,0,1,0,0,1,False,-1,-1,0,0,0,-1
2026-06-29 15:09:21.240,140.2239,False,29.30966,0.859221,-20.73484,0,0,0,1,0,0,1,False,-1,-1,0,0,0,-1
2026-06-29 15:09:21.290,140.2737,False,29.31773,0.8757007,-20.7454,0,0,0,1,0,0,1,False,-1,-1,0,0,0,-1
2026-06-29 15:09:21.340,140.3231,False,29.33136,0.893128,-20.75355,0,0,0,1,0,0,1,False,-1,-1,0,0,0,-1
2026-06-29 15:09:21.377,140.3595,False,29.33634,0.9038299,-20.75949,0,0,0,1,0,0,1,False,-1,-1,0,0,0,-1
2026-06-29 15:09:21.419,140.4028,False,29.34579,0.9195715,-20.76296,0,0,0,1,0,0,1,False,-1,-1,0,0,0,-1
2026-06-29 15:09:21.456,140.4399,False,29.35079,0.9309974,-20.76457,0,0,0,1,0,0,1,False,-1,-1,0,0,0,-1
2026-06-29 15:09:21.491,140.4745,False,29.35449,0.9416634,-20.76575,0,0,0,1,0,0,1,False,-1,-1,0,0,0,-1
2026-06-29 15:09:21.530,140.5143,False,29.36266,0.9542178,-20.76224,0,0,0,1,0,0,1,False,-1,-1,0,0,0,-1
2026-06-29 15:09:21.568,140.5515,False,29.36851,0.9608283,-20.75805,0,0,0,1,0,0,1,False,-1,-1,0,0,0,-1
2026-06-29 15:09:21.606,140.59,False,33.00155,0.966837,-22.52234,0,0,0,1,0,0,1,False,-1,-1,0,0,0,-1
2026-06-29 15:09:21.641,140.6251,False,33.00352,0.9677719,-22.51531,0,0,0,1,0,0,1,False,-1,-1,0,0,0,-1
2026-06-29 15:09:21.682,140.6653,False,33.00566,0.9662877,-22.50395,0,0,0,1,0,0,1,False,-1,-1,0,0,0,-1
2026-06-29 15:09:21.724,140.7065,False,33.00496,0.961584,-22.49095,0,0,0,1,0,0,1,False,-1,-1,0,0,0,-1
2026-06-29 15:09:21.763,140.7471,False,33.00253,0.9526044,-22.47562,0,0,0,1,0,0,1,False,-1,-1,0,0,0,-1
2026-06-29 15:09:21.798,140.7814,False,33.00263,0.9444522,-22.45919,0,0,0,1,0,0,1,False,-1,-1,0,0,0,-1
2026-06-29 15:09:21.835,140.8171,False,33.00262,0.9363058,-22.44318,0,0,0,1,0,0,1,False,-1,-1,0,0,0,-1
2026-06-29 15:09:21.879,140.8605,False,33.00137,0.9252151,-22.42389,0,0,0,1,0,0,1,False,-1,-1,0,0,0,-1
2026-06-29 15:09:21.916,140.8996,False,32.99911,0.9157398,-22.40888,0,0,0,1,0,0,1,False,-1,-1,0,0,0,-1
2026-06-29 15:09:21.959,140.9422,False,32.99709,0.9102579,-22.40065,0,0,0,1,0,0,1,False,-1,-1,0,0,0,-1
2026-06-29 15:09:21.998,140.9814,False,33.0012,0.9024711,-22.3847,0,0,0,1,0,0,1,False,-1,-1,0,0,0,-1
2026-06-29 15:09:22.034,141.0175,False,33.00719,0.8969133,-22.37461,0,0,0,1,0,0,1,False,-1,-1,0,0,0,-1
2026-06-29 15:09:22.075,141.0571,False,33.0095,0.8900232,-22.37083,0,0,0,1,0,0,1,False,-1,-1,0,0,0,-1
2026-06-29 15:09:22.114,141.0975,False,33.01375,0.8878375,-22.36819,0,0,0,1,0,0,1,False,-1,-1,0,0,0,-1
2026-06-29 15:09:22.148,141.1315,False,33.02126,0.8873246,-22.36469,0,0,0,1,0,0,1,False,-1,-1,0,0,0,-1
2026-06-29 15:09:22.188,141.1701,False,33.02473,0.8871346,-22.3733,0,0,0,1,0,0,1,False,-1,-1,0,0,0,-1
2026-06-29 15:09:22.222,141.2068,False,33.02943,0.8872594,-22.37726,0,0,0,1,0,0,1,False,-1,-1,0,0,0,-1
2026-06-29 15:09:22.258,141.2412,False,33.03691,0.887032,-22.37541,0,0,0,1,0,0,1,False,-1,-1,0,0,0,-1
2026-06-29 15:09:22.289,141.2796,False,33.04508,0.8867074,-22.36956,0,0,0,1,0,0,1,False,-1,-1,0,0,0,-1
2026-06-29 15:09:22.323,141.3143,False,33.05126,0.8874651,-22.35614,0,0,0,1,0,0,1,False,-1,-1,0,0,0,-1
2026-06-29 15:09:22.358,141.3484,False,33.04799,0.891881,-22.34857,0,0,0,1,0,0,1,False,-1,-1,0,0,0,-1
2026-06-29 15:09:22.402,141.392,False,33.04627,0.8978218,-22.33626,0,0,0,1,0,0,1,False,-1,-1,0,0,0,-1
2026-06-29 15:09:22.446,141.4366,False,33.04113,0.9042394,-22.32117,0,0,0,1,0,0,1,False,-1,-1,0,0,0,-1
2026-06-29 15:09:22.490,141.4805,False,33.03135,0.9189532,-22.30781,0,0,0,1,0,0,1,False,-1,-1,0,0,0,-1
2026-06-29 15:09:22.523,141.5139,False,33.02942,0.9336629,-22.29894,0,0,0,1,0,0,1,False,-1,-1,0,0,0,-1
2026-06-29 15:09:22.558,141.5482,False,33.04427,0.948089,-22.2937,0,0,0,1,0,0,1,False,-1,-1,0,0,0,-1
2026-06-29 15:09:22.595,141.5852,False,33.05806,0.9695193,-22.27916,0,0,0,1,0,0,1,False,-1,-1,0,0,0,-1
2026-06-29 15:09:22.635,141.6258,False,33.06966,0.9935806,-22.26143,0,0,0,1,0,0,1,False,-1,-1,0,0,0,-1
2026-06-29 15:09:22.670,141.6602,False,33.07618,1.002248,-22.24833,0,0,0,1,0,0,1,False,-1,-1,0,0,0,-1
2026-06-29 15:09:22.712,141.703,False,33.08527,1.015962,-22.22975,0,0,0,1,0,0,1,False,-1,-1,0,0,0,-1
2026-06-29 15:09:22.746,141.7365,False,33.08502,1.021119,-22.22901,0,0,0,1,0,0,1,False,-1,-1,0,0,0,-1
2026-06-29 15:09:22.791,141.7811,False,33.10065,1.025077,-22.21564,0,0,0,1,0,0,1,False,-1,-1,0,0,0,-1
2026-06-29 15:09:22.835,141.8258,False,33.119,1.027426,-22.19928,0,0,0,1,0,0,1,False,-1,-1,0,0,0,-1
2026-06-29 15:09:22.870,141.8603,False,33.13259,1.025666,-22.18407,0,0,0,1,0,0,1,False,-1,-1,0,0,0,-1
2026-06-29 15:09:22.904,141.8949,False,33.1455,1.021267,-22.16665,0,0,0,1,0,0,1,False,-1,-1,0,0,0,-1
2026-06-29 15:09:22.948,141.9385,False,33.16176,1.012125,-22.14386,0,0,0,1,0,0,1,False,-1,-1,0,0,0,-1
2026-06-29 15:09:22.981,141.9719,False,33.17317,1.002372,-22.12701,0,0,0,1,0,0,1,False,-1,-1,0,0,0,-1
2026-06-29 15:09:23.016,142.006,False,33.18322,0.9904588,-22.11006,0,0,0,1,0,0,1,False,-1,-1,0,0,0,-1
2026-06-29 15:09:23.049,142.0397,False,33.19327,0.9759758,-22.09404,0,0,0,1,0,0,1,False,-1,-1,0,0,0,-1
2026-06-29 15:09:23.083,142.0736,False,33.2025,0.9604837,-22.07899,0,0,0,1,0,0,1,False,-1,-1,0,0,0,-1
2026-06-29 15:09:23.117,142.1074,False,33.21072,0.9451407,-22.06589,0,0,0,1,0,0,1,False,-1,-1,0,0,0,-1
2026-06-29 15:09:23.151,142.1413,False,33.21832,0.9301126,-22.0548,0,0,0,1,0,0,1,False,-1,-1,0,0,0,-1
2026-06-29 15:09:23.195,142.1858,False,33.22767,0.9117996,-22.04225,0,0,0,1,0,0,1,False,-1,-1,0,0,0,-1
2026-06-29 15:09:23.229,142.2197,False,33.23409,0.8994888,-22.03469,0,0,0,1,0,0,1,False,-1,-1,0,0,0,-1
2026-06-29 15:09:23.273,142.2635,False,33.2411,0.8842403,-22.02698,0,0,0,1,0,0,1,False,-1,-1,0,0,0,-1
2026-06-29 15:09:23.317,142.3081,False,33.24709,0.870084,-22.02108,0,0,0,1,0,0,1,False,-1,-1,0,0,0,-1
2026-06-29 15:09:23.362,142.3523,False,33.24906,0.8588694,-22.01847,0,0,0,1,0,0,1,False,-1,-1,0,0,0,-1
2026-06-29 15:09:23.397,142.3866,False,33.24417,0.8525595,-22.01948,0,0,0,1,0,0,1,False,-1,-1,0,0,0,-1
2026-06-29 15:09:23.440,142.4305,False,33.24063,0.8456404,-22.02105,0,0,0,1,0,0,1,False,-1,-1,0,0,0,-1
2026-06-29 15:09:23.484,142.4743,False,33.24406,0.8384153,-22.02221,0,0,0,1,0,0,1,False,-1,-1,0,0,0,-1
2026-06-29 15:09:23.518,142.5078,False,33.24811,0.8324478,-22.0219,0,0,0,1,0,0,1,False,-1,-1,0,0,0,-1
2026-06-29 15:09:23.562,142.5528,False,33.25066,0.8236359,-22.02102,0,0,0,1,0,0,1,False,-1,-1,0,0,0,-1
2026-06-29 15:09:23.596,142.5865,False,33.25103,0.8257722,-22.01918,0,0,0,1,0,0,1,False,-1,-1,0,0,0,-1
2026-06-29 15:09:23.639,142.6301,False,33.24978,0.8270563,-22.01816,0,0,0,1,0,0,1,False,-1,-1,0,0,0,-1
2026-06-29 15:09:23.684,142.674,False,33.24947,0.8257298,-22.01912,0,0,0,1,0,0,1,False,-1,-1,0,0,0,-1
2026-06-29 15:09:23.718,142.7086,False,33.24967,0.8263386,-22.01921,0,0,0,1,0,0,1,False,-1,-1,0,0,0,-1
2026-06-29 15:09:23.762,142.752,False,33.24931,0.8244137,-22.01769,0,0,0,1,0,0,1,False,-1,-1,0,0,0,-1
2026-06-29 15:09:23.795,142.7854,False,33.24847,0.823967,-22.01731,0,0,0,1,0,0,1,False,-1,-1,0,0,0,-1
2026-06-29 15:09:23.840,142.8299,False,33.24856,0.8241637,-22.01715,0,0,0,1,0,0,1,False,-1,-1,0,0,0,-1
2026-06-29 15:09:23.883,142.8743,False,33.24887,0.8240772,-22.01814,0,0,0,1,0,0,1,False,-1,-1,0,0,0,-1
2026-06-29 15:09:23.917,142.9077,False,33.24855,0.8240848,-22.01796,0,0,0,1,0,0,1,False,-1,-1,0,0,0,-1
2026-06-29 15:09:23.951,142.9417,False,33.24813,0.8241627,-22.01751,0,0,0,1,0,0,1,False,-1,-1,0,0,0,-1
2026-06-29 15:09:23.995,142.9852,False,33.24829,0.8241209,-22.0173,0,0,0,1,0,0,1,False,-1,-1,0,0,0,-1
2026-06-29 15:09:24.040,143.0302,False,33.24837,0.8241613,-22.01708,0,0,0,1,0,0,1,False,-1,-1,0,0,0,-1
2026-06-29 15:09:24.083,143.0741,False,33.24836,0.8241297,-22.01733,0,0,0,1,0,0,1,False,-1,-1,0,0,0,-1
2026-06-29 15:09:24.129,143.1192,False,33.24828,0.8240635,-22.01743,0,0,0,1,0,0,1,False,-1,-1,0,0,0,-1
2026-06-29 15:09:24.162,143.1531,False,33.24815,0.8240825,-22.01719,0,0,0,1,0,0,1,False,-1,-1,0,0,0,-1
2026-06-29 15:09:24.206,143.1964,False,33.24821,0.8238383,-22.0173,0,0,0,1,0,0,1,False,-1,-1,0,0,0,-1
2026-06-29 15:09:24.251,143.2412,False,33.24813,0.8238171,-22.01749,0,0,0,1,0,0,1,False,-1,-1,0,0,0,-1
2026-06-29 15:09:24.295,143.2855,False,33.24812,0.8238366,-22.01713,0,0,0,1,0,0,1,False,-1,-1,0,0,0,-1
2026-06-29 15:09:24.328,143.3195,False,33.24847,0.8235965,-22.01726,0,0,0,1,0,0,1,False,-1,-1,0,0,0,-1
2026-06-29 15:09:24.372,143.3632,False,33.24983,0.8229878,-22.01721,0,0,0,1,0,0,1,False,-1,-1,0,0,0,-1
2026-06-29 15:09:24.417,143.4077,False,33.25153,0.8222826,-22.0165,0,0,0,1,0,0,1,False,-1,-1,0,0,0,-1
2026-06-29 15:09:24.461,143.4516,False,33.25063,0.8225399,-22.01817,0,0,0,1,0,0,1,False,-1,-1,0,0,0,-1
2026-06-29 15:09:24.495,143.4853,False,33.24874,0.8223991,-22.01749,0,0,0,1,0,0,1,False,-1,-1,0,0,0,-1
2026-06-29 15:09:24.539,143.5301,False,33.24896,0.8214617,-22.01598,0,0,0,1,0,0,1,False,-1,-1,0,0,0,-1
2026-06-29 15:09:24.583,143.5741,False,33.25138,0.8212399,-22.01568,0,0,0,1,0,0,1,False,-1,-1,0,0,0,-1
2026-06-29 15:09:24.617,143.6077,False,33.25169,0.8215037,-22.01652,0,0,0,1,0,0,1,False,-1,-1,0,0,0,-1
2026-06-29 15:09:24.651,143.6416,False,33.25158,0.8214246,-22.01657,0,0,0,1,0,0,1,False,-1,-1,0,0,0,-1
2026-06-29 15:09:24.695,143.685,False,33.25025,0.8211839,-22.01521,0,0,0,1,0,0,1,False,-1,-1,0,0,0,-1
2026-06-29 15:09:24.728,143.7185,False,33.24985,0.8209375,-22.01431,0,0,0,1,0,0,1,False,-1,-1,0,0,0,-1
2026-06-29 15:09:24.762,143.7527,False,33.24943,0.8212612,-22.01424,0,0,0,1,0,0,1,False,-1,-1,0,0,0,-1
2026-06-29 15:09:24.805,143.7957,False,33.2482,0.820965,-22.01455,0,0,0,1,0,0,1,False,-1,-1,0,0,0,-1
2026-06-29 15:09:24.839,143.8292,False,33.24779,0.8210791,-22.01477,0,0,0,1,0,0,1,False,-1,-1,0,0,0,-1
2026-06-29 15:09:24.872,143.8627,False,33.24795,0.8205349,-22.01549,0,0,0,1,0,0,1,False,-1,-1,0,0,0,-1
2026-06-29 15:09:24.905,143.8962,False,33.24818,0.8204209,-22.01586,0,0,0,1,0,0,1,False,-1,-1,0,0,0,-1
2026-06-29 15:09:24.951,143.941,False,33.24762,0.8209156,-22.0164,0,0,0,1,0,0,1,False,-1,-1,0,0,0,-1
2026-06-29 15:09:24.984,143.9746,False,33.2482,0.8208159,-22.0161,0,0,0,1,0,0,1,False,-1,-1,0,0,0,-1
2026-06-29 15:09:25.028,144.0183,False,33.2493,0.8207776,-22.01514,0,0,0,1,0,0,1,False,-1,-1,0,0,0,-1
2026-06-29 15:09:25.061,144.0519,False,33.24893,0.820752,-22.01566,0,0,0,1,0,0,1,False,-1,-1,0,0,0,-1
2026-06-29 15:09:25.105,144.0956,False,33.24794,0.8206219,-22.01627,0,0,0,1,0,0,1,False,-1,-1,0,0,0,-1
2026-06-29 15:09:25.139,144.1291,False,33.24825,0.8206353,-22.01608,0,0,0,1,0,0,1,False,-1,-1,0,0,0,-1
2026-06-29 15:09:25.184,144.1738,False,33.24877,0.8207598,-22.01547,0,0,0,1,0,0,1,False,-1,-1,0,0,0,-1
2026-06-29 15:09:25.217,144.2075,False,33.24874,0.8206167,-22.01569,0,0,0,1,0,0,1,False,-1,-1,0,0,0,-1
2026-06-29 15:09:25.261,144.2519,False,33.24804,0.8206167,-22.01597,0,0,0,1,0,0,1,False,-1,-1,0,0,0,-1
2026-06-29 15:09:25.306,144.2959,False,33.24814,0.8207252,-22.01576,0,0,0,1,0,0,1,False,-1,-1,0,0,0,-1
2026-06-29 15:09:25.350,144.34,False,33.24852,0.8207368,-22.01546,0,0,0,1,0,0,1,False,-1,-1,0,0,0,-1
2026-06-29 15:09:25.383,144.3736,False,33.24842,0.8207357,-22.01563,0,0,0,1,0,0,1,False,-1,-1,0,0,0,-1
2026-06-29 15:09:25.416,144.4069,False,33.24814,0.8207211,-22.0158,0,0,0,1,0,0,1,False,-1,-1,0,0,0,-1
2026-06-29 15:09:25.451,144.4412,False,33.24808,0.8207194,-22.01582,0,0,0,1,0,0,1,False,-1,-1,0,0,0,-1
2026-06-29 15:09:25.494,144.4844,False,33.24849,0.8207153,-22.01576,0,0,0,1,0,0,1,False,-1,-1,0,0,0,-1
2026-06-29 15:09:25.528,144.5187,False,33.24886,0.820721,-22.01541,0,0,0,1,0,0,1,False,-1,-1,0,0,0,-1
2026-06-29 15:09:25.572,144.5624,False,33.2487,0.8207105,-22.01532,0,0,0,1,0,0,1,False,-1,-1,0,0,0,-1
2026-06-29 15:09:25.606,144.5962,False,33.24846,0.8205909,-22.01572,0,0,0,1,0,0,1,False,-1,-1,0,0,0,-1
2026-06-29 15:09:25.639,144.6298,False,33.2484,0.82056,-22.01564,0,0,0,1,0,0,1,False,-1,-1,0,0,0,-1
2026-06-29 15:09:25.682,144.6732,False,33.2487,0.8206289,-22.01531,0,0,0,1,0,0,1,False,-1,-1,0,0,0,-1
2026-06-29 15:09:25.716,144.7066,False,33.24878,0.8205031,-22.01539,0,0,0,1,0,0,1,False,-1,-1,0,0,0,-1
2026-06-29 15:09:25.749,144.7399,False,33.24858,0.8205393,-22.0155,0,0,0,1,0,0,1,False,-1,-1,0,0,0,-1
2026-06-29 15:09:25.783,144.7733,False,33.24844,0.8205949,-22.01545,0,0,0,1,0,0,1,False,-1,-1,0,0,0,-1
2026-06-29 15:09:25.817,144.8071,False,33.24864,0.8206142,-22.01545,0,0,0,1,0,0,1,False,-1,-1,0,0,0,-1
2026-06-29 15:09:25.860,144.8513,False,33.24879,0.8205407,-22.01525,0,0,0,1,0,0,1,False,-1,-1,0,0,0,-1
2026-06-29 15:09:25.904,144.8954,False,33.24857,0.8205422,-22.01534,0,0,0,1,0,0,1,False,-1,-1,0,0,0,-1
2026-06-29 15:09:25.938,144.9291,False,33.24841,0.8206447,-22.01539,0,0,0,1,0,0,1,False,-1,-1,0,0,0,-1
2026-06-29 15:09:25.982,144.973,False,33.24872,0.8205941,-22.0154,0,0,0,1,0,0,1,False,-1,-1,0,0,0,-1
2026-06-29 15:09:26.017,145.0074,False,33.24873,0.8206743,-22.0153,0,0,0,1,0,0,1,False,-1,-1,0,0,0,-1
2026-06-29 15:09:26.061,145.0511,False,33.24868,0.8206484,-22.0153,0,0,0,1,0,0,1,False,-1,-1,0,0,0,-1
2026-06-29 15:09:26.094,145.0847,False,33.24858,0.8207241,-22.01534,0,0,0,1,0,0,1,False,-1,-1,0,0,0,-1
2026-06-29 15:09:26.138,145.1289,False,33.24881,0.8206822,-22.01523,0,0,0,1,0,0,1,False,-1,-1,0,0,0,-1
2026-06-29 15:09:26.182,145.1733,False,33.24899,0.8205963,-22.01517,0,0,0,1,0,0,1,False,-1,-1,0,0,0,-1
2026-06-29 15:09:26.226,145.2171,False,33.24869,0.8205358,-22.0153,0,0,0,1,0,0,1,False,-1,-1,0,0,0,-1
2026-06-29 15:09:26.261,145.2518,False,33.2487,0.8205701,-22.01512,0,0,0,1,0,0,1,False,-1,-1,0,0,0,-1
2026-06-29 15:09:26.304,145.2949,False,33.24869,0.8205689,-22.015,0,0,0,1,0,0,1,False,-1,-1,0,0,0,-1
2026-06-29 15:09:26.338,145.3284,False,33.2488,0.8205265,-22.01516,0,0,0,1,0,0,1,False,-1,-1,0,0,0,-1
2026-06-29 15:09:26.382,145.3724,False,33.24873,0.820623,-22.01521,0,0,0,1,0,0,1,False,-1,-1,0,0,0,-1
2026-06-29 15:09:26.415,145.4064,False,33.24876,0.8205889,-22.01508,0,0,0,1,0,0,1,False,-1,-1,0,0,0,-1
2026-06-29 15:09:26.459,145.4501,False,33.2488,0.8205746,-22.01495,0,0,0,1,0,0,1,False,-1,-1,0,0,0,-1
2026-06-29 15:09:26.493,145.484,False,33.24891,0.8205871,-22.01498,0,0,0,1,0,0,1,False,-1,-1,0,0,0,-1
2026-06-29 15:09:26.539,145.5288,False,33.24879,0.8205208,-22.01505,0,0,0,1,0,0,1,False,-1,-1,0,0,0,-1
2026-06-29 15:09:26.582,145.5732,False,33.24875,0.8205544,-22.01503,0,0,0,1,0,0,1,False,-1,-1,0,0,0,-1
2026-06-29 15:09:26.628,145.6182,False,33.24885,0.8205547,-22.01499,0,0,0,1,0,0,1,False,-1,-1,0,0,0,-1
2026-06-29 15:09:26.661,145.6518,False,33.24884,0.8205984,-22.01496,0,0,0,1,0,0,1,False,-1,-1,0,0,0,-1
2026-06-29 15:09:26.706,145.6958,False,33.24866,0.8205706,-22.01501,0,0,0,1,0,0,1,False,-1,-1,0,0,0,-1
2026-06-29 15:09:26.749,145.7394,False,33.24874,0.8205913,-22.0148,0,0,0,1,0,0,1,False,-1,-1,0,0,0,-1
2026-06-29 15:09:26.782,145.773,False,33.24881,0.8206825,-22.0147,0,0,0,1,0,0,1,False,-1,-1,0,0,0,-1
2026-06-29 15:09:26.828,145.8185,False,33.24888,0.8206184,-22.01467,0,0,0,1,0,0,1,False,-1,-1,0,0,0,-1
2026-06-29 15:09:26.873,145.8617,False,33.24865,0.8207335,-22.0146,0,0,0,1,0,0,1,False,-1,-1,0,0,0,-1
2026-06-29 15:09:26.914,145.9059,False,33.24854,0.8208146,-22.01454,0,0,0,1,0,0,1,False,-1,-1,0,0,0,-1
2026-06-29 15:09:26.949,145.9396,False,33.24878,0.8208501,-22.01434,0,0,0,1,0,0,1,False,-1,-1,0,0,0,-1
2026-06-29 15:09:26.994,145.9836,False,33.24896,0.820785,-22.01453,0,0,0,1,0,0,1,False,-1,-1,0,0,0,-1
2026-06-29 15:09:27.038,146.029,False,33.24882,0.8207352,-22.01471,0,0,0,1,0,0,1,False,-1,-1,0,0,0,-1
2026-06-29 15:09:27.082,146.0726,False,33.24899,0.8206882,-22.01449,0,0,0,1,0,0,1,False,-1,-1,0,0,0,-1
2026-06-29 15:09:27.125,146.1172,False,33.2489,0.8207498,-22.01446,0,0,0,1,0,0,1,False,-1,-1,0,0,0,-1
2026-06-29 15:09:27.170,146.1612,False,33.24882,0.8207217,-22.01463,0,0,0,1,0,0,1,False,-1,-1,0,0,0,-1
2026-06-29 15:09:27.203,146.1949,False,33.24896,0.820692,-22.01466,0,0,0,1,0,0,1,False,-1,-1,0,0,0,-1
2026-06-29 15:09:27.238,146.2284,False,33.24901,0.8206003,-22.0147,0,0,0,1,0,0,1,False,-1,-1,0,0,0,-1
2026-06-29 15:09:27.271,146.2621,False,33.24906,0.8206331,-22.01458,0,0,0,1,0,0,1,False,-1,-1,0,0,0,-1
2026-06-29 15:09:27.316,146.3063,False,33.24892,0.8206824,-22.01467,0,0,0,1,0,0,1,False,-1,-1,0,0,0,-1
2026-06-29 15:09:27.359,146.3501,False,33.24898,0.8207546,-22.0148,0,0,0,1,0,0,1,False,-1,-1,0,0,0,-1
2026-06-29 15:09:27.393,146.3838,False,33.24884,0.8207604,-22.01464,0,0,0,1,0,0,1,False,-1,-1,0,0,0,-1
2026-06-29 15:09:27.427,146.4179,False,33.249,0.8206395,-22.01451,0,0,0,1,0,0,1,False,-1,-1,0,0,0,-1
2026-06-29 15:09:27.470,146.4611,False,33.24898,0.8206804,-22.01435,0,0,0,1,0,0,1,False,-1,-1,0,0,0,-1
2026-06-29 15:09:27.505,146.4958,False,33.2491,0.8206076,-22.01452,0,0,0,1,0,0,1,False,-1,-1,0,0,0,-1
2026-06-29 15:09:27.548,146.5387,False,33.24915,0.820494,-22.01457,0,0,0,1,0,0,1,False,-1,-1,0,0,0,-1
2026-06-29 15:09:27.593,146.5832,False,33.24911,0.8205538,-22.01445,0,0,0,1,0,0,1,False,-1,-1,0,0,0,-1
2026-06-29 15:09:27.627,146.6168,False,33.24901,0.8204219,-22.01447,0,0,0,1,0,0,1,False,-1,-1,0,0,0,-1
2026-06-29 15:09:27.660,146.6503,False,33.24915,0.8205363,-22.01443,0,0,0,1,0,0,1,False,-1,-1,0,0,0,-1
2026-06-29 15:09:27.703,146.694,False,33.24934,0.8206537,-22.01418,0,0,0,1,0,0,1,False,-1,-1,0,0,0,-1
2026-06-29 15:09:27.748,146.7389,False,33.24953,0.8205563,-22.0143,0,0,0,1,0,0,1,False,-1,-1,0,0,0,-1
2026-06-29 15:09:27.792,146.7827,False,33.24929,0.8206177,-22.01429,0,0,0,1,0,0,1,False,-1,-1,0,0,0,-1
2026-06-29 15:09:27.826,146.8161,False,33.24908,0.8206251,-22.01436,0,0,0,1,0,0,1,False,-1,-1,0,0,0,-1
2026-06-29 15:09:27.860,146.851,False,33.24899,0.8206881,-22.01433,0,0,0,1,0,0,1,False,-1,-1,0,0,0,-1
2026-06-29 15:09:27.904,146.8948,False,33.24899,0.8206902,-22.01425,0,0,0,1,0,0,1,False,-1,-1,0,0,0,-1
2026-06-29 15:09:27.948,146.9387,False,33.24911,0.8206398,-22.01429,0,0,0,1,0,0,1,False,-1,-1,0,0,0,-1
2026-06-29 15:09:27.993,146.9836,False,33.2492,0.820638,-22.01439,0,0,0,1,0,0,1,False,-1,-1,0,0,0,-1
2026-06-29 15:09:28.037,147.0274,False,33.24916,0.8207834,-22.01414,0,0,0,1,0,0,1,False,-1,-1,0,0,0,-1
2026-06-29 15:09:28.073,147.0624,False,33.24917,0.8207167,-22.01421,0,0,0,1,0,0,1,False,-1,-1,0,0,0,-1
2026-06-29 15:09:28.115,147.1055,False,33.24915,0.8207077,-22.0143,0,0,0,1,0,0,1,False,-1,-1,0,0,0,-1
2026-06-29 15:09:28.159,147.1496,False,33.24914,0.8207747,-22.01425,0,0,0,1,0,0,1,False,-1,-1,0,0,0,-1
2026-06-29 15:09:28.193,147.1833,False,33.24927,0.8206882,-22.01425,0,0,0,1,0,0,1,False,-1,-1,0,0,0,-1
2026-06-29 15:09:28.237,147.2274,False,33.24938,0.8205626,-22.01416,0,0,0,1,0,0,1,False,-1,-1,0,0,0,-1
2026-06-29 15:09:28.271,147.2614,False,33.24937,0.8206238,-22.01415,0,0,0,1,0,0,1,False,-1,-1,0,0,0,-1
2026-06-29 15:09:28.315,147.3054,False,33.24936,0.8207527,-22.01432,0,0,0,1,0,0,1,False,-1,-1,0,0,0,-1
2026-06-29 15:09:28.348,147.3388,False,33.24948,0.8206649,-22.01433,0,0,0,1,0,0,1,False,-1,-1,0,0,0,-1
2026-06-29 15:09:28.393,147.3833,False,33.24933,0.8207189,-22.01432,0,0,0,1,0,0,1,False,-1,-1,0,0,0,-1
2026-06-29 15:09:28.437,147.4278,False,33.24939,0.8206348,-22.01435,0,0,0,1,0,0,1,False,-1,-1,0,0,0,-1
2026-06-29 15:09:28.481,147.4725,False,33.24942,0.8206226,-22.01437,0,0,0,1,0,0,1,False,-1,-1,0,0,0,-1
2026-06-29 15:09:28.526,147.5166,False,33.24957,0.8206618,-22.0142,0,0,0,1,0,0,1,False,-1,-1,0,0,0,-1
2026-06-29 15:09:28.561,147.5502,False,33.24946,0.8207363,-22.0142,0,0,0,1,0,0,1,False,-1,-1,0,0,0,-1
2026-06-29 15:09:28.594,147.5844,False,33.2495,0.8205737,-22.0143,0,0,0,1,0,0,1,False,-1,-1,0,0,0,-1
2026-06-29 15:09:28.637,147.6274,False,33.24964,0.8205397,-22.01432,0,0,0,1,0,0,1,False,-1,-1,0,0,0,-1
2026-06-29 15:09:28.671,147.661,False,33.24974,0.8204746,-22.01439,0,0,0,1,0,0,1,False,-1,-1,0,0,0,-1
2026-06-29 15:09:28.704,147.6946,False,33.24966,0.8205311,-22.01424,0,0,0,1,0,0,1,False,-1,-1,0,0,0,-1
2026-06-29 15:09:28.748,147.7386,False,33.24947,0.8205476,-22.01397,0,0,0,1,0,0,1,False,-1,-1,0,0,0,-1
2026-06-29 15:09:28.782,147.7721,False,33.24945,0.8205057,-22.01389,0,0,0,1,0,0,1,False,-1,-1,0,0,0,-1
2026-06-29 15:09:28.825,147.8163,False,33.24942,0.8205318,-22.01426,0,0,0,1,0,0,1,False,-1,-1,0,0,0,-1
2026-06-29 15:09:28.859,147.8501,False,33.24941,0.8206689,-22.01402,0,0,0,1,0,0,1,False,-1,-1,0,0,0,-1
2026-06-29 15:09:28.893,147.8835,False,33.24932,0.8207054,-22.01373,0,0,0,1,0,0,1,False,-1,-1,0,0,0,-1
2026-06-29 15:09:28.926,147.9173,False,33.24932,0.8205938,-22.0136,0,0,0,1,0,0,1,False,-1,-1,0,0,0,-1
2026-06-29 15:09:28.971,147.9606,False,33.24934,0.8206128,-22.01368,0,0,0,1,0,0,1,False,-1,-1,0,0,0,-1
2026-06-29 15:09:29.003,147.9944,False,33.24947,0.8206614,-22.01391,0,0,0,1,0,0,1,False,-1,-1,0,0,0,-1
2026-06-29 15:09:29.047,148.0385,False,33.24938,0.8208571,-22.01377,0,0,0,1,0,0,1,False,-1,-1,0,0,0,-1
2026-06-29 15:09:29.092,148.0832,False,33.2494,0.8208522,-22.01366,0,0,0,1,0,0,1,False,-1,-1,0,0,0,-1
2026-06-29 15:09:29.126,148.1168,False,33.24949,0.8207187,-22.01372,0,0,0,1,0,0,1,False,-1,-1,0,0,0,-1
2026-06-29 15:09:29.170,148.1604,False,33.24957,0.8207123,-22.01401,0,0,0,1,0,0,1,False,-1,-1,0,0,0,-1
2026-06-29 15:09:29.203,148.194,False,33.24977,0.8206861,-22.01405,0,0,0,1,0,0,1,False,-1,-1,0,0,0,-1
2026-06-29 15:09:29.247,148.2381,False,33.24982,0.8207018,-22.01368,0,0,0,1,0,0,1,False,-1,-1,0,0,0,-1
2026-06-29 15:09:29.281,148.2718,False,33.24969,0.8205614,-22.01383,0,0,0,1,0,0,1,False,-1,-1,0,0,0,-1
2026-06-29 15:09:29.325,148.3159,False,33.24951,0.8207088,-22.01371,0,0,0,1,0,0,1,False,-1,-1,0,0,0,-1
2026-06-29 15:09:29.359,148.3498,False,33.24964,0.8207012,-22.0136,0,0,0,1,0,0,1,False,-1,-1,0,0,0,-1
2026-06-29 15:09:29.403,148.394,False,33.2497,0.8206646,-22.0136,0,0,0,1,0,0,1,False,-1,-1,0,0,0,-1
2026-06-29 15:09:29.448,148.4384,False,33.2496,0.8206521,-22.01358,0,0,0,1,0,0,1,False,-1,-1,0,0,0,-1
2026-06-29 15:09:29.481,148.4719,False,33.24959,0.8205817,-22.0136,0,0,0,1,0,0,1,False,-1,-1,0,0,0,-1
2026-06-29 15:09:29.515,148.5058,False,33.2496,0.8206093,-22.01348,0,0,0,1,0,0,1,False,-1,-1,0,0,0,-1
2026-06-29 15:09:29.560,148.5499,False,33.24968,0.8206091,-22.01349,0,0,0,1,0,0,1,False,-1,-1,0,0,0,-1
2026-06-29 15:09:29.604,148.5946,False,33.24959,0.8207093,-22.01344,0,0,0,1,0,0,1,False,-1,-1,0,0,0,-1
2026-06-29 15:09:29.648,148.6382,False,33.24957,0.8206168,-22.01364,0,0,0,1,0,0,1,False,-1,-1,0,0,0,-1
2026-06-29 15:09:29.692,148.6827,False,33.24975,0.8206398,-22.01375,0,0,0,1,0,0,1,False,-1,-1,0,0,0,-1
2026-06-29 15:09:29.726,148.7161,False,33.24964,0.820804,-22.01356,0,0,0,1,0,0,1,False,-1,-1,0,0,0,-1
2026-06-29 15:09:29.770,148.7604,False,33.24968,0.8207253,-22.01345,0,0,0,1,0,0,1,False,-1,-1,0,0,0,-1
2026-06-29 15:09:29.804,148.7944,False,33.24975,0.820763,-22.01345,0,0,0,1,0,0,1,False,-1,-1,0,0,0,-1
2026-06-29 15:09:29.847,148.8381,False,33.24989,0.8208079,-22.01348,0,0,0,1,0,0,1,False,-1,-1,0,0,0,-1
2026-06-29 15:09:29.893,148.8826,False,33.24995,0.8206891,-22.01352,0,0,0,1,0,0,1,False,-1,-1,0,0,0,-1
2026-06-29 15:09:29.935,148.9265,False,33.24993,0.820595,-22.01363,0,0,0,1,0,0,1,False,-1,-1,0,0,0,-1
2026-06-29 15:09:29.971,148.961,False,33.24994,0.8206275,-22.01349,0,0,0,1,0,0,1,False,-1,-1,0,0,0,-1
2026-06-29 15:09:30.014,149.0045,False,33.25012,0.8204905,-22.01356,0,0,0,1,0,0,1,False,-1,-1,0,0,0,-1
2026-06-29 15:09:30.047,149.038,False,33.24999,0.8205559,-22.01341,0,0,0,1,0,0,1,False,-1,-1,0,0,0,-1
2026-06-29 15:09:30.092,149.0821,False,33.24977,0.8207772,-22.01323,0,0,0,1,0,0,1,False,-1,-1,0,0,0,-1
2026-06-29 15:09:30.126,149.1163,False,33.2499,0.8207418,-22.01327,0,0,0,1,0,0,1,False,-1,-1,0,0,0,-1
2026-06-29 15:09:30.159,149.1501,False,33.25015,0.8206948,-22.01314,0,0,0,1,0,0,1,False,-1,-1,0,0,0,-1
2026-06-29 15:09:30.203,149.1939,False,33.25016,0.8206652,-22.01306,0,0,0,1,0,0,1,False,-1,-1,0,0,0,-1
2026-06-29 15:09:30.247,149.2376,False,33.25014,0.8208029,-22.01291,0,0,0,1,0,0,1,False,-1,-1,0,0,0,-1
2026-06-29 15:09:30.281,149.2711,False,33.2503,0.8207517,-22.01288,0,0,0,1,0,0,1,False,-1,-1,0,0,0,-1
2026-06-29 15:09:30.325,149.3156,False,33.25044,0.8206785,-22.01294,0,0,0,1,0,0,1,False,-1,-1,0,0,0,-1
2026-06-29 15:09:30.358,149.349,False,33.25032,0.8206795,-22.01283,0,0,0,1,0,0,1,False,-1,-1,0,0,0,-1
2026-06-29 15:09:30.403,149.3934,False,33.25047,0.8206604,-22.01272,0,0,0,1,0,0,1,False,-1,-1,0,0,0,-1
2026-06-29 15:09:30.435,149.4272,False,33.25026,0.8207721,-22.01287,0,0,0,1,0,0,1,False,-1,-1,0,0,0,-1
2026-06-29 15:09:30.471,149.461,False,33.25039,0.8207427,-22.0129,0,0,0,1,0,0,1,False,-1,-1,0,0,0,-1
2026-06-29 15:09:30.504,149.4948,False,33.25042,0.8207769,-22.01298,0,0,0,1,0,0,1,False,-1,-1,0,0,0,-1
2026-06-29 15:09:30.547,149.5368,False,33.25028,0.820898,-22.01279,0,0,0,1,0,0,1,False,-1,-1,0,0,0,-1
2026-06-29 15:09:30.590,149.5808,False,33.25036,0.8208329,-22.01254,0,0,0,1,0,0,1,False,-1,-1,0,0,0,-1
2026-06-29 15:09:30.634,149.6247,False,33.25023,0.820842,-22.01259,0,0,0,1,0,0,1,False,-1,-1,0,0,0,-1
2026-06-29 15:09:30.668,149.6583,False,33.2503,0.8208382,-22.01268,0,0,0,1,0,0,1,False,-1,-1,0,0,0,-1
2026-06-29 15:09:30.711,149.7024,False,33.25024,0.8208873,-22.01271,0,0,0,1,0,0,1,False,-1,-1,0,0,0,-1
2026-06-29 15:09:30.745,149.7366,False,33.25032,0.8208521,-22.01275,0,0,0,1,0,0,1,False,-1,-1,0,0,0,-1
2026-06-29 15:09:30.789,149.7802,False,33.25033,0.8208596,-22.01257,0,0,0,1,0,0,1,False,-1,-1,0,0,0,-1
2026-06-29 15:09:30.823,149.8135,False,33.25036,0.8208223,-22.01252,0,0,0,1,0,0,1,False,-1,-1,0,0,0,-1
2026-06-29 15:09:30.856,149.847,False,33.25027,0.8208757,-22.0126,0,0,0,1,0,0,1,False,-1,-1,0,0,0,-1
2026-06-29 15:09:30.892,149.8817,False,33.25036,0.8208798,-22.01248,0,0,0,1,0,0,1,False,-1,-1,0,0,0,-1
2026-06-29 15:09:30.936,149.9257,False,33.25034,0.8209224,-22.01252,0,0,0,1,0,0,1,False,-1,-1,0,0,0,-1
2026-06-29 15:09:30.971,149.9601,False,33.25053,0.8207927,-22.01264,0,0,0,1,0,0,1,False,-1,-1,0,0,0,-1
2026-06-29 15:09:31.003,149.9937,False,33.2505,0.8208668,-22.0124,0,0,0,1,0,0,1,False,-1,-1,0,0,0,-1
2026-06-29 15:09:31.046,150.0374,False,33.25069,0.8208113,-22.0124,0,0,0,1,0,0,1,False,-1,-1,0,0,0,-1
2026-06-29 15:09:31.092,150.0824,False,33.25046,0.8208095,-22.01233,0,0,0,1,0,0,1,False,-1,-1,0,0,0,-1
2026-06-29 15:09:31.135,150.1266,False,33.25052,0.820792,-22.01248,0,0,0,1,0,0,1,False,-1,-1,0,0,0,-1
2026-06-29 15:09:31.181,150.1709,False,33.2506,0.8208157,-22.01237,0,0,0,1,0,0,1,False,-1,-1,0,0,0,-1
2026-06-29 15:09:31.214,150.2045,False,33.25057,0.8208382,-22.0124,0,0,0,1,0,0,1,False,-1,-1,0,0,0,-1
2026-06-29 15:09:31.258,150.248,False,33.25058,0.8208234,-22.0124,0,0,0,1,0,0,1,False,-1,-1,0,0,0,-1
2026-06-29 15:09:31.291,150.2818,False,33.25062,0.8207847,-22.01229,0,0,0,1,0,0,1,False,-1,-1,0,0,0,-1
2026-06-29 15:09:31.336,150.3264,False,33.25055,0.820914,-22.01224,0,0,0,1,0,0,1,False,-1,-1,0,0,0,-1
2026-06-29 15:09:31.380,150.3704,False,33.2506,0.8207548,-22.01239,0,0,0,1,0,0,1,False,-1,-1,0,0,0,-1
2026-06-29 15:09:31.414,150.4043,False,33.2506,0.820736,-22.01237,0,0,0,1,0,0,1,False,-1,-1,0,0,0,-1
2026-06-29 15:09:31.458,150.448,False,33.25073,0.8206856,-22.01235,0,0,0,1,0,0,1,False,-1,-1,0,0,0,-1
2026-06-29 15:09:31.493,150.4828,False,33.25063,0.8208526,-22.01224,0,0,0,1,0,0,1,False,-1,-1,0,0,0,-1
2026-06-29 15:09:31.536,150.526,False,33.25068,0.8208145,-22.01226,0,0,0,1,0,0,1,False,-1,-1,0,0,0,-1
2026-06-29 15:09:31.570,150.56,False,33.25071,0.8207498,-22.01223,0,0,0,1,0,0,1,False,-1,-1,0,0,0,-1
2026-06-29 15:09:31.603,150.5935,False,33.25056,0.8209164,-22.01221,0,0,0,1,0,0,1,False,-1,-1,0,0,0,-1
2026-06-29 15:09:31.646,150.6372,False,33.25053,0.8208743,-22.01201,0,0,0,1,0,0,1,False,-1,-1,0,0,0,-1
2026-06-29 15:09:31.691,150.6817,False,33.25069,0.8209678,-22.01205,0,0,0,1,0,0,1,False,-1,-1,0,0,0,-1
2026-06-29 15:09:31.734,150.7257,False,33.2507,0.8208487,-22.01219,0,0,0,1,0,0,1,False,-1,-1,0,0,0,-1
2026-06-29 15:09:31.769,150.7592,False,33.25089,0.8207626,-22.01216,0,0,0,1,0,0,1,False,-1,-1,0,0,0,-1
2026-06-29 15:09:31.802,150.7928,False,33.25088,0.8208105,-22.01198,0,0,0,1,0,0,1,False,-1,-1,0,0,0,-1
2026-06-29 15:09:31.847,150.837,False,33.25079,0.8207837,-22.01181,0,0,0,1,0,0,1,False,-1,-1,0,0,0,-1
2026-06-29 15:09:31.891,150.8811,False,33.25103,0.8207209,-22.01191,0,0,0,1,0,0,1,False,-1,-1,0,0,0,-1
2026-06-29 15:09:31.924,150.9148,False,33.25093,0.8207061,-22.0119,0,0,0,1,0,0,1,False,-1,-1,0,0,0,-1
2026-06-29 15:09:31.958,150.9484,False,33.25083,0.8208409,-22.01187,0,0,0,1,0,0,1,False,-1,-1,0,0,0,-1
2026-06-29 15:09:31.991,150.9821,False,33.25079,0.8208094,-22.01184,0,0,0,1,0,0,1,False,-1,-1,0,0,0,-1
2026-06-29 15:09:32.026,151.0161,False,33.25068,0.8209033,-22.01198,0,0,0,1,0,0,1,False,-1,-1,0,0,0,-1
2026-06-29 15:09:32.068,151.0594,False,33.25059,0.8209648,-22.01185,0,0,0,1,0,0,1,False,-1,-1,0,0,0,-1
2026-06-29 15:09:32.114,151.1036,False,33.25074,0.8208977,-22.01173,0,0,0,1,0,0,1,False,-1,-1,0,0,0,-1
2026-06-29 15:09:32.146,151.137,False,33.25078,0.8208836,-22.01171,0,0,0,1,0,0,1,False,-1,-1,0,0,0,-1
2026-06-29 15:09:32.180,151.1704,False,33.25082,0.8209476,-22.01168,0,0,0,1,0,0,1,False,-1,-1,0,0,0,-1
2026-06-29 15:09:32.225,151.2154,False,33.25089,0.8208735,-22.01186,0,0,0,1,0,0,1,False,-1,-1,0,0,0,-1
2026-06-29 15:09:32.269,151.2589,False,33.25079,0.8208622,-22.01181,0,0,0,1,0,0,1,False,-1,-1,0,0,0,-1
2026-06-29 15:09:32.301,151.2923,False,33.2508,0.8207839,-22.01168,0,0,0,1,0,0,1,False,-1,-1,0,0,0,-1
2026-06-29 15:09:32.336,151.3259,False,33.25076,0.8208118,-22.0117,0,0,0,1,0,0,1,False,-1,-1,0,0,0,-1
2026-06-29 15:09:32.379,151.3696,False,33.25082,0.8208817,-22.01179,0,0,0,1,0,0,1,False,-1,-1,0,0,0,-1
2026-06-29 15:09:32.413,151.4029,False,33.25094,0.8207684,-22.01168,0,0,0,1,0,0,1,False,-1,-1,0,0,0,-1
2026-06-29 15:09:32.446,151.4363,False,33.25106,0.8207803,-22.01164,0,0,0,1,0,0,1,False,-1,-1,0,0,0,-1
2026-06-29 15:09:32.489,151.4803,False,33.25108,0.8208604,-22.01168,0,0,0,1,0,0,1,False,-1,-1,0,0,0,-1
2026-06-29 15:09:32.534,151.525,False,33.25113,0.8207895,-22.01164,0,0,0,1,0,0,1,False,-1,-1,0,0,0,-1
2026-06-29 15:09:32.578,151.569,False,33.25126,0.8207933,-22.01158,0,0,0,1,0,0,1,False,-1,-1,0,0,0,-1
2026-06-29 15:09:32.612,151.6032,False,33.25102,0.82064,-22.01155,0,0,0,1,0,0,1,False,-1,-1,0,0,0,-1
2026-06-29 15:09:32.646,151.6368,False,33.25082,0.8208138,-22.01155,0,0,0,1,0,0,1,False,-1,-1,0,0,0,-1
2026-06-29 15:09:32.689,151.6804,False,33.251,0.8207799,-22.01144,0,0,0,1,0,0,1,False,-1,-1,0,0,0,-1
2026-06-29 15:09:32.724,151.714,False,33.25089,0.8208662,-22.01141,0,0,0,1,0,0,1,False,-1,-1,0,0,0,-1
2026-06-29 15:09:32.756,151.7474,False,33.25086,0.8208498,-22.0114,0,0,0,1,0,0,1,False,-1,-1,0,0,0,-1
2026-06-29 15:09:32.790,151.7808,False,33.25093,0.8208743,-22.01126,0,0,0,1,0,0,1,False,-1,-1,0,0,0,-1
2026-06-29 15:09:32.823,151.8142,False,33.25114,0.8207821,-22.01136,0,0,0,1,0,0,1,False,-1,-1,0,0,0,-1
2026-06-29 15:09:32.868,151.8587,False,33.25108,0.8209141,-22.01126,0,0,0,1,0,0,1,False,-1,-1,0,0,0,-1
2026-06-29 15:09:32.912,151.9032,False,33.2511,0.8209229,-22.01133,0,0,0,1,0,0,1,False,-1,-1,0,0,0,-1
2026-06-29 15:09:32.947,151.937,False,33.25121,0.8208811,-22.01132,0,0,0,1,0,0,1,False,-1,-1,0,0,0,-1
2026-06-29 15:09:32.990,151.9806,False,33.25127,0.8209307,-22.0113,0,0,0,1,0,0,1,False,-1,-1,0,0,0,-1
2026-06-29 15:09:33.024,152.0141,False,33.25156,0.8208367,-22.01128,0,0,0,1,0,0,1,False,-1,-1,0,0,0,-1
2026-06-29 15:09:33.070,152.0607,False,33.25136,0.8209854,-22.01121,0,0,0,1,0,0,1,False,-1,-1,0,0,0,-1
2026-06-29 15:09:33.113,152.1029,False,33.25107,0.8209968,-22.01136,0,0,0,1,0,0,1,False,-1,-1,0,0,0,-1
2026-06-29 15:09:33.145,152.1367,False,33.25114,0.8209975,-22.01118,0,0,0,1,0,0,1,False,-1,-1,0,0,0,-1
2026-06-29 15:09:33.190,152.181,False,33.25117,0.8209379,-22.01115,0,0,0,1,0,0,1,False,-1,-1,0,0,0,-1
2026-06-29 15:09:33.235,152.2252,False,33.25109,0.8209394,-22.0111,0,0,0,1,0,0,1,False,-1,-1,0,0,0,-1
2026-06-29 15:09:33.269,152.2599,False,33.25115,0.8209311,-22.01098,0,0,0,1,0,0,1,False,-1,-1,0,0,0,-1
2026-06-29 15:09:33.313,152.303,False,33.25109,0.8209263,-22.01106,0,0,0,1,0,0,1,False,-1,-1,0,0,0,-1
2026-06-29 15:09:33.356,152.3473,False,33.25119,0.820993,-22.01116,0,0,0,1,0,0,1,False,-1,-1,0,0,0,-1
2026-06-29 15:09:33.401,152.3916,False,33.25126,0.8210255,-22.01101,0,0,0,1,0,0,1,False,-1,-1,0,0,0,-1
2026-06-29 15:09:33.435,152.4259,False,33.25123,0.8209381,-22.01114,0,0,0,1,0,0,1,False,-1,-1,0,0,0,-1
2026-06-29 15:09:33.479,152.4696,False,33.25141,0.8208299,-22.01115,0,0,0,1,0,0,1,False,-1,-1,0,0,0,-1
2026-06-29 15:09:33.523,152.5137,False,33.25135,0.8208622,-22.01099,0,0,0,1,0,0,1,False,-1,-1,0,0,0,-1
2026-06-29 15:09:33.557,152.5476,False,33.25131,0.8208802,-22.01098,0,0,0,1,0,0,1,False,-1,-1,0,0,0,-1
2026-06-29 15:09:33.601,152.5918,False,33.2512,0.8209527,-22.01085,0,0,0,1,0,0,1,False,-1,-1,0,0,0,-1
2026-06-29 15:09:33.635,152.6255,False,33.25108,0.8210782,-22.01079,0,0,0,1,0,0,1,False,-1,-1,0,0,0,-1
2026-06-29 15:09:33.669,152.6589,False,33.25122,0.8211064,-22.01084,0,0,0,1,0,0,1,False,-1,-1,0,0,0,-1
2026-06-29 15:09:33.713,152.7028,False,33.25152,0.8208874,-22.01097,0,0,0,1,0,0,1,False,-1,-1,0,0,0,-1
2026-06-29 15:09:33.757,152.7469,False,33.25145,0.8209527,-22.01084,0,0,0,1,0,0,1,False,-1,-1,0,0,0,-1
2026-06-29 15:09:33.790,152.7807,False,33.25143,0.8208956,-22.0108,0,0,0,1,0,0,1,False,-1,-1,0,0,0,-1
2026-06-29 15:09:33.824,152.8141,False,33.25148,0.8207393,-22.01094,0,0,0,1,0,0,1,False,-1,-1,0,0,0,-1
2026-06-29 15:09:33.868,152.8583,False,33.25139,0.8208562,-22.01094,0,0,0,1,0,0,1,False,-1,-1,0,0,0,-1
2026-06-29 15:09:33.911,152.9026,False,33.25135,0.8208698,-22.01082,0,0,0,1,0,0,1,False,-1,-1,0,0,0,-1
2026-06-29 15:09:33.945,152.936,False,33.25146,0.8208957,-22.01075,0,0,0,1,0,0,1,False,-1,-1,0,0,0,-1
2026-06-29 15:09:33.979,152.9694,False,33.25156,0.8208732,-22.01073,0,0,0,1,0,0,1,False,-1,-1,0,0,0,-1
2026-06-29 15:09:34.013,153.003,False,33.25145,0.8209519,-22.01067,0,0,0,1,0,0,1,False,-1,-1,0,0,0,-1
2026-06-29 15:09:34.046,153.0367,False,33.2513,0.8210226,-22.01058,0,0,0,1,0,0,1,False,-1,-1,0,0,0,-1
2026-06-29 15:09:34.089,153.0804,False,33.25131,0.8210144,-22.01068,0,0,0,1,0,0,1,False,-1,-1,0,0,0,-1
2026-06-29 15:09:34.124,153.1144,False,33.25124,0.8211142,-22.01067,0,0,0,1,0,0,1,False,-1,-1,0,0,0,-1
2026-06-29 15:09:34.157,153.1478,False,33.25142,0.8209307,-22.01075,0,0,0,1,0,0,1,False,-1,-1,0,0,0,-1
2026-06-29 15:09:34.201,153.1913,False,33.25142,0.82099,-22.01066,0,0,0,1,0,0,1,False,-1,-1,0,0,0,-1
2026-06-29 15:09:34.245,153.2358,False,33.25143,0.8209652,-22.01062,0,0,0,1,0,0,1,False,-1,-1,0,0,0,-1
2026-06-29 15:09:34.290,153.2805,False,33.25142,0.8210128,-22.01068,0,0,0,1,0,0,1,False,-1,-1,0,0,0,-1
2026-06-29 15:09:34.323,153.3147,False,33.25151,0.8209637,-22.01071,0,0,0,1,0,0,1,False,-1,-1,0,0,0,-1
2026-06-29 15:09:34.367,153.3583,False,33.25152,0.8209528,-22.01061,0,0,0,1,0,0,1,False,-1,-1,0,0,0,-1
2026-06-29 15:09:34.402,153.392,False,33.2516,0.8208678,-22.0106,0,0,0,1,0,0,1,False,-1,-1,0,0,0,-1
2026-06-29 15:09:34.445,153.4362,False,33.25177,0.8208247,-22.01052,0,0,0,1,0,0,1,False,-1,-1,0,0,0,-1
2026-06-29 15:09:34.489,153.48,False,33.25182,0.8208222,-22.01062,0,0,0,1,0,0,1,False,-1,-1,0,0,0,-1
2026-06-29 15:09:34.524,153.514,False,33.25172,0.8207166,-22.01063,0,0,0,1,0,0,1,False,-1,-1,0,0,0,-1
2026-06-29 15:09:34.568,153.5578,False,33.25164,0.8208373,-22.01057,0,0,0,1,0,0,1,False,-1,-1,0,0,0,-1
2026-06-29 15:09:34.601,153.5918,False,33.25161,0.820953,-22.01043,0,0,0,1,0,0,1,False,-1,-1,0,0,0,-1
2026-06-29 15:09:34.646,153.6365,False,33.25172,0.8210106,-22.01039,0,0,0,1,0,0,1,False,-1,-1,0,0,0,-1
2026-06-29 15:09:34.690,153.6799,False,33.25174,0.8209925,-22.01038,0,0,0,1,0,0,1,False,-1,-1,0,0,0,-1
2026-06-29 15:09:34.723,153.7139,False,33.25165,0.8209824,-22.01042,0,0,0,1,0,0,1,False,-1,-1,0,0,0,-1
2026-06-29 15:09:34.766,153.7577,False,33.25189,0.8209699,-22.0103,0,0,0,1,0,0,1,False,-1,-1,0,0,0,-1
2026-06-29 15:09:34.801,153.7911,False,33.25181,0.8209527,-22.01043,0,0,0,1,0,0,1,False,-1,-1,0,0,0,-1
2026-06-29 15:09:34.834,153.8247,False,33.25169,0.8209592,-22.01035,0,0,0,1,0,0,1,False,-1,-1,0,0,0,-1
2026-06-29 15:09:34.869,153.8591,False,33.25154,0.8209676,-22.01033,0,0,0,1,0,0,1,False,-1,-1,0,0,0,-1
2026-06-29 15:09:34.911,153.9025,False,33.25138,0.821068,-22.0103,0,0,0,1,0,0,1,False,-1,-1,0,0,0,-1
2026-06-29 15:09:34.955,153.9465,False,33.25177,0.8209917,-22.01027,0,0,0,1,0,0,1,False,-1,-1,0,0,0,-1
2026-06-29 15:09:35.001,153.9915,False,33.25183,0.8210463,-22.0104,0,0,0,1,0,0,1,False,-1,-1,0,0,0,-1
2026-06-29 15:09:35.053,154.0357,False,33.25187,0.8210226,-22.01043,0,0,0,1,0,0,1,False,-1,-1,0,0,0,-1
2026-06-29 15:09:35.088,154.0795,False,33.25185,0.8210846,-22.01036,0,0,0,1,0,0,1,False,-1,-1,0,0,0,-1
2026-06-29 15:09:35.122,154.1132,False,33.25183,0.8210686,-22.01037,0,0,0,1,0,0,1,False,-1,-1,0,0,0,-1
2026-06-29 15:09:35.158,154.1476,False,33.25194,0.8210418,-22.01028,0,0,0,1,0,0,1,False,-1,-1,0,0,0,-1
2026-06-29 15:09:35.201,154.1908,False,33.25177,0.8209912,-22.01029,0,0,0,1,0,0,1,False,-1,-1,0,0,0,-1
2026-06-29 15:09:35.234,154.2243,False,33.25173,0.821031,-22.01024,0,0,0,1,0,0,1,False,-1,-1,0,0,0,-1
2026-06-29 15:09:35.268,154.258,False,33.25185,0.8209852,-22.01021,0,0,0,1,0,0,1,False,-1,-1,0,0,0,-1
2026-06-29 15:09:35.311,154.3018,False,33.25188,0.8210304,-22.01007,0,0,0,1,0,0,1,False,-1,-1,0,0,0,-1
2026-06-29 15:09:35.346,154.3363,False,33.25181,0.8210269,-22.01029,0,0,0,1,0,0,1,False,-1,-1,0,0,0,-1
2026-06-29 15:09:35.389,154.3799,False,33.25182,0.8210185,-22.01033,0,0,0,1,0,0,1,False,-1,-1,0,0,0,-1
2026-06-29 15:09:35.434,154.4243,False,33.2517,0.821039,-22.01008,0,0,0,1,0,0,1,False,-1,-1,0,0,0,-1
2026-06-29 15:09:35.468,154.4581,False,33.25165,0.8211324,-22.01003,0,0,0,1,0,0,1,False,-1,-1,0,0,0,-1
2026-06-29 15:09:35.511,154.5023,False,33.25163,0.8211513,-22.01003,0,0,0,1,0,0,1,False,-1,-1,0,0,0,-1
2026-06-29 15:09:35.556,154.5465,False,33.25165,0.8210633,-22.01004,0,0,0,1,0,0,1,False,-1,-1,0,0,0,-1
2026-06-29 15:09:35.590,154.5803,False,33.25166,0.8211423,-22.01015,0,0,0,1,0,0,1,False,-1,-1,0,0,0,-1
2026-06-29 15:09:35.634,154.6244,False,33.25185,0.8210174,-22.0102,0,0,0,1,0,0,1,False,-1,-1,0,0,0,-1
2026-06-29 15:09:35.678,154.6684,False,33.25187,0.8211041,-22.01004,0,0,0,1,0,0,1,False,-1,-1,0,0,0,-1
2026-06-29 15:09:35.712,154.7019,False,33.25193,0.8211113,-22.01,0,0,0,1,0,0,1,False,-1,-1,0,0,0,-1
2026-06-29 15:09:35.745,154.7355,False,33.25204,0.8211084,-22.01002,0,0,0,1,0,0,1,False,-1,-1,0,0,0,-1
2026-06-29 15:09:35.789,154.7793,False,33.25191,0.8211172,-22.01015,0,0,0,1,0,0,1,False,-1,-1,0,0,0,-1
2026-06-29 15:09:35.834,154.8242,False,33.25195,0.8209857,-22.01011,0,0,0,1,0,0,1,False,-1,-1,0,0,0,-1
2026-06-29 15:09:35.878,154.8684,False,33.25198,0.8208795,-22.00997,0,0,0,1,0,0,1,False,-1,-1,0,0,0,-1
2026-06-29 15:09:35.912,154.9019,False,33.25184,0.821096,-22.00991,0,0,0,1,0,0,1,False,-1,-1,0,0,0,-1
2026-06-29 15:09:35.945,154.9357,False,33.25195,0.8211073,-22.00989,0,0,0,1,0,0,1,False,-1,-1,0,0,0,-1
2026-06-29 15:09:35.989,154.9796,False,33.252,0.8211224,-22.00975,0,0,0,1,0,0,1,False,-1,-1,0,0,0,-1
2026-06-29 15:09:36.034,155.0237,False,33.25217,0.8209568,-22.00982,0,0,0,1,0,0,1,False,-1,-1,0,0,0,-1
2026-06-29 15:09:36.077,155.0682,False,33.25217,0.8208377,-22.00994,0,0,0,1,0,0,1,False,-1,-1,0,0,0,-1
2026-06-29 15:09:36.111,155.1017,False,33.25205,0.8208322,-22.00994,0,0,0,1,0,0,1,False,-1,-1,0,0,0,-1
2026-06-29 15:09:36.145,155.1351,False,33.25215,0.8207822,-22.00999,0,0,0,1,0,0,1,False,-1,-1,0,0,0,-1
2026-06-29 15:09:36.178,155.1687,False,33.25208,0.8209069,-22.00993,0,0,0,1,0,0,1,False,-1,-1,0,0,0,-1
2026-06-29 15:09:36.211,155.202,False,33.25226,0.8208345,-22.00979,0,0,0,1,0,0,1,False,-1,-1,0,0,0,-1
2026-06-29 15:09:36.255,155.246,False,33.2523,0.8208463,-22.00962,0,0,0,1,0,0,1,False,-1,-1,0,0,0,-1
2026-06-29 15:09:36.300,155.2903,False,33.2523,0.8207599,-22.00948,0,0,0,1,0,0,1,False,-1,-1,0,0,0,-1
2026-06-29 15:09:36.333,155.3239,False,33.25234,0.8208413,-22.00949,0,0,0,1,0,0,1,False,-1,-1,0,0,0,-1
2026-06-29 15:09:36.377,155.3684,False,33.25224,0.8208225,-22.0095,0,0,0,1,0,0,1,False,-1,-1,0,0,0,-1
2026-06-29 15:09:36.417,155.4019,False,33.25213,0.8208901,-22.00961,0,0,0,1,0,0,1,False,-1,-1,0,0,0,-1
2026-06-29 15:09:36.445,155.4357,False,33.2522,0.8209201,-22.00956,0,0,0,1,0,0,1,False,-1,-1,0,0,0,-1
2026-06-29 15:09:36.489,155.4792,False,33.25217,0.8210405,-22.00947,0,0,0,1,0,0,1,False,-1,-1,0,0,0,-1
2026-06-29 15:09:36.534,155.5244,False,33.25228,0.8209508,-22.00962,0,0,0,1,0,0,1,False,-1,-1,0,0,0,-1
2026-06-29 15:09:36.578,155.5681,False,33.25225,0.8210672,-22.00949,0,0,0,1,0,0,1,False,-1,-1,0,0,0,-1
2026-06-29 15:09:36.611,155.6016,False,33.2523,0.8210143,-22.00954,0,0,0,1,0,0,1,False,-1,-1,0,0,0,-1
2026-06-29 15:09:36.645,155.6355,False,33.25232,0.8210825,-22.0094,0,0,0,1,0,0,1,False,-1,-1,0,0,0,-1
2026-06-29 15:09:36.688,155.6788,False,33.2522,0.8211313,-22.0094,0,0,0,1,0,0,1,False,-1,-1,0,0,0,-1
2026-06-29 15:09:36.721,155.7121,False,33.25231,0.8210735,-22.00946,0,0,0,1,0,0,1,False,-1,-1,0,0,0,-1
2026-06-29 15:09:36.756,155.7463,False,33.25218,0.821119,-22.00955,0,0,0,1,0,0,1,False,-1,-1,0,0,0,-1
2026-06-29 15:09:36.800,155.79,False,33.25228,0.8211768,-22.00953,0,0,0,1,0,0,1,False,-1,-1,0,0,0,-1
2026-06-29 15:09:36.833,155.8235,False,33.2522,0.821251,-22.00942,0,0,0,1,0,0,1,False,-1,-1,0,0,0,-1
2026-06-29 15:09:36.879,155.8691,False,33.25233,0.8212104,-22.00949,0,0,0,1,0,0,1,False,-1,-1,0,0,0,-1
2026-06-29 15:09:36.913,155.9033,False,33.25232,0.8211317,-22.00942,0,0,0,1,0,0,1,False,-1,-1,0,0,0,-1
2026-06-29 15:09:36.954,155.9447,False,33.25223,0.8211778,-22.00934,0,0,0,1,0,0,1,False,-1,-1,0,0,0,-1
2026-06-29 15:09:36.999,155.9893,False,33.25215,0.8210852,-22.00927,0,0,0,1,0,0,1,False,-1,-1,0,0,0,-1
2026-06-29 15:09:37.043,156.0336,False,33.25214,0.821101,-22.00921,0,0,0,1,0,0,1,False,-1,-1,0,0,0,-1
2026-06-29 15:09:37.077,156.0672,False,33.25228,0.8210297,-22.00931,0,0,0,1,0,0,1,False,-1,-1,0,0,0,-1
2026-06-29 15:09:37.111,156.1009,False,33.25232,0.8210149,-22.00944,0,0,0,1,0,0,1,False,-1,-1,0,0,0,-1
2026-06-29 15:09:37.154,156.1449,False,33.25235,0.8209597,-22.00927,0,0,0,1,0,0,1,False,-1,-1,0,0,0,-1
2026-06-29 15:09:37.199,156.1895,False,33.25214,0.8208934,-22.00932,0,0,0,1,0,0,1,False,-1,-1,0,0,0,-1
2026-06-29 15:09:37.234,156.2236,False,33.25224,0.8209077,-22.0093,0,0,0,1,0,0,1,False,-1,-1,0,0,0,-1
2026-06-29 15:09:37.276,156.2667,False,33.25224,0.8208739,-22.00936,0,0,0,1,0,0,1,False,-1,-1,0,0,0,-1
2026-06-29 15:09:37.310,156.3008,False,33.25233,0.8207901,-22.00937,0,0,0,1,0,0,1,False,-1,-1,0,0,0,-1
2026-06-29 15:09:37.344,156.3344,False,33.25238,0.8207983,-22.00942,0,0,0,1,0,0,1,False,-1,-1,0,0,0,-1
2026-06-29 15:09:37.377,156.3684,False,33.25261,0.8207625,-22.00945,0,0,0,1,0,0,1,False,-1,-1,0,0,0,-1
2026-06-29 15:09:37.422,156.4126,False,33.25262,0.820869,-22.00937,0,0,0,1,0,0,1,False,-1,-1,0,0,0,-1
2026-06-29 15:09:37.465,156.4565,False,33.25247,0.8209248,-22.00913,0,0,0,1,0,0,1,False,-1,-1,0,0,0,-1
2026-06-29 15:09:37.499,156.4902,False,33.25243,0.8209736,-22.00907,0,0,0,1,0,0,1,False,-1,-1,0,0,0,-1
2026-06-29 15:09:37.534,156.5237,False,33.25222,0.8211316,-22.00899,0,0,0,1,0,0,1,False,-1,-1,0,0,0,-1
2026-06-29 15:09:37.577,156.5677,False,33.25232,0.8210397,-22.009,0,0,0,1,0,0,1,False,-1,-1,0,0,0,-1
2026-06-29 15:09:37.610,156.601,False,33.25249,0.8209668,-22.00899,0,0,0,1,0,0,1,False,-1,-1,0,0,0,-1
2026-06-29 15:09:37.644,156.6345,False,33.25268,0.8209201,-22.00916,0,0,0,1,0,0,1,False,-1,-1,0,0,0,-1
2026-06-29 15:09:37.688,156.6787,False,33.25259,0.8210058,-22.00918,0,0,0,1,0,0,1,False,-1,-1,0,0,0,-1
2026-06-29 15:09:37.733,156.7228,False,33.2526,0.8209668,-22.00929,0,0,0,1,0,0,1,False,-1,-1,0,0,0,-1
2026-06-29 15:09:37.766,156.7568,False,33.2525,0.8209332,-22.00914,0,0,0,1,0,0,1,False,-1,-1,0,0,0,-1
2026-06-29 15:09:37.810,156.8012,False,33.25233,0.8209858,-22.00906,0,0,0,1,0,0,1,False,-1,-1,0,0,0,-1
2026-06-29 15:09:37.855,156.8451,False,33.25231,0.8210314,-22.00912,0,0,0,1,0,0,1,False,-1,-1,0,0,0,-1
2026-06-29 15:09:37.899,156.8898,False,33.25248,0.8210012,-22.0092,0,0,0,1,0,0,1,False,-1,-1,0,0,0,-1
2026-06-29 15:09:37.934,156.9239,False,33.25256,0.8209612,-22.0091,0,0,0,1,0,0,1,False,-1,-1,0,0,0,-1
2026-06-29 15:09:37.977,156.9676,False,33.25261,0.8210539,-22.00907,0,0,0,1,0,0,1,False,-1,-1,0,0,0,-1
2026-06-29 15:09:38.010,157.001,False,33.25262,0.8209363,-22.00897,0,0,0,1,0,0,1,False,-1,-1,0,0,0,-1
2026-06-29 15:09:38.054,157.0452,False,33.25276,0.820888,-22.00911,0,0,0,1,0,0,1,False,-1,-1,0,0,0,-1
2026-06-29 15:09:38.099,157.0897,False,33.25262,0.8211274,-22.00891,0,0,0,1,0,0,1,False,-1,-1,0,0,0,-1
2026-06-29 15:09:38.133,157.1233,False,33.25266,0.8210524,-22.00889,0,0,0,1,0,0,1,False,-1,-1,0,0,0,-1
2026-06-29 15:09:38.177,157.1677,False,33.25277,0.8209962,-22.00898,0,0,0,1,0,0,1,False,-1,-1,0,0,0,-1
2026-06-29 15:09:38.221,157.2114,False,33.25288,0.8209984,-22.00897,0,0,0,1,0,0,1,False,-1,-1,0,0,0,-1
2026-06-29 15:09:38.255,157.2458,False,33.25282,0.8209841,-22.00899,0,0,0,1,0,0,1,False,-1,-1,0,0,0,-1
2026-06-29 15:09:38.299,157.2893,False,33.25266,0.820975,-22.00906,0,0,0,1,0,0,1,False,-1,-1,0,0,0,-1
2026-06-29 15:09:38.343,157.334,False,33.25266,0.8209499,-22.00913,0,0,0,1,0,0,1,False,-1,-1,0,0,0,-1
2026-06-29 15:09:38.377,157.3675,False,33.25255,0.8211625,-22.00891,0,0,0,1,0,0,1,False,-1,-1,0,0,0,-1
2026-06-29 15:09:38.420,157.4114,False,33.25257,0.8211077,-22.0087,0,0,0,1,0,0,1,False,-1,-1,0,0,0,-1
2026-06-29 15:09:38.455,157.445,False,33.25284,0.8209894,-22.00871,0,0,0,1,0,0,1,False,-1,-1,0,0,0,-1
2026-06-29 15:09:38.500,157.4901,False,33.25277,0.8210657,-22.00871,0,0,0,1,0,0,1,False,-1,-1,0,0,0,-1
2026-06-29 15:09:38.543,157.5338,False,33.25289,0.8209397,-22.00876,0,0,0,1,0,0,1,False,-1,-1,0,0,0,-1
2026-06-29 15:09:38.577,157.5674,False,33.25288,0.8208914,-22.00879,0,0,0,1,0,0,1,False,-1,-1,0,0,0,-1
2026-06-29 15:09:38.621,157.6114,False,33.25265,0.8209761,-22.00864,0,0,0,1,0,0,1,False,-1,-1,0,0,0,-1
2026-06-29 15:09:38.655,157.6451,False,33.25262,0.8209754,-22.00856,0,0,0,1,0,0,1,False,-1,-1,0,0,0,-1
2026-06-29 15:09:38.699,157.6894,False,33.25283,0.8209738,-22.00856,0,0,0,1,0,0,1,False,-1,-1,0,0,0,-1
2026-06-29 15:09:38.743,157.7338,False,33.25284,0.8209683,-22.00864,0,0,0,1,0,0,1,False,-1,-1,0,0,0,-1
2026-06-29 15:09:38.787,157.778,False,33.25276,0.8209805,-22.00856,0,0,0,1,0,0,1,False,-1,-1,0,0,0,-1
2026-06-29 15:09:38.821,157.8116,False,33.2528,0.820972,-22.00844,0,0,0,1,0,0,1,False,-1,-1,0,0,0,-1
2026-06-29 15:09:38.866,157.856,False,33.25288,0.820947,-22.00851,0,0,0,1,0,0,1,False,-1,-1,0,0,0,-1
2026-06-29 15:09:38.909,157.9005,False,33.253,0.8209483,-22.00846,0,0,0,1,0,0,1,False,-1,-1,0,0,0,-1
2026-06-29 15:09:38.943,157.9339,False,33.25291,0.8209717,-22.0084,0,0,0,1,0,0,1,False,-1,-1,0,0,0,-1
2026-06-29 15:09:38.977,157.9676,False,33.253,0.8210041,-22.00835,0,0,0,1,0,0,1,False,-1,-1,0,0,0,-1
2026-06-29 15:09:39.020,158.011,False,33.25294,0.8210388,-22.00852,0,0,0,1,0,0,1,False,-1,-1,0,0,0,-1
2026-06-29 15:09:39.054,158.0447,False,33.25303,0.8210486,-22.00858,0,0,0,1,0,0,1,False,-1,-1,0,0,0,-1
2026-06-29 15:09:39.099,158.0891,False,33.253,0.8210311,-22.00852,0,0,0,1,0,0,1,False,-1,-1,0,0,0,-1
2026-06-29 15:09:39.143,158.1335,False,33.25308,0.8209749,-22.00848,0,0,0,1,0,0,1,False,-1,-1,0,0,0,-1
2026-06-29 15:09:39.187,158.1779,False,33.253,0.8209741,-22.0085,0,0,0,1,0,0,1,False,-1,-1,0,0,0,-1
2026-06-29 15:09:39.232,158.2224,False,33.25298,0.8209106,-22.00848,0,0,0,1,0,0,1,False,-1,-1,0,0,0,-1
2026-06-29 15:09:39.276,158.2666,False,33.25299,0.8209511,-22.00831,0,0,0,1,0,0,1,False,-1,-1,0,0,0,-1
2026-06-29 15:09:39.310,158.3014,False,33.25291,0.8210051,-22.00826,0,0,0,1,0,0,1,False,-1,-1,0,0,0,-1
2026-06-29 15:09:39.354,158.3444,False,33.25302,0.8210824,-22.00828,0,0,0,1,0,0,1,False,-1,-1,0,0,0,-1
2026-06-29 15:09:39.398,158.3895,False,33.25313,0.8210055,-22.00824,0,0,0,1,0,0,1,False,-1,-1,0,0,0,-1
2026-06-29 15:09:39.443,158.4336,False,33.25316,0.8209291,-22.00849,0,0,0,1,0,0,1,False,-1,-1,0,0,0,-1
2026-06-29 15:09:39.477,158.4671,False,33.25306,0.8209659,-22.00834,0,0,0,1,0,0,1,False,-1,-1,0,0,0,-1
2026-06-29 15:09:39.510,158.5013,False,33.25302,0.8209,-22.00827,0,0,0,1,0,0,1,False,-1,-1,0,0,0,-1
2026-06-29 15:09:39.554,158.5441,False,33.25306,0.820793,-22.0082,0,0,0,1,0,0,1,False,-1,-1,0,0,0,-1
2026-06-29 15:09:39.589,158.5789,False,33.25301,0.8208358,-22.00813,0,0,0,1,0,0,1,False,-1,-1,0,0,0,-1
2026-06-29 15:09:39.631,158.6221,False,33.25312,0.8209247,-22.00825,0,0,0,1,0,0,1,False,-1,-1,0,0,0,-1
2026-06-29 15:09:39.666,158.6561,False,33.25301,0.8210307,-22.00828,0,0,0,1,0,0,1,False,-1,-1,0,0,0,-1
2026-06-29 15:09:39.709,158.7,False,33.25301,0.8209931,-22.00828,0,0,0,1,0,0,1,False,-1,-1,0,0,0,-1
2026-06-29 15:09:39.743,158.7336,False,33.2532,0.8209434,-22.00812,0,0,0,1,0,0,1,False,-1,-1,0,0,0,-1
2026-06-29 15:09:39.786,158.7776,False,33.25328,0.8210789,-22.00824,0,0,0,1,0,0,1,False,-1,-1,0,0,0,-1
2026-06-29 15:09:39.821,158.8111,False,33.2533,0.8210413,-22.00821,0,0,0,1,0,0,1,False,-1,-1,0,0,0,-1
2026-06-29 15:09:39.854,158.8446,False,33.25315,0.8210244,-22.00815,0,0,0,1,0,0,1,False,-1,-1,0,0,0,-1
2026-06-29 15:09:39.897,158.8886,False,33.25303,0.8211461,-22.008,0,0,0,1,0,0,1,False,-1,-1,0,0,0,-1
2026-06-29 15:09:39.942,158.9331,False,33.25319,0.8210351,-22.00809,0,0,0,1,0,0,1,False,-1,-1,0,0,0,-1
2026-06-29 15:09:39.978,158.9683,False,33.25322,0.8210565,-22.00805,0,0,0,1,0,0,1,False,-1,-1,0,0,0,-1
2026-06-29 15:09:40.019,159.0105,False,33.25341,0.8209493,-22.00825,0,0,0,1,0,0,1,False,-1,-1,0,0,0,-1
2026-06-29 15:09:40.054,159.0441,False,33.25338,0.8210233,-22.0081,0,0,0,1,0,0,1,False,-1,-1,0,0,0,-1
2026-06-29 15:09:40.099,159.0886,False,33.2535,0.8209586,-22.00803,0,0,0,1,0,0,1,False,-1,-1,0,0,0,-1
2026-06-29 15:09:40.143,159.1333,False,33.25332,0.8210505,-22.00783,0,0,0,1,0,0,1,False,-1,-1,0,0,0,-1
2026-06-29 15:09:40.187,159.1773,False,33.25312,0.8210855,-22.00794,0,0,0,1,0,0,1,False,-1,-1,0,0,0,-1
2026-06-29 15:09:40.220,159.2108,False,33.25324,0.8210377,-22.00795,0,0,0,1,0,0,1,False,-1,-1,0,0,0,-1
2026-06-29 15:09:40.264,159.2551,False,33.25346,0.8209252,-22.00789,0,0,0,1,0,0,1,False,-1,-1,0,0,0,-1
2026-06-29 15:09:40.298,159.2886,False,33.25338,0.8209944,-22.00803,0,0,0,1,0,0,1,False,-1,-1,0,0,0,-1
2026-06-29 15:09:40.343,159.3337,False,33.25341,0.8209783,-22.00797,0,0,0,1,0,0,1,False,-1,-1,0,0,0,-1
2026-06-29 15:09:40.387,159.3778,False,33.25327,0.8209369,-22.00798,0,0,0,1,0,0,1,False,-1,-1,0,0,0,-1
2026-06-29 15:09:40.430,159.4214,False,33.2534,0.8210849,-22.00776,0,0,0,1,0,0,1,False,-1,-1,0,0,0,-1
2026-06-29 15:09:40.464,159.4553,False,33.25332,0.8210747,-22.00759,0,0,0,1,0,0,1,False,-1,-1,0,0,0,-1
2026-06-29 15:09:40.509,159.4996,False,33.25362,0.8210679,-22.00763,0,0,0,1,0,0,1,False,-1,-1,0,0,0,-1
2026-06-29 15:09:40.553,159.5437,False,33.25361,0.8211313,-22.00781,0,0,0,1,0,0,1,False,-1,-1,0,0,0,-1
2026-06-29 15:09:40.587,159.5772,False,33.25365,0.8210769,-22.00788,0,0,0,1,0,0,1,False,-1,-1,0,0,0,-1
2026-06-29 15:09:40.621,159.6118,False,33.25345,0.8210782,-22.00787,0,0,0,1,0,0,1,False,-1,-1,0,0,0,-1
2026-06-29 15:09:40.664,159.6552,False,33.25352,0.8210412,-22.00787,0,0,0,1,0,0,1,False,-1,-1,0,0,0,-1
2026-06-29 15:09:40.709,159.6994,False,33.25364,0.8210385,-22.00774,0,0,0,1,0,0,1,False,-1,-1,0,0,0,-1
2026-06-29 15:09:40.753,159.7435,False,33.25348,0.8211442,-22.00763,0,0,0,1,0,0,1,False,-1,-1,0,0,0,-1
2026-06-29 15:09:40.786,159.7769,False,33.25344,0.8211526,-22.00769,0,0,0,1,0,0,1,False,-1,-1,0,0,0,-1
2026-06-29 15:09:40.831,159.8214,False,33.25349,0.8212104,-22.00745,0,0,0,1,0,0,1,False,-1,-1,0,0,0,-1
2026-06-29 15:09:40.865,159.8549,False,33.25336,0.8212493,-22.00732,0,0,0,1,0,0,1,False,-1,-1,0,0,0,-1
2026-06-29 15:09:40.898,159.8883,False,33.25351,0.8210394,-22.00744,0,0,0,1,0,0,1,False,-1,-1,0,0,0,-1
2026-06-29 15:09:40.941,159.9324,False,33.2537,0.8209573,-22.00765,0,0,0,1,0,0,1,False,-1,-1,0,0,0,-1
2026-06-29 15:09:40.975,159.966,False,33.25362,0.8211497,-22.00758,0,0,0,1,0,0,1,False,-1,-1,0,0,0,-1
2026-06-29 15:09:41.009,159.9996,False,33.25367,0.8211483,-22.00766,0,0,0,1,0,0,1,False,-1,-1,0,0,0,-1
2026-06-29 15:09:41.054,160.0446,False,33.25353,0.8211325,-22.00753,0,0,0,1,0,0,1,False,-1,-1,0,0,0,-1
2026-06-29 15:09:41.098,160.0884,False,33.25365,0.8211843,-22.00759,0,0,0,1,0,0,1,False,-1,-1,0,0,0,-1
2026-06-29 15:09:41.141,160.1325,False,33.25368,0.8211901,-22.00753,0,0,0,1,0,0,1,False,-1,-1,0,0,0,-1
2026-06-29 15:09:41.186,160.1768,False,33.25373,0.821093,-22.00748,0,0,0,1,0,0,1,False,-1,-1,0,0,0,-1
2026-06-29 15:09:41.220,160.2106,False,33.25364,0.8211094,-22.00737,0,0,0,1,0,0,1,False,-1,-1,0,0,0,-1
2026-06-29 15:09:41.264,160.2545,False,33.25369,0.821106,-22.00741,0,0,0,1,0,0,1,False,-1,-1,0,0,0,-1
2026-06-29 15:09:41.297,160.2879,False,33.25363,0.8211284,-22.00746,0,0,0,1,0,0,1,False,-1,-1,0,0,0,-1
2026-06-29 15:09:41.342,160.3327,False,33.25375,0.8210688,-22.0074,0,0,0,1,0,0,1,False,-1,-1,0,0,0,-1
2026-06-29 15:09:41.388,160.378,False,33.25367,0.8209856,-22.00735,0,0,0,1,0,0,1,False,-1,-1,0,0,0,-1
2026-06-29 15:09:41.431,160.4212,False,33.25362,0.8210119,-22.00729,0,0,0,1,0,0,1,False,-1,-1,0,0,0,-1
2026-06-29 15:09:41.464,160.4549,False,33.2536,0.8209893,-22.00738,0,0,0,1,0,0,1,False,-1,-1,0,0,0,-1
2026-06-29 15:09:41.508,160.4989,False,33.25356,0.8209518,-22.00732,0,0,0,1,0,0,1,False,-1,-1,0,0,0,-1
2026-06-29 15:09:41.543,160.5333,False,33.25364,0.821009,-22.00732,0,0,0,1,0,0,1,False,-1,-1,0,0,0,-1
2026-06-29 15:09:41.587,160.5769,False,33.2536,0.8211514,-22.00724,0,0,0,1,0,0,1,False,-1,-1,0,0,0,-1
2026-06-29 15:09:41.631,160.6216,False,33.25367,0.8210588,-22.00732,0,0,0,1,0,0,1,False,-1,-1,0,0,0,-1
2026-06-29 15:09:41.675,160.6658,False,33.25375,0.821111,-22.0073,0,0,0,1,0,0,1,False,-1,-1,0,0,0,-1
2026-06-29 15:09:41.720,160.7102,False,33.25372,0.8211213,-22.00723,0,0,0,1,0,0,1,False,-1,-1,0,0,0,-1
2026-06-29 15:09:41.764,160.7545,False,33.25386,0.8211817,-22.0073,0,0,0,1,0,0,1,False,-1,-1,0,0,0,-1
2026-06-29 15:09:41.808,160.7987,False,33.2538,0.8211161,-22.00724,0,0,0,1,0,0,1,False,-1,-1,0,0,0,-1
2026-06-29 15:09:41.842,160.8324,False,33.25387,0.8210549,-22.00716,0,0,0,1,0,0,1,False,-1,-1,0,0,0,-1
2026-06-29 15:09:41.886,160.8768,False,33.25385,0.8210733,-22.0072,0,0,0,1,0,0,1,False,-1,-1,0,0,0,-1
2026-06-29 15:09:41.920,160.9106,False,33.25379,0.8211412,-22.00728,0,0,0,1,0,0,1,False,-1,-1,0,0,0,-1
2026-06-29 15:09:41.964,160.9546,False,33.25387,0.8210735,-22.00716,0,0,0,1,0,0,1,False,-1,-1,0,0,0,-1
2026-06-29 15:09:42.008,160.9986,False,33.25379,0.8211361,-22.00692,0,0,0,1,0,0,1,False,-1,-1,0,0,0,-1
2026-06-29 15:09:42.043,161.0333,False,33.25377,0.8212402,-22.00714,0,0,0,1,0,0,1,False,-1,-1,0,0,0,-1
2026-06-29 15:09:42.086,161.0769,False,33.25371,0.8212252,-22.00709,0,0,0,1,0,0,1,False,-1,-1,0,0,0,-1
2026-06-29 15:09:42.131,161.1209,False,33.25376,0.8211713,-22.00722,0,0,0,1,0,0,1,False,-1,-1,0,0,0,-1
2026-06-29 15:09:42.164,161.1545,False,33.25382,0.8211134,-22.00711,0,0,0,1,0,0,1,False,-1,-1,0,0,0,-1
2026-06-29 15:09:42.199,161.1888,False,33.25393,0.821097,-22.00701,0,0,0,1,0,0,1,False,-1,-1,0,0,0,-1
2026-06-29 15:09:42.241,161.2321,False,33.2538,0.8211055,-22.00698,0,0,0,1,0,0,1,False,-1,-1,0,0,0,-1
2026-06-29 15:09:42.275,161.2659,False,33.25392,0.821021,-22.00716,0,0,0,1,0,0,1,False,-1,-1,0,0,0,-1
2026-06-29 15:09:42.319,161.3096,False,33.25394,0.8210455,-22.0071,0,0,0,1,0,0,1,False,-1,-1,0,0,0,-1
2026-06-29 15:09:42.353,161.3429,False,33.25399,0.8209333,-22.00715,0,0,0,1,0,0,1,False,-1,-1,0,0,0,-1
2026-06-29 15:09:42.397,161.3877,False,33.25371,0.821081,-22.00712,0,0,0,1,0,0,1,False,-1,-1,0,0,0,-1
2026-06-29 15:09:42.431,161.4225,False,33.25377,0.8210508,-22.0072,0,0,0,1,0,0,1,False,-1,-1,0,0,0,-1
2026-06-29 15:09:42.474,161.4651,False,33.25396,0.8210275,-22.00715,0,0,0,1,0,0,1,False,-1,-1,0,0,0,-1
2026-06-29 15:09:42.508,161.4986,False,33.25404,0.8210015,-22.00698,0,0,0,1,0,0,1,False,-1,-1,0,0,0,-1
2026-06-29 15:09:42.542,161.5322,False,33.25397,0.8210068,-22.0069,0,0,0,1,0,0,1,False,-1,-1,0,0,0,-1
2026-06-29 15:09:42.576,161.5656,False,33.25388,0.8210475,-22.00685,0,0,0,1,0,0,1,False,-1,-1,0,0,0,-1
2026-06-29 15:09:42.619,161.6097,False,33.25403,0.821104,-22.00698,0,0,0,1,0,0,1,False,-1,-1,0,0,0,-1
2026-06-29 15:09:42.653,161.6431,False,33.25399,0.8211842,-22.00687,0,0,0,1,0,0,1,False,-1,-1,0,0,0,-1
2026-06-29 15:09:42.696,161.6874,False,33.25415,0.8211321,-22.00697,0,0,0,1,0,0,1,False,-1,-1,0,0,0,-1
2026-06-29 15:09:42.730,161.7208,False,33.25404,0.8212479,-22.00695,0,0,0,1,0,0,1,False,-1,-1,0,0,0,-1
2026-06-29 15:09:42.775,161.7648,False,33.25392,0.8211913,-22.00692,0,0,0,1,0,0,1,False,-1,-1,0,0,0,-1
2026-06-29 15:09:42.807,161.7983,False,33.25385,0.8212814,-22.00688,0,0,0,1,0,0,1,False,-1,-1,0,0,0,-1
2026-06-29 15:09:42.841,161.8316,False,33.2538,0.8212883,-22.00689,0,0,0,1,0,0,1,False,-1,-1,0,0,0,-1
2026-06-29 15:09:42.885,161.8758,False,33.25381,0.8212355,-22.00685,0,0,0,1,0,0,1,False,-1,-1,0,0,0,-1
2026-06-29 15:09:42.918,161.9096,False,33.25374,0.8213036,-22.00686,0,0,0,1,0,0,1,False,-1,-1,0,0,0,-1
2026-06-29 15:09:42.963,161.9541,False,33.25383,0.821294,-22.00686,0,0,0,1,0,0,1,False,-1,-1,0,0,0,-1
2026-06-29 15:09:43.008,161.9986,False,33.25372,0.8212994,-22.00679,0,0,0,1,0,0,1,False,-1,-1,0,0,0,-1
2026-06-29 15:09:43.051,162.0425,False,33.25385,0.8212401,-22.00679,0,0,0,1,0,0,1,False,-1,-1,0,0,0,-1
2026-06-29 15:09:43.086,162.0764,False,33.25402,0.8213635,-22.00683,0,0,0,1,0,0,1,False,-1,-1,0,0,0,-1
2026-06-29 15:09:43.129,162.1206,False,33.25404,0.8213688,-22.00683,0,0,0,1,0,0,1,False,-1,-1,0,0,0,-1
2026-06-29 15:09:43.163,162.154,False,33.25416,0.821411,-22.00681,0,0,0,1,0,0,1,False,-1,-1,0,0,0,-1
2026-06-29 15:09:43.208,162.1985,False,33.25406,0.8213672,-22.00667,0,0,0,1,0,0,1,False,-1,-1,0,0,0,-1
2026-06-29 15:09:43.252,162.2425,False,33.25413,0.8211946,-22.00685,0,0,0,1,0,0,1,False,-1,-1,0,0,0,-1
2026-06-29 15:09:43.285,162.2764,False,33.25425,0.8211333,-22.00703,0,0,0,1,0,0,1,False,-1,-1,0,0,0,-1
2026-06-29 15:09:43.330,162.3204,False,33.25421,0.8210817,-22.00683,0,0,0,1,0,0,1,False,-1,-1,0,0,0,-1
2026-06-29 15:09:43.374,162.3647,False,33.254,0.8211405,-22.00668,0,0,0,1,0,0,1,False,-1,-1,0,0,0,-1
2026-06-29 15:09:43.407,162.3983,False,33.25396,0.821256,-22.0067,0,0,0,1,0,0,1,False,-1,-1,0,0,0,-1
2026-06-29 15:09:43.441,162.4316,False,33.25414,0.821209,-22.00667,0,0,0,1,0,0,1,False,-1,-1,0,0,0,-1
2026-06-29 15:09:43.475,162.4656,False,33.25435,0.8210932,-22.00668,0,0,0,1,0,0,1,False,-1,-1,0,0,0,-1
2026-06-29 15:09:43.519,162.5091,False,33.2542,0.821196,-22.00668,0,0,0,1,0,0,1,False,-1,-1,0,0,0,-1
2026-06-29 15:09:43.564,162.5543,False,33.25426,0.8211349,-22.00659,0,0,0,1,0,0,1,False,-1,-1,0,0,0,-1
2026-06-29 15:09:43.609,162.5991,False,33.25417,0.8211406,-22.00663,0,0,0,1,0,0,1,False,-1,-1,0,0,0,-1
2026-06-29 15:09:43.652,162.6425,False,33.25412,0.8212208,-22.00647,0,0,0,1,0,0,1,False,-1,-1,0,0,0,-1
2026-06-29 15:09:43.685,162.6761,False,33.25423,0.8213169,-22.00651,0,0,0,1,0,0,1,False,-1,-1,0,0,0,-1
2026-06-29 15:09:43.730,162.7204,False,33.25417,0.8213893,-22.00664,0,0,0,1,0,0,1,False,-1,-1,0,0,0,-1
2026-06-29 15:09:43.775,162.7648,False,33.25417,0.8213755,-22.00661,0,0,0,1,0,0,1,False,-1,-1,0,0,0,-1
2026-06-29 15:09:43.819,162.809,False,33.25418,0.8212641,-22.00658,0,0,0,1,0,0,1,False,-1,-1,0,0,0,-1
2026-06-29 15:09:43.863,162.8533,False,33.25422,0.8212617,-22.0067,0,0,0,1,0,0,1,False,-1,-1,0,0,0,-1
2026-06-29 15:09:43.896,162.8868,False,33.25416,0.8212861,-22.0065,0,0,0,1,0,0,1,False,-1,-1,0,0,0,-1
2026-06-29 15:09:43.930,162.9207,False,33.25425,0.8213838,-22.00648,0,0,0,1,0,0,1,False,-1,-1,0,0,0,-1
2026-06-29 15:09:43.974,162.9646,False,33.2542,0.8213757,-22.00654,0,0,0,1,0,0,1,False,-1,-1,0,0,0,-1
2026-06-29 15:09:44.018,163.0095,False,33.25431,0.8212374,-22.00664,0,0,0,1,0,0,1,False,-1,-1,0,0,0,-1
2026-06-29 15:09:44.063,163.0532,False,33.25425,0.8212098,-22.00655,0,0,0,1,0,0,1,False,-1,-1,0,0,0,-1
2026-06-29 15:09:44.096,163.087,False,33.25409,0.8212702,-22.00651,0,0,0,1,0,0,1,False,-1,-1,0,0,0,-1
2026-06-29 15:09:44.142,163.132,False,33.25425,0.8212063,-22.00667,0,0,0,1,0,0,1,False,-1,-1,0,0,0,-1
2026-06-29 15:09:44.184,163.1751,False,33.25425,0.8213778,-22.00659,0,0,0,1,0,0,1,False,-1,-1,0,0,0,-1
2026-06-29 15:09:44.218,163.2089,False,33.25446,0.8212285,-22.00647,0,0,0,1,0,0,1,False,-1,-1,0,0,0,-1
2026-06-29 15:09:44.253,163.2426,False,33.25447,0.8212671,-22.00649,0,0,0,1,0,0,1,False,-1,-1,0,0,0,-1
2026-06-29 15:09:44.297,163.2877,False,33.2544,0.8212755,-22.00647,0,0,0,1,0,0,1,False,-1,-1,0,0,0,-1
2026-06-29 15:09:44.331,163.3212,False,33.25431,0.8211724,-22.00653,0,0,0,1,0,0,1,False,-1,-1,0,0,0,-1
2026-06-29 15:09:44.375,163.3655,False,33.25418,0.8212187,-22.00642,0,0,0,1,0,0,1,False,-1,-1,0,0,0,-1
2026-06-29 15:09:44.418,163.4088,False,33.25415,0.8212218,-22.00635,0,0,0,1,0,0,1,False,-1,-1,0,0,0,-1
2026-06-29 15:09:44.453,163.4436,False,33.25415,0.8212503,-22.00629,0,0,0,1,0,0,1,False,-1,-1,0,0,0,-1
2026-06-29 15:09:44.496,163.4864,False,33.25418,0.8213585,-22.00627,0,0,0,1,0,0,1,False,-1,-1,0,0,0,-1
2026-06-29 15:09:44.539,163.5293,False,33.25418,0.8213888,-22.00632,0,0,0,1,0,0,1,False,-1,-1,0,0,0,-1
2026-06-29 15:09:44.582,163.5732,False,33.25417,0.8213441,-22.00642,0,0,0,1,0,0,1,False,-1,-1,0,0,0,-1
2026-06-29 15:09:44.617,163.6067,False,33.25435,0.8212335,-22.00637,0,0,0,1,0,0,1,False,-1,-1,0,0,0,-1
2026-06-29 15:09:44.650,163.6404,False,33.25445,0.8212764,-22.00632,0,0,0,1,0,0,1,False,-1,-1,0,0,0,-1
2026-06-29 15:09:44.693,163.6839,False,33.25429,0.8213325,-22.00616,0,0,0,1,0,0,1,False,-1,-1,0,0,0,-1
2026-06-29 15:09:44.728,163.7179,False,33.25422,0.8214267,-22.00628,0,0,0,1,0,0,1,False,-1,-1,0,0,0,-1
2026-06-29 15:09:44.771,163.7615,False,33.25423,0.8213903,-22.0063,0,0,0,1,0,0,1,False,-1,-1,0,0,0,-1
2026-06-29 15:09:44.816,163.8064,False,33.25437,0.821197,-22.00634,0,0,0,1,0,0,1,False,-1,-1,0,0,0,-1
2026-06-29 15:09:44.851,163.8423,False,33.25452,0.821116,-22.00626,0,0,0,1,0,0,1,False,-1,-1,0,0,0,-1
2026-06-29 15:09:44.885,163.8759,False,33.25452,0.821083,-22.00624,0,0,0,1,0,0,1,False,-1,-1,0,0,0,-1
2026-06-29 15:09:44.919,163.9099,False,33.25437,0.8212739,-22.0062,0,0,0,1,0,0,1,False,-1,-1,0,0,0,-1
2026-06-29 15:09:44.955,163.9447,False,33.25448,0.8211157,-22.00624,0,0,0,1,0,0,1,False,-1,-1,0,0,0,-1
2026-06-29 15:09:44.987,163.9782,False,33.25456,0.8211496,-22.00623,0,0,0,1,0,0,1,False,-1,-1,0,0,0,-1
2026-06-29 15:09:45.068,164.0582,False,33.25446,0.8212007,-22.00613,0,0,0,1,0,0,1,False,-1,-1,0,0,0,-1
2026-06-29 15:09:45.103,164.0936,False,33.25441,0.8210781,-22.00623,0,0,0,1,0,0,1,False,-1,-1,0,0,0,-1
2026-06-29 15:09:45.137,164.1273,False,33.25441,0.8211718,-22.0062,0,0,0,1,0,0,1,False,-1,-1,0,0,0,-1
2026-06-29 15:09:45.180,164.1701,False,33.25429,0.8211893,-22.00619,0,0,0,1,0,0,1,False,-1,-1,0,0,0,-1
2026-06-29 15:09:45.214,164.2039,False,33.25439,0.8211196,-22.00615,0,0,0,1,0,0,1,False,-1,-1,0,0,0,-1
2026-06-29 15:09:45.256,164.2475,False,33.25449,0.821143,-22.00611,0,0,0,1,0,0,1,False,-1,-1,0,0,0,-1
2026-06-29 15:09:45.290,164.281,False,33.25455,0.8211903,-22.00621,0,0,0,1,0,0,1,False,-1,-1,0,0,0,-1
2026-06-29 15:09:45.324,164.3147,False,33.25462,0.8212277,-22.00619,0,0,0,1,0,0,1,False,-1,-1,0,0,0,-1
2026-06-29 15:09:45.368,164.3587,False,33.25469,0.8212556,-22.00612,0,0,0,1,0,0,1,False,-1,-1,0,0,0,-1
2026-06-29 15:09:45.413,164.4031,False,33.25477,0.8213744,-22.00599,0,0,0,1,0,0,1,False,-1,-1,0,0,0,-1
2026-06-29 15:09:45.446,164.4368,False,33.25454,0.8214151,-22.006,0,0,0,1,0,0,1,False,-1,-1,0,0,0,-1
2026-06-29 15:09:45.491,164.4808,False,33.25438,0.8215092,-22.00596,0,0,0,1,0,0,1,False,-1,-1,0,0,0,-1
2026-06-29 15:09:45.523,164.5141,False,33.25435,0.8214159,-22.00605,0,0,0,1,0,0,1,False,-1,-1,0,0,0,-1
2026-06-29 15:09:45.559,164.5495,False,33.25428,0.8213952,-22.00608,0,0,0,1,0,0,1,False,-1,-1,0,0,0,-1
2026-06-29 15:09:45.603,164.594,False,33.25432,0.8215429,-22.00606,0,0,0,1,0,0,1,False,-1,-1,0,0,0,-1
2026-06-29 15:09:45.638,164.6286,False,33.25435,0.8214036,-22.00605,0,0,0,1,0,0,1,False,-1,-1,0,0,0,-1
2026-06-29 15:09:45.673,164.6636,False,33.25444,0.8212197,-22.00605,0,0,0,1,0,0,1,False,-1,-1,0,0,0,-1
2026-06-29 15:09:45.718,164.7083,False,33.25417,0.8212739,-22.00595,0,0,0,1,0,0,1,False,-1,-1,0,0,0,-1
2026-06-29 15:09:45.751,164.7416,False,33.2543,0.8212256,-22.00592,0,0,0,1,0,0,1,False,-1,-1,0,0,0,-1
2026-06-29 15:09:45.795,164.7856,False,33.25447,0.8212013,-22.00603,0,0,0,1,0,0,1,False,-1,-1,0,0,0,-1
2026-06-29 15:09:45.829,164.819,False,33.25459,0.8211396,-22.00599,0,0,0,1,0,0,1,False,-1,-1,0,0,0,-1
2026-06-29 15:09:45.873,164.8636,False,33.25464,0.82113,-22.00596,0,0,0,1,0,0,1,False,-1,-1,0,0,0,-1
2026-06-29 15:09:45.919,164.9096,False,33.25457,0.8210925,-22.00597,0,0,0,1,0,0,1,False,-1,-1,0,0,0,-1
2026-06-29 15:09:45.962,164.9521,False,33.25453,0.8210319,-22.00603,0,0,0,1,0,0,1,False,-1,-1,0,0,0,-1
2026-06-29 15:09:45.996,164.9864,False,33.25456,0.8211665,-22.00592,0,0,0,1,0,0,1,False,-1,-1,0,0,0,-1
2026-06-29 15:09:46.039,165.0299,False,33.25471,0.8211603,-22.00594,0,0,0,1,0,0,1,False,-1,-1,0,0,0,-1
2026-06-29 15:09:46.074,165.0644,False,33.2548,0.8211073,-22.00607,0,0,0,1,0,0,1,False,-1,-1,0,0,0,-1
2026-06-29 15:09:46.118,165.1085,False,33.25486,0.8211476,-22.00608,0,0,0,1,0,0,1,False,-1,-1,0,0,0,-1
2026-06-29 15:09:46.163,165.1532,False,33.25473,0.8211603,-22.0059,0,0,0,1,0,0,1,False,-1,-1,0,0,0,-1
2026-06-29 15:09:46.206,165.197,False,33.2547,0.8211223,-22.00595,0,0,0,1,0,0,1,False,-1,-1,0,0,0,-1
2026-06-29 15:09:46.239,165.2303,False,33.25467,0.8212553,-22.00591,0,0,0,1,0,0,1,False,-1,-1,0,0,0,-1
2026-06-29 15:09:46.273,165.2638,False,33.25468,0.8211952,-22.0058,0,0,0,1,0,0,1,False,-1,-1,0,0,0,-1
2026-06-29 15:09:46.307,165.2981,False,33.2546,0.8213057,-22.00579,0,0,0,1,0,0,1,False,-1,-1,0,0,0,-1
2026-06-29 15:09:46.351,165.3413,False,33.25441,0.8212728,-22.0058,0,0,0,1,0,0,1,False,-1,-1,0,0,0,-1
2026-06-29 15:09:46.395,165.3855,False,33.25465,0.8211645,-22.0059,0,0,0,1,0,0,1,False,-1,-1,0,0,0,-1
2026-06-29 15:09:46.439,165.4301,False,33.2546,0.8211327,-22.00588,0,0,0,1,0,0,1,False,-1,-1,0,0,0,-1
2026-06-29 15:09:46.483,165.4743,False,33.25446,0.8211906,-22.00578,0,0,0,1,0,0,1,False,-1,-1,0,0,0,-1
2026-06-29 15:09:46.518,165.5083,False,33.25464,0.8212265,-22.00555,0,0,0,1,0,0,1,False,-1,-1,0,0,0,-1
2026-06-29 15:09:46.562,165.5525,False,33.25467,0.8212738,-22.0056,0,0,0,1,0,0,1,False,-1,-1,0,0,0,-1
2026-06-29 15:09:46.597,165.5867,False,33.25483,0.8211797,-22.00566,0,0,0,1,0,0,1,False,-1,-1,0,0,0,-1
2026-06-29 15:09:46.639,165.63,False,33.25468,0.8212286,-22.00576,0,0,0,1,0,0,1,False,-1,-1,0,0,0,-1
2026-06-29 15:09:46.674,165.6637,False,33.25472,0.8211538,-22.00581,0,0,0,1,0,0,1,False,-1,-1,0,0,0,-1
2026-06-29 15:09:46.718,165.7084,False,33.25466,0.8212534,-22.00575,0,0,0,1,0,0,1,False,-1,-1,0,0,0,-1
2026-06-29 15:09:46.761,165.7522,False,33.25464,0.8212963,-22.00567,0,0,0,1,0,0,1,False,-1,-1,0,0,0,-1
2026-06-29 15:09:46.795,165.7855,False,33.25482,0.821234,-22.00559,0,0,0,1,0,0,1,False,-1,-1,0,0,0,-1
2026-06-29 15:09:46.829,165.8193,False,33.25474,0.821219,-22.0055,0,0,0,1,0,0,1,False,-1,-1,0,0,0,-1
2026-06-29 15:09:46.872,165.8629,False,33.25479,0.8212105,-22.00555,0,0,0,1,0,0,1,False,-1,-1,0,0,0,-1
2026-06-29 15:09:46.906,165.8963,False,33.25477,0.8213461,-22.00553,0,0,0,1,0,0,1,False,-1,-1,0,0,0,-1
2026-06-29 15:09:46.940,165.9302,False,33.25477,0.821289,-22.00569,0,0,0,1,0,0,1,False,-1,-1,0,0,0,-1
2026-06-29 15:09:46.984,165.974,False,33.25496,0.8211405,-22.0058,0,0,0,1,0,0,1,False,-1,-1,0,0,0,-1
2026-06-29 15:09:47.018,166.0085,False,33.25491,0.8211589,-22.00565,0,0,0,1,0,0,1,False,-1,-1,0,0,0,-1
2026-06-29 15:09:47.061,166.0518,False,33.25482,0.8211492,-22.00569,0,0,0,1,0,0,1,False,-1,-1,0,0,0,-1
2026-06-29 15:09:47.105,166.0961,False,33.25484,0.8210774,-22.00554,0,0,0,1,0,0,1,False,-1,-1,0,0,0,-1
2026-06-29 15:09:47.139,166.1297,False,33.25479,0.8210804,-22.00546,0,0,0,1,0,0,1,False,-1,-1,0,0,0,-1
2026-06-29 15:09:47.173,166.1632,False,33.2547,0.8211566,-22.00544,0,0,0,1,0,0,1,False,-1,-1,0,0,0,-1
2026-06-29 15:09:47.206,166.1966,False,33.25463,0.8211894,-22.00548,0,0,0,1,0,0,1,False,-1,-1,0,0,0,-1
2026-06-29 15:09:47.240,166.2306,False,33.25476,0.821261,-22.00553,0,0,0,1,0,0,1,False,-1,-1,0,0,0,-1
2026-06-29 15:09:47.283,166.2739,False,33.25482,0.8212658,-22.00554,0,0,0,1,0,0,1,False,-1,-1,0,0,0,-1
2026-06-29 15:09:47.317,166.3076,False,33.25488,0.8212724,-22.00558,0,0,0,1,0,0,1,False,-1,-1,0,0,0,-1
2026-06-29 15:09:47.362,166.3519,False,33.255,0.8213456,-22.00552,0,0,0,1,0,0,1,False,-1,-1,0,0,0,-1
2026-06-29 15:09:47.405,166.3959,False,33.25479,0.8213468,-22.00555,0,0,0,1,0,0,1,False,-1,-1,0,0,0,-1
2026-06-29 15:09:47.439,166.4296,False,33.25492,0.8212429,-22.00559,0,0,0,1,0,0,1,False,-1,-1,0,0,0,-1
2026-06-29 15:09:47.484,166.4738,False,33.25504,0.8211889,-22.00551,0,0,0,1,0,0,1,False,-1,-1,0,0,0,-1
2026-06-29 15:09:47.517,166.5073,False,33.2552,0.821106,-22.00546,0,0,0,1,0,0,1,False,-1,-1,0,0,0,-1
2026-06-29 15:09:47.551,166.5411,False,33.25507,0.8212484,-22.00541,0,0,0,1,0,0,1,False,-1,-1,0,0,0,-1
2026-06-29 15:09:47.594,166.5848,False,33.25491,0.821044,-22.00543,0,0,0,1,0,0,1,False,-1,-1,0,0,0,-1
2026-06-29 15:09:47.629,166.6196,False,33.2548,0.8210357,-22.00549,0,0,0,1,0,0,1,False,-1,-1,0,0,0,-1
2026-06-29 15:09:47.673,166.6639,False,33.25471,0.8212007,-22.00527,0,0,0,1,0,0,1,False,-1,-1,0,0,0,-1
2026-06-29 15:09:47.719,166.7088,False,33.25482,0.8211535,-22.00534,0,0,0,1,0,0,1,False,-1,-1,0,0,0,-1
2026-06-29 15:09:47.761,166.7522,False,33.25508,0.8211777,-22.00526,0,0,0,1,0,0,1,False,-1,-1,0,0,0,-1
2026-06-29 15:09:47.796,166.7856,False,33.25514,0.8211592,-22.00526,0,0,0,1,0,0,1,False,-1,-1,0,0,0,-1
2026-06-29 15:09:47.839,166.8292,False,33.25508,0.8211606,-22.00533,0,0,0,1,0,0,1,False,-1,-1,0,0,0,-1
2026-06-29 15:09:47.873,166.8639,False,33.25488,0.8213276,-22.00512,0,0,0,1,0,0,1,False,-1,-1,0,0,0,-1
2026-06-29 15:09:47.918,166.9075,False,33.25515,0.8212218,-22.00521,0,0,0,1,0,0,1,False,-1,-1,0,0,0,-1
2026-06-29 15:09:47.961,166.9516,False,33.25517,0.8211996,-22.00516,0,0,0,1,0,0,1,False,-1,-1,0,0,0,-1
2026-06-29 15:09:47.995,166.985,False,33.25507,0.8212545,-22.00517,0,0,0,1,0,0,1,False,-1,-1,0,0,0,-1
2026-06-29 15:09:48.040,167.0296,False,33.25519,0.8211471,-22.0054,0,0,0,1,0,0,1,False,-1,-1,0,0,0,-1
2026-06-29 15:09:48.084,167.0739,False,33.25502,0.821173,-22.00536,0,0,0,1,0,0,1,False,-1,-1,0,0,0,-1
2026-06-29 15:09:48.117,167.1074,False,33.25492,0.821327,-22.00519,0,0,0,1,0,0,1,False,-1,-1,0,0,0,-1
2026-06-29 15:09:48.161,167.1515,False,33.25515,0.8212695,-22.00523,0,0,0,1,0,0,1,False,-1,-1,0,0,0,-1
2026-06-29 15:09:48.206,167.1963,False,33.25505,0.8213325,-22.00519,0,0,0,1,0,0,1,False,-1,-1,0,0,0,-1
2026-06-29 15:09:48.250,167.2403,False,33.25505,0.821205,-22.00518,0,0,0,1,0,0,1,False,-1,-1,0,0,0,-1
2026-06-29 15:09:48.294,167.2849,False,33.25494,0.821331,-22.00518,0,0,0,1,0,0,1,False,-1,-1,0,0,0,-1
2026-06-29 15:09:48.338,167.3288,False,33.25512,0.8212155,-22.00512,0,0,0,1,0,0,1,False,-1,-1,0,0,0,-1
2026-06-29 15:09:48.371,167.3623,False,33.25523,0.8212202,-22.00511,0,0,0,1,0,0,1,False,-1,-1,0,0,0,-1
2026-06-29 15:09:48.406,167.3966,False,33.25522,0.8212025,-22.00518,0,0,0,1,0,0,1,False,-1,-1,0,0,0,-1
2026-06-29 15:09:48.451,167.4407,False,33.25527,0.8211712,-22.00529,0,0,0,1,0,0,1,False,-1,-1,0,0,0,-1
2026-06-29 15:09:48.484,167.4746,False,33.25528,0.8211499,-22.00521,0,0,0,1,0,0,1,False,-1,-1,0,0,0,-1
2026-06-29 15:09:48.528,167.5182,False,33.25505,0.8212134,-22.00501,0,0,0,1,0,0,1,False,-1,-1,0,0,0,-1
2026-06-29 15:09:48.571,167.5621,False,33.25509,0.8211505,-22.00507,0,0,0,1,0,0,1,False,-1,-1,0,0,0,-1
2026-06-29 15:09:48.605,167.5957,False,33.25501,0.8212566,-22.00501,0,0,0,1,0,0,1,False,-1,-1,0,0,0,-1
2026-06-29 15:09:48.650,167.6406,False,33.25503,0.8212455,-22.00507,0,0,0,1,0,0,1,False,-1,-1,0,0,0,-1
2026-06-29 15:09:48.695,167.6849,False,33.25497,0.8211965,-22.00507,0,0,0,1,0,0,1,False,-1,-1,0,0,0,-1
2026-06-29 15:09:48.739,167.7291,False,33.25493,0.8212386,-22.00496,0,0,0,1,0,0,1,False,-1,-1,0,0,0,-1
2026-06-29 15:09:48.772,167.7626,False,33.25509,0.8212286,-22.00503,0,0,0,1,0,0,1,False,-1,-1,0,0,0,-1
2026-06-29 15:09:48.817,167.807,False,33.25514,0.8212252,-22.00494,0,0,0,1,0,0,1,False,-1,-1,0,0,0,-1
2026-06-29 15:09:48.860,167.851,False,33.25498,0.821384,-22.00491,0,0,0,1,0,0,1,False,-1,-1,0,0,0,-1
2026-06-29 15:09:48.894,167.8844,False,33.2551,0.8212684,-22.00495,0,0,0,1,0,0,1,False,-1,-1,0,0,0,-1
2026-06-29 15:09:48.939,167.9289,False,33.25525,0.821116,-22.00498,0,0,0,1,0,0,1,False,-1,-1,0,0,0,-1
2026-06-29 15:09:48.972,167.9624,False,33.25541,0.8211955,-22.00496,0,0,0,1,0,0,1,False,-1,-1,0,0,0,-1
2026-06-29 15:09:49.016,168.0068,False,33.25536,0.821249,-22.00477,0,0,0,1,0,0,1,False,-1,-1,0,0,0,-1
2026-06-29 15:09:49.050,168.0402,False,33.25533,0.8211914,-22.00474,0,0,0,1,0,0,1,False,-1,-1,0,0,0,-1
2026-06-29 15:09:49.094,168.0841,False,33.25517,0.8212895,-22.00489,0,0,0,1,0,0,1,False,-1,-1,0,0,0,-1
2026-06-29 15:09:49.128,168.1179,False,33.25512,0.8212926,-22.00492,0,0,0,1,0,0,1,False,-1,-1,0,0,0,-1
2026-06-29 15:09:49.161,168.1518,False,33.25523,0.8211293,-22.00498,0,0,0,1,0,0,1,False,-1,-1,0,0,0,-1
2026-06-29 15:09:49.203,168.1951,False,33.25517,0.8212661,-22.00484,0,0,0,1,0,0,1,False,-1,-1,0,0,0,-1
2026-06-29 15:09:49.239,168.2299,False,33.25528,0.8212639,-22.00475,0,0,0,1,0,0,1,False,-1,-1,0,0,0,-1
2026-06-29 15:09:49.283,168.2732,False,33.25537,0.821223,-22.00479,0,0,0,1,0,0,1,False,-1,-1,0,0,0,-1
2026-06-29 15:09:49.327,168.3175,False,33.2555,0.8211883,-22.00478,0,0,0,1,0,0,1,False,-1,-1,0,0,0,-1
2026-06-29 15:09:49.361,168.3512,False,33.25545,0.8212367,-22.00486,0,0,0,1,0,0,1,False,-1,-1,0,0,0,-1
2026-06-29 15:09:49.405,168.3955,False,33.2555,0.8211659,-22.0048,0,0,0,1,0,0,1,False,-1,-1,0,0,0,-1
2026-06-29 15:09:49.450,168.4404,False,33.25538,0.8212777,-22.00465,0,0,0,1,0,0,1,False,-1,-1,0,0,0,-1
2026-06-29 15:09:49.494,168.4845,False,33.25537,0.8212833,-22.00459,0,0,0,1,0,0,1,False,-1,-1,0,0,0,-1
2026-06-29 15:09:49.529,168.519,False,33.25528,0.8213362,-22.0046,0,0,0,1,0,0,1,False,-1,-1,0,0,0,-1
2026-06-29 15:09:49.571,168.562,False,33.25526,0.8213655,-22.00477,0,0,0,1,0,0,1,False,-1,-1,0,0,0,-1
2026-06-29 15:09:49.615,168.606,False,33.25526,0.8213981,-22.00471,0,0,0,1,0,0,1,False,-1,-1,0,0,0,-1
2026-06-29 15:09:49.649,168.6401,False,33.2552,0.8213819,-22.00463,0,0,0,1,0,0,1,False,-1,-1,0,0,0,-1
2026-06-29 15:09:49.694,168.6839,False,33.25521,0.8213702,-22.00453,0,0,0,1,0,0,1,False,-1,-1,0,0,0,-1
2026-06-29 15:09:49.727,168.718,False,33.25527,0.8213602,-22.00455,0,0,0,1,0,0,1,False,-1,-1,0,0,0,-1
2026-06-29 15:09:49.761,168.7514,False,33.25539,0.8213186,-22.00461,0,0,0,1,0,0,1,False,-1,-1,0,0,0,-1
2026-06-29 15:09:49.804,168.7951,False,33.25533,0.8213837,-22.00477,0,0,0,1,0,0,1,False,-1,-1,0,0,0,-1
2026-06-29 15:09:49.849,168.8397,False,33.25523,0.821376,-22.00479,0,0,0,1,0,0,1,False,-1,-1,0,0,0,-1
2026-06-29 15:09:49.894,168.8837,False,33.25554,0.8213009,-22.00457,0,0,0,1,0,0,1,False,-1,-1,0,0,0,-1
2026-06-29 15:09:49.927,168.9173,False,33.25553,0.8212421,-22.0045,0,0,0,1,0,0,1,False,-1,-1,0,0,0,-1
2026-06-29 15:09:49.961,168.9509,False,33.25553,0.8212166,-22.0046,0,0,0,1,0,0,1,False,-1,-1,0,0,0,-1
2026-06-29 15:09:50.004,168.9947,False,33.25562,0.821192,-22.00474,0,0,0,1,0,0,1,False,-1,-1,0,0,0,-1
2026-06-29 15:09:50.038,169.0285,False,33.25561,0.8211887,-22.00458,0,0,0,1,0,0,1,False,-1,-1,0,0,0,-1
2026-06-29 15:09:50.083,169.0735,False,33.25564,0.8212057,-22.00458,0,0,0,1,0,0,1,False,-1,-1,0,0,0,-1
2026-06-29 15:09:50.127,169.1171,False,33.25549,0.8213211,-22.00444,0,0,0,1,0,0,1,False,-1,-1,0,0,0,-1
2026-06-29 15:09:50.161,169.1512,False,33.25556,0.8212706,-22.00443,0,0,0,1,0,0,1,False,-1,-1,0,0,0,-1
2026-06-29 15:09:50.203,169.1947,False,33.25557,0.8212789,-22.0046,0,0,0,1,0,0,1,False,-1,-1,0,0,0,-1
2026-06-29 15:09:50.236,169.228,False,33.25551,0.8213496,-22.00454,0,0,0,1,0,0,1,False,-1,-1,0,0,0,-1
2026-06-29 15:09:50.272,169.2624,False,33.25556,0.8212902,-22.00439,0,0,0,1,0,0,1,False,-1,-1,0,0,0,-1
2026-06-29 15:09:50.315,169.306,False,33.25549,0.8213348,-22.00434,0,0,0,1,0,0,1,False,-1,-1,0,0,0,-1
2026-06-29 15:09:50.349,169.3393,False,33.25551,0.8213785,-22.00446,0,0,0,1,0,0,1,False,-1,-1,0,0,0,-1
2026-06-29 15:09:50.382,169.3729,False,33.25547,0.8214016,-22.00443,0,0,0,1,0,0,1,False,-1,-1,0,0,0,-1
2026-06-29 15:09:50.427,169.4178,False,33.25564,0.8212462,-22.00445,0,0,0,1,0,0,1,False,-1,-1,0,0,0,-1
2026-06-29 15:09:50.471,169.4615,False,33.25571,0.8212805,-22.00439,0,0,0,1,0,0,1,False,-1,-1,0,0,0,-1
2026-06-29 15:09:50.515,169.5058,False,33.25564,0.8214185,-22.00432,0,0,0,1,0,0,1,False,-1,-1,0,0,0,-1
2026-06-29 15:09:50.549,169.5393,False,33.25577,0.8213295,-22.00429,0,0,0,1,0,0,1,False,-1,-1,0,0,0,-1
2026-06-29 15:09:50.581,169.5726,False,33.25562,0.8214085,-22.00423,0,0,0,1,0,0,1,False,-1,-1,0,0,0,-1
2026-06-29 15:09:50.627,169.6174,False,33.25552,0.8213329,-22.00432,0,0,0,1,0,0,1,False,-1,-1,0,0,0,-1
2026-06-29 15:09:50.671,169.6613,False,33.25547,0.8213884,-22.00427,0,0,0,1,0,0,1,False,-1,-1,0,0,0,-1
2026-06-29 15:09:50.715,169.7056,False,33.25546,0.8214958,-22.00416,0,0,0,1,0,0,1,False,-1,-1,0,0,0,-1
2026-06-29 15:09:50.750,169.74,False,33.25566,0.8213615,-22.00416,0,0,0,1,0,0,1,False,-1,-1,0,0,0,-1
2026-06-29 15:09:50.783,169.7734,False,33.25572,0.8213425,-22.00422,0,0,0,1,0,0,1,False,-1,-1,0,0,0,-1
2026-06-29 15:09:50.826,169.817,False,33.25567,0.8213515,-22.00437,0,0,0,1,0,0,1,False,-1,-1,0,0,0,-1
2026-06-29 15:09:50.861,169.8505,False,33.25569,0.8213248,-22.00428,0,0,0,1,0,0,1,False,-1,-1,0,0,0,-1
2026-06-29 15:09:50.904,169.895,False,33.25563,0.8214374,-22.00422,0,0,0,1,0,0,1,False,-1,-1,0,0,0,-1
2026-06-29 15:09:50.949,169.9392,False,33.25588,0.8212539,-22.0042,0,0,0,1,0,0,1,False,-1,-1,0,0,0,-1
2026-06-29 15:09:50.982,169.9727,False,33.25575,0.8213361,-22.00416,0,0,0,1,0,0,1,False,-1,-1,0,0,0,-1
2026-06-29 15:09:51.016,170.006,False,33.25575,0.8212849,-22.00419,0,0,0,1,0,0,1,False,-1,-1,0,0,0,-1
2026-06-29 15:09:51.060,170.05,False,33.25568,0.8213974,-22.00412,0,0,0,1,0,0,1,False,-1,-1,0,0,0,-1
2026-06-29 15:09:51.103,170.0943,False,33.25565,0.8215069,-22.00411,0,0,0,1,0,0,1,False,-1,-1,0,0,0,-1
2026-06-29 15:09:51.138,170.1283,False,33.25582,0.8213864,-22.00415,0,0,0,1,0,0,1,False,-1,-1,0,0,0,-1
2026-06-29 15:09:51.181,170.1726,False,33.25581,0.8213648,-22.00408,0,0,0,1,0,0,1,False,-1,-1,0,0,0,-1
2026-06-29 15:09:51.226,170.2165,False,33.25561,0.8214076,-22.004,0,0,0,1,0,0,1,False,-1,-1,0,0,0,-1
2026-06-29 15:09:51.271,170.2614,False,33.25571,0.8213504,-22.00419,0,0,0,1,0,0,1,False,-1,-1,0,0,0,-1
2026-06-29 15:09:51.305,170.2951,False,33.25586,0.8212824,-22.00424,0,0,0,1,0,0,1,False,-1,-1,0,0,0,-1
2026-06-29 15:09:51.349,170.3394,False,33.25591,0.8212174,-22.0043,0,0,0,1,0,0,1,False,-1,-1,0,0,0,-1
2026-06-29 15:09:51.393,170.383,False,33.25569,0.8213664,-22.00424,0,0,0,1,0,0,1,False,-1,-1,0,0,0,-1
2026-06-29 15:09:51.425,170.4164,False,33.25583,0.8212724,-22.00419,0,0,0,1,0,0,1,False,-1,-1,0,0,0,-1
2026-06-29 15:09:51.470,170.4609,False,33.25587,0.8213636,-22.0041,0,0,0,1,0,0,1,False,-1,-1,0,0,0,-1
2026-06-29 15:09:51.515,170.5054,False,33.25588,0.8213663,-22.00411,0,0,0,1,0,0,1,False,-1,-1,0,0,0,-1
2026-06-29 15:09:51.559,170.5496,False,33.25591,0.8214245,-22.00401,0,0,0,1,0,0,1,False,-1,-1,0,0,0,-1
2026-06-29 15:09:51.604,170.5939,False,33.25591,0.8213891,-22.00394,0,0,0,1,0,0,1,False,-1,-1,0,0,0,-1
2026-06-29 15:09:51.637,170.6276,False,33.2558,0.8213899,-22.00407,0,0,0,1,0,0,1,False,-1,-1,0,0,0,-1
2026-06-29 15:09:51.672,170.662,False,33.25586,0.8213434,-22.00408,0,0,0,1,0,0,1,False,-1,-1,0,0,0,-1
2026-06-29 15:09:51.714,170.7053,False,33.2559,0.8214099,-22.00413,0,0,0,1,0,0,1,False,-1,-1,0,0,0,-1
2026-06-29 15:09:51.748,170.7395,False,33.25592,0.8213615,-22.00391,0,0,0,1,0,0,1,False,-1,-1,0,0,0,-1
2026-06-29 15:09:51.794,170.7842,False,33.25572,0.8214711,-22.00388,0,0,0,1,0,0,1,False,-1,-1,0,0,0,-1
2026-06-29 15:09:51.827,170.8178,False,33.25576,0.8215258,-22.00389,0,0,0,1,0,0,1,False,-1,-1,0,0,0,-1
2026-06-29 15:09:51.870,170.8607,False,33.25577,0.8215232,-22.00397,0,0,0,1,0,0,1,False,-1,-1,0,0,0,-1
2026-06-29 15:09:51.904,170.8947,False,33.25591,0.8214487,-22.00407,0,0,0,1,0,0,1,False,-1,-1,0,0,0,-1
2026-06-29 15:09:51.948,170.9393,False,33.25592,0.8214121,-22.00405,0,0,0,1,0,0,1,False,-1,-1,0,0,0,-1
2026-06-29 15:09:51.992,170.9827,False,33.25591,0.8213619,-22.00397,0,0,0,1,0,0,1,False,-1,-1,0,0,0,-1
2026-06-29 15:09:52.026,171.0165,False,33.25592,0.8213149,-22.004,0,0,0,1,0,0,1,False,-1,-1,0,0,0,-1
2026-06-29 15:09:52.070,171.0605,False,33.25606,0.8212892,-22.00402,0,0,0,1,0,0,1,False,-1,-1,0,0,0,-1
2026-06-29 15:09:52.115,171.1049,False,33.25587,0.8212217,-22.00404,0,0,0,1,0,0,1,False,-1,-1,0,0,0,-1
2026-06-29 15:09:52.149,171.1393,False,33.25588,0.8212574,-22.00395,0,0,0,1,0,0,1,False,-1,-1,0,0,0,-1
2026-06-29 15:09:52.193,171.183,False,33.25587,0.8214065,-22.00374,0,0,0,1,0,0,1,False,-1,-1,0,0,0,-1
2026-06-29 15:09:52.236,171.2268,False,33.25596,0.8214605,-22.00378,0,0,0,1,0,0,1,False,-1,-1,0,0,0,-1
2026-06-29 15:09:52.270,171.2603,False,33.25605,0.8213211,-22.00388,0,0,0,1,0,0,1,False,-1,-1,0,0,0,-1
2026-06-29 15:09:52.303,171.2937,False,33.25597,0.8212286,-22.00399,0,0,0,1,0,0,1,False,-1,-1,0,0,0,-1
2026-06-29 15:09:52.338,171.328,False,33.25601,0.8212331,-22.00386,0,0,0,1,0,0,1,False,-1,-1,0,0,0,-1
2026-06-29 15:09:52.380,171.3716,False,33.25578,0.8213167,-22.00383,0,0,0,1,0,0,1,False,-1,-1,0,0,0,-1
2026-06-29 15:09:52.415,171.405,False,33.25573,0.8213825,-22.00385,0,0,0,1,0,0,1,False,-1,-1,0,0,0,-1
2026-06-29 15:09:52.448,171.4388,False,33.25584,0.8213342,-22.00386,0,0,0,1,0,0,1,False,-1,-1,0,0,0,-1
2026-06-29 15:09:52.493,171.4827,False,33.25583,0.8212924,-22.0038,0,0,0,1,0,0,1,False,-1,-1,0,0,0,-1
2026-06-29 15:09:52.526,171.5163,False,33.25583,0.8214573,-22.00384,0,0,0,1,0,0,1,False,-1,-1,0,0,0,-1
2026-06-29 15:09:52.570,171.5604,False,33.2558,0.8215553,-22.00381,0,0,0,1,0,0,1,False,-1,-1,0,0,0,-1
2026-06-29 15:09:52.614,171.6049,False,33.25585,0.8216076,-22.0038,0,0,0,1,0,0,1,False,-1,-1,0,0,0,-1
2026-06-29 15:09:52.647,171.6384,False,33.25574,0.8216879,-22.00368,0,0,0,1,0,0,1,False,-1,-1,0,0,0,-1
2026-06-29 15:09:52.692,171.6828,False,33.25571,0.8216984,-22.00357,0,0,0,1,0,0,1,False,-1,-1,0,0,0,-1
2026-06-29 15:09:52.736,171.7265,False,33.25592,0.8215352,-22.00368,0,0,0,1,0,0,1,False,-1,-1,0,0,0,-1
2026-06-29 15:09:52.777,171.7604,False,33.25606,0.821499,-22.0038,0,0,0,1,0,0,1,False,-1,-1,0,0,0,-1
2026-06-29 15:09:52.815,171.8055,False,33.25606,0.8215357,-22.0038,0,0,0,1,0,0,1,False,-1,-1,0,0,0,-1
2026-06-29 15:09:52.849,171.8393,False,33.25616,0.8214958,-22.00372,0,0,0,1,0,0,1,False,-1,-1,0,0,0,-1
2026-06-29 15:09:52.892,171.8825,False,33.25616,0.8214876,-22.00371,0,0,0,1,0,0,1,False,-1,-1,0,0,0,-1
2026-06-29 15:09:52.937,171.927,False,33.25607,0.8213351,-22.00361,0,0,0,1,0,0,1,False,-1,-1,0,0,0,-1
2026-06-29 15:09:52.981,171.9711,False,33.25607,0.8214111,-22.0036,0,0,0,1,0,0,1,False,-1,-1,0,0,0,-1
2026-06-29 15:09:53.014,172.0049,False,33.25614,0.8213416,-22.00357,0,0,0,1,0,0,1,False,-1,-1,0,0,0,-1
2026-06-29 15:09:53.059,172.0489,False,33.25598,0.8213401,-22.0036,0,0,0,1,0,0,1,False,-1,-1,0,0,0,-1
2026-06-29 15:09:53.102,172.0932,False,33.25598,0.82147,-22.00352,0,0,0,1,0,0,1,False,-1,-1,0,0,0,-1
2026-06-29 15:09:53.135,172.1266,False,33.256,0.8213602,-22.00358,0,0,0,1,0,0,1,False,-1,-1,0,0,0,-1
2026-06-29 15:09:53.169,172.1602,False,33.25591,0.8214294,-22.00361,0,0,0,1,0,0,1,False,-1,-1,0,0,0,-1
2026-06-29 15:09:53.214,172.2043,False,33.25615,0.8213028,-22.00375,0,0,0,1,0,0,1,False,-1,-1,0,0,0,-1
2026-06-29 15:09:53.247,172.2381,False,33.25618,0.8213019,-22.00363,0,0,0,1,0,0,1,False,-1,-1,0,0,0,-1
2026-06-29 15:09:53.292,172.2821,False,33.25615,0.8213146,-22.00361,0,0,0,1,0,0,1,False,-1,-1,0,0,0,-1
2026-06-29 15:09:53.325,172.3156,False,33.25618,0.821377,-22.00363,0,0,0,1,0,0,1,False,-1,-1,0,0,0,-1
2026-06-29 15:09:53.360,172.3502,False,33.25608,0.821461,-22.00373,0,0,0,1,0,0,1,False,-1,-1,0,0,0,-1
2026-06-29 15:09:53.402,172.3932,False,33.25614,0.8214253,-22.00348,0,0,0,1,0,0,1,False,-1,-1,0,0,0,-1
2026-06-29 15:09:53.447,172.4379,False,33.25621,0.8213561,-22.00349,0,0,0,1,0,0,1,False,-1,-1,0,0,0,-1
2026-06-29 15:09:53.481,172.4713,False,33.25611,0.8213933,-22.00349,0,0,0,1,0,0,1,False,-1,-1,0,0,0,-1
2026-06-29 15:09:53.525,172.516,False,33.25601,0.821494,-22.00347,0,0,0,1,0,0,1,False,-1,-1,0,0,0,-1
2026-06-29 15:09:53.569,172.5598,False,33.25617,0.8213459,-22.00357,0,0,0,1,0,0,1,False,-1,-1,0,0,0,-1
2026-06-29 15:09:53.602,172.5931,False,33.25627,0.8212509,-22.00359,0,0,0,1,0,0,1,False,-1,-1,0,0,0,-1
2026-06-29 15:09:53.636,172.6268,False,33.25626,0.8212659,-22.0036,0,0,0,1,0,0,1,False,-1,-1,0,0,0,-1
2026-06-29 15:09:53.680,172.6715,False,33.25632,0.8213028,-22.00362,0,0,0,1,0,0,1,False,-1,-1,0,0,0,-1
2026-06-29 15:09:53.724,172.7153,False,33.25608,0.8214223,-22.00344,0,0,0,1,0,0,1,False,-1,-1,0,0,0,-1
2026-06-29 15:09:53.759,172.7493,False,33.25615,0.8213637,-22.00357,0,0,0,1,0,0,1,False,-1,-1,0,0,0,-1
2026-06-29 15:09:53.803,172.7934,False,33.25601,0.821435,-22.00352,0,0,0,1,0,0,1,False,-1,-1,0,0,0,-1
2026-06-29 15:09:53.847,172.838,False,33.256,0.8213724,-22.00352,0,0,0,1,0,0,1,False,-1,-1,0,0,0,-1
2026-06-29 15:09:53.883,172.8734,False,33.25617,0.8212968,-22.00349,0,0,0,1,0,0,1,False,-1,-1,0,0,0,-1
2026-06-29 15:09:53.926,172.916,False,33.25613,0.8213182,-22.00344,0,0,0,1,0,0,1,False,-1,-1,0,0,0,-1
2026-06-29 15:09:53.970,172.9601,False,33.25621,0.821346,-22.00347,0,0,0,1,0,0,1,False,-1,-1,0,0,0,-1
2026-06-29 15:09:54.014,173.0045,False,33.25615,0.8213338,-22.0034,0,0,0,1,0,0,1,False,-1,-1,0,0,0,-1
2026-06-29 15:09:54.057,173.048,False,33.25626,0.8213036,-22.00344,0,0,0,1,0,0,1,False,-1,-1,0,0,0,-1
2026-06-29 15:09:54.091,173.0818,False,33.25613,0.8214216,-22.00337,0,0,0,1,0,0,1,False,-1,-1,0,0,0,-1
2026-06-29 15:09:54.124,173.1151,False,33.25635,0.8214614,-22.00343,0,0,0,1,0,0,1,False,-1,-1,0,0,0,-1
2026-06-29 15:09:54.158,173.1487,False,33.25613,0.8216026,-22.00346,0,0,0,1,0,0,1,False,-1,-1,0,0,0,-1
2026-06-29 15:09:54.192,173.1824,False,33.2561,0.8216206,-22.00345,0,0,0,1,0,0,1,False,-1,-1,0,0,0,-1
2026-06-29 15:09:54.235,173.2259,False,33.25618,0.8215337,-22.00334,0,0,0,1,0,0,1,False,-1,-1,0,0,0,-1
2026-06-29 15:09:54.269,173.2602,False,33.25612,0.8215109,-22.00328,0,0,0,1,0,0,1,False,-1,-1,0,0,0,-1
2026-06-29 15:09:54.314,173.3038,False,33.25604,0.821598,-22.00336,0,0,0,1,0,0,1,False,-1,-1,0,0,0,-1
2026-06-29 15:09:54.347,173.3372,False,33.25632,0.8215287,-22.00339,0,0,0,1,0,0,1,False,-1,-1,0,0,0,-1
2026-06-29 15:09:54.383,173.3731,False,33.25632,0.8214903,-22.0034,0,0,0,1,0,0,1,False,-1,-1,0,0,0,-1
2026-06-29 15:09:54.424,173.4148,False,33.2562,0.8215126,-22.00343,0,0,0,1,0,0,1,False,-1,-1,0,0,0,-1
2026-06-29 15:09:54.459,173.4492,False,33.25631,0.8214655,-22.00327,0,0,0,1,0,0,1,False,-1,-1,0,0,0,-1
2026-06-29 15:09:54.501,173.492,False,33.25618,0.8213838,-22.00324,0,0,0,1,0,0,1,False,-1,-1,0,0,0,-1
2026-06-29 15:09:54.546,173.5365,False,33.25613,0.8215256,-22.00314,0,0,0,1,0,0,1,False,-1,-1,0,0,0,-1
2026-06-29 15:09:54.590,173.5803,False,33.25623,0.8214574,-22.00321,0,0,0,1,0,0,1,False,-1,-1,0,0,0,-1
2026-06-29 15:09:54.625,173.615,False,33.2564,0.821348,-22.00322,0,0,0,1,0,0,1,False,-1,-1,0,0,0,-1
2026-06-29 15:09:54.667,173.6582,False,33.25641,0.8212997,-22.00321,0,0,0,1,0,0,1,False,-1,-1,0,0,0,-1
2026-06-29 15:09:54.712,173.7023,False,33.25644,0.8213611,-22.0033,0,0,0,1,0,0,1,False,-1,-1,0,0,0,-1
2026-06-29 15:09:54.746,173.7366,False,33.2565,0.8212644,-22.00323,0,0,0,1,0,0,1,False,-1,-1,0,0,0,-1
2026-06-29 15:09:54.780,173.7701,False,33.25639,0.8213435,-22.00332,0,0,0,1,0,0,1,False,-1,-1,0,0,0,-1
2026-06-29 15:09:54.824,173.8149,False,33.25639,0.8212948,-22.0033,0,0,0,1,0,0,1,False,-1,-1,0,0,0,-1
2026-06-29 15:09:54.869,173.8594,False,33.2564,0.8213324,-22.00327,0,0,0,1,0,0,1,False,-1,-1,0,0,0,-1
2026-06-29 15:09:54.903,173.8932,False,33.2564,0.8213442,-22.00322,0,0,0,1,0,0,1,False,-1,-1,0,0,0,-1
2026-06-29 15:09:54.936,173.9265,False,33.25628,0.8212948,-22.00323,0,0,0,1,0,0,1,False,-1,-1,0,0,0,-1
2026-06-29 15:09:54.970,173.9601,False,33.25626,0.8212785,-22.00314,0,0,0,1,0,0,1,False,-1,-1,0,0,0,-1
2026-06-29 15:09:55.014,174.0042,False,33.25648,0.8212158,-22.00321,0,0,0,1,0,0,1,False,-1,-1,0,0,0,-1
2026-06-29 15:09:55.056,174.0477,False,33.25633,0.8212318,-22.00319,0,0,0,1,0,0,1,False,-1,-1,0,0,0,-1
2026-06-29 15:09:55.091,174.0815,False,33.25625,0.8213109,-22.00322,0,0,0,1,0,0,1,False,-1,-1,0,0,0,-1
2026-06-29 15:09:55.124,174.1149,False,33.25633,0.821366,-22.00304,0,0,0,1,0,0,1,False,-1,-1,0,0,0,-1
2026-06-29 15:09:55.168,174.159,False,33.2565,0.821289,-22.00307,0,0,0,1,0,0,1,False,-1,-1,0,0,0,-1
2026-06-29 15:09:55.213,174.2036,False,33.2564,0.8213912,-22.00312,0,0,0,1,0,0,1,False,-1,-1,0,0,0,-1
2026-06-29 15:09:55.247,174.2375,False,33.25636,0.8212919,-22.00311,0,0,0,1,0,0,1,False,-1,-1,0,0,0,-1
2026-06-29 15:09:55.291,174.2814,False,33.2563,0.8213447,-22.00314,0,0,0,1,0,0,1,False,-1,-1,0,0,0,-1
2026-06-29 15:09:55.334,174.3255,False,33.2563,0.821369,-22.00304,0,0,0,1,0,0,1,False,-1,-1,0,0,0,-1
2026-06-29 15:09:55.369,174.3594,False,33.25631,0.8213809,-22.00311,0,0,0,1,0,0,1,False,-1,-1,0,0,0,-1
2026-06-29 15:09:55.414,174.4039,False,33.25626,0.821404,-22.00299,0,0,0,1,0,0,1,False,-1,-1,0,0,0,-1
2026-06-29 15:09:55.458,174.4479,False,33.25646,0.8213635,-22.00308,0,0,0,1,0,0,1,False,-1,-1,0,0,0,-1
2026-06-29 15:09:55.491,174.4816,False,33.25636,0.8214467,-22.00304,0,0,0,1,0,0,1,False,-1,-1,0,0,0,-1
2026-06-29 15:09:55.525,174.5155,False,33.2564,0.821498,-22.00309,0,0,0,1,0,0,1,False,-1,-1,0,0,0,-1
2026-06-29 15:09:55.568,174.559,False,33.25635,0.8215302,-22.00294,0,0,0,1,0,0,1,False,-1,-1,0,0,0,-1
2026-06-29 15:09:55.614,174.6035,False,33.25636,0.8214177,-22.00307,0,0,0,1,0,0,1,False,-1,-1,0,0,0,-1
2026-06-29 15:09:55.647,174.6377,False,33.25641,0.8212733,-22.00313,0,0,0,1,0,0,1,False,-1,-1,0,0,0,-1
2026-06-29 15:09:55.691,174.6809,False,33.25641,0.8213742,-22.00299,0,0,0,1,0,0,1,False,-1,-1,0,0,0,-1
2026-06-29 15:09:55.724,174.7144,False,33.25648,0.821369,-22.00295,0,0,0,1,0,0,1,False,-1,-1,0,0,0,-1
2026-06-29 15:09:55.768,174.7585,False,33.25648,0.8213056,-22.00302,0,0,0,1,0,0,1,False,-1,-1,0,0,0,-1
2026-06-29 15:09:55.803,174.7929,False,33.25655,0.8213169,-22.00304,0,0,0,1,0,0,1,False,-1,-1,0,0,0,-1
2026-06-29 15:09:55.845,174.8365,False,33.25649,0.8213735,-22.00313,0,0,0,1,0,0,1,False,-1,-1,0,0,0,-1
2026-06-29 15:09:55.891,174.8813,False,33.25639,0.8213392,-22.0031,0,0,0,1,0,0,1,False,-1,-1,0,0,0,-1
2026-06-29 15:09:55.924,174.9147,False,33.2564,0.821358,-22.00306,0,0,0,1,0,0,1,False,-1,-1,0,0,0,-1
2026-06-29 15:09:55.958,174.948,False,33.25648,0.8213733,-22.00309,0,0,0,1,0,0,1,False,-1,-1,0,0,0,-1
2026-06-29 15:09:55.993,174.9832,False,33.25652,0.8212875,-22.003,0,0,0,1,0,0,1,False,-1,-1,0,0,0,-1
2026-06-29 15:09:56.035,175.0251,False,33.25655,0.8213636,-22.00296,0,0,0,1,0,0,1,False,-1,-1,0,0,0,-1
2026-06-29 15:09:56.079,175.0696,False,33.25655,0.8214218,-22.00293,0,0,0,1,0,0,1,False,-1,-1,0,0,0,-1
2026-06-29 15:09:56.124,175.1138,False,33.25654,0.8214011,-22.00308,0,0,0,1,0,0,1,False,-1,-1,0,0,0,-1
2026-06-29 15:09:56.167,175.1581,False,33.25642,0.821403,-22.00301,0,0,0,1,0,0,1,False,-1,-1,0,0,0,-1
2026-06-29 15:09:56.211,175.2022,False,33.25649,0.8214013,-22.00293,0,0,0,1,0,0,1,False,-1,-1,0,0,0,-1
2026-06-29 15:09:56.246,175.2361,False,33.25658,0.8213305,-22.00301,0,0,0,1,0,0,1,False,-1,-1,0,0,0,-1
2026-06-29 15:09:56.290,175.2801,False,33.25658,0.8213722,-22.00298,0,0,0,1,0,0,1,False,-1,-1,0,0,0,-1
2026-06-29 15:09:56.334,175.3246,False,33.25655,0.8213102,-22.00296,0,0,0,1,0,0,1,False,-1,-1,0,0,0,-1
2026-06-29 15:09:56.378,175.369,False,33.2565,0.8213814,-22.00295,0,0,0,1,0,0,1,False,-1,-1,0,0,0,-1
2026-06-29 15:09:56.413,175.4028,False,33.25657,0.8214198,-22.00302,0,0,0,1,0,0,1,False,-1,-1,0,0,0,-1
2026-06-29 15:09:56.446,175.4368,False,33.25674,0.8213978,-22.00298,0,0,0,1,0,0,1,False,-1,-1,0,0,0,-1
2026-06-29 15:09:56.490,175.481,False,33.25665,0.8213916,-22.0029,0,0,0,1,0,0,1,False,-1,-1,0,0,0,-1
2026-06-29 15:09:56.535,175.5253,False,33.25662,0.8213248,-22.00296,0,0,0,1,0,0,1,False,-1,-1,0,0,0,-1
2026-06-29 15:09:56.579,175.5695,False,33.25674,0.82126,-22.00289,0,0,0,1,0,0,1,False,-1,-1,0,0,0,-1
2026-06-29 15:09:56.612,175.6034,False,33.25683,0.8212332,-22.00294,0,0,0,1,0,0,1,False,-1,-1,0,0,0,-1
2026-06-29 15:09:56.657,175.6477,False,33.25667,0.8212635,-22.00294,0,0,0,1,0,0,1,False,-1,-1,0,0,0,-1
2026-06-29 15:09:56.691,175.6811,False,33.25659,0.8212444,-22.00292,0,0,0,1,0,0,1,False,-1,-1,0,0,0,-1
2026-06-29 15:09:56.735,175.7253,False,33.25652,0.8212519,-22.0029,0,0,0,1,0,0,1,False,-1,-1,0,0,0,-1
2026-06-29 15:09:56.778,175.7695,False,33.25658,0.8212748,-22.00266,0,0,0,1,0,0,1,False,-1,-1,0,0,0,-1
2026-06-29 15:09:56.823,175.8139,False,33.25666,0.8212054,-22.0026,0,0,0,1,0,0,1,False,-1,-1,0,0,0,-1
2026-06-29 15:09:56.861,175.8474,False,33.25667,0.8213257,-22.00274,0,0,0,1,0,0,1,False,-1,-1,0,0,0,-1
2026-06-29 15:09:56.901,175.8916,False,33.25663,0.821413,-22.0027,0,0,0,1,0,0,1,False,-1,-1,0,0,0,-1
2026-06-29 15:09:56.945,175.9358,False,33.25672,0.8214048,-22.0028,0,0,0,1,0,0,1,False,-1,-1,0,0,0,-1
2026-06-29 15:09:56.980,175.9701,False,33.25674,0.8213062,-22.00285,0,0,0,1,0,0,1,False,-1,-1,0,0,0,-1
2026-06-29 15:09:57.023,176.014,False,33.25674,0.8213853,-22.00277,0,0,0,1,0,0,1,False,-1,-1,0,0,0,-1
2026-06-29 15:09:57.059,176.0493,False,33.2567,0.821456,-22.00279,0,0,0,1,0,0,1,False,-1,-1,0,0,0,-1
2026-06-29 15:09:57.100,176.0906,False,33.25674,0.8213325,-22.00279,0,0,0,1,0,0,1,False,-1,-1,0,0,0,-1
2026-06-29 15:09:57.133,176.1242,False,33.25677,0.821183,-22.0026,0,0,0,1,0,0,1,False,-1,-1,0,0,0,-1
2026-06-29 15:09:57.178,176.1686,False,33.25671,0.8212204,-22.00263,0,0,0,1,0,0,1,False,-1,-1,0,0,0,-1
2026-06-29 15:09:57.223,176.2132,False,33.25669,0.8213018,-22.00274,0,0,0,1,0,0,1,False,-1,-1,0,0,0,-1
2026-06-29 15:09:57.266,176.2578,False,33.25665,0.8213592,-22.00267,0,0,0,1,0,0,1,False,-1,-1,0,0,0,-1
2026-06-29 15:09:57.311,176.3015,False,33.25659,0.8214442,-22.00272,0,0,0,1,0,0,1,False,-1,-1,0,0,0,-1
2026-06-29 15:09:57.344,176.335,False,33.25657,0.8215727,-22.00262,0,0,0,1,0,0,1,False,-1,-1,0,0,0,-1
2026-06-29 15:09:57.389,176.3796,False,33.25661,0.8216074,-22.00266,0,0,0,1,0,0,1,False,-1,-1,0,0,0,-1
2026-06-29 15:09:57.433,176.424,False,33.25671,0.8215591,-22.00263,0,0,0,1,0,0,1,False,-1,-1,0,0,0,-1
2026-06-29 15:09:57.468,176.4583,False,33.25686,0.8215221,-22.00257,0,0,0,1,0,0,1,False,-1,-1,0,0,0,-1
2026-06-29 15:09:57.512,176.5023,False,33.25681,0.8214332,-22.00268,0,0,0,1,0,0,1,False,-1,-1,0,0,0,-1
2026-06-29 15:09:57.545,176.5356,False,33.25666,0.8214042,-22.00265,0,0,0,1,0,0,1,False,-1,-1,0,0,0,-1
2026-06-29 15:09:57.579,176.5691,False,33.25677,0.8213115,-22.00273,0,0,0,1,0,0,1,False,-1,-1,0,0,0,-1
2026-06-29 15:09:57.612,176.6027,False,33.2568,0.8213704,-22.00262,0,0,0,1,0,0,1,False,-1,-1,0,0,0,-1
2026-06-29 15:09:57.657,176.6474,False,33.25671,0.821328,-22.00249,0,0,0,1,0,0,1,False,-1,-1,0,0,0,-1
2026-06-29 15:09:57.700,176.6911,False,33.25676,0.8213385,-22.0025,0,0,0,1,0,0,1,False,-1,-1,0,0,0,-1
2026-06-29 15:09:57.734,176.7249,False,33.25675,0.8213437,-22.00251,0,0,0,1,0,0,1,False,-1,-1,0,0,0,-1
2026-06-29 15:09:57.779,176.7688,False,33.25667,0.8215051,-22.00264,0,0,0,1,0,0,1,False,-1,-1,0,0,0,-1
2026-06-29 15:09:57.811,176.8022,False,33.25675,0.8214414,-22.00272,0,0,0,1,0,0,1,False,-1,-1,0,0,0,-1
2026-06-29 15:09:57.857,176.8472,False,33.25673,0.8215214,-22.0025,0,0,0,1,0,0,1,False,-1,-1,0,0,0,-1
2026-06-29 15:09:57.900,176.8908,False,33.25679,0.8214466,-22.00251,0,0,0,1,0,0,1,False,-1,-1,0,0,0,-1
2026-06-29 15:09:57.934,176.9244,False,33.25679,0.8214744,-22.00256,0,0,0,1,0,0,1,False,-1,-1,0,0,0,-1
2026-06-29 15:09:57.979,176.9695,False,33.2569,0.8214205,-22.00253,0,0,0,1,0,0,1,False,-1,-1,0,0,0,-1
2026-06-29 15:09:58.022,177.0132,False,33.25682,0.8215011,-22.00248,0,0,0,1,0,0,1,False,-1,-1,0,0,0,-1
2026-06-29 15:09:58.056,177.047,False,33.25672,0.8214205,-22.00244,0,0,0,1,0,0,1,False,-1,-1,0,0,0,-1
2026-06-29 15:09:58.101,177.0919,False,33.25665,0.8214638,-22.0024,0,0,0,1,0,0,1,False,-1,-1,0,0,0,-1
2026-06-29 15:09:58.146,177.1363,False,33.25667,0.8215694,-22.00244,0,0,0,1,0,0,1,False,-1,-1,0,0,0,-1
2026-06-29 15:09:58.189,177.1795,False,33.25666,0.8214225,-22.00239,0,0,0,1,0,0,1,False,-1,-1,0,0,0,-1
2026-06-29 15:09:58.235,177.2244,False,33.25686,0.821478,-22.00253,0,0,0,1,0,0,1,False,-1,-1,0,0,0,-1
2026-06-29 15:09:58.278,177.2685,False,33.25699,0.8213613,-22.00249,0,0,0,1,0,0,1,False,-1,-1,0,0,0,-1
2026-06-29 15:09:58.311,177.3021,False,33.25698,0.8214368,-22.00241,0,0,0,1,0,0,1,False,-1,-1,0,0,0,-1
2026-06-29 15:09:58.356,177.3469,False,33.25705,0.821412,-22.00235,0,0,0,1,0,0,1,False,-1,-1,0,0,0,-1
2026-06-29 15:09:58.400,177.3906,False,33.25686,0.8214369,-22.00242,0,0,0,1,0,0,1,False,-1,-1,0,0,0,-1
2026-06-29 15:09:58.444,177.4353,False,33.25701,0.8213849,-22.0025,0,0,0,1,0,0,1,False,-1,-1,0,0,0,-1
2026-06-29 15:09:58.490,177.48,False,33.25702,0.8213968,-22.00262,0,0,0,1,0,0,1,False,-1,-1,0,0,0,-1
2026-06-29 15:09:58.523,177.5136,False,33.25692,0.8213683,-22.00245,0,0,0,1,0,0,1,False,-1,-1,0,0,0,-1
2026-06-29 15:09:58.567,177.5575,False,33.25686,0.8215188,-22.00222,0,0,0,1,0,0,1,False,-1,-1,0,0,0,-1
2026-06-29 15:09:58.600,177.5909,False,33.25672,0.821575,-22.00229,0,0,0,1,0,0,1,False,-1,-1,0,0,0,-1
2026-06-29 15:09:58.645,177.6354,False,33.25683,0.8215674,-22.00235,0,0,0,1,0,0,1,False,-1,-1,0,0,0,-1
2026-06-29 15:09:58.679,177.6692,False,33.25688,0.821602,-22.00219,0,0,0,1,0,0,1,False,-1,-1,0,0,0,-1
2026-06-29 15:09:58.722,177.7127,False,33.2568,0.8214784,-22.00219,0,0,0,1,0,0,1,False,-1,-1,0,0,0,-1
2026-06-29 15:09:58.756,177.7463,False,33.2568,0.821533,-22.00217,0,0,0,1,0,0,1,False,-1,-1,0,0,0,-1
2026-06-29 15:09:58.790,177.7798,False,33.25687,0.8213713,-22.00226,0,0,0,1,0,0,1,False,-1,-1,0,0,0,-1
2026-06-29 15:09:58.834,177.8243,False,33.257,0.8213878,-22.00227,0,0,0,1,0,0,1,False,-1,-1,0,0,0,-1
2026-06-29 15:09:58.878,177.8683,False,33.25701,0.8214965,-22.00229,0,0,0,1,0,0,1,False,-1,-1,0,0,0,-1
2026-06-29 15:09:58.912,177.902,False,33.25703,0.8213455,-22.00231,0,0,0,1,0,0,1,False,-1,-1,0,0,0,-1
2026-06-29 15:09:58.945,177.9358,False,33.25695,0.8214082,-22.00229,0,0,0,1,0,0,1,False,-1,-1,0,0,0,-1
2026-06-29 15:09:58.989,177.98,False,33.25691,0.8214643,-22.00216,0,0,0,1,0,0,1,False,-1,-1,0,0,0,-1
2026-06-29 15:09:59.024,178.0144,False,33.257,0.8214388,-22.0022,0,0,0,1,0,0,1,False,-1,-1,0,0,0,-1
2026-06-29 15:09:59.066,178.0573,False,33.25714,0.8213567,-22.00223,0,0,0,1,0,0,1,False,-1,-1,0,0,0,-1
2026-06-29 15:09:59.101,178.0911,False,33.25716,0.8213903,-22.00223,0,0,0,1,0,0,1,False,-1,-1,0,0,0,-1
2026-06-29 15:09:59.144,178.1351,False,33.25713,0.8214655,-22.00228,0,0,0,1,0,0,1,False,-1,-1,0,0,0,-1
2026-06-29 15:09:59.180,178.1706,False,33.25703,0.8215389,-22.00212,0,0,0,1,0,0,1,False,-1,-1,0,0,0,-1
2026-06-29 15:09:59.222,178.2125,False,33.25698,0.8215041,-22.00229,0,0,0,1,0,0,1,False,-1,-1,0,0,0,-1
2026-06-29 15:09:59.266,178.2568,False,33.25689,0.8215733,-22.0023,0,0,0,1,0,0,1,False,-1,-1,0,0,0,-1
2026-06-29 15:09:59.300,178.2905,False,33.25694,0.8215228,-22.00234,0,0,0,1,0,0,1,False,-1,-1,0,0,0,-1
2026-06-29 15:09:59.333,178.3242,False,33.25687,0.8215119,-22.00218,0,0,0,1,0,0,1,False,-1,-1,0,0,0,-1
2026-06-29 15:09:59.378,178.3681,False,33.25683,0.8214648,-22.00226,0,0,0,1,0,0,1,False,-1,-1,0,0,0,-1
2026-06-29 15:09:59.421,178.4123,False,33.25694,0.8214353,-22.00226,0,0,0,1,0,0,1,False,-1,-1,0,0,0,-1
2026-06-29 15:09:59.466,178.4566,False,33.25703,0.8215038,-22.00212,0,0,0,1,0,0,1,False,-1,-1,0,0,0,-1
2026-06-29 15:09:59.500,178.4901,False,33.2569,0.8214778,-22.00222,0,0,0,1,0,0,1,False,-1,-1,0,0,0,-1
2026-06-29 15:09:59.534,178.5247,False,33.25703,0.8213697,-22.00218,0,0,0,1,0,0,1,False,-1,-1,0,0,0,-1
2026-06-29 15:09:59.582,178.5683,False,33.25696,0.8214561,-22.00201,0,0,0,1,0,0,1,False,-1,-1,0,0,0,-1
2026-06-29 15:09:59.621,178.6123,False,33.25689,0.8214684,-22.00201,0,0,0,1,0,0,1,False,-1,-1,0,0,0,-1
2026-06-29 15:09:59.655,178.646,False,33.25691,0.8213782,-22.0021,0,0,0,1,0,0,1,False,-1,-1,0,0,0,-1
2026-06-29 15:09:59.699,178.6902,False,33.25697,0.8214017,-22.00207,0,0,0,1,0,0,1,False,-1,-1,0,0,0,-1
2026-06-29 15:09:59.733,178.7237,False,33.2571,0.8214343,-22.00211,0,0,0,1,0,0,1,False,-1,-1,0,0,0,-1
2026-06-29 15:09:59.778,178.7677,False,33.25717,0.8213671,-22.00206,0,0,0,1,0,0,1,False,-1,-1,0,0,0,-1
2026-06-29 15:09:59.811,178.8013,False,33.25718,0.8213528,-22.00212,0,0,0,1,0,0,1,False,-1,-1,0,0,0,-1
2026-06-29 15:09:59.844,178.8347,False,33.25699,0.8213997,-22.00213,0,0,0,1,0,0,1,False,-1,-1,0,0,0,-1
2026-06-29 15:09:59.888,178.8792,False,33.25705,0.8213995,-22.00205,0,0,0,1,0,0,1,False,-1,-1,0,0,0,-1
2026-06-29 15:09:59.933,178.9233,False,33.25703,0.8214206,-22.00212,0,0,0,1,0,0,1,False,-1,-1,0,0,0,-1
2026-06-29 15:09:59.966,178.9569,False,33.25705,0.8214486,-22.00209,0,0,0,1,0,0,1,False,-1,-1,0,0,0,-1
2026-06-29 15:10:00.010,179.0011,False,33.25704,0.8214365,-22.00225,0,0,0,1,0,0,1,False,-1,-1,0,0,0,-1
2026-06-29 15:10:00.044,179.0345,False,33.25717,0.8214833,-22.00202,0,0,0,1,0,0,1,False,-1,-1,0,0,0,-1
2026-06-29 15:10:00.078,179.0687,False,33.25712,0.8214881,-22.00202,0,0,0,1,0,0,1,False,-1,-1,0,0,0,-1
2026-06-29 15:10:00.121,179.112,False,33.25729,0.8213575,-22.00207,0,0,0,1,0,0,1,False,-1,-1,0,0,0,-1
2026-06-29 15:10:00.155,179.1455,False,33.25692,0.821475,-22.00213,0,0,0,1,0,0,1,False,-1,-1,0,0,0,-1
2026-06-29 15:10:00.188,179.179,False,33.25696,0.8214511,-22.00209,0,0,0,1,0,0,1,False,-1,-1,0,0,0,-1
2026-06-29 15:10:00.223,179.214,False,33.25712,0.8213869,-22.00207,0,0,0,1,0,0,1,False,-1,-1,0,0,0,-1
2026-06-29 15:10:00.266,179.2567,False,33.25698,0.8214616,-22.00196,0,0,0,1,0,0,1,False,-1,-1,0,0,0,-1
2026-06-29 15:10:00.311,179.301,False,33.25695,0.8214787,-22.00203,0,0,0,1,0,0,1,False,-1,-1,0,0,0,-1
2026-06-29 15:10:00.345,179.3349,False,33.25713,0.8214508,-22.00198,0,0,0,1,0,0,1,False,-1,-1,0,0,0,-1
2026-06-29 15:10:00.388,179.379,False,33.25706,0.8215122,-22.00202,0,0,0,1,0,0,1,False,-1,-1,0,0,0,-1
2026-06-29 15:10:00.432,179.4232,False,33.25694,0.8215128,-22.00228,0,0,0,1,0,0,1,False,-1,-1,0,0,0,-1
2026-06-29 15:10:00.465,179.4568,False,33.25705,0.821532,-22.00224,0,0,0,1,0,0,1,False,-1,-1,0,0,0,-1
2026-06-29 15:10:00.510,179.5007,False,33.25705,0.8215707,-22.00208,0,0,0,1,0,0,1,False,-1,-1,0,0,0,-1
2026-06-29 15:10:00.543,179.5341,False,33.25716,0.8214802,-22.0021,0,0,0,1,0,0,1,False,-1,-1,0,0,0,-1
2026-06-29 15:10:00.578,179.5682,False,33.25691,0.8215573,-22.00211,0,0,0,1,0,0,1,False,-1,-1,0,0,0,-1
2026-06-29 15:10:00.621,179.612,False,33.25687,0.8216075,-22.00199,0,0,0,1,0,0,1,False,-1,-1,0,0,0,-1
2026-06-29 15:10:00.666,179.6564,False,33.25701,0.8215284,-22.00206,0,0,0,1,0,0,1,False,-1,-1,0,0,0,-1
2026-06-29 15:10:00.700,179.6898,False,33.25702,0.8215517,-22.00213,0,0,0,1,0,0,1,False,-1,-1,0,0,0,-1
2026-06-29 15:10:00.732,179.7232,False,33.25714,0.821431,-22.00222,0,0,0,1,0,0,1,False,-1,-1,0,0,0,-1
2026-06-29 15:10:00.777,179.7675,False,33.25705,0.8213995,-22.00206,0,0,0,1,0,0,1,False,-1,-1,0,0,0,-1
2026-06-29 15:10:00.821,179.8121,False,33.25712,0.8213564,-22.00205,0,0,0,1,0,0,1,False,-1,-1,0,0,0,-1
2026-06-29 15:10:00.865,179.8564,False,33.2572,0.8212044,-22.002,0,0,0,1,0,0,1,False,-1,-1,0,0,0,-1
2026-06-29 15:10:00.900,179.8907,False,33.25722,0.821211,-22.00204,0,0,0,1,0,0,1,False,-1,-1,0,0,0,-1
2026-06-29 15:10:00.944,179.9348,False,33.25725,0.8212783,-22.00206,0,0,0,1,0,0,1,False,-1,-1,0,0,0,-1
2026-06-29 15:10:00.987,179.9784,False,33.2571,0.8214013,-22.00211,0,0,0,1,0,0,1,False,-1,-1,0,0,0,-1
2026-06-29 15:10:01.021,180.0121,False,33.25705,0.821421,-22.00199,0,0,0,1,0,0,1,False,-1,-1,0,0,0,-1
2026-06-29 15:10:01.066,180.0564,False,33.25715,0.8213702,-22.00198,0,0,0,1,0,0,1,False,-1,-1,0,0,0,-1
2026-06-29 15:10:01.100,180.0901,False,33.2571,0.8214216,-22.00201,0,0,0,1,0,0,1,False,-1,-1,0,0,0,-1
2026-06-29 15:10:01.144,180.1343,False,33.25702,0.821357,-22.00212,0,0,0,1,0,0,1,False,-1,-1,0,0,0,-1
2026-06-29 15:10:01.177,180.1677,False,33.25688,0.8213848,-22.00207,0,0,0,1,0,0,1,False,-1,-1,0,0,0,-1
2026-06-29 15:10:01.221,180.2116,False,33.25702,0.8213626,-22.00197,0,0,0,1,0,0,1,False,-1,-1,0,0,0,-1
2026-06-29 15:10:01.254,180.2452,False,33.25698,0.821454,-22.00194,0,0,0,1,0,0,1,False,-1,-1,0,0,0,-1
2026-06-29 15:10:01.291,180.2808,False,33.257,0.8214641,-22.00195,0,0,0,1,0,0,1,False,-1,-1,0,0,0,-1
2026-06-29 15:10:01.332,180.3224,False,33.25705,0.8214356,-22.00198,0,0,0,1,0,0,1,False,-1,-1,0,0,0,-1
2026-06-29 15:10:01.365,180.3559,False,33.25695,0.8214234,-22.00197,0,0,0,1,0,0,1,False,-1,-1,0,0,0,-1
2026-06-29 15:10:01.400,180.3896,False,33.25708,0.8214135,-22.00204,0,0,0,1,0,0,1,False,-1,-1,0,0,0,-1
2026-06-29 15:10:01.443,180.4339,False,33.25707,0.8214099,-22.00189,0,0,0,1,0,0,1,False,-1,-1,0,0,0,-1
2026-06-29 15:10:01.487,180.478,False,33.25699,0.8215055,-22.00196,0,0,0,1,0,0,1,False,-1,-1,0,0,0,-1
2026-06-29 15:10:01.521,180.5114,False,33.25706,0.8215396,-22.00211,0,0,0,1,0,0,1,False,-1,-1,0,0,0,-1
2026-06-29 15:10:01.565,180.556,False,33.25706,0.8215078,-22.00195,0,0,0,1,0,0,1,False,-1,-1,0,0,0,-1
2026-06-29 15:10:01.599,180.5894,False,33.25709,0.8215058,-22.0019,0,0,0,1,0,0,1,False,-1,-1,0,0,0,-1
2026-06-29 15:10:01.643,180.6336,False,33.25712,0.8214265,-22.00198,0,0,0,1,0,0,1,False,-1,-1,0,0,0,-1
2026-06-29 15:10:01.677,180.6671,False,33.25716,0.8214551,-22.00206,0,0,0,1,0,0,1,False,-1,-1,0,0,0,-1
2026-06-29 15:10:01.710,180.7008,False,33.25715,0.8214824,-22.00205,0,0,0,1,0,0,1,False,-1,-1,0,0,0,-1
2026-06-29 15:10:01.754,180.7448,False,33.25719,0.8213865,-22.0021,0,0,0,1,0,0,1,False,-1,-1,0,0,0,-1
2026-06-29 15:10:01.798,180.789,False,33.25716,0.8213241,-22.00211,0,0,0,1,0,0,1,False,-1,-1,0,0,0,-1
2026-06-29 15:10:01.832,180.8228,False,33.25709,0.8214154,-22.00183,0,0,0,1,0,0,1,False,-1,-1,0,0,0,-1
2026-06-29 15:10:01.865,180.8562,False,33.25702,0.8214553,-22.00187,0,0,0,1,0,0,1,False,-1,-1,0,0,0,-1
2026-06-29 15:10:01.899,180.8897,False,33.25704,0.8214152,-22.00193,0,0,0,1,0,0,1,False,-1,-1,0,0,0,-1
2026-06-29 15:10:01.942,180.9336,False,33.25706,0.8213875,-22.00192,0,0,0,1,0,0,1,False,-1,-1,0,0,0,-1
2026-06-29 15:10:01.987,180.9779,False,33.2572,0.8213911,-22.00188,0,0,0,1,0,0,1,False,-1,-1,0,0,0,-1
2026-06-29 15:10:02.021,181.0114,False,33.25708,0.8214197,-22.00177,0,0,0,1,0,0,1,False,-1,-1,0,0,0,-1
2026-06-29 15:10:02.065,181.0558,False,33.25698,0.8214715,-22.00182,0,0,0,1,0,0,1,False,-1,-1,0,0,0,-1
2026-06-29 15:10:02.099,181.0892,False,33.25702,0.8215255,-22.00166,0,0,0,1,0,0,1,False,-1,-1,0,0,0,-1
2026-06-29 15:10:02.132,181.1227,False,33.25716,0.821458,-22.00187,0,0,0,1,0,0,1,False,-1,-1,0,0,0,-1
2026-06-29 15:10:02.177,181.167,False,33.25709,0.8215172,-22.00198,0,0,0,1,0,0,1,False,-1,-1,0,0,0,-1
2026-06-29 15:10:02.210,181.2006,False,33.25706,0.8214936,-22.00196,0,0,0,1,0,0,1,False,-1,-1,0,0,0,-1
2026-06-29 15:10:02.243,181.2341,False,33.25712,0.8214815,-22.00179,0,0,0,1,0,0,1,False,-1,-1,0,0,0,-1
2026-06-29 15:10:02.287,181.2777,False,33.25694,0.8216165,-22.00185,0,0,0,1,0,0,1,False,-1,-1,0,0,0,-1
2026-06-29 15:10:02.321,181.3122,False,33.25698,0.8215889,-22.00201,0,0,0,1,0,0,1,False,-1,-1,0,0,0,-1
2026-06-29 15:10:02.366,181.3568,False,33.25713,0.8215146,-22.00194,0,0,0,1,0,0,1,False,-1,-1,0,0,0,-1
2026-06-29 15:10:02.410,181.4007,False,33.25727,0.8214671,-22.00192,0,0,0,1,0,0,1,False,-1,-1,0,0,0,-1
2026-06-29 15:10:02.455,181.4448,False,33.25746,0.8214287,-22.00196,0,0,0,1,0,0,1,False,-1,-1,0,0,0,-1
2026-06-29 15:10:02.498,181.4888,False,33.25723,0.8214831,-22.00186,0,0,0,1,0,0,1,False,-1,-1,0,0,0,-1
2026-06-29 15:10:02.532,181.5223,False,33.25726,0.8214085,-22.00187,0,0,0,1,0,0,1,False,-1,-1,0,0,0,-1
2026-06-29 15:10:02.576,181.5667,False,33.25719,0.8214526,-22.00183,0,0,0,1,0,0,1,False,-1,-1,0,0,0,-1
2026-06-29 15:10:02.610,181.6007,False,33.25737,0.8213171,-22.00171,0,0,0,1,0,0,1,False,-1,-1,0,0,0,-1
2026-06-29 15:10:02.654,181.6441,False,33.25723,0.8213735,-22.00183,0,0,0,1,0,0,1,False,-1,-1,0,0,0,-1
2026-06-29 15:10:02.687,181.6775,False,33.25705,0.8213962,-22.00177,0,0,0,1,0,0,1,False,-1,-1,0,0,0,-1
2026-06-29 15:10:02.732,181.7223,False,33.25719,0.8213729,-22.00177,0,0,0,1,0,0,1,False,-1,-1,0,0,0,-1
2026-06-29 15:10:02.765,181.7557,False,33.25725,0.8214635,-22.00175,0,0,0,1,0,0,1,False,-1,-1,0,0,0,-1
2026-06-29 15:10:02.810,181.7998,False,33.25715,0.8215245,-22.00175,0,0,0,1,0,0,1,False,-1,-1,0,0,0,-1
2026-06-29 15:10:02.842,181.8333,False,33.25709,0.8214843,-22.00165,0,0,0,1,0,0,1,False,-1,-1,0,0,0,-1
2026-06-29 15:10:02.887,181.8775,False,33.25712,0.8215886,-22.00169,0,0,0,1,0,0,1,False,-1,-1,0,0,0,-1
2026-06-29 15:10:02.921,181.9112,False,33.25726,0.8214225,-22.00187,0,0,0,1,0,0,1,False,-1,-1,0,0,0,-1
2026-06-29 15:10:02.954,181.9449,False,33.25714,0.8214357,-22.00176,0,0,0,1,0,0,1,False,-1,-1,0,0,0,-1
2026-06-29 15:10:02.998,181.9885,False,33.2572,0.8214951,-22.00173,0,0,0,1,0,0,1,False,-1,-1,0,0,0,-1
2026-06-29 15:10:03.032,182.0223,False,33.25727,0.8214935,-22.00165,0,0,0,1,0,0,1,False,-1,-1,0,0,0,-1
2026-06-29 15:10:03.075,182.0668,False,33.25731,0.8216109,-22.00163,0,0,0,1,0,0,1,False,-1,-1,0,0,0,-1
2026-06-29 15:10:03.120,182.1109,False,33.25724,0.8215904,-22.00162,0,0,0,1,0,0,1,False,-1,-1,0,0,0,-1
2026-06-29 15:10:03.155,182.1457,False,33.25715,0.8215743,-22.00161,0,0,0,1,0,0,1,False,-1,-1,0,0,0,-1
2026-06-29 15:10:03.199,182.1889,False,33.2574,0.821633,-22.00167,0,0,0,1,0,0,1,False,-1,-1,0,0,0,-1
2026-06-29 15:10:03.242,182.233,False,33.2573,0.8216517,-22.00166,0,0,0,1,0,0,1,False,-1,-1,0,0,0,-1
2026-06-29 15:10:03.287,182.2776,False,33.25732,0.8215814,-22.00167,0,0,0,1,0,0,1,False,-1,-1,0,0,0,-1
2026-06-29 15:10:03.321,182.3114,False,33.25732,0.821404,-22.00167,0,0,0,1,0,0,1,False,-1,-1,0,0,0,-1
2026-06-29 15:10:03.364,182.355,False,33.25723,0.8214331,-22.00166,0,0,0,1,0,0,1,False,-1,-1,0,0,0,-1
2026-06-29 15:10:03.400,182.3904,False,33.25721,0.8213947,-22.00152,0,0,0,1,0,0,1,False,-1,-1,0,0,0,-1
2026-06-29 15:10:03.444,182.435,False,33.25746,0.8213711,-22.00168,0,0,0,1,0,0,1,False,-1,-1,0,0,0,-1
2026-06-29 15:10:03.486,182.4764,False,33.25739,0.821357,-22.00162,0,0,0,1,0,0,1,False,-1,-1,0,0,0,-1
2026-06-29 15:10:03.532,182.5215,False,33.25753,0.8212604,-22.00155,0,0,0,1,0,0,1,False,-1,-1,0,0,0,-1
2026-06-29 15:10:03.575,182.5654,False,33.25745,0.8213404,-22.00153,0,0,0,1,0,0,1,False,-1,-1,0,0,0,-1
2026-06-29 15:10:03.609,182.5993,False,33.25724,0.8214114,-22.00148,0,0,0,1,0,0,1,False,-1,-1,0,0,0,-1
2026-06-29 15:10:03.642,182.6327,False,33.25733,0.8214594,-22.00151,0,0,0,1,0,0,1,False,-1,-1,0,0,0,-1
2026-06-29 15:10:03.685,182.6767,False,33.25738,0.8214189,-22.00155,0,0,0,1,0,0,1,False,-1,-1,0,0,0,-1
2026-06-29 15:10:03.731,182.7212,False,33.25755,0.8213937,-22.00162,0,0,0,1,0,0,1,False,-1,-1,0,0,0,-1
2026-06-29 15:10:03.774,182.7649,False,33.25758,0.8214162,-22.00163,0,0,0,1,0,0,1,False,-1,-1,0,0,0,-1
2026-06-29 15:10:03.808,182.799,False,33.25754,0.8214585,-22.00165,0,0,0,1,0,0,1,False,-1,-1,0,0,0,-1
2026-06-29 15:10:03.853,182.8432,False,33.25766,0.8214793,-22.00149,0,0,0,1,0,0,1,False,-1,-1,0,0,0,-1
2026-06-29 15:10:03.886,182.8769,False,33.25755,0.8215252,-22.00148,0,0,0,1,0,0,1,False,-1,-1,0,0,0,-1
2026-06-29 15:10:03.920,182.9107,False,33.25743,0.8214992,-22.00154,0,0,0,1,0,0,1,False,-1,-1,0,0,0,-1
2026-06-29 15:10:03.964,182.9552,False,33.25747,0.8213224,-22.00167,0,0,0,1,0,0,1,False,-1,-1,0,0,0,-1
2026-06-29 15:10:04.008,182.9991,False,33.25738,0.8215109,-22.00164,0,0,0,1,0,0,1,False,-1,-1,0,0,0,-1
2026-06-29 15:10:04.042,183.033,False,33.25751,0.8215012,-22.00153,0,0,0,1,0,0,1,False,-1,-1,0,0,0,-1
2026-06-29 15:10:04.088,183.0778,False,33.25755,0.8215097,-22.00152,0,0,0,1,0,0,1,False,-1,-1,0,0,0,-1
2026-06-29 15:10:04.131,183.1213,False,33.25734,0.8214618,-22.00148,0,0,0,1,0,0,1,False,-1,-1,0,0,0,-1
2026-06-29 15:10:04.164,183.1547,False,33.25737,0.8215105,-22.00156,0,0,0,1,0,0,1,False,-1,-1,0,0,0,-1
2026-06-29 15:10:04.199,183.1888,False,33.25729,0.8214909,-22.00156,0,0,0,1,0,0,1,False,-1,-1,0,0,0,-1
2026-06-29 15:10:04.242,183.2324,False,33.25736,0.8215817,-22.0016,0,0,0,1,0,0,1,False,-1,-1,0,0,0,-1
2026-06-29 15:10:04.275,183.266,False,33.25743,0.8215524,-22.00158,0,0,0,1,0,0,1,False,-1,-1,0,0,0,-1
2026-06-29 15:10:04.319,183.3099,False,33.25753,0.8216328,-22.00148,0,0,0,1,0,0,1,False,-1,-1,0,0,0,-1
2026-06-29 15:10:04.354,183.3439,False,33.25748,0.8216051,-22.00143,0,0,0,1,0,0,1,False,-1,-1,0,0,0,-1
2026-06-29 15:10:04.397,183.3878,False,33.25751,0.8214872,-22.00146,0,0,0,1,0,0,1,False,-1,-1,0,0,0,-1
2026-06-29 15:10:04.431,183.4217,False,33.25761,0.8213504,-22.0016,0,0,0,1,0,0,1,False,-1,-1,0,0,0,-1
2026-06-29 15:10:04.466,183.4565,False,33.25741,0.8215565,-22.00141,0,0,0,1,0,0,1,False,-1,-1,0,0,0,-1
2026-06-29 15:10:04.508,183.4991,False,33.25721,0.8215296,-22.00141,0,0,0,1,0,0,1,False,-1,-1,0,0,0,-1
2026-06-29 15:10:04.553,183.5432,False,33.25736,0.8214739,-22.0015,0,0,0,1,0,0,1,False,-1,-1,0,0,0,-1
2026-06-29 15:10:04.586,183.5768,False,33.25747,0.8213847,-22.00151,0,0,0,1,0,0,1,False,-1,-1,0,0,0,-1
2026-06-29 15:10:04.630,183.6209,False,33.25746,0.8213723,-22.00143,0,0,0,1,0,0,1,False,-1,-1,0,0,0,-1
2026-06-29 15:10:04.664,183.6546,False,33.25732,0.8214329,-22.00141,0,0,0,1,0,0,1,False,-1,-1,0,0,0,-1
2026-06-29 15:10:04.708,183.6984,False,33.25748,0.8213674,-22.00133,0,0,0,1,0,0,1,False,-1,-1,0,0,0,-1
2026-06-29 15:10:04.741,183.7318,False,33.2575,0.8213371,-22.00138,0,0,0,1,0,0,1,False,-1,-1,0,0,0,-1
2026-06-29 15:10:04.786,183.7763,False,33.25739,0.8215433,-22.00123,0,0,0,1,0,0,1,False,-1,-1,0,0,0,-1
2026-06-29 15:10:04.819,183.8098,False,33.25734,0.8216004,-22.00115,0,0,0,1,0,0,1,False,-1,-1,0,0,0,-1
2026-06-29 15:10:04.863,183.8539,False,33.25745,0.8214815,-22.00142,0,0,0,1,0,0,1,False,-1,-1,0,0,0,-1
2026-06-29 15:10:04.898,183.8881,False,33.25766,0.8213852,-22.00139,0,0,0,1,0,0,1,False,-1,-1,0,0,0,-1
2026-06-29 15:10:04.942,183.9321,False,33.25781,0.82126,-22.00141,0,0,0,1,0,0,1,False,-1,-1,0,0,0,-1
2026-06-29 15:10:04.986,183.9767,False,33.25755,0.8213584,-22.00149,0,0,0,1,0,0,1,False,-1,-1,0,0,0,-1
2026-06-29 15:10:05.020,184.0104,False,33.25747,0.8213793,-22.00146,0,0,0,1,0,0,1,False,-1,-1,0,0,0,-1
2026-06-29 15:10:05.064,184.0542,False,33.25748,0.8214627,-22.00139,0,0,0,1,0,0,1,False,-1,-1,0,0,0,-1
2026-06-29 15:10:05.097,184.0878,False,33.25763,0.8213978,-22.00141,0,0,0,1,0,0,1,False,-1,-1,0,0,0,-1
2026-06-29 15:10:05.141,184.1323,False,33.25765,0.8214746,-22.00127,0,0,0,1,0,0,1,False,-1,-1,0,0,0,-1
2026-06-29 15:10:05.174,184.1656,False,33.25769,0.8214255,-22.00129,0,0,0,1,0,0,1,False,-1,-1,0,0,0,-1
2026-06-29 15:10:05.220,184.2113,False,33.25769,0.8213927,-22.00122,0,0,0,1,0,0,1,False,-1,-1,0,0,0,-1
2026-06-29 15:10:05.264,184.2542,False,33.25745,0.8215315,-22.00117,0,0,0,1,0,0,1,False,-1,-1,0,0,0,-1
2026-06-29 15:10:05.297,184.2877,False,33.25742,0.8214964,-22.00119,0,0,0,1,0,0,1,False,-1,-1,0,0,0,-1
2026-06-29 15:10:05.331,184.3214,False,33.2573,0.821536,-22.00126,0,0,0,1,0,0,1,False,-1,-1,0,0,0,-1
2026-06-29 15:10:05.374,184.365,False,33.25742,0.8214574,-22.00117,0,0,0,1,0,0,1,False,-1,-1,0,0,0,-1
2026-06-29 15:10:05.418,184.4098,False,33.25773,0.8213745,-22.00133,0,0,0,1,0,0,1,False,-1,-1,0,0,0,-1
2026-06-29 15:10:05.465,184.4548,False,33.25778,0.8214431,-22.00126,0,0,0,1,0,0,1,False,-1,-1,0,0,0,-1
2026-06-29 15:10:05.508,184.4989,False,33.25771,0.8213294,-22.00132,0,0,0,1,0,0,1,False,-1,-1,0,0,0,-1
2026-06-29 15:10:05.543,184.5332,False,33.25775,0.8213347,-22.00131,0,0,0,1,0,0,1,False,-1,-1,0,0,0,-1
2026-06-29 15:10:05.585,184.5762,False,33.25785,0.8212817,-22.00134,0,0,0,1,0,0,1,False,-1,-1,0,0,0,-1
2026-06-29 15:10:05.630,184.6206,False,33.25783,0.8212749,-22.00131,0,0,0,1,0,0,1,False,-1,-1,0,0,0,-1
2026-06-29 15:10:05.664,184.6545,False,33.25766,0.8214413,-22.00123,0,0,0,1,0,0,1,False,-1,-1,0,0,0,-1
2026-06-29 15:10:05.708,184.6986,False,33.25766,0.8213902,-22.00121,0,0,0,1,0,0,1,False,-1,-1,0,0,0,-1
2026-06-29 15:10:05.752,184.7429,False,33.25761,0.8214512,-22.00125,0,0,0,1,0,0,1,False,-1,-1,0,0,0,-1
2026-06-29 15:10:05.786,184.7767,False,33.25773,0.8214055,-22.00128,0,0,0,1,0,0,1,False,-1,-1,0,0,0,-1
2026-06-29 15:10:05.831,184.821,False,33.2578,0.8214815,-22.00135,0,0,0,1,0,0,1,False,-1,-1,0,0,0,-1
2026-06-29 15:10:05.875,184.8651,False,33.25777,0.8215001,-22.00119,0,0,0,1,0,0,1,False,-1,-1,0,0,0,-1
2026-06-29 15:10:05.919,184.9092,False,33.25778,0.8213868,-22.00123,0,0,0,1,0,0,1,False,-1,-1,0,0,0,-1
2026-06-29 15:10:05.963,184.9538,False,33.25766,0.8214405,-22.00119,0,0,0,1,0,0,1,False,-1,-1,0,0,0,-1
2026-06-29 15:10:06.007,184.9982,False,33.25765,0.8215013,-22.00116,0,0,0,1,0,0,1,False,-1,-1,0,0,0,-1
2026-06-29 15:10:06.042,185.0323,False,33.25784,0.8214267,-22.00115,0,0,0,1,0,0,1,False,-1,-1,0,0,0,-1
2026-06-29 15:10:06.085,185.076,False,33.25778,0.8214166,-22.00123,0,0,0,1,0,0,1,False,-1,-1,0,0,0,-1
2026-06-29 15:10:06.131,185.1206,False,33.25762,0.8215286,-22.00118,0,0,0,1,0,0,1,False,-1,-1,0,0,0,-1
2026-06-29 15:10:06.164,185.1543,False,33.25757,0.8215665,-22.00119,0,0,0,1,0,0,1,False,-1,-1,0,0,0,-1
2026-06-29 15:10:06.207,185.198,False,33.25755,0.8215352,-22.00126,0,0,0,1,0,0,1,False,-1,-1,0,0,0,-1
2026-06-29 15:10:06.242,185.2323,False,33.25752,0.8214954,-22.00132,0,0,0,1,0,0,1,False,-1,-1,0,0,0,-1
2026-06-29 15:10:06.286,185.2764,False,33.25771,0.8214278,-22.00128,0,0,0,1,0,0,1,False,-1,-1,0,0,0,-1
2026-06-29 15:10:06.330,185.3203,False,33.25781,0.8213466,-22.0012,0,0,0,1,0,0,1,False,-1,-1,0,0,0,-1
2026-06-29 15:10:06.363,185.3539,False,33.25785,0.8213942,-22.00126,0,0,0,1,0,0,1,False,-1,-1,0,0,0,-1
2026-06-29 15:10:06.408,185.3985,False,33.25774,0.8214386,-22.00111,0,0,0,1,0,0,1,False,-1,-1,0,0,0,-1
2026-06-29 15:10:06.441,185.4319,False,33.25772,0.8214752,-22.00101,0,0,0,1,0,0,1,False,-1,-1,0,0,0,-1
2026-06-29 15:10:06.485,185.4759,False,33.25787,0.8214377,-22.00101,0,0,0,1,0,0,1,False,-1,-1,0,0,0,-1
2026-06-29 15:10:06.519,185.5093,False,33.25778,0.8214349,-22.00097,0,0,0,1,0,0,1,False,-1,-1,0,0,0,-1
2026-06-29 15:10:06.552,185.5427,False,33.25777,0.8215039,-22.00088,0,0,0,1,0,0,1,False,-1,-1,0,0,0,-1
2026-06-29 15:10:06.587,185.5776,False,33.25782,0.8213525,-22.00097,0,0,0,1,0,0,1,False,-1,-1,0,0,0,-1
2026-06-29 15:10:06.630,185.6206,False,33.25794,0.8213286,-22.00104,0,0,0,1,0,0,1,False,-1,-1,0,0,0,-1
2026-06-29 15:10:06.674,185.6646,False,33.25786,0.8214605,-22.00107,0,0,0,1,0,0,1,False,-1,-1,0,0,0,-1
2026-06-29 15:10:06.707,185.6981,False,33.25781,0.8214938,-22.00112,0,0,0,1,0,0,1,False,-1,-1,0,0,0,-1
2026-06-29 15:10:06.752,185.7423,False,33.25768,0.8215311,-22.00106,0,0,0,1,0,0,1,False,-1,-1,0,0,0,-1
2026-06-29 15:10:06.785,185.7759,False,33.2576,0.8216542,-22.00103,0,0,0,1,0,0,1,False,-1,-1,0,0,0,-1
2026-06-29 15:10:06.829,185.82,False,33.25759,0.8215724,-22.00118,0,0,0,1,0,0,1,False,-1,-1,0,0,0,-1
2026-06-29 15:10:06.863,185.8534,False,33.25773,0.8215183,-22.00094,0,0,0,1,0,0,1,False,-1,-1,0,0,0,-1
2026-06-29 15:10:06.907,185.8983,False,33.25795,0.8214228,-22.00116,0,0,0,1,0,0,1,False,-1,-1,0,0,0,-1
2026-06-29 15:10:06.951,185.9421,False,33.25792,0.821402,-22.00117,0,0,0,1,0,0,1,False,-1,-1,0,0,0,-1
2026-06-29 15:10:06.984,185.9755,False,33.25803,0.8213192,-22.00112,0,0,0,1,0,0,1,False,-1,-1,0,0,0,-1
2026-06-29 15:10:07.030,186.0208,False,33.25785,0.8213547,-22.00105,0,0,0,1,0,0,1,False,-1,-1,0,0,0,-1
2026-06-29 15:10:07.073,186.0643,False,33.25794,0.8213531,-22.00103,0,0,0,1,0,0,1,False,-1,-1,0,0,0,-1
2026-06-29 15:10:07.107,186.0978,False,33.25766,0.8214317,-22.00105,0,0,0,1,0,0,1,False,-1,-1,0,0,0,-1
2026-06-29 15:10:07.152,186.1429,False,33.25786,0.8214885,-22.00091,0,0,0,1,0,0,1,False,-1,-1,0,0,0,-1
2026-06-29 15:10:07.197,186.1877,False,33.25771,0.8216062,-22.00092,0,0,0,1,0,0,1,False,-1,-1,0,0,0,-1
2026-06-29 15:10:07.240,186.2315,False,33.25771,0.821691,-22.001,0,0,0,1,0,0,1,False,-1,-1,0,0,0,-1
2026-06-29 15:10:07.276,186.266,False,33.25784,0.8215724,-22.00098,0,0,0,1,0,0,1,False,-1,-1,0,0,0,-1
2026-06-29 15:10:07.319,186.3086,False,33.25792,0.8215851,-22.00095,0,0,0,1,0,0,1,False,-1,-1,0,0,0,-1
2026-06-29 15:10:07.362,186.3531,False,33.2579,0.8215964,-22.00098,0,0,0,1,0,0,1,False,-1,-1,0,0,0,-1
2026-06-29 15:10:07.397,186.387,False,33.25778,0.821569,-22.00084,0,0,0,1,0,0,1,False,-1,-1,0,0,0,-1
2026-06-29 15:10:07.441,186.4314,False,33.25793,0.8216828,-22.00089,0,0,0,1,0,0,1,False,-1,-1,0,0,0,-1
2026-06-29 15:10:07.485,186.4752,False,33.25791,0.8216454,-22.00095,0,0,0,1,0,0,1,False,-1,-1,0,0,0,-1
2026-06-29 15:10:07.519,186.5091,False,33.2579,0.8215759,-22.00073,0,0,0,1,0,0,1,False,-1,-1,0,0,0,-1
2026-06-29 15:10:07.563,186.5534,False,33.25779,0.821483,-22.00083,0,0,0,1,0,0,1,False,-1,-1,0,0,0,-1
2026-06-29 15:10:07.607,186.5983,False,33.25789,0.8214475,-22.00084,0,0,0,1,0,0,1,False,-1,-1,0,0,0,-1
2026-06-29 15:10:07.654,186.6439,False,33.25784,0.8214884,-22.00084,0,0,0,1,0,0,1,False,-1,-1,0,0,0,-1
2026-06-29 15:10:07.695,186.6865,False,33.2578,0.8215051,-22.00091,0,0,0,1,0,0,1,False,-1,-1,0,0,0,-1
2026-06-29 15:10:07.730,186.7199,False,33.25783,0.8214542,-22.00089,0,0,0,1,0,0,1,False,-1,-1,0,0,0,-1
2026-06-29 15:10:07.771,186.7533,False,33.25801,0.821446,-22.00071,0,0,0,1,0,0,1,False,-1,-1,0,0,0,-1
2026-06-29 15:10:07.806,186.7967,False,33.25817,0.8214238,-22.00068,0,0,0,1,0,0,1,False,-1,-1,0,0,0,-1
2026-06-29 15:10:07.840,186.8301,False,33.25811,0.8215184,-22.00066,0,0,0,1,0,0,1,False,-1,-1,0,0,0,-1
2026-06-29 15:10:07.873,186.8637,False,33.25805,0.8215702,-22.0008,0,0,0,1,0,0,1,False,-1,-1,0,0,0,-1
2026-06-29 15:10:07.918,186.9082,False,33.25789,0.8215114,-22.00086,0,0,0,1,0,0,1,False,-1,-1,0,0,0,-1
2026-06-29 15:10:07.951,186.9416,False,33.25793,0.8215923,-22.00079,0,0,0,1,0,0,1,False,-1,-1,0,0,0,-1
2026-06-29 15:10:07.996,186.986,False,33.2579,0.8215827,-22.00092,0,0,0,1,0,0,1,False,-1,-1,0,0,0,-1
2026-06-29 15:10:08.040,187.0302,False,33.2579,0.8216263,-22.00084,0,0,0,1,0,0,1,False,-1,-1,0,0,0,-1
2026-06-29 15:10:08.084,187.0743,False,33.25789,0.8216809,-22.00075,0,0,0,1,0,0,1,False,-1,-1,0,0,0,-1
2026-06-29 15:10:08.117,187.1079,False,33.25789,0.8216525,-22.00078,0,0,0,1,0,0,1,False,-1,-1,0,0,0,-1
2026-06-29 15:10:08.151,187.1415,False,33.25791,0.8216029,-22.00072,0,0,0,1,0,0,1,False,-1,-1,0,0,0,-1
2026-06-29 15:10:08.195,187.1861,False,33.25802,0.8215065,-22.00086,0,0,0,1,0,0,1,False,-1,-1,0,0,0,-1
2026-06-29 15:10:08.229,187.22,False,33.25789,0.8215401,-22.00086,0,0,0,1,0,0,1,False,-1,-1,0,0,0,-1
2026-06-29 15:10:08.273,187.264,False,33.25787,0.8214827,-22.00084,0,0,0,1,0,0,1,False,-1,-1,0,0,0,-1
2026-06-29 15:10:08.308,187.2986,False,33.25786,0.8215656,-22.00075,0,0,0,1,0,0,1,False,-1,-1,0,0,0,-1
2026-06-29 15:10:08.351,187.3417,False,33.258,0.8215243,-22.00071,0,0,0,1,0,0,1,False,-1,-1,0,0,0,-1
2026-06-29 15:10:08.395,187.3864,False,33.25813,0.8215963,-22.0008,0,0,0,1,0,0,1,False,-1,-1,0,0,0,-1
2026-06-29 15:10:08.440,187.4306,False,33.25797,0.8215572,-22.0008,0,0,0,1,0,0,1,False,-1,-1,0,0,0,-1
2026-06-29 15:10:08.473,187.4639,False,33.25794,0.8215745,-22.00074,0,0,0,1,0,0,1,False,-1,-1,0,0,0,-1
2026-06-29 15:10:08.507,187.4973,False,33.25791,0.8216144,-22.00069,0,0,0,1,0,0,1,False,-1,-1,0,0,0,-1
2026-06-29 15:10:08.550,187.5414,False,33.25797,0.8215901,-22.00073,0,0,0,1,0,0,1,False,-1,-1,0,0,0,-1
2026-06-29 15:10:08.585,187.5758,False,33.25785,0.8216687,-22.00067,0,0,0,1,0,0,1,False,-1,-1,0,0,0,-1
2026-06-29 15:10:08.628,187.619,False,33.25783,0.8215918,-22.00071,0,0,0,1,0,0,1,False,-1,-1,0,0,0,-1
2026-06-29 15:10:08.662,187.6531,False,33.25788,0.821497,-22.00063,0,0,0,1,0,0,1,False,-1,-1,0,0,0,-1
2026-06-29 15:10:08.707,187.6973,False,33.25792,0.8214415,-22.00072,0,0,0,1,0,0,1,False,-1,-1,0,0,0,-1
2026-06-29 15:10:08.740,187.7313,False,33.2579,0.8214658,-22.00072,0,0,0,1,0,0,1,False,-1,-1,0,0,0,-1
2026-06-29 15:10:08.784,187.7748,False,33.25792,0.8214397,-22.00066,0,0,0,1,0,0,1,False,-1,-1,0,0,0,-1
2026-06-29 15:10:08.818,187.8082,False,33.25805,0.8214926,-22.00081,0,0,0,1,0,0,1,False,-1,-1,0,0,0,-1
2026-06-29 15:10:08.861,187.852,False,33.25804,0.8213534,-22.00079,0,0,0,1,0,0,1,False,-1,-1,0,0,0,-1
2026-06-29 15:10:08.895,187.8857,False,33.25803,0.821323,-22.00097,0,0,0,1,0,0,1,False,-1,-1,0,0,0,-1
2026-06-29 15:10:08.928,187.9191,False,33.25825,0.8212551,-22.00105,0,0,0,1,0,0,1,False,-1,-1,0,0,0,-1
2026-06-29 15:10:08.973,187.9632,False,33.25811,0.8214729,-22.00077,0,0,0,1,0,0,1,False,-1,-1,0,0,0,-1
2026-06-29 15:10:09.006,187.9968,False,33.25809,0.8214305,-22.00083,0,0,0,1,0,0,1,False,-1,-1,0,0,0,-1
2026-06-29 15:10:09.040,188.0302,False,33.25795,0.8215599,-22.00073,0,0,0,1,0,0,1,False,-1,-1,0,0,0,-1
2026-06-29 15:10:09.073,188.0637,False,33.25792,0.8214985,-22.0008,0,0,0,1,0,0,1,False,-1,-1,0,0,0,-1
2026-06-29 15:10:09.107,188.0971,False,33.25786,0.8214869,-22.00067,0,0,0,1,0,0,1,False,-1,-1,0,0,0,-1
2026-06-29 15:10:09.140,188.1305,False,33.25785,0.8216243,-22.00053,0,0,0,1,0,0,1,False,-1,-1,0,0,0,-1
2026-06-29 15:10:09.183,188.1743,False,33.2581,0.8215277,-22.00065,0,0,0,1,0,0,1,False,-1,-1,0,0,0,-1
2026-06-29 15:10:09.217,188.2079,False,33.25811,0.8215741,-22.00064,0,0,0,1,0,0,1,False,-1,-1,0,0,0,-1
2026-06-29 15:10:09.262,188.2526,False,33.25807,0.8216291,-22.00064,0,0,0,1,0,0,1,False,-1,-1,0,0,0,-1
2026-06-29 15:10:09.306,188.2967,False,33.258,0.8217736,-22.00064,0,0,0,1,0,0,1,False,-1,-1,0,0,0,-1
2026-06-29 15:10:09.340,188.3307,False,33.25793,0.8216794,-22.00074,0,0,0,1,0,0,1,False,-1,-1,0,0,0,-1
2026-06-29 15:10:09.384,188.3746,False,33.25814,0.8216159,-22.00074,0,0,0,1,0,0,1,False,-1,-1,0,0,0,-1
2026-06-29 15:10:09.428,188.4188,False,33.25808,0.821775,-22.00079,0,0,0,1,0,0,1,False,-1,-1,0,0,0,-1
2026-06-29 15:10:09.462,188.4522,False,33.25811,0.8217546,-22.00059,0,0,0,1,0,0,1,False,-1,-1,0,0,0,-1
2026-06-29 15:10:09.507,188.4979,False,33.25804,0.8216067,-22.00054,0,0,0,1,0,0,1,False,-1,-1,0,0,0,-1
2026-06-29 15:10:09.550,188.541,False,33.25826,0.8215218,-22.00071,0,0,0,1,0,0,1,False,-1,-1,0,0,0,-1
2026-06-29 15:10:09.584,188.5748,False,33.25818,0.8215066,-22.00077,0,0,0,1,0,0,1,False,-1,-1,0,0,0,-1
2026-06-29 15:10:09.629,188.6194,False,33.25823,0.8214102,-22.00068,0,0,0,1,0,0,1,False,-1,-1,0,0,0,-1
2026-06-29 15:10:09.672,188.6633,False,33.25806,0.821411,-22.0008,0,0,0,1,0,0,1,False,-1,-1,0,0,0,-1
2026-06-29 15:10:09.717,188.7072,False,33.2581,0.8214676,-22.00067,0,0,0,1,0,0,1,False,-1,-1,0,0,0,-1
2026-06-29 15:10:09.752,188.7419,False,33.25801,0.8215417,-22.0007,0,0,0,1,0,0,1,False,-1,-1,0,0,0,-1
2026-06-29 15:10:09.795,188.7852,False,33.25788,0.8216324,-22.00057,0,0,0,1,0,0,1,False,-1,-1,0,0,0,-1
2026-06-29 15:10:09.839,188.8295,False,33.25813,0.8216218,-22.00057,0,0,0,1,0,0,1,False,-1,-1,0,0,0,-1
2026-06-29 15:10:09.884,188.8743,False,33.25821,0.8215075,-22.00056,0,0,0,1,0,0,1,False,-1,-1,0,0,0,-1
2026-06-29 15:10:09.927,188.9187,False,33.25819,0.8214926,-22.00049,0,0,0,1,0,0,1,False,-1,-1,0,0,0,-1
2026-06-29 15:10:09.961,188.952,False,33.25822,0.8214879,-22.00053,0,0,0,1,0,0,1,False,-1,-1,0,0,0,-1
2026-06-29 15:10:10.006,188.9965,False,33.25814,0.8214868,-22.00057,0,0,0,1,0,0,1,False,-1,-1,0,0,0,-1
2026-06-29 15:10:10.051,189.0406,False,33.25819,0.8215198,-22.00058,0,0,0,1,0,0,1,False,-1,-1,0,0,0,-1
2026-06-29 15:10:10.095,189.0847,False,33.25809,0.821661,-22.00046,0,0,0,1,0,0,1,False,-1,-1,0,0,0,-1
2026-06-29 15:10:10.128,189.1187,False,33.258,0.8216347,-22.00049,0,0,0,1,0,0,1,False,-1,-1,0,0,0,-1
2026-06-29 15:10:10.162,189.1521,False,33.25787,0.8216892,-22.00041,0,0,0,1,0,0,1,False,-1,-1,0,0,0,-1
2026-06-29 15:10:10.205,189.1961,False,33.25806,0.821676,-22.00038,0,0,0,1,0,0,1,False,-1,-1,0,0,0,-1
2026-06-29 15:10:10.240,189.2303,False,33.25797,0.8217699,-22.00036,0,0,0,1,0,0,1,False,-1,-1,0,0,0,-1
2026-06-29 15:10:10.284,189.2742,False,33.25813,0.8216954,-22.0004,0,0,0,1,0,0,1,False,-1,-1,0,0,0,-1
2026-06-29 15:10:10.328,189.319,False,33.25811,0.8216335,-22.0005,0,0,0,1,0,0,1,False,-1,-1,0,0,0,-1
2026-06-29 15:10:10.362,189.3524,False,33.2581,0.8216029,-22.00051,0,0,0,1,0,0,1,False,-1,-1,0,0,0,-1
2026-06-29 15:10:10.405,189.396,False,33.258,0.8216112,-22.00059,0,0,0,1,0,0,1,False,-1,-1,0,0,0,-1
2026-06-29 15:10:10.439,189.4296,False,33.25812,0.8216594,-22.00055,0,0,0,1,0,0,1,False,-1,-1,0,0,0,-1
2026-06-29 15:10:10.488,189.4739,False,33.25809,0.8216769,-22.00038,0,0,0,1,0,0,1,False,-1,-1,0,0,0,-1
2026-06-29 15:10:10.528,189.5181,False,33.25824,0.8215858,-22.00035,0,0,0,1,0,0,1,False,-1,-1,0,0,0,-1
2026-06-29 15:10:10.561,189.5518,False,33.25807,0.8216034,-22.0005,0,0,0,1,0,0,1,False,-1,-1,0,0,0,-1
2026-06-29 15:10:10.595,189.5853,False,33.25799,0.8215698,-22.00051,0,0,0,1,0,0,1,False,-1,-1,0,0,0,-1
2026-06-29 15:10:10.629,189.6191,False,33.25795,0.8215806,-22.00036,0,0,0,1,0,0,1,False,-1,-1,0,0,0,-1
2026-06-29 15:10:10.672,189.6629,False,33.25806,0.8216604,-22.00037,0,0,0,1,0,0,1,False,-1,-1,0,0,0,-1
2026-06-29 15:10:10.717,189.7074,False,33.25808,0.8216546,-22.00043,0,0,0,1,0,0,1,False,-1,-1,0,0,0,-1
2026-06-29 15:10:10.761,189.7517,False,33.25813,0.8216866,-22.00046,0,0,0,1,0,0,1,False,-1,-1,0,0,0,-1
2026-06-29 15:10:10.796,189.7866,False,33.25819,0.8216901,-22.00041,0,0,0,1,0,0,1,False,-1,-1,0,0,0,-1
2026-06-29 15:10:10.840,189.83,False,33.2582,0.8216234,-22.00056,0,0,0,1,0,0,1,False,-1,-1,0,0,0,-1
2026-06-29 15:10:10.884,189.8746,False,33.25817,0.8216441,-22.00035,0,0,0,1,0,0,1,False,-1,-1,0,0,0,-1
2026-06-29 15:10:10.927,189.9179,False,33.25814,0.8216304,-22.00029,0,0,0,1,0,0,1,False,-1,-1,0,0,0,-1
2026-06-29 15:10:10.961,189.9513,False,33.25812,0.821588,-22.00034,0,0,0,1,0,0,1,False,-1,-1,0,0,0,-1
2026-06-29 15:10:10.994,189.9853,False,33.25807,0.8215997,-22.00029,0,0,0,1,0,0,1,False,-1,-1,0,0,0,-1
2026-06-29 15:10:11.039,190.0289,False,33.25817,0.821573,-22.00034,0,0,0,1,0,0,1,False,-1,-1,0,0,0,-1
2026-06-29 15:10:11.082,190.0734,False,33.25822,0.8216299,-22.00036,0,0,0,1,0,0,1,False,-1,-1,0,0,0,-1
2026-06-29 15:10:11.117,190.107,False,33.25822,0.8215775,-22.00031,0,0,0,1,0,0,1,False,-1,-1,0,0,0,-1
2026-06-29 15:10:11.149,190.1407,False,33.25825,0.8215746,-22.00036,0,0,0,1,0,0,1,False,-1,-1,0,0,0,-1
2026-06-29 15:10:11.194,190.1848,False,33.25819,0.8215215,-22.00034,0,0,0,1,0,0,1,False,-1,-1,0,0,0,-1
2026-06-29 15:10:11.239,190.2289,False,33.25825,0.8214409,-22.00039,0,0,0,1,0,0,1,False,-1,-1,0,0,0,-1
2026-06-29 15:10:11.272,190.2623,False,33.2582,0.8214555,-22.00029,0,0,0,1,0,0,1,False,-1,-1,0,0,0,-1
2026-06-29 15:10:11.316,190.3069,False,33.25822,0.821538,-22.00038,0,0,0,1,0,0,1,False,-1,-1,0,0,0,-1
2026-06-29 15:10:11.350,190.3402,False,33.25816,0.8215372,-22.00029,0,0,0,1,0,0,1,False,-1,-1,0,0,0,-1
2026-06-29 15:10:11.385,190.3747,False,33.2582,0.8215883,-22.0003,0,0,0,1,0,0,1,False,-1,-1,0,0,0,-1
2026-06-29 15:10:11.427,190.4178,False,33.25803,0.8215548,-22.00038,0,0,0,1,0,0,1,False,-1,-1,0,0,0,-1
2026-06-29 15:10:11.461,190.4513,False,33.25813,0.821547,-22.00029,0,0,0,1,0,0,1,False,-1,-1,0,0,0,-1
2026-06-29 15:10:11.495,190.4852,False,33.25834,0.8214258,-22.00033,0,0,0,1,0,0,1,False,-1,-1,0,0,0,-1
2026-06-29 15:10:11.539,190.5289,False,33.25833,0.8214671,-22.00024,0,0,0,1,0,0,1,False,-1,-1,0,0,0,-1
2026-06-29 15:10:11.582,190.5734,False,33.25847,0.8214391,-22.00019,0,0,0,1,0,0,1,False,-1,-1,0,0,0,-1
2026-06-29 15:10:11.617,190.607,False,33.25832,0.8215367,-22.00027,0,0,0,1,0,0,1,False,-1,-1,0,0,0,-1
2026-06-29 15:10:11.650,190.6404,False,33.25817,0.8215756,-22.00046,0,0,0,1,0,0,1,False,-1,-1,0,0,0,-1
2026-06-29 15:10:11.694,190.6843,False,33.25814,0.8216481,-22.00038,0,0,0,1,0,0,1,False,-1,-1,0,0,0,-1
2026-06-29 15:10:11.727,190.7178,False,33.25821,0.8215536,-22.00033,0,0,0,1,0,0,1,False,-1,-1,0,0,0,-1
2026-06-29 15:10:11.772,190.7622,False,33.25803,0.8216248,-22.00016,0,0,0,1,0,0,1,False,-1,-1,0,0,0,-1
2026-06-29 15:10:11.816,190.8065,False,33.25805,0.8216979,-22.00026,0,0,0,1,0,0,1,False,-1,-1,0,0,0,-1
2026-06-29 15:10:11.852,190.8418,False,33.25816,0.8216184,-22.00026,0,0,0,1,0,0,1,False,-1,-1,0,0,0,-1
2026-06-29 15:10:11.894,190.8845,False,33.2582,0.8215967,-22.00021,0,0,0,1,0,0,1,False,-1,-1,0,0,0,-1
2026-06-29 15:10:11.927,190.9178,False,33.25818,0.8216045,-22.00019,0,0,0,1,0,0,1,False,-1,-1,0,0,0,-1
2026-06-29 15:10:11.972,190.9626,False,33.25827,0.8216192,-22.00016,0,0,0,1,0,0,1,False,-1,-1,0,0,0,-1
2026-06-29 15:10:12.016,191.0067,False,33.25813,0.8216509,-22.00016,0,0,0,1,0,0,1,False,-1,-1,0,0,0,-1
2026-06-29 15:10:12.060,191.0508,False,33.25805,0.821517,-22.00018,0,0,0,1,0,0,1,False,-1,-1,0,0,0,-1
2026-06-29 15:10:12.104,191.0952,False,33.25815,0.8214954,-22.00033,0,0,0,1,0,0,1,False,-1,-1,0,0,0,-1
2026-06-29 15:10:12.149,191.1397,False,33.25828,0.8213254,-22.00037,0,0,0,1,0,0,1,False,-1,-1,0,0,0,-1
2026-06-29 15:10:12.183,191.1731,False,33.2583,0.8213879,-22.00034,0,0,0,1,0,0,1,False,-1,-1,0,0,0,-1
2026-06-29 15:10:12.227,191.2174,False,33.25816,0.8214164,-22.00023,0,0,0,1,0,0,1,False,-1,-1,0,0,0,-1
2026-06-29 15:10:12.272,191.2625,False,33.25801,0.8214852,-22.00024,0,0,0,1,0,0,1,False,-1,-1,0,0,0,-1
2026-06-29 15:10:12.316,191.3066,False,33.25816,0.8214869,-22.0002,0,0,0,1,0,0,1,False,-1,-1,0,0,0,-1
2026-06-29 15:10:12.361,191.3511,False,33.25805,0.8216092,-22.00014,0,0,0,1,0,0,1,False,-1,-1,0,0,0,-1
2026-06-29 15:10:12.406,191.3958,False,33.25826,0.8215097,-22.00026,0,0,0,1,0,0,1,False,-1,-1,0,0,0,-1
2026-06-29 15:10:12.451,191.4411,False,33.25832,0.8214627,-22.0004,0,0,0,1,0,0,1,False,-1,-1,0,0,0,-1
2026-06-29 15:10:12.494,191.4841,False,33.25818,0.8215752,-22.00025,0,0,0,1,0,0,1,False,-1,-1,0,0,0,-1
2026-06-29 15:10:12.538,191.5285,False,33.25826,0.8214732,-22.00027,0,0,0,1,0,0,1,False,-1,-1,0,0,0,-1
2026-06-29 15:10:12.582,191.5728,False,33.25819,0.8214703,-22.00028,0,0,0,1,0,0,1,False,-1,-1,0,0,0,-1
2026-06-29 15:10:12.616,191.6065,False,33.25835,0.821502,-22.00041,0,0,0,1,0,0,1,False,-1,-1,0,0,0,-1
2026-06-29 15:10:12.661,191.6516,False,33.25837,0.8214335,-22.00038,0,0,0,1,0,0,1,False,-1,-1,0,0,0,-1
2026-06-29 15:10:12.704,191.6948,False,33.25838,0.8215044,-22.00048,0,0,0,1,0,0,1,False,-1,-1,0,0,0,-1
2026-06-29 15:10:12.738,191.7284,False,33.25832,0.821476,-22.00031,0,0,0,1,0,0,1,False,-1,-1,0,0,0,-1
2026-06-29 15:10:12.782,191.7726,False,33.25827,0.8214532,-22.00009,0,0,0,1,0,0,1,False,-1,-1,0,0,0,-1
2026-06-29 15:10:12.816,191.8063,False,33.25815,0.8214242,-22.00008,0,0,0,1,0,0,1,False,-1,-1,0,0,0,-1
2026-06-29 15:10:12.861,191.8509,False,33.25827,0.8215424,-22.00029,0,0,0,1,0,0,1,False,-1,-1,0,0,0,-1
2026-06-29 15:10:12.893,191.8844,False,33.25823,0.8214777,-22.00024,0,0,0,1,0,0,1,False,-1,-1,0,0,0,-1
2026-06-29 15:10:12.928,191.9187,False,33.25808,0.821538,-22.00025,0,0,0,1,0,0,1,False,-1,-1,0,0,0,-1
2026-06-29 15:10:12.970,191.9614,False,33.25817,0.8215657,-22.00034,0,0,0,1,0,0,1,False,-1,-1,0,0,0,-1
2026-06-29 15:10:13.003,191.9948,False,33.25819,0.8215716,-22.00019,0,0,0,1,0,0,1,False,-1,-1,0,0,0,-1
2026-06-29 15:10:13.049,192.0394,False,33.25806,0.821558,-22.00019,0,0,0,1,0,0,1,False,-1,-1,0,0,0,-1
2026-06-29 15:10:13.093,192.0837,False,33.25805,0.821569,-22.00006,0,0,0,1,0,0,1,False,-1,-1,0,0,0,-1
2026-06-29 15:10:13.127,192.1171,False,33.25808,0.8216442,-22.0002,0,0,0,1,0,0,1,False,-1,-1,0,0,0,-1
2026-06-29 15:10:13.171,192.1614,False,33.25806,0.8215546,-22.00034,0,0,0,1,0,0,1,False,-1,-1,0,0,0,-1
2026-06-29 15:10:13.218,192.2058,False,33.25835,0.8214392,-22.00019,0,0,0,1,0,0,1,False,-1,-1,0,0,0,-1
2026-06-29 15:10:13.259,192.2502,False,33.25837,0.8215721,-22.00015,0,0,0,1,0,0,1,False,-1,-1,0,0,0,-1
2026-06-29 15:10:13.293,192.2835,False,33.25837,0.8214973,-22.00019,0,0,0,1,0,0,1,False,-1,-1,0,0,0,-1
2026-06-29 15:10:13.327,192.3169,False,33.25829,0.8214568,-22.0002,0,0,0,1,0,0,1,False,-1,-1,0,0,0,-1
2026-06-29 15:10:13.361,192.3514,False,33.25858,0.821425,-22.00022,0,0,0,1,0,0,1,False,-1,-1,0,0,0,-1
2026-06-29 15:10:13.404,192.3948,False,33.25864,0.8213722,-22.00024,0,0,0,1,0,0,1,False,-1,-1,0,0,0,-1
2026-06-29 15:10:13.440,192.4295,False,33.25849,0.8215042,-22.00026,0,0,0,1,0,0,1,False,-1,-1,0,0,0,-1
2026-06-29 15:10:13.482,192.4728,False,33.25849,0.821569,-22.00017,0,0,0,1,0,0,1,False,-1,-1,0,0,0,-1
2026-06-29 15:10:13.516,192.5067,False,33.25839,0.8215528,-22.00011,0,0,0,1,0,0,1,False,-1,-1,0,0,0,-1
2026-06-29 15:10:13.550,192.5403,False,33.25821,0.821537,-22.00025,0,0,0,1,0,0,1,False,-1,-1,0,0,0,-1
2026-06-29 15:10:13.593,192.5839,False,33.25814,0.8216882,-22.00028,0,0,0,1,0,0,1,False,-1,-1,0,0,0,-1
2026-06-29 15:10:13.627,192.6177,False,33.25822,0.821608,-22.00022,0,0,0,1,0,0,1,False,-1,-1,0,0,0,-1
2026-06-29 15:10:13.661,192.6512,False,33.25826,0.8216293,-22.00022,0,0,0,1,0,0,1,False,-1,-1,0,0,0,-1
2026-06-29 15:10:13.704,192.6949,False,33.25829,0.8217194,-22.00008,0,0,0,1,0,0,1,False,-1,-1,0,0,0,-1
2026-06-29 15:10:13.748,192.7391,False,33.2584,0.8216655,-22.00006,0,0,0,1,0,0,1,False,-1,-1,0,0,0,-1
2026-06-29 15:10:13.792,192.7833,False,33.25832,0.8216953,-22.00009,0,0,0,1,0,0,1,False,-1,-1,0,0,0,-1
2026-06-29 15:10:13.827,192.8181,False,33.25842,0.8215858,-22.00022,0,0,0,1,0,0,1,False,-1,-1,0,0,0,-1
2026-06-29 15:10:13.871,192.8611,False,33.25832,0.8214968,-22.00018,0,0,0,1,0,0,1,False,-1,-1,0,0,0,-1
2026-06-29 15:10:13.905,192.8959,False,33.25842,0.8214956,-22.00014,0,0,0,1,0,0,1,False,-1,-1,0,0,0,-1
2026-06-29 15:10:13.948,192.9389,False,33.25836,0.8216363,-22.00009,0,0,0,1,0,0,1,False,-1,-1,0,0,0,-1
2026-06-29 15:10:13.983,192.9731,False,33.25826,0.8215532,-22.00009,0,0,0,1,0,0,1,False,-1,-1,0,0,0,-1
2026-06-29 15:10:14.026,193.0164,False,33.25834,0.8215232,-22.00011,0,0,0,1,0,0,1,False,-1,-1,0,0,0,-1
2026-06-29 15:10:14.070,193.0603,False,33.25839,0.8216158,-21.99999,0,0,0,1,0,0,1,False,-1,-1,0,0,0,-1
2026-06-29 15:10:14.103,193.0936,False,33.25852,0.8215087,-22.00014,0,0,0,1,0,0,1,False,-1,-1,0,0,0,-1
2026-06-29 15:10:14.148,193.1385,False,33.25846,0.8215038,-22.00021,0,0,0,1,0,0,1,False,-1,-1,0,0,0,-1
2026-06-29 15:10:14.192,193.1824,False,33.25847,0.821469,-22.00014,0,0,0,1,0,0,1,False,-1,-1,0,0,0,-1
2026-06-29 15:10:14.226,193.2162,False,33.25854,0.8215036,-22.00016,0,0,0,1,0,0,1,False,-1,-1,0,0,0,-1
2026-06-29 15:10:14.269,193.2602,False,33.25826,0.8215646,-22.00012,0,0,0,1,0,0,1,False,-1,-1,0,0,0,-1
2026-06-29 15:10:14.303,193.2935,False,33.25838,0.8215107,-22.00022,0,0,0,1,0,0,1,False,-1,-1,0,0,0,-1
2026-06-29 15:10:14.348,193.3381,False,33.2584,0.8215649,-22.00009,0,0,0,1,0,0,1,False,-1,-1,0,0,0,-1
2026-06-29 15:10:14.381,193.3715,False,33.25837,0.8214961,-22.00009,0,0,0,1,0,0,1,False,-1,-1,0,0,0,-1
2026-06-29 15:10:14.414,193.4052,False,33.2583,0.8214964,-21.99999,0,0,0,1,0,0,1,False,-1,-1,0,0,0,-1
2026-06-29 15:10:14.450,193.44,False,33.25827,0.821564,-21.99993,0,0,0,1,0,0,1,False,-1,-1,0,0,0,-1
2026-06-29 15:10:14.493,193.4837,False,33.25839,0.8216127,-22.00008,0,0,0,1,0,0,1,False,-1,-1,0,0,0,-1
2026-06-29 15:10:14.538,193.5279,False,33.2585,0.8215643,-22.00019,0,0,0,1,0,0,1,False,-1,-1,0,0,0,-1
2026-06-29 15:10:14.586,193.5725,False,33.25856,0.8215191,-22.00019,0,0,0,1,0,0,1,False,-1,-1,0,0,0,-1
2026-06-29 15:10:14.615,193.6062,False,33.25859,0.8217008,-22.00006,0,0,0,1,0,0,1,False,-1,-1,0,0,0,-1
2026-06-29 15:10:14.660,193.65,False,33.25845,0.8217027,-22.00004,0,0,0,1,0,0,1,False,-1,-1,0,0,0,-1
2026-06-29 15:10:14.704,193.694,False,33.2584,0.8214942,-22.00014,0,0,0,1,0,0,1,False,-1,-1,0,0,0,-1
2026-06-29 15:10:14.737,193.7276,False,33.25828,0.8215724,-22.00007,0,0,0,1,0,0,1,False,-1,-1,0,0,0,-1
2026-06-29 15:10:14.780,193.7719,False,33.25828,0.8215038,-22.00004,0,0,0,1,0,0,1,False,-1,-1,0,0,0,-1
2026-06-29 15:10:14.815,193.8053,False,33.25842,0.8215361,-22.0001,0,0,0,1,0,0,1,False,-1,-1,0,0,0,-1
2026-06-29 15:10:14.848,193.8388,False,33.25839,0.8216285,-22.00006,0,0,0,1,0,0,1,False,-1,-1,0,0,0,-1
2026-06-29 15:10:14.893,193.8829,False,33.25841,0.8216214,-21.99997,0,0,0,1,0,0,1,False,-1,-1,0,0,0,-1
2026-06-29 15:10:14.926,193.9169,False,33.25846,0.8215289,-21.99998,0,0,0,1,0,0,1,False,-1,-1,0,0,0,-1
2026-06-29 15:10:14.970,193.9603,False,33.25841,0.8215379,-21.99993,0,0,0,1,0,0,1,False,-1,-1,0,0,0,-1
2026-06-29 15:10:15.003,193.994,False,33.25842,0.8215189,-21.99991,0,0,0,1,0,0,1,False,-1,-1,0,0,0,-1
2026-06-29 15:10:15.038,194.0283,False,33.2585,0.8214514,-22.00007,0,0,0,1,0,0,1,False,-1,-1,0,0,0,-1
2026-06-29 15:10:15.080,194.0707,False,33.25869,0.8213886,-22.00015,0,0,0,1,0,0,1,False,-1,-1,0,0,0,-1
2026-06-29 15:10:15.113,194.1045,False,33.2585,0.8214374,-22.00006,0,0,0,1,0,0,1,False,-1,-1,0,0,0,-1
2026-06-29 15:10:15.158,194.149,False,33.25831,0.8214296,-21.99996,0,0,0,1,0,0,1,False,-1,-1,0,0,0,-1
2026-06-29 15:10:15.202,194.1932,False,33.25832,0.8214518,-21.99996,0,0,0,1,0,0,1,False,-1,-1,0,0,0,-1
2026-06-29 15:10:15.247,194.2375,False,33.25819,0.8215424,-21.99993,0,0,0,1,0,0,1,False,-1,-1,0,0,0,-1
2026-06-29 15:10:15.292,194.282,False,33.25843,0.821492,-22.00011,0,0,0,1,0,0,1,False,-1,-1,0,0,0,-1
2026-06-29 15:10:15.325,194.3154,False,33.2585,0.8215196,-21.99999,0,0,0,1,0,0,1,False,-1,-1,0,0,0,-1
2026-06-29 15:10:15.358,194.3489,False,33.25867,0.8214839,-21.99999,0,0,0,1,0,0,1,False,-1,-1,0,0,0,-1
2026-06-29 15:10:15.402,194.3928,False,33.25864,0.821451,-22.00002,0,0,0,1,0,0,1,False,-1,-1,0,0,0,-1
2026-06-29 15:10:15.447,194.4378,False,33.25838,0.8214011,-21.99998,0,0,0,1,0,0,1,False,-1,-1,0,0,0,-1
2026-06-29 15:10:15.480,194.4716,False,33.25831,0.8215017,-21.99989,0,0,0,1,0,0,1,False,-1,-1,0,0,0,-1
2026-06-29 15:10:15.514,194.5052,False,33.25831,0.8215148,-21.99987,0,0,0,1,0,0,1,False,-1,-1,0,0,0,-1
2026-06-29 15:10:15.559,194.5492,False,33.25849,0.8215278,-21.99998,0,0,0,1,0,0,1,False,-1,-1,0,0,0,-1
2026-06-29 15:10:15.603,194.5938,False,33.25854,0.8215817,-21.99982,0,0,0,1,0,0,1,False,-1,-1,0,0,0,-1
2026-06-29 15:10:15.648,194.6382,False,33.25827,0.8216181,-21.99992,0,0,0,1,0,0,1,False,-1,-1,0,0,0,-1
2026-06-29 15:10:15.681,194.6716,False,33.2585,0.8214372,-22.00007,0,0,0,1,0,0,1,False,-1,-1,0,0,0,-1
2026-06-29 15:10:15.726,194.7172,False,33.25851,0.8213934,-21.99986,0,0,0,1,0,0,1,False,-1,-1,0,0,0,-1
2026-06-29 15:10:15.770,194.7605,False,33.25856,0.8214943,-21.99972,0,0,0,1,0,0,1,False,-1,-1,0,0,0,-1
2026-06-29 15:10:15.814,194.8045,False,33.25866,0.8215128,-21.99985,0,0,0,1,0,0,1,False,-1,-1,0,0,0,-1
2026-06-29 15:10:15.848,194.8381,False,33.25865,0.8215274,-21.9998,0,0,0,1,0,0,1,False,-1,-1,0,0,0,-1
2026-06-29 15:10:15.880,194.8716,False,33.2586,0.8215888,-21.99995,0,0,0,1,0,0,1,False,-1,-1,0,0,0,-1
2026-06-29 15:10:15.926,194.9163,False,33.25835,0.8216592,-21.99993,0,0,0,1,0,0,1,False,-1,-1,0,0,0,-1
2026-06-29 15:10:15.960,194.9497,False,33.2584,0.8216762,-21.99998,0,0,0,1,0,0,1,False,-1,-1,0,0,0,-1
2026-06-29 15:10:16.003,194.994,False,33.25853,0.8215264,-21.99983,0,0,0,1,0,0,1,False,-1,-1,0,0,0,-1
2026-06-29 15:10:16.047,195.0378,False,33.25843,0.8215524,-21.99962,0,0,0,1,0,0,1,False,-1,-1,0,0,0,-1
2026-06-29 15:10:16.082,195.0728,False,33.25855,0.8215401,-21.99974,0,0,0,1,0,0,1,False,-1,-1,0,0,0,-1
2026-06-29 15:10:16.124,195.115,False,33.25851,0.821461,-21.99983,0,0,0,1,0,0,1,False,-1,-1,0,0,0,-1
2026-06-29 15:10:16.158,195.1489,False,33.25854,0.8214567,-21.99983,0,0,0,1,0,0,1,False,-1,-1,0,0,0,-1
2026-06-29 15:10:16.202,195.1929,False,33.25854,0.8216018,-21.9998,0,0,0,1,0,0,1,False,-1,-1,0,0,0,-1
2026-06-29 15:10:16.237,195.2266,False,33.25846,0.8216237,-21.99976,0,0,0,1,0,0,1,False,-1,-1,0,0,0,-1
2026-06-29 15:10:16.280,195.2709,False,33.25862,0.8215621,-21.99987,0,0,0,1,0,0,1,False,-1,-1,0,0,0,-1
2026-06-29 15:10:16.314,195.3043,False,33.25851,0.821649,-21.99986,0,0,0,1,0,0,1,False,-1,-1,0,0,0,-1
2026-06-29 15:10:16.347,195.3379,False,33.25854,0.8216864,-21.99987,0,0,0,1,0,0,1,False,-1,-1,0,0,0,-1
2026-06-29 15:10:16.392,195.3821,False,33.2585,0.8217308,-21.99997,0,0,0,1,0,0,1,False,-1,-1,0,0,0,-1
2026-06-29 15:10:16.424,195.4155,False,33.25841,0.8216688,-21.99974,0,0,0,1,0,0,1,False,-1,-1,0,0,0,-1
2026-06-29 15:10:16.470,195.4601,False,33.2586,0.8216546,-21.99974,0,0,0,1,0,0,1,False,-1,-1,0,0,0,-1
2026-06-29 15:10:16.514,195.5048,False,33.25871,0.8215435,-21.99969,0,0,0,1,0,0,1,False,-1,-1,0,0,0,-1
2026-06-29 15:10:16.548,195.539,False,33.25868,0.8215022,-21.99968,0,0,0,1,0,0,1,False,-1,-1,0,0,0,-1
2026-06-29 15:10:16.592,195.5819,False,33.25867,0.8214956,-21.9998,0,0,0,1,0,0,1,False,-1,-1,0,0,0,-1
2026-06-29 15:10:16.636,195.6261,False,33.25871,0.8214152,-21.99988,0,0,0,1,0,0,1,False,-1,-1,0,0,0,-1
2026-06-29 15:10:16.669,195.6595,False,33.25875,0.8214343,-21.99983,0,0,0,1,0,0,1,False,-1,-1,0,0,0,-1
2026-06-29 15:10:16.714,195.7042,False,33.25859,0.8214983,-21.99969,0,0,0,1,0,0,1,False,-1,-1,0,0,0,-1
2026-06-29 15:10:16.747,195.7378,False,33.25849,0.8215438,-21.99967,0,0,0,1,0,0,1,False,-1,-1,0,0,0,-1
2026-06-29 15:10:16.781,195.7714,False,33.25849,0.8216242,-21.99968,0,0,0,1,0,0,1,False,-1,-1,0,0,0,-1
2026-06-29 15:10:16.825,195.8158,False,33.25871,0.8215011,-21.99964,0,0,0,1,0,0,1,False,-1,-1,0,0,0,-1
2026-06-29 15:10:16.869,195.8592,False,33.25878,0.8215873,-21.99974,0,0,0,1,0,0,1,False,-1,-1,0,0,0,-1
2026-06-29 15:10:16.902,195.8928,False,33.25864,0.8216269,-21.99977,0,0,0,1,0,0,1,False,-1,-1,0,0,0,-1
2026-06-29 15:10:16.936,195.9263,False,33.25869,0.8215312,-21.9999,0,0,0,1,0,0,1,False,-1,-1,0,0,0,-1
2026-06-29 15:10:16.969,195.9598,False,33.25872,0.8214787,-21.99986,0,0,0,1,0,0,1,False,-1,-1,0,0,0,-1
2026-06-29 15:10:17.003,195.9938,False,33.25884,0.8213716,-21.9998,0,0,0,1,0,0,1,False,-1,-1,0,0,0,-1
2026-06-29 15:10:17.047,196.0377,False,33.25878,0.821246,-21.99967,0,0,0,1,0,0,1,False,-1,-1,0,0,0,-1
2026-06-29 15:10:17.092,196.0828,False,33.25851,0.8215218,-21.99963,0,0,0,1,0,0,1,False,-1,-1,0,0,0,-1
2026-06-29 15:10:17.126,196.1169,False,33.25852,0.8214774,-21.99973,0,0,0,1,0,0,1,False,-1,-1,0,0,0,-1
2026-06-29 15:10:17.169,196.1596,False,33.25867,0.8215192,-21.9997,0,0,0,1,0,0,1,False,-1,-1,0,0,0,-1
2026-06-29 15:10:17.214,196.2042,False,33.25869,0.8215538,-21.99953,0,0,0,1,0,0,1,False,-1,-1,0,0,0,-1
2026-06-29 15:10:17.258,196.2482,False,33.25862,0.8216286,-21.99962,0,0,0,1,0,0,1,False,-1,-1,0,0,0,-1
2026-06-29 15:10:17.307,196.2924,False,33.25859,0.8217924,-21.99945,0,0,0,1,0,0,1,False,-1,-1,0,0,0,-1
2026-06-29 15:10:17.336,196.3261,False,33.25878,0.8215726,-21.99961,0,0,0,1,0,0,1,False,-1,-1,0,0,0,-1
2026-06-29 15:10:17.379,196.3703,False,33.25852,0.8216174,-21.99955,0,0,0,1,0,0,1,False,-1,-1,0,0,0,-1
2026-06-29 15:10:17.413,196.4037,False,33.25863,0.8215774,-21.99959,0,0,0,1,0,0,1,False,-1,-1,0,0,0,-1
2026-06-29 15:10:17.447,196.4371,False,33.25883,0.821462,-21.99962,0,0,0,1,0,0,1,False,-1,-1,0,0,0,-1
2026-06-29 15:10:17.491,196.4812,False,33.25874,0.8215545,-21.99956,0,0,0,1,0,0,1,False,-1,-1,0,0,0,-1
2026-06-29 15:10:17.525,196.5155,False,33.25875,0.8214937,-21.99965,0,0,0,1,0,0,1,False,-1,-1,0,0,0,-1
2026-06-29 15:10:17.559,196.5489,False,33.25871,0.8214979,-21.9996,0,0,0,1,0,0,1,False,-1,-1,0,0,0,-1
2026-06-29 15:10:17.602,196.5926,False,33.25873,0.8215585,-21.99966,0,0,0,1,0,0,1,False,-1,-1,0,0,0,-1
2026-06-29 15:10:17.636,196.626,False,33.25875,0.8215454,-21.99966,0,0,0,1,0,0,1,False,-1,-1,0,0,0,-1
2026-06-29 15:10:17.669,196.66,False,33.25866,0.8215942,-21.99958,0,0,0,1,0,0,1,False,-1,-1,0,0,0,-1
2026-06-29 15:10:17.714,196.704,False,33.25871,0.8214867,-21.99953,0,0,0,1,0,0,1,False,-1,-1,0,0,0,-1
2026-06-29 15:10:17.747,196.7374,False,33.25867,0.8216297,-21.9995,0,0,0,1,0,0,1,False,-1,-1,0,0,0,-1
2026-06-29 15:10:17.792,196.782,False,33.25877,0.8216211,-21.9997,0,0,0,1,0,0,1,False,-1,-1,0,0,0,-1
2026-06-29 15:10:17.836,196.8263,False,33.2588,0.8216196,-21.99955,0,0,0,1,0,0,1,False,-1,-1,0,0,0,-1
2026-06-29 15:10:17.880,196.8703,False,33.25899,0.8214377,-21.99967,0,0,0,1,0,0,1,False,-1,-1,0,0,0,-1
2026-06-29 15:10:17.912,196.9037,False,33.2587,0.8215731,-21.99958,0,0,0,1,0,0,1,False,-1,-1,0,0,0,-1
2026-06-29 15:10:17.947,196.9375,False,33.25871,0.8215162,-21.99948,0,0,0,1,0,0,1,False,-1,-1,0,0,0,-1
2026-06-29 15:10:17.991,196.9818,False,33.25873,0.8214753,-21.99951,0,0,0,1,0,0,1,False,-1,-1,0,0,0,-1
2026-06-29 15:10:18.025,197.0153,False,33.25858,0.8214971,-21.99954,0,0,0,1,0,0,1,False,-1,-1,0,0,0,-1
2026-06-29 15:10:18.058,197.0489,False,33.25879,0.8216288,-21.9996,0,0,0,1,0,0,1,False,-1,-1,0,0,0,-1
2026-06-29 15:10:18.092,197.0826,False,33.25864,0.8217621,-21.99947,0,0,0,1,0,0,1,False,-1,-1,0,0,0,-1
2026-06-29 15:10:18.135,197.1255,False,33.25869,0.8216511,-21.99952,0,0,0,1,0,0,1,False,-1,-1,0,0,0,-1
2026-06-29 15:10:18.169,197.1598,False,33.25874,0.8217078,-21.99952,0,0,0,1,0,0,1,False,-1,-1,0,0,0,-1
2026-06-29 15:10:18.204,197.1938,False,33.25884,0.8217173,-21.99943,0,0,0,1,0,0,1,False,-1,-1,0,0,0,-1
2026-06-29 15:10:18.245,197.2367,False,33.25883,0.8217236,-21.99946,0,0,0,1,0,0,1,False,-1,-1,0,0,0,-1
2026-06-29 15:10:18.290,197.2806,False,33.25896,0.8215442,-21.99927,0,0,0,1,0,0,1,False,-1,-1,0,0,0,-1
2026-06-29 15:10:18.324,197.3146,False,33.25888,0.8215838,-21.99944,0,0,0,1,0,0,1,False,-1,-1,0,0,0,-1
2026-06-29 15:10:18.368,197.3584,False,33.25907,0.8215338,-21.99952,0,0,0,1,0,0,1,False,-1,-1,0,0,0,-1
2026-06-29 15:10:18.402,197.3921,False,33.25911,0.8215244,-21.99953,0,0,0,1,0,0,1,False,-1,-1,0,0,0,-1
2026-06-29 15:10:18.446,197.4368,False,33.25901,0.8213905,-21.99945,0,0,0,1,0,0,1,False,-1,-1,0,0,0,-1
2026-06-29 15:10:18.491,197.4807,False,33.25888,0.8214182,-21.99951,0,0,0,1,0,0,1,False,-1,-1,0,0,0,-1
2026-06-29 15:10:18.536,197.5257,False,33.25885,0.821521,-21.99941,0,0,0,1,0,0,1,False,-1,-1,0,0,0,-1
2026-06-29 15:10:18.581,197.5714,False,33.25873,0.8216169,-21.99944,0,0,0,1,0,0,1,False,-1,-1,0,0,0,-1
2026-06-29 15:10:18.624,197.6144,False,33.25863,0.8216078,-21.99927,0,0,0,1,0,0,1,False,-1,-1,0,0,0,-1
2026-06-29 15:10:18.657,197.648,False,33.25877,0.8215325,-21.99942,0,0,0,1,0,0,1,False,-1,-1,0,0,0,-1
2026-06-29 15:10:18.702,197.6925,False,33.25882,0.8216292,-21.99934,0,0,0,1,0,0,1,False,-1,-1,0,0,0,-1
2026-06-29 15:10:18.746,197.7366,False,33.2588,0.821605,-21.99927,0,0,0,1,0,0,1,False,-1,-1,0,0,0,-1
2026-06-29 15:10:18.780,197.77,False,33.25884,0.8216931,-21.99945,0,0,0,1,0,0,1,False,-1,-1,0,0,0,-1
2026-06-29 15:10:18.824,197.8147,False,33.25895,0.8216243,-21.9995,0,0,0,1,0,0,1,False,-1,-1,0,0,0,-1
2026-06-29 15:10:18.868,197.8589,False,33.25877,0.8216208,-21.99943,0,0,0,1,0,0,1,False,-1,-1,0,0,0,-1
2026-06-29 15:10:18.913,197.903,False,33.25867,0.8215923,-21.99932,0,0,0,1,0,0,1,False,-1,-1,0,0,0,-1
2026-06-29 15:10:18.946,197.9369,False,33.25858,0.8216773,-21.99921,0,0,0,1,0,0,1,False,-1,-1,0,0,0,-1
2026-06-29 15:10:18.991,197.9807,False,33.25864,0.8216986,-21.99935,0,0,0,1,0,0,1,False,-1,-1,0,0,0,-1
2026-06-29 15:10:19.023,198.0143,False,33.25865,0.8216853,-21.99937,0,0,0,1,0,0,1,False,-1,-1,0,0,0,-1
2026-06-29 15:10:19.059,198.0485,False,33.25866,0.8216767,-21.99934,0,0,0,1,0,0,1,False,-1,-1,0,0,0,-1
2026-06-29 15:10:19.102,198.0921,False,33.25885,0.8216404,-21.9994,0,0,0,1,0,0,1,False,-1,-1,0,0,0,-1
2026-06-29 15:10:19.136,198.1256,False,33.25891,0.8216438,-21.99942,0,0,0,1,0,0,1,False,-1,-1,0,0,0,-1
2026-06-29 15:10:19.180,198.1701,False,33.25895,0.8216088,-21.99939,0,0,0,1,0,0,1,False,-1,-1,0,0,0,-1
2026-06-29 15:10:19.214,198.2038,False,33.2588,0.821579,-21.99923,0,0,0,1,0,0,1,False,-1,-1,0,0,0,-1
2026-06-29 15:10:19.247,198.2375,False,33.25876,0.8216207,-21.99926,0,0,0,1,0,0,1,False,-1,-1,0,0,0,-1
2026-06-29 15:10:19.290,198.2807,False,33.25889,0.8216403,-21.99932,0,0,0,1,0,0,1,False,-1,-1,0,0,0,-1
2026-06-29 15:10:19.324,198.3145,False,33.259,0.821562,-21.99944,0,0,0,1,0,0,1,False,-1,-1,0,0,0,-1
2026-06-29 15:10:19.367,198.3584,False,33.2589,0.8216124,-21.9995,0,0,0,1,0,0,1,False,-1,-1,0,0,0,-1
2026-06-29 15:10:19.402,198.3918,False,33.25886,0.8216425,-21.99937,0,0,0,1,0,0,1,False,-1,-1,0,0,0,-1
2026-06-29 15:10:19.434,198.4252,False,33.25878,0.8216312,-21.99936,0,0,0,1,0,0,1,False,-1,-1,0,0,0,-1
2026-06-29 15:10:19.467,198.4585,False,33.25876,0.8216945,-21.99935,0,0,0,1,0,0,1,False,-1,-1,0,0,0,-1
2026-06-29 15:10:19.513,198.503,False,33.25896,0.8217314,-21.99927,0,0,0,1,0,0,1,False,-1,-1,0,0,0,-1
2026-06-29 15:10:19.546,198.5367,False,33.2589,0.8217498,-21.99924,0,0,0,1,0,0,1,False,-1,-1,0,0,0,-1
2026-06-29 15:10:19.590,198.5805,False,33.25888,0.8217685,-21.9993,0,0,0,1,0,0,1,False,-1,-1,0,0,0,-1
2026-06-29 15:10:19.625,198.615,False,33.25887,0.8216836,-21.99942,0,0,0,1,0,0,1,False,-1,-1,0,0,0,-1
2026-06-29 15:10:19.669,198.6593,False,33.25883,0.821645,-21.99939,0,0,0,1,0,0,1,False,-1,-1,0,0,0,-1
2026-06-29 15:10:19.712,198.7026,False,33.25883,0.8216837,-21.99921,0,0,0,1,0,0,1,False,-1,-1,0,0,0,-1
2026-06-29 15:10:19.745,198.7362,False,33.25882,0.8217317,-21.99929,0,0,0,1,0,0,1,False,-1,-1,0,0,0,-1
2026-06-29 15:10:19.779,198.7697,False,33.25888,0.8215818,-21.9993,0,0,0,1,0,0,1,False,-1,-1,0,0,0,-1
2026-06-29 15:10:19.824,198.8149,False,33.25898,0.8216314,-21.99932,0,0,0,1,0,0,1,False,-1,-1,0,0,0,-1
2026-06-29 15:10:19.868,198.8583,False,33.25899,0.8215342,-21.9992,0,0,0,1,0,0,1,False,-1,-1,0,0,0,-1
2026-06-29 15:10:19.901,198.8916,False,33.25892,0.8216925,-21.99932,0,0,0,1,0,0,1,False,-1,-1,0,0,0,-1
2026-06-29 15:10:19.935,198.9252,False,33.25903,0.8215588,-21.99932,0,0,0,1,0,0,1,False,-1,-1,0,0,0,-1
2026-06-29 15:10:19.979,198.9693,False,33.25888,0.821623,-21.99938,0,0,0,1,0,0,1,False,-1,-1,0,0,0,-1
2026-06-29 15:10:20.012,199.0027,False,33.25869,0.8216658,-21.99931,0,0,0,1,0,0,1,False,-1,-1,0,0,0,-1
2026-06-29 15:10:20.044,199.036,False,33.25882,0.8215411,-21.99931,0,0,0,1,0,0,1,False,-1,-1,0,0,0,-1
2026-06-29 15:10:20.090,199.0801,False,33.25906,0.8215292,-21.99932,0,0,0,1,0,0,1,False,-1,-1,0,0,0,-1
2026-06-29 15:10:20.125,199.1153,False,33.25902,0.8215046,-21.99932,0,0,0,1,0,0,1,False,-1,-1,0,0,0,-1
2026-06-29 15:10:20.168,199.1588,False,33.25895,0.8215076,-21.99939,0,0,0,1,0,0,1,False,-1,-1,0,0,0,-1
2026-06-29 15:10:20.212,199.2024,False,33.25891,0.8214902,-21.99933,0,0,0,1,0,0,1,False,-1,-1,0,0,0,-1
2026-06-29 15:10:20.257,199.2469,False,33.25889,0.8214486,-21.99936,0,0,0,1,0,0,1,False,-1,-1,0,0,0,-1
2026-06-29 15:10:20.292,199.2816,False,33.25895,0.8214836,-21.99932,0,0,0,1,0,0,1,False,-1,-1,0,0,0,-1
2026-06-29 15:10:20.334,199.3247,False,33.25883,0.8215321,-21.99937,0,0,0,1,0,0,1,False,-1,-1,0,0,0,-1
2026-06-29 15:10:20.368,199.3581,False,33.2589,0.8214985,-21.99926,0,0,0,1,0,0,1,False,-1,-1,0,0,0,-1
2026-06-29 15:10:20.413,199.4034,False,33.25893,0.8215197,-21.99925,0,0,0,1,0,0,1,False,-1,-1,0,0,0,-1
2026-06-29 15:10:20.447,199.437,False,33.25889,0.8215204,-21.99912,0,0,0,1,0,0,1,False,-1,-1,0,0,0,-1
2026-06-29 15:10:20.490,199.4808,False,33.25887,0.8215925,-21.99916,0,0,0,1,0,0,1,False,-1,-1,0,0,0,-1
2026-06-29 15:10:20.534,199.5252,False,33.25893,0.8216681,-21.99926,0,0,0,1,0,0,1,False,-1,-1,0,0,0,-1
2026-06-29 15:10:20.578,199.5687,False,33.259,0.8216098,-21.99924,0,0,0,1,0,0,1,False,-1,-1,0,0,0,-1
2026-06-29 15:10:20.612,199.6026,False,33.25881,0.8216321,-21.99917,0,0,0,1,0,0,1,False,-1,-1,0,0,0,-1
2026-06-29 15:10:20.647,199.637,False,33.25883,0.8216209,-21.99931,0,0,0,1,0,0,1,False,-1,-1,0,0,0,-1
2026-06-29 15:10:20.690,199.6805,False,33.25877,0.8217212,-21.99944,0,0,0,1,0,0,1,False,-1,-1,0,0,0,-1
2026-06-29 15:10:20.734,199.7248,False,33.25882,0.8217559,-21.99928,0,0,0,1,0,0,1,False,-1,-1,0,0,0,-1
2026-06-29 15:10:20.779,199.7688,False,33.25891,0.821648,-21.99915,0,0,0,1,0,0,1,False,-1,-1,0,0,0,-1
2026-06-29 15:10:20.812,199.8024,False,33.25871,0.8217628,-21.99911,0,0,0,1,0,0,1,False,-1,-1,0,0,0,-1
2026-06-29 15:10:20.844,199.8358,False,33.25882,0.8216515,-21.99923,0,0,0,1,0,0,1,False,-1,-1,0,0,0,-1
2026-06-29 15:10:20.890,199.8803,False,33.25887,0.8215838,-21.99928,0,0,0,1,0,0,1,False,-1,-1,0,0,0,-1
2026-06-29 15:10:20.934,199.9246,False,33.25885,0.8216092,-21.99922,0,0,0,1,0,0,1,False,-1,-1,0,0,0,-1
2026-06-29 15:10:20.978,199.9686,False,33.25897,0.8215535,-21.99939,0,0,0,1,0,0,1,False,-1,-1,0,0,0,-1
2026-06-29 15:10:21.012,200.0021,False,33.259,0.8214957,-21.99938,0,0,0,1,0,0,1,False,-1,-1,0,0,0,-1
2026-06-29 15:10:21.045,200.036,False,33.25886,0.8214989,-21.99937,0,0,0,1,0,0,1,False,-1,-1,0,0,0,-1
2026-06-29 15:10:21.089,200.0796,False,33.25876,0.8215887,-21.99929,0,0,0,1,0,0,1,False,-1,-1,0,0,0,-1
2026-06-29 15:10:21.122,200.1132,False,33.25879,0.8215718,-21.99927,0,0,0,1,0,0,1,False,-1,-1,0,0,0,-1
2026-06-29 15:10:21.158,200.1477,False,33.25872,0.8216619,-21.99924,0,0,0,1,0,0,1,False,-1,-1,0,0,0,-1
2026-06-29 15:10:21.200,200.1912,False,33.25894,0.8215656,-21.99937,0,0,0,1,0,0,1,False,-1,-1,0,0,0,-1
2026-06-29 15:10:21.234,200.2247,False,33.25901,0.8215843,-21.99924,0,0,0,1,0,0,1,False,-1,-1,0,0,0,-1
2026-06-29 15:10:21.278,200.2687,False,33.25908,0.8215108,-21.99925,0,0,0,1,0,0,1,False,-1,-1,0,0,0,-1
2026-06-29 15:10:21.312,200.3022,False,33.25909,0.8215607,-21.99931,0,0,0,1,0,0,1,False,-1,-1,0,0,0,-1
2026-06-29 15:10:21.346,200.3363,False,33.25898,0.8215466,-21.9992,0,0,0,1,0,0,1,False,-1,-1,0,0,0,-1
2026-06-29 15:10:21.389,200.3798,False,33.25891,0.8216016,-21.99931,0,0,0,1,0,0,1,False,-1,-1,0,0,0,-1
2026-06-29 15:10:21.422,200.4132,False,33.2589,0.8216671,-21.99927,0,0,0,1,0,0,1,False,-1,-1,0,0,0,-1
2026-06-29 15:10:21.468,200.4584,False,33.25874,0.8216619,-21.99922,0,0,0,1,0,0,1,False,-1,-1,0,0,0,-1
2026-06-29 15:10:21.512,200.5022,False,33.25868,0.821686,-21.9991,0,0,0,1,0,0,1,False,-1,-1,0,0,0,-1
2026-06-29 15:10:21.556,200.5463,False,33.25863,0.8217045,-21.99906,0,0,0,1,0,0,1,False,-1,-1,0,0,0,-1
2026-06-29 15:10:21.590,200.5802,False,33.2588,0.8215598,-21.9991,0,0,0,1,0,0,1,False,-1,-1,0,0,0,-1
2026-06-29 15:10:21.634,200.6238,False,33.25904,0.8215624,-21.99915,0,0,0,1,0,0,1,False,-1,-1,0,0,0,-1
2026-06-29 15:10:21.668,200.6581,False,33.25909,0.8215728,-21.99901,0,0,0,1,0,0,1,False,-1,-1,0,0,0,-1
2026-06-29 15:10:21.712,200.7018,False,33.25906,0.8215976,-21.99912,0,0,0,1,0,0,1,False,-1,-1,0,0,0,-1
2026-06-29 15:10:21.745,200.7353,False,33.25898,0.8215391,-21.99918,0,0,0,1,0,0,1,False,-1,-1,0,0,0,-1
2026-06-29 15:10:21.789,200.7796,False,33.25895,0.8215166,-21.99913,0,0,0,1,0,0,1,False,-1,-1,0,0,0,-1
2026-06-29 15:10:21.833,200.824,False,33.25879,0.8215885,-21.99924,0,0,0,1,0,0,1,False,-1,-1,0,0,0,-1
2026-06-29 15:10:21.867,200.8577,False,33.25895,0.8214286,-21.99937,0,0,0,1,0,0,1,False,-1,-1,0,0,0,-1
2026-06-29 15:10:21.901,200.8913,False,33.25889,0.8215814,-21.9993,0,0,0,1,0,0,1,False,-1,-1,0,0,0,-1
2026-06-29 15:10:21.945,200.935,False,33.25897,0.8216661,-21.99919,0,0,0,1,0,0,1,False,-1,-1,0,0,0,-1
2026-06-29 15:10:21.978,200.969,False,33.25913,0.8215754,-21.99926,0,0,0,1,0,0,1,False,-1,-1,0,0,0,-1
2026-06-29 15:10:22.022,201.0125,False,33.25904,0.821519,-21.99925,0,0,0,1,0,0,1,False,-1,-1,0,0,0,-1
2026-06-29 15:10:22.056,201.0459,False,33.25902,0.821476,-21.99922,0,0,0,1,0,0,1,False,-1,-1,0,0,0,-1
2026-06-29 15:10:22.089,201.0794,False,33.25898,0.8215515,-21.99916,0,0,0,1,0,0,1,False,-1,-1,0,0,0,-1
2026-06-29 15:10:22.122,201.113,False,33.25888,0.8216539,-21.99914,0,0,0,1,0,0,1,False,-1,-1,0,0,0,-1
2026-06-29 15:10:22.166,201.1577,False,33.25905,0.8215873,-21.99931,0,0,0,1,0,0,1,False,-1,-1,0,0,0,-1
2026-06-29 15:10:22.212,201.2024,False,33.25885,0.8214988,-21.99939,0,0,0,1,0,0,1,False,-1,-1,0,0,0,-1
2026-06-29 15:10:22.256,201.2461,False,33.25896,0.8215371,-21.99924,0,0,0,1,0,0,1,False,-1,-1,0,0,0,-1
2026-06-29 15:10:22.288,201.2794,False,33.25889,0.8215455,-21.99919,0,0,0,1,0,0,1,False,-1,-1,0,0,0,-1
2026-06-29 15:10:22.323,201.313,False,33.25902,0.8214484,-21.99925,0,0,0,1,0,0,1,False,-1,-1,0,0,0,-1
2026-06-29 15:10:22.368,201.3583,False,33.25886,0.8215381,-21.9992,0,0,0,1,0,0,1,False,-1,-1,0,0,0,-1
2026-06-29 15:10:22.403,201.3921,False,33.25876,0.8216037,-21.99908,0,0,0,1,0,0,1,False,-1,-1,0,0,0,-1
2026-06-29 15:10:22.444,201.435,False,33.25892,0.8214717,-21.99909,0,0,0,1,0,0,1,False,-1,-1,0,0,0,-1
2026-06-29 15:10:22.488,201.4788,False,33.25885,0.821611,-21.99915,0,0,0,1,0,0,1,False,-1,-1,0,0,0,-1
2026-06-29 15:10:22.522,201.5123,False,33.25896,0.8215717,-21.99903,0,0,0,1,0,0,1,False,-1,-1,0,0,0,-1
2026-06-29 15:10:22.556,201.5461,False,33.25892,0.821571,-21.99899,0,0,0,1,0,0,1,False,-1,-1,0,0,0,-1
2026-06-29 15:10:22.600,201.5901,False,33.25898,0.8215576,-21.99903,0,0,0,1,0,0,1,False,-1,-1,0,0,0,-1
2026-06-29 15:10:22.644,201.6349,False,33.25889,0.8215946,-21.99914,0,0,0,1,0,0,1,False,-1,-1,0,0,0,-1
2026-06-29 15:10:22.678,201.6685,False,33.25878,0.8216434,-21.9991,0,0,0,1,0,0,1,False,-1,-1,0,0,0,-1
2026-06-29 15:10:22.712,201.7023,False,33.25882,0.8216751,-21.99903,0,0,0,1,0,0,1,False,-1,-1,0,0,0,-1
2026-06-29 15:10:22.758,201.7456,False,33.2588,0.8216055,-21.99914,0,0,0,1,0,0,1,False,-1,-1,0,0,0,-1
2026-06-29 15:10:22.788,201.7792,False,33.25894,0.8215922,-21.99924,0,0,0,1,0,0,1,False,-1,-1,0,0,0,-1
2026-06-29 15:10:22.834,201.824,False,33.25906,0.8215247,-21.99908,0,0,0,1,0,0,1,False,-1,-1,0,0,0,-1
2026-06-29 15:10:22.877,201.868,False,33.25899,0.821574,-21.99917,0,0,0,1,0,0,1,False,-1,-1,0,0,0,-1
2026-06-29 15:10:22.911,201.9016,False,33.25904,0.8214794,-21.99926,0,0,0,1,0,0,1,False,-1,-1,0,0,0,-1
2026-06-29 15:10:22.955,201.9461,False,33.25903,0.8213666,-21.99924,0,0,0,1,0,0,1,False,-1,-1,0,0,0,-1
2026-06-29 15:10:23.000,201.9902,False,33.25906,0.8214224,-21.99913,0,0,0,1,0,0,1,False,-1,-1,0,0,0,-1
2026-06-29 15:10:23.034,202.0238,False,33.25901,0.8214711,-21.99917,0,0,0,1,0,0,1,False,-1,-1,0,0,0,-1
2026-06-29 15:10:23.078,202.0681,False,33.25911,0.8214651,-21.9992,0,0,0,1,0,0,1,False,-1,-1,0,0,0,-1
2026-06-29 15:10:23.122,202.112,False,33.25916,0.8214921,-21.99904,0,0,0,1,0,0,1,False,-1,-1,0,0,0,-1
2026-06-29 15:10:23.155,202.1457,False,33.25913,0.8214357,-21.99909,0,0,0,1,0,0,1,False,-1,-1,0,0,0,-1
2026-06-29 15:10:23.199,202.1898,False,33.25901,0.8214124,-21.99914,0,0,0,1,0,0,1,False,-1,-1,0,0,0,-1
2026-06-29 15:10:23.233,202.2241,False,33.25903,0.821356,-21.99921,0,0,0,1,0,0,1,False,-1,-1,0,0,0,-1
2026-06-29 15:10:23.279,202.2691,False,33.25902,0.8215644,-21.99908,0,0,0,1,0,0,1,False,-1,-1,0,0,0,-1
2026-06-29 15:10:23.322,202.312,False,33.25887,0.8216297,-21.999,0,0,0,1,0,0,1,False,-1,-1,0,0,0,-1
2026-06-29 15:10:23.355,202.346,False,33.25901,0.8215641,-21.99907,0,0,0,1,0,0,1,False,-1,-1,0,0,0,-1
2026-06-29 15:10:23.399,202.3901,False,33.25902,0.821575,-21.99905,0,0,0,1,0,0,1,False,-1,-1,0,0,0,-1
2026-06-29 15:10:23.433,202.4244,False,33.259,0.8215382,-21.99905,0,0,0,1,0,0,1,False,-1,-1,0,0,0,-1
2026-06-29 15:10:23.477,202.4673,False,33.25906,0.8216078,-21.99898,0,0,0,1,0,0,1,False,-1,-1,0,0,0,-1
2026-06-29 15:10:23.511,202.5011,False,33.25906,0.8216056,-21.99904,0,0,0,1,0,0,1,False,-1,-1,0,0,0,-1
2026-06-29 15:10:23.544,202.5345,False,33.25917,0.8215301,-21.99919,0,0,0,1,0,0,1,False,-1,-1,0,0,0,-1
2026-06-29 15:10:23.578,202.5684,False,33.25917,0.82157,-21.99909,0,0,0,1,0,0,1,False,-1,-1,0,0,0,-1
2026-06-29 15:10:23.621,202.6118,False,33.25885,0.821627,-21.99899,0,0,0,1,0,0,1,False,-1,-1,0,0,0,-1
2026-06-29 15:10:23.655,202.6453,False,33.25882,0.8217319,-21.99898,0,0,0,1,0,0,1,False,-1,-1,0,0,0,-1
2026-06-29 15:10:23.688,202.679,False,33.25876,0.8217919,-21.99897,0,0,0,1,0,0,1,False,-1,-1,0,0,0,-1
2026-06-29 15:10:23.722,202.7126,False,33.25887,0.8216709,-21.99895,0,0,0,1,0,0,1,False,-1,-1,0,0,0,-1
2026-06-29 15:10:23.766,202.7568,False,33.25896,0.8216513,-21.99903,0,0,0,1,0,0,1,False,-1,-1,0,0,0,-1
2026-06-29 15:10:23.810,202.8006,False,33.25896,0.82161,-21.9991,0,0,0,1,0,0,1,False,-1,-1,0,0,0,-1
2026-06-29 15:10:23.844,202.8342,False,33.25907,0.8215883,-21.99907,0,0,0,1,0,0,1,False,-1,-1,0,0,0,-1
2026-06-29 15:10:23.889,202.8791,False,33.25903,0.8215728,-21.99899,0,0,0,1,0,0,1,False,-1,-1,0,0,0,-1
2026-06-29 15:10:23.932,202.923,False,33.25889,0.8217133,-21.99904,0,0,0,1,0,0,1,False,-1,-1,0,0,0,-1
2026-06-29 15:10:23.977,202.9673,False,33.25911,0.8216344,-21.99912,0,0,0,1,0,0,1,False,-1,-1,0,0,0,-1
2026-06-29 15:10:24.011,203.0013,False,33.25917,0.8215867,-21.99918,0,0,0,1,0,0,1,False,-1,-1,0,0,0,-1
2026-06-29 15:10:24.055,203.0449,False,33.25913,0.8216482,-21.99912,0,0,0,1,0,0,1,False,-1,-1,0,0,0,-1
2026-06-29 15:10:24.099,203.0896,False,33.25912,0.8215918,-21.99921,0,0,0,1,0,0,1,False,-1,-1,0,0,0,-1
2026-06-29 15:10:24.133,203.1231,False,33.25908,0.821541,-21.9992,0,0,0,1,0,0,1,False,-1,-1,0,0,0,-1
2026-06-29 15:10:24.167,203.157,False,33.25901,0.8215857,-21.99926,0,0,0,1,0,0,1,False,-1,-1,0,0,0,-1
2026-06-29 15:10:24.211,203.2009,False,33.25918,0.8214928,-21.99921,0,0,0,1,0,0,1,False,-1,-1,0,0,0,-1
2026-06-29 15:10:24.244,203.2346,False,33.25906,0.8215566,-21.99907,0,0,0,1,0,0,1,False,-1,-1,0,0,0,-1
2026-06-29 15:10:24.288,203.2782,False,33.25886,0.8216195,-21.99895,0,0,0,1,0,0,1,False,-1,-1,0,0,0,-1
2026-06-29 15:10:24.333,203.3227,False,33.25889,0.8215845,-21.999,0,0,0,1,0,0,1,False,-1,-1,0,0,0,-1
2026-06-29 15:10:24.366,203.3568,False,33.25886,0.8216077,-21.99906,0,0,0,1,0,0,1,False,-1,-1,0,0,0,-1
2026-06-29 15:10:24.410,203.4006,False,33.25898,0.8216793,-21.99896,0,0,0,1,0,0,1,False,-1,-1,0,0,0,-1
2026-06-29 15:10:24.444,203.4345,False,33.25908,0.8216506,-21.99905,0,0,0,1,0,0,1,False,-1,-1,0,0,0,-1
2026-06-29 15:10:24.478,203.4685,False,33.25909,0.8215322,-21.99904,0,0,0,1,0,0,1,False,-1,-1,0,0,0,-1
2026-06-29 15:10:24.521,203.5123,False,33.25903,0.8215243,-21.99898,0,0,0,1,0,0,1,False,-1,-1,0,0,0,-1
2026-06-29 15:10:24.566,203.5562,False,33.25911,0.8214796,-21.99893,0,0,0,1,0,0,1,False,-1,-1,0,0,0,-1
2026-06-29 15:10:24.599,203.5896,False,33.25901,0.8215665,-21.9989,0,0,0,1,0,0,1,False,-1,-1,0,0,0,-1
2026-06-29 15:10:24.632,203.623,False,33.25913,0.8215849,-21.99902,0,0,0,1,0,0,1,False,-1,-1,0,0,0,-1
2026-06-29 15:10:24.677,203.6675,False,33.2591,0.8216211,-21.99899,0,0,0,1,0,0,1,False,-1,-1,0,0,0,-1
2026-06-29 15:10:24.721,203.7116,False,33.25909,0.8216404,-21.99873,0,0,0,1,0,0,1,False,-1,-1,0,0,0,-1
2026-06-29 15:10:24.756,203.7457,False,33.25912,0.8216312,-21.99879,0,0,0,1,0,0,1,False,-1,-1,0,0,0,-1
2026-06-29 15:10:24.800,203.79,False,33.25898,0.8216476,-21.99892,0,0,0,1,0,0,1,False,-1,-1,0,0,0,-1
2026-06-29 15:10:24.843,203.8336,False,33.259,0.8216838,-21.99895,0,0,0,1,0,0,1,False,-1,-1,0,0,0,-1
2026-06-29 15:10:24.876,203.867,False,33.25909,0.8216594,-21.99885,0,0,0,1,0,0,1,False,-1,-1,0,0,0,-1
2026-06-29 15:10:24.910,203.9006,False,33.25908,0.821637,-21.9988,0,0,0,1,0,0,1,False,-1,-1,0,0,0,-1
2026-06-29 15:10:24.954,203.9445,False,33.2592,0.8215682,-21.99903,0,0,0,1,0,0,1,False,-1,-1,0,0,0,-1
2026-06-29 15:10:24.988,203.9781,False,33.25915,0.8216268,-21.99905,0,0,0,1,0,0,1,False,-1,-1,0,0,0,-1
2026-06-29 15:10:25.034,204.0238,False,33.25907,0.8217437,-21.99886,0,0,0,1,0,0,1,False,-1,-1,0,0,0,-1
2026-06-29 15:10:25.077,204.0677,False,33.25898,0.8216733,-21.99896,0,0,0,1,0,0,1,False,-1,-1,0,0,0,-1
2026-06-29 15:10:25.120,204.111,False,33.25896,0.8217724,-21.99906,0,0,0,1,0,0,1,False,-1,-1,0,0,0,-1
2026-06-29 15:10:25.154,204.1446,False,33.25906,0.8217022,-21.99884,0,0,0,1,0,0,1,False,-1,-1,0,0,0,-1
2026-06-29 15:10:25.199,204.1892,False,33.25906,0.8216913,-21.99872,0,0,0,1,0,0,1,False,-1,-1,0,0,0,-1
2026-06-29 15:10:25.243,204.2333,False,33.25923,0.8216748,-21.99892,0,0,0,1,0,0,1,False,-1,-1,0,0,0,-1
2026-06-29 15:10:25.278,204.2676,False,33.25925,0.8215973,-21.99902,0,0,0,1,0,0,1,False,-1,-1,0,0,0,-1
2026-06-29 15:10:25.321,204.3112,False,33.25931,0.8215868,-21.99882,0,0,0,1,0,0,1,False,-1,-1,0,0,0,-1
2026-06-29 15:10:25.364,204.3554,False,33.25929,0.8214566,-21.99875,0,0,0,1,0,0,1,False,-1,-1,0,0,0,-1
2026-06-29 15:10:25.399,204.3894,False,33.25919,0.8215179,-21.99876,0,0,0,1,0,0,1,False,-1,-1,0,0,0,-1
2026-06-29 15:10:25.443,204.4335,False,33.25925,0.821638,-21.99883,0,0,0,1,0,0,1,False,-1,-1,0,0,0,-1
2026-06-29 15:10:25.487,204.4776,False,33.25919,0.8216184,-21.99878,0,0,0,1,0,0,1,False,-1,-1,0,0,0,-1
2026-06-29 15:10:25.522,204.5122,False,33.259,0.8216814,-21.99865,0,0,0,1,0,0,1,False,-1,-1,0,0,0,-1
2026-06-29 15:10:25.565,204.5556,False,33.25894,0.8217696,-21.99868,0,0,0,1,0,0,1,False,-1,-1,0,0,0,-1
2026-06-29 15:10:25.610,204.6003,False,33.25911,0.8216268,-21.99873,0,0,0,1,0,0,1,False,-1,-1,0,0,0,-1
2026-06-29 15:10:25.654,204.6447,False,33.25914,0.8216396,-21.99864,0,0,0,1,0,0,1,False,-1,-1,0,0,0,-1
2026-06-29 15:10:25.698,204.6885,False,33.25905,0.8216802,-21.99871,0,0,0,1,0,0,1,False,-1,-1,0,0,0,-1
2026-06-29 15:10:25.732,204.7226,False,33.25912,0.8216627,-21.99883,0,0,0,1,0,0,1,False,-1,-1,0,0,0,-1
2026-06-29 15:10:25.777,204.7667,False,33.25919,0.8216985,-21.99886,0,0,0,1,0,0,1,False,-1,-1,0,0,0,-1
2026-06-29 15:10:25.820,204.8106,False,33.25911,0.8217214,-21.99888,0,0,0,1,0,0,1,False,-1,-1,0,0,0,-1
2026-06-29 15:10:25.865,204.8553,False,33.25905,0.8216721,-21.99885,0,0,0,1,0,0,1,False,-1,-1,0,0,0,-1
2026-06-29 15:10:25.910,204.9001,False,33.25913,0.8216658,-21.99878,0,0,0,1,0,0,1,False,-1,-1,0,0,0,-1
2026-06-29 15:10:25.954,204.9445,False,33.25924,0.8217086,-21.99873,0,0,0,1,0,0,1,False,-1,-1,0,0,0,-1
2026-06-29 15:10:25.988,204.9785,False,33.25936,0.8215786,-21.99879,0,0,0,1,0,0,1,False,-1,-1,0,0,0,-1
2026-06-29 15:10:26.032,205.0222,False,33.25924,0.8216336,-21.99866,0,0,0,1,0,0,1,False,-1,-1,0,0,0,-1
2026-06-29 15:10:26.076,205.0669,False,33.25914,0.821776,-21.99868,0,0,0,1,0,0,1,False,-1,-1,0,0,0,-1
2026-06-29 15:10:26.120,205.111,False,33.25928,0.8217272,-21.99875,0,0,0,1,0,0,1,False,-1,-1,0,0,0,-1
2026-06-29 15:10:26.154,205.1446,False,33.25924,0.8215033,-21.99878,0,0,0,1,0,0,1,False,-1,-1,0,0,0,-1
2026-06-29 15:10:26.188,205.1781,False,33.25927,0.8214806,-21.99875,0,0,0,1,0,0,1,False,-1,-1,0,0,0,-1
2026-06-29 15:10:26.232,205.222,False,33.25934,0.8214971,-21.99871,0,0,0,1,0,0,1,False,-1,-1,0,0,0,-1
2026-06-29 15:10:26.275,205.2663,False,33.25941,0.8214766,-21.99878,0,0,0,1,0,0,1,False,-1,-1,0,0,0,-1
2026-06-29 15:10:26.311,205.3008,False,33.25937,0.8214977,-21.99874,0,0,0,1,0,0,1,False,-1,-1,0,0,0,-1
2026-06-29 15:10:26.353,205.3438,False,33.25927,0.8215668,-21.99874,0,0,0,1,0,0,1,False,-1,-1,0,0,0,-1
2026-06-29 15:10:26.386,205.3772,False,33.25916,0.8216906,-21.99869,0,0,0,1,0,0,1,False,-1,-1,0,0,0,-1
2026-06-29 15:10:26.421,205.4115,False,33.25915,0.8216658,-21.99869,0,0,0,1,0,0,1,False,-1,-1,0,0,0,-1
2026-06-29 15:10:26.465,205.4551,False,33.25914,0.8215488,-21.99874,0,0,0,1,0,0,1,False,-1,-1,0,0,0,-1
2026-06-29 15:10:26.498,205.489,False,33.25905,0.8214735,-21.99866,0,0,0,1,0,0,1,False,-1,-1,0,0,0,-1
2026-06-29 15:10:26.543,205.5332,False,33.25907,0.8215193,-21.99861,0,0,0,1,0,0,1,False,-1,-1,0,0,0,-1
2026-06-29 15:10:26.576,205.5669,False,33.25931,0.8214762,-21.99873,0,0,0,1,0,0,1,False,-1,-1,0,0,0,-1
2026-06-29 15:10:26.621,205.6107,False,33.25935,0.8215127,-21.99879,0,0,0,1,0,0,1,False,-1,-1,0,0,0,-1
2026-06-29 15:10:26.654,205.6442,False,33.25942,0.8214707,-21.99866,0,0,0,1,0,0,1,False,-1,-1,0,0,0,-1
2026-06-29 15:10:26.698,205.6883,False,33.25928,0.8214878,-21.99861,0,0,0,1,0,0,1,False,-1,-1,0,0,0,-1
2026-06-29 15:10:26.743,205.7334,False,33.25919,0.821556,-21.99874,0,0,0,1,0,0,1,False,-1,-1,0,0,0,-1
2026-06-29 15:10:26.787,205.7778,False,33.25924,0.8216525,-21.99863,0,0,0,1,0,0,1,False,-1,-1,0,0,0,-1
2026-06-29 15:10:26.832,205.822,False,33.25909,0.821799,-21.99864,0,0,0,1,0,0,1,False,-1,-1,0,0,0,-1
2026-06-29 15:10:26.876,205.8661,False,33.25926,0.8217825,-21.99862,0,0,0,1,0,0,1,False,-1,-1,0,0,0,-1
2026-06-29 15:10:26.919,205.9101,False,33.25919,0.8217069,-21.9987,0,0,0,1,0,0,1,False,-1,-1,0,0,0,-1
2026-06-29 15:10:26.953,205.9436,False,33.2592,0.8216817,-21.99877,0,0,0,1,0,0,1,False,-1,-1,0,0,0,-1
2026-06-29 15:10:26.987,205.9769,False,33.2592,0.8216752,-21.99875,0,0,0,1,0,0,1,False,-1,-1,0,0,0,-1
2026-06-29 15:10:27.020,206.0108,False,33.25914,0.8217056,-21.99889,0,0,0,1,0,0,1,False,-1,-1,0,0,0,-1
2026-06-29 15:10:27.064,206.0547,False,33.25917,0.8217447,-21.99868,0,0,0,1,0,0,1,False,-1,-1,0,0,0,-1
2026-06-29 15:10:27.099,206.089,False,33.2592,0.8217756,-21.99862,0,0,0,1,0,0,1,False,-1,-1,0,0,0,-1
2026-06-29 15:10:27.142,206.1326,False,33.25933,0.8216616,-21.99866,0,0,0,1,0,0,1,False,-1,-1,0,0,0,-1
2026-06-29 15:10:27.176,206.1661,False,33.25925,0.8215363,-21.99872,0,0,0,1,0,0,1,False,-1,-1,0,0,0,-1
2026-06-29 15:10:27.220,206.2104,False,33.25925,0.8216004,-21.99862,0,0,0,1,0,0,1,False,-1,-1,0,0,0,-1
2026-06-29 15:10:27.263,206.2545,False,33.25943,0.821524,-21.99874,0,0,0,1,0,0,1,False,-1,-1,0,0,0,-1
2026-06-29 15:10:27.298,206.2879,False,33.25945,0.8214666,-21.99869,0,0,0,1,0,0,1,False,-1,-1,0,0,0,-1
2026-06-29 15:10:27.333,206.3228,False,33.25922,0.8216081,-21.99868,0,0,0,1,0,0,1,False,-1,-1,0,0,0,-1
2026-06-29 15:10:27.376,206.366,False,33.25895,0.8216762,-21.99876,0,0,0,1,0,0,1,False,-1,-1,0,0,0,-1
2026-06-29 15:10:27.419,206.41,False,33.25906,0.8216184,-21.99867,0,0,0,1,0,0,1,False,-1,-1,0,0,0,-1
2026-06-29 15:10:27.453,206.4435,False,33.25945,0.8215188,-21.99857,0,0,0,1,0,0,1,False,-1,-1,0,0,0,-1
2026-06-29 15:10:27.487,206.4771,False,33.25935,0.8215501,-21.99859,0,0,0,1,0,0,1,False,-1,-1,0,0,0,-1
2026-06-29 15:10:27.520,206.5107,False,33.25932,0.8216514,-21.99862,0,0,0,1,0,0,1,False,-1,-1,0,0,0,-1
2026-06-29 15:10:27.564,206.5548,False,33.25923,0.8216352,-21.99875,0,0,0,1,0,0,1,False,-1,-1,0,0,0,-1
2026-06-29 15:10:27.598,206.5888,False,33.25917,0.8215174,-21.99875,0,0,0,1,0,0,1,False,-1,-1,0,0,0,-1
2026-06-29 15:10:27.632,206.6223,False,33.25908,0.8216788,-21.99862,0,0,0,1,0,0,1,False,-1,-1,0,0,0,-1
2026-06-29 15:10:27.676,206.666,False,33.25902,0.8217216,-21.99851,0,0,0,1,0,0,1,False,-1,-1,0,0,0,-1
2026-06-29 15:10:27.720,206.7101,False,33.25927,0.8217173,-21.99852,0,0,0,1,0,0,1,False,-1,-1,0,0,0,-1
2026-06-29 15:10:27.764,206.7544,False,33.25919,0.8218282,-21.99854,0,0,0,1,0,0,1,False,-1,-1,0,0,0,-1
2026-06-29 15:10:27.797,206.7878,False,33.25914,0.8218252,-21.99864,0,0,0,1,0,0,1,False,-1,-1,0,0,0,-1
2026-06-29 15:10:27.833,206.8228,False,33.25904,0.8219076,-21.99867,0,0,0,1,0,0,1,False,-1,-1,0,0,0,-1
2026-06-29 15:10:27.875,206.8657,False,33.25916,0.8217498,-21.99865,0,0,0,1,0,0,1,False,-1,-1,0,0,0,-1
2026-06-29 15:10:27.919,206.9097,False,33.25925,0.8217089,-21.99857,0,0,0,1,0,0,1,False,-1,-1,0,0,0,-1
2026-06-29 15:10:27.964,206.9541,False,33.25937,0.8216977,-21.99863,0,0,0,1,0,0,1,False,-1,-1,0,0,0,-1
2026-06-29 15:10:27.998,206.9884,False,33.25927,0.8216285,-21.99865,0,0,0,1,0,0,1,False,-1,-1,0,0,0,-1
2026-06-29 15:10:28.032,207.0219,False,33.25918,0.8216981,-21.99869,0,0,0,1,0,0,1,False,-1,-1,0,0,0,-1
2026-06-29 15:10:28.074,207.0652,False,33.25919,0.821705,-21.99873,0,0,0,1,0,0,1,False,-1,-1,0,0,0,-1
2026-06-29 15:10:28.107,207.099,False,33.25919,0.821685,-21.99873,0,0,0,1,0,0,1,False,-1,-1,0,0,0,-1
2026-06-29 15:10:28.152,207.1431,False,33.25906,0.8217627,-21.9985,0,0,0,1,0,0,1,False,-1,-1,0,0,0,-1
2026-06-29 15:10:28.186,207.1765,False,33.25906,0.8217193,-21.9987,0,0,0,1,0,0,1,False,-1,-1,0,0,0,-1
2026-06-29 15:10:28.230,207.221,False,33.2592,0.8216454,-21.99867,0,0,0,1,0,0,1,False,-1,-1,0,0,0,-1
2026-06-29 15:10:28.276,207.2656,False,33.25916,0.8216813,-21.99855,0,0,0,1,0,0,1,False,-1,-1,0,0,0,-1
2026-06-29 15:10:28.319,207.3098,False,33.25936,0.8217142,-21.99863,0,0,0,1,0,0,1,False,-1,-1,0,0,0,-1
2026-06-29 15:10:28.365,207.3555,False,33.2593,0.8217448,-21.99857,0,0,0,1,0,0,1,False,-1,-1,0,0,0,-1
2026-06-29 15:10:28.407,207.3983,False,33.25919,0.8216941,-21.99858,0,0,0,1,0,0,1,False,-1,-1,0,0,0,-1
2026-06-29 15:10:28.441,207.4325,False,33.2592,0.8217274,-21.99848,0,0,0,1,0,0,1,False,-1,-1,0,0,0,-1
2026-06-29 15:10:28.485,207.4765,False,33.25915,0.8216503,-21.99851,0,0,0,1,0,0,1,False,-1,-1,0,0,0,-1
2026-06-29 15:10:28.530,207.5212,False,33.25912,0.8216879,-21.99857,0,0,0,1,0,0,1,False,-1,-1,0,0,0,-1
2026-06-29 15:10:28.564,207.555,False,33.25935,0.8216878,-21.99845,0,0,0,1,0,0,1,False,-1,-1,0,0,0,-1
2026-06-29 15:10:28.608,207.5986,False,33.25928,0.8217759,-21.99854,0,0,0,1,0,0,1,False,-1,-1,0,0,0,-1
2026-06-29 15:10:28.643,207.6335,False,33.25943,0.8217337,-21.99863,0,0,0,1,0,0,1,False,-1,-1,0,0,0,-1
2026-06-29 15:10:28.685,207.6762,False,33.25932,0.8217186,-21.99869,0,0,0,1,0,0,1,False,-1,-1,0,0,0,-1
2026-06-29 15:10:28.730,207.7208,False,33.25945,0.8216852,-21.9987,0,0,0,1,0,0,1,False,-1,-1,0,0,0,-1
2026-06-29 15:10:28.774,207.7647,False,33.2594,0.8215783,-21.99859,0,0,0,1,0,0,1,False,-1,-1,0,0,0,-1
2026-06-29 15:10:28.807,207.7982,False,33.25925,0.8216143,-21.9985,0,0,0,1,0,0,1,False,-1,-1,0,0,0,-1
2026-06-29 15:10:28.841,207.8321,False,33.25933,0.8216065,-21.99851,0,0,0,1,0,0,1,False,-1,-1,0,0,0,-1
2026-06-29 15:10:28.886,207.8758,False,33.25928,0.8216141,-21.99842,0,0,0,1,0,0,1,False,-1,-1,0,0,0,-1
2026-06-29 15:10:28.919,207.9092,False,33.25939,0.8215901,-21.99843,0,0,0,1,0,0,1,False,-1,-1,0,0,0,-1
2026-06-29 15:10:28.952,207.9426,False,33.25934,0.8216555,-21.99852,0,0,0,1,0,0,1,False,-1,-1,0,0,0,-1
2026-06-29 15:10:28.986,207.976,False,33.25948,0.8215412,-21.99862,0,0,0,1,0,0,1,False,-1,-1,0,0,0,-1
2026-06-29 15:10:29.019,208.0095,False,33.25944,0.821528,-21.99851,0,0,0,1,0,0,1,False,-1,-1,0,0,0,-1
2026-06-29 15:10:29.052,208.0429,False,33.25934,0.8215497,-21.99838,0,0,0,1,0,0,1,False,-1,-1,0,0,0,-1
2026-06-29 15:10:29.098,208.0883,False,33.25924,0.8215887,-21.99843,0,0,0,1,0,0,1,False,-1,-1,0,0,0,-1
2026-06-29 15:10:29.142,208.1318,False,33.25911,0.821619,-21.9984,0,0,0,1,0,0,1,False,-1,-1,0,0,0,-1
2026-06-29 15:10:29.186,208.176,False,33.25917,0.8215743,-21.99854,0,0,0,1,0,0,1,False,-1,-1,0,0,0,-1
2026-06-29 15:10:29.219,208.2095,False,33.25932,0.8216081,-21.99854,0,0,0,1,0,0,1,False,-1,-1,0,0,0,-1
2026-06-29 15:10:29.264,208.2542,False,33.25948,0.8215645,-21.99846,0,0,0,1,0,0,1,False,-1,-1,0,0,0,-1
2026-06-29 15:10:29.308,208.2985,False,33.25955,0.8216135,-21.99852,0,0,0,1,0,0,1,False,-1,-1,0,0,0,-1
2026-06-29 15:10:29.352,208.3426,False,33.25927,0.8217295,-21.99844,0,0,0,1,0,0,1,False,-1,-1,0,0,0,-1
2026-06-29 15:10:29.386,208.3764,False,33.25923,0.8217292,-21.99845,0,0,0,1,0,0,1,False,-1,-1,0,0,0,-1
2026-06-29 15:10:29.430,208.4205,False,33.25924,0.8218318,-21.99853,0,0,0,1,0,0,1,False,-1,-1,0,0,0,-1
2026-06-29 15:10:29.464,208.4543,False,33.25948,0.8217729,-21.9985,0,0,0,1,0,0,1,False,-1,-1,0,0,0,-1
2026-06-29 15:10:29.508,208.4985,False,33.25951,0.8217508,-21.9985,0,0,0,1,0,0,1,False,-1,-1,0,0,0,-1
2026-06-29 15:10:29.552,208.5422,False,33.25937,0.8218355,-21.99856,0,0,0,1,0,0,1,False,-1,-1,0,0,0,-1
2026-06-29 15:10:29.586,208.576,False,33.25928,0.8217314,-21.99858,0,0,0,1,0,0,1,False,-1,-1,0,0,0,-1
2026-06-29 15:10:29.630,208.6201,False,33.25926,0.8217144,-21.9985,0,0,0,1,0,0,1,False,-1,-1,0,0,0,-1
2026-06-29 15:10:29.663,208.6543,False,33.25918,0.8216926,-21.99845,0,0,0,1,0,0,1,False,-1,-1,0,0,0,-1
2026-06-29 15:10:29.698,208.6879,False,33.25929,0.8216385,-21.99852,0,0,0,1,0,0,1,False,-1,-1,0,0,0,-1
2026-06-29 15:10:29.741,208.731,False,33.25955,0.8215505,-21.99842,0,0,0,1,0,0,1,False,-1,-1,0,0,0,-1
2026-06-29 15:10:29.785,208.7754,False,33.25951,0.8216239,-21.99849,0,0,0,1,0,0,1,False,-1,-1,0,0,0,-1
2026-06-29 15:10:29.819,208.8088,False,33.25957,0.8215077,-21.99847,0,0,0,1,0,0,1,False,-1,-1,0,0,0,-1
2026-06-29 15:10:29.852,208.8424,False,33.25938,0.8214611,-21.99851,0,0,0,1,0,0,1,False,-1,-1,0,0,0,-1
2026-06-29 15:10:29.885,208.8764,False,33.25933,0.8215095,-21.99855,0,0,0,1,0,0,1,False,-1,-1,0,0,0,-1
2026-06-29 15:10:29.930,208.92,False,33.25928,0.8214377,-21.99866,0,0,0,1,0,0,1,False,-1,-1,0,0,0,-1
2026-06-29 15:10:29.963,208.954,False,33.25924,0.8216335,-21.99854,0,0,0,1,0,0,1,False,-1,-1,0,0,0,-1
2026-06-29 15:10:30.007,208.9977,False,33.25926,0.8216288,-21.99845,0,0,0,1,0,0,1,False,-1,-1,0,0,0,-1
2026-06-29 15:10:30.040,209.0312,False,33.25932,0.8216472,-21.9984,0,0,0,1,0,0,1,False,-1,-1,0,0,0,-1
2026-06-29 15:10:30.074,209.0648,False,33.25937,0.8215775,-21.9985,0,0,0,1,0,0,1,False,-1,-1,0,0,0,-1
2026-06-29 15:10:30.119,209.1093,False,33.25953,0.8215401,-21.99851,0,0,0,1,0,0,1,False,-1,-1,0,0,0,-1
2026-06-29 15:10:30.162,209.1536,False,33.25959,0.8214875,-21.99846,0,0,0,1,0,0,1,False,-1,-1,0,0,0,-1
2026-06-29 15:10:30.207,209.1978,False,33.25934,0.821503,-21.99848,0,0,0,1,0,0,1,False,-1,-1,0,0,0,-1
2026-06-29 15:10:30.251,209.2418,False,33.2594,0.8214401,-21.99853,0,0,0,1,0,0,1,False,-1,-1,0,0,0,-1
2026-06-29 15:10:30.285,209.2753,False,33.2594,0.8215732,-21.99839,0,0,0,1,0,0,1,False,-1,-1,0,0,0,-1
2026-06-29 15:10:30.318,209.3087,False,33.25927,0.8215892,-21.99828,0,0,0,1,0,0,1,False,-1,-1,0,0,0,-1
2026-06-29 15:10:30.363,209.3534,False,33.25946,0.8215776,-21.99839,0,0,0,1,0,0,1,False,-1,-1,0,0,0,-1
2026-06-29 15:10:30.396,209.3875,False,33.25948,0.821516,-21.9984,0,0,0,1,0,0,1,False,-1,-1,0,0,0,-1
2026-06-29 15:10:30.442,209.4326,False,33.25941,0.8215433,-21.99836,0,0,0,1,0,0,1,False,-1,-1,0,0,0,-1
2026-06-29 15:10:30.484,209.4753,False,33.25943,0.8215851,-21.99831,0,0,0,1,0,0,1,False,-1,-1,0,0,0,-1
2026-06-29 15:10:30.517,209.5086,False,33.25937,0.8216297,-21.99838,0,0,0,1,0,0,1,False,-1,-1,0,0,0,-1
2026-06-29 15:10:30.563,209.5532,False,33.25959,0.8215777,-21.99856,0,0,0,1,0,0,1,False,-1,-1,0,0,0,-1
2026-06-29 15:10:30.595,209.5865,False,33.2597,0.8214498,-21.9985,0,0,0,1,0,0,1,False,-1,-1,0,0,0,-1
2026-06-29 15:10:30.630,209.6201,False,33.25959,0.821687,-21.99841,0,0,0,1,0,0,1,False,-1,-1,0,0,0,-1
2026-06-29 15:10:30.674,209.6641,False,33.2594,0.8216564,-21.99833,0,0,0,1,0,0,1,False,-1,-1,0,0,0,-1
2026-06-29 15:10:30.718,209.7085,False,33.25933,0.8217679,-21.99845,0,0,0,1,0,0,1,False,-1,-1,0,0,0,-1
2026-06-29 15:10:30.753,209.7437,False,33.25937,0.8216756,-21.99842,0,0,0,1,0,0,1,False,-1,-1,0,0,0,-1
2026-06-29 15:10:30.796,209.786,False,33.25935,0.8216069,-21.99829,0,0,0,1,0,0,1,False,-1,-1,0,0,0,-1
2026-06-29 15:10:30.829,209.8198,False,33.2593,0.8216369,-21.99833,0,0,0,1,0,0,1,False,-1,-1,0,0,0,-1
2026-06-29 15:10:30.872,209.8636,False,33.25916,0.8217606,-21.99839,0,0,0,1,0,0,1,False,-1,-1,0,0,0,-1
2026-06-29 15:10:30.907,209.8984,False,33.25929,0.8217321,-21.99837,0,0,0,1,0,0,1,False,-1,-1,0,0,0,-1
2026-06-29 15:10:30.951,209.9416,False,33.2595,0.821527,-21.99833,0,0,0,1,0,0,1,False,-1,-1,0,0,0,-1
2026-06-29 15:10:30.985,209.975,False,33.25949,0.8215364,-21.99831,0,0,0,1,0,0,1,False,-1,-1,0,0,0,-1
2026-06-29 15:10:31.018,210.0084,False,33.25959,0.8215773,-21.99825,0,0,0,1,0,0,1,False,-1,-1,0,0,0,-1
2026-06-29 15:10:31.063,210.053,False,33.25955,0.8215522,-21.99835,0,0,0,1,0,0,1,False,-1,-1,0,0,0,-1
2026-06-29 15:10:31.095,210.0866,False,33.2596,0.8214473,-21.99842,0,0,0,1,0,0,1,False,-1,-1,0,0,0,-1
2026-06-29 15:10:31.141,210.131,False,33.25953,0.8215305,-21.9983,0,0,0,1,0,0,1,False,-1,-1,0,0,0,-1
2026-06-29 15:10:31.184,210.175,False,33.25944,0.8214991,-21.99821,0,0,0,1,0,0,1,False,-1,-1,0,0,0,-1
2026-06-29 15:10:31.218,210.2084,False,33.25942,0.8215737,-21.99836,0,0,0,1,0,0,1,False,-1,-1,0,0,0,-1
2026-06-29 15:10:31.252,210.2417,False,33.25925,0.8216493,-21.99826,0,0,0,1,0,0,1,False,-1,-1,0,0,0,-1
2026-06-29 15:10:31.296,210.2861,False,33.2593,0.8216277,-21.99819,0,0,0,1,0,0,1,False,-1,-1,0,0,0,-1
2026-06-29 15:10:31.329,210.3197,False,33.25929,0.8215475,-21.99821,0,0,0,1,0,0,1,False,-1,-1,0,0,0,-1
2026-06-29 15:10:31.374,210.3641,False,33.25925,0.8215883,-21.99818,0,0,0,1,0,0,1,False,-1,-1,0,0,0,-1
2026-06-29 15:10:31.419,210.4091,False,33.25942,0.8215849,-21.99828,0,0,0,1,0,0,1,False,-1,-1,0,0,0,-1
2026-06-29 15:10:31.452,210.4425,False,33.25955,0.8215286,-21.99833,0,0,0,1,0,0,1,False,-1,-1,0,0,0,-1
2026-06-29 15:10:31.496,210.4858,False,33.25964,0.8215442,-21.99817,0,0,0,1,0,0,1,False,-1,-1,0,0,0,-1
2026-06-29 15:10:31.530,210.5198,False,33.25945,0.8217165,-21.99825,0,0,0,1,0,0,1,False,-1,-1,0,0,0,-1
2026-06-29 15:10:31.563,210.5533,False,33.25957,0.8216928,-21.99849,0,0,0,1,0,0,1,False,-1,-1,0,0,0,-1
2026-06-29 15:10:31.607,210.5973,False,33.25957,0.8215433,-21.99838,0,0,0,1,0,0,1,False,-1,-1,0,0,0,-1
2026-06-29 15:10:31.650,210.6412,False,33.25951,0.8216003,-21.99823,0,0,0,1,0,0,1,False,-1,-1,0,0,0,-1
2026-06-29 15:10:31.684,210.675,False,33.2595,0.8215409,-21.99837,0,0,0,1,0,0,1,False,-1,-1,0,0,0,-1
2026-06-29 15:10:31.728,210.719,False,33.25955,0.8214514,-21.99832,0,0,0,1,0,0,1,False,-1,-1,0,0,0,-1
2026-06-29 15:10:31.762,210.7535,False,33.25962,0.8214549,-21.99827,0,0,0,1,0,0,1,False,-1,-1,0,0,0,-1
2026-06-29 15:10:31.807,210.7973,False,33.25962,0.8214289,-21.99837,0,0,0,1,0,0,1,False,-1,-1,0,0,0,-1
2026-06-29 15:10:31.851,210.8412,False,33.25949,0.8215093,-21.99829,0,0,0,1,0,0,1,False,-1,-1,0,0,0,-1
2026-06-29 15:10:31.883,210.8745,False,33.25958,0.8214759,-21.99826,0,0,0,1,0,0,1,False,-1,-1,0,0,0,-1
2026-06-29 15:10:31.919,210.9084,False,33.25964,0.8214819,-21.99814,0,0,0,1,0,0,1,False,-1,-1,0,0,0,-1
2026-06-29 15:10:31.962,210.9526,False,33.2597,0.8214932,-21.99806,0,0,0,1,0,0,1,False,-1,-1,0,0,0,-1
2026-06-29 15:10:32.006,210.9967,False,33.25969,0.8215006,-21.99821,0,0,0,1,0,0,1,False,-1,-1,0,0,0,-1
2026-06-29 15:10:32.039,211.0301,False,33.25947,0.8216214,-21.99828,0,0,0,1,0,0,1,False,-1,-1,0,0,0,-1
2026-06-29 15:10:32.074,211.0636,False,33.25941,0.8217113,-21.99818,0,0,0,1,0,0,1,False,-1,-1,0,0,0,-1
2026-06-29 15:10:32.117,211.1078,False,33.25931,0.8217834,-21.9982,0,0,0,1,0,0,1,False,-1,-1,0,0,0,-1
2026-06-29 15:10:32.151,211.1415,False,33.25956,0.8217026,-21.99827,0,0,0,1,0,0,1,False,-1,-1,0,0,0,-1
2026-06-29 15:10:32.197,211.1868,False,33.25959,0.8217442,-21.99837,0,0,0,1,0,0,1,False,-1,-1,0,0,0,-1
2026-06-29 15:10:32.238,211.2299,False,33.25954,0.8216802,-21.99842,0,0,0,1,0,0,1,False,-1,-1,0,0,0,-1
2026-06-29 15:10:32.273,211.2642,False,33.25959,0.8216693,-21.99845,0,0,0,1,0,0,1,False,-1,-1,0,0,0,-1
2026-06-29 15:10:32.306,211.2977,False,33.25969,0.8215903,-21.99831,0,0,0,1,0,0,1,False,-1,-1,0,0,0,-1
2026-06-29 15:10:32.351,211.3417,False,33.25987,0.8214844,-21.99843,0,0,0,1,0,0,1,False,-1,-1,0,0,0,-1
2026-06-29 15:10:32.396,211.3861,False,33.2598,0.8215094,-21.99835,0,0,0,1,0,0,1,False,-1,-1,0,0,0,-1
2026-06-29 15:10:32.440,211.4305,False,33.25965,0.8215889,-21.9981,0,0,0,1,0,0,1,False,-1,-1,0,0,0,-1
2026-06-29 15:10:32.474,211.464,False,33.25974,0.8215819,-21.99821,0,0,0,1,0,0,1,False,-1,-1,0,0,0,-1
2026-06-29 15:10:32.518,211.5081,False,33.25966,0.8216397,-21.99823,0,0,0,1,0,0,1,False,-1,-1,0,0,0,-1
2026-06-29 15:10:32.562,211.5523,False,33.25957,0.8217044,-21.99815,0,0,0,1,0,0,1,False,-1,-1,0,0,0,-1
2026-06-29 15:10:32.606,211.5965,False,33.25949,0.8216424,-21.9981,0,0,0,1,0,0,1,False,-1,-1,0,0,0,-1
2026-06-29 15:10:32.650,211.6409,False,33.25949,0.8216025,-21.99829,0,0,0,1,0,0,1,False,-1,-1,0,0,0,-1
2026-06-29 15:10:32.697,211.6867,False,33.25945,0.821523,-21.99815,0,0,0,1,0,0,1,False,-1,-1,0,0,0,-1
2026-06-29 15:10:32.740,211.7296,False,33.25953,0.8215337,-21.99823,0,0,0,1,0,0,1,False,-1,-1,0,0,0,-1
2026-06-29 15:10:32.782,211.7739,False,33.25961,0.8215244,-21.99815,0,0,0,1,0,0,1,False,-1,-1,0,0,0,-1
2026-06-29 15:10:32.819,211.809,False,33.25947,0.8215977,-21.99812,0,0,0,1,0,0,1,False,-1,-1,0,0,0,-1
2026-06-29 15:10:32.861,211.8517,False,33.25938,0.821647,-21.99833,0,0,0,1,0,0,1,False,-1,-1,0,0,0,-1
2026-06-29 15:10:32.906,211.8958,False,33.2594,0.8216155,-21.99821,0,0,0,1,0,0,1,False,-1,-1,0,0,0,-1
2026-06-29 15:10:32.941,211.931,False,33.25972,0.8215195,-21.99819,0,0,0,1,0,0,1,False,-1,-1,0,0,0,-1
2026-06-29 15:10:32.982,211.9738,False,33.25964,0.8215337,-21.99829,0,0,0,1,0,0,1,False,-1,-1,0,0,0,-1
2026-06-29 15:10:33.017,212.0073,False,33.25939,0.8215957,-21.99813,0,0,0,1,0,0,1,False,-1,-1,0,0,0,-1
2026-06-29 15:10:33.060,212.0515,False,33.25943,0.8216965,-21.99811,0,0,0,1,0,0,1,False,-1,-1,0,0,0,-1
2026-06-29 15:10:33.095,212.0854,False,33.25952,0.8216342,-21.99818,0,0,0,1,0,0,1,False,-1,-1,0,0,0,-1
2026-06-29 15:10:33.139,212.1296,False,33.25965,0.8216152,-21.99823,0,0,0,1,0,0,1,False,-1,-1,0,0,0,-1
2026-06-29 15:10:33.173,212.1633,False,33.25961,0.8217409,-21.99812,0,0,0,1,0,0,1,False,-1,-1,0,0,0,-1
2026-06-29 15:10:33.217,212.2074,False,33.25952,0.8217277,-21.99811,0,0,0,1,0,0,1,False,-1,-1,0,0,0,-1
2026-06-29 15:10:33.261,212.2521,False,33.25957,0.8215972,-21.99824,0,0,0,1,0,0,1,False,-1,-1,0,0,0,-1
2026-06-29 15:10:33.306,212.2962,False,33.25962,0.8215725,-21.99811,0,0,0,1,0,0,1,False,-1,-1,0,0,0,-1
2026-06-29 15:10:33.339,212.3295,False,33.25969,0.8214802,-21.99805,0,0,0,1,0,0,1,False,-1,-1,0,0,0,-1
2026-06-29 15:10:33.383,212.3737,False,33.25977,0.8214335,-21.99828,0,0,0,1,0,0,1,False,-1,-1,0,0,0,-1
2026-06-29 15:10:33.416,212.4071,False,33.25962,0.8214938,-21.99821,0,0,0,1,0,0,1,False,-1,-1,0,0,0,-1
2026-06-29 15:10:33.450,212.4411,False,33.25968,0.8215153,-21.99799,0,0,0,1,0,0,1,False,-1,-1,0,0,0,-1
2026-06-29 15:10:33.495,212.4851,False,33.25959,0.8216216,-21.99799,0,0,0,1,0,0,1,False,-1,-1,0,0,0,-1
2026-06-29 15:10:33.529,212.5195,False,33.25947,0.8217294,-21.99816,0,0,0,1,0,0,1,False,-1,-1,0,0,0,-1
2026-06-29 15:10:33.573,212.563,False,33.25948,0.8217553,-21.99818,0,0,0,1,0,0,1,False,-1,-1,0,0,0,-1
2026-06-29 15:10:33.606,212.5965,False,33.25955,0.8217347,-21.99812,0,0,0,1,0,0,1,False,-1,-1,0,0,0,-1
2026-06-29 15:10:33.640,212.6304,False,33.25948,0.821828,-21.99805,0,0,0,1,0,0,1,False,-1,-1,0,0,0,-1
2026-06-29 15:10:33.683,212.6742,False,33.25949,0.8218442,-21.99792,0,0,0,1,0,0,1,False,-1,-1,0,0,0,-1
2026-06-29 15:10:33.727,212.7181,False,33.25958,0.8218256,-21.99797,0,0,0,1,0,0,1,False,-1,-1,0,0,0,-1
2026-06-29 15:10:33.771,212.7625,False,33.25945,0.8218091,-21.99802,0,0,0,1,0,0,1,False,-1,-1,0,0,0,-1
2026-06-29 15:10:33.806,212.7961,False,33.25968,0.8216767,-21.99808,0,0,0,1,0,0,1,False,-1,-1,0,0,0,-1
2026-06-29 15:10:33.850,212.8403,False,33.2596,0.8216251,-21.99817,0,0,0,1,0,0,1,False,-1,-1,0,0,0,-1
2026-06-29 15:10:33.885,212.8749,False,33.25961,0.8215802,-21.99804,0,0,0,1,0,0,1,False,-1,-1,0,0,0,-1
2026-06-29 15:10:33.928,212.9188,False,33.25961,0.8217344,-21.99811,0,0,0,1,0,0,1,False,-1,-1,0,0,0,-1
2026-06-29 15:10:33.974,212.9637,False,33.25964,0.8216071,-21.9981,0,0,0,1,0,0,1,False,-1,-1,0,0,0,-1
2026-06-29 15:10:34.017,213.0069,False,33.25971,0.8216234,-21.99803,0,0,0,1,0,0,1,False,-1,-1,0,0,0,-1
2026-06-29 15:10:34.050,213.0405,False,33.25974,0.8215763,-21.99807,0,0,0,1,0,0,1,False,-1,-1,0,0,0,-1
2026-06-29 15:10:34.095,213.0848,False,33.25971,0.8215986,-21.99801,0,0,0,1,0,0,1,False,-1,-1,0,0,0,-1
2026-06-29 15:10:34.139,213.1294,False,33.25975,0.8215277,-21.99811,0,0,0,1,0,0,1,False,-1,-1,0,0,0,-1
2026-06-29 15:10:34.174,213.164,False,33.25961,0.8216191,-21.99801,0,0,0,1,0,0,1,False,-1,-1,0,0,0,-1
2026-06-29 15:10:34.216,213.207,False,33.25959,0.821602,-21.99804,0,0,0,1,0,0,1,False,-1,-1,0,0,0,-1
2026-06-29 15:10:34.261,213.2514,False,33.25975,0.8214973,-21.99815,0,0,0,1,0,0,1,False,-1,-1,0,0,0,-1
2026-06-29 15:10:34.295,213.2851,False,33.25955,0.8215675,-21.99811,0,0,0,1,0,0,1,False,-1,-1,0,0,0,-1
2026-06-29 15:10:34.339,213.3292,False,33.25946,0.8216389,-21.99798,0,0,0,1,0,0,1,False,-1,-1,0,0,0,-1
2026-06-29 15:10:34.371,213.363,False,33.25959,0.8216161,-21.99791,0,0,0,1,0,0,1,False,-1,-1,0,0,0,-1
2026-06-29 15:10:34.417,213.407,False,33.25961,0.821682,-21.99804,0,0,0,1,0,0,1,False,-1,-1,0,0,0,-1
2026-06-29 15:10:34.460,213.4511,False,33.25958,0.8217009,-21.99797,0,0,0,1,0,0,1,False,-1,-1,0,0,0,-1
2026-06-29 15:10:34.493,213.4845,False,33.25957,0.8216584,-21.99795,0,0,0,1,0,0,1,False,-1,-1,0,0,0,-1
2026-06-29 15:10:34.528,213.5181,False,33.25977,0.8216537,-21.9981,0,0,0,1,0,0,1,False,-1,-1,0,0,0,-1
2026-06-29 15:10:34.562,213.5525,False,33.25971,0.8216954,-21.99821,0,0,0,1,0,0,1,False,-1,-1,0,0,0,-1
2026-06-29 15:10:34.606,213.5958,False,33.2596,0.8216936,-21.99797,0,0,0,1,0,0,1,False,-1,-1,0,0,0,-1
2026-06-29 15:10:34.650,213.6399,False,33.25956,0.8217127,-21.99805,0,0,0,1,0,0,1,False,-1,-1,0,0,0,-1
2026-06-29 15:10:34.683,213.6737,False,33.25969,0.821744,-21.99801,0,0,0,1,0,0,1,False,-1,-1,0,0,0,-1
2026-06-29 15:10:34.718,213.7076,False,33.25967,0.8216222,-21.99782,0,0,0,1,0,0,1,False,-1,-1,0,0,0,-1
2026-06-29 15:10:34.761,213.7511,False,33.2598,0.8215303,-21.9979,0,0,0,1,0,0,1,False,-1,-1,0,0,0,-1
2026-06-29 15:10:34.794,213.7846,False,33.25977,0.8215702,-21.99799,0,0,0,1,0,0,1,False,-1,-1,0,0,0,-1
2026-06-29 15:10:34.829,213.8189,False,33.25964,0.8215629,-21.99791,0,0,0,1,0,0,1,False,-1,-1,0,0,0,-1
2026-06-29 15:10:34.871,213.8618,False,33.25959,0.821638,-21.99787,0,0,0,1,0,0,1,False,-1,-1,0,0,0,-1
2026-06-29 15:10:34.907,213.8973,False,33.25954,0.8216721,-21.99793,0,0,0,1,0,0,1,False,-1,-1,0,0,0,-1
2026-06-29 15:10:34.950,213.9399,False,33.25957,0.8216986,-21.99801,0,0,0,1,0,0,1,False,-1,-1,0,0,0,-1
2026-06-29 15:10:34.994,213.9852,False,33.25955,0.8216183,-21.99806,0,0,0,1,0,0,1,False,-1,-1,0,0,0,-1
2026-06-29 15:10:35.038,214.0285,False,33.25988,0.8215282,-21.99804,0,0,0,1,0,0,1,False,-1,-1,0,0,0,-1
2026-06-29 15:10:35.082,214.073,False,33.25972,0.8216739,-21.99781,0,0,0,1,0,0,1,False,-1,-1,0,0,0,-1
2026-06-29 15:10:35.127,214.1178,False,33.25972,0.8215078,-21.99789,0,0,0,1,0,0,1,False,-1,-1,0,0,0,-1
2026-06-29 15:10:35.161,214.1515,False,33.25957,0.8216439,-21.99792,0,0,0,1,0,0,1,False,-1,-1,0,0,0,-1
2026-06-29 15:10:35.205,214.1954,False,33.25959,0.8216763,-21.99791,0,0,0,1,0,0,1,False,-1,-1,0,0,0,-1
2026-06-29 15:10:35.238,214.2289,False,33.25977,0.8216506,-21.99788,0,0,0,1,0,0,1,False,-1,-1,0,0,0,-1
2026-06-29 15:10:35.271,214.2624,False,33.25975,0.8216916,-21.99782,0,0,0,1,0,0,1,False,-1,-1,0,0,0,-1
2026-06-29 15:10:35.316,214.3065,False,33.2599,0.8215967,-21.99804,0,0,0,1,0,0,1,False,-1,-1,0,0,0,-1
2026-06-29 15:10:35.349,214.3403,False,33.25975,0.8216814,-21.99807,0,0,0,1,0,0,1,False,-1,-1,0,0,0,-1
2026-06-29 15:10:35.394,214.3845,False,33.25975,0.8217549,-21.99795,0,0,0,1,0,0,1,False,-1,-1,0,0,0,-1
2026-06-29 15:10:35.438,214.4287,False,33.25982,0.8217432,-21.99797,0,0,0,1,0,0,1,False,-1,-1,0,0,0,-1
2026-06-29 15:10:35.482,214.4727,False,33.25979,0.8217328,-21.99792,0,0,0,1,0,0,1,False,-1,-1,0,0,0,-1
2026-06-29 15:10:35.516,214.5064,False,33.25971,0.8218111,-21.99785,0,0,0,1,0,0,1,False,-1,-1,0,0,0,-1
2026-06-29 15:10:35.550,214.54,False,33.25972,0.8217884,-21.99795,0,0,0,1,0,0,1,False,-1,-1,0,0,0,-1
2026-06-29 15:10:35.584,214.5744,False,33.25968,0.8217497,-21.99805,0,0,0,1,0,0,1,False,-1,-1,0,0,0,-1
2026-06-29 15:10:35.627,214.6173,False,33.25958,0.8218519,-21.99796,0,0,0,1,0,0,1,False,-1,-1,0,0,0,-1
2026-06-29 15:10:35.661,214.6513,False,33.25964,0.8217998,-21.998,0,0,0,1,0,0,1,False,-1,-1,0,0,0,-1
2026-06-29 15:10:35.704,214.6951,False,33.25957,0.8217725,-21.99798,0,0,0,1,0,0,1,False,-1,-1,0,0,0,-1
2026-06-29 15:10:35.749,214.7393,False,33.25944,0.8217555,-21.99789,0,0,0,1,0,0,1,False,-1,-1,0,0,0,-1
2026-06-29 15:10:35.782,214.773,False,33.25948,0.8217038,-21.99788,0,0,0,1,0,0,1,False,-1,-1,0,0,0,-1
2026-06-29 15:10:35.827,214.8175,False,33.25962,0.8217127,-21.99789,0,0,0,1,0,0,1,False,-1,-1,0,0,0,-1
2026-06-29 15:10:35.861,214.8518,False,33.25969,0.8216662,-21.99798,0,0,0,1,0,0,1,False,-1,-1,0,0,0,-1
2026-06-29 15:10:35.904,214.8949,False,33.2597,0.821686,-21.99808,0,0,0,1,0,0,1,False,-1,-1,0,0,0,-1
2026-06-29 15:10:35.939,214.9285,False,33.25969,0.8217167,-21.99792,0,0,0,1,0,0,1,False,-1,-1,0,0,0,-1
2026-06-29 15:10:35.972,214.9627,False,33.25963,0.8217095,-21.99794,0,0,0,1,0,0,1,False,-1,-1,0,0,0,-1
2026-06-29 15:10:36.016,215.0059,False,33.2597,0.8216193,-21.99811,0,0,0,1,0,0,1,False,-1,-1,0,0,0,-1
2026-06-29 15:10:36.048,215.0394,False,33.2598,0.8215737,-21.9982,0,0,0,1,0,0,1,False,-1,-1,0,0,0,-1
2026-06-29 15:10:36.082,215.0728,False,33.2597,0.8215402,-21.9981,0,0,0,1,0,0,1,False,-1,-1,0,0,0,-1
2026-06-29 15:10:36.127,215.1169,False,33.25976,0.8215356,-21.99813,0,0,0,1,0,0,1,False,-1,-1,0,0,0,-1
2026-06-29 15:10:36.161,215.1512,False,33.2597,0.821631,-21.998,0,0,0,1,0,0,1,False,-1,-1,0,0,0,-1
2026-06-29 15:10:36.194,215.1848,False,33.25974,0.8215972,-21.99809,0,0,0,1,0,0,1,False,-1,-1,0,0,0,-1
2026-06-29 15:10:36.239,215.2285,False,33.25993,0.8215297,-21.99802,0,0,0,1,0,0,1,False,-1,-1,0,0,0,-1
2026-06-29 15:10:36.271,215.262,False,33.25977,0.8216062,-21.99807,0,0,0,1,0,0,1,False,-1,-1,0,0,0,-1
2026-06-29 15:10:36.315,215.3065,False,33.25959,0.8216257,-21.99803,0,0,0,1,0,0,1,False,-1,-1,0,0,0,-1
2026-06-29 15:10:36.360,215.3504,False,33.25963,0.8215595,-21.99801,0,0,0,1,0,0,1,False,-1,-1,0,0,0,-1
2026-06-29 15:10:36.395,215.3839,False,33.25983,0.8215002,-21.99805,0,0,0,1,0,0,1,False,-1,-1,0,0,0,-1
2026-06-29 15:10:36.437,215.4282,False,33.25981,0.8215266,-21.99798,0,0,0,1,0,0,1,False,-1,-1,0,0,0,-1
2026-06-29 15:10:36.482,215.4726,False,33.25965,0.8216677,-21.99793,0,0,0,1,0,0,1,False,-1,-1,0,0,0,-1
2026-06-29 15:10:36.526,215.5169,False,33.25969,0.8217347,-21.99797,0,0,0,1,0,0,1,False,-1,-1,0,0,0,-1
2026-06-29 15:10:36.560,215.5505,False,33.25974,0.8217041,-21.99801,0,0,0,1,0,0,1,False,-1,-1,0,0,0,-1
2026-06-29 15:10:36.603,215.5946,False,33.2596,0.8217723,-21.99789,0,0,0,1,0,0,1,False,-1,-1,0,0,0,-1
2026-06-29 15:10:36.638,215.6284,False,33.25959,0.8218052,-21.99784,0,0,0,1,0,0,1,False,-1,-1,0,0,0,-1
2026-06-29 15:10:36.672,215.6618,False,33.25966,0.8217629,-21.99793,0,0,0,1,0,0,1,False,-1,-1,0,0,0,-1
2026-06-29 15:10:36.716,215.7059,False,33.25967,0.8217424,-21.99807,0,0,0,1,0,0,1,False,-1,-1,0,0,0,-1
2026-06-29 15:10:36.761,215.7506,False,33.25971,0.8217437,-21.99812,0,0,0,1,0,0,1,False,-1,-1,0,0,0,-1
2026-06-29 15:10:36.804,215.7943,False,33.25951,0.8217463,-21.99813,0,0,0,1,0,0,1,False,-1,-1,0,0,0,-1
2026-06-29 15:10:36.838,215.8277,False,33.25963,0.8217123,-21.99803,0,0,0,1,0,0,1,False,-1,-1,0,0,0,-1
2026-06-29 15:10:36.882,215.8722,False,33.25971,0.8216259,-21.99801,0,0,0,1,0,0,1,False,-1,-1,0,0,0,-1
2026-06-29 15:10:36.916,215.9057,False,33.25974,0.8215726,-21.99796,0,0,0,1,0,0,1,False,-1,-1,0,0,0,-1
2026-06-29 15:10:36.959,215.9498,False,33.2597,0.821661,-21.99789,0,0,0,1,0,0,1,False,-1,-1,0,0,0,-1
2026-06-29 15:10:36.995,215.9849,False,33.25961,0.8217311,-21.99802,0,0,0,1,0,0,1,False,-1,-1,0,0,0,-1
2026-06-29 15:10:37.037,216.0276,False,33.25958,0.8217434,-21.99796,0,0,0,1,0,0,1,False,-1,-1,0,0,0,-1
2026-06-29 15:10:37.071,216.0615,False,33.25964,0.8217446,-21.99797,0,0,0,1,0,0,1,False,-1,-1,0,0,0,-1
2026-06-29 15:10:37.105,216.095,False,33.25964,0.8218022,-21.99808,0,0,0,1,0,0,1,False,-1,-1,0,0,0,-1
2026-06-29 15:10:37.149,216.1391,False,33.25989,0.8216609,-21.99808,0,0,0,1,0,0,1,False,-1,-1,0,0,0,-1
2026-06-29 15:10:37.192,216.1833,False,33.25985,0.8215903,-21.99814,0,0,0,1,0,0,1,False,-1,-1,0,0,0,-1
2026-06-29 15:10:37.225,216.217,False,33.25959,0.8216886,-21.99809,0,0,0,1,0,0,1,False,-1,-1,0,0,0,-1
2026-06-29 15:10:37.260,216.2504,False,33.25954,0.8217309,-21.99813,0,0,0,1,0,0,1,False,-1,-1,0,0,0,-1
2026-06-29 15:10:37.303,216.2943,False,33.25945,0.821761,-21.99798,0,0,0,1,0,0,1,False,-1,-1,0,0,0,-1
2026-06-29 15:10:37.337,216.3284,False,33.25956,0.8217136,-21.99794,0,0,0,1,0,0,1,False,-1,-1,0,0,0,-1
2026-06-29 15:10:37.382,216.3728,False,33.25967,0.8216336,-21.99799,0,0,0,1,0,0,1,False,-1,-1,0,0,0,-1
2026-06-29 15:10:37.425,216.4164,False,33.25969,0.8215966,-21.99805,0,0,0,1,0,0,1,False,-1,-1,0,0,0,-1
2026-06-29 15:10:37.460,216.4499,False,33.25975,0.8216954,-21.99799,0,0,0,1,0,0,1,False,-1,-1,0,0,0,-1
2026-06-29 15:10:37.493,216.4834,False,33.25983,0.821657,-21.99793,0,0,0,1,0,0,1,False,-1,-1,0,0,0,-1
2026-06-29 15:10:37.527,216.5169,False,33.2598,0.8216647,-21.99791,0,0,0,1,0,0,1,False,-1,-1,0,0,0,-1
2026-06-29 15:10:37.570,216.5611,False,33.25974,0.8217336,-21.99795,0,0,0,1,0,0,1,False,-1,-1,0,0,0,-1
2026-06-29 15:10:37.615,216.6051,False,33.25978,0.8216156,-21.99805,0,0,0,1,0,0,1,False,-1,-1,0,0,0,-1
2026-06-29 15:10:37.649,216.6395,False,33.25986,0.8214376,-21.99803,0,0,0,1,0,0,1,False,-1,-1,0,0,0,-1
2026-06-29 15:10:37.693,216.6836,False,33.25974,0.8214672,-21.99809,0,0,0,1,0,0,1,False,-1,-1,0,0,0,-1
2026-06-29 15:10:37.736,216.7274,False,33.25977,0.8214986,-21.99807,0,0,0,1,0,0,1,False,-1,-1,0,0,0,-1
2026-06-29 15:10:37.781,216.7716,False,33.25982,0.821519,-21.99803,0,0,0,1,0,0,1,False,-1,-1,0,0,0,-1
2026-06-29 15:10:37.814,216.8051,False,33.25995,0.821552,-21.99813,0,0,0,1,0,0,1,False,-1,-1,0,0,0,-1
2026-06-29 15:10:37.847,216.8387,False,33.25977,0.8216116,-21.99811,0,0,0,1,0,0,1,False,-1,-1,0,0,0,-1
2026-06-29 15:10:37.892,216.883,False,33.25965,0.8216476,-21.99796,0,0,0,1,0,0,1,False,-1,-1,0,0,0,-1
2026-06-29 15:10:37.937,216.9274,False,33.2597,0.8216223,-21.99792,0,0,0,1,0,0,1,False,-1,-1,0,0,0,-1
2026-06-29 15:10:37.981,216.9717,False,33.2597,0.821561,-21.99788,0,0,0,1,0,0,1,False,-1,-1,0,0,0,-1
2026-06-29 15:10:38.015,217.0059,False,33.25978,0.8215929,-21.99791,0,0,0,1,0,0,1,False,-1,-1,0,0,0,-1
2026-06-29 15:10:38.048,217.0396,False,33.25971,0.8215728,-21.99792,0,0,0,1,0,0,1,False,-1,-1,0,0,0,-1
2026-06-29 15:10:38.092,217.0829,False,33.25972,0.8215463,-21.99794,0,0,0,1,0,0,1,False,-1,-1,0,0,0,-1
2026-06-29 15:10:38.135,217.1268,False,33.25974,0.8216769,-21.998,0,0,0,1,0,0,1,False,-1,-1,0,0,0,-1
2026-06-29 15:10:38.169,217.1603,False,33.25978,0.8217208,-21.998,0,0,0,1,0,0,1,False,-1,-1,0,0,0,-1
2026-06-29 15:10:38.214,217.2046,False,33.25981,0.8217555,-21.9979,0,0,0,1,0,0,1,False,-1,-1,0,0,0,-1
2026-06-29 15:10:38.248,217.238,False,33.25965,0.8219085,-21.99793,0,0,0,1,0,0,1,False,-1,-1,0,0,0,-1
2026-06-29 15:10:38.281,217.2715,False,33.25977,0.8218495,-21.99787,0,0,0,1,0,0,1,False,-1,-1,0,0,0,-1
2026-06-29 15:10:38.315,217.3049,False,33.25976,0.8217828,-21.99791,0,0,0,1,0,0,1,False,-1,-1,0,0,0,-1
2026-06-29 15:10:38.359,217.349,False,33.25976,0.8217026,-21.99793,0,0,0,1,0,0,1,False,-1,-1,0,0,0,-1
2026-06-29 15:10:38.392,217.3826,False,33.2598,0.8216918,-21.99791,0,0,0,1,0,0,1,False,-1,-1,0,0,0,-1
2026-06-29 15:10:38.437,217.427,False,33.25989,0.8215834,-21.99797,0,0,0,1,0,0,1,False,-1,-1,0,0,0,-1
2026-06-29 15:10:38.470,217.4605,False,33.2599,0.8215836,-21.99796,0,0,0,1,0,0,1,False,-1,-1,0,0,0,-1
2026-06-29 15:10:38.503,217.4939,False,33.25986,0.8215954,-21.99786,0,0,0,1,0,0,1,False,-1,-1,0,0,0,-1
2026-06-29 15:10:38.548,217.5383,False,33.25981,0.8216039,-21.99794,0,0,0,1,0,0,1,False,-1,-1,0,0,0,-1
2026-06-29 15:10:38.591,217.5827,False,33.25976,0.8216836,-21.99793,0,0,0,1,0,0,1,False,-1,-1,0,0,0,-1
2026-06-29 15:10:38.625,217.6165,False,33.25986,0.8216649,-21.99786,0,0,0,1,0,0,1,False,-1,-1,0,0,0,-1
2026-06-29 15:10:38.670,217.6606,False,33.25972,0.821707,-21.99784,0,0,0,1,0,0,1,False,-1,-1,0,0,0,-1
2026-06-29 15:10:38.714,217.7047,False,33.25967,0.821625,-21.99787,0,0,0,1,0,0,1,False,-1,-1,0,0,0,-1
2026-06-29 15:10:38.758,217.7491,False,33.25958,0.8217465,-21.99784,0,0,0,1,0,0,1,False,-1,-1,0,0,0,-1
2026-06-29 15:10:38.802,217.7933,False,33.25962,0.8216551,-21.99772,0,0,0,1,0,0,1,False,-1,-1,0,0,0,-1
2026-06-29 15:10:38.836,217.8268,False,33.25966,0.8215828,-21.99789,0,0,0,1,0,0,1,False,-1,-1,0,0,0,-1
2026-06-29 15:10:38.870,217.8602,False,33.25969,0.8215397,-21.99778,0,0,0,1,0,0,1,False,-1,-1,0,0,0,-1
2026-06-29 15:10:38.903,217.8943,False,33.25966,0.8215708,-21.99782,0,0,0,1,0,0,1,False,-1,-1,0,0,0,-1
2026-06-29 15:10:38.947,217.9381,False,33.25982,0.8215249,-21.99772,0,0,0,1,0,0,1,False,-1,-1,0,0,0,-1
2026-06-29 15:10:38.981,217.9716,False,33.25979,0.8215848,-21.99772,0,0,0,1,0,0,1,False,-1,-1,0,0,0,-1
2026-06-29 15:10:39.026,218.0165,False,33.2596,0.8216208,-21.9978,0,0,0,1,0,0,1,False,-1,-1,0,0,0,-1
2026-06-29 15:10:39.070,218.0604,False,33.25963,0.8215623,-21.99794,0,0,0,1,0,0,1,False,-1,-1,0,0,0,-1
2026-06-29 15:10:39.104,218.0943,False,33.25955,0.8216755,-21.99796,0,0,0,1,0,0,1,False,-1,-1,0,0,0,-1
2026-06-29 15:10:39.146,218.1371,False,33.25969,0.8215334,-21.99795,0,0,0,1,0,0,1,False,-1,-1,0,0,0,-1
2026-06-29 15:10:39.190,218.1813,False,33.25974,0.8215801,-21.99788,0,0,0,1,0,0,1,False,-1,-1,0,0,0,-1
2026-06-29 15:10:39.224,218.2149,False,33.25984,0.8215846,-21.99785,0,0,0,1,0,0,1,False,-1,-1,0,0,0,-1
2026-06-29 15:10:39.258,218.2485,False,33.25963,0.8216501,-21.99791,0,0,0,1,0,0,1,False,-1,-1,0,0,0,-1
2026-06-29 15:10:39.291,218.2819,False,33.2594,0.821666,-21.99785,0,0,0,1,0,0,1,False,-1,-1,0,0,0,-1
2026-06-29 15:10:39.336,218.3266,False,33.25936,0.8217222,-21.99777,0,0,0,1,0,0,1,False,-1,-1,0,0,0,-1
2026-06-29 15:10:39.379,218.3701,False,33.25951,0.8217565,-21.99785,0,0,0,1,0,0,1,False,-1,-1,0,0,0,-1
2026-06-29 15:10:39.413,218.4035,False,33.25957,0.8216861,-21.99794,0,0,0,1,0,0,1,False,-1,-1,0,0,0,-1
2026-06-29 15:10:39.445,218.4369,False,33.25967,0.8216228,-21.99791,0,0,0,1,0,0,1,False,-1,-1,0,0,0,-1
2026-06-29 15:10:39.491,218.482,False,33.25969,0.8216936,-21.99795,0,0,0,1,0,0,1,False,-1,-1,0,0,0,-1
2026-06-29 15:10:39.524,218.5155,False,33.25969,0.8217274,-21.9979,0,0,0,1,0,0,1,False,-1,-1,0,0,0,-1
2026-06-29 15:10:39.569,218.5597,False,33.25972,0.8215902,-21.99789,0,0,0,1,0,0,1,False,-1,-1,0,0,0,-1
2026-06-29 15:10:39.602,218.5934,False,33.25978,0.8216398,-21.99792,0,0,0,1,0,0,1,False,-1,-1,0,0,0,-1
2026-06-29 15:10:39.647,218.6376,False,33.25978,0.8216245,-21.99791,0,0,0,1,0,0,1,False,-1,-1,0,0,0,-1
2026-06-29 15:10:39.693,218.6829,False,33.25975,0.8216532,-21.99792,0,0,0,1,0,0,1,False,-1,-1,0,0,0,-1
2026-06-29 15:10:39.726,218.7163,False,33.25959,0.8217725,-21.99786,0,0,0,1,0,0,1,False,-1,-1,0,0,0,-1
2026-06-29 15:10:39.770,218.76,False,33.25976,0.8216493,-21.99797,0,0,0,1,0,0,1,False,-1,-1,0,0,0,-1
2026-06-29 15:10:39.813,218.804,False,33.25985,0.8215676,-21.99786,0,0,0,1,0,0,1,False,-1,-1,0,0,0,-1
2026-06-29 15:10:39.847,218.8377,False,33.25988,0.8216406,-21.99777,0,0,0,1,0,0,1,False,-1,-1,0,0,0,-1
2026-06-29 15:10:39.891,218.8818,False,33.25996,0.8215503,-21.99795,0,0,0,1,0,0,1,False,-1,-1,0,0,0,-1
2026-06-29 15:10:39.935,218.9263,False,33.25978,0.8216082,-21.99784,0,0,0,1,0,0,1,False,-1,-1,0,0,0,-1
2026-06-29 15:10:39.969,218.9599,False,33.25969,0.8216996,-21.99796,0,0,0,1,0,0,1,False,-1,-1,0,0,0,-1
2026-06-29 15:10:40.013,219.0039,False,33.25975,0.8216685,-21.9981,0,0,0,1,0,0,1,False,-1,-1,0,0,0,-1
2026-06-29 15:10:40.046,219.0375,False,33.25977,0.8216397,-21.99821,0,0,0,1,0,0,1,False,-1,-1,0,0,0,-1
2026-06-29 15:10:40.092,219.0819,False,33.25964,0.8217204,-21.99806,0,0,0,1,0,0,1,False,-1,-1,0,0,0,-1
2026-06-29 15:10:40.126,219.1163,False,33.25961,0.8217621,-21.99796,0,0,0,1,0,0,1,False,-1,-1,0,0,0,-1
2026-06-29 15:10:40.169,219.1607,False,33.25958,0.8218212,-21.9978,0,0,0,1,0,0,1,False,-1,-1,0,0,0,-1
2026-06-29 15:10:40.213,219.2037,False,33.25972,0.8216846,-21.99781,0,0,0,1,0,0,1,False,-1,-1,0,0,0,-1
2026-06-29 15:10:40.247,219.2371,False,33.25974,0.821718,-21.99793,0,0,0,1,0,0,1,False,-1,-1,0,0,0,-1
2026-06-29 15:10:40.279,219.2705,False,33.25978,0.821703,-21.99793,0,0,0,1,0,0,1,False,-1,-1,0,0,0,-1
2026-06-29 15:10:40.314,219.304,False,33.25964,0.8217704,-21.99786,0,0,0,1,0,0,1,False,-1,-1,0,0,0,-1
2026-06-29 15:10:40.346,219.3374,False,33.25966,0.8217211,-21.99795,0,0,0,1,0,0,1,False,-1,-1,0,0,0,-1
2026-06-29 15:10:40.391,219.3813,False,33.25973,0.8216281,-21.99803,0,0,0,1,0,0,1,False,-1,-1,0,0,0,-1
2026-06-29 15:10:40.424,219.4149,False,33.25975,0.8216035,-21.99804,0,0,0,1,0,0,1,False,-1,-1,0,0,0,-1
2026-06-29 15:10:40.469,219.4593,False,33.25963,0.8216975,-21.99793,0,0,0,1,0,0,1,False,-1,-1,0,0,0,-1
2026-06-29 15:10:40.512,219.5034,False,33.25982,0.8215525,-21.998,0,0,0,1,0,0,1,False,-1,-1,0,0,0,-1
2026-06-29 15:10:40.546,219.537,False,33.25978,0.8216029,-21.99783,0,0,0,1,0,0,1,False,-1,-1,0,0,0,-1
2026-06-29 15:10:40.581,219.571,False,33.25991,0.8215992,-21.99786,0,0,0,1,0,0,1,False,-1,-1,0,0,0,-1
2026-06-29 15:10:40.624,219.6147,False,33.25989,0.8214775,-21.99781,0,0,0,1,0,0,1,False,-1,-1,0,0,0,-1
2026-06-29 15:10:40.657,219.6488,False,33.25978,0.8215937,-21.99775,0,0,0,1,0,0,1,False,-1,-1,0,0,0,-1
2026-06-29 15:10:40.702,219.6926,False,33.25984,0.8215769,-21.99784,0,0,0,1,0,0,1,False,-1,-1,0,0,0,-1
2026-06-29 15:10:40.736,219.7262,False,33.2598,0.8216059,-21.99785,0,0,0,1,0,0,1,False,-1,-1,0,0,0,-1
2026-06-29 15:10:40.770,219.7604,False,33.2599,0.8215396,-21.99795,0,0,0,1,0,0,1,False,-1,-1,0,0,0,-1
2026-06-29 15:10:40.813,219.8035,False,33.2599,0.821438,-21.99791,0,0,0,1,0,0,1,False,-1,-1,0,0,0,-1
2026-06-29 15:10:40.846,219.8368,False,33.25984,0.8215232,-21.99773,0,0,0,1,0,0,1,False,-1,-1,0,0,0,-1
2026-06-29 15:10:40.880,219.8702,False,33.25979,0.8215376,-21.99776,0,0,0,1,0,0,1,False,-1,-1,0,0,0,-1
2026-06-29 15:10:40.924,219.9144,False,33.25959,0.8215927,-21.99775,0,0,0,1,0,0,1,False,-1,-1,0,0,0,-1
2026-06-29 15:10:40.958,219.9483,False,33.25974,0.821631,-21.99782,0,0,0,1,0,0,1,False,-1,-1,0,0,0,-1
2026-06-29 15:10:40.991,219.982,False,33.25968,0.8216753,-21.9978,0,0,0,1,0,0,1,False,-1,-1,0,0,0,-1
2026-06-29 15:10:41.036,220.0258,False,33.25981,0.8216454,-21.99778,0,0,0,1,0,0,1,False,-1,-1,0,0,0,-1
2026-06-29 15:10:41.079,220.0699,False,33.25986,0.8216645,-21.99794,0,0,0,1,0,0,1,False,-1,-1,0,0,0,-1
2026-06-29 15:10:41.113,220.1038,False,33.25986,0.8216045,-21.99803,0,0,0,1,0,0,1,False,-1,-1,0,0,0,-1
2026-06-29 15:10:41.159,220.1489,False,33.25971,0.821582,-21.99795,0,0,0,1,0,0,1,False,-1,-1,0,0,0,-1
2026-06-29 15:10:41.193,220.1835,False,33.2598,0.8216141,-21.99794,0,0,0,1,0,0,1,False,-1,-1,0,0,0,-1
2026-06-29 15:10:41.236,220.2266,False,33.25978,0.8216501,-21.9979,0,0,0,1,0,0,1,False,-1,-1,0,0,0,-1
2026-06-29 15:10:41.280,220.2702,False,33.25976,0.8217075,-21.99794,0,0,0,1,0,0,1,False,-1,-1,0,0,0,-1
2026-06-29 15:10:41.324,220.3142,False,33.25964,0.8217486,-21.99783,0,0,0,1,0,0,1,False,-1,-1,0,0,0,-1
2026-06-29 15:10:41.358,220.3482,False,33.2597,0.8217935,-21.99782,0,0,0,1,0,0,1,False,-1,-1,0,0,0,-1
2026-06-29 15:10:41.401,220.392,False,33.25974,0.8217221,-21.9978,0,0,0,1,0,0,1,False,-1,-1,0,0,0,-1
2026-06-29 15:10:41.434,220.4253,False,33.25978,0.8215968,-21.99784,0,0,0,1,0,0,1,False,-1,-1,0,0,0,-1
2026-06-29 15:10:41.480,220.4702,False,33.25973,0.8216041,-21.99791,0,0,0,1,0,0,1,False,-1,-1,0,0,0,-1
2026-06-29 15:10:41.525,220.5151,False,33.25972,0.8216702,-21.99777,0,0,0,1,0,0,1,False,-1,-1,0,0,0,-1
2026-06-29 15:10:41.569,220.559,False,33.25994,0.8215412,-21.9979,0,0,0,1,0,0,1,False,-1,-1,0,0,0,-1
2026-06-29 15:10:41.602,220.5925,False,33.26,0.821565,-21.99793,0,0,0,1,0,0,1,False,-1,-1,0,0,0,-1
2026-06-29 15:10:41.646,220.6367,False,33.25993,0.8215932,-21.99792,0,0,0,1,0,0,1,False,-1,-1,0,0,0,-1
2026-06-29 15:10:41.681,220.6707,False,33.25999,0.8215949,-21.99797,0,0,0,1,0,0,1,False,-1,-1,0,0,0,-1
2026-06-29 15:10:41.724,220.7143,False,33.25993,0.8216381,-21.99772,0,0,0,1,0,0,1,False,-1,-1,0,0,0,-1
2026-06-29 15:10:41.758,220.748,False,33.25971,0.8216736,-21.99768,0,0,0,1,0,0,1,False,-1,-1,0,0,0,-1
2026-06-29 15:10:41.792,220.7824,False,33.2598,0.8215353,-21.99784,0,0,0,1,0,0,1,False,-1,-1,0,0,0,-1
2026-06-29 15:10:41.836,220.8257,False,33.2598,0.8214931,-21.99789,0,0,0,1,0,0,1,False,-1,-1,0,0,0,-1
2026-06-29 15:10:41.879,220.8698,False,33.25977,0.8215911,-21.99782,0,0,0,1,0,0,1,False,-1,-1,0,0,0,-1
2026-06-29 15:10:41.913,220.9032,False,33.25984,0.8214993,-21.99789,0,0,0,1,0,0,1,False,-1,-1,0,0,0,-1
2026-06-29 15:10:41.957,220.9475,False,33.25973,0.8215564,-21.99778,0,0,0,1,0,0,1,False,-1,-1,0,0,0,-1
2026-06-29 15:10:41.991,220.9813,False,33.25959,0.8216143,-21.99784,0,0,0,1,0,0,1,False,-1,-1,0,0,0,-1
2026-06-29 15:10:42.025,221.0155,False,33.25975,0.8216015,-21.99781,0,0,0,1,0,0,1,False,-1,-1,0,0,0,-1
2026-06-29 15:10:42.067,221.0585,False,33.25996,0.8214769,-21.9978,0,0,0,1,0,0,1,False,-1,-1,0,0,0,-1
2026-06-29 15:10:42.101,221.0923,False,33.25993,0.8214867,-21.99786,0,0,0,1,0,0,1,False,-1,-1,0,0,0,-1
2026-06-29 15:10:42.146,221.1364,False,33.25989,0.8215768,-21.99787,0,0,0,1,0,0,1,False,-1,-1,0,0,0,-1
2026-06-29 15:10:42.179,221.1699,False,33.25997,0.8215064,-21.99792,0,0,0,1,0,0,1,False,-1,-1,0,0,0,-1
2026-06-29 15:10:42.225,221.215,False,33.25989,0.8215871,-21.99774,0,0,0,1,0,0,1,False,-1,-1,0,0,0,-1
2026-06-29 15:10:42.260,221.2497,False,33.25982,0.8215765,-21.99767,0,0,0,1,0,0,1,False,-1,-1,0,0,0,-1
2026-06-29 15:10:42.301,221.2915,False,33.25973,0.8216148,-21.99777,0,0,0,1,0,0,1,False,-1,-1,0,0,0,-1
2026-06-29 15:10:42.346,221.336,False,33.25977,0.8215922,-21.99782,0,0,0,1,0,0,1,False,-1,-1,0,0,0,-1
2026-06-29 15:10:42.378,221.3695,False,33.25975,0.8216917,-21.99776,0,0,0,1,0,0,1,False,-1,-1,0,0,0,-1
2026-06-29 15:10:42.422,221.4134,False,33.25969,0.8217013,-21.99766,0,0,0,1,0,0,1,False,-1,-1,0,0,0,-1
2026-06-29 15:10:42.468,221.4583,False,33.25994,0.8214803,-21.99767,0,0,0,1,0,0,1,False,-1,-1,0,0,0,-1
2026-06-29 15:10:42.512,221.5025,False,33.25973,0.8215049,-21.99761,0,0,0,1,0,0,1,False,-1,-1,0,0,0,-1
2026-06-29 15:10:42.556,221.5464,False,33.25963,0.8216218,-21.99774,0,0,0,1,0,0,1,False,-1,-1,0,0,0,-1
2026-06-29 15:10:42.589,221.5798,False,33.25976,0.8216358,-21.99788,0,0,0,1,0,0,1,False,-1,-1,0,0,0,-1
2026-06-29 15:10:42.623,221.6137,False,33.25979,0.8216324,-21.99788,0,0,0,1,0,0,1,False,-1,-1,0,0,0,-1
2026-06-29 15:10:42.657,221.6473,False,33.2598,0.8216857,-21.9978,0,0,0,1,0,0,1,False,-1,-1,0,0,0,-1
2026-06-29 15:10:42.691,221.6809,False,33.25976,0.8216571,-21.99782,0,0,0,1,0,0,1,False,-1,-1,0,0,0,-1
2026-06-29 15:10:42.724,221.7144,False,33.25989,0.8216736,-21.99781,0,0,0,1,0,0,1,False,-1,-1,0,0,0,-1
2026-06-29 15:10:42.768,221.7585,False,33.25995,0.8216499,-21.99772,0,0,0,1,0,0,1,False,-1,-1,0,0,0,-1
2026-06-29 15:10:42.802,221.7924,False,33.25996,0.821512,-21.99775,0,0,0,1,0,0,1,False,-1,-1,0,0,0,-1
2026-06-29 15:10:42.846,221.8361,False,33.25994,0.8215303,-21.99782,0,0,0,1,0,0,1,False,-1,-1,0,0,0,-1
2026-06-29 15:10:42.890,221.8804,False,33.25979,0.8215647,-21.99778,0,0,0,1,0,0,1,False,-1,-1,0,0,0,-1
2026-06-29 15:10:42.934,221.9246,False,33.25974,0.8214641,-21.99783,0,0,0,1,0,0,1,False,-1,-1,0,0,0,-1
2026-06-29 15:10:42.968,221.9583,False,33.25976,0.8214898,-21.99775,0,0,0,1,0,0,1,False,-1,-1,0,0,0,-1
2026-06-29 15:10:43.012,222.0026,False,33.26004,0.8214321,-21.99782,0,0,0,1,0,0,1,False,-1,-1,0,0,0,-1
2026-06-29 15:10:43.046,222.0368,False,33.26019,0.8214412,-21.99783,0,0,0,1,0,0,1,False,-1,-1,0,0,0,-1
2026-06-29 15:10:43.090,222.0801,False,33.25996,0.8214683,-21.99758,0,0,0,1,0,0,1,False,-1,-1,0,0,0,-1
2026-06-29 15:10:43.124,222.1147,False,33.25988,0.8215969,-21.99765,0,0,0,1,0,0,1,False,-1,-1,0,0,0,-1
2026-06-29 15:10:43.168,222.1588,False,33.25993,0.821647,-21.99768,0,0,0,1,0,0,1,False,-1,-1,0,0,0,-1
2026-06-29 15:10:43.212,222.203,False,33.25992,0.8215825,-21.99772,0,0,0,1,0,0,1,False,-1,-1,0,0,0,-1
2026-06-29 15:10:43.257,222.2471,False,33.25978,0.8217026,-21.99758,0,0,0,1,0,0,1,False,-1,-1,0,0,0,-1
2026-06-29 15:10:43.303,222.2927,False,33.25987,0.8217825,-21.99766,0,0,0,1,0,0,1,False,-1,-1,0,0,0,-1
2026-06-29 15:10:43.345,222.3362,False,33.25988,0.8217152,-21.99783,0,0,0,1,0,0,1,False,-1,-1,0,0,0,-1
2026-06-29 15:10:43.391,222.3808,False,33.25996,0.8216478,-21.99798,0,0,0,1,0,0,1,False,-1,-1,0,0,0,-1
2026-06-29 15:10:43.435,222.4249,False,33.25994,0.8216404,-21.99786,0,0,0,1,0,0,1,False,-1,-1,0,0,0,-1
2026-06-29 15:10:43.468,222.4589,False,33.26005,0.8216877,-21.9978,0,0,0,1,0,0,1,False,-1,-1,0,0,0,-1
2026-06-29 15:10:43.513,222.5025,False,33.25995,0.8217215,-21.99776,0,0,0,1,0,0,1,False,-1,-1,0,0,0,-1
2026-06-29 15:10:43.545,222.5358,False,33.25991,0.8215432,-21.99789,0,0,0,1,0,0,1,False,-1,-1,0,0,0,-1
2026-06-29 15:10:43.579,222.5694,False,33.25983,0.8214371,-21.99782,0,0,0,1,0,0,1,False,-1,-1,0,0,0,-1
2026-06-29 15:10:43.622,222.6133,False,33.25967,0.8215224,-21.99767,0,0,0,1,0,0,1,False,-1,-1,0,0,0,-1
2026-06-29 15:10:43.656,222.647,False,33.25971,0.8216,-21.99772,0,0,0,1,0,0,1,False,-1,-1,0,0,0,-1
2026-06-29 15:10:43.701,222.6911,False,33.25988,0.8215745,-21.99776,0,0,0,1,0,0,1,False,-1,-1,0,0,0,-1
2026-06-29 15:10:43.735,222.7249,False,33.25981,0.8216019,-21.99779,0,0,0,1,0,0,1,False,-1,-1,0,0,0,-1
2026-06-29 15:10:43.778,222.7689,False,33.25984,0.8215578,-21.9979,0,0,0,1,0,0,1,False,-1,-1,0,0,0,-1
2026-06-29 15:10:43.822,222.8131,False,33.25979,0.821654,-21.99775,0,0,0,1,0,0,1,False,-1,-1,0,0,0,-1
2026-06-29 15:10:43.858,222.8474,False,33.25988,0.8215877,-21.99776,0,0,0,1,0,0,1,False,-1,-1,0,0,0,-1
2026-06-29 15:10:43.901,222.8911,False,33.25982,0.821513,-21.99789,0,0,0,1,0,0,1,False,-1,-1,0,0,0,-1
2026-06-29 15:10:43.944,222.9355,False,33.25969,0.8215247,-21.99783,0,0,0,1,0,0,1,False,-1,-1,0,0,0,-1
2026-06-29 15:10:43.979,222.9701,False,33.25985,0.8215936,-21.99776,0,0,0,1,0,0,1,False,-1,-1,0,0,0,-1
2026-06-29 15:10:44.022,223.0129,False,33.25978,0.8215182,-21.99765,0,0,0,1,0,0,1,False,-1,-1,0,0,0,-1
2026-06-29 15:10:44.067,223.0577,False,33.25984,0.821562,-21.99769,0,0,0,1,0,0,1,False,-1,-1,0,0,0,-1
2026-06-29 15:10:44.101,223.0911,False,33.26004,0.8215162,-21.99775,0,0,0,1,0,0,1,False,-1,-1,0,0,0,-1
2026-06-29 15:10:44.144,223.1353,False,33.25998,0.8215239,-21.99783,0,0,0,1,0,0,1,False,-1,-1,0,0,0,-1
2026-06-29 15:10:44.179,223.1688,False,33.25995,0.8215398,-21.99775,0,0,0,1,0,0,1,False,-1,-1,0,0,0,-1
2026-06-29 15:10:44.223,223.2139,False,33.25969,0.821651,-21.99766,0,0,0,1,0,0,1,False,-1,-1,0,0,0,-1
2026-06-29 15:10:44.267,223.2578,False,33.25986,0.8216316,-21.99765,0,0,0,1,0,0,1,False,-1,-1,0,0,0,-1
2026-06-29 15:10:44.301,223.2913,False,33.25989,0.8217282,-21.99764,0,0,0,1,0,0,1,False,-1,-1,0,0,0,-1
2026-06-29 15:10:44.347,223.3375,False,33.25986,0.8216106,-21.99774,0,0,0,1,0,0,1,False,-1,-1,0,0,0,-1
2026-06-29 15:10:44.388,223.3794,False,33.25992,0.8216666,-21.99784,0,0,0,1,0,0,1,False,-1,-1,0,0,0,-1
2026-06-29 15:10:44.422,223.4129,False,33.25988,0.8217756,-21.99777,0,0,0,1,0,0,1,False,-1,-1,0,0,0,-1
2026-06-29 15:10:44.467,223.4575,False,33.25976,0.8217512,-21.99782,0,0,0,1,0,0,1,False,-1,-1,0,0,0,-1
2026-06-29 15:10:44.511,223.5013,False,33.25974,0.821717,-21.99781,0,0,0,1,0,0,1,False,-1,-1,0,0,0,-1
2026-06-29 15:10:44.544,223.5347,False,33.25971,0.8217047,-21.99784,0,0,0,1,0,0,1,False,-1,-1,0,0,0,-1
2026-06-29 15:10:44.579,223.5685,False,33.25979,0.8216582,-21.99794,0,0,0,1,0,0,1,False,-1,-1,0,0,0,-1
2026-06-29 15:10:44.621,223.6125,False,33.2599,0.8216639,-21.99776,0,0,0,1,0,0,1,False,-1,-1,0,0,0,-1
2026-06-29 15:10:44.655,223.6459,False,33.26,0.8216213,-21.9978,0,0,0,1,0,0,1,False,-1,-1,0,0,0,-1
2026-06-29 15:10:44.689,223.6795,False,33.25994,0.8215257,-21.99791,0,0,0,1,0,0,1,False,-1,-1,0,0,0,-1
2026-06-29 15:10:44.723,223.7132,False,33.25987,0.8213832,-21.99801,0,0,0,1,0,0,1,False,-1,-1,0,0,0,-1
2026-06-29 15:10:44.755,223.7466,False,33.25986,0.8213989,-21.99791,0,0,0,1,0,0,1,False,-1,-1,0,0,0,-1
2026-06-29 15:10:44.790,223.7803,False,33.25985,0.8213554,-21.9979,0,0,0,1,0,0,1,False,-1,-1,0,0,0,-1
2026-06-29 15:10:44.823,223.8137,False,33.25982,0.8213918,-21.99789,0,0,0,1,0,0,1,False,-1,-1,0,0,0,-1
2026-06-29 15:10:44.867,223.8584,False,33.2599,0.8214455,-21.99778,0,0,0,1,0,0,1,False,-1,-1,0,0,0,-1
2026-06-29 15:10:44.901,223.8917,False,33.25983,0.8214773,-21.99796,0,0,0,1,0,0,1,False,-1,-1,0,0,0,-1
2026-06-29 15:10:44.945,223.9357,False,33.2597,0.821582,-21.99771,0,0,0,1,0,0,1,False,-1,-1,0,0,0,-1
2026-06-29 15:10:44.990,223.9802,False,33.25958,0.8216332,-21.9976,0,0,0,1,0,0,1,False,-1,-1,0,0,0,-1
2026-06-29 15:10:45.033,224.0236,False,33.25964,0.8215174,-21.9978,0,0,0,1,0,0,1,False,-1,-1,0,0,0,-1
2026-06-29 15:10:45.066,224.0571,False,33.25957,0.8215969,-21.99774,0,0,0,1,0,0,1,False,-1,-1,0,0,0,-1
2026-06-29 15:10:45.101,224.0908,False,33.25968,0.8215248,-21.99772,0,0,0,1,0,0,1,False,-1,-1,0,0,0,-1
2026-06-29 15:10:45.134,224.125,False,33.25979,0.8214514,-21.99773,0,0,0,1,0,0,1,False,-1,-1,0,0,0,-1
2026-06-29 15:10:45.179,224.1695,False,33.2598,0.8215374,-21.99775,0,0,0,1,0,0,1,False,-1,-1,0,0,0,-1
2026-06-29 15:10:45.222,224.2126,False,33.25976,0.8216408,-21.99769,0,0,0,1,0,0,1,False,-1,-1,0,0,0,-1
2026-06-29 15:10:45.256,224.2464,False,33.25979,0.8216499,-21.99759,0,0,0,1,0,0,1,False,-1,-1,0,0,0,-1
2026-06-29 15:10:45.300,224.2905,False,33.25983,0.821688,-21.99773,0,0,0,1,0,0,1,False,-1,-1,0,0,0,-1
2026-06-29 15:10:45.335,224.3246,False,33.25985,0.8216832,-21.9978,0,0,0,1,0,0,1,False,-1,-1,0,0,0,-1
2026-06-29 15:10:45.378,224.368,False,33.25999,0.8216282,-21.99775,0,0,0,1,0,0,1,False,-1,-1,0,0,0,-1
2026-06-29 15:10:45.412,224.4026,False,33.25978,0.8218071,-21.99773,0,0,0,1,0,0,1,False,-1,-1,0,0,0,-1
2026-06-29 15:10:45.445,224.436,False,33.25981,0.8218085,-21.99771,0,0,0,1,0,0,1,False,-1,-1,0,0,0,-1
2026-06-29 15:10:45.489,224.4796,False,33.25968,0.8217849,-21.99778,0,0,0,1,0,0,1,False,-1,-1,0,0,0,-1
2026-06-29 15:10:45.523,224.5137,False,33.25969,0.8216704,-21.99792,0,0,0,1,0,0,1,False,-1,-1,0,0,0,-1
2026-06-29 15:10:45.567,224.5574,False,33.25979,0.8216942,-21.99783,0,0,0,1,0,0,1,False,-1,-1,0,0,0,-1
2026-06-29 15:10:45.611,224.6014,False,33.25998,0.8215649,-21.99779,0,0,0,1,0,0,1,False,-1,-1,0,0,0,-1
2026-06-29 15:10:45.655,224.6457,False,33.25984,0.8215418,-21.99774,0,0,0,1,0,0,1,False,-1,-1,0,0,0,-1
2026-06-29 15:10:45.689,224.6791,False,33.2598,0.8215282,-21.99776,0,0,0,1,0,0,1,False,-1,-1,0,0,0,-1
2026-06-29 15:10:45.722,224.7125,False,33.25973,0.8215411,-21.99769,0,0,0,1,0,0,1,False,-1,-1,0,0,0,-1
2026-06-29 15:10:45.767,224.757,False,33.25983,0.8216215,-21.99775,0,0,0,1,0,0,1,False,-1,-1,0,0,0,-1
2026-06-29 15:10:45.811,224.8013,False,33.25994,0.8216136,-21.99782,0,0,0,1,0,0,1,False,-1,-1,0,0,0,-1
2026-06-29 15:10:45.844,224.835,False,33.2599,0.8216372,-21.99779,0,0,0,1,0,0,1,False,-1,-1,0,0,0,-1
2026-06-29 15:10:45.889,224.8794,False,33.25985,0.8215646,-21.99791,0,0,0,1,0,0,1,False,-1,-1,0,0,0,-1
2026-06-29 15:10:45.934,224.9252,False,33.25968,0.8216346,-21.99784,0,0,0,1,0,0,1,False,-1,-1,0,0,0,-1
2026-06-29 15:10:45.977,224.9673,False,33.25983,0.8215755,-21.99781,0,0,0,1,0,0,1,False,-1,-1,0,0,0,-1
2026-06-29 15:10:46.011,225.0009,False,33.25982,0.8215842,-21.99778,0,0,0,1,0,0,1,False,-1,-1,0,0,0,-1
2026-06-29 15:10:46.054,225.0449,False,33.25978,0.8216736,-21.9978,0,0,0,1,0,0,1,False,-1,-1,0,0,0,-1
2026-06-29 15:10:46.088,225.0786,False,33.25973,0.8217314,-21.99769,0,0,0,1,0,0,1,False,-1,-1,0,0,0,-1
2026-06-29 15:10:46.133,225.1233,False,33.25956,0.8217341,-21.99772,0,0,0,1,0,0,1,False,-1,-1,0,0,0,-1
2026-06-29 15:10:46.178,225.1677,False,33.25976,0.8216107,-21.9978,0,0,0,1,0,0,1,False,-1,-1,0,0,0,-1
2026-06-29 15:10:46.211,225.2011,False,33.2597,0.8216777,-21.99785,0,0,0,1,0,0,1,False,-1,-1,0,0,0,-1
2026-06-29 15:10:46.254,225.2449,False,33.25994,0.821532,-21.99794,0,0,0,1,0,0,1,False,-1,-1,0,0,0,-1
2026-06-29 15:10:46.288,225.2784,False,33.25988,0.821555,-21.99792,0,0,0,1,0,0,1,False,-1,-1,0,0,0,-1
2026-06-29 15:10:46.334,225.3238,False,33.25981,0.8215396,-21.99785,0,0,0,1,0,0,1,False,-1,-1,0,0,0,-1
2026-06-29 15:10:46.367,225.3573,False,33.25983,0.8215389,-21.99796,0,0,0,1,0,0,1,False,-1,-1,0,0,0,-1
2026-06-29 15:10:46.410,225.4011,False,33.25967,0.8216543,-21.99784,0,0,0,1,0,0,1,False,-1,-1,0,0,0,-1
2026-06-29 15:10:46.445,225.4354,False,33.25974,0.8216265,-21.99771,0,0,0,1,0,0,1,False,-1,-1,0,0,0,-1
2026-06-29 15:10:46.489,225.479,False,33.25984,0.8215598,-21.9978,0,0,0,1,0,0,1,False,-1,-1,0,0,0,-1
2026-06-29 15:10:46.533,225.5236,False,33.2598,0.8214916,-21.99773,0,0,0,1,0,0,1,False,-1,-1,0,0,0,-1
2026-06-29 15:10:46.578,225.5681,False,33.26001,0.8214657,-21.99779,0,0,0,1,0,0,1,False,-1,-1,0,0,0,-1
2026-06-29 15:10:46.621,225.6115,False,33.25991,0.8214586,-21.99791,0,0,0,1,0,0,1,False,-1,-1,0,0,0,-1
2026-06-29 15:10:46.655,225.6453,False,33.25988,0.8214291,-21.99784,0,0,0,1,0,0,1,False,-1,-1,0,0,0,-1
2026-06-29 15:10:46.699,225.6898,False,33.25996,0.8214921,-21.9977,0,0,0,1,0,0,1,False,-1,-1,0,0,0,-1
2026-06-29 15:10:46.743,225.7341,False,33.25991,0.821526,-21.99774,0,0,0,1,0,0,1,False,-1,-1,0,0,0,-1
2026-06-29 15:10:46.787,225.7781,False,33.2599,0.8214999,-21.99776,0,0,0,1,0,0,1,False,-1,-1,0,0,0,-1
2026-06-29 15:10:46.822,225.812,False,33.25997,0.8214639,-21.99782,0,0,0,1,0,0,1,False,-1,-1,0,0,0,-1
2026-06-29 15:10:46.866,225.8564,False,33.25971,0.8216456,-21.99761,0,0,0,1,0,0,1,False,-1,-1,0,0,0,-1
2026-06-29 15:10:46.911,225.901,False,33.25974,0.8215867,-21.99771,0,0,0,1,0,0,1,False,-1,-1,0,0,0,-1
2026-06-29 15:10:46.955,225.9461,False,33.25983,0.8215854,-21.99773,0,0,0,1,0,0,1,False,-1,-1,0,0,0,-1
2026-06-29 15:10:46.999,225.9894,False,33.25966,0.8216343,-21.99763,0,0,0,1,0,0,1,False,-1,-1,0,0,0,-1
2026-06-29 15:10:47.044,226.034,False,33.25974,0.821688,-21.99764,0,0,0,1,0,0,1,False,-1,-1,0,0,0,-1
2026-06-29 15:10:47.077,226.0677,False,33.25989,0.8216568,-21.99769,0,0,0,1,0,0,1,False,-1,-1,0,0,0,-1
2026-06-29 15:10:47.121,226.1115,False,33.25991,0.8216958,-21.99766,0,0,0,1,0,0,1,False,-1,-1,0,0,0,-1
2026-06-29 15:10:47.155,226.1457,False,33.26003,0.8217336,-21.99777,0,0,0,1,0,0,1,False,-1,-1,0,0,0,-1
2026-06-29 15:10:47.200,226.1901,False,33.2598,0.8216977,-21.99785,0,0,0,1,0,0,1,False,-1,-1,0,0,0,-1
2026-06-29 15:10:47.244,226.2343,False,33.25987,0.8216212,-21.99778,0,0,0,1,0,0,1,False,-1,-1,0,0,0,-1
2026-06-29 15:10:47.288,226.2783,False,33.25977,0.8217226,-21.99769,0,0,0,1,0,0,1,False,-1,-1,0,0,0,-1
2026-06-29 15:10:47.322,226.3117,False,33.2597,0.821718,-21.99766,0,0,0,1,0,0,1,False,-1,-1,0,0,0,-1
2026-06-29 15:10:47.365,226.3562,False,33.25988,0.821635,-21.99785,0,0,0,1,0,0,1,False,-1,-1,0,0,0,-1
2026-06-29 15:10:47.399,226.3899,False,33.25992,0.8215496,-21.99783,0,0,0,1,0,0,1,False,-1,-1,0,0,0,-1
2026-06-29 15:10:47.444,226.4346,False,33.25975,0.8214713,-21.99778,0,0,0,1,0,0,1,False,-1,-1,0,0,0,-1
2026-06-29 15:10:47.479,226.4685,False,33.25992,0.8215391,-21.99777,0,0,0,1,0,0,1,False,-1,-1,0,0,0,-1
2026-06-29 15:10:47.521,226.5118,False,33.26004,0.8215235,-21.99776,0,0,0,1,0,0,1,False,-1,-1,0,0,0,-1
2026-06-29 15:10:47.566,226.5563,False,33.25996,0.8215837,-21.9979,0,0,0,1,0,0,1,False,-1,-1,0,0,0,-1
2026-06-29 15:10:47.609,226.6,False,33.25998,0.821561,-21.99791,0,0,0,1,0,0,1,False,-1,-1,0,0,0,-1
2026-06-29 15:10:47.643,226.6339,False,33.25997,0.8214848,-21.99789,0,0,0,1,0,0,1,False,-1,-1,0,0,0,-1
2026-06-29 15:10:47.676,226.6674,False,33.26,0.8214228,-21.99795,0,0,0,1,0,0,1,False,-1,-1,0,0,0,-1
2026-06-29 15:10:47.721,226.7113,False,33.26001,0.8214313,-21.99794,0,0,0,1,0,0,1,False,-1,-1,0,0,0,-1
2026-06-29 15:10:47.765,226.7559,False,33.25988,0.821552,-21.99773,0,0,0,1,0,0,1,False,-1,-1,0,0,0,-1
2026-06-29 15:10:47.811,226.8014,False,33.25981,0.821564,-21.99765,0,0,0,1,0,0,1,False,-1,-1,0,0,0,-1
2026-06-29 15:10:47.853,226.8445,False,33.2597,0.8216009,-21.99783,0,0,0,1,0,0,1,False,-1,-1,0,0,0,-1
2026-06-29 15:10:47.899,226.8891,False,33.25978,0.8215769,-21.99767,0,0,0,1,0,0,1,False,-1,-1,0,0,0,-1
2026-06-29 15:10:47.943,226.9344,False,33.25993,0.8215609,-21.99765,0,0,0,1,0,0,1,False,-1,-1,0,0,0,-1
2026-06-29 15:10:47.977,226.9678,False,33.25999,0.821512,-21.99773,0,0,0,1,0,0,1,False,-1,-1,0,0,0,-1
2026-06-29 15:10:48.021,227.011,False,33.26006,0.8215681,-21.99775,0,0,0,1,0,0,1,False,-1,-1,0,0,0,-1
2026-06-29 15:10:48.054,227.0444,False,33.25993,0.8216094,-21.99776,0,0,0,1,0,0,1,False,-1,-1,0,0,0,-1
2026-06-29 15:10:48.087,227.0779,False,33.25986,0.8215344,-21.99784,0,0,0,1,0,0,1,False,-1,-1,0,0,0,-1
2026-06-29 15:10:48.132,227.1223,False,33.2598,0.8215569,-21.99777,0,0,0,1,0,0,1,False,-1,-1,0,0,0,-1
2026-06-29 15:10:48.166,227.1567,False,33.25962,0.8215748,-21.99782,0,0,0,1,0,0,1,False,-1,-1,0,0,0,-1
2026-06-29 15:10:48.210,227.2,False,33.25971,0.8216791,-21.9978,0,0,0,1,0,0,1,False,-1,-1,0,0,0,-1
2026-06-29 15:10:48.243,227.2336,False,33.25979,0.8215815,-21.99767,0,0,0,1,0,0,1,False,-1,-1,0,0,0,-1
2026-06-29 15:10:48.288,227.2781,False,33.25972,0.8216135,-21.99762,0,0,0,1,0,0,1,False,-1,-1,0,0,0,-1
2026-06-29 15:10:48.332,227.3224,False,33.25994,0.821525,-21.99774,0,0,0,1,0,0,1,False,-1,-1,0,0,0,-1
2026-06-29 15:10:48.365,227.3558,False,33.26015,0.8214968,-21.99786,0,0,0,1,0,0,1,False,-1,-1,0,0,0,-1
2026-06-29 15:10:48.411,227.4013,False,33.26008,0.821447,-21.99785,0,0,0,1,0,0,1,False,-1,-1,0,0,0,-1
2026-06-29 15:10:48.454,227.4444,False,33.25991,0.8215348,-21.99763,0,0,0,1,0,0,1,False,-1,-1,0,0,0,-1
2026-06-29 15:10:48.498,227.489,False,33.25986,0.8215605,-21.99759,0,0,0,1,0,0,1,False,-1,-1,0,0,0,-1
2026-06-29 15:10:48.534,227.5238,False,33.25994,0.8215582,-21.99756,0,0,0,1,0,0,1,False,-1,-1,0,0,0,-1
2026-06-29 15:10:48.578,227.5678,False,33.26008,0.8215837,-21.99746,0,0,0,1,0,0,1,False,-1,-1,0,0,0,-1
2026-06-29 15:10:48.620,227.6105,False,33.2599,0.8216216,-21.99751,0,0,0,1,0,0,1,False,-1,-1,0,0,0,-1
2026-06-29 15:10:48.658,227.644,False,33.25999,0.8215228,-21.99768,0,0,0,1,0,0,1,False,-1,-1,0,0,0,-1
2026-06-29 15:10:48.687,227.678,False,33.25995,0.8215576,-21.99769,0,0,0,1,0,0,1,False,-1,-1,0,0,0,-1
2026-06-29 15:10:48.731,227.7218,False,33.2601,0.821577,-21.99764,0,0,0,1,0,0,1,False,-1,-1,0,0,0,-1
2026-06-29 15:10:48.776,227.7666,False,33.25986,0.8216643,-21.99769,0,0,0,1,0,0,1,False,-1,-1,0,0,0,-1
2026-06-29 15:10:48.820,227.8106,False,33.25996,0.8214846,-21.99777,0,0,0,1,0,0,1,False,-1,-1,0,0,0,-1
2026-06-29 15:10:48.853,227.8441,False,33.26001,0.8215835,-21.99755,0,0,0,1,0,0,1,False,-1,-1,0,0,0,-1
2026-06-29 15:10:48.897,227.8882,False,33.2599,0.8216629,-21.99745,0,0,0,1,0,0,1,False,-1,-1,0,0,0,-1
2026-06-29 15:10:48.931,227.9221,False,33.25998,0.8215461,-21.99755,0,0,0,1,0,0,1,False,-1,-1,0,0,0,-1
2026-06-29 15:10:48.966,227.9562,False,33.25982,0.8217686,-21.9976,0,0,0,1,0,0,1,False,-1,-1,0,0,0,-1
2026-06-29 15:10:49.009,228.0005,False,33.25986,0.821691,-21.99758,0,0,0,1,0,0,1,False,-1,-1,0,0,0,-1
2026-06-29 15:10:49.053,228.0437,False,33.2598,0.8216114,-21.9976,0,0,0,1,0,0,1,False,-1,-1,0,0,0,-1
2026-06-29 15:10:49.087,228.0771,False,33.25984,0.8215341,-21.99759,0,0,0,1,0,0,1,False,-1,-1,0,0,0,-1
2026-06-29 15:10:49.132,228.122,False,33.25982,0.8216488,-21.99771,0,0,0,1,0,0,1,False,-1,-1,0,0,0,-1
2026-06-29 15:10:49.165,228.1555,False,33.2599,0.8215755,-21.99768,0,0,0,1,0,0,1,False,-1,-1,0,0,0,-1
2026-06-29 15:10:49.199,228.1891,False,33.2599,0.8215669,-21.99767,0,0,0,1,0,0,1,False,-1,-1,0,0,0,-1
2026-06-29 15:10:49.242,228.2328,False,33.25973,0.8216681,-21.99746,0,0,0,1,0,0,1,False,-1,-1,0,0,0,-1
2026-06-29 15:10:49.275,228.2663,False,33.25986,0.8215807,-21.99746,0,0,0,1,0,0,1,False,-1,-1,0,0,0,-1
2026-06-29 15:10:49.310,228.3002,False,33.25994,0.8215032,-21.99762,0,0,0,1,0,0,1,False,-1,-1,0,0,0,-1
2026-06-29 15:10:49.354,228.3441,False,33.25999,0.8213786,-21.99756,0,0,0,1,0,0,1,False,-1,-1,0,0,0,-1
2026-06-29 15:10:49.398,228.3883,False,33.25995,0.8213797,-21.99764,0,0,0,1,0,0,1,False,-1,-1,0,0,0,-1
2026-06-29 15:10:49.432,228.422,False,33.25999,0.8213774,-21.99757,0,0,0,1,0,0,1,False,-1,-1,0,0,0,-1
2026-06-29 15:10:49.476,228.4662,False,33.26012,0.8213606,-21.99762,0,0,0,1,0,0,1,False,-1,-1,0,0,0,-1
2026-06-29 15:10:49.509,228.4996,False,33.26012,0.8214037,-21.99761,0,0,0,1,0,0,1,False,-1,-1,0,0,0,-1
2026-06-29 15:10:49.542,228.5332,False,33.26006,0.8215355,-21.99759,0,0,0,1,0,0,1,False,-1,-1,0,0,0,-1
2026-06-29 15:10:49.588,228.5783,False,33.26016,0.8215423,-21.99748,0,0,0,1,0,0,1,False,-1,-1,0,0,0,-1
2026-06-29 15:10:49.631,228.6222,False,33.26009,0.8215809,-21.99755,0,0,0,1,0,0,1,False,-1,-1,0,0,0,-1
2026-06-29 15:10:49.677,228.6668,False,33.25985,0.8216894,-21.99756,0,0,0,1,0,0,1,False,-1,-1,0,0,0,-1
2026-06-29 15:10:49.719,228.7098,False,33.25969,0.8217697,-21.99749,0,0,0,1,0,0,1,False,-1,-1,0,0,0,-1
2026-06-29 15:10:49.753,228.7436,False,33.25979,0.8216353,-21.99763,0,0,0,1,0,0,1,False,-1,-1,0,0,0,-1
2026-06-29 15:10:49.797,228.788,False,33.2599,0.8216623,-21.99762,0,0,0,1,0,0,1,False,-1,-1,0,0,0,-1
2026-06-29 15:10:49.842,228.8322,False,33.25983,0.8216578,-21.99741,0,0,0,1,0,0,1,False,-1,-1,0,0,0,-1
2026-06-29 15:10:49.876,228.866,False,33.26,0.8215773,-21.99748,0,0,0,1,0,0,1,False,-1,-1,0,0,0,-1
2026-06-29 15:10:49.919,228.9097,False,33.26011,0.8216319,-21.99746,0,0,0,1,0,0,1,False,-1,-1,0,0,0,-1
2026-06-29 15:10:49.953,228.9433,False,33.26017,0.8215924,-21.99746,0,0,0,1,0,0,1,False,-1,-1,0,0,0,-1
2026-06-29 15:10:49.986,228.977,False,33.26021,0.8214821,-21.99737,0,0,0,1,0,0,1,False,-1,-1,0,0,0,-1
2026-06-29 15:10:50.023,229.0109,False,33.26003,0.8216127,-21.99725,0,0,0,1,0,0,1,False,-1,-1,0,0,0,-1
2026-06-29 15:10:50.064,229.0546,False,33.26002,0.8217126,-21.99744,0,0,0,1,0,0,1,False,-1,-1,0,0,0,-1
2026-06-29 15:10:50.097,229.0881,False,33.26005,0.8217308,-21.99754,0,0,0,1,0,0,1,False,-1,-1,0,0,0,-1
2026-06-29 15:10:50.131,229.1215,False,33.26005,0.8216157,-21.99758,0,0,0,1,0,0,1,False,-1,-1,0,0,0,-1
2026-06-29 15:10:50.176,229.1663,False,33.26001,0.821511,-21.99758,0,0,0,1,0,0,1,False,-1,-1,0,0,0,-1
2026-06-29 15:10:50.220,229.2104,False,33.25986,0.821541,-21.99748,0,0,0,1,0,0,1,False,-1,-1,0,0,0,-1
2026-06-29 15:10:50.263,229.2545,False,33.25991,0.8215129,-21.99748,0,0,0,1,0,0,1,False,-1,-1,0,0,0,-1
2026-06-29 15:10:50.298,229.2879,False,33.25988,0.821563,-21.9974,0,0,0,1,0,0,1,False,-1,-1,0,0,0,-1
2026-06-29 15:10:50.332,229.3226,False,33.25988,0.8215756,-21.99736,0,0,0,1,0,0,1,False,-1,-1,0,0,0,-1
2026-06-29 15:10:50.375,229.3663,False,33.25996,0.8215356,-21.99749,0,0,0,1,0,0,1,False,-1,-1,0,0,0,-1
2026-06-29 15:10:50.420,229.4099,False,33.25982,0.8217194,-21.99751,0,0,0,1,0,0,1,False,-1,-1,0,0,0,-1
2026-06-29 15:10:50.453,229.4436,False,33.25987,0.8216134,-21.99748,0,0,0,1,0,0,1,False,-1,-1,0,0,0,-1
2026-06-29 15:10:50.486,229.477,False,33.25984,0.8216272,-21.99748,0,0,0,1,0,0,1,False,-1,-1,0,0,0,-1
2026-06-29 15:10:50.531,229.5216,False,33.26014,0.8215331,-21.99744,0,0,0,1,0,0,1,False,-1,-1,0,0,0,-1
2026-06-29 15:10:50.564,229.555,False,33.26013,0.8215915,-21.99767,0,0,0,1,0,0,1,False,-1,-1,0,0,0,-1
2026-06-29 15:10:50.609,229.5994,False,33.26014,0.8214939,-21.99766,0,0,0,1,0,0,1,False,-1,-1,0,0,0,-1
2026-06-29 15:10:50.643,229.6338,False,33.26012,0.8214916,-21.99743,0,0,0,1,0,0,1,False,-1,-1,0,0,0,-1
2026-06-29 15:10:50.676,229.6675,False,33.25999,0.8215903,-21.99738,0,0,0,1,0,0,1,False,-1,-1,0,0,0,-1
2026-06-29 15:10:50.718,229.7094,False,33.26007,0.8215631,-21.99739,0,0,0,1,0,0,1,False,-1,-1,0,0,0,-1
2026-06-29 15:10:50.753,229.7428,False,33.2599,0.8215609,-21.99738,0,0,0,1,0,0,1,False,-1,-1,0,0,0,-1
2026-06-29 15:10:50.786,229.7765,False,33.26001,0.8215523,-21.9976,0,0,0,1,0,0,1,False,-1,-1,0,0,0,-1
2026-06-29 15:10:50.831,229.821,False,33.26007,0.8215508,-21.99759,0,0,0,1,0,0,1,False,-1,-1,0,0,0,-1
2026-06-29 15:10:50.864,229.8544,False,33.2601,0.8215389,-21.99749,0,0,0,1,0,0,1,False,-1,-1,0,0,0,-1
2026-06-29 15:10:50.908,229.8989,False,33.25992,0.8216214,-21.99748,0,0,0,1,0,0,1,False,-1,-1,0,0,0,-1
2026-06-29 15:10:50.952,229.9427,False,33.25989,0.8216103,-21.99746,0,0,0,1,0,0,1,False,-1,-1,0,0,0,-1
2026-06-29 15:10:50.986,229.9761,False,33.25997,0.8216134,-21.99728,0,0,0,1,0,0,1,False,-1,-1,0,0,0,-1
2026-06-29 15:10:51.019,230.0095,False,33.25999,0.8216594,-21.99712,0,0,0,1,0,0,1,False,-1,-1,0,0,0,-1
2026-06-29 15:10:51.052,230.0434,False,33.26002,0.8215824,-21.99724,0,0,0,1,0,0,1,False,-1,-1,0,0,0,-1
2026-06-29 15:10:51.097,230.0877,False,33.26004,0.821638,-21.9974,0,0,0,1,0,0,1,False,-1,-1,0,0,0,-1
2026-06-29 15:10:51.143,230.1329,False,33.26016,0.8216403,-21.99744,0,0,0,1,0,0,1,False,-1,-1,0,0,0,-1
2026-06-29 15:10:51.186,230.1765,False,33.26006,0.8217616,-21.99723,0,0,0,1,0,0,1,False,-1,-1,0,0,0,-1
2026-06-29 15:10:51.230,230.2207,False,33.25988,0.8218447,-21.99733,0,0,0,1,0,0,1,False,-1,-1,0,0,0,-1
2026-06-29 15:10:51.264,230.2543,False,33.25992,0.8217307,-21.99741,0,0,0,1,0,0,1,False,-1,-1,0,0,0,-1
2026-06-29 15:10:51.298,230.2879,False,33.26001,0.8217084,-21.99739,0,0,0,1,0,0,1,False,-1,-1,0,0,0,-1
2026-06-29 15:10:51.342,230.3324,False,33.25993,0.8217767,-21.99723,0,0,0,1,0,0,1,False,-1,-1,0,0,0,-1
2026-06-29 15:10:51.376,230.3661,False,33.26006,0.821737,-21.99746,0,0,0,1,0,0,1,False,-1,-1,0,0,0,-1
2026-06-29 15:10:51.420,230.4097,False,33.26016,0.8217095,-21.99753,0,0,0,1,0,0,1,False,-1,-1,0,0,0,-1
2026-06-29 15:10:51.452,230.443,False,33.26026,0.8216454,-21.99747,0,0,0,1,0,0,1,False,-1,-1,0,0,0,-1
2026-06-29 15:10:51.497,230.4883,False,33.2601,0.8216352,-21.99754,0,0,0,1,0,0,1,False,-1,-1,0,0,0,-1
2026-06-29 15:10:51.541,230.5319,False,33.26022,0.8216489,-21.9974,0,0,0,1,0,0,1,False,-1,-1,0,0,0,-1
2026-06-29 15:10:51.575,230.5653,False,33.26033,0.8216116,-21.99744,0,0,0,1,0,0,1,False,-1,-1,0,0,0,-1
2026-06-29 15:10:51.619,230.6095,False,33.26011,0.8215269,-21.99737,0,0,0,1,0,0,1,False,-1,-1,0,0,0,-1
2026-06-29 15:10:51.664,230.6543,False,33.26003,0.8216675,-21.99725,0,0,0,1,0,0,1,False,-1,-1,0,0,0,-1
2026-06-29 15:10:51.698,230.6885,False,33.26031,0.8215448,-21.9973,0,0,0,1,0,0,1,False,-1,-1,0,0,0,-1
2026-06-29 15:10:51.743,230.7329,False,33.26027,0.8214749,-21.99725,0,0,0,1,0,0,1,False,-1,-1,0,0,0,-1
2026-06-29 15:10:51.784,230.7759,False,33.26023,0.821474,-21.99729,0,0,0,1,0,0,1,False,-1,-1,0,0,0,-1
2026-06-29 15:10:51.819,230.8094,False,33.26008,0.8214486,-21.99746,0,0,0,1,0,0,1,False,-1,-1,0,0,0,-1
2026-06-29 15:10:51.864,230.8541,False,33.26007,0.8215877,-21.99727,0,0,0,1,0,0,1,False,-1,-1,0,0,0,-1
2026-06-29 15:10:51.908,230.8981,False,33.26024,0.821518,-21.99737,0,0,0,1,0,0,1,False,-1,-1,0,0,0,-1
2026-06-29 15:10:51.941,230.9317,False,33.26016,0.8215873,-21.99721,0,0,0,1,0,0,1,False,-1,-1,0,0,0,-1
2026-06-29 15:10:51.975,230.9652,False,33.26007,0.8215991,-21.99715,0,0,0,1,0,0,1,False,-1,-1,0,0,0,-1
2026-06-29 15:10:52.008,230.9986,False,33.25998,0.8215519,-21.99722,0,0,0,1,0,0,1,False,-1,-1,0,0,0,-1
2026-06-29 15:10:52.042,231.0325,False,33.25989,0.82172,-21.99718,0,0,0,1,0,0,1,False,-1,-1,0,0,0,-1
2026-06-29 15:10:52.076,231.0663,False,33.26001,0.821746,-21.99711,0,0,0,1,0,0,1,False,-1,-1,0,0,0,-1
2026-06-29 15:10:52.119,231.1096,False,33.26005,0.8216433,-21.99729,0,0,0,1,0,0,1,False,-1,-1,0,0,0,-1
2026-06-29 15:10:52.163,231.154,False,33.26004,0.8216556,-21.99741,0,0,0,1,0,0,1,False,-1,-1,0,0,0,-1
2026-06-29 15:10:52.197,231.1876,False,33.25991,0.8217633,-21.99727,0,0,0,1,0,0,1,False,-1,-1,0,0,0,-1
2026-06-29 15:10:52.241,231.2315,False,33.26023,0.82164,-21.99731,0,0,0,1,0,0,1,False,-1,-1,0,0,0,-1
2026-06-29 15:10:52.275,231.2657,False,33.26025,0.8216293,-21.99726,0,0,0,1,0,0,1,False,-1,-1,0,0,0,-1
2026-06-29 15:10:52.308,231.2992,False,33.26035,0.8216187,-21.99737,0,0,0,1,0,0,1,False,-1,-1,0,0,0,-1
2026-06-29 15:10:52.352,231.3424,False,33.26036,0.8214834,-21.99731,0,0,0,1,0,0,1,False,-1,-1,0,0,0,-1
2026-06-29 15:10:52.385,231.3758,False,33.26035,0.8214108,-21.99744,0,0,0,1,0,0,1,False,-1,-1,0,0,0,-1
2026-06-29 15:10:52.419,231.4094,False,33.26018,0.8215041,-21.99732,0,0,0,1,0,0,1,False,-1,-1,0,0,0,-1
2026-06-29 15:10:52.464,231.4539,False,33.26,0.8217526,-21.99728,0,0,0,1,0,0,1,False,-1,-1,0,0,0,-1
2026-06-29 15:10:52.508,231.4988,False,33.26007,0.8216128,-21.99706,0,0,0,1,0,0,1,False,-1,-1,0,0,0,-1
2026-06-29 15:10:52.541,231.5325,False,33.25992,0.8216102,-21.99717,0,0,0,1,0,0,1,False,-1,-1,0,0,0,-1
2026-06-29 15:10:52.585,231.5755,False,33.25991,0.8215634,-21.99729,0,0,0,1,0,0,1,False,-1,-1,0,0,0,-1
2026-06-29 15:10:52.620,231.6094,False,33.26003,0.8215746,-21.99732,0,0,0,1,0,0,1,False,-1,-1,0,0,0,-1
2026-06-29 15:10:52.664,231.6538,False,33.26024,0.8215384,-21.99707,0,0,0,1,0,0,1,False,-1,-1,0,0,0,-1
2026-06-29 15:10:52.697,231.6872,False,33.26033,0.8216305,-21.99725,0,0,0,1,0,0,1,False,-1,-1,0,0,0,-1
2026-06-29 15:10:52.746,231.7319,False,33.26033,0.8215554,-21.99747,0,0,0,1,0,0,1,False,-1,-1,0,0,0,-1
2026-06-29 15:10:52.776,231.7663,False,33.26034,0.8215593,-21.99743,0,0,0,1,0,0,1,False,-1,-1,0,0,0,-1
2026-06-29 15:10:52.819,231.8087,False,33.26025,0.8214391,-21.99738,0,0,0,1,0,0,1,False,-1,-1,0,0,0,-1
2026-06-29 15:10:52.851,231.8423,False,33.26006,0.8217505,-21.99739,0,0,0,1,0,0,1,False,-1,-1,0,0,0,-1
2026-06-29 15:10:52.885,231.8759,False,33.26017,0.8216223,-21.99729,0,0,0,1,0,0,1,False,-1,-1,0,0,0,-1
2026-06-29 15:10:52.920,231.9099,False,33.2601,0.8216077,-21.99726,0,0,0,1,0,0,1,False,-1,-1,0,0,0,-1
2026-06-29 15:10:52.964,231.9537,False,33.25971,0.8219604,-21.99732,0,0,0,1,0,0,1,False,-1,-1,0,0,0,-1
2026-06-29 15:10:52.996,231.9874,False,33.26009,0.8215861,-21.99741,0,0,0,1,0,0,1,False,-1,-1,0,0,0,-1
2026-06-29 15:10:53.042,232.0318,False,33.26009,0.8216153,-21.99727,0,0,0,1,0,0,1,False,-1,-1,0,0,0,-1
2026-06-29 15:10:53.076,232.0659,False,33.26009,0.8217379,-21.99718,0,0,0,1,0,0,1,False,-1,-1,0,0,0,-1
2026-06-29 15:10:53.109,232.0994,False,33.2601,0.8216913,-21.99729,0,0,0,1,0,0,1,False,-1,-1,0,0,0,-1
2026-06-29 15:10:53.144,232.1334,False,33.26004,0.821673,-21.99735,0,0,0,1,0,0,1,False,-1,-1,0,0,0,-1
2026-06-29 15:10:53.185,232.1754,False,33.26017,0.8217412,-21.9971,0,0,0,1,0,0,1,False,-1,-1,0,0,0,-1
2026-06-29 15:10:53.229,232.2188,False,33.26007,0.8217099,-21.99711,0,0,0,1,0,0,1,False,-1,-1,0,0,0,-1
2026-06-29 15:10:53.261,232.2523,False,33.25989,0.8216274,-21.99732,0,0,0,1,0,0,1,False,-1,-1,0,0,0,-1
2026-06-29 15:10:53.306,232.2967,False,33.25995,0.8217208,-21.99731,0,0,0,1,0,0,1,False,-1,-1,0,0,0,-1
2026-06-29 15:10:53.341,232.3306,False,33.26009,0.8217043,-21.9973,0,0,0,1,0,0,1,False,-1,-1,0,0,0,-1
2026-06-29 15:10:53.384,232.3744,False,33.26,0.821683,-21.99748,0,0,0,1,0,0,1,False,-1,-1,0,0,0,-1
2026-06-29 15:10:53.418,232.4079,False,33.25982,0.8217564,-21.99745,0,0,0,1,0,0,1,False,-1,-1,0,0,0,-1
2026-06-29 15:10:53.461,232.4523,False,33.26011,0.821641,-21.99756,0,0,0,1,0,0,1,False,-1,-1,0,0,0,-1
2026-06-29 15:10:53.506,232.4967,False,33.26029,0.8215538,-21.9973,0,0,0,1,0,0,1,False,-1,-1,0,0,0,-1
2026-06-29 15:10:53.540,232.531,False,33.26018,0.8214784,-21.9972,0,0,0,1,0,0,1,False,-1,-1,0,0,0,-1
2026-06-29 15:10:53.575,232.565,False,33.26023,0.821537,-21.99733,0,0,0,1,0,0,1,False,-1,-1,0,0,0,-1
2026-06-29 15:10:53.618,232.6085,False,33.26031,0.8214789,-21.99757,0,0,0,1,0,0,1,False,-1,-1,0,0,0,-1
2026-06-29 15:10:53.652,232.6425,False,33.26016,0.821506,-21.9974,0,0,0,1,0,0,1,False,-1,-1,0,0,0,-1
2026-06-29 15:10:53.696,232.6873,False,33.26023,0.8215614,-21.99731,0,0,0,1,0,0,1,False,-1,-1,0,0,0,-1
2026-06-29 15:10:53.741,232.7313,False,33.26005,0.8216299,-21.99745,0,0,0,1,0,0,1,False,-1,-1,0,0,0,-1
2026-06-29 15:10:53.784,232.7752,False,33.26011,0.8216245,-21.99737,0,0,0,1,0,0,1,False,-1,-1,0,0,0,-1
2026-06-29 15:10:53.819,232.8094,False,33.26021,0.8216282,-21.99735,0,0,0,1,0,0,1,False,-1,-1,0,0,0,-1
2026-06-29 15:10:53.853,232.8434,False,33.2603,0.8214834,-21.99734,0,0,0,1,0,0,1,False,-1,-1,0,0,0,-1
2026-06-29 15:10:53.896,232.886,False,33.26006,0.8215439,-21.99735,0,0,0,1,0,0,1,False,-1,-1,0,0,0,-1
2026-06-29 15:10:53.929,232.9194,False,33.26017,0.8215212,-21.99756,0,0,0,1,0,0,1,False,-1,-1,0,0,0,-1
2026-06-29 15:10:53.962,232.9528,False,33.26037,0.8216358,-21.9975,0,0,0,1,0,0,1,False,-1,-1,0,0,0,-1
2026-06-29 15:10:54.008,232.998,False,33.26015,0.8215718,-21.9973,0,0,0,1,0,0,1,False,-1,-1,0,0,0,-1
2026-06-29 15:10:54.051,233.0417,False,33.2601,0.8216159,-21.99734,0,0,0,1,0,0,1,False,-1,-1,0,0,0,-1
2026-06-29 15:10:54.095,233.0862,False,33.26013,0.8217571,-21.99735,0,0,0,1,0,0,1,False,-1,-1,0,0,0,-1
2026-06-29 15:10:54.131,233.1204,False,33.26019,0.8217431,-21.99737,0,0,0,1,0,0,1,False,-1,-1,0,0,0,-1
2026-06-29 15:10:54.173,233.1639,False,33.26001,0.8218451,-21.99735,0,0,0,1,0,0,1,False,-1,-1,0,0,0,-1
2026-06-29 15:10:54.217,233.2079,False,33.26006,0.821742,-21.99746,0,0,0,1,0,0,1,False,-1,-1,0,0,0,-1
2026-06-29 15:10:54.251,233.2415,False,33.26019,0.8217636,-21.99748,0,0,0,1,0,0,1,False,-1,-1,0,0,0,-1
2026-06-29 15:10:54.285,233.2748,False,33.26018,0.8217567,-21.99741,0,0,0,1,0,0,1,False,-1,-1,0,0,0,-1
2026-06-29 15:10:54.329,233.3199,False,33.26017,0.8216306,-21.99738,0,0,0,1,0,0,1,False,-1,-1,0,0,0,-1
2026-06-29 15:10:54.372,233.3634,False,33.26026,0.8215457,-21.99744,0,0,0,1,0,0,1,False,-1,-1,0,0,0,-1
2026-06-29 15:10:54.417,233.4076,False,33.26021,0.8216178,-21.99748,0,0,0,1,0,0,1,False,-1,-1,0,0,0,-1
2026-06-29 15:10:54.451,233.4412,False,33.26029,0.8215427,-21.99741,0,0,0,1,0,0,1,False,-1,-1,0,0,0,-1
2026-06-29 15:10:54.484,233.4747,False,33.26027,0.8214952,-21.99728,0,0,0,1,0,0,1,False,-1,-1,0,0,0,-1
2026-06-29 15:10:54.528,233.5193,False,33.26018,0.8215177,-21.99728,0,0,0,1,0,0,1,False,-1,-1,0,0,0,-1
2026-06-29 15:10:54.562,233.5528,False,33.2602,0.8215973,-21.99722,0,0,0,1,0,0,1,False,-1,-1,0,0,0,-1
2026-06-29 15:10:54.597,233.5867,False,33.26018,0.8217084,-21.99728,0,0,0,1,0,0,1,False,-1,-1,0,0,0,-1
2026-06-29 15:10:54.639,233.6303,False,33.26008,0.8217614,-21.9975,0,0,0,1,0,0,1,False,-1,-1,0,0,0,-1
2026-06-29 15:10:54.674,233.6647,False,33.25996,0.8217658,-21.99757,0,0,0,1,0,0,1,False,-1,-1,0,0,0,-1
2026-06-29 15:10:54.717,233.7077,False,33.26002,0.8217329,-21.99731,0,0,0,1,0,0,1,False,-1,-1,0,0,0,-1
2026-06-29 15:10:54.752,233.7417,False,33.25999,0.8217306,-21.9973,0,0,0,1,0,0,1,False,-1,-1,0,0,0,-1
2026-06-29 15:10:54.796,233.7862,False,33.26006,0.8217632,-21.99712,0,0,0,1,0,0,1,False,-1,-1,0,0,0,-1
2026-06-29 15:10:54.841,233.8306,False,33.26019,0.8216752,-21.99725,0,0,0,1,0,0,1,False,-1,-1,0,0,0,-1
2026-06-29 15:10:54.875,233.8651,False,33.26033,0.821613,-21.99734,0,0,0,1,0,0,1,False,-1,-1,0,0,0,-1
2026-06-29 15:10:54.919,233.9088,False,33.26032,0.8216255,-21.99746,0,0,0,1,0,0,1,False,-1,-1,0,0,0,-1
2026-06-29 15:10:54.961,233.9515,False,33.26028,0.8215508,-21.99759,0,0,0,1,0,0,1,False,-1,-1,0,0,0,-1
2026-06-29 15:10:55.004,233.9958,False,33.26016,0.8215927,-21.99738,0,0,0,1,0,0,1,False,-1,-1,0,0,0,-1
2026-06-29 15:10:55.050,234.0402,False,33.26012,0.8216171,-21.99721,0,0,0,1,0,0,1,False,-1,-1,0,0,0,-1
2026-06-29 15:10:55.094,234.0846,False,33.26,0.8215656,-21.99724,0,0,0,1,0,0,1,False,-1,-1,0,0,0,-1
2026-06-29 15:10:55.128,234.1186,False,33.26,0.8215754,-21.99722,0,0,0,1,0,0,1,False,-1,-1,0,0,0,-1
2026-06-29 15:10:55.174,234.1652,False,33.26023,0.8214646,-21.99725,0,0,0,1,0,0,1,False,-1,-1,0,0,0,-1
2026-06-29 15:10:55.216,234.2072,False,33.26018,0.8214602,-21.99729,0,0,0,1,0,0,1,False,-1,-1,0,0,0,-1
2026-06-29 15:10:55.260,234.2515,False,33.26017,0.8214923,-21.99735,0,0,0,1,0,0,1,False,-1,-1,0,0,0,-1
2026-06-29 15:10:55.294,234.2848,False,33.26025,0.8214564,-21.99738,0,0,0,1,0,0,1,False,-1,-1,0,0,0,-1
2026-06-29 15:10:55.328,234.3187,False,33.26019,0.8214327,-21.99736,0,0,0,1,0,0,1,False,-1,-1,0,0,0,-1
2026-06-29 15:10:55.361,234.3525,False,33.26006,0.8215511,-21.99728,0,0,0,1,0,0,1,False,-1,-1,0,0,0,-1
2026-06-29 15:10:55.407,234.3974,False,33.26001,0.8215796,-21.99732,0,0,0,1,0,0,1,False,-1,-1,0,0,0,-1
2026-06-29 15:10:55.451,234.4413,False,33.25995,0.8215427,-21.9974,0,0,0,1,0,0,1,False,-1,-1,0,0,0,-1
2026-06-29 15:10:55.496,234.4858,False,33.26009,0.8215501,-21.99731,0,0,0,1,0,0,1,False,-1,-1,0,0,0,-1
2026-06-29 15:10:55.529,234.5195,False,33.26001,0.8216763,-21.99722,0,0,0,1,0,0,1,False,-1,-1,0,0,0,-1
2026-06-29 15:10:55.573,234.5635,False,33.2601,0.821546,-21.99736,0,0,0,1,0,0,1,False,-1,-1,0,0,0,-1
2026-06-29 15:10:55.607,234.5972,False,33.25999,0.8215285,-21.99732,0,0,0,1,0,0,1,False,-1,-1,0,0,0,-1
2026-06-29 15:10:55.650,234.6409,False,33.25994,0.821537,-21.99733,0,0,0,1,0,0,1,False,-1,-1,0,0,0,-1
2026-06-29 15:10:55.684,234.6743,False,33.26002,0.8215193,-21.99745,0,0,0,1,0,0,1,False,-1,-1,0,0,0,-1
2026-06-29 15:10:55.729,234.7188,False,33.26021,0.8216007,-21.99733,0,0,0,1,0,0,1,False,-1,-1,0,0,0,-1
2026-06-29 15:10:55.762,234.7525,False,33.26013,0.821566,-21.99722,0,0,0,1,0,0,1,False,-1,-1,0,0,0,-1
2026-06-29 15:10:55.805,234.7963,False,33.26006,0.8216882,-21.99712,0,0,0,1,0,0,1,False,-1,-1,0,0,0,-1
2026-06-29 15:10:55.850,234.841,False,33.26004,0.8216038,-21.99726,0,0,0,1,0,0,1,False,-1,-1,0,0,0,-1
2026-06-29 15:10:55.895,234.8855,False,33.25996,0.8216662,-21.99733,0,0,0,1,0,0,1,False,-1,-1,0,0,0,-1
2026-06-29 15:10:55.929,234.9199,False,33.25992,0.8217722,-21.9972,0,0,0,1,0,0,1,False,-1,-1,0,0,0,-1
2026-06-29 15:10:55.974,234.9646,False,33.25988,0.8217906,-21.99714,0,0,0,1,0,0,1,False,-1,-1,0,0,0,-1
2026-06-29 15:10:56.017,235.0073,False,33.25999,0.8217891,-21.99736,0,0,0,1,0,0,1,False,-1,-1,0,0,0,-1
2026-06-29 15:10:56.050,235.0409,False,33.26005,0.8216868,-21.99744,0,0,0,1,0,0,1,False,-1,-1,0,0,0,-1
2026-06-29 15:10:56.095,235.0851,False,33.26014,0.8215845,-21.99745,0,0,0,1,0,0,1,False,-1,-1,0,0,0,-1
2026-06-29 15:10:56.139,235.1295,False,33.26019,0.8215975,-21.9974,0,0,0,1,0,0,1,False,-1,-1,0,0,0,-1
2026-06-29 15:10:56.183,235.174,False,33.26011,0.8216024,-21.99731,0,0,0,1,0,0,1,False,-1,-1,0,0,0,-1
2026-06-29 15:10:56.218,235.2085,False,33.26017,0.8216,-21.99736,0,0,0,1,0,0,1,False,-1,-1,0,0,0,-1
2026-06-29 15:10:56.261,235.2518,False,33.26029,0.8215562,-21.99737,0,0,0,1,0,0,1,False,-1,-1,0,0,0,-1
2026-06-29 15:10:56.305,235.2959,False,33.26017,0.8214589,-21.99728,0,0,0,1,0,0,1,False,-1,-1,0,0,0,-1
2026-06-29 15:10:56.351,235.3408,False,33.26019,0.8215392,-21.99738,0,0,0,1,0,0,1,False,-1,-1,0,0,0,-1
2026-06-29 15:10:56.384,235.3741,False,33.26022,0.8214656,-21.99747,0,0,0,1,0,0,1,False,-1,-1,0,0,0,-1
2026-06-29 15:10:56.427,235.4183,False,33.26018,0.821582,-21.99738,0,0,0,1,0,0,1,False,-1,-1,0,0,0,-1
2026-06-29 15:10:56.461,235.4519,False,33.26023,0.8214707,-21.99744,0,0,0,1,0,0,1,False,-1,-1,0,0,0,-1
2026-06-29 15:10:56.505,235.4962,False,33.26018,0.8214555,-21.99743,0,0,0,1,0,0,1,False,-1,-1,0,0,0,-1
2026-06-29 15:10:56.549,235.5405,False,33.26016,0.8214178,-21.99742,0,0,0,1,0,0,1,False,-1,-1,0,0,0,-1
2026-06-29 15:10:56.594,235.585,False,33.26006,0.8214696,-21.9973,0,0,0,1,0,0,1,False,-1,-1,0,0,0,-1
2026-06-29 15:10:56.640,235.6297,False,33.26001,0.8215016,-21.99724,0,0,0,1,0,0,1,False,-1,-1,0,0,0,-1
2026-06-29 15:10:56.684,235.674,False,33.25995,0.8214737,-21.99736,0,0,0,1,0,0,1,False,-1,-1,0,0,0,-1
2026-06-29 15:10:56.716,235.7074,False,33.26015,0.8215795,-21.99724,0,0,0,1,0,0,1,False,-1,-1,0,0,0,-1
2026-06-29 15:10:56.761,235.7515,False,33.26008,0.8216281,-21.99735,0,0,0,1,0,0,1,False,-1,-1,0,0,0,-1
2026-06-29 15:10:56.794,235.7849,False,33.26001,0.8215224,-21.99739,0,0,0,1,0,0,1,False,-1,-1,0,0,0,-1
2026-06-29 15:10:56.828,235.8184,False,33.26007,0.8215683,-21.9974,0,0,0,1,0,0,1,False,-1,-1,0,0,0,-1
2026-06-29 15:10:56.862,235.8521,False,33.26022,0.8215021,-21.99739,0,0,0,1,0,0,1,False,-1,-1,0,0,0,-1
2026-06-29 15:10:56.905,235.8959,False,33.25999,0.8215986,-21.99714,0,0,0,1,0,0,1,False,-1,-1,0,0,0,-1
2026-06-29 15:10:56.950,235.9403,False,33.25996,0.8216387,-21.99725,0,0,0,1,0,0,1,False,-1,-1,0,0,0,-1
2026-06-29 15:10:56.985,235.9752,False,33.26002,0.821592,-21.99742,0,0,0,1,0,0,1,False,-1,-1,0,0,0,-1
2026-06-29 15:10:57.018,236.0088,False,33.26011,0.8216251,-21.99742,0,0,0,1,0,0,1,False,-1,-1,0,0,0,-1
2026-06-29 15:10:57.062,236.0518,False,33.26001,0.8216673,-21.9973,0,0,0,1,0,0,1,False,-1,-1,0,0,0,-1
2026-06-29 15:10:57.105,236.0957,False,33.2599,0.821724,-21.99738,0,0,0,1,0,0,1,False,-1,-1,0,0,0,-1
2026-06-29 15:10:57.139,236.1291,False,33.25999,0.8215405,-21.9973,0,0,0,1,0,0,1,False,-1,-1,0,0,0,-1
2026-06-29 15:10:57.172,236.1629,False,33.26007,0.8215591,-21.99734,0,0,0,1,0,0,1,False,-1,-1,0,0,0,-1
2026-06-29 15:10:57.217,236.2066,False,33.26015,0.8214921,-21.99746,0,0,0,1,0,0,1,False,-1,-1,0,0,0,-1
2026-06-29 15:10:57.251,236.2413,False,33.25999,0.8215132,-21.99739,0,0,0,1,0,0,1,False,-1,-1,0,0,0,-1
2026-06-29 15:10:57.294,236.2843,False,33.26002,0.8215247,-21.99747,0,0,0,1,0,0,1,False,-1,-1,0,0,0,-1
2026-06-29 15:10:57.338,236.3287,False,33.26017,0.8215275,-21.99744,0,0,0,1,0,0,1,False,-1,-1,0,0,0,-1
2026-06-29 15:10:57.372,236.3623,False,33.26019,0.8214874,-21.9973,0,0,0,1,0,0,1,False,-1,-1,0,0,0,-1
2026-06-29 15:10:57.406,236.3964,False,33.26029,0.8214883,-21.99731,0,0,0,1,0,0,1,False,-1,-1,0,0,0,-1
2026-06-29 15:10:57.449,236.4404,False,33.26023,0.8215612,-21.99731,0,0,0,1,0,0,1,False,-1,-1,0,0,0,-1
2026-06-29 15:10:57.494,236.4846,False,33.26014,0.8214959,-21.99713,0,0,0,1,0,0,1,False,-1,-1,0,0,0,-1
2026-06-29 15:10:57.528,236.518,False,33.25999,0.8215769,-21.99718,0,0,0,1,0,0,1,False,-1,-1,0,0,0,-1
2026-06-29 15:10:57.573,236.5626,False,33.25997,0.8216333,-21.99715,0,0,0,1,0,0,1,False,-1,-1,0,0,0,-1
2026-06-29 15:10:57.616,236.6068,False,33.2601,0.8216287,-21.99727,0,0,0,1,0,0,1,False,-1,-1,0,0,0,-1
2026-06-29 15:10:57.649,236.6402,False,33.2599,0.8216837,-21.99737,0,0,0,1,0,0,1,False,-1,-1,0,0,0,-1
2026-06-29 15:10:57.684,236.6746,False,33.25992,0.8216878,-21.99745,0,0,0,1,0,0,1,False,-1,-1,0,0,0,-1
2026-06-29 15:10:57.727,236.7174,False,33.26009,0.8215857,-21.99748,0,0,0,1,0,0,1,False,-1,-1,0,0,0,-1
2026-06-29 15:10:57.760,236.7509,False,33.26007,0.821614,-21.99743,0,0,0,1,0,0,1,False,-1,-1,0,0,0,-1
2026-06-29 15:10:57.794,236.7843,False,33.26028,0.8215599,-21.99733,0,0,0,1,0,0,1,False,-1,-1,0,0,0,-1
2026-06-29 15:10:57.839,236.8291,False,33.26038,0.8214585,-21.9973,0,0,0,1,0,0,1,False,-1,-1,0,0,0,-1
2026-06-29 15:10:57.883,236.8733,False,33.2605,0.8213062,-21.99739,0,0,0,1,0,0,1,False,-1,-1,0,0,0,-1
2026-06-29 15:10:57.916,236.9068,False,33.26026,0.8215307,-21.99731,0,0,0,1,0,0,1,False,-1,-1,0,0,0,-1
2026-06-29 15:10:57.961,236.9513,False,33.26022,0.8214017,-21.99725,0,0,0,1,0,0,1,False,-1,-1,0,0,0,-1
2026-06-29 15:10:57.994,236.9847,False,33.26011,0.8215587,-21.99737,0,0,0,1,0,0,1,False,-1,-1,0,0,0,-1
2026-06-29 15:10:58.039,237.0292,False,33.26007,0.8216012,-21.99733,0,0,0,1,0,0,1,False,-1,-1,0,0,0,-1
2026-06-29 15:10:58.082,237.0729,False,33.26021,0.8214719,-21.99746,0,0,0,1,0,0,1,False,-1,-1,0,0,0,-1
2026-06-29 15:10:58.125,237.1166,False,33.26025,0.8215424,-21.99745,0,0,0,1,0,0,1,False,-1,-1,0,0,0,-1
2026-06-29 15:10:58.159,237.15,False,33.26025,0.8215435,-21.99746,0,0,0,1,0,0,1,False,-1,-1,0,0,0,-1
2026-06-29 15:10:58.193,237.1834,False,33.26045,0.8215145,-21.99748,0,0,0,1,0,0,1,False,-1,-1,0,0,0,-1
2026-06-29 15:10:58.237,237.2274,False,33.26027,0.8214742,-21.99732,0,0,0,1,0,0,1,False,-1,-1,0,0,0,-1
2026-06-29 15:10:58.271,237.2609,False,33.26034,0.8214141,-21.99723,0,0,0,1,0,0,1,False,-1,-1,0,0,0,-1
2026-06-29 15:10:58.304,237.2942,False,33.26023,0.8214689,-21.99724,0,0,0,1,0,0,1,False,-1,-1,0,0,0,-1
2026-06-29 15:10:58.337,237.3276,False,33.26033,0.8213861,-21.9973,0,0,0,1,0,0,1,False,-1,-1,0,0,0,-1
2026-06-29 15:10:58.371,237.3617,False,33.2602,0.8214149,-21.99733,0,0,0,1,0,0,1,False,-1,-1,0,0,0,-1
2026-06-29 15:10:58.414,237.4052,False,33.26023,0.8214116,-21.99722,0,0,0,1,0,0,1,False,-1,-1,0,0,0,-1
2026-06-29 15:10:58.448,237.4393,False,33.26027,0.821579,-21.9972,0,0,0,1,0,0,1,False,-1,-1,0,0,0,-1
2026-06-29 15:10:58.483,237.4731,False,33.26029,0.8215143,-21.99734,0,0,0,1,0,0,1,False,-1,-1,0,0,0,-1
2026-06-29 15:10:58.517,237.5071,False,33.26029,0.8214831,-21.99731,0,0,0,1,0,0,1,False,-1,-1,0,0,0,-1
2026-06-29 15:10:58.561,237.5508,False,33.26027,0.8214671,-21.99744,0,0,0,1,0,0,1,False,-1,-1,0,0,0,-1
2026-06-29 15:10:58.594,237.5841,False,33.26013,0.8215369,-21.99726,0,0,0,1,0,0,1,False,-1,-1,0,0,0,-1
2026-06-29 15:10:58.638,237.6281,False,33.25994,0.8215759,-21.99728,0,0,0,1,0,0,1,False,-1,-1,0,0,0,-1
2026-06-29 15:10:58.672,237.6618,False,33.26014,0.821505,-21.99736,0,0,0,1,0,0,1,False,-1,-1,0,0,0,-1
2026-06-29 15:10:58.705,237.6958,False,33.26027,0.8214675,-21.99735,0,0,0,1,0,0,1,False,-1,-1,0,0,0,-1
2026-06-29 15:10:58.748,237.7394,False,33.26029,0.8215707,-21.99728,0,0,0,1,0,0,1,False,-1,-1,0,0,0,-1
2026-06-29 15:10:58.782,237.7728,False,33.26025,0.8215314,-21.99723,0,0,0,1,0,0,1,False,-1,-1,0,0,0,-1
2026-06-29 15:10:58.816,237.8068,False,33.26001,0.8214603,-21.99726,0,0,0,1,0,0,1,False,-1,-1,0,0,0,-1
2026-06-29 15:10:58.860,237.8506,False,33.26008,0.8214594,-21.99719,0,0,0,1,0,0,1,False,-1,-1,0,0,0,-1
2026-06-29 15:10:58.904,237.8947,False,33.26009,0.8215111,-21.9973,0,0,0,1,0,0,1,False,-1,-1,0,0,0,-1
2026-06-29 15:10:58.937,237.9283,False,33.26025,0.8214892,-21.99729,0,0,0,1,0,0,1,False,-1,-1,0,0,0,-1
2026-06-29 15:10:58.983,237.9729,False,33.26027,0.8215241,-21.99723,0,0,0,1,0,0,1,False,-1,-1,0,0,0,-1
2026-06-29 15:10:59.014,238.0062,False,33.26022,0.821473,-21.99716,0,0,0,1,0,0,1,False,-1,-1,0,0,0,-1
2026-06-29 15:10:59.060,238.0506,False,33.26018,0.8214508,-21.99722,0,0,0,1,0,0,1,False,-1,-1,0,0,0,-1
2026-06-29 15:10:59.094,238.0842,False,33.26007,0.821427,-21.99724,0,0,0,1,0,0,1,False,-1,-1,0,0,0,-1
2026-06-29 15:10:59.127,238.1181,False,33.26008,0.8215479,-21.99726,0,0,0,1,0,0,1,False,-1,-1,0,0,0,-1
2026-06-29 15:10:59.170,238.1613,False,33.26,0.8216096,-21.99718,0,0,0,1,0,0,1,False,-1,-1,0,0,0,-1
2026-06-29 15:10:59.215,238.2057,False,33.25989,0.8216733,-21.99725,0,0,0,1,0,0,1,False,-1,-1,0,0,0,-1
2026-06-29 15:10:59.259,238.2499,False,33.26015,0.8214479,-21.99742,0,0,0,1,0,0,1,False,-1,-1,0,0,0,-1
2026-06-29 15:10:59.293,238.2833,False,33.26037,0.8214465,-21.99729,0,0,0,1,0,0,1,False,-1,-1,0,0,0,-1
2026-06-29 15:10:59.327,238.3172,False,33.26046,0.8214726,-21.99737,0,0,0,1,0,0,1,False,-1,-1,0,0,0,-1
2026-06-29 15:10:59.370,238.3609,False,33.26038,0.8214601,-21.99729,0,0,0,1,0,0,1,False,-1,-1,0,0,0,-1
2026-06-29 15:10:59.404,238.3944,False,33.26035,0.8214424,-21.9974,0,0,0,1,0,0,1,False,-1,-1,0,0,0,-1
2026-06-29 15:10:59.449,238.4393,False,33.26026,0.8214263,-21.9973,0,0,0,1,0,0,1,False,-1,-1,0,0,0,-1
2026-06-29 15:10:59.492,238.4832,False,33.26014,0.8214457,-21.99731,0,0,0,1,0,0,1,False,-1,-1,0,0,0,-1
2026-06-29 15:10:59.527,238.5172,False,33.26009,0.8214489,-21.99714,0,0,0,1,0,0,1,False,-1,-1,0,0,0,-1
2026-06-29 15:10:59.571,238.5611,False,33.26002,0.8215503,-21.99711,0,0,0,1,0,0,1,False,-1,-1,0,0,0,-1
2026-06-29 15:10:59.604,238.5948,False,33.26021,0.8214453,-21.9973,0,0,0,1,0,0,1,False,-1,-1,0,0,0,-1
2026-06-29 15:10:59.648,238.6391,False,33.26028,0.8214621,-21.99751,0,0,0,1,0,0,1,False,-1,-1,0,0,0,-1
2026-06-29 15:10:59.682,238.6727,False,33.26009,0.8215425,-21.99728,0,0,0,1,0,0,1,False,-1,-1,0,0,0,-1
2026-06-29 15:10:59.727,238.7174,False,33.26014,0.8215697,-21.99724,0,0,0,1,0,0,1,False,-1,-1,0,0,0,-1
2026-06-29 15:10:59.771,238.7613,False,33.26014,0.8215469,-21.99724,0,0,0,1,0,0,1,False,-1,-1,0,0,0,-1
2026-06-29 15:10:59.805,238.7947,False,33.26024,0.8214948,-21.99725,0,0,0,1,0,0,1,False,-1,-1,0,0,0,-1
2026-06-29 15:10:59.838,238.8284,False,33.26034,0.8214127,-21.99737,0,0,0,1,0,0,1,False,-1,-1,0,0,0,-1
2026-06-29 15:10:59.882,238.8723,False,33.26028,0.8214737,-21.99726,0,0,0,1,0,0,1,False,-1,-1,0,0,0,-1
2026-06-29 15:10:59.926,238.9171,False,33.26035,0.8214159,-21.9972,0,0,0,1,0,0,1,False,-1,-1,0,0,0,-1
2026-06-29 15:10:59.971,238.9612,False,33.26028,0.8215064,-21.99723,0,0,0,1,0,0,1,False,-1,-1,0,0,0,-1
2026-06-29 15:11:00.016,239.0063,False,33.26012,0.8215913,-21.99725,0,0,0,1,0,0,1,False,-1,-1,0,0,0,-1
2026-06-29 15:11:00.061,239.0506,False,33.2601,0.821606,-21.99729,0,0,0,1,0,0,1,False,-1,-1,0,0,0,-1
2026-06-29 15:11:00.104,239.0942,False,33.26027,0.821483,-21.99721,0,0,0,1,0,0,1,False,-1,-1,0,0,0,-1
2026-06-29 15:11:00.138,239.1285,False,33.26024,0.821663,-21.99711,0,0,0,1,0,0,1,False,-1,-1,0,0,0,-1
2026-06-29 15:11:00.172,239.1625,False,33.26039,0.8216684,-21.99707,0,0,0,1,0,0,1,False,-1,-1,0,0,0,-1
2026-06-29 15:11:00.215,239.205,False,33.2603,0.821664,-21.99706,0,0,0,1,0,0,1,False,-1,-1,0,0,0,-1
2026-06-29 15:11:00.248,239.2389,False,33.26035,0.8217117,-21.99725,0,0,0,1,0,0,1,False,-1,-1,0,0,0,-1
2026-06-29 15:11:00.293,239.2832,False,33.26027,0.8217204,-21.99734,0,0,0,1,0,0,1,False,-1,-1,0,0,0,-1
2026-06-29 15:11:00.338,239.3278,False,33.26026,0.8216027,-21.99729,0,0,0,1,0,0,1,False,-1,-1,0,0,0,-1
2026-06-29 15:11:00.381,239.3718,False,33.26021,0.8215445,-21.99745,0,0,0,1,0,0,1,False,-1,-1,0,0,0,-1
2026-06-29 15:11:00.415,239.4053,False,33.26012,0.8215427,-21.99744,0,0,0,1,0,0,1,False,-1,-1,0,0,0,-1
2026-06-29 15:11:00.459,239.4497,False,33.26009,0.8215954,-21.99703,0,0,0,1,0,0,1,False,-1,-1,0,0,0,-1
2026-06-29 15:11:00.503,239.4938,False,33.26002,0.8216107,-21.99694,0,0,0,1,0,0,1,False,-1,-1,0,0,0,-1
2026-06-29 15:11:00.537,239.5275,False,33.25999,0.8216099,-21.99696,0,0,0,1,0,0,1,False,-1,-1,0,0,0,-1
2026-06-29 15:11:00.582,239.5721,False,33.26003,0.8215495,-21.99709,0,0,0,1,0,0,1,False,-1,-1,0,0,0,-1
2026-06-29 15:11:00.626,239.616,False,33.26007,0.8215324,-21.99714,0,0,0,1,0,0,1,False,-1,-1,0,0,0,-1
2026-06-29 15:11:00.660,239.6506,False,33.26028,0.8216042,-21.99726,0,0,0,1,0,0,1,False,-1,-1,0,0,0,-1
2026-06-29 15:11:00.703,239.694,False,33.26047,0.8214358,-21.99731,0,0,0,1,0,0,1,False,-1,-1,0,0,0,-1
2026-06-29 15:11:00.737,239.7274,False,33.26038,0.8215645,-21.99732,0,0,0,1,0,0,1,False,-1,-1,0,0,0,-1
2026-06-29 15:11:00.772,239.7616,False,33.26052,0.8215896,-21.99724,0,0,0,1,0,0,1,False,-1,-1,0,0,0,-1
2026-06-29 15:11:00.815,239.8058,False,33.26036,0.8215509,-21.99712,0,0,0,1,0,0,1,False,-1,-1,0,0,0,-1
2026-06-29 15:11:00.858,239.8494,False,33.26017,0.8215936,-21.99699,0,0,0,1,0,0,1,False,-1,-1,0,0,0,-1
2026-06-29 15:11:00.903,239.8939,False,33.26006,0.8217021,-21.99703,0,0,0,1,0,0,1,False,-1,-1,0,0,0,-1
2026-06-29 15:11:00.948,239.9382,False,33.26037,0.8215886,-21.99693,0,0,0,1,0,0,1,False,-1,-1,0,0,0,-1
2026-06-29 15:11:00.981,239.9716,False,33.26039,0.8216009,-21.99692,0,0,0,1,0,0,1,False,-1,-1,0,0,0,-1
2026-06-29 15:11:01.015,240.0051,False,33.26022,0.8216568,-21.9971,0,0,0,1,0,0,1,False,-1,-1,0,0,0,-1
2026-06-29 15:11:01.058,240.0492,False,33.26017,0.8216657,-21.99711,0,0,0,1,0,0,1,False,-1,-1,0,0,0,-1
2026-06-29 15:11:01.091,240.0827,False,33.26023,0.8216889,-21.99721,0,0,0,1,0,0,1,False,-1,-1,0,0,0,-1
2026-06-29 15:11:01.136,240.1273,False,33.26034,0.8216662,-21.99701,0,0,0,1,0,0,1,False,-1,-1,0,0,0,-1
2026-06-29 15:11:01.170,240.1607,False,33.26048,0.8215148,-21.99717,0,0,0,1,0,0,1,False,-1,-1,0,0,0,-1
2026-06-29 15:11:01.205,240.195,False,33.26041,0.8215799,-21.99717,0,0,0,1,0,0,1,False,-1,-1,0,0,0,-1
2026-06-29 15:11:01.247,240.2381,False,33.26029,0.8215784,-21.99706,0,0,0,1,0,0,1,False,-1,-1,0,0,0,-1
2026-06-29 15:11:01.280,240.2715,False,33.26018,0.821633,-21.99702,0,0,0,1,0,0,1,False,-1,-1,0,0,0,-1
2026-06-29 15:11:01.316,240.3066,False,33.26025,0.8215795,-21.99708,0,0,0,1,0,0,1,False,-1,-1,0,0,0,-1
2026-06-29 15:11:01.359,240.3499,False,33.26013,0.8216292,-21.99707,0,0,0,1,0,0,1,False,-1,-1,0,0,0,-1
2026-06-29 15:11:01.393,240.3838,False,33.26018,0.8215294,-21.99714,0,0,0,1,0,0,1,False,-1,-1,0,0,0,-1
2026-06-29 15:11:01.428,240.4177,False,33.26024,0.8215865,-21.99712,0,0,0,1,0,0,1,False,-1,-1,0,0,0,-1
2026-06-29 15:11:01.469,240.4599,False,33.26001,0.8216986,-21.997,0,0,0,1,0,0,1,False,-1,-1,0,0,0,-1
2026-06-29 15:11:01.514,240.5045,False,33.26024,0.8215613,-21.99699,0,0,0,1,0,0,1,False,-1,-1,0,0,0,-1
2026-06-29 15:11:01.547,240.5383,False,33.26033,0.8216596,-21.99706,0,0,0,1,0,0,1,False,-1,-1,0,0,0,-1
2026-06-29 15:11:01.592,240.5823,False,33.2603,0.8215564,-21.99717,0,0,0,1,0,0,1,False,-1,-1,0,0,0,-1
2026-06-29 15:11:01.636,240.6268,False,33.26027,0.8215832,-21.99711,0,0,0,1,0,0,1,False,-1,-1,0,0,0,-1
2026-06-29 15:11:01.681,240.6716,False,33.26025,0.8215289,-21.99696,0,0,0,1,0,0,1,False,-1,-1,0,0,0,-1
2026-06-29 15:11:01.725,240.7151,False,33.26021,0.8216459,-21.99686,0,0,0,1,0,0,1,False,-1,-1,0,0,0,-1
2026-06-29 15:11:01.758,240.7487,False,33.26019,0.8217118,-21.99696,0,0,0,1,0,0,1,False,-1,-1,0,0,0,-1
2026-06-29 15:11:01.792,240.7827,False,33.26031,0.8216204,-21.99705,0,0,0,1,0,0,1,False,-1,-1,0,0,0,-1
2026-06-29 15:11:01.836,240.8268,False,33.26044,0.8216428,-21.99701,0,0,0,1,0,0,1,False,-1,-1,0,0,0,-1
2026-06-29 15:11:01.869,240.8602,False,33.26039,0.8216742,-21.99694,0,0,0,1,0,0,1,False,-1,-1,0,0,0,-1
2026-06-29 15:11:01.914,240.9046,False,33.26027,0.8216431,-21.99685,0,0,0,1,0,0,1,False,-1,-1,0,0,0,-1
2026-06-29 15:11:01.948,240.938,False,33.26024,0.8217192,-21.9969,0,0,0,1,0,0,1,False,-1,-1,0,0,0,-1
2026-06-29 15:11:01.981,240.9715,False,33.26032,0.8216826,-21.99699,0,0,0,1,0,0,1,False,-1,-1,0,0,0,-1
2026-06-29 15:11:02.014,241.0049,False,33.26029,0.8217562,-21.99702,0,0,0,1,0,0,1,False,-1,-1,0,0,0,-1
2026-06-29 15:11:02.050,241.0401,False,33.26019,0.8217121,-21.99701,0,0,0,1,0,0,1,False,-1,-1,0,0,0,-1
2026-06-29 15:11:02.093,241.0828,False,33.26014,0.8217393,-21.997,0,0,0,1,0,0,1,False,-1,-1,0,0,0,-1
2026-06-29 15:11:02.135,241.1264,False,33.26003,0.8217441,-21.99698,0,0,0,1,0,0,1,False,-1,-1,0,0,0,-1
2026-06-29 15:11:02.169,241.1597,False,33.26022,0.821727,-21.9971,0,0,0,1,0,0,1,False,-1,-1,0,0,0,-1
2026-06-29 15:11:02.213,241.2039,False,33.2602,0.8216942,-21.99704,0,0,0,1,0,0,1,False,-1,-1,0,0,0,-1
2026-06-29 15:11:02.260,241.2503,False,33.26017,0.8216676,-21.99707,0,0,0,1,0,0,1,False,-1,-1,0,0,0,-1
2026-06-29 15:11:02.296,241.287,False,33.26052,0.8215167,-21.99702,0,0,0,1,0,0,1,False,-1,-1,0,0,0,-1
2026-06-29 15:11:02.332,241.3226,False,33.26051,0.8214259,-21.9971,0,0,0,1,0,0,1,False,-1,-1,0,0,0,-1
2026-06-29 15:11:02.378,241.3677,False,33.26027,0.8214858,-21.99693,0,0,0,1,0,0,1,False,-1,-1,0,0,0,-1
2026-06-29 15:11:02.411,241.4012,False,33.26017,0.8215513,-21.99694,0,0,0,1,0,0,1,False,-1,-1,0,0,0,-1
2026-06-29 15:11:02.454,241.4445,False,33.26046,0.8214515,-21.99702,0,0,0,1,0,0,1,False,-1,-1,0,0,0,-1
2026-06-29 15:11:02.487,241.478,False,33.26058,0.8213803,-21.99717,0,0,0,1,0,0,1,False,-1,-1,0,0,0,-1
2026-06-29 15:11:02.533,241.5228,False,33.2603,0.8215095,-21.99697,0,0,0,1,0,0,1,False,-1,-1,0,0,0,-1
2026-06-29 15:11:02.577,241.5668,False,33.26035,0.8214886,-21.99705,0,0,0,1,0,0,1,False,-1,-1,0,0,0,-1
2026-06-29 15:11:02.610,241.6008,False,33.26038,0.8215213,-21.99716,0,0,0,1,0,0,1,False,-1,-1,0,0,0,-1
2026-06-29 15:11:02.654,241.6447,False,33.26046,0.8215389,-21.99709,0,0,0,1,0,0,1,False,-1,-1,0,0,0,-1
2026-06-29 15:11:02.688,241.679,False,33.2605,0.8215703,-21.9969,0,0,0,1,0,0,1,False,-1,-1,0,0,0,-1
2026-06-29 15:11:02.723,241.7128,False,33.26044,0.8215237,-21.99682,0,0,0,1,0,0,1,False,-1,-1,0,0,0,-1
2026-06-29 15:11:02.758,241.7476,False,33.26043,0.8214746,-21.997,0,0,0,1,0,0,1,False,-1,-1,0,0,0,-1
2026-06-29 15:11:02.802,241.7919,False,33.2603,0.8215526,-21.99707,0,0,0,1,0,0,1,False,-1,-1,0,0,0,-1
2026-06-29 15:11:02.836,241.8262,False,33.26037,0.8215682,-21.99699,0,0,0,1,0,0,1,False,-1,-1,0,0,0,-1
2026-06-29 15:11:02.880,241.8712,False,33.26048,0.8216497,-21.99696,0,0,0,1,0,0,1,False,-1,-1,0,0,0,-1
2026-06-29 15:11:02.924,241.9153,False,33.26025,0.8217213,-21.99706,0,0,0,1,0,0,1,False,-1,-1,0,0,0,-1
2026-06-29 15:11:02.969,241.9594,False,33.26031,0.8216938,-21.99701,0,0,0,1,0,0,1,False,-1,-1,0,0,0,-1
2026-06-29 15:11:03.002,241.9934,False,33.26025,0.8218055,-21.99704,0,0,0,1,0,0,1,False,-1,-1,0,0,0,-1
2026-06-29 15:11:03.047,242.0377,False,33.26028,0.8217105,-21.99696,0,0,0,1,0,0,1,False,-1,-1,0,0,0,-1
2026-06-29 15:11:03.081,242.0712,False,33.2604,0.8216878,-21.99707,0,0,0,1,0,0,1,False,-1,-1,0,0,0,-1
2026-06-29 15:11:03.125,242.1156,False,33.26035,0.8215871,-21.99701,0,0,0,1,0,0,1,False,-1,-1,0,0,0,-1
2026-06-29 15:11:03.159,242.1491,False,33.2603,0.8216166,-21.99712,0,0,0,1,0,0,1,False,-1,-1,0,0,0,-1
2026-06-29 15:11:03.193,242.1836,False,33.26033,0.8215004,-21.99716,0,0,0,1,0,0,1,False,-1,-1,0,0,0,-1
2026-06-29 15:11:03.236,242.2269,False,33.26039,0.8215377,-21.99715,0,0,0,1,0,0,1,False,-1,-1,0,0,0,-1
2026-06-29 15:11:03.281,242.2706,False,33.26038,0.8215377,-21.99717,0,0,0,1,0,0,1,False,-1,-1,0,0,0,-1
2026-06-29 15:11:03.316,242.3059,False,33.26031,0.8215524,-21.9971,0,0,0,1,0,0,1,False,-1,-1,0,0,0,-1
2026-06-29 15:11:03.357,242.3481,False,33.26015,0.8216508,-21.99705,0,0,0,1,0,0,1,False,-1,-1,0,0,0,-1
2026-06-29 15:11:03.402,242.3926,False,33.26018,0.8216749,-21.997,0,0,0,1,0,0,1,False,-1,-1,0,0,0,-1
2026-06-29 15:11:03.437,242.4264,False,33.26017,0.8215892,-21.99705,0,0,0,1,0,0,1,False,-1,-1,0,0,0,-1
2026-06-29 15:11:03.480,242.4705,False,33.26046,0.8214534,-21.99718,0,0,0,1,0,0,1,False,-1,-1,0,0,0,-1
2026-06-29 15:11:03.524,242.5148,False,33.26029,0.821488,-21.99727,0,0,0,1,0,0,1,False,-1,-1,0,0,0,-1
2026-06-29 15:11:03.557,242.5482,False,33.26026,0.8215842,-21.99719,0,0,0,1,0,0,1,False,-1,-1,0,0,0,-1
2026-06-29 15:11:03.601,242.5919,False,33.26021,0.8216081,-21.99709,0,0,0,1,0,0,1,False,-1,-1,0,0,0,-1
2026-06-29 15:11:03.635,242.626,False,33.26014,0.8216383,-21.997,0,0,0,1,0,0,1,False,-1,-1,0,0,0,-1
2026-06-29 15:11:03.669,242.6598,False,33.26017,0.821683,-21.99716,0,0,0,1,0,0,1,False,-1,-1,0,0,0,-1
2026-06-29 15:11:03.714,242.7041,False,33.26004,0.8217751,-21.99712,0,0,0,1,0,0,1,False,-1,-1,0,0,0,-1
2026-06-29 15:11:03.747,242.7379,False,33.26021,0.8215817,-21.99703,0,0,0,1,0,0,1,False,-1,-1,0,0,0,-1
2026-06-29 15:11:03.781,242.772,False,33.26018,0.8216095,-21.99715,0,0,0,1,0,0,1,False,-1,-1,0,0,0,-1
2026-06-29 15:11:03.826,242.8169,False,33.26023,0.8215837,-21.9971,0,0,0,1,0,0,1,False,-1,-1,0,0,0,-1
2026-06-29 15:11:03.869,242.8589,False,33.26026,0.8216658,-21.99695,0,0,0,1,0,0,1,False,-1,-1,0,0,0,-1
2026-06-29 15:11:03.914,242.9037,False,33.2603,0.8216415,-21.99695,0,0,0,1,0,0,1,False,-1,-1,0,0,0,-1
2026-06-29 15:11:03.956,242.9472,False,33.26049,0.8214951,-21.99715,0,0,0,1,0,0,1,False,-1,-1,0,0,0,-1
2026-06-29 15:11:03.991,242.9811,False,33.26058,0.8214114,-21.99718,0,0,0,1,0,0,1,False,-1,-1,0,0,0,-1
2026-06-29 15:11:04.034,243.0249,False,33.26038,0.8213611,-21.99714,0,0,0,1,0,0,1,False,-1,-1,0,0,0,-1
2026-06-29 15:11:04.068,243.0586,False,33.26029,0.8214367,-21.99704,0,0,0,1,0,0,1,False,-1,-1,0,0,0,-1
2026-06-29 15:11:04.112,243.1028,False,33.26023,0.8213958,-21.99704,0,0,0,1,0,0,1,False,-1,-1,0,0,0,-1
2026-06-29 15:11:04.146,243.1362,False,33.26023,0.8213789,-21.99717,0,0,0,1,0,0,1,False,-1,-1,0,0,0,-1
2026-06-29 15:11:04.179,243.1699,False,33.2603,0.8214052,-21.99704,0,0,0,1,0,0,1,False,-1,-1,0,0,0,-1
2026-06-29 15:11:04.214,243.2036,False,33.26019,0.8215352,-21.99693,0,0,0,1,0,0,1,False,-1,-1,0,0,0,-1
2026-06-29 15:11:04.258,243.248,False,33.26021,0.8214962,-21.99698,0,0,0,1,0,0,1,False,-1,-1,0,0,0,-1
2026-06-29 15:11:04.301,243.2921,False,33.26007,0.8215908,-21.99695,0,0,0,1,0,0,1,False,-1,-1,0,0,0,-1
2026-06-29 15:11:04.335,243.3255,False,33.26018,0.8216026,-21.99695,0,0,0,1,0,0,1,False,-1,-1,0,0,0,-1
2026-06-29 15:11:04.370,243.3605,False,33.26025,0.821563,-21.99702,0,0,0,1,0,0,1,False,-1,-1,0,0,0,-1
2026-06-29 15:11:04.413,243.4035,False,33.26028,0.8215608,-21.9969,0,0,0,1,0,0,1,False,-1,-1,0,0,0,-1
2026-06-29 15:11:04.457,243.4478,False,33.26028,0.8217046,-21.99697,0,0,0,1,0,0,1,False,-1,-1,0,0,0,-1
2026-06-29 15:11:04.500,243.4917,False,33.2602,0.8216464,-21.99701,0,0,0,1,0,0,1,False,-1,-1,0,0,0,-1
2026-06-29 15:11:04.534,243.5252,False,33.26025,0.8216671,-21.99714,0,0,0,1,0,0,1,False,-1,-1,0,0,0,-1
2026-06-29 15:11:04.568,243.5587,False,33.26031,0.821746,-21.99713,0,0,0,1,0,0,1,False,-1,-1,0,0,0,-1
2026-06-29 15:11:04.613,243.6029,False,33.26042,0.8217297,-21.99705,0,0,0,1,0,0,1,False,-1,-1,0,0,0,-1
2026-06-29 15:11:04.646,243.6364,False,33.26044,0.8216917,-21.99699,0,0,0,1,0,0,1,False,-1,-1,0,0,0,-1
2026-06-29 15:11:04.691,243.6816,False,33.26029,0.8217711,-21.99702,0,0,0,1,0,0,1,False,-1,-1,0,0,0,-1
2026-06-29 15:11:04.735,243.7253,False,33.26022,0.821818,-21.99703,0,0,0,1,0,0,1,False,-1,-1,0,0,0,-1
2026-06-29 15:11:04.768,243.7587,False,33.2601,0.8218452,-21.99701,0,0,0,1,0,0,1,False,-1,-1,0,0,0,-1
2026-06-29 15:11:04.802,243.7923,False,33.26017,0.8218183,-21.99714,0,0,0,1,0,0,1,False,-1,-1,0,0,0,-1
2026-06-29 15:11:04.845,243.8362,False,33.26032,0.8216893,-21.9971,0,0,0,1,0,0,1,False,-1,-1,0,0,0,-1
2026-06-29 15:11:04.880,243.8704,False,33.26038,0.821614,-21.99722,0,0,0,1,0,0,1,False,-1,-1,0,0,0,-1
2026-06-29 15:11:04.924,243.9142,False,33.26034,0.8216742,-21.99706,0,0,0,1,0,0,1,False,-1,-1,0,0,0,-1
2026-06-29 15:11:04.957,243.9476,False,33.26025,0.8217168,-21.9971,0,0,0,1,0,0,1,False,-1,-1,0,0,0,-1
2026-06-29 15:11:04.990,243.9809,False,33.26025,0.8215966,-21.99718,0,0,0,1,0,0,1,False,-1,-1,0,0,0,-1
2026-06-29 15:11:05.035,244.0252,False,33.26019,0.8216358,-21.99708,0,0,0,1,0,0,1,False,-1,-1,0,0,0,-1
2026-06-29 15:11:05.068,244.0589,False,33.26033,0.8215411,-21.99712,0,0,0,1,0,0,1,False,-1,-1,0,0,0,-1
2026-06-29 15:11:05.101,244.0924,False,33.26039,0.8214886,-21.99726,0,0,0,1,0,0,1,False,-1,-1,0,0,0,-1
2026-06-29 15:11:05.145,244.1366,False,33.26034,0.8216332,-21.99717,0,0,0,1,0,0,1,False,-1,-1,0,0,0,-1
2026-06-29 15:11:05.180,244.1704,False,33.26048,0.8215821,-21.99727,0,0,0,1,0,0,1,False,-1,-1,0,0,0,-1
2026-06-29 15:11:05.225,244.2153,False,33.26045,0.8215229,-21.99712,0,0,0,1,0,0,1,False,-1,-1,0,0,0,-1
2026-06-29 15:11:05.268,244.2585,False,33.26036,0.8215983,-21.997,0,0,0,1,0,0,1,False,-1,-1,0,0,0,-1
2026-06-29 15:11:05.312,244.303,False,33.26027,0.8215475,-21.9971,0,0,0,1,0,0,1,False,-1,-1,0,0,0,-1
2026-06-29 15:11:05.346,244.3364,False,33.26027,0.8215333,-21.9971,0,0,0,1,0,0,1,False,-1,-1,0,0,0,-1
2026-06-29 15:11:05.379,244.3697,False,33.26032,0.8215377,-21.99703,0,0,0,1,0,0,1,False,-1,-1,0,0,0,-1
2026-06-29 15:11:05.414,244.4046,False,33.26035,0.821563,-21.99708,0,0,0,1,0,0,1,False,-1,-1,0,0,0,-1
2026-06-29 15:11:05.457,244.4472,False,33.2604,0.821534,-21.99719,0,0,0,1,0,0,1,False,-1,-1,0,0,0,-1
2026-06-29 15:11:05.491,244.4815,False,33.26034,0.8215737,-21.99718,0,0,0,1,0,0,1,False,-1,-1,0,0,0,-1
2026-06-29 15:11:05.534,244.525,False,33.26038,0.8214946,-21.99714,0,0,0,1,0,0,1,False,-1,-1,0,0,0,-1
2026-06-29 15:11:05.578,244.5694,False,33.26033,0.8214775,-21.99716,0,0,0,1,0,0,1,False,-1,-1,0,0,0,-1
2026-06-29 15:11:05.622,244.6135,False,33.26041,0.8215157,-21.99712,0,0,0,1,0,0,1,False,-1,-1,0,0,0,-1
2026-06-29 15:11:05.656,244.6471,False,33.26034,0.8215141,-21.99713,0,0,0,1,0,0,1,False,-1,-1,0,0,0,-1
2026-06-29 15:11:05.690,244.6809,False,33.26008,0.8217233,-21.99707,0,0,0,1,0,0,1,False,-1,-1,0,0,0,-1
2026-06-29 15:11:05.723,244.7143,False,33.26012,0.8216281,-21.99712,0,0,0,1,0,0,1,False,-1,-1,0,0,0,-1
2026-06-29 15:11:05.767,244.758,False,33.26022,0.8216125,-21.9971,0,0,0,1,0,0,1,False,-1,-1,0,0,0,-1
2026-06-29 15:11:05.800,244.7914,False,33.26025,0.8216423,-21.99702,0,0,0,1,0,0,1,False,-1,-1,0,0,0,-1
2026-06-29 15:11:05.834,244.8248,False,33.2604,0.8215304,-21.99704,0,0,0,1,0,0,1,False,-1,-1,0,0,0,-1
2026-06-29 15:11:05.867,244.8585,False,33.2603,0.8215668,-21.99699,0,0,0,1,0,0,1,False,-1,-1,0,0,0,-1
2026-06-29 15:11:05.901,244.8918,False,33.26033,0.821645,-21.99706,0,0,0,1,0,0,1,False,-1,-1,0,0,0,-1
2026-06-29 15:11:05.945,244.936,False,33.26047,0.8215284,-21.99713,0,0,0,1,0,0,1,False,-1,-1,0,0,0,-1
2026-06-29 15:11:05.979,244.9701,False,33.26041,0.8215382,-21.99709,0,0,0,1,0,0,1,False,-1,-1,0,0,0,-1
2026-06-29 15:11:06.016,245.0058,False,33.26028,0.8215044,-21.99698,0,0,0,1,0,0,1,False,-1,-1,0,0,0,-1
2026-06-29 15:11:06.048,245.0398,False,33.26018,0.8215909,-21.99693,0,0,0,1,0,0,1,False,-1,-1,0,0,0,-1
2026-06-29 15:11:06.093,245.0835,False,33.26022,0.8214798,-21.99712,0,0,0,1,0,0,1,False,-1,-1,0,0,0,-1
2026-06-29 15:11:06.126,245.1169,False,33.2603,0.8214236,-21.99707,0,0,0,1,0,0,1,False,-1,-1,0,0,0,-1
2026-06-29 15:11:06.182,245.1723,False,33.26029,0.8214439,-21.99693,0,0,0,1,0,0,1,False,-1,-1,0,0,0,-1
2026-06-29 15:11:06.219,245.209,False,33.26015,0.8214726,-21.99701,0,0,0,1,0,0,1,False,-1,-1,0,0,0,-1
2026-06-29 15:11:06.263,245.2532,False,33.26023,0.8214816,-21.99704,0,0,0,1,0,0,1,False,-1,-1,0,0,0,-1
2026-06-29 15:11:06.307,245.2974,False,33.2603,0.8215238,-21.99705,0,0,0,1,0,0,1,False,-1,-1,0,0,0,-1
2026-06-29 15:11:06.340,245.331,False,33.26034,0.8215773,-21.99713,0,0,0,1,0,0,1,False,-1,-1,0,0,0,-1
2026-06-29 15:11:06.384,245.3749,False,33.26027,0.821669,-21.99709,0,0,0,1,0,0,1,False,-1,-1,0,0,0,-1
2026-06-29 15:11:06.429,245.4202,False,33.26048,0.8216325,-21.99712,0,0,0,1,0,0,1,False,-1,-1,0,0,0,-1
2026-06-29 15:11:06.463,245.4538,False,33.26042,0.8217022,-21.99714,0,0,0,1,0,0,1,False,-1,-1,0,0,0,-1
2026-06-29 15:11:06.507,245.4978,False,33.26045,0.8215081,-21.99708,0,0,0,1,0,0,1,False,-1,-1,0,0,0,-1
2026-06-29 15:11:06.551,245.5417,False,33.26022,0.8216283,-21.99701,0,0,0,1,0,0,1,False,-1,-1,0,0,0,-1
2026-06-29 15:11:06.584,245.5755,False,33.26024,0.8215914,-21.99701,0,0,0,1,0,0,1,False,-1,-1,0,0,0,-1
2026-06-29 15:11:06.618,245.6089,False,33.26024,0.8215641,-21.99709,0,0,0,1,0,0,1,False,-1,-1,0,0,0,-1
2026-06-29 15:11:06.653,245.6434,False,33.26032,0.8215801,-21.99712,0,0,0,1,0,0,1,False,-1,-1,0,0,0,-1
2026-06-29 15:11:06.686,245.6775,False,33.26035,0.8214935,-21.99715,0,0,0,1,0,0,1,False,-1,-1,0,0,0,-1
2026-06-29 15:11:06.720,245.7118,False,33.26032,0.8215725,-21.99712,0,0,0,1,0,0,1,False,-1,-1,0,0,0,-1
2026-06-29 15:11:06.755,245.7456,False,33.26045,0.8213921,-21.99716,0,0,0,1,0,0,1,False,-1,-1,0,0,0,-1
2026-06-29 15:11:06.800,245.7903,False,33.26035,0.8214248,-21.99704,0,0,0,1,0,0,1,False,-1,-1,0,0,0,-1
2026-06-29 15:11:06.833,245.8239,False,33.26028,0.82141,-21.99698,0,0,0,1,0,0,1,False,-1,-1,0,0,0,-1
2026-06-29 15:11:06.866,245.8572,False,33.2604,0.8214035,-21.99719,0,0,0,1,0,0,1,False,-1,-1,0,0,0,-1
2026-06-29 15:11:06.900,245.8909,False,33.26048,0.8214422,-21.99721,0,0,0,1,0,0,1,False,-1,-1,0,0,0,-1
2026-06-29 15:11:06.934,245.9246,False,33.26053,0.8213266,-21.99726,0,0,0,1,0,0,1,False,-1,-1,0,0,0,-1
2026-06-29 15:11:06.979,245.9691,False,33.26036,0.8213168,-21.99715,0,0,0,1,0,0,1,False,-1,-1,0,0,0,-1
2026-06-29 15:11:07.013,246.0028,False,33.26022,0.8214381,-21.99706,0,0,0,1,0,0,1,False,-1,-1,0,0,0,-1
2026-06-29 15:11:07.057,246.0468,False,33.26024,0.8214718,-21.99696,0,0,0,1,0,0,1,False,-1,-1,0,0,0,-1
2026-06-29 15:11:07.090,246.0802,False,33.26019,0.8214486,-21.99701,0,0,0,1,0,0,1,False,-1,-1,0,0,0,-1
2026-06-29 15:11:07.134,246.1241,False,33.26017,0.8214846,-21.997,0,0,0,1,0,0,1,False,-1,-1,0,0,0,-1
2026-06-29 15:11:07.168,246.1579,False,33.26019,0.8214523,-21.99701,0,0,0,1,0,0,1,False,-1,-1,0,0,0,-1
2026-06-29 15:11:07.201,246.1915,False,33.26019,0.8214827,-21.99709,0,0,0,1,0,0,1,False,-1,-1,0,0,0,-1
2026-06-29 15:11:07.245,246.2356,False,33.26029,0.8216171,-21.99701,0,0,0,1,0,0,1,False,-1,-1,0,0,0,-1
2026-06-29 15:11:07.290,246.2806,False,33.26038,0.8216256,-21.99683,0,0,0,1,0,0,1,False,-1,-1,0,0,0,-1
2026-06-29 15:11:07.334,246.3242,False,33.2605,0.8215511,-21.99709,0,0,0,1,0,0,1,False,-1,-1,0,0,0,-1
2026-06-29 15:11:07.378,246.3685,False,33.26019,0.8216427,-21.99694,0,0,0,1,0,0,1,False,-1,-1,0,0,0,-1
2026-06-29 15:11:07.412,246.4023,False,33.26009,0.8216575,-21.99685,0,0,0,1,0,0,1,False,-1,-1,0,0,0,-1
2026-06-29 15:11:07.445,246.4363,False,33.26011,0.8216825,-21.99688,0,0,0,1,0,0,1,False,-1,-1,0,0,0,-1
2026-06-29 15:11:07.480,246.4702,False,33.2602,0.8215626,-21.99695,0,0,0,1,0,0,1,False,-1,-1,0,0,0,-1
2026-06-29 15:11:07.523,246.5136,False,33.26025,0.8215308,-21.99708,0,0,0,1,0,0,1,False,-1,-1,0,0,0,-1
2026-06-29 15:11:07.568,246.5581,False,33.26033,0.8215254,-21.99702,0,0,0,1,0,0,1,False,-1,-1,0,0,0,-1
2026-06-29 15:11:07.611,246.6016,False,33.26015,0.8214902,-21.99708,0,0,0,1,0,0,1,False,-1,-1,0,0,0,-1
2026-06-29 15:11:07.644,246.6354,False,33.26012,0.8215684,-21.9969,0,0,0,1,0,0,1,False,-1,-1,0,0,0,-1
2026-06-29 15:11:07.689,246.6798,False,33.26024,0.821555,-21.99692,0,0,0,1,0,0,1,False,-1,-1,0,0,0,-1
2026-06-29 15:11:07.734,246.7239,False,33.26025,0.8216668,-21.99696,0,0,0,1,0,0,1,False,-1,-1,0,0,0,-1
2026-06-29 15:11:07.778,246.7682,False,33.26044,0.8216608,-21.99691,0,0,0,1,0,0,1,False,-1,-1,0,0,0,-1
2026-06-29 15:11:07.822,246.8133,False,33.26051,0.8215798,-21.99691,0,0,0,1,0,0,1,False,-1,-1,0,0,0,-1
2026-06-29 15:11:07.857,246.847,False,33.26062,0.8214742,-21.99695,0,0,0,1,0,0,1,False,-1,-1,0,0,0,-1
2026-06-29 15:11:07.900,246.8906,False,33.26035,0.8215798,-21.99702,0,0,0,1,0,0,1,False,-1,-1,0,0,0,-1
2026-06-29 15:11:07.944,246.9355,False,33.2603,0.8216005,-21.99689,0,0,0,1,0,0,1,False,-1,-1,0,0,0,-1
2026-06-29 15:11:07.979,246.9697,False,33.26025,0.821572,-21.99683,0,0,0,1,0,0,1,False,-1,-1,0,0,0,-1
2026-06-29 15:11:08.022,247.0128,False,33.26036,0.8215646,-21.99684,0,0,0,1,0,0,1,False,-1,-1,0,0,0,-1
2026-06-29 15:11:08.056,247.0463,False,33.26054,0.8214892,-21.99701,0,0,0,1,0,0,1,False,-1,-1,0,0,0,-1
2026-06-29 15:11:08.089,247.0797,False,33.26044,0.8215044,-21.99697,0,0,0,1,0,0,1,False,-1,-1,0,0,0,-1
2026-06-29 15:11:08.134,247.1238,False,33.26025,0.8216657,-21.99694,0,0,0,1,0,0,1,False,-1,-1,0,0,0,-1
2026-06-29 15:11:08.167,247.1575,False,33.26036,0.8216688,-21.99688,0,0,0,1,0,0,1,False,-1,-1,0,0,0,-1
2026-06-29 15:11:08.200,247.1908,False,33.26056,0.8215677,-21.99689,0,0,0,1,0,0,1,False,-1,-1,0,0,0,-1
2026-06-29 15:11:08.244,247.235,False,33.26039,0.8216117,-21.99689,0,0,0,1,0,0,1,False,-1,-1,0,0,0,-1
2026-06-29 15:11:08.288,247.2792,False,33.26036,0.8216259,-21.99706,0,0,0,1,0,0,1,False,-1,-1,0,0,0,-1
2026-06-29 15:11:08.324,247.3142,False,33.26041,0.8215308,-21.99696,0,0,0,1,0,0,1,False,-1,-1,0,0,0,-1
2026-06-29 15:11:08.366,247.3569,False,33.2602,0.8216544,-21.99683,0,0,0,1,0,0,1,False,-1,-1,0,0,0,-1
2026-06-29 15:11:08.411,247.4013,False,33.26035,0.8216766,-21.99693,0,0,0,1,0,0,1,False,-1,-1,0,0,0,-1
2026-06-29 15:11:08.444,247.4355,False,33.26042,0.8216575,-21.99701,0,0,0,1,0,0,1,False,-1,-1,0,0,0,-1
2026-06-29 15:11:08.479,247.4692,False,33.26051,0.8215859,-21.9969,0,0,0,1,0,0,1,False,-1,-1,0,0,0,-1
2026-06-29 15:11:08.513,247.503,False,33.26055,0.8215837,-21.99689,0,0,0,1,0,0,1,False,-1,-1,0,0,0,-1
2026-06-29 15:11:08.554,247.5456,False,33.26064,0.8215401,-21.99698,0,0,0,1,0,0,1,False,-1,-1,0,0,0,-1
2026-06-29 15:11:08.589,247.5793,False,33.2606,0.8216699,-21.99698,0,0,0,1,0,0,1,False,-1,-1,0,0,0,-1
2026-06-29 15:11:08.632,247.623,False,33.2604,0.8217494,-21.99689,0,0,0,1,0,0,1,False,-1,-1,0,0,0,-1
2026-06-29 15:11:08.665,247.6566,False,33.26041,0.8217052,-21.99687,0,0,0,1,0,0,1,False,-1,-1,0,0,0,-1
2026-06-29 15:11:08.700,247.6902,False,33.26027,0.8217927,-21.99673,0,0,0,1,0,0,1,False,-1,-1,0,0,0,-1
2026-06-29 15:11:08.734,247.7236,False,33.26028,0.8216516,-21.99681,0,0,0,1,0,0,1,False,-1,-1,0,0,0,-1
2026-06-29 15:11:08.777,247.7675,False,33.26025,0.8216971,-21.99686,0,0,0,1,0,0,1,False,-1,-1,0,0,0,-1
2026-06-29 15:11:08.811,247.8014,False,33.26031,0.8217856,-21.99683,0,0,0,1,0,0,1,False,-1,-1,0,0,0,-1
2026-06-29 15:11:08.854,247.845,False,33.26044,0.8216879,-21.9969,0,0,0,1,0,0,1,False,-1,-1,0,0,0,-1
2026-06-29 15:11:08.888,247.8789,False,33.26044,0.8217492,-21.99685,0,0,0,1,0,0,1,False,-1,-1,0,0,0,-1
2026-06-29 15:11:08.933,247.9235,False,33.26043,0.8217188,-21.99677,0,0,0,1,0,0,1,False,-1,-1,0,0,0,-1
2026-06-29 15:11:08.977,247.968,False,33.26042,0.8217404,-21.99674,0,0,0,1,0,0,1,False,-1,-1,0,0,0,-1
2026-06-29 15:11:09.011,248.0014,False,33.26025,0.8218331,-21.99671,0,0,0,1,0,0,1,False,-1,-1,0,0,0,-1
2026-06-29 15:11:09.044,248.0348,False,33.26008,0.8217852,-21.9968,0,0,0,1,0,0,1,False,-1,-1,0,0,0,-1
2026-06-29 15:11:09.088,248.0789,False,33.26023,0.8216702,-21.99682,0,0,0,1,0,0,1,False,-1,-1,0,0,0,-1
2026-06-29 15:11:09.133,248.1234,False,33.26022,0.8217025,-21.9967,0,0,0,1,0,0,1,False,-1,-1,0,0,0,-1
2026-06-29 15:11:09.167,248.1575,False,33.26038,0.821557,-21.99685,0,0,0,1,0,0,1,False,-1,-1,0,0,0,-1
2026-06-29 15:11:09.212,248.202,False,33.26056,0.8215431,-21.9969,0,0,0,1,0,0,1,False,-1,-1,0,0,0,-1
2026-06-29 15:11:09.245,248.2359,False,33.26052,0.8216579,-21.99696,0,0,0,1,0,0,1,False,-1,-1,0,0,0,-1
2026-06-29 15:11:09.289,248.2798,False,33.26053,0.8215524,-21.99701,0,0,0,1,0,0,1,False,-1,-1,0,0,0,-1
2026-06-29 15:11:09.333,248.3236,False,33.26055,0.8215237,-21.99686,0,0,0,1,0,0,1,False,-1,-1,0,0,0,-1
2026-06-29 15:11:09.378,248.3676,False,33.26057,0.8215206,-21.99682,0,0,0,1,0,0,1,False,-1,-1,0,0,0,-1
2026-06-29 15:11:09.410,248.401,False,33.26041,0.8215188,-21.99688,0,0,0,1,0,0,1,False,-1,-1,0,0,0,-1
2026-06-29 15:11:09.444,248.4345,False,33.26054,0.8215521,-21.997,0,0,0,1,0,0,1,False,-1,-1,0,0,0,-1
2026-06-29 15:11:09.478,248.468,False,33.26048,0.8215487,-21.99704,0,0,0,1,0,0,1,False,-1,-1,0,0,0,-1
2026-06-29 15:11:09.521,248.5122,False,33.26036,0.8216932,-21.99693,0,0,0,1,0,0,1,False,-1,-1,0,0,0,-1
2026-06-29 15:11:09.558,248.5481,False,33.26038,0.821713,-21.99681,0,0,0,1,0,0,1,False,-1,-1,0,0,0,-1
2026-06-29 15:11:09.599,248.5893,False,33.26038,0.8216434,-21.99697,0,0,0,1,0,0,1,False,-1,-1,0,0,0,-1
2026-06-29 15:11:09.632,248.6232,False,33.26024,0.8216745,-21.99689,0,0,0,1,0,0,1,False,-1,-1,0,0,0,-1
2026-06-29 15:11:09.677,248.6671,False,33.2603,0.821615,-21.99679,0,0,0,1,0,0,1,False,-1,-1,0,0,0,-1
2026-06-29 15:11:09.711,248.701,False,33.26046,0.8215432,-21.99691,0,0,0,1,0,0,1,False,-1,-1,0,0,0,-1
2026-06-29 15:11:09.754,248.745,False,33.26047,0.8215322,-21.99685,0,0,0,1,0,0,1,False,-1,-1,0,0,0,-1
2026-06-29 15:11:09.788,248.7786,False,33.2604,0.8216192,-21.99695,0,0,0,1,0,0,1,False,-1,-1,0,0,0,-1
2026-06-29 15:11:09.832,248.8224,False,33.26037,0.821686,-21.99694,0,0,0,1,0,0,1,False,-1,-1,0,0,0,-1
2026-06-29 15:11:09.866,248.8562,False,33.26026,0.8217257,-21.99688,0,0,0,1,0,0,1,False,-1,-1,0,0,0,-1
2026-06-29 15:11:09.910,248.9002,False,33.26045,0.8216198,-21.99684,0,0,0,1,0,0,1,False,-1,-1,0,0,0,-1
2026-06-29 15:11:09.943,248.934,False,33.26044,0.8215848,-21.99668,0,0,0,1,0,0,1,False,-1,-1,0,0,0,-1
2026-06-29 15:11:09.977,248.9676,False,33.26047,0.8215659,-21.99675,0,0,0,1,0,0,1,False,-1,-1,0,0,0,-1
2026-06-29 15:11:10.010,249.0015,False,33.26033,0.8216138,-21.99679,0,0,0,1,0,0,1,False,-1,-1,0,0,0,-1
2026-06-29 15:11:10.055,249.0455,False,33.2604,0.8216075,-21.99683,0,0,0,1,0,0,1,False,-1,-1,0,0,0,-1
2026-06-29 15:11:10.090,249.0798,False,33.26057,0.821515,-21.99691,0,0,0,1,0,0,1,False,-1,-1,0,0,0,-1
2026-06-29 15:11:10.132,249.1227,False,33.26039,0.8216724,-21.99697,0,0,0,1,0,0,1,False,-1,-1,0,0,0,-1
2026-06-29 15:11:10.165,249.1563,False,33.26038,0.8215202,-21.99692,0,0,0,1,0,0,1,False,-1,-1,0,0,0,-1
2026-06-29 15:11:10.211,249.2006,False,33.26044,0.8215837,-21.99678,0,0,0,1,0,0,1,False,-1,-1,0,0,0,-1
2026-06-29 15:11:10.243,249.2341,False,33.26044,0.8215763,-21.99678,0,0,0,1,0,0,1,False,-1,-1,0,0,0,-1
2026-06-29 15:11:10.287,249.2783,False,33.26055,0.8214886,-21.99682,0,0,0,1,0,0,1,False,-1,-1,0,0,0,-1
2026-06-29 15:11:10.321,249.3118,False,33.26057,0.821493,-21.99689,0,0,0,1,0,0,1,False,-1,-1,0,0,0,-1
2026-06-29 15:11:10.366,249.3571,False,33.26065,0.8215259,-21.99693,0,0,0,1,0,0,1,False,-1,-1,0,0,0,-1
2026-06-29 15:11:10.410,249.4005,False,33.26064,0.8214825,-21.99687,0,0,0,1,0,0,1,False,-1,-1,0,0,0,-1
2026-06-29 15:11:10.454,249.4448,False,33.26038,0.8216513,-21.99681,0,0,0,1,0,0,1,False,-1,-1,0,0,0,-1
2026-06-29 15:11:10.488,249.4784,False,33.26027,0.8216898,-21.99673,0,0,0,1,0,0,1,False,-1,-1,0,0,0,-1
2026-06-29 15:11:10.533,249.5231,False,33.26024,0.8216934,-21.99687,0,0,0,1,0,0,1,False,-1,-1,0,0,0,-1
2026-06-29 15:11:10.577,249.5675,False,33.26064,0.8216389,-21.99691,0,0,0,1,0,0,1,False,-1,-1,0,0,0,-1
2026-06-29 15:11:10.611,249.6013,False,33.2605,0.8216841,-21.99683,0,0,0,1,0,0,1,False,-1,-1,0,0,0,-1
2026-06-29 15:11:10.655,249.6457,False,33.26053,0.8215534,-21.99674,0,0,0,1,0,0,1,False,-1,-1,0,0,0,-1
2026-06-29 15:11:10.699,249.6892,False,33.26046,0.8217141,-21.99674,0,0,0,1,0,0,1,False,-1,-1,0,0,0,-1
2026-06-29 15:11:10.733,249.7228,False,33.2605,0.8216207,-21.99684,0,0,0,1,0,0,1,False,-1,-1,0,0,0,-1
2026-06-29 15:11:10.776,249.7671,False,33.26038,0.8215712,-21.99693,0,0,0,1,0,0,1,False,-1,-1,0,0,0,-1
2026-06-29 15:11:10.811,249.801,False,33.26034,0.8215695,-21.99688,0,0,0,1,0,0,1,False,-1,-1,0,0,0,-1
2026-06-29 15:11:10.854,249.8446,False,33.26023,0.8216532,-21.99696,0,0,0,1,0,0,1,False,-1,-1,0,0,0,-1
2026-06-29 15:11:10.887,249.878,False,33.26027,0.8217134,-21.997,0,0,0,1,0,0,1,False,-1,-1,0,0,0,-1
2026-06-29 15:11:10.922,249.9117,False,33.26048,0.8215568,-21.99697,0,0,0,1,0,0,1,False,-1,-1,0,0,0,-1
2026-06-29 15:11:10.965,249.9562,False,33.26041,0.8215839,-21.99696,0,0,0,1,0,0,1,False,-1,-1,0,0,0,-1
2026-06-29 15:11:11.010,250,False,33.26023,0.8218315,-21.9968,0,0,0,1,0,0,1,False,-1,-1,0,0,0,-1
2026-06-29 15:11:11.044,250.0343,False,33.26022,0.8217688,-21.99678,0,0,0,1,0,0,1,False,-1,-1,0,0,0,-1
2026-06-29 15:11:11.087,250.0782,False,33.26031,0.8217299,-21.99687,0,0,0,1,0,0,1,False,-1,-1,0,0,0,-1
2026-06-29 15:11:11.132,250.1227,False,33.26052,0.8215492,-21.99694,0,0,0,1,0,0,1,False,-1,-1,0,0,0,-1
2026-06-29 15:11:11.166,250.1563,False,33.26045,0.8216026,-21.99699,0,0,0,1,0,0,1,False,-1,-1,0,0,0,-1
2026-06-29 15:11:11.209,250.1999,False,33.26044,0.8215041,-21.99686,0,0,0,1,0,0,1,False,-1,-1,0,0,0,-1
2026-06-29 15:11:11.243,250.2335,False,33.26031,0.8215216,-21.99693,0,0,0,1,0,0,1,False,-1,-1,0,0,0,-1
2026-06-29 15:11:11.288,250.2784,False,33.26017,0.8216032,-21.99688,0,0,0,1,0,0,1,False,-1,-1,0,0,0,-1
2026-06-29 15:11:11.331,250.3221,False,33.2603,0.8217259,-21.99691,0,0,0,1,0,0,1,False,-1,-1,0,0,0,-1
2026-06-29 15:11:11.377,250.3669,False,33.26046,0.8217035,-21.99693,0,0,0,1,0,0,1,False,-1,-1,0,0,0,-1
2026-06-29 15:11:11.421,250.4114,False,33.26048,0.8216836,-21.99699,0,0,0,1,0,0,1,False,-1,-1,0,0,0,-1
2026-06-29 15:11:11.465,250.456,False,33.26054,0.8216177,-21.99681,0,0,0,1,0,0,1,False,-1,-1,0,0,0,-1
2026-06-29 15:11:11.499,250.4897,False,33.26045,0.821538,-21.99682,0,0,0,1,0,0,1,False,-1,-1,0,0,0,-1
2026-06-29 15:11:11.543,250.5336,False,33.26047,0.8216123,-21.99677,0,0,0,1,0,0,1,False,-1,-1,0,0,0,-1
2026-06-29 15:11:11.588,250.5787,False,33.26048,0.8216076,-21.99672,0,0,0,1,0,0,1,False,-1,-1,0,0,0,-1
2026-06-29 15:11:11.633,250.6226,False,33.26045,0.8217286,-21.99682,0,0,0,1,0,0,1,False,-1,-1,0,0,0,-1
2026-06-29 15:11:11.666,250.6568,False,33.26042,0.8216572,-21.99683,0,0,0,1,0,0,1,False,-1,-1,0,0,0,-1
2026-06-29 15:11:11.708,250.6995,False,33.26027,0.8216822,-21.99685,0,0,0,1,0,0,1,False,-1,-1,0,0,0,-1
2026-06-29 15:11:11.743,250.733,False,33.26034,0.821727,-21.99689,0,0,0,1,0,0,1,False,-1,-1,0,0,0,-1
2026-06-29 15:11:11.776,250.7665,False,33.26047,0.8216503,-21.99688,0,0,0,1,0,0,1,False,-1,-1,0,0,0,-1
2026-06-29 15:11:11.820,250.8105,False,33.26038,0.8216648,-21.9968,0,0,0,1,0,0,1,False,-1,-1,0,0,0,-1
2026-06-29 15:11:11.854,250.8441,False,33.26029,0.8217738,-21.99665,0,0,0,1,0,0,1,False,-1,-1,0,0,0,-1
2026-06-29 15:11:11.898,250.8884,False,33.26038,0.821785,-21.99677,0,0,0,1,0,0,1,False,-1,-1,0,0,0,-1
2026-06-29 15:11:11.931,250.9218,False,33.2604,0.8218008,-21.99684,0,0,0,1,0,0,1,False,-1,-1,0,0,0,-1
2026-06-29 15:11:11.975,250.9664,False,33.26039,0.821403,-21.99681,0,0,0,1,0,0,1,False,-1,-1,0,0,0,-1
2026-06-29 15:11:12.020,251.0106,False,33.26063,0.8214912,-21.99683,0,0,0,1,0,0,1,False,-1,-1,0,0,0,-1
2026-06-29 15:11:12.054,251.0442,False,33.26046,0.8215293,-21.99676,0,0,0,1,0,0,1,False,-1,-1,0,0,0,-1
2026-06-29 15:11:12.087,251.0783,False,33.26054,0.8215311,-21.99684,0,0,0,1,0,0,1,False,-1,-1,0,0,0,-1
2026-06-29 15:11:12.131,251.1217,False,33.26048,0.82165,-21.99686,0,0,0,1,0,0,1,False,-1,-1,0,0,0,-1
2026-06-29 15:11:12.165,251.1556,False,33.2604,0.8216853,-21.99681,0,0,0,1,0,0,1,False,-1,-1,0,0,0,-1
2026-06-29 15:11:12.209,251.1997,False,33.26033,0.8217571,-21.99691,0,0,0,1,0,0,1,False,-1,-1,0,0,0,-1
2026-06-29 15:11:12.253,251.2438,False,33.26021,0.8218896,-21.99675,0,0,0,1,0,0,1,False,-1,-1,0,0,0,-1
2026-06-29 15:11:12.287,251.2771,False,33.26023,0.8218125,-21.99675,0,0,0,1,0,0,1,False,-1,-1,0,0,0,-1
2026-06-29 15:11:12.320,251.311,False,33.2602,0.8218117,-21.99671,0,0,0,1,0,0,1,False,-1,-1,0,0,0,-1
2026-06-29 15:11:12.364,251.3552,False,33.26032,0.8216584,-21.99681,0,0,0,1,0,0,1,False,-1,-1,0,0,0,-1
2026-06-29 15:11:12.400,251.3902,False,33.2603,0.8217336,-21.99681,0,0,0,1,0,0,1,False,-1,-1,0,0,0,-1
2026-06-29 15:11:12.442,251.433,False,33.2603,0.8217794,-21.99684,0,0,0,1,0,0,1,False,-1,-1,0,0,0,-1
2026-06-29 15:11:12.487,251.4771,False,33.26037,0.8217263,-21.99692,0,0,0,1,0,0,1,False,-1,-1,0,0,0,-1
2026-06-29 15:11:12.521,251.5107,False,33.26039,0.8217256,-21.99701,0,0,0,1,0,0,1,False,-1,-1,0,0,0,-1
2026-06-29 15:11:12.564,251.5549,False,33.26052,0.8215922,-21.99701,0,0,0,1,0,0,1,False,-1,-1,0,0,0,-1
2026-06-29 15:11:12.597,251.5883,False,33.26061,0.821613,-21.9969,0,0,0,1,0,0,1,False,-1,-1,0,0,0,-1
2026-06-29 15:11:12.641,251.6325,False,33.26047,0.8216879,-21.9969,0,0,0,1,0,0,1,False,-1,-1,0,0,0,-1
2026-06-29 15:11:12.677,251.6673,False,33.26038,0.8217227,-21.99689,0,0,0,1,0,0,1,False,-1,-1,0,0,0,-1
2026-06-29 15:11:12.710,251.7007,False,33.2603,0.8216733,-21.9969,0,0,0,1,0,0,1,False,-1,-1,0,0,0,-1
2026-06-29 15:11:12.754,251.7442,False,33.26038,0.821622,-21.99696,0,0,0,1,0,0,1,False,-1,-1,0,0,0,-1
2026-06-29 15:11:12.787,251.7777,False,33.26041,0.8215887,-21.99693,0,0,0,1,0,0,1,False,-1,-1,0,0,0,-1
2026-06-29 15:11:12.831,251.8215,False,33.26029,0.8215224,-21.99711,0,0,0,1,0,0,1,False,-1,-1,0,0,0,-1
2026-06-29 15:11:12.864,251.855,False,33.26039,0.8216453,-21.99706,0,0,0,1,0,0,1,False,-1,-1,0,0,0,-1
2026-06-29 15:11:12.909,251.8993,False,33.26029,0.8216035,-21.99691,0,0,0,1,0,0,1,False,-1,-1,0,0,0,-1
2026-06-29 15:11:12.943,251.9332,False,33.26038,0.8216208,-21.9969,0,0,0,1,0,0,1,False,-1,-1,0,0,0,-1
2026-06-29 15:11:12.986,251.9772,False,33.26048,0.8216439,-21.99697,0,0,0,1,0,0,1,False,-1,-1,0,0,0,-1
2026-06-29 15:11:13.030,252.0214,False,33.26049,0.8214918,-21.99693,0,0,0,1,0,0,1,False,-1,-1,0,0,0,-1
2026-06-29 15:11:13.075,252.0658,False,33.26048,0.821577,-21.99697,0,0,0,1,0,0,1,False,-1,-1,0,0,0,-1
2026-06-29 15:11:13.110,252.0999,False,33.26028,0.8217134,-21.99679,0,0,0,1,0,0,1,False,-1,-1,0,0,0,-1
2026-06-29 15:11:13.152,252.1436,False,33.26038,0.8216866,-21.99688,0,0,0,1,0,0,1,False,-1,-1,0,0,0,-1
2026-06-29 15:11:13.193,252.1774,False,33.26044,0.8216621,-21.99687,0,0,0,1,0,0,1,False,-1,-1,0,0,0,-1
2026-06-29 15:11:13.220,252.2108,False,33.26035,0.8215705,-21.99678,0,0,0,1,0,0,1,False,-1,-1,0,0,0,-1
2026-06-29 15:11:13.265,252.2555,False,33.26049,0.8216883,-21.99685,0,0,0,1,0,0,1,False,-1,-1,0,0,0,-1
2026-06-29 15:11:13.308,252.299,False,33.26044,0.8216621,-21.99686,0,0,0,1,0,0,1,False,-1,-1,0,0,0,-1
2026-06-29 15:11:13.342,252.3326,False,33.26049,0.8216588,-21.99683,0,0,0,1,0,0,1,False,-1,-1,0,0,0,-1
2026-06-29 15:11:13.386,252.377,False,33.26019,0.8218111,-21.99682,0,0,0,1,0,0,1,False,-1,-1,0,0,0,-1
2026-06-29 15:11:13.430,252.4213,False,33.26015,0.8217973,-21.99691,0,0,0,1,0,0,1,False,-1,-1,0,0,0,-1
2026-06-29 15:11:13.475,252.4657,False,33.26029,0.821771,-21.99693,0,0,0,1,0,0,1,False,-1,-1,0,0,0,-1
2026-06-29 15:11:13.518,252.5098,False,33.26035,0.8217196,-21.99687,0,0,0,1,0,0,1,False,-1,-1,0,0,0,-1
2026-06-29 15:11:13.553,252.5432,False,33.26026,0.8217582,-21.99687,0,0,0,1,0,0,1,False,-1,-1,0,0,0,-1
2026-06-29 15:11:13.587,252.5773,False,33.26021,0.8217574,-21.9969,0,0,0,1,0,0,1,False,-1,-1,0,0,0,-1
2026-06-29 15:11:13.630,252.6209,False,33.26036,0.8217421,-21.99701,0,0,0,1,0,0,1,False,-1,-1,0,0,0,-1
2026-06-29 15:11:13.664,252.6546,False,33.26042,0.8216215,-21.99708,0,0,0,1,0,0,1,False,-1,-1,0,0,0,-1
2026-06-29 15:11:13.699,252.6891,False,33.26019,0.8216653,-21.997,0,0,0,1,0,0,1,False,-1,-1,0,0,0,-1
2026-06-29 15:11:13.742,252.7321,False,33.26036,0.8215684,-21.99682,0,0,0,1,0,0,1,False,-1,-1,0,0,0,-1
2026-06-29 15:11:13.777,252.7664,False,33.26038,0.8213838,-21.99681,0,0,0,1,0,0,1,False,-1,-1,0,0,0,-1
2026-06-29 15:11:13.819,252.8093,False,33.26053,0.8214407,-21.99683,0,0,0,1,0,0,1,False,-1,-1,0,0,0,-1
2026-06-29 15:11:13.864,252.8538,False,33.26058,0.8215953,-21.99687,0,0,0,1,0,0,1,False,-1,-1,0,0,0,-1
2026-06-29 15:11:13.897,252.8872,False,33.26054,0.8215961,-21.99688,0,0,0,1,0,0,1,False,-1,-1,0,0,0,-1
2026-06-29 15:11:13.941,252.9316,False,33.26053,0.8216452,-21.99693,0,0,0,1,0,0,1,False,-1,-1,0,0,0,-1
2026-06-29 15:11:13.985,252.9761,False,33.26046,0.8215862,-21.99706,0,0,0,1,0,0,1,False,-1,-1,0,0,0,-1
2026-06-29 15:11:14.030,253.0208,False,33.26022,0.8214815,-21.99694,0,0,0,1,0,0,1,False,-1,-1,0,0,0,-1
2026-06-29 15:11:14.074,253.0651,False,33.26038,0.8214499,-21.99702,0,0,0,1,0,0,1,False,-1,-1,0,0,0,-1
2026-06-29 15:11:14.108,253.0987,False,33.26049,0.82143,-21.99695,0,0,0,1,0,0,1,False,-1,-1,0,0,0,-1
2026-06-29 15:11:14.153,253.1432,False,33.26028,0.8216276,-21.99701,0,0,0,1,0,0,1,False,-1,-1,0,0,0,-1
2026-06-29 15:11:14.197,253.1875,False,33.26025,0.8216528,-21.99697,0,0,0,1,0,0,1,False,-1,-1,0,0,0,-1
2026-06-29 15:11:14.230,253.221,False,33.26024,0.8215916,-21.99694,0,0,0,1,0,0,1,False,-1,-1,0,0,0,-1
2026-06-29 15:11:14.263,253.2543,False,33.26035,0.8216575,-21.99701,0,0,0,1,0,0,1,False,-1,-1,0,0,0,-1
2026-06-29 15:11:14.309,253.2995,False,33.26032,0.8215836,-21.99688,0,0,0,1,0,0,1,False,-1,-1,0,0,0,-1
2026-06-29 15:11:14.352,253.3428,False,33.2604,0.8215404,-21.99697,0,0,0,1,0,0,1,False,-1,-1,0,0,0,-1
2026-06-29 15:11:14.385,253.3763,False,33.26031,0.8215055,-21.99695,0,0,0,1,0,0,1,False,-1,-1,0,0,0,-1
2026-06-29 15:11:14.419,253.4097,False,33.26033,0.8214414,-21.99702,0,0,0,1,0,0,1,False,-1,-1,0,0,0,-1
2026-06-29 15:11:14.453,253.4433,False,33.26034,0.8214232,-21.99702,0,0,0,1,0,0,1,False,-1,-1,0,0,0,-1
2026-06-29 15:11:14.497,253.4873,False,33.26025,0.8215338,-21.99691,0,0,0,1,0,0,1,False,-1,-1,0,0,0,-1
2026-06-29 15:11:14.531,253.5217,False,33.26027,0.8215049,-21.99691,0,0,0,1,0,0,1,False,-1,-1,0,0,0,-1
2026-06-29 15:11:14.575,253.5652,False,33.26024,0.8215836,-21.99697,0,0,0,1,0,0,1,False,-1,-1,0,0,0,-1
2026-06-29 15:11:14.619,253.6092,False,33.26026,0.8214558,-21.99693,0,0,0,1,0,0,1,False,-1,-1,0,0,0,-1
2026-06-29 15:11:14.653,253.6433,False,33.26037,0.8215486,-21.99681,0,0,0,1,0,0,1,False,-1,-1,0,0,0,-1
2026-06-29 15:11:14.697,253.6878,False,33.26028,0.8215793,-21.99697,0,0,0,1,0,0,1,False,-1,-1,0,0,0,-1
2026-06-29 15:11:14.731,253.7213,False,33.26033,0.8215263,-21.997,0,0,0,1,0,0,1,False,-1,-1,0,0,0,-1
2026-06-29 15:11:14.775,253.7656,False,33.2603,0.8216171,-21.99694,0,0,0,1,0,0,1,False,-1,-1,0,0,0,-1
2026-06-29 15:11:14.810,253.8007,False,33.26023,0.821605,-21.99697,0,0,0,1,0,0,1,False,-1,-1,0,0,0,-1
2026-06-29 15:11:14.852,253.8424,False,33.26015,0.8216109,-21.99696,0,0,0,1,0,0,1,False,-1,-1,0,0,0,-1
2026-06-29 15:11:14.897,253.8871,False,33.2601,0.8215992,-21.99697,0,0,0,1,0,0,1,False,-1,-1,0,0,0,-1
2026-06-29 15:11:14.941,253.9311,False,33.26024,0.821591,-21.99706,0,0,0,1,0,0,1,False,-1,-1,0,0,0,-1
2026-06-29 15:11:14.984,253.9751,False,33.26049,0.8216107,-21.99689,0,0,0,1,0,0,1,False,-1,-1,0,0,0,-1
2026-06-29 15:11:15.018,254.0087,False,33.26043,0.8215486,-21.99699,0,0,0,1,0,0,1,False,-1,-1,0,0,0,-1
2026-06-29 15:11:15.063,254.0533,False,33.2606,0.8214974,-21.99705,0,0,0,1,0,0,1,False,-1,-1,0,0,0,-1
2026-06-29 15:11:15.096,254.0868,False,33.26052,0.8215654,-21.99697,0,0,0,1,0,0,1,False,-1,-1,0,0,0,-1
2026-06-29 15:11:15.130,254.1204,False,33.26058,0.8216162,-21.99698,0,0,0,1,0,0,1,False,-1,-1,0,0,0,-1
2026-06-29 15:11:15.163,254.1537,False,33.26042,0.821687,-21.99694,0,0,0,1,0,0,1,False,-1,-1,0,0,0,-1
2026-06-29 15:11:15.197,254.1872,False,33.26051,0.8216341,-21.99699,0,0,0,1,0,0,1,False,-1,-1,0,0,0,-1
2026-06-29 15:11:15.241,254.2319,False,33.26033,0.8217039,-21.99699,0,0,0,1,0,0,1,False,-1,-1,0,0,0,-1
2026-06-29 15:11:15.275,254.2655,False,33.26016,0.8216367,-21.99704,0,0,0,1,0,0,1,False,-1,-1,0,0,0,-1
2026-06-29 15:11:15.318,254.3092,False,33.26036,0.8216489,-21.99708,0,0,0,1,0,0,1,False,-1,-1,0,0,0,-1
2026-06-29 15:11:15.363,254.3537,False,33.26029,0.8217808,-21.99702,0,0,0,1,0,0,1,False,-1,-1,0,0,0,-1
2026-06-29 15:11:15.397,254.3878,False,33.26044,0.821564,-21.99705,0,0,0,1,0,0,1,False,-1,-1,0,0,0,-1
2026-06-29 15:11:15.441,254.4315,False,33.2604,0.8215427,-21.99712,0,0,0,1,0,0,1,False,-1,-1,0,0,0,-1
2026-06-29 15:11:15.486,254.4764,False,33.26033,0.8215774,-21.99697,0,0,0,1,0,0,1,False,-1,-1,0,0,0,-1
2026-06-29 15:11:15.520,254.5102,False,33.2604,0.8216022,-21.99695,0,0,0,1,0,0,1,False,-1,-1,0,0,0,-1
2026-06-29 15:11:15.563,254.5537,False,33.2603,0.8214956,-21.99694,0,0,0,1,0,0,1,False,-1,-1,0,0,0,-1
2026-06-29 15:11:15.596,254.5877,False,33.26044,0.8214634,-21.99689,0,0,0,1,0,0,1,False,-1,-1,0,0,0,-1
2026-06-29 15:11:15.640,254.6317,False,33.2604,0.8216558,-21.99691,0,0,0,1,0,0,1,False,-1,-1,0,0,0,-1
2026-06-29 15:11:15.675,254.6658,False,33.26032,0.8215837,-21.99694,0,0,0,1,0,0,1,False,-1,-1,0,0,0,-1
2026-06-29 15:11:15.719,254.7092,False,33.26054,0.8214361,-21.99709,0,0,0,1,0,0,1,False,-1,-1,0,0,0,-1
2026-06-29 15:11:15.764,254.755,False,33.26047,0.8214684,-21.99708,0,0,0,1,0,0,1,False,-1,-1,0,0,0,-1
2026-06-29 15:11:15.807,254.7978,False,33.26043,0.821506,-21.99697,0,0,0,1,0,0,1,False,-1,-1,0,0,0,-1
2026-06-29 15:11:15.840,254.8312,False,33.26035,0.8215068,-21.99712,0,0,0,1,0,0,1,False,-1,-1,0,0,0,-1
2026-06-29 15:11:15.876,254.8665,False,33.26037,0.821456,-21.9971,0,0,0,1,0,0,1,False,-1,-1,0,0,0,-1
2026-06-29 15:11:15.918,254.9088,False,33.26062,0.8213915,-21.99713,0,0,0,1,0,0,1,False,-1,-1,0,0,0,-1
2026-06-29 15:11:15.963,254.9533,False,33.26043,0.8214613,-21.99703,0,0,0,1,0,0,1,False,-1,-1,0,0,0,-1
2026-06-29 15:11:15.997,254.987,False,33.2604,0.8215519,-21.99699,0,0,0,1,0,0,1,False,-1,-1,0,0,0,-1
2026-06-29 15:11:16.040,255.0308,False,33.26034,0.8215781,-21.99698,0,0,0,1,0,0,1,False,-1,-1,0,0,0,-1
2026-06-29 15:11:16.074,255.0648,False,33.2603,0.8216258,-21.99693,0,0,0,1,0,0,1,False,-1,-1,0,0,0,-1
2026-06-29 15:11:16.118,255.1086,False,33.26056,0.821567,-21.99691,0,0,0,1,0,0,1,False,-1,-1,0,0,0,-1
2026-06-29 15:11:16.152,255.142,False,33.26034,0.8215027,-21.99684,0,0,0,1,0,0,1,False,-1,-1,0,0,0,-1
2026-06-29 15:11:16.185,255.1756,False,33.26023,0.8215232,-21.99687,0,0,0,1,0,0,1,False,-1,-1,0,0,0,-1
2026-06-29 15:11:16.230,255.2201,False,33.26033,0.821582,-21.99702,0,0,0,1,0,0,1,False,-1,-1,0,0,0,-1
2026-06-29 15:11:16.262,255.2535,False,33.2604,0.82156,-21.9971,0,0,0,1,0,0,1,False,-1,-1,0,0,0,-1
2026-06-29 15:11:16.296,255.2871,False,33.26038,0.8216425,-21.99688,0,0,0,1,0,0,1,False,-1,-1,0,0,0,-1
2026-06-29 15:11:16.341,255.3309,False,33.26043,0.8216508,-21.99691,0,0,0,1,0,0,1,False,-1,-1,0,0,0,-1
2026-06-29 15:11:16.375,255.3647,False,33.26039,0.8215216,-21.99689,0,0,0,1,0,0,1,False,-1,-1,0,0,0,-1
2026-06-29 15:11:16.418,255.4086,False,33.26017,0.8216607,-21.99693,0,0,0,1,0,0,1,False,-1,-1,0,0,0,-1
2026-06-29 15:11:16.463,255.453,False,33.26017,0.8215801,-21.99693,0,0,0,1,0,0,1,False,-1,-1,0,0,0,-1
2026-06-29 15:11:16.496,255.4864,False,33.2602,0.8215732,-21.99692,0,0,0,1,0,0,1,False,-1,-1,0,0,0,-1
2026-06-29 15:11:16.530,255.5204,False,33.26025,0.8215648,-21.99694,0,0,0,1,0,0,1,False,-1,-1,0,0,0,-1
2026-06-29 15:11:16.574,255.5641,False,33.26041,0.8215805,-21.99713,0,0,0,1,0,0,1,False,-1,-1,0,0,0,-1
2026-06-29 15:11:16.606,255.5975,False,33.26044,0.821525,-21.99715,0,0,0,1,0,0,1,False,-1,-1,0,0,0,-1
2026-06-29 15:11:16.641,255.6319,False,33.26058,0.8215052,-21.99703,0,0,0,1,0,0,1,False,-1,-1,0,0,0,-1
2026-06-29 15:11:16.684,255.6752,False,33.26039,0.8217074,-21.99688,0,0,0,1,0,0,1,False,-1,-1,0,0,0,-1
2026-06-29 15:11:16.718,255.7088,False,33.26034,0.8216624,-21.99703,0,0,0,1,0,0,1,False,-1,-1,0,0,0,-1
2026-06-29 15:11:16.762,255.753,False,33.26036,0.8215265,-21.99706,0,0,0,1,0,0,1,False,-1,-1,0,0,0,-1
2026-06-29 15:11:16.797,255.7871,False,33.26041,0.8215398,-21.99702,0,0,0,1,0,0,1,False,-1,-1,0,0,0,-1
2026-06-29 15:11:16.841,255.8315,False,33.26062,0.8215596,-21.99697,0,0,0,1,0,0,1,False,-1,-1,0,0,0,-1
2026-06-29 15:11:16.885,255.876,False,33.26035,0.8216101,-21.99698,0,0,0,1,0,0,1,False,-1,-1,0,0,0,-1
2026-06-29 15:11:16.920,255.9097,False,33.26036,0.8215334,-21.99708,0,0,0,1,0,0,1,False,-1,-1,0,0,0,-1
2026-06-29 15:11:16.963,255.9533,False,33.26042,0.8216366,-21.99699,0,0,0,1,0,0,1,False,-1,-1,0,0,0,-1
2026-06-29 15:11:17.007,255.9975,False,33.2604,0.8215479,-21.99685,0,0,0,1,0,0,1,False,-1,-1,0,0,0,-1
2026-06-29 15:11:17.051,256.0416,False,33.26037,0.8215577,-21.99696,0,0,0,1,0,0,1,False,-1,-1,0,0,0,-1
2026-06-29 15:11:17.095,256.0863,False,33.26042,0.8215047,-21.99704,0,0,0,1,0,0,1,False,-1,-1,0,0,0,-1
2026-06-29 15:11:17.128,256.1197,False,33.26031,0.8215147,-21.99697,0,0,0,1,0,0,1,False,-1,-1,0,0,0,-1
2026-06-29 15:11:17.174,256.1644,False,33.26035,0.8215195,-21.997,0,0,0,1,0,0,1,False,-1,-1,0,0,0,-1
2026-06-29 15:11:17.208,256.1985,False,33.26023,0.8215285,-21.99711,0,0,0,1,0,0,1,False,-1,-1,0,0,0,-1
2026-06-29 15:11:17.252,256.2423,False,33.26028,0.8214348,-21.99698,0,0,0,1,0,0,1,False,-1,-1,0,0,0,-1
2026-06-29 15:11:17.296,256.2863,False,33.26044,0.8213909,-21.9971,0,0,0,1,0,0,1,False,-1,-1,0,0,0,-1
2026-06-29 15:11:17.328,256.3196,False,33.26035,0.8214597,-21.99693,0,0,0,1,0,0,1,False,-1,-1,0,0,0,-1
2026-06-29 15:11:17.374,256.3643,False,33.26036,0.8214457,-21.99704,0,0,0,1,0,0,1,False,-1,-1,0,0,0,-1
2026-06-29 15:11:17.418,256.4081,False,33.26051,0.8215496,-21.99687,0,0,0,1,0,0,1,False,-1,-1,0,0,0,-1
2026-06-29 15:11:17.463,256.4531,False,33.26049,0.8215372,-21.99696,0,0,0,1,0,0,1,False,-1,-1,0,0,0,-1
2026-06-29 15:11:17.496,256.4865,False,33.26038,0.8216686,-21.99689,0,0,0,1,0,0,1,False,-1,-1,0,0,0,-1
2026-06-29 15:11:17.530,256.5204,False,33.26031,0.8216408,-21.99689,0,0,0,1,0,0,1,False,-1,-1,0,0,0,-1
2026-06-29 15:11:17.574,256.5641,False,33.26037,0.8217144,-21.99683,0,0,0,1,0,0,1,False,-1,-1,0,0,0,-1
2026-06-29 15:11:17.617,256.6078,False,33.26042,0.8216914,-21.99685,0,0,0,1,0,0,1,False,-1,-1,0,0,0,-1
2026-06-29 15:11:17.651,256.6416,False,33.26039,0.8216762,-21.99697,0,0,0,1,0,0,1,False,-1,-1,0,0,0,-1
2026-06-29 15:11:17.695,256.6859,False,33.26053,0.8216692,-21.99698,0,0,0,1,0,0,1,False,-1,-1,0,0,0,-1
2026-06-29 15:11:17.729,256.7194,False,33.26042,0.8216528,-21.99702,0,0,0,1,0,0,1,False,-1,-1,0,0,0,-1
2026-06-29 15:11:17.772,256.7632,False,33.26036,0.8215894,-21.99698,0,0,0,1,0,0,1,False,-1,-1,0,0,0,-1
2026-06-29 15:11:17.806,256.7973,False,33.26023,0.8217061,-21.99692,0,0,0,1,0,0,1,False,-1,-1,0,0,0,-1
2026-06-29 15:11:17.851,256.8412,False,33.2603,0.8216273,-21.99695,0,0,0,1,0,0,1,False,-1,-1,0,0,0,-1
2026-06-29 15:11:17.884,256.875,False,33.26036,0.8215817,-21.99689,0,0,0,1,0,0,1,False,-1,-1,0,0,0,-1
2026-06-29 15:11:17.928,256.919,False,33.26033,0.8215115,-21.99683,0,0,0,1,0,0,1,False,-1,-1,0,0,0,-1
2026-06-29 15:11:17.964,256.9542,False,33.26024,0.8214678,-21.99695,0,0,0,1,0,0,1,False,-1,-1,0,0,0,-1
2026-06-29 15:11:18.006,256.9969,False,33.26038,0.8213988,-21.99691,0,0,0,1,0,0,1,False,-1,-1,0,0,0,-1
2026-06-29 15:11:18.051,257.0409,False,33.2604,0.8216116,-21.99683,0,0,0,1,0,0,1,False,-1,-1,0,0,0,-1
2026-06-29 15:11:18.083,257.0743,False,33.26051,0.8215325,-21.99687,0,0,0,1,0,0,1,False,-1,-1,0,0,0,-1
2026-06-29 15:11:18.117,257.1083,False,33.26043,0.8215594,-21.997,0,0,0,1,0,0,1,False,-1,-1,0,0,0,-1
2026-06-29 15:11:18.161,257.1522,False,33.26054,0.8216325,-21.99711,0,0,0,1,0,0,1,False,-1,-1,0,0,0,-1
2026-06-29 15:11:18.196,257.1862,False,33.26045,0.8217778,-21.99701,0,0,0,1,0,0,1,False,-1,-1,0,0,0,-1
2026-06-29 15:11:18.229,257.2195,False,33.26045,0.8216545,-21.99691,0,0,0,1,0,0,1,False,-1,-1,0,0,0,-1
2026-06-29 15:11:18.273,257.2637,False,33.26043,0.8216391,-21.99689,0,0,0,1,0,0,1,False,-1,-1,0,0,0,-1
2026-06-29 15:11:18.317,257.3073,False,33.26055,0.8215683,-21.997,0,0,0,1,0,0,1,False,-1,-1,0,0,0,-1
2026-06-29 15:11:18.351,257.3411,False,33.26063,0.8214633,-21.99705,0,0,0,1,0,0,1,False,-1,-1,0,0,0,-1
2026-06-29 15:11:18.384,257.3744,False,33.26052,0.8214617,-21.99691,0,0,0,1,0,0,1,False,-1,-1,0,0,0,-1
2026-06-29 15:11:18.419,257.4094,False,33.2604,0.8215595,-21.99687,0,0,0,1,0,0,1,False,-1,-1,0,0,0,-1
2026-06-29 15:11:18.462,257.4525,False,33.2603,0.821602,-21.99688,0,0,0,1,0,0,1,False,-1,-1,0,0,0,-1
2026-06-29 15:11:18.507,257.4972,False,33.26017,0.821561,-21.99693,0,0,0,1,0,0,1,False,-1,-1,0,0,0,-1
2026-06-29 15:11:18.551,257.5413,False,33.26028,0.8215877,-21.99675,0,0,0,1,0,0,1,False,-1,-1,0,0,0,-1
2026-06-29 15:11:18.584,257.5746,False,33.26037,0.8216092,-21.9968,0,0,0,1,0,0,1,False,-1,-1,0,0,0,-1
2026-06-29 15:11:18.628,257.6189,False,33.26063,0.8215277,-21.99684,0,0,0,1,0,0,1,False,-1,-1,0,0,0,-1
2026-06-29 15:11:18.662,257.6527,False,33.26037,0.8216171,-21.99698,0,0,0,1,0,0,1,False,-1,-1,0,0,0,-1
2026-06-29 15:11:18.706,257.6968,False,33.26041,0.8215877,-21.99709,0,0,0,1,0,0,1,False,-1,-1,0,0,0,-1
2026-06-29 15:11:18.750,257.7407,False,33.26046,0.821502,-21.99712,0,0,0,1,0,0,1,False,-1,-1,0,0,0,-1
2026-06-29 15:11:18.794,257.7854,False,33.26027,0.8215781,-21.99699,0,0,0,1,0,0,1,False,-1,-1,0,0,0,-1
2026-06-29 15:11:18.841,257.8307,False,33.26035,0.8216193,-21.99689,0,0,0,1,0,0,1,False,-1,-1,0,0,0,-1
2026-06-29 15:11:18.884,257.8741,False,33.26039,0.8215738,-21.99685,0,0,0,1,0,0,1,False,-1,-1,0,0,0,-1
2026-06-29 15:11:18.929,257.9191,False,33.26024,0.8215985,-21.99687,0,0,0,1,0,0,1,False,-1,-1,0,0,0,-1
2026-06-29 15:11:18.962,257.9525,False,33.26027,0.8216243,-21.99682,0,0,0,1,0,0,1,False,-1,-1,0,0,0,-1
2026-06-29 15:11:18.996,257.9867,False,33.26043,0.8215676,-21.99685,0,0,0,1,0,0,1,False,-1,-1,0,0,0,-1
2026-06-29 15:11:19.030,258.0201,False,33.26054,0.8215992,-21.99707,0,0,0,1,0,0,1,False,-1,-1,0,0,0,-1
2026-06-29 15:11:19.072,258.0631,False,33.26045,0.8216388,-21.99718,0,0,0,1,0,0,1,False,-1,-1,0,0,0,-1
2026-06-29 15:11:19.116,258.1072,False,33.26034,0.8216293,-21.99694,0,0,0,1,0,0,1,False,-1,-1,0,0,0,-1
2026-06-29 15:11:19.150,258.1407,False,33.26031,0.8216393,-21.99685,0,0,0,1,0,0,1,False,-1,-1,0,0,0,-1
2026-06-29 15:11:19.194,258.1855,False,33.26044,0.8215088,-21.99673,0,0,0,1,0,0,1,False,-1,-1,0,0,0,-1
2026-06-29 15:11:19.240,258.2296,False,33.2604,0.8215278,-21.99688,0,0,0,1,0,0,1,False,-1,-1,0,0,0,-1
2026-06-29 15:11:19.274,258.2641,False,33.26042,0.8215078,-21.99699,0,0,0,1,0,0,1,False,-1,-1,0,0,0,-1
2026-06-29 15:11:19.317,258.3074,False,33.26015,0.8214791,-21.99686,0,0,0,1,0,0,1,False,-1,-1,0,0,0,-1
2026-06-29 15:11:19.351,258.3408,False,33.26008,0.8214746,-21.99685,0,0,0,1,0,0,1,False,-1,-1,0,0,0,-1
2026-06-29 15:11:19.395,258.3853,False,33.26027,0.8214339,-21.99686,0,0,0,1,0,0,1,False,-1,-1,0,0,0,-1
2026-06-29 15:11:19.439,258.4293,False,33.2603,0.8214321,-21.99711,0,0,0,1,0,0,1,False,-1,-1,0,0,0,-1
2026-06-29 15:11:19.472,258.4628,False,33.26023,0.8215374,-21.9971,0,0,0,1,0,0,1,False,-1,-1,0,0,0,-1
2026-06-29 15:11:19.506,258.4963,False,33.2602,0.8215585,-21.9969,0,0,0,1,0,0,1,False,-1,-1,0,0,0,-1
2026-06-29 15:11:19.550,258.5408,False,33.26025,0.8215422,-21.99686,0,0,0,1,0,0,1,False,-1,-1,0,0,0,-1
2026-06-29 15:11:19.583,258.5743,False,33.26021,0.8215568,-21.99693,0,0,0,1,0,0,1,False,-1,-1,0,0,0,-1
2026-06-29 15:11:19.628,258.6183,False,33.26028,0.8215976,-21.99693,0,0,0,1,0,0,1,False,-1,-1,0,0,0,-1
2026-06-29 15:11:19.662,258.6521,False,33.26017,0.8215386,-21.99706,0,0,0,1,0,0,1,False,-1,-1,0,0,0,-1
2026-06-29 15:11:19.696,258.6856,False,33.26017,0.8215504,-21.99714,0,0,0,1,0,0,1,False,-1,-1,0,0,0,-1
2026-06-29 15:11:19.739,258.7291,False,33.26021,0.8215313,-21.99714,0,0,0,1,0,0,1,False,-1,-1,0,0,0,-1
2026-06-29 15:11:19.773,258.7631,False,33.26027,0.8215945,-21.99708,0,0,0,1,0,0,1,False,-1,-1,0,0,0,-1
2026-06-29 15:11:19.817,258.8073,False,33.26039,0.8216044,-21.9971,0,0,0,1,0,0,1,False,-1,-1,0,0,0,-1
2026-06-29 15:11:19.862,258.8517,False,33.26044,0.821499,-21.99709,0,0,0,1,0,0,1,False,-1,-1,0,0,0,-1
2026-06-29 15:11:19.894,258.8858,False,33.26037,0.8214175,-21.99709,0,0,0,1,0,0,1,False,-1,-1,0,0,0,-1
2026-06-29 15:11:19.939,258.9292,False,33.26033,0.8214332,-21.99709,0,0,0,1,0,0,1,False,-1,-1,0,0,0,-1
2026-06-29 15:11:19.973,258.9629,False,33.26041,0.8215135,-21.99693,0,0,0,1,0,0,1,False,-1,-1,0,0,0,-1
2026-06-29 15:11:20.005,258.9965,False,33.26028,0.8214268,-21.99697,0,0,0,1,0,0,1,False,-1,-1,0,0,0,-1
2026-06-29 15:11:20.040,259.0301,False,33.26033,0.8214432,-21.99702,0,0,0,1,0,0,1,False,-1,-1,0,0,0,-1
2026-06-29 15:11:20.075,259.0649,False,33.26037,0.8212593,-21.99702,0,0,0,1,0,0,1,False,-1,-1,0,0,0,-1
2026-06-29 15:11:20.117,259.1074,False,33.26029,0.8213408,-21.99695,0,0,0,1,0,0,1,False,-1,-1,0,0,0,-1
2026-06-29 15:11:20.150,259.1409,False,33.26019,0.8213853,-21.99694,0,0,0,1,0,0,1,False,-1,-1,0,0,0,-1
2026-06-29 15:11:20.184,259.1745,False,33.26042,0.8212484,-21.99695,0,0,0,1,0,0,1,False,-1,-1,0,0,0,-1
2026-06-29 15:11:20.218,259.2079,False,33.26045,0.8213275,-21.99706,0,0,0,1,0,0,1,False,-1,-1,0,0,0,-1
2026-06-29 15:11:20.262,259.2524,False,33.26031,0.8214405,-21.99703,0,0,0,1,0,0,1,False,-1,-1,0,0,0,-1
2026-06-29 15:11:20.297,259.2869,False,33.26022,0.8213859,-21.99701,0,0,0,1,0,0,1,False,-1,-1,0,0,0,-1
2026-06-29 15:11:20.339,259.3292,False,33.26025,0.8214493,-21.99708,0,0,0,1,0,0,1,False,-1,-1,0,0,0,-1
2026-06-29 15:11:20.383,259.3734,False,33.26028,0.8214946,-21.99691,0,0,0,1,0,0,1,False,-1,-1,0,0,0,-1
2026-06-29 15:11:20.428,259.4185,False,33.26037,0.8216411,-21.99683,0,0,0,1,0,0,1,False,-1,-1,0,0,0,-1
2026-06-29 15:11:20.474,259.4642,False,33.26035,0.8215677,-21.99694,0,0,0,1,0,0,1,False,-1,-1,0,0,0,-1
2026-06-29 15:11:20.517,259.5067,False,33.26028,0.8215536,-21.99701,0,0,0,1,0,0,1,False,-1,-1,0,0,0,-1
2026-06-29 15:11:20.561,259.5515,False,33.26033,0.8216052,-21.99697,0,0,0,1,0,0,1,False,-1,-1,0,0,0,-1
2026-06-29 15:11:20.595,259.5854,False,33.26033,0.8216391,-21.9969,0,0,0,1,0,0,1,False,-1,-1,0,0,0,-1
2026-06-29 15:11:20.749,259.7372,False,33.04048,0.8868918,-22.37362,0,0,0,0,0,0,1,False,-1,-1,0,0,0,-1
