RealTime,UnityTime,GazeValid,GazeOriginX,GazeOriginY,GazeOriginZ,GazeRotX,GazeRotY,GazeRotZ,GazeRotW,GazeDirX,GazeDirY,GazeDirZ,HitPainting,ImageX,ImageY,HitPointX,HitPointY,HitPointZ,HitDistance
2026-08-21 13:05:27.467,10.73027,True,18.81801,1.071173,-8.668573,-0.04732881,-0.5187715,0.01199745,0.8535175,-0.8866968,0.06834409,0.4572723,False,-1,-1,0,0,0,-1
2026-08-21 13:05:27.489,10.764,True,18.81836,1.071551,-8.668207,-0.04842212,-0.5180593,0.01157449,0.8538945,-0.8858569,0.07070222,0.4585397,False,-1,-1,0,0,0,-1
2026-08-21 13:05:27.523,10.79754,True,18.81867,1.071868,-8.667892,-0.04869322,-0.5170202,0.01120277,0.8545136,-0.8846927,0.07163392,0.4606381,False,-1,-1,0,0,0,-1
2026-08-21 13:05:27.567,10.84146,True,18.81886,1.072351,-8.667318,-0.05001873,-0.5159184,0.009953547,0.8551183,-0.8833383,0.07527342,0.4626526,False,-1,-1,0,0,0,-1
2026-08-21 13:05:27.613,10.88614,True,18.81874,1.072559,-8.666946,-0.05085775,-0.5154665,0.01024028,0.8553379,-0.8828377,0.07644408,0.4634155,False,-1,-1,0,0,0,-1
2026-08-21 13:05:27.656,10.9302,True,18.81852,1.072738,-8.666787,-0.05057299,-0.5151181,0.009765546,0.8555702,-0.8824271,0.07647666,0.4641915,False,-1,-1,0,0,0,-1
2026-08-21 13:05:27.756,11.02941,True,18.8186,1.07297,-8.665845,-0.05015154,-0.5133529,0.008805905,0.8566657,-0.8804269,0.07688513,0.4679072,False,-1,-1,0,0,0,-1
2026-08-21 13:05:27.799,11.07349,True,18.82403,1.076166,-8.659719,-0.04923458,-0.4837394,0.001530096,0.8738248,-0.8455576,0.08456445,0.5271444,False,-1,-1,0,0,0,-1
2026-08-21 13:05:27.843,11.11737,True,18.83281,1.078844,-8.651577,-0.05564499,-0.4349513,-0.005688641,0.898715,-0.7811614,0.1049665,0.615442,False,-1,-1,0,0,0,-1
2026-08-21 13:05:27.877,11.15132,True,18.84014,1.081319,-8.645854,-0.06254168,-0.3963993,-0.006991408,0.9159188,-0.7252647,0.120109,0.6779122,False,-1,-1,0,0,0,-1
2026-08-21 13:05:27.911,11.1848,True,18.85005,1.083635,-8.639915,-0.06707679,-0.3474844,-0.0109706,0.9352192,-0.6484764,0.1330872,0.7495106,False,-1,-1,0,0,0,-1
2026-08-21 13:05:27.944,11.2185,True,18.86076,1.084534,-8.634911,-0.06889213,-0.2965381,-0.01313661,0.9524424,-0.5630608,0.1390226,0.8146381,False,-1,-1,0,0,0,-1
2026-08-21 13:05:27.988,11.26223,True,18.8759,1.084252,-8.630286,-0.06512432,-0.227815,-0.0119282,0.9714509,-0.4410685,0.131965,0.8877183,False,-1,-1,0,0,0,-1
2026-08-21 13:05:28.022,11.29604,True,18.88726,1.08335,-8.628093,-0.05943377,-0.1779417,-0.01081009,0.9821851,-0.3482583,0.1205971,0.9296088,True,0.05250585,0.5446049,16.14195,2.034015,-1.3,7.882986
2026-08-21 13:05:28.056,11.32986,True,18.89691,1.082055,-8.626662,-0.05230155,-0.1351952,-0.008622449,0.9894001,-0.2666224,0.1058257,0.9579736,True,0.1694951,0.5033071,16.85776,1.891419,-1.3,7.648083
2026-08-21 13:05:28.099,11.37356,True,18.9107,1.079659,-8.625586,-0.03955999,-0.07567067,-0.007905954,0.9963164,-0.1501583,0.08002504,0.9854179,True,0.3225789,0.4405029,17.79443,1.674564,-1.3,7.433989
2026-08-21 13:05:28.143,11.41787,True,18.92262,1.076927,-8.625498,-0.02791016,-0.02279955,-0.006759712,0.9993275,-0.04519111,0.05609101,0.9974024,True,0.4527197,0.3867294,18.59071,1.488892,-1.3,7.344576
2026-08-21 13:05:28.189,11.46254,True,18.93262,1.075019,-8.625944,-0.02039701,0.0222759,-0.01016962,0.999492,0.04494403,0.04032023,0.9981755,True,0.5625107,0.3525697,19.26248,1.370943,-1.3,7.339335
2026-08-21 13:05:28.232,11.50645,True,18.94088,1.073091,-8.626863,-0.01308674,0.05971588,-0.01245642,0.9980519,0.1195251,0.0246348,0.9925255,True,0.654156,0.3189754,19.82322,1.254946,-1.3,7.382039
2026-08-21 13:05:28.266,11.54007,True,18.94592,1.072287,-8.627902,-0.008767593,0.08369908,-0.0118839,0.9963816,0.1670008,0.01548239,0.9858352,True,0.7136532,0.2994046,20.18726,1.187371,-1.3,7.433191
2026-08-21 13:05:28.300,11.57372,True,18.94967,1.071469,-8.628899,-0.004791229,0.1013272,-0.01226451,0.994766,0.2017113,0.007046846,0.9794196,True,0.7580739,0.2811093,20.45906,1.1242,-1.3,7.4829
2026-08-21 13:05:28.343,11.61764,True,18.95274,1.070833,-8.629709,-0.00125133,0.1159281,-0.01326257,0.9931683,0.2303054,-0.0005894471,0.9731182,True,0.7954009,0.2643678,20.68745,1.066393,-1.3,7.532188
2026-08-21 13:05:28.378,11.65112,True,18.95352,1.070556,-8.629804,0.0005347587,0.1205036,-0.01581248,0.9925868,0.2392037,-0.004872511,0.9709572,True,0.8071415,0.2549206,20.75928,1.033774,-1.3,7.54905
2026-08-21 13:05:28.410,11.68467,True,18.9525,1.070082,-8.629655,0.003334205,0.1180546,-0.01653917,0.9928638,0.234314,-0.01052587,0.972104,True,0.8005939,0.2424508,20.71922,0.9907168,-1.3,7.539991
2026-08-21 13:05:28.449,11.72199,True,18.95045,1.069516,-8.628983,0.005283927,0.1097906,-0.01798118,0.9937781,0.2180249,-0.01445043,0.9758362,True,0.7791343,0.2338403,20.58792,0.9609861,-1.3,7.510464
2026-08-21 13:05:28.488,11.76226,True,18.94743,1.069323,-8.628313,0.007115901,0.09449429,-0.0172362,0.9953507,0.1878646,-0.01742308,0.9820404,True,0.740142,0.2275616,20.34934,0.9393064,-1.3,7.462334
2026-08-21 13:05:28.522,11.7957,True,18.94526,1.06926,-8.627735,0.007943369,0.08143865,-0.01764712,0.9964905,0.1620253,-0.0187053,0.9866093,True,0.707343,0.2249624,20.14865,0.9303316,-1.3,7.427191
2026-08-21 13:05:28.555,11.8292,True,18.94292,1.069317,-8.627312,0.008281857,0.06758881,-0.02053798,0.9974675,0.1344951,-0.01929804,0.9907264,True,0.6728545,0.2238791,19.93763,0.9265911,-1.3,7.395898
2026-08-21 13:05:28.588,11.86267,True,18.94034,1.069545,-8.626783,0.007728061,0.05246866,-0.0229636,0.9983286,0.104407,-0.01784003,0.9943746,True,0.6355914,0.227211,19.70963,0.9380959,-1.3,7.368233
2026-08-21 13:05:28.632,11.90648,True,18.9367,1.07,-8.626185,0.006885366,0.0325959,-0.02627241,0.9990996,0.06477131,-0.01547108,0.9977802,True,0.5869945,0.2325133,19.41229,0.9564041,-1.3,7.342484
2026-08-21 13:05:28.666,11.94015,True,18.93448,1.070208,-8.625852,0.006255855,0.02187248,-0.02729878,0.9993684,0.04337578,-0.01369799,0.9989649,True,0.560892,0.2363797,19.25257,0.9697543,-1.3,7.333442
2026-08-21 13:05:28.711,11.98476,True,18.93213,1.070439,-8.625441,0.005298143,0.01244052,-0.02657695,0.9995553,0.02458836,-0.01125284,0.9996343,True,0.5379685,0.2416572,19.11231,0.9879767,-1.3,7.32812
2026-08-21 13:05:28.755,12.02902,True,18.93042,1.070766,-8.625051,0.004304604,0.006023053,-0.02556533,0.9996458,0.01182174,-0.00891412,0.9998904,True,0.5223941,0.2467214,19.01702,1.005463,-1.3,7.325854
2026-08-21 13:05:28.789,12.0624,True,18.92958,1.070999,-8.624877,0.003757582,0.003956936,-0.02478604,0.9996779,0.007725053,-0.007708898,0.9999405,True,0.5173525,0.2493472,18.98617,1.014529,-1.3,7.325313
2026-08-21 13:05:28.832,12.1066,True,18.92899,1.070635,-8.625026,0.004731304,0.003356246,-0.02282852,0.9997226,0.006494612,-0.009613221,0.9999327,True,0.515783,0.2452012,18.97657,1.000214,-1.3,7.325519
2026-08-21 13:05:28.867,12.14021,True,18.92875,1.070611,-8.625071,0.005116707,0.003780524,-0.02223783,0.9997325,0.007331456,-0.01039882,0.9999191,True,0.5167452,0.243527,18.98246,0.9944331,-1.3,7.325664
2026-08-21 13:05:28.910,12.18458,True,18.92852,1.070552,-8.624772,0.005474163,0.005110426,-0.02060099,0.9997597,0.00999285,-0.01115626,0.9998878,True,0.5198943,0.2419032,19.00172,0.9888261,-1.3,7.325593
2026-08-21 13:05:28.944,12.21822,True,18.92842,1.070602,-8.624721,0.005287898,0.006098133,-0.01960525,0.9997752,0.01198618,-0.01081253,0.9998697,True,0.5222648,0.2426465,19.01623,0.9913929,-1.3,7.325675
2026-08-21 13:05:28.989,12.26236,True,18.92844,1.070743,-8.624832,0.004929313,0.007229254,-0.01809196,0.9997981,0.01427723,-0.01011822,0.9998469,True,0.5250118,0.2441597,19.03304,0.9966175,-1.3,7.325954
2026-08-21 13:05:29.032,12.30649,True,18.92849,1.070842,-8.624849,0.004595736,0.007997535,-0.01626193,0.9998252,0.0158428,-0.009449976,0.9998298,True,0.5268946,0.2456059,19.04456,1.001611,-1.3,7.326096
2026-08-21 13:05:29.066,12.34014,True,18.92909,1.070923,-8.625002,0.004340356,0.00984495,-0.0158813,0.999816,0.01954842,-0.008991815,0.9997685,True,0.5314319,0.2465997,19.07232,1.005042,-1.3,7.326698
2026-08-21 13:05:29.110,12.38461,True,18.92971,1.070942,-8.625186,0.003254888,0.01114339,-0.01613975,0.9998024,0.0221773,-0.006868192,0.9997305,True,0.5346825,0.2511104,19.09221,1.020617,-1.3,7.327161
2026-08-21 13:05:29.155,12.42906,True,18.93066,1.071145,-8.625607,0.002193256,0.01235369,-0.0166746,0.9997823,0.02462886,-0.004797542,0.9996852,True,0.5377768,0.2555622,19.11114,1.035989,-1.3,7.327914
2026-08-21 13:05:29.200,12.47409,True,18.93142,1.071184,-8.625631,0.001845215,0.01355373,-0.01831134,0.9997388,0.0270328,-0.00418584,0.9996258,True,0.5407811,0.2568711,19.12952,1.040508,-1.3,7.328373
2026-08-21 13:05:29.244,12.51767,True,18.93235,1.071075,-8.625803,0.002354954,0.01664168,-0.01946202,0.9996693,0.0331807,-0.005356111,0.999435,True,0.5483049,0.2543534,19.17556,1.031815,-1.3,7.329944
2026-08-21 13:05:29.289,12.56197,True,18.93322,1.070788,-8.626452,0.002701299,0.02046932,-0.01964507,0.9995939,0.04081588,-0.006204645,0.9991474,True,0.5576134,0.2524639,19.23251,1.025291,-1.3,7.332704
2026-08-21 13:05:29.322,12.59596,True,18.9337,1.070822,-8.626213,0.002721283,0.02324908,-0.01904722,0.9995446,0.04637332,-0.006325748,0.9989042,True,0.564363,0.2522139,19.27381,1.024428,-1.3,7.33425
2026-08-21 13:05:29.365,12.63979,True,18.93457,1.07074,-8.626788,0.002745118,0.0279571,-0.01843048,0.9994355,0.05578145,-0.006517662,0.9984217,True,0.5758209,0.2517746,19.34392,1.022911,-1.3,7.33837
2026-08-21 13:05:29.399,12.67358,True,18.93505,1.0708,-8.626746,0.002142908,0.03124211,-0.01814214,0.9993449,0.06236553,-0.005416606,0.9980386,True,0.5838242,0.2541279,19.39289,1.031036,-1.3,7.341145
2026-08-21 13:05:29.443,12.718,True,18.93615,1.070956,-8.62674,0.001729964,0.03806158,-0.01791669,0.9991133,0.07599367,-0.004820736,0.9970967,True,0.6004397,0.25543,19.49455,1.035532,-1.3,7.348074
2026-08-21 13:05:29.489,12.76257,True,18.93842,1.070923,-8.626971,0.001870677,0.05145693,-0.01643438,0.9985383,0.1027019,-0.00542721,0.9946974,True,0.6331869,0.2541017,19.69492,1.030946,-1.3,7.36603
2026-08-21 13:05:29.522,12.79592,True,18.94146,1.070673,-8.627789,0.002217746,0.07068309,-0.01480528,0.9973865,0.1409311,-0.006516866,0.989998,True,0.680532,0.2516373,19.98461,1.022437,-1.3,7.401821
2026-08-21 13:05:29.557,12.83006,True,18.94467,1.070309,-8.628363,0.003351904,0.09020563,-0.01329719,0.9958287,0.1795696,-0.009074806,0.9837034,True,0.729206,0.2459223,20.28242,1.002704,-1.3,7.449769
2026-08-21 13:05:29.599,12.87338,True,18.94912,1.069601,-8.629991,0.005514797,0.1176472,-0.01092027,0.9929801,0.2335222,-0.01352165,0.9722574,True,0.7990345,0.2357729,20.70968,0.9676591,-1.3,7.539145
2026-08-21 13:05:29.633,12.90677,True,18.95215,1.068932,-8.63104,0.007959213,0.1350852,-0.009232046,0.990759,0.2675267,-0.01826555,0.9633773,True,0.8445152,0.2248479,20.98796,0.9299363,-1.3,7.609729
2026-08-21 13:05:29.677,12.95117,True,18.95564,1.068204,-8.63212,0.01017743,0.1557576,-0.00801418,0.9877104,0.3075237,-0.02260124,0.951272,True,0.899753,0.2144404,21.32594,0.8940005,-1.3,7.707701
2026-08-21 13:05:29.721,12.99581,True,18.95824,1.067594,-8.633018,0.01193726,0.1703125,-0.008206232,0.9852836,0.3354163,-0.02631842,0.9417023,True,0.9396604,0.2053617,21.57012,0.8626533,-1.3,7.78698
2026-08-21 13:05:29.766,13.03989,True,18.95992,1.067547,-8.633346,0.01233195,0.1777901,-0.008742069,0.9839523,0.3496583,-0.02737661,0.9364772,True,0.9605639,0.2026145,21.69802,0.8531673,-1.3,7.830778
2026-08-21 13:05:29.799,13.07361,True,18.96074,1.067554,-8.633192,0.01186013,0.180265,-0.01046841,0.9834909,0.3543296,-0.02710284,0.9347277,True,0.9675152,0.2031236,21.74055,0.8549254,-1.3,7.845271
2026-08-21 13:05:29.844,13.11803,True,18.96132,1.067525,-8.632925,0.01201546,0.1802612,-0.01247023,0.9834663,0.354262,-0.0281294,0.934723,True,0.9675095,0.2007847,21.74052,0.8468494,-1.3,7.845025
2026-08-21 13:05:29.879,13.15284,True,18.96142,1.067433,-8.632657,0.0122402,0.1783332,-0.01341238,0.9838026,0.3505609,-0.02886763,0.9360949,True,0.9621046,0.1991793,21.70745,0.8413062,-1.3,7.83324
2026-08-21 13:05:29.922,13.19609,True,18.96144,1.06741,-8.632246,0.01260998,0.1760004,-0.01411957,0.984208,0.346086,-0.02979179,0.9377297,True,0.9555813,0.1971978,21.66753,0.8344643,-1.3,7.819147
2026-08-21 13:05:29.957,13.22992,True,18.96147,1.067348,-8.631933,0.01292852,0.1743407,-0.01406247,0.9845001,0.3429133,-0.03035958,0.9388763,True,0.9509781,0.1959806,21.63937,0.8302616,-1.3,7.809264
2026-08-21 13:05:29.990,13.26383,True,18.96163,1.067365,-8.631592,0.0130313,0.1735291,-0.01356549,0.9846491,0.341377,-0.03037053,0.9394357,True,0.9487638,0.196005,21.62582,0.8303459,-1.3,7.804251
2026-08-21 13:05:30.034,13.30696,True,18.96176,1.067291,-8.631577,0.01313134,0.1736364,-0.01334549,0.9846319,0.3415854,-0.03049359,0.939356,True,0.9490877,0.1956997,21.6278,0.8292917,-1.3,7.804897
2026-08-21 13:05:30.078,13.35195,True,18.96198,1.067192,-8.631371,0.01364934,0.1739841,-0.01334383,0.9845635,0.3422325,-0.03152052,0.9390864,True,0.9500612,0.1933313,21.63376,0.8211141,-1.3,7.806918
2026-08-21 13:05:30.111,13.38541,True,18.96193,1.06706,-8.631339,0.01410967,0.1736965,-0.0132308,0.9846092,0.341673,-0.03238131,0.9392609,True,0.9492569,0.1913608,21.62884,0.8143098,-1.3,7.805434
2026-08-21 13:05:30.156,13.42987,True,18.96184,1.066995,-8.631269,0.0140496,0.1727853,-0.01265321,0.984778,0.3399548,-0.03204405,0.9398957,True,0.9467526,0.1921539,21.61351,0.8170483,-1.3,7.800088
2026-08-21 13:05:30.200,13.47404,True,18.9614,1.066962,-8.63128,0.01379437,0.1710531,-0.01178418,0.9850948,0.3366818,-0.03120896,0.9411011,True,0.9419599,0.194121,21.58419,0.8238407,-1.3,7.790108
2026-08-21 13:05:30.244,13.51808,True,18.96097,1.067011,-8.631167,0.01335687,0.1693201,-0.01134416,0.9854053,0.3333947,-0.03016545,0.9423046,True,0.9371552,0.1965776,21.55479,0.8323227,-1.3,7.78004
2026-08-21 13:05:30.288,13.5628,True,18.96002,1.066989,-8.631023,0.01316322,0.1671026,-0.01127694,0.9857872,0.3291583,-0.02972108,0.9438069,True,0.9309398,0.1976803,21.51676,0.8361301,-1.3,7.767504
2026-08-21 13:05:30.333,13.60732,True,18.95868,1.067198,-8.630673,0.01260394,0.1641432,-0.01039805,0.9863012,0.3235272,-0.0282761,0.9457963,True,0.9226876,0.2011282,21.46627,0.8480357,-1.3,7.750795
2026-08-21 13:05:30.377,13.65129,True,18.95745,1.067467,-8.63019,0.01167562,0.1618895,-0.01001911,0.986689,0.3192351,-0.02628439,0.947311,True,0.9163766,0.2057753,21.42765,0.8640811,-1.3,7.737892
2026-08-21 13:05:30.412,13.68558,True,18.9566,1.067709,-8.629866,0.01097067,0.1612002,-0.009526689,0.9868148,0.3179404,-0.02472344,0.9477883,True,0.9143803,0.2093738,21.41544,0.8765066,-1.3,7.733653
2026-08-21 13:05:30.455,13.72947,True,18.95568,1.067856,-8.629483,0.01092291,0.1606004,-0.008799814,0.9869199,0.3168073,-0.02438658,0.9481764,True,0.9126137,0.2101962,21.40463,0.879346,-1.3,7.730084
2026-08-21 13:05:30.499,13.77345,True,18.95451,1.067743,-8.629163,0.0108346,0.1592328,-0.007398238,0.9871539,0.3142143,-0.02374691,0.949055,True,0.9087617,0.211647,21.38106,0.8843556,-1.3,7.72259
2026-08-21 13:05:30.533,13.80687,True,18.95384,1.067485,-8.628943,0.01162878,0.1581618,-0.006625579,0.9873225,0.3121594,-0.02505854,0.9496992,True,0.9057785,0.2086783,21.36281,0.874105,-1.3,7.717121
2026-08-21 13:05:30.578,13.85219,True,18.95299,1.066917,-8.628852,0.01300498,0.157006,-0.004555296,0.9875015,0.3099689,-0.02711529,0.9503599,True,0.9026013,0.20396,21.34337,0.8578131,-1.3,7.711659
2026-08-21 13:05:30.621,13.89573,True,18.95223,1.066347,-8.629193,0.01556704,0.1546464,-0.0009183335,0.9878468,0.3055053,-0.03103974,0.9516843,True,0.8963327,0.1951232,21.30501,0.8273008,-1.3,7.701286
2026-08-21 13:05:30.655,13.92921,True,18.95172,1.066181,-8.629333,0.0162248,0.152509,-0.0003543443,0.9881688,0.3013978,-0.03217376,0.9529555,True,0.8905803,0.1926402,21.26982,0.8187275,-1.3,7.69116
2026-08-21 13:05:30.700,13.9736,True,18.95113,1.066253,-8.629703,0.01564813,0.1507746,-0.0003956814,0.9884443,0.2980522,-0.03105392,0.9540443,True,0.8858703,0.1952309,21.241,0.8276727,-1.3,7.68277
2026-08-21 13:05:30.733,14.00702,True,18.95101,1.066418,-8.629957,0.01430537,0.1500964,0.0007640197,0.9885676,0.2967827,-0.0280543,0.9545329,True,0.8840791,0.2019827,21.23004,0.8509859,-1.3,7.679104
2026-08-21 13:05:30.777,14.05123,True,18.95112,1.066603,-8.630336,0.01310914,0.1494997,0.002001257,0.9886729,0.2956651,-0.02532293,0.9549559,True,0.8825489,0.2081329,21.22067,0.8722217,-1.3,7.676098
2026-08-21 13:05:30.810,14.08467,True,18.95123,1.066522,-8.630651,0.01275243,0.149108,0.002016342,0.9887367,0.2949086,-0.02461629,0.9552084,True,0.8815361,0.2096925,21.21448,0.8776067,-1.3,7.6744
2026-08-21 13:05:30.855,14.12916,True,18.95131,1.066312,-8.631057,0.01253195,0.1475912,0.002135756,0.9889668,0.2919791,-0.02415693,0.9561196,True,0.8775463,0.2107009,21.19007,0.8810889,-1.3,7.66751
2026-08-21 13:05:30.900,14.17382,True,18.9513,1.06626,-8.631367,0.01312999,0.1469754,0.0009515048,0.9890525,0.2907577,-0.0256928,0.9564517,True,0.8759032,0.2072925,21.18001,0.86932,-1.3,7.665172
2026-08-21 13:05:30.945,14.21814,True,18.95131,1.066164,-8.631566,0.01335686,0.1463568,0.0006009249,0.9891415,0.2895513,-0.02624776,0.9568025,True,0.8742701,0.2060526,21.17002,0.8650386,-1.3,7.662569
2026-08-21 13:05:30.988,14.2623,True,18.9513,1.06617,-8.631688,0.0130501,0.1460417,0.0005835686,0.9891922,0.2889418,-0.02564767,0.9570031,True,0.8734352,0.207397,21.16491,0.869681,-1.3,7.661092
2026-08-21 13:05:31.022,14.29629,True,18.95128,1.066267,-8.631676,0.01274311,0.1454155,0.000643333,0.9892884,0.2877322,-0.02502613,0.9573839,True,0.8717735,0.2088263,21.15474,0.8746158,-1.3,7.658031
2026-08-21 13:05:31.066,14.34019,True,18.95111,1.066296,-8.631595,0.01284094,0.1436151,-0.0004524783,0.9895502,0.284217,-0.02554348,0.9584197,True,0.8669579,0.2077493,21.12528,0.8708973,-1.3,7.64967
2026-08-21 13:05:31.110,14.38456,True,18.95066,1.066161,-8.631397,0.01361856,0.1409696,-0.00147322,0.9899191,0.2790569,-0.0273779,0.9598842,True,0.8598904,0.2037402,21.08204,0.8570544,-1.3,7.637793
2026-08-21 13:05:31.144,14.41838,True,18.95018,1.066194,-8.631161,0.01341991,0.1384721,-0.001646088,0.9902741,0.2742065,-0.02703464,0.9612908,True,0.8532466,0.2045985,21.04138,0.8600181,-1.3,7.626371
2026-08-21 13:05:31.188,14.46231,True,18.94901,1.066402,-8.630722,0.01271226,0.1321458,-0.001942648,0.9911469,0.2619024,-0.02571286,0.9647518,True,0.8365285,0.2077854,20.93909,0.8710217,-1.3,7.598557
2026-08-21 13:05:31.222,14.49601,True,18.94803,1.066571,-8.630466,0.01204548,0.1271604,-0.00191162,0.9918072,0.2521911,-0.02437976,0.9673703,True,0.8234489,0.210915,20.85906,0.8818279,-1.3,7.577724
2026-08-21 13:05:31.266,14.54026,True,18.94601,1.066656,-8.630075,0.0120945,0.1160713,-0.001999682,0.9931653,0.2305077,-0.02448789,0.9727623,True,0.794668,0.2110031,20.68296,0.8821321,-1.3,7.535319
2026-08-21 13:05:31.311,14.58507,True,18.94392,1.066815,-8.629806,0.01181796,0.104938,-0.003152186,0.9944036,0.2086269,-0.02416521,0.9776967,True,0.7660723,0.2120215,20.508,0.8856487,-1.3,7.497014
2026-08-21 13:05:31.356,14.62927,True,18.94137,1.066694,-8.629464,0.0125579,0.09237886,-0.005252826,0.9956309,0.1838186,-0.02597656,0.9826169,True,0.7341204,0.2083386,20.3125,0.8729318,-1.3,7.459127
2026-08-21 13:05:31.399,14.67337,True,18.93901,1.066513,-8.629085,0.01347513,0.08123278,-0.004854442,0.9965923,0.1617811,-0.02764711,0.9864393,True,0.7060952,0.2049118,20.14102,0.8610998,-1.3,7.429838
2026-08-21 13:05:31.444,14.71779,True,18.93675,1.066189,-8.628877,0.01544773,0.07147454,-0.004107185,0.9973143,0.1424383,-0.03139959,0.9893055,True,0.6817319,0.196941,19.99195,0.8335778,-1.3,7.408103
2026-08-21 13:05:31.477,14.75128,True,18.93526,1.06583,-8.628736,0.01696152,0.06589533,-0.003913768,0.9976747,0.1313514,-0.03435997,0.9907402,True,0.6678311,0.1905938,19.90689,0.8116615,-1.3,7.397233
2026-08-21 13:05:31.521,14.79566,True,18.93353,1.065585,-8.62863,0.01812399,0.059664,-0.002697572,0.9980503,0.1189976,-0.03649921,0.9922234,True,0.6523953,0.186058,19.81245,0.796,-1.3,7.386068
2026-08-21 13:05:31.555,14.82908,True,18.93259,1.065649,-8.628659,0.01799331,0.05648663,-0.002069603,0.998239,0.1126999,-0.03615707,0.992971,True,0.6445376,0.1868661,19.76437,0.7987906,-1.3,7.380537
2026-08-21 13:05:31.588,14.86252,True,18.93193,1.06592,-8.628742,0.01699378,0.05456974,-0.001509404,0.9983642,0.1089096,-0.03409671,0.9934667,True,0.6397948,0.1913842,19.73535,0.8143908,-1.3,7.376937
2026-08-21 13:05:31.622,14.89589,True,18.93128,1.066132,-8.62889,0.01646194,0.05238748,-0.001056286,0.9984906,0.104582,-0.03298486,0.9939691,True,0.6344094,0.1938552,19.7024,0.8229227,-1.3,7.373358
2026-08-21 13:05:31.666,14.94021,True,18.93058,1.066113,-8.629107,0.01632587,0.05082889,-0.002341766,0.9985712,0.1014361,-0.03284314,0.9942998,True,0.6304671,0.1941734,19.67828,0.8240217,-1.3,7.371124
2026-08-21 13:05:31.712,14.98525,True,18.93016,1.066013,-8.629195,0.01691515,0.04957108,-0.002811423,0.9986234,0.09891056,-0.03406245,0.9945132,True,0.6273312,0.1915564,19.65909,0.8149853,-1.3,7.369631
2026-08-21 13:05:31.755,15.0291,True,18.93022,1.06601,-8.629266,0.01722379,0.05032348,-0.002582688,0.9985811,0.1004152,-0.03465865,0.9943418,True,0.6291759,0.1902694,19.67038,0.8105415,-1.3,7.370972
2026-08-21 13:05:31.799,15.07333,True,18.93054,1.065946,-8.629428,0.01756877,0.05228506,-0.002793731,0.9984738,0.1043124,-0.03537606,0.9939152,True,0.6339798,0.1886853,19.69977,0.8050718,-1.3,7.374299
2026-08-21 13:05:31.832,15.10671,True,18.93085,1.065881,-8.629583,0.01760397,0.05351214,-0.002755846,0.9984082,0.1067569,-0.03544683,0.9936531,True,0.6370131,0.1884941,19.71833,0.8044115,-1.3,7.3764
2026-08-21 13:05:31.867,15.14034,True,18.9311,1.065872,-8.629666,0.01765482,0.05448119,-0.002628457,0.9983553,0.1086903,-0.03553797,0.9934402,True,0.6394141,0.1882795,19.73302,0.8036706,-1.3,7.378064
2026-08-21 13:05:31.911,15.1849,True,18.93164,1.065608,-8.629855,0.01838764,0.05617476,-0.002519927,0.9982485,0.1120601,-0.03699397,0.9930126,True,0.643627,0.1850557,19.7588,0.7925394,-1.3,7.381432
2026-08-21 13:05:31.955,15.2291,True,18.93213,1.065514,-8.629792,0.01880377,0.05770064,-0.003127907,0.998152,0.1150704,-0.03789901,0.9926341,True,0.6473904,0.1830635,19.78183,0.7856605,-1.3,7.384182
2026-08-21 13:05:32.000,15.27343,True,18.9326,1.065511,-8.629575,0.0190555,0.05865882,-0.0031844,0.9980912,0.1169723,-0.03841184,0.9923921,True,0.6497929,0.1819485,19.79653,0.7818105,-1.3,7.385766
2026-08-21 13:05:32.034,15.30761,True,18.93303,1.06566,-8.629417,0.0187089,0.05998908,-0.003144017,0.9980187,0.1196228,-0.03772088,0.9921026,True,0.6531024,0.1834476,19.81678,0.7869867,-1.3,7.387762
2026-08-21 13:05:32.078,15.35127,True,18.93337,1.06578,-8.629295,0.01819645,0.06153092,-0.002214591,0.9979368,0.1227273,-0.03659035,0.9917657,True,0.6569538,0.185876,19.84034,0.7953717,-1.3,7.390149
2026-08-21 13:05:32.121,15.39591,True,18.93355,1.065876,-8.629175,0.01788601,0.06236454,-0.001561963,0.997892,0.1244103,-0.03589144,0.9915815,True,0.6590417,0.1873867,19.85312,0.8005879,-1.3,7.3914
2026-08-21 13:05:32.166,15.44005,True,18.9337,1.065866,-8.628979,0.01805946,0.06301524,-0.002239978,0.9978467,0.1256782,-0.03632346,0.9914058,True,0.6606205,0.1864473,19.86278,0.7973442,-1.3,7.392511
2026-08-21 13:05:32.200,15.47367,True,18.93352,1.065823,-8.628924,0.01806977,0.06246604,-0.002320601,0.9978808,0.1245835,-0.03635287,0.9915429,True,0.6592469,0.1863834,19.85437,0.7971236,-1.3,7.391435
2026-08-21 13:05:32.233,15.50745,True,18.93342,1.065709,-8.628933,0.01838662,0.06250906,-0.002623025,0.9978716,0.1246556,-0.03702291,0.9915091,True,0.6593232,0.184913,19.85484,0.7920467,-1.3,7.391695
2026-08-21 13:05:32.277,15.55137,True,18.93319,1.065468,-8.628965,0.01943472,0.06219108,-0.00342744,0.9978691,0.1239839,-0.03921292,0.9915091,True,0.6584736,0.1801548,19.84964,0.7756169,-1.3,7.391727
2026-08-21 13:05:32.321,15.59588,True,18.93326,1.065294,-8.629076,0.0201336,0.06272037,-0.003492337,0.9978219,0.1250269,-0.04061758,0.9913216,True,0.6597769,0.1770795,19.85761,0.7649986,-1.3,7.393237
2026-08-21 13:05:32.368,15.6404,True,18.93367,1.065081,-8.628998,0.02109616,0.06377291,-0.004069841,0.9977331,0.127085,-0.04261576,0.9909759,True,0.6623817,0.1727086,19.87355,0.7499065,-1.3,7.395738
2026-08-21 13:05:32.411,15.68436,True,18.93394,1.06506,-8.628901,0.02089835,0.06467775,-0.004673128,0.9976764,0.1288596,-0.04230408,0.9907601,True,0.6646028,0.1733514,19.88714,0.7521259,-1.3,7.397252
2026-08-21 13:05:32.444,15.71808,True,18.93414,1.064976,-8.628807,0.02149722,0.06512753,-0.004864662,0.9976335,0.1297377,-0.04352635,0.9905925,True,0.6657228,0.1706939,19.894,0.74295,-1.3,7.398407
2026-08-21 13:05:32.488,15.76251,True,18.93418,1.064954,-8.628617,0.02140764,0.06489144,-0.004749638,0.9976514,0.1292747,-0.04333114,0.9906616,True,0.6651541,0.1711148,19.89052,0.7444032,-1.3,7.3977
2026-08-21 13:05:32.529,15.80257,True,18.93421,1.064995,-8.628413,0.02130759,0.06461209,-0.004500486,0.9976728,0.1287317,-0.04309757,0.9907425,True,0.6644855,0.1716373,19.88643,0.7462074,-1.3,7.39689
2026-08-21 13:05:32.567,15.84095,True,18.93447,1.06496,-8.628171,0.02098911,0.06444961,-0.004511742,0.99769,0.1284121,-0.04246281,0.9908114,True,0.6641259,0.1729962,19.88422,0.7508993,-1.3,7.396131
2026-08-21 13:05:32.611,15.88451,True,18.93442,1.064999,-8.62804,0.02123177,0.06487627,-0.004209388,0.9976586,0.12927,-0.04291029,0.9906806,True,0.6651724,0.1720385,19.89063,0.7475928,-1.3,7.396976
2026-08-21 13:05:32.645,15.91852,True,18.93457,1.065024,-8.627995,0.02128509,0.06555402,-0.004337095,0.9976125,0.1306104,-0.04303717,0.9904993,True,0.6668459,0.1717578,19.90087,0.7466233,-1.3,7.398284
2026-08-21 13:05:32.688,15.96224,True,18.9346,1.065041,-8.627959,0.02116324,0.06560086,-0.004858765,0.9976097,0.1306825,-0.04286278,0.9904973,True,0.6669366,0.1721366,19.90142,0.7479311,-1.3,7.398263
2026-08-21 13:05:32.721,15.99563,True,18.93457,1.065077,-8.627959,0.02114157,0.06518587,-0.005148986,0.9976359,0.1298458,-0.04285446,0.9906077,True,0.6659027,0.172175,19.8951,0.7480637,-1.3,7.397439
2026-08-21 13:05:32.756,16.02907,True,18.93465,1.065094,-8.628,0.02123907,0.06514642,-0.004991249,0.9976372,0.129773,-0.04302811,0.9906097,True,0.6658282,0.1718075,19.89464,0.7467951,-1.3,7.397464
2026-08-21 13:05:32.799,16.07354,True,18.93447,1.065017,-8.628037,0.02120663,0.06445814,-0.005026021,0.9976824,0.1284043,-0.0429629,0.9907908,True,0.6641157,0.1719413,19.88416,0.747257,-1.3,7.39615
2026-08-21 13:05:32.844,16.1179,True,18.93427,1.065002,-8.628039,0.02120121,0.06362097,-0.00516099,0.9977356,0.126735,-0.0429631,0.9910058,True,0.662033,0.1719564,19.87142,0.7473092,-1.3,7.394547
2026-08-21 13:05:32.888,16.1623,True,18.9343,1.065102,-8.628051,0.02093613,0.06366514,-0.004801156,0.9977401,0.1268415,-0.04238896,0.9910169,True,0.6621647,0.1732159,19.87222,0.7516581,-1.3,7.394476
2026-08-21 13:05:32.921,16.19608,True,18.93431,1.065187,-8.628093,0.02047841,0.0641686,-0.004250417,0.9977199,0.1278705,-0.04140892,0.990926,True,0.6634247,0.1753306,19.87993,0.7589598,-1.3,7.395196
2026-08-21 13:05:32.966,16.24032,True,18.93443,1.065245,-8.628172,0.02012461,0.06571994,-0.003560903,0.9976288,0.1309849,-0.04062183,0.9905518,True,0.66727,0.1769993,19.90346,0.7647218,-1.3,7.398071
2026-08-21 13:05:33.011,16.2849,True,18.93458,1.06529,-8.628253,0.02029037,0.06655645,-0.003705512,0.9975695,0.132639,-0.04097537,0.9903171,True,0.6693352,0.1762331,19.9161,0.7620759,-1.3,7.399905
2026-08-21 13:05:33.055,16.32874,True,18.93473,1.065258,-8.62827,0.02041837,0.06658339,-0.003968149,0.997564,0.1326803,-0.04126568,0.9902995,True,0.6694123,0.1755998,19.91657,0.7598894,-1.3,7.400054
2026-08-21 13:05:33.088,16.36249,True,18.93477,1.065259,-8.628211,0.02057654,0.06607179,-0.004121239,0.9975942,0.1316561,-0.04159867,0.9904222,True,0.6681592,0.1748984,19.9089,0.7574676,-1.3,7.399077
2026-08-21 13:05:33.133,16.40657,True,18.93478,1.065146,-8.628131,0.02128128,0.06557603,-0.005090897,0.9976076,0.1306216,-0.04312842,0.9904938,True,0.6668971,0.1715952,19.90118,0.746062,-1.3,7.398462
2026-08-21 13:05:33.167,16.44122,True,18.93485,1.065062,-8.62811,0.02171898,0.06532642,-0.005150493,0.9976143,0.1301174,-0.04400725,0.9905215,True,0.6662935,0.1696908,19.89749,0.7394861,-1.3,7.398234
2026-08-21 13:05:33.210,16.48441,True,18.93491,1.064937,-8.628094,0.02204875,0.06536245,-0.005539041,0.9976026,0.1301672,-0.04471589,0.9904832,True,0.6663688,0.1681327,19.89795,0.7341063,-1.3,7.398504
2026-08-21 13:05:33.245,16.51822,True,18.93504,1.064909,-8.628118,0.02192638,0.06560858,-0.005481844,0.9975895,0.1306605,-0.04446636,0.9904295,True,0.6669962,0.1686538,19.90179,0.7359059,-1.3,7.398929
2026-08-21 13:05:33.288,16.56214,True,18.93524,1.064912,-8.628198,0.02184948,0.06623163,-0.005343561,0.9975507,0.1319053,-0.04429976,0.9902719,True,0.6685613,0.1689955,19.91136,0.7370856,-1.3,7.400187
2026-08-21 13:05:33.321,16.59564,True,18.93545,1.064901,-8.628293,0.02195213,0.06674708,-0.00507899,0.9975155,0.1329395,-0.04447319,0.9901258,True,0.669872,0.1686054,19.91938,0.7357388,-1.3,7.401375
2026-08-21 13:05:33.356,16.62931,True,18.9356,1.064893,-8.628341,0.02209703,0.0669603,-0.005306067,0.9974968,0.1333509,-0.04479402,0.9900561,True,0.6704061,0.167908,19.92265,0.7333306,-1.3,7.401944
2026-08-21 13:05:33.389,16.66274,True,18.93566,1.064908,-8.628352,0.02215244,0.06690653,-0.005305746,0.9974992,0.1332434,-0.04490407,0.9900656,True,0.6702852,0.167677,19.92191,0.7325329,-1.3,7.401885
2026-08-21 13:05:33.433,16.7068,True,18.93575,1.06488,-8.628326,0.02234717,0.06707858,-0.005470688,0.9974824,0.1335749,-0.04531575,0.9900022,True,0.6707109,0.1667805,19.92451,0.7294376,-1.3,7.402334
2026-08-21 13:05:33.477,16.75104,True,18.93578,1.064822,-8.628297,0.02232682,0.06713501,-0.005501761,0.9974789,0.1336858,-0.04527979,0.9899888,True,0.6708512,0.16684,19.92537,0.729643,-1.3,7.402404
2026-08-21 13:05:33.511,16.78473,True,18.9358,1.064837,-8.628304,0.02234495,0.06733615,-0.005506342,0.9974649,0.1340848,-0.04531817,0.9899331,True,0.6713463,0.1667563,19.9284,0.729354,-1.3,7.402828
2026-08-21 13:05:33.555,16.82925,True,18.9358,1.064865,-8.628325,0.02236405,0.06744303,-0.005623197,0.9974566,0.1342915,-0.04537283,0.9899026,True,0.6716023,0.166644,19.92997,0.7289662,-1.3,7.403077
2026-08-21 13:05:33.600,16.87389,True,18.9358,1.064889,-8.628356,0.02234852,0.06740882,-0.00545727,0.9974602,0.1342313,-0.04531926,0.9899132,True,0.6715282,0.1667667,19.92952,0.7293895,-1.3,7.403028
2026-08-21 13:05:33.634,16.90734,True,18.93575,1.064927,-8.628407,0.02209554,0.06749742,-0.005271392,0.9974608,0.1344191,-0.04479048,0.9899118,True,0.6717494,0.1679104,19.93087,0.7333386,-1.3,7.403091
2026-08-21 13:05:33.668,16.94095,True,18.93574,1.064949,-8.628457,0.0220864,0.06772913,-0.005166063,0.9974459,0.1348841,-0.04475976,0.9898499,True,0.6723211,0.1679761,19.93437,0.7335654,-1.3,7.403604
2026-08-21 13:05:33.710,16.98475,True,18.9356,1.065093,-8.628614,0.02119738,0.06712566,-0.004897523,0.9975073,0.133709,-0.04294658,0.9900897,True,0.6708414,0.1719258,19.92531,0.7472035,-1.3,7.40197
2026-08-21 13:05:33.755,17.02909,True,18.93561,1.065152,-8.628768,0.02100198,0.06680862,-0.004786539,0.9975333,0.1330866,-0.04253991,0.990191,True,0.6700762,0.172822,19.92063,0.7502981,-1.3,7.401367
2026-08-21 13:05:33.799,17.07367,True,18.93559,1.065192,-8.628842,0.02090449,0.06681988,-0.004515987,0.9975358,0.1331216,-0.04230947,0.9901962,True,0.6701163,0.1733273,19.92088,0.7520428,-1.3,7.401404
2026-08-21 13:05:33.843,17.11768,True,18.93558,1.065121,-8.628983,0.02142569,0.06754322,-0.004701258,0.9974752,0.1345439,-0.04337827,0.9899577,True,0.6718767,0.1709915,19.93165,0.7439777,-1.3,7.403328
2026-08-21 13:05:33.877,17.15115,True,18.93557,1.065087,-8.629062,0.02129991,0.06793514,-0.004467942,0.9974523,0.1353338,-0.04309835,0.9898623,True,0.6728488,0.1715719,19.9376,0.7459816,-1.3,7.404122
2026-08-21 13:05:33.922,17.19589,True,18.93558,1.065088,-8.62909,0.02105619,0.06820862,-0.004274264,0.9974397,0.135888,-0.04258765,0.9898084,True,0.6735312,0.1726619,19.94177,0.7497451,-1.3,7.404554
2026-08-21 13:05:33.966,17.24027,True,18.93544,1.065011,-8.629065,0.02102949,0.06806064,-0.004458354,0.9974496,0.1355866,-0.04255858,0.989851,True,0.6731349,0.1727064,19.93935,0.7498989,-1.3,7.40421
2026-08-21 13:05:33.999,17.2738,True,18.93541,1.064919,-8.629017,0.0215735,0.06745196,-0.004817038,0.9974777,0.1343558,-0.043688,0.9899696,True,0.6716213,0.1702697,19.93009,0.7414851,-1.3,7.403274
2026-08-21 13:05:34.043,17.3179,True,18.93528,1.064989,-8.628916,0.02141554,0.06668593,-0.004853769,0.9975324,0.1328349,-0.04337274,0.9901887,True,0.669721,0.1709875,19.91846,0.7439638,-1.3,7.401535
2026-08-21 13:05:34.077,17.35166,True,18.93529,1.065031,-8.62884,0.02156823,0.0667055,-0.005023984,0.9975269,0.1328644,-0.04370004,0.9901704,True,0.6697596,0.1702975,19.9187,0.7415812,-1.3,7.401596
2026-08-21 13:05:34.121,17.39592,True,18.93535,1.064956,-8.628734,0.02192607,0.06686398,-0.005133045,0.997508,0.1331696,-0.04442929,0.9900969,True,0.6701481,0.1687069,19.92107,0.736089,-1.3,7.402036
2026-08-21 13:05:34.156,17.42967,True,18.93537,1.064881,-8.628637,0.02215018,0.0671256,-0.005258644,0.9974848,0.1336806,-0.04489491,0.990007,True,0.6707828,0.1676794,19.92496,0.7325413,-1.3,7.402611
2026-08-21 13:05:34.201,17.47422,True,18.93548,1.064811,-8.628524,0.02229029,0.06761829,-0.005562337,0.9974468,0.1346433,-0.04521898,0.9898618,True,0.6719863,0.1669515,19.93232,0.730028,-1.3,7.403582
2026-08-21 13:05:34.244,17.51769,True,18.93557,1.064731,-8.628499,0.02261223,0.06779278,-0.005792814,0.9974263,0.1349746,-0.04589349,0.9897857,True,0.672414,0.165475,19.93494,0.7249298,-1.3,7.404127
2026-08-21 13:05:34.277,17.55113,True,18.93556,1.064733,-8.628488,0.02274554,0.0675468,-0.006112712,0.9974381,0.1344694,-0.04620032,0.9898401,True,0.6717927,0.1648232,19.93114,0.722679,-1.3,7.403707
2026-08-21 13:05:34.321,17.59564,True,18.93564,1.064814,-8.628517,0.02218985,0.06749415,-0.005656071,0.9974568,0.134394,-0.04503034,0.9899043,True,0.6717043,0.1673612,19.93059,0.7314427,-1.3,7.403258
2026-08-21 13:05:34.356,17.62918,True,18.93552,1.064842,-8.628534,0.02213161,0.06713535,-0.005702008,0.9974821,0.1336802,-0.04491738,0.9900061,True,0.6708048,0.1676214,19.92509,0.7323409,-1.3,7.402514
2026-08-21 13:05:34.389,17.66287,True,18.93541,1.064809,-8.628558,0.02219464,0.06647577,-0.005544323,0.9975258,0.1323765,-0.04501657,0.9901767,True,0.6691816,0.1674154,19.91516,0.7316298,-1.3,7.401263
2026-08-21 13:05:34.433,17.70699,True,18.93536,1.064839,-8.628609,0.02215477,0.06602406,-0.005537435,0.9975567,0.1314801,-0.04493249,0.9903,True,0.6680718,0.1676156,19.90837,0.7323209,-1.3,7.400393
2026-08-21 13:05:34.467,17.74059,True,18.93544,1.064919,-8.628622,0.02193345,0.06616254,-0.00517557,0.9975544,0.1317744,-0.04444448,0.9902829,True,0.6684438,0.1686829,19.91064,0.7360063,-1.3,7.400533
2026-08-21 13:05:34.511,17.78473,True,18.93586,1.065082,-8.628844,0.02168205,0.06924538,-0.003125713,0.9973592,0.1379895,-0.04368246,0.9894699,True,0.6761714,0.1702836,19.95793,0.741533,-1.3,7.406838
2026-08-21 13:05:34.544,17.81814,True,18.93609,1.065126,-8.629117,0.02141186,0.07179322,-0.001323871,0.9971888,0.1431261,-0.04289342,0.9887745,True,0.682555,0.1719209,19.99699,0.7471868,-1.3,7.412323
2026-08-21 13:05:34.589,17.86304,True,18.93612,1.06524,-8.629385,0.02052409,0.07444028,0.0001548948,0.9970142,0.1484424,-0.04090255,0.9880748,True,0.6891345,0.1761623,20.03724,0.7618315,-1.3,7.417843
2026-08-21 13:05:34.633,17.90731,True,18.93595,1.065168,-8.629523,0.02053851,0.0748039,0.001010949,0.9969863,0.1491985,-0.04080199,0.9879651,True,0.690047,0.176346,20.04283,0.7624658,-1.3,7.418808
2026-08-21 13:05:34.677,17.95132,True,18.93548,1.06513,-8.629466,0.02053951,0.07285933,1.890375E-05,0.9971307,0.1453013,-0.0409584,0.9885393,True,0.6851403,0.1760509,20.0128,0.7614467,-1.3,7.414441
2026-08-21 13:05:34.712,17.98506,True,18.93527,1.06507,-8.629375,0.02064551,0.07150146,-0.0004536961,0.9972267,0.1425876,-0.04124139,0.9889226,True,0.6817491,0.1754612,19.99205,0.7594109,-1.3,7.411475
2026-08-21 13:05:34.755,18.02932,True,18.93504,1.065007,-8.629323,0.02095018,0.06983547,-0.0009033112,0.9973381,0.1392613,-0.04191498,0.9893682,True,0.6776044,0.1740383,19.96669,0.7544976,-1.3,7.408084
2026-08-21 13:05:34.799,18.07348,True,18.93505,1.064982,-8.629329,0.02098882,0.06982277,-0.0009841216,0.9973381,0.1392325,-0.04200332,0.9893685,True,0.6775715,0.1738414,19.96649,0.753818,-1.3,7.408088
2026-08-21 13:05:34.832,18.10688,True,18.93521,1.064943,-8.629365,0.02103715,0.07048915,-0.0009955799,0.9972902,0.1405544,-0.04210065,0.9891775,True,0.6792329,0.1736034,19.97666,0.7529961,-1.3,7.409555
2026-08-21 13:05:34.877,18.15109,True,18.93552,1.06477,-8.629412,0.02153766,0.0714355,-0.001398154,0.9972118,0.1424124,-0.04315497,0.9888662,True,0.6815881,0.171261,19.99107,0.7449081,-1.3,7.411934
2026-08-21 13:05:34.911,18.18474,True,18.93562,1.064696,-8.629474,0.0215708,0.07192755,-0.001580331,0.9971753,0.1433806,-0.04324708,0.9887223,True,0.6828039,0.1710275,19.99851,0.7441019,-1.3,7.413076
2026-08-21 13:05:34.956,18.22914,True,18.93575,1.064665,-8.629329,0.02168674,0.07203078,-0.001631891,0.9971653,0.1435824,-0.04348562,0.9886825,True,0.6830733,0.1705045,20.00016,0.7422957,-1.3,7.413228
2026-08-21 13:05:34.989,18.26251,True,18.93579,1.064697,-8.629143,0.0216732,0.07163038,-0.001468859,0.9971946,0.1427952,-0.04343522,0.9887987,True,0.6821009,0.1706353,19.99421,0.7427475,-1.3,7.412169
2026-08-21 13:05:35.022,18.29608,True,18.93576,1.064665,-8.629118,0.02173891,0.07167628,-0.001626998,0.9971897,0.1428789,-0.04358886,0.9887798,True,0.6822003,0.1702949,19.99482,0.7415721,-1.3,7.412285
2026-08-21 13:05:35.067,18.34006,True,18.93583,1.06453,-8.629071,0.02202989,0.0716761,-0.001917401,0.9971828,0.1428639,-0.04421052,0.9887545,True,0.682197,0.1689194,19.99479,0.7368227,-1.3,7.412428
2026-08-21 13:05:35.099,18.37352,True,18.93594,1.064561,-8.629049,0.02185432,0.07205296,-0.001711559,0.9971599,0.1436218,-0.04383115,0.9886615,True,0.6831495,0.1697343,20.00062,0.7396365,-1.3,7.413103
2026-08-21 13:05:35.144,18.41781,True,18.93594,1.064564,-8.628988,0.02148078,0.0719142,-0.001930822,0.9971777,0.1433395,-0.04311801,0.9887338,True,0.6827933,0.1712738,19.99844,0.7449523,-1.3,7.412498
2026-08-21 13:05:35.178,18.4513,True,18.93588,1.064658,-8.628868,0.02159024,0.07159458,-0.002124143,0.9971979,0.1426962,-0.04336365,0.9888161,True,0.6819876,0.170783,19.99352,0.7432575,-1.3,7.41176
2026-08-21 13:05:35.212,18.48542,True,18.93583,1.064666,-8.628881,0.02131958,0.0718955,-0.002178482,0.997182,0.1432929,-0.04283225,0.988753,True,0.682713,0.1719199,19.99795,0.7471832,-1.3,7.412247
2026-08-21 13:05:35.257,18.53077,True,18.93572,1.064578,-8.628944,0.02144311,0.07218364,-0.001909655,0.9971591,0.1438752,-0.04304007,0.9886594,True,0.6834179,0.1714387,20.00227,0.7455215,-1.3,7.413012
2026-08-21 13:05:35.299,18.57353,True,18.93561,1.064665,-8.629017,0.02083907,0.07235549,-0.00151277,0.9971601,0.144237,-0.04177868,0.9886608,True,0.6838407,0.1741712,20.00485,0.7549566,-1.3,7.413075
2026-08-21 13:05:35.344,18.61807,True,18.93562,1.064728,-8.629122,0.02063826,0.07270897,-0.001135777,0.997139,0.144955,-0.04132358,0.9885749,True,0.6847301,0.1751575,20.01029,0.7583621,-1.3,7.413825
2026-08-21 13:05:35.388,18.66254,True,18.9356,1.064705,-8.629127,0.02097361,0.07208817,-0.001420077,0.9971767,0.1437097,-0.04203353,0.9887268,True,0.6831915,0.1736402,20.00088,0.7531233,-1.3,7.412692
2026-08-21 13:05:35.422,18.69587,True,18.9357,1.064719,-8.62909,0.02092462,0.07194272,-0.001598495,0.997188,0.1434139,-0.04196155,0.9887728,True,0.6828389,0.1738035,19.99872,0.7536868,-1.3,7.412309
2026-08-21 13:05:35.455,18.72996,True,18.9357,1.064672,-8.629025,0.02105959,0.07207227,-0.00145123,0.997176,0.1436763,-0.04220941,0.9887242,True,0.6831645,0.1732543,20.00072,0.7517906,-1.3,7.412608
2026-08-21 13:05:35.500,18.77372,True,18.9357,1.064662,-8.628965,0.02110882,0.07234428,-0.001461485,0.9971552,0.1442153,-0.042309,0.9886414,True,0.68383,0.1730307,20.00479,0.7510185,-1.3,7.413168
2026-08-21 13:05:35.544,18.81822,True,18.93584,1.064668,-8.628892,0.0211727,0.072808,-0.001578765,0.99712,0.1451298,-0.04245335,0.9885014,True,0.6849847,0.1727104,20.01185,0.7499126,-1.3,7.414144
2026-08-21 13:05:35.578,18.85233,True,18.93589,1.064665,-8.62891,0.02135461,0.07315832,-0.00177971,0.9970901,0.1458149,-0.04284535,0.9883837,True,0.6858447,0.1718566,20.01711,0.7469647,-1.3,7.415046
2026-08-21 13:05:35.622,18.89639,True,18.93598,1.064654,-8.62886,0.02143437,0.07326819,-0.001736088,0.9970804,0.1460341,-0.04299798,0.9883447,True,0.6861315,0.1715227,20.01887,0.7458116,-1.3,7.415287
2026-08-21 13:05:35.657,18.93003,True,18.93603,1.064667,-8.628852,0.02144806,0.07339094,-0.00167855,0.9970712,0.14628,-0.04301686,0.9883075,True,0.686443,0.1714825,20.02077,0.7456728,-1.3,7.415558
2026-08-21 13:05:35.700,18.97386,True,18.93604,1.064663,-8.628887,0.02133805,0.07369486,-0.001455331,0.9970515,0.146893,-0.04276476,0.9882275,True,0.6872036,0.1720149,20.02543,0.7475111,-1.3,7.416194
2026-08-21 13:05:35.745,19.01851,True,18.93608,1.06467,-8.628941,0.02140158,0.0738188,-0.001398119,0.997041,0.1471409,-0.04288292,0.9881855,True,0.6875187,0.1717586,20.02736,0.7466264,-1.3,7.416564
2026-08-21 13:05:35.789,19.06288,True,18.93614,1.06466,-8.628934,0.0214451,0.07381596,-0.001386137,0.9970403,0.1471355,-0.04296791,0.9881826,True,0.6875226,0.171573,20.02738,0.7459855,-1.3,7.416579
2026-08-21 13:05:35.823,19.09626,True,18.93615,1.064715,-8.628864,0.02131624,0.07369567,-0.001545452,0.9970518,0.1468909,-0.04273458,0.9882292,True,0.6872171,0.1720952,20.02551,0.7477883,-1.3,7.416159
2026-08-21 13:05:35.867,19.14044,True,18.93613,1.064625,-8.628787,0.02203256,0.07372564,-0.002198703,0.9970328,0.1469169,-0.04425857,0.9881582,True,0.6872576,0.16879,20.02576,0.7363759,-1.3,7.416613
2026-08-21 13:05:35.911,19.18503,True,18.93663,1.064525,-8.628846,0.02243252,0.07586438,-0.0022875,0.9968632,0.1511502,-0.04507138,0.9874827,True,0.692597,0.1669484,20.05843,0.7300173,-1.3,7.421746
2026-08-21 13:05:35.945,19.21872,True,18.93704,1.064492,-8.628943,0.02241236,0.07783725,-0.002460685,0.9967111,0.1550522,-0.04506036,0.9868781,True,0.6975144,0.1669018,20.08852,0.7298561,-1.3,7.426392
2026-08-21 13:05:35.978,19.25208,True,18.93757,1.064475,-8.628965,0.02255573,0.07981112,-0.002324315,0.9965521,0.158967,-0.04532693,0.9862428,True,0.7024771,0.1662604,20.11888,0.7276417,-1.3,7.431198
2026-08-21 13:05:36.022,19.29624,True,18.93813,1.064357,-8.628944,0.02261603,0.08138359,-0.00223245,0.9964237,0.1620841,-0.04543367,0.9857305,True,0.7064566,0.165946,20.14323,0.7265558,-1.3,7.435039
2026-08-21 13:05:36.066,19.34042,True,18.93842,1.064236,-8.628872,0.02303318,0.0814709,-0.00260012,0.9964061,0.1622364,-0.04632448,0.985664,True,0.7067006,0.1639872,20.14472,0.7197924,-1.3,7.435467
2026-08-21 13:05:36.100,19.37415,True,18.9386,1.06437,-8.628696,0.02298497,0.08121575,-0.002465522,0.9964284,0.161738,-0.04620623,0.9857514,True,0.7061018,0.1642917,20.14106,0.7208441,-1.3,7.434629
2026-08-21 13:05:36.145,19.41887,True,18.93861,1.064536,-8.628466,0.02238461,0.08096036,-0.00196047,0.996464,0.1612604,-0.04492836,0.9858887,True,0.7054904,0.1671077,20.13732,0.7305672,-1.3,7.43336
2026-08-21 13:05:36.188,19.46247,True,18.93863,1.064661,-8.628259,0.02198732,0.08110253,-0.001572749,0.996462,0.161562,-0.04407417,0.9858779,True,0.7058567,0.1689845,20.13956,0.7370474,-1.3,7.433232
2026-08-21 13:05:36.223,19.49654,True,18.93863,1.064617,-8.628254,0.02201605,0.08158554,-0.001514908,0.996422,0.1625206,-0.04412175,0.9857182,True,0.7070529,0.1688541,20.14688,0.7365972,-1.3,7.434431
2026-08-21 13:05:36.266,19.54041,True,18.93871,1.064618,-8.628271,0.02220823,0.08255958,-0.001651244,0.9963373,0.164441,-0.04452643,0.9853814,True,0.7094673,0.1679499,20.16165,0.7334753,-1.3,7.436989
2026-08-21 13:05:36.311,19.58488,True,18.93874,1.06458,-8.628299,0.02245913,0.08347434,-0.001728213,0.9962553,0.1662459,-0.04503858,0.9850553,True,0.7117347,0.1668034,20.17553,0.7295164,-1.3,7.43948
2026-08-21 13:05:36.355,19.62896,True,18.93884,1.064579,-8.628334,0.02240209,0.08440721,-0.001690279,0.9961781,0.1680935,-0.04491828,0.9847471,True,0.7140615,0.1670317,20.18976,0.7303046,-1.3,7.441843
2026-08-21 13:05:36.389,19.66256,True,18.93895,1.064603,-8.628368,0.02223317,0.0852464,-0.00131615,0.996111,0.1697712,-0.0445178,0.9844775,True,0.716178,0.1678749,20.20271,0.7332164,-1.3,7.443917
2026-08-21 13:05:36.433,19.70699,True,18.93927,1.064684,-8.62853,0.02223307,0.08693027,-0.000838846,0.995966,0.1731219,-0.0444326,0.9838976,True,0.7204351,0.1680234,20.22876,0.733729,-1.3,7.448467
2026-08-21 13:05:36.467,19.74065,True,18.93972,1.064595,-8.628737,0.02228219,0.08911761,-0.0007871137,0.9957715,0.1774465,-0.04451622,0.9831231,True,0.7259503,0.1677391,20.2625,0.7327473,-1.3,7.454547
2026-08-21 13:05:36.511,19.78496,True,18.94021,1.064616,-8.628825,0.02240976,0.09107026,-0.0003475757,0.9955922,0.1813221,-0.04468527,0.982408,True,0.7309156,0.1673087,20.29289,0.7312613,-1.3,7.460062
2026-08-21 13:05:36.555,19.82919,True,18.94068,1.064566,-8.628796,0.02245982,0.09245516,-0.0004493739,0.9954634,0.1840513,-0.04479896,0.9818952,True,0.7344355,0.1669984,20.31442,0.73019,-1.3,7.463929
2026-08-21 13:05:36.600,19.87382,True,18.94079,1.064389,-8.628854,0.02341672,0.09275439,-0.000917046,0.9954132,0.1846149,-0.04678874,0.9816965,True,0.7351884,0.1626246,20.31903,0.7150877,-1.3,7.465497
2026-08-21 13:05:36.634,19.90722,True,18.94088,1.064362,-8.628765,0.02341573,0.09276815,-0.001174888,0.9954117,0.18463,-0.04683458,0.9816915,True,0.7352209,0.1625184,20.31923,0.714721,-1.3,7.465446
2026-08-21 13:05:36.667,19.94064,True,18.94092,1.064349,-8.628619,0.02328478,0.09225581,-0.0009182091,0.9954627,0.1836317,-0.04652768,0.9818934,True,0.7339587,0.1632008,20.31151,0.717077,-1.3,7.463762
2026-08-21 13:05:36.711,19.98543,True,18.94091,1.064302,-8.628513,0.02315074,0.09170944,-0.0009339655,0.9955162,0.1825532,-0.04626519,0.9821069,True,0.7325894,0.1637778,20.30313,0.7190696,-1.3,7.462032
2026-08-21 13:05:36.745,20.01915,True,18.94095,1.064289,-8.628393,0.0232038,0.09143309,-0.0008804512,0.9955404,0.1820098,-0.04636165,0.9822031,True,0.7319074,0.1635772,20.29895,0.7183769,-1.3,7.461179
2026-08-21 13:05:36.788,20.06242,True,18.94102,1.064281,-8.628305,0.02338434,0.09156909,-0.001068351,0.9955236,0.1822684,-0.04675497,0.9821365,True,0.7322471,0.1627191,20.30103,0.715414,-1.3,7.461595
2026-08-21 13:05:36.821,20.09595,True,18.94102,1.064201,-8.628254,0.02337387,0.09181163,-0.000954465,0.9955016,0.1827526,-0.04671272,0.9820486,True,0.732856,0.162779,20.30476,0.7156208,-1.3,7.462212
2026-08-21 13:05:36.856,20.12981,True,18.94093,1.064238,-8.628238,0.02349589,0.0917151,-0.000900586,0.9955077,0.1825639,-0.04694587,0.9820726,True,0.7326056,0.1622886,20.30323,0.7139274,-1.3,7.462012
2026-08-21 13:05:36.889,20.16321,True,18.94086,1.064216,-8.628196,0.02350233,0.0916851,-0.001063075,0.9955101,0.1824969,-0.04698855,0.982083,True,0.7325088,0.1621917,20.30263,0.7135926,-1.3,7.461891
2026-08-21 13:05:36.934,20.20766,True,18.94072,1.06419,-8.62824,0.02339509,0.09122382,-0.001061428,0.995555,0.181587,-0.04677585,0.9822618,True,0.7313364,0.1626614,20.29546,0.7152148,-1.3,7.460577
2026-08-21 13:05:36.968,20.24138,True,18.94063,1.064157,-8.628215,0.02357171,0.0904993,-0.001256155,0.9956167,0.180146,-0.04716415,0.9825085,True,0.7295091,0.1618389,20.28428,0.7123747,-1.3,7.458678
2026-08-21 13:05:37.011,20.28497,True,18.94047,1.064198,-8.628293,0.02341619,0.08993763,-0.001124434,0.9956715,0.179044,-0.04683192,0.9827258,True,0.728093,0.1625897,20.27562,0.714967,-1.3,7.457108
2026-08-21 13:05:37.045,20.31853,True,18.94043,1.064288,-8.628397,0.02306573,0.08999773,-0.0005475816,0.9956747,0.1791917,-0.04603048,0.9827368,True,0.7282683,0.1643465,20.27669,0.721033,-1.3,7.457131
2026-08-21 13:05:37.089,20.36264,True,18.94046,1.064396,-8.628562,0.02288483,0.09060448,-0.0002726234,0.995624,0.1804035,-0.04561877,0.9825342,True,0.7297996,0.1652442,20.28606,0.7241329,-1.3,7.458836
2026-08-21 13:05:37.132,20.40668,True,18.94048,1.064413,-8.628658,0.02278482,0.09105029,-2.663092E-05,0.9955856,0.1812955,-0.04537334,0.9823814,True,0.7309281,0.1657628,20.29296,0.7259234,-1.3,7.460095
2026-08-21 13:05:37.166,20.44063,True,18.9405,1.064433,-8.628703,0.02285719,0.09118504,-0.0003433675,0.9955716,0.1815468,-0.04557455,0.9823257,True,0.7312517,0.1653278,20.29494,0.7244214,-1.3,7.460564
2026-08-21 13:05:37.200,20.47405,True,18.94046,1.06442,-8.628754,0.02342686,0.09121353,-0.0005400161,0.9955556,0.181591,-0.04674399,0.9822626,True,0.7313142,0.1627901,20.29532,0.715659,-1.3,7.461095
2026-08-21 13:05:37.244,20.51829,True,18.94039,1.064421,-8.628775,0.02295883,0.09086719,-2.398398E-05,0.9955984,0.1809334,-0.04571991,0.9824321,True,0.7304643,0.16502,20.29012,0.7233586,-1.3,7.459828
2026-08-21 13:05:37.289,20.56234,True,18.94028,1.06449,-8.628796,0.0225881,0.0904434,0.0002178549,0.9956454,0.1801089,-0.04494007,0.9826195,True,0.7294001,0.166743,20.28361,0.7293079,-1.3,7.458426
2026-08-21 13:05:37.322,20.59588,True,18.94028,1.064518,-8.628801,0.02223164,0.09024674,0.0004803829,0.9956712,0.1797335,-0.0441841,0.9827226,True,0.7289184,0.168394,20.28067,0.7350086,-1.3,7.457651
2026-08-21 13:05:37.367,20.64041,True,18.94028,1.064637,-8.62884,0.02193862,0.09065942,0.0007545382,0.99564,0.1805614,-0.04354912,0.9825991,True,0.7299572,0.1697876,20.28702,0.7398204,-1.3,7.458626
2026-08-21 13:05:37.399,20.67387,True,18.9403,1.064639,-8.628869,0.02216719,0.09093931,0.0007983013,0.9956094,0.1811154,-0.04399453,0.9824773,True,0.7306637,0.1688139,20.29135,0.7364584,-1.3,7.45958
2026-08-21 13:05:37.443,20.71791,True,18.9404,1.064676,-8.628889,0.02241674,0.09160063,0.0005365158,0.9955434,0.1824088,-0.04453537,0.9822136,True,0.7323182,0.1676299,20.30147,0.7323703,-1.3,7.461604
2026-08-21 13:05:37.478,20.75162,True,18.94034,1.064678,-8.628887,0.02234947,0.09168297,0.0006728285,0.9955372,0.1825777,-0.04437609,0.9821895,True,0.7325184,0.1679726,20.30269,0.7335536,-1.3,7.461785
2026-08-21 13:05:37.522,20.79586,True,18.94016,1.064719,-8.62883,0.02210702,0.09121587,0.0008915431,0.9955854,0.1816658,-0.04385621,0.9823819,True,0.7313321,0.1691272,20.29543,0.7375401,-1.3,7.460266
2026-08-21 13:05:37.566,20.84074,True,18.93996,1.064752,-8.62882,0.02192446,0.09079373,0.0006233824,0.9956282,0.1808209,-0.04354402,0.9825516,True,0.7302312,0.1698277,20.2887,0.739959,-1.3,7.458967
2026-08-21 13:05:37.611,20.88496,True,18.93968,1.064779,-8.628846,0.02165806,0.09023996,0.0008455029,0.9956841,0.1797376,-0.04297658,0.9827753,True,0.7288153,0.1710821,20.28004,0.7442902,-1.3,7.457295
2026-08-21 13:05:37.644,20.91843,True,18.93954,1.064816,-8.628825,0.02144432,0.08973046,0.0009690312,0.9957348,0.178737,-0.0425318,0.9829772,True,0.7275275,0.1720726,20.27216,0.7477101,-1.3,7.455743
2026-08-21 13:05:37.678,20.952,True,18.9393,1.064914,-8.628867,0.02119505,0.08911852,0.001096973,0.9957949,0.177534,-0.04201632,0.9832173,True,0.7259707,0.1732354,20.26263,0.7517254,-1.3,7.453965
2026-08-21 13:05:37.721,20.99564,True,18.93897,1.065187,-8.628988,0.02098702,0.08880346,0.001203395,0.9958273,0.1769163,-0.04158517,0.983347,True,0.7251402,0.1742558,20.25755,0.7552487,-1.3,7.453104
2026-08-21 13:05:37.754,21.02924,True,18.9389,1.065076,-8.628983,0.02051819,0.08838846,0.001569099,0.9958735,0.1761118,-0.04058966,0.983533,True,0.7241083,0.1763889,20.25123,0.762614,-1.3,7.451689
2026-08-21 13:05:37.789,21.06271,True,18.93878,1.065163,-8.628894,0.0203242,0.08798627,0.001671702,0.995913,0.1753213,-0.04018809,0.9836907,True,0.7230889,0.177296,20.245,0.765746,-1.3,7.450405
2026-08-21 13:05:37.833,21.10722,True,18.93867,1.065133,-8.628976,0.02027288,0.08758207,0.001540714,0.9959499,0.1745172,-0.04011168,0.9838368,True,0.7220622,0.1774639,20.23872,0.7663257,-1.3,7.449382
2026-08-21 13:05:37.877,21.15119,True,18.93873,1.065086,-8.628998,0.02076394,0.08771314,0.001138729,0.9959287,0.1747594,-0.04115904,0.9837505,True,0.7223857,0.1751825,20.24069,0.7584484,-1.3,7.450058
2026-08-21 13:05:37.911,21.18457,True,18.93872,1.065102,-8.629007,0.02060309,0.08778494,0.001131673,0.9959257,0.1749012,-0.04083961,0.9837387,True,0.7225608,0.1758752,20.24177,0.7608402,-1.3,7.450157
2026-08-21 13:05:37.943,21.21818,True,18.93874,1.065111,-8.629024,0.02020542,0.08795383,0.001480953,0.9959186,0.1752495,-0.03998539,0.9837117,True,0.7229942,0.1777185,20.24442,0.767205,-1.3,7.450377
2026-08-21 13:05:37.992,21.26528,True,18.93875,1.065107,-8.629018,0.0201028,0.08804886,0.001357299,0.9959124,0.1754325,-0.03980223,0.9836866,True,0.7232237,0.1781105,20.24582,0.7685584,-1.3,7.450562
2026-08-21 13:05:38.033,21.30709,True,18.93876,1.065099,-8.628999,0.02004987,0.08775079,0.001256311,0.9959399,0.1748394,-0.03971645,0.9837956,True,0.7224779,0.1783029,20.24126,0.7692227,-1.3,7.449717
2026-08-21 13:05:38.067,21.34062,True,18.93876,1.065174,-8.628946,0.01990402,0.08763459,0.00100458,0.9959533,0.1745999,-0.03947087,0.983848,True,0.7221749,0.1788595,20.2394,0.7711445,-1.3,7.449265
2026-08-21 13:05:38.111,21.38451,True,18.9388,1.065251,-8.6288,0.01999356,0.08765677,0.001132773,0.9959494,0.1746487,-0.03962655,0.9838331,True,0.7222391,0.1785464,20.2398,0.7700636,-1.3,7.449231
2026-08-21 13:05:38.144,21.4185,True,18.93873,1.065274,-8.628754,0.01971942,0.08777665,0.001446309,0.995944,0.1748983,-0.03902497,0.9838128,True,0.7225342,0.1798499,20.2416,0.7745643,-1.3,7.449337
2026-08-21 13:05:38.188,21.4625,True,18.93864,1.065318,-8.628658,0.01937847,0.08795201,0.001619819,0.9959349,0.1752517,-0.03831446,0.9837778,True,0.7229555,0.1813934,20.24418,0.779894,-1.3,7.449505
2026-08-21 13:05:38.222,21.49605,True,18.93863,1.065347,-8.628635,0.01917391,0.08804652,0.00160588,0.9959306,0.175438,-0.03790899,0.9837604,True,0.7231836,0.1822755,20.24558,0.7829398,-1.3,7.449614
2026-08-21 13:05:38.256,21.52985,True,18.9386,1.06533,-8.628602,0.0189796,0.08806733,0.001875634,0.9959319,0.1754893,-0.03747441,0.9837679,True,0.7232388,0.1832092,20.24591,0.7861634,-1.3,7.449523
2026-08-21 13:05:38.300,21.57405,True,18.93847,1.065399,-8.628719,0.01911369,0.08795375,0.00158837,0.9959399,0.175254,-0.03779277,0.9837976,True,0.7229279,0.1825436,20.24401,0.7838652,-1.3,7.449418
2026-08-21 13:05:38.344,21.61802,True,18.93843,1.065341,-8.628791,0.01923116,0.08783316,0.001478034,0.9959485,0.1750115,-0.03804684,0.983831,True,0.72262,0.1819804,20.24213,0.7819206,-1.3,7.449238
2026-08-21 13:05:38.388,21.66259,True,18.93836,1.065432,-8.62892,0.01890996,0.08770288,0.001841731,0.9959655,0.1747677,-0.03734428,0.9839013,True,0.7223008,0.183527,20.24018,0.7872609,-1.3,7.448836
2026-08-21 13:05:38.433,21.70696,True,18.93835,1.065417,-8.629116,0.01862279,0.08791639,0.001851594,0.9959521,0.17519,-0.03676924,0.9838478,True,0.7228305,0.1847567,20.24342,0.7915066,-1.3,7.44944
2026-08-21 13:05:38.466,21.7403,True,18.93838,1.065548,-8.62913,0.01863445,0.08760327,0.002180396,0.9959788,0.1745833,-0.036737,0.9839569,True,0.7220735,0.1848727,20.23878,0.7919075,-1.3,7.448629
2026-08-21 13:05:38.500,21.77369,True,18.9384,1.065555,-8.629139,0.01846968,0.087482,0.001947054,0.995993,0.1743348,-0.03645068,0.9840115,True,0.7217634,0.1854967,20.23689,0.7940621,-1.3,7.448224
2026-08-21 13:05:38.532,21.80736,True,18.93846,1.065517,-8.629147,0.01891888,0.08776719,0.001853456,0.9959596,0.1748953,-0.03735955,0.983878,True,0.7224833,0.1835143,20.24129,0.787217,-1.3,7.449243
2026-08-21 13:05:38.577,21.85197,True,18.93851,1.065484,-8.629065,0.01906117,0.08829098,0.001768643,0.9959108,0.1759273,-0.03765414,0.9836828,True,0.7237895,0.182854,20.24928,0.7849371,-1.3,7.450639
2026-08-21 13:05:38.622,21.89573,True,18.93848,1.065466,-8.629054,0.01899707,0.08866274,0.001807031,0.9958789,0.1766634,-0.03751714,0.9835561,True,0.7247081,0.1831339,20.25491,0.7859038,-1.3,7.451587
2026-08-21 13:05:38.655,21.9294,True,18.93843,1.06552,-8.628988,0.01875323,0.08843315,0.00184709,0.9959039,0.1762111,-0.03702614,0.9836558,True,0.7241258,0.1842182,20.25134,0.7896473,-1.3,7.450765
2026-08-21 13:05:38.689,21.96275,True,18.9384,1.06548,-8.628982,0.01879175,0.08822188,0.001738438,0.9959221,0.1757896,-0.03712351,0.9837275,True,0.7235909,0.1840024,20.24807,0.7889024,-1.3,7.450215
2026-08-21 13:05:38.723,21.99646,True,18.93843,1.065446,-8.628971,0.01881172,0.08801605,0.001693978,0.99594,0.1753811,-0.03717249,0.9837986,True,0.7230819,0.1838926,20.24496,0.7885233,-1.3,7.449667
2026-08-21 13:05:38.767,22.04067,True,18.93845,1.065439,-8.628988,0.01905546,0.08798815,0.001317898,0.9959384,0.1753118,-0.0377242,0.98379,True,0.7230046,0.1826993,20.24448,0.784403,-1.3,7.449749
2026-08-21 13:05:38.801,22.07492,True,18.93852,1.065382,-8.628963,0.01924283,0.08811061,0.001415138,0.9959238,0.1755574,-0.03807941,0.9837325,True,0.7233257,0.181912,20.24645,0.7816845,-1.3,7.450158
2026-08-21 13:05:38.844,22.11804,True,18.93867,1.065391,-8.628826,0.01923339,0.08846595,0.001255208,0.9958927,0.1762535,-0.03808669,0.9836077,True,0.7242208,0.18189,20.25192,0.7816086,-1.3,7.450965
2026-08-21 13:05:38.877,22.15187,True,18.93858,1.065324,-8.628911,0.01893554,0.08865672,0.001402189,0.9958813,0.1766362,-0.03746647,0.9835629,True,0.7246855,0.1832043,20.25477,0.7861466,-1.3,7.45139
2026-08-21 13:05:38.922,22.19642,True,18.93866,1.065246,-8.628887,0.01916045,0.08859131,0.001178565,0.9958831,0.1764984,-0.03795432,0.9835689,True,0.7245281,0.1821298,20.2538,0.7824364,-1.3,7.451321
2026-08-21 13:05:38.966,22.24051,True,18.93861,1.065224,-8.628923,0.01941261,0.08852984,0.0008465933,0.995884,0.1763638,-0.03851552,0.9835712,True,0.7243569,0.180912,20.25276,0.7782317,-1.3,7.45134
2026-08-21 13:05:39.011,22.28466,True,18.93862,1.065231,-8.628829,0.01946134,0.08824458,0.001074207,0.9959081,0.1758088,-0.03857382,0.9836683,True,0.7236588,0.1807977,20.24848,0.7778368,-1.3,7.450508
2026-08-21 13:05:39.044,22.31812,True,18.93863,1.065237,-8.628857,0.01925608,0.08829885,0.001013863,0.9959074,0.175914,-0.0381755,0.983665,True,0.7237895,0.1816581,20.24928,0.7808077,-1.3,7.450561
2026-08-21 13:05:39.077,22.35157,True,18.93866,1.065237,-8.62883,0.01931116,0.08833184,0.001071509,0.9959033,0.1759813,-0.03827481,0.9836491,True,0.7238792,0.1814428,20.24983,0.7800645,-1.3,7.450655
2026-08-21 13:05:39.122,22.39595,True,18.93856,1.065211,-8.628916,0.01928797,0.0881137,0.001086165,0.9959231,0.1755508,-0.03822726,0.9837279,True,0.723324,0.1815435,20.24644,0.780412,-1.3,7.450146
2026-08-21 13:05:39.167,22.44045,True,18.93851,1.065183,-8.62894,0.01929379,0.08792411,0.001015178,0.9959398,0.1751734,-0.03825239,0.9837942,True,0.7228429,0.1814866,20.24349,0.7802156,-1.3,7.449667
2026-08-21 13:05:39.211,22.48493,True,18.93856,1.065134,-8.628943,0.01945821,0.08797477,0.0009587816,0.9959322,0.1752711,-0.03858942,0.9837636,True,0.7229774,0.1807426,20.24432,0.7776468,-1.3,7.449903
2026-08-21 13:05:39.255,22.52922,True,18.93858,1.065135,-8.629019,0.01942772,0.08799775,0.0009892241,0.9959307,0.1753177,-0.03852323,0.9837579,True,0.7230397,0.1808844,20.2447,0.7781363,-1.3,7.450022
2026-08-21 13:05:39.290,22.56315,True,18.93867,1.065051,-8.629029,0.01936357,0.08806855,0.0009116753,0.9959258,0.1754548,-0.03840877,0.9837379,True,0.7232268,0.1811052,20.24584,0.778899,-1.3,7.450185
2026-08-21 13:05:39.323,22.59695,True,18.93867,1.065116,-8.629069,0.0194007,0.08782614,0.001095451,0.9959463,0.1749827,-0.03845168,0.9838204,True,0.722636,0.1810379,20.24223,0.7786664,-1.3,7.449601
2026-08-21 13:05:39.359,22.6323,True,18.93869,1.065087,-8.629058,0.0193187,0.08745266,0.0007308608,0.9959811,0.1742306,-0.03835429,0.9839576,True,0.7216932,0.1812512,20.23646,0.779403,-1.3,7.44855
2026-08-21 13:05:39.400,22.67368,True,18.9387,1.065002,-8.629077,0.0199358,0.08737198,0.0005031505,0.9959762,0.1740609,-0.03962323,0.9839374,True,0.7214929,0.1784873,20.23523,0.7698597,-1.3,7.448722
2026-08-21 13:05:39.434,22.70747,True,18.93873,1.065043,-8.629053,0.01976158,0.08742766,0.0004959918,0.9959747,0.1741711,-0.03927733,0.9839318,True,0.7216324,0.1792452,20.23609,0.7724766,-1.3,7.448741
2026-08-21 13:05:39.478,22.75133,True,18.93883,1.065074,-8.628978,0.01949732,0.08792022,0.0007408361,0.9959364,0.1751548,-0.03870592,0.9837798,True,0.7228774,0.1804748,20.2437,0.776722,-1.3,7.449815
2026-08-21 13:05:39.522,22.79598,True,18.9388,1.065158,-8.628967,0.01908015,0.08822211,0.0006284266,0.9959179,0.1757479,-0.03789364,0.9837056,True,0.7236101,0.1822457,20.24819,0.7828368,-1.3,7.450366
2026-08-21 13:05:39.555,22.82937,True,18.93886,1.065246,-8.628984,0.01849148,0.08843733,0.0006486347,0.9959099,0.1761752,-0.03671697,0.9836738,True,0.724148,0.1848074,20.25148,0.791682,-1.3,7.450624
2026-08-21 13:05:39.588,22.86291,True,18.93896,1.0656,-8.628981,0.01709696,0.0889556,0.0008201151,0.9958885,0.1772078,-0.03390742,0.9835892,True,0.7254405,0.190966,20.25939,0.8129466,-1.3,7.451262
2026-08-21 13:05:39.632,22.90677,True,18.9395,1.06781,-8.629024,0.007999543,0.09154342,0.004676292,0.995758,0.182385,-0.01507505,0.9831116,True,0.7319424,0.2322303,20.29917,0.9554269,-1.3,7.454925
2026-08-21 13:05:39.666,22.94067,True,18.94005,1.070226,-8.629114,-0.002139066,0.094797,0.008076542,0.9954616,0.188699,0.00578998,0.9820179,True,0.7399836,0.2779927,20.34837,1.113438,-1.3,7.46332
2026-08-21 13:05:39.712,22.98511,True,18.94106,1.075284,-8.62956,-0.02377082,0.1003368,0.01237865,0.9945925,0.1989999,0.04976863,0.978735,True,0.7535425,0.374884,20.43133,1.447991,-1.3,7.488809
2026-08-21 13:05:39.744,23.01847,True,18.94171,1.079243,-8.630507,-0.04098367,0.1048294,0.01610706,0.9935148,0.2069788,0.08481275,0.9746623,True,0.7645057,0.4528294,20.49841,1.717126,-1.3,7.521073
2026-08-21 13:05:39.789,23.06265,True,18.9423,1.083065,-8.632169,-0.05739939,0.1099867,0.01853119,0.9921012,0.2161086,0.1179684,0.9692165,True,0.7773774,0.5276585,20.57717,1.975501,-1.3,7.565048
2026-08-21 13:05:39.823,23.09689,True,18.94287,1.086082,-8.634058,-0.07056345,0.1153631,0.02202501,0.9905691,0.2254419,0.1448777,0.9634243,True,0.7907584,0.5894798,20.65904,2.188962,-1.3,7.61249
2026-08-21 13:05:39.867,23.14081,True,18.94332,1.088234,-8.635918,-0.08061072,0.1203978,0.02224362,0.9891974,0.2346082,0.164836,0.9580126,True,0.80396,0.6362506,20.73982,2.350455,-1.3,7.657433
2026-08-21 13:05:39.911,23.18448,True,18.94495,1.091861,-8.640031,-0.09882931,0.1331281,0.02732805,0.9857804,0.2570686,0.2021243,0.9450194,True,0.8369418,0.7264131,20.94162,2.661774,-1.3,7.767069
2026-08-21 13:05:39.944,23.21868,True,18.9458,1.093206,-8.641752,-0.1051261,0.1392432,0.02890951,0.9842378,0.2680185,0.2149892,0.9391197,True,0.8531986,0.7588938,21.04109,2.773926,-1.3,7.817696
2026-08-21 13:05:39.989,23.26228,True,18.94685,1.094739,-8.643724,-0.1127153,0.146818,0.03103613,0.9822304,0.2814218,0.230538,0.9314795,True,0.873542,0.7989648,21.16556,2.912286,-1.3,7.883935
2026-08-21 13:05:40.022,23.29589,True,18.94781,1.09589,-8.64518,-0.1181657,0.152879,0.03199242,0.9806331,0.2922756,0.2415364,0.9253297,True,0.8902609,0.828186,21.26786,3.013183,-1.3,7.937905
2026-08-21 13:05:40.056,23.32951,True,18.94875,1.097019,-8.646468,-0.1233424,0.1583729,0.03323506,0.9790813,0.3019214,0.2520515,0.9194093,True,0.9055197,0.8565203,21.36123,3.111017,-1.3,7.990422
2026-08-21 13:05:40.100,23.37378,True,18.94983,1.098162,-8.647873,-0.1289115,0.1644449,0.03361604,0.9773483,0.312773,0.2630388,0.9126794,True,0.922959,0.8868833,21.46793,3.215857,-1.3,8.05088
2026-08-21 13:05:40.144,23.41828,True,18.9509,1.098978,-8.648753,-0.1329002,0.16897,0.03341887,0.9760481,0.3209628,0.2707275,0.9075734,True,0.9363363,0.9086742,21.54978,3.291098,-1.3,8.097145
2026-08-21 13:05:40.177,23.45168,True,18.95144,1.09955,-8.64922,-0.1358227,0.1712584,0.03319168,0.9752544,0.3250247,0.2762921,0.9044455,True,0.9433146,0.9241712,21.59248,3.344607,-1.3,8.125665
2026-08-21 13:05:40.222,23.49597,True,18.95209,1.099842,-8.649463,-0.1369862,0.1727847,0.03283388,0.9748344,0.3278773,0.278424,0.9027605,True,0.9480368,0.9305175,21.62137,3.366519,-1.3,8.141099
2026-08-21 13:05:40.256,23.52937,True,18.95247,1.100054,-8.649622,-0.1380975,0.1735784,0.03320285,0.9745241,0.3291422,0.2806853,0.9015992,True,0.9503561,0.9367774,21.63556,3.388134,-1.3,8.151762
2026-08-21 13:05:40.289,23.56294,True,18.95282,1.100125,-8.649732,-0.1387463,0.1740256,0.03315792,0.9743537,0.3299238,0.2819166,0.9009292,True,0.9517879,0.9402099,21.64432,3.399986,-1.3,8.157947
2026-08-21 13:05:40.334,23.60782,True,18.95303,1.100237,-8.649782,-0.1397387,0.1739309,0.03327836,0.9742247,0.329595,0.28385,0.9004423,True,0.9516238,0.9451773,21.64332,3.417138,-1.3,8.162413
2026-08-21 13:05:40.377,23.65128,True,18.95318,1.10023,-8.649753,-0.1398365,0.1737566,0.03274649,0.9742597,0.3294098,0.283854,0.9005088,True,0.9513673,0.9451325,21.64175,3.416983,-1.3,8.161778
2026-08-21 13:05:40.422,23.69601,True,18.9533,1.100452,-8.649731,-0.1407835,0.173655,0.0325052,0.9741496,0.3291796,0.2855778,0.9000478,True,0.9513031,0.9496154,21.64136,3.432462,-1.3,8.165933
2026-08-21 13:05:40.466,23.74045,True,18.95343,1.100593,-8.649705,-0.1410049,0.174155,0.03241299,0.9740313,0.3301241,0.2859761,0.8995753,True,0.952815,0.9509512,21.65061,3.437075,-1.3,8.170195
2026-08-21 13:05:40.625,23.89844,True,18.95377,1.100639,-8.649717,-0.1414142,0.1766024,0.03178081,0.973552,0.3348748,0.2865732,0.8976272,True,0.9601858,0.9538497,21.69571,3.447083,-1.3,8.187939
2026-08-21 13:05:40.667,23.94065,True,18.95372,1.100645,-8.649426,-0.141011,0.17664,0.03214535,0.9735917,0.3348849,0.2859306,0.8978284,True,0.9600733,0.952149,21.69502,3.44121,-1.3,8.18578
2026-08-21 13:05:40.706,23.98028,True,18.95357,1.100586,-8.649408,-0.1406858,0.1762592,0.03234453,0.9737012,0.3341467,0.285374,0.8982804,True,0.9588352,0.9504701,21.68744,3.435413,-1.3,8.181642
2026-08-21 13:05:40.744,24.01827,True,18.95352,1.100369,-8.649387,-0.13984,0.1763405,0.03191581,0.9738225,0.3345225,0.2836148,0.8986976,True,0.9591207,0.9459253,21.68919,3.419721,-1.3,8.17782
2026-08-21 13:05:40.789,24.06237,True,18.95383,1.100075,-8.649427,-0.1383858,0.1772458,0.03144554,0.9738812,0.3365294,0.2806899,0.8988666,True,0.9617703,0.9387912,21.7054,3.395087,-1.3,8.176327
2026-08-21 13:05:40.822,24.09598,True,18.95399,1.099932,-8.649326,-0.1378019,0.1775467,0.03079959,0.9739298,0.3373476,0.2793554,0.8989756,True,0.9628288,0.9355003,21.71188,3.383724,-1.3,8.175223
2026-08-21 13:05:40.857,24.12998,True,18.95417,1.099896,-8.64918,-0.1374618,0.1777674,0.03118688,0.9739252,0.3376904,0.2788431,0.8990059,True,0.9632928,0.9342415,21.71472,3.379378,-1.3,8.174785
2026-08-21 13:05:40.900,24.17364,True,18.95422,1.099877,-8.648997,-0.1370265,0.1773252,0.0304223,0.9740914,0.3371245,0.277742,0.8995591,True,0.9622568,0.9312086,21.70838,3.368906,-1.3,8.169555
2026-08-21 13:05:40.933,24.20723,True,18.95421,1.099849,-8.648936,-0.1365297,0.1773017,0.03031216,0.9741688,0.3371665,0.2767548,0.8998475,True,0.9621637,0.9286491,21.70781,3.360068,-1.3,8.166868
2026-08-21 13:05:40.977,24.25155,True,18.95423,1.099767,-8.648915,-0.1365439,0.1775699,0.02992834,0.9741299,0.3377793,0.2766518,0.8996493,True,0.9630827,0.9285244,21.71343,3.359638,-1.3,8.168645
2026-08-21 13:05:41.021,24.2958,True,18.95439,1.099602,-8.64899,-0.1360038,0.1783271,0.02912733,0.9740914,0.339491,0.2753487,0.8994048,True,0.9655222,0.9255774,21.72836,3.349462,-1.3,8.170948
2026-08-21 13:05:41.055,24.32943,True,18.95461,1.099604,-8.649074,-0.1359397,0.1794273,0.02933109,0.9738922,0.3415111,0.2753069,0.8986525,True,0.9686425,0.9260318,21.74745,3.351031,-1.3,8.177881
2026-08-21 13:05:41.089,24.36312,True,18.95493,1.09953,-8.649134,-0.1355242,0.1809866,0.02902937,0.9736705,0.3445743,0.2744196,0.8977541,True,0.9732533,0.9245647,21.77566,3.345965,-1.3,8.186131
2026-08-21 13:05:41.133,24.40725,True,18.95529,1.099331,-8.649199,-0.134542,0.1828384,0.02838398,0.9734798,0.3483413,0.2723272,0.8969371,True,0.9787806,0.9201402,21.80948,3.330688,-1.3,8.193662
2026-08-21 13:05:41.178,24.45183,True,18.95563,1.098961,-8.649095,-0.1327542,0.1838584,0.02714559,0.9735685,0.35079,0.2684725,0.8971449,True,0.9819992,0.9107293,21.82917,3.298193,-1.3,8.191648
2026-08-21 13:05:41.211,24.48534,True,18.95574,1.098807,-8.64905,-0.131974,0.1841164,0.02694789,0.9736313,0.3514101,0.2669111,0.8973681,True,0.9827286,0.9068189,21.83364,3.284692,-1.3,8.18956
2026-08-21 13:05:41.256,24.52964,True,18.9558,1.098667,-8.649018,-0.1312334,0.18445,0.02662802,0.973677,0.3522005,0.265381,0.897512,True,0.9837188,0.9030456,21.83969,3.271663,-1.3,8.188212
2026-08-21 13:05:41.300,24.57417,True,18.95574,1.098502,-8.648987,-0.1303982,0.1843555,0.02634429,0.9738148,0.3521856,0.2636808,0.8980188,True,0.9834204,0.8986103,21.83787,3.256348,-1.3,8.183556
2026-08-21 13:05:41.347,24.62023,True,18.95565,1.097817,-8.648809,-0.128474,0.1833583,0.0250397,0.9742932,0.3508556,0.2595251,0.8997483,True,0.9807134,0.8873653,21.82131,3.217521,-1.3,8.167627
2026-08-21 13:05:41.389,24.66279,True,18.95499,1.096886,-8.648664,-0.1239709,0.1800884,0.02205577,0.9755577,0.3459048,0.2498254,0.9043987,True,0.9716137,0.8611012,21.76563,3.126834,-1.3,8.125468
2026-08-21 13:05:41.433,24.70729,True,18.95397,1.095872,-8.648108,-0.1191783,0.1751841,0.01990638,0.9770931,0.3375975,0.2398711,0.9102142,True,0.9575167,0.8337336,21.67937,3.032338,-1.3,8.072944
2026-08-21 13:05:41.467,24.74078,True,18.95345,1.094941,-8.647732,-0.1160008,0.1724208,0.01808847,0.9780019,0.3330593,0.2331357,0.9136297,True,0.9497788,0.8156508,21.63203,2.9699,-1.3,8.042352
2026-08-21 13:05:41.512,24.78505,True,18.9529,1.092658,-8.647046,-0.1069834,0.1687393,0.01385739,0.9797395,0.3276761,0.2143083,0.9201632,True,0.9395154,0.767547,21.56923,2.803804,-1.3,7.984503
2026-08-21 13:05:41.545,24.81861,True,18.9525,1.090664,-8.646658,-0.09761342,0.1666228,0.009949855,0.9811267,0.3250137,0.194858,0.9254169,True,0.933545,0.7194101,21.5327,2.637594,-1.3,7.938754
2026-08-21 13:05:41.577,24.85197,True,18.95236,1.088847,-8.646206,-0.08930147,0.1650226,0.007096773,0.9822131,0.3229071,0.1777684,0.9295856,True,0.9288847,0.6777339,21.50418,2.493691,-1.3,7.902666
2026-08-21 13:05:41.612,24.88557,True,18.9522,1.086432,-8.645582,-0.07814386,0.163167,0.003669127,0.9834921,0.3203734,0.1549051,0.9345402,True,0.9233575,0.6227971,21.47037,2.304002,-1.3,7.860104
2026-08-21 13:05:41.655,24.92926,True,18.95224,1.082056,-8.644305,-0.05963658,0.1599396,-0.003138926,0.9853187,0.3155573,0.116518,0.9417256,True,0.914014,0.5320758,21.4132,1.990754,-1.3,7.798774
2026-08-21 13:05:41.700,24.9739,True,18.95219,1.079029,-8.64329,-0.04498679,0.1572271,-0.004718989,0.986526,0.3106418,0.08727737,0.9465117,True,0.9056845,0.4641314,21.36223,1.75615,-1.3,7.758266
2026-08-21 13:05:41.734,25.00735,True,18.95215,1.078402,-8.643064,-0.04161138,0.1565359,-0.00419825,0.9867864,0.3092845,0.08080873,0.94753,True,0.9035234,0.4492145,21.34901,1.704645,-1.3,7.74969
2026-08-21 13:05:41.767,25.04095,True,18.95226,1.073833,-8.64037,-0.01993005,0.1478913,-0.004761647,0.9887913,0.2926572,0.03800492,0.9554619,True,0.8792691,0.3510824,21.20061,1.365808,-1.3,7.682537
2026-08-21 13:05:41.811,25.08479,True,18.95297,1.06983,-8.637741,-0.002026595,0.1434031,-0.007892448,0.9896308,0.2838643,0.001747559,0.9588628,True,0.8669543,0.2692361,21.12526,1.083203,-1.3,7.652544
2026-08-21 13:05:41.844,25.11816,True,18.95436,1.066378,-8.635243,0.01176111,0.1428078,-0.01299851,0.9895952,0.2823381,-0.02699006,0.9589352,True,0.8651248,0.2045704,21.11406,0.859921,-1.3,7.649363
2026-08-21 13:05:41.890,25.16315,True,18.95601,1.063866,-8.633121,0.02241301,0.1446648,-0.01674924,0.9890851,0.2854207,-0.04918281,0.9571396,True,0.8698142,0.154505,21.14276,0.6870518,-1.3,7.661497
2026-08-21 13:05:41.933,25.20706,True,18.95768,1.061908,-8.631254,0.03056931,0.1471706,-0.01834692,0.9884684,0.2898254,-0.06583385,0.9548126,True,0.876395,0.1166727,21.18302,0.5564219,-1.3,7.678212
2026-08-21 13:05:41.967,25.24063,True,18.95898,1.060874,-8.629904,0.03484038,0.1492783,-0.01893207,0.9879999,0.2936546,-0.07449687,0.9530043,True,0.8820447,0.09682533,21.21759,0.4878917,-1.3,7.691364
2026-08-21 13:05:42.011,25.28486,True,18.9608,1.059581,-8.628131,0.03888898,0.1517033,-0.01932392,0.9874717,0.2981024,-0.08266653,0.9509475,True,0.8886514,0.07789908,21.25801,0.4225419,-1.3,7.706136
2026-08-21 13:05:42.044,25.31824,True,18.96169,1.058966,-8.62741,0.04107847,0.1531939,-0.01998957,0.9871396,0.3008053,-0.08722492,0.9496884,True,0.8926669,0.06730857,21.28258,0.385974,-1.3,7.715593
2026-08-21 13:05:42.078,25.35187,True,18.96255,1.058312,-8.62675,0.04313622,0.1544242,-0.02116564,0.9868356,0.3029565,-0.0916737,0.9485849,True,0.8959303,0.05695832,21.30255,0.3502361,-1.3,7.723874
2026-08-21 13:05:42.122,25.3959,True,18.96312,1.057668,-8.626414,0.04500144,0.1551199,-0.02140635,0.986638,0.3041677,-0.09544135,0.9478254,True,0.8978416,0.04818238,21.31424,0.3199339,-1.3,7.729709
2026-08-21 13:05:42.167,25.44031,True,18.96347,1.05706,-8.626311,0.04670993,0.1553293,-0.02210105,0.9865103,0.3044033,-0.09902553,0.947382,True,0.8983716,0.03988192,21.31749,0.2912736,-1.3,7.733218
2026-08-21 13:05:42.199,25.47371,True,18.96361,1.056823,-8.626304,0.04717131,0.1553991,-0.02227808,0.9864734,0.3044923,-0.09999047,0.947252,True,0.8985598,0.03762171,21.31864,0.2834693,-1.3,7.734271
2026-08-21 13:05:42.234,25.50724,True,18.96355,1.056645,-8.626398,0.04729445,0.1551606,-0.02241301,0.9865019,0.3040125,-0.1002674,0.9473768,True,0.8978981,0.0369768,21.31459,0.2812426,-1.3,7.733351
2026-08-21 13:05:42.278,25.55132,True,18.96356,1.056827,-8.626359,0.04623336,0.1549173,-0.02210341,0.9865975,0.3036382,-0.09807583,0.9477262,True,0.8972829,0.04201987,21.31083,0.2986555,-1.3,7.730459
2026-08-21 13:05:42.312,25.5854,True,18.96365,1.057066,-8.626196,0.04509582,0.1547211,-0.02154409,0.9866933,0.3033814,-0.09565813,0.9480555,True,0.8968301,0.04758112,21.30806,0.317858,-1.3,7.727602
2026-08-21 13:05:42.345,25.61874,True,18.96324,1.057124,-8.626477,0.04458332,0.1546164,-0.02239991,0.9867139,0.303127,-0.09490875,0.9482122,True,0.8963938,0.04930206,21.30539,0.3238,-1.3,7.726622
2026-08-21 13:05:42.389,25.66269,True,18.96217,1.05787,-8.626848,0.04156999,0.1535839,-0.02157728,0.987025,0.3013885,-0.08868909,0.9493678,True,0.8935795,0.06366768,21.28817,0.3734025,-1.3,7.717607
2026-08-21 13:05:42.433,25.70702,True,18.9613,1.0583,-8.627065,0.03956445,0.152355,-0.02040042,0.9873229,0.2992329,-0.08434199,0.9504452,True,0.8903018,0.07371678,21.26811,0.4081007,-1.3,7.709086
2026-08-21 13:05:42.465,25.74048,True,18.96069,1.058841,-8.627139,0.03739984,0.1511625,-0.01904934,0.9876175,0.2971565,-0.07963257,0.9515023,True,0.8871734,0.08458363,21.24897,0.4456227,-1.3,7.7006
2026-08-21 13:05:42.511,25.78495,True,18.96014,1.059716,-8.627176,0.03413072,0.1496664,-0.01748659,0.9879926,0.2945448,-0.0726761,0.9528701,True,0.8832672,0.1005833,21.22507,0.5008671,-1.3,7.689586
2026-08-21 13:05:42.555,25.82907,True,18.95941,1.060616,-8.627476,0.03055987,0.1483794,-0.01598453,0.988329,0.2923183,-0.06514996,0.9540993,True,0.8798915,0.1177857,21.20441,0.5602651,-1.3,7.679993
2026-08-21 13:05:42.589,25.86253,True,18.95887,1.061575,-8.627871,0.02687285,0.1477367,-0.01480785,0.9885507,0.2912946,-0.05750568,0.9549034,True,0.87823,0.1351669,21.19425,0.62028,-1.3,7.673939
2026-08-21 13:05:42.633,25.90725,True,18.95831,1.064653,-8.62813,0.01503022,0.1467362,-0.009058493,0.98902,0.2899777,-0.03238879,0.9564852,True,0.8758985,0.1919968,21.17998,0.816506,-1.3,7.661519
2026-08-21 13:05:42.678,25.95157,True,18.9579,1.070814,-8.628508,-0.01092249,0.1458405,0.0006283676,0.9892476,0.288531,0.02179338,0.9572225,True,0.8737594,0.3139705,21.16689,1.237665,-1.3,7.656013
2026-08-21 13:05:42.711,25.98507,True,18.95693,1.074948,-8.629981,-0.0286237,0.1459906,0.004096041,0.9888633,0.288495,0.05780583,0.9557348,True,0.8741903,0.3952432,21.16953,1.518289,-1.3,7.669471
2026-08-21 13:05:42.745,26.01879,True,18.95607,1.077425,-8.631989,-0.0395097,0.147143,0.004480235,0.9883157,0.2904935,0.07941458,0.9535758,True,0.8774797,0.4444055,21.18966,1.68804,-1.3,7.688942
2026-08-21 13:05:42.789,26.06259,True,18.95513,1.079199,-8.634562,-0.04692936,0.1488475,0.00503116,0.9877331,0.293571,0.09420513,0.9512841,True,0.8822112,0.4784344,21.21861,1.805537,-1.3,7.710169
2026-08-21 13:05:42.832,26.1069,True,18.95427,1.080768,-8.637045,-0.05333048,0.1506214,0.007459551,0.9871238,0.2965682,0.1075347,0.9489381,True,0.886899,0.5093283,21.24729,1.912209,-1.3,7.731847
2026-08-21 13:05:42.866,26.14051,True,18.95395,1.081724,-8.6385,-0.05730224,0.1522284,0.009703711,0.9866351,0.2992757,0.1160272,0.9470859,True,0.8910834,0.5291818,21.27289,1.980761,-1.3,7.748505
2026-08-21 13:05:42.912,26.18537,True,18.9534,1.083565,-8.641052,-0.06367759,0.155251,0.01433681,0.9857164,0.304241,0.1299877,0.9436846,True,0.8988039,0.5621967,21.32013,2.094757,-1.3,7.779138
2026-08-21 13:05:42.956,26.22976,True,18.95253,1.085526,-8.643435,-0.07095216,0.1579894,0.01792382,0.9847253,0.3086088,0.1454003,0.9400103,True,0.9058757,0.5988756,21.3634,2.221404,-1.3,7.812078
2026-08-21 13:05:42.999,26.27374,True,18.95154,1.087623,-8.64558,-0.07962409,0.1591819,0.01921561,0.9838455,0.3101607,0.1627932,0.9366423,True,0.9092355,0.6402667,21.38396,2.364322,-1.3,7.842461
2026-08-21 13:05:43.044,26.31796,True,18.95067,1.089254,-8.647744,-0.08610123,0.1600577,0.01955918,0.9831508,0.3113536,0.1755622,0.9339362,True,0.9118971,0.6710144,21.40025,2.47049,-1.3,7.867501
2026-08-21 13:05:43.077,26.35166,True,18.94996,1.090001,-8.649014,-0.08986334,0.16006,0.01966883,0.9828115,0.3110827,0.1829338,0.9326108,True,0.9120705,0.6886919,21.40131,2.531528,-1.3,7.880045
2026-08-21 13:05:43.122,26.39583,True,18.94927,1.090665,-8.650167,-0.0930341,0.1596776,0.0200511,0.982571,0.3100582,0.1892286,0.9316955,True,0.9110932,0.7037418,21.39533,2.583493,-1.3,7.889022
2026-08-21 13:05:43.167,26.4403,True,18.94862,1.091372,-8.651011,-0.09657709,0.1589695,0.02119138,0.98232,0.3082247,0.1964768,0.9308031,True,0.9090492,0.7209891,21.38282,2.643046,-1.3,7.897492
2026-08-21 13:05:43.200,26.47393,True,18.94826,1.091774,-8.65139,-0.09850001,0.1577962,0.02102886,0.9823217,0.3058707,0.2001539,0.9307962,True,0.9059758,0.729543,21.36401,2.672581,-1.3,7.897959
2026-08-21 13:05:43.244,26.51808,True,18.94792,1.091986,-8.651771,-0.09958526,0.1565232,0.02120084,0.9824123,0.303318,0.2023044,0.9311665,True,0.9024892,0.7343632,21.34268,2.689225,-1.3,7.895226
2026-08-21 13:05:43.289,26.56249,True,18.94804,1.091901,-8.651915,-0.09846584,0.1561434,0.02027463,0.982605,0.3028618,0.1998376,0.9318475,True,0.9016432,0.7283731,21.33751,2.668542,-1.3,7.889612
2026-08-21 13:05:43.323,26.59616,True,18.94823,1.091856,-8.651901,-0.0977329,0.1564467,0.02002144,0.9826352,0.3035466,0.1983362,0.9319454,True,0.9025157,0.7248809,21.34284,2.656484,-1.3,7.888768
2026-08-21 13:05:43.367,26.64116,True,18.9486,1.091811,-8.65168,-0.0970277,0.1570074,0.02021478,0.9826117,0.3046317,0.1970288,0.9318686,True,0.9039941,0.7219046,21.35189,2.646207,-1.3,7.889181
2026-08-21 13:05:43.411,26.68461,True,18.94905,1.091787,-8.651187,-0.09678557,0.1574513,0.020279,0.9825632,0.3054863,0.1965818,0.9316833,True,0.905223,0.7209355,21.35941,2.642861,-1.3,7.89022
2026-08-21 13:05:43.443,26.71796,True,18.94888,1.091798,-8.650497,-0.09678403,0.1550463,0.01879201,0.9829752,0.3011758,0.1960999,0.933187,True,0.8989731,0.7190733,21.32117,2.636431,-1.3,7.876768
2026-08-21 13:05:43.477,26.75131,True,18.94786,1.091998,-8.649582,-0.1002724,0.1470998,0.01143758,0.9839595,0.2871867,0.2006929,0.9366142,True,0.8793998,0.727877,21.20141,2.666829,-1.3,7.846969
2026-08-21 13:05:43.511,26.7849,True,18.9469,1.092263,-8.648812,-0.1032425,0.1376979,0.002638479,0.9850753,0.2707407,0.2041298,0.9407606,True,0.8565851,0.7336715,21.06181,2.686836,-1.3,7.811564
2026-08-21 13:05:43.556,26.82912,True,18.9442,1.093018,-8.647729,-0.1058237,0.1165275,-0.003518171,0.9875274,0.2308929,0.2081877,0.9504454,True,0.8022231,0.7382025,20.72919,2.702481,-1.3,7.730827
2026-08-21 13:05:43.599,26.87359,True,18.93999,1.093561,-8.646726,-0.1077605,0.08736517,-0.01058113,0.9902743,0.1753114,0.211576,0.96151,True,0.7287298,0.7404306,20.27951,2.710175,-1.3,7.640821
2026-08-21 13:05:43.643,26.91794,True,18.93497,1.09446,-8.646068,-0.1116534,0.05356281,-0.017979,0.9921398,0.1102984,0.2196256,0.9693291,True,0.6455997,0.7545406,19.77087,2.758895,-1.3,7.578507
2026-08-21 13:05:43.677,26.95155,True,18.93067,1.095257,-8.646015,-0.1137418,0.02709269,-0.02448521,0.992839,0.05936735,0.2245279,0.9726576,True,0.5815607,0.7638412,19.37904,2.791008,-1.3,7.55252
2026-08-21 13:05:43.711,26.98515,True,18.92673,1.095919,-8.646248,-0.1157806,0.004290243,-0.03104118,0.9927804,0.01570647,0.2296231,0.9731529,True,0.527016,0.774938,19.0453,2.829324,-1.3,7.548915
2026-08-21 13:05:43.756,27.02968,True,18.92057,1.096885,-8.647133,-0.119989,-0.03148097,-0.03487606,0.9916629,-0.05406754,0.2401731,0.9692232,True,0.4396458,0.8004754,18.51071,2.917501,-1.3,7.580435
2026-08-21 13:05:43.801,27.07465,True,18.91519,1.097715,-8.648117,-0.122696,-0.06103081,-0.03779622,0.9898446,-0.1115471,0.2475135,0.9624419,True,0.3665613,0.8207328,18.06354,2.987448,-1.3,7.634869
2026-08-21 13:05:43.845,27.11852,True,18.91041,1.098312,-8.649123,-0.1247172,-0.08782119,-0.04043222,0.9874707,-0.1633565,0.2534107,0.9534661,True,0.2991863,0.8392978,17.65129,3.05155,-1.3,7.707797
2026-08-21 13:05:43.888,27.16233,True,18.90616,1.098977,-8.650003,-0.1260796,-0.1094152,-0.04212508,0.9850674,-0.2049405,0.2576121,0.9442645,True,0.243559,0.8545427,17.31093,3.104189,-1.3,7.78384
2026-08-21 13:05:43.922,27.19572,True,18.90333,1.099356,-8.650557,-0.127377,-0.1236913,-0.0426107,0.9831886,-0.2323685,0.2610124,0.9369511,True,0.2058738,0.8669549,17.08035,3.147046,-1.3,7.845187
2026-08-21 13:05:43.956,27.22976,True,18.90078,1.099683,-8.65081,-0.1278904,-0.1347925,-0.04383633,0.9816076,-0.2534141,0.262894,0.93095,True,0.1763681,0.8751962,16.89981,3.175502,-1.3,7.896031
2026-08-21 13:05:43.999,27.27349,True,18.8978,1.100055,-8.651119,-0.1288632,-0.1472524,-0.0441023,0.9796765,-0.277153,0.2654768,0.923422,True,0.1423146,0.8861849,16.69145,3.213445,-1.3,7.960736
2026-08-21 13:05:44.033,27.30687,True,18.89563,1.099986,-8.651477,-0.1279573,-0.1554818,-0.04404517,0.9785256,-0.293014,0.2641154,0.9189047,True,0.1194308,0.8860497,16.55144,3.212978,-1.3,8.00026
2026-08-21 13:05:44.066,27.34036,True,18.89379,1.100043,-8.651603,-0.1275418,-0.1619403,-0.04357202,0.9775531,-0.305496,0.2634698,0.9150168,True,0.1011066,0.8871747,16.43932,3.216863,-1.3,8.03439
2026-08-21 13:05:44.110,27.38472,True,18.89196,1.100093,-8.65145,-0.1269396,-0.1673291,-0.0437215,0.9767169,-0.3157663,0.2625999,0.9117746,True,0.08585536,0.8873249,16.346,3.217381,-1.3,8.062793
2026-08-21 13:05:44.155,27.42944,True,18.88996,1.10009,-8.651464,-0.1261741,-0.1712457,-0.04338146,0.9761522,-0.3233764,0.261188,0.90951,True,0.07443857,0.8855469,16.27615,3.211242,-1.3,8.082885
2026-08-21 13:05:44.199,27.47376,True,18.88836,1.100191,-8.651306,-0.1260636,-0.174117,-0.04238344,0.9757023,-0.3290867,0.2607605,0.9075825,True,0.06571937,0.8858588,16.2228,3.212319,-1.3,8.099876
2026-08-21 13:05:44.233,27.50723,True,18.88744,1.100205,-8.651007,-0.1258506,-0.1752661,-0.04123415,0.9755733,-0.3315911,0.2600068,0.9068869,True,0.06193441,0.8845377,16.19964,3.207757,-1.3,8.10576
2026-08-21 13:05:44.266,27.54067,True,18.88683,1.10024,-8.650677,-0.1251448,-0.1757402,-0.04025439,0.9756197,-0.3328359,0.2583361,0.9069083,True,0.06021655,0.8805844,16.18913,3.194107,-1.3,8.105204
2026-08-21 13:05:44.311,27.58504,True,18.88669,1.099915,-8.649701,-0.1239839,-0.1758226,-0.03924418,0.9757942,-0.333402,0.2557656,0.9074288,True,0.0597561,0.8740323,16.18631,3.171484,-1.3,8.09948
2026-08-21 13:05:44.356,27.62974,True,18.88622,1.099864,-8.649485,-0.1227647,-0.1753912,-0.03967452,0.9760086,-0.3326254,0.2535559,0.9083335,True,0.06115758,0.868224,16.19489,3.151428,-1.3,8.091174
2026-08-21 13:05:44.390,27.6633,True,18.88621,1.099578,-8.649069,-0.1214403,-0.174837,-0.03982003,0.9762678,-0.3317039,0.2510406,0.9093686,True,0.06289923,0.8615443,16.20554,3.128364,-1.3,8.081508
2026-08-21 13:05:44.433,27.70698,True,18.88621,1.099358,-8.648732,-0.1202605,-0.1744356,-0.0405602,0.9764551,-0.3309014,0.2490082,0.9102193,True,0.06438768,0.8561524,16.21465,3.109747,-1.3,8.073584
2026-08-21 13:05:44.467,27.74047,True,18.88639,1.09905,-8.648428,-0.1192327,-0.174109,-0.04088598,0.9766259,-0.3303289,0.2471287,0.9109392,True,0.06553519,0.8511879,16.22167,3.092605,-1.3,8.06687
2026-08-21 13:05:44.510,27.7848,True,18.88749,1.098397,-8.647142,-0.1177529,-0.1736316,-0.04183427,0.9768502,-0.329372,0.2445814,0.9119726,True,0.06754506,0.8443004,16.23397,3.068823,-1.3,8.056319
2026-08-21 13:05:44.555,27.8293,True,18.88726,1.098589,-8.647688,-0.1166013,-0.1730055,-0.04284459,0.9770556,-0.3280805,0.2426765,0.9129465,True,0.06963593,0.8393492,16.24676,3.051727,-1.3,8.048323
2026-08-21 13:05:44.600,27.87358,True,18.88762,1.098605,-8.647449,-0.1163993,-0.1723946,-0.04342278,0.9771621,-0.3268062,0.2424536,0.9134626,True,0.07162881,0.8384967,16.25896,3.048784,-1.3,8.043512
2026-08-21 13:05:44.632,27.90693,True,18.88788,1.098548,-8.647157,-0.1160342,-0.1717834,-0.0435784,0.9773062,-0.3256568,0.2417739,0.9140531,True,0.07347476,0.8365105,16.27025,3.041926,-1.3,8.037997
2026-08-21 13:05:44.667,27.94033,True,18.88823,1.098193,-8.646698,-0.1145642,-0.1710616,-0.04292284,0.9776352,-0.3246368,0.2386889,0.915226,True,0.0754447,0.8284794,16.2823,3.014196,-1.3,8.027195
2026-08-21 13:05:44.699,27.97438,True,18.88824,1.097738,-8.646555,-0.1122188,-0.1702836,-0.04112724,0.9781201,-0.3238851,0.2335334,0.9168209,True,0.0771808,0.8154072,16.29292,2.969059,-1.3,8.013074
2026-08-21 13:05:44.744,28.01824,True,18.88854,1.097073,-8.645828,-0.1096209,-0.1694112,-0.04062266,0.9785872,-0.3226612,0.2283112,0.9185662,True,0.0796777,0.8020364,16.3082,2.922892,-1.3,7.997059
2026-08-21 13:05:44.778,28.05218,True,18.88826,1.096852,-8.645767,-0.1074803,-0.1690745,-0.04017916,0.9789011,-0.3223776,0.2240118,0.9197236,True,0.08053541,0.7913576,16.31345,2.886019,-1.3,7.986929
2026-08-21 13:05:44.823,28.09634,True,18.88836,1.095356,-8.645248,-0.1018587,-0.1689649,-0.0374566,0.9796289,-0.3234152,0.2122252,0.9221513,True,0.08033812,0.7623333,16.31224,2.785802,-1.3,7.965339
2026-08-21 13:05:44.866,28.1401,True,18.88803,1.094221,-8.645144,-0.09566443,-0.1696354,-0.03759489,0.980132,-0.3253371,0.2002824,0.9241443,True,0.07870227,0.7334508,16.30223,2.686074,-1.3,7.948048
2026-08-21 13:05:44.900,28.17396,True,18.88822,1.093099,-8.645126,-0.08922426,-0.1694286,-0.04236941,0.9805803,-0.324716,0.1893403,0.926666,True,0.08068895,0.7067518,16.31439,2.593886,-1.3,7.926401
2026-08-21 13:05:44.944,28.21826,True,18.8889,1.091567,-8.645429,-0.08117063,-0.1704496,-0.04571344,0.9809529,-0.3269849,0.1748328,0.9287165,True,0.07877815,0.672135,16.3027,2.474359,-1.3,7.909225
2026-08-21 13:05:44.978,28.25263,True,18.88967,1.089821,-8.645628,-0.07239197,-0.1712259,-0.0443857,0.9815656,-0.3297126,0.1573149,0.9308822,True,0.0763579,0.6306739,16.28789,2.3312,-1.3,7.89104
2026-08-21 13:05:45.022,28.29609,True,18.89023,1.087412,-8.646286,-0.05938046,-0.1713968,-0.04297026,0.9824717,-0.3316818,0.1314092,0.9341942,True,0.07538891,0.5697343,16.28196,2.120783,-1.3,7.863767
2026-08-21 13:05:45.056,28.3297,True,18.89071,1.085163,-8.646523,-0.04870128,-0.1715046,-0.04123842,0.9831143,-0.3332006,0.109903,0.9364287,True,0.07452369,0.5195144,16.27667,1.947381,-1.3,7.845256
2026-08-21 13:05:45.100,28.3737,True,18.89106,1.0825,-8.646705,-0.0368597,-0.1718695,-0.03715902,0.9837283,-0.3354064,0.08529287,0.9382045,True,0.07255495,0.4624644,16.26462,1.750395,-1.3,7.830601
2026-08-21 13:05:45.134,28.40754,True,18.89137,1.08046,-8.646441,-0.02888205,-0.1719879,-0.03447228,0.984072,-0.3365057,0.06870167,0.939172,True,0.07165849,0.4240809,16.25914,1.617862,-1.3,7.822253
2026-08-21 13:05:45.177,28.45162,True,18.89189,1.079128,-8.645773,-0.02346941,-0.1694023,-0.03189062,0.9847513,-0.3321414,0.05702775,0.9415041,True,0.07841259,0.3969169,16.30046,1.524068,-1.3,7.802168
2026-08-21 13:05:45.212,28.48561,True,18.89244,1.078458,-8.645078,-0.02090191,-0.1666742,-0.03101569,0.9853024,-0.3271525,0.05152844,0.9435656,True,0.08581531,0.3840312,16.34576,1.479575,-1.3,7.784384
2026-08-21 13:05:45.255,28.52948,True,18.89288,1.078041,-8.644409,-0.01917187,-0.1642712,-0.03007892,0.9857701,-0.3227139,0.04768032,0.9452949,True,0.09232342,0.3750284,16.38558,1.44849,-1.3,7.769437
2026-08-21 13:05:45.300,28.57376,True,18.89312,1.077748,-8.643541,-0.01799648,-0.1634633,-0.02967382,0.9859388,-0.3212616,0.04518802,0.9459118,True,0.09452081,0.3692573,16.39902,1.428563,-1.3,7.763453
2026-08-21 13:05:45.344,28.618,True,18.89318,1.077636,-8.642759,-0.01743598,-0.1629515,-0.02985673,0.9860281,-0.3203083,0.04411513,0.9462856,True,0.09594321,0.3667629,16.40773,1.41995,-1.3,7.759559
2026-08-21 13:05:45.379,28.65251,True,18.89335,1.077414,-8.642051,-0.01726286,-0.1624911,-0.03027416,0.9860944,-0.3194179,0.04388418,0.9465973,True,0.09727347,0.3661376,16.41586,1.417791,-1.3,7.756255
2026-08-21 13:05:45.422,28.69624,True,18.89321,1.077274,-8.641741,-0.016789,-0.162392,-0.03094199,0.9860982,-0.31923,0.04316067,0.9466939,True,0.09754729,0.3644578,16.41754,1.411991,-1.3,7.755137
2026-08-21 13:05:45.467,28.74076,True,18.89332,1.077002,-8.641376,-0.01621381,-0.1612023,-0.0320171,0.9862686,-0.3169393,0.0423048,0.9475019,True,0.1008309,0.3623711,16.43763,1.404786,-1.3,7.748138
2026-08-21 13:05:45.511,28.78468,True,18.89369,1.077257,-8.640891,-0.01862515,-0.1590051,-0.03441393,0.986502,-0.3124358,0.04769147,0.948741,True,0.1071369,0.3743855,16.47622,1.44627,-1.3,7.737508
2026-08-21 13:05:45.555,28.82929,True,18.8941,1.077711,-8.640841,-0.02158105,-0.157052,-0.0351284,0.9867294,-0.3084194,0.05362328,0.9497378,True,0.1126948,0.3876826,16.51022,1.492183,-1.3,7.729333
2026-08-21 13:05:45.588,28.86272,True,18.8943,1.077788,-8.641024,-0.02225737,-0.1566152,-0.03448272,0.9868066,-0.3075628,0.05472847,0.9499526,True,0.1138877,0.3901544,16.51752,1.500718,-1.3,7.727778
2026-08-21 13:05:45.633,28.90737,True,18.89454,1.077739,-8.641342,-0.02214514,-0.156175,-0.03310589,0.986926,-0.3068001,0.05405186,0.9502379,True,0.1149903,0.3885947,16.52427,1.495332,-1.3,7.725794
2026-08-21 13:05:45.677,28.95173,True,18.89478,1.07783,-8.641381,-0.02188476,-0.1559132,-0.03309276,0.9869737,-0.3063159,0.05351856,0.9504243,True,0.1157141,0.3874051,16.5287,1.491225,-1.3,7.724319
2026-08-21 13:05:45.713,28.98587,True,18.89497,1.077969,-8.641482,-0.02207721,-0.1553656,-0.03357788,0.9870394,-0.3052213,0.05401586,0.9507483,True,0.1172533,0.3885181,16.53811,1.495068,-1.3,7.721794
2026-08-21 13:05:45.756,29.02973,True,18.89572,1.077949,-8.641397,-0.02236215,-0.1521716,-0.03374948,0.9875246,-0.2990369,0.05443776,0.9526875,True,0.1259524,0.3892066,16.59134,1.497445,-1.3,7.705986
2026-08-21 13:05:45.800,29.07428,True,18.89743,1.078059,-8.640908,-0.02359968,-0.1424941,-0.0339739,0.9889309,-0.28023,0.05635905,0.958277,True,0.1520002,0.3927845,16.75072,1.509799,-1.3,7.660528
2026-08-21 13:05:45.833,29.10766,True,18.8993,1.078531,-8.640367,-0.02606133,-0.1319246,-0.03465259,0.990311,-0.2594866,0.0607607,0.9638334,True,0.1801733,0.4018996,16.9231,1.541273,-1.3,7.615804
2026-08-21 13:05:45.878,29.15164,True,18.90312,1.079633,-8.639604,-0.03213435,-0.1112897,-0.03619921,0.9926085,-0.2186078,0.07185085,0.973164,True,0.2343157,0.4251441,17.25438,1.621532,-1.3,7.542001
2026-08-21 13:05:45.922,29.19662,True,18.90844,1.080613,-8.639026,-0.03881625,-0.08321878,-0.03505122,0.995158,-0.1629106,0.08309045,0.9831359,True,0.3058919,0.4481232,17.69232,1.700876,-1.3,7.464915
2026-08-21 13:05:45.966,29.24028,True,18.91475,1.081432,-8.638712,-0.04384841,-0.04978777,-0.03309861,0.9972478,-0.09639885,0.09075128,0.991197,True,0.3890313,0.4633187,18.20102,1.753345,-1.3,7.403888
2026-08-21 13:05:46.001,29.27476,True,18.92035,1.08163,-8.638775,-0.04585201,-0.02041019,-0.03047438,0.9982747,-0.03795533,0.09278978,0.994962,True,0.4608397,0.4669959,18.64039,1.766041,-1.3,7.375934
2026-08-21 13:05:46.044,29.31824,True,18.929,1.081217,-8.639445,-0.04562073,0.0244788,-0.02685019,0.9982979,0.05132413,0.08977164,0.9946391,True,0.5699039,0.4605088,19.30771,1.743642,-1.3,7.379004
2026-08-21 13:05:46.078,29.35189,True,18.93449,1.080248,-8.640124,-0.04278337,0.05134786,-0.02572177,0.9974324,0.104633,0.08270553,0.991066,True,0.6355586,0.445781,19.70943,1.692789,-1.3,7.406292
2026-08-21 13:05:46.122,29.39584,True,18.94029,1.079503,-8.641293,-0.04093834,0.07930008,-0.02585454,0.9956742,0.160031,0.07742197,0.9840711,True,0.7049707,0.4354392,20.13414,1.65708,-1.3,7.460125
2026-08-21 13:05:46.162,29.42964,True,18.94345,1.079032,-8.641777,-0.03952006,0.09344482,-0.0273111,0.9944649,0.1880139,0.07349847,0.9794124,True,0.7407112,0.4275917,20.35282,1.629984,-1.3,7.496103
2026-08-21 13:05:46.199,29.47334,True,18.9476,1.078363,-8.642454,-0.03728006,0.1112419,-0.0281966,0.9926935,0.2229606,0.06774206,0.9724709,True,0.7861785,0.4159644,20.63102,1.589836,-1.3,7.550307
2026-08-21 13:05:46.234,29.50778,True,18.95015,1.077821,-8.642781,-0.03521773,0.1214014,-0.02846483,0.9915701,0.242761,0.06293035,0.9680428,True,0.812412,0.4059215,20.79153,1.55516,-1.3,7.585183
2026-08-21 13:05:46.278,29.5517,True,18.95306,1.077176,-8.642806,-0.03298714,0.1322215,-0.02904225,0.9902454,0.2637795,0.05765072,0.9628587,True,0.8407066,0.3948188,20.96466,1.516823,-1.3,7.626047
2026-08-21 13:05:46.312,29.58507,True,18.95468,1.076923,-8.642688,-0.03265151,0.1375015,-0.03047745,0.989494,0.2741041,0.05623554,0.9600545,True,0.8548317,0.3919806,21.05108,1.507024,-1.3,7.648199
2026-08-21 13:05:46.355,29.62923,True,18.95648,1.076878,-8.642312,-0.03298869,0.1421421,-0.03125129,0.9888027,0.2831628,0.05635436,0.9574147,True,0.8674061,0.3925687,21.12802,1.509054,-1.3,7.668894
2026-08-21 13:05:46.402,29.67457,True,18.95782,1.076776,-8.641947,-0.03282741,0.1458785,-0.03246712,0.9882246,0.2904531,0.05540919,0.9552836,True,0.8775568,0.3907082,21.19013,1.50263,-1.3,7.685619
2026-08-21 13:05:46.445,29.71856,True,18.95868,1.07638,-8.641477,-0.03184522,0.1481431,-0.03287386,0.9879063,0.2947968,0.05318011,0.954079,True,0.8835973,0.3857738,21.22709,1.485592,-1.3,7.694831
2026-08-21 13:05:46.489,29.76261,True,18.95914,1.07593,-8.641082,-0.03086598,0.1496556,-0.03295048,0.9877068,0.2976658,0.05111063,0.953301,True,0.8875672,0.3811184,21.25138,1.469518,-1.3,7.700696
2026-08-21 13:05:46.522,29.79616,True,18.95929,1.075728,-8.640787,-0.03057132,0.1501913,-0.03277408,0.9876406,0.2986739,0.05054218,0.953016,True,0.8889571,0.3798213,21.25988,1.465039,-1.3,7.702691
2026-08-21 13:05:46.566,29.84055,True,18.95927,1.07544,-8.64046,-0.02996601,0.1502162,-0.03219857,0.9876742,0.2986591,0.04951982,0.9530743,True,0.8888949,0.3774453,21.2595,1.456835,-1.3,7.701875
2026-08-21 13:05:46.611,29.88487,True,18.95899,1.075242,-8.640115,-0.02976196,0.1498164,-0.03167405,0.9877581,0.2978501,0.04930465,0.9533386,True,0.8877089,0.3768726,21.25225,1.454857,-1.3,7.699379
2026-08-21 13:05:46.645,29.91853,True,18.95877,1.075276,-8.639939,-0.02983759,0.1499418,-0.03113458,0.987754,0.2980691,0.04960764,0.9532543,True,0.8879733,0.3775651,21.25386,1.457249,-1.3,7.699874
2026-08-21 13:05:46.677,29.95214,True,18.95855,1.075241,-8.639808,-0.02982546,0.1499497,-0.03035576,0.9877774,0.2980446,0.04981815,0.9532511,True,0.8879012,0.3780228,21.25342,1.458829,-1.3,7.699763
2026-08-21 13:05:46.712,29.9857,True,18.95825,1.075232,-8.639686,-0.02997442,0.1498738,-0.02951067,0.98781,0.2978627,0.05037231,0.9532788,True,0.8876066,0.3792509,21.25162,1.463069,-1.3,7.699411
2026-08-21 13:05:46.755,30.02965,True,18.9579,1.075449,-8.639535,-0.0312118,0.1499863,-0.02795431,0.9877998,0.2980579,0.05327648,0.9530599,True,0.8878738,0.3858144,21.25326,1.485732,-1.3,7.701022
2026-08-21 13:05:46.789,30.06318,True,18.95763,1.075776,-8.639451,-0.03288257,0.1501241,-0.02680732,0.9877565,0.2983351,0.05691109,0.952763,True,0.8882909,0.3940535,21.25581,1.514181,-1.3,7.703333
2026-08-21 13:05:46.835,30.10794,True,18.95729,1.076837,-8.639456,-0.03722009,0.1501612,-0.0242041,0.9876642,0.2984194,0.06625286,0.9521326,True,0.8885894,0.4153003,21.25763,1.587543,-1.3,7.708439
2026-08-21 13:05:46.878,30.15171,True,18.95687,1.078605,-8.639702,-0.04475483,0.1507244,-0.0212388,0.9873338,0.2995317,0.0819735,0.9505583,True,0.8905602,0.4512175,21.26969,1.71156,-1.3,7.721464
2026-08-21 13:05:46.912,30.18509,True,18.95651,1.080317,-8.6401,-0.05238831,0.1510703,-0.01816222,0.9869667,0.3001058,0.09792349,0.9488664,True,0.8919216,0.4877838,21.27802,1.837819,-1.3,7.735652
2026-08-21 13:05:46.944,30.21869,True,18.95615,1.082262,-8.640592,-0.06133616,0.1512515,-0.01606306,0.9864597,0.3003775,0.1161522,0.9467217,True,0.8930926,0.5297928,21.28519,1.982871,-1.3,7.753695
2026-08-21 13:05:46.989,30.26285,True,18.95561,1.084811,-8.641427,-0.07384186,0.1515981,-0.01374467,0.9855843,0.3008552,0.1413874,0.9431308,True,0.8951049,0.5884441,21.2975,2.185386,-1.3,7.784102
2026-08-21 13:05:47.023,30.297,True,18.95529,1.085907,-8.642117,-0.07986274,0.1523721,-0.01301542,0.9850053,0.3022535,0.1533641,0.9408094,True,0.8978166,0.6166471,21.31409,2.282767,-1.3,7.804043
2026-08-21 13:05:47.067,30.34095,True,18.95506,1.086686,-8.642774,-0.0839491,0.1547879,-0.01217818,0.9842992,0.30676,0.161492,0.9379865,True,0.9047399,0.6363745,21.35645,2.350883,-1.3,7.82823
2026-08-21 13:05:47.112,30.38548,True,18.95502,1.086664,-8.64349,-0.08355339,0.1579839,-0.009090933,0.9838583,0.3123867,0.161537,0.9361199,True,0.9127677,0.6372359,21.40557,2.353858,-1.3,7.844604
2026-08-21 13:05:47.156,30.42944,True,18.95498,1.086547,-8.643974,-0.08372926,0.1607462,-0.008316937,0.9834027,0.3175493,0.1620053,0.9343001,True,0.9201997,0.6390075,21.45105,2.359974,-1.3,7.860402
2026-08-21 13:05:47.189,30.4629,True,18.95495,1.086707,-8.64414,-0.08459835,0.1623412,-0.007603539,0.983072,0.3204728,0.1638638,0.9329769,True,0.9245434,0.643822,21.47762,2.376598,-1.3,7.871728
2026-08-21 13:05:47.223,30.49664,True,18.95486,1.086923,-8.64419,-0.08570008,0.1630298,-0.006878536,0.982868,0.3216525,0.1662209,0.9321536,True,0.9264153,0.6495957,21.48908,2.396534,-1.3,7.878733
2026-08-21 13:05:47.266,30.54053,True,18.95464,1.087026,-8.644157,-0.08591967,0.162985,-0.006642749,0.9828579,0.3215236,0.1667283,0.9321074,True,0.9262314,0.6508003,21.48795,2.400693,-1.3,7.879089
2026-08-21 13:05:47.300,30.5743,True,18.95441,1.087001,-8.644066,-0.08613535,0.1624054,-0.006696512,0.9829346,0.3204214,0.1671557,0.9324104,True,0.9246353,0.6516396,21.47819,2.403591,-1.3,7.876431
2026-08-21 13:05:47.344,30.61834,True,18.95404,1.086854,-8.643842,-0.08539201,0.1609004,-0.006566675,0.9832478,0.3175314,0.1658098,0.9336385,True,0.9203054,0.6480178,21.45169,2.391086,-1.3,7.86583
2026-08-21 13:05:47.388,30.6626,True,18.95375,1.08646,-8.643644,-0.08367088,0.159547,-0.006562262,0.9836162,0.3149643,0.1625061,0.9350879,True,0.916318,0.6397939,21.4273,2.362689,-1.3,7.853427
2026-08-21 13:05:47.423,30.69681,True,18.9535,1.085942,-8.643428,-0.08208211,0.1587999,-0.006609352,0.9838707,0.3135621,0.1594172,0.9360903,True,0.9140342,0.6322193,21.41332,2.336536,-1.3,7.844785
2026-08-21 13:05:47.467,30.74061,True,18.95338,1.085581,-8.643137,-0.08042219,0.1578285,-0.007233724,0.9841596,0.3118204,0.1560132,0.9372449,True,0.9112741,0.6239302,21.39643,2.307914,-1.3,7.834811
2026-08-21 13:05:47.499,30.77399,True,18.95333,1.085523,-8.643034,-0.08012305,0.1579633,-0.007122388,0.9841632,0.3120647,0.1554582,0.9372558,True,0.9115693,0.622645,21.39824,2.303477,-1.3,7.83461
2026-08-21 13:05:47.544,30.81842,True,18.95348,1.08547,-8.642838,-0.07992273,0.1585933,-0.006995291,0.9840791,0.3132549,0.1550817,0.936921,True,0.9132493,0.621892,21.40852,2.300877,-1.3,7.8372
2026-08-21 13:05:47.578,30.85196,True,18.95343,1.085302,-8.642907,-0.07924346,0.1590611,-0.006596344,0.9840612,0.3140972,0.1538624,0.9368401,True,0.9143593,0.6191092,21.41531,2.291268,-1.3,7.837952
2026-08-21 13:05:47.622,30.89623,True,18.95342,1.085294,-8.642974,-0.07901451,0.1595211,-0.006490563,0.9840059,0.314965,0.1534307,0.9366195,True,0.9155681,0.6182121,21.42271,2.288171,-1.3,7.839869
2026-08-21 13:05:47.667,30.94034,True,18.95344,1.085453,-8.642871,-0.07957013,0.1594112,-0.006376628,0.9839797,0.3147295,0.1545578,0.9365133,True,0.9153085,0.620852,21.42112,2.297286,-1.3,7.840648
2026-08-21 13:05:47.700,30.97398,True,18.95335,1.08555,-8.642836,-0.08004832,0.1590464,-0.006830946,0.9839969,0.3140959,0.1553617,0.9365931,True,0.9144468,0.6226741,21.41585,2.303577,-1.3,7.839942
2026-08-21 13:05:47.744,31.0185,True,18.95323,1.085651,-8.642888,-0.08012029,0.1588736,-0.006833089,0.9840189,0.3137642,0.1555086,0.9366798,True,0.9139675,0.6230063,21.41291,2.304724,-1.3,7.839272
2026-08-21 13:05:47.787,31.06241,True,18.95309,1.085643,-8.643042,-0.08009553,0.1589633,-0.006606153,0.984008,0.3139005,0.155529,0.9366308,True,0.9141488,0.6230765,21.41402,2.304967,-1.3,7.839846
2026-08-21 13:05:47.822,31.09605,True,18.953,1.085628,-8.64314,-0.08011546,0.1591163,-0.00632231,0.9839835,0.3141486,0.1556526,0.9365271,True,0.9145026,0.6233965,21.41619,2.306072,-1.3,7.840819
2026-08-21 13:05:47.856,31.12986,True,18.9529,1.085575,-8.643227,-0.08009928,0.1590554,-0.006245107,0.9839951,0.3140199,0.155648,0.936571,True,0.9143065,0.6233582,21.41499,2.30594,-1.3,7.840544
2026-08-21 13:05:47.900,31.1736,True,18.95284,1.085531,-8.643338,-0.08002735,0.1590107,-0.005914288,0.9840103,0.3138829,0.1556146,0.9366224,True,0.9141046,0.6232558,21.41375,2.305586,-1.3,7.840232
2026-08-21 13:05:47.933,31.20706,True,18.95292,1.08546,-8.643165,-0.07999286,0.158757,-0.006374028,0.9840512,0.3134698,0.1554103,0.9367947,True,0.913506,0.6226979,21.41009,2.303659,-1.3,7.838606
2026-08-21 13:05:47.978,31.25171,True,18.95288,1.085508,-8.643202,-0.07998333,0.1585318,-0.006632396,0.9840866,0.313079,0.1553181,0.9369407,True,0.912937,0.6224497,21.40661,2.302803,-1.3,7.837424
2026-08-21 13:05:48.022,31.29593,True,18.95288,1.085601,-8.643247,-0.08014434,0.1585519,-0.006863167,0.9840686,0.313152,0.1555587,0.9368764,True,0.9130622,0.6230492,21.40737,2.304873,-1.3,7.838011
2026-08-21 13:05:48.055,31.32947,True,18.95296,1.085618,-8.643214,-0.08034618,0.1587258,-0.00686433,0.9840242,0.313483,0.1559461,0.9367012,True,0.913572,0.623998,21.41049,2.308149,-1.3,7.839441
2026-08-21 13:05:48.089,31.363,True,18.95305,1.085681,-8.643178,-0.08053605,0.1590626,-0.006899904,0.983954,0.3141319,0.1562925,0.9364261,True,0.914535,0.6249051,21.41639,2.311281,-1.3,7.841706
2026-08-21 13:05:48.133,31.40693,True,18.95309,1.085816,-8.643224,-0.08101404,0.1592846,-0.006635227,0.9838807,0.3145092,0.1573025,0.9361303,True,0.9151548,0.6273533,21.42018,2.319734,-1.3,7.844233
2026-08-21 13:05:48.167,31.44057,True,18.95328,1.08577,-8.64301,-0.08111841,0.1596731,-0.006601974,0.9838094,0.3152468,0.1575018,0.9358487,True,0.9162407,0.6278898,21.42682,2.321586,-1.3,7.846364
2026-08-21 13:05:48.211,31.4849,True,18.95316,1.085584,-8.643055,-0.080171,0.15995,-0.006471435,0.9838428,0.315769,0.1556811,0.9359772,True,0.9168376,0.6236521,21.43047,2.306954,-1.3,7.845335
2026-08-21 13:05:48.255,31.52929,True,18.95308,1.085475,-8.643003,-0.07963745,0.1600299,-0.006045952,0.9838759,0.3158622,0.1547717,0.9360966,True,0.9168885,0.621507,21.43079,2.299547,-1.3,7.844278
2026-08-21 13:05:48.288,31.56267,True,18.95303,1.085425,-8.642956,-0.07931905,0.1597835,-0.005874472,0.9839427,0.3153675,0.1542135,0.9363554,True,0.9161327,0.6201252,21.42616,2.294776,-1.3,7.842061
2026-08-21 13:05:48.334,31.60744,True,18.95328,1.085311,-8.642529,-0.0794541,0.159604,-0.005617762,0.9839624,0.3149813,0.1545665,0.9364272,True,0.9156242,0.6208466,21.42305,2.297267,-1.3,7.841003
2026-08-21 13:05:48.377,31.65178,True,18.95312,1.085383,-8.642605,-0.07932771,0.1594168,-0.006522712,0.9839974,0.3147664,0.1540368,0.9365868,True,0.9152584,0.6196088,21.42081,2.292993,-1.3,7.839748
2026-08-21 13:05:48.422,31.6963,True,18.95314,1.085308,-8.642568,-0.07878523,0.1598115,-0.006278383,0.9839785,0.3154915,0.1530392,0.9365063,True,0.9162223,0.6173501,21.42671,2.285194,-1.3,7.840382
2026-08-21 13:05:48.457,31.73042,True,18.95312,1.085279,-8.642523,-0.07865821,0.1599716,-0.006195138,0.9839632,0.3157869,0.1528115,0.936444,True,0.9166229,0.6168453,21.42916,2.283451,-1.3,7.840856
2026-08-21 13:05:48.500,31.77381,True,18.95332,1.085106,-8.642257,-0.07848102,0.1603905,-0.005916339,0.9839109,0.3165485,0.1525388,0.9362313,True,0.9177083,0.6162425,21.4358,2.28137,-1.3,7.842353
2026-08-21 13:05:48.544,31.81811,True,18.95314,1.085067,-8.642323,-0.0783217,0.1604985,-0.005405942,0.9839089,0.3166786,0.1523876,0.9362119,True,0.9178579,0.6158977,21.43672,2.28018,-1.3,7.842586
2026-08-21 13:05:48.577,31.85156,True,18.95313,1.085036,-8.642256,-0.07805871,0.1605102,-0.005041063,0.9839298,0.3166486,0.1519903,0.9362866,True,0.9177821,0.6149558,21.43625,2.276927,-1.3,7.841888
2026-08-21 13:05:48.622,31.89594,True,18.95311,1.085002,-8.642161,-0.07796435,0.1602166,-0.005122674,0.9839848,0.3161002,0.15179,0.9365044,True,0.9169765,0.6144065,21.43132,2.275031,-1.3,7.839964
2026-08-21 13:05:48.666,31.94028,True,18.95311,1.084963,-8.642094,-0.07750522,0.1601612,-0.005641656,0.9840272,0.3160805,0.1507273,0.9366826,True,0.9168707,0.611914,21.43068,2.266424,-1.3,7.8384
2026-08-21 13:05:48.700,31.97454,True,18.95313,1.084889,-8.642056,-0.07749753,0.160214,-0.005757258,0.9840186,0.3161995,0.1506732,0.9366512,True,0.9170383,0.6117795,21.4317,2.26596,-1.3,7.838622
2026-08-21 13:05:48.744,32.01829,True,18.95329,1.084802,-8.64177,-0.07754821,0.1601519,-0.006102522,0.9840226,0.3161326,0.1506637,0.9366753,True,0.9169521,0.6117105,21.43118,2.265722,-1.3,7.838117
2026-08-21 13:05:48.789,32.06306,True,18.95316,1.084746,-8.641577,-0.07757834,0.1590782,-0.00647507,0.984192,0.3141315,0.1506439,0.9373515,True,0.9140668,0.6113936,21.41352,2.264627,-1.3,7.832256
2026-08-21 13:05:48.833,32.10696,True,18.9533,1.084662,-8.641295,-0.07710981,0.1590216,-0.006689198,0.9842365,0.3140614,0.1496611,0.9375324,True,0.913906,0.6090617,21.41254,2.256576,-1.3,7.830445
2026-08-21 13:05:48.866,32.14032,True,18.95349,1.084467,-8.641059,-0.07669657,0.1593597,-0.006498254,0.9842154,0.3146854,0.1489008,0.9374442,True,0.9147611,0.6073018,21.41777,2.250499,-1.3,7.830929
2026-08-21 13:05:48.900,32.17438,True,18.95358,1.084427,-8.64101,-0.07606201,0.1600403,-0.006563387,0.9841537,0.316007,0.1476126,0.9372033,True,0.9165677,0.6044525,21.42882,2.24066,-1.3,7.83289
2026-08-21 13:05:48.944,32.21799,True,18.95368,1.084346,-8.640969,-0.07583507,0.1607491,-0.006009387,0.9840593,0.3172847,0.1473204,0.9368175,True,0.9183849,0.6039019,21.43994,2.23876,-1.3,7.836071
2026-08-21 13:05:48.978,32.25193,True,18.95377,1.084302,-8.640923,-0.07589844,0.1610708,-0.005799057,0.9840031,0.3178685,0.1475005,0.9365913,True,0.9192436,0.6043764,21.44519,2.240398,-1.3,7.837915
2026-08-21 13:05:49.022,32.29616,True,18.95375,1.084412,-8.640857,-0.07612585,0.1608872,-0.006283733,0.9840125,0.3175868,0.1477956,0.9366403,True,0.9188548,0.6050577,21.44282,2.24275,-1.3,7.837434
2026-08-21 13:05:49.067,32.34113,True,18.95381,1.084494,-8.640724,-0.07687639,0.1602911,-0.00711329,0.9840459,0.3165613,0.1490194,0.9367936,True,0.9174764,0.6077979,21.43438,2.252212,-1.3,7.83601
2026-08-21 13:05:49.111,32.38491,True,18.95368,1.084622,-8.640932,-0.07736783,0.1604902,-0.007605931,0.9839712,0.3170125,0.1498141,0.9365142,True,0.9181659,0.6097495,21.4386,2.25895,-1.3,7.83857
2026-08-21 13:05:49.145,32.41833,True,18.95375,1.084711,-8.641088,-0.0778397,0.1610478,-0.00784059,0.983841,0.3181116,0.1506384,0.9360092,True,0.9198138,0.6118382,21.44868,2.266162,-1.3,7.842966
2026-08-21 13:05:49.178,32.45169,True,18.95372,1.084849,-8.641312,-0.0788376,0.1618092,-0.007893194,0.9836361,0.3195674,0.1525406,0.9352048,True,0.9220405,0.6165078,21.46231,2.282286,-1.3,7.849951
2026-08-21 13:05:49.222,32.49584,True,18.95365,1.085069,-8.6415,-0.08028647,0.1620663,-0.007543386,0.9834794,0.319989,0.1554751,0.9345772,True,0.9228558,0.6234893,21.4673,2.306392,-1.3,7.855424
2026-08-21 13:05:49.266,32.54053,True,18.9536,1.084914,-8.641634,-0.07962532,0.1619472,-0.007043627,0.9835564,0.3196902,0.1543506,0.9348658,True,0.9223448,0.6207839,21.46417,2.297051,-1.3,7.853142
2026-08-21 13:05:49.312,32.58558,True,18.9535,1.08447,-8.641591,-0.07729698,0.1606706,-0.007265761,0.9839499,0.3173069,0.1497779,0.9364203,True,0.9185909,0.609688,21.4412,2.258738,-1.3,7.84006
2026-08-21 13:05:49.354,32.62911,True,18.95345,1.084473,-8.641428,-0.07700902,0.1602318,-0.007635911,0.9840412,0.3165254,0.1491131,0.9367908,True,0.9174129,0.6080379,21.43399,2.253041,-1.3,7.836785
2026-08-21 13:05:49.388,32.66266,True,18.95351,1.084387,-8.641253,-0.07665814,0.1601413,-0.007717689,0.9840827,0.3163678,0.1484041,0.9369566,True,0.9171385,0.6063362,21.43232,2.247165,-1.3,7.835211
2026-08-21 13:05:49.434,32.70742,True,18.95375,1.084269,-8.64096,-0.07607205,0.160837,-0.00715131,0.984019,0.3176213,0.1474123,0.936689,True,0.9188834,0.6041334,21.44299,2.239559,-1.3,7.837136
2026-08-21 13:05:49.479,32.75258,True,18.95387,1.084214,-8.640849,-0.07551661,0.1617899,-0.006355329,0.983911,0.3193336,0.1465468,0.9362426,True,0.9212844,0.602307,21.45768,2.233252,-1.3,7.840755
2026-08-21 13:05:49.522,32.79599,True,18.95387,1.08404,-8.64072,-0.07436256,0.1624047,-0.005461223,0.9839031,0.3203931,0.1445573,0.9361899,True,0.9226582,0.5977511,21.46609,2.217522,-1.3,7.841059
2026-08-21 13:05:49.566,32.84049,True,18.95384,1.083878,-8.640475,-0.07334388,0.1619823,-0.004485852,0.984054,0.3194566,0.1428954,0.9367648,True,0.9211888,0.5937204,21.4571,2.203604,-1.3,7.835984
2026-08-21 13:05:49.600,32.87391,True,18.95368,1.083765,-8.640289,-0.07312558,0.1611506,-0.003726952,0.98421,0.3177572,0.1427407,0.9373662,True,0.9187152,0.5931205,21.44196,2.201533,-1.3,7.830759
2026-08-21 13:05:49.645,32.91817,True,18.95348,1.08368,-8.640157,-0.0729111,0.1604793,-0.003921787,0.9843348,0.3165027,0.1422791,0.9378607,True,0.916855,0.5918734,21.43058,2.197227,-1.3,7.826489
2026-08-21 13:05:49.678,32.95177,True,18.95351,1.083613,-8.640155,-0.07266587,0.1603439,-0.004277309,0.9843735,0.3162981,0.141689,0.938019,True,0.9165312,0.590462,21.4286,2.192353,-1.3,7.825167
2026-08-21 13:05:49.712,32.98542,True,18.95368,1.083624,-8.640147,-0.07280757,0.1608609,-0.00474564,0.9842765,0.3173543,0.1417988,0.9376456,True,0.9180708,0.5908416,21.43802,2.193664,-1.3,7.828274
2026-08-21 13:05:49.755,33.02909,True,18.95403,1.083767,-8.640195,-0.07346053,0.1618221,-0.005476095,0.9840667,0.319292,0.1428078,0.9368343,True,0.9209635,0.5934531,21.45572,2.202681,-1.3,7.835104
2026-08-21 13:05:49.788,33.06255,True,18.95436,1.083733,-8.640258,-0.07351999,0.1627986,-0.005860898,0.9838989,0.3212164,0.1427642,0.9361829,True,0.9237715,0.5935726,21.4729,2.203094,-1.3,7.840624
2026-08-21 13:05:49.822,33.09615,True,18.95465,1.083746,-8.640369,-0.07310594,0.1638091,-0.005903434,0.9837618,0.3231614,0.1419036,0.9356442,True,0.926555,0.5918124,21.48993,2.197016,-1.3,7.845257
2026-08-21 13:05:49.867,33.14041,True,18.95509,1.083632,-8.640399,-0.07305244,0.1643795,-0.006131246,0.9836692,0.3242859,0.1417032,0.9352854,True,0.9282296,0.5914488,21.50018,2.19576,-1.3,7.848298
2026-08-21 13:05:49.912,33.18602,True,18.95525,1.083601,-8.6404,-0.07297304,0.1641725,-0.006039522,0.9837102,0.3238778,0.1415856,0.9354447,True,0.9276615,0.5911179,21.4967,2.194618,-1.3,7.846963
2026-08-21 13:05:49.956,33.22945,True,18.9553,1.083333,-8.640237,-0.07149852,0.1628891,-0.006037437,0.9840319,0.3214394,0.1387468,0.9367102,True,0.9239774,0.5841557,21.47416,2.170578,-1.3,7.836187
2026-08-21 13:05:50.000,33.2739,True,18.95572,1.082528,-8.63969,-0.0678253,0.1600666,-0.005474068,0.9847581,0.3159963,0.1318306,0.9395568,True,0.9158194,0.5672979,21.42424,2.11237,-1.3,7.811864
2026-08-21 13:05:50.044,33.31808,True,18.95503,1.081057,-8.639334,-0.05969115,0.1539127,-0.006340888,0.9862594,0.3043528,0.11579,0.9454957,True,0.8983812,0.5289232,21.31755,1.979868,-1.3,7.762419
2026-08-21 13:05:50.078,33.35202,True,18.95447,1.079386,-8.638911,-0.0513303,0.1482727,-0.007747196,0.9875831,0.2936585,0.09908848,0.9507608,True,0.8826371,0.4896459,21.22121,1.844249,-1.3,7.718987
2026-08-21 13:05:50.122,33.39598,True,18.95272,1.075896,-8.638021,-0.03320665,0.1354704,-0.008763351,0.990186,0.2688638,0.06338716,0.9610901,True,0.8473853,0.4072838,21.00552,1.559863,-1.3,7.635102
2026-08-21 13:05:50.155,33.4294,True,18.95077,1.072658,-8.637218,-0.01543478,0.1225814,-0.007534239,0.9923099,0.2435101,0.02878505,0.9694712,True,0.8127694,0.3292754,20.79372,1.290511,-1.3,7.568267
2026-08-21 13:05:50.200,33.4739,True,18.94644,1.068501,-8.635654,0.007175965,0.09613565,-0.02006133,0.9951402,0.191049,-0.0181394,0.9814129,True,0.7442463,0.2257111,20.37445,0.932917,-1.3,7.474586
2026-08-21 13:05:50.252,33.52497,True,18.94032,1.063016,-8.634137,0.03280813,0.06509116,-0.01046451,0.9972849,0.1291422,-0.0668004,0.9893736,True,0.6663175,0.1199768,19.89763,0.5678303,-1.3,7.41291
2026-08-21 13:05:50.289,33.56311,True,18.9342,1.059857,-8.632803,0.04822574,0.03041193,-0.01864701,0.9981992,0.0589158,-0.09741197,0.9934988,True,0.5799272,0.05424871,19.36904,0.3408802,-1.3,7.380787
2026-08-21 13:05:50.333,33.60749,True,18.92789,1.056218,-8.630925,0.06421138,-0.001456593,-0.01501189,0.9978223,-0.004834711,-0.1280994,0.9917495,False,-1,-1,0,0,0,-1
2026-08-21 13:05:50.367,33.64102,True,18.92319,1.053571,-8.628993,0.07603206,-0.02491589,-0.01048581,0.9967389,-0.05126378,-0.1510457,0.9871966,False,-1,-1,0,0,0,-1
2026-08-21 13:05:50.410,33.68478,True,18.91819,1.048753,-8.62574,0.0961026,-0.0524556,0.002055919,0.9939862,-0.1038851,-0.191265,0.9760254,False,-1,-1,0,0,0,-1
2026-08-21 13:05:50.445,33.71883,True,18.91483,1.043564,-8.624144,0.1161646,-0.07099569,0.01972316,0.9904931,-0.1360592,-0.2329209,0.9629308,False,-1,-1,0,0,0,-1
2026-08-21 13:05:50.488,33.76298,True,18.91099,1.036725,-8.622993,0.1431972,-0.08564555,0.03334518,0.9854174,-0.1592434,-0.2879297,0.9443188,False,-1,-1,0,0,0,-1
2026-08-21 13:05:50.524,33.79762,True,18.90924,1.035834,-8.621423,0.1510452,-0.07808223,0.01641685,0.9853015,-0.1489097,-0.3002138,0.9421771,False,-1,-1,0,0,0,-1
2026-08-21 13:05:50.567,33.84064,True,18.90877,1.040158,-8.618213,0.1355948,-0.08355539,0.008182351,0.9872009,-0.162753,-0.2690859,0.9492651,False,-1,-1,0,0,0,-1
2026-08-21 13:05:50.611,33.88466,True,18.90866,1.043842,-8.615982,0.1244835,-0.09048908,0.01552838,0.9879648,-0.174934,-0.2487809,0.9526312,False,-1,-1,0,0,0,-1
2026-08-21 13:05:50.643,33.91814,True,18.9083,1.04471,-8.615654,0.1257541,-0.1002582,0.03336885,0.9864181,-0.1894005,-0.2547832,0.9482684,False,-1,-1,0,0,0,-1
2026-08-21 13:05:50.677,33.95184,True,18.90758,1.045471,-8.615221,0.1281224,-0.1042074,0.03502071,0.9856465,-0.1964495,-0.2598656,0.945451,False,-1,-1,0,0,0,-1
2026-08-21 13:05:50.722,33.99635,True,18.90498,1.048145,-8.613607,0.1300304,-0.1179601,0.04134378,0.9835996,-0.2212991,-0.2655496,0.938355,False,-1,-1,0,0,0,-1
2026-08-21 13:05:50.755,34.02972,True,18.90242,1.049516,-8.612046,0.1333867,-0.1304179,0.04796422,0.9812739,-0.2431559,-0.2742887,0.9303983,False,-1,-1,0,0,0,-1
2026-08-21 13:05:50.789,34.0632,True,18.89999,1.050203,-8.610102,0.128294,-0.1442564,0.05172301,0.9798242,-0.2694204,-0.2663339,0.9254615,False,-1,-1,0,0,0,-1
2026-08-21 13:05:50.833,34.10698,True,18.89693,1.057058,-8.60444,0.09892448,-0.1460313,0.04891373,0.9831054,-0.2774508,-0.2087923,0.9377776,False,-1,-1,0,0,0,-1
2026-08-21 13:05:50.867,34.14051,True,18.89504,1.058736,-8.60146,0.09266318,-0.146419,0.06464302,0.9827493,-0.2758064,-0.2010593,0.93995,False,-1,-1,0,0,0,-1
2026-08-21 13:05:50.911,34.18508,True,18.89375,1.057211,-8.600278,0.09610106,-0.1537164,0.06966387,0.9809601,-0.2881897,-0.2099596,0.9342718,False,-1,-1,0,0,0,-1
2026-08-21 13:05:50.946,34.21968,True,18.89251,1.055798,-8.598945,0.1033872,-0.1568433,0.06002529,0.9803613,-0.2951145,-0.2215428,0.9294225,False,-1,-1,0,0,0,-1
2026-08-21 13:05:50.989,34.26285,True,18.89216,1.054525,-8.59733,0.1097589,-0.1598286,0.05047847,0.9797243,-0.3020951,-0.2312027,0.9248156,False,-1,-1,0,0,0,-1
2026-08-21 13:05:51.033,34.3074,True,18.89223,1.054982,-8.594031,0.1080474,-0.1645965,0.04618758,0.9793368,-0.3124099,-0.2268343,0.9224675,False,-1,-1,0,0,0,-1
2026-08-21 13:05:51.077,34.35176,True,18.8912,1.056656,-8.59067,0.09570867,-0.1722616,0.04999903,0.9791148,-0.3277571,-0.2046454,0.9223316,False,-1,-1,0,0,0,-1
2026-08-21 13:05:51.112,34.38572,True,18.88993,1.057737,-8.589597,0.0796441,-0.1735425,0.05242696,0.9801996,-0.3318616,-0.1743308,0.9270796,False,-1,-1,0,0,0,-1
2026-08-21 13:05:51.156,34.42933,True,18.89025,1.056711,-8.58891,0.06510992,-0.1701167,0.05207369,0.9818907,-0.3272909,-0.1455789,0.933642,False,-1,-1,0,0,0,-1
2026-08-21 13:05:51.189,34.46283,True,18.89365,1.053139,-8.589935,0.05861606,-0.1622467,0.03559186,0.9843644,-0.3152474,-0.1269484,0.9404803,False,-1,-1,0,0,0,-1
2026-08-21 13:05:51.233,34.50708,True,18.89687,1.051519,-8.59098,0.04354068,-0.1568085,0.02890652,0.9862453,-0.306786,-0.09494916,0.9470306,True,0.1167434,0.04835398,16.53499,0.3205264,-1.3,7.698779
2026-08-21 13:05:51.277,34.55152,True,18.89825,1.054305,-8.590798,0.03180962,-0.1512021,0.03581708,0.9873415,-0.2962976,-0.07364515,0.9522521,True,0.1322194,0.09756637,16.62969,0.4904503,-1.3,7.656374
2026-08-21 13:05:51.311,34.58493,True,18.89843,1.058441,-8.591155,0.015845,-0.1514327,0.04901806,0.9871243,-0.2974125,-0.04612785,0.9536341,True,0.1313745,0.1599244,16.62452,0.7057642,-1.3,7.645652
2026-08-21 13:05:51.345,34.61858,True,18.89779,1.061952,-8.591619,-0.003081039,-0.1524747,0.06111319,0.9864113,-0.3011822,-0.01255809,0.9534839,True,0.1264758,0.2352681,16.59454,0.965916,-1.3,7.647344
2026-08-21 13:05:51.389,34.66291,True,18.89531,1.07055,-8.592342,-0.04318484,-0.157649,0.08669029,0.9827343,-0.3173415,0.05754516,0.9465637,True,0.1029351,0.3939661,16.45051,1.513879,-1.3,7.704016
2026-08-21 13:05:51.432,34.70702,True,18.89122,1.079085,-8.594096,-0.07972568,-0.1537672,0.1004221,0.9797525,-0.3173201,0.1253396,0.9399989,True,0.09940571,0.5497212,16.42891,2.051681,-1.3,7.759686
2026-08-21 13:05:51.466,34.74065,True,18.88689,1.085432,-8.596241,-0.1138168,-0.1550653,0.1001687,0.9762002,-0.3255512,0.1911505,0.926001,True,0.08189511,0.7060792,16.32177,2.591564,-1.3,7.879302
2026-08-21 13:05:51.512,34.78528,True,18.87882,1.093955,-8.600561,-0.1630701,-0.158447,0.1106065,0.9675065,-0.3426702,0.2804923,0.8966054,True,0.04379386,0.9337986,16.08864,3.377849,-1.3,8.142446
2026-08-21 13:05:51.547,34.82022,True,18.87261,1.097071,-8.603974,-0.1870656,-0.1616094,0.1160248,0.9619913,-0.3543421,0.3224095,0.8777778,False,-1,-1,0,0,0,-1
2026-08-21 13:05:51.588,34.86298,True,18.86337,1.100198,-8.608759,-0.2079075,-0.172774,0.1260376,0.9544832,-0.382228,0.3533364,0.8538473,False,-1,-1,0,0,0,-1
2026-08-21 13:05:51.625,34.89875,True,18.8581,1.101946,-8.611554,-0.217673,-0.1781922,0.1281534,0.951022,-0.3947204,0.3683516,0.841732,False,-1,-1,0,0,0,-1
2026-08-21 13:05:51.665,34.94057,True,18.85303,1.10342,-8.614456,-0.2233288,-0.1788681,0.1273938,0.9496849,-0.396638,0.3786106,0.8362609,False,-1,-1,0,0,0,-1
2026-08-21 13:05:51.712,34.9855,True,18.8494,1.104353,-8.616667,-0.2264637,-0.1772194,0.1246521,0.9496154,-0.393039,0.3859253,0.8346149,False,-1,-1,0,0,0,-1
2026-08-21 13:05:51.755,35.02929,True,18.84684,1.105108,-8.618787,-0.2257962,-0.1726012,0.1245802,0.9506339,-0.3844205,0.3862937,0.8384498,False,-1,-1,0,0,0,-1
2026-08-21 13:05:51.789,35.06281,True,18.84594,1.105414,-8.620331,-0.2233096,-0.1689709,0.1237341,0.951983,-0.3769769,0.383359,0.8431633,False,-1,-1,0,0,0,-1
2026-08-21 13:05:51.833,35.10713,True,18.84701,1.105326,-8.621629,-0.2149869,-0.1576999,0.1260921,0.9555168,-0.3555861,0.3710777,0.8578228,False,-1,-1,0,0,0,-1
2026-08-21 13:05:51.866,35.14047,True,18.84887,1.105084,-8.622275,-0.208995,-0.1461719,0.1260496,0.9586796,-0.3329514,0.3638686,0.8699098,False,-1,-1,0,0,0,-1
2026-08-21 13:05:51.911,35.1848,True,18.85272,1.104808,-8.62249,-0.203991,-0.1315059,0.131206,0.9611862,-0.3063331,0.357638,0.8821877,False,-1,-1,0,0,0,-1
2026-08-21 13:05:51.944,35.2183,True,18.8555,1.104298,-8.622321,-0.1993639,-0.121878,0.1274251,0.9639308,-0.2857718,0.3532854,0.8907996,False,-1,-1,0,0,0,-1
2026-08-21 13:05:51.979,35.25257,True,18.8576,1.10366,-8.622058,-0.1944981,-0.1183666,0.1269637,0.9654222,-0.277936,0.345489,0.8963197,False,-1,-1,0,0,0,-1
2026-08-21 13:05:52.022,35.29618,True,18.85973,1.103471,-8.621717,-0.1920354,-0.1190038,0.1245054,0.9661568,-0.2777716,0.3414393,0.897921,False,-1,-1,0,0,0,-1
2026-08-21 13:05:52.065,35.34035,True,18.86196,1.10321,-8.620846,-0.1907511,-0.1208347,0.1211217,0.9666139,-0.2798093,0.339494,0.8980259,False,-1,-1,0,0,0,-1
2026-08-21 13:05:52.099,35.37407,True,18.86385,1.10316,-8.619721,-0.1904355,-0.1225067,0.1192828,0.9666944,-0.2822846,0.3389601,0.8974528,False,-1,-1,0,0,0,-1
2026-08-21 13:05:52.135,35.40871,True,18.86537,1.103159,-8.618542,-0.1917727,-0.1238449,0.1187592,0.9663239,-0.2848982,0.3412137,0.8957713,False,-1,-1,0,0,0,-1
2026-08-21 13:05:52.177,35.45224,True,18.86741,1.102715,-8.61668,-0.1898287,-0.1244018,0.1179724,0.9667325,-0.2853156,0.3376752,0.8969785,False,-1,-1,0,0,0,-1
2026-08-21 13:05:52.222,35.49658,True,18.86949,1.102174,-8.614763,-0.186635,-0.1230301,0.1150942,0.9678762,-0.281117,0.3329591,0.9000619,False,-1,-1,0,0,0,-1
2026-08-21 13:05:52.255,35.53004,True,18.87105,1.10204,-8.612973,-0.1848514,-0.1221975,0.1123471,0.9686464,-0.2782674,0.3306542,0.9017954,False,-1,-1,0,0,0,-1
2026-08-21 13:05:52.291,35.56456,True,18.87212,1.101817,-8.611341,-0.1841458,-0.1211075,0.110574,0.9691216,-0.2754593,0.3301367,0.9028466,False,-1,-1,0,0,0,-1
2026-08-21 13:05:52.335,35.60868,True,18.87308,1.101513,-8.609397,-0.183522,-0.1204963,0.1087025,0.9695278,-0.2735477,0.3296629,0.9036006,False,-1,-1,0,0,0,-1
2026-08-21 13:05:52.378,35.65239,True,18.87355,1.101317,-8.607769,-0.1840102,-0.1208015,0.1062761,0.9696663,-0.273386,0.3311804,0.9030945,False,-1,-1,0,0,0,-1
2026-08-21 13:05:52.419,35.69281,True,18.87364,1.10119,-8.606911,-0.1844919,-0.1212335,0.1057171,0.9695819,-0.2740995,0.3321271,0.9025304,False,-1,-1,0,0,0,-1
2026-08-21 13:05:52.456,35.73043,True,18.87343,1.101118,-8.606298,-0.1859214,-0.1229586,0.1050556,0.9691634,-0.2773982,0.3345414,0.9006288,False,-1,-1,0,0,0,-1
2026-08-21 13:05:52.500,35.7747,True,18.87304,1.101082,-8.605865,-0.1871907,-0.1251706,0.1043774,0.9687091,-0.2815848,0.3365367,0.8985839,False,-1,-1,0,0,0,-1
2026-08-21 13:05:52.545,35.81849,True,18.87216,1.10118,-8.605889,-0.1892492,-0.1287912,0.1042783,0.9678448,-0.288769,0.3394674,0.8951952,False,-1,-1,0,0,0,-1
2026-08-21 13:05:52.580,35.85358,True,18.87138,1.101207,-8.606097,-0.191,-0.1318817,0.1045268,0.9670576,-0.2950036,0.3418456,0.8922524,False,-1,-1,0,0,0,-1
2026-08-21 13:05:52.623,35.89629,True,18.87039,1.101379,-8.606672,-0.1931577,-0.1351985,0.1047262,0.966149,-0.3017011,0.3449207,0.8888229,False,-1,-1,0,0,0,-1
2026-08-21 13:05:52.655,35.92983,True,18.8697,1.101498,-8.60708,-0.1949221,-0.1373577,0.105213,0.9654369,-0.3062371,0.3474663,0.8862765,False,-1,-1,0,0,0,-1
2026-08-21 13:05:52.700,35.97429,True,18.86901,1.101714,-8.607003,-0.1972038,-0.1397583,0.1060746,0.9645343,-0.3114401,0.3507701,0.8831565,False,-1,-1,0,0,0,-1
2026-08-21 13:05:52.734,36.00777,True,18.86809,1.10185,-8.607992,-0.1986715,-0.1415508,0.1070915,0.9638591,-0.3154221,0.352665,0.880986,False,-1,-1,0,0,0,-1
2026-08-21 13:05:52.778,36.05185,True,18.86699,1.101976,-8.608603,-0.2003349,-0.1434662,0.107396,0.9631975,-0.3194028,0.3551087,0.8785668,False,-1,-1,0,0,0,-1
2026-08-21 13:05:52.812,36.08537,True,18.86607,1.102102,-8.608953,-0.2013134,-0.1451174,0.1071888,0.9627692,-0.3225862,0.3565268,0.8768277,False,-1,-1,0,0,0,-1
2026-08-21 13:05:52.845,36.1191,True,18.86515,1.102478,-8.609125,-0.2032346,-0.1470065,0.1049216,0.9623286,-0.3255846,0.3603086,0.8741695,False,-1,-1,0,0,0,-1
2026-08-21 13:05:52.889,36.16273,True,18.86356,1.102954,-8.609636,-0.2066306,-0.1497737,0.1034418,0.9613384,-0.3307149,0.3662981,0.8697433,False,-1,-1,0,0,0,-1
2026-08-21 13:05:52.930,36.20398,True,18.86239,1.103588,-8.610115,-0.2106939,-0.1507048,0.1016407,0.9605026,-0.3323349,0.3741086,0.8657923,False,-1,-1,0,0,0,-1
2026-08-21 13:05:52.967,36.24112,True,18.86139,1.103828,-8.610661,-0.2129911,-0.1518054,0.1051599,0.9594432,-0.3360937,0.3767781,0.8631797,False,-1,-1,0,0,0,-1
2026-08-21 13:05:53.002,36.27484,True,18.86042,1.104039,-8.611203,-0.215181,-0.1520458,0.1069058,0.9587233,-0.337548,0.380089,0.8611584,False,-1,-1,0,0,0,-1
2026-08-21 13:05:53.045,36.31908,True,18.85904,1.104477,-8.612139,-0.2182888,-0.1529261,0.1099906,0.957531,-0.3408825,0.3843957,0.8579272,False,-1,-1,0,0,0,-1
2026-08-21 13:05:53.089,36.36313,True,18.85772,1.104716,-8.612927,-0.2204283,-0.154198,0.1112331,0.9566931,-0.3440782,0.3874605,0.8552687,False,-1,-1,0,0,0,-1
2026-08-21 13:05:53.122,36.3968,True,18.85684,1.104815,-8.613463,-0.2216226,-0.1546567,0.1121558,0.9562353,-0.3454888,0.3891554,0.8539295,False,-1,-1,0,0,0,-1
2026-08-21 13:05:53.158,36.43172,True,18.85614,1.104794,-8.613874,-0.2219303,-0.1548294,0.1127479,0.9560663,-0.3460988,0.3894466,0.8535496,False,-1,-1,0,0,0,-1
2026-08-21 13:05:53.200,36.4743,True,18.85551,1.104627,-8.614169,-0.2214961,-0.1536015,0.1125549,0.9563877,-0.3436661,0.3890951,0.8546922,False,-1,-1,0,0,0,-1
2026-08-21 13:05:53.234,36.50772,True,18.85519,1.104571,-8.614353,-0.2212554,-0.1532586,0.1124203,0.9565143,-0.3429353,0.3888092,0.8551157,False,-1,-1,0,0,0,-1
2026-08-21 13:05:53.266,36.54105,True,18.85501,1.104528,-8.61447,-0.2211551,-0.153311,0.1124352,0.9565273,-0.3430235,0.3886067,0.8551723,False,-1,-1,0,0,0,-1
2026-08-21 13:05:53.311,36.58544,True,18.85481,1.104239,-8.614538,-0.2197458,-0.1535276,0.1128362,0.9567701,-0.3433718,0.3858455,0.8562821,False,-1,-1,0,0,0,-1
2026-08-21 13:05:53.355,36.62989,True,18.85483,1.104052,-8.614288,-0.2183355,-0.1537326,0.1119101,0.9571688,-0.343164,0.3835594,0.8573918,False,-1,-1,0,0,0,-1
2026-08-21 13:05:53.399,36.67397,True,18.85493,1.103977,-8.613791,-0.2186568,-0.1537468,0.1115136,0.9571394,-0.3430806,0.3842803,0.8571023,False,-1,-1,0,0,0,-1
2026-08-21 13:05:53.444,36.71845,True,18.85501,1.104183,-8.61338,-0.2193424,-0.1544622,0.1116691,0.9568492,-0.3445816,0.3852579,0.8560607,False,-1,-1,0,0,0,-1
2026-08-21 13:05:53.490,36.76356,True,18.85529,1.104174,-8.612995,-0.218822,-0.1545587,0.1114435,0.956979,-0.3445914,0.3843671,0.8564571,False,-1,-1,0,0,0,-1
2026-08-21 13:05:53.533,36.80726,True,18.85573,1.103937,-8.612473,-0.2175653,-0.155123,0.1108048,0.9572484,-0.345197,0.3821514,0.8572044,False,-1,-1,0,0,0,-1
2026-08-21 13:05:53.578,36.85195,True,18.85608,1.103779,-8.612175,-0.2168913,-0.1560796,0.1095424,0.9573911,-0.3463761,0.3811049,0.8571947,False,-1,-1,0,0,0,-1
2026-08-21 13:05:53.612,36.88656,True,18.85641,1.103633,-8.611973,-0.2165076,-0.1566902,0.1085067,0.9574962,-0.3470456,0.3806066,0.8571452,False,-1,-1,0,0,0,-1
2026-08-21 13:05:53.655,36.93003,True,18.85677,1.103534,-8.611848,-0.2158606,-0.1569503,0.1079169,0.9576663,-0.3472021,0.3795696,0.8575416,False,-1,-1,0,0,0,-1
2026-08-21 13:05:53.701,36.97496,True,18.8571,1.103442,-8.6115,-0.2151326,-0.15716,0.1070613,0.9578918,-0.3471492,0.378496,0.8580374,False,-1,-1,0,0,0,-1
2026-08-21 13:05:53.744,37.01867,True,18.85736,1.103174,-8.611119,-0.2135651,-0.1572399,0.1063172,0.9583122,-0.3467811,0.3758894,0.8593311,False,-1,-1,0,0,0,-1
2026-08-21 13:05:53.788,37.06262,True,18.85768,1.102921,-8.610763,-0.2126957,-0.156983,0.1056489,0.9586215,-0.3459167,0.3746191,0.8602338,False,-1,-1,0,0,0,-1
2026-08-21 13:05:53.822,37.09598,True,18.85768,1.102868,-8.610678,-0.2117092,-0.1571575,0.1050401,0.9588782,-0.3458657,0.3729911,0.8609614,False,-1,-1,0,0,0,-1
2026-08-21 13:05:53.855,37.12949,True,18.85787,1.102727,-8.610425,-0.21018,-0.1570991,0.1043354,0.959301,-0.345269,0.3704698,0.8622885,False,-1,-1,0,0,0,-1
2026-08-21 13:05:53.889,37.16331,True,18.85811,1.102812,-8.610016,-0.2090707,-0.1573597,0.1033205,0.9596105,-0.3452106,0.3687358,0.8630548,False,-1,-1,0,0,0,-1
2026-08-21 13:05:53.933,37.20753,True,18.85862,1.102648,-8.60876,-0.2074306,-0.1589225,0.09960875,0.9601012,-0.3464872,0.3666487,0.8634323,False,-1,-1,0,0,0,-1
2026-08-21 13:05:53.978,37.25226,True,18.85918,1.102304,-8.607649,-0.2049781,-0.1599944,0.09533893,0.9608831,-0.3465566,0.3634126,0.8647715,False,-1,-1,0,0,0,-1
2026-08-21 13:05:54.025,37.29783,True,18.86015,1.101778,-8.606483,-0.2020193,-0.1601267,0.09184662,0.9618273,-0.3451381,0.3592011,0.8670953,False,-1,-1,0,0,0,-1
2026-08-21 13:05:54.067,37.34098,True,18.86131,1.101562,-8.605049,-0.2000335,-0.1591352,0.08912686,0.9626625,-0.3420436,0.356763,0.8693252,False,-1,-1,0,0,0,-1
2026-08-21 13:05:54.101,37.37464,True,18.86199,1.10142,-8.604491,-0.1984673,-0.1577517,0.08825648,0.9632943,-0.3389546,0.3545196,0.8714503,False,-1,-1,0,0,0,-1
2026-08-21 13:05:54.135,37.40922,True,18.8628,1.101215,-8.603691,-0.1968607,-0.1564714,0.08765393,0.9638877,-0.3361529,0.3520725,0.8735252,False,-1,-1,0,0,0,-1
2026-08-21 13:05:54.169,37.44265,True,18.86336,1.101069,-8.603087,-0.1953765,-0.155612,0.08693995,0.9643933,-0.3341145,0.3497817,0.8752258,False,-1,-1,0,0,0,-1
2026-08-21 13:05:54.213,37.48626,True,18.86399,1.100801,-8.602463,-0.1936302,-0.1548988,0.08604918,0.96494,-0.3322596,0.3470252,0.8770274,False,-1,-1,0,0,0,-1
2026-08-21 13:05:54.247,37.52,True,18.86471,1.100316,-8.60198,-0.1899953,-0.1529946,0.08502429,0.9660566,-0.3279113,0.341076,0.8809888,False,-1,-1,0,0,0,-1
2026-08-21 13:05:54.280,37.55405,True,18.86559,1.099688,-8.601475,-0.1856007,-0.1504086,0.08337085,0.96746,-0.3219761,0.3340431,0.8858593,False,-1,-1,0,0,0,-1
2026-08-21 13:05:54.324,37.59727,True,18.8671,1.098546,-8.601108,-0.1760227,-0.1461076,0.08311782,0.9699278,-0.312689,0.3171704,0.8953371,False,-1,-1,0,0,0,-1
2026-08-21 13:05:54.368,37.64175,True,18.86861,1.097301,-8.601258,-0.1664458,-0.1411277,0.08210772,0.9724388,-0.3018091,0.3005413,0.9047576,True,0.1000826,0.9757275,16.43305,3.522624,-1.3,8.06985
2026-08-21 13:05:54.402,37.6758,True,18.86952,1.096698,-8.601543,-0.1618638,-0.1380688,0.0818415,0.973673,-0.295362,0.2926054,0.9094743,True,0.1107403,0.9534856,16.49826,3.445825,-1.3,8.028313
2026-08-21 13:05:54.447,37.72074,True,18.87024,1.096308,-8.602145,-0.1586724,-0.1359396,0.08047272,0.9746115,-0.2905142,0.2874091,0.9126869,True,0.1185283,0.9389932,16.54592,3.395785,-1.3,8.000711
2026-08-21 13:05:54.492,37.76442,True,18.87008,1.097084,-8.602885,-0.1640763,-0.1365478,0.07907432,0.9737458,-0.2918741,0.2979423,0.9088674,True,0.1150821,0.9665964,16.52483,3.491095,-1.3,8.035151
2026-08-21 13:05:54.537,37.80971,True,18.86925,1.097857,-8.603328,-0.1690187,-0.1362981,0.08190349,0.9727011,-0.2928411,0.3064828,0.905711,True,0.1123131,0.9892237,16.50789,3.569224,-1.3,8.063641
2026-08-21 13:05:54.579,37.85308,True,18.86841,1.097688,-8.603801,-0.1676427,-0.1368086,0.0840283,0.9726863,-0.2943171,0.3031359,0.9063587,True,0.1104829,0.9808986,16.49669,3.540479,-1.3,8.0584
2026-08-21 13:05:54.623,37.89741,True,18.86753,1.097467,-8.604167,-0.1665272,-0.1371873,0.08597397,0.9726545,-0.2955057,0.3003577,0.9068967,True,0.1089849,0.97397,16.48752,3.516555,-1.3,8.054023
2026-08-21 13:05:54.659,37.93203,True,18.86683,1.097177,-8.604237,-0.1655698,-0.1374619,0.08862484,0.9725413,-0.2967219,0.2976819,0.9073817,True,0.1074746,0.96728,16.47828,3.493455,-1.3,8.049795
2026-08-21 13:05:54.702,37.97579,True,18.86586,1.095907,-8.603945,-0.1603522,-0.1386554,0.09392831,0.9727483,-0.2998769,0.2859173,0.9101237,True,0.1043692,0.93745,16.45928,3.390457,-1.3,8.025222
2026-08-21 13:05:54.736,38.00948,True,18.86502,1.094031,-8.603945,-0.1524107,-0.138902,0.1006659,0.9733158,-0.3010761,0.2687221,0.9149544,True,0.1047444,0.8936439,16.46158,3.2392,-1.3,7.98285
2026-08-21 13:05:54.778,38.05246,True,18.86482,1.088514,-8.604426,-0.1241172,-0.1380779,0.1177197,0.9755365,-0.2986222,0.2096528,0.9310588,True,0.1146262,0.7471285,16.52204,2.733302,-1.3,7.845291
2026-08-21 13:05:54.813,38.08675,True,18.86596,1.081608,-8.604803,-0.08921649,-0.130164,0.1339117,0.9783483,-0.2785857,0.1397086,0.9501955,True,0.1476797,0.5798305,16.72428,2.155644,-1.3,7.687685
2026-08-21 13:05:54.857,38.13093,True,18.86894,1.070178,-8.60662,-0.02469786,-0.1273883,0.1150984,0.9848424,-0.2566001,0.01932264,0.9663245,True,0.1810926,0.3077773,16.92872,1.216281,-1.3,7.561249
2026-08-21 13:05:54.901,38.17377,True,18.872,1.061349,-8.608385,0.01849263,-0.1155885,0.1115162,0.9868442,-0.2240112,-0.06227865,0.9725947,True,0.2235836,0.1273726,17.18871,0.5933673,-1.3,7.514317
2026-08-21 13:05:54.936,38.21037,True,18.87455,1.054209,-8.61035,0.05514684,-0.1159926,0.09232324,0.9874113,-0.2188821,-0.1303228,0.9670091,False,-1,-1,0,0,0,-1
2026-08-21 13:05:54.980,38.25343,True,18.87762,1.053882,-8.611372,0.06705925,-0.1129453,0.06775296,0.9890177,-0.2143228,-0.1479503,0.9654928,False,-1,-1,0,0,0,-1
2026-08-21 13:05:55.015,38.28818,True,18.87995,1.055074,-8.612216,0.0697817,-0.1121627,0.06166422,0.9893168,-0.2133228,-0.1519053,0.9651001,False,-1,-1,0,0,0,-1
2026-08-21 13:05:55.062,38.33506,True,18.88463,1.056245,-8.614312,0.08662353,-0.1099804,0.05939201,0.988369,-0.207113,-0.1842959,0.9608014,False,-1,-1,0,0,0,-1
2026-08-21 13:05:55.096,38.36992,True,18.88848,1.054482,-8.616385,0.1059658,-0.1075056,0.05316418,0.9871107,-0.2009726,-0.2206308,0.9544276,False,-1,-1,0,0,0,-1
2026-08-21 13:05:55.136,38.40906,True,18.89284,1.052665,-8.618137,0.1379936,-0.103815,0.04208296,0.9840779,-0.1927097,-0.2803305,0.9403604,False,-1,-1,0,0,0,-1
2026-08-21 13:05:55.170,38.44242,True,18.89695,1.051859,-8.618746,0.1664047,-0.1011716,0.0316595,0.9803425,-0.187829,-0.3326733,0.9241475,False,-1,-1,0,0,0,-1
2026-08-21 13:05:55.203,38.47688,True,18.90066,1.051654,-8.617886,0.1918779,-0.09923565,0.02554802,0.9760545,-0.1839146,-0.3796371,0.9066703,False,-1,-1,0,0,0,-1
2026-08-21 13:05:55.246,38.52008,True,18.90417,1.05301,-8.613932,0.2282227,-0.09958631,0.01727679,0.9683483,-0.1849826,-0.4454392,0.8759939,False,-1,-1,0,0,0,-1
2026-08-21 13:05:55.290,38.56449,True,18.90708,1.055223,-8.609179,0.2638783,-0.09674925,0.01408429,0.9595882,-0.1782458,-0.5091543,0.8420157,False,-1,-1,0,0,0,-1
2026-08-21 13:05:55.324,38.59795,True,18.90971,1.055806,-8.605049,0.2935935,-0.09180664,0.008209404,0.9514762,-0.1698832,-0.5602019,0.8107488,False,-1,-1,0,0,0,-1
2026-08-21 13:05:55.369,38.64295,True,18.91234,1.056516,-8.59774,0.3372228,-0.08951827,-0.004757721,0.9371471,-0.1709924,-0.6312029,0.7565345,False,-1,-1,0,0,0,-1
2026-08-21 13:05:55.405,38.67671,True,18.9145,1.05939,-8.590469,0.3668347,-0.08733335,-0.003111688,0.9261726,-0.1640545,-0.678961,0.7156103,False,-1,-1,0,0,0,-1
2026-08-21 13:05:55.440,38.71216,True,18.9157,1.060694,-8.587267,0.3889411,-0.08114941,-0.004970028,0.9176682,-0.1528026,-0.7130311,0.6842792,False,-1,-1,0,0,0,-1
2026-08-21 13:05:55.477,38.74961,True,18.91734,1.060763,-8.581527,0.4226502,-0.08656135,-0.01143023,0.9020772,-0.165832,-0.7605475,0.6277478,False,-1,-1,0,0,0,-1
2026-08-21 13:05:55.517,38.79044,True,18.91781,1.061519,-8.575915,0.4360033,-0.09049536,-0.0111683,0.8953139,-0.1717823,-0.7786983,0.6034234,False,-1,-1,0,0,0,-1
2026-08-21 13:05:55.559,38.83146,True,18.91781,1.061517,-8.566613,0.4363715,-0.1035491,-0.01181305,0.8937103,-0.1953955,-0.7775329,0.597715,False,-1,-1,0,0,0,-1
2026-08-21 13:05:55.594,38.86638,True,18.91726,1.062308,-8.557499,0.4235413,-0.1252894,-0.003954406,0.897162,-0.2281594,-0.7589796,0.6098306,False,-1,-1,0,0,0,-1
2026-08-21 13:05:55.637,38.91002,True,18.91491,1.066606,-8.542354,0.3951995,-0.1622606,-0.008471273,0.9041112,-0.3000989,-0.7118595,0.6349778,False,-1,-1,0,0,0,-1
2026-08-21 13:05:55.670,38.9441,True,18.90775,1.074134,-8.530583,0.3623077,-0.1872225,0.06902982,0.9104481,-0.2908927,-0.6855726,0.6673617,False,-1,-1,0,0,0,-1
2026-08-21 13:05:55.713,38.98649,True,18.90003,1.08079,-8.519654,0.3345445,-0.222259,0.1027046,0.910018,-0.3358008,-0.654537,0.6773618,False,-1,-1,0,0,0,-1
2026-08-21 13:05:55.750,39.02245,True,18.88449,1.091655,-8.506286,0.2986862,-0.2672845,0.1504617,0.9037183,-0.3932182,-0.6202886,0.678691,False,-1,-1,0,0,0,-1
2026-08-21 13:05:55.792,39.06551,True,18.87009,1.100466,-8.497592,0.2760615,-0.2916957,0.1704137,0.8998128,-0.4308536,-0.5962251,0.6774074,False,-1,-1,0,0,0,-1
2026-08-21 13:05:55.836,39.10938,True,18.85515,1.10873,-8.488127,0.2586809,-0.3047099,0.2063924,0.893106,-0.4374969,-0.5878385,0.6804723,False,-1,-1,0,0,0,-1
2026-08-21 13:05:55.869,39.14306,True,18.8438,1.113983,-8.48242,0.2501264,-0.3102828,0.2295706,0.887952,-0.4361891,-0.5866641,0.6823227,False,-1,-1,0,0,0,-1
2026-08-21 13:05:55.913,39.18695,True,18.8297,1.119385,-8.475815,0.2457715,-0.3031226,0.2544468,0.8848559,-0.411368,-0.5892019,0.6954262,False,-1,-1,0,0,0,-1
2026-08-21 13:05:55.947,39.22051,True,18.82089,1.122045,-8.471873,0.2435473,-0.2943477,0.2671519,0.8846886,-0.3906839,-0.5881982,0.7080882,False,-1,-1,0,0,0,-1
2026-08-21 13:05:55.991,39.26467,True,18.80974,1.123859,-8.467983,0.2676646,-0.2671062,0.2687629,0.8858761,-0.3293694,-0.6178117,0.71402,False,-1,-1,0,0,0,-1
2026-08-21 13:05:56.035,39.30921,True,18.79911,1.125861,-8.466758,0.2911836,-0.244092,0.2725843,0.8839282,-0.2727755,-0.647842,0.7112624,False,-1,-1,0,0,0,-1
2026-08-21 13:05:56.079,39.35324,True,18.78845,1.129045,-8.468492,0.3155656,-0.2069783,0.2787745,0.8830987,-0.1896213,-0.6727516,0.7151567,False,-1,-1,0,0,0,-1
2026-08-21 13:05:56.114,39.38689,True,18.78068,1.13127,-8.470083,0.3356958,-0.1767147,0.279246,0.8821008,-0.124277,-0.6909289,0.7121605,False,-1,-1,0,0,0,-1
2026-08-21 13:05:56.157,39.43114,True,18.77219,1.132922,-8.471578,0.3620504,-0.1398668,0.2785692,0.8784965,-0.04403287,-0.7140452,0.6987136,False,-1,-1,0,0,0,-1
2026-08-21 13:05:56.202,39.4752,True,18.76373,1.134407,-8.472856,0.3856131,-0.1031683,0.2716334,0.8757135,0.028799,-0.7314211,0.6813177,False,-1,-1,0,0,0,-1
2026-08-21 13:05:56.236,39.50941,True,18.75697,1.13594,-8.474695,0.4001923,-0.06804163,0.2671827,0.8739736,0.09491572,-0.7358741,0.670433,False,-1,-1,0,0,0,-1
2026-08-21 13:05:56.279,39.5527,True,18.74782,1.13833,-8.477092,0.4145283,-0.01972515,0.2608845,0.8716171,0.1819024,-0.732912,0.6555544,False,-1,-1,0,0,0,-1
2026-08-21 13:05:56.324,39.5977,True,18.73724,1.141006,-8.480176,0.4244735,0.02732189,0.2631717,0.8659194,0.2707359,-0.720739,0.6381515,False,-1,-1,0,0,0,-1
2026-08-21 13:05:56.368,39.64141,True,18.7261,1.14424,-8.482773,0.4358818,0.08250917,0.2586604,0.8580758,0.367089,-0.7053556,0.6063985,False,-1,-1,0,0,0,-1
2026-08-21 13:05:56.402,39.67553,True,18.71848,1.145763,-8.484589,0.4405512,0.1173074,0.2637294,0.8500591,0.431809,-0.6871144,0.5843072,False,-1,-1,0,0,0,-1
2026-08-21 13:05:56.446,39.72002,True,18.70982,1.14695,-8.487549,0.4529088,0.1692168,0.2558757,0.8371182,0.5150858,-0.6716796,0.5324785,False,-1,-1,0,0,0,-1
2026-08-21 13:05:56.480,39.75352,True,18.70387,1.147779,-8.490217,0.4641068,0.2187056,0.243633,0.8230527,0.586156,-0.6574008,0.4735455,False,-1,-1,0,0,0,-1
2026-08-21 13:05:56.523,39.79725,True,18.69473,1.148335,-8.494544,0.4820859,0.2853577,0.2200505,0.7985875,0.6679326,-0.6443893,0.3723285,False,-1,-1,0,0,0,-1
2026-08-21 13:05:56.568,39.84157,True,18.68408,1.148362,-8.497186,0.5065498,0.3440394,0.1809005,0.7696227,0.7128314,-0.6552306,0.2500884,False,-1,-1,0,0,0,-1
2026-08-21 13:05:56.612,39.88531,True,18.67268,1.148311,-8.496524,0.5237822,0.3906626,0.1710098,0.7374216,0.7553099,-0.6388823,0.1460698,False,-1,-1,0,0,0,-1
2026-08-21 13:05:56.644,39.91896,True,18.66623,1.148129,-8.494176,0.5337468,0.417275,0.1549183,0.7190245,0.7654362,-0.638267,0.08199194,False,-1,-1,0,0,0,-1
2026-08-21 13:05:56.678,39.95238,True,18.66059,1.146914,-8.490485,0.5447495,0.4385023,0.1317281,0.7025748,0.759679,-0.6499285,0.02192745,False,-1,-1,0,0,0,-1
2026-08-21 13:05:56.712,39.98584,True,18.65605,1.146687,-8.484825,0.5496359,0.4567062,0.12939,0.6874431,0.7701538,-0.6375005,-0.02136051,False,-1,-1,0,0,0,-1
2026-08-21 13:05:56.745,40.01938,True,18.65287,1.146729,-8.477578,0.5605977,0.4710524,0.1097969,0.6721492,0.7563388,-0.6501703,-0.0723202,False,-1,-1,0,0,0,-1
2026-08-21 13:05:56.789,40.06337,True,18.65114,1.1458,-8.465385,0.5757774,0.4766525,0.1039802,0.6561028,0.745205,-0.6564135,-0.1174344,False,-1,-1,0,0,0,-1
2026-08-21 13:05:56.823,40.0973,True,18.6517,1.144346,-8.45659,0.5859838,0.474416,0.1025262,0.6488766,0.7358323,-0.6631823,-0.1368951,False,-1,-1,0,0,0,-1
2026-08-21 13:05:56.867,40.14064,True,18.65305,1.142937,-8.445894,0.5974546,0.4708979,0.1035795,0.6407608,0.7272339,-0.6681004,-0.1573937,False,-1,-1,0,0,0,-1
2026-08-21 13:05:56.900,40.17435,True,18.65432,1.14276,-8.437702,0.605926,0.4697118,0.1086646,0.6327847,0.7261383,-0.6647594,-0.175551,False,-1,-1,0,0,0,-1
2026-08-21 13:05:56.944,40.21852,True,18.65541,1.141615,-8.428423,0.6107427,0.4744929,0.1152786,0.6233463,0.732358,-0.6520107,-0.1963004,False,-1,-1,0,0,0,-1
2026-08-21 13:05:56.977,40.25193,True,18.65634,1.14094,-8.421704,0.6154976,0.4772239,0.1201737,0.6156121,0.735503,-0.6431161,-0.2131599,False,-1,-1,0,0,0,-1
2026-08-21 13:05:57.012,40.28553,True,18.65692,1.140203,-8.416555,0.6168154,0.484177,0.1215402,0.6085551,0.7392326,-0.6330384,-0.2297772,False,-1,-1,0,0,0,-1
2026-08-21 13:05:57.056,40.32969,True,18.65644,1.139618,-8.412035,0.619521,0.4915987,0.1217267,0.5997559,0.7405028,-0.6234413,-0.250951,False,-1,-1,0,0,0,-1
2026-08-21 13:05:57.089,40.36342,True,18.65633,1.139408,-8.408527,0.6196752,0.4995635,0.1228095,0.5927536,0.7444401,-0.6119272,-0.2671219,False,-1,-1,0,0,0,-1
2026-08-21 13:05:57.122,40.39696,True,18.65527,1.138542,-8.405852,0.621943,0.5026652,0.1225401,0.5877913,0.7433503,-0.6079521,-0.2789707,False,-1,-1,0,0,0,-1
2026-08-21 13:05:57.167,40.44126,True,18.65338,1.137155,-8.403087,0.6237355,0.5060477,0.1193943,0.583622,0.7396222,-0.6072132,-0.2902607,False,-1,-1,0,0,0,-1
2026-08-21 13:05:57.200,40.47461,True,18.65273,1.136765,-8.40263,0.6217543,0.5076824,0.1148824,0.5852199,0.7370688,-0.6110783,-0.2886398,False,-1,-1,0,0,0,-1
2026-08-21 13:05:57.245,40.51919,True,18.65294,1.135566,-8.403593,0.612484,0.5148901,0.1060317,0.5903464,0.7378125,-0.613966,-0.2804969,False,-1,-1,0,0,0,-1
2026-08-21 13:05:57.279,40.55308,True,18.65399,1.135922,-8.406423,0.6022958,0.5241303,0.09629237,0.5943526,0.7390293,-0.6150126,-0.2749456,False,-1,-1,0,0,0,-1
2026-08-21 13:05:57.313,40.58654,True,18.65558,1.136565,-8.409983,0.5931355,0.5305652,0.08757746,0.5991837,0.7397026,-0.6178631,-0.2666182,False,-1,-1,0,0,0,-1
2026-08-21 13:05:57.357,40.6306,True,18.65855,1.137145,-8.415304,0.584954,0.5314783,0.08031625,0.6073788,0.73958,-0.6252046,-0.2492807,False,-1,-1,0,0,0,-1
2026-08-21 13:05:57.391,40.66411,True,18.6606,1.138095,-8.418872,0.5825934,0.5256769,0.07692572,0.6150863,0.7363062,-0.6358142,-0.2315025,False,-1,-1,0,0,0,-1
2026-08-21 13:05:57.424,40.69798,True,18.66293,1.138991,-8.421869,0.5845824,0.5140179,0.07770935,0.6229048,0.7312234,-0.6483903,-0.2119018,False,-1,-1,0,0,0,-1
2026-08-21 13:05:57.460,40.73439,True,18.66532,1.139903,-8.424481,0.5884307,0.4977736,0.08525792,0.6314284,0.7289535,-0.6582255,-0.1880585,False,-1,-1,0,0,0,-1
2026-08-21 13:05:57.502,40.77563,True,18.66851,1.140635,-8.427986,0.5930395,0.4730464,0.09835009,0.6440952,0.7260247,-0.6708994,-0.1509373,False,-1,-1,0,0,0,-1
2026-08-21 13:05:57.544,40.81742,True,18.6712,1.141168,-8.431437,0.5943496,0.4511609,0.1041251,0.6575412,0.7170871,-0.6876643,-0.1135951,False,-1,-1,0,0,0,-1
2026-08-21 13:05:57.582,40.85553,True,18.67302,1.141641,-8.434793,0.5916303,0.4307388,0.1159793,0.6715552,0.7157636,-0.6947113,-0.07112482,False,-1,-1,0,0,0,-1
2026-08-21 13:05:57.625,40.89949,True,18.6742,1.142249,-8.438796,0.5812298,0.413272,0.130743,0.6886832,0.7212104,-0.6925015,-0.01724362,False,-1,-1,0,0,0,-1
2026-08-21 13:05:57.669,40.94247,True,18.67616,1.143008,-8.443563,0.5676131,0.3961038,0.1426907,0.7075002,0.7224733,-0.6901321,0.04183429,False,-1,-1,0,0,0,-1
2026-08-21 13:05:57.703,40.97684,True,18.6778,1.143774,-8.446962,0.5598606,0.3813846,0.1505201,0.7200317,0.7177585,-0.6914226,0.08220389,False,-1,-1,0,0,0,-1
2026-08-21 13:05:57.745,41.02011,True,18.68052,1.144727,-8.452135,0.5510619,0.3547192,0.1646446,0.7371548,0.7044247,-0.6956306,0.1410102,False,-1,-1,0,0,0,-1
2026-08-21 13:05:57.789,41.06356,True,18.68252,1.145416,-8.456702,0.5454853,0.3281796,0.1755822,0.7509426,0.6844431,-0.7040114,0.1894879,False,-1,-1,0,0,0,-1
2026-08-21 13:05:57.824,41.0972,True,18.68353,1.146041,-8.460002,0.5376657,0.3061651,0.1983308,0.7601601,0.6787403,-0.6959801,0.234357,False,-1,-1,0,0,0,-1
2026-08-21 13:05:57.857,41.13115,True,18.68428,1.14668,-8.463819,0.5305167,0.2805691,0.2168211,0.7699491,0.6621022,-0.6952751,0.2796661,False,-1,-1,0,0,0,-1
2026-08-21 13:05:57.902,41.17556,True,18.68527,1.14712,-8.467981,0.5172552,0.2530252,0.2444002,0.7801884,0.6476492,-0.6834341,0.3368506,False,-1,-1,0,0,0,-1
2026-08-21 13:05:57.946,41.22021,True,18.68566,1.147343,-8.473811,0.5142713,0.2321764,0.2493471,0.7870484,0.6219323,-0.6937277,0.3632384,False,-1,-1,0,0,0,-1
2026-08-21 13:05:57.990,41.26407,True,18.68493,1.14655,-8.482824,0.5217418,0.2151684,0.2534985,0.7856377,0.6026103,-0.7107103,0.3629761,False,-1,-1,0,0,0,-1
2026-08-21 13:05:58.025,41.29813,True,18.68411,1.145979,-8.488886,0.5274249,0.2067326,0.256823,0.783024,0.5946629,-0.7197852,0.3581693,False,-1,-1,0,0,0,-1
2026-08-21 13:05:58.068,41.34195,True,18.6832,1.144703,-8.498225,0.5345109,0.2096901,0.248729,0.7800398,0.59303,-0.7295675,0.3406563,False,-1,-1,0,0,0,-1
2026-08-21 13:05:58.113,41.38678,True,18.68284,1.14402,-8.505148,0.5380053,0.2137732,0.238443,0.7797412,0.5899427,-0.7370644,0.3297027,False,-1,-1,0,0,0,-1
2026-08-21 13:05:58.159,41.43166,True,18.6833,1.143467,-8.508973,0.5391111,0.2152438,0.2325828,0.7803426,0.5867037,-0.7412587,0.3260587,False,-1,-1,0,0,0,-1
2026-08-21 13:05:58.202,41.47523,True,18.68398,1.144028,-8.510589,0.5362509,0.2152322,0.234684,0.7816864,0.5881871,-0.7373369,0.3322202,False,-1,-1,0,0,0,-1
2026-08-21 13:05:58.235,41.50887,True,18.68419,1.144364,-8.51075,0.5321552,0.2149335,0.2402662,0.7828708,0.592248,-0.7299351,0.3412289,False,-1,-1,0,0,0,-1
2026-08-21 13:05:58.268,41.54239,True,18.68397,1.145467,-8.509745,0.529439,0.2081502,0.2482623,0.7840495,0.5892797,-0.7268611,0.3527356,False,-1,-1,0,0,0,-1
2026-08-21 13:05:58.301,41.57578,True,18.68341,1.145956,-8.508099,0.5273756,0.1992829,0.2548623,0.7856249,0.5819396,-0.7270594,0.3643227,False,-1,-1,0,0,0,-1
2026-08-21 13:05:58.346,41.62006,True,18.6821,1.145987,-8.505746,0.5231482,0.1864317,0.2667261,0.7876651,0.5727661,-0.7246788,0.3831183,False,-1,-1,0,0,0,-1
2026-08-21 13:05:58.380,41.65355,True,18.68121,1.145919,-8.506144,0.5186593,0.1781144,0.2778045,0.7887284,0.5691397,-0.7192006,0.3985356,False,-1,-1,0,0,0,-1
2026-08-21 13:05:58.423,41.69754,True,18.68073,1.14559,-8.512084,0.5158033,0.1802869,0.2774875,0.7902179,0.5711898,-0.7151393,0.4028872,False,-1,-1,0,0,0,-1
2026-08-21 13:05:58.458,41.73139,True,18.6813,1.145507,-8.518017,0.5116391,0.1898157,0.2749911,0.7915651,0.5818954,-0.705596,0.404391,False,-1,-1,0,0,0,-1
2026-08-21 13:05:58.503,41.77625,True,18.68331,1.145909,-8.530481,0.5132552,0.2042017,0.2458276,0.7965171,0.577645,-0.7172363,0.3897415,False,-1,-1,0,0,0,-1
2026-08-21 13:05:58.538,41.80996,True,18.68354,1.145141,-8.537025,0.5138244,0.202042,0.2295907,0.8015308,0.5598244,-0.7309182,0.3903269,False,-1,-1,0,0,0,-1
2026-08-21 13:05:58.571,41.84413,True,18.68235,1.145564,-8.541058,0.516843,0.1837821,0.2178449,0.807243,0.5218968,-0.7543636,0.3981949,False,-1,-1,0,0,0,-1
2026-08-21 13:05:58.616,41.88814,True,18.67649,1.145818,-8.543971,0.5233169,0.131166,0.2274261,0.8106863,0.4507008,-0.7888306,0.4178697,False,-1,-1,0,0,0,-1
2026-08-21 13:05:58.651,41.92355,True,18.66772,1.14483,-8.546281,0.5239266,0.07133538,0.2503638,0.8110057,0.3780513,-0.8140953,0.4408245,False,-1,-1,0,0,0,-1
2026-08-21 13:05:58.685,41.9587,True,18.65561,1.141101,-8.550484,0.5119393,0.005782403,0.2791697,0.8123724,0.2952309,-0.8285423,0.4757693,False,-1,-1,0,0,0,-1
2026-08-21 13:05:58.723,41.99551,True,18.64137,1.133025,-8.55606,0.4975869,-0.05481282,0.2930479,0.814571,0.2023357,-0.8427652,0.4988057,False,-1,-1,0,0,0,-1
2026-08-21 13:05:58.765,42.03833,True,18.62325,1.118327,-8.565909,0.4604327,-0.1504497,0.3279051,0.8110764,0.05790406,-0.8455586,0.5307333,False,-1,-1,0,0,0,-1
2026-08-21 13:05:58.802,42.07571,True,18.60365,1.103042,-8.576376,0.4212313,-0.2437533,0.3563013,0.7976202,-0.08867458,-0.8456644,0.5262971,False,-1,-1,0,0,0,-1
2026-08-21 13:05:58.836,42.10989,True,18.58512,1.089108,-8.586664,0.40344,-0.3215185,0.3623255,0.7762617,-0.2068117,-0.8593388,0.4677241,False,-1,-1,0,0,0,-1
2026-08-21 13:05:58.879,42.15358,True,18.56472,1.07498,-8.599294,0.3563179,-0.397579,0.3993018,0.7453365,-0.3081034,-0.8486615,0.429937,False,-1,-1,0,0,0,-1
2026-08-21 13:05:58.916,42.18844,True,18.54571,1.062511,-8.611446,0.2713583,-0.4548185,0.4651096,0.7093503,-0.3928286,-0.8080571,0.4390097,False,-1,-1,0,0,0,-1
2026-08-21 13:05:58.958,42.2314,True,18.52055,1.045706,-8.628653,0.1917433,-0.527007,0.5064879,0.6549566,-0.4961021,-0.7850124,0.3709963,False,-1,-1,0,0,0,-1
2026-08-21 13:05:59.002,42.27563,True,18.50026,1.030579,-8.644937,0.1446863,-0.5715549,0.5210181,0.6171962,-0.5547546,-0.7741804,0.3047817,False,-1,-1,0,0,0,-1
2026-08-21 13:05:59.046,42.31934,True,18.48418,1.01836,-8.656556,0.1058548,-0.605244,0.5313678,0.5832005,-0.5934615,-0.7666835,0.244949,False,-1,-1,0,0,0,-1
2026-08-21 13:05:59.080,42.35433,True,18.47204,1.008441,-8.665434,0.08524124,-0.6233143,0.5356032,0.5633317,-0.6109543,-0.7637363,0.2084263,False,-1,-1,0,0,0,-1
2026-08-21 13:05:59.124,42.3972,True,18.45636,0.9964224,-8.671686,0.05840938,-0.6431838,0.5339673,0.5456941,-0.6395857,-0.7506253,0.165806,False,-1,-1,0,0,0,-1
2026-08-21 13:05:59.156,42.43071,True,18.44335,0.9856441,-8.671963,0.05270758,-0.6556609,0.5313421,0.5338598,-0.6440505,-0.7530373,0.1346615,False,-1,-1,0,0,0,-1
2026-08-21 13:05:59.191,42.46421,True,18.43046,0.9747787,-8.669768,0.05710833,-0.679932,0.5204583,0.5133754,-0.6386756,-0.7663885,0.06886224,False,-1,-1,0,0,0,-1
2026-08-21 13:05:59.235,42.50827,True,18.41407,0.9604684,-8.667238,0.05586492,-0.7068801,0.5051559,0.4919524,-0.6390617,-0.7691351,-0.005600729,False,-1,-1,0,0,0,-1
2026-08-21 13:05:59.268,42.54166,True,18.40336,0.9489592,-8.665568,0.05493626,-0.7223324,0.5021784,0.4722655,-0.6270898,-0.7773685,-0.04956418,False,-1,-1,0,0,0,-1
2026-08-21 13:05:59.302,42.57557,True,18.39285,0.9383584,-8.663799,0.04024725,-0.7482023,0.4928094,0.4423939,-0.6223319,-0.7730526,-0.122853,False,-1,-1,0,0,0,-1
2026-08-21 13:05:59.345,42.61901,True,18.37944,0.9235941,-8.661302,0.01364993,-0.7821649,0.4848609,0.3910776,-0.5985376,-0.7691587,-0.2239365,False,-1,-1,0,0,0,-1
2026-08-21 13:05:59.378,42.65252,True,18.36994,0.9126018,-8.658138,-0.006831557,-0.8104046,0.4656997,0.3554173,-0.5824266,-0.7499543,-0.3136046,False,-1,-1,0,0,0,-1
2026-08-21 13:05:59.412,42.68592,True,18.36413,0.9010974,-8.652734,-0.0064791,-0.8295879,0.452112,0.3276228,-0.5494424,-0.7458878,-0.3765162,False,-1,-1,0,0,0,-1
2026-08-21 13:05:59.448,42.72066,True,18.3596,0.8904489,-8.647059,-0.006096435,-0.8524984,0.4252519,0.3039245,-0.5233755,-0.7213475,-0.4535814,False,-1,-1,0,0,0,-1
2026-08-21 13:05:59.492,42.76482,True,18.35008,0.8778818,-8.640091,-0.008511992,-0.8752725,0.4035048,0.266476,-0.4733476,-0.7018168,-0.5323489,False,-1,-1,0,0,0,-1
2026-08-21 13:05:59.535,42.8087,True,18.34231,0.8674811,-8.635684,-0.01233688,-0.891076,0.3914866,0.2292808,-0.4182726,-0.6920313,-0.5883372,False,-1,-1,0,0,0,-1
2026-08-21 13:05:59.568,42.84262,True,18.33426,0.8584785,-8.632943,-0.01421113,-0.8956236,0.3886709,0.2158505,-0.3976886,-0.6900706,-0.604687,False,-1,-1,0,0,0,-1
2026-08-21 13:05:59.613,42.88704,True,18.32286,0.8473694,-8.630672,0.002392338,-0.9022168,0.382508,0.1992154,-0.3576408,-0.6911635,-0.6280017,False,-1,-1,0,0,0,-1
2026-08-21 13:05:59.657,42.93011,True,18.31079,0.837176,-8.631262,0.01826273,-0.905232,0.3864295,0.1757666,-0.3041045,-0.7060365,-0.6395568,False,-1,-1,0,0,0,-1
2026-08-21 13:05:59.691,42.96487,True,18.30143,0.8302147,-8.633646,0.03936368,-0.9057663,0.387826,0.1662195,-0.2705795,-0.7156454,-0.6439242,False,-1,-1,0,0,0,-1
2026-08-21 13:05:59.737,43.00955,True,18.2931,0.8258861,-8.638083,0.0511568,-0.9089013,0.3870141,0.1466341,-0.2269551,-0.7185178,-0.6574371,False,-1,-1,0,0,0,-1
2026-08-21 13:05:59.780,43.05384,True,18.28391,0.8220507,-8.64345,0.05087103,-0.9135715,0.3850467,0.1205749,-0.1811321,-0.7158028,-0.6744016,False,-1,-1,0,0,0,-1
2026-08-21 13:05:59.824,43.09746,True,18.27554,0.8170936,-8.647757,0.04994706,-0.9267855,0.3570321,0.1053662,-0.1596384,-0.6723098,-0.7228521,False,-1,-1,0,0,0,-1
2026-08-21 13:05:59.858,43.13105,True,18.26957,0.8125781,-8.650046,0.04562318,-0.9329032,0.3445636,0.09426568,-0.1444413,-0.6514904,-0.7447798,False,-1,-1,0,0,0,-1
2026-08-21 13:05:59.890,43.16447,True,18.26476,0.808952,-8.651621,0.05067201,-0.9397881,0.3276459,0.08293882,-0.1226849,-0.6242408,-0.7715387,False,-1,-1,0,0,0,-1
2026-08-21 13:05:59.935,43.20846,True,18.25903,0.8038098,-8.653813,0.05053554,-0.9513982,0.2966447,0.06549451,-0.09464052,-0.5710741,-0.8154248,False,-1,-1,0,0,0,-1
2026-08-21 13:05:59.970,43.24342,True,18.25559,0.8004028,-8.653844,0.04370195,-0.9594108,0.2730241,0.05548878,-0.0826097,-0.5287343,-0.8447578,False,-1,-1,0,0,0,-1
2026-08-21 13:06:00.014,43.28672,True,18.25295,0.7972775,-8.650301,0.04216504,-0.9678811,0.243058,0.04848831,-0.07336473,-0.4745916,-0.8771434,False,-1,-1,0,0,0,-1
2026-08-21 13:06:00.050,43.32281,True,18.25139,0.7943837,-8.646587,0.03959312,-0.9722589,0.2256977,0.04696381,-0.07344981,-0.442592,-0.8937099,False,-1,-1,0,0,0,-1
2026-08-21 13:06:00.088,43.36086,True,18.24873,0.789813,-8.641359,0.0422909,-0.9772469,0.20237,0.0473945,-0.07551546,-0.3995396,-0.9136003,False,-1,-1,0,0,0,-1
2026-08-21 13:06:00.131,43.40317,True,18.24496,0.7826862,-8.633829,0.04800791,-0.9803039,0.1847151,0.05079285,-0.08184928,-0.3670307,-0.9266009,False,-1,-1,0,0,0,-1
2026-08-21 13:06:00.167,43.43948,True,18.24382,0.776544,-8.627134,0.06152909,-0.9809762,0.1759844,0.05412275,-0.08452995,-0.3519333,-0.9322004,False,-1,-1,0,0,0,-1
2026-08-21 13:06:00.208,43.47972,True,18.24351,0.7725706,-8.619701,0.0797351,-0.9807494,0.1688039,0.05725601,-0.08538841,-0.3402392,-0.936454,False,-1,-1,0,0,0,-1
2026-08-21 13:06:00.249,43.5229,True,18.24418,0.7701856,-8.611187,0.08871551,-0.9827874,0.1535834,0.05167747,-0.07432547,-0.3110488,-0.9474832,False,-1,-1,0,0,0,-1
2026-08-21 13:06:00.291,43.56327,True,18.243,0.7682814,-8.603365,0.09297112,-0.9845513,0.1419166,0.04329886,-0.0588716,-0.2874995,-0.9559698,False,-1,-1,0,0,0,-1
2026-08-21 13:06:00.327,43.60061,True,18.24242,0.7674867,-8.595868,0.1128784,-0.9853055,0.1217781,0.04001949,-0.05137063,-0.2490118,-0.967137,False,-1,-1,0,0,0,-1
2026-08-21 13:06:00.361,43.63523,True,18.24175,0.7671443,-8.590291,0.1111735,-0.9854528,0.122441,0.0391352,-0.0499074,-0.2500212,-0.9669532,False,-1,-1,0,0,0,-1
2026-08-21 13:06:00.401,43.67512,True,18.24296,0.7681555,-8.578654,0.1246644,-0.9883625,0.08034126,0.03381851,-0.0468185,-0.1672445,-0.9848031,False,-1,-1,0,0,0,-1
2026-08-21 13:06:00.435,43.70901,True,18.24267,0.7644356,-8.568064,0.1281556,-0.988708,0.07074411,0.03206223,-0.04526785,-0.1481084,-0.9879345,False,-1,-1,0,0,0,-1
2026-08-21 13:06:00.478,43.7526,True,18.24247,0.7582987,-8.559116,0.1452192,-0.9872603,0.05633743,0.03247302,-0.04775609,-0.1206708,-0.9915432,False,-1,-1,0,0,0,-1
2026-08-21 13:06:00.512,43.78611,True,18.24385,0.7579369,-8.55335,0.1427161,-0.9875638,0.05694992,0.03326589,-0.04944903,-0.1219785,-0.9913002,False,-1,-1,0,0,0,-1
2026-08-21 13:06:00.546,43.82016,True,18.24399,0.7577488,-8.548266,0.157913,-0.9867476,0.02593811,0.02683237,-0.04476162,-0.05966308,-0.9972144,False,-1,-1,0,0,0,-1
2026-08-21 13:06:00.581,43.85437,True,18.24411,0.7537295,-8.54181,0.1451162,-0.9891379,0.004509598,0.02296117,-0.04411469,-0.0155853,-0.9989049,False,-1,-1,0,0,0,-1
2026-08-21 13:06:00.623,43.89724,True,18.2461,0.7531384,-8.53558,0.1494732,-0.9873058,-0.0488408,0.02235297,-0.05873922,0.08975928,-0.9942299,False,-1,-1,0,0,0,-1
2026-08-21 13:06:00.669,43.9421,True,18.2486,0.7547921,-8.529873,0.1342572,-0.9894505,-0.05365564,0.009154319,-0.0325228,0.1037211,-0.9940745,False,-1,-1,0,0,0,-1
2026-08-21 13:06:00.713,43.98672,True,18.25132,0.755279,-8.526847,0.1402835,-0.9882892,-0.06003177,0.001037822,-0.01889427,0.1183663,-0.9927902,False,-1,-1,0,0,0,-1
2026-08-21 13:06:00.757,44.03065,True,18.25392,0.7542899,-8.524545,0.1461653,-0.9859552,-0.0781901,-0.02035663,0.01728409,0.1601347,-0.9869438,False,-1,-1,0,0,0,-1
2026-08-21 13:06:00.801,44.07494,True,18.25956,0.753154,-8.522254,0.1109333,-0.987932,-0.1018528,-0.03619784,0.04892425,0.2092784,-0.9766314,False,-1,-1,0,0,0,-1
2026-08-21 13:06:00.846,44.11924,True,18.26763,0.7525859,-8.520627,0.1030374,-0.9903259,-0.08027616,-0.04683792,0.07622671,0.1686512,-0.9827239,False,-1,-1,0,0,0,-1
2026-08-21 13:06:00.878,44.15273,True,18.27022,0.751303,-8.517954,0.08982991,-0.9906034,-0.087405,-0.05473415,0.0927365,0.1830009,-0.9787291,False,-1,-1,0,0,0,-1
2026-08-21 13:06:00.922,44.19671,True,18.27269,0.749972,-8.516062,0.06944515,-0.9911414,-0.08971468,-0.06904682,0.1244098,0.1874298,-0.9743677,False,-1,-1,0,0,0,-1
2026-08-21 13:06:00.956,44.23007,True,18.27509,0.7486846,-8.514517,0.04987247,-0.991753,-0.08644047,-0.08041595,0.1508835,0.1794763,-0.9721226,False,-1,-1,0,0,0,-1
2026-08-21 13:06:01.000,44.27466,True,18.27873,0.7489641,-8.513017,0.02482505,-0.9927199,-0.08913413,-0.07711104,0.1486738,0.180799,-0.972218,False,-1,-1,0,0,0,-1
2026-08-21 13:06:01.034,44.30847,True,18.28195,0.7518661,-8.512145,0.0437094,-0.9920186,-0.09590182,-0.06921923,0.1289499,0.1963239,-0.9720231,False,-1,-1,0,0,0,-1
2026-08-21 13:06:01.079,44.35256,True,18.28138,0.7508572,-8.510828,0.03552821,-0.9928898,-0.08738932,-0.07260036,0.1379588,0.1786947,-0.9741846,False,-1,-1,0,0,0,-1
2026-08-21 13:06:01.122,44.39658,True,18.28492,0.7483003,-8.505988,0.01566596,-0.992825,-0.0819305,-0.08567715,0.1675578,0.1653697,-0.9718936,False,-1,-1,0,0,0,-1
2026-08-21 13:06:01.156,44.43021,True,18.28584,0.7469051,-8.503847,0.008376997,-0.9931139,-0.07708882,-0.0878179,0.1731348,0.1545872,-0.9726906,False,-1,-1,0,0,0,-1
2026-08-21 13:06:01.201,44.4748,True,18.28784,0.7476872,-8.501241,-0.004040101,-0.9922279,-0.09503177,-0.08022725,0.1599753,0.1879381,-0.9690651,False,-1,-1,0,0,0,-1
2026-08-21 13:06:01.236,44.50922,True,18.28811,0.747784,-8.499973,-0.007165143,-0.992044,-0.09626575,-0.08080951,0.1617127,0.1898417,-0.9684055,False,-1,-1,0,0,0,-1
2026-08-21 13:06:01.278,44.55285,True,18.28675,0.7467826,-8.497828,-0.002984332,-0.9922921,-0.09238296,-0.08253988,0.1643587,0.1828491,-0.9693051,False,-1,-1,0,0,0,-1
2026-08-21 13:06:01.322,44.59678,True,18.28665,0.7461555,-8.496171,0.0007473857,-0.9924417,-0.09287638,-0.08020638,0.1590615,0.1844687,-0.9698818,False,-1,-1,0,0,0,-1
2026-08-21 13:06:01.368,44.6414,True,18.28675,0.7452519,-8.494505,0.006611285,-0.9924645,-0.09257446,-0.08000335,0.1575769,0.1848116,-0.9700589,False,-1,-1,0,0,0,-1
2026-08-21 13:06:01.400,44.67475,True,18.28571,0.7450396,-8.493581,0.008646227,-0.9923829,-0.09200023,-0.08147023,0.1601084,0.1840077,-0.9697971,False,-1,-1,0,0,0,-1
2026-08-21 13:06:01.434,44.70812,True,18.28617,0.7454582,-8.492864,0.0110518,-0.9925718,-0.09043223,-0.08062918,0.1580616,0.1813031,-0.9706419,False,-1,-1,0,0,0,-1
2026-08-21 13:06:01.478,44.75261,True,18.28695,0.7452514,-8.492719,0.005701103,-0.9922314,-0.09411617,-0.0811577,0.1599813,0.1876954,-0.9691111,False,-1,-1,0,0,0,-1
2026-08-21 13:06:01.523,44.79739,True,18.28642,0.7441605,-8.493118,0.005121231,-0.9923682,-0.09304168,-0.08076191,0.1593381,0.1854904,-0.9696416,False,-1,-1,0,0,0,-1
2026-08-21 13:06:01.556,44.83075,True,18.28526,0.742843,-8.492745,0.008616888,-0.9923725,-0.09299164,-0.0804687,0.1581073,0.1859515,-0.9697547,False,-1,-1,0,0,0,-1
2026-08-21 13:06:01.590,44.86421,True,18.28458,0.7414463,-8.492411,0.008875073,-0.9924781,-0.09138248,-0.08098061,0.1591209,0.1828276,-0.9701827,False,-1,-1,0,0,0,-1
2026-08-21 13:06:01.635,44.90841,True,18.2841,0.7399909,-8.492182,0.00508994,-0.9923418,-0.09332277,-0.08076309,0.1593392,0.1860383,-0.9695364,False,-1,-1,0,0,0,-1
2026-08-21 13:06:01.678,44.95226,True,18.28282,0.7383422,-8.491641,0.005575298,-0.9923851,-0.09293161,-0.08065035,0.1590362,0.1853472,-0.9697185,False,-1,-1,0,0,0,-1
2026-08-21 13:06:01.712,44.98603,True,18.28163,0.7370304,-8.492776,0.008997749,-0.9924748,-0.09167368,-0.08067673,0.1584895,0.1834195,-0.9701744,False,-1,-1,0,0,0,-1
2026-08-21 13:06:01.755,45.0299,True,18.28097,0.7360089,-8.493281,0.005769277,-0.9923726,-0.09314356,-0.08054575,0.158788,0.1857956,-0.9696733,False,-1,-1,0,0,0,-1
2026-08-21 13:06:01.789,45.06342,True,18.28009,0.7352285,-8.493273,0.005773199,-0.9923317,-0.09341142,-0.08073873,0.1591606,0.1863225,-0.9695112,False,-1,-1,0,0,0,-1
2026-08-21 13:06:01.823,45.09707,True,18.27978,0.7342835,-8.494343,0.008337044,-0.9924538,-0.09198622,-0.08065136,0.1585517,0.1839289,-0.9700677,False,-1,-1,0,0,0,-1
2026-08-21 13:06:01.857,45.13114,True,18.27946,0.7337536,-8.49449,0.006635281,-0.9924047,-0.09272102,-0.08057118,0.158688,0.1851028,-0.9698222,False,-1,-1,0,0,0,-1
2026-08-21 13:06:01.902,45.1754,True,18.27904,0.7331282,-8.494534,0.007431196,-0.9924371,-0.09234162,-0.08053877,0.1584869,0.1844835,-0.969973,False,-1,-1,0,0,0,-1
2026-08-21 13:06:01.945,45.21912,True,18.27856,0.7332541,-8.495603,0.006883713,-0.9924211,-0.09258692,-0.08050276,0.1585106,0.1848787,-0.9698939,False,-1,-1,0,0,0,-1
2026-08-21 13:06:01.989,45.26345,True,18.27841,0.7328148,-8.496028,0.007002376,-0.9924128,-0.09260428,-0.08057452,0.1586295,0.1849318,-0.9698644,False,-1,-1,0,0,0,-1
2026-08-21 13:06:02.034,45.30757,True,18.27837,0.7329128,-8.495875,0.006859493,-0.9924413,-0.09238037,-0.0804928,0.1585014,0.1844685,-0.9699735,False,-1,-1,0,0,0,-1
2026-08-21 13:06:02.067,45.34146,True,18.27818,0.7330102,-8.49636,0.006872808,-0.9924124,-0.0927552,-0.08041675,0.1583381,0.1852082,-0.9698592,False,-1,-1,0,0,0,-1
2026-08-21 13:06:02.112,45.38551,True,18.27837,0.7328829,-8.496396,0.006844235,-0.9924732,-0.09217591,-0.08033558,0.1582001,0.1840639,-0.9700996,False,-1,-1,0,0,0,-1
2026-08-21 13:06:02.156,45.42984,True,18.27851,0.733412,-8.496675,0.00625306,-0.992435,-0.09257083,-0.08040035,0.1584266,0.1847466,-0.9699329,False,-1,-1,0,0,0,-1
2026-08-21 13:06:02.190,45.46346,True,18.27872,0.7336793,-8.497055,0.007327659,-0.9924834,-0.09201326,-0.08035345,0.1581504,0.1838209,-0.9701538,False,-1,-1,0,0,0,-1
2026-08-21 13:06:02.233,45.50767,True,18.27881,0.7338661,-8.496976,0.00563327,-0.9924351,-0.0925841,-0.08043078,0.1586016,0.1846736,-0.9699182,False,-1,-1,0,0,0,-1
2026-08-21 13:06:02.268,45.5414,True,18.27857,0.7340257,-8.497402,0.006956521,-0.9924824,-0.09203352,-0.08037546,0.158262,0.1838016,-0.9701393,False,-1,-1,0,0,0,-1
2026-08-21 13:06:02.311,45.58569,True,18.27896,0.734193,-8.497714,0.005762926,-0.9924526,-0.0925074,-0.08029329,0.1583083,0.1845439,-0.9699907,False,-1,-1,0,0,0,-1
2026-08-21 13:06:02.357,45.63065,True,18.27921,0.7342204,-8.49774,0.006783622,-0.9925122,-0.09178483,-0.08030611,0.1581643,0.1832847,-0.9702529,False,-1,-1,0,0,0,-1
2026-08-21 13:06:02.400,45.6747,True,18.27936,0.7342457,-8.497681,0.005911251,-0.9924681,-0.09233821,-0.0802854,0.1582697,0.1842346,-0.9700558,False,-1,-1,0,0,0,-1
2026-08-21 13:06:02.445,45.71884,True,18.2795,0.7346861,-8.498444,0.006494402,-0.9924853,-0.09219278,-0.08019554,0.1579883,0.1840416,-0.9701384,False,-1,-1,0,0,0,-1
2026-08-21 13:06:02.477,45.7523,True,18.27964,0.7347904,-8.49844,0.005936367,-0.9924704,-0.09240608,-0.0801777,0.1580509,0.1843725,-0.9700654,False,-1,-1,0,0,0,-1
2026-08-21 13:06:02.512,45.78579,True,18.27948,0.7348445,-8.498484,0.005820994,-0.9924451,-0.09258382,-0.08029342,0.1582958,0.1847035,-0.9699624,False,-1,-1,0,0,0,-1
2026-08-21 13:06:02.545,45.8196,True,18.27953,0.7348384,-8.498264,0.006438196,-0.9924942,-0.09213275,-0.08015939,0.1579291,0.1839146,-0.9701721,False,-1,-1,0,0,0,-1
2026-08-21 13:06:02.590,45.86375,True,18.27952,0.7349892,-8.49814,0.005533543,-0.9924732,-0.0922728,-0.08032456,0.1584188,0.1840455,-0.9700674,False,-1,-1,0,0,0,-1
2026-08-21 13:06:02.635,45.90878,True,18.27951,0.7348899,-8.498051,0.006494756,-0.9925404,-0.09165357,-0.08013098,0.1578759,0.1829806,-0.9703572,False,-1,-1,0,0,0,-1
2026-08-21 13:06:02.679,45.95265,True,18.27946,0.7348723,-8.498381,0.005813481,-0.9924613,-0.09258135,-0.08009727,0.1579104,0.1846981,-0.9700263,False,-1,-1,0,0,0,-1
2026-08-21 13:06:02.713,45.98646,True,18.27941,0.7349054,-8.498206,0.005886578,-0.9924721,-0.09245986,-0.08009868,0.1579029,0.1844707,-0.9700708,False,-1,-1,0,0,0,-1
2026-08-21 13:06:02.757,46.0309,True,18.27935,0.7349966,-8.498023,0.005552478,-0.9924455,-0.09273686,-0.08013152,0.1580225,0.1849624,-0.9699576,False,-1,-1,0,0,0,-1
2026-08-21 13:06:02.800,46.07461,True,18.27928,0.7349105,-8.49795,0.005929967,-0.9925147,-0.09202813,-0.08006436,0.1578386,0.1836281,-0.9702411,False,-1,-1,0,0,0,-1
2026-08-21 13:06:02.835,46.10837,True,18.27925,0.7348933,-8.497698,0.005590627,-0.9924716,-0.0925078,-0.08006989,0.1578998,0.184518,-0.9700622,False,-1,-1,0,0,0,-1
2026-08-21 13:06:02.879,46.15336,True,18.27898,0.7348999,-8.497837,0.006079019,-0.9925092,-0.09213493,-0.07999762,0.1576766,0.1838621,-0.9702231,False,-1,-1,0,0,0,-1
2026-08-21 13:06:02.923,46.19717,True,18.2789,0.7350253,-8.497513,0.005390543,-0.9924513,-0.09284584,-0.07994378,0.1576796,0.1851518,-0.9699773,False,-1,-1,0,0,0,-1
2026-08-21 13:06:02.966,46.241,True,18.27871,0.7350521,-8.497531,0.006075863,-0.992476,-0.09254809,-0.0799339,0.1575403,0.1846748,-0.9700908,False,-1,-1,0,0,0,-1
2026-08-21 13:06:03.011,46.28558,True,18.2787,0.7350825,-8.497551,0.005294328,-0.9924503,-0.09293934,-0.07985415,0.1575184,0.1853209,-0.9699712,False,-1,-1,0,0,0,-1
2026-08-21 13:06:03.057,46.33016,True,18.27873,0.7351225,-8.497388,0.006224181,-0.992521,-0.09214654,-0.07982735,0.1573136,0.1839085,-0.9702733,False,-1,-1,0,0,0,-1
2026-08-21 13:06:03.100,46.37436,True,18.27868,0.7352,-8.497271,0.005530699,-0.9924631,-0.09276307,-0.07988361,0.157537,0.1850115,-0.9700273,False,-1,-1,0,0,0,-1
2026-08-21 13:06:03.135,46.40865,True,18.27874,0.73522,-8.497315,0.005726226,-0.9924664,-0.09274654,-0.07984868,0.1574321,0.1850101,-0.9700445,False,-1,-1,0,0,0,-1
2026-08-21 13:06:03.178,46.45242,True,18.27867,0.7352843,-8.497841,0.005358666,-0.9924519,-0.09300093,-0.07975833,0.1573159,0.1854527,-0.9699789,False,-1,-1,0,0,0,-1
2026-08-21 13:06:03.212,46.48589,True,18.27854,0.7352747,-8.497887,0.005605116,-0.9924774,-0.09278721,-0.07967361,0.1571083,0.1850716,-0.9700853,False,-1,-1,0,0,0,-1
2026-08-21 13:06:03.256,46.53019,True,18.27846,0.7353668,-8.497484,0.005296047,-0.9924636,-0.09284608,-0.07979709,0.157408,0.1851379,-0.970024,False,-1,-1,0,0,0,-1
2026-08-21 13:06:03.300,46.57478,True,18.27837,0.7354595,-8.497684,0.005712077,-0.9925011,-0.09246864,-0.07974057,0.1572288,0.1844614,-0.970182,False,-1,-1,0,0,0,-1
2026-08-21 13:06:03.344,46.61918,True,18.27832,0.7355694,-8.497664,0.005358995,-0.9924933,-0.09263071,-0.07967418,0.1571593,0.1847246,-0.9701432,False,-1,-1,0,0,0,-1
2026-08-21 13:06:03.389,46.6633,True,18.27822,0.7356004,-8.497614,0.005489971,-0.9924981,-0.09257934,-0.07966516,0.1571185,0.1846443,-0.9701651,False,-1,-1,0,0,0,-1
2026-08-21 13:06:03.423,46.69694,True,18.27824,0.7356178,-8.497615,0.005234616,-0.9924783,-0.09280972,-0.07966094,0.1571519,0.1850573,-0.970081,False,-1,-1,0,0,0,-1
2026-08-21 13:06:03.456,46.73038,True,18.2781,0.7356415,-8.497597,0.005323155,-0.9924967,-0.09264091,-0.07962198,0.1570628,0.1847393,-0.970156,False,-1,-1,0,0,0,-1
2026-08-21 13:06:03.500,46.77455,True,18.27803,0.7356123,-8.497721,0.005450652,-0.9924963,-0.09260338,-0.07966211,0.1571192,0.1846855,-0.9701571,False,-1,-1,0,0,0,-1
2026-08-21 13:06:03.534,46.80805,True,18.27788,0.735684,-8.497724,0.00508258,-0.9924924,-0.09268301,-0.07964163,0.1571453,0.1847839,-0.9701342,False,-1,-1,0,0,0,-1
2026-08-21 13:06:03.568,46.84149,True,18.27776,0.7357526,-8.497953,0.005005066,-0.9924791,-0.09287478,-0.0795894,0.157052,0.1851493,-0.9700796,False,-1,-1,0,0,0,-1
2026-08-21 13:06:03.612,46.88651,True,18.27773,0.7358114,-8.497964,0.005191592,-0.9925018,-0.09265222,-0.07955395,0.1569529,0.184741,-0.9701735,False,-1,-1,0,0,0,-1
2026-08-21 13:06:03.655,46.93003,True,18.27759,0.735799,-8.497938,0.005422933,-0.9924899,-0.09271545,-0.07961358,0.1570258,0.1849018,-0.9701311,False,-1,-1,0,0,0,-1
2026-08-21 13:06:03.690,46.96386,True,18.27754,0.7357668,-8.498082,0.005380394,-0.9925107,-0.09254416,-0.07955653,0.1569256,0.1845582,-0.9702126,False,-1,-1,0,0,0,-1
2026-08-21 13:06:03.734,47.00824,True,18.27735,0.7358501,-8.498188,0.005068496,-0.9924793,-0.09288619,-0.07957032,0.1570022,0.1851818,-0.9700814,False,-1,-1,0,0,0,-1
2026-08-21 13:06:03.778,47.05254,True,18.27732,0.7358665,-8.498132,0.0053811,-0.9925483,-0.09221788,-0.07946469,0.1567526,0.1839166,-0.9703624,False,-1,-1,0,0,0,-1
2026-08-21 13:06:03.811,47.08591,True,18.27718,0.7358532,-8.498212,0.005005136,-0.9925188,-0.09257171,-0.07944751,0.1567796,0.1845536,-0.9702372,False,-1,-1,0,0,0,-1
2026-08-21 13:06:03.845,47.11952,True,18.2771,0.7359433,-8.498152,0.005157858,-0.9925067,-0.09269115,-0.07944891,0.156751,0.1848128,-0.9701925,False,-1,-1,0,0,0,-1
2026-08-21 13:06:03.887,47.15338,True,18.27706,0.7359714,-8.498083,0.005225929,-0.9925281,-0.09250184,-0.07939753,0.1566418,0.1844512,-0.9702789,False,-1,-1,0,0,0,-1
2026-08-21 13:06:03.913,47.18696,True,18.27702,0.7359418,-8.497987,0.005056105,-0.9924871,-0.09290703,-0.0794487,0.1567641,0.1852214,-0.9701123,False,-1,-1,0,0,0,-1
2026-08-21 13:06:03.955,47.23013,True,18.27704,0.7359666,-8.497917,0.00512046,-0.9925261,-0.09252094,-0.07940786,0.1566812,0.1844721,-0.9702685,False,-1,-1,0,0,0,-1
2026-08-21 13:06:03.989,47.26359,True,18.27691,0.7359786,-8.497886,0.005061111,-0.9925097,-0.09277184,-0.07932356,0.1565198,0.1849569,-0.9702023,False,-1,-1,0,0,0,-1
2026-08-21 13:06:04.024,47.29695,True,18.27691,0.7359141,-8.497973,0.005081077,-0.9925155,-0.09265015,-0.07939212,0.1566543,0.1847202,-0.9702257,False,-1,-1,0,0,0,-1
2026-08-21 13:06:04.067,47.34154,True,18.27691,0.7358635,-8.497864,0.004959436,-0.9925177,-0.09269905,-0.0793157,0.156525,0.1847976,-0.9702318,False,-1,-1,0,0,0,-1
2026-08-21 13:06:04.111,47.38624,True,18.27682,0.7358058,-8.498144,0.005111107,-0.9925227,-0.09262376,-0.07933151,0.1565298,0.1846733,-0.9702547,False,-1,-1,0,0,0,-1
2026-08-21 13:06:04.146,47.41976,True,18.27686,0.7357289,-8.498111,0.005131828,-0.992516,-0.09269388,-0.07933211,0.1565254,0.1848145,-0.9702286,False,-1,-1,0,0,0,-1
2026-08-21 13:06:04.189,47.46389,True,18.27676,0.7357886,-8.498062,0.004960524,-0.9925138,-0.09274961,-0.0793044,0.1565013,0.1848973,-0.9702166,False,-1,-1,0,0,0,-1
2026-08-21 13:06:04.234,47.50805,True,18.27676,0.7357259,-8.497954,0.004753425,-0.9925604,-0.09231506,-0.07924075,0.1564249,0.1840099,-0.9703977,False,-1,-1,0,0,0,-1
2026-08-21 13:06:04.267,47.54201,True,18.2767,0.7357079,-8.497853,0.004987398,-0.992535,-0.09253726,-0.07928631,0.1564658,0.1844838,-0.9703011,False,-1,-1,0,0,0,-1
2026-08-21 13:06:04.312,47.58589,True,18.27675,0.7355957,-8.498066,0.0047892,-0.9925315,-0.09267919,-0.07917639,0.1562824,0.1847324,-0.9702834,False,-1,-1,0,0,0,-1
2026-08-21 13:06:04.345,47.61924,True,18.27672,0.7356465,-8.497906,0.004893764,-0.9925299,-0.09265434,-0.0792188,0.1563472,0.1846997,-0.9702791,False,-1,-1,0,0,0,-1
2026-08-21 13:06:04.390,47.66357,True,18.27663,0.7356678,-8.497779,0.004874466,-0.9925374,-0.09257871,-0.07921537,0.1563459,0.1845479,-0.9703082,False,-1,-1,0,0,0,-1
2026-08-21 13:06:04.435,47.70816,True,18.27662,0.7356787,-8.497685,0.004560887,-0.9925103,-0.0929501,-0.07913871,0.1562441,0.1852297,-0.9701947,False,-1,-1,0,0,0,-1
2026-08-21 13:06:04.468,47.74193,True,18.27647,0.7356113,-8.49801,0.004727856,-0.9925142,-0.09291371,-0.07912216,0.1561811,0.1851845,-0.9702134,False,-1,-1,0,0,0,-1
2026-08-21 13:06:04.513,47.78726,True,18.27642,0.7355342,-8.497879,0.004450455,-0.9925286,-0.09277026,-0.0791255,0.1562429,0.1848586,-0.9702657,False,-1,-1,0,0,0,-1
2026-08-21 13:06:04.558,47.83179,True,18.27647,0.7355726,-8.497927,0.004885815,-0.9925308,-0.09272663,-0.07912397,0.1561599,0.1848412,-0.9702824,False,-1,-1,0,0,0,-1
2026-08-21 13:06:04.601,47.87567,True,18.27648,0.7354377,-8.49837,0.004773558,-0.9925464,-0.09260689,-0.07907455,0.1560862,0.1845882,-0.9703423,False,-1,-1,0,0,0,-1
2026-08-21 13:06:04.646,47.92004,True,18.27647,0.7354025,-8.498343,0.005045574,-0.9925461,-0.09259266,-0.0790781,0.1560429,0.184603,-0.9703465,False,-1,-1,0,0,0,-1
2026-08-21 13:06:04.680,47.9537,True,18.27643,0.7354754,-8.498205,0.004501068,-0.9925247,-0.092837,-0.07909253,0.1561669,0.1849981,-0.9702513,False,-1,-1,0,0,0,-1
2026-08-21 13:06:04.723,47.99744,True,18.27652,0.7353836,-8.49815,0.004827591,-0.9925575,-0.09253544,-0.07901651,0.1559634,0.1844564,-0.9703872,False,-1,-1,0,0,0,-1
2026-08-21 13:06:04.767,48.04126,True,18.27623,0.7353163,-8.498105,0.004580385,-0.9925257,-0.09289341,-0.07901002,0.155988,0.185122,-0.9702564,False,-1,-1,0,0,0,-1
2026-08-21 13:06:04.803,48.07594,True,18.27618,0.7352616,-8.498029,0.004555277,-0.9925346,-0.09281624,-0.07899065,0.1559563,0.1849663,-0.9702913,False,-1,-1,0,0,0,-1
2026-08-21 13:06:04.845,48.11964,True,18.27609,0.7352313,-8.497964,0.004493492,-0.9925371,-0.09283554,-0.07894048,0.1558684,0.1849948,-0.9703,False,-1,-1,0,0,0,-1
2026-08-21 13:06:04.880,48.15349,True,18.27607,0.7351709,-8.497852,0.00433406,-0.9925331,-0.09286059,-0.07897025,0.1559562,0.1850189,-0.9702812,False,-1,-1,0,0,0,-1
2026-08-21 13:06:04.924,48.19812,True,18.27599,0.7351373,-8.497772,0.004464301,-0.9925395,-0.09280906,-0.07894273,0.1558789,0.1849382,-0.9703091,False,-1,-1,0,0,0,-1
2026-08-21 13:06:04.967,48.24144,True,18.27586,0.7351489,-8.497802,0.004526475,-0.992533,-0.09288485,-0.07893168,0.1558437,0.1850971,-0.9702844,False,-1,-1,0,0,0,-1
2026-08-21 13:06:05.012,48.28583,True,18.27579,0.7351897,-8.497629,0.004380325,-0.9925377,-0.09284525,-0.07892684,0.1558623,0.1849963,-0.9703007,False,-1,-1,0,0,0,-1
2026-08-21 13:06:05.045,48.31921,True,18.27578,0.7351283,-8.497681,0.004472701,-0.9925339,-0.09291142,-0.07889285,0.1557765,0.1851412,-0.9702868,False,-1,-1,0,0,0,-1
2026-08-21 13:06:05.079,48.3526,True,18.27564,0.7350469,-8.497703,0.004316628,-0.9925374,-0.09289929,-0.07887136,0.1557635,0.185093,-0.9702981,False,-1,-1,0,0,0,-1
2026-08-21 13:06:05.122,48.39665,True,18.27563,0.7349797,-8.497655,0.004616268,-0.9925624,-0.09264823,-0.07883475,0.1556414,0.1846461,-0.9704028,False,-1,-1,0,0,0,-1
2026-08-21 13:06:05.157,48.43015,True,18.27554,0.7349266,-8.49754,0.004385631,-0.9925479,-0.0927675,-0.07889059,0.1557917,0.1848443,-0.9703409,False,-1,-1,0,0,0,-1
2026-08-21 13:06:05.200,48.47444,True,18.27548,0.734915,-8.497585,0.004657459,-0.9925575,-0.09266739,-0.078872,0.1557068,0.1846901,-0.9703839,False,-1,-1,0,0,0,-1
2026-08-21 13:06:05.233,48.50787,True,18.27542,0.7349178,-8.497355,0.004403308,-0.9925309,-0.09288685,-0.07896317,0.1559287,0.1850815,-0.9702737,False,-1,-1,0,0,0,-1
2026-08-21 13:06:05.279,48.55301,True,18.2753,0.7348412,-8.4974,0.004452572,-0.9925456,-0.09281968,-0.07885368,0.1557052,0.1849577,-0.9703332,False,-1,-1,0,0,0,-1
2026-08-21 13:06:05.322,48.59642,True,18.27529,0.7348676,-8.497184,0.00436197,-0.992558,-0.09270784,-0.07883438,0.1556866,0.1847236,-0.9703808,False,-1,-1,0,0,0,-1
2026-08-21 13:06:05.356,48.63056,True,18.27522,0.7349075,-8.497101,0.00428457,-0.9925378,-0.09291786,-0.07884627,0.1557196,0.1851246,-0.9702991,False,-1,-1,0,0,0,-1
2026-08-21 13:06:05.400,48.67439,True,18.27526,0.7348534,-8.497081,0.004512919,-0.9925447,-0.09284564,-0.07883151,0.1556496,0.1850184,-0.9703305,False,-1,-1,0,0,0,-1
2026-08-21 13:06:05.433,48.70787,True,18.27524,0.7347296,-8.497357,0.004406733,-0.9925588,-0.09277336,-0.07874536,0.1555011,0.18486,-0.9703846,False,-1,-1,0,0,0,-1
2026-08-21 13:06:05.467,48.74134,True,18.27521,0.7346939,-8.497329,0.004445499,-0.9925588,-0.09274333,-0.07877765,0.1555583,0.1848068,-0.9703855,False,-1,-1,0,0,0,-1
2026-08-21 13:06:05.501,48.7754,True,18.27516,0.734701,-8.497198,0.004195585,-0.992546,-0.09293898,-0.07872245,0.1554914,0.185153,-0.9703303,False,-1,-1,0,0,0,-1
2026-08-21 13:06:05.545,48.81865,True,18.27507,0.7347814,-8.49722,0.004273659,-0.9925526,-0.09286207,-0.07872485,0.1554834,0.1850139,-0.9703581,False,-1,-1,0,0,0,-1
2026-08-21 13:06:05.579,48.85281,True,18.27508,0.7347695,-8.49726,0.004240343,-0.9925526,-0.09285744,-0.07873332,0.1555064,0.1849995,-0.9703571,False,-1,-1,0,0,0,-1
2026-08-21 13:06:05.613,48.88657,True,18.27503,0.7347243,-8.49727,0.004375751,-0.992567,-0.09270842,-0.07871962,0.1554576,0.1847275,-0.9704168,False,-1,-1,0,0,0,-1
2026-08-21 13:06:05.657,48.93024,True,18.27494,0.734778,-8.497198,0.004243613,-0.9925624,-0.09283346,-0.07863696,0.1553163,0.1849534,-0.9703963,False,-1,-1,0,0,0,-1
2026-08-21 13:06:05.700,48.97482,True,18.27498,0.7347905,-8.496964,0.004288436,-0.9925681,-0.09271472,-0.07870231,0.1554396,0.1847264,-0.9704199,False,-1,-1,0,0,0,-1
2026-08-21 13:06:05.734,49.00826,True,18.27488,0.7348731,-8.497109,0.004316445,-0.9925599,-0.09285216,-0.0786429,0.155314,0.1850016,-0.9703875,False,-1,-1,0,0,0,-1
2026-08-21 13:06:05.778,49.05252,True,18.27471,0.7348551,-8.49701,0.004147162,-0.9925566,-0.09288169,-0.07865831,0.1553753,0.1850331,-0.9703718,False,-1,-1,0,0,0,-1
2026-08-21 13:06:05.822,49.09682,True,18.27473,0.7348623,-8.496869,0.004263738,-0.9925787,-0.09273009,-0.07855255,0.1551484,0.1847537,-0.9704612,False,-1,-1,0,0,0,-1
2026-08-21 13:06:05.867,49.14156,True,18.27483,0.7348773,-8.496702,0.004473017,-0.992588,-0.0925708,-0.0786115,0.1552295,0.1844726,-0.9705017,False,-1,-1,0,0,0,-1
2026-08-21 13:06:05.901,49.17505,True,18.27484,0.7348918,-8.496655,0.004136554,-0.9925686,-0.09284117,-0.07855611,0.1551766,0.1849523,-0.9704189,False,-1,-1,0,0,0,-1
2026-08-21 13:06:05.946,49.22004,True,18.27476,0.7349048,-8.496684,0.004231079,-0.9925801,-0.09271123,-0.07855942,0.1551685,0.1847114,-0.9704661,False,-1,-1,0,0,0,-1
2026-08-21 13:06:05.990,49.26381,True,18.27467,0.7348485,-8.496566,0.004140344,-0.9925732,-0.09276859,-0.07858317,0.1552309,0.18481,-0.9704373,False,-1,-1,0,0,0,-1
2026-08-21 13:06:06.034,49.30774,True,18.27459,0.7347211,-8.496695,0.004191065,-0.9925705,-0.09282212,-0.07855119,0.1551571,0.1849234,-0.9704276,False,-1,-1,0,0,0,-1
2026-08-21 13:06:06.067,49.34119,True,18.27465,0.7347277,-8.496792,0.004213239,-0.9925644,-0.09294818,-0.07847756,0.1550048,0.1851754,-0.9704038,False,-1,-1,0,0,0,-1
2026-08-21 13:06:06.112,49.38571,True,18.27453,0.7346095,-8.49669,0.004276121,-0.9925947,-0.09256123,-0.07854981,0.1551446,0.1844233,-0.9705247,False,-1,-1,0,0,0,-1
2026-08-21 13:06:06.144,49.41909,True,18.27457,0.7345591,-8.496712,0.004166746,-0.9925874,-0.09270702,-0.07847443,0.1550129,0.1846936,-0.9704943,False,-1,-1,0,0,0,-1
2026-08-21 13:06:06.178,49.45251,True,18.27449,0.7345874,-8.496744,0.004079197,-0.9925765,-0.09280733,-0.07849811,0.1550736,0.1848772,-0.9704497,False,-1,-1,0,0,0,-1
2026-08-21 13:06:06.222,49.4968,True,18.27447,0.7346064,-8.496561,0.00430634,-0.9925909,-0.09265644,-0.07848285,0.1550047,0.1846158,-0.9705105,False,-1,-1,0,0,0,-1
2026-08-21 13:06:06.267,49.54093,True,18.27446,0.7345505,-8.496583,0.004135761,-0.9925781,-0.09283342,-0.07844392,0.1549556,0.1849377,-0.970457,False,-1,-1,0,0,0,-1
2026-08-21 13:06:06.300,49.57527,True,18.27443,0.7345033,-8.496578,0.004210944,-0.9925933,-0.09269416,-0.07841258,0.154883,0.1846756,-0.9705185,False,-1,-1,0,0,0,-1
2026-08-21 13:06:06.344,49.61885,True,18.27441,0.7345608,-8.49649,0.004079193,-0.9925646,-0.09298307,-0.07844131,0.1549575,0.1852234,-0.9704022,False,-1,-1,0,0,0,-1
2026-08-21 13:06:06.379,49.65272,True,18.27434,0.734486,-8.496455,0.004164565,-0.9925849,-0.09273695,-0.07847098,0.1550058,0.1847522,-0.9704844,False,-1,-1,0,0,0,-1
2026-08-21 13:06:06.423,49.69687,True,18.27432,0.7344094,-8.496382,0.004050636,-0.9925843,-0.09278882,-0.07842325,0.1549317,0.1848368,-0.9704801,False,-1,-1,0,0,0,-1
2026-08-21 13:06:06.467,49.74102,True,18.27428,0.7343768,-8.496365,0.004326649,-0.9926006,-0.0926215,-0.07840063,0.1548395,0.1845507,-0.9705492,False,-1,-1,0,0,0,-1
2026-08-21 13:06:06.501,49.77478,True,18.27422,0.7344316,-8.496285,0.004016607,-0.9925845,-0.09284382,-0.07835722,0.1548065,0.1849401,-0.9704804,False,-1,-1,0,0,0,-1
2026-08-21 13:06:06.535,49.80934,True,18.27423,0.734373,-8.496492,0.003996493,-0.9925846,-0.09282295,-0.07838237,0.1548603,0.1848958,-0.9704802,False,-1,-1,0,0,0,-1
2026-08-21 13:06:06.579,49.85381,True,18.27427,0.734398,-8.49624,0.00420909,-0.9926025,-0.09266908,-0.07832676,0.1547146,0.1846265,-0.9705547,False,-1,-1,0,0,0,-1
2026-08-21 13:06:06.623,49.89732,True,18.27421,0.7343571,-8.496138,0.004135794,-0.9926062,-0.09261223,-0.07835083,0.154777,0.184503,-0.9705682,False,-1,-1,0,0,0,-1
2026-08-21 13:06:06.656,49.93073,True,18.27419,0.7343699,-8.49612,0.004109999,-0.9926015,-0.09269211,-0.07831702,0.1547133,0.1846564,-0.9705493,False,-1,-1,0,0,0,-1
2026-08-21 13:06:06.700,49.97499,True,18.27417,0.7343141,-8.4962,0.004062405,-0.9925848,-0.09287114,-0.0783197,0.1547233,0.1850013,-0.970482,False,-1,-1,0,0,0,-1
2026-08-21 13:06:06.734,50.00858,True,18.27415,0.734297,-8.496105,0.004022866,-0.9925808,-0.09288894,-0.0783508,0.1547917,0.1850299,-0.9704656,False,-1,-1,0,0,0,-1
2026-08-21 13:06:06.778,50.05277,True,18.27411,0.7343204,-8.496247,0.00415557,-0.992601,-0.09269795,-0.0783148,0.1547002,0.184675,-0.9705477,False,-1,-1,0,0,0,-1
2026-08-21 13:06:06.822,50.09657,True,18.27411,0.7343034,-8.49614,0.004121225,-0.9925935,-0.09281313,-0.07827447,0.1546244,0.1848966,-0.9705176,False,-1,-1,0,0,0,-1
2026-08-21 13:06:06.866,50.14086,True,18.2741,0.7342685,-8.496126,0.003927383,-0.9925804,-0.09294797,-0.0782908,0.1546897,0.1851316,-0.9704624,False,-1,-1,0,0,0,-1
2026-08-21 13:06:06.901,50.17498,True,18.27411,0.7341364,-8.496464,0.004036592,-0.9926038,-0.09273978,-0.07823447,0.154563,0.1847393,-0.9705574,False,-1,-1,0,0,0,-1
2026-08-21 13:06:06.934,50.20835,True,18.27413,0.7341761,-8.496244,0.00400726,-0.9925821,-0.09298568,-0.07822014,0.1545346,0.1852187,-0.9704706,False,-1,-1,0,0,0,-1
2026-08-21 13:06:06.968,50.24194,True,18.27411,0.7341179,-8.496365,0.004108637,-0.9925922,-0.09281198,-0.0782925,0.1546624,0.1848923,-0.9705124,False,-1,-1,0,0,0,-1
2026-08-21 13:06:07.012,50.28563,True,18.27412,0.734163,-8.496279,0.003971559,-0.9925768,-0.09302898,-0.07823737,0.1545743,0.1852983,-0.970449,False,-1,-1,0,0,0,-1
2026-08-21 13:06:07.045,50.31915,True,18.27413,0.7341232,-8.496164,0.00410422,-0.9926222,-0.09254402,-0.07822982,0.1545457,0.1843647,-0.9706314,False,-1,-1,0,0,0,-1
2026-08-21 13:06:07.078,50.35255,True,18.27413,0.7341812,-8.496185,0.003985335,-0.9926046,-0.09274504,-0.07822135,0.1545465,0.1847418,-0.9705595,False,-1,-1,0,0,0,-1
2026-08-21 13:06:07.122,50.39668,True,18.27407,0.7341334,-8.496204,0.004195046,-0.992593,-0.09284349,-0.07824115,0.1545443,0.184968,-0.9705169,False,-1,-1,0,0,0,-1
2026-08-21 13:06:07.167,50.44098,True,18.27405,0.734101,-8.496175,0.004048356,-0.9926043,-0.09278478,-0.07817494,0.1544423,0.1848301,-0.9705594,False,-1,-1,0,0,0,-1
2026-08-21 13:06:07.200,50.47451,True,18.27399,0.7340653,-8.496183,0.004086959,-0.9926046,-0.09279786,-0.07815348,0.1543925,0.184862,-0.9705611,False,-1,-1,0,0,0,-1
2026-08-21 13:06:07.244,50.51878,True,18.27395,0.7340804,-8.496109,0.004091528,-0.992617,-0.09263507,-0.07818952,0.1544664,0.1845421,-0.9706103,False,-1,-1,0,0,0,-1
2026-08-21 13:06:07.290,50.56344,True,18.2739,0.7341863,-8.495975,0.004006068,-0.9926019,-0.09285878,-0.07812019,0.1543405,0.1849695,-0.9705489,False,-1,-1,0,0,0,-1
2026-08-21 13:06:07.322,50.59735,True,18.27383,0.7341579,-8.495874,0.004073669,-0.9926057,-0.09275474,-0.07819106,0.1544701,0.1847748,-0.9705654,False,-1,-1,0,0,0,-1
2026-08-21 13:06:07.367,50.64132,True,18.27388,0.7341934,-8.495955,0.003939475,-0.992606,-0.09282251,-0.07811396,0.1543414,0.1848878,-0.9705644,False,-1,-1,0,0,0,-1
2026-08-21 13:06:07.413,50.68658,True,18.27385,0.7342219,-8.495905,0.004023059,-0.9925936,-0.09301531,-0.07803772,0.1541711,0.1852807,-0.9705165,False,-1,-1,0,0,0,-1
2026-08-21 13:06:07.456,50.73039,True,18.27377,0.7342137,-8.49583,0.004012049,-0.9926178,-0.09269577,-0.07811084,0.1543246,0.1846497,-0.9706124,False,-1,-1,0,0,0,-1
2026-08-21 13:06:07.500,50.77473,True,18.27378,0.7343478,-8.495831,0.004033339,-0.9926022,-0.09292499,-0.07803648,0.1541687,0.1851046,-0.9705505,False,-1,-1,0,0,0,-1
2026-08-21 13:06:07.534,50.80823,True,18.27378,0.7343268,-8.495583,0.003831526,-0.9926068,-0.0929326,-0.07797868,0.1540922,0.1850886,-0.9705657,False,-1,-1,0,0,0,-1
2026-08-21 13:06:07.578,50.85332,True,18.27369,0.7342988,-8.495904,0.004089876,-0.992614,-0.09283322,-0.07799163,0.1540718,0.1849331,-0.9705986,False,-1,-1,0,0,0,-1
2026-08-21 13:06:07.623,50.89646,True,18.27372,0.734251,-8.495925,0.003863659,-0.9926106,-0.0928654,-0.07800842,0.1541463,0.1849611,-0.9705814,False,-1,-1,0,0,0,-1
2026-08-21 13:06:07.656,50.93003,True,18.27365,0.7343109,-8.495853,0.003977938,-0.9926003,-0.0929353,-0.07805064,0.1542068,0.1851162,-0.9705423,False,-1,-1,0,0,0,-1
2026-08-21 13:06:07.701,50.97495,True,18.27361,0.7343047,-8.495926,0.003940781,-0.9925894,-0.09310723,-0.07798577,0.1540819,0.1854492,-0.9704985,False,-1,-1,0,0,0,-1
2026-08-21 13:06:07.735,51.00866,True,18.27362,0.7342417,-8.495987,0.003970256,-0.9926068,-0.09290022,-0.07800935,0.1541276,0.1850462,-0.9705682,False,-1,-1,0,0,0,-1
2026-08-21 13:06:07.777,51.0527,True,18.27361,0.7342936,-8.495871,0.004171195,-0.992642,-0.09257209,-0.07794216,0.153965,0.1844321,-0.9707109,False,-1,-1,0,0,0,-1
2026-08-21 13:06:07.823,51.09678,True,18.27331,0.7342286,-8.496056,0.003859381,-0.9926273,-0.09277206,-0.07790641,0.153948,0.1847775,-0.9706479,False,-1,-1,0,0,0,-1
2026-08-21 13:06:07.868,51.14159,True,18.27353,0.7343876,-8.496072,0.003955228,-0.9926165,-0.09285899,-0.07793676,0.1539881,0.1849632,-0.9706061,False,-1,-1,0,0,0,-1
2026-08-21 13:06:07.912,51.18586,True,18.27352,0.7343596,-8.495955,0.003929145,-0.9926308,-0.09271237,-0.07793058,0.153984,0.1846707,-0.9706625,False,-1,-1,0,0,0,-1
2026-08-21 13:06:07.946,51.21951,True,18.27347,0.7343162,-8.496006,0.003935647,-0.9926243,-0.09277084,-0.07794234,0.1540047,0.1847867,-0.9706371,False,-1,-1,0,0,0,-1
2026-08-21 13:06:07.980,51.25392,True,18.27349,0.7342808,-8.496005,0.003916699,-0.9926295,-0.09275581,-0.07789645,0.153918,0.1847545,-0.9706571,False,-1,-1,0,0,0,-1
2026-08-21 13:06:08.023,51.29669,True,18.27351,0.7343085,-8.496147,0.00398163,-0.9926317,-0.09275635,-0.07786371,0.1538413,0.1847658,-0.970667,False,-1,-1,0,0,0,-1
2026-08-21 13:06:08.067,51.34109,True,18.27351,0.7343507,-8.496116,0.003882563,-0.9926088,-0.09299793,-0.07787208,0.1538709,0.1852258,-0.9705747,False,-1,-1,0,0,0,-1
2026-08-21 13:06:08.100,51.37443,True,18.27347,0.7343609,-8.496099,0.003924216,-0.9926161,-0.09290016,-0.07789408,0.1539087,0.1850397,-0.9706041,False,-1,-1,0,0,0,-1
2026-08-21 13:06:08.133,51.40823,True,18.27339,0.7343529,-8.49623,0.00373571,-0.9926036,-0.09308202,-0.07784507,0.1538432,0.1853687,-0.9705518,False,-1,-1,0,0,0,-1
2026-08-21 13:06:08.178,51.45266,True,18.27331,0.7343501,-8.496356,0.003902581,-0.9926322,-0.09276728,-0.0778487,0.1538262,0.1847752,-0.9706677,False,-1,-1,0,0,0,-1
2026-08-21 13:06:08.222,51.49704,True,18.27325,0.7344246,-8.496198,0.003885707,-0.9926106,-0.09300551,-0.07784025,0.1538073,0.1852414,-0.9705817,False,-1,-1,0,0,0,-1
2026-08-21 13:06:08.267,51.54111,True,18.27333,0.7344553,-8.496332,0.004065592,-0.9926578,-0.09254375,-0.07777985,0.153665,0.184361,-0.9707718,False,-1,-1,0,0,0,-1
2026-08-21 13:06:08.311,51.58584,True,18.27321,0.7343895,-8.496284,0.003982992,-0.9926452,-0.09265022,-0.07781781,0.1537529,0.1845575,-0.9707206,False,-1,-1,0,0,0,-1
2026-08-21 13:06:08.356,51.63006,True,18.2732,0.7344159,-8.49606,0.003934531,-0.9926305,-0.09284213,-0.07777892,0.1536809,0.1849279,-0.9706616,False,-1,-1,0,0,0,-1
2026-08-21 13:06:08.400,51.67439,True,18.27326,0.7344348,-8.496148,0.003787581,-0.992621,-0.09301001,-0.07770652,0.1535617,0.185236,-0.9706216,False,-1,-1,0,0,0,-1
2026-08-21 13:06:08.435,51.70914,True,18.27324,0.7344766,-8.496001,0.003887675,-0.9926227,-0.09294122,-0.07776188,0.1536538,0.1851158,-0.97063,False,-1,-1,0,0,0,-1
2026-08-21 13:06:08.478,51.75256,True,18.2732,0.7345397,-8.495994,0.003872488,-0.9926313,-0.09286798,-0.07774102,0.1536171,0.1849694,-0.9706637,False,-1,-1,0,0,0,-1
2026-08-21 13:06:08.512,51.78644,True,18.27311,0.7344796,-8.495971,0.003899314,-0.9926326,-0.09286085,-0.07773127,0.153593,0.1849596,-0.9706694,False,-1,-1,0,0,0,-1
2026-08-21 13:06:08.556,51.82992,True,18.27302,0.7344702,-8.495847,0.003917324,-0.9926562,-0.09263012,-0.07770483,0.1535426,0.1845085,-0.9707633,False,-1,-1,0,0,0,-1
2026-08-21 13:06:08.590,51.86343,True,18.27296,0.7344896,-8.49575,0.003825178,-0.9926275,-0.09290369,-0.07774917,0.1536412,0.1850323,-0.970648,False,-1,-1,0,0,0,-1
2026-08-21 13:06:08.634,51.90797,True,18.27291,0.7344018,-8.495808,0.00376229,-0.9926295,-0.09294628,-0.07767587,0.1535074,0.1851069,-0.9706549,False,-1,-1,0,0,0,-1
2026-08-21 13:06:08.668,51.94141,True,18.27289,0.7344431,-8.495646,0.003941118,-0.9926479,-0.09273543,-0.0776838,0.1534944,0.1847196,-0.9707307,False,-1,-1,0,0,0,-1
2026-08-21 13:06:08.701,51.97512,True,18.27283,0.7344006,-8.495778,0.003816995,-0.9926401,-0.09285044,-0.0776522,0.1534526,0.1849269,-0.9706979,False,-1,-1,0,0,0,-1
2026-08-21 13:06:08.734,52.00858,True,18.27279,0.7344037,-8.495632,0.004067065,-0.9926538,-0.09264789,-0.07770705,0.1535188,0.1845666,-0.970756,False,-1,-1,0,0,0,-1
2026-08-21 13:06:08.778,52.05258,True,18.27273,0.7343233,-8.495688,0.003842882,-0.9926495,-0.09275319,-0.07764718,0.15344,0.1847396,-0.9707355,False,-1,-1,0,0,0,-1
2026-08-21 13:06:08.821,52.09672,True,18.27268,0.7342916,-8.495789,0.003998233,-0.9926636,-0.09257241,-0.07767539,0.1534708,0.1844076,-0.9707937,False,-1,-1,0,0,0,-1
2026-08-21 13:06:08.856,52.13012,True,18.27263,0.7343376,-8.495732,0.003960432,-0.9926617,-0.09263054,-0.07763188,0.1533907,0.1845165,-0.9707857,False,-1,-1,0,0,0,-1
2026-08-21 13:06:08.900,52.17438,True,18.27255,0.73434,-8.495765,0.003990065,-0.9926592,-0.0927071,-0.07757069,0.1532627,0.1846721,-0.9707763,False,-1,-1,0,0,0,-1
2026-08-21 13:06:08.934,52.2079,True,18.27252,0.734324,-8.49581,0.003993474,-0.9926613,-0.09266986,-0.07758833,0.1532977,0.1845993,-0.9707847,False,-1,-1,0,0,0,-1
2026-08-21 13:06:08.967,52.24191,True,18.27254,0.7343986,-8.495749,0.003843874,-0.9926628,-0.09269471,-0.07754695,0.1532433,0.1846254,-0.9707884,False,-1,-1,0,0,0,-1
2026-08-21 13:06:09.013,52.28639,True,18.27251,0.734463,-8.495545,0.003743983,-0.9926397,-0.09290642,-0.07759468,0.1533514,0.1850262,-0.9706949,False,-1,-1,0,0,0,-1
2026-08-21 13:06:09.057,52.3302,True,18.27246,0.7344124,-8.495605,0.003883674,-0.9926678,-0.09260723,-0.07758566,0.1533142,0.184459,-0.9708087,False,-1,-1,0,0,0,-1
2026-08-21 13:06:09.090,52.36391,True,18.27244,0.7344236,-8.495544,0.003861654,-0.9926585,-0.09266493,-0.07763693,0.1534182,0.1845689,-0.9707714,False,-1,-1,0,0,0,-1
2026-08-21 13:06:09.123,52.39751,True,18.27243,0.7344086,-8.495571,0.003859704,-0.9926637,-0.09267672,-0.07755575,0.1532581,0.1845923,-0.9707923,False,-1,-1,0,0,0,-1
2026-08-21 13:06:09.167,52.44154,True,18.27237,0.7342955,-8.495882,0.003718522,-0.9926595,-0.0927627,-0.07751375,0.1531997,0.18474,-0.9707735,False,-1,-1,0,0,0,-1
2026-08-21 13:06:09.212,52.48598,True,18.27232,0.7342799,-8.495964,0.00385072,-0.9926727,-0.09261893,-0.07751094,0.1531726,0.1844775,-0.9708276,False,-1,-1,0,0,0,-1
2026-08-21 13:06:09.256,52.53012,True,18.27229,0.7343382,-8.495912,0.003821378,-0.9926704,-0.09265973,-0.0774928,0.1531414,0.1845534,-0.970818,False,-1,-1,0,0,0,-1
2026-08-21 13:06:09.289,52.56377,True,18.27221,0.7343405,-8.495996,0.003710955,-0.9926313,-0.09305626,-0.07752406,0.1532149,0.1853165,-0.9706612,False,-1,-1,0,0,0,-1
2026-08-21 13:06:09.336,52.60913,True,18.27226,0.7342162,-8.496205,0.003926337,-0.9926727,-0.09263491,-0.0774878,0.1531126,0.1845208,-0.9708288,False,-1,-1,0,0,0,-1
2026-08-21 13:06:09.378,52.65261,True,18.27223,0.7342364,-8.496072,0.003890591,-0.9926674,-0.09267816,-0.07750507,0.1531524,0.1846002,-0.9708074,False,-1,-1,0,0,0,-1
2026-08-21 13:06:09.423,52.69753,True,18.27216,0.7343203,-8.4959,0.00384785,-0.9926565,-0.09281974,-0.07747699,0.1531018,0.1848725,-0.9707636,False,-1,-1,0,0,0,-1
2026-08-21 13:06:09.457,52.73107,True,18.27218,0.7343479,-8.49588,0.003863118,-0.9926724,-0.09266638,-0.07745594,0.1530608,0.1845732,-0.970827,False,-1,-1,0,0,0,-1
2026-08-21 13:06:09.500,52.77488,True,18.27217,0.734336,-8.495741,0.003744326,-0.9926807,-0.09250861,-0.07754426,0.1532606,0.1842437,-0.9708581,False,-1,-1,0,0,0,-1
2026-08-21 13:06:09.534,52.80844,True,18.27222,0.7343599,-8.495828,0.003814828,-0.9926631,-0.0927665,-0.07745804,0.1530717,0.1847627,-0.9707893,False,-1,-1,0,0,0,-1
2026-08-21 13:06:09.579,52.85328,True,18.27223,0.7343275,-8.49583,0.003640659,-0.9926784,-0.09266257,-0.07739494,0.1529819,0.1845318,-0.9708474,False,-1,-1,0,0,0,-1
2026-08-21 13:06:09.623,52.89732,True,18.27221,0.7344044,-8.495771,0.003605389,-0.9926767,-0.09265734,-0.07742453,0.1530469,0.1845158,-0.9708401,False,-1,-1,0,0,0,-1
2026-08-21 13:06:09.656,52.93066,True,18.27223,0.7344204,-8.495834,0.003640796,-0.9926955,-0.09248882,-0.0773845,0.152965,0.1841899,-0.9709149,False,-1,-1,0,0,0,-1
2026-08-21 13:06:09.701,52.97497,True,18.27221,0.7344151,-8.496084,0.003831334,-0.9926865,-0.09253827,-0.07743151,0.1530213,0.1843163,-0.970882,False,-1,-1,0,0,0,-1
2026-08-21 13:06:09.735,53.00858,True,18.27222,0.7344165,-8.496168,0.003789027,-0.9926831,-0.09260955,-0.07739107,0.1529478,0.1844504,-0.9708682,False,-1,-1,0,0,0,-1
2026-08-21 13:06:09.779,53.05281,True,18.27222,0.7345009,-8.496051,0.003778649,-0.9926803,-0.09259264,-0.07744796,0.1530624,0.1844151,-0.9708568,False,-1,-1,0,0,0,-1
2026-08-21 13:06:09.822,53.09692,True,18.27217,0.734588,-8.495949,0.003733568,-0.9926862,-0.09256171,-0.07741202,0.1530005,0.1843475,-0.9708794,False,-1,-1,0,0,0,-1
2026-08-21 13:06:09.867,53.14147,True,18.27211,0.7346636,-8.495798,0.003701855,-0.9926811,-0.09256226,-0.0774775,0.1531356,0.1843432,-0.9708589,False,-1,-1,0,0,0,-1
2026-08-21 13:06:09.911,53.1855,True,18.27218,0.7345793,-8.495893,0.003674387,-0.9926973,-0.09249877,-0.07734698,0.1528845,0.184215,-0.9709229,False,-1,-1,0,0,0,-1
2026-08-21 13:06:09.944,53.21895,True,18.2722,0.7346086,-8.495831,0.003787515,-0.9926934,-0.09255698,-0.07732148,0.1528119,0.1843471,-0.9709092,False,-1,-1,0,0,0,-1
2026-08-21 13:06:09.979,53.25378,True,18.27218,0.734643,-8.495839,0.003607491,-0.9926781,-0.09269167,-0.07736582,0.1529299,0.1845842,-0.9708455,False,-1,-1,0,0,0,-1
2026-08-21 13:06:10.022,53.2972,True,18.27214,0.734683,-8.49574,0.003894223,-0.9926993,-0.09249014,-0.07732145,0.1527935,0.184232,-0.970934,False,-1,-1,0,0,0,-1
2026-08-21 13:06:10.067,53.34113,True,18.27208,0.734612,-8.496094,0.003879127,-0.9926884,-0.09262099,-0.07730573,0.1527624,0.1844873,-0.9708903,False,-1,-1,0,0,0,-1
2026-08-21 13:06:10.101,53.37449,True,18.27206,0.734672,-8.495886,0.003795233,-0.9926986,-0.0925275,-0.0772902,0.1527494,0.1842905,-0.9709298,False,-1,-1,0,0,0,-1
2026-08-21 13:06:10.134,53.40787,True,18.27209,0.7346779,-8.4959,0.003709698,-0.9927111,-0.09240566,-0.07728032,0.1527485,0.1840376,-0.9709779,False,-1,-1,0,0,0,-1
2026-08-21 13:06:10.179,53.45269,True,18.27215,0.734676,-8.495935,0.003781947,-0.9927123,-0.09241627,-0.07724754,0.1526701,0.1840698,-0.9709841,False,-1,-1,0,0,0,-1
2026-08-21 13:06:10.223,53.49702,True,18.27211,0.734563,-8.496098,0.003582028,-0.9926899,-0.09269389,-0.07721251,0.1526321,0.1845857,-0.9708921,False,-1,-1,0,0,0,-1
2026-08-21 13:06:10.268,53.54133,True,18.27208,0.7345066,-8.495982,0.003827865,-0.9927089,-0.09258457,-0.0770873,0.1523417,0.1844092,-0.9709713,False,-1,-1,0,0,0,-1
2026-08-21 13:06:10.300,53.57475,True,18.27215,0.7345003,-8.49608,0.003670877,-0.9926872,-0.09272635,-0.07720422,0.1525985,0.1846633,-0.9708827,False,-1,-1,0,0,0,-1
2026-08-21 13:06:10.333,53.60809,True,18.27206,0.7345117,-8.495945,0.003635626,-0.992694,-0.09262704,-0.07723688,0.1526717,0.1844622,-0.9709094,False,-1,-1,0,0,0,-1
2026-08-21 13:06:10.378,53.65205,True,18.27205,0.7345178,-8.495852,0.00371894,-0.992714,-0.09243654,-0.0772047,0.1525968,0.1841003,-0.9709898,False,-1,-1,0,0,0,-1
2026-08-21 13:06:10.411,53.68572,True,18.27192,0.7345299,-8.495861,0.003690034,-0.9927039,-0.0925063,-0.07725272,0.1526955,0.1842329,-0.9709492,False,-1,-1,0,0,0,-1
2026-08-21 13:06:10.456,53.72992,True,18.27188,0.7345186,-8.495778,0.003699818,-0.9927062,-0.09251064,-0.07721743,0.1526239,0.1842432,-0.9709585,False,-1,-1,0,0,0,-1
2026-08-21 13:06:10.490,53.76426,True,18.27185,0.7345456,-8.495755,0.003673355,-0.9926996,-0.09259879,-0.07719719,0.152587,0.1844127,-0.9709321,False,-1,-1,0,0,0,-1
2026-08-21 13:06:10.534,53.80838,True,18.27173,0.7344056,-8.495934,0.003709734,-0.9927018,-0.09259275,-0.07717544,0.1525374,0.1844066,-0.9709411,False,-1,-1,0,0,0,-1
2026-08-21 13:06:10.568,53.84175,True,18.27172,0.7344646,-8.495764,0.00373605,-0.992685,-0.09276054,-0.07718855,0.1525547,0.1847408,-0.9708748,False,-1,-1,0,0,0,-1
2026-08-21 13:06:10.612,53.88549,True,18.27165,0.7343553,-8.495876,0.003749443,-0.9927083,-0.09252964,-0.07716552,0.1525118,0.1842885,-0.9709675,False,-1,-1,0,0,0,-1
2026-08-21 13:06:10.644,53.91894,True,18.27159,0.7343686,-8.495835,0.003714306,-0.9927024,-0.09258939,-0.07717188,0.1525296,0.1844007,-0.9709434,False,-1,-1,0,0,0,-1
2026-08-21 13:06:10.678,53.9532,True,18.27151,0.7343176,-8.49602,0.00379533,-0.9926986,-0.0926219,-0.07717737,0.1525247,0.1844771,-0.9709297,False,-1,-1,0,0,0,-1
2026-08-21 13:06:10.722,53.9965,True,18.27149,0.734288,-8.496051,0.00364433,-0.9927055,-0.09259564,-0.07712663,0.1524531,0.1844025,-0.970955,False,-1,-1,0,0,0,-1
2026-08-21 13:06:10.757,54.03098,True,18.27147,0.734299,-8.496176,0.003754295,-0.9927101,-0.09255624,-0.07710928,0.1523994,0.184342,-0.970975,False,-1,-1,0,0,0,-1
2026-08-21 13:06:10.799,54.07443,True,18.27146,0.7343274,-8.496151,0.003837209,-0.9927124,-0.09252672,-0.07711112,0.1523883,0.1842966,-0.9709854,False,-1,-1,0,0,0,-1
2026-08-21 13:06:10.833,54.10785,True,18.27139,0.7343938,-8.496071,0.003637328,-0.992709,-0.09258462,-0.07709566,0.1523936,0.18438,-0.9709687,False,-1,-1,0,0,0,-1
2026-08-21 13:06:10.867,54.14121,True,18.2714,0.7343851,-8.496011,0.003727149,-0.9927218,-0.09244842,-0.07708955,0.1523678,0.1841258,-0.971021,False,-1,-1,0,0,0,-1
2026-08-21 13:06:10.900,54.17489,True,18.27135,0.7344061,-8.495988,0.003657561,-0.992709,-0.0925643,-0.07711793,0.1524342,0.184343,-0.9709693,False,-1,-1,0,0,0,-1
2026-08-21 13:06:10.945,54.21927,True,18.27136,0.7344252,-8.495863,0.003779547,-0.9927287,-0.09234843,-0.07711834,0.1524171,0.1839368,-0.971049,False,-1,-1,0,0,0,-1
2026-08-21 13:06:10.980,54.25401,True,18.27132,0.7344288,-8.496004,0.003705684,-0.9927075,-0.09260337,-0.077089,0.1523674,0.1844275,-0.9709638,False,-1,-1,0,0,0,-1
2026-08-21 13:06:11.024,54.29815,True,18.27128,0.7344511,-8.495987,0.003679129,-0.9927093,-0.09260542,-0.07706548,0.1523258,0.1844275,-0.9709703,False,-1,-1,0,0,0,-1
2026-08-21 13:06:11.060,54.33383,True,18.27127,0.7344939,-8.495964,0.003638431,-0.9927106,-0.09259839,-0.07705889,0.1523205,0.1844075,-0.9709749,False,-1,-1,0,0,0,-1
2026-08-21 13:06:11.100,54.37494,True,18.27135,0.7344954,-8.496033,0.003772877,-0.992731,-0.09239992,-0.07702654,0.1522361,0.1840378,-0.9710583,False,-1,-1,0,0,0,-1
2026-08-21 13:06:11.135,54.40855,True,18.27133,0.734514,-8.496043,0.003819403,-0.992734,-0.0923462,-0.07705124,0.1522774,0.183939,-0.9710706,False,-1,-1,0,0,0,-1
2026-08-21 13:06:11.178,54.45267,True,18.27134,0.734542,-8.496027,0.003701495,-0.9927115,-0.09255464,-0.07709645,0.1523839,0.1843309,-0.9709796,False,-1,-1,0,0,0,-1
2026-08-21 13:06:11.222,54.49686,True,18.27134,0.7345151,-8.49614,0.003637047,-0.992703,-0.09266105,-0.07708186,0.1523647,0.1845305,-0.9709446,False,-1,-1,0,0,0,-1
2026-08-21 13:06:11.270,54.54401,True,18.27133,0.7345603,-8.496048,0.003898547,-0.9927459,-0.09217367,-0.0770997,0.1523621,0.1836112,-0.9711193,False,-1,-1,0,0,0,-1
2026-08-21 13:06:11.311,54.58539,True,18.27133,0.7345616,-8.49611,0.003549287,-0.9927223,-0.09251597,-0.07701106,0.1522445,0.184232,-0.9710202,False,-1,-1,0,0,0,-1
2026-08-21 13:06:11.345,54.61908,True,18.27128,0.7345416,-8.496241,0.003732028,-0.9927402,-0.09228424,-0.07704905,0.1522906,0.1838037,-0.9710941,False,-1,-1,0,0,0,-1
2026-08-21 13:06:11.378,54.65246,True,18.27129,0.7345111,-8.496204,0.003553445,-0.9927237,-0.09246952,-0.07704874,0.152319,0.1841409,-0.9710257,False,-1,-1,0,0,0,-1
2026-08-21 13:06:11.412,54.68633,True,18.27123,0.7345386,-8.496197,0.003590504,-0.9927046,-0.09268072,-0.0770397,0.1522898,0.1845623,-0.9709503,False,-1,-1,0,0,0,-1
2026-08-21 13:06:11.458,54.73163,True,18.27128,0.7345403,-8.496206,0.003684116,-0.9927222,-0.09250691,-0.07701629,0.15223,0.1842348,-0.971022,False,-1,-1,0,0,0,-1
2026-08-21 13:06:11.500,54.77497,True,18.27123,0.7344246,-8.496301,0.003602593,-0.9927413,-0.0921973,-0.0771459,0.1525075,0.183612,-0.9710963,False,-1,-1,0,0,0,-1
2026-08-21 13:06:11.534,54.8084,True,18.27126,0.7345282,-8.49615,0.003585417,-0.9927241,-0.09248984,-0.07701708,0.1522502,0.1841861,-0.971028,False,-1,-1,0,0,0,-1
2026-08-21 13:06:11.567,54.84202,True,18.27122,0.7344798,-8.496444,0.003649293,-0.9927303,-0.09247828,-0.07694866,0.1521035,0.1841736,-0.9710533,False,-1,-1,0,0,0,-1
2026-08-21 13:06:11.603,54.87663,True,18.27122,0.7345438,-8.496158,0.003748839,-0.992742,-0.09232198,-0.07698047,0.1521513,0.1838809,-0.9711013,False,-1,-1,0,0,0,-1
2026-08-21 13:06:11.645,54.91949,True,18.27125,0.7345734,-8.496076,0.003530271,-0.9927171,-0.09259311,-0.07698598,0.1521968,0.1843811,-0.9709994,False,-1,-1,0,0,0,-1
2026-08-21 13:06:11.679,54.95283,True,18.27124,0.7346576,-8.495929,0.003481465,-0.9927132,-0.09261688,-0.07701039,0.1522536,0.1844202,-0.970983,False,-1,-1,0,0,0,-1
2026-08-21 13:06:11.712,54.9865,True,18.27132,0.7347146,-8.495857,0.003487019,-0.9927141,-0.09259402,-0.07702557,0.152283,0.1843759,-0.9709868,False,-1,-1,0,0,0,-1
2026-08-21 13:06:11.756,55.03088,True,18.27135,0.7347479,-8.49586,0.003514765,-0.9927144,-0.09259971,-0.07701353,0.1522539,0.1843915,-0.9709885,False,-1,-1,0,0,0,-1
2026-08-21 13:06:11.791,55.06448,True,18.27133,0.734676,-8.495946,0.003455049,-0.9927216,-0.09255767,-0.07697418,0.1521883,0.1842999,-0.9710161,False,-1,-1,0,0,0,-1
2026-08-21 13:06:11.824,55.09789,True,18.27127,0.7345923,-8.496354,0.003565774,-0.9927362,-0.09242305,-0.07694275,0.1521086,0.1840521,-0.9710756,False,-1,-1,0,0,0,-1
2026-08-21 13:06:11.868,55.14157,True,18.2713,0.7345908,-8.496434,0.003604873,-0.9927458,-0.0923261,-0.07693291,0.152084,0.1838674,-0.9711144,False,-1,-1,0,0,0,-1
2026-08-21 13:06:11.912,55.18595,True,18.27123,0.7346292,-8.496388,0.003548071,-0.9927344,-0.0924258,-0.07696287,0.1521515,0.1840547,-0.9710684,False,-1,-1,0,0,0,-1
2026-08-21 13:06:11.944,55.21953,True,18.27129,0.7346228,-8.496409,0.003528115,-0.9927478,-0.09231264,-0.07692751,0.1520878,0.1838291,-0.9711211,False,-1,-1,0,0,0,-1
2026-08-21 13:06:11.990,55.26418,True,18.27122,0.7346633,-8.496309,0.003540092,-0.9927202,-0.09260937,-0.07692588,0.1520761,0.184415,-0.9710118,False,-1,-1,0,0,0,-1
2026-08-21 13:06:12.025,55.29853,True,18.27125,0.7346673,-8.496341,0.003491488,-0.9927297,-0.09251501,-0.07691923,0.152074,0.1842219,-0.9710488,False,-1,-1,0,0,0,-1
2026-08-21 13:06:12.070,55.34408,True,18.27121,0.7346799,-8.496259,0.0036631,-0.9927512,-0.09223943,-0.07696441,0.1521372,0.1837054,-0.9711367,False,-1,-1,0,0,0,-1
2026-08-21 13:06:12.112,55.38553,True,18.27125,0.7347827,-8.496245,0.003596818,-0.9927379,-0.09245981,-0.07687394,0.1519662,0.1841297,-0.9710832,False,-1,-1,0,0,0,-1
2026-08-21 13:06:12.156,55.4303,True,18.27125,0.7347027,-8.496305,0.003432731,-0.992731,-0.0924976,-0.07692628,0.1520991,0.1841786,-0.9710531,False,-1,-1,0,0,0,-1
2026-08-21 13:06:12.190,55.46401,True,18.27136,0.7347308,-8.496233,0.003430167,-0.9927298,-0.09255665,-0.0768699,0.1519871,0.1842948,-0.9710485,False,-1,-1,0,0,0,-1
2026-08-21 13:06:12.235,55.50906,True,18.2713,0.7347452,-8.496124,0.003554396,-0.99274,-0.0924042,-0.07691718,0.1520606,0.1840135,-0.9710904,False,-1,-1,0,0,0,-1
2026-08-21 13:06:12.279,55.55295,True,18.27136,0.7348428,-8.496146,0.00351934,-0.9927137,-0.09273425,-0.07686018,0.1519476,0.1846581,-0.9709858,False,-1,-1,0,0,0,-1
2026-08-21 13:06:12.321,55.59664,True,18.27135,0.7347978,-8.49603,0.003489386,-0.9927403,-0.09242258,-0.07689403,0.1520266,0.1840398,-0.9710907,False,-1,-1,0,0,0,-1
2026-08-21 13:06:12.382,55.65564,True,18.27138,0.7347516,-8.496103,0.003517906,-0.9927421,-0.09241931,-0.07687213,0.1519782,0.184038,-0.9710987,False,-1,-1,0,0,0,-1
2026-08-21 13:06:12.424,55.69825,True,18.27129,0.7346935,-8.496302,0.003561095,-0.9927458,-0.0924182,-0.07682509,0.1518773,0.1840427,-0.9711136,False,-1,-1,0,0,0,-1
2026-08-21 13:06:12.458,55.7318,True,18.27128,0.7346449,-8.49655,0.00356391,-0.9927582,-0.09232429,-0.07677756,0.151785,0.1838586,-0.9711629,False,-1,-1,0,0,0,-1
2026-08-21 13:06:12.501,55.77582,True,18.27123,0.7346603,-8.496438,0.003702828,-0.9927446,-0.0924329,-0.07681554,0.1518319,0.1840934,-0.9711111,False,-1,-1,0,0,0,-1
2026-08-21 13:06:12.536,55.81013,True,18.27122,0.7346922,-8.496297,0.003444383,-0.9927449,-0.09242988,-0.0768276,0.1519037,0.1840478,-0.9711085,False,-1,-1,0,0,0,-1
2026-08-21 13:06:12.580,55.85398,True,18.2711,0.7347343,-8.496256,0.003547811,-0.9927374,-0.09250166,-0.07683416,0.1518959,0.1842049,-0.9710799,False,-1,-1,0,0,0,-1
2026-08-21 13:06:12.623,55.89834,True,18.27108,0.7347141,-8.496256,0.003631006,-0.9927512,-0.09236217,-0.07681875,0.1518531,0.1839432,-0.9711362,False,-1,-1,0,0,0,-1
2026-08-21 13:06:12.668,55.94253,True,18.27101,0.7347499,-8.496185,0.003658289,-0.992741,-0.0924803,-0.07680664,0.1518216,0.1841799,-0.9710962,False,-1,-1,0,0,0,-1
2026-08-21 13:06:12.701,55.97614,True,18.27106,0.7348123,-8.496221,0.003809282,-0.992706,-0.09282835,-0.07683183,0.1518356,0.1848879,-0.9709595,False,-1,-1,0,0,0,-1
2026-08-21 13:06:12.735,56.00948,True,18.27098,0.7347921,-8.496293,0.003671165,-0.9927158,-0.09276298,-0.07679091,0.151782,0.1847384,-0.9709964,False,-1,-1,0,0,0,-1
2026-08-21 13:06:12.780,56.05378,True,18.27101,0.7347565,-8.496272,0.003791998,-0.9927296,-0.09262032,-0.07677926,0.1517397,0.1844762,-0.9710529,False,-1,-1,0,0,0,-1
2026-08-21 13:06:12.814,56.08744,True,18.27102,0.7347237,-8.496341,0.00364452,-0.9927272,-0.09263135,-0.07680444,0.1518165,0.1844751,-0.971041,False,-1,-1,0,0,0,-1
2026-08-21 13:06:12.857,56.1315,True,18.27096,0.7346931,-8.496559,0.003813905,-0.9927377,-0.0925471,-0.07676172,0.1517026,0.1843355,-0.9710853,False,-1,-1,0,0,0,-1
2026-08-21 13:06:12.901,56.1758,True,18.27096,0.7347479,-8.496394,0.003618148,-0.9927246,-0.09268211,-0.07677776,0.1517677,0.1845712,-0.9710304,False,-1,-1,0,0,0,-1
2026-08-21 13:06:12.936,56.20969,True,18.27085,0.7347266,-8.496519,0.003613313,-0.9927154,-0.09277096,-0.07679066,0.1517921,0.1847452,-0.9709935,False,-1,-1,0,0,0,-1
2026-08-21 13:06:12.970,56.24332,True,18.27089,0.7348032,-8.496304,0.003643764,-0.9927526,-0.09239301,-0.07676286,0.1517397,0.1840062,-0.9711419,False,-1,-1,0,0,0,-1
2026-08-21 13:06:13.003,56.27685,True,18.27078,0.7348138,-8.496275,0.003717937,-0.9927238,-0.09271309,-0.07674642,0.1516866,0.1846476,-0.9710286,False,-1,-1,0,0,0,-1
2026-08-21 13:06:13.036,56.31025,True,18.27076,0.7347652,-8.496117,0.003573543,-0.9927281,-0.09271058,-0.07670046,0.1516228,0.184621,-0.9710436,False,-1,-1,0,0,0,-1
2026-08-21 13:06:13.071,56.34406,True,18.27073,0.7347069,-8.496211,0.003729276,-0.9927249,-0.09271707,-0.07672655,0.1516452,0.1846574,-0.9710332,False,-1,-1,0,0,0,-1
2026-08-21 13:06:13.113,56.38765,True,18.27065,0.7346769,-8.496078,0.003756073,-0.9927426,-0.09253758,-0.07671276,0.1516169,0.1843083,-0.9711038,False,-1,-1,0,0,0,-1
2026-08-21 13:06:13.158,56.43156,True,18.27056,0.7345321,-8.496191,0.003697413,-0.9927281,-0.09270554,-0.07670016,0.1515993,0.18463,-0.9710456,False,-1,-1,0,0,0,-1
2026-08-21 13:06:13.201,56.47567,True,18.27061,0.7344773,-8.496118,0.003687905,-0.9927285,-0.09267962,-0.07672692,0.1516544,0.1845773,-0.9710469,False,-1,-1,0,0,0,-1
2026-08-21 13:06:13.236,56.51012,True,18.27062,0.7344481,-8.496057,0.003602888,-0.9927172,-0.09282836,-0.07669774,0.1516094,0.1848572,-0.9710007,False,-1,-1,0,0,0,-1
2026-08-21 13:06:13.269,56.54372,True,18.27063,0.7344453,-8.495999,0.003619983,-0.9927611,-0.09231409,-0.07674922,0.1517189,0.1838473,-0.9711753,False,-1,-1,0,0,0,-1
2026-08-21 13:06:13.315,56.58805,True,18.27081,0.7346142,-8.495957,0.005543252,-0.9925802,-0.09421874,-0.07665971,0.1511372,0.1878892,-0.9704922,False,-1,-1,0,0,0,-1
2026-08-21 13:06:13.358,56.63208,True,18.26895,0.7343748,-8.495868,0.00839375,-0.9921669,-0.09201433,-0.08406994,0.1652781,0.1839985,-0.9689312,False,-1,-1,0,0,0,-1
2026-08-21 13:06:13.391,56.66578,True,18.26966,0.7346043,-8.495709,0.004474669,-0.9923719,-0.09256079,-0.08130459,0.1605404,0.1844371,-0.9696441,False,-1,-1,0,0,0,-1
2026-08-21 13:06:13.427,56.70118,True,18.27039,0.7351006,-8.495646,0.004795318,-0.9926686,-0.09072265,-0.07972183,0.1574046,0.1808796,-0.9708277,False,-1,-1,0,0,0,-1
2026-08-21 13:06:13.469,56.74324,True,18.2713,0.7358453,-8.495646,0.001685353,-0.9925439,-0.09402551,-0.07754357,0.1536139,0.1869103,-0.9702924,False,-1,-1,0,0,0,-1
2026-08-21 13:06:13.513,56.78767,True,18.27139,0.736077,-8.495892,0.002529469,-0.9924052,-0.09429944,-0.07895099,0.1562257,0.1875659,-0.9697487,False,-1,-1,0,0,0,-1
2026-08-21 13:06:13.547,56.82169,True,18.27147,0.7362063,-8.495925,0.002806012,-0.9924473,-0.09400655,-0.07876179,0.1558063,0.1870351,-0.9699187,False,-1,-1,0,0,0,-1
2026-08-21 13:06:13.582,56.85586,True,18.27167,0.7369066,-8.497283,0.003395677,-0.9933224,-0.09360807,-0.06735472,0.1331742,0.1864234,-0.9734017,False,-1,-1,0,0,0,-1
2026-08-21 13:06:13.626,56.8997,True,18.27116,0.7380177,-8.49892,0.001004372,-0.9933601,-0.09652919,-0.06258452,0.124144,0.1919022,-0.9735305,False,-1,-1,0,0,0,-1
2026-08-21 13:06:13.669,56.94346,True,18.27022,0.7384713,-8.500635,0.01785527,-0.995069,-0.08282781,-0.05156049,0.09965465,0.16668,-0.9809622,False,-1,-1,0,0,0,-1
2026-08-21 13:06:13.703,56.97734,True,18.2705,0.7390491,-8.502489,0.02114487,-0.9957278,-0.07980606,-0.04135387,0.07897941,0.1606791,-0.9838417,False,-1,-1,0,0,0,-1
2026-08-21 13:06:13.748,57.02132,True,18.27045,0.7404848,-8.506645,0.03251101,-0.9959569,-0.07878269,-0.0283942,0.05143617,0.1587746,-0.9859741,False,-1,-1,0,0,0,-1
2026-08-21 13:06:13.792,57.06564,True,18.27184,0.7432569,-8.513503,0.04689284,-0.996804,-0.06099707,-0.0215002,0.03714231,0.1236207,-0.9916342,False,-1,-1,0,0,0,-1
2026-08-21 13:06:13.826,57.09978,True,18.27452,0.7455696,-8.520786,0.05586314,-0.9967228,-0.05503457,-0.01985357,0.03342821,0.1119266,-0.9931541,False,-1,-1,0,0,0,-1
2026-08-21 13:06:13.870,57.14365,True,18.27912,0.7486956,-8.529056,0.08297753,-0.9957846,-0.03565575,-0.01601628,0.02598028,0.07366886,-0.9969442,False,-1,-1,0,0,0,-1
2026-08-21 13:06:13.914,57.1875,True,18.28912,0.7526699,-8.542842,0.1400374,-0.990102,0.002897804,-0.008898414,0.01843228,-0.003246023,-0.9998249,False,-1,-1,0,0,0,-1
2026-08-21 13:06:13.947,57.22087,True,18.295,0.7618046,-8.5516,0.1635642,-0.9862191,0.02203044,0.01154466,-0.01556434,-0.04723028,-0.9987628,False,-1,-1,0,0,0,-1
2026-08-21 13:06:13.980,57.2543,True,18.30122,0.7678223,-8.559488,0.1929727,-0.98024,0.03660493,0.02347399,-0.03189278,-0.08082291,-0.9962181,False,-1,-1,0,0,0,-1
2026-08-21 13:06:14.025,57.2988,True,18.31618,0.7764708,-8.573198,0.2511612,-0.9637389,0.07683586,0.0471349,-0.0522551,-0.1717763,-0.9837491,False,-1,-1,0,0,0,-1
2026-08-21 13:06:14.069,57.34324,True,18.34006,0.7884173,-8.59106,0.2879317,-0.9480563,0.1097065,0.07905063,-0.08671292,-0.2535383,-0.963431,False,-1,-1,0,0,0,-1
2026-08-21 13:06:14.112,57.38673,True,18.36755,0.7983276,-8.608876,0.3307332,-0.9263901,0.1364294,0.1174904,-0.1274405,-0.3304895,-0.9351661,False,-1,-1,0,0,0,-1
2026-08-21 13:06:14.147,57.42015,True,18.38894,0.8088103,-8.620775,0.3674135,-0.903452,0.1563991,0.1559523,-0.1668646,-0.3971961,-0.9024364,False,-1,-1,0,0,0,-1
2026-08-21 13:06:14.180,57.45443,True,18.40853,0.8186048,-8.629432,0.3723008,-0.8910888,0.1659961,0.1994948,-0.2319342,-0.4443787,-0.8652942,False,-1,-1,0,0,0,-1
2026-08-21 13:06:14.225,57.49871,True,18.42978,0.8297032,-8.633013,0.3549013,-0.882875,0.1704051,0.2560059,-0.3310885,-0.4826064,-0.8108462,False,-1,-1,0,0,0,-1
2026-08-21 13:06:14.269,57.54302,True,18.45032,0.8387154,-8.628903,0.3422177,-0.8704488,0.1741677,0.3080125,-0.4170115,-0.5140226,-0.749588,False,-1,-1,0,0,0,-1
2026-08-21 13:06:14.312,57.58646,True,18.47265,0.8476831,-8.626453,0.3363337,-0.8510076,0.1826436,0.3595927,-0.4891739,-0.5527485,-0.6746688,False,-1,-1,0,0,0,-1
2026-08-21 13:06:14.346,57.62009,True,18.49664,0.854729,-8.618095,0.3584075,-0.810445,0.1946578,0.4205132,-0.542072,-0.616949,-0.5705541,False,-1,-1,0,0,0,-1
2026-08-21 13:06:14.391,57.6645,True,18.52561,0.861131,-8.599639,0.3779918,-0.7661458,0.2074355,0.4765641,-0.5734172,-0.6781263,-0.4597144,False,-1,-1,0,0,0,-1
2026-08-21 13:06:14.424,57.69806,True,18.54866,0.8658413,-8.585732,0.4160429,-0.7156035,0.2122263,0.5194034,-0.5667833,-0.7359279,-0.3703602,False,-1,-1,0,0,0,-1
2026-08-21 13:06:14.469,57.74234,True,18.58156,0.8711018,-8.564903,0.4283927,-0.661167,0.2271275,0.5724955,-0.5624306,-0.7908441,-0.2413242,False,-1,-1,0,0,0,-1
2026-08-21 13:06:14.501,57.77621,True,18.6094,0.8766338,-8.55117,0.4662929,-0.6001889,0.2238731,0.6101027,-0.5235727,-0.8377052,-0.1553115,False,-1,-1,0,0,0,-1
2026-08-21 13:06:14.546,57.82009,True,18.64793,0.8846405,-8.532173,0.4904227,-0.5289873,0.2196413,0.6568224,-0.4794673,-0.8766162,-0.04068398,False,-1,-1,0,0,0,-1
2026-08-21 13:06:14.580,57.85379,True,18.67702,0.8889678,-8.520453,0.4941363,-0.4720217,0.2393072,0.6897514,-0.4146545,-0.9075786,0.06604978,False,-1,-1,0,0,0,-1
2026-08-21 13:06:14.613,57.88748,True,18.70889,0.8931192,-8.511474,0.5402533,-0.3907778,0.2064269,0.7161055,-0.3366306,-0.9350908,0.1108383,False,-1,-1,0,0,0,-1
2026-08-21 13:06:14.657,57.93124,True,18.75051,0.8975312,-8.506241,0.5876282,-0.3037261,0.1705953,0.7303019,-0.2431303,-0.9619204,0.1248869,False,-1,-1,0,0,0,-1
2026-08-21 13:06:14.702,57.97604,True,18.78048,0.8990197,-8.506535,0.6211513,-0.2402174,0.119862,0.7362742,-0.204827,-0.9722613,0.1129332,False,-1,-1,0,0,0,-1
2026-08-21 13:06:14.736,58.00998,True,18.80172,0.9024555,-8.510095,0.645023,-0.2022768,0.1012162,0.729921,-0.1647185,-0.9825791,0.0860589,False,-1,-1,0,0,0,-1
2026-08-21 13:06:14.780,58.0538,True,18.82807,0.9032658,-8.512588,0.6744853,-0.1679239,0.07018824,0.7155032,-0.1456183,-0.9887652,0.03374237,False,-1,-1,0,0,0,-1
2026-08-21 13:06:14.824,58.09829,True,18.83254,0.9116763,-8.505628,0.6684297,-0.1768675,0.07107916,0.718935,-0.1592896,-0.9862581,0.04383933,False,-1,-1,0,0,0,-1
2026-08-21 13:06:14.859,58.13216,True,18.83892,0.9167799,-8.503732,0.6719339,-0.1587237,0.08372929,0.7185408,-0.1155779,-0.9922037,0.0466231,False,-1,-1,0,0,0,-1
2026-08-21 13:06:14.902,58.17604,True,18.85423,0.9194133,-8.504705,0.6921478,-0.1453318,0.0724013,0.7032554,-0.104186,-0.9945578,-0.0003798343,False,-1,-1,0,0,0,-1
2026-08-21 13:06:14.936,58.20938,True,18.86188,0.9208324,-8.499616,0.6843814,-0.1358438,0.06817113,0.7131068,-0.1004321,-0.9945953,0.02633705,False,-1,-1,0,0,0,-1
2026-08-21 13:06:14.979,58.25365,True,18.86881,0.9255233,-8.495509,0.6676068,-0.1189211,0.06397199,0.7321658,-0.08872366,-0.9928128,0.08031794,False,-1,-1,0,0,0,-1
2026-08-21 13:06:15.024,58.29821,True,18.87313,0.9313145,-8.495387,0.6436152,-0.09813401,0.04205946,0.7578655,-0.09460457,-0.9838025,0.1522584,False,-1,-1,0,0,0,-1
2026-08-21 13:06:15.070,58.34333,True,18.8763,0.9340253,-8.496783,0.6112939,-0.08971955,0.03078,0.7856989,-0.1033538,-0.966109,0.2365403,False,-1,-1,0,0,0,-1
2026-08-21 13:06:15.113,58.38748,True,18.87983,0.9356881,-8.495715,0.5980026,-0.08698377,0.02947796,0.7962146,-0.1032597,-0.9574051,0.2696534,False,-1,-1,0,0,0,-1
2026-08-21 13:06:15.147,58.421,True,18.88209,0.9361371,-8.49505,0.5877581,-0.08604688,0.02234382,0.8041375,-0.1121215,-0.9491218,0.2942728,False,-1,-1,0,0,0,-1
2026-08-21 13:06:15.191,58.46497,True,18.88449,0.9366729,-8.494668,0.5719824,-0.08998094,0.01489328,0.8151796,-0.1296639,-0.935217,0.3294792,False,-1,-1,0,0,0,-1
2026-08-21 13:06:15.235,58.5091,True,18.88505,0.9391241,-8.494734,0.5519657,-0.08146103,0.009423991,0.8298248,-0.1247933,-0.9176049,0.377396,False,-1,-1,0,0,0,-1
2026-08-21 13:06:15.269,58.54272,True,18.88482,0.9412606,-8.496158,0.5373998,-0.07343973,0.003324559,0.8401173,-0.1198227,-0.903446,0.4116161,False,-1,-1,0,0,0,-1
2026-08-21 13:06:15.313,58.58711,True,18.88647,0.9437717,-8.498362,0.5181413,-0.06109997,0.002530704,0.8531061,-0.101627,-0.8843682,0.4555928,False,-1,-1,0,0,0,-1
2026-08-21 13:06:15.347,58.6209,True,18.88769,0.9455458,-8.499467,0.5134039,-0.05599554,0.005425974,0.8563011,-0.09032664,-0.8798643,0.4665619,False,-1,-1,0,0,0,-1
2026-08-21 13:06:15.391,58.66455,True,18.89029,0.9470236,-8.500208,0.512548,-0.0478373,0.01191985,0.8572421,-0.06979731,-0.8798959,0.4700122,False,-1,-1,0,0,0,-1
2026-08-21 13:06:15.423,58.69799,True,18.88952,0.9475746,-8.506497,0.4856777,-0.0407263,0.004810067,0.8731755,-0.06645013,-0.8485556,0.5249171,False,-1,-1,0,0,0,-1
2026-08-21 13:06:15.457,58.73141,True,18.89216,0.9478531,-8.514519,0.474312,-0.03767378,0.004214483,0.8795403,-0.06227324,-0.8346706,0.5472176,False,-1,-1,0,0,0,-1
2026-08-21 13:06:15.502,58.77602,True,18.89407,0.9501593,-8.51704,0.4959213,-0.05144376,0.01566104,0.8667008,-0.07363941,-0.8612421,0.5028311,False,-1,-1,0,0,0,-1
2026-08-21 13:06:15.545,58.82012,True,18.89565,0.9517026,-8.518654,0.5140089,-0.05954352,0.01396651,0.8556018,-0.08753328,-0.881237,0.4644989,False,-1,-1,0,0,0,-1
2026-08-21 13:06:15.579,58.85381,True,18.89758,0.9540873,-8.519177,0.527825,-0.08040226,0.01334088,0.8454338,-0.1218663,-0.8946275,0.4298725,False,-1,-1,0,0,0,-1
2026-08-21 13:06:15.625,58.89919,True,18.89682,0.955914,-8.519152,0.550492,-0.1004095,0.03350006,0.8281028,-0.1294157,-0.9184554,0.3737529,False,-1,-1,0,0,0,-1
2026-08-21 13:06:15.668,58.94218,True,18.89679,0.9568162,-8.517421,0.5852288,-0.1094645,0.04601284,0.8021269,-0.1217528,-0.9489291,0.2910495,False,-1,-1,0,0,0,-1
2026-08-21 13:06:15.714,58.98713,True,18.89351,0.9565023,-8.510113,0.626493,-0.1274186,0.04084466,0.7678559,-0.1445004,-0.9725215,0.1825421,False,-1,-1,0,0,0,-1
2026-08-21 13:06:15.748,59.02106,True,18.89329,0.9548742,-8.504083,0.6654142,-0.1527004,0.04070145,0.7295546,-0.16864,-0.9833422,0.06781298,False,-1,-1,0,0,0,-1
2026-08-21 13:06:15.791,59.06512,True,18.8926,0.9531821,-8.498806,0.7121214,-0.1986794,0.05525973,0.6710857,-0.1879586,-0.9777469,-0.09318075,False,-1,-1,0,0,0,-1
2026-08-21 13:06:15.835,59.10891,True,18.89034,0.9514583,-8.498131,0.7361314,-0.2115519,0.08306514,0.6375395,-0.1474517,-0.9737708,-0.1732872,False,-1,-1,0,0,0,-1
2026-08-21 13:06:15.869,59.14261,True,18.88716,0.9494264,-8.498049,0.7372152,-0.2104113,0.09085225,0.6355996,-0.1335193,-0.9753799,-0.1755181,False,-1,-1,0,0,0,-1
2026-08-21 13:06:15.913,59.18682,True,18.88143,0.9422197,-8.503096,0.7263419,-0.2035926,0.09508155,0.6495668,-0.1263705,-0.9823309,-0.138045,False,-1,-1,0,0,0,-1
2026-08-21 13:06:15.957,59.23098,True,18.8761,0.9370625,-8.506366,0.7065834,-0.1838275,0.1021373,0.6756592,-0.1040726,-0.9923704,-0.06610526,False,-1,-1,0,0,0,-1
2026-08-21 13:06:15.991,59.26437,True,18.8732,0.9346188,-8.510209,0.6868545,-0.1626956,0.09480473,0.701978,-0.0981833,-0.9951621,0.003522184,False,-1,-1,0,0,0,-1
2026-08-21 13:06:16.024,59.298,True,18.87235,0.9352793,-8.514099,0.6656387,-0.152659,0.1025519,0.7232589,-0.08429901,-0.9941692,0.06724056,False,-1,-1,0,0,0,-1
2026-08-21 13:06:16.068,59.34218,True,18.87568,0.940838,-8.521335,0.6608731,-0.1299447,0.08033658,0.7347837,-0.08477797,-0.9920763,0.0927222,False,-1,-1,0,0,0,-1
2026-08-21 13:06:16.102,59.37624,True,18.87908,0.9464496,-8.527724,0.6520684,-0.1461591,0.09028178,0.7384399,-0.09811961,-0.9894177,0.1068885,False,-1,-1,0,0,0,-1
2026-08-21 13:06:16.153,59.41999,True,18.88146,0.9502218,-8.536938,0.645268,-0.1545684,0.1008475,0.7413282,-0.09902456,-0.9878865,0.1194756,False,-1,-1,0,0,0,-1
2026-08-21 13:06:16.180,59.45377,True,18.8825,0.9517788,-8.541446,0.6398974,-0.1561976,0.1045614,0.7451178,-0.09895416,-0.9862624,0.1322673,False,-1,-1,0,0,0,-1
2026-08-21 13:06:16.213,59.48712,True,18.88367,0.9531711,-8.544394,0.629275,-0.1521914,0.1058751,0.7547458,-0.09648253,-0.9821119,0.1617014,False,-1,-1,0,0,0,-1
2026-08-21 13:06:16.257,59.53099,True,18.88522,0.9545524,-8.541906,0.6107246,-0.1247476,0.09215367,0.7765058,-0.08117337,-0.9714543,0.2229069,False,-1,-1,0,0,0,-1
2026-08-21 13:06:16.291,59.56481,True,18.88831,0.9572268,-8.539111,0.586853,-0.104964,0.08139562,0.7987246,-0.07214011,-0.954555,0.2891721,False,-1,-1,0,0,0,-1
2026-08-21 13:06:16.325,59.59873,True,18.89084,0.9595212,-8.537761,0.5702718,-0.0976423,0.08285755,0.8114128,-0.06395374,-0.9416325,0.330512,False,-1,-1,0,0,0,-1
2026-08-21 13:06:16.370,59.64276,True,18.89556,0.9665173,-8.540875,0.5554494,-0.08538162,0.06777877,0.8243737,-0.06547736,-0.9273699,0.3683718,False,-1,-1,0,0,0,-1
2026-08-21 13:06:16.402,59.67612,True,18.89809,0.9706974,-8.543023,0.5507897,-0.09236624,0.0594276,0.827386,-0.08738083,-0.9224096,0.3761983,False,-1,-1,0,0,0,-1
2026-08-21 13:06:16.437,59.71083,True,18.90119,0.9725918,-8.544398,0.5408067,-0.08496454,0.04930832,0.8353908,-0.08862463,-0.9119489,0.4006183,False,-1,-1,0,0,0,-1
2026-08-21 13:06:16.472,59.7448,True,18.9035,0.9742372,-8.544093,0.5288268,-0.09112769,0.04082737,0.8428351,-0.11043,-0.8988687,0.4240759,False,-1,-1,0,0,0,-1
2026-08-21 13:06:16.515,59.78838,True,18.90598,0.974797,-8.541367,0.5175996,-0.07906745,0.03201236,0.8513603,-0.1014906,-0.8863897,0.4516779,False,-1,-1,0,0,0,-1
2026-08-21 13:06:16.559,59.83198,True,18.90539,0.9729704,-8.536781,0.5093756,-0.06752215,0.02615904,0.8574923,-0.08914988,-0.8771039,0.4719546,False,-1,-1,0,0,0,-1
2026-08-21 13:06:16.593,59.86578,True,18.90351,0.969267,-8.532123,0.5029942,-0.05248921,0.02611287,0.8622991,-0.06425355,-0.8702043,0.4884833,False,-1,-1,0,0,0,-1
2026-08-21 13:06:16.626,59.89941,True,18.90398,0.9669331,-8.530458,0.5048106,-0.06104445,0.009033672,0.8610216,-0.0960006,-0.8704087,0.4828796,False,-1,-1,0,0,0,-1
2026-08-21 13:06:16.659,59.9335,True,18.90952,0.9695727,-8.531542,0.5106042,-0.1341364,0.04946695,0.8478466,-0.1769381,-0.8790987,0.4425816,False,-1,-1,0,0,0,-1
2026-08-21 13:06:16.704,59.97728,True,18.90481,0.9735798,-8.521031,0.5018755,-0.1126579,0.06491978,0.8551109,-0.1275067,-0.8729458,0.4708584,False,-1,-1,0,0,0,-1
2026-08-21 13:06:16.747,60.02141,True,18.89754,0.9864219,-8.510452,0.4993564,-0.1292075,0.07087004,0.8537716,-0.1498485,-0.8709866,0.4678971,False,-1,-1,0,0,0,-1
2026-08-21 13:06:16.791,60.06524,True,18.88865,0.9990339,-8.504883,0.4972197,-0.1256634,0.08951706,0.8537962,-0.1255626,-0.8715467,0.4739625,False,-1,-1,0,0,0,-1
2026-08-21 13:06:16.825,60.09889,True,18.87995,1.011557,-8.502503,0.4990886,-0.1296505,0.09346483,0.851684,-0.1275481,-0.8743671,0.4682027,False,-1,-1,0,0,0,-1
2026-08-21 13:06:16.869,60.14368,True,18.86384,1.028708,-8.496853,0.4685079,-0.1595419,0.1259717,0.8597546,-0.1562962,-0.845799,0.5100936,False,-1,-1,0,0,0,-1
2026-08-21 13:06:16.914,60.18756,True,18.85806,1.034139,-8.492861,0.4484152,-0.1621842,0.1517054,0.8657977,-0.1447834,-0.825682,0.5452402,False,-1,-1,0,0,0,-1
2026-08-21 13:06:16.957,60.23116,True,18.84929,1.038574,-8.496243,0.4282071,-0.1569455,0.1815211,0.8712387,-0.1180167,-0.8031191,0.5840136,False,-1,-1,0,0,0,-1
2026-08-21 13:06:16.990,60.26457,True,18.84182,1.041836,-8.500777,0.4240353,-0.1435396,0.2035306,0.8707272,-0.07735929,-0.7968674,0.599181,False,-1,-1,0,0,0,-1
2026-08-21 13:06:17.035,60.30922,True,18.83136,1.048814,-8.506654,0.4197662,-0.1288265,0.2294404,0.8686526,-0.03118837,-0.7883779,0.6144002,False,-1,-1,0,0,0,-1
2026-08-21 13:06:17.081,60.35422,True,18.81475,1.059017,-8.512754,0.4034104,-0.1190091,0.2588767,0.8695285,0.001903564,-0.763171,0.6461937,False,-1,-1,0,0,0,-1
2026-08-21 13:06:17.114,60.38765,True,18.80057,1.064217,-8.517319,0.3860613,-0.111613,0.2751442,0.8733813,0.01748371,-0.7357767,0.6769985,False,-1,-1,0,0,0,-1
2026-08-21 13:06:17.151,60.42458,True,18.79117,1.067176,-8.519432,0.3746969,-0.110739,0.2844565,0.8754562,0.01927558,-0.7190623,0.6946782,False,-1,-1,0,0,0,-1
2026-08-21 13:06:17.194,60.46702,True,18.77687,1.071117,-8.522865,0.3564518,-0.1228737,0.3039816,0.8748939,0.0017066,-0.6984178,0.7156883,False,-1,-1,0,0,0,-1
2026-08-21 13:06:17.236,60.51005,True,18.76428,1.075076,-8.526502,0.3374292,-0.1329431,0.3299916,0.871535,-0.009031489,-0.6759029,0.7369354,False,-1,-1,0,0,0,-1
2026-08-21 13:06:17.281,60.55477,True,18.75323,1.075971,-8.530406,0.3223736,-0.1354941,0.3441141,0.8713794,-0.01426704,-0.6550703,0.7554333,False,-1,-1,0,0,0,-1
2026-08-21 13:06:17.326,60.59957,True,18.74208,1.074406,-8.535604,0.3100794,-0.148658,0.3441024,0.8736962,-0.04636567,-0.6441376,0.7635031,False,-1,-1,0,0,0,-1
2026-08-21 13:06:17.358,60.63295,True,18.73568,1.073516,-8.539573,0.3040262,-0.153299,0.3447001,0.8747853,-0.05861162,-0.6375996,0.768135,False,-1,-1,0,0,0,-1
2026-08-21 13:06:17.402,60.67665,True,18.72774,1.073326,-8.544666,0.2920635,-0.1643042,0.3464009,0.8761903,-0.08558126,-0.6256366,0.7754061,False,-1,-1,0,0,0,-1
2026-08-21 13:06:17.437,60.71062,True,18.72352,1.073992,-8.548381,0.2840292,-0.1692247,0.3494189,0.8766965,-0.09822716,-0.6162754,0.7813808,False,-1,-1,0,0,0,-1
2026-08-21 13:06:17.480,60.75409,True,18.72157,1.073704,-8.551755,0.2769389,-0.1689056,0.3525724,0.8777633,-0.1012362,-0.6052765,0.7895515,False,-1,-1,0,0,0,-1
2026-08-21 13:06:17.515,60.78809,True,18.72136,1.073261,-8.554086,0.2760381,-0.1721431,0.3521754,0.8775775,-0.1077102,-0.6057388,0.7883394,False,-1,-1,0,0,0,-1
2026-08-21 13:06:17.558,60.83152,True,18.72223,1.072893,-8.556799,0.2763258,-0.1806782,0.3511341,0.8761874,-0.1225612,-0.6111108,0.7819989,False,-1,-1,0,0,0,-1
2026-08-21 13:06:17.602,60.87619,True,18.72323,1.074036,-8.55812,0.2734616,-0.1912673,0.3585241,0.8718349,-0.1374219,-0.6139747,0.7772711,False,-1,-1,0,0,0,-1
2026-08-21 13:06:17.646,60.92051,True,18.72314,1.075707,-8.557194,0.2699115,-0.2010359,0.3663736,0.8674692,-0.151008,-0.6155882,0.7734647,False,-1,-1,0,0,0,-1
2026-08-21 13:06:17.681,60.95475,True,18.72469,1.075019,-8.556028,0.2670467,-0.2089032,0.3685594,0.8655689,-0.1647951,-0.616281,0.7700911,False,-1,-1,0,0,0,-1
2026-08-21 13:06:17.723,60.99856,True,18.72574,1.074094,-8.553079,0.2606556,-0.2172879,0.3703324,0.8646957,-0.1827175,-0.611713,0.7696893,False,-1,-1,0,0,0,-1
2026-08-21 13:06:17.769,61.04291,True,18.72693,1.073535,-8.549356,0.2553625,-0.2225549,0.3699938,0.8650803,-0.1960906,-0.6065059,0.7705187,False,-1,-1,0,0,0,-1
2026-08-21 13:06:17.813,61.0865,True,18.72671,1.073117,-8.545491,0.2499618,-0.2287561,0.3717675,0.8642793,-0.2095629,-0.6021618,0.7703795,False,-1,-1,0,0,0,-1
2026-08-21 13:06:17.846,61.12047,True,18.72588,1.072641,-8.542839,0.2490096,-0.2363372,0.3717316,0.862528,-0.2225654,-0.6052636,0.7642779,False,-1,-1,0,0,0,-1
2026-08-21 13:06:17.895,61.16873,True,18.72389,1.072281,-8.540432,0.2466048,-0.2491224,0.3750465,0.858175,-0.2426046,-0.6101251,0.7542483,False,-1,-1,0,0,0,-1
2026-08-21 13:06:17.935,61.20966,True,18.72173,1.072308,-8.538357,0.2448729,-0.2592219,0.3775748,0.8545634,-0.2581275,-0.6142702,0.7456825,False,-1,-1,0,0,0,-1
2026-08-21 13:06:17.970,61.24368,True,18.71995,1.071848,-8.537004,0.2457358,-0.2670491,0.378155,0.851644,-0.2690092,-0.6205308,0.7365974,False,-1,-1,0,0,0,-1
2026-08-21 13:06:18.012,61.28668,True,18.71794,1.071549,-8.535767,0.2424124,-0.2745328,0.3814974,0.8487213,-0.2810442,-0.6209481,0.731736,False,-1,-1,0,0,0,-1
2026-08-21 13:06:18.047,61.3208,True,18.71657,1.071748,-8.534977,0.2408327,-0.2767897,0.3842025,0.8472164,-0.2839444,-0.6207614,0.7307742,False,-1,-1,0,0,0,-1
2026-08-21 13:06:18.092,61.36562,True,18.71475,1.072148,-8.534539,0.2400374,-0.2765928,0.3880633,0.8457454,-0.2815548,-0.6206921,0.7317569,False,-1,-1,0,0,0,-1
2026-08-21 13:06:18.134,61.40909,True,18.7126,1.072962,-8.535133,0.2400369,-0.2724826,0.3932479,0.8446844,-0.2715355,-0.6198173,0.736271,False,-1,-1,0,0,0,-1
2026-08-21 13:06:18.169,61.44365,True,18.71133,1.073785,-8.535944,0.2404138,-0.2679046,0.3974148,0.8440911,-0.2611838,-0.6188008,0.7408567,False,-1,-1,0,0,0,-1
2026-08-21 13:06:18.213,61.48721,True,18.70971,1.074404,-8.537382,0.2426443,-0.2625311,0.4004847,0.8436903,-0.2486393,-0.6197126,0.7444023,False,-1,-1,0,0,0,-1
2026-08-21 13:06:18.247,61.52082,True,18.7088,1.074625,-8.538651,0.2458183,-0.2595398,0.4017023,0.8431178,-0.2401537,-0.6230231,0.7444249,False,-1,-1,0,0,0,-1
2026-08-21 13:06:18.291,61.5649,True,18.70722,1.074864,-8.540907,0.2525033,-0.2592205,0.4011089,0.8415215,-0.2337165,-0.6329253,0.7380936,False,-1,-1,0,0,0,-1
2026-08-21 13:06:18.324,61.59862,True,18.70561,1.075205,-8.542072,0.2538995,-0.2636255,0.4005158,0.8400142,-0.2395167,-0.6377307,0.7320733,False,-1,-1,0,0,0,-1
2026-08-21 13:06:18.368,61.64284,True,18.70363,1.075078,-8.543221,0.2522182,-0.2701588,0.3996797,0.8388423,-0.2516282,-0.6390966,0.7268004,False,-1,-1,0,0,0,-1
2026-08-21 13:06:18.414,61.68783,True,18.70157,1.07487,-8.543838,0.2455538,-0.2776681,0.4001013,0.8381663,-0.2689713,-0.6338206,0.7252075,False,-1,-1,0,0,0,-1
2026-08-21 13:06:18.458,61.73165,True,18.70049,1.074908,-8.543772,0.2382055,-0.2857188,0.4017978,0.8367684,-0.2867399,-0.6282481,0.7232459,False,-1,-1,0,0,0,-1
2026-08-21 13:06:18.491,61.765,True,18.70008,1.074786,-8.543379,0.2309313,-0.2916739,0.4047439,0.8353319,-0.3003529,-0.6219151,0.7231941,False,-1,-1,0,0,0,-1
2026-08-21 13:06:18.524,61.79836,True,18.70002,1.074713,-8.543019,0.2254539,-0.2979793,0.4069726,0.833518,-0.313235,-0.6183786,0.7207577,False,-1,-1,0,0,0,-1
2026-08-21 13:06:18.570,61.84403,True,18.69956,1.075368,-8.542399,0.2177363,-0.3075831,0.4103701,0.8304096,-0.3321349,-0.6140664,0.7159671,False,-1,-1,0,0,0,-1
2026-08-21 13:06:18.615,61.88866,True,18.69993,1.07532,-8.542381,0.2121276,-0.3150835,0.4123383,0.8280709,-0.3468864,-0.6111553,0.7114486,False,-1,-1,0,0,0,-1
2026-08-21 13:06:18.658,61.93182,True,18.70006,1.075292,-8.542064,0.2081611,-0.3205724,0.413045,0.8266173,-0.3580216,-0.6089608,0.7078046,False,-1,-1,0,0,0,-1
2026-08-21 13:06:18.691,61.96517,True,18.70015,1.075103,-8.541623,0.1992742,-0.3249729,0.4165196,0.8253447,-0.3704261,-0.5996549,0.7093649,False,-1,-1,0,0,0,-1
2026-08-21 13:06:18.725,61.99874,True,18.7002,1.0752,-8.540672,0.1980231,-0.3288569,0.4167633,0.8239833,-0.3768876,-0.6004463,0.7052801,False,-1,-1,0,0,0,-1
2026-08-21 13:06:18.759,62.03252,True,18.70009,1.075695,-8.538736,0.1975504,-0.3349763,0.4180212,0.8209891,-0.3848632,-0.6044278,0.6975295,False,-1,-1,0,0,0,-1
2026-08-21 13:06:18.802,62.07567,True,18.6997,1.075282,-8.535642,0.203146,-0.3498879,0.4207902,0.8119396,-0.397212,-0.6243433,0.6726204,False,-1,-1,0,0,0,-1
2026-08-21 13:06:18.835,62.10921,True,18.69902,1.074849,-8.533338,0.2078454,-0.3605281,0.4215706,0.8056662,-0.4056875,-0.6388841,0.6536396,False,-1,-1,0,0,0,-1
2026-08-21 13:06:18.869,62.14281,True,18.69832,1.074345,-8.531431,0.2095673,-0.3685308,0.4210124,0.8018823,-0.4145758,-0.6464087,0.6405331,False,-1,-1,0,0,0,-1
2026-08-21 13:06:18.903,62.17632,True,18.69777,1.073731,-8.530043,0.2103634,-0.3704742,0.4196736,0.80148,-0.4172874,-0.6481606,0.6369922,False,-1,-1,0,0,0,-1
2026-08-21 13:06:18.937,62.21021,True,18.69773,1.072881,-8.529628,0.2090176,-0.3679363,0.4157381,0.8050443,-0.418617,-0.6424671,0.641869,False,-1,-1,0,0,0,-1
2026-08-21 13:06:18.980,62.25392,True,18.69879,1.072063,-8.529454,0.2086425,-0.358166,0.4091279,0.812896,-0.4115804,-0.6322806,0.6563709,False,-1,-1,0,0,0,-1
2026-08-21 13:06:19.023,62.29815,True,18.70075,1.072002,-8.529457,0.2102288,-0.3483442,0.4054915,0.8185578,-0.3997878,-0.62667,0.6689204,False,-1,-1,0,0,0,-1
2026-08-21 13:06:19.067,62.34219,True,18.70337,1.072074,-8.530553,0.2119558,-0.3392499,0.4044079,0.8224588,-0.386605,-0.6230404,0.6799685,False,-1,-1,0,0,0,-1
2026-08-21 13:06:19.102,62.37648,True,18.70515,1.072268,-8.531402,0.213602,-0.3332496,0.4026005,0.8253676,-0.3781144,-0.6209332,0.6866378,False,-1,-1,0,0,0,-1
2026-08-21 13:06:19.148,62.42155,True,18.70661,1.072218,-8.532869,0.2121437,-0.3300714,0.4012021,0.8276985,-0.3761743,-0.6160327,0.6920959,False,-1,-1,0,0,0,-1
2026-08-21 13:06:19.193,62.46613,True,18.70719,1.072683,-8.533834,0.2075744,-0.3272184,0.4013353,0.8299223,-0.3765179,-0.6071899,0.6996819,False,-1,-1,0,0,0,-1
2026-08-21 13:06:19.235,62.50904,True,18.70763,1.073353,-8.533562,0.2044348,-0.3269046,0.4009461,0.8310126,-0.3793891,-0.601918,0.7026796,False,-1,-1,0,0,0,-1
2026-08-21 13:06:19.268,62.54245,True,18.70772,1.073273,-8.533913,0.2031537,-0.3322981,0.4042078,0.8276005,-0.3857875,-0.6048952,0.6966131,False,-1,-1,0,0,0,-1
2026-08-21 13:06:19.301,62.57599,True,18.70779,1.073297,-8.534297,0.2022368,-0.3358622,0.4076081,0.8247136,-0.3891134,-0.6073753,0.6925938,False,-1,-1,0,0,0,-1
2026-08-21 13:06:19.347,62.62038,True,18.70794,1.073726,-8.534426,0.2002249,-0.3395231,0.4093773,0.822827,-0.3948025,-0.6074871,0.6892681,False,-1,-1,0,0,0,-1
2026-08-21 13:06:19.391,62.66478,True,18.7078,1.073887,-8.535497,0.1948322,-0.3386342,0.4103518,0.8240017,-0.3981708,-0.5990024,0.6947346,False,-1,-1,0,0,0,-1
2026-08-21 13:06:19.425,62.69905,True,18.70794,1.074088,-8.53662,0.1904975,-0.3320866,0.4106196,0.827539,-0.3931852,-0.5880107,0.7068585,False,-1,-1,0,0,0,-1
2026-08-21 13:06:19.464,62.73712,True,18.70844,1.073785,-8.53828,0.1865808,-0.3256128,0.409668,0.8314662,-0.3885998,-0.5770575,0.7183278,False,-1,-1,0,0,0,-1
2026-08-21 13:06:19.503,62.77655,True,18.70947,1.073672,-8.541619,0.1788774,-0.3152554,0.4064993,0.8386747,-0.3833664,-0.5563421,0.7372338,False,-1,-1,0,0,0,-1
2026-08-21 13:06:19.539,62.8127,True,18.71095,1.074668,-8.54412,0.1758378,-0.3002583,0.4065434,0.8447772,-0.3643314,-0.5412237,0.757852,False,-1,-1,0,0,0,-1
2026-08-21 13:06:19.581,62.85463,True,18.7135,1.078228,-8.5453,0.1693839,-0.2864501,0.411161,0.8486472,-0.346902,-0.5230485,0.7785109,False,-1,-1,0,0,0,-1
2026-08-21 13:06:19.618,62.89148,True,18.71549,1.079139,-8.547117,0.1708243,-0.275856,0.4225008,0.8462952,-0.3225644,-0.5222343,0.7894451,False,-1,-1,0,0,0,-1
2026-08-21 13:06:19.662,62.93464,True,18.71729,1.077371,-8.550138,0.1923427,-0.2602494,0.4242723,0.8457349,-0.2769926,-0.5461752,0.7905491,False,-1,-1,0,0,0,-1
2026-08-21 13:06:19.699,62.97276,True,18.71824,1.077189,-8.551339,0.2013158,-0.256528,0.4152322,0.849263,-0.2685338,-0.5549774,0.7873307,False,-1,-1,0,0,0,-1
2026-08-21 13:06:19.737,63.01046,True,18.71794,1.077822,-8.552875,0.2028199,-0.2450342,0.4147273,0.8525395,-0.2495728,-0.5490687,0.7976446,False,-1,-1,0,0,0,-1
2026-08-21 13:06:19.777,63.05037,True,18.71681,1.077841,-8.553997,0.2063446,-0.2392361,0.4145797,0.8534118,-0.2372412,-0.5505587,0.800376,False,-1,-1,0,0,0,-1
2026-08-21 13:06:19.814,63.08824,True,18.71575,1.076703,-8.554227,0.2117488,-0.2387957,0.4107507,0.8540627,-0.233941,-0.5578644,0.7962782,False,-1,-1,0,0,0,-1
2026-08-21 13:06:19.850,63.12295,True,18.71539,1.075212,-8.55377,0.2136572,-0.2396518,0.4048712,0.8561524,-0.2373496,-0.5599025,0.7938352,False,-1,-1,0,0,0,-1
2026-08-21 13:06:19.893,63.16666,True,18.71579,1.073471,-8.552552,0.2127953,-0.2405962,0.3964569,0.8600311,-0.2451122,-0.5567932,0.7936633,False,-1,-1,0,0,0,-1
2026-08-21 13:06:19.926,63.20001,True,18.7163,1.072578,-8.55161,0.2097023,-0.2429563,0.3931503,0.8616438,-0.2537946,-0.5524142,0.7939943,False,-1,-1,0,0,0,-1
2026-08-21 13:06:19.971,63.24393,True,18.71708,1.072013,-8.550028,0.20294,-0.2486244,0.3933386,0.8615602,-0.2687614,-0.5452772,0.7940026,False,-1,-1,0,0,0,-1
2026-08-21 13:06:20.004,63.27772,True,18.71724,1.072552,-8.54847,0.19743,-0.2603385,0.3966676,0.8578463,-0.2900328,-0.5452648,0.7864905,False,-1,-1,0,0,0,-1
2026-08-21 13:06:20.046,63.32038,True,18.71852,1.072791,-8.546213,0.1883535,-0.27359,0.402266,0.8531433,-0.3152865,-0.541497,0.7793429,False,-1,-1,0,0,0,-1
2026-08-21 13:06:20.091,63.36471,True,18.71944,1.072673,-8.543633,0.1855329,-0.2911104,0.4025433,0.8478155,-0.3442457,-0.5489644,0.7616646,False,-1,-1,0,0,0,-1
2026-08-21 13:06:20.136,63.4096,True,18.71936,1.072984,-8.541475,0.1664635,-0.3060738,0.4124225,0.8417342,-0.3779589,-0.5326995,0.7572175,False,-1,-1,0,0,0,-1
2026-08-21 13:06:20.180,63.45387,True,18.718,1.07469,-8.5387,0.1543056,-0.3277921,0.4264813,0.8287677,-0.4117101,-0.5353614,0.7374842,False,-1,-1,0,0,0,-1
2026-08-21 13:06:20.225,63.49889,True,18.71582,1.077872,-8.53578,0.1465341,-0.3541277,0.4501597,0.8065219,-0.4392961,-0.5551939,0.7062426,False,-1,-1,0,0,0,-1
2026-08-21 13:06:20.269,63.54285,True,18.71328,1.080876,-8.53267,0.1371714,-0.3655238,0.4794068,0.7859679,-0.4430581,-0.5660938,0.6951528,False,-1,-1,0,0,0,-1
2026-08-21 13:06:20.313,63.58729,True,18.71008,1.08164,-8.530736,0.1324915,-0.372503,0.4950868,0.7736773,-0.4452047,-0.573854,0.687375,False,-1,-1,0,0,0,-1
2026-08-21 13:06:20.357,63.63144,True,18.70724,1.082052,-8.53159,0.1298086,-0.36726,0.5018529,0.7722782,-0.4369641,-0.5691176,0.6965396,False,-1,-1,0,0,0,-1
2026-08-21 13:06:20.402,63.67559,True,18.70598,1.080804,-8.535156,0.1243985,-0.3564636,0.5140396,0.7702091,-0.4212115,-0.5580985,0.7149175,False,-1,-1,0,0,0,-1
2026-08-21 13:06:20.437,63.71017,True,18.70572,1.079928,-8.537591,0.121452,-0.3476639,0.5156319,0.7736298,-0.4126773,-0.546451,0.7287584,False,-1,-1,0,0,0,-1
2026-08-21 13:06:20.480,63.75365,True,18.70722,1.078842,-8.540552,0.1129714,-0.3453484,0.509621,0.7799092,-0.4235356,-0.5282085,0.7359439,False,-1,-1,0,0,0,-1
2026-08-21 13:06:20.514,63.78797,True,18.70911,1.078824,-8.542642,0.1034358,-0.3490557,0.5050794,0.7825317,-0.4418077,-0.5144854,0.7349222,False,-1,-1,0,0,0,-1
2026-08-21 13:06:20.558,63.83213,True,18.71165,1.078267,-8.544998,0.08730648,-0.3548165,0.4976839,0.7866344,-0.4713197,-0.4905295,0.7329656,False,-1,-1,0,0,0,-1
2026-08-21 13:06:20.602,63.87593,True,18.71507,1.076754,-8.547105,0.07348767,-0.3621692,0.4819365,0.7944623,-0.5046268,-0.4658515,0.7268661,False,-1,-1,0,0,0,-1
2026-08-21 13:06:20.636,63.90943,True,18.71774,1.075113,-8.548108,0.05986629,-0.3686565,0.467981,0.8009383,-0.5345097,-0.4409469,0.7210169,False,-1,-1,0,0,0,-1
2026-08-21 13:06:20.669,63.94286,True,18.7199,1.07444,-8.547661,0.05739914,-0.3784375,0.4604377,0.8009292,-0.5533459,-0.4404391,0.7069808,False,-1,-1,0,0,0,-1
2026-08-21 13:06:20.714,63.98765,True,18.72205,1.075758,-8.544125,0.06279484,-0.4081694,0.4721393,0.7788061,-0.5764739,-0.4832357,0.6589091,False,-1,-1,0,0,0,-1
2026-08-21 13:06:20.750,64.02256,True,18.72204,1.076832,-8.540125,0.06653212,-0.4404994,0.4847246,0.7527124,-0.5986391,-0.5272008,0.6030676,False,-1,-1,0,0,0,-1
2026-08-21 13:06:20.791,64.06487,True,18.72034,1.077045,-8.53447,0.08010735,-0.4751907,0.4939545,0.7237303,-0.608681,-0.5853974,0.5355533,False,-1,-1,0,0,0,-1
2026-08-21 13:06:20.825,64.09863,True,18.71877,1.075629,-8.53184,0.08634213,-0.4944631,0.4886776,0.7136143,-0.621325,-0.606496,0.4961025,False,-1,-1,0,0,0,-1
2026-08-21 13:06:20.870,64.14373,True,18.71748,1.074663,-8.529811,0.08991842,-0.5026189,0.4821493,0.7119136,-0.6289343,-0.612703,0.4785778,False,-1,-1,0,0,0,-1
2026-08-21 13:06:20.916,64.19043,True,18.7174,1.073519,-8.527946,0.09953346,-0.4957518,0.4690877,0.7240718,-0.6245399,-0.6092409,0.4886466,False,-1,-1,0,0,0,-1
2026-08-21 13:06:20.958,64.23248,True,18.71925,1.07238,-8.526404,0.1073366,-0.4700664,0.4564038,0.7478048,-0.6050581,-0.5896139,0.5350329,False,-1,-1,0,0,0,-1
2026-08-21 13:06:20.992,64.26601,True,18.72115,1.071605,-8.525615,0.1184456,-0.4513946,0.44675,0.7633008,-0.5832685,-0.5841403,0.5644271,False,-1,-1,0,0,0,-1
2026-08-21 13:06:21.028,64.30114,True,18.72359,1.070737,-8.525354,0.133596,-0.4327804,0.4387098,0.7761359,-0.5545731,-0.5871073,0.5897065,False,-1,-1,0,0,0,-1
2026-08-21 13:06:21.069,64.34332,True,18.72696,1.070393,-8.527077,0.1515112,-0.4080304,0.4345697,0.7884825,-0.5117654,-0.5935631,0.6211112,False,-1,-1,0,0,0,-1
2026-08-21 13:06:21.113,64.38759,True,18.73109,1.070629,-8.530551,0.1723224,-0.3839361,0.439415,0.7936074,-0.4579469,-0.6109272,0.6457961,False,-1,-1,0,0,0,-1
2026-08-21 13:06:21.157,64.43121,True,18.73483,1.071819,-8.535969,0.2005964,-0.3491466,0.4458674,0.7994123,-0.3793454,-0.6320646,0.6757155,False,-1,-1,0,0,0,-1
2026-08-21 13:06:21.202,64.47611,True,18.73737,1.07226,-8.541533,0.232791,-0.3125358,0.4412094,0.8083712,-0.2998707,-0.6521505,0.6962595,False,-1,-1,0,0,0,-1
2026-08-21 13:06:21.235,64.50962,True,18.73759,1.072136,-8.544996,0.2492418,-0.2931787,0.439553,0.8116144,-0.2567861,-0.6623116,0.7038496,False,-1,-1,0,0,0,-1
2026-08-21 13:06:21.280,64.55402,True,18.73735,1.073193,-8.547269,0.2618879,-0.2715255,0.4429986,0.8132902,-0.209626,-0.6665527,0.7153772,False,-1,-1,0,0,0,-1
2026-08-21 13:06:21.323,64.59781,True,18.73588,1.073369,-8.545858,0.2700518,-0.2653115,0.437631,0.815574,-0.1963962,-0.6727116,0.7133636,False,-1,-1,0,0,0,-1
2026-08-21 13:06:21.368,64.64238,True,18.73318,1.072947,-8.542797,0.266236,-0.2761059,0.4345439,0.814896,-0.2186128,-0.6738697,0.7057678,False,-1,-1,0,0,0,-1
2026-08-21 13:06:21.413,64.68672,True,18.7309,1.073008,-8.538423,0.2588101,-0.2958566,0.437902,0.8085345,-0.2517536,-0.6776262,0.6909724,False,-1,-1,0,0,0,-1
2026-08-21 13:06:21.447,64.72047,True,18.72991,1.072462,-8.53511,0.252523,-0.3102143,0.4383672,0.8048811,-0.2779756,-0.6784775,0.6799985,False,-1,-1,0,0,0,-1
2026-08-21 13:06:21.481,64.75462,True,18.7296,1.071552,-8.531982,0.2431227,-0.3262203,0.4373949,0.8019709,-0.3105571,-0.6753289,0.6689433,False,-1,-1,0,0,0,-1
2026-08-21 13:06:21.524,64.79789,True,18.72996,1.069767,-8.528201,0.2327826,-0.3451515,0.4328937,0.7995535,-0.3503939,-0.671072,0.6533655,False,-1,-1,0,0,0,-1
2026-08-21 13:06:21.558,64.83248,True,18.73078,1.06907,-8.526697,0.2238261,-0.3533053,0.4305788,0.7997995,-0.3723972,-0.6622835,0.6501545,False,-1,-1,0,0,0,-1
2026-08-21 13:06:21.606,64.87589,True,18.73223,1.068318,-8.525601,0.2150354,-0.3596153,0.4252931,0.8022234,-0.3940775,-0.6508967,0.6488732,False,-1,-1,0,0,0,-1
2026-08-21 13:06:21.636,64.91028,True,18.73401,1.067537,-8.525213,0.2159995,-0.3628222,0.4209266,0.8028232,-0.4007244,-0.6522618,0.6434085,False,-1,-1,0,0,0,-1
2026-08-21 13:06:21.680,64.95343,True,18.73702,1.066255,-8.523947,0.2077916,-0.3713155,0.4178382,0.8027196,-0.4224779,-0.6438963,0.6378949,False,-1,-1,0,0,0,-1
2026-08-21 13:06:21.713,64.98731,True,18.73929,1.064707,-8.523047,0.2058501,-0.3771695,0.4098913,0.8045856,-0.438178,-0.6404451,0.6307377,False,-1,-1,0,0,0,-1
2026-08-21 13:06:21.758,65.03168,True,18.74245,1.062618,-8.522486,0.1978025,-0.3830194,0.3967523,0.810406,-0.4638453,-0.6245282,0.6283407,False,-1,-1,0,0,0,-1
2026-08-21 13:06:21.795,65.06811,True,18.74553,1.060991,-8.522663,0.1954189,-0.3839787,0.3859223,0.8157426,-0.4756225,-0.6151949,0.6287436,False,-1,-1,0,0,0,-1
2026-08-21 13:06:21.837,65.11065,True,18.74975,1.058369,-8.523185,0.1871751,-0.385975,0.370811,0.8237038,-0.497045,-0.5946012,0.6319776,False,-1,-1,0,0,0,-1
2026-08-21 13:06:21.881,65.15511,True,18.75511,1.055369,-8.524271,0.184234,-0.3822074,0.352608,0.8340521,-0.5076371,-0.5768602,0.6399507,False,-1,-1,0,0,0,-1
2026-08-21 13:06:21.915,65.18866,True,18.75923,1.05307,-8.525706,0.17921,-0.37982,0.3392776,0.8417311,-0.5178088,-0.5594221,0.6472411,False,-1,-1,0,0,0,-1
2026-08-21 13:06:21.959,65.23257,True,18.76575,1.049839,-8.528763,0.1751834,-0.3690913,0.3194271,0.855014,-0.5192398,-0.5353639,0.6661648,False,-1,-1,0,0,0,-1
2026-08-21 13:06:22.003,65.27645,True,18.77161,1.047645,-8.532537,0.1728261,-0.3613876,0.3001703,0.8656951,-0.5219483,-0.516185,0.6790604,False,-1,-1,0,0,0,-1
2026-08-21 13:06:22.037,65.3105,True,18.77613,1.046902,-8.535408,0.1711128,-0.359746,0.2943847,0.8687007,-0.5242773,-0.509099,0.6826064,False,-1,-1,0,0,0,-1
2026-08-21 13:06:22.082,65.35599,True,18.77986,1.046702,-8.537997,0.1664593,-0.3627506,0.2935368,0.8686423,-0.5324773,-0.5021484,0.6814066,False,-1,-1,0,0,0,-1
2026-08-21 13:06:22.125,65.39888,True,18.78168,1.046414,-8.539299,0.1621222,-0.369576,0.2908426,0.867491,-0.5469037,-0.496256,0.6742599,False,-1,-1,0,0,0,-1
2026-08-21 13:06:22.170,65.44355,True,18.78257,1.045894,-8.539454,0.1552757,-0.3768337,0.2906795,0.8656739,-0.5621593,-0.4879119,0.6677717,False,-1,-1,0,0,0,-1
2026-08-21 13:06:22.215,65.48887,True,18.78261,1.045902,-8.538589,0.1451347,-0.3837579,0.2949393,0.8629465,-0.5767132,-0.4768575,0.6633316,False,-1,-1,0,0,0,-1
2026-08-21 13:06:22.257,65.53173,True,18.78156,1.046254,-8.537195,0.1382366,-0.3941424,0.2971181,0.8586403,-0.594708,-0.4716048,0.6510848,False,-1,-1,0,0,0,-1
2026-08-21 13:06:22.292,65.56614,True,18.78002,1.047005,-8.536697,0.1288625,-0.3987904,0.3027361,0.8559857,-0.6046951,-0.4620654,0.6487213,False,-1,-1,0,0,0,-1
2026-08-21 13:06:22.337,65.61015,True,18.77712,1.048772,-8.535934,0.1168032,-0.407481,0.3111047,0.8506058,-0.6205353,-0.4522455,0.6406326,False,-1,-1,0,0,0,-1
2026-08-21 13:06:22.380,65.65369,True,18.77476,1.050099,-8.535332,0.1081644,-0.4140545,0.3174731,0.8462093,-0.632075,-0.4459618,0.6337186,False,-1,-1,0,0,0,-1
2026-08-21 13:06:22.414,65.6874,True,18.77323,1.050681,-8.534903,0.1029368,-0.4181328,0.3212924,0.8434099,-0.6391691,-0.4423215,0.6291379,False,-1,-1,0,0,0,-1
2026-08-21 13:06:22.447,65.72095,True,18.77236,1.050769,-8.534609,0.1003415,-0.4203933,0.3221657,0.842265,-0.6435121,-0.4399008,0.626402,False,-1,-1,0,0,0,-1
2026-08-21 13:06:22.491,65.76514,True,18.77206,1.050618,-8.534811,0.09909892,-0.4207087,0.3213834,0.8425534,-0.6452417,-0.4374099,0.6263671,False,-1,-1,0,0,0,-1
2026-08-21 13:06:22.526,65.79887,True,18.77263,1.050075,-8.5355,0.09988319,-0.4189312,0.3199027,0.843909,-0.6431738,-0.436619,0.6290399,False,-1,-1,0,0,0,-1
2026-08-21 13:06:22.569,65.84363,True,18.77383,1.049766,-8.536853,0.1012436,-0.4147612,0.3185549,0.846313,-0.6375324,-0.4356159,0.6354457,False,-1,-1,0,0,0,-1
2026-08-21 13:06:22.614,65.88738,True,18.77525,1.04942,-8.538102,0.1038232,-0.4115829,0.3187682,0.847471,-0.631418,-0.4383733,0.6396406,False,-1,-1,0,0,0,-1
2026-08-21 13:06:22.648,65.92165,True,18.77614,1.049478,-8.538756,0.1066364,-0.4105674,0.3194905,0.8473423,-0.6276436,-0.4430598,0.6401262,False,-1,-1,0,0,0,-1
2026-08-21 13:06:22.691,65.96461,True,18.77775,1.050039,-8.539108,0.1109794,-0.4053563,0.3214148,0.8485649,-0.6166013,-0.4489215,0.6467398,False,-1,-1,0,0,0,-1
2026-08-21 13:06:22.723,65.99796,True,18.77826,1.050071,-8.539579,0.1148501,-0.4014168,0.3212064,0.8500003,-0.6086276,-0.4531206,0.6513479,False,-1,-1,0,0,0,-1
2026-08-21 13:06:22.758,66.03133,True,18.77831,1.050221,-8.540042,0.1173105,-0.3983513,0.3221294,0.8507568,-0.6022218,-0.4562467,0.655109,False,-1,-1,0,0,0,-1
2026-08-21 13:06:22.802,66.07592,True,18.77768,1.050601,-8.540498,0.1208735,-0.3952062,0.3229279,0.8514219,-0.5949076,-0.461075,0.6584033,False,-1,-1,0,0,0,-1
2026-08-21 13:06:22.837,66.11058,True,18.77704,1.050987,-8.540549,0.1207707,-0.3936374,0.3247519,0.8514695,-0.5918995,-0.4613341,0.660928,False,-1,-1,0,0,0,-1
2026-08-21 13:06:22.881,66.15521,True,18.77538,1.051428,-8.540628,0.1244021,-0.3946399,0.3247338,0.850489,-0.5904787,-0.467911,0.6575669,False,-1,-1,0,0,0,-1
2026-08-21 13:06:22.917,66.19002,True,18.77431,1.051687,-8.540499,0.1246357,-0.3951212,0.325365,0.8499899,-0.5905939,-0.4689954,0.6566903,False,-1,-1,0,0,0,-1
2026-08-21 13:06:22.961,66.23396,True,18.77304,1.051844,-8.540247,0.1241885,-0.3951049,0.3247336,0.8503043,-0.5912625,-0.4678037,0.6569386,False,-1,-1,0,0,0,-1
2026-08-21 13:06:23.003,66.27688,True,18.77245,1.051824,-8.53987,0.1223415,-0.3952845,0.3240505,0.8507491,-0.5932863,-0.4643481,0.6575654,False,-1,-1,0,0,0,-1
2026-08-21 13:06:23.047,66.32058,True,18.772,1.052002,-8.539609,0.1201893,-0.3947498,0.3233886,0.8515556,-0.5945672,-0.4600109,0.6594542,False,-1,-1,0,0,0,-1
2026-08-21 13:06:23.081,66.35488,True,18.77172,1.052126,-8.539764,0.1179786,-0.3945638,0.3232314,0.8520105,-0.5960762,-0.4561089,0.6608009,False,-1,-1,0,0,0,-1
2026-08-21 13:06:23.125,66.39868,True,18.77101,1.052425,-8.541224,0.1155836,-0.3862344,0.3188725,0.8577784,-0.5888942,-0.4446093,0.6749268,False,-1,-1,0,0,0,-1
2026-08-21 13:06:23.159,66.43289,True,18.77039,1.051983,-8.543623,0.1159369,-0.3751513,0.3129218,0.8648122,-0.5763125,-0.4353133,0.6916402,False,-1,-1,0,0,0,-1
2026-08-21 13:06:23.193,66.46656,True,18.76902,1.051591,-8.54657,0.1108879,-0.3607865,0.3050415,0.8743493,-0.563256,-0.4140192,0.715074,False,-1,-1,0,0,0,-1
2026-08-21 13:06:23.226,66.49992,True,18.76758,1.052428,-8.550008,0.113946,-0.3425854,0.298818,0.8833795,-0.5371676,-0.4060564,0.7393032,False,-1,-1,0,0,0,-1
2026-08-21 13:06:23.271,66.54462,True,18.76536,1.053809,-8.554284,0.117277,-0.3172406,0.2980009,0.8926365,-0.4964637,-0.3984475,0.771209,False,-1,-1,0,0,0,-1
2026-08-21 13:06:23.309,66.58265,True,18.76361,1.054884,-8.557631,0.1254095,-0.2981871,0.2999005,0.89745,-0.4599953,-0.4039505,0.7907138,False,-1,-1,0,0,0,-1
2026-08-21 13:06:23.346,66.6208,True,18.76238,1.055313,-8.560402,0.1339084,-0.2841819,0.2997724,0.9008028,-0.4316997,-0.4116299,0.8026183,False,-1,-1,0,0,0,-1
2026-08-21 13:06:23.395,66.66852,True,18.76097,1.055828,-8.56373,0.1482355,-0.2676662,0.2972344,0.9044516,-0.3960608,-0.4272629,0.8127621,False,-1,-1,0,0,0,-1
2026-08-21 13:06:23.433,66.70684,True,18.7587,1.056251,-8.568453,0.1648969,-0.2450475,0.2908374,0.9100409,-0.35009,-0.4426638,0.8255215,False,-1,-1,0,0,0,-1
2026-08-21 13:06:23.470,66.74353,True,18.75616,1.056223,-8.572394,0.1699527,-0.2231629,0.2855378,0.9163965,-0.3119555,-0.4389311,0.8426288,False,-1,-1,0,0,0,-1
2026-08-21 13:06:23.514,66.7881,True,18.75332,1.055647,-8.57611,0.183795,-0.2082093,0.2761353,0.9201182,-0.2816498,-0.4532142,0.8457365,False,-1,-1,0,0,0,-1
2026-08-21 13:06:23.558,66.83161,True,18.7518,1.055032,-8.577605,0.1983826,-0.2028324,0.2691143,0.92037,-0.2665864,-0.474341,0.8390067,False,-1,-1,0,0,0,-1
2026-08-21 13:06:23.592,66.86516,True,18.75197,1.05402,-8.577575,0.2087153,-0.2028713,0.2613462,0.9203148,-0.2643171,-0.4902069,0.8305623,False,-1,-1,0,0,0,-1
2026-08-21 13:06:23.635,66.90977,True,18.75397,1.05194,-8.575856,0.219071,-0.2061877,0.2508954,0.9200794,-0.2694902,-0.5065885,0.8189891,False,-1,-1,0,0,0,-1
2026-08-21 13:06:23.669,66.94326,True,18.75636,1.050167,-8.573409,0.2235328,-0.2115394,0.2437858,0.9197025,-0.2801184,-0.514308,0.8105683,False,-1,-1,0,0,0,-1
2026-08-21 13:06:23.713,66.98698,True,18.76022,1.048068,-8.569593,0.2237361,-0.2221942,0.236767,0.918974,-0.3024347,-0.5164319,0.8011438,False,-1,-1,0,0,0,-1
2026-08-21 13:06:23.758,67.03139,True,18.76558,1.046251,-8.565275,0.2204221,-0.2322453,0.2311659,0.9187158,-0.3248267,-0.5123848,0.7949525,False,-1,-1,0,0,0,-1
2026-08-21 13:06:23.802,67.0756,True,18.77327,1.04381,-8.560388,0.2147814,-0.2399685,0.2243923,0.9197457,-0.3450294,-0.5027827,0.7925681,False,-1,-1,0,0,0,-1
2026-08-21 13:06:23.836,67.11073,True,18.78005,1.04096,-8.557163,0.210253,-0.2454621,0.2170159,0.9211113,-0.3609394,-0.4938713,0.791084,False,-1,-1,0,0,0,-1
2026-08-21 13:06:23.880,67.15398,True,18.78969,1.036427,-8.553952,0.2052931,-0.2525039,0.2032479,0.9234646,-0.3829061,-0.4818037,0.788193,False,-1,-1,0,0,0,-1
2026-08-21 13:06:23.923,67.19798,True,18.79941,1.032346,-8.552764,0.1999684,-0.2540624,0.1901655,0.9269854,-0.3949701,-0.4673635,0.7909298,False,-1,-1,0,0,0,-1
2026-08-21 13:06:23.957,67.23141,True,18.80713,1.029566,-8.552715,0.1977198,-0.2512666,0.1820092,0.9298627,-0.3953133,-0.4591702,0.7955439,False,-1,-1,0,0,0,-1
2026-08-21 13:06:24.001,67.27573,True,18.81665,1.026702,-8.553998,0.1966451,-0.2468355,0.1735358,0.9328924,-0.392292,-0.4525671,0.8008058,False,-1,-1,0,0,0,-1
2026-08-21 13:06:24.035,67.30933,True,18.82319,1.024265,-8.555926,0.199394,-0.2420048,0.1641591,0.9352687,-0.3872143,-0.4524285,0.8033515,False,-1,-1,0,0,0,-1
2026-08-21 13:06:24.079,67.35424,True,18.83102,1.021322,-8.559298,0.2037988,-0.2330822,0.1529712,0.9384767,-0.3751337,-0.4538305,0.8082775,False,-1,-1,0,0,0,-1
2026-08-21 13:06:24.123,67.39796,True,18.83678,1.019833,-8.563118,0.2095297,-0.22075,0.1465437,0.9412182,-0.3541373,-0.4591253,0.8147335,False,-1,-1,0,0,0,-1
2026-08-21 13:06:24.157,67.43163,True,18.83945,1.019981,-8.56739,0.212102,-0.2090037,0.1447455,0.9435989,-0.3330297,-0.4607831,0.8226604,False,-1,-1,0,0,0,-1
2026-08-21 13:06:24.202,67.47562,True,18.84317,1.018005,-8.572599,0.2206413,-0.1939043,0.1323954,0.9466732,-0.3087043,-0.4690944,0.8274371,False,-1,-1,0,0,0,-1
2026-08-21 13:06:24.236,67.50928,True,18.8449,1.016422,-8.576468,0.2253849,-0.1857473,0.1220299,0.9485823,-0.2973858,-0.4729256,0.8293992,False,-1,-1,0,0,0,-1
2026-08-21 13:06:24.279,67.55396,True,18.84219,1.01897,-8.580109,0.2198171,-0.1844706,0.1266945,0.949526,-0.29462,-0.4641869,0.8353021,False,-1,-1,0,0,0,-1
2026-08-21 13:06:24.329,67.59872,True,18.84257,1.017745,-8.583507,0.2180709,-0.1734063,0.1182804,0.9530924,-0.2789573,-0.4567045,0.8447508,False,-1,-1,0,0,0,-1
2026-08-21 13:06:24.368,67.64252,True,18.84364,1.017204,-8.584913,0.2124223,-0.1672765,0.1122229,0.9561911,-0.2722192,-0.4437771,0.8537907,False,-1,-1,0,0,0,-1
2026-08-21 13:06:24.402,67.6763,True,18.84395,1.016937,-8.587472,0.2094608,-0.162732,0.1129652,0.9575403,-0.2643214,-0.4379004,0.8592889,False,-1,-1,0,0,0,-1
2026-08-21 13:06:24.446,67.72013,True,18.84632,1.018428,-8.591523,0.2067972,-0.165602,0.1143279,0.9574654,-0.269831,-0.4338681,0.8596218,False,-1,-1,0,0,0,-1
2026-08-21 13:06:24.480,67.75399,True,18.84855,1.018658,-8.593507,0.1977157,-0.1744404,0.1148408,0.9577529,-0.28873,-0.4187914,0.860958,False,-1,-1,0,0,0,-1
2026-08-21 13:06:24.525,67.79813,True,18.8496,1.017062,-8.593467,0.1779255,-0.1779622,0.1110815,0.9614223,-0.3026652,-0.3816597,0.8733439,False,-1,-1,0,0,0,-1
2026-08-21 13:06:24.558,67.83161,True,18.85012,1.016692,-8.592872,0.1688739,-0.1786625,0.1125696,0.962751,-0.3059948,-0.365391,0.8791226,False,-1,-1,0,0,0,-1
2026-08-21 13:06:24.602,67.87595,True,18.85222,1.017528,-8.592431,0.1633875,-0.1720742,0.1152877,0.9645744,-0.2942837,-0.3548748,0.88739,False,-1,-1,0,0,0,-1
2026-08-21 13:06:24.635,67.90948,True,18.85477,1.019326,-8.592607,0.163543,-0.1676997,0.1130587,0.9655818,-0.2868756,-0.3537482,0.890261,False,-1,-1,0,0,0,-1
2026-08-21 13:06:24.679,67.95348,True,18.85941,1.022496,-8.593578,0.1656626,-0.1531234,0.1076135,0.9682605,-0.2608716,-0.3537654,0.8982183,False,-1,-1,0,0,0,-1
2026-08-21 13:06:24.713,67.98698,True,18.86416,1.025827,-8.593882,0.1625479,-0.1406992,0.101008,0.9713801,-0.2405076,-0.344215,0.9075639,False,-1,-1,0,0,0,-1
2026-08-21 13:06:24.757,68.03133,True,18.87117,1.02928,-8.59485,0.1496818,-0.120919,0.1006445,0.9761376,-0.2059379,-0.3165598,0.9259479,False,-1,-1,0,0,0,-1
2026-08-21 13:06:24.792,68.06559,True,18.87684,1.032379,-8.595899,0.1392963,-0.1044934,0.09498046,0.9801309,-0.1783736,-0.2929069,0.9393553,False,-1,-1,0,0,0,-1
2026-08-21 13:06:24.837,68.11042,True,18.88198,1.036636,-8.597301,0.1264677,-0.09326277,0.0849271,0.9839184,-0.1620448,-0.2647089,0.9506159,False,-1,-1,0,0,0,-1
2026-08-21 13:06:24.872,68.14544,True,18.88662,1.040456,-8.599195,0.1139795,-0.08600578,0.07282288,0.9870707,-0.1531869,-0.237538,0.9592234,False,-1,-1,0,0,0,-1
2026-08-21 13:06:24.914,68.18711,True,18.89333,1.044551,-8.602936,0.09934968,-0.07776958,0.06100046,0.9901316,-0.1418835,-0.2062265,0.9681631,False,-1,-1,0,0,0,-1
2026-08-21 13:06:24.946,68.22072,True,18.8985,1.047413,-8.605865,0.08942521,-0.07175358,0.05440978,0.9919144,-0.1326156,-0.1852125,0.9737091,False,-1,-1,0,0,0,-1
2026-08-21 13:06:24.991,68.26487,True,18.90575,1.051984,-8.609099,0.07110159,-0.05061892,0.05369993,0.9947355,-0.09306857,-0.146891,0.9847646,False,-1,-1,0,0,0,-1
2026-08-21 13:06:25.025,68.29885,True,18.91063,1.057148,-8.612696,0.06023432,-0.0397502,0.06050025,0.9955559,-0.07185871,-0.1247431,0.9895835,False,-1,-1,0,0,0,-1
2026-08-21 13:06:25.068,68.34224,True,18.91572,1.064093,-8.619212,0.04124205,-0.02787684,0.05128163,0.9974428,-0.05138119,-0.08513231,0.9950439,True,0.4440692,0.08234355,18.53778,0.437888,-1.3,7.355667
2026-08-21 13:06:25.102,68.37612,True,18.9184,1.066769,-8.623812,0.02121077,-0.02158121,0.0468521,0.9984434,-0.04110769,-0.04437777,0.9981687,True,0.4569807,0.1701751,18.61678,0.7411587,-1.3,7.337248
2026-08-21 13:06:25.146,68.4204,True,18.92162,1.070023,-8.629043,-0.01337353,-0.02997091,0.04842982,0.9982873,-0.06113451,0.02379827,0.9978458,True,0.4334151,0.3160423,18.47259,1.244819,-1.3,7.344865
2026-08-21 13:06:25.191,68.46449,True,18.92439,1.072195,-8.632881,-0.03041636,-0.03445014,0.05282941,0.9975455,-0.07194493,0.05704344,0.9957761,True,0.420666,0.3877054,18.39458,1.492262,-1.3,7.363986
2026-08-21 13:06:25.224,68.49785,True,18.92615,1.072446,-8.635673,-0.03335705,-0.03380441,0.06012428,0.9970605,-0.07142123,0.06245307,0.9954891,True,0.4215274,0.3994046,18.39985,1.532658,-1.3,7.368913
2026-08-21 13:06:25.268,68.54245,True,18.9278,1.072367,-8.638426,-0.0331843,-0.03186912,0.05570355,0.9973868,-0.06726864,0.06264472,0.9957663,True,0.4267903,0.3998036,18.43206,1.534035,-1.3,7.369626
2026-08-21 13:06:25.302,68.57597,True,18.92864,1.072475,-8.639615,-0.03260837,-0.03038583,0.05690334,0.9973843,-0.06432376,0.06158803,0.9960268,True,0.4304828,0.3975664,18.45465,1.52631,-1.3,7.368892
2026-08-21 13:06:25.336,68.60971,True,18.92813,1.072483,-8.64004,-0.03215384,-0.02916113,0.0586186,0.9973363,-0.06193654,0.06071762,0.9962315,True,0.4332847,0.3956922,18.47179,1.519839,-1.3,7.367806
2026-08-21 13:06:25.379,68.65346,True,18.92566,1.071246,-8.640003,-0.02374515,-0.03604954,0.05946868,0.9972964,-0.07472834,0.04307427,0.9962732,True,0.4174826,0.3576817,18.3751,1.388594,-1.3,7.36746
2026-08-21 13:06:25.424,68.69781,True,18.92197,1.070929,-8.636879,-0.02111571,-0.04842391,0.06315391,0.9966047,-0.09918607,0.03597172,0.9944185,True,0.387258,0.3425456,18.19017,1.336331,-1.3,7.378059
2026-08-21 13:06:25.469,68.7423,True,18.91779,1.070581,-8.633399,-0.004429519,-0.04793179,0.05967534,0.9970566,-0.09611008,0.003112271,0.9953659,True,0.3904478,0.2722215,18.20969,1.093511,-1.3,7.367541
2026-08-21 13:06:25.502,68.77588,True,18.91377,1.070234,-8.628648,-0.001814764,-0.05332979,0.05949282,0.9968015,-0.1065344,-0.002727559,0.9943053,True,0.3771862,0.2596577,18.12855,1.05013,-1.3,7.370621
2026-08-21 13:06:25.535,68.80931,True,18.91203,1.069897,-8.625267,0.00670475,-0.0453838,0.05317862,0.9975307,-0.08983037,-0.01820328,0.9957907,True,0.3972341,0.2266008,18.25121,0.9359891,-1.3,7.356231
2026-08-21 13:06:25.580,68.85382,True,18.91013,1.069984,-8.62076,0.009042499,-0.03468778,0.04508002,0.99834,-0.06844512,-0.02118243,0.99743,True,0.42282,0.2203809,18.40776,0.9145125,-1.3,7.339623
2026-08-21 13:06:25.624,68.89796,True,18.90798,1.068613,-8.618731,0.01579046,-0.03489506,0.04142243,0.9984073,-0.0683708,-0.0344215,0.997066,True,0.422552,0.1918358,18.40612,0.8159502,-1.3,7.340268
2026-08-21 13:06:25.658,68.93149,True,18.90691,1.067471,-8.617701,0.02016502,-0.03259031,0.0381423,0.9985371,-0.06354699,-0.04275718,0.9970625,True,0.4281732,0.173797,18.44052,0.7536645,-1.3,7.33926
2026-08-21 13:06:25.703,68.97624,True,18.90577,1.066035,-8.616937,0.02263083,-0.02919082,0.0314558,0.9988225,-0.05688916,-0.04704481,0.9972715,True,0.4359956,0.164299,18.48838,0.7208691,-1.3,7.336956
2026-08-21 13:06:25.747,69.0211,True,18.90541,1.063985,-8.617703,0.02757317,-0.02577773,0.02302092,0.9990222,-0.05023553,-0.05627926,0.9971505,True,0.4439015,0.1440561,18.53675,0.6509731,-1.3,7.338614
2026-08-21 13:06:25.791,69.0647,True,18.90669,1.062793,-8.618835,0.02930163,-0.01744237,0.02091808,0.9991995,-0.03363095,-0.05928607,0.9976743,True,0.4640402,0.1373672,18.65998,0.6278772,-1.3,7.335896
2026-08-21 13:06:25.837,69.10981,True,18.90925,1.062107,-8.620505,0.02918877,-0.004274582,0.02023337,0.99936,-0.007362519,-0.05851315,0.9982595,True,0.4959571,0.1388551,18.85526,0.6330149,-1.3,7.333269
2026-08-21 13:06:25.870,69.14324,True,18.9117,1.06188,-8.621532,0.02772538,0.00653537,0.02240103,0.9993432,0.01430431,-0.05512154,0.9983772,True,0.5223259,0.1459898,19.0166,0.6576499,-1.3,7.333433
2026-08-21 13:06:25.904,69.17795,True,18.91404,1.06178,-8.622744,0.02726867,0.01486172,0.02579629,0.9991847,0.03110607,-0.05372613,0.9980711,True,0.5428622,0.1488707,19.14226,0.6675973,-1.3,7.336895
2026-08-21 13:06:25.938,69.2114,True,18.91559,1.061398,-8.623661,0.03139488,0.02205319,0.02703593,0.998898,0.04575535,-0.0615281,0.9970561,True,0.5607457,0.1320323,19.25168,0.6094564,-1.3,7.345285
2026-08-21 13:06:25.972,69.24561,True,18.91675,1.060898,-8.624445,0.033825,0.02515448,0.02827426,0.998711,0.05215686,-0.06614035,0.9964463,True,0.5686649,0.1219746,19.30013,0.5747288,-1.3,7.350567
2026-08-21 13:06:26.015,69.28766,True,18.91836,1.060408,-8.625174,0.03700603,0.02790529,0.02794102,0.9985346,0.05779676,-0.07234419,0.9957037,True,0.5757619,0.1084957,19.34356,0.5281879,-1.3,7.356781
2026-08-21 13:06:26.047,69.32146,True,18.9197,1.060149,-8.625506,0.03797332,0.02893531,0.02826057,0.9984599,0.05992779,-0.07419422,0.9954416,True,0.5785648,0.10443,19.36071,0.5141498,-1.3,7.359052
2026-08-21 13:06:26.093,69.36646,True,18.92133,1.060115,-8.625545,0.03787314,0.0286757,0.02829903,0.9984701,0.05940721,-0.07400741,0.9954867,True,0.5782032,0.1048247,19.3585,0.5155123,-1.3,7.358757
2026-08-21 13:06:26.137,69.41053,True,18.92231,1.060378,-8.625194,0.0387461,0.02847391,0.02902181,0.9984216,0.0591069,-0.07571715,0.9953759,True,0.5780066,0.1012469,19.35729,0.5031587,-1.3,7.359223
2026-08-21 13:06:26.172,69.44558,True,18.92294,1.060575,-8.624729,0.03953061,0.03033278,0.02780313,0.9983708,0.06276488,-0.07724571,0.9950345,True,0.5825301,0.09799994,19.38497,0.4919473,-1.3,7.361281
2026-08-21 13:06:26.213,69.48756,True,18.92407,1.060832,-8.624029,0.03900285,0.0351166,0.02701428,0.9982564,0.07221801,-0.0759724,0.9944912,True,0.5941272,0.100716,19.45593,0.5013255,-1.3,7.364599
2026-08-21 13:06:26.248,69.52106,True,18.92557,1.061316,-8.623434,0.03779251,0.04339386,0.02449851,0.9980424,0.08846954,-0.07331087,0.9933774,True,0.6140438,0.1063703,19.57779,0.520849,-1.3,7.372258
2026-08-21 13:06:26.292,69.56504,True,18.92812,1.061736,-8.62302,0.03622379,0.05872015,0.02184019,0.997378,0.1187146,-0.0696927,0.9904796,True,0.6513133,0.1137902,19.80583,0.5464691,-1.3,7.393408
2026-08-21 13:06:26.325,69.59843,True,18.93039,1.06201,-8.62312,0.03482623,0.07463986,0.0183204,0.9964339,0.1500234,-0.06666922,0.9864321,True,0.6902615,0.1197559,20.04414,0.5670676,-1.3,7.423847
2026-08-21 13:06:26.370,69.64346,True,18.93438,1.062174,-8.623867,0.03169183,0.1018045,0.01666416,0.9941598,0.2034761,-0.05962052,0.9772629,True,0.7581103,0.1337426,20.45928,0.6153619,-1.3,7.494265
2026-08-21 13:06:26.413,69.68748,True,18.93668,1.061765,-8.624959,0.03269496,0.1167882,0.0183796,0.9924484,0.2330143,-0.06060307,0.9705831,True,0.7966728,0.1305666,20.69523,0.6043955,-1.3,7.546967
2026-08-21 13:06:26.458,69.73146,True,18.9378,1.061189,-8.625699,0.03469563,0.1251241,0.02322055,0.9912623,0.249673,-0.06297403,0.9662803,True,0.8188063,0.1245905,20.83066,0.5837611,-1.3,7.581339
2026-08-21 13:06:26.502,69.77631,True,18.93847,1.060273,-8.626166,0.03866943,0.1305568,0.02750867,0.9903045,0.2607094,-0.06940612,0.9629192,True,0.8337386,0.1096609,20.92202,0.5322112,-1.3,7.608287
2026-08-21 13:06:26.547,69.82069,True,18.93707,1.060012,-8.626083,0.03996614,0.1188675,0.03440784,0.9915086,0.2384665,-0.0710736,0.9685465,True,0.8041252,0.1068227,20.74083,0.5224112,-1.3,7.563997
2026-08-21 13:06:26.591,69.86501,True,18.93644,1.060103,-8.626312,0.03808758,0.118577,0.03651085,0.9915422,0.2379293,-0.06687219,0.9689777,True,0.8032362,0.1161137,20.73539,0.5544918,-1.3,7.560867
2026-08-21 13:06:26.635,69.90907,True,18.93651,1.060614,-8.626624,0.03537085,0.1182844,0.03503495,0.991731,0.237091,-0.06186856,0.9695154,True,0.8020618,0.1272874,20.7282,0.5930732,-1.3,7.556996
2026-08-21 13:06:26.670,69.94343,True,18.9362,1.060897,-8.626929,0.03550704,0.1150283,0.03615241,0.9920689,0.2307993,-0.06213376,0.9710155,True,0.7938114,0.1269936,20.67772,0.5920584,-1.3,7.545636
2026-08-21 13:06:26.714,69.98753,True,18.93565,1.061105,-8.626995,0.03479467,0.1118771,0.03777414,0.992394,0.224681,-0.06060792,0.9725457,True,0.7857443,0.1305955,20.62836,0.6044953,-1.3,7.533831
2026-08-21 13:06:26.757,70.03111,True,18.93488,1.061135,-8.626643,0.03410377,0.109824,0.03721754,0.9926684,0.2205762,-0.05953271,0.9735512,True,0.7802699,0.1330905,20.59487,0.6131103,-1.3,7.525688
2026-08-21 13:06:26.791,70.06461,True,18.93464,1.061104,-8.626442,0.03370729,0.1094802,0.03611167,0.9927608,0.2198097,-0.05901952,0.9737558,True,0.7792236,0.1342305,20.58846,0.6170467,-1.3,7.523901
2026-08-21 13:06:26.835,70.10919,True,18.93439,1.061059,-8.626074,0.03439224,0.1089184,0.03610201,0.9927994,0.2187516,-0.06042484,0.9739079,True,0.7778258,0.1311825,20.57991,0.6065223,-1.3,7.522347
2026-08-21 13:06:26.880,70.15368,True,18.93406,1.060914,-8.625775,0.03506099,0.1087984,0.03667903,0.992768,0.2185951,-0.06163363,0.9738673,True,0.7775805,0.128507,20.57841,0.597284,-1.3,7.522355
2026-08-21 13:06:26.914,70.18747,True,18.93382,1.06096,-8.625466,0.03462192,0.1073681,0.03693727,0.9929296,0.2157756,-0.06082249,0.9745468,True,0.7738781,0.1303854,20.55576,0.6037699,-1.3,7.516792
2026-08-21 13:06:26.956,70.23097,True,18.93366,1.061034,-8.625069,0.03444001,0.1051952,0.03760622,0.9931433,0.2115382,-0.06049575,0.9754957,True,0.7683793,0.1312535,20.52211,0.6067674,-1.3,7.509073
2026-08-21 13:06:26.991,70.2644,True,18.93392,1.061085,-8.624888,0.03458535,0.1047839,0.03725044,0.9931952,0.2107183,-0.06089351,0.9756484,True,0.7673687,0.130427,20.51593,0.6039137,-1.3,7.507712
2026-08-21 13:06:27.025,70.29889,True,18.93427,1.060977,-8.624705,0.03492683,0.1045028,0.03624294,0.9932501,0.2101266,-0.06180718,0.9757186,True,0.7666758,0.1284222,20.51169,0.5969912,-1.3,7.506985
2026-08-21 13:06:27.061,70.33468,True,18.93448,1.060838,-8.624451,0.03569697,0.1035676,0.03551565,0.9933469,0.2082928,-0.0635624,0.9759989,True,0.7643777,0.1246104,20.49763,0.5838298,-1.3,7.504569
2026-08-21 13:06:27.102,70.37571,True,18.93458,1.060633,-8.624417,0.03719322,0.1032191,0.03492703,0.9933492,0.2076633,-0.06668144,0.975925,True,0.76364,0.1177616,20.49311,0.5601815,-1.3,7.505103
2026-08-21 13:06:27.136,70.40907,True,18.93462,1.060511,-8.624305,0.03739408,0.1031444,0.03497662,0.9933477,0.2075323,-0.06707536,0.9759259,True,0.7634823,0.1168724,20.49215,0.5571114,-1.3,7.504981
2026-08-21 13:06:27.169,70.44256,True,18.9347,1.060474,-8.624207,0.03728512,0.1033359,0.03511953,0.9933268,0.2079115,-0.06681441,0.975863,True,0.763972,0.1174215,20.49515,0.5590073,-1.3,7.505363
2026-08-21 13:06:27.216,70.48969,True,18.93479,1.060584,-8.624226,0.03731231,0.1034646,0.03585397,0.9932862,0.2082156,-0.06670437,0.9758057,True,0.7643756,0.1176838,20.49762,0.5599132,-1.3,7.505824
2026-08-21 13:06:27.257,70.53106,True,18.93472,1.060603,-8.624237,0.03756179,0.1034447,0.0356356,0.9932867,0.2081775,-0.06724662,0.9757766,True,0.7643266,0.1165058,20.49732,0.5558456,-1.3,7.506059
2026-08-21 13:06:27.291,70.56451,True,18.93457,1.060541,-8.624198,0.03775086,0.1029724,0.03482676,0.9933573,0.2072063,-0.0678278,0.9759431,True,0.7630647,0.1152504,20.4896,0.5515107,-1.3,7.504739
2026-08-21 13:06:27.324,70.59795,True,18.93426,1.060422,-8.624243,0.03815946,0.1016389,0.03425073,0.993499,0.2045703,-0.06886037,0.9764268,True,0.7596579,0.1130449,20.46875,0.5438956,-1.3,7.501067
2026-08-21 13:06:27.357,70.63176,True,18.93403,1.060515,-8.624166,0.03793462,0.1003445,0.03418544,0.9936414,0.2020066,-0.06852619,0.9769838,True,0.7563338,0.1138843,20.44841,0.5467941,-1.3,7.496711
2026-08-21 13:06:27.392,70.66525,True,18.93376,1.060527,-8.624086,0.03786756,0.0992386,0.03413505,0.9937568,0.1998233,-0.06848726,0.9774355,True,0.7534993,0.1140427,20.43107,0.5473406,-1.3,7.493166
2026-08-21 13:06:27.436,70.70924,True,18.93343,1.060386,-8.624044,0.03881693,0.09786924,0.03307693,0.9938918,0.1971108,-0.07068522,0.9778297,True,0.7500247,0.1092947,20.40981,0.5309465,-1.3,7.490102
2026-08-21 13:06:27.479,70.75328,True,18.93302,1.06007,-8.624151,0.04036992,0.09591592,0.03208803,0.9940527,0.1932817,-0.07410415,0.9783408,True,0.7451501,0.1018682,20.37998,0.5053041,-1.3,7.486298
2026-08-21 13:06:27.512,70.78713,True,18.93299,1.059974,-8.624083,0.04079406,0.0959195,0.03133734,0.994059,0.193256,-0.07509167,0.9782706,True,0.7451285,0.09968928,20.37985,0.4977804,-1.3,7.486765
2026-08-21 13:06:27.546,70.82055,True,18.9329,1.059986,-8.62394,0.04075143,0.09535772,0.03148648,0.99411,0.1921584,-0.07501786,0.9784924,True,0.7437125,0.09989272,20.37119,0.4984829,-1.3,7.484922
2026-08-21 13:06:27.591,70.86475,True,18.93291,1.060105,-8.62381,0.04039362,0.0945913,0.03189912,0.9941848,0.1906595,-0.07428269,0.9788417,True,0.7417933,0.1015813,20.35944,0.5043132,-1.3,7.482119
2026-08-21 13:06:27.635,70.9091,True,18.93306,1.060099,-8.623756,0.04068093,0.09480467,0.03190996,0.9941524,0.1910968,-0.07483566,0.9787143,True,0.7423812,0.1003612,20.36304,0.5001004,-1.3,7.483038
2026-08-21 13:06:27.679,70.95325,True,18.93322,1.060115,-8.623572,0.04096726,0.09444235,0.03207405,0.9941698,0.1904114,-0.07539853,0.9788046,True,0.7415432,0.09916523,20.35791,0.495971,-1.3,7.48216
2026-08-21 13:06:27.713,70.98727,True,18.93335,1.060074,-8.623346,0.04121712,0.09418432,0.03193472,0.9941884,0.1899064,-0.07593966,0.9788609,True,0.7409251,0.0979955,20.35413,0.491932,-1.3,7.481498
2026-08-21 13:06:27.757,71.03138,True,18.93363,1.060023,-8.622992,0.04165464,0.09416644,0.03178602,0.9941767,0.1898842,-0.07683779,0.9787952,True,0.740948,0.09603152,20.35427,0.4851507,-1.3,7.481638
2026-08-21 13:06:27.802,71.07594,True,18.93396,1.059852,-8.62281,0.04219989,0.0943834,0.03161999,0.9941384,0.1903291,-0.07793626,0.9786219,True,0.7415813,0.0935761,20.35815,0.4766723,-1.3,7.482778
2026-08-21 13:06:27.837,71.11084,True,18.93412,1.059783,-8.622596,0.04250575,0.09395977,0.03129616,0.9941757,0.1894856,-0.07863522,0.9787297,True,0.7405446,0.09206522,20.3518,0.4714556,-1.3,7.481735
2026-08-21 13:06:27.879,71.15322,True,18.93433,1.059699,-8.622382,0.04303878,0.09393417,0.03069179,0.9941741,0.1894157,-0.07981006,0.9786481,True,0.7405056,0.08948577,20.35156,0.462549,-1.3,7.482141
2026-08-21 13:06:27.912,71.18684,True,18.93446,1.059476,-8.622277,0.04386382,0.09377832,0.02950582,0.9941886,0.1890552,-0.0816838,0.9785632,True,0.7401024,0.08534818,20.3491,0.4482626,-1.3,7.482682
2026-08-21 13:06:27.958,71.23195,True,18.93467,1.059174,-8.622171,0.04531953,0.09356989,0.02794943,0.994188,0.1885854,-0.0848818,0.9783816,True,0.7396028,0.0782989,20.34604,0.4239224,-1.3,7.483963
2026-08-21 13:06:27.992,71.26551,True,18.93484,1.059159,-8.622124,0.04599927,0.09359184,0.02780873,0.9941586,0.1886486,-0.0862558,0.9782493,True,0.7397376,0.07529238,20.34686,0.4135411,-1.3,7.484927
2026-08-21 13:06:28.026,71.29917,True,18.93496,1.059271,-8.621999,0.04596612,0.09283099,0.02796998,0.994227,0.1871615,-0.08620856,0.978539,True,0.7378649,0.07548574,20.33541,0.4142087,-1.3,7.482582
2026-08-21 13:06:28.069,71.34297,True,18.93512,1.059266,-8.621989,0.04624565,0.09224781,0.02748332,0.9942818,0.1859826,-0.08689186,0.9787034,True,0.736411,0.0740354,20.32651,0.409201,-1.3,7.481316
2026-08-21 13:06:28.113,71.38699,True,18.9352,1.059188,-8.621863,0.04612781,0.09138834,0.02787561,0.9943558,0.1843167,-0.0866399,0.9790408,True,0.7343063,0.07462659,20.31363,0.4112421,-1.3,7.478609
2026-08-21 13:06:28.157,71.43144,True,18.9353,1.059205,-8.621626,0.0460715,0.09084427,0.02789439,0.9944077,0.1832428,-0.08655961,0.9792495,True,0.7329549,0.07485146,20.30536,0.4120187,-1.3,7.476773
2026-08-21 13:06:28.201,71.47572,True,18.93545,1.059127,-8.621436,0.04612856,0.09039921,0.02775643,0.9944495,0.1823556,-0.08672673,0.9794003,True,0.7318551,0.07450066,20.29863,0.4108075,-1.3,7.475428
2026-08-21 13:06:28.235,71.50922,True,18.93558,1.059069,-8.621331,0.04668975,0.09046499,0.02783213,0.9944152,0.1825185,-0.08782232,0.9792723,True,0.732101,0.07208982,20.30014,0.4024831,-1.3,7.476297
2026-08-21 13:06:28.269,71.54259,True,18.93572,1.058959,-8.621271,0.04692015,0.09008744,0.02744838,0.9944493,0.1817506,-0.0883739,0.9793655,True,0.7311628,0.07088349,20.2944,0.3983179,-1.3,7.475524
2026-08-21 13:06:28.313,71.587,True,18.93612,1.058757,-8.621268,0.04750448,0.09124502,0.02637869,0.9943449,0.1839643,-0.08965783,0.9788353,True,0.7340555,0.06794008,20.3121,0.3881545,-1.3,7.47957
2026-08-21 13:06:28.358,71.6312,True,18.93632,1.05858,-8.62131,0.04815933,0.09187136,0.02582418,0.9942703,0.1851773,-0.09102178,0.9784806,True,0.7356527,0.06486169,20.32187,0.3775254,-1.3,7.482324
2026-08-21 13:06:28.392,71.66519,True,18.93633,1.058558,-8.621283,0.04795705,0.0920497,0.02560664,0.9942692,0.1855004,-0.09065027,0.9784539,True,0.736056,0.06565584,20.32434,0.3802674,-1.3,7.482501
2026-08-21 13:06:28.426,71.69941,True,18.93635,1.058563,-8.621275,0.04777439,0.09229481,0.02574698,0.9942517,0.1859886,-0.0902469,0.9783986,True,0.7366694,0.06652062,20.32809,0.3832535,-1.3,7.482916
2026-08-21 13:06:28.469,71.74231,True,18.9362,1.058667,-8.621284,0.04746414,0.09215221,0.02608755,0.9942709,0.1857249,-0.08957637,0.9785103,True,0.7362965,0.06802576,20.32581,0.3884505,-1.3,7.482071
2026-08-21 13:06:28.501,71.77565,True,18.9362,1.058705,-8.621242,0.04734736,0.09258883,0.02575372,0.9942446,0.1865506,-0.0893807,0.9783711,True,0.7373377,0.06843433,20.33218,0.3898612,-1.3,7.483093
2026-08-21 13:06:28.536,71.80929,True,18.93621,1.058757,-8.621285,0.04723056,0.09286165,0.02551386,0.9942309,0.1870619,-0.08917766,0.978292,True,0.7379841,0.0688725,20.33614,0.3913742,-1.3,7.483743
2026-08-21 13:06:28.570,71.84293,True,18.93615,1.058756,-8.621352,0.04741172,0.09250878,0.0246176,0.9942778,0.1862932,-0.08972614,0.9783885,True,0.7370125,0.06770092,20.33019,0.3873289,-1.3,7.483072
2026-08-21 13:06:28.613,71.88669,True,18.93614,1.058691,-8.621453,0.04793015,0.09210452,0.02448811,0.9942936,0.1855053,-0.09080236,0.9784389,True,0.7360389,0.06535706,20.32423,0.3792359,-1.3,7.48279
2026-08-21 13:06:28.646,71.92048,True,18.93608,1.058703,-8.621512,0.04778263,0.09194613,0.02473485,0.9943093,0.1852096,-0.09047288,0.9785255,True,0.7356502,0.06609029,20.32186,0.3817675,-1.3,7.482189
2026-08-21 13:06:28.680,71.95399,True,18.93604,1.058703,-8.621568,0.04766725,0.09194003,0.02512363,0.9943056,0.1852281,-0.0901719,0.9785497,True,0.7356623,0.06674605,20.32193,0.3840319,-1.3,7.48206
2026-08-21 13:06:28.714,71.98804,True,18.93603,1.058638,-8.621682,0.04774383,0.09202619,0.02533191,0.9942887,0.1854201,-0.0902799,0.9785034,True,0.735909,0.06648086,20.32344,0.3831162,-1.3,7.482531
2026-08-21 13:06:28.758,72.03195,True,18.93618,1.058624,-8.621638,0.04830357,0.09240502,0.02492752,0.9942368,0.1861531,-0.09144352,0.9782562,True,0.7368871,0.06390627,20.32942,0.3742263,-1.3,7.484377
2026-08-21 13:06:28.792,72.06535,True,18.93627,1.058503,-8.621563,0.04899554,0.09199476,0.0245727,0.9942498,0.1853395,-0.09290648,0.9782728,True,0.7358997,0.06070549,20.32338,0.3631746,-1.3,7.484173
2026-08-21 13:06:28.837,72.11001,True,18.93624,1.058391,-8.621438,0.05034817,0.09027644,0.02450218,0.9943414,0.1819985,-0.0957026,0.9786304,True,0.731723,0.05469171,20.29783,0.3424098,-1.3,7.48131
2026-08-21 13:06:28.880,72.15422,True,18.93658,1.058157,-8.621474,0.05181125,0.08970615,0.02325596,0.9943478,0.1808081,-0.09886439,0.9785368,True,0.7303461,0.04775176,20.2894,0.3184471,-1.3,7.482064
2026-08-21 13:06:28.915,72.18782,True,18.93668,1.058063,-8.621494,0.05232187,0.08952429,0.02303404,0.9943426,0.180446,-0.09992752,0.9784957,True,0.7299286,0.04541115,20.28685,0.3103653,-1.3,7.482399
2026-08-21 13:06:28.949,72.22173,True,18.93674,1.05802,-8.621493,0.05307564,0.08897065,0.02334831,0.994345,0.1794135,-0.1013964,0.9785344,True,0.7286664,0.04222437,20.27912,0.2993617,-1.3,7.482101
2026-08-21 13:06:28.993,72.2663,True,18.93675,1.057978,-8.621455,0.05324533,0.08788333,0.02348361,0.9944295,0.1772883,-0.1017698,0.9788829,True,0.7259914,0.04148266,20.26276,0.2968007,-1.3,7.479398
2026-08-21 13:06:29.036,72.30947,True,18.93684,1.057967,-8.621468,0.05342934,0.08779602,0.02351779,0.9944265,0.1771265,-0.1021336,0.9788743,True,0.7258103,0.04068934,20.26165,0.2940615,-1.3,7.479477
2026-08-21 13:06:29.071,72.34515,True,18.93682,1.057947,-8.621453,0.05371334,0.08743653,0.02353367,0.9944425,0.1764294,-0.1027143,0.9789395,True,0.7249413,0.03944086,20.25633,0.2897507,-1.3,7.478964
2026-08-21 13:06:29.114,72.38728,True,18.93678,1.057894,-8.621402,0.05354095,0.0866279,0.02358196,0.9945214,0.1748318,-0.1024095,0.9792579,True,0.7229103,0.04015918,20.2439,0.2922308,-1.3,7.476479
2026-08-21 13:06:29.147,72.42075,True,18.93673,1.057853,-8.621339,0.05331444,0.0858503,0.02331506,0.9946073,0.1732607,-0.1020507,0.9795746,True,0.7209122,0.04099793,20.23168,0.2951269,-1.3,7.473998
2026-08-21 13:06:29.192,72.46524,True,18.93664,1.057847,-8.621306,0.05291335,0.08449719,0.02327881,0.9947455,0.1705699,-0.1013367,0.9801208,True,0.7174934,0.04266476,20.21076,0.3008823,-1.3,7.4698
2026-08-21 13:06:29.235,72.50926,True,18.93653,1.057828,-8.621376,0.05291671,0.08355923,0.02325266,0.9948251,0.1687146,-0.1013998,0.9804354,True,0.7151467,0.04259093,20.1964,0.3006274,-1.3,7.467474
2026-08-21 13:06:29.268,72.54301,True,18.9364,1.057817,-8.621414,0.05298563,0.08265347,0.02308657,0.994901,0.1669106,-0.1016145,0.9807218,True,0.7128649,0.04218638,20.18244,0.2992306,-1.3,7.465332
2026-08-21 13:06:29.313,72.58696,True,18.93628,1.057901,-8.621406,0.05282017,0.08180892,0.02363033,0.9949668,0.1652906,-0.1012423,0.9810346,True,0.7108041,0.04308558,20.16983,0.3023354,-1.3,7.462943
2026-08-21 13:06:29.357,72.63122,True,18.93607,1.057779,-8.621461,0.05347209,0.08106467,0.02444467,0.9949732,0.1639286,-0.1024434,0.9811385,True,0.7090894,0.04047601,20.15934,0.2933249,-1.3,7.462209
2026-08-21 13:06:29.391,72.66519,True,18.93596,1.057705,-8.621386,0.05385482,0.08085904,0.0239615,0.9949811,0.1634873,-0.103294,0.981123,True,0.7085333,0.03861507,20.15594,0.2868992,-1.3,7.462251
2026-08-21 13:06:29.425,72.69888,True,18.9359,1.057692,-8.621287,0.05384038,0.08070265,0.0238467,0.9949973,0.1631657,-0.1032931,0.9811766,True,0.708118,0.03862842,20.1534,0.2869453,-1.3,7.461742
2026-08-21 13:06:29.471,72.74421,True,18.93577,1.057589,-8.621184,0.05417005,0.08048879,0.02412143,0.9949901,0.1627844,-0.1039143,0.9811743,True,0.70763,0.0372587,20.15041,0.2822158,-1.3,7.461654
2026-08-21 13:06:29.513,72.78689,True,18.9359,1.057472,-8.621062,0.05484283,0.0809649,0.02319539,0.9949367,0.1636541,-0.1053743,0.9808739,True,0.7087693,0.03400413,20.15738,0.2709785,-1.3,7.463816
2026-08-21 13:06:29.546,72.82063,True,18.93596,1.057372,-8.620939,0.05530714,0.08008214,0.02314984,0.9949835,0.1619215,-0.1063516,0.9810559,True,0.7066269,0.03190883,20.14427,0.2637435,-1.3,7.462306
2026-08-21 13:06:29.591,72.86481,True,18.93592,1.057462,-8.620687,0.05511711,0.0794726,0.02353054,0.995034,0.1607497,-0.1059467,0.9812924,True,0.7051366,0.03287309,20.13515,0.267073,-1.3,7.460251
2026-08-21 13:06:29.635,72.90901,True,18.93585,1.057434,-8.620604,0.05484689,0.0791297,0.02303436,0.9950878,0.1600087,-0.1055095,0.9814606,True,0.7041852,0.03385121,20.12933,0.2704504,-1.3,7.458886
2026-08-21 13:06:29.668,72.94258,True,18.93591,1.057321,-8.620623,0.05485787,0.07929724,0.02322656,0.9950694,0.1603608,-0.1054912,0.9814051,True,0.7046371,0.0338448,20.1321,0.2704283,-1.3,7.459328
2026-08-21 13:06:29.714,72.98706,True,18.93586,1.057614,-8.620455,0.05411573,0.07939041,0.02375703,0.9950901,0.1605725,-0.1039279,0.9815373,True,0.7048556,0.03734217,20.13343,0.2825042,-1.3,7.458152
2026-08-21 13:06:29.757,73.03117,True,18.93574,1.057578,-8.620455,0.05366907,0.07873208,0.0233252,0.9951768,0.1592084,-0.1031475,0.9818418,True,0.7031122,0.03908652,20.12277,0.2885271,-1.3,7.45584
2026-08-21 13:06:29.802,73.07571,True,18.93563,1.057546,-8.620478,0.05389972,0.07836743,0.02348144,0.9951894,0.1585122,-0.1036005,0.9819067,True,0.7022337,0.03811299,20.11739,0.2851657,-1.3,7.455369
2026-08-21 13:06:29.836,73.10925,True,18.93566,1.057557,-8.6205,0.05415862,0.07901624,0.02338427,0.9951264,0.1597952,-0.1040939,0.9816465,True,0.7038543,0.03699091,20.12731,0.2812911,-1.3,7.457368
2026-08-21 13:06:29.880,73.15336,True,18.93562,1.057623,-8.620483,0.0539603,0.07922681,0.02386056,0.9951091,0.1602537,-0.103612,0.9816228,True,0.7044119,0.03804581,20.13072,0.2849338,-1.3,7.457532
2026-08-21 13:06:29.912,73.18678,True,18.93551,1.057652,-8.620452,0.05358415,0.07908249,0.0238085,0.9951422,0.1599482,-0.102882,0.9817494,True,0.7039947,0.0396603,20.12817,0.2905083,-1.3,7.456538
2026-08-21 13:06:29.947,73.22075,True,18.93544,1.057657,-8.620462,0.05350383,0.0790578,0.02362259,0.9951529,0.159877,-0.1027539,0.9817744,True,0.7038919,0.03994364,20.12754,0.2914866,-1.3,7.456359
2026-08-21 13:06:29.991,73.26452,True,18.93525,1.057699,-8.620496,0.05353903,0.07848263,0.02362496,0.9951964,0.158741,-0.1028554,0.9819481,True,0.7024427,0.03977499,20.11867,0.2909044,-1.3,7.455074
2026-08-21 13:06:30.026,73.29941,True,18.93522,1.057699,-8.620522,0.0534391,0.0785831,0.02368597,0.9951924,0.1589421,-0.1026417,0.9819379,True,0.7026861,0.04023324,20.12016,0.2924867,-1.3,7.455178
2026-08-21 13:06:30.069,73.34227,True,18.93511,1.057869,-8.620502,0.05296111,0.07821387,0.02438439,0.9952302,0.1582645,-0.1016026,0.9821554,True,0.7017994,0.04257531,20.11473,0.3005735,-1.3,7.453507
2026-08-21 13:06:30.103,73.37602,True,18.93503,1.057968,-8.620472,0.05253781,0.07801796,0.02450065,0.9952651,0.1578715,-0.1007551,0.9823059,True,0.7012771,0.04446767,20.11154,0.3071076,-1.3,7.452334
2026-08-21 13:06:30.146,73.42024,True,18.93503,1.05794,-8.620564,0.05275526,0.07852016,0.02432379,0.9952185,0.1588558,-0.1011862,0.9821029,True,0.7025188,0.04348123,20.11914,0.3037015,-1.3,7.453967
2026-08-21 13:06:30.191,73.46493,True,18.93498,1.058053,-8.620518,0.05246171,0.07847413,0.02457879,0.9952314,0.1587787,-0.1005655,0.9821792,True,0.7024003,0.04487213,20.11841,0.308504,-1.3,7.453342
2026-08-21 13:06:30.236,73.5091,True,18.93502,1.058014,-8.620507,0.05247293,0.07866046,0.02444065,0.9952195,0.1591338,-0.1005991,0.9821182,True,0.7028518,0.04477511,20.12117,0.3081691,-1.3,7.453794
2026-08-21 13:06:30.279,73.55389,True,18.93502,1.058046,-8.620498,0.05295128,0.07874284,0.02439656,0.9951887,0.1593116,-0.1015509,0.9819915,True,0.703093,0.04270164,20.12265,0.3010098,-1.3,7.454746
2026-08-21 13:06:30.314,73.58726,True,18.93499,1.058084,-8.620492,0.05283391,0.07866984,0.02464419,0.9951946,0.1591877,-0.1012826,0.9820393,True,0.7029266,0.04330276,20.12163,0.3030853,-1.3,7.454378
2026-08-21 13:06:30.358,73.63137,True,18.93501,1.058177,-8.620524,0.0522797,0.07882786,0.02511903,0.9951995,0.1595253,-0.1000973,0.982106,True,0.7033301,0.04590233,20.1241,0.3120612,-1.3,7.453904
2026-08-21 13:06:30.402,73.6756,True,18.93496,1.058152,-8.620575,0.05226165,0.07865082,0.02542795,0.9952067,0.1592055,-0.1000224,0.9821655,True,0.7029213,0.04606841,20.1216,0.3126347,-1.3,7.453505
2026-08-21 13:06:30.436,73.70975,True,18.93492,1.058209,-8.620575,0.05173059,0.07851185,0.02551995,0.995243,0.1589171,-0.09896178,0.9823197,True,0.7025331,0.04840784,20.11922,0.3207124,-1.3,7.452334
2026-08-21 13:06:30.481,73.7545,True,18.93486,1.058177,-8.620604,0.05163591,0.07881764,0.02509772,0.9952344,0.1594759,-0.09882338,0.982243,True,0.70322,0.04868005,20.12343,0.3216524,-1.3,7.452946
2026-08-21 13:06:30.523,73.79794,True,18.93474,1.058349,-8.620556,0.0513877,0.07852531,0.02558846,0.9952579,0.1589357,-0.09826934,0.9823862,True,0.7025122,0.04995796,20.1191,0.3260647,-1.3,7.45181
2026-08-21 13:06:30.568,73.84245,True,18.93454,1.058334,-8.620538,0.05129529,0.07902978,0.02534525,0.995229,0.1599056,-0.09809506,0.9822462,True,0.7036886,0.05030017,20.1263,0.3272464,-1.3,7.452855
2026-08-21 13:06:30.605,73.87849,True,18.93444,1.058455,-8.620505,0.05137164,0.07911422,0.02530087,0.9952195,0.1600715,-0.09824879,0.9822038,True,0.7038813,0.04999512,20.12747,0.3261931,-1.3,7.453143
2026-08-21 13:06:30.649,73.92287,True,18.93435,1.058589,-8.62044,0.05131019,0.07938119,0.02587028,0.9951867,0.160653,-0.09801921,0.9821318,True,0.7045882,0.05051583,20.1318,0.327991,-1.3,7.453624
2026-08-21 13:06:30.694,73.96639,True,18.93424,1.058537,-8.620394,0.05140503,0.07964581,0.02557845,0.9951683,0.1611517,-0.09823888,0.9820281,True,0.7051975,0.0500056,20.13553,0.3262293,-1.3,7.454363
2026-08-21 13:06:30.735,74.00954,True,18.93417,1.058525,-8.620378,0.0514056,0.07977698,0.02539338,0.9951624,0.1613928,-0.09826224,0.9819862,True,0.7054877,0.04994288,20.1373,0.3260126,-1.3,7.454665
2026-08-21 13:06:30.780,74.05384,True,18.93419,1.058494,-8.620442,0.0515874,0.08000784,0.02557505,0.9951298,0.1618751,-0.0985799,0.9818749,True,0.7061023,0.04922213,20.14106,0.323524,-1.3,7.455575
2026-08-21 13:06:30.828,74.10188,True,18.93425,1.058495,-8.620503,0.05137259,0.08029338,0.0258353,0.9951113,0.1624561,-0.09809408,0.9818277,True,0.7068307,0.05025961,20.14552,0.3271062,-1.3,7.455997
2026-08-21 13:06:30.872,74.14543,True,18.93444,1.058537,-8.620617,0.05115243,0.08086054,0.02536817,0.9950887,0.1635221,-0.09769984,0.98169,True,0.7081922,0.05109022,20.15385,0.3299744,-1.3,7.457158
2026-08-21 13:06:30.905,74.17899,True,18.93473,1.058584,-8.620663,0.05090174,0.08174468,0.024415,0.9950531,0.1651661,-0.09730829,0.9814537,True,0.7102938,0.05189757,20.16671,0.332762,-1.3,7.459
2026-08-21 13:06:30.939,74.21276,True,18.93516,1.058786,-8.62066,0.05036678,0.08265987,0.02323419,0.995033,0.1668391,-0.09639214,0.9812611,True,0.7124422,0.05389438,20.17985,0.3396568,-1.3,7.460461
2026-08-21 13:06:30.985,74.25824,True,18.93562,1.059003,-8.6207,0.05006407,0.08316632,0.02235211,0.9950263,0.1677434,-0.09591224,0.9811539,True,0.7136434,0.05497037,20.1872,0.343372,-1.3,7.461316
2026-08-21 13:06:31.025,74.29792,True,18.9358,1.059008,-8.620734,0.05017424,0.08248413,0.02273929,0.9950688,0.1664366,-0.09610239,0.9813578,True,0.7120382,0.05460285,20.17738,0.342103,-1.3,7.459801
2026-08-21 13:06:31.062,74.33625,True,18.93591,1.058774,-8.620834,0.05059732,0.08245853,0.0230396,0.9950426,0.166431,-0.09689335,0.981281,True,0.7120678,0.05280718,20.17756,0.3359028,-1.3,7.460487
2026-08-21 13:06:31.103,74.37641,True,18.93605,1.058629,-8.62082,0.05075358,0.08275498,0.02274359,0.9950168,0.1669938,-0.09723704,0.9811514,True,0.7128032,0.0519951,20.18206,0.3330988,-1.3,7.461458
2026-08-21 13:06:31.137,74.4099,True,18.93607,1.058512,-8.620687,0.05089353,0.08274422,0.02294602,0.9950059,0.1669976,-0.09748143,0.9811265,True,0.7128136,0.05143162,20.18213,0.331153,-1.3,7.461512
2026-08-21 13:06:31.181,74.45424,True,18.93613,1.058535,-8.620442,0.05097918,0.08354203,0.02279742,0.9949383,0.1685627,-0.09763318,0.9808437,True,0.7147846,0.05105658,20.19419,0.3298581,-1.3,7.463413
2026-08-21 13:06:31.224,74.49801,True,18.93616,1.058524,-8.620156,0.05103242,0.08444758,0.02282254,0.9948585,0.1703562,-0.09768546,0.9805286,True,0.7170345,0.05088078,20.20795,0.3292512,-1.3,7.46552
2026-08-21 13:06:31.258,74.53151,True,18.93616,1.058607,-8.619917,0.05098522,0.08522499,0.02286629,0.9947937,0.1718943,-0.09754199,0.9802744,True,0.7189589,0.05116715,20.21973,0.3302399,-1.3,7.467212
2026-08-21 13:06:31.291,74.565,True,18.93614,1.058618,-8.619712,0.05109888,0.08547883,0.02294238,0.9947643,0.1724072,-0.09774049,0.9801645,True,0.7195998,0.05072332,20.22365,0.3287075,-1.3,7.46784
2026-08-21 13:06:31.336,74.60937,True,18.93603,1.058614,-8.619462,0.05110371,0.08536325,0.02282367,0.9947767,0.1721675,-0.09777696,0.980203,True,0.7192736,0.05065893,20.22165,0.3284851,-1.3,7.467291
2026-08-21 13:06:31.379,74.6535,True,18.93595,1.058611,-8.619298,0.05114466,0.08483765,0.02262452,0.9948241,0.1711113,-0.09792107,0.9803736,True,0.7179301,0.05038789,20.21343,0.3275493,-1.3,7.465825
2026-08-21 13:06:31.424,74.69789,True,18.93593,1.058615,-8.619208,0.05110031,0.08473015,0.02236179,0.9948415,0.1708715,-0.09788397,0.9804191,True,0.7176222,0.05048179,20.21155,0.3278735,-1.3,7.465387
2026-08-21 13:06:31.457,74.73202,True,18.93594,1.058583,-8.619193,0.05123546,0.08447538,0.02247338,0.9948537,0.1703842,-0.09814667,0.9804777,True,0.7170161,0.0499177,20.20784,0.3259257,-1.3,7.464926
2026-08-21 13:06:31.502,74.77639,True,18.93599,1.058541,-8.619231,0.05138769,0.08465754,0.02247613,0.9948303,0.1707498,-0.09843852,0.9803848,True,0.717491,0.04925318,20.21075,0.3236312,-1.3,7.465672
2026-08-21 13:06:31.546,74.82066,True,18.93614,1.058476,-8.619339,0.05129749,0.08501488,0.02235799,0.9948071,0.1714406,-0.0982607,0.9802821,True,0.7183838,0.0495934,20.21621,0.324806,-1.3,7.466564
2026-08-21 13:06:31.590,74.86457,True,18.93624,1.058609,-8.619265,0.05081407,0.08443183,0.02308038,0.9948651,0.1703422,-0.09720886,0.9805784,True,0.7169949,0.05197234,20.20771,0.3330201,-1.3,7.464231
2026-08-21 13:06:31.624,74.89825,True,18.93632,1.05864,-8.619212,0.05045221,0.08456162,0.02323102,0.9948689,0.1705996,-0.09645777,0.9806078,True,0.7173153,0.05361247,20.20967,0.3386834,-1.3,7.463954
2026-08-21 13:06:31.669,74.94234,True,18.93639,1.058564,-8.619173,0.05117192,0.08461323,0.0229529,0.9948342,0.1707014,-0.09793092,0.9804441,True,0.7174838,0.05037179,20.2107,0.3274935,-1.3,7.465161
2026-08-21 13:06:31.701,74.97604,True,18.93636,1.058597,-8.619116,0.05110325,0.08413828,0.02318871,0.9948726,0.1697838,-0.09778032,0.9806184,True,0.7163203,0.05074639,20.20358,0.3287871,-1.3,7.463775
2026-08-21 13:06:31.736,75.00964,True,18.93634,1.058622,-8.619058,0.05119015,0.08378509,0.02299088,0.9949026,0.1690698,-0.09800583,0.9807193,True,0.715424,0.05028941,20.1981,0.3272091,-1.3,7.462949
2026-08-21 13:06:31.779,75.05363,True,18.93638,1.058589,-8.618995,0.05132218,0.08372013,0.02270967,0.9949077,0.1689186,-0.09831916,0.980714,True,0.7152454,0.04960347,20.19701,0.3248408,-1.3,7.462925
2026-08-21 13:06:31.814,75.08713,True,18.93641,1.058452,-8.618961,0.05149096,0.08366711,0.02250398,0.9949081,0.1687997,-0.09869186,0.980697,True,0.7151074,0.04875562,20.19616,0.3219134,-1.3,7.46302
2026-08-21 13:06:31.848,75.12108,True,18.93645,1.058459,-8.618837,0.05160986,0.08350875,0.02232495,0.9949193,0.1684733,-0.09896663,0.9807254,True,0.7147075,0.04817344,20.19371,0.319903,-1.3,7.462677
2026-08-21 13:06:31.891,75.16464,True,18.93647,1.058406,-8.618677,0.05170516,0.08310074,0.02207437,0.994954,0.1676456,-0.09921972,0.9808417,True,0.7136716,0.0476413,20.18738,0.3180655,-1.3,7.461629
2026-08-21 13:06:31.924,75.19823,True,18.93645,1.058323,-8.618592,0.05189289,0.08263434,0.02190654,0.9949868,0.1667138,-0.09964501,0.9809574,True,0.7125066,0.04672588,20.18025,0.3149048,-1.3,7.460663
2026-08-21 13:06:31.959,75.23251,True,18.93648,1.058318,-8.61849,0.05206421,0.08242967,0.02175891,0.9949981,0.1663004,-0.1000204,0.9809893,True,0.7119968,0.04592339,20.17713,0.312134,-1.3,7.460316
2026-08-21 13:06:32.004,75.27689,True,18.93651,1.058288,-8.61839,0.05207802,0.08211049,0.02173248,0.9950244,0.1656675,-0.1000689,0.9810915,True,0.7112074,0.04583547,20.1723,0.3118304,-1.3,7.459437
2026-08-21 13:06:32.047,75.32119,True,18.93662,1.058256,-8.618331,0.05213475,0.08230239,0.02153675,0.9950098,0.166029,-0.1002041,0.9810166,True,0.7116796,0.04551928,20.17519,0.3107387,-1.3,7.459946
2026-08-21 13:06:32.081,75.35496,True,18.93664,1.058245,-8.618253,0.05221353,0.08190397,0.0215678,0.9950379,0.1652474,-0.1003759,0.981131,True,0.7107034,0.04517262,20.16921,0.3095417,-1.3,7.458997
2026-08-21 13:06:32.125,75.39872,True,18.9367,1.058209,-8.618244,0.05209727,0.08178595,0.02146173,0.995056,0.1649994,-0.1001689,0.9811938,True,0.7103987,0.04562355,20.16735,0.3110986,-1.3,7.45851
2026-08-21 13:06:32.169,75.44309,True,18.93674,1.05822,-8.6182,0.05211488,0.08213606,0.02122851,0.9950312,0.1656685,-0.1002246,0.9810754,True,0.7112448,0.0454816,20.17253,0.3106086,-1.3,7.459366
2026-08-21 13:06:32.203,75.47648,True,18.93678,1.058222,-8.618216,0.05224815,0.08236729,0.02159641,0.9949971,0.1661672,-0.1004158,0.9809715,True,0.7118809,0.04504555,20.17642,0.3091029,-1.3,7.460171
2026-08-21 13:06:32.237,75.50993,True,18.93678,1.058265,-8.618196,0.05186896,0.0820905,0.02186155,0.9950341,0.1656336,-0.09963351,0.9811415,True,0.7111945,0.04678604,20.17222,0.3151125,-1.3,7.458858
2026-08-21 13:06:32.279,75.55409,True,18.93686,1.058232,-8.618185,0.05213549,0.08189375,0.02141229,0.9950461,0.1652088,-0.1002474,0.9811506,True,0.7106867,0.0454529,20.16911,0.3105093,-1.3,7.458778
2026-08-21 13:06:32.313,75.58743,True,18.93683,1.058181,-8.618161,0.05232185,0.08140114,0.02121145,0.9950811,0.1642211,-0.1006757,0.9812726,True,0.7094524,0.0445406,20.16156,0.3073593,-1.3,7.457828
2026-08-21 13:06:32.347,75.62108,True,18.93673,1.05821,-8.618114,0.05242971,0.08107685,0.02129578,0.9951001,0.1635922,-0.1008924,0.9813553,True,0.7086523,0.04410075,20.15667,0.3058406,-1.3,7.45715
2026-08-21 13:06:32.392,75.66531,True,18.93664,1.058271,-8.618053,0.05221751,0.08081226,0.0213756,0.9951311,0.1630699,-0.1004717,0.9814854,True,0.7079727,0.04505744,20.15251,0.3091439,-1.3,7.4561
2026-08-21 13:06:32.436,75.70927,True,18.93658,1.058273,-8.618063,0.05200284,0.08116507,0.0215095,0.9951107,0.1637736,-0.1000055,0.9814159,True,0.7088345,0.04604924,20.15778,0.3125684,-1.3,7.456638
2026-08-21 13:06:32.481,75.75462,True,18.93645,1.058359,-8.618084,0.05161323,0.08081814,0.02191299,0.9951504,0.1631144,-0.09918392,0.981609,True,0.7079715,0.04788976,20.1525,0.3189236,-1.3,7.455193
2026-08-21 13:06:32.524,75.79852,True,18.93628,1.058467,-8.618061,0.05117775,0.08025615,0.02200452,0.9952164,0.1619968,-0.09833387,0.9818796,True,0.7065272,0.04981576,20.14366,0.3255738,-1.3,7.453115
2026-08-21 13:06:32.569,75.84277,True,18.93612,1.058558,-8.618053,0.05060076,0.07960261,0.02179358,0.995303,0.160663,-0.09725652,0.982206,True,0.704811,0.05223757,20.13316,0.333936,-1.3,7.450629
2026-08-21 13:06:32.603,75.87624,True,18.93576,1.058729,-8.618041,0.04975456,0.07833042,0.0209684,0.9954643,0.1580368,-0.09577286,0.9827777,True,0.7014426,0.0556091,20.11255,0.3455775,-1.3,7.446284
2026-08-21 13:06:32.635,75.90972,True,18.93497,1.059198,-8.617904,0.04770329,0.07488564,0.01993924,0.9958509,0.1510522,-0.09202441,0.9842331,True,0.6925365,0.06412564,20.05806,0.3749839,-1.3,7.435133
2026-08-21 13:06:32.679,75.95366,True,18.93344,1.060242,-8.617626,0.04318728,0.06875095,0.01949189,0.996508,0.1387053,-0.08339277,0.9868163,True,0.6768355,0.08349182,19.96199,0.4418527,-1.3,7.415388
2026-08-21 13:06:32.715,75.98853,True,18.93265,1.060729,-8.617639,0.04106334,0.06640297,0.01969312,0.996753,0.1339921,-0.07924466,0.9878089,True,0.6708324,0.09271194,19.92526,0.4736885,-1.3,7.40795
2026-08-21 13:06:32.758,76.03141,True,18.9314,1.061515,-8.617894,0.03874245,0.0632925,0.02192817,0.9970016,0.1279046,-0.07447679,0.9889861,True,0.6630782,0.1033533,19.87781,0.5104319,-1.3,7.39939
2026-08-21 13:06:32.801,76.07564,True,18.93015,1.062178,-8.618249,0.03584805,0.06125712,0.0246596,0.9971732,0.1239359,-0.06847228,0.989925,True,0.6579391,0.1165451,19.84637,0.5559813,-1.3,7.392731
2026-08-21 13:06:32.835,76.10925,True,18.9293,1.06253,-8.618598,0.03429057,0.06058,0.02498688,0.9972612,0.1225418,-0.0653659,0.9903085,True,0.6560657,0.1233453,19.83491,0.5794616,-1.3,7.390221
2026-08-21 13:06:32.879,76.15386,True,18.92836,1.062808,-8.618926,0.03297712,0.0602263,0.0256947,0.9973089,0.1218231,-0.06268175,0.9905706,True,0.6550115,0.1292003,19.82846,0.5996779,-1.3,7.388596
2026-08-21 13:06:32.924,76.19779,True,18.92764,1.063033,-8.619341,0.03210541,0.06029022,0.02673864,0.997306,0.1219725,-0.06081368,0.9906687,True,0.6550696,0.1332682,19.82881,0.6137239,-1.3,7.388284
2026-08-21 13:06:32.958,76.23205,True,18.92737,1.063109,-8.61966,0.03204367,0.06051738,0.02656525,0.997299,0.1224103,-0.06069892,0.9906217,True,0.6555673,0.133524,19.83186,0.6146073,-1.3,7.388956
2026-08-21 13:06:33.002,76.27586,True,18.92598,1.064148,-8.619491,0.02834411,0.05449694,0.03084464,0.9976348,0.1104846,-0.05319226,0.9924534,True,0.6406879,0.1501016,19.74082,0.6718472,-1.3,7.375147
2026-08-21 13:06:33.037,76.31024,True,18.92489,1.064947,-8.619459,0.02503118,0.05028617,0.03284818,0.9978806,0.1020036,-0.04665264,0.9936895,True,0.630134,0.1644256,19.67624,0.7213063,-1.3,7.365942
2026-08-21 13:06:33.079,76.35359,True,18.92408,1.065499,-8.619953,0.02296001,0.04851999,0.03227222,0.9980367,0.0983314,-0.04269817,0.9942373,True,0.625524,0.1730657,19.64803,0.7511393,-1.3,7.36238
2026-08-21 13:06:33.113,76.38724,True,18.92362,1.065904,-8.620329,0.02204102,0.04765404,0.03183018,0.9981133,0.0965314,-0.0409652,0.9944866,True,0.6232598,0.1768954,19.63418,0.7643628,-1.3,7.360912
2026-08-21 13:06:33.159,76.43225,True,18.92319,1.066219,-8.620661,0.02094977,0.04677099,0.03210949,0.9981697,0.09471613,-0.03881926,0.9947472,True,0.6209801,0.1815794,19.62023,0.7805359,-1.3,7.359318
2026-08-21 13:06:33.201,76.47585,True,18.92239,1.066167,-8.620536,0.02092229,0.04372949,0.03159397,0.9983245,0.08863448,-0.0390113,0.9953,True,0.6134735,0.1812025,19.5743,0.7792348,-1.3,7.355104
2026-08-21 13:06:33.236,76.50952,True,18.92178,1.065993,-8.620279,0.02131792,0.0419798,0.03150564,0.9983941,0.08516803,-0.03992217,0.9955665,True,0.6091765,0.1792375,19.54801,0.7724497,-1.3,7.352878
2026-08-21 13:06:33.279,76.55361,True,18.92155,1.065854,-8.619895,0.0218269,0.041783,0.03096531,0.9984082,0.08478473,-0.04099667,0.9955555,True,0.6086737,0.1769129,19.54493,0.7644233,-1.3,7.352572
2026-08-21 13:06:33.324,76.59782,True,18.92191,1.065544,-8.619728,0.02290765,0.0429095,0.03036623,0.9983546,0.08706904,-0.04313392,0.995268,True,0.6115063,0.1722476,19.56227,0.7483147,-1.3,7.354529
2026-08-21 13:06:33.357,76.63131,True,18.92223,1.065462,-8.619641,0.02325199,0.04353517,0.03012117,0.998327,0.08832543,-0.04380351,0.9951281,True,0.6130818,0.1707856,19.57191,0.7432663,-1.3,7.355476
2026-08-21 13:06:33.403,76.67773,True,18.92263,1.065373,-8.619631,0.02343107,0.04421701,0.0302937,0.9982876,0.08970222,-0.0441029,0.9949917,True,0.6148167,0.1701092,19.58252,0.7409308,-1.3,7.356475
2026-08-21 13:06:33.447,76.72046,True,18.92297,1.065316,-8.619624,0.02403545,0.04429747,0.02985736,0.9982828,0.08987808,-0.04534315,0.9949201,True,0.6150916,0.1674435,19.5842,0.7317268,-1.3,7.356997
2026-08-21 13:06:33.491,76.76479,True,18.92317,1.065162,-8.619586,0.02422244,0.04404555,0.02975722,0.9982924,0.08938227,-0.04574081,0.9949465,True,0.6145254,0.1665546,19.58074,0.7286576,-1.3,7.356763
2026-08-21 13:06:33.536,76.8096,True,18.92349,1.065071,-8.619474,0.02482755,0.04477548,0.02967228,0.9982476,0.09086742,-0.04691091,0.9947575,True,0.6163826,0.1640178,19.5921,0.719898,-1.3,7.358048
2026-08-21 13:06:33.580,76.85365,True,18.92377,1.064957,-8.619344,0.02547109,0.04540677,0.0296716,0.9982029,0.09216189,-0.04815605,0.9945789,True,0.6180031,0.1613148,19.60202,0.7105649,-1.3,7.359239
2026-08-21 13:06:33.614,76.88724,True,18.92393,1.064719,-8.619293,0.02625907,0.04567703,0.02974757,0.9981679,0.09274898,-0.04970436,0.9944481,True,0.6187493,0.1579327,19.60658,0.6988872,-1.3,7.360156
2026-08-21 13:06:33.646,76.92079,True,18.92394,1.064375,-8.619201,0.02758747,0.04511764,0.03032616,0.9981401,0.0917407,-0.05233583,0.9944066,True,0.6175411,0.1522205,19.59919,0.6791638,-1.3,7.36037
2026-08-21 13:06:33.691,76.96465,True,18.92406,1.064202,-8.619094,0.02836669,0.04586219,0.0303442,0.9980838,0.09327014,-0.05384136,0.994184,True,0.6194227,0.1489372,19.6107,0.667827,-1.3,7.36191
2026-08-21 13:06:33.737,77.01022,True,18.92439,1.06419,-8.619103,0.02868335,0.04815071,0.03029993,0.9979683,0.09784397,-0.05433222,0.9937176,True,0.6250357,0.1478326,19.64505,0.6640128,-1.3,7.365376
2026-08-21 13:06:33.779,77.05365,True,18.92486,1.064147,-8.619172,0.02882724,0.05098419,0.03022311,0.9978257,0.1034892,-0.05444732,0.9931392,True,0.631982,0.1475059,19.68755,0.6628847,-1.3,7.369734
2026-08-21 13:06:33.815,77.08862,True,18.92515,1.064168,-8.619227,0.02870786,0.05253835,0.030278,0.9977469,0.1065784,-0.05410483,0.9928312,True,0.6357914,0.1482062,19.71086,0.6653028,-1.3,7.372077
2026-08-21 13:06:33.857,77.1315,True,18.92549,1.064236,-8.61928,0.02846808,0.05413221,0.03020016,0.9976709,0.1097317,-0.05353395,0.9925185,True,0.6396886,0.149408,19.7347,0.6694527,-1.3,7.374452
2026-08-21 13:06:33.902,77.17619,True,18.92554,1.064215,-8.619338,0.02865253,0.0550321,0.03037836,0.997611,0.1115421,-0.05382458,0.992301,True,0.6419091,0.1487552,19.74829,0.6671984,-1.3,7.376127
2026-08-21 13:06:33.946,77.22055,True,18.92542,1.064167,-8.619321,0.02869191,0.05508021,0.03076863,0.9975953,0.1116611,-0.05385634,0.9922859,True,0.6420348,0.1486718,19.74906,0.6669103,-1.3,7.376221
2026-08-21 13:06:33.981,77.25449,True,18.92521,1.064187,-8.619244,0.02853005,0.0545594,0.03135658,0.9976102,0.1106472,-0.05350214,0.9924186,True,0.6407588,0.1494508,19.74125,0.6696005,-1.3,7.375158
2026-08-21 13:06:34.026,77.29932,True,18.9249,1.064151,-8.619184,0.02842122,0.05453026,0.03193507,0.9975966,0.1106137,-0.05322296,0.9924374,True,0.6406643,0.1500398,19.74067,0.671634,-1.3,7.374959
2026-08-21 13:06:34.069,77.34289,True,18.92447,1.064071,-8.619083,0.02784928,0.05470122,0.03263319,0.9975807,0.1109554,-0.05199365,0.9924644,True,0.6409997,0.1526469,19.74272,0.6806358,-1.3,7.374656
2026-08-21 13:06:34.113,77.38651,True,18.92413,1.064247,-8.618985,0.02718363,0.05551114,0.03311987,0.9975383,0.1125496,-0.05055637,0.9923591,True,0.6428779,0.1557576,19.75422,0.6913768,-1.3,7.37534
2026-08-21 13:06:34.146,77.42105,True,18.92374,1.064467,-8.618841,0.02652837,0.0561457,0.03391977,0.9974936,0.1138096,-0.04911486,0.9922878,True,0.6443417,0.1588948,19.76317,0.7022091,-1.3,7.375724
2026-08-21 13:06:34.181,77.45449,True,18.92341,1.064739,-8.618706,0.02584218,0.0572392,0.0344318,0.9974319,0.115964,-0.04760993,0.9921117,True,0.6469061,0.1621723,19.77886,0.713526,-1.3,7.376896
2026-08-21 13:06:34.224,77.49805,True,18.92303,1.064951,-8.618629,0.02487118,0.05914059,0.03486384,0.9973306,0.1196997,-0.04548585,0.9917676,True,0.6513958,0.1667389,19.80633,0.7292937,-1.3,7.379378
2026-08-21 13:06:34.257,77.53174,True,18.92276,1.065046,-8.618605,0.02424563,0.06038642,0.03517338,0.9972605,0.1221476,-0.04411042,0.9915313,True,0.6543396,0.1696839,19.82435,0.7394624,-1.3,7.381114
2026-08-21 13:06:34.302,77.57564,True,18.92229,1.065132,-8.618578,0.02348849,0.06160343,0.0363803,0.9971609,0.1245661,-0.0423613,0.9913066,True,0.6572143,0.1734275,19.84194,0.7523887,-1.3,7.382759
2026-08-21 13:06:34.336,77.60923,True,18.92178,1.065194,-8.618663,0.02295748,0.06290293,0.03787572,0.9970365,0.1271721,-0.0410139,0.9910324,True,0.6603181,0.1763011,19.86093,0.7623109,-1.3,7.384887
2026-08-21 13:06:34.379,77.65347,True,18.92124,1.065551,-8.618829,0.02152509,0.0647689,0.0394553,0.9968876,0.1308332,-0.03780525,0.9906833,True,0.6647079,0.1832369,19.88778,0.7862589,-1.3,7.387658
2026-08-21 13:06:34.413,77.68701,True,18.92095,1.065992,-8.61892,0.01979013,0.06662753,0.04127065,0.9967276,0.1344525,-0.03395121,0.9903383,True,0.6690897,0.1915842,19.9146,0.8150815,-1.3,7.390324
2026-08-21 13:06:34.458,77.73133,True,18.92076,1.066587,-8.619198,0.01686864,0.06908188,0.04455967,0.9964726,0.1391797,-0.02746174,0.9898863,True,0.6748518,0.2056173,19.94985,0.8635358,-1.3,7.393978
2026-08-21 13:06:34.502,77.77596,True,18.92098,1.067362,-8.61954,0.0127578,0.07387737,0.04841772,0.9960096,0.1484005,-0.01825984,0.9887587,True,0.686243,0.2255001,20.01955,0.9321885,-1.3,7.402756
2026-08-21 13:06:34.536,77.81017,True,18.9217,1.068391,-8.619845,0.007657288,0.08085794,0.05001255,0.9954407,0.1617445,-0.007156928,0.9868067,True,0.7029004,0.2495712,20.12147,1.015303,-1.3,7.417709
2026-08-21 13:06:34.569,77.84359,True,18.92289,1.069534,-8.620214,0.001461045,0.09155485,0.05066403,0.9945093,0.1822523,0.006371031,0.9832311,True,0.728771,0.2790147,20.27976,1.116967,-1.3,7.445058
2026-08-21 13:06:34.613,77.88699,True,18.92456,1.070295,-8.621243,-0.004904126,0.1061992,0.05021584,0.993064,0.2104327,0.02040599,0.9773954,True,0.7648997,0.309766,20.50082,1.223147,-1.3,7.490565
2026-08-21 13:06:34.647,77.92043,True,18.92614,1.070115,-8.622179,-0.005567712,0.1179323,0.04999252,0.9917468,0.2333612,0.02283498,0.972122,True,0.7948137,0.3152583,20.68386,1.242111,-1.3,7.532161
2026-08-21 13:06:34.691,77.96449,True,18.92731,1.06917,-8.623227,0.0005106645,0.1277776,0.0514255,0.9904686,0.253172,0.01213046,0.9673452,True,0.8209765,0.2917681,20.84394,1.161003,-1.3,7.570438
2026-08-21 13:06:34.724,77.99825,True,18.92798,1.068787,-8.623508,0.002252031,0.1340219,0.05042221,0.9896922,0.265508,0.00905773,0.9640661,True,0.8374789,0.2849886,20.94491,1.137594,-1.3,7.596479
2026-08-21 13:06:34.758,78.03185,True,18.92914,1.068124,-8.623833,0.004443851,0.142417,0.04819429,0.9886228,0.2820218,0.004940789,0.9593953,True,0.8598912,0.2757924,21.08204,1.105841,-1.3,7.633801
2026-08-21 13:06:34.801,78.07571,True,18.93116,1.066819,-8.624056,0.008983006,0.152884,0.04572835,0.9871447,0.3026589,-0.003752783,0.9530916,True,0.8884774,0.256139,21.25695,1.037981,-1.3,7.684525
2026-08-21 13:06:34.835,78.10925,True,18.9326,1.066251,-8.623983,0.01154924,0.1585141,0.04430003,0.9862948,0.3137065,-0.008737559,0.9494798,True,0.904083,0.2448069,21.35243,0.9988524,-1.3,7.713679
2026-08-21 13:06:34.869,78.14282,True,18.93408,1.06531,-8.623943,0.01550112,0.1626409,0.04142576,0.9856935,0.3219125,-0.01708367,0.9466153,True,0.9158953,0.2257739,21.42471,0.9331339,-1.3,7.73698
2026-08-21 13:06:34.912,78.18665,True,18.93635,1.063643,-8.623851,0.02250996,0.1681488,0.03403067,0.9849169,0.3327571,-0.03289646,0.9424386,True,0.931839,0.1895332,21.52226,0.8079996,-1.3,7.77117
2026-08-21 13:06:34.946,78.2205,True,18.93862,1.062115,-8.62398,0.03068925,0.1732099,0.02763076,0.9840189,0.3425796,-0.05082575,0.938113,True,0.9466995,0.1482086,21.61319,0.6653112,-1.3,7.80714
2026-08-21 13:06:34.992,78.26521,True,18.94142,1.060768,-8.623775,0.03693513,0.1762702,0.02165825,0.9834102,0.3482916,-0.06500936,0.9351293,True,0.9558514,0.1152835,21.66919,0.5516254,-1.3,7.831832
2026-08-21 13:06:35.036,78.31012,True,18.9443,1.060255,-8.623288,0.03813513,0.1793536,0.01799783,0.9828805,0.353939,-0.0685086,0.932756,True,0.9646727,0.106813,21.72316,0.522378,-1.3,7.851236
2026-08-21 13:06:35.080,78.3541,True,18.9467,1.060075,-8.622997,0.03885101,0.1831203,0.01624354,0.9821882,0.3609793,-0.07036896,0.9299151,True,0.9754949,0.1020483,21.78938,0.5059257,-1.3,7.874909
2026-08-21 13:06:35.124,78.39796,True,18.94851,1.060284,-8.622576,0.03867653,0.185433,0.01619627,0.9817619,0.365355,-0.06993563,0.9282374,True,0.9822463,0.1028179,21.83069,0.5085833,-1.3,7.888688
2026-08-21 13:06:35.157,78.43201,True,18.94939,1.060445,-8.622284,0.03810952,0.1867924,0.01632626,0.9815242,0.3679268,-0.06871159,0.9273126,True,0.9861594,0.1055109,21.85463,0.5178819,-1.3,7.896241
2026-08-21 13:06:35.204,78.47718,True,18.95057,1.060537,-8.621702,0.03756481,0.1885301,0.01566879,0.9812236,0.3711575,-0.06781087,0.9260906,True,0.9911157,0.1074052,21.88495,0.5244226,-1.3,7.906032
2026-08-21 13:06:35.248,78.52217,True,18.9512,1.060612,-8.621175,0.0378469,0.1886205,0.01602544,0.9811897,0.3713579,-0.06822451,0.9259799,True,0.9914997,0.1064723,21.8873,0.5212014,-1.3,7.906408
2026-08-21 13:06:35.291,78.56548,True,18.95166,1.060536,-8.620721,0.03825881,0.1875107,0.01597114,0.9813873,0.3692633,-0.0691039,0.926752,True,0.9884413,0.1045782,21.86859,0.5146612,-1.3,7.89933
2026-08-21 13:06:35.336,78.60944,True,18.95185,1.060566,-8.62032,0.03835727,0.1864938,0.01634845,0.981571,0.3673679,-0.069203,0.9274976,True,0.9856187,0.1044962,21.85132,0.5143782,-1.3,7.89255
2026-08-21 13:06:35.369,78.64294,True,18.95186,1.060653,-8.620083,0.03782298,0.1855325,0.01678626,0.9817665,0.365569,-0.06803786,0.9282942,True,0.9828794,0.1073233,21.83456,0.5241396,-1.3,7.88552
2026-08-21 13:06:35.413,78.68668,True,18.9517,1.060844,-8.620096,0.03548676,0.186419,0.01357095,0.9817355,0.3669914,-0.06461746,0.9279773,True,0.9848486,0.1151393,21.84661,0.5511273,-1.3,7.888227
2026-08-21 13:06:35.447,78.72038,True,18.95125,1.060954,-8.62025,0.03480176,0.18568,0.01227373,0.9819171,0.365499,-0.06378692,0.9286236,True,0.9825342,0.1171669,21.83245,0.5581282,-1.3,7.882903
2026-08-21 13:06:35.480,78.75394,True,18.95095,1.061256,-8.620399,0.03365036,0.1847243,0.01268034,0.9821323,0.3637008,-0.06141348,0.9294892,True,0.9797405,0.1228007,21.81535,0.5775809,-1.3,7.875721
2026-08-21 13:06:35.524,78.79789,True,18.95051,1.061461,-8.620643,0.0328164,0.1836523,0.01389742,0.982345,0.361732,-0.05936947,0.9303898,True,0.9766997,0.1276489,21.79675,0.5943211,-1.3,7.868361
2026-08-21 13:06:35.559,78.83271,True,18.95008,1.061588,-8.620749,0.03267556,0.1830011,0.01453079,0.9824621,0.3605329,-0.05888669,0.9308858,True,0.9748474,0.1288553,21.78541,0.5984867,-1.3,7.864283
2026-08-21 13:06:35.603,78.87655,True,18.94953,1.061741,-8.620787,0.0324266,0.1822217,0.01532923,0.9826031,0.3590973,-0.05813831,0.9314876,True,0.9726162,0.130689,21.77176,0.6048183,-1.3,7.859242
2026-08-21 13:06:35.647,78.9204,True,18.94902,1.061861,-8.620684,0.03206933,0.1814734,0.01560021,0.982749,0.3576862,-0.05737016,0.9320779,True,0.9704222,0.1325565,21.75834,0.6112665,-1.3,7.854154
2026-08-21 13:06:35.691,78.96461,True,18.9487,1.061918,-8.620641,0.03183541,0.1808236,0.015558,0.982877,0.3564453,-0.05695407,0.9325787,True,0.9685294,0.13359,21.74676,0.6148353,-1.3,7.84989
2026-08-21 13:06:35.724,78.99795,True,18.94865,1.061921,-8.620687,0.03126015,0.1809766,0.01447017,0.982884,0.3566627,-0.05621268,0.9325405,True,0.9688215,0.1352703,21.74854,0.6206369,-1.3,7.850261
2026-08-21 13:06:35.757,79.0316,True,18.9486,1.061942,-8.620786,0.02949456,0.1812506,0.01122924,0.9829304,0.3569758,-0.05391159,0.9325566,True,0.9692138,0.1405085,21.75094,0.6387239,-1.3,7.850231
2026-08-21 13:06:35.802,79.07593,True,18.94854,1.061925,-8.620981,0.0286259,0.1808392,0.008675177,0.9830577,0.3560474,-0.05314421,0.9329555,True,0.9678293,0.1422966,21.74247,0.6448978,-1.3,7.847085
2026-08-21 13:06:35.847,79.12086,True,18.94841,1.061998,-8.621081,0.0285799,0.1795096,0.009141162,0.9832985,0.3535455,-0.0529233,0.933919,True,0.9641374,0.1429422,21.71988,0.6471272,-1.3,7.839097
2026-08-21 13:06:35.891,79.16483,True,18.94852,1.062296,-8.621195,0.02882202,0.1785143,0.0102304,0.9834619,0.3517137,-0.05303818,0.9346039,True,0.9614866,0.1428543,21.70366,0.6468234,-1.3,7.833473
2026-08-21 13:06:35.936,79.20922,True,18.9485,1.062466,-8.621183,0.02848414,0.1777887,0.01127033,0.9835918,0.3503852,-0.05202606,0.9351596,True,0.9595149,0.1452698,21.6916,0.6551636,-1.3,7.828806
2026-08-21 13:06:35.969,79.24284,True,18.94834,1.062493,-8.621138,0.02836189,0.1773173,0.01171431,0.9836752,0.3495098,-0.05164348,0.9355084,True,0.9581991,0.1461894,21.68355,0.6583391,-1.3,7.825839
2026-08-21 13:06:36.002,79.27626,True,18.94822,1.06243,-8.621102,0.02836508,0.1771912,0.0116476,0.9836987,0.3492662,-0.05167769,0.9355974,True,0.9578223,0.1461054,21.68124,0.6580491,-1.3,7.825056
2026-08-21 13:06:36.046,79.3205,True,18.9481,1.062389,-8.620996,0.02859795,0.1773379,0.01138681,0.9836685,0.3495347,-0.05222318,0.9354668,True,0.9582021,0.1448426,21.68357,0.6536889,-1.3,7.826035
2026-08-21 13:06:36.092,79.36692,True,18.94827,1.062525,-8.620909,0.02774774,0.1785096,0.01074444,0.9834882,0.3517205,-0.05074318,0.9347287,True,0.9613763,0.148147,21.70299,0.6650985,-1.3,7.832121
2026-08-21 13:06:36.136,79.40905,True,18.94836,1.062588,-8.62091,0.02799459,0.1786499,0.01039501,0.9834595,0.3519719,-0.05134895,0.934601,True,0.9617735,0.1467753,21.70542,0.6603624,-1.3,7.833192
2026-08-21 13:06:36.182,79.45507,True,18.948,1.062572,-8.62081,0.02810781,0.1772359,0.01116424,0.9837036,0.3493227,-0.05134209,0.9355948,True,0.9578418,0.1469114,21.68136,0.6608323,-1.3,7.824765
2026-08-21 13:06:36.224,79.4978,True,18.94804,1.062544,-8.620874,0.02811155,0.1764774,0.01074841,0.9838445,0.347857,-0.05152107,0.9361309,True,0.9557231,0.1465635,21.6684,0.6596308,-1.3,7.820353
2026-08-21 13:06:36.257,79.53149,True,18.94813,1.062566,-8.620869,0.02835796,0.1756683,0.01103443,0.983979,0.3463337,-0.05193049,0.9366729,True,0.953535,0.1457109,21.65501,0.6566867,-1.3,7.815822
2026-08-21 13:06:36.292,79.56483,True,18.94808,1.062677,-8.620794,0.02826435,0.1756442,0.01120357,0.9839841,0.3462955,-0.05168766,0.9367005,True,0.9534605,0.1462971,21.65456,0.658711,-1.3,7.815512
2026-08-21 13:06:36.336,79.6092,True,18.94806,1.062793,-8.62077,0.02800126,0.175671,0.01147631,0.9839837,0.3463575,-0.05107346,0.9367113,True,0.9535304,0.1477229,21.65498,0.6636343,-1.3,7.815396
2026-08-21 13:06:36.369,79.64265,True,18.94804,1.062949,-8.620765,0.02735393,0.1757859,0.01175565,0.9839781,0.3465821,-0.04969838,0.9367021,True,0.9538182,0.1508795,21.65674,0.6745334,-1.3,7.815467
2026-08-21 13:06:36.413,79.68705,True,18.94801,1.063296,-8.620736,0.02571714,0.1757371,0.01222138,0.9840253,0.3464881,-0.04631715,0.9369102,True,0.9535922,0.158657,21.65536,0.7013881,-1.3,7.813701
2026-08-21 13:06:36.446,79.72057,True,18.94804,1.063581,-8.620833,0.02404408,0.1761598,0.01199632,0.9839948,0.3472576,-0.04309196,0.9367792,True,0.9546481,0.1660229,21.66182,0.7268218,-1.3,7.814897
2026-08-21 13:06:36.491,79.76466,True,18.94815,1.064029,-8.62129,0.02135636,0.1785302,0.01165688,0.9836336,0.3517146,-0.03785147,0.9353417,True,0.9610778,0.1778765,21.70116,0.7677506,-1.3,7.827396
2026-08-21 13:06:36.535,79.80927,True,18.94772,1.06527,-8.62167,0.01654708,0.1798305,0.01407153,0.9834577,0.3541771,-0.02748572,0.9347743,True,0.9644556,0.2016932,21.72183,0.8499863,-1.3,7.832553
2026-08-21 13:06:36.569,79.8429,True,18.94699,1.066312,-8.622201,0.01189219,0.1808648,0.01567063,0.9833112,0.3560655,-0.01771893,0.934293,True,0.9670213,0.2241266,21.73753,0.927446,-1.3,7.837157
2026-08-21 13:06:36.607,79.88058,True,18.94584,1.06772,-8.622435,0.006144396,0.179519,0.0187028,0.9835575,0.3533644,-0.005371718,0.9354703,True,0.9628185,0.2525746,21.71181,1.025673,-1.3,7.827543
2026-08-21 13:06:36.646,79.92036,True,18.94389,1.070265,-8.622482,-0.0053008,0.1759599,0.02255083,0.9841248,0.3460939,0.01836938,0.9380201,True,0.9519978,0.3070191,21.64561,1.213663,-1.3,7.806317
2026-08-21 13:06:36.681,79.95473,True,18.94193,1.072354,-8.622709,-0.01544701,0.1731562,0.023052,0.9845034,0.3402335,0.03839846,0.9395567,True,0.9435052,0.3527669,21.59364,1.371624,-1.3,7.793791
2026-08-21 13:06:36.714,79.98872,True,18.93994,1.073876,-8.623191,-0.02351123,0.1718371,0.02418868,0.9845477,0.3372262,0.05460887,0.9398385,True,0.9392474,0.3897687,21.56759,1.499386,-1.3,7.791967
2026-08-21 13:06:36.758,80.03137,True,18.93739,1.075502,-8.624106,-0.03271985,0.1724568,0.02569939,0.984138,0.3377608,0.07326577,0.9383761,True,0.9402367,0.4326205,21.57364,1.647348,-1.3,7.805086
2026-08-21 13:06:36.802,80.07615,True,18.93444,1.076892,-8.625288,-0.03871498,0.1722604,0.03100087,0.983802,0.33654,0.0868562,0.937655,True,0.9385965,0.4639265,21.56361,1.755443,-1.3,7.812349
2026-08-21 13:06:36.848,80.12139,True,18.93176,1.078691,-8.626162,-0.04789827,0.1735662,0.03621323,0.9829899,0.3377586,0.1067378,0.9351611,True,0.9409156,0.5101041,21.5778,1.914888,-1.3,7.834117
2026-08-21 13:06:36.881,80.1548,True,18.92972,1.079285,-8.627013,-0.05270786,0.1758882,0.0376674,0.9822761,0.3415709,0.1167978,0.9325705,True,0.9467297,0.5338681,21.61337,1.996942,-1.3,7.856793
2026-08-21 13:06:36.916,80.1903,True,18.92694,1.079475,-8.62824,-0.05613955,0.1788076,0.04001798,0.9814656,0.3464939,0.1245091,0.9297524,True,0.9540199,0.5523758,21.65798,2.060847,-1.3,7.881925
2026-08-21 13:06:36.959,80.23233,True,18.92302,1.079811,-8.629925,-0.06021947,0.1816986,0.04475956,0.9804875,0.3509157,0.1343544,0.9267185,True,0.9606588,0.5760221,21.6986,2.142494,-1.3,7.909549
2026-08-21 13:06:36.993,80.2661,True,18.92022,1.080422,-8.63111,-0.06475573,0.1831483,0.04854107,0.9797485,0.3525919,0.1446691,0.9245268,True,0.9635236,0.6006661,21.71613,2.227587,-1.3,7.929581
2026-08-21 13:06:37.037,80.30962,True,18.91593,1.081658,-8.632692,-0.07155579,0.1834604,0.0547557,0.9788891,0.3513386,0.1601814,0.9224441,True,0.9623234,0.6375588,21.70878,2.354972,-1.3,7.9492
2026-08-21 13:06:37.071,80.34357,True,18.91343,1.082368,-8.633512,-0.07575782,0.1833,0.05856071,0.9783826,0.3498022,0.1697086,0.9213237,True,0.9605238,0.6602167,21.69777,2.433207,-1.3,7.959755
2026-08-21 13:06:37.116,80.38876,True,18.91031,1.083332,-8.63465,-0.08198336,0.1823957,0.06303585,0.9777715,0.3463469,0.1833169,0.9200211,True,0.9562257,0.6925308,21.67147,2.544783,-1.3,7.972263
2026-08-21 13:06:37.159,80.43243,True,18.907,1.084737,-8.635454,-0.09099553,0.1807344,0.06730089,0.9769982,0.3409063,0.2021321,0.9181098,True,0.9495701,0.7374024,21.63075,2.699719,-1.3,7.989735
2026-08-21 13:06:37.193,80.46579,True,18.90469,1.085848,-8.636166,-0.09922976,0.1791874,0.07030438,0.9762698,0.3359178,0.2189454,0.9160907,True,0.9436876,0.777795,21.59476,2.839189,-1.3,8.008122
2026-08-21 13:06:37.237,80.50993,True,18.90203,1.086847,-8.637239,-0.1058457,0.1774736,0.07277242,0.9757069,0.3309192,0.2323792,0.9145996,True,0.9374795,0.8101987,21.55677,2.951075,-1.3,8.022352
2026-08-21 13:06:37.270,80.54433,True,18.90052,1.087204,-8.638121,-0.109116,0.1777091,0.07301529,0.9752856,0.3307,0.2387895,0.9130263,True,0.9377459,0.8262185,21.5584,3.006389,-1.3,8.03714
2026-08-21 13:06:37.313,80.58675,True,18.8988,1.087798,-8.639138,-0.1134056,0.1793205,0.07146152,0.9746161,0.3333291,0.2466828,0.9099666,True,0.9424506,0.8467741,21.58719,3.077365,-1.3,8.065283
2026-08-21 13:06:37.347,80.62047,True,18.89768,1.087708,-8.639687,-0.1131359,0.1781854,0.07356379,0.9746993,0.3307089,0.2467629,0.9109005,True,0.9383997,0.8463874,21.5624,3.07603,-1.3,8.057616
2026-08-21 13:06:37.379,80.65383,True,18.89683,1.08772,-8.640095,-0.1134708,0.1774715,0.07392843,0.974763,0.3292079,0.2474547,0.9112564,True,0.9361387,0.8478116,21.54857,3.080947,-1.3,8.054916
2026-08-21 13:06:37.414,80.68747,True,18.89614,1.087533,-8.640457,-0.1134985,0.1777964,0.0735672,0.9747279,0.3299066,0.2474202,0.9110131,True,0.9370837,0.8478597,21.55435,3.081113,-1.3,8.057466
2026-08-21 13:06:37.448,80.72112,True,18.89584,1.087633,-8.64053,-0.114573,0.1776257,0.07319859,0.9746611,0.3294765,0.2493435,0.9106443,True,0.9366484,0.8526182,21.55169,3.097543,-1.3,8.060808
2026-08-21 13:06:37.491,80.76475,True,18.89549,1.087627,-8.640606,-0.1165253,0.1762183,0.07199349,0.9747748,0.3267682,0.252545,0.9107379,True,0.9329835,0.8600358,21.52926,3.123156,-1.3,8.060064
2026-08-21 13:06:37.524,80.79836,True,18.89531,1.087426,-8.640598,-0.1163806,0.1744562,0.07102887,0.9751797,0.3237194,0.2517668,0.9120412,True,0.9283277,0.8573207,21.50078,3.11378,-1.3,8.048537
2026-08-21 13:06:37.558,80.83192,True,18.89539,1.087134,-8.640714,-0.1150278,0.1741126,0.06966225,0.9755002,0.3236675,0.2486775,0.9129068,True,0.9278755,0.8494945,21.49801,3.086758,-1.3,8.041032
2026-08-21 13:06:37.592,80.86542,True,18.89578,1.086944,-8.640734,-0.1131631,0.1747143,0.06819592,0.9757143,0.3255079,0.2446593,0.9133381,True,0.9301572,0.8398145,21.51197,3.053334,-1.3,8.037258
2026-08-21 13:06:37.625,80.89882,True,18.89631,1.086617,-8.640818,-0.1102224,0.1756085,0.06593305,0.9760458,0.3282694,0.2383211,0.9140253,True,0.9335515,0.8245555,21.53274,3.000647,-1.3,8.031306
2026-08-21 13:06:37.658,80.93239,True,18.89695,1.085956,-8.64089,-0.1061896,0.1759992,0.06278236,0.9766302,0.3304386,0.2295152,0.9154961,True,0.9358107,0.8030291,21.54656,2.926319,-1.3,8.018483
2026-08-21 13:06:37.693,80.96606,True,18.89762,1.085479,-8.640758,-0.1034692,0.1759326,0.06133552,0.977026,0.3310888,0.2237661,0.9166837,True,0.936203,0.7888573,21.54896,2.877386,-1.3,8.00795
2026-08-21 13:06:37.737,81.01099,True,18.89863,1.084935,-8.640563,-0.1014658,0.1760761,0.0591212,0.9773467,0.3321773,0.2191541,0.9174038,True,0.9374393,0.7775915,21.55653,2.838486,-1.3,8.001452
2026-08-21 13:06:37.780,81.05446,True,18.8996,1.084587,-8.640428,-0.09956206,0.1763727,0.05735438,0.9775943,0.3334213,0.2148941,0.9179601,True,0.9389521,0.7673077,21.56578,2.802978,-1.3,7.996456
2026-08-21 13:06:37.825,81.09851,True,18.90052,1.084249,-8.640312,-0.09780666,0.176858,0.05636883,0.9777411,0.3348161,0.2111977,0.9183102,True,0.9407521,0.7584556,21.5768,2.772413,-1.3,7.993282
2026-08-21 13:06:37.858,81.1321,True,18.90105,1.084079,-8.640244,-0.09620301,0.1774074,0.05555397,0.9778473,0.3362657,0.2078551,0.9185432,True,0.9426169,0.7505413,21.58821,2.745086,-1.3,7.99118
2026-08-21 13:06:37.902,81.17612,True,18.90149,1.084037,-8.640131,-0.09488591,0.177489,0.05504298,0.9779901,0.3367193,0.205134,0.9189886,True,0.9430623,0.7439944,21.59093,2.72248,-1.3,7.987183
2026-08-21 13:06:37.953,81.22311,True,18.90189,1.0839,-8.640012,-0.09382059,0.1775343,0.05427866,0.9781274,0.3371174,0.2028096,0.9193586,True,0.9434624,0.7383816,21.59338,2.7031,-1.3,7.98384
2026-08-21 13:06:37.991,81.26465,True,18.90227,1.083653,-8.639777,-0.09298524,0.177117,0.05363466,0.9783183,0.3365792,0.2009375,0.9199666,True,0.9425176,0.7336593,21.5876,2.686795,-1.3,7.978308
2026-08-21 13:06:38.025,81.2988,True,18.90234,1.083633,-8.639658,-0.09267088,0.1768078,0.05383603,0.978393,0.335997,0.2003743,0.9203022,True,0.9416039,0.7321758,21.58201,2.681672,-1.3,7.975269
2026-08-21 13:06:38.069,81.34307,True,18.90232,1.083705,-8.639606,-0.09237257,0.1768271,0.05381373,0.9784189,0.3360801,0.1997896,0.920399,True,0.9416589,0.7307942,21.58235,2.676902,-1.3,7.974374
2026-08-21 13:06:38.114,81.38737,True,18.90225,1.08374,-8.639553,-0.09222952,0.1767902,0.05420239,0.9784176,0.3359511,0.1996429,0.9204779,True,0.9414387,0.7304227,21.581,2.675619,-1.3,7.973633
2026-08-21 13:06:38.149,81.42258,True,18.90212,1.083701,-8.639559,-0.09198953,0.1770038,0.05414189,0.9784049,0.3364018,0.1991727,0.9204152,True,0.9420355,0.7293572,21.58465,2.67194,-1.3,7.974183
2026-08-21 13:06:38.191,81.46487,True,18.90196,1.083519,-8.639562,-0.09173825,0.1771875,0.05332158,0.9784403,0.3369516,0.1984166,0.9203773,True,0.9427432,0.7275776,21.58898,2.665795,-1.3,7.974514
2026-08-21 13:06:38.225,81.4986,True,18.90182,1.083385,-8.639513,-0.09120413,0.177194,0.05230202,0.9785442,0.3372439,0.1970297,0.9205682,True,0.9430082,0.7242383,21.5906,2.654265,-1.3,7.972807
2026-08-21 13:06:38.269,81.54255,True,18.90161,1.083414,-8.63959,-0.09042815,0.1784511,0.05100871,0.978456,0.3399878,0.1951651,0.9199559,True,0.9468478,0.7202459,21.6141,2.64048,-1.3,7.978198
2026-08-21 13:06:38.302,81.57594,True,18.90166,1.08327,-8.639791,-0.09014396,0.1786973,0.05106808,0.9784341,0.3404802,0.1946513,0.9198827,True,0.9475465,0.7190652,21.61837,2.636403,-1.3,7.979052
2026-08-21 13:06:38.336,81.60968,True,18.90175,1.083139,-8.639864,-0.08994592,0.1790606,0.05104903,0.978387,0.3411978,0.1942856,0.9196941,True,0.948592,0.7182785,21.62477,2.633687,-1.3,7.980767
2026-08-21 13:06:38.380,81.65379,True,18.90177,1.083128,-8.639911,-0.08997572,0.1787257,0.05098014,0.978449,0.3405739,0.1942962,0.919923,True,0.9476739,0.7181912,21.61915,2.633385,-1.3,7.978832
2026-08-21 13:06:38.423,81.69769,True,18.90171,1.083224,-8.639984,-0.09016737,0.1783654,0.05110715,0.9784905,0.3398414,0.1946873,0.9201112,True,0.9466224,0.7190352,21.61272,2.636299,-1.3,7.977279
2026-08-21 13:06:38.457,81.73143,True,18.90171,1.08328,-8.639962,-0.09046129,0.1779593,0.05133668,0.9785253,0.3389874,0.195309,0.9202945,True,0.9454209,0.7203965,21.60536,2.641,-1.3,7.975667
2026-08-21 13:06:38.502,81.77582,True,18.90164,1.083431,-8.639907,-0.09062244,0.1776829,0.05141311,0.9785566,0.3384272,0.1956288,0.9204327,True,0.9446094,0.7211078,21.6004,2.643456,-1.3,7.974409
2026-08-21 13:06:38.536,81.80925,True,18.90149,1.08369,-8.639666,-0.0910392,0.1773098,0.05170305,0.9785703,0.3376061,0.1965114,0.9205462,True,0.9434463,0.72315,21.59328,2.650507,-1.3,7.973163
2026-08-21 13:06:38.579,81.85374,True,18.90114,1.08399,-8.63924,-0.09240734,0.1754193,0.05220437,0.9787562,0.3337373,0.1992038,0.9213779,True,0.9379285,0.7290124,21.55952,2.670749,-1.3,7.965505
2026-08-21 13:06:38.613,81.88711,True,18.90115,1.084193,-8.639145,-0.0932188,0.1751774,0.05282934,0.978689,0.3330389,0.2009734,0.9212463,True,0.9370785,0.7332138,21.55432,2.685256,-1.3,7.96654
2026-08-21 13:06:38.649,81.92144,True,18.90136,1.084347,-8.639304,-0.09325655,0.1763416,0.05335546,0.9784478,0.3351305,0.2013109,0.9204137,True,0.9402393,0.734467,21.57366,2.689583,-1.3,7.973918
2026-08-21 13:06:38.691,81.96441,True,18.90157,1.08436,-8.639529,-0.09293936,0.178212,0.05361023,0.9781251,0.3386622,0.2009206,0.9192055,True,0.9454708,0.7341938,21.60567,2.68864,-1.3,7.984644
2026-08-21 13:06:38.724,81.99801,True,18.90151,1.084381,-8.639636,-0.09294154,0.1779938,0.05387547,0.9781501,0.3381947,0.2010005,0.9193602,True,0.944782,0.7343132,21.60146,2.689052,-1.3,7.983417
2026-08-21 13:06:38.758,82.0317,True,18.90136,1.084304,-8.639599,-0.09326425,0.1775179,0.05358153,0.978222,0.3373094,0.2014897,0.9195783,True,0.9434969,0.7353089,21.59359,2.69249,-1.3,7.981483
2026-08-21 13:06:38.792,82.06536,True,18.90135,1.084193,-8.639584,-0.09314755,0.1768575,0.05325427,0.9783705,0.3361433,0.2011025,0.9200899,True,0.941729,0.7341223,21.58278,2.688393,-1.3,7.977028
2026-08-21 13:06:38.836,82.10977,True,18.90137,1.084072,-8.639578,-0.09263916,0.1763511,0.05254379,0.9785486,0.3354011,0.1998362,0.9206365,True,0.9405038,0.7308871,21.57528,2.677222,-1.3,7.972286
2026-08-21 13:06:38.880,82.1535,True,18.90156,1.083988,-8.639489,-0.0921562,0.1765089,0.05213849,0.9785875,0.3358491,0.1987716,0.9207036,True,0.9410816,0.7283659,21.57881,2.668517,-1.3,7.971608
2026-08-21 13:06:38.924,82.19794,True,18.90168,1.084045,-8.639451,-0.09174457,0.17629,0.05234247,0.9786547,0.3354498,0.1980274,0.9210095,True,0.9404339,0.7265101,21.57485,2.662109,-1.3,7.96892
2026-08-21 13:06:38.957,82.23151,True,18.90174,1.08407,-8.639318,-0.09129395,0.1754255,0.05252242,0.9788426,0.333838,0.1971523,0.9217826,True,0.9379727,0.7241079,21.55979,2.653815,-1.3,7.962091
2026-08-21 13:06:39.002,82.27599,True,18.90189,1.083986,-8.639068,-0.09072393,0.174589,0.05198158,0.9790739,0.3324391,0.1958017,0.9225757,True,0.9357892,0.7205656,21.54643,2.641583,-1.3,7.954976
2026-08-21 13:06:39.038,82.31087,True,18.90207,1.083877,-8.638862,-0.09020937,0.1733472,0.05126927,0.9793797,0.3302954,0.1944732,0.9236261,True,0.9325309,0.7169514,21.52649,2.629104,-1.3,7.945706
2026-08-21 13:06:39.081,82.35405,True,18.90236,1.083619,-8.638635,-0.0887839,0.1727017,0.05004733,0.9796871,0.3295004,0.1912474,0.9245831,True,0.9310901,0.7089844,21.51768,2.601595,-1.3,7.937237
2026-08-21 13:06:39.124,82.398,True,18.90277,1.083389,-8.638376,-0.0870611,0.1724556,0.04889704,0.9799432,0.3294793,0.187495,0.9253589,True,0.9307563,0.6999153,21.51564,2.570281,-1.3,7.930303
2026-08-21 13:06:39.159,82.43214,True,18.9031,1.083248,-8.638159,-0.08618324,0.1722049,0.04843589,0.9800877,0.329203,0.1856161,0.9258358,True,0.9302201,0.695327,21.51236,2.554438,-1.3,7.925982
2026-08-21 13:06:39.202,82.47613,True,18.90367,1.083081,-8.637724,-0.08492099,0.1715089,0.04762385,0.9803597,0.3281923,0.1828421,0.9267462,True,0.9285604,0.6884736,21.5022,2.530774,-1.3,7.917727
2026-08-21 13:06:39.236,82.50954,True,18.90423,1.082836,-8.637481,-0.08321639,0.1712122,0.04698379,0.9805886,0.3279577,0.1792905,0.9275228,True,0.9279796,0.6799007,21.49865,2.501173,-1.3,7.910835
2026-08-21 13:06:39.270,82.54366,True,18.90471,1.082641,-8.637225,-0.08175802,0.1707131,0.04632956,0.9808294,0.3273052,0.1761995,0.9283453,True,0.9268258,0.6723908,21.49159,2.475242,-1.3,7.903551
2026-08-21 13:06:39.316,82.58875,True,18.90528,1.082638,-8.636583,-0.07812262,0.1674972,0.04610632,0.9816903,0.3216568,0.1688298,0.9316831,True,0.918098,0.6541027,21.43819,2.412096,-1.3,7.874547
2026-08-21 13:06:39.359,82.63289,True,18.90578,1.082823,-8.635182,-0.07080851,0.1558673,0.0482043,0.9840568,0.2999381,0.1543861,0.9413831,True,0.8861779,0.6175221,21.24288,2.285788,-1.3,7.791921
2026-08-21 13:06:39.393,82.66673,True,18.90619,1.082194,-8.633874,-0.06462114,0.1442322,0.04711737,0.9863068,0.2784249,0.1410642,0.9500424,True,0.8555523,0.5843192,21.05549,2.171143,-1.3,7.719523
2026-08-21 13:06:39.427,82.70024,True,18.90644,1.081425,-8.63273,-0.05998977,0.1336345,0.04334641,0.9882632,0.2589314,0.1301565,0.9570861,True,0.8285452,0.5575237,20.89025,2.078622,-1.3,7.661516
2026-08-21 13:06:39.471,82.74413,True,18.90706,1.080274,-8.631563,-0.05367526,0.1195582,0.03674915,0.9906939,0.2329462,0.1151388,0.9656496,True,0.7934771,0.5215616,20.67568,1.954449,-1.3,7.592364
2026-08-21 13:06:39.514,82.78823,True,18.90737,1.078876,-8.630828,-0.04666582,0.1053181,0.0306811,0.9928691,0.2062708,0.09912865,0.9734608,True,0.7583469,0.4841822,20.46073,1.825383,-1.3,7.530686
2026-08-21 13:06:39.558,82.83186,True,18.90737,1.078072,-8.630084,-0.04301989,0.0896965,0.02835369,0.9946356,0.1759911,0.09066468,0.9802077,True,0.719566,0.4641083,20.22344,1.756071,-1.3,7.478092
2026-08-21 13:06:39.602,82.87606,True,18.90626,1.077984,-8.629172,-0.04153673,0.07035136,0.02955561,0.9962188,0.1377154,0.08691789,0.9866508,True,0.6714852,0.4547157,19.92925,1.723639,-1.3,7.428335
2026-08-21 13:06:39.647,82.92061,True,18.90451,1.078753,-8.628142,-0.04262944,0.04575616,0.03024912,0.9975841,0.08871225,0.08782107,0.9921782,True,0.6110922,0.4558024,19.55973,1.727391,-1.3,7.385913
2026-08-21 13:06:39.681,82.9548,True,18.90266,1.07927,-8.627354,-0.04566156,0.02562274,0.0238705,0.998343,0.04898063,0.09239506,0.994517,True,0.5626836,0.4652504,19.26354,1.760014,-1.3,7.367752
2026-08-21 13:06:39.724,82.99831,True,18.90049,1.079672,-8.627034,-0.04635639,0.003819012,0.02243062,0.9986658,0.005548229,0.09276041,0.995673,True,0.5100217,0.4659078,18.94132,1.762284,-1.3,7.358876
2026-08-21 13:06:39.758,83.03172,True,18.89898,1.079708,-8.626838,-0.04607539,-0.01170055,0.01703008,0.9987243,-0.02494058,0.09163471,0.9954803,True,0.4731003,0.4635516,18.71541,1.754149,-1.3,7.360104
2026-08-21 13:06:39.803,83.07635,True,18.8981,1.079587,-8.626407,-0.04638331,-0.02387317,0.001594685,0.9986371,-0.04782921,0.09256405,0.9945573,True,0.445374,0.4656693,18.54576,1.761461,-1.3,7.3665
2026-08-21 13:06:39.836,83.1099,True,18.89743,1.07883,-8.626093,-0.04430129,-0.03424772,0.002294429,0.9984284,-0.06859108,0.08830619,0.993729,True,0.420204,0.456515,18.39176,1.729852,-1.3,7.372324
2026-08-21 13:06:39.870,83.14371,True,18.89713,1.078418,-8.625507,-0.04122243,-0.04370361,0.006197263,0.9981745,-0.08775859,0.08175267,0.9927814,True,0.3969671,0.4425556,18.24958,1.681652,-1.3,7.378771
2026-08-21 13:06:39.905,83.17802,True,18.89699,1.077969,-8.625175,-0.03672032,-0.05116285,0.007701616,0.9979853,-0.1026852,0.07250462,0.9920679,True,0.3788593,0.4227668,18.13878,1.613324,-1.3,7.383743
2026-08-21 13:06:39.939,83.2117,True,18.897,1.077462,-8.624748,-0.03400234,-0.05442879,0.007645162,0.9979093,-0.1091499,0.06703026,0.9917627,True,0.3710267,0.4109492,18.09086,1.572519,-1.3,7.385586
2026-08-21 13:06:39.974,83.24574,True,18.8973,1.077196,-8.624216,-0.03260432,-0.05493092,0.006690879,0.9979352,-0.1100713,0.06433892,0.9918391,True,0.3699845,0.4050951,18.08448,1.552306,-1.3,7.38448
2026-08-21 13:06:40.009,83.28125,True,18.89786,1.077063,-8.623796,-0.03239241,-0.05479435,0.007703762,0.9979424,-0.1098623,0.06380727,0.9918966,True,0.3703439,0.4039036,18.08668,1.548192,-1.3,7.383627
2026-08-21 13:06:40.049,83.32285,True,18.89817,1.076986,-8.623375,-0.03218913,-0.05615319,0.009635878,0.9978566,-0.112686,0.06315812,0.9916214,True,0.3669568,0.4025231,18.06596,1.543425,-1.3,7.385252
2026-08-21 13:06:40.093,83.36615,True,18.89825,1.077046,-8.623236,-0.0315906,-0.05760317,0.01187977,0.9977689,-0.1156999,0.0616716,0.9913678,True,0.3632987,0.399392,18.04358,1.532614,-1.3,7.387002
2026-08-21 13:06:40.136,83.4095,True,18.89771,1.077702,-8.62311,-0.03326479,-0.06201285,0.01714173,0.9973736,-0.1248404,0.06422884,0.9900957,True,0.3519835,0.4052272,17.97434,1.552762,-1.3,7.396366
2026-08-21 13:06:40.179,83.45355,True,18.89713,1.078808,-8.623149,-0.03565768,-0.06608253,0.02026982,0.9969708,-0.1332102,0.06842037,0.9887233,True,0.3415467,0.4147303,17.91048,1.585575,-1.3,7.406672
2026-08-21 13:06:40.213,83.48711,True,18.89655,1.07944,-8.623623,-0.03773519,-0.06902049,0.01911923,0.9967179,-0.1390309,0.07258343,0.9876245,True,0.3342087,0.4240266,17.86558,1.617674,-1.3,7.415392
2026-08-21 13:06:40.257,83.53197,True,18.89583,1.080126,-8.624419,-0.0415,-0.075142,0.01508618,0.9961947,-0.1509643,0.08041695,0.9852629,True,0.319169,0.4414816,17.77356,1.677944,-1.3,7.433975
2026-08-21 13:06:40.302,83.57617,True,18.89569,1.080904,-8.625458,-0.04623272,-0.08013443,0.01126842,0.9956475,-0.1606132,0.09025702,0.982882,True,0.3069229,0.4633906,17.69863,1.753593,-1.3,7.453038
2026-08-21 13:06:40.336,83.60951,True,18.89573,1.081694,-8.626184,-0.05073595,-0.08295328,0.008691519,0.9952231,-0.165996,0.0995452,0.9810892,True,0.2999835,0.4840822,17.65617,1.825038,-1.3,7.467399
2026-08-21 13:06:40.380,83.65376,True,18.89625,1.08269,-8.627204,-0.05688904,-0.08506861,0.008411015,0.9947141,-0.1701949,0.1117456,0.9790539,True,0.2944829,0.5112922,17.62252,1.91899,-1.3,7.483963
2026-08-21 13:06:40.413,83.68727,True,18.89711,1.083335,-8.628029,-0.06119813,-0.08397109,0.009289227,0.9945439,-0.1681628,0.1201684,0.9784073,True,0.2969508,0.5299366,17.63762,1.983367,-1.3,7.489752
2026-08-21 13:06:40.458,83.73168,True,18.89793,1.084635,-8.629,-0.06853307,-0.08167388,0.007650797,0.9942706,-0.1634605,0.1350311,0.9772652,True,0.3025804,0.5629333,17.67206,2.0973,-1.3,7.499499
2026-08-21 13:06:40.502,83.77598,True,18.8987,1.085809,-8.629876,-0.07406043,-0.07856695,0.00770461,0.9941242,-0.1573519,0.1460399,0.9766846,True,0.3100549,0.5874108,17.7178,2.181818,-1.3,7.504855
2026-08-21 13:06:40.537,83.81048,True,18.89914,1.086076,-8.630574,-0.07580777,-0.07618368,0.009710247,0.9941604,-0.1529498,0.1492507,0.9768984,True,0.3155494,0.5944266,17.75142,2.206042,-1.3,7.503926
2026-08-21 13:06:40.580,83.85451,True,18.90008,1.086906,-8.630916,-0.07931093,-0.07047119,0.007731506,0.9943258,-0.141369,0.1566321,0.9774871,True,0.3300022,0.6105195,17.83985,2.261609,-1.3,7.499756
2026-08-21 13:06:40.623,83.89839,True,18.90083,1.087063,-8.631449,-0.07880915,-0.06843594,0.01024496,0.9944851,-0.1377319,0.1553468,0.9782113,True,0.3346953,0.6075479,17.86856,2.251348,-1.3,7.494749
2026-08-21 13:06:40.668,83.94255,True,18.90136,1.087219,-8.631747,-0.07829523,-0.06659259,0.01342601,0.994613,-0.1345701,0.1539588,0.9788706,True,0.3387602,0.6043687,17.89343,2.240371,-1.3,7.490006
2026-08-21 13:06:40.704,83.97701,True,18.90176,1.087335,-8.63189,-0.07943028,-0.06403974,0.01176094,0.9947118,-0.1292705,0.1565141,0.9791795,True,0.3453584,0.6098448,17.93381,2.259279,-1.3,7.48779
2026-08-21 13:06:40.748,84.0205,True,18.90208,1.087076,-8.631938,-0.07857157,-0.06194803,0.01278519,0.9948997,-0.1252733,0.1547576,0.9799779,True,0.350427,0.6056895,17.96482,2.244932,-1.3,7.481738
2026-08-21 13:06:40.781,84.05452,True,18.90205,1.087028,-8.631931,-0.07828619,-0.06197738,0.01255686,0.9949234,-0.1252915,0.154221,0.9800602,True,0.3504125,0.6044848,17.96473,2.240772,-1.3,7.481103
2026-08-21 13:06:40.814,84.08791,True,18.902,1.086963,-8.631939,-0.07804956,-0.06166429,0.01221197,0.9949657,-0.124614,0.1538072,0.9802116,True,0.3512568,0.6035181,17.96989,2.237434,-1.3,7.479956
2026-08-21 13:06:40.858,84.13185,True,18.90176,1.086899,-8.63183,-0.07822094,-0.06196928,0.01212734,0.9949343,-0.1252079,0.1541463,0.9800826,True,0.3504735,0.6042731,17.9651,2.240041,-1.3,7.480829
2026-08-21 13:06:40.902,84.17624,True,18.90137,1.086604,-8.631777,-0.07752424,-0.06330105,0.0112024,0.9949158,-0.1276953,0.1528419,0.9799659,True,0.3473507,0.6013986,17.946,2.230116,-1.3,7.481665
2026-08-21 13:06:40.947,84.22013,True,18.9007,1.086151,-8.631701,-0.07546607,-0.06627676,0.01037112,0.9948893,-0.1334414,0.1487861,0.9798245,True,0.3401939,0.5925225,17.9022,2.199468,-1.3,7.482667
2026-08-21 13:06:40.979,84.25365,True,18.90023,1.08591,-8.631562,-0.07382429,-0.0690631,0.009706418,0.9948297,-0.1388452,0.1455445,0.9795606,True,0.3334659,0.5855069,17.86104,2.175244,-1.3,7.484541
2026-08-21 13:06:41.013,84.28703,True,18.89978,1.085757,-8.631385,-0.07244528,-0.0720553,0.008532031,0.9947296,-0.1445873,0.1428974,0.9791194,True,0.3262933,0.5798565,17.81715,2.155734,-1.3,7.487733
2026-08-21 13:06:41.046,84.32039,True,18.89934,1.085601,-8.631263,-0.07135715,-0.07556047,0.007835469,0.9945539,-0.1514162,0.140753,0.9783975,True,0.3177305,0.5753813,17.76476,2.140281,-1.3,7.493133
2026-08-21 13:06:41.092,84.36501,True,18.89859,1.085641,-8.631158,-0.07174612,-0.08065928,0.006968966,0.9941318,-0.1613719,0.141526,0.9766932,True,0.3050736,0.577602,17.68732,2.147949,-1.3,7.506101
2026-08-21 13:06:41.135,84.40918,True,18.89786,1.085697,-8.631198,-0.07224117,-0.08519889,0.006135906,0.9937227,-0.1702147,0.1425298,0.9750447,True,0.2937522,0.580326,17.61805,2.157355,-1.3,7.518833
2026-08-21 13:06:41.169,84.4428,True,18.89722,1.085685,-8.631263,-0.07266973,-0.0894051,0.005128633,0.9933275,-0.1783625,0.1434526,0.9734517,True,0.2832748,0.5828459,17.55394,2.166056,-1.3,7.531203
2026-08-21 13:06:41.215,84.48824,True,18.89591,1.085735,-8.631495,-0.07299802,-0.09594098,0.004596387,0.9926961,-0.1911515,0.1440477,0.9709333,True,0.2667006,0.5849833,17.45253,2.173436,-1.3,7.550978
2026-08-21 13:06:41.257,84.53152,True,18.89493,1.085691,-8.631708,-0.07267363,-0.1000722,0.004040859,0.9923144,-0.1991934,0.1434214,0.9694082,True,0.256222,0.5841035,17.38841,2.170398,-1.3,7.563076
2026-08-21 13:06:41.291,84.56506,True,18.89436,1.085708,-8.631759,-0.07216455,-0.102198,0.00331934,0.9921375,-0.2032681,0.1425159,0.9686957,True,0.2509061,0.5823566,17.35589,2.164366,-1.3,7.568691
2026-08-21 13:06:41.325,84.59896,True,18.89385,1.0857,-8.631763,-0.07236353,-0.104283,0.003795198,0.9919043,-0.2074268,0.1427639,0.9677771,True,0.2454343,0.5831952,17.32241,2.167262,-1.3,7.57588
2026-08-21 13:06:41.369,84.64352,True,18.8931,1.085743,-8.631778,-0.07237672,-0.1068289,0.004005933,0.9916316,-0.2124498,0.1426862,0.9666983,True,0.238799,0.5833871,17.28181,2.167925,-1.3,7.584349
2026-08-21 13:06:41.403,84.67687,True,18.89288,1.085685,-8.631785,-0.0722466,-0.1069264,0.00330641,0.9916331,-0.2125412,0.1425772,0.9666944,True,0.2386478,0.5831326,17.28088,2.167046,-1.3,7.584388
2026-08-21 13:06:41.447,84.72049,True,18.89269,1.085623,-8.631645,-0.07218886,-0.1065502,0.003141572,0.9916784,-0.2117806,0.1425068,0.9668717,True,0.2396135,0.5828965,17.28679,2.16623,-1.3,7.582853
2026-08-21 13:06:41.490,84.76449,True,18.89261,1.085634,-8.631638,-0.07232182,-0.10628,0.003529029,0.9916964,-0.2113055,0.1426924,0.9669482,True,0.2402105,0.5832825,17.29044,2.167563,-1.3,7.582244
2026-08-21 13:06:41.524,84.79801,True,18.89257,1.085587,-8.631608,-0.07252531,-0.106068,0.003404191,0.9917046,-0.21087,0.1431252,0.9669793,True,0.240752,0.5842078,17.29376,2.170758,-1.3,7.58197
2026-08-21 13:06:41.559,84.83264,True,18.89256,1.085521,-8.631626,-0.07224917,-0.1058586,0.003255376,0.9917477,-0.2104404,0.1426167,0.967148,True,0.2413287,0.5830181,17.29729,2.166651,-1.3,7.580666
2026-08-21 13:06:41.603,84.87682,True,18.89244,1.08548,-8.631553,-0.07212887,-0.1066911,0.002935466,0.9916682,-0.2120278,0.1424294,0.9668289,True,0.2392584,0.5826951,17.28462,2.165535,-1.3,7.583092
2026-08-21 13:06:41.648,84.92198,True,18.89228,1.085472,-8.631458,-0.07210603,-0.1073081,0.002472309,0.9916046,-0.2131709,0.1424707,0.9665714,True,0.2377483,0.5828627,17.27538,2.166114,-1.3,7.585014
2026-08-21 13:06:41.691,84.96491,True,18.89235,1.085321,-8.631433,-0.07084061,-0.1070772,0.00252991,0.9917206,-0.2127399,0.1399664,0.9670321,True,0.2384206,0.5771704,17.27949,2.146459,-1.3,7.581375
2026-08-21 13:06:41.725,84.99962,True,18.89268,1.084849,-8.631388,-0.06866498,-0.1056518,0.001502044,0.9920285,-0.2098255,0.1359179,0.9682456,True,0.2424119,0.5677686,17.30391,2.113996,-1.3,7.571826
2026-08-21 13:06:41.769,85.04295,True,18.89336,1.083294,-8.63144,-0.06173121,-0.1019212,-0.0022267,0.9928728,-0.2021146,0.1230364,0.9716027,True,0.2529285,0.5381399,17.36826,2.011692,-1.3,7.545719
2026-08-21 13:06:41.813,85.08694,True,18.89374,1.080742,-8.631245,-0.04995082,-0.1006928,-0.003326676,0.9936573,-0.1997758,0.09993792,0.9747317,True,0.2566724,0.4862158,17.39117,1.832405,-1.3,7.521295
2026-08-21 13:06:41.846,85.12039,True,18.89331,1.077908,-8.631054,-0.04007342,-0.1031673,-0.001582164,0.9938552,-0.2049399,0.07998081,0.9755012,True,0.2504597,0.4417808,17.35316,1.678977,-1.3,7.515166
2026-08-21 13:06:41.890,85.1647,True,18.89221,1.073436,-8.630551,-0.01958186,-0.1101886,0.002873667,0.9937136,-0.2191044,0.03828423,0.97495,True,0.2327479,0.3497745,17.24478,1.361291,-1.3,7.518899
2026-08-21 13:06:41.925,85.19824,True,18.89128,1.069986,-8.630024,-0.003920608,-0.1155705,0.009030526,0.9932505,-0.2296518,0.005700966,0.9732562,True,0.2191642,0.2778433,17.16167,1.112923,-1.3,7.531443
2026-08-21 13:06:41.968,85.24261,True,18.89037,1.066707,-8.6288,0.01249946,-0.1205164,0.01170356,0.9925637,-0.2389479,-0.02763396,0.9706391,True,0.2068291,0.2040305,17.08619,0.8580569,-1.3,7.550488
2026-08-21 13:06:42.013,85.28692,True,18.8898,1.064184,-8.627009,0.02383764,-0.1249771,0.01123955,0.9918095,-0.2473712,-0.05009416,0.967625,True,0.1954655,0.1538712,17.01667,0.6848633,-1.3,7.572158
2026-08-21 13:06:42.055,85.32864,True,18.88978,1.063728,-8.625189,0.0275372,-0.1272704,0.008717667,0.9914474,-0.2518837,-0.05682239,0.9660879,True,0.1894601,0.1388168,16.97992,0.6328825,-1.3,7.582321
2026-08-21 13:06:42.092,85.36579,True,18.8899,1.063414,-8.623992,0.0284379,-0.1286655,0.008633985,0.9912426,-0.2545864,-0.0585995,0.965273,True,0.1859144,0.1347357,16.95823,0.618791,-1.3,7.587482
2026-08-21 13:06:42.136,85.41011,True,18.89005,1.062686,-8.62242,0.03124543,-0.1307956,0.00965204,0.9908699,-0.2585997,-0.0644452,0.9638325,True,0.1805522,0.1214981,16.92542,0.5730833,-1.3,7.597192
2026-08-21 13:06:42.179,85.45358,True,18.88992,1.061886,-8.62133,0.03530043,-0.1334626,0.009973325,0.9903748,-0.2636519,-0.07258345,0.9618832,True,0.1736437,0.1030604,16.88315,0.5094205,-1.3,7.611454
2026-08-21 13:06:42.213,85.48692,True,18.88973,1.061046,-8.620536,0.03943609,-0.1354649,0.009043217,0.9899557,-0.2674952,-0.08053005,0.9601882,True,0.16828,0.08500549,16.85033,0.4470792,-1.3,7.624064
2026-08-21 13:06:42.248,85.52126,True,18.88964,1.06055,-8.619913,0.0420706,-0.1365702,0.007459233,0.9897085,-0.2697018,-0.08531268,0.9591573,True,0.1651834,0.0741155,16.83138,0.4094776,-1.3,7.631608
2026-08-21 13:06:42.291,85.56475,True,18.88956,1.060479,-8.619224,0.04208747,-0.1380449,0.006163733,0.9895121,-0.2726755,-0.08499387,0.9583445,True,0.1612051,0.07465768,16.80704,0.4113497,-1.3,7.637362
2026-08-21 13:06:42.325,85.5986,True,18.88952,1.060483,-8.61897,0.04215626,-0.1386102,0.005939027,0.9894316,-0.2737899,-0.08506789,0.9580202,True,0.1597044,0.0744381,16.79786,0.4105915,-1.3,7.639682
2026-08-21 13:06:42.369,85.64263,True,18.88981,1.060563,-8.619126,0.04044021,-0.1388225,0.005145744,0.9894779,-0.2743074,-0.08145808,0.9581858,True,0.1591574,0.08247561,16.79451,0.4383439,-1.3,7.638525
2026-08-21 13:06:42.413,85.68755,True,18.89005,1.060736,-8.619554,0.03916865,-0.1396313,0.005475927,0.9894134,-0.2758772,-0.0790372,0.9579378,True,0.1571273,0.08782566,16.78209,0.4568169,-1.3,7.640948
2026-08-21 13:06:42.457,85.7317,True,18.89046,1.060883,-8.62012,0.03849419,-0.1387239,0.006071861,0.9895641,-0.2740848,-0.07786956,0.9585478,True,0.1596244,0.09054851,16.79737,0.4662186,-1.3,7.636677
2026-08-21 13:06:42.501,85.77579,True,18.89092,1.061066,-8.620493,0.03751575,-0.1373025,0.005386855,0.9898039,-0.2714009,-0.07574573,0.9594812,True,0.1633609,0.09545327,16.82023,0.4831541,-1.3,7.629637
2026-08-21 13:06:42.536,85.80934,True,18.89137,1.061181,-8.620689,0.03721403,-0.1359528,0.004915077,0.9900039,-0.2688219,-0.07502051,0.9602639,True,0.1669155,0.09721966,16.84198,0.489253,-1.3,7.623622
2026-08-21 13:06:42.579,85.85347,True,18.89194,1.061229,-8.620878,0.03633522,-0.1352016,0.004834122,0.9901398,-0.2673856,-0.07326105,0.9608006,True,0.1689743,0.1012043,16.85458,0.5030117,-1.3,7.61956
2026-08-21 13:06:42.613,85.88715,True,18.89218,1.061378,-8.620786,0.03547658,-0.1347081,0.004419753,0.9902402,-0.2664731,-0.07145143,0.9611903,True,0.1702895,0.105307,16.86262,0.5171778,-1.3,7.616374
2026-08-21 13:06:42.658,85.93141,True,18.89254,1.061607,-8.620822,0.0346132,-0.1347685,0.005128861,0.9902591,-0.2665563,-0.06993449,0.9612788,True,0.1702727,0.1087327,16.86252,0.5290061,-1.3,7.615712
2026-08-21 13:06:42.691,85.96485,True,18.89263,1.061828,-8.620774,0.03427964,-0.135021,0.005272711,0.9902356,-0.2670438,-0.06931369,0.9611884,True,0.1696522,0.1101526,16.85872,0.5339088,-1.3,7.616377
2026-08-21 13:06:42.736,86.00926,True,18.89249,1.061963,-8.620403,0.03387734,-0.1354858,0.005511619,0.9901846,-0.2679384,-0.06858313,0.9609919,True,0.1684648,0.11178,16.85146,0.539528,-1.3,7.617549
2026-08-21 13:06:42.769,86.0426,True,18.89241,1.062003,-8.620243,0.03347577,-0.1357117,0.006472573,0.9901615,-0.2683196,-0.06804965,0.9609234,True,0.1679597,0.1129611,16.84837,0.5436063,-1.3,7.617925
2026-08-21 13:06:42.802,86.07598,True,18.89224,1.062077,-8.619966,0.033171,-0.1355495,0.006567398,0.9901934,-0.2680047,-0.06747183,0.9610521,True,0.1683825,0.1142827,16.85095,0.5481695,-1.3,7.616617
2026-08-21 13:06:42.847,86.12045,True,18.89211,1.061922,-8.619688,0.03419312,-0.1352812,0.006560629,0.9901953,-0.2674611,-0.0694908,0.9610596,True,0.1690526,0.1097914,16.85505,0.5326617,-1.3,7.616268
2026-08-21 13:06:42.890,86.16485,True,18.89196,1.061789,-8.619398,0.03445992,-0.1346783,0.006165767,0.9902708,-0.266311,-0.06991008,0.9613485,True,0.1705731,0.1088804,16.86436,0.5295159,-1.3,7.613678
2026-08-21 13:06:42.936,86.20987,True,18.89181,1.062009,-8.619065,0.03389853,-0.133673,0.006345381,0.9904252,-0.264356,-0.06884434,0.9619648,True,0.1732064,0.1113983,16.88047,0.53821,-1.3,7.608454
2026-08-21 13:06:42.979,86.25391,True,18.89147,1.061898,-8.619178,0.03424541,-0.1342315,0.006298983,0.9903381,-0.2654377,-0.0695201,0.9616183,True,0.1716816,0.1098194,16.87114,0.5327584,-1.3,7.611312
2026-08-21 13:06:43.014,86.28765,True,18.89141,1.061876,-8.619279,0.03429692,-0.1345397,0.006414553,0.9902937,-0.2660276,-0.06965407,0.9614456,True,0.1708735,0.1094881,16.8662,0.5316143,-1.3,7.612784
2026-08-21 13:06:43.058,86.33179,True,18.89133,1.062018,-8.619442,0.03375205,-0.1342103,0.006426271,0.990357,-0.2653985,-0.0685781,0.9616967,True,0.1717222,0.1119377,16.87139,0.5400723,-1.3,7.610967
2026-08-21 13:06:43.092,86.3657,True,18.89131,1.062098,-8.61961,0.03324214,-0.1342144,0.006821415,0.9903711,-0.2653907,-0.06767517,0.9617629,True,0.1717442,0.1139579,16.87152,0.5470481,-1.3,7.610618
2026-08-21 13:06:43.137,86.41052,True,18.89135,1.062168,-8.619772,0.03266694,-0.134349,0.007449972,0.9903675,-0.2656231,-0.06670635,0.9617664,True,0.1714547,0.116111,16.86975,0.5544821,-1.3,7.610757
2026-08-21 13:06:43.181,86.45525,True,18.89136,1.062218,-8.619985,0.03260244,-0.1341976,0.007655017,0.9903886,-0.2653163,-0.06663273,0.9618562,True,0.171859,0.1162972,16.87223,0.5551252,-1.3,7.610269
2026-08-21 13:06:43.225,86.49875,True,18.89145,1.062192,-8.620108,0.03273319,-0.1343343,0.007995289,0.9903631,-0.2655559,-0.06698357,0.9617657,True,0.1715403,0.1154998,16.87028,0.5523721,-1.3,7.611113
2026-08-21 13:06:43.258,86.53247,True,18.89147,1.0621,-8.620064,0.03296357,-0.134216,0.008065138,0.9903709,-0.2653155,-0.06745726,0.961799,True,0.1718557,0.1144352,16.87221,0.5486962,-1.3,7.610805
2026-08-21 13:06:43.303,86.57693,True,18.89146,1.062071,-8.619885,0.03304777,-0.1341477,0.007374013,0.9903827,-0.2652278,-0.06743828,0.9618245,True,0.1719805,0.1144762,16.87297,0.5488377,-1.3,7.610417
2026-08-21 13:06:43.348,86.62191,True,18.89135,1.062049,-8.619634,0.03293996,-0.1344801,0.006885187,0.9903448,-0.2659096,-0.06709567,0.9616601,True,0.1710683,0.1152048,16.86739,0.5513537,-1.3,7.611456
2026-08-21 13:06:43.383,86.65582,True,18.89124,1.061957,-8.619422,0.03264468,-0.1345276,0.007421116,0.9903442,-0.2659727,-0.06665562,0.9616733,True,0.1709865,0.1161544,16.86689,0.5546324,-1.3,7.611132
2026-08-21 13:06:43.420,86.69294,True,18.89106,1.061964,-8.619388,0.03355457,-0.1352547,0.007241217,0.9902161,-0.2673768,-0.06841137,0.9611605,True,0.1690348,0.1122064,16.85495,0.5410005,-1.3,7.615156
2026-08-21 13:06:43.458,86.73232,True,18.89104,1.062103,-8.619295,0.03281839,-0.1347289,0.007075796,0.9903136,-0.2663833,-0.06690762,0.9615422,True,0.1704037,0.1156237,16.86332,0.5527998,-1.3,7.612038
2026-08-21 13:06:43.504,86.77734,True,18.8912,1.06237,-8.619116,0.03177802,-0.1339218,0.007165807,0.9904563,-0.2648319,-0.0648688,0.9621102,True,0.1725627,0.1202837,16.87653,0.5688901,-1.3,7.607357
2026-08-21 13:06:43.547,86.82038,True,18.89113,1.062415,-8.619178,0.03184552,-0.1342414,0.007381805,0.9904094,-0.2654378,-0.06506209,0.9619302,True,0.1717337,0.1198426,16.87146,0.5673673,-1.3,7.608845
2026-08-21 13:06:43.582,86.85571,True,18.89101,1.062377,-8.619194,0.03175924,-0.134145,0.007144948,0.9904269,-0.2652679,-0.06482733,0.9619929,True,0.171945,0.1203581,16.87275,0.5691471,-1.3,7.608366
2026-08-21 13:06:43.624,86.89818,True,18.89082,1.062828,-8.619255,0.03036322,-0.1337847,0.007538831,0.9905165,-0.264574,-0.06216769,0.9623595,True,0.1729003,0.1264002,16.8786,0.5900098,-1.3,7.605531
2026-08-21 13:06:43.657,86.93188,True,18.89065,1.063792,-8.619235,0.02600106,-0.1341194,0.007825924,0.9905931,-0.2653086,-0.05361217,0.9626719,True,0.1720673,0.145563,16.8735,0.6561763,-1.3,7.603042
2026-08-21 13:06:43.702,86.97615,True,18.89045,1.065806,-8.619043,0.01749336,-0.133172,0.005280375,0.9909245,-0.2637421,-0.0360756,0.9639184,True,0.1744123,0.1848657,16.88785,0.7918835,-1.3,7.593011
2026-08-21 13:06:43.747,87.0202,True,18.89022,1.069437,-8.619003,0.004433369,-0.1319087,-0.001839648,0.9912503,-0.2615255,-0.008303825,0.9651608,True,0.1775455,0.2470124,16.90702,1.006467,-1.3,7.583195
2026-08-21 13:06:43.782,87.05518,True,18.88995,1.07319,-8.619175,-0.009535164,-0.1341083,-0.008678072,0.9908828,-0.2656057,0.02122406,0.9638481,True,0.1719879,0.3130131,16.87301,1.234359,-1.3,7.593702
2026-08-21 13:06:43.825,87.09857,True,18.89032,1.080068,-8.618928,-0.03933747,-0.1337073,-0.01405777,0.99014,-0.2636719,0.08165847,0.9611499,True,0.1735409,0.4484133,16.88252,1.701878,-1.3,7.614762
2026-08-21 13:06:43.858,87.13202,True,18.89055,1.085481,-8.618607,-0.0624915,-0.131341,-0.0208623,0.9891456,-0.2572233,0.1291065,0.9576887,True,0.1804621,0.5556368,16.92487,2.072106,-1.3,7.641947
2026-08-21 13:06:43.902,87.17601,True,18.8909,1.087789,-8.619647,-0.08593795,-0.1332249,-0.0001506793,0.987353,-0.263054,0.1697423,0.9497316,True,0.1704375,0.6494423,16.86353,2.396004,-1.3,7.707069
2026-08-21 13:06:43.947,87.22066,True,18.88969,1.088599,-8.620919,-0.08985885,-0.1383827,0.006605874,0.9862717,-0.2741531,0.1754222,0.9455513,True,0.1546715,0.6641544,16.76706,2.446803,-1.3,7.742487
2026-08-21 13:06:43.991,87.26471,True,18.88745,1.089753,-8.621842,-0.09357471,-0.1413101,0.001106669,0.9855323,-0.2787385,0.184129,0.9425505,True,0.1473366,0.685379,16.72218,2.520089,-1.3,7.768116
2026-08-21 13:06:44.036,87.30946,True,18.88542,1.089267,-8.622567,-0.09257632,-0.1470226,0.001299434,0.9847905,-0.2898134,0.1819545,0.939628,True,0.1317619,0.6816596,16.62689,2.507246,-1.3,7.793048
2026-08-21 13:06:44.069,87.34293,True,18.88416,1.089103,-8.622837,-0.09205909,-0.1509248,0.0003575496,0.9842493,-0.2971611,0.1811103,0.9374936,True,0.1213228,0.6806529,16.56301,2.50377,-1.3,7.81108
2026-08-21 13:06:44.103,87.37663,True,18.88311,1.089134,-8.622831,-0.09311834,-0.15309,-0.002104619,0.983813,-0.3008319,0.1838665,0.9357848,True,0.1157635,0.6876559,16.529,2.527951,-1.3,7.825336
2026-08-21 13:06:44.147,87.42068,True,18.8816,1.089637,-8.622818,-0.09681316,-0.1571268,-0.002661949,0.9828181,-0.3083388,0.191136,0.9318767,True,0.1042624,0.7060925,16.45863,2.59161,-1.3,7.85814
2026-08-21 13:06:44.191,87.46479,True,18.87985,1.090299,-8.623065,-0.09979349,-0.1625809,0.00013646,0.9816357,-0.3192178,0.1958773,0.9272174,True,0.08793044,0.71933,16.3587,2.637317,-1.3,7.897894
2026-08-21 13:06:44.236,87.50968,True,18.87783,1.091037,-8.623225,-0.1028217,-0.1664253,0.002279897,0.9806759,-0.3268874,0.2009106,0.9234607,True,0.07597494,0.732936,16.28555,2.684297,-1.3,7.930197
2026-08-21 13:06:44.280,87.55415,True,18.87598,1.091411,-8.623297,-0.1047979,-0.1683351,0.003782186,0.9801359,-0.3307753,0.2041591,0.9213614,True,0.06965339,0.7415782,16.24687,2.714138,-1.3,7.948343
2026-08-21 13:06:44.324,87.59773,True,18.87457,1.091594,-8.623197,-0.1052806,-0.1685892,0.005037684,0.9800348,-0.3315073,0.2046587,0.9209874,True,0.06830299,0.7429661,16.23861,2.718929,-1.3,7.951462
2026-08-21 13:06:44.358,87.63145,True,18.87373,1.09166,-8.623078,-0.1055882,-0.1682882,0.005533128,0.9800508,-0.3310304,0.2051013,0.9210604,True,0.06882584,0.7439593,16.2418,2.722359,-1.3,7.950703
2026-08-21 13:06:44.402,87.67575,True,18.87275,1.091569,-8.622849,-0.1060575,-0.1672744,0.006299896,0.9801691,-0.3292507,0.205801,0.9215422,True,0.07121569,0.7452819,16.25643,2.726926,-1.3,7.946297
2026-08-21 13:06:44.437,87.71024,True,18.87233,1.091398,-8.622776,-0.1053778,-0.1670129,0.006495744,0.9802857,-0.3288098,0.2044309,0.9220044,True,0.07193762,0.7418386,16.26084,2.715037,-1.3,7.942235
2026-08-21 13:06:44.480,87.75363,True,18.87204,1.091115,-8.622724,-0.10396,-0.1653563,0.005955433,0.9807212,-0.3255751,0.201942,0.9236993,True,0.07686704,0.735176,16.29101,2.692031,-1.3,7.927606
2026-08-21 13:06:44.513,87.78715,True,18.87216,1.090962,-8.622744,-0.1029334,-0.1637753,0.00573046,0.9810961,-0.3225383,0.2000981,0.9251648,True,0.08148181,0.7301717,16.31924,2.674752,-1.3,7.91507
2026-08-21 13:06:44.547,87.82051,True,18.87247,1.090913,-8.622825,-0.1024465,-0.1615421,0.004918595,0.9815216,-0.3181219,0.1995178,0.9268178,True,0.08797497,0.7280167,16.35897,2.667311,-1.3,7.901041
2026-08-21 13:06:44.591,87.86507,True,18.87299,1.090877,-8.623044,-0.1022835,-0.1585792,0.005376884,0.9820192,-0.3125556,0.1991833,0.9287815,True,0.09609044,0.7262909,16.40863,2.661352,-1.3,7.884572
2026-08-21 13:06:44.636,87.90903,True,18.87325,1.090783,-8.623389,-0.1021571,-0.1578201,0.006216674,0.9821497,-0.3112761,0.1987048,0.9293135,True,0.09799242,0.7249327,16.42026,2.656663,-1.3,7.880429
2026-08-21 13:06:44.670,87.94334,True,18.87341,1.090744,-8.623672,-0.102151,-0.157632,0.00622741,0.9821805,-0.3109185,0.1986983,0.9294347,True,0.09851599,0.7248646,16.42347,2.656427,-1.3,7.879705
2026-08-21 13:06:44.713,87.98717,True,18.87363,1.090638,-8.623911,-0.1018821,-0.1575418,0.006015301,0.9822242,-0.3107084,0.1982468,0.9296013,True,0.09888089,0.7237375,16.4257,2.652536,-1.3,7.87855
2026-08-21 13:06:44.747,88.02065,True,18.87377,1.090589,-8.624038,-0.1013161,-0.1577168,0.006029163,0.9822546,-0.3110577,0.1971346,0.9297209,True,0.09849763,0.7211354,16.42336,2.643551,-1.3,7.877673
2026-08-21 13:06:44.786,88.06091,True,18.87393,1.090519,-8.624005,-0.1013219,-0.1579531,0.006035884,0.982216,-0.3115113,0.1971333,0.9295694,True,0.09787643,0.7211835,16.41955,2.643717,-1.3,7.878923
2026-08-21 13:06:44.826,88.09932,True,18.87411,1.090486,-8.623967,-0.1011249,-0.1584096,0.005670093,0.982165,-0.3123154,0.1968462,0.9293603,True,0.09678221,0.7206174,16.41286,2.641762,-1.3,7.880653
2026-08-21 13:06:44.870,88.14349,True,18.87419,1.090373,-8.62376,-0.100881,-0.1590527,0.005552141,0.9820868,-0.3135273,0.1963817,0.9290505,True,0.09511137,0.7196615,16.40264,2.638462,-1.3,7.88306
2026-08-21 13:06:44.903,88.17689,True,18.87421,1.0904,-8.623617,-0.1006706,-0.1590487,0.005275717,0.9821106,-0.3134691,0.1960612,0.9291379,True,0.09523547,0.7188864,16.40339,2.635786,-1.3,7.882164
2026-08-21 13:06:44.937,88.21037,True,18.87428,1.090339,-8.623441,-0.1003741,-0.1589092,0.004712746,0.9821663,-0.3130966,0.1956703,0.9293458,True,0.09582609,0.7178659,16.40701,2.632262,-1.3,7.88021
2026-08-21 13:06:44.970,88.24393,True,18.87441,1.090291,-8.623306,-0.100299,-0.1585757,0.004576424,0.9822286,-0.3124332,0.1955818,0.9295877,True,0.09681451,0.7175255,16.41306,2.631087,-1.3,7.878015
2026-08-21 13:06:45.014,88.28767,True,18.87457,1.090293,-8.622993,-0.09992414,-0.1573523,0.004370523,0.9824644,-0.3100595,0.1949684,0.9305108,True,0.1003096,0.7156664,16.43444,2.624667,-1.3,7.869864
2026-08-21 13:06:45.059,88.3323,True,18.87481,1.090261,-8.622638,-0.09966203,-0.1546517,0.00395027,0.9829215,-0.3048083,0.1946981,0.9323007,True,0.1078741,0.7141677,16.48073,2.619493,-1.3,7.854373
2026-08-21 13:06:45.093,88.3661,True,18.87482,1.090218,-8.622452,-0.09971914,-0.1538689,0.003939072,0.9830387,-0.3033037,0.1948434,0.932761,True,0.1100104,0.7142556,16.4938,2.619796,-1.3,7.850298
2026-08-21 13:06:45.136,88.41012,True,18.87495,1.090081,-8.622268,-0.09912568,-0.1539305,0.003578158,0.9830904,-0.3033646,0.1937974,0.932959,True,0.1100459,0.7117334,16.49401,2.611087,-1.3,7.848434
2026-08-21 13:06:45.180,88.45434,True,18.87503,1.090078,-8.622197,-0.09905437,-0.1539263,0.003032678,0.9831001,-0.3032507,0.1938271,0.9329898,True,0.110221,0.7117814,16.49509,2.611253,-1.3,7.848099
2026-08-21 13:06:45.224,88.49868,True,18.87498,1.090106,-8.622228,-0.09894232,-0.1545398,0.003810834,0.9830124,-0.3045831,0.1933452,0.9326558,True,0.108363,0.7108532,16.48372,2.608048,-1.3,7.850944
2026-08-21 13:06:45.269,88.54332,True,18.87497,1.089929,-8.622213,-0.09881511,-0.1552302,0.004124947,0.9829152,-0.3059715,0.1929731,0.9322783,True,0.1064209,0.7101328,16.47183,2.605561,-1.3,7.854107
2026-08-21 13:06:45.315,88.58807,True,18.87494,1.089354,-8.622235,-0.09788957,-0.1552445,0.005926378,0.9829963,-0.3063698,0.1906101,0.9326336,True,0.1060539,0.7044274,16.46959,2.58586,-1.3,7.851138
2026-08-21 13:06:45.358,88.63171,True,18.87482,1.088081,-8.622004,-0.09426782,-0.1549878,0.009528107,0.9833624,-0.3066148,0.1824454,0.9341847,True,0.1063856,0.6847918,16.47162,2.518061,-1.3,7.837853
2026-08-21 13:06:45.393,88.66566,True,18.87444,1.08629,-8.621797,-0.08631153,-0.1561202,0.01403623,0.9838597,-0.3096236,0.1654542,0.9363536,True,0.1033996,0.6448231,16.45335,2.380055,-1.3,7.819479
2026-08-21 13:06:45.435,88.70941,True,18.8729,1.081506,-8.621096,-0.06890225,-0.1586686,0.02291256,0.9846582,-0.3156262,0.1284193,0.9401535,True,0.09714556,0.5583643,16.41508,2.081524,-1.3,7.787128
2026-08-21 13:06:45.470,88.74365,True,18.87136,1.077577,-8.620145,-0.04643663,-0.1621401,0.028809,0.9852534,-0.3221738,0.0821615,0.9431084,True,0.08989727,0.4522982,16.37073,1.715292,-1.3,7.761721
2026-08-21 13:06:45.513,88.78739,True,18.86926,1.073261,-8.619461,-0.02363603,-0.1654911,0.04175852,0.9850433,-0.3280059,0.03274369,0.9441081,True,0.082636,0.3398768,16.3263,1.327116,-1.3,7.752779
2026-08-21 13:06:45.558,88.83164,True,18.86566,1.067177,-8.618205,-8.358741E-05,-0.1722156,0.06306247,0.9830386,-0.3385998,-0.02155635,0.9406835,True,0.06713682,0.216026,16.23147,0.8994754,-1.3,7.779667
2026-08-21 13:06:45.591,88.86525,True,18.86498,1.065958,-8.616925,0.00768452,-0.1707524,0.06278085,0.9832819,-0.3348306,-0.03655206,0.9415691,True,0.07229173,0.181978,16.26301,0.7819126,-1.3,7.770991
2026-08-21 13:06:45.635,88.90922,True,18.86406,1.066014,-8.614248,0.005483213,-0.1660113,0.06425322,0.9840131,-0.32601,-0.03212463,0.9448203,True,0.08492029,0.1922337,16.34028,0.817324,-1.3,7.741416
2026-08-21 13:06:45.669,88.94287,True,18.86272,1.066232,-8.612611,0.006047856,-0.163835,0.07266445,0.9837893,-0.3214792,-0.03570959,0.946243,True,0.09113687,0.1843977,16.37832,0.7902671,-1.3,7.728047
2026-08-21 13:06:45.713,88.98691,True,18.86078,1.067067,-8.611192,0.02178471,-0.1577343,0.07506553,0.9843833,-0.3072715,-0.06656983,0.9492906,True,0.1100854,0.1160766,16.49426,0.5543636,-1.3,7.701742
2026-08-21 13:06:45.746,89.02038,True,18.85937,1.066621,-8.610728,0.05263903,-0.1668213,0.08778838,0.9806595,-0.3179477,-0.1325319,0.9387996,False,-1,-1,0,0,0,-1
2026-08-21 13:06:45.780,89.0539,True,18.85767,1.067093,-8.609149,0.08014727,-0.1669261,0.09107038,0.9784775,-0.3120688,-0.1872486,0.9314242,False,-1,-1,0,0,0,-1
2026-08-21 13:06:45.814,89.08757,True,18.85552,1.070175,-8.605772,0.09952644,-0.1548415,0.08261677,0.9794351,-0.2868693,-0.2205444,0.9322372,False,-1,-1,0,0,0,-1
2026-08-21 13:06:45.847,89.12116,True,18.85257,1.073375,-8.600994,0.1260632,-0.1395774,0.07947408,0.9789332,-0.2532363,-0.2690006,0.9292524,False,-1,-1,0,0,0,-1
2026-08-21 13:06:45.891,89.16502,True,18.84871,1.076879,-8.590673,0.146836,-0.1314392,0.0738301,0.9776053,-0.2353094,-0.3065037,0.9223258,False,-1,-1,0,0,0,-1
2026-08-21 13:06:45.935,89.20936,True,18.84503,1.08108,-8.576572,0.1700507,-0.1353877,0.07217019,0.973419,-0.2390327,-0.350603,0.9055059,False,-1,-1,0,0,0,-1
2026-08-21 13:06:45.980,89.25378,True,18.84039,1.086749,-8.559553,0.186357,-0.1497519,0.08318324,0.9674327,-0.2587461,-0.3854895,0.8856909,False,-1,-1,0,0,0,-1
2026-08-21 13:06:46.024,89.29827,True,18.83451,1.092915,-8.542766,0.2042324,-0.1709017,0.09681517,0.9590144,-0.2882489,-0.4248154,0.8581634,False,-1,-1,0,0,0,-1
2026-08-21 13:06:46.069,89.34296,True,18.82654,1.09864,-8.529407,0.2069529,-0.1678246,0.1182624,0.9565665,-0.2721213,-0.435623,0.8580108,False,-1,-1,0,0,0,-1
2026-08-21 13:06:46.113,89.38708,True,18.81849,1.104716,-8.517016,0.2165744,-0.1830152,0.1411612,0.9485118,-0.2860403,-0.462516,0.8392019,False,-1,-1,0,0,0,-1
2026-08-21 13:06:46.146,89.42049,True,18.81108,1.107971,-8.508363,0.2279179,-0.2002217,0.1554756,0.9401022,-0.3055864,-0.4907914,0.8159294,False,-1,-1,0,0,0,-1
2026-08-21 13:06:46.191,89.46519,True,18.79844,1.114891,-8.496479,0.2288662,-0.2301492,0.1904697,0.9264842,-0.339275,-0.5117548,0.7893032,False,-1,-1,0,0,0,-1
2026-08-21 13:06:46.234,89.50916,True,18.78501,1.12075,-8.487246,0.2301669,-0.2572639,0.2280073,0.9104126,-0.3634731,-0.5364099,0.7616769,False,-1,-1,0,0,0,-1
2026-08-21 13:06:46.268,89.54263,True,18.77446,1.12442,-8.481192,0.2309429,-0.2722889,0.2532337,0.8991089,-0.3726696,-0.5531911,0.7450483,False,-1,-1,0,0,0,-1
2026-08-21 13:06:46.313,89.58688,True,18.76289,1.1283,-8.475434,0.2382694,-0.2761832,0.2823873,0.8872474,-0.3555171,-0.5787892,0.733901,False,-1,-1,0,0,0,-1
2026-08-21 13:06:46.345,89.62059,True,18.7545,1.130391,-8.472293,0.2456648,-0.2746496,0.2998015,0.8799633,-0.3360618,-0.5970327,0.7284329,False,-1,-1,0,0,0,-1
2026-08-21 13:06:46.390,89.66483,True,18.74629,1.132965,-8.468848,0.2647027,-0.2522952,0.307967,0.8783143,-0.2801495,-0.6203815,0.7325593,False,-1,-1,0,0,0,-1
2026-08-21 13:06:46.425,89.69892,True,18.7415,1.133132,-8.467651,0.2733501,-0.2295897,0.3159111,0.8790725,-0.2309434,-0.6256489,0.7451366,False,-1,-1,0,0,0,-1
2026-08-21 13:06:46.470,89.74396,True,18.7376,1.132479,-8.469881,0.3129701,-0.1903252,0.2976295,0.8816137,-0.1492884,-0.6651303,0.731652,False,-1,-1,0,0,0,-1
2026-08-21 13:06:46.513,89.78703,True,18.73285,1.133169,-8.473156,0.3395485,-0.1281262,0.2856693,0.8869519,-0.03328645,-0.6755297,0.736581,False,-1,-1,0,0,0,-1
2026-08-21 13:06:46.557,89.83152,True,18.72951,1.133706,-8.475881,0.3570575,-0.07617414,0.2728336,0.8900951,0.05923012,-0.6771959,0.7334149,False,-1,-1,0,0,0,-1
2026-08-21 13:06:46.590,89.86497,True,18.72746,1.134553,-8.47757,0.372547,-0.03937271,0.2561144,0.8911027,0.120659,-0.6841232,0.719317,False,-1,-1,0,0,0,-1
2026-08-21 13:06:46.635,89.90923,True,18.72448,1.134682,-8.479255,0.3859718,-0.007610224,0.2459158,0.889097,0.1763006,-0.6900756,0.7019358,False,-1,-1,0,0,0,-1
2026-08-21 13:06:46.669,89.94291,True,18.72242,1.135243,-8.480765,0.3965599,0.01627048,0.2360177,0.8870012,0.2160542,-0.6958179,0.6849511,False,-1,-1,0,0,0,-1
2026-08-21 13:06:46.713,89.98724,True,18.71932,1.134877,-8.482839,0.4075587,0.04654523,0.2203766,0.8849653,0.2620146,-0.7008357,0.6634588,False,-1,-1,0,0,0,-1
2026-08-21 13:06:46.747,90.02099,True,18.71698,1.133522,-8.484275,0.4179858,0.07120188,0.202527,0.8827236,0.29501,-0.7090913,0.6404364,False,-1,-1,0,0,0,-1
2026-08-21 13:06:46.780,90.05459,True,18.71436,1.131994,-8.486096,0.4243759,0.08517638,0.1871666,0.8818269,0.3090796,-0.7165679,0.6253002,False,-1,-1,0,0,0,-1
2026-08-21 13:06:46.815,90.08884,True,18.71221,1.131575,-8.486978,0.431715,0.09609162,0.1764436,0.8793499,0.321343,-0.7253476,0.6087771,False,-1,-1,0,0,0,-1
2026-08-21 13:06:46.861,90.13422,True,18.70961,1.13156,-8.487177,0.4409631,0.1073939,0.1609674,0.8764175,0.3302052,-0.7383618,0.5880362,False,-1,-1,0,0,0,-1
2026-08-21 13:06:46.904,90.17754,True,18.70817,1.132031,-8.486847,0.4467612,0.1074077,0.1584405,0.8739363,0.329305,-0.7468462,0.5777361,False,-1,-1,0,0,0,-1
2026-08-21 13:06:46.948,90.22161,True,18.7081,1.132593,-8.485965,0.4495541,0.1009154,0.1586389,0.8732416,0.3188806,-0.7531205,0.5754344,False,-1,-1,0,0,0,-1
2026-08-21 13:06:46.992,90.26599,True,18.7078,1.133821,-8.484189,0.447113,0.08596296,0.177782,0.872407,0.3089667,-0.7495637,0.5854006,False,-1,-1,0,0,0,-1
2026-08-21 13:06:47.026,90.30027,True,18.70737,1.134697,-8.482469,0.4463521,0.07408374,0.1857538,0.8722253,0.2950586,-0.7511165,0.5905628,False,-1,-1,0,0,0,-1
2026-08-21 13:06:47.070,90.34345,True,18.70632,1.135319,-8.480014,0.4399954,0.06175022,0.2032126,0.8725225,0.2865821,-0.7427151,0.6051818,False,-1,-1,0,0,0,-1
2026-08-21 13:06:47.103,90.37713,True,18.70506,1.135748,-8.478302,0.4382247,0.05202314,0.2114433,0.872092,0.2760573,-0.7423446,0.6105054,False,-1,-1,0,0,0,-1
2026-08-21 13:06:47.149,90.42228,True,18.70393,1.136759,-8.475676,0.4363312,0.03851676,0.2254308,0.8702371,0.2637625,-0.7420575,0.616263,False,-1,-1,0,0,0,-1
2026-08-21 13:06:47.192,90.46566,True,18.70432,1.137236,-8.473464,0.4362829,0.03523998,0.2370196,0.8673161,0.2679435,-0.7400851,0.6168308,False,-1,-1,0,0,0,-1
2026-08-21 13:06:47.225,90.49946,True,18.70427,1.137456,-8.472038,0.4384815,0.0294399,0.2432473,0.8646953,0.264232,-0.7439834,0.6137345,False,-1,-1,0,0,0,-1
2026-08-21 13:06:47.270,90.54366,True,18.70324,1.13831,-8.469879,0.4433031,0.02255245,0.2556513,0.8588458,0.2654002,-0.749927,0.6059474,False,-1,-1,0,0,0,-1
2026-08-21 13:06:47.314,90.58735,True,18.70183,1.139125,-8.46827,0.4482207,0.02052604,0.2650459,0.8534797,0.2726352,-0.7542138,0.5973539,False,-1,-1,0,0,0,-1
2026-08-21 13:06:47.349,90.62246,True,18.70097,1.138983,-8.467208,0.4527484,0.02007598,0.2669775,0.8504933,0.2758963,-0.7593994,0.5892316,False,-1,-1,0,0,0,-1
2026-08-21 13:06:47.392,90.66535,True,18.70012,1.137983,-8.466194,0.4593752,0.02043833,0.263924,0.8478802,0.2771388,-0.768202,0.5771133,False,-1,-1,0,0,0,-1
2026-08-21 13:06:47.425,90.69894,True,18.69948,1.137406,-8.465587,0.4630145,0.02154454,0.2615861,0.8465968,0.2787154,-0.7727017,0.5703067,False,-1,-1,0,0,0,-1
2026-08-21 13:06:47.458,90.7328,True,18.6984,1.137186,-8.464671,0.4661611,0.02568796,0.2592437,0.8454742,0.2851356,-0.7749355,0.564068,False,-1,-1,0,0,0,-1
2026-08-21 13:06:47.501,90.76799,True,18.69762,1.137179,-8.464059,0.4672396,0.03132854,0.2595127,0.8446057,0.2954298,-0.7730061,0.5614114,False,-1,-1,0,0,0,-1
2026-08-21 13:06:47.536,90.80936,True,18.69674,1.136927,-8.463017,0.4720463,0.03675844,0.2537839,0.8434541,0.3016036,-0.7776414,0.5516422,False,-1,-1,0,0,0,-1
2026-08-21 13:06:47.593,90.86121,True,18.69645,1.13673,-8.462669,0.4730003,0.0386606,0.2545579,0.8426009,0.3059628,-0.7774183,0.5495521,False,-1,-1,0,0,0,-1
