RealTime,UnityTime,GazeValid,GazeOriginX,GazeOriginY,GazeOriginZ,GazeRotX,GazeRotY,GazeRotZ,GazeRotW,GazeDirX,GazeDirY,GazeDirZ,HitPainting,ImageX,ImageY,HitPointX,HitPointY,HitPointZ,HitDistance
2026-08-17 15:25:46.046,8.700269,True,18.76204,1.022989,-8.598833,0.004430207,-0.3494799,0.04916117,0.9356428,-0.6535412,-0.04265187,0.7556883,False,-1,-1,0,0,0,-1
2026-08-17 15:25:46.078,8.743579,True,18.76173,1.022914,-8.598703,0.004610527,-0.3500358,0.04929589,0.935427,-0.6544113,-0.04313628,0.7549073,False,-1,-1,0,0,0,-1
2026-08-17 15:25:46.110,8.776968,True,18.76174,1.022897,-8.59854,0.004862549,-0.3501174,0.04931372,0.9353942,-0.654516,-0.04362798,0.7547883,False,-1,-1,0,0,0,-1
2026-08-17 15:25:46.155,8.820904,True,18.76184,1.022952,-8.598417,0.004948079,-0.3499483,0.04901971,0.9354725,-0.654249,-0.04356631,0.7550234,False,-1,-1,0,0,0,-1
2026-08-17 15:25:46.200,8.866093,True,18.76195,1.023012,-8.598339,0.004560942,-0.3495711,0.04905878,0.9356135,-0.6536794,-0.04283363,0.7555584,False,-1,-1,0,0,0,-1
2026-08-17 15:25:46.244,8.910336,True,18.76238,1.023035,-8.59836,0.004744649,-0.3488452,0.0487417,0.9359,-0.652506,-0.04288765,0.756569,False,-1,-1,0,0,0,-1
2026-08-17 15:25:46.288,8.954526,True,18.76282,1.023034,-8.59831,0.004492736,-0.3482256,0.04790831,0.9361749,-0.6515697,-0.04177777,0.7574375,False,-1,-1,0,0,0,-1
2026-08-17 15:25:46.324,8.989676,True,18.76324,1.02324,-8.598197,0.003573977,-0.3474397,0.04732035,0.9365008,-0.6504168,-0.039576,0.7585458,False,-1,-1,0,0,0,-1
2026-08-17 15:25:46.366,9.032091,True,18.76411,1.023627,-8.597891,0.0030663,-0.3448736,0.04635082,0.937499,-0.6463531,-0.03771966,0.7621056,False,-1,-1,0,0,0,-1
2026-08-17 15:25:46.400,9.065588,True,18.76513,1.023947,-8.597645,0.002825747,-0.3415013,0.04504111,0.9387972,-0.6409463,-0.0360688,0.7667378,False,-1,-1,0,0,0,-1
2026-08-17 15:25:46.432,9.098942,True,18.76635,1.024413,-8.597454,0.001465415,-0.337811,0.04481999,0.9401451,-0.6350513,-0.03303678,0.7717631,False,-1,-1,0,0,0,-1
2026-08-17 15:25:46.466,9.132324,True,18.76801,1.025062,-8.597239,-9.909208E-05,-0.3327129,0.04445388,0.9419798,-0.6268264,-0.02939407,0.7786043,False,-1,-1,0,0,0,-1
2026-08-17 15:25:46.510,9.176549,True,18.77098,1.026232,-8.596789,-0.0005872825,-0.3226942,0.04332704,0.9455109,-0.6102726,-0.0268522,0.7917362,False,-1,-1,0,0,0,-1
2026-08-17 15:25:46.544,9.209901,True,18.77341,1.026794,-8.596432,-0.0004944532,-0.3146514,0.04060752,0.9483382,-0.596832,-0.02461661,0.8019885,False,-1,-1,0,0,0,-1
2026-08-17 15:25:46.588,9.254189,True,18.77688,1.027936,-8.596519,-0.004459676,-0.3033323,0.03952372,0.9520544,-0.5779302,-0.01548593,0.8159393,False,-1,-1,0,0,0,-1
2026-08-17 15:25:46.621,9.287907,True,18.78123,1.029102,-8.596437,-0.004292055,-0.287339,0.04071606,0.9569536,-0.5502897,-0.01518403,0.8348358,False,-1,-1,0,0,0,-1
2026-08-17 15:25:46.657,9.321939,True,18.78552,1.030585,-8.596293,-0.005071263,-0.2700866,0.03641907,0.9621337,-0.5200883,-0.009914141,0.854055,False,-1,-1,0,0,0,-1
2026-08-17 15:25:46.698,9.364859,True,18.79121,1.032558,-8.596221,-0.01032537,-0.246211,0.02964528,0.9687077,-0.4776251,0.005406536,0.8785471,False,-1,-1,0,0,0,-1
2026-08-17 15:25:46.732,9.39835,True,18.79644,1.034075,-8.596324,-0.01470438,-0.2249602,0.0248456,0.9739401,-0.4389262,0.01746383,0.8983534,False,-1,-1,0,0,0,-1
2026-08-17 15:25:46.777,9.442985,True,18.80383,1.035709,-8.596511,-0.0213687,-0.1950362,0.01891525,0.9803808,-0.383228,0.0345206,0.9230085,False,-1,-1,0,0,0,-1
2026-08-17 15:25:46.822,9.487242,True,18.81225,1.037424,-8.597457,-0.02556543,-0.1617956,0.01238395,0.9864154,-0.3198285,0.04642894,0.9463372,True,0.08584982,0.3596672,16.34597,1.395449,-1.3,7.711265
2026-08-17 15:25:46.856,9.521634,True,18.81919,1.038509,-8.597737,-0.02838817,-0.1353623,0.008932751,0.9903491,-0.2686191,0.05381008,0.9617423,True,0.1569329,0.3745454,16.7809,1.446822,-1.3,7.588038
2026-08-17 15:25:46.900,9.565564,True,18.82587,1.040786,-8.599088,-0.03510586,-0.1100511,0.004491416,0.9932956,-0.2189419,0.06875242,0.9733127,True,0.2228097,0.4062738,17.18398,1.556376,-1.3,7.499222
2026-08-17 15:25:46.933,9.599135,True,18.83112,1.042644,-8.600008,-0.04240175,-0.08896448,0.0003418399,0.9951318,-0.1770918,0.08432982,0.9805748,True,0.2765412,0.4393106,17.51274,1.670448,-1.3,7.444621
2026-08-17 15:25:46.978,9.643873,True,18.83989,1.043282,-8.59846,-0.05588447,-0.04290792,0.00441317,0.9975051,-0.086095,0.1111114,0.9900717,True,0.3897177,0.49489,18.20522,1.862356,-1.3,7.371648
2026-08-17 15:25:47.021,9.68687,True,18.85009,1.040732,-8.599587,-0.04190584,0.003962277,0.01809039,0.9989499,0.006400047,0.08386704,0.9964564,True,0.5027749,0.4348668,18.89698,1.655104,-1.3,7.325547
2026-08-17 15:25:47.054,9.720725,True,18.85545,1.037508,-8.599627,-0.02601133,0.02604863,0.03654858,0.9986537,0.05012577,0.0538567,0.9972898,True,0.5559503,0.3701689,19.22234,1.43171,-1.3,7.319464
2026-08-17 15:25:47.088,9.754228,True,18.85959,1.033403,-8.599938,-0.007121618,0.0496937,0.05253921,0.9973562,0.0983763,0.01942731,0.9949597,True,0.6146283,0.2960939,19.58137,1.175939,-1.3,7.336919
2026-08-17 15:25:47.122,9.787928,True,18.86211,1.030014,-8.599881,0.008299299,0.06936315,0.06666035,0.9953272,0.1391845,-0.007273493,0.9902397,True,0.664768,0.2383031,19.88815,0.9763954,-1.3,7.371832
2026-08-17 15:25:47.166,9.831918,True,18.86365,1.02532,-8.598761,0.03112885,0.0885289,0.08441002,0.9920023,0.1808969,-0.04681433,0.9823872,True,0.7169833,0.1517409,20.20764,0.6775078,-1.3,7.429617
2026-08-17 15:25:47.210,9.876339,True,18.86466,1.023861,-8.596255,0.04424654,0.1034539,0.08698364,0.989835,0.212502,-0.06959596,0.9746791,True,0.7574772,0.1011662,20.45541,0.5028799,-1.3,7.485803
2026-08-17 15:25:47.255,9.920716,True,18.86304,1.023827,-8.594712,0.04857717,0.09861682,0.07888349,0.9908039,0.2030837,-0.08070242,0.97583,True,0.7453443,0.07732061,20.38117,0.4205445,-1.3,7.475393
2026-08-17 15:25:47.289,9.954537,True,18.86092,1.024079,-8.592062,0.04242627,0.08343011,0.08069707,0.9923343,0.1724285,-0.07073695,0.9824789,True,0.7060435,0.1000605,20.1407,0.4990623,-1.3,7.422105
2026-08-17 15:25:47.322,9.988031,True,18.86017,1.023858,-8.591441,0.03791622,0.0811144,0.08632624,0.9922351,0.1675155,-0.06123902,0.9839656,True,0.6996361,0.1206226,20.1015,0.5700605,-1.3,7.410261
2026-08-17 15:25:47.366,10.03212,True,18.85892,1.023573,-8.589849,0.03519036,0.07140056,0.08727761,0.9929987,0.147944,-0.05742461,0.9873272,True,0.6750812,0.1291729,19.95126,0.5995835,-1.3,7.383417
2026-08-17 15:25:47.400,10.0656,True,18.85816,1.023525,-8.588491,0.03455689,0.06147058,0.08627514,0.9937725,0.1281383,-0.05807661,0.9900544,True,0.6506017,0.12813,19.80148,0.5959824,-1.3,7.361708
2026-08-17 15:25:47.444,10.1098,True,18.85775,1.02283,-8.587132,0.0344065,0.05211303,0.08245102,0.9946368,0.1093408,-0.0598504,0.9922009,True,0.6276093,0.1244467,19.66079,0.5832642,-1.3,7.344411
2026-08-17 15:25:47.487,10.15368,True,18.85736,1.023524,-8.586608,0.03313121,0.04340116,0.08120096,0.9952011,0.09176634,-0.05889599,0.9940373,True,0.6062385,0.1269181,19.53003,0.5917978,-1.3,7.330316
2026-08-17 15:25:47.522,10.18771,True,18.85753,1.022887,-8.586301,0.03356109,0.04121215,0.07487083,0.9957759,0.08710162,-0.06066748,0.9943504,True,0.6006417,0.1230188,19.49579,0.5783341,-1.3,7.327699
2026-08-17 15:25:47.565,10.23166,True,18.85794,1.023376,-8.585643,0.03211098,0.04027414,0.07717472,0.9956862,0.08515713,-0.05772863,0.9946938,True,0.598335,0.1294506,19.48167,0.6005423,-1.3,7.324508
2026-08-17 15:25:47.599,10.26516,True,18.85844,1.023787,-8.585108,0.03026125,0.04285036,0.0777615,0.9955909,0.09002918,-0.05359144,0.9944962,True,0.6042618,0.1383316,19.51794,0.6312073,-1.3,7.325425
2026-08-17 15:25:47.634,10.29915,True,18.85904,1.024307,-8.5844,0.02784148,0.04504095,0.07971601,0.9954103,0.09410727,-0.04824642,0.9943923,True,0.6092429,0.1498212,19.54842,0.6708794,-1.3,7.325479
2026-08-17 15:25:47.667,10.33297,True,18.85978,1.023923,-8.583888,0.02809842,0.0446072,0.07845116,0.995523,0.09322371,-0.04894627,0.9944413,True,0.6082935,0.1482375,19.54261,0.665411,-1.3,7.324603
2026-08-17 15:25:47.711,10.37673,True,18.86018,1.021903,-8.583631,0.03403955,0.03818215,0.06969992,0.9962557,0.08082349,-0.06250161,0.9947669,True,0.5934787,0.1189455,19.45196,0.5642695,-1.3,7.321947
2026-08-17 15:25:47.755,10.42067,True,18.85998,1.021338,-8.582973,0.03528241,0.02883288,0.06588186,0.9967865,0.0621294,-0.06653893,0.9958476,True,0.5709884,0.1103866,19.31435,0.5347166,-1.3,7.313341
2026-08-17 15:25:47.788,10.45425,True,18.86013,1.021153,-8.582384,0.03438886,0.02413823,0.06438257,0.9970405,0.05256166,-0.06546602,0.9964695,True,0.5595335,0.1127032,19.24426,0.5427158,-1.3,7.308186
2026-08-17 15:25:47.834,10.50021,True,18.86032,1.021081,-8.58152,0.03325652,0.02094259,0.06308653,0.9972339,0.04596541,-0.06368666,0.9969108,True,0.5516554,0.1165239,19.19606,0.5559082,-1.3,7.304083
2026-08-17 15:25:47.879,10.54393,True,18.86067,1.021016,-8.580863,0.03483247,0.02087479,0.06162478,0.997273,0.04592881,-0.06690216,0.9967019,True,0.5516748,0.1096862,19.19618,0.5322982,-1.3,7.304955
2026-08-17 15:25:47.922,10.58799,True,18.86049,1.020449,-8.580588,0.03688376,0.01953967,0.05773764,0.9974589,0.0432392,-0.07132372,0.9965156,True,0.5484425,0.1001453,19.1764,0.499355,-1.3,7.306046
2026-08-17 15:25:47.968,10.63372,True,18.86047,1.020249,-8.580248,0.0368062,0.01859182,0.05557267,0.9976028,0.04118534,-0.07136954,0.9965993,True,0.5459791,0.1000101,19.16133,0.4988884,-1.3,7.30509
2026-08-17 15:25:48.010,10.67681,True,18.86031,1.019954,-8.579964,0.03722068,0.01664718,0.0544561,0.9976833,0.03727102,-0.07245582,0.996675,True,0.5412747,0.09764404,19.13254,0.4907185,-1.3,7.30425
2026-08-17 15:25:48.055,10.72136,True,18.85994,1.019815,-8.579533,0.03730267,0.01575013,0.05162794,0.9978452,0.03528409,-0.07281829,0.9967209,True,0.5388385,0.09685326,19.11764,0.487988,-1.3,7.303481
2026-08-17 15:25:48.089,10.75484,True,18.8597,1.019791,-8.579247,0.03722812,0.01576915,0.0496142,0.9979498,0.03516773,-0.07273885,0.9967308,True,0.5386574,0.09702177,19.11653,0.4885699,-1.3,7.303122
2026-08-17 15:25:48.133,10.79877,True,18.85918,1.019606,-8.579077,0.03827385,0.01566152,0.04754298,0.9980128,0.0349001,-0.07490639,0.9965796,True,0.5382587,0.09236352,19.11409,0.4724855,-1.3,7.30406
2026-08-17 15:25:48.166,10.83216,True,18.8586,1.019539,-8.578903,0.03879474,0.01536667,0.0463948,0.9980513,0.0342732,-0.07601241,0.9965177,True,0.5374169,0.08999819,19.10894,0.4643184,-1.3,7.304339
2026-08-17 15:25:48.210,10.87645,True,18.85824,1.019566,-8.578926,0.03922156,0.01670963,0.0456918,0.9980454,0.03693815,-0.07676281,0.9963649,True,0.5405476,0.08839336,19.1281,0.458777,-1.3,7.305482
2026-08-17 15:25:48.255,10.9211,True,18.85777,1.019541,-8.578912,0.03922331,0.01677592,0.04508781,0.9980718,0.03702413,-0.07678258,0.9963602,True,0.5405727,0.08834384,19.12825,0.4586061,-1.3,7.305502
2026-08-17 15:25:48.289,10.95464,True,18.85729,1.019767,-8.578844,0.03853374,0.01614863,0.04615385,0.9980602,0.03579157,-0.07542733,0.9965087,True,0.5390154,0.09130201,19.11872,0.4688203,-1.3,7.304346
2026-08-17 15:25:48.333,10.99917,True,18.85704,1.019949,-8.578932,0.03801262,0.01694311,0.04665589,0.9980437,0.03736696,-0.07429552,0.996536,True,0.5408553,0.0937513,19.12998,0.4772774,-1.3,7.304234
2026-08-17 15:25:48.367,11.0327,True,18.85691,1.020058,-8.578977,0.03766547,0.01741045,0.04687286,0.9980386,0.03828358,-0.07355103,0.9965564,True,0.5419277,0.09535994,19.13654,0.4828317,-1.3,7.304129
2026-08-17 15:25:48.401,11.06636,True,18.85677,1.020109,-8.579056,0.03768098,0.01736469,0.04729129,0.9980191,0.03822454,-0.07357027,0.9965572,True,0.5418343,0.09533232,19.13597,0.4827365,-1.3,7.304202
2026-08-17 15:25:48.445,11.11055,True,18.85667,1.020091,-8.579225,0.03791849,0.01716957,0.04753384,0.998002,0.03787536,-0.07405318,0.9965348,True,0.5414028,0.09429861,19.13333,0.4791671,-1.3,7.304537
2026-08-17 15:25:48.488,11.1542,True,18.85663,1.02,-8.579275,0.0382388,0.01698409,0.0471708,0.9980102,0.03750809,-0.07472312,0.9964986,True,0.5409599,0.0928482,19.13062,0.474159,-1.3,7.304852
2026-08-17 15:25:48.522,11.18804,True,18.8567,1.019953,-8.579259,0.03808679,0.01712525,0.04698129,0.9980225,0.0377615,-0.07441381,0.9965122,True,0.5412738,0.09349138,19.13254,0.4763799,-1.3,7.304736
2026-08-17 15:25:48.567,11.2322,True,18.85686,1.019953,-8.579151,0.03675551,0.01812113,0.04557121,0.9981202,0.03952411,-0.07172124,0.9966413,True,0.543398,0.09920945,19.14554,0.4961236,-1.3,7.303681
2026-08-17 15:25:48.600,11.26573,True,18.85688,1.019984,-8.57883,0.03483234,0.0200862,0.04429716,0.9982089,0.0431864,-0.06776038,0.9967665,True,0.5477628,0.107621,19.17224,0.5251675,-1.3,7.302442
2026-08-17 15:25:48.633,11.29933,True,18.85688,1.019919,-8.578592,0.03369061,0.02240172,0.04291324,0.9982593,0.047617,-0.06534128,0.9967262,True,0.5530518,0.1127172,19.2046,0.5427641,-1.3,7.302498
2026-08-17 15:25:48.677,11.34328,True,18.85695,1.019542,-8.578776,0.03415364,0.024536,0.0416079,0.9982486,0.05182818,-0.06614586,0.996463,True,0.5581061,0.1108659,19.23553,0.5363717,-1.3,7.304612
2026-08-17 15:25:48.722,11.38727,True,18.8571,1.019022,-8.579177,0.0329344,0.02884817,0.03964313,0.9982542,0.06020686,-0.06346656,0.9961662,True,0.5681588,0.1163361,19.29704,0.5552595,-1.3,7.307191
2026-08-17 15:25:48.765,11.4319,True,18.8578,1.018451,-8.580209,0.03360428,0.0372184,0.03612145,0.9980886,0.07672219,-0.06439132,0.9949711,True,0.5881205,0.1140308,19.41918,0.5472997,-1.3,7.317006
2026-08-17 15:25:48.810,11.47603,True,18.8586,1.017964,-8.581211,0.03365583,0.04298613,0.03474098,0.9979041,0.08813054,-0.06418382,0.9940389,True,0.6020068,0.114183,19.50414,0.5478251,-1.3,7.324875
2026-08-17 15:25:48.843,11.50967,True,18.8588,1.018253,-8.581389,0.03133393,0.04561475,0.03696843,0.997783,0.09334397,-0.05915631,0.993875,True,0.6083031,0.1249084,19.54267,0.5848584,-1.3,7.326263
2026-08-17 15:25:48.878,11.54317,True,18.8585,1.018628,-8.581682,0.02933754,0.04298293,0.03969836,0.9978556,0.08811083,-0.05513655,0.9945835,True,0.601916,0.1336247,19.50359,0.6149548,-1.3,7.321338
2026-08-17 15:25:48.911,11.57726,True,18.8582,1.018681,-8.581902,0.02783858,0.04202676,0.04071072,0.9978985,0.08614354,-0.05213828,0.9949175,True,0.5994824,0.1400313,19.4887,0.6370761,-1.3,7.319101
2026-08-17 15:25:48.955,11.62089,True,18.85766,1.018209,-8.582684,0.02934144,0.04102729,0.03961283,0.9979413,0.08421025,-0.05531165,0.9949117,True,0.5970925,0.1331546,19.47407,0.6133318,-1.3,7.31993
2026-08-17 15:25:48.990,11.65534,True,18.85745,1.017263,-8.583664,0.03212141,0.03795432,0.03926274,0.9979911,0.0782785,-0.06113337,0.9950554,True,0.5899616,0.12054,19.43044,0.569775,-1.3,7.319858
2026-08-17 15:25:49.033,11.69881,True,18.85684,1.016173,-8.585066,0.03601061,0.03051629,0.04004109,0.9980825,0.06379936,-0.06943931,0.995544,True,0.5725163,0.1026603,19.3237,0.5080389,-1.3,7.317673
2026-08-17 15:25:49.066,11.73222,True,18.85634,1.016124,-8.585043,0.03776057,0.02487054,0.04091719,0.998139,0.05273862,-0.07334533,0.9959112,True,0.5591828,0.09442578,19.24212,0.4796063,-1.3,7.314952
2026-08-17 15:25:49.111,11.77666,True,18.85584,1.016124,-8.58449,0.03836632,0.01916857,0.04067345,0.9982516,0.04139108,-0.07503918,0.9963212,True,0.5455111,0.09091493,19.15846,0.4674836,-1.3,7.311387
2026-08-17 15:25:49.144,11.81038,True,18.85534,1.01572,-8.584339,0.04053239,0.01274975,0.0409244,0.9982584,0.02877262,-0.07988004,0.9963892,True,0.5303475,0.08056236,19.06569,0.4317377,-1.3,7.310737
2026-08-17 15:25:49.188,11.85416,True,18.85396,1.015422,-8.583403,0.04148113,0.0002117284,0.04144016,0.9982795,0.003860698,-0.08280198,0.9965585,True,0.500355,0.07434179,18.88217,0.4102589,-1.3,7.308555
2026-08-17 15:25:49.222,11.88764,True,18.85192,1.015884,-8.582167,0.03860792,-0.01273167,0.04426159,0.9981925,-0.02199961,-0.07820332,0.9966947,True,0.4691408,0.08426012,18.69118,0.4445056,-1.3,7.306316
2026-08-17 15:25:49.256,11.92105,True,18.8493,1.016916,-8.580484,0.0324952,-0.02576874,0.04789766,0.9979909,-0.04832104,-0.06732836,0.9965601,True,0.4372876,0.1075842,18.49628,0.5250406,-1.3,7.305614
2026-08-17 15:25:49.288,11.95453,True,18.8461,1.018362,-8.578955,0.0259003,-0.03779927,0.05078102,0.9976581,-0.072791,-0.05551827,0.9958008,True,0.4075,0.1329262,18.31403,0.612543,-1.3,7.309649
2026-08-17 15:25:49.323,11.98874,True,18.84348,1.02009,-8.577843,0.02043511,-0.0445387,0.04970896,0.9975609,-0.08682851,-0.04519848,0.9951974,True,0.3902538,0.15523,18.2085,0.6895549,-1.3,7.312963
2026-08-17 15:25:49.367,12.0323,True,18.84136,1.01983,-8.577141,0.01965997,-0.04424737,0.04615387,0.9977602,-0.08648176,-0.04331625,0.9953113,True,0.3903446,0.1591605,18.20906,0.7031265,-1.3,7.311422
2026-08-17 15:25:49.400,12.06568,True,18.84064,1.019164,-8.57712,0.02062426,-0.04327105,0.0451957,0.9978275,-0.08448984,-0.04507023,0.9954045,True,0.3926168,0.1552628,18.22296,0.6896683,-1.3,7.310716
2026-08-17 15:25:49.433,12.09929,True,18.84071,1.019446,-8.577058,0.01923548,-0.03914266,0.04526483,0.9980225,-0.07638913,-0.04193845,0.9961957,True,0.4023792,0.1620467,18.28269,0.7130922,-1.3,7.304847
2026-08-17 15:25:49.477,12.14337,True,18.84073,1.019926,-8.576785,0.01770346,-0.03061918,0.04248737,0.9984708,-0.05964036,-0.03795464,0.9974981,True,0.4224743,0.1707215,18.40565,0.7430453,-1.3,7.295036
2026-08-17 15:25:49.511,12.17686,True,18.84171,1.02043,-8.576877,0.01680528,-0.0238658,0.0435583,0.9986244,-0.04620191,-0.03564344,0.998296,True,0.438701,0.1758099,18.50493,0.7606148,-1.3,7.289297
2026-08-17 15:25:49.556,12.22109,True,18.84297,1.020667,-8.577421,0.01580011,-0.01487301,0.04306293,0.9988367,-0.02835061,-0.03284441,0.9990583,True,0.4601968,0.1818351,18.63646,0.781419,-1.3,7.284281
2026-08-17 15:25:49.589,12.25463,True,18.84429,1.021249,-8.578627,0.01691796,-0.007196627,0.04345052,0.9988864,-0.01290704,-0.03442364,0.999324,True,0.4787994,0.1786794,18.75028,0.7705228,-1.3,7.283551
2026-08-17 15:25:49.622,12.28829,True,18.84642,1.021859,-8.580181,0.01479227,0.002604659,0.04549583,0.9988517,0.006549309,-0.02931355,0.9995488,True,0.5023075,0.189636,18.89412,0.8083544,-1.3,7.283468
2026-08-17 15:25:49.666,12.33179,True,18.84995,1.022671,-8.582191,0.01518035,0.01788123,0.04792014,0.9985757,0.03716642,-0.02860371,0.9988996,True,0.539372,0.1913128,19.1209,0.8141441,-1.3,7.290212
2026-08-17 15:25:49.701,12.36591,True,18.85237,1.023207,-8.583816,0.01634294,0.02835298,0.04926921,0.9982493,0.05821708,-0.0298348,0.997858,True,0.5649364,0.1887889,19.27732,0.8054295,-1.3,7.29945
2026-08-17 15:25:49.744,12.40956,True,18.85688,1.023995,-8.58632,0.01721624,0.04650307,0.05170288,0.9974306,0.09454742,-0.02953532,0.9950821,True,0.609369,0.1894544,19.54919,0.8077273,-1.3,7.32233
2026-08-17 15:25:49.788,12.45383,True,18.86017,1.024872,-8.588514,0.01666703,0.05845786,0.05406124,0.9966856,0.1183303,-0.02690297,0.9926098,True,0.6387637,0.1951314,19.72904,0.8273294,-1.3,7.342779
2026-08-17 15:25:49.821,12.48717,True,18.863,1.025984,-8.590065,0.01327431,0.06881251,0.05584875,0.9959767,0.138554,-0.01875562,0.9901773,True,0.6639408,0.2126729,19.88309,0.887898,-1.3,7.362383
2026-08-17 15:25:49.855,12.52122,True,18.8648,1.025984,-8.591779,0.01540246,0.07335108,0.05944033,0.9954141,0.1478605,-0.02194362,0.9887648,True,0.675728,0.2057974,19.95521,0.8641577,-1.3,7.374634
2026-08-17 15:25:49.889,12.55472,True,18.86597,1.025559,-8.593229,0.01668498,0.07700884,0.05845902,0.9951752,0.1552254,-0.02420523,0.9875825,True,0.6850575,0.2007718,20.0123,0.8468049,-1.3,7.384932
2026-08-17 15:25:49.933,12.59923,True,18.86713,1.024489,-8.594434,0.01769095,0.08076069,0.05389819,0.995118,0.1626398,-0.02650347,0.9863295,True,0.6944777,0.1954652,20.06994,0.8284817,-1.3,7.395534
2026-08-17 15:25:49.967,12.63267,True,18.86833,1.023875,-8.594356,0.016674,0.08610982,0.05050657,0.9948649,0.1730196,-0.02447854,0.9846141,True,0.7075815,0.1995335,20.15011,0.8425293,-1.3,7.408339
2026-08-17 15:25:50.012,12.67756,True,18.87056,1.023673,-8.592991,0.01370787,0.1005805,0.04188511,0.9939523,0.2010928,-0.01882428,0.9793913,True,0.7431897,0.2113989,20.36799,0.883499,-1.3,7.446452
2026-08-17 15:25:50.055,12.72085,True,18.87264,1.024634,-8.588785,0.01170185,0.1185068,0.03140966,0.9923874,0.2359444,-0.01578102,0.9716384,True,0.7880696,0.2179887,20.64259,0.9062526,-1.3,7.501541
2026-08-17 15:25:50.089,12.7548,True,18.8738,1.026885,-8.584383,0.01028626,0.1282375,0.0310691,0.9912034,0.2548581,-0.01242309,0.9668987,True,0.8127888,0.2258198,20.79384,0.9332922,-1.3,7.53376
2026-08-17 15:25:50.133,12.79873,True,18.87463,1.031332,-8.577086,0.00483634,0.1305415,0.03747991,0.9907224,0.2590234,0.0002024276,0.965871,True,0.818073,0.2546553,20.82617,1.032857,-1.3,7.534222
2026-08-17 15:25:50.177,12.84324,True,18.87441,1.036784,-8.569781,-0.004626726,0.1202652,0.05497774,0.9912075,0.2379068,0.02239591,0.9710298,True,0.7901856,0.3043523,20.65554,1.204455,-1.3,7.486672
2026-08-17 15:25:50.222,12.88737,True,18.87322,1.041637,-8.56386,-0.009080581,0.1068709,0.07470538,0.9914209,0.2105513,0.03397302,0.9769923,True,0.7547396,0.3303508,20.43866,1.294224,-1.3,7.43492
2026-08-17 15:25:50.254,12.92077,True,18.87249,1.04371,-8.560119,-0.01186216,0.09999803,0.0823519,0.9915028,0.1963429,0.03999278,0.9797193,True,0.7365686,0.3436293,20.32747,1.340073,-1.3,7.410406
2026-08-17 15:25:50.299,12.96544,True,18.8712,1.044103,-8.556567,-0.01346312,0.09877324,0.07967637,0.9918237,0.1937859,0.04244586,0.9801252,True,0.7330488,0.3489254,20.30594,1.35836,-1.3,7.403715
2026-08-17 15:25:50.333,12.99882,True,18.87063,1.043259,-8.554943,-0.01346918,0.1016194,0.07332329,0.9920261,0.1996429,0.04162568,0.9789842,True,0.7402696,0.3470066,20.35012,1.351734,-1.3,7.410685
2026-08-17 15:25:50.367,13.03241,True,18.87025,1.042484,-8.554073,-0.01249935,0.1030915,0.0693152,0.9921751,0.2028368,0.03909469,0.9784318,True,0.7441851,0.3413872,20.37408,1.332331,-1.3,7.413979
2026-08-17 15:25:50.410,13.07636,True,18.86983,1.042172,-8.553213,-0.01298316,0.1017737,0.06780773,0.9924091,0.2002415,0.0395713,0.9789471,True,0.7408151,0.3422655,20.35346,1.335364,-1.3,7.409198
2026-08-17 15:25:50.444,13.10983,True,18.86903,1.042881,-8.552118,-0.01571146,0.09734858,0.0698005,0.9926754,0.1910777,0.04478272,0.9805528,True,0.729174,0.3534817,20.28223,1.374092,-1.3,7.395948
2026-08-17 15:25:50.478,13.14387,True,18.86774,1.044992,-8.550282,-0.02050853,0.08951867,0.07773911,0.9927348,0.174548,0.05463728,0.9831316,True,0.7083768,0.3748647,20.15498,1.447924,-1.3,7.374681
2026-08-17 15:25:50.521,13.18691,True,18.86609,1.049831,-8.546926,-0.03178128,0.07696703,0.09445987,0.99204,0.1467046,0.07759719,0.986132,True,0.673928,0.4247236,19.9442,1.620081,-1.3,7.348838
2026-08-17 15:25:50.555,13.22073,True,18.86462,1.054408,-8.544415,-0.04007143,0.07002506,0.1064602,0.9910384,0.130263,0.09433442,0.9869816,True,0.6537519,0.4614291,19.82075,1.74682,-1.3,7.33997
2026-08-17 15:25:50.598,13.26514,True,18.86291,1.060413,-8.541229,-0.05319846,0.06499998,0.1210066,0.9890917,0.1157072,0.1209672,0.9858899,True,0.636103,0.5199548,19.71276,1.948901,-1.3,7.344867
2026-08-17 15:25:50.633,13.29931,True,18.8619,1.065236,-8.539092,-0.06453808,0.06139516,0.1274653,0.987835,0.1048438,0.1431575,0.9841309,True,0.6230846,0.5690085,19.63311,2.118277,-1.3,7.355822
2026-08-17 15:25:50.678,13.34335,True,18.85907,1.069851,-8.536608,-0.07401022,0.06107793,0.1436911,0.9849594,0.09904934,0.1633468,0.981584,True,0.6159247,0.6141387,19.5893,2.274106,-1.3,7.372378
2026-08-17 15:25:50.711,13.37711,True,18.85723,1.07184,-8.535282,-0.07390961,0.05388349,0.1535949,0.9838915,0.08332674,0.1619905,0.9832679,True,0.5964894,0.6111631,19.47038,2.263832,-1.3,7.358403
2026-08-17 15:25:50.754,13.42075,True,18.85595,1.074506,-8.533359,-0.07533526,0.04236678,0.1675061,0.982075,0.05797648,0.1621632,0.9850593,True,0.565648,0.6115829,19.28168,2.265281,-1.3,7.343069
2026-08-17 15:25:50.788,13.4541,True,18.8546,1.075682,-8.532612,-0.07885269,0.03721231,0.1706446,0.9814672,0.04613376,0.1674828,0.984795,True,0.5512237,0.6232955,19.19342,2.305723,-1.3,7.344281
2026-08-17 15:25:50.833,13.4987,True,18.85348,1.074588,-8.532555,-0.07789062,0.03763081,0.1625628,0.982899,0.04865033,0.1653519,0.9850339,True,0.5540471,0.6183581,19.21069,2.288674,-1.3,7.342443
2026-08-17 15:25:50.877,13.5429,True,18.85321,1.072432,-8.533496,-0.0759137,0.03986952,0.1525596,0.9845675,0.05534575,0.1616493,0.9852951,True,0.5620277,0.6098137,19.25952,2.259172,-1.3,7.341451
2026-08-17 15:25:50.922,13.5877,True,18.85383,1.070789,-8.534674,-0.07262449,0.04247538,0.144972,0.9858523,0.06269187,0.1555095,0.9858431,True,0.5709141,0.5961536,19.3139,2.212006,-1.3,7.338565
2026-08-17 15:25:50.968,13.63305,True,18.8544,1.069141,-8.536115,-0.07008784,0.04255993,0.1386988,0.9869342,0.06456551,0.1501502,0.9865527,True,0.5732148,0.5841198,19.32797,2.170455,-1.3,7.334747
2026-08-17 15:25:51.009,13.67606,True,18.8545,1.068895,-8.536999,-0.07006049,0.04199561,0.1376381,0.9871088,0.0636225,0.149875,0.9866558,True,0.572101,0.5834699,19.32116,2.16821,-1.3,7.334877
2026-08-17 15:25:51.046,13.71086,True,18.8541,1.069408,-8.537144,-0.07123671,0.03941772,0.1404654,0.9867325,0.05777692,0.1516568,0.9867432,True,0.5650243,0.5873811,19.27786,2.181715,-1.3,7.334374
2026-08-17 15:25:51.088,13.75411,True,18.85275,1.071271,-8.536065,-0.07488323,0.03364271,0.1475309,0.9856446,0.04422433,0.1575432,0.9865214,True,0.5485618,0.6004494,19.17713,2.226839,-1.3,7.33493
2026-08-17 15:25:51.121,13.78769,True,18.85169,1.073449,-8.53476,-0.07841987,0.02694158,0.1545925,0.9844926,0.02880133,0.1627375,0.986249,True,0.5299032,0.6121477,19.06297,2.267231,-1.3,7.335632
2026-08-17 15:25:51.166,13.8322,True,18.85024,1.077113,-8.532926,-0.08777937,0.0191916,0.1592597,0.9831393,0.0097766,0.1787116,0.9838529,True,0.5068825,0.6479742,18.92211,2.390935,-1.3,7.351633
2026-08-17 15:25:51.210,13.87619,True,18.84778,1.081277,-8.530532,-0.1010234,0.02334966,0.1571855,0.9821109,0.01410508,0.2057728,0.9784982,True,0.5117684,0.709049,18.95201,2.601819,-1.3,7.389417
2026-08-17 15:25:51.255,13.92034,True,18.84643,1.082162,-8.529105,-0.09682621,0.021493,0.1666493,0.9810151,0.009897873,0.1971395,0.9803255,True,0.5064422,0.6899599,18.91942,2.535906,-1.3,7.374189
2026-08-17 15:25:51.289,13.95448,True,18.84669,1.082783,-8.528135,-0.09374367,0.01425469,0.1710814,0.9806835,-0.004116908,0.1887432,0.9820179,True,0.4896044,0.671459,18.81639,2.472025,-1.3,7.360493
2026-08-17 15:25:51.333,13.99886,True,18.84578,1.083773,-8.527025,-0.09554411,0.007190644,0.1724136,0.9803536,-0.01884746,0.1898136,0.9816392,True,0.471729,0.6741216,18.70702,2.481219,-1.3,7.362201
2026-08-17 15:25:51.367,14.03279,True,18.84477,1.084313,-8.526317,-0.09668135,0.006058828,0.1728614,0.9801709,-0.02154757,0.1916232,0.981232,True,0.4683068,0.6782658,18.68608,2.495528,-1.3,7.364534
2026-08-17 15:25:51.410,14.07659,True,18.84334,1.084924,-8.525054,-0.09788502,0.001079371,0.175397,0.979619,-0.03222274,0.1921587,0.9808347,True,0.4552155,0.6796795,18.60598,2.50041,-1.3,7.36623
2026-08-17 15:25:51.445,14.11029,True,18.8424,1.085353,-8.523967,-0.09819138,-0.003378866,0.1767551,0.9793389,-0.04132976,0.1911308,0.9806941,True,0.4440981,0.677608,18.53796,2.493257,-1.3,7.366178
2026-08-17 15:25:51.488,14.15441,True,18.84133,1.08557,-8.522788,-0.09925936,-0.006325537,0.176402,0.9792803,-0.04740804,0.1921738,0.9802151,True,0.4365872,0.6800292,18.492,2.501617,-1.3,7.368575
2026-08-17 15:25:51.533,14.19871,True,18.8405,1.085107,-8.522354,-0.09944917,-0.005472903,0.172776,0.9799124,-0.0450908,0.1930118,0.9801598,True,0.4392426,0.6816818,18.50825,2.507323,-1.3,7.368547
2026-08-17 15:25:51.567,14.23245,True,18.84067,1.084751,-8.522918,-0.09803756,-0.006352285,0.1724742,0.9801025,-0.04626968,0.1899825,0.9806966,True,0.4378769,0.6749241,18.49989,2.483989,-1.3,7.365089
2026-08-17 15:25:51.600,14.26581,True,18.84076,1.083621,-8.524425,-0.09763365,-0.005526748,0.1699962,0.9805807,-0.04403355,0.1895963,0.9808742,True,0.4405813,0.673784,18.51644,2.480053,-1.3,7.365292
2026-08-17 15:25:51.634,14.2996,True,18.8405,1.083185,-8.525716,-0.09866374,-0.002294962,0.1675003,0.9809199,-0.03755476,0.1927936,0.9805204,True,0.4483127,0.6806999,18.56374,2.503933,-1.3,7.369267
2026-08-17 15:25:51.668,14.33316,True,18.8404,1.083416,-8.526653,-0.09951901,-0.001984302,0.1701851,0.9803719,-0.03776402,0.1944559,0.9801841,True,0.4480245,0.6845108,18.56198,2.517091,-1.3,7.372751
2026-08-17 15:25:51.712,14.3779,True,18.83952,1.084322,-8.526816,-0.1007595,-0.004916364,0.1746034,0.9794575,-0.04481666,0.1956625,0.9796467,True,0.4393499,0.6875882,18.5089,2.527717,-1.3,7.376962
2026-08-17 15:25:51.754,14.42113,True,18.83836,1.085894,-8.526249,-0.1036512,-0.008814931,0.1806232,0.9780358,-0.05468624,0.1995648,0.9783574,True,0.4271794,0.696909,18.43444,2.5599,-1.3,7.386103
2026-08-17 15:25:51.789,14.45467,True,18.83747,1.087097,-8.525513,-0.1059873,-0.01128608,0.1863078,0.9766927,-0.06153857,0.2028286,0.9772786,True,0.4186878,0.7046738,18.38248,2.586711,-1.3,7.393503
2026-08-17 15:25:51.822,14.48842,True,18.83654,1.088458,-8.524652,-0.1074329,-0.01453523,0.191662,0.975455,-0.06953853,0.2040202,0.9764938,True,0.4088123,0.7079185,18.32206,2.597915,-1.3,7.398565
2026-08-17 15:25:51.866,14.53257,True,18.83562,1.090272,-8.523223,-0.1089754,-0.01987056,0.1994539,0.9736261,-0.08216412,0.204276,0.975459,True,0.3933089,0.7093695,18.2272,2.602925,-1.3,7.404947
2026-08-17 15:25:51.900,14.56597,True,18.83483,1.091544,-8.522031,-0.1097328,-0.02424644,0.2043987,0.9724156,-0.09201372,0.2034999,0.9747416,True,0.3811961,0.7083226,18.15308,2.59931,-1.3,7.409175
2026-08-17 15:25:51.944,14.61026,True,18.83372,1.0926,-8.520594,-0.1107258,-0.0288288,0.2081431,0.9713832,-0.1021012,0.2031134,0.9738174,True,0.3687079,0.7081258,18.07667,2.598631,-1.3,7.414731
2026-08-17 15:25:51.989,14.65494,True,18.83265,1.093246,-8.519366,-0.1115932,-0.03082929,0.2090221,0.9710336,-0.1065235,0.2038335,0.973193,True,0.3631129,0.7100657,18.04244,2.605329,-1.3,7.418226
2026-08-17 15:25:52.033,14.69933,True,18.83208,1.093326,-8.518571,-0.1113308,-0.03223623,0.208051,0.9712266,-0.1089424,0.2028414,0.9731326,True,0.3600926,0.7079364,18.02396,2.597976,-1.3,7.41787
2026-08-17 15:25:52.066,14.73285,True,18.83207,1.093137,-8.518322,-0.1111101,-0.03264276,0.2067607,0.9715138,-0.1093722,0.2023916,0.973178,True,0.3595815,0.7068802,18.02083,2.59433,-1.3,7.417268
2026-08-17 15:25:52.111,14.77692,True,18.83217,1.09266,-8.518431,-0.1103417,-0.03142961,0.2041416,0.972195,-0.1061621,0.2017152,0.9736738,True,0.3635527,0.7050748,18.04513,2.588096,-1.3,7.413603
2026-08-17 15:25:52.156,14.8214,True,18.83243,1.092197,-8.518803,-0.1097196,-0.02923024,0.2021219,0.9727558,-0.1012212,0.2016446,0.9742144,True,0.3696424,0.7045714,18.08239,2.586358,-1.3,7.40987
2026-08-17 15:25:52.200,14.8656,True,18.83304,1.09139,-8.519433,-0.1081283,-0.02646455,0.1981775,0.9738242,-0.09440082,0.2001065,0.9752158,True,0.3781104,0.7006333,18.1342,2.57276,-1.3,7.402908
2026-08-17 15:25:52.244,14.90995,True,18.8336,1.090692,-8.520069,-0.1065822,-0.02448492,0.1954765,0.9745921,-0.08939424,0.1981758,0.9760814,True,0.3843455,0.6959523,18.17235,2.556597,-1.3,7.396994
2026-08-17 15:25:52.278,14.94333,True,18.83432,1.089973,-8.520922,-0.1049238,-0.02263469,0.1932728,0.975256,-0.08470708,0.1959058,0.9769573,True,0.3902087,0.6905545,18.20823,2.537959,-1.3,7.391235
2026-08-17 15:25:52.322,14.98772,True,18.83528,1.088472,-8.52216,-0.1028934,-0.01855722,0.1871688,0.9767479,-0.07476832,0.1940552,0.9781371,True,0.4024657,0.6857282,18.28322,2.521295,-1.3,7.383585
2026-08-17 15:25:52.356,15.02117,True,18.8361,1.087497,-8.523229,-0.1011871,-0.01604548,0.183931,0.9775854,-0.06859453,0.1919355,0.9790074,True,0.4101112,0.680609,18.33,2.503619,-1.3,7.378114
2026-08-17 15:25:52.389,15.05477,True,18.83672,1.086925,-8.524009,-0.1002885,-0.01447877,0.1821546,0.9780349,-0.06485751,0.1908965,0.9794652,True,0.4147462,0.6780766,18.35836,2.494875,-1.3,7.375462
2026-08-17 15:25:52.433,15.09867,True,18.83822,1.086677,-8.525548,-0.09986068,-0.01424093,0.1829385,0.9779359,-0.06439017,0.1901043,0.9796501,True,0.4155539,0.6763226,18.3633,2.488818,-1.3,7.375641
2026-08-17 15:25:52.489,15.15448,True,18.83821,1.086911,-8.526579,-0.09974243,-0.01739213,0.1849318,0.977522,-0.07089347,0.1885681,0.9794979,True,0.4076862,0.6732291,18.31516,2.478137,-1.3,7.37784
2026-08-17 15:25:52.525,15.18961,True,18.83789,1.087075,-8.526919,-0.1005363,-0.0190959,0.1861978,0.9771684,-0.0747591,0.1893707,0.9790556,True,0.402929,0.6751931,18.28606,2.484918,-1.3,7.381521
2026-08-17 15:25:52.568,15.23426,True,18.83737,1.087324,-8.527223,-0.1012525,-0.02029067,0.1876537,0.9767919,-0.07764032,0.1901899,0.9786724,True,0.3993273,0.6771929,18.26402,2.491824,-1.3,7.38472
2026-08-17 15:25:52.611,15.27777,True,18.83676,1.087263,-8.527337,-0.1015174,-0.02064777,0.1874171,0.9768023,-0.07838975,0.1905853,0.9785358,True,0.3983071,0.6780842,18.25778,2.494901,-1.3,7.38587
2026-08-17 15:25:52.646,15.31205,True,18.83632,1.087009,-8.527324,-0.1011834,-0.02057019,0.1863114,0.9770501,-0.07789946,0.1900577,0.9786776,True,0.3988425,0.6768224,18.26105,2.490544,-1.3,7.384785
2026-08-17 15:25:52.690,15.35552,True,18.83619,1.086652,-8.527474,-0.1000697,-0.0214697,0.1857144,0.9772591,-0.07913169,0.1876136,0.9790502,True,0.3973669,0.6713473,18.25203,2.471639,-1.3,7.382128
2026-08-17 15:25:52.724,15.38908,True,18.83638,1.086343,-8.527775,-0.09957921,-0.02133539,0.1843575,0.977569,-0.07842997,0.1868244,0.9792576,True,0.3982613,0.6695026,18.2575,2.46527,-1.3,7.380872
2026-08-17 15:25:52.757,15.42249,True,18.83653,1.0861,-8.527998,-0.09923206,-0.02079747,0.1839479,0.9776931,-0.07717415,0.1863857,0.9794409,True,0.3998149,0.6684324,18.267,2.461575,-1.3,7.379718
2026-08-17 15:25:52.801,15.46652,True,18.83682,1.085653,-8.528421,-0.09817565,-0.02006394,0.1830195,0.9779892,-0.07518075,0.1846853,0.9799179,True,0.4023051,0.6644995,18.28224,2.447995,-1.3,7.376558
2026-08-17 15:25:52.834,15.49993,True,18.83728,1.084908,-8.528815,-0.09667226,-0.01938724,0.1806917,0.9785853,-0.07287988,0.1821979,0.9805572,True,0.4052081,0.6587372,18.3,2.428098,-1.3,7.37215
2026-08-17 15:25:52.867,15.53352,True,18.83807,1.083661,-8.529393,-0.09464463,-0.0181404,0.1762167,0.9796229,-0.06889743,0.1790388,0.9814267,True,0.4102017,0.6513231,18.33056,2.402498,-1.3,7.366208
2026-08-17 15:25:52.902,15.56747,True,18.83873,1.082885,-8.530009,-0.09253994,-0.01720915,0.1739997,0.9802369,-0.06594193,0.1754334,0.9822804,True,0.41393,0.643113,18.35337,2.37415,-1.3,7.360433
2026-08-17 15:25:52.946,15.61138,True,18.84005,1.080731,-8.530893,-0.0875433,-0.01718213,0.1659641,0.982088,-0.06280681,0.1662472,0.9840819,True,0.418046,0.6223017,18.37855,2.302291,-1.3,7.347857
2026-08-17 15:25:52.990,15.65576,True,18.84152,1.078121,-8.531996,-0.08286629,-0.01746,0.1603939,0.9834135,-0.06092329,0.1573827,0.9856567,True,0.4206547,0.6021976,18.39451,2.232875,-1.3,7.337237
2026-08-17 15:25:53.025,15.6896,True,18.84253,1.075847,-8.533498,-0.07888548,-0.01608347,0.1580153,0.9841492,-0.05658729,0.1501873,0.9870368,True,0.4260989,0.5858692,18.42783,2.176495,-1.3,7.328498
2026-08-17 15:25:53.059,15.72408,True,18.84411,1.071601,-8.535012,-0.07226145,-0.01234036,0.1457138,0.9866071,-0.04540915,0.138991,0.989252,True,0.4398574,0.560277,18.51201,2.088128,-1.3,7.313619
2026-08-17 15:25:53.093,15.75818,True,18.84611,1.066221,-8.536909,-0.06091767,-0.008191196,0.1236274,0.9904233,-0.03128769,0.1186432,0.9924439,True,0.457174,0.5148772,18.61796,1.931369,-1.3,7.292008
2026-08-17 15:25:53.137,15.80176,True,18.84962,1.059327,-8.540874,-0.04431809,-0.005451278,0.1010774,0.993876,-0.0197949,0.08699138,0.9960124,True,0.4715151,0.4454779,18.70571,1.691743,-1.3,7.269863
2026-08-17 15:25:53.180,15.84524,True,18.8542,1.052726,-8.545272,-0.03521409,0.003565477,0.08610004,0.9956576,0.001036121,0.07073632,0.9974945,True,0.4970135,0.4092107,18.86173,1.566517,-1.3,7.26347
2026-08-17 15:25:53.213,15.87911,True,18.8569,1.048182,-8.549835,-0.0232254,0.01104231,0.07243156,0.9970418,0.01865478,0.04791301,0.9986773,True,0.5183578,0.3598275,18.99232,1.396003,-1.3,7.259437
2026-08-17 15:25:53.258,15.92324,True,18.85846,1.040615,-8.558071,-0.008147302,0.01961508,0.05560923,0.9982266,0.03825445,0.01844727,0.9990978,True,0.5418984,0.2957139,19.13636,1.174627,-1.3,7.264625
2026-08-17 15:25:53.290,15.95661,True,18.85839,1.033969,-8.565853,0.0005306747,0.03102679,0.0361922,0.9988629,0.06202143,0.001185713,0.9980741,True,0.5702602,0.2574772,19.30989,1.042601,-1.3,7.279873
2026-08-17 15:25:53.335,16.00094,True,18.85862,1.024627,-8.578363,0.01190101,0.04659037,0.01406334,0.9987442,0.09339844,-0.02246169,0.9953754,True,0.608124,0.2047044,19.54157,0.8603834,-1.3,7.312179
2026-08-17 15:25:53.381,16.04602,True,18.85759,1.015531,-8.591284,0.01935304,0.06063198,-0.01064283,0.9979158,0.1205993,-0.03991599,0.9918984,True,0.6412245,0.16466,19.7441,0.7221155,-1.3,7.350838
2026-08-17 15:25:53.414,16.07952,True,18.86183,1.021929,-8.586174,0.00185983,0.03311566,0.01698324,0.9993055,0.06624848,-0.002592255,0.9977998,True,0.5760948,0.2460082,19.34559,1.003,-1.3,7.30224
2026-08-17 15:25:53.459,16.12345,True,18.86011,1.03023,-8.583257,-0.0177907,0.02551431,0.03377889,0.9989452,0.0497729,0.03726757,0.998065,True,0.5561105,0.3326565,19.22332,1.302185,-1.3,7.297377
2026-08-17 15:25:53.492,16.15738,True,18.86026,1.029592,-8.584677,-0.01691995,0.01968181,0.04108305,0.9988186,0.03792686,0.0354171,0.9986527,True,0.5419889,0.3285315,19.13691,1.287942,-1.3,7.294505
2026-08-17 15:25:53.536,16.20138,True,18.86178,1.024907,-8.586846,0.0002979668,0.02047485,0.02985798,0.9993444,0.04094064,0.0006271322,0.9991614,True,0.545821,0.2536774,19.16036,1.029481,-1.3,7.292962
2026-08-17 15:25:53.579,16.24468,True,18.8608,1.024658,-8.587764,0.01090128,0.0125609,0.01874864,0.9996859,0.02552268,-0.02132471,0.9994467,True,0.527279,0.2072468,19.04691,0.8691621,-1.3,7.291798
2026-08-17 15:25:53.613,16.27889,True,18.86024,1.025147,-8.587662,0.01295336,0.005789225,0.02209011,0.9996553,0.01214674,-0.02564201,0.9995974,True,0.5112439,0.1982802,18.9488,0.8382018,-1.3,7.290597
2026-08-17 15:25:53.656,16.32268,True,18.85965,1.024781,-8.587739,0.01567169,-0.0007984947,0.02039096,0.999669,-0.0009573389,-0.03136558,0.9995075,True,0.495533,0.1860825,18.85267,0.7960848,-1.3,7.291329
2026-08-17 15:25:53.690,16.35625,True,18.85917,1.025623,-8.586924,0.01478399,-0.008554245,0.02368092,0.9995736,-0.016401,-0.02996052,0.9994165,True,0.477052,0.1892945,18.73959,0.8071752,-1.3,7.291177
2026-08-17 15:25:53.724,16.39011,True,18.85987,1.026197,-8.586366,0.01386491,-0.007666081,0.02683352,0.9995144,-0.01458063,-0.02812778,0.999498,True,0.4793383,0.1933402,18.75358,0.8211446,-1.3,7.290025
2026-08-17 15:25:53.767,16.43385,True,18.86131,1.02588,-8.586148,0.01409253,-0.002802014,0.02679463,0.9995377,-0.004846229,-0.02832219,0.9995871,True,0.491172,0.1928451,18.82598,0.8194351,-1.3,7.289158
2026-08-17 15:25:53.812,16.47795,True,18.86203,1.026241,-8.586141,0.01221107,0.00156001,0.02996293,0.9994752,0.00385014,-0.02431583,0.9996969,True,0.5016494,0.2014131,18.89009,0.8490192,-1.3,7.28835
2026-08-17 15:25:53.845,16.51144,True,18.86183,1.02662,-8.586308,0.01043494,0.00200505,0.03218812,0.9994254,0.004679558,-0.02072881,0.9997742,True,0.5026046,0.2090967,18.89594,0.8755496,-1.3,7.287953
2026-08-17 15:25:53.890,16.55606,True,18.86119,1.027112,-8.586799,0.007873673,0.001355528,0.03581697,0.9993264,0.003273253,-0.01563964,0.9998723,True,0.5008238,0.2199818,18.88504,0.9131346,-1.3,7.287729
2026-08-17 15:25:53.935,16.60073,True,18.86062,1.027508,-8.587633,0.006308004,0.002109415,0.03875407,0.9992266,0.004704489,-0.01244275,0.9999115,True,0.5024371,0.2268419,18.89491,0.9368213,-1.3,7.288278
2026-08-17 15:25:53.980,16.64542,True,18.86027,1.027533,-8.588502,0.005993305,0.004614106,0.03980481,0.9991789,0.00969776,-0.01160944,0.9998856,True,0.5083294,0.2286047,18.93096,0.9429081,-1.3,7.289336
2026-08-17 15:25:54.013,16.67884,True,18.86006,1.027679,-8.589046,0.005426522,0.007212291,0.04187889,0.999082,0.01486585,-0.01023899,0.9998371,True,0.5144532,0.2315373,18.96843,0.953034,-1.3,7.290234
2026-08-17 15:25:54.058,16.72361,True,18.8598,1.027644,-8.589595,0.005465255,0.008646758,0.04169888,0.9990779,0.01773336,-0.01019931,0.9997907,True,0.5178308,0.2316084,18.9891,0.9532795,-1.3,7.291121
2026-08-17 15:25:54.094,16.75894,True,18.85955,1.027226,-8.589986,0.006112445,0.009106232,0.04040176,0.9991233,0.0186904,-0.01147836,0.9997594,True,0.5189325,0.2287846,18.99584,0.9435292,-1.3,7.29174
2026-08-17 15:25:54.137,16.80185,True,18.85974,1.026929,-8.590364,0.006451972,0.0127256,0.03762629,0.99919,0.02591612,-0.01193586,0.9995928,True,0.5275806,0.227727,19.04875,0.9398774,-1.3,7.293333
2026-08-17 15:25:54.180,16.84542,True,18.85972,1.026396,-8.590638,0.008083778,0.01344398,0.03580784,0.9992356,0.02744633,-0.0151924,0.9995078,True,0.5294057,0.2206899,19.05992,0.9155794,-1.3,7.294229
2026-08-17 15:25:54.224,16.88956,True,18.85986,1.02651,-8.590766,0.008144299,0.01551208,0.0365982,0.9991765,0.03159475,-0.01513976,0.9993861,True,0.5343791,0.2208295,19.09035,0.9160616,-1.3,7.295245
2026-08-17 15:25:54.268,16.93344,True,18.85991,1.026716,-8.590785,0.007530707,0.01689235,0.0373194,0.9991322,0.03431747,-0.01378752,0.9993159,True,0.5376365,0.223744,19.11028,0.9261249,-1.3,7.295776
2026-08-17 15:25:54.302,16.96733,True,18.86,1.027155,-8.59078,0.006921689,0.01787784,0.03903054,0.9990541,0.03626218,-0.01243472,0.999265,True,0.5399722,0.2267285,19.12457,0.9364299,-1.3,7.296144
2026-08-17 15:25:54.345,17.01149,True,18.86017,1.027528,-8.590866,0.005901408,0.01998133,0.04081925,0.9989493,0.04040246,-0.01015917,0.9991319,True,0.5449438,0.2316417,19.15499,0.9533944,-1.3,7.297201
2026-08-17 15:25:54.379,17.04527,True,18.86024,1.027573,-8.590959,0.005672902,0.02108284,0.04151298,0.9988994,0.04259027,-0.009582895,0.9990467,True,0.5475696,0.2328706,19.17106,0.9576377,-1.3,7.297916
2026-08-17 15:25:54.425,17.09043,True,18.86047,1.027724,-8.591082,0.0056191,0.02298874,0.04265573,0.9988095,0.04640212,-0.009263619,0.9988799,True,0.5521643,0.2335856,19.19917,0.9601063,-1.3,7.299257
2026-08-17 15:25:54.468,17.13429,True,18.86068,1.027679,-8.59144,0.005627994,0.024213,0.0426431,0.9987811,0.04884697,-0.009177234,0.9987641,True,0.555124,0.233752,19.21728,0.9606811,-1.3,7.300463
2026-08-17 15:25:54.513,17.17862,True,18.86076,1.027658,-8.591625,0.005465351,0.02506494,0.04238999,0.9987718,0.05053166,-0.008792272,0.9986838,True,0.5571539,0.234558,19.2297,0.9634641,-1.3,7.301235
2026-08-17 15:25:54.546,17.21231,True,18.86089,1.027564,-8.591849,0.005178951,0.02555726,0.04270083,0.9987476,0.05149279,-0.008162296,0.99864,True,0.5583268,0.2358616,19.23688,0.9679653,-1.3,7.30178
2026-08-17 15:25:54.582,17.24651,True,18.86115,1.02764,-8.591859,0.004152257,0.02690447,0.04341466,0.9986862,0.05409879,-0.005957508,0.9985178,True,0.5614862,0.2405444,19.25621,0.9841343,-1.3,7.302683
2026-08-17 15:25:54.623,17.28943,True,18.86148,1.028038,-8.59168,0.001177218,0.0290301,0.04550843,0.9985414,0.05808266,0.0002912271,0.9983118,True,0.5663083,0.2538756,19.28572,1.030165,-1.3,7.304011
2026-08-17 15:25:54.668,17.33414,True,18.86154,1.028008,-8.591793,0.001455566,0.03081129,0.04476065,0.9985214,0.06166176,-0.0001485602,0.9980971,True,0.570607,0.2529367,19.31202,1.026923,-1.3,7.305696
2026-08-17 15:25:54.713,17.37872,True,18.86129,1.027802,-8.592092,0.003495686,0.03129889,0.04455453,0.9985104,0.06281602,-0.004191943,0.9980163,True,0.5719539,0.2443205,19.32026,0.9971728,-1.3,7.306585
2026-08-17 15:25:54.747,17.41229,True,18.8612,1.027707,-8.592308,0.00336762,0.03262185,0.04475895,0.9984594,0.06544466,-0.003804624,0.9978489,True,0.5750937,0.2451113,19.33947,0.9999032,-1.3,7.308029
2026-08-17 15:25:54.791,17.45742,True,18.86115,1.027665,-8.592979,0.003250039,0.03497729,0.04619751,0.9983145,0.07013697,-0.003257395,0.9975321,True,0.5807246,0.2462543,19.37392,1.00385,-1.3,7.311023
2026-08-17 15:25:54.835,17.50068,True,18.86109,1.02743,-8.594294,0.004243515,0.03704602,0.04780746,0.9981604,0.07436148,-0.004929265,0.9972191,True,0.5858067,0.2426413,19.40502,0.9913748,-1.3,7.314634
2026-08-17 15:25:54.879,17.54502,True,18.86124,1.027734,-8.59566,0.003214458,0.04071472,0.05168418,0.997828,0.08158486,-0.002206339,0.9966639,True,0.5945383,0.2484942,19.45844,1.011584,-1.3,7.32008
2026-08-17 15:25:54.913,17.57837,True,18.86115,1.027817,-8.59653,0.0023573,0.04280466,0.05330883,0.9976575,0.08566011,-0.0001398232,0.9963244,True,0.5994464,0.2528991,19.48848,1.026793,-1.3,7.323448
2026-08-17 15:25:54.945,17.61187,True,18.86085,1.027845,-8.597323,0.00147338,0.04407944,0.05490629,0.997517,0.08810179,0.001901034,0.9961097,True,0.6023539,0.257237,19.50627,1.041772,-1.3,7.325824
2026-08-17 15:25:54.989,17.65566,True,18.86033,1.027936,-8.598265,0.0003173696,0.045596,0.05661051,0.9973546,0.09098669,0.004529365,0.9958418,True,0.605767,0.2628437,19.52715,1.061131,-1.3,7.328739
2026-08-17 15:25:55.034,17.7004,True,18.85977,1.027839,-8.599066,-0.0001008462,0.04730846,0.05737728,0.9972311,0.09434337,0.005629995,0.9955238,True,0.6097447,0.2651567,19.55149,1.069118,-1.3,7.331885
2026-08-17 15:25:55.069,17.73436,True,18.85926,1.027559,-8.599676,0.0001776937,0.04827742,0.05656745,0.9972308,0.09630757,0.005107458,0.9953385,True,0.6120458,0.2639691,19.56557,1.065017,-1.3,7.333863
2026-08-17 15:25:55.103,17.7678,True,18.85894,1.0275,-8.600069,0.0002203608,0.05036881,0.05603503,0.9971575,0.100476,0.005205367,0.9949259,True,0.6170465,0.264165,19.59616,1.065693,-1.3,7.337299
2026-08-17 15:25:55.136,17.80215,True,18.85868,1.027829,-8.600468,-0.0001454924,0.05179364,0.05791862,0.9969769,0.1032573,0.006289738,0.9946348,True,0.6203812,0.2665692,19.61657,1.073995,-1.3,7.339847
2026-08-17 15:25:55.180,17.84503,True,18.85838,1.027922,-8.601107,-0.0006270372,0.05110733,0.06097866,0.9968296,0.1018141,0.007483011,0.9947753,True,0.6185951,0.2691319,19.60564,1.082843,-1.3,7.339453
2026-08-17 15:25:55.223,17.88893,True,18.8582,1.028023,-8.601521,-0.001633271,0.05130148,0.06107669,0.9968125,0.1020764,0.009522779,0.994731,True,0.6188923,0.273499,19.60746,1.097922,-1.3,7.340196
2026-08-17 15:25:55.267,17.93342,True,18.8581,1.028119,-8.601716,-0.001357608,0.0510591,0.06229478,0.99675,0.1016172,0.009067824,0.9947823,True,0.6183221,0.2725591,19.60397,1.094677,-1.3,7.340014
2026-08-17 15:25:55.312,17.97779,True,18.85812,1.028244,-8.601815,-0.001257002,0.05099867,0.06344103,0.9966809,0.1014993,0.008976476,0.9947951,True,0.6181848,0.2724012,19.60313,1.094132,-1.3,7.340019
2026-08-17 15:25:55.357,18.02284,True,18.85813,1.028277,-8.601918,-0.001652812,0.05110476,0.06375244,0.996655,0.1016569,0.009810672,0.9947711,True,0.618379,0.2741848,19.60432,1.10029,-1.3,7.340299
2026-08-17 15:25:55.391,18.05657,True,18.85802,1.028234,-8.602009,-0.00142554,0.05084536,0.06404558,0.9966499,0.1011674,0.00935437,0.9948254,True,0.6177693,0.2732015,19.60059,1.096895,-1.3,7.33999
2026-08-17 15:25:55.436,18.10071,True,18.85775,1.028442,-8.601961,-0.001591515,0.05015003,0.0650472,0.9966199,0.09975399,0.009696508,0.9949649,True,0.6160131,0.2739862,19.58984,1.099604,-1.3,7.338914
2026-08-17 15:25:55.468,18.13457,True,18.85768,1.02867,-8.601889,-0.002682205,0.04995503,0.06619098,0.9965521,0.09921051,0.01195906,0.9949946,True,0.6153435,0.27886,19.58574,1.116433,-1.3,7.338622
2026-08-17 15:25:55.502,18.16796,True,18.85782,1.028697,-8.601991,-0.003055508,0.05031826,0.06621588,0.9965311,0.09988276,0.01275355,0.9949175,True,0.6161839,0.2805588,19.59089,1.122299,-1.3,7.339293
2026-08-17 15:25:55.548,18.21355,True,18.8579,1.028509,-8.60202,-0.002765813,0.05034659,0.06607456,0.9965399,0.09997927,0.01216574,0.9949151,True,0.6163141,0.2792553,19.59168,1.117798,-1.3,7.339339
2026-08-17 15:25:55.590,18.25583,True,18.85828,1.028538,-8.602172,-0.004592794,0.05190027,0.06521906,0.9965098,0.1028392,0.0159233,0.9945706,True,0.6198516,0.287263,19.61333,1.145448,-1.3,7.342034
2026-08-17 15:25:55.624,18.28934,True,18.85832,1.028563,-8.602209,-0.005683751,0.05129543,0.06536777,0.9965257,0.1014914,0.01803415,0.994673,True,0.6182293,0.2917548,19.6034,1.160957,-1.3,7.341316
2026-08-17 15:25:55.667,18.33391,True,18.85852,1.028807,-8.601902,-0.008311793,0.05201311,0.0651865,0.996482,0.1025766,0.02334621,0.9944511,True,0.6195866,0.3031287,19.61171,1.20023,-1.3,7.342646
2026-08-17 15:25:55.713,18.37829,True,18.85884,1.031166,-8.599927,-0.0150663,0.05719972,0.06701244,0.9959973,0.1119223,0.03767817,0.9930024,True,0.631014,0.3343847,19.68163,1.308152,-1.3,7.351368
2026-08-17 15:25:55.747,18.4127,True,18.85905,1.033574,-8.597399,-0.01901208,0.05833001,0.07165729,0.9955407,0.1134151,0.04621415,0.9924723,True,0.6328664,0.3532743,19.69296,1.373375,-1.3,7.352748
2026-08-17 15:25:55.789,18.45605,True,18.85933,1.039481,-8.591632,-0.02281389,0.05409885,0.08471932,0.9946736,0.1037558,0.05455118,0.9931057,True,0.6211269,0.3725725,19.62113,1.44001,-1.3,7.342252
2026-08-17 15:25:55.825,18.49042,True,18.85811,1.046715,-8.583335,-0.02811009,0.04143954,0.101895,0.9935341,0.07661463,0.06430163,0.9949852,True,0.5880808,0.3949875,19.41893,1.517406,-1.3,7.320045
2026-08-17 15:25:55.868,18.53421,True,18.85493,1.055474,-8.5727,-0.03392392,0.02270233,0.1249754,0.9913198,0.03653122,0.07293336,0.9966676,True,0.5394703,0.4153371,19.1215,1.58767,-1.3,7.297016
2026-08-17 15:25:55.913,18.57843,True,18.85141,1.063927,-8.561378,-0.04147302,0.00212073,0.1465373,0.9883331,-0.007962716,0.08259986,0.996551,True,0.4858442,0.4379621,18.79338,1.665792,-1.3,7.286509
2026-08-17 15:25:55.946,18.61179,True,18.84807,1.070221,-8.551785,-0.04863403,-0.01263105,0.1622036,0.9854771,-0.04067244,0.09175786,0.9949504,True,0.4463325,0.4591664,18.55163,1.739007,-1.3,7.288589
2026-08-17 15:25:55.979,18.64512,True,18.84568,1.075504,-8.543736,-0.05190358,-0.02526384,0.1730084,0.9832273,-0.06763971,0.09332432,0.9933355,True,0.413776,0.4641042,18.35243,1.756057,-1.3,7.292336
2026-08-17 15:25:56.013,18.67861,True,18.84387,1.079871,-8.535563,-0.05687921,-0.03601768,0.1785823,0.9816191,-0.09102651,0.09880319,0.990935,True,0.3854674,0.4772095,18.17922,1.801307,-1.3,7.301753
2026-08-17 15:25:56.057,18.72289,True,18.84253,1.083605,-8.526507,-0.0589513,-0.04367004,0.1799365,0.9809386,-0.1068902,0.09993955,0.9892353,True,0.3662583,0.4807923,18.06168,1.813678,-1.3,7.305145
2026-08-17 15:25:56.093,18.75848,True,18.84216,1.085187,-8.520748,-0.05895602,-0.05025527,0.1774247,0.9810806,-0.1195295,0.09784817,0.9879972,True,0.3510423,0.4769199,17.96858,1.800307,-1.3,7.30847
2026-08-17 15:25:56.128,18.79305,True,18.8426,1.08656,-8.515904,-0.06041174,-0.05510716,0.1750932,0.9811503,-0.1292922,0.09924822,0.9866272,True,0.3393425,0.4804314,17.897,1.812432,-1.3,7.313709
2026-08-17 15:25:56.170,18.83548,True,18.84317,1.087665,-8.51151,-0.0633164,-0.05286416,0.1687994,0.9821931,-0.1252212,0.106531,0.9863929,True,0.3443579,0.4960937,17.92768,1.866512,-1.3,7.310991
2026-08-17 15:25:56.213,18.87853,True,18.84378,1.088616,-8.508748,-0.06887161,-0.04780181,0.1619033,0.9832391,-0.1163023,0.119956,0.9859434,True,0.3551046,0.5248133,17.99344,1.965677,-1.3,7.311523
2026-08-17 15:25:56.247,18.91227,True,18.84391,1.089471,-8.50705,-0.07486506,-0.04425177,0.1610178,0.9831126,-0.1111182,0.1329509,0.984874,True,0.3612072,0.552817,18.03078,2.06237,-1.3,7.317738
2026-08-17 15:25:56.280,18.9462,True,18.84412,1.090531,-8.506606,-0.07940028,-0.04070203,0.1630645,0.9825726,-0.1058801,0.142759,0.9840779,True,0.3674117,0.5741367,18.06874,2.135984,-1.3,7.323207
2026-08-17 15:25:56.325,18.99016,True,18.84399,1.091382,-8.506335,-0.08298258,-0.03837124,0.1651132,0.9820281,-0.1027663,0.1503112,0.9832831,True,0.3710226,0.5906466,18.09083,2.192991,-1.3,7.328851
2026-08-17 15:25:56.358,19.02361,True,18.84405,1.0918,-8.506363,-0.08437894,-0.03770086,0.1665471,0.9816929,-0.1021275,0.1531105,0.9829177,True,0.3717513,0.5968311,18.09529,2.214345,-1.3,7.331604
2026-08-17 15:25:56.391,19.0571,True,18.84413,1.091983,-8.506532,-0.08513699,-0.03692488,0.1662726,0.9817035,-0.1008105,0.1548794,0.9827765,True,0.3733217,0.6006952,18.1049,2.227687,-1.3,7.332829
2026-08-17 15:25:56.426,19.09104,True,18.84415,1.092452,-8.506832,-0.0866183,-0.03695808,0.167277,0.981402,-0.10152,0.1576503,0.9822627,True,0.3724057,0.6069045,18.0993,2.249127,-1.3,7.33697
2026-08-17 15:25:56.469,19.13464,True,18.84376,1.09377,-8.507132,-0.08945177,-0.03807409,0.1714073,0.9803919,-0.1053205,0.1623432,0.9810975,True,0.3676294,0.6176825,18.07007,2.286342,-1.3,7.345989
2026-08-17 15:25:56.513,19.17907,True,18.84325,1.095884,-8.506593,-0.09431592,-0.04253569,0.1815614,0.9779216,-0.1174414,0.1690215,0.9785904,True,0.3526434,0.6333969,17.97838,2.340602,-1.3,7.364258
2026-08-17 15:25:56.547,19.21291,True,18.84255,1.098034,-8.505837,-0.09725098,-0.04880016,0.1917931,0.9753852,-0.132502,0.1709953,0.9763216,True,0.3340489,0.6390383,17.86461,2.360081,-1.3,7.380599
2026-08-17 15:25:56.590,19.25657,True,18.84131,1.101126,-8.504118,-0.1036676,-0.06081708,0.205999,0.971143,-0.160835,0.1762956,0.9711086,True,0.2986748,0.6531961,17.64816,2.408966,-1.3,7.418447
2026-08-17 15:25:56.624,19.29045,True,18.83974,1.103207,-8.503478,-0.106818,-0.07196636,0.2199495,0.966971,-0.1861679,0.1749219,0.9668215,True,0.2667224,0.6524802,17.45266,2.406494,-1.3,7.45068
2026-08-17 15:25:56.660,19.32574,True,18.83803,1.10497,-8.503043,-0.1080927,-0.08177123,0.2304699,0.9635938,-0.2074127,0.1706233,0.9632589,True,0.2396547,0.6450547,17.28704,2.380855,-1.3,7.477786
2026-08-17 15:25:56.701,19.36748,True,18.83449,1.107665,-8.502475,-0.1138629,-0.09529966,0.2458435,0.9578696,-0.2385542,0.1712741,0.9559064,True,0.1987972,0.6500679,17.03705,2.398165,-1.3,7.534708
2026-08-17 15:25:56.736,19.40134,True,18.83134,1.109039,-8.502195,-0.1151515,-0.1019386,0.2528761,0.9551976,-0.2529811,0.1684291,0.9526973,True,0.17948,0.6454815,16.91886,2.382329,-1.3,7.559793
2026-08-17 15:25:56.772,19.43657,True,18.82902,1.109382,-8.501461,-0.1194927,-0.1019918,0.2519411,0.9549057,-0.2549954,0.1768167,0.9506383,True,0.1759615,0.6647438,16.89733,2.448839,-1.3,7.575396
2026-08-17 15:25:56.813,19.47891,True,18.8277,1.106152,-8.501945,-0.1167822,-0.09166652,0.2309825,0.9615645,-0.2302358,0.1822404,0.9559184,True,0.2079564,0.673526,17.09309,2.479162,-1.3,7.534059
2026-08-17 15:25:56.847,19.51241,True,18.82949,1.102634,-8.503386,-0.1139076,-0.0735596,0.2052766,0.9692655,-0.1893627,0.1906133,0.9632281,True,0.2602996,0.687703,17.41336,2.528113,-1.3,7.478381
2026-08-17 15:25:56.891,19.55761,True,18.83297,1.096403,-8.506465,-0.102685,-0.03941469,0.1706285,0.9791774,-0.1122299,0.1876431,0.9758046,True,0.3568535,0.6743988,18.00414,2.482176,-1.3,7.385152
2026-08-17 15:25:56.933,19.59977,True,18.83933,1.090183,-8.509846,-0.08493461,-0.01358027,0.1417784,0.9861544,-0.05086827,0.1636665,0.9852034,True,0.4325122,0.6181384,18.46707,2.287916,-1.3,7.318129
2026-08-17 15:25:56.969,19.63431,True,18.84384,1.085651,-8.512449,-0.07317446,0.002864319,0.11998,0.9900718,-0.01188719,0.1455833,0.9892746,True,0.4799259,0.5773407,18.75717,2.147047,-1.3,7.290644
2026-08-17 15:25:57.012,19.67846,True,18.84973,1.082012,-8.515182,-0.06483941,0.02018934,0.1047951,0.9921725,0.0264729,0.1328952,0.9907765,True,0.5265604,0.5491771,19.04251,2.049802,-1.3,7.28235
2026-08-17 15:25:57.056,19.72277,True,18.85248,1.080468,-8.516702,-0.06285695,0.03080176,0.09765878,0.9927553,0.04888014,0.1308193,0.9902005,True,0.5537251,0.54457,19.20872,2.033895,-1.3,7.288122
2026-08-17 15:25:57.091,19.75638,True,18.85376,1.080389,-8.51739,-0.06389002,0.03523039,0.09697915,0.9926087,0.05754799,0.1336688,0.9893538,True,0.5643246,0.5508305,19.27358,2.055511,-1.3,7.295055
2026-08-17 15:25:57.125,19.79056,True,18.85425,1.080874,-8.517628,-0.06632421,0.0364631,0.09848694,0.992256,0.05929733,0.1388035,0.9885431,True,0.5665506,0.5620692,19.2872,2.094317,-1.3,7.301278
2026-08-17 15:25:57.160,19.82607,True,18.8537,1.082012,-8.517572,-0.06796761,0.0366378,0.1029647,0.9916836,0.05866968,0.1423495,0.9880762,True,0.5657441,0.5700369,19.28226,2.121829,-1.3,7.304672
2026-08-17 15:25:57.204,19.86935,True,18.85212,1.083792,-8.517006,-0.07226674,0.03136476,0.1121952,0.9905584,0.04592129,0.1502068,0.9875875,True,0.5502887,0.5873072,19.1877,2.18146,-1.3,7.307712
2026-08-17 15:25:57.247,19.91266,True,18.84964,1.086071,-8.516075,-0.07947602,0.0215171,0.1234912,0.988924,0.02292839,0.1625058,0.9864411,True,0.5224501,0.6143525,19.01736,2.274844,-1.3,7.315261
2026-08-17 15:25:57.281,19.94604,True,18.84716,1.088908,-8.515025,-0.08701433,0.0104062,0.137817,0.9865732,-0.003451144,0.1745603,0.9846404,True,0.4904994,0.6413351,18.82187,2.368011,-1.3,7.327573
2026-08-17 15:25:57.324,19.99053,True,18.84288,1.093246,-8.513781,-0.09913097,-0.00809235,0.1594226,0.9821874,-0.04750385,0.1921502,0.9802151,True,0.4367958,0.6816904,18.49328,2.507353,-1.3,7.359385
2026-08-17 15:25:57.359,20.02557,True,18.83918,1.096424,-8.512855,-0.1067045,-0.02133817,0.1753521,0.9784735,-0.07917939,0.2013317,0.9763176,True,0.3977257,0.7038381,18.25422,2.583826,-1.3,7.387815
2026-08-17 15:25:57.403,20.06845,True,18.83483,1.099198,-8.511519,-0.1148369,-0.03649934,0.1872922,0.9748856,-0.1141815,0.2102336,0.9709606,True,0.3540171,0.7260861,17.98678,2.660645,-1.3,7.427201
2026-08-17 15:25:57.447,20.1128,True,18.83119,1.100192,-8.510484,-0.1195719,-0.04655807,0.1908576,0.9731949,-0.1362626,0.2149617,0.9670698,True,0.3259763,0.7383378,17.81521,2.702949,-1.3,7.456011
2026-08-17 15:25:57.481,20.14636,True,18.82937,1.100109,-8.510116,-0.1223591,-0.04952333,0.1900919,0.9728519,-0.1428767,0.2192465,0.9651514,True,0.3172823,0.7484832,17.76202,2.737979,-1.3,7.470451
2026-08-17 15:25:57.525,20.19055,True,18.828,1.098967,-8.509717,-0.122884,-0.05101483,0.1845482,0.9737756,-0.14471,0.2204936,0.964594,True,0.3147283,0.7510996,17.74639,2.747014,-1.3,7.474353
2026-08-17 15:25:57.569,20.23463,True,18.82751,1.097575,-8.509514,-0.1232216,-0.04808444,0.1764531,0.9753813,-0.137287,0.2234068,0.9650086,True,0.3237911,0.7567813,17.80184,2.766632,-1.3,7.470932
2026-08-17 15:25:57.615,20.28024,True,18.8273,1.096431,-8.509312,-0.1239429,-0.04640177,0.1714053,0.9762711,-0.1330904,0.2260967,0.9649701,True,0.32888,0.7622761,17.83298,2.785604,-1.3,7.471021
2026-08-17 15:25:57.658,20.32374,True,18.82736,1.095937,-8.509151,-0.1264584,-0.04666159,0.1695907,0.976253,-0.1339994,0.231084,0.963662,True,0.3275614,0.7735916,17.82491,2.824675,-1.3,7.480996
2026-08-17 15:25:57.702,20.36742,True,18.82697,1.095207,-8.509161,-0.1285097,-0.04819797,0.1666707,0.9764134,-0.1369599,0.2348908,0.9623244,True,0.3236454,0.7823361,17.80095,2.854869,-1.3,7.491404
2026-08-17 15:25:57.747,20.41254,True,18.82617,1.094262,-8.509139,-0.130446,-0.04698956,0.1621807,0.9769715,-0.1341266,0.2396425,0.9615516,True,0.3268514,0.7927881,17.82057,2.890958,-1.3,7.497402
2026-08-17 15:25:57.792,20.45693,True,18.82591,1.093384,-8.509077,-0.1324106,-0.04687051,0.1581232,0.977378,-0.1334948,0.2440079,0.9605411,True,0.3274127,0.8025652,17.824,2.924717,-1.3,7.505225
2026-08-17 15:25:57.836,20.50145,True,18.82568,1.092537,-8.508815,-0.1344087,-0.04783916,0.1541573,0.9776918,-0.1349841,0.2480711,0.9592914,True,0.3253393,0.8118351,17.81132,2.956725,-1.3,7.514729
2026-08-17 15:25:57.880,20.54543,True,18.82495,1.091714,-8.508515,-0.1356931,-0.04779476,0.1491794,0.9782886,-0.1339994,0.2512341,0.9586061,True,0.3263178,0.8188487,17.8173,2.980942,-1.3,7.519789
2026-08-17 15:25:57.924,20.58957,True,18.8241,1.091746,-8.50841,-0.1383052,-0.04916215,0.1482608,0.9779946,-0.1371711,0.2559458,0.9569095,True,0.321984,0.8300993,17.79078,3.019789,-1.3,7.533011
2026-08-17 15:25:57.968,20.63353,True,18.82289,1.092006,-8.508435,-0.140519,-0.05130553,0.1496911,0.9773509,-0.1423559,0.2593127,0.9552443,True,0.3150972,0.8385082,17.74865,3.048824,-1.3,7.546169
2026-08-17 15:25:58.002,20.66717,True,18.82221,1.09288,-8.508697,-0.143997,-0.05349979,0.1551722,0.975871,-0.1491065,0.2644417,0.9528053,True,0.3061836,0.8514711,17.69411,3.093583,-1.3,7.565761
2026-08-17 15:25:58.035,20.70082,True,18.8211,1.093616,-8.509158,-0.147234,-0.0546958,0.1602262,0.9745041,-0.153784,0.2694328,0.9506611,True,0.2997764,0.8639897,17.65491,3.136808,-1.3,7.583311
2026-08-17 15:25:58.079,20.74499,True,18.81946,1.094211,-8.50994,-0.1504802,-0.05540008,0.1635724,0.9734119,-0.157083,0.2748345,0.9485731,True,0.2949703,0.8774201,17.6255,3.183181,-1.3,7.600827
2026-08-17 15:25:58.113,20.77954,True,18.81821,1.094043,-8.510869,-0.1523214,-0.05660428,0.1653175,0.9727612,-0.1604877,0.2776293,0.9471883,True,0.2902189,0.8844957,17.59643,3.207613,-1.3,7.61292
2026-08-17 15:25:58.158,20.82323,True,18.81625,1.093419,-8.512712,-0.1535256,-0.0553261,0.1640129,0.9728662,-0.1580102,0.2805714,0.9467378,True,0.2928384,0.8912543,17.61245,3.230949,-1.3,7.61849
2026-08-17 15:25:58.191,20.85751,True,18.8147,1.092376,-8.514158,-0.15421,-0.05059079,0.1587998,0.9738801,-0.1475158,0.2842965,0.9473197,True,0.3057274,0.8989119,17.69132,3.25739,-1.3,7.615336
2026-08-17 15:25:58.235,20.90142,True,18.81336,1.090996,-8.515983,-0.1533804,-0.04374574,0.1537074,0.9751589,-0.1324695,0.2856924,0.9491215,True,0.3245065,0.9005537,17.80622,3.263059,-1.3,7.602801
2026-08-17 15:25:58.280,20.94559,True,18.81178,1.089386,-8.517899,-0.1518481,-0.03984428,0.1472956,0.9765545,-0.1225533,0.2848382,0.9507092,True,0.3367839,0.8973254,17.88134,3.251912,-1.3,7.59212
2026-08-17 15:25:58.324,20.9897,True,18.8096,1.086738,-8.520161,-0.1489352,-0.03245435,0.1355752,0.9789711,-0.1039276,0.2828066,0.95353,True,0.3598802,0.8904463,18.02266,3.228159,-1.3,7.572032
2026-08-17 15:25:58.368,21.03397,True,18.80751,1.085888,-8.521976,-0.1467149,-0.02504568,0.1299672,0.9802836,-0.08724001,0.2811342,0.9556949,True,0.3804068,0.8852909,18.14825,3.210358,-1.3,7.556779
2026-08-17 15:25:58.402,21.06755,True,18.80576,1.085648,-8.523049,-0.1467399,-0.02636602,0.1302026,0.9802141,-0.08990051,0.2808072,0.9555445,True,0.3768016,0.8846934,18.12619,3.208295,-1.3,7.559092
2026-08-17 15:25:58.447,21.11199,True,18.80332,1.086617,-8.524208,-0.1514011,-0.02727306,0.1329118,0.9791161,-0.09365299,0.2892287,0.9526678,True,0.3713995,0.9054245,18.09314,3.279877,-1.3,7.583134
2026-08-17 15:25:58.490,21.1562,True,18.80112,1.088341,-8.524717,-0.1585194,-0.03262319,0.1417128,0.9765884,-0.1086473,0.3003703,0.9476146,True,0.3517276,0.9339573,17.97278,3.378397,-1.3,7.624109
2026-08-17 15:25:58.524,21.19017,True,18.79894,1.090042,-8.525243,-0.1659666,-0.03625628,0.1471779,0.9744123,-0.1195104,0.3127676,0.9422811,True,0.3369832,0.9657835,17.88256,3.488288,-1.3,7.66782
2026-08-17 15:25:58.568,21.23421,True,18.79578,1.091448,-8.525579,-0.1732572,-0.03482163,0.1555013,0.9718996,-0.1215697,0.3259476,0.9375388,True,0.3331077,0.9991546,17.85885,3.603514,-1.3,7.706966
2026-08-17 15:25:58.602,21.26793,True,18.79367,1.091835,-8.525601,-0.1744657,-0.03554887,0.159336,0.9710355,-0.1246358,0.3274964,0.936596,False,-1,-1,0,0,0,-1
2026-08-17 15:25:58.646,21.31214,True,18.79113,1.091919,-8.526123,-0.1740642,-0.0356866,0.1619349,0.9706725,-0.1256542,0.3263609,0.9368562,False,-1,-1,0,0,0,-1
2026-08-17 15:25:58.692,21.35771,True,18.78954,1.09213,-8.526352,-0.1743325,-0.03407307,0.1625002,0.9705879,-0.1228,0.3273362,0.9368944,False,-1,-1,0,0,0,-1
2026-08-17 15:25:58.735,21.40061,True,18.78826,1.092141,-8.526478,-0.1742697,-0.03298817,0.1626385,0.9706135,-0.1207235,0.3275668,0.9370837,False,-1,-1,0,0,0,-1
2026-08-17 15:25:58.779,21.44519,True,18.78722,1.092159,-8.526259,-0.1737783,-0.03127544,0.1624765,0.9707854,-0.1171933,0.3272399,0.9376459,False,-1,-1,0,0,0,-1
2026-08-17 15:25:58.813,21.47859,True,18.78671,1.091893,-8.52625,-0.1728266,-0.03007591,0.1609711,0.9712439,-0.1140623,0.3260309,0.9384528,True,0.3412075,0.9988285,17.90841,3.602388,-1.3,7.700174
2026-08-17 15:25:58.857,21.52286,True,18.78646,1.091743,-8.526237,-0.1714174,-0.02889334,0.1597926,0.971724,-0.1109352,0.3239068,0.9395626,True,0.3452678,0.9931937,17.93325,3.582932,-1.3,7.691065
2026-08-17 15:25:58.900,21.56695,True,18.78649,1.091599,-8.526409,-0.1706011,-0.02850363,0.1589614,0.9720155,-0.1096499,0.3225918,0.9401656,True,0.3469735,0.9897786,17.94369,3.57114,-1.3,7.686315
2026-08-17 15:25:58.937,21.60249,True,18.78662,1.091738,-8.526524,-0.1710442,-0.02821806,0.1596554,0.9718322,-0.1094627,0.3234422,0.9398953,True,0.3471889,0.9919306,17.94501,3.578571,-1.3,7.688647
2026-08-17 15:25:58.978,21.64434,True,18.78678,1.091645,-8.526776,-0.1707249,-0.02859134,0.1603661,0.9717605,-0.1103248,0.3226372,0.9400711,True,0.3461511,0.9900017,17.93865,3.571911,-1.3,7.687479
2026-08-17 15:25:59.012,21.67785,True,18.78685,1.091589,-8.527096,-0.1706915,-0.03004452,0.1613023,0.9715675,-0.1134464,0.3219841,0.9399235,True,0.3422129,0.9886759,17.91456,3.567333,-1.3,7.689026
2026-08-17 15:25:59.063,21.72899,True,18.78746,1.091707,-8.527528,-0.1712608,-0.03063597,0.1620156,0.9713301,-0.1150091,0.3227745,0.9394624,True,0.3402685,0.990866,17.90266,3.574895,-1.3,7.69326
2026-08-17 15:25:59.101,21.76695,True,18.78798,1.091564,-8.527553,-0.1708861,-0.03028562,0.1615445,0.9714856,-0.1140555,0.3222418,0.9397615,True,0.3415976,0.9894117,17.91079,3.569873,-1.3,7.690837
2026-08-17 15:25:59.136,21.80147,True,18.7888,1.091592,-8.527393,-0.170448,-0.02869616,0.1609891,0.9717029,-0.1106488,0.3220102,0.940248,True,0.3460885,0.9885167,17.93827,3.566783,-1.3,7.686687
2026-08-17 15:25:59.180,21.84596,True,18.79053,1.091406,-8.527158,-0.1685409,-0.02475052,0.1585734,0.9725409,-0.101594,0.3199762,0.9419628,True,0.3579845,0.9826151,18.01106,3.546405,-1.3,7.672445
2026-08-17 15:25:59.215,21.88023,True,18.79221,1.091225,-8.52695,-0.1662928,-0.02209051,0.1567426,0.9732885,-0.0951312,0.3167766,0.9437174,True,0.3665881,0.9741241,18.0637,3.517087,-1.3,7.657959
2026-08-17 15:25:59.258,21.92384,True,18.79527,1.090983,-8.526748,-0.1637031,-0.01733095,0.1539537,0.9742686,-0.0841754,0.3136453,0.9458019,True,0.3810357,0.9655567,18.1521,3.487505,-1.3,7.640868
2026-08-17 15:25:59.302,21.96749,True,18.79801,1.090664,-8.526567,-0.1592139,-0.01067003,0.1506059,0.9756306,-0.0687771,0.3074539,0.9490742,True,0.4010106,0.9494004,18.27432,3.43172,-1.3,7.614332
2026-08-17 15:25:59.336,22.00093,True,18.80092,1.090779,-8.526174,-0.1567762,-0.004798248,0.1497138,0.976209,-0.05631128,0.3046559,0.9507964,True,0.4171304,0.9420102,18.37295,3.406202,-1.3,7.600127
2026-08-17 15:25:59.379,22.0454,True,18.80508,1.090732,-8.525364,-0.1545421,0.006450127,0.1470228,0.9769644,-0.03283936,0.303861,0.9521502,True,0.4470281,0.9392212,18.55588,3.396572,-1.3,7.58847
2026-08-17 15:25:59.424,22.08921,True,18.81006,1.090766,-8.524688,-0.1525568,0.01467871,0.1490645,0.976878,-0.01680296,0.3024349,0.9530219,True,0.4677504,0.9354267,18.68268,3.383471,-1.3,7.58082
2026-08-17 15:25:59.456,22.12311,True,18.81392,1.090419,-8.524565,-0.1511514,0.02077346,0.1480496,0.9771402,-0.00415865,0.3015433,0.9534434,True,0.48405,0.9330648,18.78241,3.375315,-1.3,7.57734
2026-08-17 15:25:59.501,22.1669,True,18.81728,1.089942,-8.524319,-0.1481805,0.02383156,0.1476234,0.9775898,0.002845164,0.2967556,0.9549492,True,0.4932677,0.9213712,18.83881,3.334939,-1.3,7.565134
2026-08-17 15:25:59.535,22.2004,True,18.81912,1.089736,-8.524193,-0.1472114,0.02356255,0.1469766,0.9778402,0.002807576,0.2948247,0.9555472,True,0.4935192,0.9166653,18.84035,3.31869,-1.3,7.560267
2026-08-17 15:25:59.579,22.24503,True,18.82151,1.089203,-8.524241,-0.1462605,0.02231652,0.1456589,0.9782093,0.001052175,0.2926479,0.9562197,True,0.4917405,0.9112982,18.82946,3.300158,-1.3,7.555002
2026-08-17 15:25:59.624,22.29017,True,18.8235,1.088759,-8.524532,-0.1451212,0.02038902,0.145268,0.9784791,-0.002262477,0.2899199,0.9570482,True,0.4879752,0.9046771,18.80642,3.277296,-1.3,7.548764
2026-08-17 15:25:59.667,22.33322,True,18.82556,1.088179,-8.52482,-0.1452138,0.01975447,0.1444954,0.9785928,-0.003302291,0.2899192,0.9570454,True,0.4870288,0.9045346,18.80063,3.276804,-1.3,7.549088
2026-08-17 15:25:59.700,22.36684,True,18.82674,1.087986,-8.525049,-0.1447632,0.01912628,0.1439074,0.9787586,-0.004224978,0.2888812,0.9573556,True,0.4860849,0.9020249,18.79486,3.268138,-1.3,7.546881
2026-08-17 15:25:59.952,22.61673,True,18.83258,1.086464,-8.525443,-0.1422608,0.01987054,0.1405635,0.9795963,-0.001063131,0.2843025,0.958734,True,0.4909402,0.8907169,18.82457,3.229094,-1.3,7.536441
2026-08-17 15:25:59.987,22.65278,True,18.83842,1.084681,-8.524809,-0.1397464,0.01730802,0.1383657,0.9803195,-0.00473744,0.278782,0.9603428,True,0.4873801,0.8770783,18.80278,3.182001,-1.3,7.523157
2026-08-17 15:26:00.025,22.69043,True,18.83886,1.084712,-8.524462,-0.1407738,0.01502535,0.1373227,0.9803568,-0.009202491,0.2801438,0.9599139,True,0.4819574,0.8802979,18.7696,3.193118,-1.3,7.526155
2026-08-17 15:26:00.068,22.73381,True,18.83882,1.084542,-8.524376,-0.1428922,0.01043123,0.1381303,0.9799964,-0.01903034,0.2829494,0.958946,True,0.4698385,0.8869791,18.69545,3.216187,-1.3,7.533662
2026-08-17 15:26:00.101,22.76732,True,18.83862,1.084758,-8.524784,-0.1451016,0.006506422,0.1402697,0.9794016,-0.02796192,0.2860508,0.9578063,True,0.4587657,0.8945866,18.6277,3.242455,-1.3,7.543053
2026-08-17 15:26:00.141,22.80618,True,18.83825,1.084616,-8.525378,-0.1475292,0.001863835,0.1423524,0.9787582,-0.03835378,0.2893215,0.9564633,True,0.4458233,0.9026299,18.54851,3.270227,-1.3,7.554265
2026-08-17 15:26:00.178,22.84449,True,18.8378,1.084525,-8.526237,-0.1497965,-0.003144522,0.1437252,0.9782097,-0.04921107,0.2921609,0.9551023,True,0.4322525,0.9098025,18.46548,3.294994,-1.3,7.565929
2026-08-17 15:26:00.213,22.87791,True,18.83738,1.084342,-8.526762,-0.1509271,-0.006124656,0.1442682,0.9779418,-0.05552708,0.2934286,0.954367,True,0.424315,0.9130697,18.41691,3.306274,-1.3,7.572309
2026-08-17 15:26:00.247,22.91219,True,18.83702,1.084337,-8.527382,-0.1518928,-0.008590345,0.1447275,0.9777058,-0.06076381,0.2945265,0.9537095,True,0.4177175,0.9159766,18.37654,3.316312,-1.3,7.578179
2026-08-17 15:26:00.295,22.9611,True,18.83668,1.084565,-8.528107,-0.1539993,-0.01064244,0.1475957,0.976927,-0.06625305,0.2977506,0.9523419,True,0.4107369,0.9241227,18.33383,3.344439,-1.3,7.589823
2026-08-17 15:26:00.336,23.00066,True,18.83661,1.085236,-8.529022,-0.1578506,-0.01120255,0.1476721,0.9762943,-0.06849423,0.3049087,0.9499154,True,0.4077176,0.9418487,18.31536,3.405645,-1.3,7.610174
2026-08-17 15:26:00.379,23.04489,True,18.8362,1.085246,-8.529412,-0.1571391,-0.01081168,0.1508838,0.9759224,-0.0685222,0.3034485,0.9503809,True,0.4076532,0.9383418,18.31496,3.393536,-1.3,7.606857
2026-08-17 15:26:00.413,23.07832,True,18.83651,1.085509,-8.529766,-0.1573582,-0.008585344,0.1508747,0.9759106,-0.06423979,0.3045444,0.9503294,True,0.4130193,0.9409013,18.3478,3.402373,-1.3,7.607642
2026-08-17 15:26:00.446,23.11183,True,18.83714,1.085315,-8.529953,-0.1561615,-0.005624739,0.1507159,0.9761489,-0.05805321,0.3031782,0.9511639,True,0.420876,0.9372662,18.39587,3.389822,-1.3,7.601164
2026-08-17 15:26:00.480,23.14541,True,18.8375,1.085043,-8.529893,-0.1540648,-0.00245854,0.1488848,0.976776,-0.05067869,0.3002415,0.952516,True,0.4301853,0.9297788,18.45283,3.363969,-1.3,7.590311
2026-08-17 15:26:00.525,23.18947,True,18.83786,1.084995,-8.529447,-0.1518354,0.001396202,0.1457273,0.977603,-0.04152329,0.2972765,0.9538881,True,0.4416795,0.922267,18.52316,3.338032,-1.3,7.578925
2026-08-17 15:26:00.558,23.22471,True,18.83817,1.084883,-8.529259,-0.1509881,0.002944508,0.144938,0.9778481,-0.03800927,0.2961404,0.9543878,True,0.446108,0.9193834,18.55025,3.328075,-1.3,7.57476
2026-08-17 15:26:00.607,23.27423,True,18.83985,1.084607,-8.529152,-0.1492338,0.006523874,0.1437893,0.9782696,-0.03015223,0.2938579,0.9553734,True,0.4561498,0.9136215,18.6117,3.30818,-1.3,7.566834
2026-08-17 15:26:00.647,23.312,True,18.84045,1.084423,-8.529167,-0.1481755,0.006542609,0.1426046,0.9786037,-0.02945578,0.2918762,0.9560024,True,0.4571332,0.9088061,18.61771,3.291553,-1.3,7.561871
2026-08-17 15:26:00.692,23.35724,True,18.84123,1.084158,-8.529159,-0.1469378,0.005791669,0.1419318,0.9788928,-0.03037145,0.2893167,0.9567515,True,0.4561574,0.9026272,18.61174,3.270218,-1.3,7.555942
2026-08-17 15:26:00.734,23.4003,True,18.84162,1.083916,-8.528891,-0.1464273,0.004801626,0.1411219,0.9790918,-0.03192572,0.2880867,0.957072,True,0.4543164,0.899631,18.60048,3.259872,-1.3,7.553131
2026-08-17 15:26:00.772,23.43793,True,18.84199,1.083868,-8.528751,-0.1467909,0.004354258,0.1406653,0.9791051,-0.03277023,0.2886724,0.956867,True,0.4533265,0.9010214,18.59442,3.264674,-1.3,7.554604
2026-08-17 15:26:00.813,23.47877,True,18.84282,1.08361,-8.528604,-0.1462451,0.004658326,0.1397512,0.9793162,-0.03175192,0.2877424,0.9571813,True,0.4547334,0.8986924,18.60303,3.256631,-1.3,7.551969
2026-08-17 15:26:00.849,23.51586,True,18.84337,1.083306,-8.528499,-0.1452697,0.004665576,0.1386334,0.9796202,-0.03113748,0.2859119,0.9577499,True,0.4556047,0.8942204,18.60836,3.24119,-1.3,7.547376
2026-08-17 15:26:00.892,23.5573,True,18.84419,1.083007,-8.528377,-0.1442014,0.004767708,0.1370655,0.9799981,-0.03018541,0.2839412,0.9583665,True,0.4569379,0.8894165,18.61652,3.224603,-1.3,7.542392
2026-08-17 15:26:00.937,23.60165,True,18.84462,1.082755,-8.528174,-0.143929,0.004508659,0.136235,0.9801552,-0.03037797,0.2833739,0.9585283,True,0.4567778,0.8879827,18.61554,3.219652,-1.3,7.540909
2026-08-17 15:26:00.980,23.64502,True,18.84493,1.082753,-8.528082,-0.1442703,0.003712447,0.1356476,0.9801898,-0.03186202,0.2838317,0.9583446,True,0.4549928,0.8890926,18.60462,3.223485,-1.3,7.542258
2026-08-17 15:26:01.013,23.67878,True,18.84506,1.082629,-8.528028,-0.1441548,0.003251074,0.1353894,0.9802442,-0.03266038,0.2834941,0.9584177,True,0.4540342,0.8882674,18.59875,3.220636,-1.3,7.541625
2026-08-17 15:26:01.058,23.72362,True,18.84534,1.082464,-8.528073,-0.1435819,0.002305426,0.1348171,0.9804097,-0.03419407,0.2821598,0.9587578,True,0.4522029,0.8850907,18.58755,3.209667,-1.3,7.538998
2026-08-17 15:26:01.102,23.76749,True,18.84564,1.082182,-8.528098,-0.1432164,0.001629579,0.1344469,0.9805154,-0.03531435,0.28129,0.9589728,True,0.4508823,0.8829741,18.57947,3.202358,-1.3,7.537333
2026-08-17 15:26:01.137,23.80171,True,18.84581,1.082111,-8.528131,-0.1433292,0.001230425,0.1343519,0.9805125,-0.03610022,0.2814027,0.9589105,True,0.4499382,0.8832424,18.57369,3.203285,-1.3,7.537859
2026-08-17 15:26:01.170,23.83538,True,18.84593,1.082055,-8.528172,-0.1433655,0.0008951838,0.1343536,0.9805074,-0.03676787,0.2813824,0.958891,True,0.4491341,0.8831979,18.56877,3.203131,-1.3,7.538054
2026-08-17 15:26:01.204,23.86893,True,18.84612,1.081996,-8.52824,-0.1430733,0.0007738059,0.133963,0.9806036,-0.03681544,0.2808037,0.9590589,True,0.4491135,0.8818156,18.56864,3.198358,-1.3,7.536805
2026-08-17 15:26:01.249,23.91409,True,18.84646,1.0818,-8.528342,-0.1423898,0.0007150734,0.1332554,0.9807995,-0.03654573,0.2795022,0.9594493,True,0.4495197,0.8786785,18.57113,3.187526,-1.3,7.533845
2026-08-17 15:26:01.286,23.95289,True,18.84668,1.081636,-8.528547,-0.1421855,0.000296233,0.1333005,0.9808232,-0.03732568,0.2789966,0.9595664,True,0.4486001,0.8774709,18.5655,3.183357,-1.3,7.533139
2026-08-17 15:26:01.323,23.98997,True,18.8468,1.081529,-8.528695,-0.1420143,-0.0002865516,0.133437,0.9808295,-0.03846204,0.2785071,0.9596637,True,0.4472244,0.8763226,18.55709,3.179392,-1.3,7.532529
2026-08-17 15:26:01.368,24.03389,True,18.84668,1.081414,-8.528749,-0.1426998,-0.001905269,0.1339991,0.9806515,-0.04198011,0.279367,0.9592662,True,0.4428523,0.8784221,18.53033,3.186641,-1.3,7.535707
2026-08-17 15:26:01.403,24.06877,True,18.84631,1.081568,-8.528844,-0.1432101,-0.002877708,0.1344513,0.9805129,-0.04415281,0.2800649,0.9589652,True,0.4400975,0.8801898,18.51348,3.192745,-1.3,7.538172
2026-08-17 15:26:01.438,24.10297,True,18.84559,1.081646,-8.528879,-0.1438303,-0.004687665,0.1346641,0.9803859,-0.04792898,0.2807558,0.9585817,True,0.4353039,0.881969,18.48415,3.198888,-1.3,7.541224
2026-08-17 15:26:01.481,24.14639,True,18.84302,1.081943,-8.528873,-0.1459109,-0.009650076,0.1351005,0.979982,-0.05833907,0.2833726,0.9572338,True,0.4219517,0.8886415,18.40245,3.221927,-1.3,7.551836
2026-08-17 15:26:01.516,24.18159,True,18.84032,1.08227,-8.528888,-0.1481646,-0.01618957,0.1366587,0.9793414,-0.07220622,0.2857826,0.9555703,True,0.4042399,0.8950964,18.29408,3.244215,-1.3,7.564998
2026-08-17 15:26:01.559,24.22459,True,18.8367,1.082652,-8.5297,-0.1524727,-0.02557433,0.1379849,0.9782935,-0.09211628,0.2912684,0.9521961,True,0.3786159,0.9095593,18.13729,3.294154,-1.3,7.592659
2026-08-17 15:26:01.593,24.25827,True,18.83424,1.082502,-8.530937,-0.1544413,-0.03509239,0.1389727,0.9775495,-0.1115353,0.2921942,0.9498329,True,0.3537474,0.9132603,17.98513,3.306933,-1.3,7.612852
2026-08-17 15:26:01.626,24.29189,True,18.83169,1.082008,-8.532356,-0.1555529,-0.04413343,0.1416391,0.9766237,-0.1302683,0.2913313,0.9477111,True,0.3296294,0.9127792,17.83756,3.305271,-1.3,7.631393
2026-08-17 15:26:01.669,24.33514,True,18.82886,1.081697,-8.533901,-0.1546462,-0.05419935,0.1442124,0.9758841,-0.1503884,0.2862011,0.946294,True,0.303751,0.9024332,17.67922,3.269548,-1.3,7.644454
2026-08-17 15:26:01.713,24.37865,True,18.82526,1.082355,-8.535437,-0.1606607,-0.06364396,0.1461036,0.9740592,-0.1709322,0.2943888,0.9402752,True,0.2760828,0.9250621,17.50993,3.347683,-1.3,7.69502
2026-08-17 15:26:01.757,24.42317,True,18.82348,1.082438,-8.536813,-0.1631855,-0.06651971,0.1499037,0.9728692,-0.1783542,0.2975732,0.9378912,True,0.2658457,0.9339949,17.4473,3.378527,-1.3,7.716046
2026-08-17 15:26:01.791,24.45703,True,18.82256,1.08257,-8.537386,-0.1649507,-0.0667071,0.1530078,0.9720751,-0.1801661,0.3002756,0.9366829,True,0.2630983,0.940991,17.43048,3.402683,-1.3,7.726612
2026-08-17 15:26:01.837,24.50357,True,18.82122,1.082859,-8.537999,-0.1669357,-0.06574288,0.1566303,0.9712247,-0.1799966,0.3036694,0.9356207,True,0.2628169,0.9494982,17.42876,3.432057,-1.3,7.73604
2026-08-17 15:26:01.880,24.5455,True,18.82001,1.083386,-8.538583,-0.1690398,-0.06564315,0.1600493,0.9703096,-0.1814978,0.3070295,0.9342331,True,0.2603602,0.9582564,17.41373,3.462298,-1.3,7.748154
2026-08-17 15:26:01.925,24.59031,True,18.81928,1.083652,-8.539071,-0.1697864,-0.06654856,0.1626355,0.9696873,-0.1842892,0.3076331,0.9334877,True,0.2565046,0.9602858,17.39014,3.469306,-1.3,7.754865
2026-08-17 15:26:01.969,24.63428,True,18.81892,1.083609,-8.539181,-0.1694899,-0.06652882,0.1627805,0.9697163,-0.1842075,0.307055,0.9336942,True,0.2565976,0.9588329,17.39071,3.464289,-1.3,7.753267
2026-08-17 15:26:02.003,24.66829,True,18.81898,1.083213,-8.538989,-0.1676951,-0.06624888,0.1602591,0.9704672,-0.1823341,0.3042513,0.9349788,True,0.2593049,0.9514657,17.40728,3.438851,-1.3,7.742409
2026-08-17 15:26:02.045,24.71173,True,18.81903,1.083177,-8.539124,-0.1660873,-0.06664389,0.1590577,0.9709142,-0.1822459,0.3013126,0.9359472,True,0.2596583,0.9441795,17.40944,3.413692,-1.3,7.734543
2026-08-17 15:26:02.090,24.75571,True,18.81947,1.083191,-8.539056,-0.1655762,-0.06587593,0.1576087,0.9712901,-0.1801618,0.3008799,0.9364898,True,0.2624989,0.9428174,17.42682,3.40899,-1.3,7.729989
2026-08-17 15:26:02.125,24.78997,True,18.81973,1.083075,-8.538888,-0.1652305,-0.06574244,0.1566168,0.9715184,-0.1794957,0.3004562,0.9367536,True,0.2634518,0.9416302,17.43265,3.404891,-1.3,7.727633
2026-08-17 15:26:02.158,24.82374,True,18.81995,1.082974,-8.538729,-0.1646007,-0.06582541,0.1557059,0.9717661,-0.1791924,0.299408,0.9371473,True,0.2639722,0.9389588,17.43583,3.395666,-1.3,7.724216
2026-08-17 15:26:02.201,24.86704,True,18.8205,1.082816,-8.538463,-0.1640273,-0.06535958,0.1546146,0.9720687,-0.17779,0.2986805,0.9376463,True,0.2659591,0.9369056,17.44799,3.388577,-1.3,7.719821
2026-08-17 15:26:02.245,24.91139,True,18.82111,1.082535,-8.538352,-0.1624432,-0.06543793,0.1531274,0.9725647,-0.1770342,0.2959323,0.9386602,True,0.2672582,0.9299549,17.45594,3.364577,-1.3,7.711365
2026-08-17 15:26:02.278,24.94478,True,18.82162,1.082509,-8.538116,-0.1616948,-0.06505349,0.1516162,0.9729519,-0.1756189,0.2949161,0.9392457,True,0.2692705,0.9272459,17.46825,3.355223,-1.3,7.706307
2026-08-17 15:26:02.318,24.98368,True,18.82248,1.082382,-8.537847,-0.1605335,-0.06394796,0.1503427,0.973415,-0.1727659,0.2933032,0.9402793,True,0.2732518,0.9228654,17.49261,3.340098,-1.3,7.697549
2026-08-17 15:26:02.361,25.02662,True,18.82451,1.082104,-8.537399,-0.1577432,-0.06086994,0.1474457,0.974511,-0.1651539,0.2894949,0.9428239,True,0.283733,0.9125134,17.55674,3.304354,-1.3,7.6763
2026-08-17 15:26:02.401,25.06701,True,18.82679,1.081768,-8.536989,-0.154855,-0.05699027,0.145747,0.9754639,-0.1563232,0.2854986,0.9455441,True,0.295759,0.9016696,17.63032,3.266912,-1.3,7.653782
2026-08-17 15:26:02.435,25.10076,True,18.82936,1.08121,-8.536609,-0.1516203,-0.05189678,0.1426794,0.9767091,-0.1446423,0.2813687,0.948636,True,0.3113899,0.8902882,17.72596,3.227613,-1.3,7.628435
2026-08-17 15:26:02.468,25.13436,True,18.8319,1.080573,-8.536101,-0.1485851,-0.04700411,0.1399997,0.9778104,-0.1335259,0.2774149,0.9514262,True,0.3261645,0.8795285,17.81636,3.190461,-1.3,7.605531
2026-08-17 15:26:02.503,25.16787,True,18.83405,1.080569,-8.53562,-0.1469505,-0.042668,0.1372668,0.9786434,-0.1238564,0.2759105,0.95317,True,0.338827,0.8750613,17.89384,3.175037,-1.3,7.591112
2026-08-17 15:26:02.536,25.20177,True,18.83637,1.080584,-8.535448,-0.1458265,-0.03879067,0.1361936,0.9791227,-0.1156829,0.2749979,0.9544598,True,0.349544,0.8722279,17.95942,3.165253,-1.3,7.580673
2026-08-17 15:26:02.580,25.24534,True,18.83985,1.079988,-8.535277,-0.143593,-0.03382939,0.1351098,0.9797867,-0.1050928,0.2722397,0.9564732,True,0.3635111,0.8647275,18.04487,3.139355,-1.3,7.564537
2026-08-17 15:26:02.614,25.28042,True,18.84177,1.079364,-8.535035,-0.1414414,-0.03312465,0.1345923,0.9801949,-0.1030111,0.2683637,0.9577941,True,0.3665781,0.8552248,18.06364,3.106544,-1.3,7.553852
2026-08-17 15:26:02.649,25.31504,True,18.84325,1.079167,-8.534905,-0.1404904,-0.03279018,0.1324379,0.9806362,-0.101523,0.2668546,0.9583745,True,0.3687358,0.8515022,18.07684,3.09369,-1.3,7.549142
2026-08-17 15:26:02.692,25.35755,True,18.84503,1.07874,-8.534662,-0.139502,-0.03264113,0.1303273,0.981065,-0.100408,0.265213,0.9589475,True,0.3704793,0.8474235,18.08751,3.079607,-1.3,7.544377
2026-08-17 15:26:02.735,25.40103,True,18.84702,1.078074,-8.534363,-0.1380476,-0.03262253,0.1280692,0.9815686,-0.09940179,0.2626505,0.9597573,True,0.3721545,0.8411235,18.09776,3.057854,-1.3,7.5377
2026-08-17 15:26:02.785,25.45027,True,18.8494,1.077502,-8.534323,-0.1363145,-0.03141562,0.1255667,0.9821733,-0.09594429,0.2598794,0.9608629,True,0.3769398,0.8342525,18.12704,3.03413,-1.3,7.528985
2026-08-17 15:26:02.824,25.48996,True,18.85129,1.076716,-8.534146,-0.1336367,-0.03024732,0.1220692,0.9830186,-0.0920932,0.2553502,0.9624527,True,0.3821775,0.823216,18.15909,2.996022,-1.3,7.516366
2026-08-17 15:26:02.869,25.53394,True,18.85251,1.076349,-8.533902,-0.1318681,-0.0294147,0.1191867,0.9836362,-0.08930057,0.2524089,0.9634911,True,0.3859296,0.8160959,18.18204,2.971437,-1.3,7.508011
2026-08-17 15:26:02.902,25.56775,True,18.85325,1.076147,-8.533718,-0.1315933,-0.02881658,0.1180386,0.9838291,-0.08776736,0.2521277,0.9637056,True,0.387958,0.8152902,18.19446,2.968655,-1.3,7.506149
2026-08-17 15:26:02.940,25.60565,True,18.85386,1.07586,-8.533543,-0.1312545,-0.02867197,0.1170432,0.9839975,-0.0871512,0.2515965,0.9639003,True,0.3888377,0.8139287,18.19984,2.963954,-1.3,7.504451
2026-08-17 15:26:02.980,25.64532,True,18.85438,1.075649,-8.533427,-0.130624,-0.02908287,0.1164008,0.9841456,-0.08765301,0.2503355,0.9641832,True,0.3883399,0.8109585,18.19679,2.953698,-1.3,7.50213
2026-08-17 15:26:03.024,25.68957,True,18.85439,1.075592,-8.533256,-0.1300853,-0.03025553,0.1155024,0.9842874,-0.08961059,0.2490935,0.9643248,True,0.3859602,0.8081512,18.18223,2.944005,-1.3,7.50085
2026-08-17 15:26:03.058,25.7233,True,18.85426,1.075525,-8.533125,-0.1303719,-0.03130119,0.1152978,0.9842408,-0.09167901,0.2494167,0.9640468,True,0.3833739,0.8089805,18.16641,2.946868,-1.3,7.502877
2026-08-17 15:26:03.091,25.75728,True,18.85405,1.075543,-8.533052,-0.1306923,-0.03249443,0.1149614,0.9841989,-0.09401111,0.2497832,0.9637273,True,0.3804427,0.8099567,18.14847,2.950239,-1.3,7.50529
2026-08-17 15:26:03.135,25.80085,True,18.8539,1.075507,-8.532964,-0.1308654,-0.03365204,0.1146894,0.9841688,-0.09625631,0.2498682,0.9634836,True,0.3776343,0.8102615,18.13129,2.951292,-1.3,7.507095
2026-08-17 15:26:03.170,25.83639,True,18.85389,1.075464,-8.533043,-0.1309628,-0.03426604,0.1148195,0.9841195,-0.0975179,0.2498973,0.9633492,True,0.3760672,0.8103939,18.1217,2.951749,-1.3,7.508226
2026-08-17 15:26:03.213,25.87993,True,18.85374,1.075341,-8.533448,-0.1306228,-0.03575941,0.115398,0.9840438,-0.1005249,0.248824,0.9633179,True,0.372343,0.8080722,18.09891,2.943733,-1.3,7.50889
2026-08-17 15:26:03.250,25.91524,True,18.85355,1.075312,-8.533741,-0.1312084,-0.03697367,0.1160051,0.9838496,-0.1031948,0.2496004,0.9628346,True,0.3689654,0.8100471,18.07825,2.950551,-1.3,7.512963
2026-08-17 15:26:03.293,25.95901,True,18.85342,1.075366,-8.534156,-0.132581,-0.03824801,0.1178847,0.9833934,-0.1064842,0.2517408,0.9619188,True,0.3647746,0.8152726,18.0526,2.968594,-1.3,7.520547
2026-08-17 15:26:03.335,26.00133,True,18.85338,1.075796,-8.534626,-0.134864,-0.03798222,0.1188787,0.9829735,-0.1067359,0.2561049,0.9607381,True,0.364288,0.8256242,18.04963,3.004337,-1.3,7.530278
2026-08-17 15:26:03.380,26.04553,True,18.85331,1.075703,-8.535164,-0.1350615,-0.0397267,0.1208022,0.9826429,-0.1107058,0.2558362,0.9603603,True,0.3593264,0.8252723,18.01927,3.003122,-1.3,7.533801
2026-08-17 15:26:03.424,26.08975,True,18.85357,1.075454,-8.535599,-0.1345294,-0.04070885,0.1213708,0.9826056,-0.1126574,0.2544971,0.9604892,True,0.3569761,0.8222371,18.00489,2.992642,-1.3,7.533243
2026-08-17 15:26:03.469,26.13453,True,18.8534,1.075484,-8.535806,-0.1344892,-0.0413801,0.1204752,0.9826933,-0.1137331,0.2543527,0.9604007,True,0.355608,0.821998,17.99652,2.991816,-1.3,7.534153
2026-08-17 15:26:03.503,26.16801,True,18.85339,1.075737,-8.535756,-0.1355733,-0.04092962,0.1199029,0.9826332,-0.1129489,0.2566226,0.9598893,True,0.3564994,0.8273185,18.00197,3.010187,-1.3,7.538115
2026-08-17 15:26:03.537,26.20256,True,18.85333,1.076361,-8.535724,-0.1376888,-0.03944692,0.1176728,0.9826692,-0.109931,0.2613215,0.9589714,True,0.3600778,0.8383011,18.02387,3.048109,-1.3,7.545296
2026-08-17 15:26:03.570,26.23612,True,18.85312,1.076497,-8.535396,-0.1382878,-0.03826397,0.1188193,0.9824939,-0.1080507,0.262641,0.9588247,True,0.3623484,0.8412858,18.03776,3.058414,-1.3,7.546108
2026-08-17 15:26:03.615,26.28092,True,18.85299,1.076599,-8.535482,-0.137739,-0.03749725,0.1190969,0.982567,-0.1064957,0.2617441,0.9592438,True,0.3642995,0.8391122,18.0497,3.050909,-1.3,7.542902
2026-08-17 15:26:03.651,26.31737,True,18.85292,1.076642,-8.535532,-0.1381315,-0.03762462,0.1198886,0.9824107,-0.1070465,0.2623822,0.9590082,True,0.3635761,0.8406635,18.04527,3.056266,-1.3,7.544807
2026-08-17 15:26:03.693,26.35839,True,18.85248,1.076997,-8.53553,-0.1387605,-0.03734703,0.120188,0.9822961,-0.1067264,0.2636304,0.9587015,True,0.3638572,0.8436776,18.04699,3.066673,-1.3,7.547219
2026-08-17 15:26:03.735,26.40125,True,18.85207,1.077098,-8.535459,-0.1393244,-0.03718831,0.1209233,0.9821321,-0.1067428,0.2646761,0.9584115,True,0.3637321,0.8461619,18.04623,3.075251,-1.3,7.549428
2026-08-17 15:26:03.779,26.44539,True,18.85123,1.077154,-8.536104,-0.13816,-0.04084063,0.1196974,0.9823016,-0.1133104,0.2616525,0.9584877,True,0.3554902,0.8395729,17.9958,3.0525,-1.3,7.549501
2026-08-17 15:26:03.825,26.49032,True,18.84995,1.077764,-8.536371,-0.1413631,-0.04314759,0.1204999,0.9816489,-0.1187801,0.2671393,0.9563096,True,0.348192,0.853098,17.95114,3.0992,-1.3,7.566976
2026-08-17 15:26:03.866,26.53108,True,18.84898,1.077788,-8.537087,-0.1419947,-0.0461247,0.1218306,0.9812581,-0.1251191,0.267428,0.95542,True,0.3400351,0.8543415,17.90123,3.103494,-1.3,7.574769
2026-08-17 15:26:03.902,26.56734,True,18.84785,1.078151,-8.537807,-0.1429887,-0.04913188,0.1210586,0.9810633,-0.131023,0.2686663,0.9542806,True,0.3323322,0.8579255,17.8541,3.115869,-1.3,7.584569
2026-08-17 15:26:03.946,26.61164,True,18.84675,1.078674,-8.538397,-0.1446728,-0.05174791,0.1211617,0.9806691,-0.1365528,0.2712125,0.9527839,True,0.3250166,0.8646545,17.80934,3.139103,-1.3,7.597102
2026-08-17 15:26:03.980,26.64598,True,18.84614,1.078765,-8.538839,-0.1457447,-0.0524723,0.1230213,0.9802402,-0.1387303,0.2728193,0.9520103,True,0.3220637,0.8687406,17.79127,3.153212,-1.3,7.603741
2026-08-17 15:26:04.019,26.6846,True,18.84557,1.078953,-8.539732,-0.1463006,-0.05464843,0.1233049,0.9800029,-0.1431904,0.2732732,0.9512194,True,0.316257,0.8703691,17.75574,3.158835,-1.3,7.611001
2026-08-17 15:26:04.055,26.72058,True,18.84497,1.079933,-8.540484,-0.1478459,-0.05665925,0.1194382,0.9801356,-0.1463844,0.2762835,0.9498627,True,0.3119071,0.8782218,17.72913,3.185949,-1.3,7.622664
2026-08-17 15:26:04.090,26.7568,True,18.8442,1.080383,-8.540773,-0.1502543,-0.05781632,0.1186231,0.9798008,-0.1489442,0.2807218,0.9481618,True,0.3082524,0.8892866,17.70677,3.224155,-1.3,7.636643
2026-08-17 15:26:04.124,26.79076,True,18.84375,1.080808,-8.541174,-0.152528,-0.05815934,0.1194972,0.9793228,-0.1503669,0.2848485,0.9467054,True,0.306104,0.8995409,17.69362,3.259562,-1.3,7.648814
2026-08-17 15:26:04.160,26.82604,True,18.84363,1.08082,-8.54142,-0.1529883,-0.05773218,0.1219221,0.9789773,-0.1503423,0.2854666,0.9465231,True,0.3060726,0.9010566,17.69343,3.264795,-1.3,7.650547
2026-08-17 15:26:04.203,26.86782,True,18.8438,1.080684,-8.541742,-0.1525201,-0.05791272,0.123291,0.9788682,-0.1509866,0.284314,0.9467674,True,0.3053356,0.8983289,17.68892,3.255377,-1.3,7.648913
2026-08-17 15:26:04.236,26.90157,True,18.84381,1.08072,-8.542074,-0.1520038,-0.0579639,0.1232502,0.9789507,-0.1509566,0.2833203,0.9470701,True,0.3054264,0.8959666,17.68948,3.24722,-1.3,7.64682
2026-08-17 15:26:04.270,26.936,True,18.8438,1.080713,-8.542387,-0.151736,-0.05820702,0.1234614,0.9789512,-0.1514307,0.2827117,0.9471763,True,0.3048443,0.8945733,17.68591,3.242409,-1.3,7.646292
2026-08-17 15:26:04.304,26.96998,True,18.84381,1.080847,-8.542466,-0.1526635,-0.05764658,0.1238783,0.9787875,-0.1506709,0.284568,0.9467415,True,0.3057072,0.8990192,17.69119,3.25776,-1.3,7.649889
2026-08-17 15:26:04.346,27.01187,True,18.84408,1.08113,-8.542467,-0.1532822,-0.05611454,0.123634,0.9788107,-0.1477528,0.2861932,0.9467115,True,0.3093934,0.9027218,17.71375,3.270545,-1.3,7.650131
2026-08-17 15:26:04.392,27.05691,True,18.84435,1.081114,-8.54233,-0.1527887,-0.05490728,0.1226281,0.9790828,-0.1449899,0.2857192,0.9472817,True,0.3130053,0.9012741,17.73585,3.265546,-1.3,7.645381
2026-08-17 15:26:04.436,27.10094,True,18.84463,1.081002,-8.542327,-0.1515793,-0.05464631,0.1218231,0.9793859,-0.1439714,0.2835948,0.948075,True,0.3144736,0.8960122,17.74483,3.247377,-1.3,7.638981
2026-08-17 15:26:04.469,27.13467,True,18.84472,1.081033,-8.542284,-0.1516933,-0.05415166,0.1216633,0.9794155,-0.142985,0.2839651,0.9481134,True,0.3157291,0.8968111,17.75251,3.250136,-1.3,7.638626
2026-08-17 15:26:04.513,27.17908,True,18.84504,1.081155,-8.54228,-0.1518792,-0.05297497,0.1208488,0.9795519,-0.1404923,0.2847432,0.9482527,True,0.3189191,0.8984751,17.77203,3.255881,-1.3,7.637499
2026-08-17 15:26:04.548,27.21345,True,18.84518,1.081151,-8.542316,-0.1514473,-0.05264314,0.1206994,0.9796551,-0.1397034,0.2840242,0.9485849,True,0.3199862,0.8966666,17.77856,3.249637,-1.3,7.634863
2026-08-17 15:26:04.591,27.25669,True,18.84543,1.081068,-8.542366,-0.150859,-0.05250546,0.1201876,0.9798161,-0.1391541,0.2830071,0.9489695,True,0.3207824,0.8941444,17.78343,3.240928,-1.3,7.631822
2026-08-17 15:26:04.637,27.30337,True,18.84549,1.081197,-8.542417,-0.1508778,-0.05220596,0.1198258,0.9798736,-0.1384686,0.2831711,0.9490209,True,0.3216543,0.8945144,17.78877,3.242206,-1.3,7.631461
2026-08-17 15:26:04.680,27.3456,True,18.84555,1.081179,-8.542525,-0.1507944,-0.05175148,0.1196575,0.9799311,-0.1375131,0.2831514,0.9491656,True,0.3228808,0.8943799,17.79627,3.241741,-1.3,7.630413
2026-08-17 15:26:04.725,27.39054,True,18.84576,1.080973,-8.542595,-0.1500135,-0.05157237,0.1192281,0.9801127,-0.1368651,0.2817625,0.9496725,True,0.3238122,0.8909244,17.80197,3.22981,-1.3,7.626413
2026-08-17 15:26:04.767,27.43358,True,18.84586,1.081194,-8.54259,-0.149692,-0.05061198,0.1166108,0.9805267,-0.1341642,0.2817502,0.9500614,True,0.3272632,0.8907062,17.82309,3.229057,-1.3,7.623286
2026-08-17 15:26:04.812,27.47771,True,18.84614,1.081145,-8.542614,-0.1487958,-0.04981801,0.1144271,0.980961,-0.1317916,0.2805247,0.950756,True,0.3303852,0.887536,17.84219,3.21811,-1.3,7.617742
2026-08-17 15:26:04.845,27.51121,True,18.84634,1.080774,-8.542679,-0.1469583,-0.05022113,0.1124261,0.9814487,-0.1316228,0.2771717,0.9517622,True,0.3307986,0.8793901,17.84472,3.189983,-1.3,7.609756
2026-08-17 15:26:04.880,27.54534,True,18.8461,1.081123,-8.542506,-0.1471277,-0.04996135,0.1103959,0.981667,-0.1305754,0.2778298,0.9517146,True,0.3320583,0.8809577,17.85243,3.195396,-1.3,7.609956
2026-08-17 15:26:04.913,27.57896,True,18.84597,1.08145,-8.542364,-0.1476072,-0.04889053,0.1091395,0.9817894,-0.12822,0.2791666,0.9516436,True,0.3349583,0.8840324,17.87017,3.206013,-1.3,7.610374
2026-08-17 15:26:04.949,27.61607,True,18.84596,1.081403,-8.542495,-0.1472997,-0.04822465,0.1090682,0.9818764,-0.1268327,0.2787406,0.9519544,True,0.3367312,0.8828903,17.88102,3.202069,-1.3,7.608027
2026-08-17 15:26:04.991,27.6569,True,18.84581,1.081044,-8.54278,-0.1466117,-0.04943595,0.1093488,0.9818879,-0.1291448,0.277101,0.9521222,True,0.3338526,0.87909,17.86341,3.188947,-1.3,7.606985
2026-08-17 15:26:05.035,27.70078,True,18.84581,1.081137,-8.543247,-0.1471272,-0.0491838,0.1097305,0.9817809,-0.1288641,0.2780994,0.9518691,True,0.3341492,0.8815191,17.86522,3.197335,-1.3,7.609499
2026-08-17 15:26:05.079,27.74501,True,18.84637,1.081711,-8.543439,-0.1488183,-0.04643212,0.1108761,0.9815313,-0.12415,0.2818433,0.9513943,True,0.3400221,0.8902624,17.90115,3.227524,-1.3,7.613498
2026-08-17 15:26:05.114,27.78017,True,18.84712,1.081716,-8.544036,-0.1481668,-0.04498921,0.1124563,0.9815173,-0.12164,0.2807379,0.9520451,True,0.343359,0.8874542,17.92157,3.217828,-1.3,7.608921
2026-08-17 15:26:05.156,27.82212,True,18.84783,1.081792,-8.544675,-0.1485474,-0.04366055,0.1129943,0.9814579,-0.119272,0.2817194,0.9520549,True,0.3464085,0.8896876,17.94023,3.225539,-1.3,7.609513
2026-08-17 15:26:05.190,27.85583,True,18.84795,1.082189,-8.544997,-0.1500354,-0.04172169,0.1151413,0.9810664,-0.116414,0.2847815,0.9514974,True,0.3498906,0.8969466,17.96153,3.250604,-1.3,7.614311
2026-08-17 15:26:05.223,27.88943,True,18.84817,1.082419,-8.545475,-0.1506062,-0.04011102,0.1166015,0.9808736,-0.1138095,0.2860973,0.9514177,True,0.3531466,0.9000092,17.98146,3.261178,-1.3,7.615451
2026-08-17 15:26:05.257,27.92297,True,18.84843,1.082624,-8.546122,-0.1501373,-0.039261,0.1174843,0.9808745,-0.1122978,0.2853065,0.9518347,True,0.3551193,0.8981053,17.99353,3.254604,-1.3,7.612794
2026-08-17 15:26:05.303,27.96897,True,18.84876,1.082868,-8.546838,-0.1497821,-0.03791607,0.1179243,0.980929,-0.1097119,0.2849087,0.9522554,True,0.3584374,0.8970833,18.01383,3.251076,-1.3,7.610183
2026-08-17 15:26:05.346,28.01193,True,18.84926,1.082917,-8.547479,-0.1490208,-0.036146,0.1177075,0.9811378,-0.1060101,0.2839105,0.9529725,True,0.3632112,0.8944817,18.04304,3.242093,-1.3,7.605128
2026-08-17 15:26:05.380,28.04549,True,18.84934,1.08324,-8.547921,-0.1485858,-0.0350596,0.1180523,0.9812017,-0.1038829,0.2833075,0.9533862,True,0.365916,0.8930146,18.05959,3.237027,-1.3,7.602293
2026-08-17 15:26:05.423,28.08891,True,18.84994,1.083634,-8.548296,-0.1491785,-0.03212817,0.1167515,0.9813678,-0.09789271,0.2852958,0.9534271,True,0.3734556,0.8975118,18.10572,3.252555,-1.3,7.60236
2026-08-17 15:26:05.456,28.1228,True,18.85145,1.083078,-8.549353,-0.1459732,-0.0321249,0.1186206,0.9816257,-0.09770012,0.2789607,0.9553196,True,0.3741644,0.8822749,18.11006,3.199944,-1.3,7.588405
2026-08-17 15:26:05.501,28.16681,True,18.85329,1.083089,-8.551136,-0.1429989,-0.02447983,0.1161535,0.9825785,-0.08132634,0.2753284,0.9579041,True,0.3950202,0.8728112,18.23767,3.167268,-1.3,7.569793
2026-08-17 15:26:05.534,28.20022,True,18.8534,1.083161,-8.552403,-0.1382183,-0.02244631,0.1139533,0.9835683,-0.07565582,0.2667786,0.9607837,True,0.4023172,0.8524371,18.28231,3.096919,-1.3,7.548424
2026-08-17 15:26:05.570,28.2355,True,18.85397,1.082555,-8.554136,-0.1328016,-0.02180047,0.1130214,0.9844362,-0.07294118,0.2565415,0.9637769,True,0.4060172,0.8282738,18.30495,3.013486,-1.3,7.526779
2026-08-17 15:26:05.613,28.27839,True,18.85529,1.081299,-8.557801,-0.1285347,-0.02214127,0.1180456,0.9844053,-0.07393789,0.247833,0.9659772,True,0.4051688,0.8079687,18.29976,2.943375,-1.3,7.513429
2026-08-17 15:26:05.647,28.31207,True,18.85446,1.080982,-8.560476,-0.1271315,-0.02507965,0.1207037,0.9841947,-0.08005702,0.2441899,0.9664172,True,0.3975282,0.7999035,18.25301,2.915527,-1.3,7.512775
2026-08-17 15:26:05.691,28.35598,True,18.85247,1.080817,-8.56389,-0.1288747,-0.03075526,0.1273505,0.9829686,-0.09328742,0.2455262,0.9648908,True,0.380723,0.8038597,18.15019,2.929187,-1.3,7.528199
2026-08-17 15:26:05.734,28.4003,True,18.85105,1.080951,-8.567137,-0.1311181,-0.03435424,0.1345791,0.9815887,-0.102735,0.2481614,0.9632556,True,0.3685946,0.8108048,18.07598,2.953167,-1.3,7.544348
2026-08-17 15:26:05.769,28.4346,True,18.84947,1.080926,-8.569803,-0.1316525,-0.03836631,0.1402608,0.9805726,-0.1121733,0.2474271,0.9623913,True,0.3565241,0.809877,18.00212,2.949964,-1.3,7.553895
2026-08-17 15:26:05.803,28.46826,True,18.84822,1.080922,-8.572293,-0.1319184,-0.04110343,0.1436875,0.9799296,-0.118467,0.2467295,0.9618161,True,0.3484128,0.8088577,17.95249,2.946445,-1.3,7.561002
2026-08-17 15:26:05.845,28.51092,True,18.84661,1.080857,-8.57481,-0.1311724,-0.04379122,0.1459356,0.979581,-0.1240795,0.2442066,0.9617522,True,0.3411499,0.8035349,17.90805,2.928066,-1.3,7.56412
2026-08-17 15:26:05.883,28.54869,True,18.84542,1.080789,-8.576454,-0.1301245,-0.04449908,0.1460191,0.9796764,-0.1251907,0.2419643,0.9621749,True,0.3396152,0.7984898,17.89866,2.910645,-1.3,7.562507
2026-08-17 15:26:05.924,28.58951,True,18.84379,1.081447,-8.578204,-0.1303845,-0.04696551,0.144672,0.9797266,-0.1297527,0.2418932,0.9615882,True,0.3335744,0.7989755,17.8617,2.912322,-1.3,7.568941
2026-08-17 15:26:05.957,28.62288,True,18.84245,1.081988,-8.578767,-0.132763,-0.04828771,0.1441818,0.9794151,-0.1328714,0.2461358,0.9600846,True,0.3292271,0.8093188,17.8351,2.948037,-1.3,7.581381
2026-08-17 15:26:05.990,28.65627,True,18.84123,1.082646,-8.579107,-0.134261,-0.04859012,0.1432335,0.9793351,-0.1336334,0.2490535,0.959226,True,0.3279276,0.8164311,17.82715,2.972594,-1.3,7.588521
2026-08-17 15:26:06.025,28.69058,True,18.84004,1.083096,-8.579426,-0.1347642,-0.04925302,0.1425074,0.9793388,-0.1348806,0.2499218,0.9588255,True,0.3261085,0.818723,17.81602,2.980508,-1.3,7.592024
2026-08-17 15:26:06.068,28.73385,True,18.839,1.08339,-8.579493,-0.13476,-0.05041004,0.1415851,0.9794142,-0.1369046,0.249697,0.9585972,True,0.323386,0.8184497,17.79936,2.979565,-1.3,7.593902
2026-08-17 15:26:06.113,28.77851,True,18.83869,1.083447,-8.579075,-0.134218,-0.04940551,0.1416327,0.979533,-0.134808,0.2489471,0.9590892,True,0.3260329,0.8165046,17.81556,2.972848,-1.3,7.58957
2026-08-17 15:26:06.149,28.81463,True,18.83881,1.083222,-8.579006,-0.1315224,-0.0492758,0.1404503,0.9800752,-0.1335327,0.2439621,0.9605475,True,0.3278871,0.804663,17.8269,2.931961,-1.3,7.577976
2026-08-17 15:26:06.191,28.85637,True,18.83913,1.082978,-8.578709,-0.1301129,-0.04896934,0.138031,0.9806223,-0.13196,0.2416646,0.9613453,True,0.3300286,0.7990881,17.84001,2.912711,-1.3,7.571378
2026-08-17 15:26:06.224,28.88993,True,18.83935,1.082948,-8.57853,-0.1293367,-0.04868202,0.1360333,0.9810184,-0.1307041,0.2405186,0.9618042,True,0.3316999,0.7963022,17.85023,2.903092,-1.3,7.56758
2026-08-17 15:26:06.263,28.92952,True,18.83973,1.082703,-8.578537,-0.128361,-0.04897306,0.135537,0.9812007,-0.1309001,0.2386205,0.9622502,True,0.3315952,0.7918293,17.84959,2.887648,-1.3,7.564079
2026-08-17 15:26:06.300,28.96683,True,18.84026,1.082479,-8.578734,-0.1290413,-0.04975779,0.1353319,0.9811003,-0.1325616,0.2397374,0.961745,True,0.3295366,0.7945011,17.837,2.896873,-1.3,7.568258
2026-08-17 15:26:06.335,29.00113,True,18.84062,1.082332,-8.578926,-0.130021,-0.05119352,0.1367875,0.9806951,-0.135981,0.2410166,0.9609475,True,0.3252227,0.7977149,17.8106,2.90797,-1.3,7.574738
2026-08-17 15:26:06.369,29.03452,True,18.84124,1.082083,-8.579405,-0.1332686,-0.05287218,0.1417379,0.9794664,-0.1413515,0.2460762,0.9588881,True,0.3182875,0.8099375,17.76817,2.950173,-1.3,7.591506
2026-08-17 15:26:06.432,29.09805,True,18.84257,1.081334,-8.579325,-0.1381588,-0.05051133,0.1544604,0.9769866,-0.1413779,0.2543546,0.9567215,True,0.3180776,0.8291816,17.76688,3.01662,-1.3,7.608614
2026-08-17 15:26:06.467,29.13339,True,18.84315,1.081038,-8.579463,-0.1359054,-0.05200859,0.1566052,0.9768826,-0.1441796,0.2492377,0.9576496,True,0.3148578,0.8172984,17.74718,2.975589,-1.3,7.601384
2026-08-17 15:26:06.504,29.17067,True,18.84373,1.081056,-8.579047,-0.1358372,-0.05126878,0.1542564,0.9773049,-0.142118,0.2496916,0.9578395,True,0.3175586,0.8181627,17.76371,2.978573,-1.3,7.599442
2026-08-17 15:26:06.546,29.21157,True,18.84464,1.081305,-8.578022,-0.1360493,-0.04709017,0.1516105,0.9778995,-0.1333519,0.2518063,0.9585462,True,0.3287408,0.8224024,17.83213,2.993212,-1.3,7.59277
2026-08-17 15:26:06.580,29.24524,True,18.84525,1.081405,-8.577158,-0.1354283,-0.04421199,0.1489897,0.9785227,-0.1268797,0.2518651,0.9594089,True,0.3370335,0.8219967,17.88287,2.991812,-1.3,7.585042
2026-08-17 15:26:06.624,29.28961,True,18.846,1.081631,-8.575713,-0.13539,-0.04052198,0.1456094,0.9791963,-0.1187861,0.253346,0.9600551,True,0.3473167,0.8248305,17.94579,3.001596,-1.3,7.578433
2026-08-17 15:26:06.662,29.32712,True,18.8465,1.081631,-8.574732,-0.1341185,-0.03794982,0.1425737,0.9799208,-0.1126192,0.2520297,0.9611441,True,0.3552135,0.8212403,17.9941,2.9892,-1.3,7.568825
2026-08-17 15:26:06.701,29.36729,True,18.84731,1.081597,-8.573441,-0.1324114,-0.03343861,0.1398381,0.9807112,-0.1026196,0.2503627,0.9626982,True,0.3679423,0.8165932,18.07199,2.973154,-1.3,7.555265
2026-08-17 15:26:06.746,29.41185,True,18.84753,1.081562,-8.571924,-0.1303299,-0.03072339,0.1350904,0.9817438,-0.09553763,0.2476003,0.9641404,True,0.3769245,0.8096154,18.12695,2.949061,-1.3,7.542392
2026-08-17 15:26:06.780,29.44637,True,18.84787,1.081712,-8.570648,-0.1296925,-0.02780551,0.1311021,0.9824556,-0.08864128,0.2475436,0.9648134,True,0.3855765,0.8090628,18.17988,2.947153,-1.3,7.535808
2026-08-17 15:26:06.820,29.48618,True,18.84806,1.082097,-8.569162,-0.1296883,-0.02397899,0.1266273,0.9831437,-0.07999374,0.2489318,0.9652119,True,0.3963194,0.8118686,18.24562,2.956841,-1.3,7.531157
2026-08-17 15:26:06.857,29.52278,True,18.84842,1.082431,-8.567247,-0.1299452,-0.01943684,0.1234874,0.9836094,-0.07032971,0.2508303,0.9654729,True,0.40832,0.8158145,18.31904,2.970465,-1.3,7.527138
2026-08-17 15:26:06.898,29.56339,True,18.8489,1.083329,-8.565166,-0.1323224,-0.01158909,0.1210542,0.9837186,-0.05483717,0.2575301,0.964713,True,0.4274224,0.830961,18.43592,3.022764,-1.3,7.530909
2026-08-17 15:26:06.935,29.6006,True,18.84953,1.083713,-8.564096,-0.1327991,-0.007486608,0.1205061,0.9837615,-0.04673629,0.259481,0.9646167,True,0.4374993,0.8353004,18.49758,3.037748,-1.3,7.530551
2026-08-17 15:26:06.976,29.64095,True,18.85064,1.083941,-8.563167,-0.1317113,-0.004299418,0.1194606,0.9840543,-0.03993035,0.2581949,0.9652673,True,0.4460969,0.8321102,18.55019,3.026732,-1.3,7.524514
2026-08-17 15:26:07.011,29.67774,True,18.85121,1.083828,-8.562922,-0.1316541,-0.004852103,0.1184122,0.9841861,-0.04072967,0.2579952,0.9652873,True,0.4452087,0.8316116,18.54475,3.025011,-1.3,7.524103
2026-08-17 15:26:07.051,29.71741,True,18.85165,1.083731,-8.562797,-0.1322154,-0.006720099,0.1192331,0.9840007,-0.04475407,0.2585975,0.9649479,True,0.4403135,0.8330843,18.5148,3.030096,-1.3,7.52662
2026-08-17 15:26:07.091,29.75661,True,18.85179,1.08367,-8.562704,-0.1335787,-0.009681793,0.1184396,0.9838878,-0.05069362,0.2605595,0.964126,True,0.4329779,0.8378203,18.46992,3.046448,-1.3,7.53294
2026-08-17 15:26:07.137,29.80231,True,18.85116,1.084279,-8.56238,-0.1363008,-0.01112096,0.1174195,0.9836214,-0.05388635,0.265525,0.9625968,True,0.4288417,0.8497243,18.44461,3.087551,-1.3,7.544571
2026-08-17 15:26:07.180,29.84524,True,18.85056,1.085051,-8.561823,-0.1401898,-0.009482916,0.1165721,0.9831927,-0.05133151,0.2734562,0.9605138,True,0.4317611,0.8685277,18.46247,3.152477,-1.3,7.560352
2026-08-17 15:26:07.223,29.88919,True,18.84986,1.085906,-8.560662,-0.1421836,-0.005006889,0.1148562,0.9831413,-0.04250629,0.2784231,0.9595175,True,0.442506,0.880186,18.52821,3.192731,-1.3,7.566992
2026-08-17 15:26:07.257,29.92293,True,18.84928,1.086015,-8.560226,-0.1403741,-0.003940873,0.1122951,0.9837019,-0.03927993,0.2752874,0.9605592,True,0.4464571,0.872655,18.55239,3.166728,-1.3,7.558333
2026-08-17 15:26:07.295,29.96041,True,18.8492,1.085913,-8.559936,-0.1381975,-0.003231662,0.110323,0.9842357,-0.03685416,0.2713248,0.961782,True,0.4495006,0.8631727,18.57101,3.133987,-1.3,7.548421
2026-08-17 15:26:07.337,30.00154,True,18.8491,1.085887,-8.559425,-0.1372808,-0.001475686,0.1080437,0.9846209,-0.03257063,0.2700202,0.9623036,True,0.4547932,0.8599514,18.6034,3.122864,-1.3,7.543799
2026-08-17 15:26:07.380,30.04534,True,18.84887,1.086197,-8.558865,-0.1375578,0.0002980819,0.1080906,0.9845782,-0.02915044,0.2709373,0.9621555,True,0.4589699,0.8620905,18.62895,3.13025,-1.3,7.544377
2026-08-17 15:26:07.424,30.08945,True,18.84838,1.086608,-8.558196,-0.1380053,0.001913208,0.1065344,0.9846833,-0.02563682,0.2721908,0.9619017,True,0.4632169,0.8650504,18.65494,3.140471,-1.3,7.545673
2026-08-17 15:26:07.467,30.13344,True,18.84779,1.087027,-8.557644,-0.1376384,0.001461975,0.1051814,0.9848809,-0.02607425,0.2714224,0.9621071,True,0.46259,0.8633209,18.6511,3.134499,-1.3,7.543489
2026-08-17 15:26:07.511,30.17772,True,18.84712,1.087045,-8.557559,-0.1374674,-0.001053556,0.1055139,0.9848698,-0.03108468,0.2705527,0.9622032,True,0.4563066,0.8613602,18.61266,3.127729,-1.3,7.542647
2026-08-17 15:26:07.545,30.21125,True,18.84668,1.087067,-8.557457,-0.1378138,-0.002329596,0.1058034,0.9847881,-0.03375065,0.2709418,0.9620039,True,0.4529402,0.8623309,18.59206,3.13108,-1.3,7.544104
2026-08-17 15:26:07.581,30.246,True,18.84619,1.087185,-8.557318,-0.1376049,-0.003319584,0.1051896,0.9848803,-0.03548799,0.2703504,0.9621077,True,0.4507241,0.8609978,18.5785,3.126477,-1.3,7.543144
2026-08-17 15:26:07.617,30.28316,True,18.84582,1.087191,-8.557193,-0.1373141,-0.003819072,0.1047508,0.9849657,-0.03629084,0.2696992,0.9622605,True,0.4496811,0.8594732,18.57212,3.121213,-1.3,7.541816
2026-08-17 15:26:07.651,30.31658,True,18.84542,1.087414,-8.556955,-0.137826,-0.003792087,0.1052931,0.9848365,-0.03649341,0.2706736,0.9619792,True,0.4493549,0.8618197,18.57012,3.129316,-1.3,7.543775
2026-08-17 15:26:07.691,30.35664,True,18.84413,1.087815,-8.556826,-0.1387529,-0.005066002,0.1066616,0.9845533,-0.03957471,0.2721385,0.961444,True,0.4453188,0.8654567,18.54543,3.141873,-1.3,7.547841
2026-08-17 15:26:07.725,30.39138,True,18.84269,1.088419,-8.556819,-0.1399479,-0.007875635,0.1073951,0.984286,-0.0455632,0.273806,0.9607051,True,0.437653,0.8697364,18.49852,3.156651,-1.3,7.553638
2026-08-17 15:26:07.768,30.43403,True,18.83978,1.088975,-8.5575,-0.1376736,-0.01719001,0.1066059,0.9845738,-0.06320331,0.2674346,0.9615009,True,0.4154566,0.8555295,18.36271,3.107596,-1.3,7.548094
2026-08-17 15:26:07.803,30.46872,True,18.83727,1.089285,-8.558435,-0.1359941,-0.02304393,0.1015787,0.9852189,-0.07303484,0.2632864,0.9619492,True,0.4029485,0.8463573,18.28618,3.075926,-1.3,7.545549
2026-08-17 15:26:07.847,30.51315,True,18.83401,1.089123,-8.560172,-0.1340589,-0.02957007,0.09464429,0.9860002,-0.08368801,0.2587669,0.9623076,True,0.3892931,0.8363587,18.20263,3.041402,-1.3,7.544544
2026-08-17 15:26:07.891,30.55648,True,18.83133,1.087637,-8.562375,-0.1296884,-0.03468016,0.08922779,0.9869228,-0.0915969,0.2497961,0.9639564,True,0.3792608,0.8155587,18.14124,2.969582,-1.3,7.533925
2026-08-17 15:26:07.924,30.59068,True,18.82906,1.086957,-8.563572,-0.1254623,-0.03864136,0.0832268,0.9878458,-0.09722705,0.2414428,0.9655321,True,0.3721331,0.7963623,18.09763,2.903299,-1.3,7.522869
2026-08-17 15:26:07.969,30.63404,True,18.82495,1.087572,-8.563556,-0.1269299,-0.04569182,0.08244506,0.9874229,-0.1111638,0.2431329,0.9636021,True,0.3540527,0.8012826,17.987,2.920289,-1.3,7.53792
2026-08-17 15:26:08.003,30.66814,True,18.82105,1.08835,-8.563829,-0.1297269,-0.04915785,0.08408328,0.9867545,-0.1188292,0.2477505,0.9615089,True,0.3436489,0.8127865,17.92335,2.96001,-1.3,7.554615
2026-08-17 15:26:08.046,30.71213,True,18.81587,1.089547,-8.563956,-0.1355154,-0.05174861,0.08984624,0.9853351,-0.1263306,0.2577573,0.9579153,True,0.3329525,0.8371526,17.8579,3.044143,-1.3,7.583088
2026-08-17 15:26:08.082,30.74848,True,18.81185,1.090467,-8.563956,-0.1394515,-0.05378659,0.09442028,0.9842485,-0.1322128,0.2643529,0.9553205,True,0.3245595,0.8534811,17.80654,3.100523,-1.3,7.603685
2026-08-17 15:26:08.124,30.7897,True,18.807,1.090615,-8.564358,-0.140941,-0.05683507,0.09733188,0.9835812,-0.1392399,0.2661901,0.9538108,True,0.3147502,0.85853,17.74652,3.117956,-1.3,7.616141
2026-08-17 15:26:08.158,30.82363,True,18.80342,1.091004,-8.564369,-0.1425671,-0.06024591,0.1000622,0.9828696,-0.1469589,0.268193,0.9520901,True,0.304227,0.8641305,17.68214,3.137294,-1.3,7.629917
2026-08-17 15:26:08.202,30.86772,True,18.79862,1.091366,-8.565071,-0.1435574,-0.06805162,0.1012957,0.9820893,-0.162749,0.2681858,0.9495205,True,0.2831827,0.8658806,17.55338,3.143337,-1.3,7.651306
2026-08-17 15:26:08.246,30.91185,True,18.79423,1.08985,-8.56602,-0.1419267,-0.07869194,0.107025,0.9809231,-0.1847609,0.2615943,0.9473288,True,0.2543754,0.8522523,17.37711,3.09628,-1.3,7.670008
2026-08-17 15:26:08.291,30.9563,True,18.78981,1.088644,-8.566911,-0.1413345,-0.08856583,0.1109435,0.9797307,-0.2049016,0.2572879,0.9443613,True,0.2275672,0.8442034,17.21308,3.068488,-1.3,7.695054
2026-08-17 15:26:08.335,31.00073,True,18.78597,1.090569,-8.566768,-0.1512887,-0.09482504,0.1178375,0.9768492,-0.2209145,0.2732245,0.9362399,True,0.2043961,0.8855469,17.07131,3.211242,-1.3,7.761652
2026-08-17 15:26:08.368,31.03432,True,18.78447,1.090884,-8.567513,-0.1556656,-0.09697153,0.123847,0.975206,-0.2276919,0.2795927,0.9327295,True,0.1944374,0.9023832,17.01038,3.269376,-1.3,7.791662
2026-08-17 15:26:08.405,31.07057,True,18.78312,1.090363,-8.568545,-0.1568575,-0.1025551,0.1287368,0.9738095,-0.240125,0.2790934,0.9297563,True,0.1773614,0.9032093,16.90589,3.272228,-1.3,7.817688
2026-08-17 15:26:08.447,31.11228,True,18.78106,1.09021,-8.569441,-0.1606048,-0.1087157,0.1352633,0.9716434,-0.2547136,0.2826906,0.9247741,True,0.1565921,0.9148372,16.77881,3.312377,-1.3,7.860775
2026-08-17 15:26:08.490,31.15612,True,18.77934,1.090523,-8.570389,-0.1665855,-0.1124164,0.1425354,0.9691726,-0.2653904,0.2908535,0.9192237,True,0.1404909,0.9375964,16.6803,3.390962,-1.3,7.90927
2026-08-17 15:26:08.524,31.18955,True,18.77854,1.090397,-8.571016,-0.1681453,-0.1138761,0.145315,0.9683197,-0.269405,0.2925409,0.9175188,True,0.1344939,0.9427284,16.6436,3.408682,-1.3,7.924651
2026-08-17 15:26:08.568,31.23353,True,18.77752,1.090095,-8.571256,-0.1681174,-0.1156301,0.1469764,0.9678658,-0.2732474,0.2914403,0.9167325,True,0.1290347,0.9407105,16.6102,3.401715,-1.3,7.931709
2026-08-17 15:26:08.607,31.27342,True,18.77715,1.08917,-8.571128,-0.1661493,-0.1170041,0.1484871,0.9678099,-0.2758174,0.2868546,0.9174089,True,0.1259134,0.9294111,16.5911,3.3627,-1.3,7.925722
2026-08-17 15:26:08.645,31.31134,True,18.7774,1.088437,-8.570989,-0.1628288,-0.1182234,0.1462987,0.9685591,-0.2766559,0.2808267,0.9190201,True,0.1255034,0.91422,16.58859,3.310246,-1.3,7.911676
2026-08-17 15:26:08.679,31.34473,True,18.778,1.088294,-8.5706,-0.1612466,-0.1177391,0.1432332,0.9693407,-0.2744503,0.2788774,0.9202741,True,0.1289544,0.9088072,16.60971,3.291557,-1.3,7.900472
2026-08-17 15:26:08.726,31.39121,True,18.77848,1.088303,-8.570172,-0.1604192,-0.1164869,0.1412066,0.9699264,-0.2712719,0.2782922,0.921393,True,0.1335841,0.9066603,16.63804,3.284144,-1.3,7.890414
2026-08-17 15:26:08.768,31.434,True,18.78051,1.087753,-8.568399,-0.1560857,-0.1139235,0.1372349,0.9715067,-0.2641958,0.272008,0.9253174,True,0.1445687,0.8893531,16.70525,3.224384,-1.3,7.855033
2026-08-17 15:26:08.812,31.47772,True,18.78173,1.087606,-8.567277,-0.1543906,-0.1121078,0.1359836,0.9721646,-0.2599636,0.2696965,0.9271908,True,0.1509264,0.8827178,16.74415,3.201474,-1.3,7.837952
2026-08-17 15:26:08.856,31.5225,True,18.78476,1.086684,-8.566037,-0.1491579,-0.110417,0.1358331,0.9731955,-0.2554357,0.260323,0.93112,True,0.1586582,0.8585793,16.79145,3.118127,-1.3,7.803545
2026-08-17 15:26:08.891,31.55651,True,18.78802,1.085374,-8.565257,-0.1438514,-0.1081203,0.1352236,0.9743364,-0.2495953,0.2510784,0.9352336,True,0.1680744,0.8347504,16.84907,3.035849,-1.3,7.768387
2026-08-17 15:26:08.935,31.60068,True,18.79312,1.082371,-8.564204,-0.1335059,-0.1038339,0.1377751,0.9759164,-0.239454,0.2319698,0.9427894,True,0.1842638,0.7866318,16.94813,2.869701,-1.3,7.705013
2026-08-17 15:26:08.969,31.63506,True,18.79812,1.081537,-8.563645,-0.128739,-0.1009307,0.1383322,0.9767822,-0.2327922,0.2235759,0.9464785,True,0.1946355,0.7656764,17.01159,2.797345,-1.3,7.674389
2026-08-17 15:26:09.007,31.67385,True,18.8051,1.081905,-8.563062,-0.1304155,-0.09104807,0.1366036,0.9777738,-0.2136793,0.2301588,0.9494041,True,0.2205952,0.7787971,17.17043,2.842649,-1.3,7.650127
2026-08-17 15:26:09.047,31.71339,True,18.81038,1.082561,-8.562403,-0.1353591,-0.08028425,0.1349893,0.978269,-0.1936232,0.2431602,0.9504647,True,0.2468273,0.8071426,17.33093,2.940523,-1.3,7.640897
2026-08-17 15:26:09.084,31.74954,True,18.81526,1.083551,-8.561774,-0.1392612,-0.07096364,0.1334421,0.978654,-0.1760643,0.2536379,0.951141,True,0.269727,0.8301681,17.47104,3.020026,-1.3,7.634803
2026-08-17 15:26:09.126,31.7906,True,18.82071,1.083596,-8.560818,-0.139339,-0.0572728,0.1330253,0.9795962,-0.1492797,0.2577544,0.954609,True,0.3047398,0.8371381,17.68527,3.044093,-1.3,7.606064
2026-08-17 15:26:09.169,31.8342,True,18.82512,1.082337,-8.55942,-0.1326181,-0.04779213,0.13203,0.981171,-0.1288036,0.2476221,0.9602567,True,0.3318875,0.8111408,17.85138,2.954328,-1.3,7.559874
2026-08-17 15:26:09.203,31.868,True,18.82782,1.081357,-8.558542,-0.1278663,-0.04431028,0.1287059,0.9824061,-0.1199757,0.2398273,0.9633736,True,0.3437337,0.7920289,17.92386,2.888337,-1.3,7.534504
2026-08-17 15:26:09.238,31.90324,True,18.83043,1.080758,-8.557798,-0.1235702,-0.04036133,0.1232807,0.9838207,-0.1098843,0.2331903,0.9662027,True,0.3569961,0.7758308,18.00501,2.832407,-1.3,7.511672
2026-08-17 15:26:09.281,31.94519,True,18.83431,1.080685,-8.556876,-0.1192029,-0.03566897,0.1144233,0.9856094,-0.09759051,0.2268122,0.9690368,True,0.3730892,0.7604288,18.10348,2.779226,-1.3,7.488752
2026-08-17 15:26:09.312,31.97863,True,18.83683,1.08131,-8.555831,-0.1209493,-0.02967842,0.1100761,0.9860901,-0.08515844,0.2320001,0.9689809,True,0.3887264,0.7718179,18.19916,2.818551,-1.3,7.488104
2026-08-17 15:26:09.357,32.02217,True,18.8399,1.081979,-8.554369,-0.1237741,-0.02119084,0.1082947,0.9861557,-0.06860309,0.2395313,0.9684619,True,0.4094604,0.7885182,18.32602,2.876215,-1.3,7.490609
2026-08-17 15:26:09.391,32.05732,True,18.84169,1.081931,-8.553518,-0.1236147,-0.01685629,0.107703,0.9863241,-0.05987889,0.2402174,0.9688705,True,0.4204736,0.7897117,18.39341,2.880336,-1.3,7.486571
2026-08-17 15:26:09.426,32.09191,True,18.84304,1.081634,-8.552742,-0.1223914,-0.01542747,0.1061637,0.9866669,-0.05643059,0.2382434,0.9695647,True,0.4249699,0.7849207,18.42092,2.863793,-1.3,7.480411
2026-08-17 15:26:09.469,32.13511,True,18.84449,1.081048,-8.551891,-0.1196584,-0.014768,0.1034602,0.9872993,-0.05392064,0.2332216,0.9709275,True,0.4283749,0.7731028,18.44175,2.822988,-1.3,7.469035
2026-08-17 15:26:09.514,32.17926,True,18.84552,1.080684,-8.550866,-0.1178745,-0.01408156,0.100905,0.9877882,-0.05160744,0.2300282,0.9718146,True,0.4314342,0.7655653,18.46047,2.796962,-1.3,7.461162
2026-08-17 15:26:09.557,32.22315,True,18.84589,1.080793,-8.549643,-0.1187329,-0.01274533,0.09928527,0.9878677,-0.04875826,0.2320539,0.9714801,True,0.434958,0.7700623,18.48203,2.812489,-1.3,7.462471
2026-08-17 15:26:09.591,32.25658,True,18.84593,1.081056,-8.548836,-0.1198307,-0.01179495,0.09804098,0.9878712,-0.04680043,0.2344419,0.9710029,True,0.4373306,0.775492,18.49655,2.831237,-1.3,7.465308
2026-08-17 15:26:09.628,32.29333,True,18.84577,1.081648,-8.548124,-0.1219933,-0.01055113,0.0964203,0.9877801,-0.04436966,0.2389704,0.9700126,True,0.4402211,0.7859311,18.51423,2.867282,-1.3,7.472197
2026-08-17 15:26:09.667,32.33419,True,18.84538,1.082349,-8.547198,-0.1251625,-0.009110697,0.09493747,0.9875415,-0.04175961,0.2454765,0.9685027,True,0.4432706,0.8009738,18.53289,2.919222,-1.3,7.482889
2026-08-17 15:26:09.702,32.3679,True,18.84506,1.082723,-8.546801,-0.1263169,-0.00799082,0.09534095,0.9873654,-0.03986606,0.2479181,0.9679604,True,0.4455107,0.8066448,18.5466,2.938804,-1.3,7.48667
2026-08-17 15:26:09.747,32.4126,True,18.84488,1.082819,-8.546633,-0.1275111,-0.00837675,0.0967421,0.9870723,-0.04120829,0.2501045,0.9673415,True,0.4438074,0.8117476,18.53618,2.956423,-1.3,7.491286
2026-08-17 15:26:09.781,32.44657,True,18.84498,1.082832,-8.546755,-0.128197,-0.008835546,0.09751916,0.986903,-0.04244298,0.2513127,0.9669749,True,0.442292,0.8145887,18.52691,2.966233,-1.3,7.494253
2026-08-17 15:26:09.824,32.48936,True,18.84488,1.082935,-8.54711,-0.1289844,-0.01026979,0.09795811,0.986743,-0.04553742,0.2525369,0.9665151,True,0.4384547,0.8175633,18.50343,2.976504,-1.3,7.498186
2026-08-17 15:26:09.857,32.52288,True,18.84468,1.082913,-8.547497,-0.1299635,-0.01215695,0.09858941,0.9865302,-0.04961246,0.2540288,0.9659234,True,0.4333889,0.8211642,18.47243,2.988937,-1.3,7.50318
2026-08-17 15:26:09.900,32.56668,True,18.84464,1.082781,-8.547852,-0.1302145,-0.01354867,0.09900156,0.9864377,-0.05251272,0.2542143,0.9657212,True,0.4298084,0.8216716,18.45052,2.990689,-1.3,7.505118
2026-08-17 15:26:09.935,32.60036,True,18.84458,1.082546,-8.548182,-0.1295306,-0.01472466,0.09934386,0.9864765,-0.0547872,0.2526321,0.96601,True,0.4270257,0.8180255,18.4335,2.9781,-1.3,7.503216
2026-08-17 15:26:09.978,32.64457,True,18.84454,1.082423,-8.548605,-0.1292737,-0.01664416,0.09876718,0.9865376,-0.05837616,0.2517788,0.9660226,True,0.4226147,0.8161603,18.40651,2.971659,-1.3,7.503556
2026-08-17 15:26:10.023,32.68922,True,18.84448,1.082232,-8.548885,-0.1293339,-0.01761817,0.09881686,0.9865078,-0.06032166,0.2516958,0.9659247,True,0.4202094,0.8160014,18.39179,2.971111,-1.3,7.504607
2026-08-17 15:26:10.058,32.72306,True,18.84452,1.082107,-8.549157,-0.1290111,-0.0184275,0.09857425,0.9865595,-0.061794,0.2509212,0.9660332,True,0.4184164,0.8142407,18.38082,2.965031,-1.3,7.504045
2026-08-17 15:26:10.091,32.75669,True,18.84439,1.082175,-8.549241,-0.129122,-0.01933354,0.09728068,0.9866561,-0.06327327,0.2510364,0.9659075,True,0.4165683,0.8145883,18.36951,2.966231,-1.3,7.505109
2026-08-17 15:26:10.135,32.80053,True,18.84427,1.082031,-8.549526,-0.1282077,-0.02065712,0.09656509,0.9868187,-0.06553044,0.2490461,0.9662721,True,0.4138082,0.8100373,18.35262,2.950517,-1.3,7.502572
2026-08-17 15:26:10.168,32.83419,True,18.84409,1.081619,-8.549863,-0.127272,-0.02279134,0.09672122,0.9868776,-0.06960431,0.2467949,0.9665648,True,0.4088057,0.8048891,18.32202,2.932741,-1.3,7.500648
2026-08-17 15:26:10.213,32.87849,True,18.84351,1.080999,-8.550488,-0.1257951,-0.02754227,0.09814007,0.9868057,-0.07904881,0.2428647,0.966834,True,0.3971517,0.7960703,18.25071,2.902291,-1.3,7.499207
2026-08-17 15:26:10.247,32.91322,True,18.84305,1.080752,-8.55102,-0.1253462,-0.03117682,0.09863816,0.9867051,-0.0862525,0.241209,0.9666327,True,0.3882172,0.7925504,18.19604,2.890138,-1.3,7.501319
2026-08-17 15:26:10.291,32.95655,True,18.84226,1.080826,-8.551672,-0.1264444,-0.03510984,0.09840133,0.9864565,-0.09415326,0.242554,0.9655582,True,0.3782626,0.7961277,18.13513,2.90249,-1.3,7.510341
2026-08-17 15:26:10.335,33.00042,True,18.8409,1.081071,-8.55231,-0.1279685,-0.03880903,0.09820105,0.9861412,-0.1016757,0.2447679,0.9642358,True,0.368626,0.8017912,18.07617,2.922045,-1.3,7.521303
2026-08-17 15:26:10.368,33.03387,True,18.83994,1.081173,-8.552744,-0.1286844,-0.04133648,0.09870968,0.9858946,-0.1069116,0.2455778,0.9634632,True,0.3619198,0.8040459,18.03514,2.92983,-1.3,7.527785
2026-08-17 15:26:10.412,33.07816,True,18.83891,1.081068,-8.55332,-0.1293662,-0.04385423,0.100599,0.9855055,-0.1124654,0.2461587,0.9626824,True,0.3547944,0.8057597,17.99154,2.935748,-1.3,7.534489
2026-08-17 15:26:10.446,33.11177,True,18.83819,1.081109,-8.553773,-0.1297539,-0.04541057,0.1011308,0.9853296,-0.115733,0.2465159,0.9622036,True,0.3505736,0.8068525,17.96571,2.939521,-1.3,7.538709
2026-08-17 15:26:10.490,33.15562,True,18.8374,1.081056,-8.55464,-0.1298221,-0.04839245,0.1011984,0.9851717,-0.1216253,0.2459997,0.9616088,True,0.3430731,0.8061064,17.91982,2.936944,-1.3,7.544274
2026-08-17 15:26:10.533,33.2001,True,18.83661,1.08092,-8.55534,-0.1297522,-0.05108273,0.1020095,0.9849615,-0.1271009,0.24518,0.9611098,True,0.3360974,0.8046058,17.87714,2.931763,-1.3,7.548918
2026-08-17 15:26:10.579,33.24461,True,18.83582,1.081062,-8.555921,-0.1305831,-0.05287084,0.1019942,0.9847589,-0.1307675,0.2464007,0.9603055,True,0.331296,0.8078102,17.84776,2.942828,-1.3,7.555846
2026-08-17 15:26:10.612,33.27851,True,18.83546,1.081014,-8.556355,-0.1305448,-0.05339063,0.1024865,0.9846848,-0.131904,0.2461473,0.960215,True,0.3298085,0.807325,17.83866,2.941152,-1.3,7.557012
2026-08-17 15:26:10.659,33.32413,True,18.83476,1.081196,-8.556918,-0.1301851,-0.05433362,0.1025947,0.9846695,-0.1337139,0.24523,0.9601994,True,0.3274425,0.8054203,17.82418,2.934576,-1.3,7.55772
2026-08-17 15:26:10.702,33.36715,True,18.83409,1.081418,-8.557543,-0.1307089,-0.05524153,0.1036602,0.984438,-0.1358623,0.2458969,0.9597271,True,0.3245832,0.8072555,17.80669,2.940912,-1.3,7.56209
2026-08-17 15:26:10.745,33.41111,True,18.8332,1.081457,-8.558467,-0.1303596,-0.05749099,0.1051172,0.984201,-0.1405714,0.2445136,0.9594023,True,0.3185359,0.8044868,17.76969,2.931352,-1.3,7.565614
2026-08-17 15:26:10.779,33.445,True,18.83251,1.081339,-8.559211,-0.1307067,-0.06003612,0.1061185,0.9838955,-0.1458793,0.2444615,0.9586229,True,0.3116946,0.8048288,17.72783,2.932533,-1.3,7.57254
2026-08-17 15:26:10.813,33.47847,True,18.83139,1.081272,-8.560342,-0.1309469,-0.06407123,0.1081253,0.9833905,-0.1543314,0.2436885,0.9574956,True,0.3007975,0.8038269,17.66115,2.929073,-1.3,7.582638
2026-08-17 15:26:10.847,33.5122,True,18.82995,1.081374,-8.561543,-0.1320165,-0.06853508,0.1097839,0.9827625,-0.163694,0.2444337,0.9557492,True,0.2885541,0.8065627,17.58624,2.93852,-1.3,7.59775
2026-08-17 15:26:10.890,33.55556,True,18.82834,1.081298,-8.563203,-0.1332109,-0.07386096,0.1127542,0.9818788,-0.1750852,0.2449377,0.9535988,True,0.2736059,0.8089883,17.49478,2.946896,-1.3,7.616623
2026-08-17 15:26:10.923,33.5891,True,18.82712,1.081128,-8.564775,-0.1328011,-0.07906331,0.1133331,0.9814625,-0.1852968,0.2427575,0.9522257,True,0.2603121,0.8050182,17.41344,2.933187,-1.3,7.629256
2026-08-17 15:26:10.957,33.62292,True,18.8258,1.080696,-8.566609,-0.1305917,-0.08528908,0.1133432,0.9812364,-0.1969808,0.2369487,0.9513432,True,0.2452382,0.7926762,17.32121,2.890572,-1.3,7.638263
2026-08-17 15:26:11.000,33.66658,True,18.82385,1.080737,-8.568301,-0.1307182,-0.09112822,0.11134,0.980924,-0.2078881,0.2361569,0.9492168,True,0.2306626,0.7922289,17.23202,2.889027,-1.3,7.657156
2026-08-17 15:26:11.034,33.70047,True,18.82243,1.080761,-8.569066,-0.131835,-0.09262343,0.1114448,0.9806225,-0.2110419,0.2379159,0.9480809,True,0.2261382,0.7968244,17.20434,2.904895,-1.3,7.667137
2026-08-17 15:26:11.070,33.73695,True,18.82141,1.080692,-8.570022,-0.1313744,-0.09334262,0.1121622,0.9805343,-0.2125217,0.2366953,0.9480558,True,0.2240747,0.7941769,17.19172,2.895753,-1.3,7.668347
2026-08-17 15:26:11.113,33.77886,True,18.82047,1.080413,-8.571319,-0.1302177,-0.09402611,0.1139445,0.9804178,-0.2140449,0.2339079,0.9484049,True,0.2220644,0.7878072,17.17941,2.87376,-1.3,7.666893
2026-08-17 15:26:11.158,33.82314,True,18.81937,1.080407,-8.572346,-0.1302057,-0.09448516,0.1166114,0.9800617,-0.2155695,0.2331831,0.9482381,True,0.2198876,0.7863602,17.1661,2.868763,-1.3,7.669324
2026-08-17 15:26:11.201,33.8669,True,18.8179,1.080715,-8.573296,-0.1309516,-0.09423935,0.1196999,0.9796135,-0.2159861,0.2340031,0.9479412,True,0.2190055,0.7885015,17.1607,2.876157,-1.3,7.672728
2026-08-17 15:26:11.246,33.91134,True,18.8157,1.081475,-8.574385,-0.1332631,-0.09635406,0.1190709,0.9791726,-0.22043,0.2380292,0.9459137,True,0.2124392,0.7988812,17.12052,2.911997,-1.3,7.690326
2026-08-17 15:26:11.283,33.94861,True,18.81343,1.081657,-8.574721,-0.1365071,-0.0990599,0.1220332,0.9780904,-0.2270959,0.2428554,0.9431059,True,0.2028261,0.8113184,17.0617,2.954941,-1.3,7.713579
2026-08-17 15:26:11.324,33.98982,True,18.80956,1.081802,-8.5758,-0.1383354,-0.1083767,0.1241773,0.9765745,-0.246032,0.2432739,0.9382356,True,0.1766659,0.8151975,16.90164,2.968335,-1.3,7.754768
2026-08-17 15:26:11.358,34.02337,True,18.80599,1.081124,-8.577291,-0.1368524,-0.1218389,0.1237545,0.9752495,-0.2715188,0.2367741,0.9328535,True,0.1417242,0.8035811,16.68784,2.928225,-1.3,7.801109
2026-08-17 15:26:11.392,34.05803,True,18.80172,1.080194,-8.579286,-0.1365212,-0.1390998,0.1215826,0.9732579,-0.3039571,0.2319165,0.9240264,True,0.09585959,0.797487,16.40721,2.907183,-1.3,7.877789
2026-08-17 15:26:11.435,34.10098,True,18.79586,1.078209,-8.581851,-0.1350245,-0.1631503,0.1283377,0.9688549,-0.3507954,0.2197616,0.9103008,True,0.02762455,0.7769199,15.98971,2.836168,-1.3,7.99939
2026-08-17 15:26:11.480,34.14548,True,18.79008,1.077167,-8.584588,-0.1362945,-0.1844116,0.1321202,0.9643446,-0.3916871,0.2141407,0.8948324,False,-1,-1,0,0,0,-1
2026-08-17 15:26:11.523,34.18941,True,18.78543,1.076011,-8.586276,-0.1396722,-0.1993278,0.139061,0.9599074,-0.4215183,0.2127073,0.8815203,False,-1,-1,0,0,0,-1
2026-08-17 15:26:11.557,34.2229,True,18.78269,1.076072,-8.587327,-0.143194,-0.2060958,0.1455954,0.9569859,-0.4361583,0.2140561,0.87404,False,-1,-1,0,0,0,-1
2026-08-17 15:26:11.590,34.25676,True,18.78004,1.076106,-8.588223,-0.1462481,-0.2117279,0.1502977,0.9545645,-0.4481775,0.2155621,0.8675655,False,-1,-1,0,0,0,-1
2026-08-17 15:26:11.627,34.29209,True,18.77812,1.075823,-8.588868,-0.1483831,-0.2157804,0.1557062,0.9524583,-0.457252,0.2154608,0.8628426,False,-1,-1,0,0,0,-1
2026-08-17 15:26:11.660,34.32656,True,18.77627,1.075955,-8.589039,-0.1504609,-0.2167802,0.1589029,0.9513767,-0.4602967,0.2173959,0.8607357,False,-1,-1,0,0,0,-1
2026-08-17 15:26:11.703,34.36849,True,18.77415,1.076699,-8.589174,-0.1523822,-0.2167434,0.1594098,0.9509945,-0.460826,0.2207271,0.8596039,False,-1,-1,0,0,0,-1
2026-08-17 15:26:11.745,34.4116,True,18.77259,1.077259,-8.589119,-0.154258,-0.2146559,0.1588969,0.9512513,-0.4574057,0.22526,0.8602546,False,-1,-1,0,0,0,-1
2026-08-17 15:26:11.790,34.45599,True,18.77174,1.077082,-8.589174,-0.1546802,-0.2135357,0.1594101,0.951349,-0.4556092,0.2262302,0.860953,False,-1,-1,0,0,0,-1
2026-08-17 15:26:11.825,34.49029,True,18.7709,1.07716,-8.589582,-0.1571621,-0.2126528,0.1615787,0.950774,-0.4551576,0.230131,0.8601577,False,-1,-1,0,0,0,-1
2026-08-17 15:26:11.858,34.52458,True,18.76988,1.078157,-8.58975,-0.1620738,-0.2098959,0.1646091,0.9500419,-0.4521775,0.2388523,0.8593516,False,-1,-1,0,0,0,-1
2026-08-17 15:26:11.903,34.56807,True,18.76927,1.07896,-8.590025,-0.1639241,-0.2042108,0.1670707,0.9505336,-0.4429924,0.2433954,0.8628537,False,-1,-1,0,0,0,-1
2026-08-17 15:26:11.948,34.61353,True,18.76941,1.079767,-8.589517,-0.1639518,-0.196147,0.1638258,0.9527892,-0.4274926,0.2481552,0.8692923,False,-1,-1,0,0,0,-1
2026-08-17 15:26:11.989,34.65588,True,18.77016,1.080528,-8.588609,-0.1618574,-0.1866803,0.1581966,0.9559951,-0.4081415,0.2504053,0.8779053,False,-1,-1,0,0,0,-1
2026-08-17 15:26:12.023,34.68922,True,18.77149,1.081112,-8.587542,-0.1578139,-0.1778153,0.1506564,0.9595724,-0.3888046,0.2492898,0.886953,False,-1,-1,0,0,0,-1
2026-08-17 15:26:12.058,34.72327,True,18.77321,1.081677,-8.586241,-0.1542041,-0.1682172,0.1433734,0.9629995,-0.3682038,0.2487613,0.8958481,False,-1,-1,0,0,0,-1
2026-08-17 15:26:12.102,34.76807,True,18.77636,1.082914,-8.583577,-0.1481165,-0.1505961,0.1309024,0.9686314,-0.3305219,0.2475138,0.9107646,True,0.05106056,0.8424211,16.1331,3.062334,-1.3,7.99721
2026-08-17 15:26:12.147,34.8128,True,18.77925,1.08458,-8.580834,-0.1446334,-0.1292719,0.1212912,0.9734775,-0.286772,0.2502356,0.92474,True,0.1145191,0.8402337,16.52139,3.054781,-1.3,7.873385
2026-08-17 15:26:12.181,34.84624,True,18.78265,1.086062,-8.578169,-0.1431817,-0.111703,0.1133417,0.9768189,-0.2506841,0.254404,0.9340429,True,0.1648415,0.8441796,16.82929,3.068407,-1.3,7.792115
2026-08-17 15:26:12.224,34.88993,True,18.78716,1.087747,-8.575348,-0.1418424,-0.089501,0.1079501,0.9799067,-0.2060291,0.2586613,0.9437406,True,0.2252433,0.8480532,17.19886,3.081781,-1.3,7.709054
2026-08-17 15:26:12.277,34.94299,True,18.79214,1.088426,-8.572572,-0.1415358,-0.0683513,0.1056199,0.9819064,-0.1641271,0.2635113,0.9505914,True,0.2804202,0.8546152,17.53647,3.104439,-1.3,7.650576
2026-08-17 15:26:12.320,34.98599,True,18.79526,1.088753,-8.571293,-0.1369995,-0.0577939,0.1033819,0.9834649,-0.1420031,0.2575187,0.955782,True,0.3095887,0.8382334,17.71494,3.047875,-1.3,7.607689
2026-08-17 15:26:12.357,35.02294,True,18.79772,1.088685,-8.570695,-0.1333405,-0.05125613,0.1005913,0.984619,-0.1277613,0.2522674,0.9591863,True,0.3282751,0.8246253,17.82928,3.000888,-1.3,7.580066
2026-08-17 15:26:12.390,35.05657,True,18.79916,1.088288,-8.570805,-0.1309341,-0.04893321,0.1005547,0.9850637,-0.1227367,0.2481159,0.9609236,True,0.3350087,0.8144201,17.87048,2.965651,-1.3,7.566475
2026-08-17 15:26:12.426,35.09078,True,18.80113,1.087865,-8.57074,-0.127978,-0.0461988,0.09864095,0.9857775,-0.1163312,0.2432015,0.9629746,True,0.3435588,0.8023887,17.92279,2.924108,-1.3,7.550292
2026-08-17 15:26:12.469,35.13424,True,18.80277,1.087527,-8.570673,-0.1249642,-0.04456008,0.09509875,0.9865873,-0.1116927,0.2381009,0.9647967,True,0.3498119,0.7901494,17.96105,2.881847,-1.3,7.535964
2026-08-17 15:26:12.502,35.16816,True,18.80381,1.087361,-8.570798,-0.1233257,-0.04410445,0.09298974,0.9870149,-0.1099995,0.2352462,0.9656911,True,0.3521913,0.7834037,17.97561,2.858555,-1.3,7.529113
2026-08-17 15:26:12.546,35.21206,True,18.80461,1.087242,-8.57091,-0.1221375,-0.044259,0.09129553,0.9873139,-0.1096963,0.2330947,0.9662471,True,0.3527706,0.7783934,17.97916,2.841255,-1.3,7.524896
2026-08-17 15:26:12.591,35.25635,True,18.80529,1.087158,-8.570701,-0.1218155,-0.04424049,0.09049665,0.9874281,-0.1094164,0.2325608,0.9664075,True,0.3532519,0.7771069,17.9821,2.836813,-1.3,7.523431
2026-08-17 15:26:12.626,35.29111,True,18.80588,1.087137,-8.57059,-0.1212904,-0.04353286,0.08996402,0.9875728,-0.1078073,0.2317335,0.966787,True,0.3553808,0.7750921,17.99513,2.829856,-1.3,7.520363
2026-08-17 15:26:12.668,35.33405,True,18.80676,1.086971,-8.570336,-0.1199284,-0.04307788,0.08854192,0.9878876,-0.1063496,0.2293231,0.967523,True,0.3574207,0.7693971,18.00761,2.810192,-1.3,7.514381
2026-08-17 15:26:12.705,35.37065,True,18.80703,1.086827,-8.570236,-0.1189444,-0.04325362,0.08769865,0.9880741,-0.1063381,0.2274652,0.9679627,True,0.3575393,0.7650804,18.00834,2.795287,-1.3,7.510865
2026-08-17 15:26:12.746,35.41222,True,18.80749,1.086767,-8.569988,-0.1178092,-0.04340008,0.08614307,0.9883404,-0.106085,0.2253939,0.9684749,True,0.3579996,0.7602816,18.01115,2.778717,-1.3,7.506636
2026-08-17 15:26:12.790,35.45611,True,18.80768,1.086863,-8.569742,-0.1181684,-0.04343729,0.08593608,0.988314,-0.1061692,0.2261092,0.9682989,True,0.3579072,0.7619371,18.01059,2.784434,-1.3,7.507746
2026-08-17 15:26:12.824,35.48983,True,18.80777,1.087026,-8.569641,-0.119088,-0.04392859,0.08624814,0.9881546,-0.1073587,0.2277772,0.9677767,True,0.3563927,0.7658715,18.00132,2.798019,-1.3,7.511693
2026-08-17 15:26:12.865,35.53135,True,18.80763,1.087127,-8.569492,-0.1199797,-0.04481152,0.08613262,0.9880172,-0.1092174,0.2293645,0.9671936,True,0.3540102,0.7696443,17.98674,2.811046,-1.3,7.516067
2026-08-17 15:26:12.914,35.57906,True,18.80756,1.086841,-8.569649,-0.1197704,-0.04629879,0.08615915,0.9879717,-0.1121224,0.2286815,0.967023,True,0.3504037,0.7681732,17.96467,2.805966,-1.3,7.517556
2026-08-17 15:26:12.957,35.62247,True,18.80751,1.086807,-8.569732,-0.120201,-0.04726704,0.08590937,0.9878953,-0.1140426,0.2293706,0.9666351,True,0.3479778,0.7698699,17.94983,2.811825,-1.3,7.520658
2026-08-17 15:26:12.990,35.65643,True,18.80738,1.086614,-8.569716,-0.1204401,-0.04772473,0.08562638,0.9878688,-0.1149173,0.2297851,0.966433,True,0.3468535,0.7708203,17.94295,2.815106,-1.3,7.522214
2026-08-17 15:26:13.034,35.70015,True,18.80746,1.086529,-8.570001,-0.1196158,-0.04792174,0.08567428,0.9879552,-0.1151851,0.2281388,0.9667912,True,0.3465838,0.7670447,17.9413,2.80207,-1.3,7.519722
2026-08-17 15:26:13.074,35.73972,True,18.80744,1.086487,-8.570137,-0.1195584,-0.04788814,0.08655156,0.9878873,-0.1153121,0.227931,0.966825,True,0.3464269,0.7665718,17.94034,2.800436,-1.3,7.519599
2026-08-17 15:26:13.114,35.78067,True,18.8073,1.086661,-8.570449,-0.1208069,-0.0476862,0.08828634,0.9875916,-0.1155202,0.2301956,0.9662635,True,0.34606,0.7718669,17.9381,2.81872,-1.3,7.524292
2026-08-17 15:26:13.159,35.82443,True,18.80675,1.086869,-8.570851,-0.1224889,-0.04822436,0.09028696,0.9871774,-0.1173303,0.2331284,0.9653418,True,0.3435977,0.7788313,17.92303,2.842767,-1.3,7.531893
2026-08-17 15:26:13.203,35.86939,True,18.80634,1.086734,-8.571366,-0.1232669,-0.04948492,0.09267491,0.9867968,-0.1205106,0.2341067,0.964713,True,0.3395083,0.7812953,17.89801,2.851275,-1.3,7.537335
2026-08-17 15:26:13.242,35.90924,True,18.80582,1.086726,-8.57177,-0.1238523,-0.05044785,0.09404231,0.9865453,-0.1228329,0.2348833,0.9642313,True,0.3364784,0.7832728,17.87947,2.858103,-1.3,7.54152
2026-08-17 15:26:13.279,35.94469,True,18.80552,1.08673,-8.572022,-0.1241418,-0.05099767,0.09484126,0.9864042,-0.1241562,0.2352346,0.9639761,True,0.3347537,0.7841951,17.86892,2.861288,-1.3,7.543778
2026-08-17 15:26:13.314,35.97966,True,18.80526,1.086592,-8.572376,-0.1243132,-0.05197896,0.09600659,0.9862186,-0.126395,0.2352193,0.9636889,True,0.3318962,0.7843,17.85143,2.86165,-1.3,7.546395
2026-08-17 15:26:13.357,36.02261,True,18.8049,1.086319,-8.572667,-0.1239095,-0.05320433,0.0966493,0.9861413,-0.1288855,0.2341003,0.9636315,True,0.3287505,0.7818261,17.83219,2.853108,-1.3,7.547145
2026-08-17 15:26:13.401,36.06664,True,18.80449,1.086362,-8.572752,-0.1241176,-0.0538123,0.09672627,0.9860746,-0.1301367,0.2343683,0.9633981,True,0.327098,0.7825545,17.82207,2.855623,-1.3,7.549062
2026-08-17 15:26:13.435,36.10085,True,18.80437,1.086372,-8.572782,-0.1241903,-0.05427137,0.09648748,0.9860637,-0.1309957,0.2344461,0.9632628,True,0.3259951,0.7828015,17.81533,2.856476,-1.3,7.550152
2026-08-17 15:26:13.480,36.14539,True,18.80433,1.086367,-8.572772,-0.124303,-0.05437444,0.09665526,0.9860274,-0.1312584,0.2346211,0.9631844,True,0.3256522,0.7832239,17.81323,2.857934,-1.3,7.550758
2026-08-17 15:26:13.524,36.18971,True,18.80439,1.086374,-8.572631,-0.1244093,-0.05387439,0.09651195,0.9860555,-0.1302602,0.2349499,0.9632397,True,0.3269061,0.7839056,17.8209,2.860288,-1.3,7.550177
2026-08-17 15:26:13.566,36.23159,True,18.80454,1.086423,-8.572505,-0.1239934,-0.05320084,0.09577069,0.9862167,-0.128685,0.2343786,0.9635906,True,0.3289348,0.7824748,17.83331,2.855348,-1.3,7.547297
2026-08-17 15:26:13.601,36.26674,True,18.80487,1.086323,-8.572435,-0.1234582,-0.05278899,0.095265,0.9863549,-0.1276599,0.2334894,0.9639428,True,0.330312,0.7803109,17.84174,2.847876,-1.3,7.544468
2026-08-17 15:26:13.637,36.30193,True,18.80508,1.086242,-8.572407,-0.1229485,-0.0530655,0.09445382,0.9864817,-0.1279222,0.2325483,0.9641355,True,0.3300555,0.7781276,17.84017,2.840338,-1.3,7.54293
2026-08-17 15:26:13.684,36.34888,True,18.80542,1.086159,-8.572281,-0.1226567,-0.0529439,0.09375453,0.9865913,-0.1274672,0.2320967,0.9643046,True,0.3307022,0.7770192,17.84413,2.83651,-1.3,7.541477
2026-08-17 15:26:13.723,36.38894,True,18.80585,1.086135,-8.572182,-0.1224611,-0.05264346,0.09373423,0.9866336,-0.1268372,0.2317795,0.9644639,True,0.3315775,0.7762291,17.84948,2.833782,-1.3,7.540128
2026-08-17 15:26:13.757,36.42326,True,18.8062,1.0861,-8.572161,-0.1220919,-0.05276671,0.093006,0.9867417,-0.1268448,0.2311311,0.9646185,True,0.33165,0.7747207,17.84993,2.828574,-1.3,7.538898
2026-08-17 15:26:13.792,36.45682,True,18.80645,1.086121,-8.572014,-0.1221302,-0.0524198,0.09283634,0.9867714,-0.126129,0.2312963,0.9646727,True,0.3325852,0.7750487,17.85565,2.829707,-1.3,7.538322
2026-08-17 15:26:13.826,36.49227,True,18.80676,1.086163,-8.571898,-0.1219153,-0.05218289,0.09227854,0.9868629,-0.125495,0.2309966,0.9648272,True,0.3334433,0.7743179,17.8609,2.827183,-1.3,7.536995
2026-08-17 15:26:13.864,36.52892,True,18.80713,1.086084,-8.571846,-0.1216967,-0.0519198,0.09200048,0.9869297,-0.1248747,0.2306588,0.9649885,True,0.334296,0.77347,17.86612,2.824255,-1.3,7.535681
2026-08-17 15:26:13.904,36.56968,True,18.80723,1.086173,-8.571744,-0.1215822,-0.05157806,0.0917151,0.9869883,-0.1241157,0.2305394,0.965115,True,0.3352689,0.7731621,17.87207,2.823192,-1.3,7.534588
2026-08-17 15:26:13.946,36.61208,True,18.8075,1.086125,-8.571597,-0.1213669,-0.05115642,0.09140542,0.9870654,-0.1231766,0.2302421,0.9653062,True,0.336503,0.77239,17.87962,2.820526,-1.3,7.532943
2026-08-17 15:26:13.979,36.64556,True,18.80766,1.086102,-8.571591,-0.1209393,-0.05121538,0.09121976,0.987132,-0.1231768,0.2294224,0.9655014,True,0.3365589,0.7704931,17.87996,2.813977,-1.3,7.531415
2026-08-17 15:26:14.024,36.68977,True,18.80762,1.086008,-8.571481,-0.1206185,-0.05160733,0.09071331,0.9871975,-0.1237767,0.2287856,0.9655758,True,0.3358279,0.7690312,17.87549,2.808929,-1.3,7.53072
2026-08-17 15:26:14.069,36.73431,True,18.80753,1.085951,-8.571381,-0.1204793,-0.05237419,0.09065475,0.9871795,-0.1252495,0.2283735,0.9654834,True,0.3339877,0.7681566,17.86423,2.805909,-1.3,7.531337
2026-08-17 15:26:14.112,36.77827,True,18.80742,1.085913,-8.571263,-0.1206581,-0.05289637,0.09067369,0.9871281,-0.126312,0.2286174,0.9652872,True,0.3326322,0.7687707,17.85594,2.808029,-1.3,7.532746
2026-08-17 15:26:14.157,36.82344,True,18.80715,1.085966,-8.571164,-0.1212812,-0.05332039,0.09082587,0.9870149,-0.127287,0.2297269,0.9648956,True,0.3313268,0.7714031,17.84795,2.817119,-1.3,7.5357
2026-08-17 15:26:14.193,36.85862,True,18.80692,1.086047,-8.571136,-0.1216832,-0.05358691,0.0912659,0.9869104,-0.127982,0.2303996,0.9646433,True,0.3303932,0.7730242,17.84224,2.822716,-1.3,7.537642
2026-08-17 15:26:14.235,36.90136,True,18.80677,1.086102,-8.571126,-0.1216008,-0.05381099,0.09170566,0.9868676,-0.1285116,0.2301382,0.9646353,True,0.3297157,0.7724732,17.83809,2.820814,-1.3,7.537694
2026-08-17 15:26:14.279,36.94532,True,18.8065,1.086097,-8.571064,-0.1219956,-0.05429117,0.09198291,0.9867668,-0.1295885,0.2307747,0.9643391,True,0.3282968,0.7740117,17.82941,2.826126,-1.3,7.539945
2026-08-17 15:26:14.315,36.98032,True,18.80637,1.086107,-8.570988,-0.122218,-0.05475883,0.09232239,0.9866818,-0.130626,0.2310696,0.9641285,True,0.3269636,0.7747635,17.82125,2.828722,-1.3,7.541512
2026-08-17 15:26:14.348,37.01405,True,18.80635,1.086243,-8.570911,-0.1222882,-0.05477446,0.09204289,0.9866983,-0.1306032,0.2312399,0.9640907,True,0.3269835,0.7751891,17.82137,2.830191,-1.3,7.541729
2026-08-17 15:26:14.393,37.05827,True,18.8063,1.086231,-8.57075,-0.1230189,-0.05474586,0.09239987,0.9865757,-0.1307557,0.2326178,0.9637385,True,0.3267326,0.7783697,17.81984,2.841174,-1.3,7.544319
2026-08-17 15:26:14.434,37.10025,True,18.80628,1.086243,-8.570759,-0.1227902,-0.05477184,0.09186453,0.9866527,-0.1306417,0.2322394,0.9638452,True,0.326887,0.7774911,17.82079,2.83814,-1.3,7.543492
2026-08-17 15:26:14.468,37.13415,True,18.80629,1.086211,-8.570777,-0.1227528,-0.05472723,0.09204555,0.986643,-0.1305902,0.2321516,0.9638733,True,0.3269563,0.7772765,17.82121,2.837399,-1.3,7.54329
2026-08-17 15:26:14.512,37.17825,True,18.80608,1.086169,-8.570829,-0.1232614,-0.05545439,0.0926445,0.9864829,-0.1322486,0.2329154,0.9634629,True,0.3248069,0.7791533,17.80806,2.843879,-1.3,7.546558
2026-08-17 15:26:14.547,37.21278,True,18.8059,1.086229,-8.570921,-0.123879,-0.05632179,0.09327888,0.9862966,-0.1342106,0.2338557,0.9629637,True,0.3222698,0.7814972,17.79253,2.851972,-1.3,7.550565
2026-08-17 15:26:14.591,37.25655,True,18.80563,1.086351,-8.571054,-0.1249252,-0.05766592,0.09437376,0.9859828,-0.1372945,0.2354638,0.9621367,True,0.3182712,0.7855009,17.76807,2.865797,-1.3,7.557195
2026-08-17 15:26:14.631,37.29726,True,18.80526,1.086437,-8.57116,-0.1259591,-0.05927031,0.09539213,0.985658,-0.1408715,0.2369973,0.9612427,True,0.3136286,0.7893723,17.73966,2.879164,-1.3,7.564334
2026-08-17 15:26:14.670,37.33643,True,18.80507,1.086414,-8.571216,-0.1263886,-0.06032524,0.0966262,0.9854188,-0.1433161,0.2374334,0.9607736,True,0.3104876,0.7905787,17.72044,2.88333,-1.3,7.568084
2026-08-17 15:26:14.706,37.37165,True,18.8049,1.086551,-8.571187,-0.1262762,-0.0613497,0.09574859,0.9854556,-0.1450964,0.237131,0.9605811,True,0.3082232,0.7900578,17.70659,2.881531,-1.3,7.569571
2026-08-17 15:26:14.747,37.41267,True,18.80453,1.086641,-8.571014,-0.1265185,-0.06255281,0.09513776,0.9854081,-0.1473535,0.2374424,0.9601604,True,0.3052946,0.7909821,17.68867,2.884722,-1.3,7.572708
2026-08-17 15:26:14.784,37.45057,True,18.8045,1.086663,-8.570932,-0.1267428,-0.06299491,0.09486669,0.9853772,-0.1481948,0.2378266,0.9599358,True,0.304207,0.7919475,17.68201,2.888056,-1.3,7.574394
2026-08-17 15:26:14.824,37.48932,True,18.80451,1.086741,-8.570773,-0.1271543,-0.0632481,0.09451159,0.9853421,-0.1486771,0.2386255,0.959663,True,0.3035626,0.7938601,17.67807,2.89466,-1.3,7.576382
2026-08-17 15:26:14.858,37.52342,True,18.80464,1.086598,-8.570688,-0.1266414,-0.06361432,0.09418006,0.9854163,-0.1492274,0.2376066,0.9598303,True,0.3029374,0.7914858,17.67425,2.886462,-1.3,7.574972
2026-08-17 15:26:14.891,37.55684,True,18.8047,1.08659,-8.570534,-0.1266115,-0.06379192,0.09355798,0.9854679,-0.1494208,0.2376066,0.9598002,True,0.302705,0.7914885,17.67282,2.886471,-1.3,7.575048
2026-08-17 15:26:14.937,37.60232,True,18.80504,1.086547,-8.570258,-0.1260681,-0.06329868,0.09253848,0.9856657,-0.148115,0.2368069,0.9602002,True,0.3044616,0.7894859,17.68357,2.879556,-1.3,7.571606
2026-08-17 15:26:14.980,37.64548,True,18.80534,1.086529,-8.569951,-0.1257771,-0.06266208,0.09159162,0.9858319,-0.1465888,0.2365114,0.9605072,True,0.3064654,0.7886448,17.69583,2.876652,-1.3,7.568867
2026-08-17 15:26:15.025,37.68956,True,18.80563,1.086589,-8.569777,-0.1255883,-0.06209562,0.0908974,0.9859561,-0.1452784,0.2363605,0.9607434,True,0.3081819,0.7881917,17.70634,2.875087,-1.3,7.566824
2026-08-17 15:26:15.058,37.72314,True,18.80583,1.086552,-8.569695,-0.1254399,-0.06209057,0.09059159,0.9860035,-0.1451706,0.2361186,0.9608192,True,0.3083637,0.7876041,17.70745,2.873059,-1.3,7.566142
2026-08-17 15:26:15.090,37.75666,True,18.80599,1.086432,-8.569652,-0.1248779,-0.06250458,0.09004869,0.9860983,-0.1457615,0.2350269,0.9609973,True,0.3076943,0.7850789,17.70335,2.864339,-1.3,7.564694
2026-08-17 15:26:15.126,37.79088,True,18.8061,1.086333,-8.569609,-0.1245323,-0.06290532,0.08964124,0.9861537,-0.1463951,0.2343381,0.9610693,True,0.3069425,0.7834995,17.69875,2.858886,-1.3,7.564083
2026-08-17 15:26:15.168,37.8341,True,18.80603,1.086368,-8.569572,-0.1242221,-0.06388953,0.08876444,0.9862089,-0.1480698,0.2336757,0.960974,True,0.3048444,0.7821066,17.68591,2.854077,-1.3,7.564796
2026-08-17 15:26:15.214,37.87968,True,18.8061,1.086222,-8.569551,-0.1239085,-0.06505504,0.08843224,0.9862019,-0.1502298,0.2328916,0.9608291,True,0.302157,0.7804222,17.66947,2.84826,-1.3,7.565915
2026-08-17 15:26:15.247,37.9135,True,18.8061,1.086167,-8.569516,-0.1239733,-0.06564429,0.0884281,0.9861552,-0.1513963,0.2329041,0.9606429,True,0.3006803,0.7805299,17.66043,2.848632,-1.3,7.567344
2026-08-17 15:26:15.290,37.95586,True,18.8063,1.08617,-8.569439,-0.1237188,-0.06561455,0.08808059,0.9862202,-0.1512152,0.2324691,0.9607768,True,0.3009647,0.7795011,17.66218,2.84508,-1.3,7.566209
2026-08-17 15:26:15.324,37.98954,True,18.80657,1.08612,-8.569407,-0.1230195,-0.06541468,0.08757816,0.9863657,-0.1505932,0.2312266,0.9611742,True,0.301856,0.7765523,17.66763,2.834898,-1.3,7.563048
2026-08-17 15:26:15.368,38.0339,True,18.80683,1.086113,-8.56937,-0.1222514,-0.06519886,0.08573882,0.986637,-0.1496186,0.2300554,0.9616074,True,0.3031865,0.7737552,17.67577,2.82524,-1.3,7.559603
2026-08-17 15:26:15.406,38.07177,True,18.80696,1.086056,-8.569257,-0.1219181,-0.06464527,0.0850524,0.9867741,-0.1483194,0.2296147,0.9619139,True,0.3048744,0.7726058,17.6861,2.821271,-1.3,7.557076
2026-08-17 15:26:15.445,38.11147,True,18.80799,1.085891,-8.568999,-0.1213673,-0.06136561,0.08346833,0.9871866,-0.1414193,0.2293802,0.9630085,True,0.3137704,0.7714564,17.74053,2.817303,-1.3,7.548219
2026-08-17 15:26:15.491,38.15646,True,18.81141,1.085632,-8.568259,-0.1189388,-0.05061778,0.08302636,0.9881285,-0.1197838,0.2266484,0.9665828,True,0.3415811,0.7635269,17.91069,2.789924,-1.3,7.519541
2026-08-17 15:26:15.536,38.20102,True,18.82077,1.085278,-8.567036,-0.1142028,-0.02525983,0.07729021,0.9901242,-0.06767426,0.2222453,0.9726393,True,0.4076827,0.7507409,18.31514,2.745775,-1.3,7.471459
2026-08-17 15:26:15.570,38.2356,True,18.82874,1.085305,-8.56649,-0.1092906,0.0006316006,0.06752921,0.9917132,-0.01350788,0.2168552,0.9761103,True,0.4751877,0.7373816,18.72818,2.699647,-1.3,7.444332
2026-08-17 15:26:15.613,38.27819,True,18.8347,1.085531,-8.56418,-0.106189,0.03360801,0.05621733,0.9921865,0.0547515,0.2144973,0.9751888,True,0.5592524,0.7326533,19.24254,2.683321,-1.3,7.448998
2026-08-17 15:26:15.646,38.31225,True,18.83852,1.085661,-8.561604,-0.1023963,0.05538701,0.05027387,0.9919273,0.09958407,0.2087084,0.9728945,True,0.6146995,0.7211041,19.5818,2.643443,-1.3,7.463916
2026-08-17 15:26:15.690,38.35639,True,18.84453,1.084355,-8.560331,-0.0901262,0.0742465,0.04123997,0.9923024,0.1399163,0.1849887,0.9727294,True,0.6648817,0.6694499,19.88885,2.465088,-1.3,7.463875
2026-08-17 15:26:15.735,38.40029,True,18.84804,1.082566,-8.560696,-0.08169247,0.07824963,0.03555511,0.9929447,0.1495859,0.1677966,0.9744067,True,0.676946,0.6311623,19.96267,2.332886,-1.3,7.451402
2026-08-17 15:26:15.768,38.43379,True,18.84939,1.081937,-8.560838,-0.07978334,0.07765269,0.03449996,0.993184,0.1487418,0.1638371,0.9752094,True,0.6759922,0.6221513,19.95683,2.301772,-1.3,7.445414
2026-08-17 15:26:15.812,38.47796,True,18.84988,1.081017,-8.561762,-0.07796119,0.07008884,0.03588675,0.9938419,0.1337189,0.1599927,0.9780192,True,0.657345,0.6126478,19.84274,2.268958,-1.3,7.424968
2026-08-17 15:26:15.856,38.52267,True,18.8479,1.080835,-8.563102,-0.08054851,0.05456768,0.03837506,0.9945158,0.1023547,0.1644016,0.9810686,True,0.6185986,0.621042,19.60566,2.297942,-1.3,7.403255
2026-08-17 15:26:15.901,38.56715,True,18.84521,1.080492,-8.564637,-0.08217292,0.03974797,0.04328831,0.9948838,0.07197497,0.1669463,0.9833354,True,0.5812184,0.6256489,19.37694,2.313849,-1.3,7.387751
2026-08-17 15:26:15.937,38.60172,True,18.84295,1.08027,-8.566218,-0.08438281,0.02744291,0.04879587,0.9948595,0.04636861,0.1705763,0.9842529,True,0.5498908,0.6330907,19.18526,2.339544,-1.3,7.382471
2026-08-17 15:26:15.980,38.64498,True,18.83933,1.080177,-8.568583,-0.08764963,0.01132687,0.05463972,0.9945872,0.01295281,0.1755882,0.9843785,True,0.508985,0.6438538,18.93497,2.376708,-1.3,7.383931
2026-08-17 15:26:16.012,38.67842,True,18.83624,1.080258,-8.57015,-0.0900951,-0.00162539,0.05743217,0.9942745,-0.01358088,0.1789718,0.9837605,True,0.4764445,0.6514361,18.73587,2.402889,-1.3,7.390163
2026-08-17 15:26:16.057,38.72289,True,18.83153,1.080384,-8.572363,-0.09312332,-0.01946509,0.059351,0.9936935,-0.0497386,0.1827615,0.9818983,True,0.4318714,0.660445,18.46315,2.433995,-1.3,7.406431
2026-08-17 15:26:16.101,38.76693,True,18.82665,1.080401,-8.574118,-0.09645154,-0.03644741,0.06072447,0.9928148,-0.084085,0.1870905,0.9787374,True,0.3891448,0.671129,18.20172,2.470886,-1.3,7.432145
2026-08-17 15:26:16.134,38.8003,True,18.82347,1.080312,-8.574895,-0.09879012,-0.04610428,0.06457406,0.9919401,-0.1042239,0.1900335,0.9762298,True,0.3638241,0.6785319,18.04679,2.496447,-1.3,7.452031
2026-08-17 15:26:16.169,38.83416,True,18.82014,1.079849,-8.575959,-0.09883537,-0.05720907,0.06842627,0.9910987,-0.1269255,0.188082,0.9739174,True,0.3352408,0.6752095,17.8719,2.484975,-1.3,7.470818
2026-08-17 15:26:16.202,38.86758,True,18.81822,1.079544,-8.576447,-0.09815763,-0.06401999,0.0689019,0.9907165,-0.1403778,0.1856706,0.972533,True,0.3182469,0.6705026,17.76792,2.468723,-1.3,7.481953
2026-08-17 15:26:16.246,38.9122,True,18.8164,1.079321,-8.576324,-0.09831306,-0.06820493,0.06955505,0.9903761,-0.1487734,0.1852458,0.9713653,True,0.3074675,0.6699931,17.70196,2.466964,-1.3,7.49082
2026-08-17 15:26:16.290,38.95578,True,18.81594,1.079294,-8.575986,-0.09724822,-0.06707131,0.06840516,0.9906387,-0.1461914,0.1834996,0.9720885,True,0.3106951,0.6658827,17.72171,2.452771,-1.3,7.4849
2026-08-17 15:26:16.324,38.98944,True,18.81605,1.079435,-8.575321,-0.09695901,-0.06326742,0.06753854,0.9909767,-0.13849,0.1836223,0.9731924,True,0.3203419,0.6657015,17.78074,2.452145,-1.3,7.475727
2026-08-17 15:26:16.357,39.02291,True,18.817,1.079133,-8.57466,-0.09537654,-0.05776606,0.06735637,0.9914785,-0.127396,0.1813458,0.9751328,True,0.3343747,0.6598684,17.8666,2.432004,-1.3,7.460174
2026-08-17 15:26:16.402,39.0676,True,18.81922,1.077285,-8.574272,-0.08941108,-0.05115519,0.07100429,0.9921427,-0.1142036,0.1701526,0.9787776,True,0.3513488,0.633761,17.97046,2.341859,-1.3,7.431997
2026-08-17 15:26:16.445,39.11114,True,18.82022,1.074467,-8.574806,-0.08060618,-0.05232225,0.07697688,0.9923909,-0.1162579,0.1519305,0.9815301,True,0.3494036,0.5928302,17.95856,2.20053,-1.3,7.411699
2026-08-17 15:26:16.478,39.14495,True,18.82034,1.073063,-8.575034,-0.07692239,-0.0549857,0.08167849,0.9921634,-0.1216754,0.1436569,0.982119,True,0.3429446,0.5744887,17.91903,2.137199,-1.3,7.407487
2026-08-17 15:26:16.525,39.19093,True,18.81986,1.072055,-8.575377,-0.07415009,-0.05849155,0.08481611,0.9919106,-0.128615,0.1371785,0.982161,True,0.3344629,0.5602999,17.86714,2.088207,-1.3,7.407519
2026-08-17 15:26:16.568,39.23378,True,18.81891,1.07214,-8.575615,-0.07542345,-0.06292337,0.08442196,0.991577,-0.1375215,0.1389521,0.9807039,True,0.3232727,0.5645821,17.79867,2.102993,-1.3,7.418768
2026-08-17 15:26:16.601,39.26715,True,18.81852,1.070802,-8.576293,-0.07224699,-0.06899678,0.0879961,0.9910986,-0.1494801,0.1310649,0.9800397,True,0.3085687,0.5474654,17.7087,2.043892,-1.3,7.424488
2026-08-17 15:26:16.637,39.30132,True,18.81815,1.070024,-8.576305,-0.07043004,-0.06953948,0.09009832,0.9910026,-0.1505189,0.1270619,0.9804077,True,0.3073173,0.5385306,17.70105,2.013041,-1.3,7.421714
2026-08-17 15:26:16.680,39.34515,True,18.818,1.069097,-8.576345,-0.06838398,-0.07252882,0.09016716,0.9909254,-0.1560733,0.1224474,0.9801264,True,0.3004996,0.5284206,17.65933,1.978132,-1.3,7.423884
2026-08-17 15:26:16.723,39.38933,True,18.81906,1.069648,-8.575811,-0.06787644,-0.06824607,0.08331788,0.9918636,-0.1466922,0.1232761,0.9814705,True,0.3123111,0.5299794,17.7316,1.983515,-1.3,7.413174
2026-08-17 15:26:16.768,39.43352,True,18.82068,1.069711,-8.574413,-0.06682754,-0.05959664,0.07680301,0.9930174,-0.1286261,0.1235674,0.9839646,True,0.3348893,0.5299,17.86975,1.98324,-1.3,7.392962
2026-08-17 15:26:16.801,39.46712,True,18.82087,1.068542,-8.573442,-0.06406219,-0.05665595,0.07763635,0.993307,-0.1225006,0.1184697,0.9853723,True,0.3425527,0.5182505,17.91664,1.943016,-1.3,7.381415
2026-08-17 15:26:16.845,39.51117,True,18.82063,1.066662,-8.572453,-0.05682053,-0.05761056,0.07504897,0.9938914,-0.1230459,0.1042996,0.9869049,True,0.3421064,0.4870371,17.91391,1.835241,-1.3,7.368949
2026-08-17 15:26:16.878,39.54462,True,18.82045,1.066797,-8.5716,-0.05487866,-0.05770578,0.06920609,0.9944189,-0.1223633,0.1011576,0.9873167,True,0.3429789,0.4802552,17.91924,1.811824,-1.3,7.365012
2026-08-17 15:26:16.912,39.57818,True,18.81989,1.067678,-8.570403,-0.05656114,-0.05781287,0.06414139,0.9946579,-0.1222639,0.1051016,0.986917,True,0.3429719,0.4889767,17.9192,1.841938,-1.3,7.366782
2026-08-17 15:26:16.947,39.61207,True,18.81901,1.06878,-8.569502,-0.05914459,-0.05882932,0.0619723,0.9945856,-0.1243522,0.1103571,0.9860821,True,0.3402049,0.500679,17.90227,1.882345,-1.3,7.372106
2026-08-17 15:26:16.980,39.64575,True,18.81817,1.06963,-8.568742,-0.06245464,-0.05957801,0.06144878,0.9943711,-0.1261608,0.1168842,0.9850997,True,0.3377525,0.5150836,17.88727,1.932082,-1.3,7.378686
2026-08-17 15:26:17.025,39.6897,True,18.81744,1.070595,-8.56815,-0.0657281,-0.06210103,0.06513876,0.9937707,-0.1319913,0.1225469,0.9836466,True,0.3303798,0.5278298,17.84216,1.976093,-1.3,7.388985
2026-08-17 15:26:17.069,39.73521,True,18.81726,1.071131,-8.568274,-0.06938127,-0.0633791,0.07066949,0.9930636,-0.1356852,0.1288421,0.9823387,True,0.3256696,0.5418284,17.81334,2.024428,-1.3,7.398948
2026-08-17 15:26:17.112,39.77795,True,18.81685,1.071999,-8.56881,-0.07374509,-0.06495087,0.07594869,0.9922575,-0.1400976,0.1364824,0.9806861,True,0.3199688,0.5589659,17.77846,2.083601,-1.3,7.411964
2026-08-17 15:26:17.145,39.81144,True,18.81616,1.072997,-8.569053,-0.07843623,-0.06589194,0.07915411,0.991585,-0.143092,0.1451211,0.979012,True,0.3159258,0.5783421,17.75372,2.150505,-1.3,7.424886
2026-08-17 15:26:17.180,39.84566,True,18.81548,1.07399,-8.569462,-0.082933,-0.06673884,0.08157658,0.9909658,-0.1458026,0.1534789,0.9773361,True,0.3122116,0.5971863,17.73099,2.215571,-1.3,7.438036
2026-08-17 15:26:17.213,39.87899,True,18.81448,1.074809,-8.570127,-0.08750042,-0.06793796,0.08576905,0.9901373,-0.1495455,0.1616209,0.9754562,True,0.3071323,0.6156657,17.69991,2.279378,-1.3,7.453053
2026-08-17 15:26:17.258,39.92304,True,18.8116,1.076595,-8.571788,-0.09976443,-0.07259764,0.09128173,0.988152,-0.1616883,0.1839112,0.9695533,True,0.2906247,0.6668049,17.59891,2.455955,-1.3,7.500143
2026-08-17 15:26:17.302,39.96822,True,18.80799,1.078355,-8.574063,-0.1110501,-0.08500944,0.1066794,0.9844089,-0.1910616,0.2004998,0.9608825,True,0.2518423,0.7074151,17.36161,2.596177,-1.3,7.570189
2026-08-17 15:26:17.346,40.01208,True,18.80372,1.078659,-8.576576,-0.1178293,-0.09883857,0.1230292,0.9804137,-0.2227983,0.2067229,0.9526944,True,0.2094142,0.7252002,17.10201,2.657586,-1.3,7.637892
2026-08-17 15:26:17.390,40.05639,True,18.7993,1.078599,-8.578351,-0.12491,-0.1120606,0.141557,0.9756032,-0.2540171,0.2119992,0.9436799,True,0.1666132,0.7414493,16.84013,2.713692,-1.3,7.712733
2026-08-17 15:26:17.431,40.09722,True,18.79423,1.078266,-8.580534,-0.1306244,-0.1268256,0.1542861,0.9711068,-0.2866294,0.2145656,0.9337051,True,0.1207073,0.7523509,16.55925,2.751334,-1.3,7.797466
2026-08-17 15:26:17.468,40.13436,True,18.79075,1.077727,-8.581607,-0.135732,-0.134913,0.1666139,0.967272,-0.3062249,0.2176227,0.9267506,True,0.09217966,0.7628595,16.3847,2.787619,-1.3,7.857137
2026-08-17 15:26:17.512,40.17824,True,18.78717,1.076168,-8.58287,-0.134751,-0.1441825,0.175843,0.964434,-0.3254991,0.2092099,0.9221072,True,0.06466651,0.7457445,16.21635,2.728523,-1.3,7.898073
2026-08-17 15:26:17.546,40.21258,True,18.78582,1.074357,-8.582911,-0.1289378,-0.1484132,0.1753244,0.9646813,-0.3315547,0.1967268,0.9226971,True,0.05690026,0.7163811,16.16884,2.627135,-1.3,7.893068
2026-08-17 15:26:17.583,40.24777,True,18.78426,1.072479,-8.582628,-0.1221201,-0.1516972,0.1728459,0.9655045,-0.3351447,0.1833746,0.9241492,True,0.05270952,0.6846398,16.14319,2.517537,-1.3,7.88036
2026-08-17 15:26:17.625,40.29063,True,18.78338,1.07116,-8.580945,-0.1149208,-0.1518225,0.1607676,0.9684508,-0.3310163,0.1737741,0.9274863,True,0.05951506,0.6608286,16.18484,2.43532,-1.3,7.850191
2026-08-17 15:26:17.670,40.3354,True,18.78306,1.071602,-8.577461,-0.1090772,-0.1400212,0.1443549,0.9734772,-0.3041066,0.1719429,0.9369925,True,0.09813237,0.6526423,16.42112,2.407053,-1.3,7.766829
2026-08-17 15:26:17.713,40.37895,True,18.78427,1.072959,-8.574492,-0.1100766,-0.1263153,0.1363831,0.9763848,-0.2766899,0.1804998,0.9438551,True,0.1358268,0.6691665,16.65176,2.464109,-1.3,7.707213
2026-08-17 15:26:17.746,40.4123,True,18.78563,1.073997,-8.572631,-0.110341,-0.1158142,0.1335987,0.9780406,-0.2560248,0.1848908,0.9488239,True,0.1638511,0.6770019,16.82323,2.491164,-1.3,7.66489
2026-08-17 15:26:17.790,40.45646,True,18.78809,1.075401,-8.570094,-0.1092633,-0.09970549,0.1286438,0.9805974,-0.223654,0.1886336,0.9562407,True,0.2070737,0.6823244,17.08769,2.509542,-1.3,7.602787
2026-08-17 15:26:17.825,40.48987,True,18.79003,1.07579,-8.568236,-0.105709,-0.08836368,0.123461,0.9827384,-0.1997786,0.1859497,0.9620349,True,0.2386168,0.6739573,17.28069,2.480652,-1.3,7.555064
2026-08-17 15:26:17.868,40.53365,True,18.79374,1.075606,-8.565518,-0.1008557,-0.07067654,0.1189554,0.9852322,-0.1632603,0.1819179,0.9696659,True,0.2859758,0.6618021,17.57047,2.438681,-1.3,7.492806
2026-08-17 15:26:17.913,40.57952,True,18.79967,1.074305,-8.563569,-0.09128805,-0.05324267,0.1161567,0.9875927,-0.1263716,0.1679418,0.9776634,True,0.3334253,0.6280187,17.86079,2.322032,-1.3,7.429519
2026-08-17 15:26:17.957,40.62257,True,18.80557,1.071344,-8.563448,-0.0793509,-0.04354919,0.1122207,0.9895521,-0.103998,0.1472695,0.9836138,True,0.3623228,0.5807585,18.0376,2.158848,-1.3,7.38445
2026-08-17 15:26:17.991,40.65683,True,18.80808,1.069422,-8.563342,-0.07270724,-0.03963203,0.1118847,0.990265,-0.09476209,0.1351304,0.9862859,True,0.3741913,0.5534534,18.11022,2.064568,-1.3,7.364336
2026-08-17 15:26:18.036,40.70101,True,18.80893,1.067864,-8.563145,-0.06819515,-0.04133805,0.1136479,0.9903155,-0.09737588,0.1256735,0.9872812,True,0.3713054,0.5325549,18.09257,1.992408,-1.3,7.356713
2026-08-17 15:26:18.079,40.74479,True,18.8092,1.068148,-8.563727,-0.06610539,-0.04930661,0.1080864,0.990715,-0.1119878,0.1203245,0.9863979,True,0.3536491,0.5214908,17.98453,1.954205,-1.3,7.363892
2026-08-17 15:26:18.112,40.77817,True,18.80929,1.067809,-8.564163,-0.06784644,-0.05576466,0.1079263,0.9902722,-0.1250892,0.1223359,0.9845743,True,0.3376077,0.5261813,17.88638,1.970401,-1.3,7.377973
2026-08-17 15:26:18.146,40.81213,True,18.80971,1.067757,-8.564427,-0.06818809,-0.05967162,0.108254,0.9899852,-0.1329113,0.122091,0.9835793,True,0.3280764,0.5259162,17.82806,1.969485,-1.3,7.385705
2026-08-17 15:26:18.180,40.84546,True,18.81054,1.06734,-8.56423,-0.06717485,-0.06023469,0.107582,0.9900936,-0.1337296,0.1200584,0.9837186,True,0.3272522,0.5214045,17.82302,1.953907,-1.3,7.384459
2026-08-17 15:26:18.216,40.88137,True,18.81234,1.066604,-8.563232,-0.06582645,-0.05683198,0.1103897,0.9900763,-0.1270691,0.1177991,0.984874,True,0.3357862,0.5160292,17.87524,1.935346,-1.3,7.374784
2026-08-17 15:26:18.257,40.92278,True,18.81443,1.065858,-8.562582,-0.06141794,-0.05405843,0.1079024,0.9907889,-0.1203753,0.1100384,0.9866111,True,0.3444632,0.4988029,17.92833,1.875866,-1.3,7.361139
2026-08-17 15:26:18.301,40.96722,True,18.81608,1.065825,-8.561556,-0.05961351,-0.05226326,0.1020129,0.991619,-0.1158132,0.1075647,0.9874296,True,0.3503565,0.4932972,17.96439,1.856856,-1.3,7.353999
2026-08-17 15:26:18.336,41.00161,True,18.81663,1.065766,-8.561029,-0.05945655,-0.050695,0.09967762,0.9919472,-0.1124265,0.1078492,0.9877899,True,0.3545762,0.4937856,17.99021,1.858542,-1.3,7.350783
2026-08-17 15:26:18.379,41.04532,True,18.81664,1.066019,-8.560103,-0.06001656,-0.04981327,0.09762779,0.992162,-0.1105642,0.109366,0.9878333,True,0.3568388,0.4970478,18.00405,1.869807,-1.3,7.349522
2026-08-17 15:26:18.424,41.08905,True,18.81684,1.066207,-8.559797,-0.06013786,-0.05105897,0.09719051,0.9921343,-0.1130044,0.1094048,0.9875528,True,0.3539075,0.4972413,17.98611,1.870474,-1.3,7.351299
2026-08-17 15:26:18.467,41.13336,True,18.81694,1.065835,-8.559877,-0.05875075,-0.05339373,0.09717564,0.9920959,-0.1173617,0.1061956,0.9873949,True,0.3486649,0.4903398,17.95403,1.846645,-1.3,7.352557
2026-08-17 15:26:18.512,41.1784,True,18.81676,1.065753,-8.559829,-0.05869257,-0.05469259,0.09668652,0.9920765,-0.119868,0.105879,0.9871278,True,0.3455843,0.4897011,17.93519,1.844439,-1.3,7.354498
2026-08-17 15:26:18.559,41.2242,True,18.81664,1.06586,-8.559859,-0.0593176,-0.05482743,0.09611418,0.9920874,-0.1201897,0.1071571,0.9869508,True,0.3451518,0.4924963,17.93254,1.854091,-1.3,7.355848
2026-08-17 15:26:18.601,41.2669,True,18.81653,1.065998,-8.559773,-0.06062326,-0.05344836,0.09455244,0.9922338,-0.1175307,0.1101976,0.9869362,True,0.3483297,0.4990144,17.95198,1.876597,-1.3,7.355869
2026-08-17 15:26:18.636,41.30119,True,18.81619,1.06655,-8.559586,-0.06217111,-0.05209318,0.09343888,0.9923156,-0.1150041,0.1136517,0.9868421,True,0.3513027,0.5065495,17.97017,1.902614,-1.3,7.35638
2026-08-17 15:26:18.679,41.34468,True,18.81533,1.066493,-8.559566,-0.06253979,-0.05062778,0.09478686,0.9922404,-0.1123258,0.1145113,0.9870512,True,0.3544108,0.5083121,17.98919,1.908701,-1.3,7.354801
2026-08-17 15:26:18.712,41.37865,True,18.81532,1.065733,-8.559815,-0.06052552,-0.05240937,0.09684514,0.9920741,-0.1157112,0.1099404,0.9871798,True,0.3503538,0.4983333,17.96437,1.874245,-1.3,7.354096
2026-08-17 15:26:18.757,41.42263,True,18.81549,1.066001,-8.560265,-0.06033743,-0.05394319,0.09803373,0.9918866,-0.1188413,0.1091193,0.9868991,True,0.3465706,0.4967425,17.94122,1.868752,-1.3,7.356643
2026-08-17 15:26:18.801,41.46712,True,18.81513,1.066263,-8.560444,-0.06185156,-0.05404554,0.1000733,0.991584,-0.1195608,0.111845,0.9865069,True,0.3455852,0.5027263,17.93519,1.889414,-1.3,7.35975
2026-08-17 15:26:18.835,41.50063,True,18.81449,1.066731,-8.560239,-0.06331459,-0.05544408,0.1023956,0.9911773,-0.1228761,0.1141575,0.9858344,True,0.3413968,0.5079504,17.90956,1.907452,-1.3,7.364562
2026-08-17 15:26:18.880,41.54593,True,18.81441,1.067141,-8.560366,-0.06577708,-0.0562941,0.1056176,0.9906307,-0.1254278,0.1184303,0.9850087,True,0.3381822,0.5173984,17.8899,1.940075,-1.3,7.370864
2026-08-17 15:26:18.924,41.58968,True,18.8145,1.067045,-8.560713,-0.06654047,-0.05753402,0.1094908,0.9900879,-0.1284986,0.1191629,0.9845244,True,0.3344146,0.5190718,17.86684,1.945852,-1.3,7.374842
2026-08-17 15:26:18.967,41.6339,True,18.81504,1.066951,-8.561223,-0.06657098,-0.05726155,0.1095818,0.9900916,-0.1279783,0.1192731,0.9845788,True,0.3351282,0.5192839,17.87121,1.946585,-1.3,7.374953
2026-08-17 15:26:19.012,41.67828,True,18.81557,1.066693,-8.561681,-0.06532215,-0.05632685,0.1076707,0.990438,-0.1256431,0.1172656,0.9851206,True,0.3381017,0.5147994,17.8894,1.9311,-1.3,7.371363
2026-08-17 15:26:19.051,41.71694,True,18.81577,1.066173,-8.561881,-0.06452827,-0.0554449,0.1070444,0.9906076,-0.1236631,0.1159743,0.9855239,True,0.3405772,0.5117974,17.90455,1.920735,-1.3,7.368549
2026-08-17 15:26:19.090,41.75624,True,18.81633,1.065844,-8.561865,-0.06374405,-0.05423094,0.1058995,0.9908487,-0.1209702,0.1148354,0.9859914,True,0.3439817,0.509155,17.92538,1.911611,-1.3,7.365038
2026-08-17 15:26:19.125,41.7899,True,18.8166,1.065875,-8.561846,-0.06360236,-0.05355813,0.1052322,0.9909654,-0.1195345,0.1147834,0.9861726,True,0.3457813,0.5090076,17.93639,1.911102,-1.3,7.363666
2026-08-17 15:26:19.158,41.82328,True,18.81699,1.065704,-8.561874,-0.06252591,-0.05337656,0.1040475,0.9911689,-0.1188217,0.1128401,0.9864829,True,0.3467463,0.5047389,17.9423,1.896363,-1.3,7.361379
2026-08-17 15:26:19.202,41.86815,True,18.8173,1.065279,-8.561934,-0.06051926,-0.05370674,0.1025564,0.9914309,-0.1189063,0.1089854,0.986906,True,0.3467553,0.4962999,17.94235,1.867224,-1.3,7.358284
2026-08-17 15:26:19.247,41.91252,True,18.81759,1.065061,-8.561857,-0.05948158,-0.05438385,0.1022407,0.9914894,-0.1200049,0.1068302,0.9870087,True,0.3454987,0.491618,17.93466,1.851058,-1.3,7.35744
2026-08-17 15:26:19.291,41.95725,True,18.8178,1.064897,-8.561831,-0.05920834,-0.05541678,0.1024176,0.9914303,-0.1220117,0.1060506,0.9868467,True,0.3430954,0.4899454,17.91996,1.845283,-1.3,7.358621
2026-08-17 15:26:19.336,42.00142,True,18.81789,1.064989,-8.561689,-0.05947259,-0.05590035,0.102268,0.9914027,-0.1230038,0.1064889,0.9866763,True,0.3418955,0.490941,17.91262,1.848721,-1.3,7.359748
2026-08-17 15:26:19.381,42.04654,True,18.81797,1.064911,-8.561551,-0.05882175,-0.05560367,0.101176,0.9915703,-0.1221726,0.1054003,0.9868965,True,0.3429434,0.4885436,17.91903,1.840442,-1.3,7.357967
2026-08-17 15:26:19.424,42.08992,True,18.81838,1.064459,-8.561605,-0.0570771,-0.05496914,0.09949289,0.9918779,-0.1204029,0.1022889,0.9874412,True,0.3452175,0.4816638,17.93294,1.816688,-1.3,7.353963
2026-08-17 15:26:19.464,42.12926,True,18.81838,1.064457,-8.561563,-0.05711117,-0.05567027,0.09967054,0.991819,-0.1218143,0.1021905,0.9872783,True,0.3434972,0.4814884,17.92242,1.816082,-1.3,7.355133
2026-08-17 15:26:19.502,42.16777,True,18.81813,1.064592,-8.561537,-0.05748654,-0.05564376,0.0993759,0.9918284,-0.1218037,0.1029743,0.9871981,True,0.3434587,0.4832139,17.92218,1.82204,-1.3,7.355704
2026-08-17 15:26:19.536,42.20174,True,18.81794,1.064796,-8.56149,-0.0582282,-0.0562456,0.09973186,0.9917154,-0.1231737,0.1042727,0.9868918,True,0.3417346,0.4861065,17.91163,1.832028,-1.3,7.357939
2026-08-17 15:26:19.570,42.23532,True,18.81773,1.06483,-8.561598,-0.0590344,-0.05634948,0.1005492,0.9915793,-0.1236217,0.1057428,0.9866794,True,0.3411273,0.489301,17.90792,1.843058,-1.3,7.359632
2026-08-17 15:26:19.608,42.27328,True,18.81762,1.065103,-8.561547,-0.05946948,-0.05681586,0.1017998,0.9913991,-0.1247623,0.1063483,0.9864707,True,0.3397077,0.4907171,17.89923,1.847947,-1.3,7.361138
2026-08-17 15:26:19.646,42.31208,True,18.81765,1.065143,-8.561719,-0.0598938,-0.05666015,0.1026618,0.9912935,-0.1246313,0.107111,0.9864047,True,0.3398567,0.4923754,17.90014,1.853673,-1.3,7.361805
2026-08-17 15:26:19.690,42.35623,True,18.81763,1.065052,-8.561875,-0.05970365,-0.05666174,0.102656,0.9913055,-0.1245961,0.1067358,0.9864498,True,0.3398984,0.4915434,17.9004,1.8508,-1.3,7.361627
2026-08-17 15:26:19.733,42.39826,True,18.81751,1.064949,-8.561991,-0.05949695,-0.05666233,0.1025988,0.9913239,-0.1245501,0.1063345,0.986499,True,0.3399396,0.4906505,17.90065,1.847718,-1.3,7.361376
2026-08-17 15:26:19.766,42.43226,True,18.81752,1.065053,-8.562045,-0.05966275,-0.05675764,0.1028404,0.9912834,-0.1247973,0.1066114,0.9864379,True,0.3396329,0.4912867,17.89877,1.849914,-1.3,7.361888
2026-08-17 15:26:19.800,42.46701,True,18.81755,1.065123,-8.56221,-0.06016845,-0.05682513,0.1032593,0.9912054,-0.1250767,0.1075431,0.9863013,True,0.3392781,0.4933306,17.8966,1.856971,-1.3,7.363074
2026-08-17 15:26:19.835,42.50081,True,18.81746,1.065046,-8.562303,-0.06012413,-0.05700798,0.1030192,0.9912226,-0.1254031,0.107447,0.9862704,True,0.3388638,0.4931132,17.89407,1.856221,-1.3,7.363399
2026-08-17 15:26:19.879,42.54457,True,18.81751,1.065023,-8.562317,-0.0596512,-0.05674431,0.1021887,0.9913523,-0.1246986,0.1066734,0.9864436,True,0.3397467,0.4914175,17.89947,1.850366,-1.3,7.362121
2026-08-17 15:26:19.913,42.57911,True,18.81759,1.065151,-8.562277,-0.0601877,-0.05687648,0.1029727,0.9912311,-0.1251509,0.1076064,0.986285,True,0.3391908,0.4934794,17.89607,1.857485,-1.3,7.363263
2026-08-17 15:26:19.948,42.6129,True,18.8177,1.065235,-8.562255,-0.06025491,-0.05641654,0.10272,0.9912795,-0.1242279,0.1078687,0.9863731,True,0.3403343,0.4940419,17.90306,1.859428,-1.3,7.362585
2026-08-17 15:26:19.991,42.65667,True,18.81793,1.065308,-8.562235,-0.06041166,-0.05604822,0.1024563,0.9913182,-0.1235023,0.1082894,0.9864181,True,0.3412519,0.4949489,17.90868,1.862559,-1.3,7.362228
2026-08-17 15:26:20.035,42.70117,True,18.81829,1.065636,-8.56213,-0.06084165,-0.05573595,0.102736,0.9912806,-0.1230012,0.1091701,0.9863836,True,0.34191,0.4969265,17.9127,1.869388,-1.3,7.362379
2026-08-17 15:26:20.074,42.73926,True,18.81852,1.065711,-8.562138,-0.06125743,-0.05532901,0.1026895,0.9912826,-0.1222744,0.1100834,0.9863725,True,0.3428209,0.4988987,17.91828,1.876197,-1.3,7.362469
2026-08-17 15:26:20.113,42.77817,True,18.81882,1.065685,-8.562114,-0.06129277,-0.05466339,0.1022822,0.9913594,-0.1209205,0.1103441,0.9865102,True,0.3445197,0.4994134,17.92867,1.877974,-1.3,7.361417
2026-08-17 15:26:20.145,42.81178,True,18.81901,1.065619,-8.562182,-0.06085789,-0.05449747,0.1017711,0.991448,-0.12045,0.1095823,0.9866527,True,0.345137,0.4977385,17.93245,1.872191,-1.3,7.360424
2026-08-17 15:26:20.181,42.84615,True,18.81922,1.06555,-8.562283,-0.06052129,-0.05471918,0.1012176,0.991513,-0.1207612,0.1089382,0.986686,True,0.3447991,0.4963407,17.93038,1.867365,-1.3,7.360277
2026-08-17 15:26:20.226,42.89137,True,18.8193,1.065432,-8.562378,-0.06010747,-0.05511383,0.1009153,0.9915471,-0.1214275,0.1080751,0.9866991,True,0.3440113,0.4944669,17.92556,1.860895,-1.3,7.360276
2026-08-17 15:26:20.269,42.93476,True,18.81952,1.065363,-8.562485,-0.06010021,-0.05555992,0.101256,0.9914879,-0.122345,0.1079257,0.9866021,True,0.342926,0.4941543,17.91892,1.859816,-1.3,7.361108
2026-08-17 15:26:20.312,42.97825,True,18.8197,1.065397,-8.56253,-0.06007675,-0.05571059,0.1012116,0.9914854,-0.1226334,0.1078533,0.9865742,True,0.3426041,0.4940176,17.91695,1.859344,-1.3,7.361362
2026-08-17 15:26:20.346,43.01182,True,18.81977,1.065454,-8.562507,-0.0601754,-0.05563525,0.1008734,0.9915181,-0.1224669,0.1081058,0.9865673,True,0.3428158,0.4945734,17.91825,1.861263,-1.3,7.361391
2026-08-17 15:26:20.382,43.04765,True,18.81996,1.065393,-8.562557,-0.06021172,-0.05530719,0.100787,0.9915431,-0.121816,0.1082565,0.9866313,True,0.3436379,0.4948637,17.92328,1.862265,-1.3,7.360964
2026-08-17 15:26:20.423,43.08915,True,18.82015,1.065261,-8.562602,-0.05979292,-0.05509111,0.1004911,0.9916105,-0.1212751,0.1075102,0.9867796,True,0.3443408,0.4932016,17.92758,1.856526,-1.3,7.359903
2026-08-17 15:26:20.457,43.12266,True,18.82019,1.065222,-8.562676,-0.05959332,-0.05533487,0.1004333,0.9916148,-0.1217121,0.1070723,0.9867734,True,0.3438189,0.4922605,17.92439,1.853277,-1.3,7.360025
2026-08-17 15:26:20.490,43.15601,True,18.82024,1.06523,-8.562722,-0.05955813,-0.05551073,0.1003695,0.9916135,-0.122046,0.1069741,0.9867428,True,0.3434198,0.492062,17.92194,1.852591,-1.3,7.360299
2026-08-17 15:26:20.539,43.2053,True,18.82029,1.065309,-8.562674,-0.05995217,-0.05540625,0.100342,0.9915984,-0.1219129,0.1077778,0.9866717,True,0.3435785,0.4938133,17.92291,1.858638,-1.3,7.360779
2026-08-17 15:26:20.578,43.24474,True,18.82014,1.065441,-8.562614,-0.06026778,-0.05559147,0.1006675,0.9915359,-0.1223759,0.1083228,0.9865547,True,0.3429809,0.4950389,17.91926,1.86287,-1.3,7.361593
2026-08-17 15:26:20.625,43.29048,True,18.82011,1.065401,-8.56275,-0.06022555,-0.05578753,0.1008323,0.9915107,-0.1227732,0.1081782,0.9865212,True,0.3424902,0.4947307,17.91626,1.861806,-1.3,7.36198
2026-08-17 15:26:20.669,43.3343,True,18.82018,1.065291,-8.562893,-0.05995866,-0.05568454,0.1007833,0.9915377,-0.1225123,0.1076784,0.9866084,True,0.3428254,0.4936179,17.91831,1.857963,-1.3,7.361475
2026-08-17 15:26:20.713,43.37907,True,18.82019,1.065518,-8.56284,-0.06064469,-0.05582646,0.1010161,0.9914643,-0.1229521,0.1089753,0.9864113,True,0.3422698,0.4964935,17.91491,1.867892,-1.3,7.362891
2026-08-17 15:26:20.746,43.41243,True,18.82007,1.065533,-8.562811,-0.06067847,-0.05558979,0.1010987,0.9914671,-0.1224999,0.1090813,0.9864558,True,0.3428012,0.496712,17.91816,1.868647,-1.3,7.362531
2026-08-17 15:26:20.781,43.44588,True,18.82,1.065566,-8.562814,-0.060649,-0.05588957,0.1012119,0.9914405,-0.1230992,0.1089464,0.9863961,True,0.3420595,0.4964481,17.91362,1.867736,-1.3,7.362978
2026-08-17 15:26:20.814,43.47994,True,18.81978,1.06582,-8.562707,-0.06143975,-0.05611338,0.1008717,0.9914138,-0.1236582,0.1105039,0.9861529,True,0.3413169,0.4998977,17.90908,1.879647,-1.3,7.364686
2026-08-17 15:26:20.852,43.5181,True,18.8191,1.067071,-8.561913,-0.06501257,-0.05459101,0.1008474,0.9912734,-0.1213419,0.1178797,0.9855864,True,0.3439259,0.5161092,17.92504,1.935623,-1.3,7.368114
2026-08-17 15:26:20.894,43.5593,True,18.81876,1.068392,-8.560987,-0.06821448,-0.05292234,0.1006993,0.9911638,-0.1186477,0.1245649,0.985092,True,0.347061,0.5308568,17.94422,1.986545,-1.3,7.370871
2026-08-17 15:26:20.937,43.60151,True,18.81911,1.070249,-8.559346,-0.07279108,-0.04711012,0.1003525,0.9911667,-0.1079975,0.134841,0.9849642,True,0.3599601,0.5533032,18.02315,2.064049,-1.3,7.370163
2026-08-17 15:26:20.980,43.64635,True,18.82068,1.071895,-8.557591,-0.07460956,-0.03861001,0.09737191,0.9916962,-0.09110855,0.140461,0.9858854,True,0.3806897,0.5654235,18.14998,2.105899,-1.3,7.361496
2026-08-17 15:26:21.016,43.6823,True,18.82347,1.073376,-8.555895,-0.07541994,-0.02792761,0.09138644,0.9925625,-0.06922453,0.1446136,0.9870638,True,0.4075934,0.5742655,18.3146,2.136429,-1.3,7.350988
2026-08-17 15:26:21.061,43.72533,True,18.82823,1.073779,-8.553189,-0.07471376,-0.006811601,0.08243652,0.9937684,-0.02585659,0.1473733,0.9887429,True,0.4605387,0.579608,18.63855,2.154876,-1.3,7.335768
2026-08-17 15:26:21.102,43.7676,True,18.83341,1.071941,-8.551909,-0.06516114,0.005814952,0.07379095,0.9951257,0.001956611,0.1305452,0.9914404,True,0.4947249,0.5425202,18.84772,2.026817,-1.3,7.314519
2026-08-17 15:26:21.137,43.8016,True,18.83529,1.070918,-8.552227,-0.05994057,0.006934317,0.06735768,0.9959026,0.005736893,0.1203241,0.9927181,True,0.4995416,0.5202546,18.8772,1.949937,-1.3,7.305424
2026-08-17 15:26:21.180,43.84564,True,18.83642,1.070432,-8.551811,-0.05840194,0.00654926,0.06364591,0.9962407,0.00561519,0.1171984,0.9930927,True,0.4995795,0.5133929,18.87743,1.926244,-1.3,7.30225
2026-08-17 15:26:21.215,43.87976,True,18.83662,1.070548,-8.551845,-0.05816495,0.002182115,0.06585752,0.99613,-0.00331386,0.1161671,0.9932241,True,0.4889562,0.5112141,18.81243,1.918721,-1.3,7.301317
2026-08-17 15:26:21.247,43.91343,True,18.83588,1.07203,-8.551009,-0.06280711,-0.005179716,0.07215969,0.9954001,-0.01937606,0.1242889,0.9920568,True,0.4696441,0.5290963,18.69426,1.980466,-1.3,7.309066
2026-08-17 15:26:21.283,43.94861,True,18.83464,1.073891,-8.549869,-0.06666987,-0.009102743,0.07858911,0.9946336,-0.02858684,0.1311934,0.9909446,True,0.4584045,0.5445189,18.62549,2.033718,-1.3,7.316119
2026-08-17 15:26:21.320,43.98519,True,18.83302,1.075856,-8.54826,-0.06955367,-0.01499812,0.08572622,0.9937748,-0.04173466,0.1356699,0.9898747,True,0.4423772,0.5548197,18.52743,2.069285,-1.3,7.322402
2026-08-17 15:26:21.359,44.02434,True,18.83234,1.076591,-8.547518,-0.07168005,-0.01680089,0.0878678,0.9934078,-0.04597702,0.1394625,0.9891594,True,0.4371548,0.5632591,18.49547,2.098425,-1.3,7.326946
2026-08-17 15:26:21.393,44.05869,True,18.83229,1.076974,-8.547479,-0.07169265,-0.01396303,0.08727323,0.9935032,-0.04025833,0.1400166,0.9893304,True,0.4440023,0.5644929,18.53737,2.102685,-1.3,7.325641
2026-08-17 15:26:21.438,44.10315,True,18.83329,1.076846,-8.547889,-0.07190485,-0.01054012,0.08673377,0.9935773,-0.033418,0.1410577,0.9894372,True,0.4523582,0.5666491,18.5885,2.110131,-1.3,7.325264
2026-08-17 15:26:21.472,44.13742,True,18.83456,1.076184,-8.548438,-0.06984202,-0.009588939,0.08547179,0.9938434,-0.03099885,0.1371849,0.9900603,True,0.4554817,0.5580802,18.60761,2.080543,-1.3,7.321209
2026-08-17 15:26:21.523,44.18837,True,18.83566,1.075588,-8.548846,-0.06867871,-0.007394991,0.08360003,0.9941024,-0.02618584,0.1353109,0.9904571,True,0.4614308,0.5538353,18.64401,2.065886,-1.3,7.318687
2026-08-17 15:26:21.562,44.22754,True,18.83731,1.075071,-8.549298,-0.06771629,-0.002324983,0.0807627,0.9944277,-0.01556196,0.1343024,0.9908182,True,0.4744144,0.5514619,18.72345,2.057691,-1.3,7.316476
2026-08-17 15:26:21.602,44.26819,True,18.83787,1.075036,-8.549222,-0.06748723,-1.565741E-05,0.07939158,0.9945564,-0.01074698,0.1342372,0.9908909,True,0.4802647,0.55129,18.75924,2.057098,-1.3,7.315862
2026-08-17 15:26:21.647,44.31167,True,18.83826,1.075125,-8.548806,-0.06756761,-0.001931283,0.08022065,0.9944826,-0.01468189,0.1340798,0.9908618,True,0.4756249,0.5509741,18.73086,2.056007,-1.3,7.315658
2026-08-17 15:26:21.682,44.34753,True,18.83813,1.075111,-8.5486,-0.06760933,-0.002761308,0.07989877,0.9945037,-0.01629607,0.1340342,0.9908427,True,0.4736739,0.5508708,18.71892,2.05565,-1.3,7.315591
2026-08-17 15:26:21.726,44.39135,True,18.83792,1.075048,-8.548491,-0.06804198,-0.003463353,0.07930562,0.9945194,-0.01768097,0.1347888,0.9907166,True,0.4719797,0.5524836,18.70855,2.061219,-1.3,7.316413
2026-08-17 15:26:21.769,44.4355,True,18.8377,1.074843,-8.548615,-0.06789543,-0.00330952,0.0781462,0.9946218,-0.01719498,0.1345433,0.9907585,True,0.4725257,0.5518968,18.71189,2.059193,-1.3,7.316228
2026-08-17 15:26:21.813,44.47945,True,18.83772,1.074553,-8.548945,-0.0680052,-0.003353036,0.07725447,0.9946838,-0.01717783,0.1347693,0.9907281,True,0.4725493,0.5523133,18.71204,2.060631,-1.3,7.316786
2026-08-17 15:26:21.846,44.51296,True,18.83803,1.074177,-8.549435,-0.06791967,-0.001987915,0.07600302,0.9947897,-0.01427932,0.1348294,0.9907659,True,0.4760649,0.5523402,18.73355,2.060724,-1.3,7.317
2026-08-17 15:26:21.882,44.54662,True,18.83916,1.07354,-8.55019,-0.06749004,0.001627893,0.07249675,0.9950812,-0.006545845,0.1345522,0.9908849,True,0.4854967,0.5515637,18.79126,2.058043,-1.3,7.316885
2026-08-17 15:26:21.925,44.5904,True,18.84219,1.072342,-8.551233,-0.06483696,0.007727891,0.06345153,0.9958466,0.00716358,0.130116,0.9914729,True,0.5023835,0.5416924,18.89458,2.023958,-1.3,7.313597
2026-08-17 15:26:21.969,44.6349,True,18.84572,1.070778,-8.55206,-0.06063804,0.01684353,0.05202742,0.9966607,0.02726489,0.1226237,0.9920787,True,0.5269705,0.5252409,19.04502,1.967153,-1.3,7.309965
2026-08-17 15:26:22.013,44.67894,True,18.84781,1.069136,-8.552411,-0.0573669,0.02474655,0.04247396,0.9971423,0.04447845,0.1165081,0.9921933,True,0.5478744,0.5118014,19.17292,1.920749,-1.3,7.309474
2026-08-17 15:26:22.048,44.71286,True,18.8489,1.068649,-8.552344,-0.05579544,0.03332538,0.03709373,0.9971963,0.06232456,0.1137503,0.9915526,True,0.5694187,0.5059758,19.30475,1.900634,-1.3,7.31413
2026-08-17 15:26:22.098,44.76355,True,18.84874,1.069523,-8.551649,-0.05641603,0.04190803,0.03490131,0.9969167,0.07961965,0.1154095,0.9901219,True,0.5901951,0.5100733,19.43187,1.914782,-1.3,7.323996
2026-08-17 15:26:22.137,44.802,True,18.84752,1.069941,-8.551405,-0.05819888,0.04164074,0.03845144,0.9966948,0.07853056,0.1192153,0.9897579,True,0.5887243,0.5183517,19.42287,1.943366,-1.3,7.326443
2026-08-17 15:26:22.182,44.84718,True,18.84448,1.070421,-8.552046,-0.05948886,0.03420265,0.04557228,0.9966015,0.06275073,0.1216908,0.9905825,True,0.569277,0.5235508,19.30388,1.961318,-1.3,7.320992
2026-08-17 15:26:22.224,44.88996,True,18.84155,1.069396,-8.554836,-0.06075684,0.01822131,0.05402645,0.9965228,0.02975095,0.12306,0.9919532,True,0.5292783,0.525897,19.05914,1.969419,-1.3,7.313688
2026-08-17 15:26:22.263,44.92847,True,18.84073,1.066472,-8.558904,-0.05874314,0.009565699,0.0534045,0.9967977,0.01279584,0.1181318,0.9929155,True,0.5088704,0.5145091,18.93427,1.930098,-1.3,7.310696
2026-08-17 15:26:22.304,44.96984,True,18.8422,1.061193,-8.565842,-0.05199644,0.01020985,0.04114449,0.9977471,0.01609496,0.1045987,0.9943843,True,0.5130434,0.4842111,18.95981,1.825483,-1.3,7.306875
2026-08-17 15:26:22.346,45.01257,True,18.84688,1.054039,-8.573398,-0.04049122,0.01753818,0.02420035,0.9987328,0.0330721,0.08172867,0.9961057,True,0.5340542,0.4336227,19.08836,1.650808,-1.3,7.301833
2026-08-17 15:26:22.382,45.04805,True,18.85052,1.048575,-8.579022,-0.03134602,0.02619231,0.0142671,0.9990635,0.05144112,0.0633807,0.9966628,True,0.5565832,0.3932683,19.22621,1.51147,-1.3,7.303395
2026-08-17 15:26:22.421,45.08542,True,18.85377,1.042315,-8.585823,-0.02287989,0.03735817,0.002438489,0.999037,0.0745328,0.0458979,0.9961618,True,0.5848064,0.3546158,19.3989,1.378008,-1.3,7.313896
2026-08-17 15:26:22.453,45.11956,True,18.85769,1.038764,-8.590799,-0.02802576,0.03092124,0.01209224,0.9990557,0.0611063,0.05674641,0.9965169,True,0.569421,0.376606,19.30476,1.453937,-1.3,7.316282
2026-08-17 15:26:22.492,45.15738,True,18.85672,1.039381,-8.591638,-0.03841632,0.03232009,0.0177912,0.9985805,0.06318148,0.0778736,0.9949592,True,0.571871,0.4218284,19.31975,1.610084,-1.3,7.328579
2026-08-17 15:26:22.527,45.19133,True,18.85482,1.041431,-8.591427,-0.04961726,0.02986509,0.02611394,0.9979801,0.05701813,0.1005939,0.9932924,True,0.5642914,0.470997,19.27337,1.779856,-1.3,7.340665
2026-08-17 15:26:22.562,45.2266,True,18.85398,1.043441,-8.590918,-0.05322216,0.02406863,0.04344492,0.9973468,0.04338509,0.1082532,0.9931762,True,0.5477996,0.4878736,19.17247,1.838129,-1.3,7.34101
2026-08-17 15:26:22.602,45.26818,True,18.85355,1.042106,-8.591646,-0.05404273,0.02021719,0.0492663,0.9971176,0.03499286,0.109766,0.9933413,True,0.537658,0.4906875,19.11041,1.847845,-1.3,7.340524
2026-08-17 15:26:22.638,45.30394,True,18.85403,1.03932,-8.591484,-0.04811338,0.02167324,0.04572396,0.9975594,0.03884082,0.09797388,0.9944307,True,0.5423005,0.4645789,19.13882,1.757696,-1.3,7.33232
2026-08-17 15:26:22.680,45.34592,True,18.85459,1.039134,-8.590309,-0.04047826,0.02826354,0.03967052,0.9979925,0.05320202,0.08303645,0.9951254,True,0.559548,0.4326534,19.24435,1.647461,-1.3,7.326021
2026-08-17 15:26:22.721,45.38546,True,18.8566,1.03823,-8.590213,-0.03779908,0.03786097,0.03730902,0.9978706,0.0727402,0.0782623,0.9942756,True,0.5833429,0.4224017,19.38994,1.612063,-1.3,7.332185
2026-08-17 15:26:22.760,45.42496,True,18.85663,1.037329,-8.590249,-0.03434876,0.03895042,0.03648617,0.9979839,0.07523727,0.07140133,0.9946061,True,0.5863112,0.4075219,19.40811,1.560686,-1.3,7.329785
2026-08-17 15:26:22.803,45.46828,True,18.85695,1.036693,-8.590526,-0.03191942,0.03846806,0.03654612,0.998081,0.07445543,0.06652805,0.9950027,True,0.5853934,0.3969416,19.40249,1.524153,-1.3,7.327141
2026-08-17 15:26:22.848,45.51287,True,18.85755,1.035904,-8.591242,-0.02939407,0.04035567,0.03446729,0.998158,0.07853641,0.06146175,0.9950148,True,0.5903879,0.3859734,19.43305,1.486281,-1.3,7.327772
2026-08-17 15:26:22.891,45.55692,True,18.85805,1.035216,-8.592118,-0.02761865,0.04001443,0.03184509,0.9983096,0.07813454,0.05769245,0.9952721,True,0.5899755,0.3777581,19.43053,1.457915,-1.3,7.326758
2026-08-17 15:26:22.938,45.60281,True,18.85938,1.034784,-8.593181,-0.02596823,0.04299633,0.03049888,0.9982719,0.08426005,0.0544694,0.9949539,True,0.5975735,0.3708475,19.47701,1.434053,-1.3,7.330169
2026-08-17 15:26:22.982,45.64688,True,18.86076,1.034348,-8.59374,-0.02414436,0.04729788,0.02936227,0.9981573,0.09300358,0.05097727,0.9943599,True,0.6083503,0.3633808,19.54296,1.408272,-1.3,7.33511
2026-08-17 15:26:23.029,45.69377,True,18.86205,1.034055,-8.594193,-0.02211507,0.05039522,0.02944431,0.9980503,0.09929159,0.04711161,0.9939425,True,0.6161553,0.355132,19.59071,1.37979,-1.3,7.338646
2026-08-17 15:26:23.071,45.73552,True,18.86326,1.033765,-8.594348,-0.01905846,0.05226788,0.02991853,0.9980029,0.1031866,0.04116836,0.9938097,True,0.6210442,0.3424301,19.62062,1.335932,-1.3,7.339783
2026-08-17 15:26:23.114,45.77926,True,18.86408,1.033602,-8.594271,-0.01767765,0.053108,0.0304442,0.9979681,0.1049238,0.03851711,0.9937341,True,0.6232704,0.3367523,19.63424,1.316327,-1.3,7.340264
2026-08-17 15:26:23.151,45.81553,True,18.86483,1.033455,-8.594219,-0.01656255,0.05408107,0.02995809,0.9979496,0.106948,0.03629751,0.9936019,True,0.6258386,0.3320009,19.64996,1.299922,-1.3,7.341189
2026-08-17 15:26:23.188,45.85303,True,18.86567,1.033257,-8.594139,-0.01584512,0.0551155,0.02873158,0.9979408,0.1090935,0.03479209,0.9934224,True,0.6285721,0.3287556,19.66668,1.288716,-1.3,7.342434
2026-08-17 15:26:23.227,45.89264,True,18.86599,1.033137,-8.593986,-0.01582184,0.05529539,0.02768827,0.9979606,0.1094891,0.03464121,0.9933842,True,0.6291006,0.3284013,19.66992,1.287493,-1.3,7.342562
2026-08-17 15:26:23.270,45.93576,True,18.86631,1.032858,-8.593833,-0.01505364,0.05603548,0.02596525,0.9979776,0.1110626,0.03295634,0.9932668,True,0.6310542,0.3247444,19.68187,1.274866,-1.3,7.343276
2026-08-17 15:26:23.305,45.96937,True,18.86635,1.032542,-8.593754,-0.01396282,0.0561117,0.02500059,0.9980138,0.1113024,0.03067582,0.993313,True,0.631341,0.3197991,19.68363,1.25779,-1.3,7.342855
2026-08-17 15:26:23.344,46.00875,True,18.86624,1.032269,-8.593802,-0.01334142,0.05675612,0.02421674,0.9980052,0.1126396,0.0293785,0.9932015,True,0.6329436,0.3169685,19.69343,1.248017,-1.3,7.343729
2026-08-17 15:26:23.381,46.04651,True,18.86613,1.032257,-8.593861,-0.01342559,0.05740758,0.02435246,0.9979635,0.1139274,0.02959254,0.9930483,True,0.6344941,0.3174304,19.70292,1.249612,-1.3,7.34492
2026-08-17 15:26:23.426,46.09182,True,18.866,1.032195,-8.594129,-0.01297155,0.05832086,0.02540988,0.9978902,0.1157364,0.02885221,0.9928609,True,0.636675,0.3158517,19.71626,1.24416,-1.3,7.346576
2026-08-17 15:26:23.470,46.13543,True,18.86557,1.031644,-8.594241,-0.01220794,0.05851748,0.02511312,0.9978958,0.1161755,0.02730361,0.9928533,True,0.637136,0.3123983,19.71908,1.232236,-1.3,7.346745
2026-08-17 15:26:23.507,46.17266,True,18.86514,1.030468,-8.59431,-0.009148565,0.0589962,0.02712145,0.9978478,0.1172422,0.02145788,0.9928715,True,0.6383447,0.2996193,19.72648,1.188112,-1.3,7.34668
2026-08-17 15:26:23.548,46.21288,True,18.86524,1.028346,-8.594576,0.002153925,0.05926337,0.02939984,0.997807,0.1183935,-0.0008137359,0.9929664,True,0.6397347,0.2516175,19.73498,1.022368,-1.3,7.346246
2026-08-17 15:26:23.581,46.24633,True,18.86535,1.027034,-8.595143,0.004236495,0.05402599,0.02784002,0.9981424,0.1080871,-0.005449082,0.9941265,True,0.6272378,0.2413881,19.65852,0.9870477,-1.3,7.338244
2026-08-17 15:26:23.614,46.28004,True,18.86508,1.025291,-8.596027,0.01330676,0.05004437,0.0237191,0.9983767,0.1005575,-0.02419631,0.994637,True,0.6181154,0.2010607,19.6027,0.8478023,-1.3,7.335367
2026-08-17 15:26:23.656,46.32096,True,18.86565,1.025109,-8.597031,0.01811232,0.04642757,0.02513241,0.9984412,0.09362081,-0.03383449,0.9950328,True,0.6098642,0.1805509,19.55222,0.7769849,-1.3,7.333457
2026-08-17 15:26:23.697,46.36255,True,18.86662,1.025081,-8.597925,0.01863084,0.0515861,0.0270275,0.9981289,0.1039862,-0.03440348,0.9939835,True,0.6225929,0.1792483,19.6301,0.772487,-1.3,7.342099
2026-08-17 15:26:23.732,46.39683,True,18.86705,1.025079,-8.598207,0.01763625,0.05401817,0.02851725,0.9979768,0.1088236,-0.03212024,0.993542,True,0.6285304,0.18407,19.66643,0.7891358,-1.3,7.345644
2026-08-17 15:26:23.768,46.43266,True,18.86615,1.024052,-8.598639,0.02246086,0.05035202,0.03572968,0.9978395,0.1020915,-0.04122653,0.9939204,True,0.6202615,0.1644277,19.61584,0.7213135,-1.3,7.343283
2026-08-17 15:26:23.809,46.4743,True,18.86489,1.022897,-8.59854,0.0292019,0.04859491,0.04019999,0.997582,0.09930264,-0.05435555,0.9935716,True,0.6167492,0.1361326,19.59435,0.6236145,-1.3,7.345762
2026-08-17 15:26:23.848,46.51355,True,18.86315,1.019897,-8.598439,0.04240194,0.0444435,0.04325196,0.9971741,0.09230375,-0.08071969,0.9924537,True,0.6081852,0.07898444,19.54194,0.4262893,-1.3,7.353934
2026-08-17 15:26:23.892,46.55824,True,18.86269,1.019097,-8.598419,0.0457591,0.04579773,0.03672543,0.9972261,0.09470244,-0.08790045,0.9916173,True,0.6110895,0.06330183,19.55971,0.3721393,-1.3,7.360116
2026-08-17 15:26:23.936,46.60139,True,18.86246,1.018549,-8.59783,0.04678007,0.04803883,0.03692972,0.9970658,0.0992509,-0.08973749,0.9910078,True,0.616586,0.05912511,19.59335,0.3577178,-1.3,7.364048
2026-08-17 15:26:23.981,46.64619,True,18.86144,1.018675,-8.597318,0.04353537,0.04367971,0.03175664,0.9975913,0.08991406,-0.08408676,0.9923935,True,0.6050236,0.07147622,19.5226,0.4003645,-1.3,7.35325
2026-08-17 15:26:24.025,46.68996,True,18.86049,1.019229,-8.596223,0.04001628,0.04008793,0.03216496,0.9978763,0.08257983,-0.07728375,0.9935833,True,0.5959213,0.08634613,19.46691,0.4517083,-1.3,7.343342
2026-08-17 15:26:24.069,46.7344,True,18.85922,1.01994,-8.594934,0.03690918,0.03593603,0.03334571,0.9981154,0.07419813,-0.07128261,0.9946926,True,0.585538,0.09951061,19.40337,0.4971635,-1.3,7.333858
2026-08-17 15:26:24.103,46.76854,True,18.85868,1.02074,-8.593846,0.03416193,0.03429503,0.03509824,0.9982108,0.07086539,-0.06579423,0.9953136,True,0.5813892,0.1115075,19.37799,0.5385872,-1.3,7.328189
2026-08-17 15:26:24.137,46.80235,True,18.85823,1.021179,-8.592881,0.03246493,0.03282775,0.03596351,0.9982861,0.06787809,-0.06245738,0.9957367,True,0.5776929,0.1187906,19.35537,0.5637348,-1.3,7.324105
2026-08-17 15:26:24.181,46.84604,True,18.85829,1.022192,-8.591572,0.02932844,0.03386186,0.03557196,0.9983626,0.06969938,-0.05615176,0.9959865,True,0.5798481,0.1325105,19.36856,0.6111075,-1.3,7.320954
2026-08-17 15:26:24.215,46.88007,True,18.85882,1.022438,-8.590739,0.02707011,0.03575147,0.03347105,0.9984332,0.07320303,-0.05166211,0.9959781,True,0.5841175,0.1421124,19.39468,0.644262,-1.3,7.32018
2026-08-17 15:26:24.259,46.92403,True,18.85962,1.022226,-8.589555,0.02608914,0.03554085,0.03099077,0.9985469,0.07259545,-0.04989959,0.9961124,True,0.5834944,0.145819,19.39087,0.6570604,-1.3,7.318004
2026-08-17 15:26:24.292,46.95777,True,18.86039,1.021884,-8.589298,0.02730344,0.03600227,0.02966367,0.9985381,0.07351913,-0.05239114,0.9959167,True,0.5847393,0.1404216,19.39849,0.6384236,-1.3,7.319184
2026-08-17 15:26:24.326,46.99116,True,18.86126,1.021499,-8.589592,0.02928842,0.03709513,0.02835951,0.9984798,0.07573868,-0.0563838,0.9955323,True,0.5875747,0.1317957,19.41584,0.6086396,-1.3,7.322306
2026-08-17 15:26:24.370,47.03617,True,18.86217,1.021517,-8.590117,0.02940791,0.03878998,0.02943471,0.9983808,0.07918557,-0.05643704,0.995261,True,0.5918823,0.1316467,19.44219,0.6081253,-1.3,7.324828
2026-08-17 15:26:24.414,47.07985,True,18.86274,1.021643,-8.590628,0.02842868,0.04015261,0.03078689,0.9983144,0.08192032,-0.05428918,0.9951591,True,0.5952656,0.1362198,19.46289,0.6239152,-1.3,7.326092
2026-08-17 15:26:24.459,47.12435,True,18.86305,1.021739,-8.591164,0.02786746,0.04123352,0.03201037,0.9982477,0.08410663,-0.05299746,0.9950464,True,0.5979527,0.1389673,19.47934,0.6334021,-1.3,7.32746
2026-08-17 15:26:24.493,47.15866,True,18.86311,1.021687,-8.591451,0.02757053,0.04148598,0.03244489,0.9982315,0.08461428,-0.05235152,0.9950376,True,0.5985754,0.1403175,19.48314,0.6380644,-1.3,7.327814
2026-08-17 15:26:24.537,47.20244,True,18.86305,1.02142,-8.59183,0.02759251,0.04152502,0.0322681,0.998235,0.08468419,-0.05240775,0.9950287,True,0.5986555,0.1401141,19.48363,0.637362,-1.3,7.328261
2026-08-17 15:26:24.570,47.23579,True,18.86288,1.021369,-8.591955,0.02777791,0.04133851,0.03215272,0.9982413,0.08431789,-0.05279981,0.995039,True,0.5981902,0.1392667,19.48079,0.634436,-1.3,7.32831
2026-08-17 15:26:24.613,47.27888,True,18.86261,1.021416,-8.592081,0.0274657,0.04114833,0.03234728,0.9982516,0.08392966,-0.05217327,0.9951049,True,0.5976763,0.1406154,19.47764,0.6390928,-1.3,7.327952
2026-08-17 15:26:24.648,47.31325,True,18.86235,1.021447,-8.592066,0.02753984,0.04091929,0.03267748,0.9982482,0.08349507,-0.05230891,0.9951344,True,0.5971102,0.1403401,19.47418,0.6381422,-1.3,7.32772
2026-08-17 15:26:24.692,47.35755,True,18.86211,1.021551,-8.591878,0.02744153,0.04098522,0.03385825,0.9982088,0.08368185,-0.05200939,0.9951344,True,0.5972919,0.1410085,19.47529,0.6404504,-1.3,7.327531
2026-08-17 15:26:24.739,47.40427,True,18.86211,1.02191,-8.591573,0.02717216,0.04241062,0.03395241,0.9981534,0.08650973,-0.05136409,0.994926,True,0.6006957,0.1424637,19.49612,0.6454749,-1.3,7.328759
2026-08-17 15:26:24.780,47.4458,True,18.86216,1.021975,-8.591381,0.02730385,0.04240116,0.0342974,0.9981385,0.08651736,-0.05159755,0.9949133,True,0.6007111,0.1419885,19.49621,0.643834,-1.3,7.32866
2026-08-17 15:26:24.813,47.47927,True,18.86214,1.021865,-8.591324,0.02767575,0.04248993,0.0337724,0.9981424,0.08669136,-0.05237871,0.9948573,True,0.6009223,0.1402934,19.49751,0.6379811,-1.3,7.329014
2026-08-17 15:26:24.857,47.52347,True,18.86222,1.021739,-8.591322,0.02807958,0.04226153,0.03342264,0.9981526,0.08624391,-0.05323043,0.994851,True,0.6003991,0.1384482,19.4943,0.6316097,-1.3,7.329059
2026-08-17 15:26:24.892,47.5582,True,18.86235,1.02165,-8.591358,0.02805313,0.0422641,0.03281558,0.9981733,0.08621494,-0.05322994,0.9948536,True,0.6003864,0.1384233,19.49423,0.6315237,-1.3,7.329077
2026-08-17 15:26:24.935,47.6013,True,18.86264,1.021687,-8.591484,0.02751842,0.04302692,0.03293227,0.9981518,0.08770727,-0.05210117,0.9947829,True,0.6022312,0.14082,19.50551,0.6397994,-1.3,7.329724
2026-08-17 15:26:24.981,47.64593,True,18.86308,1.02162,-8.591784,0.02810763,0.0444988,0.03273937,0.9980772,0.09066693,-0.05319345,0.9944596,True,0.6058882,0.1384407,19.52789,0.631584,-1.3,7.332408
2026-08-17 15:26:25.025,47.68987,True,18.86324,1.021606,-8.591999,0.0279929,0.04513721,0.03291692,0.9980459,0.09194089,-0.05290484,0.9943581,True,0.6074551,0.1390348,19.53748,0.6336355,-1.3,7.333373
2026-08-17 15:26:25.060,47.72574,True,18.8636,1.021818,-8.592126,0.02718333,0.04697376,0.03399665,0.9979473,0.09560296,-0.05106116,0.994109,True,0.6119334,0.1429828,19.56488,0.6472671,-1.3,7.335338
2026-08-17 15:26:25.103,47.76809,True,18.86391,1.021774,-8.59232,0.02748032,0.04845949,0.03408931,0.997865,0.09858563,-0.0515394,0.993793,True,0.6156002,0.1419164,19.58731,0.643585,-1.3,7.337866
2026-08-17 15:26:25.135,47.80174,True,18.86401,1.02176,-8.592367,0.02773216,0.04911932,0.03440132,0.997815,0.09993204,-0.05196359,0.9936364,True,0.6172515,0.1409928,19.59742,0.640396,-1.3,7.33907
2026-08-17 15:26:25.169,47.83581,True,18.86412,1.021785,-8.592432,0.0277583,0.04981414,0.03435294,0.9977815,0.1013144,-0.05197091,0.9934961,True,0.6189458,0.1409679,19.60778,0.6403098,-1.3,7.340172
2026-08-17 15:26:25.208,47.87218,True,18.8641,1.021771,-8.592362,0.02779624,0.05012703,0.03415401,0.9977716,0.1019294,-0.05204453,0.9934293,True,0.6196874,0.1408007,19.61232,0.6397327,-1.3,7.340595
2026-08-17 15:26:25.247,47.9125,True,18.86404,1.021895,-8.592265,0.02768346,0.04956412,0.03446094,0.9977923,0.1008174,-0.05182864,0.9935541,True,0.6183265,0.1413111,19.604,0.6414949,-1.3,7.339575
2026-08-17 15:26:25.291,47.95714,True,18.86386,1.021786,-8.592203,0.02804323,0.04903384,0.03406784,0.9978219,0.09976483,-0.05262334,0.9936185,True,0.6170253,0.1395984,19.59603,0.6355814,-1.3,7.339036
2026-08-17 15:26:25.335,48.00129,True,18.86372,1.021776,-8.592174,0.0276042,0.04948885,0.03385204,0.9978191,0.1006307,-0.05173739,0.9935777,True,0.618046,0.1414747,19.60228,0.6420598,-1.3,7.339308
2026-08-17 15:26:25.380,48.04525,True,18.86366,1.021841,-8.592238,0.02763606,0.04979626,0.03420466,0.9977909,0.1012631,-0.05174348,0.9935132,True,0.6188033,0.1414724,19.60691,0.6420519,-1.3,7.339851
2026-08-17 15:26:25.413,48.07934,True,18.8636,1.021977,-8.592333,0.02740022,0.04979251,0.03481989,0.9977763,0.1012717,-0.05121104,0.9935399,True,0.618802,0.142645,19.6069,0.6461008,-1.3,7.339749
2026-08-17 15:26:25.447,48.11287,True,18.86362,1.022023,-8.59239,0.02699535,0.0504106,0.03475334,0.9977586,0.1024716,-0.05036581,0.9934601,True,0.6202568,0.1444457,19.61581,0.6523182,-1.3,7.340395
2026-08-17 15:26:25.491,48.1568,True,18.86351,1.021915,-8.592405,0.02715481,0.04962943,0.03455967,0.9978002,0.1009174,-0.05075978,0.9935991,True,0.6183575,0.1435916,19.60419,0.6493694,-1.3,7.339384
2026-08-17 15:26:25.537,48.20203,True,18.86345,1.02203,-8.592308,0.02712834,0.04909411,0.03470413,0.9978223,0.09985734,-0.05073098,0.9937077,True,0.6170601,0.1436993,19.59625,0.6497411,-1.3,7.338484
2026-08-17 15:26:25.581,48.24607,True,18.86364,1.022151,-8.592194,0.02680923,0.04968176,0.03446426,0.9978102,0.1009939,-0.05007656,0.993626,True,0.6184627,0.1451184,19.60483,0.6546412,-1.3,7.338973
2026-08-17 15:26:25.626,48.29114,True,18.86386,1.022078,-8.592253,0.02714077,0.05016067,0.0343165,0.9977824,0.1019616,-0.05071849,0.9934946,True,0.6196774,0.1437175,19.61226,0.6498039,-1.3,7.340003
2026-08-17 15:26:25.670,48.33596,True,18.86403,1.022136,-8.592293,0.02721274,0.05026328,0.03412159,0.9977819,0.1021607,-0.05087464,0.9934661,True,0.6199481,0.1433989,19.61392,0.6487038,-1.3,7.340252
2026-08-17 15:26:25.712,48.37828,True,18.86415,1.022141,-8.592326,0.02700633,0.05040285,0.03414151,0.9977798,0.102426,-0.05045109,0.9934604,True,0.6202871,0.1442996,19.61599,0.6518137,-1.3,7.340329
2026-08-17 15:26:25.745,48.41217,True,18.86423,1.022126,-8.592323,0.02697928,0.05057195,0.03441267,0.9977627,0.1027745,-0.0503572,0.9934292,True,0.6207213,0.1444914,19.61865,0.6524763,-1.3,7.340557
2026-08-17 15:26:25.781,48.44609,True,18.86427,1.02217,-8.592335,0.02698399,0.05060872,0.03452444,0.9977568,0.1028536,-0.05035244,0.9934213,True,0.6208249,0.1445131,19.61928,0.6525512,-1.3,7.340627
2026-08-17 15:26:25.825,48.49053,True,18.86426,1.02227,-8.592357,0.02669304,0.0502542,0.03465979,0.9977779,0.1021354,-0.04978386,0.993524,True,0.6199486,0.1457616,19.61392,0.6568618,-1.3,7.33989
2026-08-17 15:26:25.868,48.53426,True,18.86426,1.022367,-8.592435,0.02649999,0.05030932,0.03461876,0.9977817,0.1022302,-0.04939913,0.9935334,True,0.6200625,0.1466075,19.61462,0.6597826,-1.3,7.339899
2026-08-17 15:26:25.913,48.57825,True,18.86429,1.022328,-8.592511,0.02636493,0.05055054,0.03447801,0.9977779,0.1026944,-0.04912693,0.993499,True,0.6206309,0.14717,19.6181,0.6617248,-1.3,7.34023
2026-08-17 15:26:25.946,48.61181,True,18.86429,1.022213,-8.592554,0.02669978,0.05076182,0.03406613,0.9977725,0.1031166,-0.04982209,0.9934207,True,0.621147,0.14565,19.62125,0.6564765,-1.3,7.340851
2026-08-17 15:26:25.984,48.64988,True,18.86421,1.0222,-8.592502,0.02678807,0.05034591,0.03389809,0.9977969,0.1022861,-0.05004484,0.9934954,True,0.620128,0.1451813,19.61502,0.6548582,-1.3,7.340247
2026-08-17 15:26:26.025,48.69004,True,18.86405,1.022201,-8.592351,0.02651528,0.04959007,0.03422232,0.997831,0.1007799,-0.04952135,0.9936755,True,0.6182703,0.1463159,19.60365,0.6587758,-1.3,7.338765
2026-08-17 15:26:26.069,48.73409,True,18.864,1.022205,-8.592189,0.02648502,0.04932566,0.033701,0.9978626,0.1002256,-0.04953218,0.993731,True,0.6175877,0.1463022,19.59948,0.6587287,-1.3,7.338191
2026-08-17 15:26:26.113,48.77892,True,18.86399,1.022148,-8.592144,0.02690824,0.04914612,0.03345991,0.9978682,0.0998834,-0.0504129,0.9937212,True,0.6171762,0.1444135,19.59696,0.6522073,-1.3,7.33822
2026-08-17 15:26:26.149,48.8154,True,18.86402,1.02216,-8.592133,0.02694411,0.04924963,0.03326568,0.9978687,0.100082,-0.05049673,0.993697,True,0.6174222,0.1442364,19.59846,0.6515958,-1.3,7.338386
2026-08-17 15:26:26.191,48.85674,True,18.8641,1.0222,-8.592103,0.02667119,0.04921429,0.03359425,0.9978667,0.1000106,-0.04992196,0.9937332,True,0.6173445,0.1454739,19.59799,0.6558685,-1.3,7.338089
2026-08-17 15:26:26.227,48.89217,True,18.86413,1.022183,-8.592132,0.02659826,0.04894634,0.03378,0.9978756,0.09948169,-0.0497767,0.9937936,True,0.6167086,0.1457835,19.5941,0.6569377,-1.3,7.337672
2026-08-17 15:26:26.268,48.93435,True,18.86418,1.022232,-8.592108,0.02666179,0.04904768,0.03378513,0.9978688,0.09968784,-0.04989578,0.993767,True,0.616967,0.1455422,19.59568,0.6561044,-1.3,7.337844
2026-08-17 15:26:26.314,48.97929,True,18.86417,1.022208,-8.592097,0.02650167,0.04896353,0.03370623,0.9978799,0.09950598,-0.04959022,0.9938005,True,0.6167426,0.1461883,19.5943,0.6583352,-1.3,7.337587
2026-08-17 15:26:26.347,49.01274,True,18.86413,1.022196,-8.592119,0.02653338,0.04860169,0.03371375,0.9978964,0.09878799,-0.04967805,0.9938677,True,0.6158672,0.1460051,19.58895,0.6577027,-1.3,7.337112
2026-08-17 15:26:26.381,49.04712,True,18.86411,1.022218,-8.592151,0.02633798,0.04852149,0.03398754,0.9978963,0.09862915,-0.0492669,0.9939039,True,0.6156695,0.1468885,19.58774,0.660753,-1.3,7.336876
2026-08-17 15:26:26.427,49.09204,True,18.86405,1.022193,-8.592225,0.02640514,0.04845325,0.03399564,0.9978974,0.09849808,-0.04940484,0.9939101,True,0.6155033,0.1465876,19.58672,0.6597141,-1.3,7.336906
2026-08-17 15:26:26.460,49.12554,True,18.86401,1.022108,-8.59229,0.02640308,0.04861124,0.033708,0.9978996,0.09879827,-0.04941806,0.9938797,True,0.6158611,0.1465308,19.58891,0.6595181,-1.3,7.337195
2026-08-17 15:26:26.502,49.16761,True,18.86394,1.022148,-8.592278,0.02660706,0.04836584,0.03397236,0.9978971,0.09833608,-0.04981603,0.9939056,True,0.6152925,0.1456997,19.58543,0.6566482,-1.3,7.336993
2026-08-17 15:26:26.547,49.21201,True,18.86394,1.022151,-8.592206,0.02652491,0.0484596,0.03393271,0.9978961,0.09851543,-0.04964947,0.9938962,True,0.6155076,0.1460544,19.58675,0.6578729,-1.3,7.336989
2026-08-17 15:26:26.590,49.25689,True,18.86392,1.022134,-8.592126,0.02651562,0.04849483,0.03390862,0.9978955,0.09858376,-0.04963084,0.9938903,True,0.6155856,0.1460896,19.58722,0.6579946,-1.3,7.336952
2026-08-17 15:26:26.626,49.29133,True,18.86389,1.022049,-8.59212,0.02673721,0.04838707,0.03369096,0.9979022,0.09837272,-0.05010183,0.9938876,True,0.615328,0.145064,19.58565,0.6544533,-1.3,7.336967
2026-08-17 15:26:26.670,49.33491,True,18.86392,1.022119,-8.592106,0.02684548,0.04844667,0.03337653,0.9979069,0.09848256,-0.05034462,0.9938645,True,0.6154675,0.1445663,19.5865,0.6527348,-1.3,7.337122
2026-08-17 15:26:26.704,49.36934,True,18.86398,1.022051,-8.592151,0.02686192,0.04868582,0.03321575,0.9979002,0.09895165,-0.05037676,0.9938163,True,0.6160462,0.1444724,19.59004,0.6524106,-1.3,7.337523
2026-08-17 15:26:26.748,49.41279,True,18.86402,1.022054,-8.592219,0.02682075,0.04886485,0.03344446,0.9978849,0.09931701,-0.05025953,0.9937857,True,0.6164951,0.1447181,19.59279,0.6532589,-1.3,7.337819
2026-08-17 15:26:26.792,49.45765,True,18.86395,1.022049,-8.592289,0.02677721,0.04875175,0.0334733,0.9978907,0.09909047,-0.05017769,0.9938125,True,0.6162094,0.1448924,19.59104,0.6538607,-1.3,7.33769
2026-08-17 15:26:26.835,49.50098,True,18.8639,1.022095,-8.592343,0.02673219,0.04894068,0.0336777,0.9978758,0.09947401,-0.05005438,0.9937804,True,0.6166667,0.1451637,19.59384,0.6547973,-1.3,7.337983
2026-08-17 15:26:26.869,49.53461,True,18.8639,1.022111,-8.592374,0.02678683,0.04900048,0.03361179,0.9978736,0.09959329,-0.05016576,0.9937629,True,0.6168119,0.1449292,19.59473,0.6539878,-1.3,7.338142
2026-08-17 15:26:26.902,49.56811,True,18.86394,1.022108,-8.592402,0.02675186,0.04893095,0.03341315,0.9978846,0.09944261,-0.05012066,0.9937802,True,0.6166368,0.1450256,19.59366,0.6543207,-1.3,7.338043
2026-08-17 15:26:26.947,49.6126,True,18.864,1.022166,-8.592484,0.02658946,0.04882061,0.03361221,0.9978877,0.09922244,-0.04978466,0.9938191,True,0.6163789,0.1457593,19.59208,0.6568542,-1.3,7.337838
2026-08-17 15:26:26.981,49.64648,True,18.86414,1.022239,-8.592491,0.02621735,0.04917977,0.03361677,0.9978797,0.09991368,-0.049017,0.993788,True,0.6172338,0.1474085,19.59731,0.6625487,-1.3,7.338075
2026-08-17 15:26:27.024,49.68991,True,18.86436,1.022248,-8.592626,0.02633669,0.04984148,0.03337438,0.9978519,0.1012268,-0.04923337,0.9936444,True,0.6188655,0.1469344,19.60729,0.6609114,-1.3,7.339271
2026-08-17 15:26:27.058,49.72332,True,18.86447,1.02218,-8.592646,0.02645508,0.05018427,0.03338234,0.9978313,0.1019171,-0.04944488,0.9935634,True,0.6197211,0.146456,19.61253,0.6592597,-1.3,7.33989
2026-08-17 15:26:27.091,49.75693,True,18.86454,1.022207,-8.592592,0.02651695,0.05009515,0.0329847,0.9978474,0.1017239,-0.04961499,0.9935747,True,0.6194983,0.1461043,19.61116,0.6580452,-1.3,7.339753
2026-08-17 15:26:27.124,49.79029,True,18.86446,1.022189,-8.592563,0.02639399,0.04990162,0.03333944,0.9978485,0.1013484,-0.04934702,0.9936264,True,0.6190278,0.1466745,19.60829,0.6600139,-1.3,7.33934
2026-08-17 15:26:27.159,49.82386,True,18.86441,1.022166,-8.592537,0.02629409,0.04974372,0.0334025,0.997857,0.1010308,-0.04915236,0.9936684,True,0.6186339,0.1470865,19.60588,0.6614367,-1.3,7.339004
2026-08-17 15:26:27.192,49.85723,True,18.86433,1.022189,-8.592487,0.02665832,0.04957866,0.03315103,0.9978639,0.100713,-0.04991558,0.9936626,True,0.6182387,0.145471,19.60346,0.6558585,-1.3,7.338997
2026-08-17 15:26:27.226,49.89208,True,18.86434,1.022162,-8.592477,0.02637036,0.04959328,0.03366379,0.9978536,0.1007491,-0.04928852,0.9936902,True,0.6182804,0.146799,19.60371,0.6604439,-1.3,7.338782
2026-08-17 15:26:27.270,49.9362,True,18.86444,1.022167,-8.592473,0.02632391,0.05022446,0.0335181,0.9978282,0.1019954,-0.04916661,0.9935691,True,0.6198066,0.1470469,19.61305,0.6612998,-1.3,7.339673
2026-08-17 15:26:27.313,49.9791,True,18.86459,1.022121,-8.592525,0.02646353,0.05082604,0.03328219,0.997802,0.1031902,-0.04942751,0.9934328,True,0.6212825,0.1464639,19.62208,0.6592869,-1.3,7.340734
2026-08-17 15:26:27.359,50.02394,True,18.86471,1.02208,-8.592577,0.02660729,0.05116616,0.03315355,0.997785,0.1038699,-0.04970402,0.9933482,True,0.6221293,0.1458545,19.62726,0.6571827,-1.3,7.341411
2026-08-17 15:26:27.402,50.06739,True,18.86481,1.022076,-8.592653,0.02675991,0.05147421,0.0329868,0.9977706,0.1044844,-0.05000457,0.9932686,True,0.6228938,0.1452045,19.63194,0.6549386,-1.3,7.342075
2026-08-17 15:26:27.446,50.11247,True,18.86485,1.022094,-8.59268,0.02646863,0.05160843,0.03335524,0.9977592,0.1047513,-0.04937582,0.9932719,True,0.6232204,0.1465466,19.63394,0.6595727,-1.3,7.342078
2026-08-17 15:26:27.481,50.14611,True,18.86478,1.022072,-8.592674,0.02663026,0.05124116,0.03303663,0.9977844,0.1040148,-0.04975685,0.9933304,True,0.622318,0.1457364,19.62842,0.6567748,-1.3,7.34164
2026-08-17 15:26:27.523,50.18942,True,18.86474,1.022083,-8.592638,0.0268472,0.05117686,0.03311817,0.9977792,0.1039047,-0.05018539,0.9933203,True,0.6221808,0.144828,19.62758,0.6536382,-1.3,7.341678
2026-08-17 15:26:27.568,50.23398,True,18.8648,1.022169,-8.592562,0.02653806,0.05140019,0.03343662,0.9977654,0.1043453,-0.04952021,0.9933075,True,0.6227183,0.1462668,19.63087,0.6586064,-1.3,7.341696
2026-08-17 15:26:27.612,50.27832,True,18.86486,1.022115,-8.592548,0.02675639,0.05170372,0.03321369,0.9977513,0.1049523,-0.04995789,0.9932216,True,0.6234685,0.1453116,19.63546,0.6553081,-1.3,7.342317
2026-08-17 15:26:27.647,50.31273,True,18.86486,1.022085,-8.592542,0.02690639,0.05173425,0.032973,0.9977537,0.1050104,-0.05028023,0.9931992,True,0.6235403,0.1446151,19.6359,0.6529036,-1.3,7.342476
2026-08-17 15:26:27.696,50.36206,True,18.86495,1.022056,-8.592503,0.02702618,0.05170546,0.03259149,0.9977645,0.1049414,-0.0505612,0.9931923,True,0.623472,0.1440092,19.63548,0.6508113,-1.3,7.342488
2026-08-17 15:26:27.736,50.40177,True,18.86491,1.022025,-8.592472,0.02706302,0.05123282,0.0324604,0.9977921,0.1039964,-0.05068045,0.9932856,True,0.6223197,0.1437571,19.62843,0.6499407,-1.3,7.341768
2026-08-17 15:26:27.779,50.44493,True,18.8649,1.021984,-8.592458,0.02739767,0.051178,0.03221323,0.9977938,0.1038953,-0.05137724,0.9932604,True,0.6221998,0.1422613,19.6277,0.644776,-1.3,7.34194
2026-08-17 15:26:27.814,50.47898,True,18.8649,1.021953,-8.592434,0.02733553,0.05124965,0.03234493,0.9977876,0.1040408,-0.05123477,0.9932525,True,0.6223754,0.1425546,19.62877,0.6457888,-1.3,7.341974
2026-08-17 15:26:27.854,50.51944,True,18.86493,1.022001,-8.592418,0.02743946,0.05156783,0.03246814,0.9977643,0.1046869,-0.05140761,0.9931757,True,0.6231636,0.1421929,19.63359,0.6445397,-1.3,7.342526
2026-08-17 15:26:27.890,50.556,True,18.8649,1.022063,-8.592464,0.02713824,0.05160918,0.03280274,0.9977595,0.1047675,-0.05076902,0.9932,True,0.6232541,0.1435708,19.63415,0.6492974,-1.3,7.342393
2026-08-17 15:26:27.923,50.58979,True,18.86486,1.022097,-8.592492,0.02712179,0.05158411,0.03286915,0.997759,0.10472,-0.05073097,0.993207,True,0.6231894,0.1436617,19.63375,0.6496115,-1.3,7.342369
2026-08-17 15:26:27.968,50.63392,True,18.8648,1.022157,-8.592499,0.02708523,0.05135174,0.03300354,0.9977676,0.104262,-0.05065995,0.9932588,True,0.6226237,0.1438356,19.63029,0.6502119,-1.3,7.341992
2026-08-17 15:26:28.003,50.66831,True,18.86475,1.022179,-8.592522,0.02695063,0.05135198,0.03293233,0.9977736,0.1042504,-0.05039898,0.9932733,True,0.6225999,0.1443982,19.63014,0.6521542,-1.3,7.341908
2026-08-17 15:26:28.036,50.70202,True,18.8647,1.02216,-8.592578,0.02709309,0.05129652,0.03283152,0.9977759,0.1041439,-0.05069738,0.9932693,True,0.622466,0.143757,19.62932,0.6499405,-1.3,7.341995
2026-08-17 15:26:28.079,50.74525,True,18.86467,1.022153,-8.592703,0.02702136,0.05121862,0.03296018,0.9977776,0.1039908,-0.05054627,0.993293,True,0.622277,0.1440769,19.62817,0.6510448,-1.3,7.341946
2026-08-17 15:26:28.124,50.78938,True,18.8646,1.022192,-8.592745,0.02686494,0.05119608,0.03301494,0.9977812,0.1039389,-0.0502302,0.9933144,True,0.6222007,0.1447619,19.6277,0.6534102,-1.3,7.341829
2026-08-17 15:26:28.159,50.82536,True,18.86455,1.02228,-8.592735,0.02670072,0.05105311,0.03359921,0.9977734,0.1036731,-0.04985185,0.9933613,True,0.6218684,0.1455972,19.62567,0.6562943,-1.3,7.341473
2026-08-17 15:26:28.201,50.86731,True,18.86452,1.022351,-8.592693,0.02665316,0.05108727,0.03345661,0.9977777,0.1037309,-0.04976943,0.9933594,True,0.6219314,0.1457933,19.62605,0.6569715,-1.3,7.341445
2026-08-17 15:26:28.239,50.90318,True,18.86452,1.022395,-8.592627,0.02662714,0.05089085,0.03338927,0.9977907,0.103335,-0.0497382,0.9934022,True,0.6214502,0.145878,19.62311,0.657264,-1.3,7.341061
2026-08-17 15:26:28.282,50.94731,True,18.86445,1.022399,-8.592609,0.02669361,0.05081092,0.03341274,0.9977922,0.1031813,-0.04987389,0.9934114,True,0.621253,0.1455919,19.6219,0.6562759,-1.3,7.340976
2026-08-17 15:26:28.324,50.98969,True,18.86444,1.02239,-8.592583,0.02667556,0.05061719,0.03348903,0.9978,0.1027984,-0.0498435,0.9934526,True,0.6207861,0.1456586,19.61905,0.6565064,-1.3,7.340644
2026-08-17 15:26:28.368,51.03435,True,18.86443,1.02242,-8.592649,0.026357,0.05051824,0.03368122,0.997807,0.1025904,-0.04919537,0.9935064,True,0.6205291,0.1470501,19.61747,0.6613109,-1.3,7.340313
2026-08-17 15:26:28.402,51.06791,True,18.86448,1.022463,-8.592717,0.02639363,0.05056359,0.03372261,0.9978024,0.1026851,-0.04926099,0.9934934,True,0.6206536,0.1469205,19.61823,0.6608638,-1.3,7.340479
2026-08-17 15:26:28.446,51.11191,True,18.86454,1.022424,-8.592852,0.02653715,0.05065221,0.03379965,0.9977914,0.1028746,-0.04953302,0.9934603,True,0.6208971,0.1463255,19.61972,0.6588089,-1.3,7.340858
2026-08-17 15:26:28.483,51.14783,True,18.86457,1.022431,-8.592847,0.02637616,0.05081058,0.03376908,0.9977887,0.1031778,-0.04920401,0.9934452,True,0.6212687,0.1470255,19.622,0.6612259,-1.3,7.340966
2026-08-17 15:26:28.523,51.18952,True,18.86455,1.022428,-8.592814,0.02648344,0.05029263,0.03359758,0.9978179,0.1021453,-0.04947187,0.9935386,True,0.6200134,0.1464655,19.61432,0.6592926,-1.3,7.340243
2026-08-17 15:26:28.559,51.22419,True,18.86453,1.022456,-8.592728,0.02651837,0.05006862,0.0336199,0.9978275,0.1017028,-0.04955492,0.9935798,True,0.6194733,0.1463027,19.61101,0.6587304,-1.3,7.339851
2026-08-17 15:26:28.602,51.26757,True,18.86451,1.022388,-8.592647,0.02665568,0.04956646,0.03340334,0.9978561,0.1007012,-0.04988571,0.9936653,True,0.6182569,0.1455901,19.60357,0.6562697,-1.3,7.339138
2026-08-17 15:26:28.639,51.3047,True,18.8645,1.022359,-8.592643,0.02673155,0.04934094,0.03327948,0.9978694,0.1002509,-0.05006511,0.9937018,True,0.6177108,0.1452043,19.60023,0.6549377,-1.3,7.338863
2026-08-17 15:26:28.680,51.34634,True,18.86444,1.02234,-8.592617,0.02670201,0.04873348,0.03322102,0.997902,0.09903663,-0.05005404,0.9938241,True,0.6162301,0.1452358,19.59117,0.6550463,-1.3,7.337935
2026-08-17 15:26:28.724,51.3898,True,18.8641,1.022376,-8.592442,0.02651392,0.04726376,0.03327018,0.9979761,0.09610044,-0.04977557,0.9941263,True,0.612615,0.1458728,19.56905,0.6572461,-1.3,7.335528
2026-08-17 15:26:28.760,51.42569,True,18.86358,1.022355,-8.592294,0.02641487,0.04516145,0.03354335,0.9980669,0.09192038,-0.04969788,0.9945254,True,0.6074722,0.1460764,19.53758,0.6579489,-1.3,7.332435
2026-08-17 15:26:28.801,51.46725,True,18.86276,1.022477,-8.591951,0.02582361,0.04149394,0.03400439,0.998226,0.08459689,-0.04873365,0.9952228,True,0.5984862,0.1482365,19.4826,0.6654075,-1.3,7.326953
2026-08-17 15:26:28.835,51.50063,True,18.8616,1.02249,-8.59158,0.02546001,0.03651495,0.03411407,0.9984261,0.07465205,-0.04834852,0.9960369,True,0.5863105,0.1491466,19.4081,0.6685498,-1.3,7.320593
2026-08-17 15:26:28.879,51.54558,True,18.86001,1.022591,-8.591204,0.02471834,0.02978276,0.03539142,0.9986238,0.06123319,-0.04726053,0.997004,True,0.5699199,0.1515849,19.30781,0.6769689,-1.3,7.313114
2026-08-17 15:26:28.924,51.59003,True,18.85796,1.02268,-8.590627,0.0240459,0.02150852,0.03632792,0.9988191,0.04471331,-0.04647229,0.9979184,True,0.5497875,0.1533782,19.18463,0.6831609,-1.3,7.305835
2026-08-17 15:26:28.968,51.63403,True,18.85585,1.022676,-8.590143,0.02339064,0.01317541,0.03669685,0.9989658,0.02804029,-0.04576591,0.9985586,True,0.52951,0.15494,19.06056,0.6885538,-1.3,7.300666
2026-08-17 15:26:29.013,51.67876,True,18.85383,1.02256,-8.589671,0.02278931,0.005035567,0.03690108,0.9990464,0.01174343,-0.04516352,0.9989106,True,0.5097295,0.1562203,18.93953,0.6929743,-1.3,7.297621
2026-08-17 15:26:29.058,51.72391,True,18.85089,1.02228,-8.588942,0.02238808,-0.006683964,0.03569047,0.9990897,-0.01175768,-0.0452125,0.9989082,True,0.4812205,0.1560449,18.76509,0.6923689,-1.3,7.296908
2026-08-17 15:26:29.097,51.7627,True,18.84713,1.022259,-8.588032,0.02242942,-0.02248995,0.03254706,0.9989654,-0.04347334,-0.04627638,0.9979823,True,0.4427405,0.153712,18.52965,0.6843138,-1.3,7.302767
2026-08-17 15:26:29.136,51.80098,True,18.84427,1.022349,-8.58747,0.02154471,-0.03388481,0.0303082,0.9987337,-0.06637784,-0.04508884,0.9967753,True,0.4148462,0.1561416,18.35897,0.6927027,-1.3,7.311046
2026-08-17 15:26:29.169,51.83444,True,18.84218,1.022346,-8.587149,0.02134049,-0.04212647,0.0288372,0.998468,-0.08289306,-0.04504522,0.9955399,True,0.3946532,0.156119,18.23542,0.6926247,-1.3,7.319795
2026-08-17 15:26:29.212,51.87817,True,18.84082,1.022065,-8.587128,0.0225842,-0.04740903,0.02796349,0.9982286,-0.09338703,-0.04773983,0.9944847,True,0.381758,0.1502181,18.15652,0.6722496,-1.3,7.327541
2026-08-17 15:26:29.246,51.91178,True,18.84068,1.021598,-8.587231,0.02437421,-0.04739163,0.02818713,0.998181,-0.09323677,-0.05133142,0.9943199,True,0.3818949,0.1424413,18.15736,0.6453973,-1.3,7.328859
2026-08-17 15:26:29.280,51.94618,True,18.84157,1.021373,-8.587445,0.02603789,-0.0425152,0.02751202,0.9983775,-0.08345972,-0.05433064,0.995029,True,0.3938205,0.1360888,18.23033,0.6234628,-1.3,7.323852
2026-08-17 15:26:29.325,51.99013,True,18.84313,1.021463,-8.587655,0.02565807,-0.03462525,0.02648615,0.9987198,-0.06780268,-0.05308462,0.9962855,True,0.4129167,0.1388967,18.34717,0.6331584,-1.3,7.314826
2026-08-17 15:26:29.369,52.03444,True,18.84465,1.021676,-8.588259,0.02466603,-0.02809798,0.02770495,0.9989167,-0.05476834,-0.05083553,0.9972042,True,0.4288022,0.1438133,18.44437,0.650135,-1.3,7.308692
2026-08-17 15:26:29.408,52.07366,True,18.84584,1.021858,-8.589173,0.02430944,-0.02386432,0.03045613,0.9989555,-0.04619804,-0.05002173,0.9976791,True,0.4392538,0.1456256,18.50832,0.6563923,-1.3,7.30613
2026-08-17 15:26:29.446,52.11226,True,18.84629,1.022106,-8.589656,0.02420598,-0.02291676,0.03166663,0.9989425,-0.044252,-0.04981216,0.9977778,True,0.4416527,0.1461443,18.52299,0.6581835,-1.3,7.305892
2026-08-17 15:26:29.491,52.15716,True,18.84685,1.022399,-8.590196,0.02345547,-0.0215532,0.03298897,0.998948,-0.04151351,-0.04828362,0.9979706,True,0.4450188,0.1494756,18.54359,0.6696861,-1.3,7.305021
2026-08-17 15:26:29.525,52.19067,True,18.84744,1.022532,-8.590387,0.02302337,-0.01989609,0.03353712,0.9989741,-0.03820708,-0.04733402,0.9981481,True,0.4490705,0.1515385,18.56838,0.6768088,-1.3,7.303913
2026-08-17 15:26:29.563,52.22854,True,18.8478,1.022468,-8.590449,0.02329742,-0.01922023,0.03276705,0.9990066,-0.03687549,-0.04780814,0.9981756,True,0.4507198,0.150519,18.57847,0.6732887,-1.3,7.303774
2026-08-17 15:26:29.602,52.26778,True,18.84832,1.022295,-8.590494,0.02422528,-0.01845383,0.03158179,0.9990371,-0.03534196,-0.04956952,0.9981452,True,0.452634,0.1467392,18.59018,0.6602374,-1.3,7.304042
2026-08-17 15:26:29.636,52.30149,True,18.84878,1.022116,-8.590416,0.02432817,-0.01749141,0.03066036,0.9990807,-0.03345884,-0.04968419,0.9982044,True,0.4549598,0.146452,18.60441,0.6592461,-1.3,7.30353
2026-08-17 15:26:29.679,52.34516,True,18.84918,1.022074,-8.59026,0.0247075,-0.01725036,0.02952941,0.9991096,-0.03301081,-0.05038979,0.9981839,True,0.45556,0.1449474,18.60809,0.6540508,-1.3,7.303524
2026-08-17 15:26:29.720,52.38527,True,18.84957,1.021988,-8.59012,0.02504743,-0.01607349,0.02867032,0.9991458,-0.03068328,-0.05097372,0.9982285,True,0.4584038,0.1436943,18.62549,0.649724,-1.3,7.303057
2026-08-17 15:26:29.759,52.42451,True,18.84967,1.022051,-8.589847,0.0252649,-0.01530083,0.02834233,0.9991618,-0.02914388,-0.05135477,0.9982551,True,0.4602596,0.1429138,18.63684,0.6470289,-1.3,7.302588
2026-08-17 15:26:29.802,52.4678,True,18.84968,1.022256,-8.589331,0.02488348,-0.0145218,0.02938151,0.999153,-0.02755678,-0.05057815,0.9983398,True,0.4621608,0.1446321,18.64848,0.652962,-1.3,7.301452
2026-08-17 15:26:29.836,52.50148,True,18.84981,1.02249,-8.589111,0.02480295,-0.01302452,0.0298767,0.9991609,-0.02454513,-0.05034254,0.9984304,True,0.4657794,0.145211,18.67062,0.6549608,-1.3,7.30057
2026-08-17 15:26:29.871,52.53653,True,18.84986,1.022532,-8.58911,0.02422765,-0.01195348,0.0297787,0.9991913,-0.02244469,-0.04912804,0.9985403,True,0.4682971,0.1478024,18.68602,0.6639086,-1.3,7.299766
2026-08-17 15:26:29.913,52.57835,True,18.84983,1.022607,-8.589272,0.02413791,-0.01098866,0.03028488,0.9991894,-0.02049748,-0.04890227,0.9985932,True,0.4706155,0.1483046,18.70021,0.6656427,-1.3,7.299541
2026-08-17 15:26:29.956,52.6224,True,18.84969,1.022657,-8.589567,0.02352437,-0.01078258,0.03110228,0.9991812,-0.02008419,-0.04768095,0.9986607,True,0.4710858,0.1509039,18.70308,0.6746174,-1.3,7.299343
2026-08-17 15:26:29.990,52.65605,True,18.84968,1.022677,-8.589831,0.02334032,-0.01061708,0.03161799,0.9991711,-0.01974062,-0.04731333,0.998685,True,0.4714943,0.1516856,18.70558,0.6773168,-1.3,7.29943
2026-08-17 15:26:30.024,52.68985,True,18.84969,1.022608,-8.590048,0.0232611,-0.01058532,0.03169683,0.9991707,-0.01967848,-0.04715467,0.9986938,True,0.4715695,0.151999,18.70604,0.6783991,-1.3,7.299583
2026-08-17 15:26:30.067,52.73335,True,18.84977,1.022612,-8.590382,0.02310796,-0.01027256,0.03203803,0.9991667,-0.01904734,-0.04683562,0.998721,True,0.4723347,0.1526727,18.71073,0.6807251,-1.3,7.299718
2026-08-17 15:26:30.101,52.76714,True,18.84986,1.022666,-8.590483,0.02324728,-0.0102223,0.03191277,0.999168,-0.01894382,-0.04710831,0.9987102,True,0.4724722,0.1521094,18.71157,0.6787802,-1.3,7.299898
2026-08-17 15:26:30.135,52.80075,True,18.85004,1.022651,-8.590579,0.02315356,-0.009649262,0.03228055,0.999164,-0.01778757,-0.04689137,0.9987416,True,0.4738826,0.1525657,18.7202,0.6803555,-1.3,7.299765
2026-08-17 15:26:30.169,52.83442,True,18.85028,1.022794,-8.590611,0.0227483,-0.008945065,0.03258314,0.9991701,-0.01639286,-0.04604175,0.998805,True,0.475587,0.154409,18.73063,0.6867201,-1.3,7.299335
2026-08-17 15:26:30.213,52.8786,True,18.85048,1.022831,-8.5905,0.02283649,-0.008110266,0.03241831,0.9991806,-0.0147266,-0.04616139,0.9988254,True,0.4776079,0.1541703,18.74299,0.685896,-1.3,7.299073
2026-08-17 15:26:30.247,52.91217,True,18.85059,1.022795,-8.59041,0.02313689,-0.007823202,0.03213774,0.999185,-0.01414652,-0.0467389,0.998807,True,0.4783181,0.1529384,18.74734,0.6816424,-1.3,7.299118
2026-08-17 15:26:30.280,52.94616,True,18.85071,1.022769,-8.590272,0.02323578,-0.007284016,0.03180275,0.9991975,-0.01307842,-0.04689758,0.9988141,True,0.479612,0.1525979,18.75525,0.6804669,-1.3,7.298928
2026-08-17 15:26:30.324,52.9899,True,18.85073,1.022695,-8.590111,0.0231401,-0.007316632,0.03129048,0.9992157,-0.01317366,-0.04670179,0.998822,True,0.479501,0.1529935,18.75457,0.6818327,-1.3,7.298708
2026-08-17 15:26:30.367,53.03383,True,18.85065,1.022674,-8.590059,0.02324973,-0.007609649,0.03117749,0.9992145,-0.01375761,-0.04693744,0.9988031,True,0.4787918,0.152488,18.75023,0.6800873,-1.3,7.298795
2026-08-17 15:26:30.402,53.06752,True,18.85062,1.022675,-8.590067,0.02345526,-0.007584216,0.03103944,0.9992142,-0.01370043,-0.04734447,0.9987847,True,0.4788547,0.1516259,18.75062,0.6771106,-1.3,7.298938
2026-08-17 15:26:30.446,53.11162,True,18.85062,1.022691,-8.590171,0.0231746,-0.007447074,0.03135443,0.9992119,-0.01342916,-0.04677967,0.9988149,True,0.4791791,0.1528259,18.7526,0.6812543,-1.3,7.29882
2026-08-17 15:26:30.491,53.15637,True,18.85068,1.022728,-8.590303,0.02306924,-0.007178804,0.0315273,0.9992108,-0.01289166,-0.04655472,0.9988325,True,0.4798291,0.1533122,18.75658,0.6829333,-1.3,7.298824
2026-08-17 15:26:30.524,53.19012,True,18.85077,1.022824,-8.590354,0.02300013,-0.006696092,0.03163098,0.9992126,-0.01192661,-0.04638765,0.9988523,True,0.4809962,0.1536943,18.76372,0.6842526,-1.3,7.298731
2026-08-17 15:26:30.568,53.23385,True,18.85088,1.022838,-8.590518,0.02290143,-0.00622079,0.03175694,0.9992139,-0.01097724,-0.04616195,0.9988737,True,0.482147,0.1541754,18.77076,0.6859136,-1.3,7.298739
2026-08-17 15:26:30.602,53.26744,True,18.85109,1.022897,-8.59063,0.0226919,-0.005663837,0.03167819,0.9992245,-0.009881212,-0.04570744,0.998906,True,0.483488,0.1551549,18.77897,0.689296,-1.3,7.298614
2026-08-17 15:26:30.635,53.30087,True,18.85119,1.022871,-8.590712,0.02269874,-0.00534585,0.03162742,0.9992276,-0.009247636,-0.04570056,0.9989124,True,0.4842611,0.1551615,18.7837,0.6893185,-1.3,7.29865
2026-08-17 15:26:30.680,53.3451,True,18.85139,1.022827,-8.590795,0.02272604,-0.004652375,0.03157563,0.9992322,-0.007862427,-0.04571099,0.9989238,True,0.4859449,0.1551266,18.794,0.6891981,-1.3,7.298649
2026-08-17 15:26:30.724,53.38948,True,18.85173,1.022918,-8.59079,0.02287384,-0.003329142,0.03130483,0.9992426,-0.005221118,-0.04592146,0.9989314,True,0.4891517,0.1547089,18.81362,0.6877559,-1.3,7.298589
2026-08-17 15:26:30.758,53.4235,True,18.85202,1.022986,-8.590759,0.02290105,-0.002074605,0.03128032,0.9992461,-0.002713378,-0.04589736,0.9989425,True,0.4921903,0.1547812,18.83221,0.6880056,-1.3,7.298478
2026-08-17 15:26:30.792,53.45741,True,18.85232,1.022972,-8.590838,0.02276669,-0.0005174194,0.03118756,0.9992541,0.0003860078,-0.04553169,0.9989628,True,0.495936,0.155551,18.85513,0.6906637,-1.3,7.298408
2026-08-17 15:26:30.835,53.5006,True,18.85258,1.023059,-8.590866,0.02262737,0.0005456839,0.03135149,0.9992521,0.002509355,-0.04518668,0.9989754,True,0.4985114,0.1563063,18.87089,0.6932713,-1.3,7.298344
2026-08-17 15:26:30.869,53.53447,True,18.85282,1.023099,-8.59088,0.02275407,0.00131099,0.03117724,0.999254,0.004038843,-0.04539245,0.9989611,True,0.5003752,0.1558813,18.8823,0.6918039,-1.3,7.298463
2026-08-17 15:26:30.912,53.57813,True,18.85327,1.023103,-8.590992,0.02264863,0.002927961,0.03114359,0.999254,0.007262273,-0.04508109,0.9989569,True,0.5042938,0.1565387,18.90627,0.6940738,-1.3,7.298605
2026-08-17 15:26:30.946,53.61204,True,18.85336,1.023091,-8.590991,0.02297448,0.002687084,0.03104643,0.9992503,0.006796691,-0.04574766,0.9989299,True,0.5037537,0.1551238,18.90297,0.6891885,-1.3,7.298801
2026-08-17 15:26:30.990,53.6559,True,18.85339,1.023057,-8.591004,0.02298997,0.002366909,0.03100713,0.999252,0.006155982,-0.04579877,0.9989317,True,0.5029937,0.1550058,18.89832,0.6887808,-1.3,7.298802
2026-08-17 15:26:31.034,53.70047,True,18.85344,1.023077,-8.590981,0.02285911,0.002609674,0.03111011,0.9992511,0.006637738,-0.04552162,0.9989413,True,0.5035773,0.1555986,18.90189,0.690828,-1.3,7.298709
2026-08-17 15:26:31.078,53.74474,True,18.85341,1.023071,-8.591,0.02282,0.002553337,0.03138268,0.9992436,0.006535116,-0.04544521,0.9989455,True,0.5034494,0.1557587,18.9011,0.6913806,-1.3,7.298697
2026-08-17 15:26:31.117,53.78286,True,18.85342,1.023102,-8.591024,0.02301293,0.002880475,0.03101573,0.9992498,0.007184154,-0.04581264,0.9989242,True,0.5042262,0.1549885,18.90586,0.6887212,-1.3,7.298877
2026-08-17 15:26:31.157,53.82262,True,18.85334,1.023135,-8.591098,0.02289697,0.003024413,0.03138257,0.9992406,0.007481363,-0.04556933,0.9989331,True,0.5045681,0.1555123,18.90795,0.6905297,-1.3,7.298885
2026-08-17 15:26:31.192,53.85729,True,18.85332,1.023169,-8.591163,0.022818,0.003197971,0.03145785,0.9992395,0.007826689,-0.04540008,0.9989382,True,0.5049756,0.1558794,18.91044,0.6917975,-1.3,7.298913
2026-08-17 15:26:31.234,53.90049,True,18.85332,1.0232,-8.591209,0.02277317,0.003524293,0.03147165,0.999239,0.008476639,-0.04528985,0.9989379,True,0.5057509,0.156121,18.91519,0.6926315,-1.3,7.298961
2026-08-17 15:26:31.274,53.94012,True,18.85328,1.023214,-8.591231,0.02265123,0.003573044,0.03168515,0.9992348,0.008576035,-0.04504137,0.9989483,True,0.5058632,0.1566508,18.91587,0.6944611,-1.3,7.298908
2026-08-17 15:26:31.313,53.97849,True,18.85335,1.023247,-8.59123,0.02270594,0.004300733,0.03149273,0.9992368,0.01002504,-0.04510634,0.9989319,True,0.5076041,0.1565215,18.92653,0.6940147,-1.3,7.299026
2026-08-17 15:26:31.358,54.02416,True,18.85363,1.023353,-8.591142,0.02251401,0.005879022,0.03133525,0.9992381,0.01316005,-0.04462527,0.9989171,True,0.5113897,0.157569,18.94969,0.6976311,-1.3,7.299046
2026-08-17 15:26:31.403,54.06824,True,18.85389,1.023463,-8.591068,0.02208436,0.007230085,0.03123638,0.9992419,0.01582888,-0.04368355,0.99892,True,0.5146157,0.1595927,18.96943,0.7046187,-1.3,7.298951
2026-08-17 15:26:31.446,54.11197,True,18.85408,1.023405,-8.591082,0.02240661,0.00810955,0.03095344,0.9992368,0.01759384,-0.04427698,0.9988644,True,0.5167533,0.1583161,18.98251,0.7002109,-1.3,7.299371
2026-08-17 15:26:31.490,54.15652,True,18.85409,1.023381,-8.591036,0.02232196,0.008087657,0.03044582,0.9992544,0.01752247,-0.04411817,0.9988726,True,0.5166695,0.1586463,18.98199,0.701351,-1.3,7.299264
2026-08-17 15:26:31.525,54.19068,True,18.85419,1.023399,-8.591001,0.02214422,0.008463604,0.03001182,0.9992684,0.018244,-0.04374802,0.998876,True,0.5175468,0.1594347,18.98736,0.7040733,-1.3,7.299205
2026-08-17 15:26:31.558,54.22455,True,18.85436,1.023378,-8.590899,0.02178656,0.009153564,0.02913127,0.9992962,0.01956358,-0.04300914,0.9988831,True,0.5191472,0.1609926,18.99715,0.7094526,-1.3,7.299052
2026-08-17 15:26:31.602,54.26759,True,18.85435,1.023221,-8.590455,0.02113349,0.009594827,0.02771891,0.9993463,0.02034871,-0.04170744,0.9989226,True,0.5200794,0.1637075,19.00286,0.7188268,-1.3,7.298318
2026-08-17 15:26:31.636,54.30124,True,18.85395,1.022885,-8.590087,0.02229987,0.00779406,0.02828344,0.9993208,0.01683897,-0.04412857,0.998884,True,0.5158275,0.1584939,18.97684,0.7008251,-1.3,7.298232
2026-08-17 15:26:31.678,54.34487,True,18.85339,1.022452,-8.589872,0.02515171,0.005902922,0.02963766,0.9992268,0.01328759,-0.04991462,0.9986651,True,0.511504,0.1461187,18.95039,0.6580948,-1.3,7.299616
2026-08-17 15:26:31.713,54.37877,True,18.85314,1.022212,-8.58959,0.02878766,0.006788391,0.02915419,0.9991373,0.01524363,-0.05712983,0.9982504,True,0.5138023,0.13075,18.96445,0.605029,-1.3,7.302367
2026-08-17 15:26:31.747,54.41297,True,18.85325,1.022741,-8.588711,0.02790865,0.009731757,0.02809955,0.999168,0.02101576,-0.05522395,0.9982528,True,0.520707,0.1349483,19.0067,0.6195253,-1.3,7.301467
2026-08-17 15:26:31.791,54.45701,True,18.85358,1.024337,-8.586226,0.02606694,0.01422839,0.0257997,0.9992259,0.0297798,-0.05135935,0.9982361,True,0.5312074,0.143618,19.07095,0.6494604,-1.3,7.299101
2026-08-17 15:26:31.835,54.50069,True,18.85387,1.02586,-8.583409,0.02726294,0.01798993,0.02573133,0.9991351,0.03735176,-0.0535529,0.9978662,True,0.5402868,0.1394239,19.1265,0.6349788,-1.3,7.298984
2026-08-17 15:26:31.869,54.53452,True,18.85454,1.027934,-8.579024,0.03354825,0.01773986,0.0227932,0.9990197,0.03697427,-0.06622203,0.9971196,True,0.5399519,0.1132227,19.12445,0.5445094,-1.3,7.300052
2026-08-17 15:26:31.913,54.57906,True,18.85479,1.030893,-8.57331,0.04028355,0.006748296,0.02490797,0.998855,0.0154879,-0.08013868,0.9966634,True,0.5143527,0.08471261,18.96782,0.446068,-1.3,7.297659
2026-08-17 15:26:31.958,54.62446,True,18.85464,1.035623,-8.564539,0.0460367,-0.006164691,0.02977427,0.9984769,-0.009569185,-0.09230026,0.9956852,True,0.4844445,0.06042292,18.78482,0.3621988,-1.3,7.29602
2026-08-17 15:26:32.000,54.66716,True,18.85331,1.041203,-8.555326,0.05221404,-0.01819924,0.03832655,0.9977342,-0.03231364,-0.1055865,0.993885,True,0.4570854,0.03384389,18.61742,0.2704251,-1.3,7.299965
2026-08-17 15:26:32.034,54.70055,True,18.85182,1.045975,-8.548283,0.05431428,-0.02833914,0.04821308,0.9969566,-0.05126846,-0.1110306,0.9924937,True,0.4342013,0.02361537,18.4774,0.2351073,-1.3,7.303102
2026-08-17 15:26:32.071,54.73685,True,18.84893,1.052916,-8.538725,0.05532412,-0.04433687,0.06591942,0.995303,-0.08096339,-0.1159739,0.989947,True,0.3981654,0.01486337,18.25691,0.2048879,-1.3,7.312235
2026-08-17 15:26:32.110,54.77694,True,18.84556,1.060902,-8.528298,0.05689492,-0.06288506,0.09031895,0.9922958,-0.1145238,-0.1242726,0.9856169,False,-1,-1,0,0,0,-1
2026-08-17 15:26:32.154,54.82008,True,18.8415,1.069224,-8.517077,0.06117468,-0.08474267,0.1151622,0.987833,-0.1533332,-0.140379,0.9781527,False,-1,-1,0,0,0,-1
2026-08-17 15:26:32.197,54.86248,True,18.83633,1.076949,-8.504348,0.06478707,-0.09914469,0.1331074,0.9839997,-0.1778694,-0.1538947,0.9719459,False,-1,-1,0,0,0,-1
2026-08-17 15:26:32.242,54.90775,True,18.83524,1.079,-8.50157,0.0676587,-0.1001155,0.1349413,0.9834582,-0.178659,-0.1600984,0.9707984,False,-1,-1,0,0,0,-1
2026-08-17 15:26:32.279,54.94639,True,18.82844,1.086637,-8.48892,0.06928157,-0.1064174,0.1388973,0.9821318,-0.1897858,-0.1656494,0.9677508,False,-1,-1,0,0,0,-1
2026-08-17 15:26:32.316,54.98111,True,18.82406,1.091588,-8.482412,0.05941532,-0.1043873,0.1370873,0.9832498,-0.1889875,-0.1454606,0.9711462,False,-1,-1,0,0,0,-1
2026-08-17 15:26:32.356,55.02274,True,18.8188,1.096895,-8.473955,0.05483968,-0.08743495,0.1460331,0.9838811,-0.1560344,-0.1334482,0.9786955,False,-1,-1,0,0,0,-1
2026-08-17 15:26:32.392,55.05799,True,18.8178,1.098272,-8.467104,0.05934477,-0.09448103,0.1468766,0.9828422,-0.1682872,-0.1444072,0.9751031,False,-1,-1,0,0,0,-1
2026-08-17 15:26:32.434,55.10081,True,18.8157,1.09939,-8.463753,0.06604,-0.09199267,0.1502795,0.9821365,-0.1608498,-0.1573698,0.9743521,False,-1,-1,0,0,0,-1
2026-08-17 15:26:32.469,55.13495,True,18.81383,1.101234,-8.463683,0.06779183,-0.08344198,0.1586572,0.981463,-0.1422791,-0.1595477,0.9768834,False,-1,-1,0,0,0,-1
2026-08-17 15:26:32.504,55.16956,True,18.81178,1.102937,-8.466524,0.07498219,-0.07371432,0.1694419,0.979915,-0.1190573,-0.1719329,0.9778877,False,-1,-1,0,0,0,-1
2026-08-17 15:26:32.546,55.21326,True,18.81013,1.103332,-8.470757,0.08337216,-0.06768125,0.1796423,0.9778532,-0.1024103,-0.1873683,0.9769366,False,-1,-1,0,0,0,-1
2026-08-17 15:26:32.593,55.25838,True,18.80912,1.10289,-8.474558,0.08628049,-0.06484865,0.1828551,0.9771972,-0.09518618,-0.1923419,0.9767007,False,-1,-1,0,0,0,-1
2026-08-17 15:26:32.626,55.29229,True,18.80853,1.102909,-8.477544,0.08604254,-0.05960484,0.1834462,0.9774413,-0.08495211,-0.1900716,0.9780879,False,-1,-1,0,0,0,-1
2026-08-17 15:26:32.671,55.33706,True,18.80641,1.102508,-8.483153,0.08308509,-0.04625847,0.1872534,0.9776979,-0.0593377,-0.1797883,0.981914,False,-1,-1,0,0,0,-1
2026-08-17 15:26:32.713,55.37998,True,18.80423,1.102912,-8.488503,0.08074722,-0.03129226,0.1914623,0.9776722,-0.03026704,-0.1698712,0.9850014,False,-1,-1,0,0,0,-1
2026-08-17 15:26:32.757,55.42362,True,18.80223,1.103022,-8.493485,0.09186543,-0.01940782,0.2013191,0.9750153,-0.0008573122,-0.1869547,0.9823682,False,-1,-1,0,0,0,-1
2026-08-17 15:26:32.790,55.4572,True,18.80085,1.102539,-8.497139,0.1109595,-0.01010405,0.2070774,0.9719593,0.02631298,-0.2198809,0.9751718,False,-1,-1,0,0,0,-1
2026-08-17 15:26:32.833,55.49907,True,18.79975,1.100743,-8.502982,0.1380941,0.01150199,0.2008293,0.9697759,0.0777754,-0.2632209,0.9615954,False,-1,-1,0,0,0,-1
2026-08-17 15:26:32.870,55.53541,True,18.7992,1.097782,-8.508523,0.1611793,0.03443729,0.1907368,0.967706,0.128136,-0.2988115,0.9456706,False,-1,-1,0,0,0,-1
2026-08-17 15:26:32.904,55.56897,True,18.79813,1.094111,-8.515738,0.1800206,0.068036,0.1618036,0.9678757,0.1899567,-0.3264581,0.9259274,False,-1,-1,0,0,0,-1
2026-08-17 15:26:32.948,55.61317,True,18.79548,1.089511,-8.525155,0.2029938,0.1139731,0.1247747,0.9644869,0.2705082,-0.3631277,0.8916073,False,-1,-1,0,0,0,-1
2026-08-17 15:26:32.987,55.65302,True,18.79235,1.086879,-8.533079,0.2208161,0.1536105,0.09722441,0.9582231,0.3373236,-0.3933128,0.8552881,False,-1,-1,0,0,0,-1
2026-08-17 15:26:33.023,55.68978,True,18.78988,1.08596,-8.537279,0.2320925,0.1710909,0.08160924,0.9540445,0.3643384,-0.414928,0.8337219,False,-1,-1,0,0,0,-1
2026-08-17 15:26:33.058,55.72368,True,18.78733,1.087667,-8.537015,0.2475652,0.169877,0.08316725,0.9502297,0.364023,-0.4422311,0.8197066,False,-1,-1,0,0,0,-1
2026-08-17 15:26:33.102,55.76737,True,18.78383,1.090671,-8.533066,0.2365995,0.1586033,0.1014853,0.9531875,0.3503801,-0.4188555,0.8377314,False,-1,-1,0,0,0,-1
2026-08-17 15:26:33.141,55.80678,True,18.78231,1.092366,-8.531651,0.2347143,0.1591432,0.1092856,0.9527011,0.3545336,-0.412441,0.8391653,False,-1,-1,0,0,0,-1
2026-08-17 15:26:33.179,55.84578,True,18.78025,1.095015,-8.52984,0.2320583,0.1660242,0.1172402,0.9512306,0.3702677,-0.4025525,0.8371698,False,-1,-1,0,0,0,-1
2026-08-17 15:26:33.214,55.88037,True,18.77894,1.095908,-8.529471,0.2345502,0.1738938,0.1162947,0.9493275,0.3847182,-0.404884,0.8294944,False,-1,-1,0,0,0,-1
2026-08-17 15:26:33.258,55.92426,True,18.77683,1.095471,-8.530428,0.242091,0.1877666,0.1077159,0.9457976,0.4073325,-0.4174874,0.8122713,False,-1,-1,0,0,0,-1
2026-08-17 15:26:33.292,55.95829,True,18.77534,1.094949,-8.532056,0.2511729,0.2038774,0.09736903,0.9412042,0.4326935,-0.4331073,0.7906923,False,-1,-1,0,0,0,-1
2026-08-17 15:26:33.336,56.00206,True,18.77368,1.0935,-8.535277,0.2633591,0.2263891,0.07881548,0.93444,0.4646075,-0.4565006,0.75878,False,-1,-1,0,0,0,-1
2026-08-17 15:26:33.379,56.04529,True,18.77242,1.091465,-8.53905,0.276179,0.2528124,0.05400616,0.9256859,0.4978804,-0.4840031,0.7196222,False,-1,-1,0,0,0,-1
2026-08-17 15:26:33.413,56.07919,True,18.77128,1.089564,-8.542263,0.28729,0.2712002,0.03360821,0.9180334,0.5172524,-0.5092546,0.6878298,False,-1,-1,0,0,0,-1
2026-08-17 15:26:33.449,56.11477,True,18.76989,1.089135,-8.543059,0.3011268,0.2858498,0.01997745,0.9095128,0.5319996,-0.5363362,0.655225,False,-1,-1,0,0,0,-1
2026-08-17 15:26:33.490,56.15627,True,18.76903,1.091681,-8.538741,0.3081652,0.2754807,0.01869531,0.9103819,0.5131077,-0.5507957,0.6582892,False,-1,-1,0,0,0,-1
2026-08-17 15:26:33.595,56.25825,True,18.76955,1.09205,-8.536624,0.3158742,0.2773356,0.01345815,0.9072637,0.5117351,-0.5656975,0.646617,False,-1,-1,0,0,0,-1
