RealTime,UnityTime,GazeValid,GazeOriginX,GazeOriginY,GazeOriginZ,GazeRotX,GazeRotY,GazeRotZ,GazeRotW,GazeDirX,GazeDirY,GazeDirZ,HitPainting,ImageX,ImageY,HitPointX,HitPointY,HitPointZ,HitDistance
2026-06-29 11:28:26.435,0,False,19.099,1.36144,-9.44,0,0,0,0,0,0,1,False,-1,-1,0,0,0,-1
2026-06-29 11:28:26.876,0.1745702,False,22.0521,1.333651,-6.31848,0,0,0,1,0,0,1,False,-1,-1,0,0,0,-1
2026-06-29 11:28:28.188,0.5079035,False,22.10483,1.161815,-6.120453,0,0,0,1,0,0,1,False,-1,-1,0,0,0,-1
2026-06-29 11:28:28.221,0.5432695,False,22.10604,1.162636,-6.119163,0,0,0,1,0,0,1,False,-1,-1,0,0,0,-1
2026-06-29 11:28:28.261,0.5831114,False,22.10958,1.162084,-6.11902,0,0,0,1,0,0,1,False,-1,-1,0,0,0,-1
2026-06-29 11:28:28.304,0.6266865,False,22.11168,1.157109,-6.121989,0,0,0,1,0,0,1,False,-1,-1,0,0,0,-1
2026-06-29 11:28:28.349,0.6711345,False,22.11584,1.158462,-6.118808,0,0,0,1,0,0,1,False,-1,-1,0,0,0,-1
2026-06-29 11:28:28.382,0.7045447,False,22.11882,1.162778,-6.114626,0,0,0,1,0,0,1,False,-1,-1,0,0,0,-1
2026-06-29 11:28:28.426,0.7493843,False,22.12003,1.171978,-6.108685,0,0,0,1,0,0,1,False,-1,-1,0,0,0,-1
2026-06-29 11:28:28.470,0.7934054,False,22.11934,1.180325,-6.102499,0,0,0,1,0,0,1,False,-1,-1,0,0,0,-1
2026-06-29 11:28:28.514,0.8373562,False,22.11737,1.189029,-6.096242,0,0,0,1,0,0,1,False,-1,-1,0,0,0,-1
2026-06-29 11:28:28.547,0.8708676,False,22.11627,1.196397,-6.091192,0,0,0,1,0,0,1,False,-1,-1,0,0,0,-1
2026-06-29 11:28:28.593,0.9155579,False,22.11411,1.208468,-6.082544,0,0,0,1,0,0,1,False,-1,-1,0,0,0,-1
2026-06-29 11:28:28.627,0.9497932,False,22.11261,1.217539,-6.077796,0,0,0,1,0,0,1,False,-1,-1,0,0,0,-1
2026-06-29 11:28:28.661,0.9835819,False,22.11195,1.225558,-6.073249,0,0,0,1,0,0,1,False,-1,-1,0,0,0,-1
2026-06-29 11:28:28.695,1.017305,False,22.09824,1.238129,-6.105147,0,0,0,1,0,0,1,False,-1,-1,0,0,0,-1
2026-06-29 11:28:28.727,1.051349,False,22.09873,1.248161,-6.100516,0,0,0,1,0,0,1,False,-1,-1,0,0,0,-1
2026-06-29 11:28:28.763,1.08536,False,22.09989,1.259583,-6.096701,0,0,0,1,0,0,1,False,-1,-1,0,0,0,-1
2026-06-29 11:28:28.797,1.11932,False,22.1013,1.272009,-6.093477,0,0,0,1,0,0,1,False,-1,-1,0,0,0,-1
2026-06-29 11:28:28.841,1.16351,False,22.10494,1.290445,-6.089057,0,0,0,1,0,0,1,False,-1,-1,0,0,0,-1
2026-06-29 11:28:28.886,1.207978,False,22.11089,1.307673,-6.083824,0,0,0,1,0,0,1,False,-1,-1,0,0,0,-1
2026-06-29 11:28:28.929,1.252379,False,22.11993,1.322014,-6.079586,0,0,0,1,0,0,1,False,-1,-1,0,0,0,-1
2026-06-29 11:28:28.973,1.296634,False,22.13268,1.331499,-6.075202,0,0,0,1,0,0,1,False,-1,-1,0,0,0,-1
2026-06-29 11:28:31.979,1.34355,False,22.14615,1.33646,-6.074587,0,0,0,1,0,0,1,False,-1,-1,0,0,0,-1
2026-06-29 11:28:32.021,1.676884,False,22.04523,1.355859,-6.092373,0,0,0,1,0,0,1,False,-1,-1,0,0,0,-1
2026-06-29 11:28:32.091,1.75467,False,22.04261,1.323373,-6.097628,0,0,0,1,0,0,1,False,-1,-1,0,0,0,-1
2026-06-29 11:28:32.126,1.789116,False,22.04319,1.30759,-6.103727,0,0,0,1,0,0,1,False,-1,-1,0,0,0,-1
2026-06-29 11:28:32.159,1.822544,False,22.04491,1.295679,-6.109656,0,0,0,1,0,0,1,False,-1,-1,0,0,0,-1
2026-06-29 11:28:32.202,1.866762,False,22.04922,1.280855,-6.12056,0,0,0,1,0,0,1,False,-1,-1,0,0,0,-1
2026-06-29 11:28:32.248,1.911662,False,22.05503,1.266744,-6.133667,0,0,0,1,0,0,1,False,-1,-1,0,0,0,-1
2026-06-29 11:28:32.292,1.955171,False,22.06128,1.254761,-6.146313,0,0,0,1,0,0,1,False,-1,-1,0,0,0,-1
2026-06-29 11:28:32.336,2.000087,False,22.06697,1.244748,-6.159542,0,0,0,1,0,0,1,False,-1,-1,0,0,0,-1
2026-06-29 11:28:32.381,2.044355,False,22.07383,1.237681,-6.170851,0,0,0,1,0,0,1,False,-1,-1,0,0,0,-1
2026-06-29 11:28:32.414,2.07784,False,22.07939,1.23318,-6.178633,0,0,0,1,0,0,1,False,-1,-1,0,0,0,-1
2026-06-29 11:28:32.447,2.111431,False,22.08645,1.233446,-6.182461,0,0,0,1,0,0,1,False,-1,-1,0,0,0,-1
2026-06-29 11:28:32.491,2.154959,False,22.08942,1.240529,-6.187871,0,0,0,1,0,0,1,False,-1,-1,0,0,0,-1
2026-06-29 11:28:32.525,2.188538,False,22.09264,1.244934,-6.190886,0,0,0,1,0,0,1,False,-1,-1,0,0,0,-1
2026-06-29 11:28:32.560,2.223208,False,22.09544,1.249197,-6.194212,0,0,0,1,0,0,1,False,-1,-1,0,0,0,-1
2026-06-29 11:28:32.593,2.256701,False,22.0979,1.25295,-6.198215,0,0,0,1,0,0,1,False,-1,-1,0,0,0,-1
2026-06-29 11:28:32.627,2.290711,False,22.09911,1.256487,-6.203166,0,0,0,1,0,0,1,False,-1,-1,0,0,0,-1
2026-06-29 11:28:32.661,2.32485,False,22.09936,1.259035,-6.207284,0,0,0,1,0,0,1,False,-1,-1,0,0,0,-1
2026-06-29 11:28:32.694,2.358779,False,22.09912,1.260453,-6.210693,0,0,0,1,0,0,1,False,-1,-1,0,0,0,-1
2026-06-29 11:28:32.728,2.392202,False,22.09975,1.26187,-6.214134,0,0,0,1,0,0,1,False,-1,-1,0,0,0,-1
2026-06-29 11:28:32.773,2.436619,False,22.10109,1.266152,-6.218061,0,0,0,1,0,0,1,False,-1,-1,0,0,0,-1
2026-06-29 11:28:32.806,2.46997,False,22.10345,1.269669,-6.221102,0,0,0,1,0,0,1,False,-1,-1,0,0,0,-1
2026-06-29 11:28:32.849,2.513306,False,22.10679,1.27306,-6.224686,0,0,0,1,0,0,1,False,-1,-1,0,0,0,-1
2026-06-29 11:28:32.884,2.547215,False,22.10951,1.274559,-6.227477,0,0,0,1,0,0,1,False,-1,-1,0,0,0,-1
2026-06-29 11:28:32.928,2.591282,False,22.11278,1.276621,-6.229808,0,0,0,1,0,0,1,False,-1,-1,0,0,0,-1
2026-06-29 11:28:32.972,2.635819,False,22.11594,1.280433,-6.230005,0,0,0,1,0,0,1,False,-1,-1,0,0,0,-1
2026-06-29 11:28:33.005,2.669169,False,22.11742,1.284729,-6.228577,0,0,0,1,0,0,1,False,-1,-1,0,0,0,-1
2026-06-29 11:28:33.050,2.713732,False,22.11916,1.290847,-6.225477,0,0,0,1,0,0,1,False,-1,-1,0,0,0,-1
2026-06-29 11:28:33.084,2.747257,False,22.12105,1.294022,-6.223218,0,0,0,1,0,0,1,False,-1,-1,0,0,0,-1
2026-06-29 11:28:33.117,2.780657,False,22.12391,1.295065,-6.221493,0,0,0,1,0,0,1,False,-1,-1,0,0,0,-1
2026-06-29 11:28:33.161,2.825001,False,22.12833,1.295084,-6.220212,0,0,0,1,0,0,1,False,-1,-1,0,0,0,-1
2026-06-29 11:28:33.194,2.858588,False,22.13128,1.294761,-6.219486,0,0,0,1,0,0,1,False,-1,-1,0,0,0,-1
2026-06-29 11:28:33.227,2.892049,False,22.13372,1.294958,-6.218933,0,0,0,1,0,0,1,False,-1,-1,0,0,0,-1
2026-06-29 11:28:33.262,2.925569,False,22.13517,1.29547,-6.218257,0,0,0,1,0,0,1,False,-1,-1,0,0,0,-1
2026-06-29 11:28:33.296,2.959547,False,22.13566,1.296316,-6.217753,0,0,0,1,0,0,1,False,-1,-1,0,0,0,-1
2026-06-29 11:28:33.329,2.992992,False,22.13565,1.297344,-6.217596,0,0,0,1,0,0,1,False,-1,-1,0,0,0,-1
2026-06-29 11:28:33.363,3.026508,False,22.13474,1.298104,-6.217663,0,0,0,1,0,0,1,False,-1,-1,0,0,0,-1
2026-06-29 11:28:33.407,3.070347,False,22.13181,1.299398,-6.219962,0,0,0,1,0,0,1,False,-1,-1,0,0,0,-1
2026-06-29 11:28:33.440,3.103686,False,22.1302,1.299935,-6.220168,0,0,0,1,0,0,1,False,-1,-1,0,0,0,-1
2026-06-29 11:28:33.473,3.137556,False,22.12855,1.299933,-6.221166,0,0,0,1,0,0,1,False,-1,-1,0,0,0,-1
2026-06-29 11:28:33.517,3.181382,False,22.1269,1.299335,-6.22336,0,0,0,1,0,0,1,False,-1,-1,0,0,0,-1
2026-06-29 11:28:33.562,3.226161,False,22.12549,1.299465,-6.224166,0,0,0,1,0,0,1,False,-1,-1,0,0,0,-1
2026-06-29 11:28:33.607,3.270192,False,22.1232,1.299293,-6.225931,0,0,0,1,0,0,1,False,-1,-1,0,0,0,-1
2026-06-29 11:28:33.639,3.303534,False,22.12167,1.299315,-6.226106,0,0,0,1,0,0,1,False,-1,-1,0,0,0,-1
2026-06-29 11:28:33.684,3.347927,False,22.12009,1.299125,-6.226548,0,0,0,1,0,0,1,False,-1,-1,0,0,0,-1
2026-06-29 11:28:33.717,3.381286,False,22.11899,1.298949,-6.226162,0,0,0,1,0,0,1,False,-1,-1,0,0,0,-1
2026-06-29 11:28:33.751,3.41467,False,22.11832,1.298756,-6.22531,0,0,0,1,0,0,1,False,-1,-1,0,0,0,-1
2026-06-29 11:28:33.795,3.45876,False,22.11743,1.298186,-6.223807,0,0,0,1,0,0,1,False,-1,-1,0,0,0,-1
2026-06-29 11:28:33.838,3.501562,False,22.11715,1.297231,-6.222462,0,0,0,1,0,0,1,False,-1,-1,0,0,0,-1
2026-06-29 11:28:33.872,3.536863,False,22.11737,1.296167,-6.220563,0,0,0,1,0,0,1,False,-1,-1,0,0,0,-1
2026-06-29 11:28:33.917,3.58136,False,22.11777,1.295289,-6.218146,0,0,0,1,0,0,1,False,-1,-1,0,0,0,-1
2026-06-29 11:28:33.962,3.62582,False,22.11886,1.294934,-6.215438,0,0,0,1,0,0,1,False,-1,-1,0,0,0,-1
2026-06-29 11:28:33.995,3.659154,False,22.12004,1.295025,-6.213166,0,0,0,1,0,0,1,False,-1,-1,0,0,0,-1
2026-06-29 11:28:34.040,3.703422,False,22.12204,1.294971,-6.209076,0,0,0,1,0,0,1,False,-1,-1,0,0,0,-1
2026-06-29 11:28:34.074,3.736951,False,22.12359,1.294509,-6.205451,0,0,0,1,0,0,1,False,-1,-1,0,0,0,-1
2026-06-29 11:28:34.118,3.781307,False,22.12623,1.293621,-6.20009,0,0,0,1,0,0,1,False,-1,-1,0,0,0,-1
2026-06-29 11:28:34.151,3.814651,False,22.12788,1.29259,-6.19518,0,0,0,1,0,0,1,False,-1,-1,0,0,0,-1
2026-06-29 11:28:34.184,3.848017,False,22.12892,1.291217,-6.189694,0,0,0,1,0,0,1,False,-1,-1,0,0,0,-1
2026-06-29 11:28:34.218,3.881404,False,22.13033,1.289537,-6.184514,0,0,0,1,0,0,1,False,-1,-1,0,0,0,-1
2026-06-29 11:28:34.262,3.925797,False,22.13219,1.286921,-6.178977,0,0,0,1,0,0,1,False,-1,-1,0,0,0,-1
2026-06-29 11:28:34.295,3.95913,False,22.13319,1.284976,-6.176559,0,0,0,1,0,0,1,False,-1,-1,0,0,0,-1
2026-06-29 11:28:34.328,3.992498,False,22.13366,1.283,-6.175527,0,0,0,1,0,0,1,False,-1,-1,0,0,0,-1
2026-06-29 11:28:34.373,4.036778,False,22.13232,1.281067,-6.176828,0,0,0,1,0,0,1,False,-1,-1,0,0,0,-1
2026-06-29 11:28:34.417,4.081114,False,22.12942,1.280892,-6.182293,0,0,0,1,0,0,1,False,-1,-1,0,0,0,-1
2026-06-29 11:28:34.450,4.114499,False,22.1273,1.281284,-6.186611,0,0,0,1,0,0,1,False,-1,-1,0,0,0,-1
2026-06-29 11:28:34.485,4.148012,False,22.12545,1.282183,-6.192034,0,0,0,1,0,0,1,False,-1,-1,0,0,0,-1
2026-06-29 11:28:34.519,4.182749,False,22.12328,1.283324,-6.198487,0,0,0,1,0,0,1,False,-1,-1,0,0,0,-1
2026-06-29 11:28:34.562,4.225741,False,22.12083,1.287206,-6.208907,0,0,0,1,0,0,1,False,-1,-1,0,0,0,-1
2026-06-29 11:28:34.607,4.269955,False,22.11778,1.292133,-6.220721,0,0,0,1,0,0,1,False,-1,-1,0,0,0,-1
2026-06-29 11:28:34.650,4.314282,False,22.11513,1.295709,-6.233319,0,0,0,1,0,0,1,False,-1,-1,0,0,0,-1
2026-06-29 11:28:34.694,4.358734,False,22.11367,1.298357,-6.246047,0,0,0,1,0,0,1,False,-1,-1,0,0,0,-1
2026-06-29 11:28:34.728,4.392093,False,22.11376,1.300045,-6.253844,0,0,0,1,0,0,1,False,-1,-1,0,0,0,-1
2026-06-29 11:28:34.762,4.425715,False,22.11446,1.302308,-6.26092,0,0,0,1,0,0,1,False,-1,-1,0,0,0,-1
2026-06-29 11:28:34.806,4.470072,False,22.11564,1.305144,-6.269201,0,0,0,1,0,0,1,False,-1,-1,0,0,0,-1
2026-06-29 11:28:34.841,4.504076,False,22.11658,1.30708,-6.274635,0,0,0,1,0,0,1,False,-1,-1,0,0,0,-1
2026-06-29 11:28:34.884,4.548272,False,22.11806,1.309724,-6.280317,0,0,0,1,0,0,1,False,-1,-1,0,0,0,-1
2026-06-29 11:28:34.918,4.581657,False,22.11861,1.311243,-6.283881,0,0,0,1,0,0,1,False,-1,-1,0,0,0,-1
2026-06-29 11:28:34.950,4.615122,False,22.1192,1.312064,-6.286444,0,0,0,1,0,0,1,False,-1,-1,0,0,0,-1
2026-06-29 11:28:34.986,4.649206,False,22.11913,1.312906,-6.289088,0,0,0,1,0,0,1,False,-1,-1,0,0,0,-1
2026-06-29 11:28:35.029,4.69348,False,22.11927,1.312885,-6.290652,0,0,0,1,0,0,1,False,-1,-1,0,0,0,-1
2026-06-29 11:28:35.073,4.73729,False,22.11907,1.312337,-6.291028,0,0,0,1,0,0,1,False,-1,-1,0,0,0,-1
2026-06-29 11:28:35.108,4.771306,False,22.11879,1.311573,-6.290724,0,0,0,1,0,0,1,False,-1,-1,0,0,0,-1
2026-06-29 11:28:35.151,4.814712,False,22.1187,1.310912,-6.289852,0,0,0,1,0,0,1,False,-1,-1,0,0,0,-1
2026-06-29 11:28:35.185,4.848475,False,22.11881,1.310832,-6.288973,0,0,0,1,0,0,1,False,-1,-1,0,0,0,-1
2026-06-29 11:28:35.218,4.88225,False,22.11923,1.310874,-6.28828,0,0,0,1,0,0,1,False,-1,-1,0,0,0,-1
2026-06-29 11:28:35.253,4.91611,False,22.11964,1.310789,-6.287462,0,0,0,1,0,0,1,False,-1,-1,0,0,0,-1
2026-06-29 11:28:35.296,4.958964,False,22.11963,1.310796,-6.287312,0,0,0,1,0,0,1,False,-1,-1,0,0,0,-1
2026-06-29 11:28:35.329,4.992947,False,22.11936,1.310505,-6.287087,0,0,0,1,0,0,1,False,-1,-1,0,0,0,-1
2026-06-29 11:28:35.373,5.036868,False,22.1187,1.310157,-6.287177,0,0,0,1,0,0,1,False,-1,-1,0,0,0,-1
2026-06-29 11:28:35.407,5.071042,False,22.11824,1.309929,-6.287104,0,0,0,1,0,0,1,False,-1,-1,0,0,0,-1
2026-06-29 11:28:35.451,5.114464,False,22.1178,1.309218,-6.286889,0,0,0,1,0,0,1,False,-1,-1,0,0,0,-1
2026-06-29 11:28:35.485,5.147844,False,22.11771,1.309151,-6.287177,0,0,0,1,0,0,1,False,-1,-1,0,0,0,-1
2026-06-29 11:28:35.528,5.191856,False,22.11773,1.309193,-6.287805,0,0,0,1,0,0,1,False,-1,-1,0,0,0,-1
2026-06-29 11:28:35.564,5.227161,False,22.11813,1.309699,-6.288662,0,0,0,1,0,0,1,False,-1,-1,0,0,0,-1
2026-06-29 11:28:35.606,5.269535,False,22.11891,1.310636,-6.290013,0,0,0,1,0,0,1,False,-1,-1,0,0,0,-1
2026-06-29 11:28:35.640,5.304012,False,22.12059,1.31163,-6.290096,0,0,0,1,0,0,1,False,-1,-1,0,0,0,-1
2026-06-29 11:28:35.684,5.347293,False,22.12203,1.312896,-6.29181,0,0,0,1,0,0,1,False,-1,-1,0,0,0,-1
2026-06-29 11:28:35.728,5.391752,False,22.12326,1.313932,-6.293621,0,0,0,1,0,0,1,False,-1,-1,0,0,0,-1
2026-06-29 11:28:35.772,5.436122,False,22.12414,1.314597,-6.295503,0,0,0,1,0,0,1,False,-1,-1,0,0,0,-1
2026-06-29 11:28:35.806,5.470328,False,22.12481,1.3152,-6.29702,0,0,0,1,0,0,1,False,-1,-1,0,0,0,-1
2026-06-29 11:28:35.850,5.513884,False,22.12528,1.316007,-6.298926,0,0,0,1,0,0,1,False,-1,-1,0,0,0,-1
2026-06-29 11:28:35.895,5.558289,False,22.12545,1.316527,-6.300639,0,0,0,1,0,0,1,False,-1,-1,0,0,0,-1
2026-06-29 11:28:35.939,5.602737,False,22.12537,1.316643,-6.302236,0,0,0,1,0,0,1,False,-1,-1,0,0,0,-1
2026-06-29 11:28:35.972,5.636187,False,22.12523,1.316538,-6.30343,0,0,0,1,0,0,1,False,-1,-1,0,0,0,-1
2026-06-29 11:28:36.007,5.670116,False,22.12524,1.316463,-6.304635,0,0,0,1,0,0,1,False,-1,-1,0,0,0,-1
2026-06-29 11:28:36.051,5.714478,False,22.12584,1.316553,-6.305032,0,0,0,1,0,0,1,False,-1,-1,0,0,0,-1
2026-06-29 11:28:36.095,5.759063,False,22.12646,1.31679,-6.306397,0,0,0,1,0,0,1,False,-1,-1,0,0,0,-1
2026-06-29 11:28:36.131,5.793486,False,22.12688,1.316901,-6.307006,0,0,0,1,0,0,1,False,-1,-1,0,0,0,-1
2026-06-29 11:28:36.172,5.835291,False,22.12826,1.317743,-6.308255,0,0,0,1,0,0,1,False,-1,-1,0,0,0,-1
2026-06-29 11:28:36.216,5.879145,False,22.12971,1.318427,-6.309465,0,0,0,1,0,0,1,False,-1,-1,0,0,0,-1
2026-06-29 11:28:36.249,5.912482,False,22.13082,1.318892,-6.310348,0,0,0,1,0,0,1,False,-1,-1,0,0,0,-1
2026-06-29 11:28:36.287,5.949173,False,22.13181,1.319588,-6.311205,0,0,0,1,0,0,1,False,-1,-1,0,0,0,-1
2026-06-29 11:28:36.327,5.990333,False,22.13292,1.320137,-6.312045,0,0,0,1,0,0,1,False,-1,-1,0,0,0,-1
2026-06-29 11:28:36.372,6.035413,False,22.13358,1.320349,-6.312792,0,0,0,1,0,0,1,False,-1,-1,0,0,0,-1
2026-06-29 11:28:36.416,6.079452,False,22.13381,1.320243,-6.313487,0,0,0,1,0,0,1,False,-1,-1,0,0,0,-1
2026-06-29 11:28:36.451,6.114997,False,22.13369,1.320144,-6.313748,0,0,0,1,0,0,1,False,-1,-1,0,0,0,-1
2026-06-29 11:28:36.493,6.156848,False,22.13319,1.319915,-6.313948,0,0,0,1,0,0,1,False,-1,-1,0,0,0,-1
2026-06-29 11:28:36.527,6.190406,False,22.13255,1.31989,-6.314549,0,0,0,1,0,0,1,False,-1,-1,0,0,0,-1
2026-06-29 11:28:36.561,6.223933,False,22.1321,1.31951,-6.314672,0,0,0,1,0,0,1,False,-1,-1,0,0,0,-1
2026-06-29 11:28:36.595,6.257895,False,22.13112,1.318972,-6.314629,0,0,0,1,0,0,1,False,-1,-1,0,0,0,-1
2026-06-29 11:28:36.630,6.292733,False,22.12982,1.318506,-6.314586,0,0,0,1,0,0,1,False,-1,-1,0,0,0,-1
2026-06-29 11:28:36.671,6.335358,False,22.12843,1.317659,-6.314545,0,0,0,1,0,0,1,False,-1,-1,0,0,0,-1
2026-06-29 11:28:36.716,6.379615,False,22.12711,1.316816,-6.314743,0,0,0,1,0,0,1,False,-1,-1,0,0,0,-1
2026-06-29 11:28:36.749,6.412978,False,22.12643,1.316276,-6.314949,0,0,0,1,0,0,1,False,-1,-1,0,0,0,-1
2026-06-29 11:28:36.793,6.457442,False,22.12577,1.315997,-6.315352,0,0,0,1,0,0,1,False,-1,-1,0,0,0,-1
2026-06-29 11:28:36.828,6.490863,False,22.12528,1.315772,-6.315673,0,0,0,1,0,0,1,False,-1,-1,0,0,0,-1
2026-06-29 11:28:36.860,6.524199,False,22.12515,1.315623,-6.31601,0,0,0,1,0,0,1,False,-1,-1,0,0,0,-1
2026-06-29 11:28:36.906,6.5686,False,22.12512,1.315441,-6.317133,0,0,0,1,0,0,1,False,-1,-1,0,0,0,-1
2026-06-29 11:28:36.938,6.601985,False,22.12516,1.315487,-6.317916,0,0,0,1,0,0,1,False,-1,-1,0,0,0,-1
2026-06-29 11:28:36.971,6.635408,False,22.12501,1.315669,-6.318655,0,0,0,1,0,0,1,False,-1,-1,0,0,0,-1
2026-06-29 11:28:37.005,6.668751,False,22.12493,1.31596,-6.319641,0,0,0,1,0,0,1,False,-1,-1,0,0,0,-1
2026-06-29 11:28:37.039,6.702121,False,22.12484,1.315933,-6.320079,0,0,0,1,0,0,1,False,-1,-1,0,0,0,-1
2026-06-29 11:28:37.072,6.735552,False,22.12485,1.315859,-6.320251,0,0,0,1,0,0,1,False,-1,-1,0,0,0,-1
2026-06-29 11:28:37.106,6.768928,False,22.12477,1.315811,-6.320277,0,0,0,1,0,0,1,False,-1,-1,0,0,0,-1
2026-06-29 11:28:37.149,6.813173,False,22.12459,1.315746,-6.320158,0,0,0,1,0,0,1,False,-1,-1,0,0,0,-1
2026-06-29 11:28:37.194,6.857677,False,22.12452,1.31545,-6.319808,0,0,0,1,0,0,1,False,-1,-1,0,0,0,-1
2026-06-29 11:28:37.239,6.90207,False,22.12447,1.314996,-6.319272,0,0,0,1,0,0,1,False,-1,-1,0,0,0,-1
2026-06-29 11:28:37.283,6.946485,False,22.12437,1.314729,-6.318586,0,0,0,1,0,0,1,False,-1,-1,0,0,0,-1
2026-06-29 11:28:37.318,6.981331,False,22.12415,1.314377,-6.31773,0,0,0,1,0,0,1,False,-1,-1,0,0,0,-1
2026-06-29 11:28:37.361,7.024278,False,22.12378,1.314129,-6.31706,0,0,0,1,0,0,1,False,-1,-1,0,0,0,-1
2026-06-29 11:28:37.394,7.05804,False,22.12342,1.313943,-6.316791,0,0,0,1,0,0,1,False,-1,-1,0,0,0,-1
2026-06-29 11:28:37.439,7.101991,False,22.12275,1.313778,-6.317192,0,0,0,1,0,0,1,False,-1,-1,0,0,0,-1
2026-06-29 11:28:37.472,7.13545,False,22.12204,1.313878,-6.317534,0,0,0,1,0,0,1,False,-1,-1,0,0,0,-1
2026-06-29 11:28:37.517,7.180096,False,22.1214,1.314187,-6.3176,0,0,0,1,0,0,1,False,-1,-1,0,0,0,-1
2026-06-29 11:28:37.561,7.223964,False,22.12081,1.314506,-6.318787,0,0,0,1,0,0,1,False,-1,-1,0,0,0,-1
2026-06-29 11:28:37.606,7.269082,False,22.12068,1.314664,-6.320101,0,0,0,1,0,0,1,False,-1,-1,0,0,0,-1
2026-06-29 11:28:37.643,7.305401,False,22.12108,1.314727,-6.321113,0,0,0,1,0,0,1,False,-1,-1,0,0,0,-1
2026-06-29 11:28:37.685,7.347473,False,22.122,1.315107,-6.322093,0,0,0,1,0,0,1,False,-1,-1,0,0,0,-1
2026-06-29 11:28:37.727,7.390307,False,22.12291,1.315787,-6.323047,0,0,0,1,0,0,1,False,-1,-1,0,0,0,-1
2026-06-29 11:28:37.771,7.434892,False,22.12359,1.316267,-6.323354,0,0,0,1,0,0,1,False,-1,-1,0,0,0,-1
2026-06-29 11:28:37.804,7.468241,False,22.12363,1.316469,-6.323752,0,0,0,1,0,0,1,False,-1,-1,0,0,0,-1
2026-06-29 11:28:37.850,7.51275,False,22.12382,1.31656,-6.324006,0,0,0,1,0,0,1,False,-1,-1,0,0,0,-1
2026-06-29 11:28:37.883,7.54618,False,22.12378,1.31657,-6.324361,0,0,0,1,0,0,1,False,-1,-1,0,0,0,-1
2026-06-29 11:28:37.927,7.590152,False,22.12278,1.31577,-6.324495,0,0,0,1,0,0,1,False,-1,-1,0,0,0,-1
2026-06-29 11:28:37.961,7.623554,False,22.12176,1.31493,-6.324733,0,0,0,1,0,0,1,False,-1,-1,0,0,0,-1
2026-06-29 11:28:38.005,7.668143,False,22.11985,1.314285,-6.324344,0,0,0,1,0,0,1,False,-1,-1,0,0,0,-1
2026-06-29 11:28:38.049,7.712327,False,22.11749,1.313265,-6.32391,0,0,0,1,0,0,1,False,-1,-1,0,0,0,-1
2026-06-29 11:28:38.083,7.745849,False,22.11538,1.312338,-6.324413,0,0,0,1,0,0,1,False,-1,-1,0,0,0,-1
2026-06-29 11:28:38.117,7.780547,False,22.11399,1.312415,-6.324315,0,0,0,1,0,0,1,False,-1,-1,0,0,0,-1
2026-06-29 11:28:38.160,7.823402,False,22.1125,1.312081,-6.324476,0,0,0,1,0,0,1,False,-1,-1,0,0,0,-1
2026-06-29 11:28:38.193,7.856893,False,22.11218,1.312124,-6.324766,0,0,0,1,0,0,1,False,-1,-1,0,0,0,-1
2026-06-29 11:28:38.238,7.901471,False,22.11259,1.312352,-6.325604,0,0,0,1,0,0,1,False,-1,-1,0,0,0,-1
2026-06-29 11:28:38.283,7.945845,False,22.11422,1.312934,-6.325873,0,0,0,1,0,0,1,False,-1,-1,0,0,0,-1
2026-06-29 11:28:38.317,7.980054,False,22.11568,1.313379,-6.325074,0,0,0,1,0,0,1,False,-1,-1,0,0,0,-1
2026-06-29 11:28:38.350,8.013942,False,22.11676,1.313535,-6.324144,0,0,0,1,0,0,1,False,-1,-1,0,0,0,-1
2026-06-29 11:28:38.393,8.057024,False,22.11784,1.314042,-6.323611,0,0,0,1,0,0,1,False,-1,-1,0,0,0,-1
2026-06-29 11:28:38.428,8.090653,False,22.1185,1.314014,-6.322836,0,0,0,1,0,0,1,False,-1,-1,0,0,0,-1
2026-06-29 11:28:38.461,8.124247,False,22.11894,1.314183,-6.322687,0,0,0,1,0,0,1,False,-1,-1,0,0,0,-1
2026-06-29 11:28:38.494,8.158144,False,22.11916,1.314367,-6.322597,0,0,0,1,0,0,1,False,-1,-1,0,0,0,-1
2026-06-29 11:28:38.539,8.202517,False,22.1205,1.31484,-6.32199,0,0,0,1,0,0,1,False,-1,-1,0,0,0,-1
2026-06-29 11:28:38.573,8.236093,False,22.12094,1.315043,-6.321753,0,0,0,1,0,0,1,False,-1,-1,0,0,0,-1
2026-06-29 11:28:38.617,8.280407,False,22.12223,1.315637,-6.32154,0,0,0,1,0,0,1,False,-1,-1,0,0,0,-1
2026-06-29 11:28:38.652,8.314877,False,22.12348,1.31608,-6.321302,0,0,0,1,0,0,1,False,-1,-1,0,0,0,-1
2026-06-29 11:28:38.694,8.357606,False,22.12482,1.316367,-6.320798,0,0,0,1,0,0,1,False,-1,-1,0,0,0,-1
2026-06-29 11:28:38.731,8.394615,False,22.12628,1.316714,-6.320509,0,0,0,1,0,0,1,False,-1,-1,0,0,0,-1
2026-06-29 11:28:38.771,8.434749,False,22.12766,1.317184,-6.32061,0,0,0,1,0,0,1,False,-1,-1,0,0,0,-1
2026-06-29 11:28:38.805,8.468098,False,22.12889,1.31775,-6.320846,0,0,0,1,0,0,1,False,-1,-1,0,0,0,-1
2026-06-29 11:28:38.849,8.51236,False,22.13054,1.318625,-6.321586,0,0,0,1,0,0,1,False,-1,-1,0,0,0,-1
2026-06-29 11:28:38.893,8.556873,False,22.13174,1.319192,-6.322159,0,0,0,1,0,0,1,False,-1,-1,0,0,0,-1
2026-06-29 11:28:38.938,8.601463,False,22.13318,1.319046,-6.322063,0,0,0,1,0,0,1,False,-1,-1,0,0,0,-1
2026-06-29 11:28:38.982,8.645486,False,22.13535,1.317908,-6.32126,0,0,0,1,0,0,1,False,-1,-1,0,0,0,-1
2026-06-29 11:28:39.016,8.67898,False,22.13719,1.317534,-6.3208,0,0,0,1,0,0,1,False,-1,-1,0,0,0,-1
2026-06-29 11:28:39.060,8.723224,False,22.13983,1.317056,-6.319761,0,0,0,1,0,0,1,False,-1,-1,0,0,0,-1
2026-06-29 11:28:39.094,8.756624,False,22.1421,1.316918,-6.319002,0,0,0,1,0,0,1,False,-1,-1,0,0,0,-1
2026-06-29 11:28:39.139,8.801365,False,22.14508,1.316845,-6.318635,0,0,0,1,0,0,1,False,-1,-1,0,0,0,-1
2026-06-29 11:28:39.171,8.834781,False,22.14683,1.316853,-6.318513,0,0,0,1,0,0,1,False,-1,-1,0,0,0,-1
2026-06-29 11:28:39.206,8.869013,False,22.14866,1.316889,-6.318609,0,0,0,1,0,0,1,False,-1,-1,0,0,0,-1
2026-06-29 11:28:39.239,8.902475,False,22.15034,1.317057,-6.318787,0,0,0,1,0,0,1,False,-1,-1,0,0,0,-1
2026-06-29 11:28:39.282,8.945504,False,22.15215,1.317363,-6.31871,0,0,0,1,0,0,1,False,-1,-1,0,0,0,-1
2026-06-29 11:28:39.316,8.979797,False,22.15322,1.317562,-6.319006,0,0,0,1,0,0,1,False,-1,-1,0,0,0,-1
2026-06-29 11:28:39.360,9.02365,False,22.15451,1.317511,-6.319363,0,0,0,1,0,0,1,False,-1,-1,0,0,0,-1
2026-06-29 11:28:39.405,9.068031,False,22.15555,1.317074,-6.319261,0,0,0,1,0,0,1,False,-1,-1,0,0,0,-1
2026-06-29 11:28:39.438,9.101589,False,22.15635,1.316918,-6.318855,0,0,0,1,0,0,1,False,-1,-1,0,0,0,-1
2026-06-29 11:28:39.483,9.14538,False,22.1577,1.317157,-6.318172,0,0,0,1,0,0,1,False,-1,-1,0,0,0,-1
2026-06-29 11:28:39.516,9.179344,False,22.15874,1.317288,-6.316761,0,0,0,1,0,0,1,False,-1,-1,0,0,0,-1
2026-06-29 11:28:39.561,9.223445,False,22.15927,1.316704,-6.316113,0,0,0,1,0,0,1,False,-1,-1,0,0,0,-1
2026-06-29 11:28:39.605,9.268286,False,22.16005,1.316151,-6.314441,0,0,0,1,0,0,1,False,-1,-1,0,0,0,-1
2026-06-29 11:28:39.641,9.304187,False,22.16045,1.315701,-6.313639,0,0,0,1,0,0,1,False,-1,-1,0,0,0,-1
2026-06-29 11:28:39.682,9.344939,False,22.1605,1.315738,-6.314413,0,0,0,1,0,0,1,False,-1,-1,0,0,0,-1
2026-06-29 11:28:39.726,9.389272,False,22.1617,1.314993,-6.314143,0,0,0,1,0,0,1,False,-1,-1,0,0,0,-1
2026-06-29 11:28:39.763,9.424832,False,22.16293,1.314025,-6.314169,0,0,0,1,0,0,1,False,-1,-1,0,0,0,-1
2026-06-29 11:28:39.805,9.467638,False,22.16516,1.31361,-6.314155,0,0,0,1,0,0,1,False,-1,-1,0,0,0,-1
2026-06-29 11:28:39.848,9.511219,False,22.16735,1.313163,-6.313989,0,0,0,1,0,0,1,False,-1,-1,0,0,0,-1
2026-06-29 11:28:39.882,9.544902,False,22.16849,1.313279,-6.313832,0,0,0,1,0,0,1,False,-1,-1,0,0,0,-1
2026-06-29 11:28:39.926,9.58942,False,22.17055,1.313797,-6.313245,0,0,0,1,0,0,1,False,-1,-1,0,0,0,-1
2026-06-29 11:28:39.971,9.63421,False,22.17285,1.314576,-6.312936,0,0,0,1,0,0,1,False,-1,-1,0,0,0,-1
2026-06-29 11:28:40.005,9.667645,False,22.17397,1.315103,-6.312646,0,0,0,1,0,0,1,False,-1,-1,0,0,0,-1
2026-06-29 11:28:40.048,9.711429,False,22.17601,1.315785,-6.312483,0,0,0,1,0,0,1,False,-1,-1,0,0,0,-1
2026-06-29 11:28:40.082,9.744819,False,22.17745,1.316182,-6.312542,0,0,0,1,0,0,1,False,-1,-1,0,0,0,-1
2026-06-29 11:28:40.127,9.789448,False,22.17941,1.316636,-6.312756,0,0,0,1,0,0,1,False,-1,-1,0,0,0,-1
2026-06-29 11:28:40.161,9.824282,False,22.18109,1.317337,-6.313331,0,0,0,1,0,0,1,False,-1,-1,0,0,0,-1
2026-06-29 11:28:40.205,9.867402,False,22.18351,1.317999,-6.314823,0,0,0,1,0,0,1,False,-1,-1,0,0,0,-1
2026-06-29 11:28:40.238,9.900879,False,22.18597,1.318302,-6.31657,0,0,0,1,0,0,1,False,-1,-1,0,0,0,-1
2026-06-29 11:28:40.283,9.946056,False,22.18914,1.319604,-6.319037,0,0,0,1,0,0,1,False,-1,-1,0,0,0,-1
2026-06-29 11:28:40.316,9.979439,False,22.19164,1.320564,-6.320939,0,0,0,1,0,0,1,False,-1,-1,0,0,0,-1
2026-06-29 11:28:40.360,10.02355,False,22.19503,1.322203,-6.323762,0,0,0,1,0,0,1,False,-1,-1,0,0,0,-1
2026-06-29 11:28:40.405,10.0677,False,22.19822,1.323899,-6.326568,0,0,0,1,0,0,1,False,-1,-1,0,0,0,-1
2026-06-29 11:28:40.438,10.10129,False,22.20142,1.325678,-6.329025,0,0,0,1,0,0,1,False,-1,-1,0,0,0,-1
2026-06-29 11:28:40.471,10.13469,False,22.20403,1.327405,-6.331431,0,0,0,1,0,0,1,False,-1,-1,0,0,0,-1
2026-06-29 11:28:40.506,10.16856,False,22.20747,1.329201,-6.333801,0,0,0,1,0,0,1,False,-1,-1,0,0,0,-1
2026-06-29 11:28:40.550,10.21284,False,22.2114,1.33056,-6.336256,0,0,0,1,0,0,1,False,-1,-1,0,0,0,-1
2026-06-29 11:28:40.594,10.25705,False,22.21476,1.331373,-6.338062,0,0,0,1,0,0,1,False,-1,-1,0,0,0,-1
2026-06-29 11:28:40.637,10.30035,False,22.21737,1.332363,-6.339685,0,0,0,1,0,0,1,False,-1,-1,0,0,0,-1
2026-06-29 11:28:40.671,10.33394,False,22.21871,1.332849,-6.34058,0,0,0,1,0,0,1,False,-1,-1,0,0,0,-1
2026-06-29 11:28:40.705,10.36797,False,22.21953,1.333537,-6.341618,0,0,0,1,0,0,1,False,-1,-1,0,0,0,-1
2026-06-29 11:28:40.739,10.40168,False,22.21958,1.333826,-6.342152,0,0,0,1,0,0,1,False,-1,-1,0,0,0,-1
2026-06-29 11:28:40.782,10.44506,False,22.21928,1.334108,-6.343204,0,0,0,1,0,0,1,False,-1,-1,0,0,0,-1
2026-06-29 11:28:40.818,10.48124,False,22.21942,1.334512,-6.344057,0,0,0,1,0,0,1,False,-1,-1,0,0,0,-1
2026-06-29 11:28:40.860,10.52224,False,22.21952,1.335007,-6.345296,0,0,0,1,0,0,1,False,-1,-1,0,0,0,-1
2026-06-29 11:28:40.904,10.56672,False,22.21963,1.335353,-6.34675,0,0,0,1,0,0,1,False,-1,-1,0,0,0,-1
2026-06-29 11:28:40.937,10.60028,False,22.21986,1.335404,-6.347781,0,0,0,1,0,0,1,False,-1,-1,0,0,0,-1
2026-06-29 11:28:40.982,10.645,False,22.22211,1.336017,-6.349053,0,0,0,1,0,0,1,False,-1,-1,0,0,0,-1
2026-06-29 11:28:41.028,10.69043,False,22.22655,1.337029,-6.350683,0,0,0,1,0,0,1,False,-1,-1,0,0,0,-1
2026-06-29 11:28:41.071,10.73372,False,22.23263,1.337955,-6.354035,0,0,0,1,0,0,1,False,-1,-1,0,0,0,-1
2026-06-29 11:28:41.104,10.76715,False,22.23858,1.338674,-6.356171,0,0,0,1,0,0,1,False,-1,-1,0,0,0,-1
2026-06-29 11:28:41.149,10.81176,False,22.24652,1.338852,-6.36113,0,0,0,1,0,0,1,False,-1,-1,0,0,0,-1
2026-06-29 11:28:41.193,10.85581,False,22.25401,1.339684,-6.366308,0,0,0,1,0,0,1,False,-1,-1,0,0,0,-1
2026-06-29 11:28:41.227,10.88975,False,22.25916,1.340642,-6.370668,0,0,0,1,0,0,1,False,-1,-1,0,0,0,-1
2026-06-29 11:28:41.272,10.93458,False,22.26514,1.342026,-6.37708,0,0,0,1,0,0,1,False,-1,-1,0,0,0,-1
2026-06-29 11:28:41.315,10.97853,False,22.26945,1.343199,-6.383739,0,0,0,1,0,0,1,False,-1,-1,0,0,0,-1
2026-06-29 11:28:41.360,11.02245,False,22.27277,1.344224,-6.391096,0,0,0,1,0,0,1,False,-1,-1,0,0,0,-1
2026-06-29 11:28:41.393,11.05621,False,22.27474,1.34438,-6.396771,0,0,0,1,0,0,1,False,-1,-1,0,0,0,-1
2026-06-29 11:28:41.428,11.09045,False,22.27561,1.344218,-6.401933,0,0,0,1,0,0,1,False,-1,-1,0,0,0,-1
2026-06-29 11:28:41.471,11.13413,False,22.27585,1.34293,-6.408329,0,0,0,1,0,0,1,False,-1,-1,0,0,0,-1
2026-06-29 11:28:41.507,11.16895,False,22.27552,1.341407,-6.414387,0,0,0,1,0,0,1,False,-1,-1,0,0,0,-1
2026-06-29 11:28:41.550,11.21241,False,22.2762,1.339662,-6.419951,0,0,0,1,0,0,1,False,-1,-1,0,0,0,-1
2026-06-29 11:28:41.584,11.24674,False,22.27724,1.338972,-6.422668,0,0,0,1,0,0,1,False,-1,-1,0,0,0,-1
2026-06-29 11:28:41.626,11.28845,False,22.2781,1.338936,-6.425985,0,0,0,1,0,0,1,False,-1,-1,0,0,0,-1
2026-06-29 11:28:41.659,11.32196,False,22.27836,1.337722,-6.429604,0,0,0,1,0,0,1,False,-1,-1,0,0,0,-1
2026-06-29 11:28:41.693,11.35575,False,22.27907,1.33859,-6.430329,0,0,0,1,0,0,1,False,-1,-1,0,0,0,-1
2026-06-29 11:28:41.738,11.40013,False,22.2793,1.339568,-6.431262,0,0,0,1,0,0,1,False,-1,-1,0,0,0,-1
2026-06-29 11:28:41.781,11.44395,False,22.27876,1.340164,-6.431302,0,0,0,1,0,0,1,False,-1,-1,0,0,0,-1
2026-06-29 11:28:41.814,11.47732,False,22.27829,1.34052,-6.431439,0,0,0,1,0,0,1,False,-1,-1,0,0,0,-1
2026-06-29 11:28:41.860,11.52233,False,22.27617,1.341152,-6.430991,0,0,0,1,0,0,1,False,-1,-1,0,0,0,-1
2026-06-29 11:28:41.905,11.56684,False,22.27405,1.34132,-6.431478,0,0,0,1,0,0,1,False,-1,-1,0,0,0,-1
2026-06-29 11:28:41.938,11.60031,False,22.272,1.341454,-6.43213,0,0,0,1,0,0,1,False,-1,-1,0,0,0,-1
2026-06-29 11:28:41.982,11.64397,False,22.26969,1.341571,-6.433716,0,0,0,1,0,0,1,False,-1,-1,0,0,0,-1
2026-06-29 11:28:42.015,11.67748,False,22.2678,1.341272,-6.434667,0,0,0,1,0,0,1,False,-1,-1,0,0,0,-1
2026-06-29 11:28:42.050,11.71332,False,22.26527,1.340826,-6.43491,0,0,0,1,0,0,1,False,-1,-1,0,0,0,-1
2026-06-29 11:28:42.085,11.7467,False,22.26307,1.34059,-6.435313,0,0,0,1,0,0,1,False,-1,-1,0,0,0,-1
2026-06-29 11:28:42.128,11.79051,False,22.26089,1.340538,-6.436393,0,0,0,1,0,0,1,False,-1,-1,0,0,0,-1
2026-06-29 11:28:42.169,11.83188,False,22.2568,1.339849,-6.436512,0,0,0,1,0,0,1,False,-1,-1,0,0,0,-1
2026-06-29 11:28:42.214,11.87619,False,22.25365,1.338895,-6.43613,0,0,0,1,0,0,1,False,-1,-1,0,0,0,-1
2026-06-29 11:28:42.248,11.91009,False,22.25145,1.338326,-6.435699,0,0,0,1,0,0,1,False,-1,-1,0,0,0,-1
2026-06-29 11:28:42.290,11.95329,False,22.24866,1.33779,-6.434324,0,0,0,1,0,0,1,False,-1,-1,0,0,0,-1
2026-06-29 11:28:42.324,11.98677,False,22.24722,1.337717,-6.433283,0,0,0,1,0,0,1,False,-1,-1,0,0,0,-1
2026-06-29 11:28:42.369,12.03146,False,22.24577,1.337699,-6.431265,0,0,0,1,0,0,1,False,-1,-1,0,0,0,-1
2026-06-29 11:28:42.413,12.07555,False,22.24527,1.337619,-6.429679,0,0,0,1,0,0,1,False,-1,-1,0,0,0,-1
2026-06-29 11:28:42.446,12.10893,False,22.24537,1.337674,-6.428623,0,0,0,1,0,0,1,False,-1,-1,0,0,0,-1
2026-06-29 11:28:42.490,12.15307,False,22.24604,1.337855,-6.427668,0,0,0,1,0,0,1,False,-1,-1,0,0,0,-1
2026-06-29 11:28:42.524,12.18706,False,22.24685,1.338349,-6.426962,0,0,0,1,0,0,1,False,-1,-1,0,0,0,-1
2026-06-29 11:28:42.568,12.23153,False,22.2483,1.338813,-6.42627,0,0,0,1,0,0,1,False,-1,-1,0,0,0,-1
2026-06-29 11:28:42.603,12.26518,False,22.24936,1.33931,-6.425897,0,0,0,1,0,0,1,False,-1,-1,0,0,0,-1
2026-06-29 11:28:42.636,12.29934,False,22.25046,1.339284,-6.425358,0,0,0,1,0,0,1,False,-1,-1,0,0,0,-1
2026-06-29 11:28:42.670,12.33296,False,22.25153,1.338602,-6.424983,0,0,0,1,0,0,1,False,-1,-1,0,0,0,-1
2026-06-29 11:28:42.704,12.36643,False,22.25257,1.337308,-6.425126,0,0,0,1,0,0,1,False,-1,-1,0,0,0,-1
2026-06-29 11:28:42.748,12.4109,False,22.25414,1.334516,-6.425434,0,0,0,1,0,0,1,False,-1,-1,0,0,0,-1
2026-06-29 11:28:42.782,12.44431,False,22.25531,1.332226,-6.425941,0,0,0,1,0,0,1,False,-1,-1,0,0,0,-1
2026-06-29 11:28:42.826,12.48872,False,22.25675,1.330616,-6.426561,0,0,0,1,0,0,1,False,-1,-1,0,0,0,-1
2026-06-29 11:28:42.870,12.53314,False,22.25861,1.331114,-6.427016,0,0,0,1,0,0,1,False,-1,-1,0,0,0,-1
2026-06-29 11:28:42.914,12.5772,False,22.26052,1.331263,-6.426551,0,0,0,1,0,0,1,False,-1,-1,0,0,0,-1
2026-06-29 11:28:42.951,12.61331,False,22.26186,1.331986,-6.426461,0,0,0,1,0,0,1,False,-1,-1,0,0,0,-1
2026-06-29 11:28:42.992,12.65514,False,22.26199,1.333552,-6.425556,0,0,0,1,0,0,1,False,-1,-1,0,0,0,-1
2026-06-29 11:28:43.037,12.69955,False,22.26141,1.335443,-6.425127,0,0,0,1,0,0,1,False,-1,-1,0,0,0,-1
2026-06-29 11:28:43.081,12.74417,False,22.25607,1.336863,-6.422305,0,0,0,1,0,0,1,False,-1,-1,0,0,0,-1
2026-06-29 11:28:43.126,12.78881,False,22.25134,1.336669,-6.419388,0,0,0,1,0,0,1,False,-1,-1,0,0,0,-1
2026-06-29 11:28:43.170,12.83295,False,22.24628,1.336125,-6.416027,0,0,0,1,0,0,1,False,-1,-1,0,0,0,-1
2026-06-29 11:28:43.215,12.87762,False,22.24143,1.335522,-6.412598,0,0,0,1,0,0,1,False,-1,-1,0,0,0,-1
2026-06-29 11:28:43.259,12.92172,False,22.23719,1.334724,-6.40903,0,0,0,1,0,0,1,False,-1,-1,0,0,0,-1
2026-06-29 11:28:43.303,12.9661,False,22.23341,1.333958,-6.406586,0,0,0,1,0,0,1,False,-1,-1,0,0,0,-1
2026-06-29 11:28:43.348,13.0109,False,22.22972,1.333826,-6.404753,0,0,0,1,0,0,1,False,-1,-1,0,0,0,-1
2026-06-29 11:28:43.382,13.04425,False,22.22627,1.334411,-6.403526,0,0,0,1,0,0,1,False,-1,-1,0,0,0,-1
2026-06-29 11:28:43.426,13.08809,False,22.22144,1.33535,-6.402385,0,0,0,1,0,0,1,False,-1,-1,0,0,0,-1
2026-06-29 11:28:43.458,13.12148,False,22.21852,1.335254,-6.40222,0,0,0,1,0,0,1,False,-1,-1,0,0,0,-1
2026-06-29 11:28:43.503,13.16603,False,22.2202,1.335794,-6.405144,0,0,0,1,0,0,1,False,-1,-1,0,0,0,-1
2026-06-29 11:28:43.547,13.21016,False,22.21942,1.335211,-6.40685,0,0,0,1,0,0,1,False,-1,-1,0,0,0,-1
2026-06-29 11:28:43.581,13.24355,False,22.21942,1.334856,-6.40852,0,0,0,1,0,0,1,False,-1,-1,0,0,0,-1
2026-06-29 11:28:43.614,13.27704,False,22.21944,1.334478,-6.409892,0,0,0,1,0,0,1,False,-1,-1,0,0,0,-1
2026-06-29 11:28:43.648,13.31085,False,22.21965,1.334556,-6.410998,0,0,0,1,0,0,1,False,-1,-1,0,0,0,-1
2026-06-29 11:28:43.682,13.34431,False,22.21992,1.334525,-6.411083,0,0,0,1,0,0,1,False,-1,-1,0,0,0,-1
2026-06-29 11:28:43.715,13.37795,False,22.22031,1.334329,-6.411344,0,0,0,1,0,0,1,False,-1,-1,0,0,0,-1
2026-06-29 11:28:43.749,13.41166,False,22.22058,1.334363,-6.410643,0,0,0,1,0,0,1,False,-1,-1,0,0,0,-1
2026-06-29 11:28:43.792,13.45512,False,22.22031,1.334066,-6.410064,0,0,0,1,0,0,1,False,-1,-1,0,0,0,-1
2026-06-29 11:28:43.838,13.50064,False,22.22037,1.333447,-6.408869,0,0,0,1,0,0,1,False,-1,-1,0,0,0,-1
2026-06-29 11:28:43.883,13.54556,False,22.22032,1.33333,-6.407165,0,0,0,1,0,0,1,False,-1,-1,0,0,0,-1
2026-06-29 11:28:43.917,13.57945,False,22.22077,1.333255,-6.405809,0,0,0,1,0,0,1,False,-1,-1,0,0,0,-1
2026-06-29 11:28:43.959,13.62122,False,22.22182,1.332609,-6.403836,0,0,0,1,0,0,1,False,-1,-1,0,0,0,-1
2026-06-29 11:28:43.995,13.65735,False,22.22819,1.333792,-6.405086,0,0,0,1,0,0,1,False,-1,-1,0,0,0,-1
2026-06-29 11:28:44.037,13.69987,False,22.23085,1.333344,-6.402075,0,0,0,1,0,0,1,False,-1,-1,0,0,0,-1
2026-06-29 11:28:44.081,13.7439,False,22.23437,1.333688,-6.399327,0,0,0,1,0,0,1,False,-1,-1,0,0,0,-1
2026-06-29 11:28:44.125,13.78702,False,22.23714,1.33402,-6.396568,0,0,0,1,0,0,1,False,-1,-1,0,0,0,-1
2026-06-29 11:28:44.168,13.83076,False,22.23907,1.335232,-6.394477,0,0,0,1,0,0,1,False,-1,-1,0,0,0,-1
2026-06-29 11:28:44.211,13.87416,False,22.24006,1.336083,-6.392383,0,0,0,1,0,0,1,False,-1,-1,0,0,0,-1
2026-06-29 11:28:44.256,13.91896,False,22.24026,1.336347,-6.390813,0,0,0,1,0,0,1,False,-1,-1,0,0,0,-1
2026-06-29 11:28:44.291,13.95357,False,22.23989,1.335987,-6.389432,0,0,0,1,0,0,1,False,-1,-1,0,0,0,-1
2026-06-29 11:28:44.334,13.99688,False,22.23852,1.334927,-6.386997,0,0,0,1,0,0,1,False,-1,-1,0,0,0,-1
2026-06-29 11:28:44.368,14.03115,False,22.23729,1.334096,-6.38482,0,0,0,1,0,0,1,False,-1,-1,0,0,0,-1
2026-06-29 11:28:44.410,14.07343,False,22.23569,1.333328,-6.381675,0,0,0,1,0,0,1,False,-1,-1,0,0,0,-1
2026-06-29 11:28:44.454,14.11642,False,22.23453,1.333096,-6.378549,0,0,0,1,0,0,1,False,-1,-1,0,0,0,-1
2026-06-29 11:28:44.487,14.14987,False,22.23373,1.33324,-6.376422,0,0,0,1,0,0,1,False,-1,-1,0,0,0,-1
2026-06-29 11:28:44.523,14.18512,False,22.2325,1.332772,-6.374526,0,0,0,1,0,0,1,False,-1,-1,0,0,0,-1
2026-06-29 11:28:44.567,14.22931,False,22.23117,1.332793,-6.372607,0,0,0,1,0,0,1,False,-1,-1,0,0,0,-1
2026-06-29 11:28:44.611,14.27384,False,22.22996,1.332946,-6.371524,0,0,0,1,0,0,1,False,-1,-1,0,0,0,-1
2026-06-29 11:28:44.656,14.31816,False,22.2291,1.333061,-6.371345,0,0,0,1,0,0,1,False,-1,-1,0,0,0,-1
2026-06-29 11:28:44.693,14.35601,False,22.22869,1.333113,-6.371719,0,0,0,1,0,0,1,False,-1,-1,0,0,0,-1
2026-06-29 11:28:44.734,14.39632,False,22.22838,1.33323,-6.372509,0,0,0,1,0,0,1,False,-1,-1,0,0,0,-1
2026-06-29 11:28:44.767,14.42971,False,22.22828,1.333387,-6.37322,0,0,0,1,0,0,1,False,-1,-1,0,0,0,-1
2026-06-29 11:28:44.802,14.46414,False,22.22834,1.333503,-6.374125,0,0,0,1,0,0,1,False,-1,-1,0,0,0,-1
2026-06-29 11:28:44.844,14.50603,False,22.2287,1.333388,-6.375651,0,0,0,1,0,0,1,False,-1,-1,0,0,0,-1
2026-06-29 11:28:44.888,14.55033,False,22.22908,1.333632,-6.377334,0,0,0,1,0,0,1,False,-1,-1,0,0,0,-1
2026-06-29 11:28:44.921,14.58372,False,22.22946,1.333839,-6.378768,0,0,0,1,0,0,1,False,-1,-1,0,0,0,-1
2026-06-29 11:28:44.954,14.61725,False,22.23,1.33412,-6.380324,0,0,0,1,0,0,1,False,-1,-1,0,0,0,-1
2026-06-29 11:28:44.998,14.66094,False,22.23083,1.334984,-6.382927,0,0,0,1,0,0,1,False,-1,-1,0,0,0,-1
2026-06-29 11:28:45.034,14.6959,False,22.23187,1.335443,-6.384702,0,0,0,1,0,0,1,False,-1,-1,0,0,0,-1
2026-06-29 11:28:45.077,14.73934,False,22.233,1.335785,-6.386829,0,0,0,1,0,0,1,False,-1,-1,0,0,0,-1
2026-06-29 11:28:45.110,14.77303,False,22.23397,1.33578,-6.388757,0,0,0,1,0,0,1,False,-1,-1,0,0,0,-1
2026-06-29 11:28:45.144,14.80645,False,22.23459,1.335812,-6.390323,0,0,0,1,0,0,1,False,-1,-1,0,0,0,-1
2026-06-29 11:28:45.188,14.85088,False,22.23494,1.336071,-6.39171,0,0,0,1,0,0,1,False,-1,-1,0,0,0,-1
2026-06-29 11:28:45.222,14.88433,False,22.23433,1.336272,-6.393241,0,0,0,1,0,0,1,False,-1,-1,0,0,0,-1
2026-06-29 11:28:45.255,14.9177,False,22.23379,1.336388,-6.394301,0,0,0,1,0,0,1,False,-1,-1,0,0,0,-1
2026-06-29 11:28:45.294,14.95622,False,22.23232,1.336639,-6.396115,0,0,0,1,0,0,1,False,-1,-1,0,0,0,-1
2026-06-29 11:28:45.333,14.99604,False,22.23019,1.336647,-6.398555,0,0,0,1,0,0,1,False,-1,-1,0,0,0,-1
2026-06-29 11:28:45.378,15.04077,False,22.22795,1.336091,-6.399987,0,0,0,1,0,0,1,False,-1,-1,0,0,0,-1
2026-06-29 11:28:45.421,15.08349,False,22.22514,1.335939,-6.402072,0,0,0,1,0,0,1,False,-1,-1,0,0,0,-1
2026-06-29 11:28:45.455,15.11734,False,22.22317,1.33584,-6.402729,0,0,0,1,0,0,1,False,-1,-1,0,0,0,-1
2026-06-29 11:28:45.498,15.16117,False,22.21982,1.33585,-6.404794,0,0,0,1,0,0,1,False,-1,-1,0,0,0,-1
2026-06-29 11:28:45.533,15.19618,False,22.21765,1.335611,-6.405793,0,0,0,1,0,0,1,False,-1,-1,0,0,0,-1
2026-06-29 11:28:45.576,15.23868,False,22.21388,1.335234,-6.408577,0,0,0,1,0,0,1,False,-1,-1,0,0,0,-1
2026-06-29 11:28:45.609,15.27207,False,22.21171,1.334777,-6.40974,0,0,0,1,0,0,1,False,-1,-1,0,0,0,-1
2026-06-29 11:28:45.644,15.30612,False,22.20841,1.333833,-6.413419,0,0,0,1,0,0,1,False,-1,-1,0,0,0,-1
2026-06-29 11:28:45.680,15.34138,False,22.20668,1.333465,-6.415422,0,0,0,1,0,0,1,False,-1,-1,0,0,0,-1
2026-06-29 11:28:45.722,15.38477,False,22.20515,1.333104,-6.416335,0,0,0,1,0,0,1,False,-1,-1,0,0,0,-1
2026-06-29 11:28:45.757,15.41918,False,22.20417,1.333122,-6.416975,0,0,0,1,0,0,1,False,-1,-1,0,0,0,-1
2026-06-29 11:28:45.794,15.45658,False,22.20027,1.333296,-6.42355,0,0,0,1,0,0,1,False,-1,-1,0,0,0,-1
2026-06-29 11:28:45.834,15.4968,False,22.19762,1.333939,-6.428702,0,0,0,1,0,0,1,False,-1,-1,0,0,0,-1
2026-06-29 11:28:45.876,15.53931,False,22.19469,1.334907,-6.435555,0,0,0,1,0,0,1,False,-1,-1,0,0,0,-1
2026-06-29 11:28:45.910,15.57296,False,22.19318,1.335451,-6.439312,0,0,0,1,0,0,1,False,-1,-1,0,0,0,-1
2026-06-29 11:28:45.944,15.60635,False,22.19212,1.335902,-6.442655,0,0,0,1,0,0,1,False,-1,-1,0,0,0,-1
2026-06-29 11:28:45.988,15.65055,False,22.19053,1.336379,-6.447555,0,0,0,1,0,0,1,False,-1,-1,0,0,0,-1
2026-06-29 11:28:46.033,15.6951,False,22.18914,1.336844,-6.451686,0,0,0,1,0,0,1,False,-1,-1,0,0,0,-1
2026-06-29 11:28:46.068,15.72956,False,22.22112,1.33067,-6.36978,0,0,0,1,0,0,1,False,-1,-1,0,0,0,-1
2026-06-29 11:28:46.109,15.77286,False,22.22105,1.33078,-6.369723,0,0,0,1,0,0,1,False,-1,-1,0,0,0,-1
2026-06-29 11:28:46.145,15.80725,False,22.22026,1.330647,-6.369337,0,0,0,1,0,0,1,False,-1,-1,0,0,0,-1
2026-06-29 11:28:46.189,15.85172,False,22.21991,1.330548,-6.368443,0,0,0,1,0,0,1,False,-1,-1,0,0,0,-1
2026-06-29 11:28:46.223,15.88507,False,22.21926,1.330973,-6.36757,0,0,0,1,0,0,1,False,-1,-1,0,0,0,-1
2026-06-29 11:28:46.255,15.91845,False,22.21894,1.330621,-6.367153,0,0,0,1,0,0,1,False,-1,-1,0,0,0,-1
2026-06-29 11:28:46.293,15.95546,False,22.21928,1.330714,-6.364309,0,0,0,1,0,0,1,False,-1,-1,0,0,0,-1
2026-06-29 11:28:46.333,15.99573,False,22.21846,1.330978,-6.363605,0,0,0,1,0,0,1,False,-1,-1,0,0,0,-1
2026-06-29 11:28:46.378,16.04049,False,22.21731,1.330632,-6.363091,0,0,0,1,0,0,1,False,-1,-1,0,0,0,-1
2026-06-29 11:28:46.422,16.08481,False,22.21604,1.329931,-6.36201,0,0,0,1,0,0,1,False,-1,-1,0,0,0,-1
2026-06-29 11:28:46.467,16.12913,False,22.21424,1.32947,-6.363536,0,0,0,1,0,0,1,False,-1,-1,0,0,0,-1
2026-06-29 11:28:46.500,16.16271,False,22.21326,1.329728,-6.36376,0,0,0,1,0,0,1,False,-1,-1,0,0,0,-1
2026-06-29 11:28:46.545,16.20686,False,22.21265,1.329401,-6.36377,0,0,0,1,0,0,1,False,-1,-1,0,0,0,-1
2026-06-29 11:28:46.578,16.24037,False,22.21258,1.32933,-6.36376,0,0,0,1,0,0,1,False,-1,-1,0,0,0,-1
2026-06-29 11:28:46.622,16.28446,False,22.21291,1.329213,-6.363825,0,0,0,1,0,0,1,False,-1,-1,0,0,0,-1
2026-06-29 11:28:46.655,16.31838,False,22.21322,1.329235,-6.36394,0,0,0,1,0,0,1,False,-1,-1,0,0,0,-1
2026-06-29 11:28:46.690,16.35232,False,22.21379,1.329266,-6.363986,0,0,0,1,0,0,1,False,-1,-1,0,0,0,-1
2026-06-29 11:28:46.724,16.38609,False,22.21415,1.329365,-6.364376,0,0,0,1,0,0,1,False,-1,-1,0,0,0,-1
2026-06-29 11:28:46.768,16.43021,False,22.21452,1.329548,-6.365021,0,0,0,1,0,0,1,False,-1,-1,0,0,0,-1
2026-06-29 11:28:46.810,16.47316,False,22.21461,1.329569,-6.365695,0,0,0,1,0,0,1,False,-1,-1,0,0,0,-1
2026-06-29 11:28:46.854,16.51781,False,22.21476,1.329726,-6.366334,0,0,0,1,0,0,1,False,-1,-1,0,0,0,-1
2026-06-29 11:28:46.901,16.56335,False,22.2145,1.329712,-6.36648,0,0,0,1,0,0,1,False,-1,-1,0,0,0,-1
2026-06-29 11:28:46.934,16.5967,False,22.2143,1.329835,-6.366722,0,0,0,1,0,0,1,False,-1,-1,0,0,0,-1
2026-06-29 11:28:46.978,16.64025,False,22.21383,1.329768,-6.36712,0,0,0,1,0,0,1,False,-1,-1,0,0,0,-1
2026-06-29 11:28:47.022,16.68389,False,22.21367,1.329735,-6.367092,0,0,0,1,0,0,1,False,-1,-1,0,0,0,-1
2026-06-29 11:28:47.056,16.71776,False,22.21338,1.329565,-6.367174,0,0,0,1,0,0,1,False,-1,-1,0,0,0,-1
2026-06-29 11:28:47.089,16.75163,False,22.21284,1.329587,-6.367145,0,0,0,1,0,0,1,False,-1,-1,0,0,0,-1
2026-06-29 11:28:47.124,16.78645,False,22.21227,1.329447,-6.367107,0,0,0,1,0,0,1,False,-1,-1,0,0,0,-1
2026-06-29 11:28:47.168,16.83013,False,22.21156,1.329252,-6.366858,0,0,0,1,0,0,1,False,-1,-1,0,0,0,-1
2026-06-29 11:28:47.210,16.87345,False,22.2107,1.328972,-6.366698,0,0,0,1,0,0,1,False,-1,-1,0,0,0,-1
2026-06-29 11:28:47.245,16.90683,False,22.21003,1.328926,-6.366613,0,0,0,1,0,0,1,False,-1,-1,0,0,0,-1
2026-06-29 11:28:47.279,16.94131,False,22.20949,1.32877,-6.366549,0,0,0,1,0,0,1,False,-1,-1,0,0,0,-1
2026-06-29 11:28:47.321,16.98328,False,22.20936,1.328438,-6.365408,0,0,0,1,0,0,1,False,-1,-1,0,0,0,-1
2026-06-29 11:28:47.354,17.01691,False,22.20922,1.328139,-6.365192,0,0,0,1,0,0,1,False,-1,-1,0,0,0,-1
2026-06-29 11:28:47.403,17.06438,False,22.20987,1.327807,-6.364372,0,0,0,1,0,0,1,False,-1,-1,0,0,0,-1
2026-06-29 11:28:47.445,17.10786,False,22.21063,1.328215,-6.364112,0,0,0,1,0,0,1,False,-1,-1,0,0,0,-1
2026-06-29 11:28:47.488,17.15062,False,22.21249,1.329032,-6.363655,0,0,0,1,0,0,1,False,-1,-1,0,0,0,-1
2026-06-29 11:28:47.532,17.1952,False,22.21496,1.331049,-6.364213,0,0,0,1,0,0,1,False,-1,-1,0,0,0,-1
2026-06-29 11:28:47.578,17.23948,False,22.21848,1.333182,-6.365708,0,0,0,1,0,0,1,False,-1,-1,0,0,0,-1
2026-06-29 11:28:47.621,17.28318,False,22.22122,1.334733,-6.372856,0,0,0,1,0,0,1,False,-1,-1,0,0,0,-1
2026-06-29 11:28:47.667,17.32915,False,22.22648,1.337984,-6.374665,0,0,0,1,0,0,1,False,-1,-1,0,0,0,-1
2026-06-29 11:28:47.711,17.37296,False,22.23055,1.338701,-6.3781,0,0,0,1,0,0,1,False,-1,-1,0,0,0,-1
2026-06-29 11:28:47.755,17.41794,False,22.23433,1.339782,-6.380983,0,0,0,1,0,0,1,False,-1,-1,0,0,0,-1
2026-06-29 11:28:47.799,17.46121,False,22.23939,1.340917,-6.383268,0,0,0,1,0,0,1,False,-1,-1,0,0,0,-1
2026-06-29 11:28:47.843,17.50598,False,22.24352,1.340503,-6.385012,0,0,0,1,0,0,1,False,-1,-1,0,0,0,-1
2026-06-29 11:28:47.878,17.54016,False,22.24596,1.339297,-6.38598,0,0,0,1,0,0,1,False,-1,-1,0,0,0,-1
2026-06-29 11:28:47.919,17.5816,False,22.24808,1.33787,-6.386761,0,0,0,1,0,0,1,False,-1,-1,0,0,0,-1
2026-06-29 11:28:47.953,17.61585,False,22.24969,1.336904,-6.383575,0,0,0,1,0,0,1,False,-1,-1,0,0,0,-1
2026-06-29 11:28:47.999,17.66133,False,22.24985,1.337538,-6.382964,0,0,0,1,0,0,1,False,-1,-1,0,0,0,-1
2026-06-29 11:28:48.044,17.70633,False,22.25004,1.339033,-6.382341,0,0,0,1,0,0,1,False,-1,-1,0,0,0,-1
2026-06-29 11:28:48.088,17.7499,False,22.25325,1.340712,-6.38276,0,0,0,1,0,0,1,False,-1,-1,0,0,0,-1
2026-06-29 11:28:48.121,17.78381,False,22.26007,1.342947,-6.377651,0,0,0,1,0,0,1,False,-1,-1,0,0,0,-1
2026-06-29 11:28:48.155,17.81825,False,22.26555,1.344446,-6.378524,0,0,0,1,0,0,1,False,-1,-1,0,0,0,-1
2026-06-29 11:28:48.190,17.85169,False,22.27183,1.345902,-6.379606,0,0,0,1,0,0,1,False,-1,-1,0,0,0,-1
2026-06-29 11:28:48.232,17.89424,False,22.28035,1.347106,-6.38187,0,0,0,1,0,0,1,False,-1,-1,0,0,0,-1
2026-06-29 11:28:48.266,17.92784,False,22.28724,1.3486,-6.384118,0,0,0,1,0,0,1,False,-1,-1,0,0,0,-1
2026-06-29 11:28:48.311,17.97293,False,22.29441,1.349946,-6.386081,0,0,0,1,0,0,1,False,-1,-1,0,0,0,-1
2026-06-29 11:28:48.345,18.00668,False,22.30151,1.35112,-6.388183,0,0,0,1,0,0,1,False,-1,-1,0,0,0,-1
2026-06-29 11:28:48.379,18.04096,False,22.30864,1.352129,-6.391161,0,0,0,1,0,0,1,False,-1,-1,0,0,0,-1
2026-06-29 11:28:48.413,18.07458,False,22.31621,1.352614,-6.393666,0,0,0,1,0,0,1,False,-1,-1,0,0,0,-1
2026-06-29 11:28:48.461,18.12336,False,22.32627,1.352559,-6.39735,0,0,0,1,0,0,1,False,-1,-1,0,0,0,-1
2026-06-29 11:28:48.499,18.16052,False,22.33469,1.351918,-6.400593,0,0,0,1,0,0,1,False,-1,-1,0,0,0,-1
2026-06-29 11:28:48.543,18.20447,False,22.34446,1.350734,-6.40499,0,0,0,1,0,0,1,False,-1,-1,0,0,0,-1
2026-06-29 11:28:48.586,18.24866,False,22.34813,1.350808,-6.407074,0,0,0,1,0,0,1,False,-1,-1,0,0,0,-1
2026-06-29 11:28:48.631,18.29301,False,22.34903,1.35129,-6.408688,0,0,0,1,0,0,1,False,-1,-1,0,0,0,-1
2026-06-29 11:28:48.676,18.33766,False,22.34918,1.35212,-6.410688,0,0,0,1,0,0,1,False,-1,-1,0,0,0,-1
2026-06-29 11:28:48.724,18.38636,False,22.34863,1.352399,-6.411633,0,0,0,1,0,0,1,False,-1,-1,0,0,0,-1
2026-06-29 11:28:48.764,18.42642,False,22.35143,1.352176,-6.408823,0,0,0,1,0,0,1,False,-1,-1,0,0,0,-1
2026-06-29 11:28:48.810,18.47261,False,22.35448,1.352132,-6.408255,0,0,0,1,0,0,1,False,-1,-1,0,0,0,-1
2026-06-29 11:28:48.854,18.51533,False,22.35805,1.353237,-6.40709,0,0,0,1,0,0,1,False,-1,-1,0,0,0,-1
2026-06-29 11:28:48.898,18.5603,False,22.36191,1.354929,-6.405789,0,0,0,1,0,0,1,False,-1,-1,0,0,0,-1
2026-06-29 11:28:48.942,18.60384,False,22.36401,1.356522,-6.404268,0,0,0,1,0,0,1,False,-1,-1,0,0,0,-1
2026-06-29 11:28:48.987,18.64843,False,22.36754,1.357895,-6.404041,0,0,0,1,0,0,1,False,-1,-1,0,0,0,-1
2026-06-29 11:28:49.030,18.69204,False,22.37065,1.358676,-6.403719,0,0,0,1,0,0,1,False,-1,-1,0,0,0,-1
2026-06-29 11:28:49.064,18.72559,False,22.37244,1.359539,-6.404817,0,0,0,1,0,0,1,False,-1,-1,0,0,0,-1
2026-06-29 11:28:49.097,18.75937,False,22.37436,1.360005,-6.404606,0,0,0,1,0,0,1,False,-1,-1,0,0,0,-1
2026-06-29 11:28:49.141,18.80357,False,22.37508,1.360574,-6.405422,0,0,0,1,0,0,1,False,-1,-1,0,0,0,-1
2026-06-29 11:28:49.175,18.8371,False,22.37427,1.360665,-6.405972,0,0,0,1,0,0,1,False,-1,-1,0,0,0,-1
2026-06-29 11:28:49.212,18.87331,False,22.37281,1.360992,-6.406485,0,0,0,1,0,0,1,False,-1,-1,0,0,0,-1
2026-06-29 11:28:49.253,18.91559,False,22.36931,1.360924,-6.406553,0,0,0,1,0,0,1,False,-1,-1,0,0,0,-1
2026-06-29 11:28:49.288,18.94918,False,22.36617,1.36049,-6.40549,0,0,0,1,0,0,1,False,-1,-1,0,0,0,-1
2026-06-29 11:28:49.320,18.98258,False,22.36079,1.360238,-6.405492,0,0,0,1,0,0,1,False,-1,-1,0,0,0,-1
2026-06-29 11:28:49.365,19.027,False,22.3514,1.360423,-6.403832,0,0,0,1,0,0,1,False,-1,-1,0,0,0,-1
2026-06-29 11:28:49.398,19.06057,False,22.34258,1.360651,-6.402965,0,0,0,1,0,0,1,False,-1,-1,0,0,0,-1
2026-06-29 11:28:49.444,19.10554,False,22.33146,1.360411,-6.401272,0,0,0,1,0,0,1,False,-1,-1,0,0,0,-1
2026-06-29 11:28:49.488,19.14985,False,22.31721,1.358908,-6.39918,0,0,0,1,0,0,1,False,-1,-1,0,0,0,-1
2026-06-29 11:28:49.522,19.18342,False,22.30605,1.357573,-6.39714,0,0,0,1,0,0,1,False,-1,-1,0,0,0,-1
2026-06-29 11:28:49.560,19.22233,False,22.29465,1.35611,-6.394225,0,0,0,1,0,0,1,False,-1,-1,0,0,0,-1
2026-06-29 11:28:49.597,19.25866,False,22.28025,1.353596,-6.389972,0,0,0,1,0,0,1,False,-1,-1,0,0,0,-1
2026-06-29 11:28:49.643,19.30499,False,22.25702,1.351551,-6.383293,0,0,0,1,0,0,1,False,-1,-1,0,0,0,-1
2026-06-29 11:28:49.686,19.34806,False,22.24245,1.349981,-6.37766,0,0,0,1,0,0,1,False,-1,-1,0,0,0,-1
2026-06-29 11:28:49.731,19.3933,False,22.22776,1.348749,-6.37192,0,0,0,1,0,0,1,False,-1,-1,0,0,0,-1
2026-06-29 11:28:49.775,19.43719,False,22.21561,1.346469,-6.366137,0,0,0,1,0,0,1,False,-1,-1,0,0,0,-1
2026-06-29 11:28:49.819,19.48167,False,22.20465,1.344335,-6.360394,0,0,0,1,0,0,1,False,-1,-1,0,0,0,-1
2026-06-29 11:28:49.864,19.52592,False,22.19679,1.341751,-6.354079,0,0,0,1,0,0,1,False,-1,-1,0,0,0,-1
2026-06-29 11:28:49.911,19.57274,False,22.18951,1.339447,-6.348963,0,0,0,1,0,0,1,False,-1,-1,0,0,0,-1
2026-06-29 11:28:49.953,19.61511,False,22.18402,1.337142,-6.345557,0,0,0,1,0,0,1,False,-1,-1,0,0,0,-1
2026-06-29 11:28:49.999,19.66092,False,22.1789,1.335603,-6.340909,0,0,0,1,0,0,1,False,-1,-1,0,0,0,-1
2026-06-29 11:28:50.043,19.7052,False,22.17486,1.333618,-6.336641,0,0,0,1,0,0,1,False,-1,-1,0,0,0,-1
2026-06-29 11:28:50.089,19.75082,False,22.17113,1.332045,-6.331828,0,0,0,1,0,0,1,False,-1,-1,0,0,0,-1
2026-06-29 11:28:50.132,19.7944,False,22.16937,1.331305,-6.328684,0,0,0,1,0,0,1,False,-1,-1,0,0,0,-1
2026-06-29 11:28:50.178,19.83973,False,22.16717,1.330075,-6.32457,0,0,0,1,0,0,1,False,-1,-1,0,0,0,-1
2026-06-29 11:28:50.221,19.88283,False,22.16559,1.329205,-6.321032,0,0,0,1,0,0,1,False,-1,-1,0,0,0,-1
2026-06-29 11:28:50.254,19.91682,False,22.16461,1.328675,-6.319289,0,0,0,1,0,0,1,False,-1,-1,0,0,0,-1
2026-06-29 11:28:50.289,19.95067,False,22.16378,1.328398,-6.318556,0,0,0,1,0,0,1,False,-1,-1,0,0,0,-1
2026-06-29 11:28:50.322,19.98444,False,22.16302,1.328324,-6.318031,0,0,0,1,0,0,1,False,-1,-1,0,0,0,-1
2026-06-29 11:28:50.366,20.02788,False,22.16267,1.328259,-6.318107,0,0,0,1,0,0,1,False,-1,-1,0,0,0,-1
2026-06-29 11:28:50.411,20.07397,False,22.16236,1.328277,-6.318166,0,0,0,1,0,0,1,False,-1,-1,0,0,0,-1
2026-06-29 11:28:50.455,20.1181,False,22.16236,1.328443,-6.318603,0,0,0,1,0,0,1,False,-1,-1,0,0,0,-1
2026-06-29 11:28:50.500,20.16219,False,22.16261,1.328387,-6.319219,0,0,0,1,0,0,1,False,-1,-1,0,0,0,-1
2026-06-29 11:28:50.544,20.20617,False,22.16307,1.328396,-6.320032,0,0,0,1,0,0,1,False,-1,-1,0,0,0,-1
2026-06-29 11:28:50.579,20.24095,False,22.1635,1.328885,-6.320553,0,0,0,1,0,0,1,False,-1,-1,0,0,0,-1
2026-06-29 11:28:50.622,20.28383,False,22.16424,1.329095,-6.321106,0,0,0,1,0,0,1,False,-1,-1,0,0,0,-1
2026-06-29 11:28:50.666,20.3275,False,22.16499,1.329241,-6.322051,0,0,0,1,0,0,1,False,-1,-1,0,0,0,-1
2026-06-29 11:28:50.710,20.37243,False,22.16588,1.329408,-6.322919,0,0,0,1,0,0,1,False,-1,-1,0,0,0,-1
2026-06-29 11:28:50.753,20.41576,False,22.16656,1.329538,-6.323444,0,0,0,1,0,0,1,False,-1,-1,0,0,0,-1
2026-06-29 11:28:50.788,20.44937,False,22.16695,1.329569,-6.323796,0,0,0,1,0,0,1,False,-1,-1,0,0,0,-1
2026-06-29 11:28:50.820,20.48272,False,22.16723,1.329428,-6.324137,0,0,0,1,0,0,1,False,-1,-1,0,0,0,-1
2026-06-29 11:28:50.854,20.51612,False,22.16754,1.329293,-6.324486,0,0,0,1,0,0,1,False,-1,-1,0,0,0,-1
2026-06-29 11:28:50.898,20.56039,False,22.16746,1.32884,-6.325133,0,0,0,1,0,0,1,False,-1,-1,0,0,0,-1
2026-06-29 11:28:50.944,20.60508,False,22.16768,1.328967,-6.325453,0,0,0,1,0,0,1,False,-1,-1,0,0,0,-1
2026-06-29 11:28:50.976,20.63872,False,22.168,1.328887,-6.325853,0,0,0,1,0,0,1,False,-1,-1,0,0,0,-1
2026-06-29 11:28:51.011,20.67231,False,22.16839,1.328786,-6.326237,0,0,0,1,0,0,1,False,-1,-1,0,0,0,-1
2026-06-29 11:28:51.044,20.70609,False,22.16846,1.328593,-6.325986,0,0,0,1,0,0,1,False,-1,-1,0,0,0,-1
2026-06-29 11:28:51.085,20.74733,False,22.1691,1.328964,-6.325848,0,0,0,1,0,0,1,False,-1,-1,0,0,0,-1
2026-06-29 11:28:51.141,20.80243,False,22.17036,1.329268,-6.32525,0,0,0,1,0,0,1,False,-1,-1,0,0,0,-1
2026-06-29 11:28:51.186,20.84726,False,22.1709,1.329261,-6.324607,0,0,0,1,0,0,1,False,-1,-1,0,0,0,-1
2026-06-29 11:28:51.229,20.89116,False,22.17156,1.329375,-6.323689,0,0,0,1,0,0,1,False,-1,-1,0,0,0,-1
2026-06-29 11:28:51.275,20.9366,False,22.17171,1.329215,-6.32248,0,0,0,1,0,0,1,False,-1,-1,0,0,0,-1
2026-06-29 11:28:51.320,20.98187,False,22.17165,1.32928,-6.321077,0,0,0,1,0,0,1,False,-1,-1,0,0,0,-1
2026-06-29 11:28:51.363,21.02477,False,22.17188,1.329289,-6.319634,0,0,0,1,0,0,1,False,-1,-1,0,0,0,-1
2026-06-29 11:28:51.411,21.07328,False,22.17194,1.328923,-6.31839,0,0,0,1,0,0,1,False,-1,-1,0,0,0,-1
2026-06-29 11:28:51.452,21.11436,False,22.17193,1.328616,-6.3175,0,0,0,1,0,0,1,False,-1,-1,0,0,0,-1
2026-06-29 11:28:51.497,21.15904,False,22.17164,1.328291,-6.315939,0,0,0,1,0,0,1,False,-1,-1,0,0,0,-1
2026-06-29 11:28:51.540,21.20225,False,22.17148,1.328203,-6.313643,0,0,0,1,0,0,1,False,-1,-1,0,0,0,-1
2026-06-29 11:28:51.585,21.24689,False,22.1703,1.328341,-6.309752,0,0,0,1,0,0,1,False,-1,-1,0,0,0,-1
2026-06-29 11:28:51.619,21.28067,False,22.1697,1.328455,-6.306655,0,0,0,1,0,0,1,False,-1,-1,0,0,0,-1
2026-06-29 11:28:51.662,21.32459,False,22.16936,1.328638,-6.300096,0,0,0,1,0,0,1,False,-1,-1,0,0,0,-1
2026-06-29 11:28:51.696,21.35818,False,22.16962,1.328206,-6.294655,0,0,0,1,0,0,1,False,-1,-1,0,0,0,-1
2026-06-29 11:28:51.741,21.40264,False,22.16973,1.328372,-6.286405,0,0,0,1,0,0,1,False,-1,-1,0,0,0,-1
2026-06-29 11:28:51.785,21.44691,False,22.16894,1.329103,-6.277051,0,0,0,1,0,0,1,False,-1,-1,0,0,0,-1
2026-06-29 11:28:51.829,21.49127,False,22.16716,1.332111,-6.268638,0,0,0,1,0,0,1,False,-1,-1,0,0,0,-1
2026-06-29 11:28:51.864,21.52527,False,22.16592,1.336137,-6.261275,0,0,0,1,0,0,1,False,-1,-1,0,0,0,-1
2026-06-29 11:28:51.912,21.5736,False,22.16503,1.343089,-6.249186,0,0,0,1,0,0,1,False,-1,-1,0,0,0,-1
2026-06-29 11:28:51.951,21.61349,False,22.16471,1.34922,-6.238849,0,0,0,1,0,0,1,False,-1,-1,0,0,0,-1
2026-06-29 11:28:51.995,21.65775,False,22.16637,1.352317,-6.231957,0,0,0,1,0,0,1,False,-1,-1,0,0,0,-1
2026-06-29 11:28:52.040,21.70177,False,22.16895,1.356027,-6.22386,0,0,0,1,0,0,1,False,-1,-1,0,0,0,-1
2026-06-29 11:28:52.073,21.7354,False,22.17174,1.358282,-6.218185,0,0,0,1,0,0,1,False,-1,-1,0,0,0,-1
2026-06-29 11:28:52.112,21.77345,False,22.17445,1.359797,-6.213153,0,0,0,1,0,0,1,False,-1,-1,0,0,0,-1
2026-06-29 11:28:52.148,21.80924,False,22.1776,1.360778,-6.208304,0,0,0,1,0,0,1,False,-1,-1,0,0,0,-1
2026-06-29 11:28:52.187,21.84892,False,22.18143,1.362121,-6.202405,0,0,0,1,0,0,1,False,-1,-1,0,0,0,-1
2026-06-29 11:28:52.229,21.89058,False,22.18501,1.363092,-6.197485,0,0,0,1,0,0,1,False,-1,-1,0,0,0,-1
2026-06-29 11:28:52.272,21.93482,False,22.1896,1.364059,-6.190174,0,0,0,1,0,0,1,False,-1,-1,0,0,0,-1
2026-06-29 11:28:52.308,21.96943,False,22.19246,1.365443,-6.187145,0,0,0,1,0,0,1,False,-1,-1,0,0,0,-1
2026-06-29 11:28:52.350,22.01257,False,22.19517,1.367229,-6.185203,0,0,0,1,0,0,1,False,-1,-1,0,0,0,-1
2026-06-29 11:28:52.386,22.04742,False,22.195,1.367812,-6.18398,0,0,0,1,0,0,1,False,-1,-1,0,0,0,-1
2026-06-29 11:28:52.429,22.09032,False,22.19464,1.368318,-6.182199,0,0,0,1,0,0,1,False,-1,-1,0,0,0,-1
2026-06-29 11:28:52.462,22.12408,False,22.19458,1.369853,-6.180736,0,0,0,1,0,0,1,False,-1,-1,0,0,0,-1
2026-06-29 11:28:52.495,22.15749,False,22.19501,1.371052,-6.178479,0,0,0,1,0,0,1,False,-1,-1,0,0,0,-1
2026-06-29 11:28:52.529,22.19108,False,22.19538,1.371723,-6.176055,0,0,0,1,0,0,1,False,-1,-1,0,0,0,-1
2026-06-29 11:28:52.578,22.23966,False,22.19622,1.37233,-6.172738,0,0,0,1,0,0,1,False,-1,-1,0,0,0,-1
2026-06-29 11:28:52.617,22.27966,False,22.19619,1.373308,-6.170409,0,0,0,1,0,0,1,False,-1,-1,0,0,0,-1
2026-06-29 11:28:52.662,22.3239,False,22.19567,1.374079,-6.167567,0,0,0,1,0,0,1,False,-1,-1,0,0,0,-1
2026-06-29 11:28:52.707,22.36871,False,22.19573,1.374619,-6.165206,0,0,0,1,0,0,1,False,-1,-1,0,0,0,-1
2026-06-29 11:28:52.750,22.41271,False,22.19559,1.375099,-6.162297,0,0,0,1,0,0,1,False,-1,-1,0,0,0,-1
2026-06-29 11:28:52.795,22.457,False,22.19669,1.375278,-6.159762,0,0,0,1,0,0,1,False,-1,-1,0,0,0,-1
2026-06-29 11:28:52.840,22.50121,False,22.19612,1.375971,-6.157871,0,0,0,1,0,0,1,False,-1,-1,0,0,0,-1
2026-06-29 11:28:52.875,22.53599,False,22.19625,1.377242,-6.156958,0,0,0,1,0,0,1,False,-1,-1,0,0,0,-1
2026-06-29 11:28:52.918,22.57946,False,22.19681,1.378585,-6.154939,0,0,0,1,0,0,1,False,-1,-1,0,0,0,-1
2026-06-29 11:28:52.951,22.61292,False,22.19702,1.379691,-6.153909,0,0,0,1,0,0,1,False,-1,-1,0,0,0,-1
2026-06-29 11:28:52.985,22.64692,False,22.19737,1.380629,-6.152629,0,0,0,1,0,0,1,False,-1,-1,0,0,0,-1
2026-06-29 11:28:53.019,22.68043,False,22.198,1.381438,-6.151427,0,0,0,1,0,0,1,False,-1,-1,0,0,0,-1
2026-06-29 11:28:53.052,22.71466,False,22.1982,1.382071,-6.150473,0,0,0,1,0,0,1,False,-1,-1,0,0,0,-1
2026-06-29 11:28:53.087,22.74882,False,22.19853,1.382774,-6.14955,0,0,0,1,0,0,1,False,-1,-1,0,0,0,-1
2026-06-29 11:28:53.131,22.79295,False,22.19911,1.383679,-6.148733,0,0,0,1,0,0,1,False,-1,-1,0,0,0,-1
2026-06-29 11:28:53.165,22.82639,False,22.19918,1.383708,-6.148061,0,0,0,1,0,0,1,False,-1,-1,0,0,0,-1
2026-06-29 11:28:53.210,22.87106,False,22.19981,1.38379,-6.147572,0,0,0,1,0,0,1,False,-1,-1,0,0,0,-1
2026-06-29 11:28:53.265,22.90747,True,22.20049,1.383963,-6.14672,0.7166415,-0.6920887,0,0.08624517,-0.1193786,-0.1236137,-0.9851236,False,-1,-1,0,0,0,-1
2026-06-29 11:28:53.299,22.94823,True,22.20073,1.384594,-6.146706,0.0145459,-0.9989066,0,0.04443111,-0.08876505,-0.001292581,-0.9960518,False,-1,-1,0,0,0,-1
2026-06-29 11:28:53.352,23.00351,True,22.19986,1.385648,-6.147392,0.6645907,-0.7417943,0,0.08978008,-0.1331967,-0.119334,-0.983879,False,-1,-1,0,0,0,-1
2026-06-29 11:28:53.398,23.05113,True,22.19579,1.388593,-6.149292,0.9355038,-0.3108886,0,0.1678716,-0.1043788,-0.3140891,-0.9436382,False,-1,-1,0,0,0,-1
2026-06-29 11:28:53.447,23.10023,False,22.18693,1.396858,-6.15443,0,0,0,1,0,0,1,False,-1,-1,0,0,0,-1
2026-06-29 11:28:53.492,23.14398,False,22.17797,1.404283,-6.159568,0,0,0,1,0,0,1,False,-1,-1,0,0,0,-1
2026-06-29 11:28:53.540,23.19258,False,22.17125,1.412496,-6.164929,0,0,0,1,0,0,1,False,-1,-1,0,0,0,-1
2026-06-29 11:28:53.585,23.2394,False,22.16649,1.420098,-6.170408,0,0,0,1,0,0,1,False,-1,-1,0,0,0,-1
2026-06-29 11:28:53.636,23.29059,False,22.1634,1.426022,-6.17589,0,0,0,1,0,0,1,False,-1,-1,0,0,0,-1
2026-06-29 11:28:53.682,23.3345,False,22.16107,1.431016,-6.181652,0,0,0,1,0,0,1,False,-1,-1,0,0,0,-1
2026-06-29 11:28:53.731,23.38396,False,22.15909,1.433937,-6.186583,0,0,0,1,0,0,1,False,-1,-1,0,0,0,-1
2026-06-29 11:28:53.778,23.43215,False,22.15598,1.437762,-6.195544,0,0,0,1,0,0,1,False,-1,-1,0,0,0,-1
2026-06-29 11:28:53.833,23.48705,False,22.15314,1.438449,-6.202614,0,0,0,1,0,0,1,False,-1,-1,0,0,0,-1
2026-06-29 11:28:53.867,23.52127,False,22.15163,1.438297,-6.20612,0,0,0,1,0,0,1,False,-1,-1,0,0,0,-1
2026-06-29 11:28:53.904,23.55691,False,22.1506,1.437899,-6.209874,0,0,0,1,0,0,1,False,-1,-1,0,0,0,-1
2026-06-29 11:28:53.966,23.61951,False,22.14839,1.438731,-6.216834,0,0,0,1,0,0,1,False,-1,-1,0,0,0,-1
2026-06-29 11:28:54.001,23.65449,False,22.14735,1.439526,-6.219367,0,0,0,1,0,0,1,False,-1,-1,0,0,0,-1
2026-06-29 11:28:54.067,23.71965,False,22.14597,1.442243,-6.224414,0,0,0,1,0,0,1,False,-1,-1,0,0,0,-1
2026-06-29 11:28:54.101,23.75343,False,22.14545,1.443899,-6.227301,0,0,0,1,0,0,1,False,-1,-1,0,0,0,-1
2026-06-29 11:28:54.167,23.82097,False,22.14444,1.446134,-6.232155,0,0,0,1,0,0,1,False,-1,-1,0,0,0,-1
2026-06-29 11:28:54.235,23.88785,False,22.14308,1.448349,-6.237514,0,0,0,1,0,0,1,False,-1,-1,0,0,0,-1
2026-06-29 11:28:54.268,23.92137,False,22.14233,1.449313,-6.240162,0,0,0,1,0,0,1,False,-1,-1,0,0,0,-1
2026-06-29 11:28:54.336,23.98745,False,22.13895,1.450738,-6.246242,0,0,0,1,0,0,1,False,-1,-1,0,0,0,-1
2026-06-29 11:28:54.417,24.06847,False,22.13385,1.452129,-6.253717,0,0,0,1,0,0,1,False,-1,-1,0,0,0,-1
2026-06-29 11:28:54.472,24.1233,False,22.12811,1.452814,-6.26005,0,0,0,1,0,0,1,False,-1,-1,0,0,0,-1
2026-06-29 11:28:54.526,24.17827,False,22.12314,1.452817,-6.264439,0,0,0,1,0,0,1,False,-1,-1,0,0,0,-1
2026-06-29 11:28:54.574,24.22615,False,22.11827,1.453729,-6.268068,0,0,0,1,0,0,1,False,-1,-1,0,0,0,-1
2026-06-29 11:28:54.616,24.26799,False,22.11315,1.454942,-6.272842,0,0,0,1,0,0,1,False,-1,-1,0,0,0,-1
2026-06-29 11:28:54.657,24.31147,False,22.10871,1.455837,-6.276926,0,0,0,1,0,0,1,False,-1,-1,0,0,0,-1
2026-06-29 11:28:54.695,24.35069,False,22.10536,1.456507,-6.280142,0,0,0,1,0,0,1,False,-1,-1,0,0,0,-1
2026-06-29 11:28:54.744,24.39991,False,22.10353,1.456356,-6.282882,0,0,0,1,0,0,1,False,-1,-1,0,0,0,-1
2026-06-29 11:28:54.788,24.44105,False,22.10278,1.45585,-6.284706,0,0,0,1,0,0,1,False,-1,-1,0,0,0,-1
2026-06-29 11:28:54.835,24.48838,False,22.10289,1.455178,-6.285668,0,0,0,1,0,0,1,False,-1,-1,0,0,0,-1
2026-06-29 11:28:54.880,24.53334,False,22.10365,1.454449,-6.286146,0,0,0,1,0,0,1,False,-1,-1,0,0,0,-1
2026-06-29 11:28:54.926,24.57787,False,22.10518,1.453928,-6.286456,0,0,0,1,0,0,1,False,-1,-1,0,0,0,-1
2026-06-29 11:28:54.973,24.62623,False,22.10697,1.453801,-6.286113,0,0,0,1,0,0,1,False,-1,-1,0,0,0,-1
2026-06-29 11:28:55.016,24.67055,False,22.10931,1.45359,-6.284615,0,0,0,1,0,0,1,False,-1,-1,0,0,0,-1
2026-06-29 11:28:55.059,24.71135,False,22.1123,1.45211,-6.282635,0,0,0,1,0,0,1,False,-1,-1,0,0,0,-1
2026-06-29 11:28:55.102,24.75542,False,22.11626,1.450053,-6.28035,0,0,0,1,0,0,1,False,-1,-1,0,0,0,-1
2026-06-29 11:28:55.146,24.79995,False,22.12097,1.4483,-6.276963,0,0,0,1,0,0,1,False,-1,-1,0,0,0,-1
2026-06-29 11:28:55.189,24.84268,False,22.1271,1.447181,-6.272759,0,0,0,1,0,0,1,False,-1,-1,0,0,0,-1
2026-06-29 11:28:55.244,24.89858,False,22.13321,1.446402,-6.269383,0,0,0,1,0,0,1,False,-1,-1,0,0,0,-1
2026-06-29 11:28:55.272,24.93338,False,22.13879,1.446039,-6.266683,0,0,0,1,0,0,1,False,-1,-1,0,0,0,-1
2026-06-29 11:28:55.317,24.97871,False,22.14613,1.44459,-6.262097,0,0,0,1,0,0,1,False,-1,-1,0,0,0,-1
2026-06-29 11:28:55.362,25.0233,False,22.15433,1.442803,-6.256387,0,0,0,1,0,0,1,False,-1,-1,0,0,0,-1
2026-06-29 11:28:55.406,25.06792,False,22.16182,1.440611,-6.251913,0,0,0,1,0,0,1,False,-1,-1,0,0,0,-1
2026-06-29 11:28:55.451,25.11303,False,22.16957,1.438752,-6.245274,0,0,0,1,0,0,1,False,-1,-1,0,0,0,-1
2026-06-29 11:28:55.498,25.15927,False,22.17465,1.437164,-6.240243,0,0,0,1,0,0,1,False,-1,-1,0,0,0,-1
2026-06-29 11:28:55.539,25.20082,False,22.17829,1.435844,-6.23603,0,0,0,1,0,0,1,False,-1,-1,0,0,0,-1
2026-06-29 11:28:55.584,25.24509,False,22.17953,1.433594,-6.232288,0,0,0,1,0,0,1,False,-1,-1,0,0,0,-1
2026-06-29 11:28:55.629,25.28993,False,22.17829,1.43184,-6.229714,0,0,0,1,0,0,1,False,-1,-1,0,0,0,-1
2026-06-29 11:28:55.677,25.33939,False,22.17595,1.430238,-6.22718,0,0,0,1,0,0,1,False,-1,-1,0,0,0,-1
2026-06-29 11:28:55.717,25.37854,False,22.17385,1.428574,-6.225663,0,0,0,1,0,0,1,False,-1,-1,0,0,0,-1
2026-06-29 11:28:55.762,25.42351,False,22.17074,1.426984,-6.223933,0,0,0,1,0,0,1,False,-1,-1,0,0,0,-1
2026-06-29 11:28:55.796,25.45711,False,22.16853,1.425641,-6.222882,0,0,0,1,0,0,1,False,-1,-1,0,0,0,-1
2026-06-29 11:28:55.838,25.50035,False,22.16495,1.42424,-6.222374,0,0,0,1,0,0,1,False,-1,-1,0,0,0,-1
2026-06-29 11:28:55.883,25.54447,False,22.16188,1.423609,-6.22268,0,0,0,1,0,0,1,False,-1,-1,0,0,0,-1
2026-06-29 11:28:55.917,25.57902,False,22.16002,1.423196,-6.223271,0,0,0,1,0,0,1,False,-1,-1,0,0,0,-1
2026-06-29 11:28:55.951,25.61241,False,22.15796,1.422574,-6.223312,0,0,0,1,0,0,1,False,-1,-1,0,0,0,-1
2026-06-29 11:28:55.995,25.65639,False,22.15557,1.422061,-6.223867,0,0,0,1,0,0,1,False,-1,-1,0,0,0,-1
2026-06-29 11:28:56.039,25.70038,False,22.15401,1.42138,-6.224203,0,0,0,1,0,0,1,False,-1,-1,0,0,0,-1
2026-06-29 11:28:56.072,25.73422,False,22.1531,1.420469,-6.224317,0,0,0,1,0,0,1,False,-1,-1,0,0,0,-1
2026-06-29 11:28:56.107,25.76841,False,22.15282,1.419194,-6.223899,0,0,0,1,0,0,1,False,-1,-1,0,0,0,-1
2026-06-29 11:28:56.141,25.80256,False,22.15243,1.417386,-6.223236,0,0,0,1,0,0,1,False,-1,-1,0,0,0,-1
2026-06-29 11:28:56.177,25.83937,False,22.15255,1.415369,-6.221779,0,0,0,1,0,0,1,False,-1,-1,0,0,0,-1
2026-06-29 11:28:56.218,25.87969,False,22.15308,1.411935,-6.217932,0,0,0,1,0,0,1,False,-1,-1,0,0,0,-1
2026-06-29 11:28:56.265,25.92579,False,22.15454,1.408468,-6.212579,0,0,0,1,0,0,1,False,-1,-1,0,0,0,-1
2026-06-29 11:28:56.305,25.96664,False,22.15716,1.404388,-6.205379,0,0,0,1,0,0,1,False,-1,-1,0,0,0,-1
2026-06-29 11:28:56.350,26.01136,False,22.16148,1.399522,-6.195313,0,0,0,1,0,0,1,False,-1,-1,0,0,0,-1
2026-06-29 11:28:56.393,26.05512,False,22.16693,1.395015,-6.186119,0,0,0,1,0,0,1,False,-1,-1,0,0,0,-1
2026-06-29 11:28:56.428,26.08935,False,22.17192,1.39215,-6.181528,0,0,0,1,0,0,1,False,-1,-1,0,0,0,-1
2026-06-29 11:28:56.463,26.12358,False,22.17785,1.389997,-6.178944,0,0,0,1,0,0,1,False,-1,-1,0,0,0,-1
2026-06-29 11:28:56.505,26.16663,False,22.18456,1.387817,-6.176178,0,0,0,1,0,0,1,False,-1,-1,0,0,0,-1
2026-06-29 11:28:56.541,26.20221,False,22.18508,1.386618,-6.174622,0,0,0,1,0,0,1,False,-1,-1,0,0,0,-1
2026-06-29 11:28:56.584,26.24552,False,22.18324,1.385107,-6.174239,0,0,0,1,0,0,1,False,-1,-1,0,0,0,-1
2026-06-29 11:28:56.618,26.27926,False,22.18324,1.386766,-6.175623,0,0,0,1,0,0,1,False,-1,-1,0,0,0,-1
2026-06-29 11:28:56.661,26.32221,False,22.18308,1.387624,-6.1772,0,0,0,1,0,0,1,False,-1,-1,0,0,0,-1
2026-06-29 11:28:56.696,26.35671,False,22.18289,1.386834,-6.176446,0,0,0,1,0,0,1,False,-1,-1,0,0,0,-1
2026-06-29 11:28:56.730,26.39078,False,22.18294,1.386838,-6.174627,0,0,0,1,0,0,1,False,-1,-1,0,0,0,-1
2026-06-29 11:28:56.772,26.4339,False,22.18274,1.388066,-6.172921,0,0,0,1,0,0,1,False,-1,-1,0,0,0,-1
2026-06-29 11:28:56.818,26.47935,False,22.18232,1.389523,-6.170751,0,0,0,1,0,0,1,False,-1,-1,0,0,0,-1
2026-06-29 11:28:56.862,26.52346,False,22.18286,1.390363,-6.168375,0,0,0,1,0,0,1,False,-1,-1,0,0,0,-1
2026-06-29 11:28:56.906,26.56762,False,22.18375,1.391515,-6.166688,0,0,0,1,0,0,1,False,-1,-1,0,0,0,-1
2026-06-29 11:28:56.950,26.61136,False,22.18476,1.392736,-6.165715,0,0,0,1,0,0,1,False,-1,-1,0,0,0,-1
2026-06-29 11:28:56.983,26.64489,False,22.1861,1.393759,-6.164696,0,0,0,1,0,0,1,False,-1,-1,0,0,0,-1
2026-06-29 11:28:57.028,26.6892,False,22.18725,1.39489,-6.163225,0,0,0,1,0,0,1,False,-1,-1,0,0,0,-1
2026-06-29 11:28:57.072,26.73333,False,22.18907,1.395677,-6.160979,0,0,0,1,0,0,1,False,-1,-1,0,0,0,-1
2026-06-29 11:28:57.106,26.76703,False,22.19062,1.396084,-6.158749,0,0,0,1,0,0,1,False,-1,-1,0,0,0,-1
2026-06-29 11:28:57.150,26.81194,False,22.19246,1.396689,-6.154957,0,0,0,1,0,0,1,False,-1,-1,0,0,0,-1
2026-06-29 11:28:57.184,26.84581,False,22.19375,1.397264,-6.152562,0,0,0,1,0,0,1,False,-1,-1,0,0,0,-1
2026-06-29 11:28:57.219,26.87991,False,22.19439,1.398337,-6.150062,0,0,0,1,0,0,1,False,-1,-1,0,0,0,-1
2026-06-29 11:28:57.261,26.92246,False,22.19474,1.399703,-6.145861,0,0,0,1,0,0,1,False,-1,-1,0,0,0,-1
2026-06-29 11:28:57.307,26.95981,True,22.19441,1.400781,-6.14305,0.9232919,-0.3812341,0,0.04682667,-0.03570384,-0.08646936,-0.9956145,False,-1,-1,0,0,0,-1
2026-06-29 11:28:57.349,27.00193,True,22.19456,1.400886,-6.139852,0.8875124,-0.4595635,0,0.03351407,-0.03080368,-0.0594883,-0.9977536,False,-1,-1,0,0,0,-1
2026-06-29 11:28:57.394,27.04699,True,22.19504,1.400193,-6.135325,0.8807174,-0.472109,0,0.03807859,-0.03595449,-0.06707295,-0.9971001,False,-1,-1,0,0,0,-1
2026-06-29 11:28:57.439,27.09151,True,22.19581,1.398257,-6.129945,0.9178995,-0.39441,0,0.04360485,-0.03439637,-0.08004974,-0.9961973,False,-1,-1,0,0,0,-1
2026-06-29 11:28:57.481,27.13394,True,22.19626,1.397123,-6.126613,0.9985418,-0.05087663,0,0.018053,-0.001836951,-0.03605334,-0.9993482,False,-1,-1,0,0,0,-1
2026-06-29 11:28:57.525,27.17962,True,22.19725,1.396645,-6.125001,0.582284,0.8120062,0,0.03989188,0.06478491,-0.04645681,-0.9968173,False,-1,-1,0,0,0,-1
2026-06-29 11:28:57.572,27.22354,True,22.19771,1.395871,-6.122806,0.9815643,0.156227,0,0.1101125,0.03440507,-0.2161649,-0.9757505,False,-1,-1,0,0,0,-1
2026-06-29 11:28:57.621,27.27499,True,22.19848,1.398482,-6.121352,0.9691675,0.2404308,0,0.05392088,0.02592848,-0.1045167,-0.9941851,False,-1,-1,0,0,0,-1
2026-06-29 11:28:57.686,27.33928,True,22.19862,1.399512,-6.119455,0.986181,0.02314669,0,0.1640463,0.00759426,-0.3235588,-0.9461776,False,-1,-1,0,0,0,-1
2026-06-29 11:28:57.721,27.37385,True,22.19845,1.399098,-6.117807,0.8469688,0.5313638,0,0.01721481,0.01829466,-0.02916082,-0.9994073,False,-1,-1,0,0,0,-1
2026-06-29 11:28:57.787,27.441,True,22.20098,1.394714,-6.115333,-0.341965,0.9395261,0,0.01872498,0.03518523,0.01280658,-0.9992988,False,-1,-1,0,0,0,-1
2026-06-29 11:28:57.857,27.50777,True,22.20156,1.390256,-6.115623,0.7987133,-0.5756036,0,0.1753214,-0.2018312,-0.280063,-0.9385248,False,-1,-1,0,0,0,-1
2026-06-29 11:28:57.919,27.57353,False,22.19958,1.388343,-6.119097,0,0,0,1,0,0,1,False,-1,-1,0,0,0,-1
2026-06-29 11:28:57.953,27.60717,True,22.19841,1.38673,-6.119933,-0.3599841,-0.9137395,0,0.1883924,-0.344283,0.1356365,-0.9290166,False,-1,-1,0,0,0,-1
2026-06-29 11:28:58.019,27.67233,True,22.1949,1.384778,-6.122828,-0.9875109,0.04626223,0,0.1506059,0.01393472,0.2974498,-0.9546358,False,-1,-1,0,0,0,-1
2026-06-29 11:28:58.051,27.70679,True,22.19276,1.384595,-6.123544,-0.9070574,0.3891252,0,0.1607124,0.1250745,0.2915508,-0.948343,False,-1,-1,0,0,0,-1
2026-06-29 11:28:58.094,27.74088,True,22.19041,1.383979,-6.124954,-0.4477814,0.8380969,0,0.3115855,0.5222776,0.2790443,-0.805829,False,-1,-1,0,0,0,-1
2026-06-29 11:28:58.156,27.80763,True,22.18534,1.381704,-6.128447,0.9654013,0.1695137,0,0.198155,0.06717999,-0.3825982,-0.9214692,False,-1,-1,0,0,0,-1
2026-06-29 11:28:58.222,27.87298,True,22.17939,1.377776,-6.131504,0.8404783,0.505233,0,0.1957956,0.1978448,-0.3291239,-0.9233282,False,-1,-1,0,0,0,-1
2026-06-29 11:28:58.255,27.90816,True,22.17676,1.376016,-6.131837,0.4266654,0.8735291,0,0.234315,0.409362,-0.1999482,-0.890193,False,-1,-1,0,0,0,-1
2026-06-29 11:28:58.298,27.95183,True,22.17225,1.373435,-6.133243,0.6920455,0.7027985,0,0.1647646,0.2315926,-0.2280491,-0.9457053,False,-1,-1,0,0,0,-1
2026-06-29 11:28:58.341,27.99518,True,22.16723,1.371478,-6.134248,0.6300815,0.7600092,0,0.1593212,0.2421711,-0.2007707,-0.9492335,False,-1,-1,0,0,0,-1
2026-06-29 11:28:58.388,28.04087,True,22.16304,1.370498,-6.135135,0.5722933,0.8066305,0,0.1477418,0.2383461,-0.1691033,-0.9563447,False,-1,-1,0,0,0,-1
2026-06-29 11:28:58.434,28.08687,True,22.15867,1.36976,-6.135587,0.4760472,0.8602183,0,0.1827665,0.314438,-0.1740109,-0.9331928,False,-1,-1,0,0,0,-1
2026-06-29 11:28:58.486,28.13934,True,22.15327,1.369583,-6.135759,0.4817657,0.8630931,0,0.1515654,0.26163,-0.146038,-0.9540559,False,-1,-1,0,0,0,-1
2026-06-29 11:28:58.533,28.1856,False,22.14567,1.370632,-6.134139,0,0,0,1,0,0,1,False,-1,-1,0,0,0,-1
2026-06-29 11:28:58.576,28.23116,False,22.13671,1.37336,-6.130953,0,0,0,1,0,0,1,False,-1,-1,0,0,0,-1
2026-06-29 11:28:58.623,28.27508,False,22.1273,1.378479,-6.125772,0,0,0,1,0,0,1,False,-1,-1,0,0,0,-1
2026-06-29 11:28:58.669,28.32228,False,22.11718,1.38373,-6.11939,0,0,0,1,0,0,1,False,-1,-1,0,0,0,-1
2026-06-29 11:28:58.715,28.36699,False,22.10847,1.38839,-6.113065,0,0,0,1,0,0,1,False,-1,-1,0,0,0,-1
2026-06-29 11:28:58.757,28.41104,True,22.10112,1.391788,-6.107239,-0.09743509,-0.9836354,0,0.1515515,-0.2981428,0.02953286,-0.9540643,False,-1,-1,0,0,0,-1
2026-06-29 11:28:58.795,28.44942,True,22.09452,1.395043,-6.100166,0.570742,-0.7990083,0,0.1893126,-0.3025247,-0.2160973,-0.9283215,False,-1,-1,0,0,0,-1
2026-06-29 11:28:58.841,28.49535,True,22.08805,1.397002,-6.09344,0.6483299,-0.7405113,0,0.1769502,-0.2620672,-0.2294441,-0.9373773,False,-1,-1,0,0,0,-1
2026-06-29 11:28:58.886,28.53946,True,22.08466,1.397983,-6.087374,0.5606472,-0.8060632,0,0.1895702,-0.3056111,-0.212564,-0.9281263,False,-1,-1,0,0,0,-1
2026-06-29 11:28:58.930,28.5837,True,22.08034,1.398954,-6.082316,-0.1851626,-0.9522259,0,0.2428592,-0.4625136,0.08993689,-0.8820388,False,-1,-1,0,0,0,-1
2026-06-29 11:28:58.980,28.63073,True,22.07778,1.399607,-6.077895,0.4702157,-0.8535916,0,0.2242288,-0.3827997,-0.2108719,-0.8994429,False,-1,-1,0,0,0,-1
2026-06-29 11:28:59.025,28.6772,True,22.07553,1.40023,-6.075199,0.5589753,-0.8064461,0,0.1928506,-0.3110473,-0.2155975,-0.9256173,False,-1,-1,0,0,0,-1
2026-06-29 11:28:59.076,28.72824,True,22.07404,1.400402,-6.072238,0.03869278,-0.9939511,0,0.1027812,-0.204319,-0.007953781,-0.9788721,False,-1,-1,0,0,0,-1
2026-06-29 11:28:59.118,28.77333,True,22.07305,1.400353,-6.070486,0.6701353,-0.7188745,0,0.1847656,-0.2656465,-0.2476358,-0.9317233,False,-1,-1,0,0,0,-1
2026-06-29 11:28:59.162,28.81585,True,22.07117,1.399689,-6.070761,-0.2236173,-0.9731285,0,0.05492108,-0.1068905,0.0245626,-0.9939674,False,-1,-1,0,0,0,-1
2026-06-29 11:28:59.211,28.86246,True,22.06901,1.399228,-6.073236,-0.06733379,-0.9897062,0,0.1262852,-0.2499703,0.01700651,-0.9681041,False,-1,-1,0,0,0,-1
2026-06-29 11:28:59.255,28.90687,True,22.06534,1.398676,-6.077076,0.01427349,-0.9946098,0,0.1027023,-0.2042973,-0.00293184,-0.9789045,False,-1,-1,0,0,0,-1
2026-06-29 11:28:59.296,28.94941,True,22.0612,1.398232,-6.081914,-0.04925825,-0.9946117,0,0.09122054,-0.181458,0.008986726,-0.9833577,False,-1,-1,0,0,0,-1
2026-06-29 11:28:59.342,28.9966,True,22.05655,1.397808,-6.087984,0.03098183,-0.9957253,0,0.08701281,-0.1732817,-0.005391632,-0.9848576,False,-1,-1,0,0,0,-1
2026-06-29 11:28:59.387,29.04095,True,22.052,1.398045,-6.093692,0.04054816,-0.9954352,0,0.08639878,-0.1720087,-0.007006622,-0.9850705,False,-1,-1,0,0,0,-1
2026-06-29 11:28:59.431,29.08479,True,22.04803,1.398626,-6.099242,-0.003601613,-0.9960656,0,0.08854697,-0.1763971,0.0006378236,-0.9843189,False,-1,-1,0,0,0,-1
2026-06-29 11:28:59.488,29.1389,True,22.04519,1.399321,-6.106904,0.2455921,-0.9662607,0,0.07761899,-0.1500004,-0.03812522,-0.9879506,False,-1,-1,0,0,0,-1
2026-06-29 11:28:59.532,29.1862,True,22.04226,1.39925,-6.11228,0.2251732,-0.970557,0,0.08553438,-0.166032,-0.03852009,-0.9853677,False,-1,-1,0,0,0,-1
2026-06-29 11:28:59.579,29.23181,True,22.03946,1.399848,-6.114715,0.3335714,-0.942551,0,0.01810376,-0.03412743,-0.01207779,-0.9993445,False,-1,-1,0,0,0,-1
2026-06-29 11:28:59.626,29.27929,True,22.03682,1.399368,-6.11878,0.1815917,-0.9831826,0,0.01940492,-0.03815715,-0.007047544,-0.999247,False,-1,-1,0,0,0,-1
2026-06-29 11:28:59.673,29.3238,True,22.03484,1.399317,-6.122168,0.164536,-0.9861107,0,0.02266286,-0.04469617,-0.007457713,-0.9989728,False,-1,-1,0,0,0,-1
2026-06-29 11:28:59.723,29.37569,True,22.03316,1.399723,-6.126081,0.4539417,-0.8907175,0,0.02365074,-0.04213225,-0.02147211,-0.9988813,False,-1,-1,0,0,0,-1
2026-06-29 11:28:59.767,29.41886,True,22.0332,1.399812,-6.128716,0.5908713,-0.8061463,0,0.0316104,-0.05096521,-0.03735536,-0.9980015,False,-1,-1,0,0,0,-1
2026-06-29 11:28:59.812,29.46415,True,22.03424,1.39961,-6.130897,0.9621972,-0.2600472,0,0.08094522,-0.04209914,-0.1557705,-0.9868957,False,-1,-1,0,0,0,-1
2026-06-29 11:28:59.854,29.50722,False,22.03798,1.398928,-6.132583,0,0,0,1,0,0,1,False,-1,-1,0,0,0,-1
2026-06-29 11:28:59.896,29.54786,False,22.04226,1.398467,-6.133687,0,0,0,1,0,0,1,False,-1,-1,0,0,0,-1
2026-06-29 11:28:59.940,29.59334,True,22.04789,1.397835,-6.134573,-0.1830379,-0.9827377,0,0.02690472,-0.05288056,0.009849166,-0.9985523,False,-1,-1,0,0,0,-1
2026-06-29 11:28:59.985,29.63803,True,22.05359,1.397217,-6.13534,-0.4230117,-0.905737,0,0.02648721,-0.04798089,0.02240879,-0.9985969,False,-1,-1,0,0,0,-1
2026-06-29 11:29:00.033,29.6834,True,22.05885,1.396903,-6.136414,0.300094,-0.9537401,0,0.01798134,-0.03429906,-0.01079219,-0.9993533,False,-1,-1,0,0,0,-1
2026-06-29 11:29:00.076,29.7305,True,22.06548,1.396938,-6.138066,0.2186029,-0.9756762,0,0.01639522,-0.03199285,-0.007168084,-0.9994624,False,-1,-1,0,0,0,-1
2026-06-29 11:29:00.126,29.77925,True,22.07089,1.397107,-6.139849,0.5839694,-0.8115457,0,0.01932252,-0.03136221,-0.02256751,-0.9992533,False,-1,-1,0,0,0,-1
2026-06-29 11:29:00.168,29.82027,True,22.075,1.397598,-6.140894,0.01735111,-0.9997395,0,0.01482731,-0.02964691,-0.0005145408,-0.9995604,False,-1,-1,0,0,0,-1
2026-06-29 11:29:00.216,29.86707,True,22.07822,1.397752,-6.142039,0.3738194,-0.9272878,0,0.0199149,-0.03693369,-0.01488915,-0.9992068,False,-1,-1,0,0,0,-1
2026-06-29 11:29:00.255,29.90797,True,22.08078,1.398005,-6.143008,0.4854558,-0.8739596,0,0.02296232,-0.04013627,-0.02229438,-0.9989455,False,-1,-1,0,0,0,-1
2026-06-29 11:29:00.300,29.95028,True,22.08254,1.39831,-6.143806,0.5858245,-0.8101038,0,0.02326873,-0.03770018,-0.02726279,-0.9989172,False,-1,-1,0,0,0,-1
2026-06-29 11:29:00.341,29.99288,True,22.08352,1.398606,-6.144689,0.5892195,-0.8076808,0,0.02172869,-0.03509969,-0.02560593,-0.9990557,False,-1,-1,0,0,0,-1
2026-06-29 11:29:00.383,30.03683,True,22.08375,1.398721,-6.145543,0.6082515,-0.7934588,0,0.02129282,-0.03378995,-0.02590278,-0.9990932,False,-1,-1,0,0,0,-1
2026-06-29 11:29:00.431,30.08256,True,22.08313,1.398667,-6.146159,0.562717,-0.8262925,0,0.02429754,-0.04015375,-0.02734528,-0.9988192,False,-1,-1,0,0,0,-1
2026-06-29 11:29:00.475,30.12893,True,22.08226,1.398653,-6.146983,0.5975812,-0.8013722,0,0.02644739,-0.04238839,-0.03160892,-0.9986011,False,-1,-1,0,0,0,-1
2026-06-29 11:29:00.521,30.17288,True,22.08134,1.398774,-6.147851,0.627885,-0.7777868,0,0.02842966,-0.04422442,-0.03570111,-0.9983835,False,-1,-1,0,0,0,-1
2026-06-29 11:29:00.564,30.21707,True,22.08047,1.398925,-6.148574,0.692397,-0.7210611,0,0.02563844,-0.03697375,-0.03550395,-0.9986853,False,-1,-1,0,0,0,-1
2026-06-29 11:29:00.611,30.26186,True,22.0797,1.399026,-6.149287,0.5315837,-0.8466462,0,0.02467765,-0.04178648,-0.02623647,-0.998782,False,-1,-1,0,0,0,-1
2026-06-29 11:29:00.654,30.3069,True,22.07889,1.399249,-6.150093,0.7053556,-0.7082709,0,0.0287362,-0.04070603,-0.04053848,-0.9983485,False,-1,-1,0,0,0,-1
2026-06-29 11:29:00.696,30.34957,True,22.07925,1.39904,-6.151094,0.7907199,-0.6116057,0,0.02647007,-0.03237849,-0.04186082,-0.9985987,False,-1,-1,0,0,0,-1
2026-06-29 11:29:00.750,30.40198,True,22.07885,1.399077,-6.151648,0.7869636,-0.6162316,0,0.03077295,-0.03792653,-0.04843438,-0.9981061,False,-1,-1,0,0,0,-1
2026-06-29 11:29:00.792,30.44635,True,22.07845,1.399108,-6.151984,0.7663803,-0.6416861,0,0.03000161,-0.03850323,-0.04598528,-0.9981998,False,-1,-1,0,0,0,-1
2026-06-29 11:29:00.838,30.49072,True,22.07809,1.399208,-6.151967,0.7699949,-0.6373188,0,0.03053655,-0.03892304,-0.04702598,-0.998135,False,-1,-1,0,0,0,-1
2026-06-29 11:29:00.883,30.536,True,22.07794,1.398965,-6.151715,0.7060404,-0.7074682,0,0.03155408,-0.04464702,-0.04455691,-0.9980087,False,-1,-1,0,0,0,-1
2026-06-29 11:29:00.933,30.58586,True,22.07784,1.398806,-6.151464,0.7358261,-0.6764799,0,0.03057722,-0.04136975,-0.04499903,-0.9981301,False,-1,-1,0,0,0,-1
2026-06-29 11:29:00.975,30.62893,True,22.07778,1.398627,-6.151183,0.5936554,-0.8041883,0,0.02923247,-0.04701682,-0.03470803,-0.998291,False,-1,-1,0,0,0,-1
2026-06-29 11:29:01.016,30.66862,True,22.07774,1.398541,-6.150742,0.6008729,-0.7987707,0,0.03028514,-0.04838176,-0.03639504,-0.9981656,False,-1,-1,0,0,0,-1
2026-06-29 11:29:01.060,30.71224,True,22.07765,1.398445,-6.150444,0.647553,-0.7614717,0,0.02891119,-0.0440301,-0.03744305,-0.9983283,False,-1,-1,0,0,0,-1
2026-06-29 11:29:01.101,30.75355,True,22.07738,1.398503,-6.150126,0.7174586,-0.6958568,0,0.03219365,-0.04480435,-0.04619523,-0.9979271,False,-1,-1,0,0,0,-1
2026-06-29 11:29:01.145,30.79843,True,22.07693,1.398368,-6.149681,0.6725828,-0.7393681,0,0.03109961,-0.04598812,-0.04183412,-0.9980657,False,-1,-1,0,0,0,-1
2026-06-29 11:29:01.187,30.84165,True,22.07624,1.398336,-6.149115,0.6406236,-0.7673112,0,0.02889914,-0.04434925,-0.03702693,-0.9983297,False,-1,-1,0,0,0,-1
2026-06-29 11:29:01.231,30.88235,True,22.07536,1.39842,-6.148526,0.6033881,-0.7970594,0,0.02488014,-0.0396619,-0.03002476,-0.998762,False,-1,-1,0,0,0,-1
2026-06-29 11:29:01.278,30.92967,True,22.07416,1.398603,-6.147964,0.7770565,-0.6287861,0,0.02848208,-0.03581827,-0.04426436,-0.9983775,False,-1,-1,0,0,0,-1
2026-06-29 11:29:01.322,30.97448,True,22.0733,1.398556,-6.147514,0.7457214,-0.6656109,0,0.02935456,-0.03907742,-0.04378064,-0.9982767,False,-1,-1,0,0,0,-1
2026-06-29 11:29:01.368,31.02027,True,22.07224,1.398467,-6.146987,0.7457259,-0.6655465,0,0.03067363,-0.04082944,-0.04574823,-0.9981182,False,-1,-1,0,0,0,-1
2026-06-29 11:29:01.411,31.06424,True,22.07172,1.398262,-6.146637,0.514855,-0.8567683,0,0.02953826,-0.05061487,-0.03041583,-0.998255,False,-1,-1,0,0,0,-1
2026-06-29 11:29:01.453,31.10741,True,22.07132,1.398075,-6.146157,0.6235654,-0.7809942,0,0.03484751,-0.05443139,-0.04345939,-0.9975713,False,-1,-1,0,0,0,-1
2026-06-29 11:29:01.497,31.15092,True,22.07127,1.398017,-6.146008,0.5095267,-0.859753,0,0.03474933,-0.05975166,-0.03541141,-0.997585,False,-1,-1,0,0,0,-1
2026-06-29 11:29:01.539,31.19328,True,22.07097,1.397936,-6.145639,0.6702616,-0.7414524,0,0.03158795,-0.04684192,-0.04234437,-0.9980044,False,-1,-1,0,0,0,-1
2026-06-29 11:29:01.584,31.23878,True,22.07061,1.397948,-6.145569,0.5888007,-0.8076116,0,0.03282166,-0.0530143,-0.03865083,-0.9978455,False,-1,-1,0,0,0,-1
2026-06-29 11:29:01.634,31.28647,True,22.07001,1.398033,-6.145535,0.5076384,-0.8609578,0,0.03247783,-0.0559241,-0.032974,-0.9978904,False,-1,-1,0,0,0,-1
2026-06-29 11:29:01.676,31.33003,True,22.06996,1.398088,-6.145742,0.596136,-0.8021501,0,0.03430883,-0.05504165,-0.04090545,-0.9976458,False,-1,-1,0,0,0,-1
2026-06-29 11:29:01.728,31.37929,True,22.07035,1.398093,-6.145879,0.5210165,-0.8530387,0,0.02944133,-0.05022918,-0.03067883,-0.9982664,False,-1,-1,0,0,0,-1
2026-06-29 11:29:01.773,31.42409,True,22.0714,1.397958,-6.145991,0.5150505,-0.8565051,0,0.03349771,-0.05738192,-0.03450602,-0.9977558,False,-1,-1,0,0,0,-1
2026-06-29 11:29:01.827,31.47635,True,22.07288,1.397669,-6.146051,0.9435963,-0.3266827,0,0.05389342,-0.0352121,-0.1017072,-0.9941911,False,-1,-1,0,0,0,-1
2026-06-29 11:29:01.873,31.52372,True,22.07393,1.397465,-6.146043,0.8656293,-0.4984144,0,0.04763425,-0.04748319,-0.0824672,-0.9954619,False,-1,-1,0,0,0,-1
2026-06-29 11:29:01.917,31.56766,True,22.07433,1.397429,-6.145924,0.873684,-0.4842437,0,0.04673693,-0.04526412,-0.08166661,-0.9956313,False,-1,-1,0,0,0,-1
2026-06-29 11:29:01.962,31.61369,True,22.07541,1.397357,-6.146146,0.9159011,-0.3986667,0,0.04679787,-0.0373135,-0.08572444,-0.9956199,False,-1,-1,0,0,0,-1
2026-06-29 11:29:02.003,31.65787,True,22.0764,1.39722,-6.146253,0.9342324,-0.3533397,0,0.04859108,-0.03433831,-0.0907907,-0.9952778,False,-1,-1,0,0,0,-1
2026-06-29 11:29:02.053,31.70662,True,22.07737,1.397018,-6.146286,0.9254808,-0.3759827,0,0.04606863,-0.03464202,-0.08527128,-0.9957554,False,-1,-1,0,0,0,-1
2026-06-29 11:29:02.119,31.77228,True,22.07899,1.396787,-6.146242,0.9058063,-0.421472,0,0.04331605,-0.036513,-0.0784719,-0.9962474,False,-1,-1,0,0,0,-1
2026-06-29 11:29:02.185,31.83943,True,22.08073,1.396612,-6.146038,0.8783782,-0.4761592,0,0.04152261,-0.03954275,-0.07294511,-0.9965518,False,-1,-1,0,0,0,-1
2026-06-29 11:29:02.251,31.90439,True,22.08115,1.396611,-6.146078,0.8837098,-0.4661735,0,0.04170339,-0.03888204,-0.0737074,-0.9965217,False,-1,-1,0,0,0,-1
2026-06-29 11:29:02.287,31.93969,True,22.0814,1.396554,-6.146076,0.8966432,-0.4406158,0,0.04345853,-0.03829702,-0.07793358,-0.9962227,False,-1,-1,0,0,0,-1
2026-06-29 11:29:02.352,32.00419,True,22.08091,1.396346,-6.145865,0.8806601,-0.4719643,0,0.04107948,-0.03877609,-0.07235412,-0.996625,False,-1,-1,0,0,0,-1
2026-06-29 11:29:02.385,32.03828,True,22.07977,1.396404,-6.145554,0.8843436,-0.4649225,0,0.0422307,-0.03926801,-0.0746929,-0.9964331,False,-1,-1,0,0,0,-1
2026-06-29 11:29:02.454,32.10698,True,22.07462,1.396714,-6.144305,0.8800719,-0.4730287,0,0.0414397,-0.03920434,-0.07293983,-0.9965655,False,-1,-1,0,0,0,-1
2026-06-29 11:29:02.519,32.17197,True,22.07732,1.396926,-6.144818,0.8692941,-0.4924998,0,0.04209234,-0.04146094,-0.07318124,-0.9964565,False,-1,-1,0,0,0,-1
2026-06-29 11:29:02.553,32.20572,True,22.07721,1.396988,-6.144858,0.855293,-0.5164879,0,0.04140086,-0.04276609,-0.07081974,-0.996572,False,-1,-1,0,0,0,-1
2026-06-29 11:29:02.586,32.23981,True,22.07696,1.397053,-6.144858,0.8390955,-0.5420441,0,0.04590218,-0.049762,-0.07703262,-0.995786,False,-1,-1,0,0,0,-1
2026-06-29 11:29:02.653,32.30644,True,22.07713,1.397154,-6.144733,0.8636812,-0.5022868,0,0.04198652,-0.04217854,-0.07252593,-0.9964742,False,-1,-1,0,0,0,-1
2026-06-29 11:29:02.687,32.3399,True,22.07677,1.397273,-6.144611,0.8398036,-0.5413387,0,0.04101681,-0.04440796,-0.06889212,-0.9966353,False,-1,-1,0,0,0,-1
2026-06-29 11:29:02.733,32.38383,True,22.07675,1.397316,-6.14488,0.8311633,-0.5544915,0,0.041313,-0.04581541,-0.0686757,-0.9965864,False,-1,-1,0,0,0,-1
2026-06-29 11:29:02.774,32.42609,True,22.07639,1.397199,-6.144991,0.8284473,-0.5585123,0,0.04170254,-0.04658275,-0.06909671,-0.9965218,False,-1,-1,0,0,0,-1
2026-06-29 11:29:02.818,32.47023,True,22.07638,1.397178,-6.145148,0.8048074,-0.5921226,0,0.04093933,-0.04848219,-0.06589655,-0.996648,False,-1,-1,0,0,0,-1
2026-06-29 11:29:02.876,32.52625,True,22.07642,1.397133,-6.145148,0.7842624,-0.6190043,0,0.04202777,-0.05203073,-0.06592158,-0.9964673,False,-1,-1,0,0,0,-1
2026-06-29 11:29:02.922,32.57326,True,22.07647,1.397124,-6.145269,0.8292022,-0.5572147,0,0.04399338,-0.04902752,-0.07295883,-0.9961292,False,-1,-1,0,0,0,-1
2026-06-29 11:29:02.962,32.615,True,22.07654,1.397015,-6.145308,0.8608417,-0.5069783,0,0.04387002,-0.0444823,-0.07553029,-0.9961509,False,-1,-1,0,0,0,-1
2026-06-29 11:29:03.006,32.65722,True,22.07642,1.396889,-6.145319,0.8463835,-0.5308084,0,0.04332691,-0.04599659,-0.07334238,-0.9962456,False,-1,-1,0,0,0,-1
2026-06-29 11:29:03.047,32.69886,True,22.07635,1.39692,-6.145417,0.7818709,-0.6221303,0,0.04039666,-0.05026396,-0.06316993,-0.9967362,False,-1,-1,0,0,0,-1
2026-06-29 11:29:03.089,32.74064,True,22.07614,1.396836,-6.145626,0.8523591,-0.5210153,0,0.04502257,-0.04691489,-0.07675079,-0.995946,False,-1,-1,0,0,0,-1
2026-06-29 11:29:03.134,32.78696,True,22.07623,1.396802,-6.145894,0.8739324,-0.4836513,0,0.04820473,-0.04662856,-0.08425535,-0.9953526,False,-1,-1,0,0,0,-1
2026-06-29 11:29:03.176,32.82773,True,22.07636,1.396806,-6.145823,0.893588,-0.4462387,0,0.04869922,-0.04346295,-0.08703408,-0.9952568,False,-1,-1,0,0,0,-1
2026-06-29 11:29:03.219,32.87041,True,22.07634,1.396758,-6.145811,0.8747113,-0.4821224,0,0.04937751,-0.047612,-0.08638213,-0.9951237,False,-1,-1,0,0,0,-1
2026-06-29 11:29:03.267,32.91418,True,22.07635,1.396735,-6.14583,0.7641592,-0.6432458,0,0.0479124,-0.0616389,-0.0732254,-0.9954088,False,-1,-1,0,0,0,-1
2026-06-29 11:29:03.312,32.96524,True,22.07642,1.3966,-6.145705,0.6044005,-0.7524776,0,0.2616817,-0.3938193,-0.3163212,-0.8630453,False,-1,-1,0,0,0,-1
2026-06-29 11:29:03.355,33.00621,True,22.07661,1.396332,-6.145514,0.6533101,-0.7151465,0,0.2484987,-0.3554258,-0.3246933,-0.8764969,False,-1,-1,0,0,0,-1
2026-06-29 11:29:03.408,33.05939,True,22.07669,1.396014,-6.145215,0.626028,-0.7395937,0,0.2471642,-0.3656022,-0.3094634,-0.8778197,False,-1,-1,0,0,0,-1
2026-06-29 11:29:03.454,33.107,True,22.07705,1.395792,-6.144763,0.669115,-0.6992692,0,0.2516101,-0.3518865,-0.3367122,-0.8733847,False,-1,-1,0,0,0,-1
2026-06-29 11:29:03.496,33.1491,True,22.07745,1.39558,-6.144277,0.703756,-0.6690133,0,0.2390579,-0.3198658,-0.3364769,-0.8857026,False,-1,-1,0,0,0,-1
2026-06-29 11:29:03.541,33.19352,True,22.07786,1.395403,-6.143847,0.6718493,-0.7018948,0,0.2365635,-0.3320853,-0.3178699,-0.8880755,False,-1,-1,0,0,0,-1
2026-06-29 11:29:03.585,33.23579,True,22.07812,1.3952,-6.143588,0.5919209,-0.7632493,0,0.2589986,-0.3953609,-0.3066133,-0.8658395,False,-1,-1,0,0,0,-1
2026-06-29 11:29:03.629,33.28147,True,22.0793,1.394597,-6.142766,0.583055,-0.7674673,0,0.2665349,-0.4091136,-0.310809,-0.8579183,False,-1,-1,0,0,0,-1
2026-06-29 11:29:03.675,33.32764,True,22.08204,1.393247,-6.139989,0.5893885,-0.7700175,0,0.2443242,-0.3762677,-0.2880037,-0.8806114,False,-1,-1,0,0,0,-1
2026-06-29 11:29:03.732,33.38317,True,22.08729,1.389697,-6.135803,0.6485127,-0.7296826,0,0.2167825,-0.3163648,-0.2811723,-0.9060107,False,-1,-1,0,0,0,-1
2026-06-29 11:29:03.773,33.42546,True,22.09145,1.386827,-6.131883,0.6528183,-0.7303723,0,0.2009593,-0.2935502,-0.2623799,-0.9192306,False,-1,-1,0,0,0,-1
2026-06-29 11:29:03.816,33.47028,True,22.09391,1.384243,-6.128591,0.6949047,-0.6973848,0,0.1753905,-0.2446292,-0.2437593,-0.9384763,False,-1,-1,0,0,0,-1
2026-06-29 11:29:03.866,33.51599,True,22.09608,1.382084,-6.125146,0.8249277,-0.5448549,0,0.1504243,-0.1639189,-0.2481784,-0.9547451,False,-1,-1,0,0,0,-1
2026-06-29 11:29:03.922,33.57347,True,22.09861,1.379924,-6.121959,0.8323776,-0.5403907,0,0.1229861,-0.1329211,-0.2047417,-0.9697488,False,-1,-1,0,0,0,-1
2026-06-29 11:29:03.972,33.62328,True,22.10121,1.377706,-6.119882,0.8662031,-0.4868816,0,0.1124209,-0.1094714,-0.1947587,-0.9747231,False,-1,-1,0,0,0,-1
2026-06-29 11:29:04.013,33.66528,True,22.10424,1.375887,-6.117519,0.8831289,-0.4592689,0,0.09568437,-0.0878897,-0.1690032,-0.981689,False,-1,-1,0,0,0,-1
2026-06-29 11:29:04.056,33.70911,True,22.10691,1.374044,-6.115662,0.8688446,-0.4880426,0,0.08320711,-0.08121722,-0.1445881,-0.9861531,False,-1,-1,0,0,0,-1
2026-06-29 11:29:04.107,33.75919,True,22.11012,1.371642,-6.11377,0.8632579,-0.499174,0,0.07490698,-0.07478323,-0.1293281,-0.9887779,False,-1,-1,0,0,0,-1
2026-06-29 11:29:04.173,33.82548,True,22.11338,1.368734,-6.112091,0.8947783,-0.4422647,0,0.06143086,-0.0543374,-0.109934,-0.9924525,False,-1,-1,0,0,0,-1
2026-06-29 11:29:04.242,33.89328,True,22.11347,1.366898,-6.110447,0.8992978,-0.4343807,0,0.05076366,-0.04410151,-0.09130328,-0.9948461,False,-1,-1,0,0,0,-1
2026-06-29 11:29:04.307,33.95916,True,22.1148,1.366561,-6.109133,0.7125084,-0.7009934,0,0.03066361,-0.04298996,-0.04369614,-0.9981195,False,-1,-1,0,0,0,-1
2026-06-29 11:29:04.340,33.99286,True,22.11589,1.366534,-6.108691,0.7845658,-0.6191923,0,0.03251949,-0.04027163,-0.05102735,-0.9978849,False,-1,-1,0,0,0,-1
2026-06-29 11:29:04.406,34.05803,True,22.11654,1.366028,-6.107474,0.8503867,-0.5254446,0,0.02739423,-0.02878829,-0.04659137,-0.9984992,False,-1,-1,0,0,0,-1
2026-06-29 11:29:04.472,34.12375,True,22.11545,1.36556,-6.104887,0.855708,-0.5170367,0,0.02090062,-0.02161278,-0.03576966,-0.9991264,False,-1,-1,0,0,0,-1
2026-06-29 11:29:04.504,34.15739,True,22.11533,1.365432,-6.10396,0.9209167,-0.3889299,0,0.02541522,-0.01976948,-0.04681061,-0.9987081,False,-1,-1,0,0,0,-1
2026-06-29 11:29:04.540,34.19146,True,22.11571,1.364815,-6.103386,0.9937368,-0.1094984,0,0.0223011,-0.004883868,-0.04432284,-0.9990053,False,-1,-1,0,0,0,-1
2026-06-29 11:29:04.605,34.25721,True,22.11635,1.364168,-6.102636,0.9772331,-0.2111598,0,0.02066396,-0.008726797,-0.04038701,-0.999146,False,-1,-1,0,0,0,-1
2026-06-29 11:29:04.639,34.29332,True,22.116,1.364012,-6.102508,0.8527404,-0.5221061,0,0.0154625,-0.01614613,-0.02637099,-0.9995218,False,-1,-1,0,0,0,-1
2026-06-29 11:29:04.708,34.35903,True,22.11511,1.363894,-6.102293,0.8335862,-0.5521513,0,0.01621549,-0.01790681,-0.02703402,-0.9994741,False,-1,-1,0,0,0,-1
2026-06-29 11:29:04.742,34.39276,True,22.11486,1.364004,-6.102126,0.8249052,-0.5650107,0,0.01715304,-0.0193833,-0.02829926,-0.9994115,False,-1,-1,0,0,0,-1
2026-06-29 11:29:04.774,34.42655,True,22.1149,1.364101,-6.10192,0.835597,-0.5490279,0,0.01859944,-0.02042322,-0.03108327,-0.9993081,False,-1,-1,0,0,0,-1
2026-06-29 11:29:04.826,34.47978,True,22.11544,1.36387,-6.101811,0.6171605,-0.7866507,0,0.01713683,-0.02696139,-0.02115234,-0.9994127,False,-1,-1,0,0,0,-1
2026-06-29 11:29:04.874,34.52493,True,22.11577,1.363903,-6.101801,0.6791522,-0.7337966,0,0.01717396,-0.02520438,-0.02332746,-0.9994101,False,-1,-1,0,0,0,-1
2026-06-29 11:29:04.918,34.57014,True,22.11588,1.364002,-6.101738,0.8758148,-0.4823245,0,0.01765296,-0.01702891,-0.03092145,-0.9993768,False,-1,-1,0,0,0,-1
2026-06-29 11:29:04.962,34.61452,True,22.11587,1.364038,-6.101903,0.8981789,-0.4393947,0,0.01438587,-0.01264215,-0.02584218,-0.9995861,False,-1,-1,0,0,0,-1
2026-06-29 11:29:05.016,34.66826,True,22.11526,1.364184,-6.102059,0.8901278,-0.455461,0,0.0150926,-0.01374818,-0.02686868,-0.9995444,False,-1,-1,0,0,0,-1
2026-06-29 11:29:05.066,34.71606,True,22.11479,1.364177,-6.102308,0.937829,-0.3467676,0,0.01513325,-0.01049544,-0.0283848,-0.9995419,False,-1,-1,0,0,0,-1
2026-06-29 11:29:05.107,34.75868,True,22.11521,1.364351,-6.10304,0.8670651,-0.4978497,0,0.01854189,-0.01846215,-0.03215405,-0.9993124,False,-1,-1,0,0,0,-1
2026-06-29 11:29:05.150,34.80468,True,22.11555,1.364461,-6.103695,0.8163776,-0.5771968,0,0.01927284,-0.02224844,-0.03146783,-0.9992571,False,-1,-1,0,0,0,-1
2026-06-29 11:29:05.199,34.85059,True,22.11545,1.364819,-6.104178,0.9631748,-0.268472,0,0.01474087,-0.00791502,-0.02839606,-0.9995654,False,-1,-1,0,0,0,-1
2026-06-29 11:29:05.243,34.8961,True,22.11545,1.365072,-6.104633,0.9781005,-0.2068209,0,0.02333489,-0.009652286,-0.04564774,-0.998911,False,-1,-1,0,0,0,-1
2026-06-29 11:29:05.286,34.93894,True,22.11535,1.365393,-6.104956,0.9656924,-0.2585683,0,0.02409597,-0.01246091,-0.04653859,-0.9988388,False,-1,-1,0,0,0,-1
2026-06-29 11:29:05.330,34.98135,True,22.11555,1.365424,-6.105387,0.9135858,-0.4059073,0,0.0245005,-0.01988986,-0.04476661,-0.9987994,False,-1,-1,0,0,0,-1
2026-06-29 11:29:05.377,35.02838,True,22.11581,1.365561,-6.105713,0.9548911,-0.2959524,0,0.02439669,-0.01444052,-0.04659236,-0.9988096,False,-1,-1,0,0,0,-1
2026-06-29 11:29:05.422,35.07401,True,22.11578,1.365624,-6.105989,0.9542432,-0.2980359,0,0.02437922,-0.01453177,-0.04652741,-0.9988113,False,-1,-1,0,0,0,-1
2026-06-29 11:29:05.463,35.11402,True,22.11576,1.365711,-6.106154,0.9411033,-0.3372813,0,0.02379075,-0.01604835,-0.04477911,-0.998868,False,-1,-1,0,0,0,-1
2026-06-29 11:29:05.503,35.15629,True,22.11591,1.365869,-6.106513,0.9174412,-0.3971802,0,0.02344398,-0.01862296,-0.04301694,-0.9989008,False,-1,-1,0,0,0,-1
2026-06-29 11:29:05.549,35.20108,True,22.11558,1.365918,-6.106742,0.8897999,-0.455742,0,0.02356961,-0.02148332,-0.04194446,-0.998889,False,-1,-1,0,0,0,-1
2026-06-29 11:29:05.592,35.24574,True,22.11541,1.366008,-6.106859,0.9375218,-0.3469259,0,0.02637048,-0.0182972,-0.04944579,-0.9986092,False,-1,-1,0,0,0,-1
2026-06-29 11:29:05.635,35.28686,True,22.11538,1.366119,-6.106874,0.9276999,-0.3724064,0,0.02619778,-0.01951244,-0.04860735,-0.9986273,False,-1,-1,0,0,0,-1
2026-06-29 11:29:05.676,35.32922,True,22.1154,1.365998,-6.106933,0.9223719,-0.3853562,0,0.02703151,-0.02083353,-0.04986622,-0.9985386,False,-1,-1,0,0,0,-1
2026-06-29 11:29:05.722,35.37362,True,22.11525,1.365877,-6.106885,0.8927985,-0.4496009,0,0.02774749,-0.02495059,-0.04954584,-0.9984602,False,-1,-1,0,0,0,-1
2026-06-29 11:29:05.762,35.41409,True,22.11526,1.365835,-6.106877,0.09241408,0.9946674,0,0.04578774,0.09108714,-0.008462864,-0.995807,False,-1,-1,0,0,0,-1
2026-06-29 11:29:05.804,35.45745,True,22.11528,1.365748,-6.106962,-0.08549114,0.9943382,0,0.06311093,0.1255072,0.01079085,-0.9920341,False,-1,-1,0,0,0,-1
2026-06-29 11:29:05.851,35.50283,True,22.1153,1.365645,-6.106879,-0.100209,0.993129,0,0.06043939,0.1200482,0.01211314,-0.9926942,False,-1,-1,0,0,0,-1
2026-06-29 11:29:05.899,35.55205,True,22.1152,1.365667,-6.106886,-0.07890097,0.9951943,0,0.05799153,0.1154257,0.009151175,-0.9932739,False,-1,-1,0,0,0,-1
2026-06-29 11:29:05.952,35.60449,True,22.11486,1.365785,-6.1068,-0.03135255,0.9979288,0,0.05617043,0.1121082,0.003522173,-0.9936898,False,-1,-1,0,0,0,-1
2026-06-29 11:29:05.998,35.65013,True,22.11484,1.365698,-6.10673,-0.01624868,0.9982611,0,0.05666383,0.1131306,0.001841425,-0.9935784,False,-1,-1,0,0,0,-1
2026-06-29 11:29:06.048,35.69823,True,22.11479,1.365773,-6.106797,-0.03398789,0.9977679,0,0.0574815,0.1147064,0.003907349,-0.9933918,False,-1,-1,0,0,0,-1
2026-06-29 11:29:06.093,35.74575,True,22.11471,1.365796,-6.106754,-0.03148087,0.9979022,0,0.05656933,0.1129013,0.003561703,-0.9935998,False,-1,-1,0,0,0,-1
2026-06-29 11:29:06.140,35.79246,True,22.11468,1.365798,-6.106662,-0.4677666,0.8836051,0,0.02089537,0.0369265,0.0195483,-0.9991267,False,-1,-1,0,0,0,-1
2026-06-29 11:29:06.188,35.83914,True,22.1147,1.365599,-6.106618,-0.4046635,0.9139276,0,0.03136725,0.05733478,0.02538636,-0.9980322,False,-1,-1,0,0,0,-1
2026-06-29 11:29:06.233,35.88617,True,22.11503,1.365488,-6.106731,-0.3402419,0.9397622,0,0.03289902,0.06183452,0.02238725,-0.9978353,False,-1,-1,0,0,0,-1
2026-06-29 11:29:06.275,35.9273,True,22.11508,1.365449,-6.106686,-0.3425018,0.9389358,0,0.03304842,0.06206068,0.02263829,-0.9978155,False,-1,-1,0,0,0,-1
2026-06-29 11:29:06.324,35.9739,True,22.11492,1.365375,-6.106678,-0.3288926,0.9437634,0,0.03376865,0.06373923,0.02221252,-0.9977194,False,-1,-1,0,0,0,-1
2026-06-29 11:29:06.368,36.02034,True,22.11448,1.365367,-6.106701,-0.3194997,0.9469867,0,0.03370651,0.06383922,0.02153843,-0.9977277,False,-1,-1,0,0,0,-1
2026-06-29 11:29:06.410,36.06209,True,22.11397,1.365405,-6.106782,-0.3401897,0.9398393,0,0.0311941,0.05863488,0.02122382,-0.9980539,False,-1,-1,0,0,0,-1
2026-06-29 11:29:06.456,36.10714,True,22.11366,1.365411,-6.106916,-0.2833966,0.9585822,0,0.02839913,0.05444581,0.01609643,-0.998387,False,-1,-1,0,0,0,-1
2026-06-29 11:29:06.502,36.15491,True,22.11359,1.36546,-6.107393,-0.3927361,0.9191428,0,0.03057731,0.05620981,0.02401762,-0.99813,False,-1,-1,0,0,0,-1
2026-06-29 11:29:06.547,36.19767,True,22.11335,1.365492,-6.107662,-0.3710022,0.9281554,0,0.0297495,0.05522431,0.02207426,-0.99823,False,-1,-1,0,0,0,-1
2026-06-29 11:29:06.590,36.24197,True,22.1131,1.365618,-6.108152,-0.4460459,0.8944387,0,0.03197567,0.05720055,0.02852523,-0.9979551,False,-1,-1,0,0,0,-1
2026-06-29 11:29:06.633,36.28565,True,22.11275,1.366034,-6.108737,-0.3863273,0.9218881,0,0.02955598,0.0544946,0.02283656,-0.9982529,False,-1,-1,0,0,0,-1
2026-06-29 11:29:06.674,36.32578,True,22.1119,1.36671,-6.109455,-0.2555418,0.9627001,0,0.08892151,0.1712094,0.04544632,-0.9841859,False,-1,-1,0,0,0,-1
2026-06-29 11:29:06.719,36.37112,True,22.11079,1.367613,-6.110461,-0.2473729,0.9626915,0,0.1096901,0.2111955,0.05426871,-0.9759361,False,-1,-1,0,0,0,-1
2026-06-29 11:29:06.776,36.42553,True,22.10838,1.369388,-6.111874,-0.2380282,0.9658964,0,0.1019158,0.1968801,0.04851765,-0.9792264,False,-1,-1,0,0,0,-1
2026-06-29 11:29:06.816,36.46847,True,22.10696,1.370971,-6.113266,-0.2537535,0.963142,0,0.08925568,0.1719318,0.04529788,-0.9840668,False,-1,-1,0,0,0,-1
2026-06-29 11:29:06.862,36.51268,True,22.10556,1.372368,-6.115151,-0.2396902,0.9672278,0,0.08377932,0.1620674,0.04016217,-0.985962,False,-1,-1,0,0,0,-1
2026-06-29 11:29:06.894,36.54607,True,22.10524,1.372925,-6.116224,-0.2313553,0.9699539,0,0.07526077,0.145999,0.03482396,-0.9886717,False,-1,-1,0,0,0,-1
2026-06-29 11:29:06.940,36.59202,True,22.10346,1.373992,-6.118068,-0.1504726,0.986412,0,0.06595007,0.1301079,0.01984736,-0.9913012,False,-1,-1,0,0,0,-1
2026-06-29 11:29:06.986,36.63922,True,22.10228,1.374536,-6.119269,-0.05028053,0.9969527,0,0.059644,0.1189245,0.005997863,-0.9928852,False,-1,-1,0,0,0,-1
2026-06-29 11:29:07.029,36.68135,True,22.10106,1.375277,-6.120661,0.6040401,0.7959487,0,0.04001373,0.06369776,-0.0483398,-0.9967979,False,-1,-1,0,0,0,-1
2026-06-29 11:29:07.074,36.72433,True,22.09923,1.376444,-6.122581,0.7244067,0.6883343,0,0.03782659,0.05207468,-0.05480367,-0.9971383,False,-1,-1,0,0,0,-1
2026-06-29 11:29:07.127,36.77864,True,22.09797,1.377607,-6.124469,0.8451862,0.5330773,0,0.03858656,0.04113922,-0.06522564,-0.9970222,False,-1,-1,0,0,0,-1
2026-06-29 11:29:07.168,36.82061,True,22.09654,1.378373,-6.125753,0.9751515,0.2172335,0,0.04346516,0.01888418,-0.08477022,-0.9962216,False,-1,-1,0,0,0,-1
2026-06-29 11:29:07.211,36.86301,True,22.0959,1.378495,-6.126418,0.9897662,0.1355441,0,0.04461622,0.01209493,-0.08831926,-0.9960188,False,-1,-1,0,0,0,-1
2026-06-29 11:29:07.256,36.90696,True,22.09701,1.378552,-6.126859,0.9937038,0.1022436,0,0.04581546,0.009368671,-0.091054,-0.9958019,False,-1,-1,0,0,0,-1
2026-06-29 11:29:07.299,36.95081,True,22.0983,1.37825,-6.126792,0.995316,0.08420878,0,0.04748741,0.007997712,-0.09452993,-0.9954898,False,-1,-1,0,0,0,-1
2026-06-29 11:29:07.342,36.99438,True,22.09888,1.378434,-6.126577,0.9639827,0.2627451,0,0.04126072,0.02168211,-0.07954923,-0.9965951,False,-1,-1,0,0,0,-1
2026-06-29 11:29:07.386,37.03836,True,22.09909,1.378729,-6.126266,0.9294974,0.366817,0,0.03846958,0.02822259,-0.07151474,-0.9970402,False,-1,-1,0,0,0,-1
2026-06-29 11:29:07.428,37.08075,True,22.09892,1.378851,-6.126056,0.9348346,0.352752,0,0.04062426,0.02866058,-0.07595393,-0.9966993,False,-1,-1,0,0,0,-1
2026-06-29 11:29:07.473,37.12483,True,22.09896,1.378837,-6.125848,0.8781118,0.4768938,0,0.03862724,0.03684217,-0.06783806,-0.9970158,False,-1,-1,0,0,0,-1
2026-06-29 11:29:07.516,37.16999,True,22.09822,1.378744,-6.124761,0.8967896,0.4407949,0,0.03832068,0.03378311,-0.06873115,-0.997063,False,-1,-1,0,0,0,-1
2026-06-29 11:29:07.569,37.22212,True,22.09836,1.378228,-6.123615,0.8815755,0.4701193,0,0.04257378,0.04002951,-0.075064,-0.996375,False,-1,-1,0,0,0,-1
2026-06-29 11:29:07.612,37.26461,True,22.09845,1.378115,-6.123077,0.6488104,0.7602376,0,0.03292168,0.05005661,-0.04271986,-0.9978324,False,-1,-1,0,0,0,-1
2026-06-29 11:29:07.659,37.31051,True,22.09852,1.378186,-6.122239,-0.9913051,-0.1141286,0,0.06548948,-0.01494844,0.1298401,-0.9914223,False,-1,-1,0,0,0,-1
2026-06-29 11:29:07.701,37.35419,True,22.09764,1.378769,-6.122085,-0.9943415,-0.08385092,0,0.06522391,-0.01093817,0.1297096,-0.9914917,False,-1,-1,0,0,0,-1
2026-06-29 11:29:07.743,37.39441,True,22.09594,1.380093,-6.122359,-0.9930946,-0.09693108,0,0.06608657,-0.01281169,0.1312604,-0.9912651,False,-1,-1,0,0,0,-1
2026-06-29 11:29:07.790,37.43927,True,22.09417,1.381983,-6.123067,-0.9795632,-0.1898935,0,0.06630543,-0.02518194,0.1299007,-0.9912071,False,-1,-1,0,0,0,-1
2026-06-29 11:29:07.831,37.48371,True,22.09225,1.383575,-6.123868,-0.9517582,-0.3006151,0,0.06153827,-0.03699866,0.1171391,-0.992426,False,-1,-1,0,0,0,-1
2026-06-29 11:29:07.875,37.52813,True,22.09116,1.384319,-6.124754,-0.8345856,-0.5480406,0,0.05584202,-0.06120739,0.09320989,-0.9937633,False,-1,-1,0,0,0,-1
2026-06-29 11:29:07.915,37.56781,True,22.0898,1.385628,-6.125688,-0.7736523,-0.6309751,0,0.05772911,-0.07285124,0.0893245,-0.9933347,False,-1,-1,0,0,0,-1
2026-06-29 11:29:07.967,37.61759,True,22.08851,1.3864,-6.126902,-0.7031672,-0.7091308,0,0.05186,-0.07355104,0.0729325,-0.9946211,False,-1,-1,0,0,0,-1
2026-06-29 11:29:08.014,37.66308,True,22.08712,1.387044,-6.127721,-0.8105628,-0.5830003,0,0.05566584,-0.06490639,0.09024131,-0.9938027,False,-1,-1,0,0,0,-1
2026-06-29 11:29:08.057,37.7083,True,22.08612,1.387487,-6.128482,-0.6893692,-0.7221792,0,0.05680867,-0.08205208,0.0783243,-0.9935455,False,-1,-1,0,0,0,-1
2026-06-29 11:29:08.095,37.74707,True,22.08541,1.38754,-6.128764,-0.6989396,-0.7129869,0,0.05597507,-0.07981896,0.07824636,-0.9937336,False,-1,-1,0,0,0,-1
2026-06-29 11:29:08.145,37.79391,True,22.08475,1.387421,-6.128665,-0.683286,-0.7282579,0,0.05254299,-0.07652969,0.07180377,-0.9944785,False,-1,-1,0,0,0,-1
2026-06-29 11:29:08.194,37.84607,True,22.08408,1.387334,-6.128304,-0.697378,-0.7139443,0,0.06282906,-0.08971288,0.0876312,-0.9921051,False,-1,-1,0,0,0,-1
2026-06-29 11:29:08.239,37.8913,True,22.08321,1.387311,-6.128372,-0.738672,-0.6706932,0,0.06733751,-0.09032559,0.09948064,-0.9909313,False,-1,-1,0,0,0,-1
2026-06-29 11:29:08.281,37.93284,True,22.0821,1.387548,-6.128583,-0.704394,-0.7065997,0,0.06742296,-0.09528209,0.09498466,-0.9909083,False,-1,-1,0,0,0,-1
2026-06-29 11:29:08.326,37.97799,True,22.08149,1.387892,-6.128432,-0.6465145,-0.7596298,0,0.07057995,-0.1072293,0.09126193,-0.990037,False,-1,-1,0,0,0,-1
2026-06-29 11:29:08.368,38.02122,True,22.08159,1.387779,-6.12828,-0.5978719,-0.7982342,0,0.07328998,-0.1170051,0.08763605,-0.9892572,False,-1,-1,0,0,0,-1
2026-06-29 11:29:08.412,38.06281,True,22.08204,1.38751,-6.127799,-0.5608557,-0.825078,0,0.06846292,-0.1129745,0.07679563,-0.9906256,False,-1,-1,0,0,0,-1
2026-06-29 11:29:08.458,38.11007,True,22.08278,1.387276,-6.127465,-0.5786323,-0.8127792,0,0.06763607,-0.1099464,0.07827284,-0.9908507,False,-1,-1,0,0,0,-1
2026-06-29 11:29:08.499,38.15211,True,22.08327,1.38731,-6.127192,-0.5829798,-0.8098899,0,0.06490823,-0.105137,0.07568036,-0.9915738,False,-1,-1,0,0,0,-1
2026-06-29 11:29:08.542,38.19495,True,22.08312,1.387255,-6.127186,-0.6281249,-0.7757091,0,0.06111107,-0.0948088,0.07677076,-0.9925309,False,-1,-1,0,0,0,-1
2026-06-29 11:29:08.587,38.2371,True,22.08269,1.387192,-6.127652,-0.9231403,0.3804921,0,0.05511603,0.04194243,0.1017597,-0.9939245,False,-1,-1,0,0,0,-1
2026-06-29 11:29:08.630,38.28208,True,22.08147,1.387521,-6.128799,-0.9801285,0.1923561,0,0.04844838,0.01863869,0.09497126,-0.9953055,False,-1,-1,0,0,0,-1
2026-06-29 11:29:08.670,38.32409,True,22.07955,1.388489,-6.130792,-0.9903292,-0.1110069,0,0.08322015,-0.01847602,0.1648307,-0.9861488,False,-1,-1,0,0,0,-1
2026-06-29 11:29:08.723,38.36792,True,22.07607,1.390341,-6.133381,-0.9722969,-0.1846449,0,0.1433353,-0.05293227,0.2787289,-0.95891,False,-1,-1,0,0,0,-1
2026-06-29 11:29:08.766,38.41694,True,22.07377,1.392257,-6.136079,-0.9353104,-0.3233894,0,0.1435751,-0.09286134,0.2685746,-0.9587723,False,-1,-1,0,0,0,-1
2026-06-29 11:29:08.807,38.45899,True,22.07253,1.393813,-6.138909,-0.8718148,-0.4714395,0,0.1329801,-0.1253841,0.231868,-0.9646326,False,-1,-1,0,0,0,-1
2026-06-29 11:29:08.854,38.50532,True,22.07188,1.394934,-6.141368,-0.85573,-0.4998635,0,0.1336517,-0.1336152,0.2287395,-0.9642744,False,-1,-1,0,0,0,-1
2026-06-29 11:29:08.898,38.54917,True,22.07216,1.39572,-6.143327,-0.7958976,-0.5912632,0,0.130211,-0.1539779,0.2072692,-0.9660902,False,-1,-1,0,0,0,-1
2026-06-29 11:29:08.940,38.59062,True,22.07229,1.396159,-6.144845,-0.8266332,-0.5488055,0,0.12446,-0.1366086,0.2057655,-0.9690194,False,-1,-1,0,0,0,-1
2026-06-29 11:29:08.984,38.636,True,22.07204,1.396509,-6.145749,-0.8038179,-0.5829588,0,0.1184736,-0.1381305,0.1904624,-0.9719279,False,-1,-1,0,0,0,-1
2026-06-29 11:29:09.039,38.69068,True,22.07252,1.396617,-6.147306,-0.7878171,-0.6047187,0,0.1168741,-0.141352,0.1841509,-0.9726809,False,-1,-1,0,0,0,-1
2026-06-29 11:29:09.083,38.73613,True,22.07173,1.396778,-6.147942,-0.7858829,-0.6079175,0,0.1132443,-0.1376864,0.1779936,-0.9743515,False,-1,-1,0,0,0,-1
2026-06-29 11:29:09.141,38.792,True,22.07047,1.396774,-6.148151,-0.797761,-0.5926487,0,0.1111084,-0.1316964,0.1772758,-0.9753098,False,-1,-1,0,0,0,-1
2026-06-29 11:29:09.184,38.83412,True,22.07014,1.396786,-6.148331,-0.8225434,-0.5579951,0,0.1098356,-0.1225754,0.1806891,-0.9758723,False,-1,-1,0,0,0,-1
2026-06-29 11:29:09.238,38.88775,True,22.06987,1.396962,-6.148496,-0.8200594,-0.5617718,0,0.1091564,-0.1226419,0.1790294,-0.9761698,False,-1,-1,0,0,0,-1
2026-06-29 11:29:09.279,38.93189,True,22.06895,1.397216,-6.148705,-0.8226836,-0.5584587,0,0.1063748,-0.1188119,0.1750257,-0.9773688,False,-1,-1,0,0,0,-1
2026-06-29 11:29:09.324,38.97693,True,22.06859,1.397542,-6.14923,-0.7817525,-0.6144813,0,0.1061876,-0.1305005,0.1660247,-0.9774485,False,-1,-1,0,0,0,-1
2026-06-29 11:29:09.370,39.02124,True,22.06896,1.397849,-6.149789,-0.7719913,-0.6299562,0,0.08476209,-0.1067928,0.1308712,-0.9856308,False,-1,-1,0,0,0,-1
2026-06-29 11:29:09.414,39.06567,True,22.06982,1.397959,-6.150025,-0.7620726,-0.6410172,0,0.09133599,-0.1170959,0.1392093,-0.9833155,False,-1,-1,0,0,0,-1
2026-06-29 11:29:09.457,39.11025,True,22.07094,1.398044,-6.150237,-0.7860914,-0.6116593,0,0.08906889,-0.1089596,0.1400326,-0.9841335,False,-1,-1,0,0,0,-1
2026-06-29 11:29:09.497,39.14931,True,22.0712,1.398134,-6.150074,-0.7500036,-0.6561753,0,0.0832379,-0.1092373,0.1248574,-0.9861429,False,-1,-1,0,0,0,-1
2026-06-29 11:29:09.540,39.19215,True,22.07149,1.397939,-6.149809,-0.7444754,-0.6628349,0,0.08003874,-0.1061049,0.1191737,-0.9871876,False,-1,-1,0,0,0,-1
2026-06-29 11:29:09.583,39.23502,True,22.07181,1.397579,-6.149711,-0.7412533,-0.6666114,0,0.07856768,-0.1047482,0.1164771,-0.9876543,False,-1,-1,0,0,0,-1
2026-06-29 11:29:09.639,39.29093,True,22.07248,1.397298,-6.149461,-0.756577,-0.647527,0,0.091105,-0.1179859,0.1378559,-0.9833997,False,-1,-1,0,0,0,-1
2026-06-29 11:29:09.684,39.33578,True,22.07372,1.397068,-6.149179,-0.7557114,-0.6480286,0,0.09465401,-0.122677,0.1430622,-0.9820813,False,-1,-1,0,0,0,-1
2026-06-29 11:29:09.728,39.37922,True,22.07533,1.396856,-6.149094,-0.7607272,-0.6422495,0,0.09386111,-0.1205645,0.1428054,-0.9823802,False,-1,-1,0,0,0,-1
2026-06-29 11:29:09.778,39.42993,True,22.07686,1.396541,-6.149126,-0.7665574,-0.6363716,0,0.08614557,-0.1096412,0.132071,-0.9851579,False,-1,-1,0,0,0,-1
2026-06-29 11:29:09.825,39.47547,True,22.07749,1.396272,-6.14884,-0.7474734,-0.6591282,0,0.08266547,-0.1089743,0.1235805,-0.9863328,False,-1,-1,0,0,0,-1
2026-06-29 11:29:09.867,39.51962,True,22.07778,1.39595,-6.148559,-0.7799352,-0.620424,0,0.08231108,-0.1021355,0.1283946,-0.9864498,False,-1,-1,0,0,0,-1
2026-06-29 11:29:09.914,39.56545,True,22.0762,1.395982,-6.148028,-0.7724864,-0.62962,0,0.08272485,-0.1041704,0.1278076,-0.9863132,False,-1,-1,0,0,0,-1
2026-06-29 11:29:09.957,39.60717,True,22.07491,1.396083,-6.147626,-0.8002384,-0.5936871,0,0.08458228,-0.1004308,0.135372,-0.9856917,False,-1,-1,0,0,0,-1
2026-06-29 11:29:10.002,39.65182,True,22.07396,1.396182,-6.147224,-0.7623327,-0.6415334,0,0.08534529,-0.1095037,0.130123,-0.9854324,False,-1,-1,0,0,0,-1
2026-06-29 11:29:10.044,39.69667,True,22.07013,1.396524,-6.146365,-0.7744595,-0.6266809,0,0.08650804,-0.1084258,0.1339939,-0.9850327,False,-1,-1,0,0,0,-1
2026-06-29 11:29:10.097,39.74005,True,22.06639,1.396724,-6.145397,-0.8237305,-0.5603579,0,0.08641236,-0.09684368,0.142361,-0.9850658,False,-1,-1,0,0,0,-1
2026-06-29 11:29:10.137,39.78911,True,22.06544,1.396731,-6.1448,-0.8248613,-0.558777,0,0.08586019,-0.0959534,0.1416455,-0.9852561,False,-1,-1,0,0,0,-1
2026-06-29 11:29:10.179,39.83112,True,22.06542,1.396712,-6.144636,-0.9053758,-0.412787,0,0.09950694,-0.08215034,0.1801823,-0.9801967,False,-1,-1,0,0,0,-1
2026-06-29 11:29:10.222,39.87337,True,22.06454,1.396742,-6.144332,-0.9210769,-0.37734,0,0.09608252,-0.07251156,0.1769988,-0.9815363,False,-1,-1,0,0,0,-1
2026-06-29 11:29:10.276,39.92375,True,22.06675,1.396685,-6.144759,-0.9037083,-0.417165,0,0.0963565,-0.08039312,0.1741563,-0.9814309,False,-1,-1,0,0,0,-1
2026-06-29 11:29:10.323,39.97407,True,22.06654,1.396667,-6.144858,-0.9136373,-0.3925471,0,0.1057058,-0.082989,0.1931535,-0.9776525,False,-1,-1,0,0,0,-1
2026-06-29 11:29:10.366,40.01749,True,22.06518,1.396901,-6.144986,-0.9276528,-0.3549654,0,0.1160162,-0.08236349,0.2152456,-0.9730805,False,-1,-1,0,0,0,-1
2026-06-29 11:29:10.410,40.06339,True,22.06617,1.397247,-6.145788,-0.9124637,-0.3943278,0,0.1091583,-0.08608834,0.1992061,-0.9761689,False,-1,-1,0,0,0,-1
2026-06-29 11:29:10.453,40.1047,True,22.06557,1.397802,-6.146287,-0.9147673,-0.3885561,0,0.1105659,-0.08592214,0.2022842,-0.9755504,False,-1,-1,0,0,0,-1
2026-06-29 11:29:10.515,40.16568,True,22.07004,1.398105,-6.146989,-0.8980055,-0.4274695,0,0.104192,-0.08907777,0.1871299,-0.9782881,False,-1,-1,0,0,0,-1
2026-06-29 11:29:10.551,40.20082,True,22.07283,1.397883,-6.147349,-0.8800018,-0.462205,0,0.1093776,-0.1011097,0.1925049,-0.9760731,False,-1,-1,0,0,0,-1
2026-06-29 11:29:10.614,40.26605,True,22.07375,1.397712,-6.147332,-0.8831071,-0.4571455,0,0.1055454,-0.09649924,0.1864159,-0.9777204,False,-1,-1,0,0,0,-1
2026-06-29 11:29:10.649,40.30057,True,22.07355,1.397694,-6.147409,-0.8978448,-0.4273142,0,0.1061951,-0.09075736,0.1906935,-0.9774451,False,-1,-1,0,0,0,-1
2026-06-29 11:29:10.684,40.33569,True,22.07318,1.397638,-6.147467,-0.8900906,-0.4430732,0,0.1068869,-0.09471743,0.190278,-0.9771504,False,-1,-1,0,0,0,-1
2026-06-29 11:29:10.727,40.37833,True,22.07665,1.397246,-6.147961,-0.9151087,-0.3885061,0,0.1078846,-0.08382767,0.1974523,-0.9767218,False,-1,-1,0,0,0,-1
2026-06-29 11:29:10.783,40.4339,True,22.07776,1.397017,-6.148152,-0.9505531,-0.2826591,0,0.1286571,-0.07273221,0.2445908,-0.9668946,False,-1,-1,0,0,0,-1
2026-06-29 11:29:10.850,40.50132,True,22.07816,1.397358,-6.148886,-0.9171782,-0.3825244,0,0.1116212,-0.08539566,0.2047531,-0.9750814,False,-1,-1,0,0,0,-1
2026-06-29 11:29:10.914,40.56762,True,22.07981,1.397447,-6.149875,-0.9889362,-0.08038709,0,0.1246716,-0.02004398,0.2465846,-0.968914,False,-1,-1,0,0,0,-1
2026-06-29 11:29:10.985,40.63481,True,22.08091,1.397159,-6.15019,-0.9860362,-0.1151126,0,0.1203405,-0.02770543,0.2373202,-0.9710363,False,-1,-1,0,0,0,-1
2026-06-29 11:29:11.049,40.70071,True,22.0796,1.397263,-6.149875,-0.9845293,-0.1305903,0,0.116826,-0.03051268,0.2300371,-0.9727033,False,-1,-1,0,0,0,-1
2026-06-29 11:29:11.115,40.76734,True,22.07928,1.397409,-6.149744,-0.9623654,-0.2509847,0,0.1042094,-0.05230992,0.200575,-0.9782808,False,-1,-1,0,0,0,-1
2026-06-29 11:29:11.159,40.8123,True,22.07898,1.397515,-6.149816,-0.9618576,-0.255205,0,0.09849061,-0.05027058,0.1894679,-0.9805992,False,-1,-1,0,0,0,-1
2026-06-29 11:29:11.201,40.85393,True,22.07768,1.397726,-6.149292,-0.9605763,-0.2587385,0,0.1017227,-0.05263918,0.1954249,-0.979305,False,-1,-1,0,0,0,-1
2026-06-29 11:29:11.249,40.89929,True,22.0787,1.397537,-6.149196,-0.9574307,-0.2689404,0,0.1048691,-0.05640709,0.2008099,-0.9780049,False,-1,-1,0,0,0,-1
2026-06-29 11:29:11.296,40.94663,True,22.07839,1.397268,-6.148776,-0.9560235,-0.2747848,0,0.10253,-0.05634733,0.1960421,-0.9789752,False,-1,-1,0,0,0,-1
2026-06-29 11:29:11.349,40.99873,True,22.07901,1.396957,-6.148568,-0.9396039,-0.3359857,0,0.06525441,-0.0438491,0.1226266,-0.9914837,False,-1,-1,0,0,0,-1
2026-06-29 11:29:11.398,41.04824,True,22.08041,1.396625,-6.148808,-0.9143965,-0.3983107,0,0.07230187,-0.05759722,0.1322252,-0.9895449,False,-1,-1,0,0,0,-1
2026-06-29 11:29:11.444,41.09217,True,22.08039,1.396577,-6.148843,-0.9367555,-0.3429746,0,0.06969626,-0.04780808,0.1305767,-0.9902849,False,-1,-1,0,0,0,-1
2026-06-29 11:29:11.487,41.13924,True,22.08328,1.396268,-6.149376,-0.936891,-0.3418688,0,0.07321957,-0.05006297,0.1371975,-0.9892778,False,-1,-1,0,0,0,-1
2026-06-29 11:29:11.532,41.18497,True,22.08423,1.396076,-6.149424,-0.9367533,-0.341986,0,0.07442398,-0.05090391,0.1394338,-0.9889221,False,-1,-1,0,0,0,-1
2026-06-29 11:29:11.573,41.22566,True,22.08488,1.395843,-6.149246,-0.9360739,-0.3437794,0,0.07470988,-0.05136741,0.1398679,-0.9888368,False,-1,-1,0,0,0,-1
2026-06-29 11:29:11.615,41.26627,True,22.08576,1.395637,-6.149215,-0.9375287,-0.3397814,0,0.07475705,-0.0508021,0.1401737,-0.9888228,False,-1,-1,0,0,0,-1
2026-06-29 11:29:11.659,41.30904,True,22.08507,1.395639,-6.148973,-0.9310352,-0.3574166,0,0.07366803,-0.05266035,0.137175,-0.989146,False,-1,-1,0,0,0,-1
2026-06-29 11:29:11.705,41.35561,True,22.08626,1.395488,-6.149266,-0.9259987,-0.3695905,0,0.07700223,-0.05691858,0.1426079,-0.9881413,False,-1,-1,0,0,0,-1
2026-06-29 11:29:11.748,41.39911,True,22.08968,1.395085,-6.14997,-0.9140649,-0.3981777,0,0.07706989,-0.06137503,0.1408938,-0.9881204,False,-1,-1,0,0,0,-1
2026-06-29 11:29:11.790,41.44119,True,22.09273,1.394898,-6.150372,-0.8564948,-0.5121087,0,0.06450865,-0.06607087,0.1105026,-0.9916773,False,-1,-1,0,0,0,-1
2026-06-29 11:29:11.833,41.4852,True,22.09378,1.394824,-6.150477,-0.9145644,-0.3973308,0,0.07549999,-0.05999694,0.1380992,-0.9885995,False,-1,-1,0,0,0,-1
2026-06-29 11:29:11.877,41.52829,True,22.09597,1.394562,-6.150909,-0.8519429,-0.5164749,0,0.08629662,-0.08914005,0.1470395,-0.9851058,False,-1,-1,0,0,0,-1
2026-06-29 11:29:11.919,41.57068,True,22.09693,1.394423,-6.151069,-0.8402277,-0.534941,0,0.08863162,-0.09482538,0.1489415,-0.9842889,False,-1,-1,0,0,0,-1
2026-06-29 11:29:11.963,41.61641,True,22.09679,1.394304,-6.150844,-0.8485854,-0.5218167,0,0.08723609,-0.0910425,0.1480546,-0.9847798,False,-1,-1,0,0,0,-1
2026-06-29 11:29:12.011,41.66158,True,22.09784,1.394271,-6.151061,-0.8529816,-0.5145659,0,0.08743184,-0.08997888,0.1491555,-0.9847113,False,-1,-1,0,0,0,-1
2026-06-29 11:29:12.056,41.70623,True,22.09875,1.394257,-6.151323,-0.8625079,-0.4984852,0,0.08713594,-0.08687193,0.1503109,-0.9848146,False,-1,-1,0,0,0,-1
2026-06-29 11:29:12.100,41.75266,True,22.10026,1.394186,-6.151719,-0.8647135,-0.4944044,0,0.08851399,-0.08752341,0.1530785,-0.9843305,False,-1,-1,0,0,0,-1
2026-06-29 11:29:12.145,41.79612,True,22.10071,1.394233,-6.151896,-0.8588398,-0.504611,0,0.08810316,-0.08891563,0.151333,-0.9844757,False,-1,-1,0,0,0,-1
2026-06-29 11:29:12.190,41.84216,True,22.10092,1.39413,-6.152151,-0.8553618,-0.5107601,0,0.08648914,-0.08835041,0.147959,-0.9850393,False,-1,-1,0,0,0,-1
2026-06-29 11:29:12.233,41.88616,True,22.10043,1.39418,-6.152225,-0.854437,-0.5123544,0,0.08619976,-0.08832965,0.1473045,-0.9851392,False,-1,-1,0,0,0,-1
2026-06-29 11:29:12.281,41.93059,True,22.10198,1.394199,-6.152455,-0.8796179,-0.4640655,0,0.1044784,-0.09696959,0.183802,-0.9781685,False,-1,-1,0,0,0,-1
2026-06-29 11:29:12.319,41.97219,True,22.10289,1.394341,-6.152731,-0.9131842,-0.3944227,0,0.1025935,-0.08093045,0.1873736,-0.9789492,False,-1,-1,0,0,0,-1
2026-06-29 11:29:12.363,42.01479,True,22.10312,1.394434,-6.152936,-0.8998302,-0.4240393,0,0.1024515,-0.08688688,0.1843778,-0.9790074,False,-1,-1,0,0,0,-1
2026-06-29 11:29:12.420,42.06956,True,22.10326,1.394305,-6.153241,-0.9036544,-0.4158843,0,0.102221,-0.08502416,0.1847448,-0.9791017,False,-1,-1,0,0,0,-1
2026-06-29 11:29:12.468,42.11951,True,22.10217,1.394217,-6.153285,-0.9070297,-0.40859,0,0.1017416,-0.08314123,0.1845654,-0.9792973,False,-1,-1,0,0,0,-1
2026-06-29 11:29:12.511,42.16334,True,22.10277,1.394145,-6.153594,-0.9019162,-0.4168517,0,0.1130566,-0.09425566,0.2039351,-0.9744364,False,-1,-1,0,0,0,-1
2026-06-29 11:29:12.552,42.2043,True,22.10277,1.394143,-6.153698,-0.9154989,-0.3862033,0,0.1127333,-0.08707591,0.2064144,-0.9745824,False,-1,-1,0,0,0,-1
2026-06-29 11:29:12.595,42.24589,True,22.10456,1.393963,-6.154019,-0.9112611,-0.396429,0,0.1115676,-0.08845723,0.2033344,-0.9751054,False,-1,-1,0,0,0,-1
2026-06-29 11:29:12.641,42.29232,True,22.10608,1.393808,-6.154251,-0.9167695,-0.3828268,0,0.1139181,-0.08722181,0.2088733,-0.9740453,False,-1,-1,0,0,0,-1
2026-06-29 11:29:12.682,42.33356,True,22.10728,1.393731,-6.154565,-0.9268119,-0.3583409,0,0.1123015,-0.08048444,0.2081647,-0.9747767,False,-1,-1,0,0,0,-1
2026-06-29 11:29:12.724,42.37702,True,22.10696,1.393665,-6.154653,-0.9215771,-0.3714205,0,0.1128824,-0.08385366,0.2080596,-0.9745151,False,-1,-1,0,0,0,-1
2026-06-29 11:29:12.768,42.42125,True,22.10667,1.393687,-6.154876,-0.9721575,-0.2089735,0,0.1060188,-0.04431023,0.2061339,-0.97752,False,-1,-1,0,0,0,-1
2026-06-29 11:29:12.820,42.46505,True,22.10609,1.393809,-6.15483,-0.9733527,-0.2039166,0,0.1048933,-0.04277895,0.2041963,-0.9779948,False,-1,-1,0,0,0,-1
2026-06-29 11:29:12.864,42.51534,True,22.10557,1.393818,-6.15477,-0.9692343,-0.2236895,0,0.1027028,-0.04594707,0.1990861,-0.9789043,False,-1,-1,0,0,0,-1
2026-06-29 11:29:12.907,42.55782,True,22.10611,1.393787,-6.154919,-0.9683728,-0.2271231,0,0.1032916,-0.04691984,0.2000496,-0.9786617,False,-1,-1,0,0,0,-1
2026-06-29 11:29:12.950,42.60201,True,22.10627,1.393762,-6.155094,-0.9656783,-0.2388732,0,0.1020051,-0.04873256,0.1970082,-0.9791899,False,-1,-1,0,0,0,-1
2026-06-29 11:29:12.997,42.64715,True,22.10574,1.393754,-6.154936,-0.9664537,-0.2348372,0,0.104013,-0.04885222,0.2010474,-0.9783626,False,-1,-1,0,0,0,-1
2026-06-29 11:29:13.037,42.68906,True,22.10455,1.393809,-6.154562,-0.9644613,-0.2433628,0,0.1029026,-0.05008535,0.1984912,-0.9788221,False,-1,-1,0,0,0,-1
2026-06-29 11:29:13.084,42.73542,True,22.10336,1.393821,-6.154121,-0.9663273,-0.2366578,0,0.1010189,-0.04781381,0.1952346,-0.9795904,False,-1,-1,0,0,0,-1
2026-06-29 11:29:13.126,42.77907,True,22.10283,1.39374,-6.153711,-0.9681649,-0.2279974,0,0.1033154,-0.04711125,0.2000526,-0.9786518,False,-1,-1,0,0,0,-1
2026-06-29 11:29:13.169,42.82181,True,22.10215,1.393654,-6.15321,-0.994352,-0.0302578,0,0.1017281,-0.006156139,0.2023072,-0.9793028,False,-1,-1,0,0,0,-1
2026-06-29 11:29:13.215,42.86524,True,22.10232,1.393076,-6.152492,-0.8309625,0.5441234,0,0.1158926,0.1261197,0.1926048,-0.9731378,False,-1,-1,0,0,0,-1
2026-06-29 11:29:13.258,42.91125,True,22.10071,1.392693,-6.151312,-0.8414885,0.528073,0,0.1141752,0.1205857,0.1921542,-0.973928,False,-1,-1,0,0,0,-1
2026-06-29 11:29:13.306,42.95644,True,22.09746,1.392699,-6.150014,-0.8423672,0.527212,0,0.1116469,0.1177232,0.1880954,-0.9750699,False,-1,-1,0,0,0,-1
2026-06-29 11:29:13.350,43.00106,True,22.09676,1.392835,-6.14962,-0.8484648,0.5165077,0,0.1154444,0.1192558,0.195901,-0.9733452,False,-1,-1,0,0,0,-1
2026-06-29 11:29:13.391,43.04287,True,22.0963,1.3926,-6.149426,-0.8436077,0.5234688,0,0.1196095,0.1252237,0.2018071,-0.9713871,False,-1,-1,0,0,0,-1
2026-06-29 11:29:13.437,43.08834,True,22.09608,1.391842,-6.149661,-0.8821514,0.4538855,0,0.1256857,0.1140939,0.2217477,-0.9684062,False,-1,-1,0,0,0,-1
2026-06-29 11:29:13.492,43.14096,True,22.09276,1.390402,-6.150044,-0.9599161,0.2706078,0,0.07302541,0.03952247,0.1401965,-0.9893345,False,-1,-1,0,0,0,-1
2026-06-29 11:29:13.544,43.19611,True,22.09159,1.38802,-6.151448,0.8565294,-0.5063551,0,0.09980954,-0.1010781,-0.1709796,-0.9800761,False,-1,-1,0,0,0,-1
2026-06-29 11:29:13.589,43.23941,True,22.09233,1.385151,-6.153111,0.4133346,-0.9064828,0,0.08627508,-0.1564137,-0.07132096,-0.9851133,False,-1,-1,0,0,0,-1
2026-06-29 11:29:13.630,43.28072,True,22.09054,1.382005,-6.154882,0.6106976,-0.7760583,0,0.1574229,-0.2443387,-0.1922756,-0.9504361,False,-1,-1,0,0,0,-1
2026-06-29 11:29:13.673,43.32584,True,22.08801,1.378111,-6.156353,0.6474972,-0.7424697,0,0.1717154,-0.2549869,-0.2223704,-0.9410277,False,-1,-1,0,0,0,-1
2026-06-29 11:29:13.736,43.38757,True,22.08576,1.375233,-6.157129,0.03571791,-0.9710323,0,0.2362639,-0.4588397,-0.0168777,-0.8883587,False,-1,-1,0,0,0,-1
2026-06-29 11:29:13.805,43.4544,False,22.09153,1.371288,-6.157465,0,0,0,1,0,0,1,False,-1,-1,0,0,0,-1
2026-06-29 11:29:13.872,43.52203,False,22.08674,1.371762,-6.153077,0,0,0,1,0,0,1,False,-1,-1,0,0,0,-1
2026-06-29 11:29:13.936,43.58765,False,22.07674,1.375626,-6.147434,0,0,0,1,0,0,1,False,-1,-1,0,0,0,-1
2026-06-29 11:29:13.971,43.6216,False,22.07059,1.377811,-6.144715,0,0,0,1,0,0,1,False,-1,-1,0,0,0,-1
2026-06-29 11:29:14.006,43.65635,False,22.0648,1.379918,-6.143323,0,0,0,1,0,0,1,False,-1,-1,0,0,0,-1
2026-06-29 11:29:14.070,43.72121,False,22.04713,1.385558,-6.141584,0,0,0,1,0,0,1,False,-1,-1,0,0,0,-1
2026-06-29 11:29:14.135,43.78724,False,22.03262,1.38941,-6.142646,0,0,0,1,0,0,1,False,-1,-1,0,0,0,-1
2026-06-29 11:29:14.173,43.8232,False,22.02297,1.39218,-6.144434,0,0,0,1,0,0,1,False,-1,-1,0,0,0,-1
2026-06-29 11:29:14.238,43.88805,False,21.97666,1.400895,-6.148025,0,0,0,1,0,0,1,False,-1,-1,0,0,0,-1
2026-06-29 11:29:14.300,43.95387,False,21.96578,1.41102,-6.162543,0,0,0,1,0,0,1,False,-1,-1,0,0,0,-1
2026-06-29 11:29:14.358,44.0107,False,21.95817,1.417999,-6.177741,0,0,0,1,0,0,1,False,-1,-1,0,0,0,-1
2026-06-29 11:29:14.401,44.05324,False,21.95272,1.424518,-6.195153,0,0,0,1,0,0,1,False,-1,-1,0,0,0,-1
2026-06-29 11:29:14.447,44.09867,False,21.95031,1.429339,-6.214194,0,0,0,1,0,0,1,False,-1,-1,0,0,0,-1
2026-06-29 11:29:14.493,44.14436,False,21.94855,1.432649,-6.233296,0,0,0,1,0,0,1,False,-1,-1,0,0,0,-1
2026-06-29 11:29:14.541,44.18985,False,21.94963,1.436821,-6.252758,0,0,0,1,0,0,1,False,-1,-1,0,0,0,-1
2026-06-29 11:29:14.599,44.24825,False,21.95231,1.437307,-6.272257,0,0,0,1,0,0,1,False,-1,-1,0,0,0,-1
2026-06-29 11:29:14.642,44.2932,False,21.95519,1.44061,-6.288689,0,0,0,1,0,0,1,False,-1,-1,0,0,0,-1
2026-06-29 11:29:14.686,44.33668,False,21.95843,1.442675,-6.301678,0,0,0,1,0,0,1,False,-1,-1,0,0,0,-1
2026-06-29 11:29:14.731,44.38272,False,21.96133,1.443792,-6.311091,0,0,0,1,0,0,1,False,-1,-1,0,0,0,-1
2026-06-29 11:29:14.778,44.42811,False,21.96405,1.444989,-6.317282,0,0,0,1,0,0,1,False,-1,-1,0,0,0,-1
2026-06-29 11:29:14.819,44.47055,False,21.96721,1.444559,-6.321359,0,0,0,1,0,0,1,False,-1,-1,0,0,0,-1
2026-06-29 11:29:14.857,44.50899,False,21.97025,1.443608,-6.3236,0,0,0,1,0,0,1,False,-1,-1,0,0,0,-1
2026-06-29 11:29:14.899,44.55027,False,21.97431,1.443082,-6.32413,0,0,0,1,0,0,1,False,-1,-1,0,0,0,-1
2026-06-29 11:29:14.939,44.58903,False,21.97908,1.442632,-6.323929,0,0,0,1,0,0,1,False,-1,-1,0,0,0,-1
2026-06-29 11:29:14.983,44.6325,False,21.98436,1.443091,-6.322148,0,0,0,1,0,0,1,False,-1,-1,0,0,0,-1
2026-06-29 11:29:15.029,44.6787,False,21.9899,1.443217,-6.320393,0,0,0,1,0,0,1,False,-1,-1,0,0,0,-1
2026-06-29 11:29:15.073,44.72254,False,21.99419,1.442614,-6.318141,0,0,0,1,0,0,1,False,-1,-1,0,0,0,-1
2026-06-29 11:29:15.113,44.76469,False,21.99739,1.441461,-6.315821,0,0,0,1,0,0,1,False,-1,-1,0,0,0,-1
2026-06-29 11:29:15.144,44.80284,False,21.9996,1.440753,-6.31346,0,0,0,1,0,0,1,False,-1,-1,0,0,0,-1
2026-06-29 11:29:15.188,44.84706,False,22.00027,1.439955,-6.311602,0,0,0,1,0,0,1,False,-1,-1,0,0,0,-1
2026-06-29 11:29:15.232,44.89175,False,21.99871,1.439649,-6.310508,0,0,0,1,0,0,1,False,-1,-1,0,0,0,-1
2026-06-29 11:29:15.276,44.93609,False,21.99521,1.439492,-6.310772,0,0,0,1,0,0,1,False,-1,-1,0,0,0,-1
2026-06-29 11:29:15.321,44.98001,False,21.99128,1.439856,-6.311716,0,0,0,1,0,0,1,False,-1,-1,0,0,0,-1
2026-06-29 11:29:15.365,45.02478,False,21.98709,1.440682,-6.312558,0,0,0,1,0,0,1,False,-1,-1,0,0,0,-1
2026-06-29 11:29:15.414,45.07278,False,21.9838,1.441302,-6.312794,0,0,0,1,0,0,1,False,-1,-1,0,0,0,-1
2026-06-29 11:29:15.454,45.11358,False,21.98089,1.441199,-6.313533,0,0,0,1,0,0,1,False,-1,-1,0,0,0,-1
2026-06-29 11:29:15.500,45.15854,False,21.97831,1.440861,-6.314292,0,0,0,1,0,0,1,False,-1,-1,0,0,0,-1
2026-06-29 11:29:15.544,45.20286,False,21.97612,1.440487,-6.314816,0,0,0,1,0,0,1,False,-1,-1,0,0,0,-1
2026-06-29 11:29:15.577,45.23699,False,21.97485,1.440752,-6.315197,0,0,0,1,0,0,1,False,-1,-1,0,0,0,-1
2026-06-29 11:29:15.623,45.28208,False,21.97128,1.441739,-6.315445,0,0,0,1,0,0,1,False,-1,-1,0,0,0,-1
2026-06-29 11:29:15.666,45.32555,False,21.96884,1.442325,-6.31691,0,0,0,1,0,0,1,False,-1,-1,0,0,0,-1
2026-06-29 11:29:15.714,45.3733,False,21.9682,1.441933,-6.319696,0,0,0,1,0,0,1,False,-1,-1,0,0,0,-1
2026-06-29 11:29:15.756,45.41507,False,21.96884,1.440545,-6.323067,0,0,0,1,0,0,1,False,-1,-1,0,0,0,-1
2026-06-29 11:29:15.803,45.4616,False,21.97238,1.438617,-6.327058,0,0,0,1,0,0,1,False,-1,-1,0,0,0,-1
2026-06-29 11:29:15.844,45.50319,False,21.97742,1.437919,-6.330488,0,0,0,1,0,0,1,False,-1,-1,0,0,0,-1
2026-06-29 11:29:15.887,45.54693,False,21.98279,1.437486,-6.333392,0,0,0,1,0,0,1,False,-1,-1,0,0,0,-1
2026-06-29 11:29:15.932,45.59067,False,21.98735,1.437335,-6.335927,0,0,0,1,0,0,1,False,-1,-1,0,0,0,-1
2026-06-29 11:29:15.987,45.64603,False,21.99059,1.43724,-6.337372,0,0,0,1,0,0,1,False,-1,-1,0,0,0,-1
2026-06-29 11:29:16.020,45.67958,False,21.99308,1.437091,-6.338361,0,0,0,1,0,0,1,False,-1,-1,0,0,0,-1
2026-06-29 11:29:16.053,45.71313,False,21.99324,1.437144,-6.338363,0,0,0,1,0,0,1,False,-1,-1,0,0,0,-1
2026-06-29 11:29:16.097,45.75724,False,21.99339,1.43676,-6.338489,0,0,0,1,0,0,1,False,-1,-1,0,0,0,-1
2026-06-29 11:29:16.131,45.79093,False,21.99295,1.436413,-6.338291,0,0,0,1,0,0,1,False,-1,-1,0,0,0,-1
2026-06-29 11:29:16.167,45.8264,False,21.99213,1.436338,-6.338182,0,0,0,1,0,0,1,False,-1,-1,0,0,0,-1
2026-06-29 11:29:16.209,45.86797,False,21.9911,1.436499,-6.33822,0,0,0,1,0,0,1,False,-1,-1,0,0,0,-1
2026-06-29 11:29:16.242,45.90155,False,21.99,1.436547,-6.338275,0,0,0,1,0,0,1,False,-1,-1,0,0,0,-1
2026-06-29 11:29:16.277,45.93565,False,21.9889,1.436756,-6.338366,0,0,0,1,0,0,1,False,-1,-1,0,0,0,-1
2026-06-29 11:29:16.319,45.97906,False,21.9875,1.43703,-6.338678,0,0,0,1,0,0,1,False,-1,-1,0,0,0,-1
2026-06-29 11:29:16.354,46.01364,False,21.98682,1.437476,-6.33889,0,0,0,1,0,0,1,False,-1,-1,0,0,0,-1
2026-06-29 11:29:16.387,46.04747,False,21.98609,1.437752,-6.33878,0,0,0,1,0,0,1,False,-1,-1,0,0,0,-1
2026-06-29 11:29:16.434,46.09327,False,21.98545,1.437691,-6.338401,0,0,0,1,0,0,1,False,-1,-1,0,0,0,-1
2026-06-29 11:29:16.470,46.12943,False,21.98494,1.437726,-6.33821,0,0,0,1,0,0,1,False,-1,-1,0,0,0,-1
2026-06-29 11:29:16.513,46.1715,False,21.9843,1.437675,-6.33785,0,0,0,1,0,0,1,False,-1,-1,0,0,0,-1
2026-06-29 11:29:16.555,46.21505,False,21.98376,1.437675,-6.337291,0,0,0,1,0,0,1,False,-1,-1,0,0,0,-1
2026-06-29 11:29:16.905,46.55735,False,21.99713,1.441514,-6.315726,0,0,0,0,0,0,1,False,-1,-1,0,0,0,-1
