RealTime,UnityTime,GazeValid,GazeOriginX,GazeOriginY,GazeOriginZ,GazeRotX,GazeRotY,GazeRotZ,GazeRotW,GazeDirX,GazeDirY,GazeDirZ,HitPainting,ImageX,ImageY,HitPointX,HitPointY,HitPointZ,HitDistance
2026-06-29 14:46:14.274,0,False,19.099,1.36144,-9.44,0,0,0,0,0,0,-1,False,-1,-1,0,0,0,-1
2026-06-29 14:46:14.501,0.06038139,False,21.13708,1.044319,-9.33814,0,0,0,1,0,0,-1,False,-1,-1,0,0,0,-1
2026-06-29 14:46:15.812,0.3937147,False,21.13726,0.9681631,-9.33823,0,0,0,1,0,0,-1,False,-1,-1,0,0,0,-1
2026-06-29 14:46:15.845,0.4274508,False,21.1372,0.9681842,-9.338236,0,0,0,1,0,0,-1,False,-1,-1,0,0,0,-1
2026-06-29 14:46:15.884,0.4664772,False,21.13717,0.9681994,-9.338181,0,0,0,1,0,0,-1,False,-1,-1,0,0,0,-1
2026-06-29 14:46:15.928,0.5108194,False,21.13724,0.9682328,-9.338182,0,0,0,1,0,0,-1,False,-1,-1,0,0,0,-1
2026-06-29 14:46:15.962,0.5445157,False,21.13719,0.9682927,-9.338332,0,0,0,1,0,0,-1,False,-1,-1,0,0,0,-1
2026-06-29 14:46:16.006,0.5886285,False,21.13721,0.9682325,-9.338198,0,0,0,1,0,0,-1,False,-1,-1,0,0,0,-1
2026-06-29 14:46:16.050,0.6325154,False,21.13698,0.968295,-9.338219,0,0,0,1,0,0,-1,False,-1,-1,0,0,0,-1
2026-06-29 14:46:16.083,0.6661984,False,21.13702,0.9683137,-9.338119,0,0,0,1,0,0,-1,False,-1,-1,0,0,0,-1
2026-06-29 14:46:16.127,0.7103041,False,21.13711,0.9681545,-9.338056,0,0,0,1,0,0,-1,False,-1,-1,0,0,0,-1
2026-06-29 14:46:16.160,0.7439069,False,21.13717,0.968155,-9.338109,0,0,0,1,0,0,-1,False,-1,-1,0,0,0,-1
2026-06-29 14:46:16.205,0.7883841,False,21.13723,0.9682121,-9.338277,0,0,0,1,0,0,-1,False,-1,-1,0,0,0,-1
2026-06-29 14:46:16.249,0.8323302,False,21.13727,0.9681,-9.338194,0,0,0,1,0,0,-1,False,-1,-1,0,0,0,-1
2026-06-29 14:46:16.283,0.8658366,False,21.13723,0.9681425,-9.338282,0,0,0,1,0,0,-1,False,-1,-1,0,0,0,-1
2026-06-29 14:46:16.316,0.8995547,False,21.13719,0.9681352,-9.338339,0,0,0,1,0,0,-1,False,-1,-1,0,0,0,-1
2026-06-29 14:46:16.360,0.9436947,False,21.13718,0.9682366,-9.338373,0,0,0,1,0,0,-1,False,-1,-1,0,0,0,-1
2026-06-29 14:46:16.394,0.9772381,False,21.13716,0.9681733,-9.338438,0,0,0,1,0,0,-1,False,-1,-1,0,0,0,-1
2026-06-29 14:46:16.428,1.010649,False,21.13715,0.968192,-9.33847,0,0,0,1,0,0,-1,False,-1,-1,0,0,0,-1
2026-06-29 14:46:16.462,1.044634,False,21.13705,0.9682558,-9.33835,0,0,0,1,0,0,-1,False,-1,-1,0,0,0,-1
2026-06-29 14:46:16.505,1.087762,False,21.13713,0.9681681,-9.33824,0,0,0,1,0,0,-1,False,-1,-1,0,0,0,-1
2026-06-29 14:46:16.544,1.126599,False,21.13699,0.9682245,-9.338301,0,0,0,1,0,0,-1,False,-1,-1,0,0,0,-1
2026-06-29 14:46:16.588,1.170764,False,21.13712,0.9682083,-9.338186,0,0,0,1,0,0,-1,False,-1,-1,0,0,0,-1
2026-06-29 14:46:16.623,1.205158,False,21.13718,0.968201,-9.338203,0,0,0,1,0,0,-1,False,-1,-1,0,0,0,-1
2026-06-29 14:46:16.666,1.248689,False,21.13728,0.9682128,-9.338243,0,0,0,1,0,0,-1,False,-1,-1,0,0,0,-1
2026-06-29 14:46:16.712,1.293974,False,21.13752,0.9681522,-9.338187,0,0,0,1,0,0,-1,False,-1,-1,0,0,0,-1
2026-06-29 14:46:16.754,1.336977,False,21.13737,0.9682069,-9.338144,0,0,0,1,0,0,-1,False,-1,-1,0,0,0,-1
2026-06-29 14:46:16.788,1.371378,False,21.13731,0.9682767,-9.338276,0,0,0,1,0,0,-1,False,-1,-1,0,0,0,-1
2026-06-29 14:46:16.832,1.414936,False,21.13716,0.9683166,-9.338228,0,0,0,1,0,0,-1,False,-1,-1,0,0,0,-1
2026-06-29 14:46:16.865,1.448483,False,21.13707,0.9682434,-9.338202,0,0,0,1,0,0,-1,False,-1,-1,0,0,0,-1
2026-06-29 14:46:16.900,1.482624,False,21.13713,0.9682375,-9.338169,0,0,0,1,0,0,-1,False,-1,-1,0,0,0,-1
2026-06-29 14:46:16.943,1.52617,False,21.1371,0.9682833,-9.338185,0,0,0,1,0,0,-1,False,-1,-1,0,0,0,-1
2026-06-29 14:46:16.988,1.570454,False,21.13709,0.9682471,-9.338157,0,0,0,1,0,0,-1,False,-1,-1,0,0,0,-1
2026-06-29 14:46:17.032,1.615024,False,21.13715,0.9681988,-9.338246,0,0,0,1,0,0,-1,False,-1,-1,0,0,0,-1
2026-06-29 14:46:17.076,1.659494,False,21.1371,0.9682194,-9.338369,0,0,0,1,0,0,-1,False,-1,-1,0,0,0,-1
2026-06-29 14:46:17.110,1.693256,False,21.13704,0.9682233,-9.338335,0,0,0,1,0,0,-1,False,-1,-1,0,0,0,-1
2026-06-29 14:46:17.154,1.73699,False,21.13697,0.9683222,-9.338268,0,0,0,1,0,0,-1,False,-1,-1,0,0,0,-1
2026-06-29 14:46:17.199,1.781706,False,21.13717,0.9682646,-9.33823,0,0,0,1,0,0,-1,False,-1,-1,0,0,0,-1
2026-06-29 14:46:17.231,1.815146,False,21.13723,0.9683769,-9.338222,0,0,0,1,0,0,-1,False,-1,-1,0,0,0,-1
2026-06-29 14:46:17.276,1.859268,False,21.13742,0.9682122,-9.33821,0,0,0,1,0,0,-1,False,-1,-1,0,0,0,-1
2026-06-29 14:46:17.310,1.89295,False,21.13736,0.9681901,-9.338192,0,0,0,1,0,0,-1,False,-1,-1,0,0,0,-1
2026-06-29 14:46:17.344,1.926796,False,21.13732,0.9682024,-9.338171,0,0,0,1,0,0,-1,False,-1,-1,0,0,0,-1
2026-06-29 14:46:17.387,1.970187,False,21.13732,0.9682634,-9.338175,0,0,0,1,0,0,-1,False,-1,-1,0,0,0,-1
2026-06-29 14:46:17.420,2.003869,False,21.13729,0.9682029,-9.338236,0,0,0,1,0,0,-1,False,-1,-1,0,0,0,-1
2026-06-29 14:46:17.466,2.048685,False,21.13731,0.9681995,-9.338211,0,0,0,1,0,0,-1,False,-1,-1,0,0,0,-1
2026-06-29 14:46:17.509,2.092819,False,21.13732,0.9681601,-9.338099,0,0,0,1,0,0,-1,False,-1,-1,0,0,0,-1
2026-06-29 14:46:17.554,2.137073,False,21.13725,0.9682561,-9.338137,0,0,0,1,0,0,-1,False,-1,-1,0,0,0,-1
2026-06-29 14:46:17.598,2.181496,False,21.13721,0.9682714,-9.338148,0,0,0,1,0,0,-1,False,-1,-1,0,0,0,-1
2026-06-29 14:46:17.643,2.225474,False,21.13714,0.9682389,-9.338096,0,0,0,1,0,0,-1,False,-1,-1,0,0,0,-1
2026-06-29 14:46:17.677,2.260355,False,21.13712,0.968217,-9.338112,0,0,0,1,0,0,-1,False,-1,-1,0,0,0,-1
2026-06-29 14:46:17.719,2.303413,False,21.13706,0.9682468,-9.33819,0,0,0,1,0,0,-1,False,-1,-1,0,0,0,-1
2026-06-29 14:46:17.754,2.33688,False,21.13703,0.9683052,-9.338365,0,0,0,1,0,0,-1,False,-1,-1,0,0,0,-1
2026-06-29 14:46:17.788,2.370346,False,21.13722,0.9681183,-9.338226,0,0,0,1,0,0,-1,False,-1,-1,0,0,0,-1
2026-06-29 14:46:17.831,2.414784,False,21.13712,0.9681681,-9.338318,0,0,0,1,0,0,-1,False,-1,-1,0,0,0,-1
2026-06-29 14:46:17.875,2.458787,False,21.13707,0.9681741,-9.33833,0,0,0,1,0,0,-1,False,-1,-1,0,0,0,-1
2026-06-29 14:46:17.910,2.492505,False,21.13711,0.9682058,-9.338337,0,0,0,1,0,0,-1,False,-1,-1,0,0,0,-1
2026-06-29 14:46:17.943,2.52604,False,21.13716,0.968152,-9.338297,0,0,0,1,0,0,-1,False,-1,-1,0,0,0,-1
2026-06-29 14:46:17.988,2.570394,False,21.13715,0.9682707,-9.338362,0,0,0,1,0,0,-1,False,-1,-1,0,0,0,-1
2026-06-29 14:46:18.031,2.614092,False,21.13718,0.9683027,-9.33824,0,0,0,1,0,0,-1,False,-1,-1,0,0,0,-1
2026-06-29 14:46:18.064,2.647677,False,21.13713,0.968293,-9.338243,0,0,0,1,0,0,-1,False,-1,-1,0,0,0,-1
2026-06-29 14:46:18.109,2.692339,False,21.13705,0.9682996,-9.338224,0,0,0,1,0,0,-1,False,-1,-1,0,0,0,-1
2026-06-29 14:46:18.143,2.726456,False,21.13724,0.9681943,-9.338152,0,0,0,1,0,0,-1,False,-1,-1,0,0,0,-1
2026-06-29 14:46:18.187,2.769918,False,21.13724,0.9682548,-9.338339,0,0,0,1,0,0,-1,False,-1,-1,0,0,0,-1
2026-06-29 14:46:18.220,2.803515,False,21.13721,0.9682357,-9.338242,0,0,0,1,0,0,-1,False,-1,-1,0,0,0,-1
2026-06-29 14:46:18.265,2.847594,False,21.13726,0.9683295,-9.3382,0,0,0,1,0,0,-1,False,-1,-1,0,0,0,-1
2026-06-29 14:46:18.298,2.881153,False,21.13735,0.9682129,-9.33819,0,0,0,1,0,0,-1,False,-1,-1,0,0,0,-1
2026-06-29 14:46:18.331,2.91454,False,21.13741,0.968156,-9.338283,0,0,0,1,0,0,-1,False,-1,-1,0,0,0,-1
2026-06-29 14:46:18.376,2.958753,False,21.13726,0.9681112,-9.338397,0,0,0,1,0,0,-1,False,-1,-1,0,0,0,-1
2026-06-29 14:46:18.410,2.9923,False,21.13727,0.9681309,-9.338306,0,0,0,1,0,0,-1,False,-1,-1,0,0,0,-1
2026-06-29 14:46:18.443,3.025705,False,21.1373,0.9680954,-9.338332,0,0,0,1,0,0,-1,False,-1,-1,0,0,0,-1
2026-06-29 14:46:18.488,3.07065,False,21.1373,0.9681663,-9.338476,0,0,0,1,0,0,-1,False,-1,-1,0,0,0,-1
2026-06-29 14:46:18.532,3.114685,False,21.1372,0.9681771,-9.338457,0,0,0,1,0,0,-1,False,-1,-1,0,0,0,-1
2026-06-29 14:46:18.576,3.158282,False,21.13721,0.9681668,-9.338482,0,0,0,1,0,0,-1,False,-1,-1,0,0,0,-1
2026-06-29 14:46:18.609,3.191891,False,21.13716,0.9682711,-9.338599,0,0,0,1,0,0,-1,False,-1,-1,0,0,0,-1
2026-06-29 14:46:18.643,3.225263,False,21.13717,0.9680981,-9.33832,0,0,0,1,0,0,-1,False,-1,-1,0,0,0,-1
2026-06-29 14:46:18.685,3.269375,False,21.13725,0.9681987,-9.338091,0,0,0,1,0,0,-1,False,-1,-1,0,0,0,-1
2026-06-29 14:46:18.721,3.304281,False,21.13727,0.9681405,-9.338069,0,0,0,1,0,0,-1,False,-1,-1,0,0,0,-1
2026-06-29 14:46:18.765,3.348119,False,21.13721,0.9681978,-9.338295,0,0,0,1,0,0,-1,False,-1,-1,0,0,0,-1
2026-06-29 14:46:18.809,3.391925,False,21.13718,0.9681697,-9.338346,0,0,0,1,0,0,-1,False,-1,-1,0,0,0,-1
2026-06-29 14:46:18.853,3.436121,False,21.13713,0.968183,-9.338283,0,0,0,1,0,0,-1,False,-1,-1,0,0,0,-1
2026-06-29 14:46:18.898,3.480736,False,21.13695,0.968285,-9.338305,0,0,0,1,0,0,-1,False,-1,-1,0,0,0,-1
2026-06-29 14:46:18.931,3.514126,False,21.13721,0.9682164,-9.338178,0,0,0,1,0,0,-1,False,-1,-1,0,0,0,-1
2026-06-29 14:46:18.965,3.547547,False,21.13715,0.9683178,-9.338228,0,0,0,1,0,0,-1,False,-1,-1,0,0,0,-1
2026-06-29 14:46:19.008,3.591887,False,21.13728,0.9682175,-9.338152,0,0,0,1,0,0,-1,False,-1,-1,0,0,0,-1
2026-06-29 14:46:19.043,3.625469,False,21.13729,0.9682757,-9.338407,0,0,0,1,0,0,-1,False,-1,-1,0,0,0,-1
2026-06-29 14:46:19.086,3.669375,False,21.13727,0.9681946,-9.338357,0,0,0,1,0,0,-1,False,-1,-1,0,0,0,-1
2026-06-29 14:46:19.120,3.702721,False,21.13727,0.9681879,-9.338459,0,0,0,1,0,0,-1,False,-1,-1,0,0,0,-1
2026-06-29 14:46:19.153,3.736578,False,21.13721,0.9682215,-9.338451,0,0,0,1,0,0,-1,False,-1,-1,0,0,0,-1
2026-06-29 14:46:19.199,3.782251,False,21.13721,0.9683152,-9.338457,0,0,0,1,0,0,-1,False,-1,-1,0,0,0,-1
2026-06-29 14:46:19.242,3.824823,False,21.13728,0.9682353,-9.338446,0,0,0,1,0,0,-1,False,-1,-1,0,0,0,-1
2026-06-29 14:46:19.287,3.869621,False,21.13714,0.9683388,-9.338366,0,0,0,1,0,0,-1,False,-1,-1,0,0,0,-1
2026-06-29 14:46:19.330,3.913592,False,21.13718,0.9682015,-9.33831,0,0,0,1,0,0,-1,False,-1,-1,0,0,0,-1
2026-06-29 14:46:19.375,3.957738,False,21.13718,0.9682618,-9.338358,0,0,0,1,0,0,-1,False,-1,-1,0,0,0,-1
2026-06-29 14:46:19.408,3.991394,False,21.13719,0.9681973,-9.338218,0,0,0,1,0,0,-1,False,-1,-1,0,0,0,-1
2026-06-29 14:46:19.442,4.024751,False,21.13724,0.9681378,-9.338133,0,0,0,1,0,0,-1,False,-1,-1,0,0,0,-1
2026-06-29 14:46:19.486,4.068797,False,21.13738,0.9681107,-9.338181,0,0,0,1,0,0,-1,False,-1,-1,0,0,0,-1
2026-06-29 14:46:19.520,4.102869,False,21.13742,0.9681861,-9.338358,0,0,0,1,0,0,-1,False,-1,-1,0,0,0,-1
2026-06-29 14:46:19.564,4.14658,False,21.13738,0.9682957,-9.338474,0,0,0,1,0,0,-1,False,-1,-1,0,0,0,-1
2026-06-29 14:46:19.598,4.180245,False,21.13729,0.9682497,-9.338376,0,0,0,1,0,0,-1,False,-1,-1,0,0,0,-1
2026-06-29 14:46:19.631,4.213672,False,21.13733,0.9681624,-9.338444,0,0,0,1,0,0,-1,False,-1,-1,0,0,0,-1
2026-06-29 14:46:19.665,4.247496,False,21.1373,0.9682308,-9.338592,0,0,0,1,0,0,-1,False,-1,-1,0,0,0,-1
2026-06-29 14:46:19.709,4.291682,False,21.13731,0.9683079,-9.338621,0,0,0,1,0,0,-1,False,-1,-1,0,0,0,-1
2026-06-29 14:46:19.743,4.326271,False,21.13728,0.9683117,-9.338589,0,0,0,1,0,0,-1,False,-1,-1,0,0,0,-1
2026-06-29 14:46:19.787,4.370011,False,21.13726,0.9683579,-9.338528,0,0,0,1,0,0,-1,False,-1,-1,0,0,0,-1
2026-06-29 14:46:19.830,4.413649,False,21.13721,0.9682879,-9.338459,0,0,0,1,0,0,-1,False,-1,-1,0,0,0,-1
2026-06-29 14:46:19.864,4.44734,False,21.13719,0.968326,-9.338509,0,0,0,1,0,0,-1,False,-1,-1,0,0,0,-1
2026-06-29 14:46:19.908,4.492079,False,21.13727,0.9682764,-9.338392,0,0,0,1,0,0,-1,False,-1,-1,0,0,0,-1
2026-06-29 14:46:19.952,4.535604,False,21.13729,0.968265,-9.338349,0,0,0,1,0,0,-1,False,-1,-1,0,0,0,-1
2026-06-29 14:46:19.987,4.569948,False,21.13729,0.9682295,-9.338264,0,0,0,1,0,0,-1,False,-1,-1,0,0,0,-1
2026-06-29 14:46:20.031,4.613665,False,21.13733,0.9681708,-9.338209,0,0,0,1,0,0,-1,False,-1,-1,0,0,0,-1
2026-06-29 14:46:20.075,4.657965,False,21.13732,0.9681661,-9.338313,0,0,0,1,0,0,-1,False,-1,-1,0,0,0,-1
2026-06-29 14:46:20.119,4.702129,False,21.13723,0.9680918,-9.338375,0,0,0,1,0,0,-1,False,-1,-1,0,0,0,-1
2026-06-29 14:46:20.154,4.736972,False,21.13725,0.968009,-9.33839,0,0,0,1,0,0,-1,False,-1,-1,0,0,0,-1
2026-06-29 14:46:20.198,4.780787,False,21.13732,0.9680017,-9.338496,0,0,0,1,0,0,-1,False,-1,-1,0,0,0,-1
2026-06-29 14:46:20.242,4.824555,False,21.13743,0.9680362,-9.338404,0,0,0,1,0,0,-1,False,-1,-1,0,0,0,-1
2026-06-29 14:46:20.286,4.86901,False,21.13727,0.9680877,-9.33844,0,0,0,1,0,0,-1,False,-1,-1,0,0,0,-1
2026-06-29 14:46:20.320,4.902509,False,21.1372,0.9680943,-9.338343,0,0,0,1,0,0,-1,False,-1,-1,0,0,0,-1
2026-06-29 14:46:20.364,4.946652,False,21.13738,0.9681147,-9.338392,0,0,0,1,0,0,-1,False,-1,-1,0,0,0,-1
2026-06-29 14:46:20.398,4.980404,False,21.13729,0.9681796,-9.338381,0,0,0,1,0,0,-1,False,-1,-1,0,0,0,-1
2026-06-29 14:46:20.442,5.024929,False,21.13724,0.9681736,-9.338316,0,0,0,1,0,0,-1,False,-1,-1,0,0,0,-1
2026-06-29 14:46:20.485,5.068683,False,21.13713,0.9681163,-9.338222,0,0,0,1,0,0,-1,False,-1,-1,0,0,0,-1
2026-06-29 14:46:20.520,5.102581,False,21.13715,0.9681146,-9.338261,0,0,0,1,0,0,-1,False,-1,-1,0,0,0,-1
2026-06-29 14:46:20.553,5.136755,False,21.13724,0.9680995,-9.338345,0,0,0,1,0,0,-1,False,-1,-1,0,0,0,-1
2026-06-29 14:46:20.597,5.18009,False,21.13744,0.9679905,-9.338272,0,0,0,1,0,0,-1,False,-1,-1,0,0,0,-1
2026-06-29 14:46:20.642,5.2247,False,21.13742,0.9680647,-9.338502,0,0,0,1,0,0,-1,False,-1,-1,0,0,0,-1
2026-06-29 14:46:20.686,5.268716,False,21.1373,0.968129,-9.338471,0,0,0,1,0,0,-1,False,-1,-1,0,0,0,-1
2026-06-29 14:46:20.719,5.302164,False,21.13735,0.9680848,-9.338419,0,0,0,1,0,0,-1,False,-1,-1,0,0,0,-1
2026-06-29 14:46:20.764,5.34691,False,21.13743,0.9681028,-9.338545,0,0,0,1,0,0,-1,False,-1,-1,0,0,0,-1
2026-06-29 14:46:20.799,5.38138,False,21.13745,0.9681097,-9.338442,0,0,0,1,0,0,-1,False,-1,-1,0,0,0,-1
2026-06-29 14:46:20.842,5.424258,False,21.13735,0.9681324,-9.338392,0,0,0,1,0,0,-1,False,-1,-1,0,0,0,-1
2026-06-29 14:46:20.875,5.457642,False,21.13731,0.9681426,-9.338362,0,0,0,1,0,0,-1,False,-1,-1,0,0,0,-1
2026-06-29 14:46:20.909,5.491532,False,21.13736,0.9681599,-9.338417,0,0,0,1,0,0,-1,False,-1,-1,0,0,0,-1
2026-06-29 14:46:20.953,5.535351,False,21.13721,0.968174,-9.33833,0,0,0,1,0,0,-1,False,-1,-1,0,0,0,-1
2026-06-29 14:46:20.997,5.580284,False,21.13728,0.9681026,-9.338175,0,0,0,1,0,0,-1,False,-1,-1,0,0,0,-1
2026-06-29 14:46:21.041,5.62394,False,21.13743,0.9680776,-9.338202,0,0,0,1,0,0,-1,False,-1,-1,0,0,0,-1
2026-06-29 14:46:21.073,5.657425,False,21.13734,0.9682428,-9.338285,0,0,0,1,0,0,-1,False,-1,-1,0,0,0,-1
2026-06-29 14:46:21.108,5.690788,False,21.13728,0.9683027,-9.338396,0,0,0,1,0,0,-1,False,-1,-1,0,0,0,-1
2026-06-29 14:46:21.142,5.724372,False,21.13725,0.96828,-9.338283,0,0,0,1,0,0,-1,False,-1,-1,0,0,0,-1
2026-06-29 14:46:21.186,5.768624,False,21.13734,0.9681586,-9.338156,0,0,0,1,0,0,-1,False,-1,-1,0,0,0,-1
2026-06-29 14:46:21.220,5.802675,False,21.13733,0.9681671,-9.338133,0,0,0,1,0,0,-1,False,-1,-1,0,0,0,-1
2026-06-29 14:46:21.264,5.846806,False,21.13733,0.9681594,-9.338199,0,0,0,1,0,0,-1,False,-1,-1,0,0,0,-1
2026-06-29 14:46:21.309,5.891177,False,21.13726,0.9681301,-9.338295,0,0,0,1,0,0,-1,False,-1,-1,0,0,0,-1
2026-06-29 14:46:21.352,5.935505,False,21.13737,0.9681712,-9.338476,0,0,0,1,0,0,-1,False,-1,-1,0,0,0,-1
2026-06-29 14:46:21.397,5.979873,False,21.13738,0.9681473,-9.338409,0,0,0,1,0,0,-1,False,-1,-1,0,0,0,-1
2026-06-29 14:46:21.442,6.024866,False,21.13733,0.9681165,-9.338264,0,0,0,1,0,0,-1,False,-1,-1,0,0,0,-1
2026-06-29 14:46:21.486,6.068173,False,21.13728,0.9680344,-9.33812,0,0,0,1,0,0,-1,False,-1,-1,0,0,0,-1
2026-06-29 14:46:21.520,6.102656,False,21.1374,0.9679807,-9.338179,0,0,0,1,0,0,-1,False,-1,-1,0,0,0,-1
2026-06-29 14:46:21.563,6.146091,False,21.13751,0.9680051,-9.338193,0,0,0,1,0,0,-1,False,-1,-1,0,0,0,-1
2026-06-29 14:46:21.597,6.179712,False,21.13744,0.9679647,-9.338093,0,0,0,1,0,0,-1,False,-1,-1,0,0,0,-1
2026-06-29 14:46:21.642,6.224429,False,21.13762,0.9680018,-9.338165,0,0,0,1,0,0,-1,False,-1,-1,0,0,0,-1
2026-06-29 14:46:21.685,6.268351,False,21.1375,0.9680214,-9.338251,0,0,0,1,0,0,-1,False,-1,-1,0,0,0,-1
2026-06-29 14:46:21.719,6.302013,False,21.13743,0.9680237,-9.338179,0,0,0,1,0,0,-1,False,-1,-1,0,0,0,-1
2026-06-29 14:46:21.764,6.346141,False,21.13746,0.9681241,-9.33836,0,0,0,1,0,0,-1,False,-1,-1,0,0,0,-1
2026-06-29 14:46:21.808,6.390764,False,21.13725,0.9682075,-9.338346,0,0,0,1,0,0,-1,False,-1,-1,0,0,0,-1
2026-06-29 14:46:21.843,6.424899,False,21.13722,0.9681733,-9.338307,0,0,0,1,0,0,-1,False,-1,-1,0,0,0,-1
2026-06-29 14:46:21.886,6.468706,False,21.13718,0.968231,-9.338322,0,0,0,1,0,0,-1,False,-1,-1,0,0,0,-1
2026-06-29 14:46:21.922,6.502219,False,21.13733,0.9682077,-9.338379,0,0,0,1,0,0,-1,False,-1,-1,0,0,0,-1
2026-06-29 14:46:21.963,6.545858,False,21.13727,0.9682765,-9.338398,0,0,0,1,0,0,-1,False,-1,-1,0,0,0,-1
2026-06-29 14:46:21.997,6.579575,False,21.13727,0.9682643,-9.338324,0,0,0,1,0,0,-1,False,-1,-1,0,0,0,-1
2026-06-29 14:46:22.041,6.624319,False,21.13739,0.9683184,-9.338448,0,0,0,1,0,0,-1,False,-1,-1,0,0,0,-1
2026-06-29 14:46:22.086,6.668234,False,21.13723,0.9684125,-9.338524,0,0,0,1,0,0,-1,False,-1,-1,0,0,0,-1
2026-06-29 14:46:22.130,6.712323,False,21.13736,0.9683478,-9.338531,0,0,0,1,0,0,-1,False,-1,-1,0,0,0,-1
2026-06-29 14:46:22.163,6.745968,False,21.13735,0.968356,-9.338541,0,0,0,1,0,0,-1,False,-1,-1,0,0,0,-1
2026-06-29 14:46:22.207,6.790103,False,21.13734,0.968281,-9.338502,0,0,0,1,0,0,-1,False,-1,-1,0,0,0,-1
2026-06-29 14:46:22.241,6.824035,False,21.13744,0.9682427,-9.338459,0,0,0,1,0,0,-1,False,-1,-1,0,0,0,-1
2026-06-29 14:46:22.286,6.86823,False,21.13761,0.9680731,-9.338296,0,0,0,1,0,0,-1,False,-1,-1,0,0,0,-1
2026-06-29 14:46:22.329,6.912453,False,21.13756,0.9680484,-9.33823,0,0,0,1,0,0,-1,False,-1,-1,0,0,0,-1
2026-06-29 14:46:22.374,6.957184,False,21.1376,0.9680623,-9.338354,0,0,0,1,0,0,-1,False,-1,-1,0,0,0,-1
2026-06-29 14:46:22.418,7.001194,False,21.13743,0.9680849,-9.338255,0,0,0,1,0,0,-1,False,-1,-1,0,0,0,-1
2026-06-29 14:46:22.464,7.046067,False,21.13741,0.9681538,-9.338328,0,0,0,1,0,0,-1,False,-1,-1,0,0,0,-1
2026-06-29 14:46:22.508,7.090743,False,21.13741,0.9681872,-9.338345,0,0,0,1,0,0,-1,False,-1,-1,0,0,0,-1
2026-06-29 14:46:22.552,7.134568,False,21.13739,0.9682045,-9.338388,0,0,0,1,0,0,-1,False,-1,-1,0,0,0,-1
2026-06-29 14:46:22.596,7.179243,False,21.13732,0.9682195,-9.338502,0,0,0,1,0,0,-1,False,-1,-1,0,0,0,-1
2026-06-29 14:46:22.630,7.212617,False,21.13732,0.9681458,-9.338509,0,0,0,1,0,0,-1,False,-1,-1,0,0,0,-1
2026-06-29 14:46:22.674,7.256651,False,21.13737,0.9681575,-9.338484,0,0,0,1,0,0,-1,False,-1,-1,0,0,0,-1
2026-06-29 14:46:22.719,7.30126,False,21.13735,0.9682152,-9.338461,0,0,0,1,0,0,-1,False,-1,-1,0,0,0,-1
2026-06-29 14:46:22.762,7.345655,False,21.13744,0.9680638,-9.338396,0,0,0,1,0,0,-1,False,-1,-1,0,0,0,-1
2026-06-29 14:46:22.808,7.390028,False,21.13743,0.968033,-9.338436,0,0,0,1,0,0,-1,False,-1,-1,0,0,0,-1
2026-06-29 14:46:22.841,7.423675,False,21.13739,0.9680619,-9.338371,0,0,0,1,0,0,-1,False,-1,-1,0,0,0,-1
2026-06-29 14:46:22.875,7.457705,False,21.13736,0.9681415,-9.338416,0,0,0,1,0,0,-1,False,-1,-1,0,0,0,-1
2026-06-29 14:46:22.918,7.50078,False,21.13741,0.9681934,-9.33847,0,0,0,1,0,0,-1,False,-1,-1,0,0,0,-1
2026-06-29 14:46:22.952,7.534848,False,21.1374,0.9682707,-9.338594,0,0,0,1,0,0,-1,False,-1,-1,0,0,0,-1
2026-06-29 14:46:22.996,7.578683,False,21.13726,0.96824,-9.338434,0,0,0,1,0,0,-1,False,-1,-1,0,0,0,-1
2026-06-29 14:46:23.029,7.612171,False,21.13713,0.9682737,-9.338408,0,0,0,1,0,0,-1,False,-1,-1,0,0,0,-1
2026-06-29 14:46:23.063,7.645579,False,21.13711,0.9682577,-9.338465,0,0,0,1,0,0,-1,False,-1,-1,0,0,0,-1
2026-06-29 14:46:23.106,7.690108,False,21.13711,0.9683125,-9.338565,0,0,0,1,0,0,-1,False,-1,-1,0,0,0,-1
2026-06-29 14:46:23.151,7.734071,False,21.13741,0.9682494,-9.33846,0,0,0,1,0,0,-1,False,-1,-1,0,0,0,-1
2026-06-29 14:46:23.195,7.778536,False,21.13752,0.9682113,-9.338484,0,0,0,1,0,0,-1,False,-1,-1,0,0,0,-1
2026-06-29 14:46:23.229,7.812092,False,21.13757,0.9683251,-9.338593,0,0,0,1,0,0,-1,False,-1,-1,0,0,0,-1
2026-06-29 14:46:23.262,7.845585,False,21.13744,0.9682604,-9.338552,0,0,0,1,0,0,-1,False,-1,-1,0,0,0,-1
2026-06-29 14:46:23.295,7.878952,False,21.13747,0.9682491,-9.338498,0,0,0,1,0,0,-1,False,-1,-1,0,0,0,-1
2026-06-29 14:46:23.330,7.912395,False,21.13748,0.9682985,-9.338599,0,0,0,1,0,0,-1,False,-1,-1,0,0,0,-1
2026-06-29 14:46:23.373,7.957155,False,21.13759,0.9681344,-9.338613,0,0,0,1,0,0,-1,False,-1,-1,0,0,0,-1
2026-06-29 14:46:23.418,8.000629,False,21.1376,0.9680744,-9.338598,0,0,0,1,0,0,-1,False,-1,-1,0,0,0,-1
2026-06-29 14:46:23.451,8.034068,False,21.1375,0.9680677,-9.338541,0,0,0,1,0,0,-1,False,-1,-1,0,0,0,-1
2026-06-29 14:46:23.485,8.068291,False,21.13763,0.968108,-9.338463,0,0,0,1,0,0,-1,False,-1,-1,0,0,0,-1
2026-06-29 14:46:23.529,8.112806,False,21.13756,0.9681643,-9.338528,0,0,0,1,0,0,-1,False,-1,-1,0,0,0,-1
2026-06-29 14:46:23.573,8.156213,False,21.13749,0.9681722,-9.338367,0,0,0,1,0,0,-1,False,-1,-1,0,0,0,-1
2026-06-29 14:46:23.607,8.189631,False,21.13737,0.9682123,-9.338576,0,0,0,1,0,0,-1,False,-1,-1,0,0,0,-1
2026-06-29 14:46:23.640,8.223831,False,21.13738,0.9682354,-9.338674,0,0,0,1,0,0,-1,False,-1,-1,0,0,0,-1
2026-06-29 14:46:23.683,8.267401,False,21.13767,0.9680937,-9.3386,0,0,0,1,0,0,-1,False,-1,-1,0,0,0,-1
2026-06-29 14:46:23.718,8.301324,False,21.13764,0.9680535,-9.338533,0,0,0,1,0,0,-1,False,-1,-1,0,0,0,-1
2026-06-29 14:46:23.762,8.344876,False,21.13768,0.9681479,-9.338558,0,0,0,1,0,0,-1,False,-1,-1,0,0,0,-1
2026-06-29 14:46:23.795,8.378407,False,21.13751,0.9681696,-9.338443,0,0,0,1,0,0,-1,False,-1,-1,0,0,0,-1
2026-06-29 14:46:23.841,8.42339,False,21.13738,0.9682269,-9.338579,0,0,0,1,0,0,-1,False,-1,-1,0,0,0,-1
2026-06-29 14:46:23.874,8.457093,False,21.13732,0.9682466,-9.338593,0,0,0,1,0,0,-1,False,-1,-1,0,0,0,-1
2026-06-29 14:46:23.909,8.49187,False,21.13737,0.9681752,-9.338507,0,0,0,1,0,0,-1,False,-1,-1,0,0,0,-1
2026-06-29 14:46:23.951,8.533878,False,21.13738,0.9682274,-9.338446,0,0,0,1,0,0,-1,False,-1,-1,0,0,0,-1
2026-06-29 14:46:23.985,8.567538,False,21.13745,0.9682195,-9.33849,0,0,0,1,0,0,-1,False,-1,-1,0,0,0,-1
2026-06-29 14:46:24.028,8.611353,False,21.13735,0.9681677,-9.338383,0,0,0,1,0,0,-1,False,-1,-1,0,0,0,-1
2026-06-29 14:46:24.062,8.644835,False,21.13729,0.9682156,-9.33847,0,0,0,1,0,0,-1,False,-1,-1,0,0,0,-1
2026-06-29 14:46:24.095,8.678304,False,21.13732,0.9682075,-9.338484,0,0,0,1,0,0,-1,False,-1,-1,0,0,0,-1
2026-06-29 14:46:24.140,8.722533,False,21.13745,0.9682338,-9.338534,0,0,0,1,0,0,-1,False,-1,-1,0,0,0,-1
2026-06-29 14:46:24.184,8.766866,False,21.13749,0.9682404,-9.338604,0,0,0,1,0,0,-1,False,-1,-1,0,0,0,-1
2026-06-29 14:46:24.217,8.800297,False,21.13754,0.9681625,-9.338573,0,0,0,1,0,0,-1,False,-1,-1,0,0,0,-1
2026-06-29 14:46:24.262,8.844807,False,21.13736,0.9681943,-9.338673,0,0,0,1,0,0,-1,False,-1,-1,0,0,0,-1
2026-06-29 14:46:24.296,8.878915,False,21.13726,0.9682459,-9.338818,0,0,0,1,0,0,-1,False,-1,-1,0,0,0,-1
2026-06-29 14:46:24.340,8.922606,False,21.13742,0.968192,-9.338737,0,0,0,1,0,0,-1,False,-1,-1,0,0,0,-1
2026-06-29 14:46:24.384,8.966777,False,21.13755,0.9680739,-9.338732,0,0,0,1,0,0,-1,False,-1,-1,0,0,0,-1
2026-06-29 14:46:24.418,9.000587,False,21.13765,0.9681067,-9.338724,0,0,0,1,0,0,-1,False,-1,-1,0,0,0,-1
2026-06-29 14:46:24.462,9.044856,False,21.13759,0.9681963,-9.338638,0,0,0,1,0,0,-1,False,-1,-1,0,0,0,-1
2026-06-29 14:46:24.507,9.089971,False,21.13758,0.9680855,-9.338499,0,0,0,1,0,0,-1,False,-1,-1,0,0,0,-1
2026-06-29 14:46:24.550,9.13328,False,21.1376,0.9680792,-9.338545,0,0,0,1,0,0,-1,False,-1,-1,0,0,0,-1
2026-06-29 14:46:24.584,9.166883,False,21.13748,0.9681514,-9.338658,0,0,0,1,0,0,-1,False,-1,-1,0,0,0,-1
2026-06-29 14:46:24.636,9.211188,False,21.13751,0.9681219,-9.338496,0,0,0,1,0,0,-1,False,-1,-1,0,0,0,-1
2026-06-29 14:46:24.662,9.244864,False,21.13754,0.9681008,-9.338554,0,0,0,1,0,0,-1,False,-1,-1,0,0,0,-1
2026-06-29 14:46:24.705,9.289283,False,21.13741,0.96806,-9.338577,0,0,0,1,0,0,-1,False,-1,-1,0,0,0,-1
2026-06-29 14:46:24.750,9.333241,False,21.13765,0.9680012,-9.338476,0,0,0,1,0,0,-1,False,-1,-1,0,0,0,-1
2026-06-29 14:46:24.784,9.366749,False,21.13761,0.9679952,-9.338509,0,0,0,1,0,0,-1,False,-1,-1,0,0,0,-1
2026-06-29 14:46:24.828,9.411185,False,21.13745,0.9681147,-9.338646,0,0,0,1,0,0,-1,False,-1,-1,0,0,0,-1
2026-06-29 14:46:24.861,9.444638,False,21.13748,0.9681434,-9.338659,0,0,0,1,0,0,-1,False,-1,-1,0,0,0,-1
2026-06-29 14:46:24.895,9.477974,False,21.13753,0.968108,-9.338591,0,0,0,1,0,0,-1,False,-1,-1,0,0,0,-1
2026-06-29 14:46:24.940,9.523339,False,21.13758,0.9681295,-9.338596,0,0,0,1,0,0,-1,False,-1,-1,0,0,0,-1
2026-06-29 14:46:24.974,9.556895,False,21.13757,0.9680285,-9.338552,0,0,0,1,0,0,-1,False,-1,-1,0,0,0,-1
2026-06-29 14:46:25.017,9.600139,False,21.13763,0.968042,-9.338478,0,0,0,1,0,0,-1,False,-1,-1,0,0,0,-1
2026-06-29 14:46:25.061,9.644256,False,21.13772,0.9679312,-9.338589,0,0,0,1,0,0,-1,False,-1,-1,0,0,0,-1
2026-06-29 14:46:25.095,9.678001,False,21.13763,0.9679969,-9.338711,0,0,0,1,0,0,-1,False,-1,-1,0,0,0,-1
2026-06-29 14:46:25.139,9.72206,False,21.13773,0.9679826,-9.338671,0,0,0,1,0,0,-1,False,-1,-1,0,0,0,-1
2026-06-29 14:46:25.172,9.755683,False,21.13765,0.9680362,-9.338636,0,0,0,1,0,0,-1,False,-1,-1,0,0,0,-1
2026-06-29 14:46:25.218,9.800014,False,21.13767,0.968,-9.338596,0,0,0,1,0,0,-1,False,-1,-1,0,0,0,-1
2026-06-29 14:46:25.261,9.8442,False,21.1378,0.9680188,-9.338743,0,0,0,1,0,0,-1,False,-1,-1,0,0,0,-1
2026-06-29 14:46:25.295,9.877836,False,21.13776,0.9680427,-9.338779,0,0,0,1,0,0,-1,False,-1,-1,0,0,0,-1
2026-06-29 14:46:25.329,9.912292,False,21.13782,0.9680399,-9.338601,0,0,0,1,0,0,-1,False,-1,-1,0,0,0,-1
2026-06-29 14:46:25.373,9.955479,False,21.13774,0.9679739,-9.338516,0,0,0,1,0,0,-1,False,-1,-1,0,0,0,-1
2026-06-29 14:46:25.407,9.989715,False,21.1377,0.9680116,-9.338568,0,0,0,1,0,0,-1,False,-1,-1,0,0,0,-1
2026-06-29 14:46:25.452,10.03482,False,21.1376,0.9681224,-9.338709,0,0,0,1,0,0,-1,False,-1,-1,0,0,0,-1
2026-06-29 14:46:25.495,10.07806,False,21.13759,0.968098,-9.338591,0,0,0,1,0,0,-1,False,-1,-1,0,0,0,-1
2026-06-29 14:46:25.530,10.11216,False,21.13772,0.9680298,-9.338692,0,0,0,1,0,0,-1,False,-1,-1,0,0,0,-1
2026-06-29 14:46:25.564,10.14604,False,21.13782,0.9679922,-9.338742,0,0,0,1,0,0,-1,False,-1,-1,0,0,0,-1
2026-06-29 14:46:25.607,10.18905,False,21.13781,0.9679577,-9.33881,0,0,0,1,0,0,-1,False,-1,-1,0,0,0,-1
2026-06-29 14:46:25.640,10.22288,False,21.13781,0.9678847,-9.33889,0,0,0,1,0,0,-1,False,-1,-1,0,0,0,-1
2026-06-29 14:46:25.684,10.26691,False,21.13768,0.9679141,-9.338614,0,0,0,1,0,0,-1,False,-1,-1,0,0,0,-1
2026-06-29 14:46:25.718,10.30099,False,21.13768,0.9679397,-9.338586,0,0,0,1,0,0,-1,False,-1,-1,0,0,0,-1
2026-06-29 14:46:25.751,10.33466,False,21.13769,0.968024,-9.338739,0,0,0,1,0,0,-1,False,-1,-1,0,0,0,-1
2026-06-29 14:46:25.796,10.37873,False,21.13774,0.9680695,-9.338686,0,0,0,1,0,0,-1,False,-1,-1,0,0,0,-1
2026-06-29 14:46:25.840,10.42218,False,21.13774,0.9681245,-9.338737,0,0,0,1,0,0,-1,False,-1,-1,0,0,0,-1
2026-06-29 14:46:25.874,10.45599,False,21.13775,0.9680079,-9.338747,0,0,0,1,0,0,-1,False,-1,-1,0,0,0,-1
2026-06-29 14:46:25.906,10.48933,False,21.1377,0.96802,-9.338666,0,0,0,1,0,0,-1,False,-1,-1,0,0,0,-1
2026-06-29 14:46:25.940,10.52271,False,21.13764,0.9680622,-9.338638,0,0,0,1,0,0,-1,False,-1,-1,0,0,0,-1
2026-06-29 14:46:25.973,10.55607,False,21.13772,0.9680523,-9.338644,0,0,0,1,0,0,-1,False,-1,-1,0,0,0,-1
2026-06-29 14:46:26.008,10.59044,False,21.13762,0.9681183,-9.338675,0,0,0,1,0,0,-1,False,-1,-1,0,0,0,-1
2026-06-29 14:46:26.051,10.63366,False,21.13766,0.9681084,-9.338728,0,0,0,1,0,0,-1,False,-1,-1,0,0,0,-1
2026-06-29 14:46:26.085,10.66784,False,21.13776,0.9680275,-9.338562,0,0,0,1,0,0,-1,False,-1,-1,0,0,0,-1
2026-06-29 14:46:26.129,10.7115,False,21.13785,0.9680002,-9.338705,0,0,0,1,0,0,-1,False,-1,-1,0,0,0,-1
2026-06-29 14:46:26.171,10.7549,False,21.13782,0.9680435,-9.338653,0,0,0,1,0,0,-1,False,-1,-1,0,0,0,-1
2026-06-29 14:46:26.217,10.79932,False,21.13761,0.9681133,-9.338579,0,0,0,1,0,0,-1,False,-1,-1,0,0,0,-1
2026-06-29 14:46:26.260,10.84336,False,21.13751,0.9681564,-9.338781,0,0,0,1,0,0,-1,False,-1,-1,0,0,0,-1
2026-06-29 14:46:26.294,10.87682,False,21.13755,0.9681513,-9.33891,0,0,0,1,0,0,-1,False,-1,-1,0,0,0,-1
2026-06-29 14:46:26.327,10.9102,False,21.13779,0.9680529,-9.339004,0,0,0,1,0,0,-1,False,-1,-1,0,0,0,-1
2026-06-29 14:46:26.361,10.94441,False,21.13778,0.9680064,-9.338831,0,0,0,1,0,0,-1,False,-1,-1,0,0,0,-1
2026-06-29 14:46:26.406,10.98874,False,21.13785,0.9680566,-9.338734,0,0,0,1,0,0,-1,False,-1,-1,0,0,0,-1
2026-06-29 14:46:26.452,11.03475,False,21.13778,0.9679633,-9.338693,0,0,0,1,0,0,-1,False,-1,-1,0,0,0,-1
2026-06-29 14:46:26.495,11.07779,False,21.13785,0.9679736,-9.338733,0,0,0,1,0,0,-1,False,-1,-1,0,0,0,-1
2026-06-29 14:46:26.541,11.12396,False,21.13759,0.9681047,-9.338776,0,0,0,1,0,0,-1,False,-1,-1,0,0,0,-1
2026-06-29 14:46:26.584,11.16679,False,21.13761,0.9681312,-9.338798,0,0,0,1,0,0,-1,False,-1,-1,0,0,0,-1
2026-06-29 14:46:26.618,11.20046,False,21.13754,0.9680997,-9.338748,0,0,0,1,0,0,-1,False,-1,-1,0,0,0,-1
2026-06-29 14:46:26.659,11.24253,False,21.13769,0.9680606,-9.338705,0,0,0,1,0,0,-1,False,-1,-1,0,0,0,-1
2026-06-29 14:46:26.693,11.27601,False,21.13759,0.968052,-9.338655,0,0,0,1,0,0,-1,False,-1,-1,0,0,0,-1
2026-06-29 14:46:26.727,11.31016,False,21.13774,0.9680908,-9.338578,0,0,0,1,0,0,-1,False,-1,-1,0,0,0,-1
2026-06-29 14:46:26.770,11.35378,False,21.13762,0.9679803,-9.338418,0,0,0,1,0,0,-1,False,-1,-1,0,0,0,-1
2026-06-29 14:46:26.815,11.39818,False,21.13757,0.9681253,-9.338619,0,0,0,1,0,0,-1,False,-1,-1,0,0,0,-1
2026-06-29 14:46:26.849,11.43215,False,21.13758,0.9681146,-9.338621,0,0,0,1,0,0,-1,False,-1,-1,0,0,0,-1
2026-06-29 14:46:26.892,11.47582,False,21.13772,0.9679703,-9.33865,0,0,0,1,0,0,-1,False,-1,-1,0,0,0,-1
2026-06-29 14:46:26.926,11.50933,False,21.1377,0.9680268,-9.338795,0,0,0,1,0,0,-1,False,-1,-1,0,0,0,-1
2026-06-29 14:46:26.960,11.54274,False,21.13769,0.9680528,-9.338828,0,0,0,1,0,0,-1,False,-1,-1,0,0,0,-1
2026-06-29 14:46:27.004,11.58699,False,21.13778,0.9680675,-9.338748,0,0,0,1,0,0,-1,False,-1,-1,0,0,0,-1
2026-06-29 14:46:27.039,11.62171,False,21.13782,0.9680966,-9.338825,0,0,0,1,0,0,-1,False,-1,-1,0,0,0,-1
2026-06-29 14:46:27.072,11.6555,False,21.13789,0.96805,-9.338855,0,0,0,1,0,0,-1,False,-1,-1,0,0,0,-1
2026-06-29 14:46:27.116,11.69895,False,21.13791,0.9680671,-9.338779,0,0,0,1,0,0,-1,False,-1,-1,0,0,0,-1
2026-06-29 14:46:27.160,11.74385,False,21.13781,0.9680217,-9.338642,0,0,0,1,0,0,-1,False,-1,-1,0,0,0,-1
2026-06-29 14:46:27.205,11.78776,False,21.13773,0.9681165,-9.338583,0,0,0,1,0,0,-1,False,-1,-1,0,0,0,-1
2026-06-29 14:46:27.239,11.82186,False,21.13773,0.9680904,-9.338845,0,0,0,1,0,0,-1,False,-1,-1,0,0,0,-1
2026-06-29 14:46:27.283,11.86568,False,21.13772,0.9681828,-9.338814,0,0,0,1,0,0,-1,False,-1,-1,0,0,0,-1
2026-06-29 14:46:27.316,11.8994,False,21.13763,0.968252,-9.338805,0,0,0,1,0,0,-1,False,-1,-1,0,0,0,-1
2026-06-29 14:46:27.360,11.94314,False,21.1376,0.968238,-9.338735,0,0,0,1,0,0,-1,False,-1,-1,0,0,0,-1
2026-06-29 14:46:27.395,11.97779,False,21.13762,0.9681844,-9.338787,0,0,0,1,0,0,-1,False,-1,-1,0,0,0,-1
2026-06-29 14:46:27.439,12.02137,False,21.1377,0.9681286,-9.338812,0,0,0,1,0,0,-1,False,-1,-1,0,0,0,-1
2026-06-29 14:46:27.472,12.05508,False,21.13768,0.9681177,-9.338786,0,0,0,1,0,0,-1,False,-1,-1,0,0,0,-1
2026-06-29 14:46:27.516,12.09882,False,21.13767,0.9681012,-9.338766,0,0,0,1,0,0,-1,False,-1,-1,0,0,0,-1
2026-06-29 14:46:27.550,12.13252,False,21.13758,0.9680762,-9.338682,0,0,0,1,0,0,-1,False,-1,-1,0,0,0,-1
2026-06-29 14:46:27.584,12.166,False,21.13757,0.9680552,-9.338676,0,0,0,1,0,0,-1,False,-1,-1,0,0,0,-1
2026-06-29 14:46:27.617,12.19971,False,21.13757,0.9681087,-9.338535,0,0,0,1,0,0,-1,False,-1,-1,0,0,0,-1
2026-06-29 14:46:27.660,12.2433,False,21.13759,0.9681406,-9.338679,0,0,0,1,0,0,-1,False,-1,-1,0,0,0,-1
2026-06-29 14:46:27.703,12.28727,False,21.13769,0.9681278,-9.338779,0,0,0,1,0,0,-1,False,-1,-1,0,0,0,-1
2026-06-29 14:46:27.739,12.32146,False,21.13755,0.9682081,-9.338787,0,0,0,1,0,0,-1,False,-1,-1,0,0,0,-1
2026-06-29 14:46:27.782,12.36497,False,21.13771,0.9682793,-9.3388,0,0,0,1,0,0,-1,False,-1,-1,0,0,0,-1
2026-06-29 14:46:27.816,12.39874,False,21.13771,0.9681388,-9.338697,0,0,0,1,0,0,-1,False,-1,-1,0,0,0,-1
2026-06-29 14:46:27.860,12.44304,False,21.13757,0.9682757,-9.338799,0,0,0,1,0,0,-1,False,-1,-1,0,0,0,-1
2026-06-29 14:46:27.893,12.47641,False,21.1376,0.9683249,-9.338877,0,0,0,1,0,0,-1,False,-1,-1,0,0,0,-1
2026-06-29 14:46:27.927,12.51002,False,21.1375,0.9683277,-9.338766,0,0,0,1,0,0,-1,False,-1,-1,0,0,0,-1
2026-06-29 14:46:27.961,12.54369,False,21.13753,0.9682618,-9.338683,0,0,0,1,0,0,-1,False,-1,-1,0,0,0,-1
2026-06-29 14:46:28.005,12.58776,False,21.13748,0.9683005,-9.33868,0,0,0,1,0,0,-1,False,-1,-1,0,0,0,-1
2026-06-29 14:46:28.049,12.63158,False,21.13746,0.9681976,-9.338661,0,0,0,1,0,0,-1,False,-1,-1,0,0,0,-1
2026-06-29 14:46:28.083,12.66598,False,21.13751,0.9682085,-9.338727,0,0,0,1,0,0,-1,False,-1,-1,0,0,0,-1
2026-06-29 14:46:28.117,12.69991,False,21.1377,0.9679688,-9.338745,0,0,0,1,0,0,-1,False,-1,-1,0,0,0,-1
2026-06-29 14:46:28.161,12.74341,False,21.13772,0.9679765,-9.33885,0,0,0,1,0,0,-1,False,-1,-1,0,0,0,-1
2026-06-29 14:46:28.194,12.77697,False,21.13758,0.9681011,-9.338781,0,0,0,1,0,0,-1,False,-1,-1,0,0,0,-1
2026-06-29 14:46:28.239,12.8212,False,21.13764,0.9681638,-9.338905,0,0,0,1,0,0,-1,False,-1,-1,0,0,0,-1
2026-06-29 14:46:28.273,12.85527,False,21.13752,0.9680654,-9.33885,0,0,0,1,0,0,-1,False,-1,-1,0,0,0,-1
2026-06-29 14:46:28.316,12.89934,False,21.1377,0.9680195,-9.338831,0,0,0,1,0,0,-1,False,-1,-1,0,0,0,-1
2026-06-29 14:46:28.362,12.94388,False,21.13753,0.968088,-9.33885,0,0,0,1,0,0,-1,False,-1,-1,0,0,0,-1
2026-06-29 14:46:28.403,12.98709,False,21.13738,0.9682056,-9.338911,0,0,0,1,0,0,-1,False,-1,-1,0,0,0,-1
2026-06-29 14:46:28.437,13.02072,False,21.13745,0.9682213,-9.338831,0,0,0,1,0,0,-1,False,-1,-1,0,0,0,-1
2026-06-29 14:46:28.471,13.0542,False,21.13742,0.9682962,-9.338796,0,0,0,1,0,0,-1,False,-1,-1,0,0,0,-1
2026-06-29 14:46:28.517,13.09898,False,21.13743,0.9682791,-9.338801,0,0,0,1,0,0,-1,False,-1,-1,0,0,0,-1
2026-06-29 14:46:28.560,13.14283,False,21.13749,0.9681661,-9.338676,0,0,0,1,0,0,-1,False,-1,-1,0,0,0,-1
2026-06-29 14:46:28.604,13.18731,False,21.13752,0.9680921,-9.338793,0,0,0,1,0,0,-1,False,-1,-1,0,0,0,-1
2026-06-29 14:46:28.650,13.23314,False,21.13769,0.9681997,-9.338812,0,0,0,1,0,0,-1,False,-1,-1,0,0,0,-1
2026-06-29 14:46:28.694,13.27653,False,21.13774,0.9681083,-9.338853,0,0,0,1,0,0,-1,False,-1,-1,0,0,0,-1
2026-06-29 14:46:28.738,13.32052,False,21.13768,0.9680658,-9.338829,0,0,0,1,0,0,-1,False,-1,-1,0,0,0,-1
2026-06-29 14:46:28.772,13.3548,False,21.13771,0.9679823,-9.338791,0,0,0,1,0,0,-1,False,-1,-1,0,0,0,-1
2026-06-29 14:46:28.815,13.39825,False,21.13774,0.9681006,-9.338854,0,0,0,1,0,0,-1,False,-1,-1,0,0,0,-1
2026-06-29 14:46:28.860,13.4426,False,21.13777,0.9680821,-9.338722,0,0,0,1,0,0,-1,False,-1,-1,0,0,0,-1
2026-06-29 14:46:28.892,13.47604,False,21.1379,0.9680693,-9.338793,0,0,0,1,0,0,-1,False,-1,-1,0,0,0,-1
2026-06-29 14:46:28.937,13.52022,False,21.13774,0.9681079,-9.338964,0,0,0,1,0,0,-1,False,-1,-1,0,0,0,-1
2026-06-29 14:46:28.982,13.56494,False,21.1377,0.9681039,-9.338761,0,0,0,1,0,0,-1,False,-1,-1,0,0,0,-1
2026-06-29 14:46:29.015,13.59861,False,21.13768,0.9680088,-9.338597,0,0,0,1,0,0,-1,False,-1,-1,0,0,0,-1
2026-06-29 14:46:29.060,13.64244,False,21.13763,0.9680518,-9.338503,0,0,0,1,0,0,-1,False,-1,-1,0,0,0,-1
2026-06-29 14:46:29.093,13.6762,False,21.13758,0.9680817,-9.338473,0,0,0,1,0,0,-1,False,-1,-1,0,0,0,-1
2026-06-29 14:46:29.139,13.72135,False,21.13764,0.968146,-9.338684,0,0,0,1,0,0,-1,False,-1,-1,0,0,0,-1
2026-06-29 14:46:29.181,13.76426,False,21.13755,0.9682708,-9.338793,0,0,0,1,0,0,-1,False,-1,-1,0,0,0,-1
2026-06-29 14:46:29.215,13.79776,False,21.13711,0.968285,-9.339756,0,0,0,1,0,0,-1,False,-1,-1,0,0,0,-1
2026-06-29 14:46:29.248,13.83119,False,21.13691,0.9681661,-9.3395,0,0,0,1,0,0,-1,False,-1,-1,0,0,0,-1
2026-06-29 14:46:29.282,13.86483,False,21.13736,0.9681973,-9.339151,0,0,0,1,0,0,-1,False,-1,-1,0,0,0,-1
2026-06-29 14:46:29.326,13.90895,False,21.13822,0.968439,-9.339275,0,0,0,1,0,0,-1,False,-1,-1,0,0,0,-1
2026-06-29 14:46:29.359,13.94253,False,21.13768,0.9682431,-9.339329,0,0,0,1,0,0,-1,False,-1,-1,0,0,0,-1
2026-06-29 14:46:29.392,13.97591,False,21.1369,0.9679601,-9.339241,0,0,0,1,0,0,-1,False,-1,-1,0,0,0,-1
2026-06-29 14:46:29.426,14.00939,False,21.13737,0.9681993,-9.338417,0,0,0,1,0,0,-1,False,-1,-1,0,0,0,-1
2026-06-29 14:46:29.470,14.05326,False,21.13836,0.9682591,-9.338855,0,0,0,1,0,0,-1,False,-1,-1,0,0,0,-1
2026-06-29 14:46:29.515,14.09811,False,21.13778,0.9681706,-9.338812,0,0,0,1,0,0,-1,False,-1,-1,0,0,0,-1
2026-06-29 14:46:29.549,14.13178,False,21.1375,0.9682628,-9.339643,0,0,0,1,0,0,-1,False,-1,-1,0,0,0,-1
2026-06-29 14:46:29.593,14.17567,False,21.1374,0.9682408,-9.338655,0,0,0,1,0,0,-1,False,-1,-1,0,0,0,-1
2026-06-29 14:46:29.637,14.22015,False,21.13751,0.9682928,-9.338486,0,0,0,1,0,0,-1,False,-1,-1,0,0,0,-1
2026-06-29 14:46:29.681,14.26402,False,21.1378,0.9682674,-9.338665,0,0,0,1,0,0,-1,False,-1,-1,0,0,0,-1
2026-06-29 14:46:29.715,14.29771,False,21.13749,0.9682637,-9.339094,0,0,0,1,0,0,-1,False,-1,-1,0,0,0,-1
2026-06-29 14:46:29.759,14.34197,False,21.13756,0.9681877,-9.338814,0,0,0,1,0,0,-1,False,-1,-1,0,0,0,-1
2026-06-29 14:46:29.793,14.37598,False,21.13772,0.9680961,-9.338539,0,0,0,1,0,0,-1,False,-1,-1,0,0,0,-1
2026-06-29 14:46:29.836,14.41998,False,21.13777,0.9680546,-9.338637,0,0,0,1,0,0,-1,False,-1,-1,0,0,0,-1
2026-06-29 14:46:29.881,14.46408,False,21.13757,0.9682058,-9.338932,0,0,0,1,0,0,-1,False,-1,-1,0,0,0,-1
2026-06-29 14:46:29.915,14.49838,False,21.13751,0.9681478,-9.338858,0,0,0,1,0,0,-1,False,-1,-1,0,0,0,-1
2026-06-29 14:46:29.960,14.54222,False,21.13751,0.9680874,-9.338406,0,0,0,1,0,0,-1,False,-1,-1,0,0,0,-1
2026-06-29 14:46:30.003,14.58613,False,21.13756,0.9680569,-9.338428,0,0,0,1,0,0,-1,False,-1,-1,0,0,0,-1
2026-06-29 14:46:30.037,14.62007,False,21.13752,0.9680036,-9.338768,0,0,0,1,0,0,-1,False,-1,-1,0,0,0,-1
2026-06-29 14:46:30.081,14.66407,False,21.13744,0.9681233,-9.339081,0,0,0,1,0,0,-1,False,-1,-1,0,0,0,-1
2026-06-29 14:46:30.115,14.69741,False,21.13755,0.9681196,-9.338781,0,0,0,1,0,0,-1,False,-1,-1,0,0,0,-1
2026-06-29 14:46:30.159,14.7417,False,21.13766,0.9680667,-9.338545,0,0,0,1,0,0,-1,False,-1,-1,0,0,0,-1
2026-06-29 14:46:30.194,14.77623,False,21.13754,0.9680952,-9.338783,0,0,0,1,0,0,-1,False,-1,-1,0,0,0,-1
2026-06-29 14:46:30.226,14.8097,False,21.13732,0.9680676,-9.338828,0,0,0,1,0,0,-1,False,-1,-1,0,0,0,-1
2026-06-29 14:46:30.270,14.85354,False,21.13735,0.9680791,-9.338722,0,0,0,1,0,0,-1,False,-1,-1,0,0,0,-1
2026-06-29 14:46:30.315,14.89798,False,21.13755,0.9681224,-9.338446,0,0,0,1,0,0,-1,False,-1,-1,0,0,0,-1
2026-06-29 14:46:30.359,14.94195,False,21.1376,0.9681702,-9.338572,0,0,0,1,0,0,-1,False,-1,-1,0,0,0,-1
2026-06-29 14:46:30.403,14.98621,False,21.13734,0.968051,-9.338601,0,0,0,1,0,0,-1,False,-1,-1,0,0,0,-1
2026-06-29 14:46:30.436,15.01973,False,21.13728,0.9680428,-9.338589,0,0,0,1,0,0,-1,False,-1,-1,0,0,0,-1
2026-06-29 14:46:30.470,15.05353,False,21.13737,0.9681579,-9.338458,0,0,0,1,0,0,-1,False,-1,-1,0,0,0,-1
2026-06-29 14:46:30.513,15.09731,False,21.13758,0.9681182,-9.3384,0,0,0,1,0,0,-1,False,-1,-1,0,0,0,-1
2026-06-29 14:46:30.559,15.14176,False,21.13749,0.9681942,-9.338654,0,0,0,1,0,0,-1,False,-1,-1,0,0,0,-1
2026-06-29 14:46:30.593,15.17533,False,21.13741,0.9681188,-9.338605,0,0,0,1,0,0,-1,False,-1,-1,0,0,0,-1
2026-06-29 14:46:30.636,15.21931,False,21.13736,0.9682478,-9.338587,0,0,0,1,0,0,-1,False,-1,-1,0,0,0,-1
2026-06-29 14:46:30.669,15.25279,False,21.13739,0.9683123,-9.33847,0,0,0,1,0,0,-1,False,-1,-1,0,0,0,-1
2026-06-29 14:46:30.715,15.29741,False,21.13736,0.9681752,-9.338652,0,0,0,1,0,0,-1,False,-1,-1,0,0,0,-1
2026-06-29 14:46:30.759,15.34148,False,21.13735,0.9682232,-9.338743,0,0,0,1,0,0,-1,False,-1,-1,0,0,0,-1
2026-06-29 14:46:30.792,15.37493,False,21.13738,0.9681926,-9.338618,0,0,0,1,0,0,-1,False,-1,-1,0,0,0,-1
2026-06-29 14:46:30.826,15.40866,False,21.13743,0.9682127,-9.33865,0,0,0,1,0,0,-1,False,-1,-1,0,0,0,-1
2026-06-29 14:46:30.869,15.45287,False,21.13743,0.9682373,-9.338671,0,0,0,1,0,0,-1,False,-1,-1,0,0,0,-1
2026-06-29 14:46:30.914,15.49693,False,21.13743,0.9681914,-9.338665,0,0,0,1,0,0,-1,False,-1,-1,0,0,0,-1
2026-06-29 14:46:30.948,15.53029,False,21.13747,0.9682329,-9.338694,0,0,0,1,0,0,-1,False,-1,-1,0,0,0,-1
2026-06-29 14:46:30.982,15.56438,False,21.13752,0.9682052,-9.338722,0,0,0,1,0,0,-1,False,-1,-1,0,0,0,-1
2026-06-29 14:46:31.025,15.60843,False,21.1374,0.9681961,-9.338705,0,0,0,1,0,0,-1,False,-1,-1,0,0,0,-1
2026-06-29 14:46:31.059,15.64189,False,21.13729,0.9682282,-9.338768,0,0,0,1,0,0,-1,False,-1,-1,0,0,0,-1
2026-06-29 14:46:31.092,15.67523,False,21.13722,0.9682575,-9.33886,0,0,0,1,0,0,-1,False,-1,-1,0,0,0,-1
2026-06-29 14:46:31.136,15.71905,False,21.13717,0.9682161,-9.338742,0,0,0,1,0,0,-1,False,-1,-1,0,0,0,-1
2026-06-29 14:46:31.169,15.75253,False,21.13714,0.9682872,-9.338682,0,0,0,1,0,0,-1,False,-1,-1,0,0,0,-1
2026-06-29 14:46:31.215,15.79757,False,21.13722,0.9682856,-9.338896,0,0,0,1,0,0,-1,False,-1,-1,0,0,0,-1
2026-06-29 14:46:31.249,15.83112,False,21.13749,0.9680881,-9.338698,0,0,0,1,0,0,-1,False,-1,-1,0,0,0,-1
2026-06-29 14:46:31.292,15.87499,False,21.13736,0.9681857,-9.338621,0,0,0,1,0,0,-1,False,-1,-1,0,0,0,-1
2026-06-29 14:46:31.336,15.91897,False,21.13742,0.9681879,-9.338567,0,0,0,1,0,0,-1,False,-1,-1,0,0,0,-1
2026-06-29 14:46:31.369,15.95247,False,21.13751,0.9681333,-9.338655,0,0,0,1,0,0,-1,False,-1,-1,0,0,0,-1
2026-06-29 14:46:31.413,15.9968,False,21.13743,0.9681373,-9.33873,0,0,0,1,0,0,-1,False,-1,-1,0,0,0,-1
2026-06-29 14:46:31.447,16.03025,False,21.13744,0.9681701,-9.338724,0,0,0,1,0,0,-1,False,-1,-1,0,0,0,-1
2026-06-29 14:46:31.481,16.06435,False,21.13753,0.9681339,-9.33873,0,0,0,1,0,0,-1,False,-1,-1,0,0,0,-1
2026-06-29 14:46:31.525,16.10802,False,21.13755,0.9680228,-9.338701,0,0,0,1,0,0,-1,False,-1,-1,0,0,0,-1
2026-06-29 14:46:31.569,16.15219,False,21.13753,0.9680811,-9.338785,0,0,0,1,0,0,-1,False,-1,-1,0,0,0,-1
2026-06-29 14:46:31.603,16.18642,False,21.13751,0.9681357,-9.338733,0,0,0,1,0,0,-1,False,-1,-1,0,0,0,-1
2026-06-29 14:46:31.647,16.22993,False,21.13751,0.968103,-9.338582,0,0,0,1,0,0,-1,False,-1,-1,0,0,0,-1
2026-06-29 14:46:31.692,16.27444,False,21.13735,0.9681112,-9.338505,0,0,0,1,0,0,-1,False,-1,-1,0,0,0,-1
2026-06-29 14:46:31.726,16.30879,False,21.13719,0.9682404,-9.338589,0,0,0,1,0,0,-1,False,-1,-1,0,0,0,-1
2026-06-29 14:46:31.770,16.35239,False,21.13721,0.9682257,-9.338613,0,0,0,1,0,0,-1,False,-1,-1,0,0,0,-1
2026-06-29 14:46:31.812,16.39633,False,21.1372,0.9682645,-9.338576,0,0,0,1,0,0,-1,False,-1,-1,0,0,0,-1
2026-06-29 14:46:31.847,16.43018,False,21.13735,0.9682669,-9.338737,0,0,0,1,0,0,-1,False,-1,-1,0,0,0,-1
2026-06-29 14:46:31.881,16.46354,False,21.13744,0.9683067,-9.338839,0,0,0,1,0,0,-1,False,-1,-1,0,0,0,-1
2026-06-29 14:46:31.925,16.5078,False,21.13746,0.9682679,-9.338846,0,0,0,1,0,0,-1,False,-1,-1,0,0,0,-1
2026-06-29 14:46:31.969,16.55184,False,21.13737,0.9682374,-9.33896,0,0,0,1,0,0,-1,False,-1,-1,0,0,0,-1
2026-06-29 14:46:32.002,16.5853,False,21.13739,0.9681494,-9.338863,0,0,0,1,0,0,-1,False,-1,-1,0,0,0,-1
2026-06-29 14:46:32.035,16.61898,False,21.13747,0.9681935,-9.338689,0,0,0,1,0,0,-1,False,-1,-1,0,0,0,-1
2026-06-29 14:46:32.069,16.65268,False,21.13745,0.9681556,-9.338696,0,0,0,1,0,0,-1,False,-1,-1,0,0,0,-1
2026-06-29 14:46:32.113,16.69673,False,21.13745,0.9681803,-9.338644,0,0,0,1,0,0,-1,False,-1,-1,0,0,0,-1
2026-06-29 14:46:32.158,16.74102,False,21.13747,0.9682114,-9.338652,0,0,0,1,0,0,-1,False,-1,-1,0,0,0,-1
2026-06-29 14:46:32.203,16.78541,False,21.13739,0.9682524,-9.338675,0,0,0,1,0,0,-1,False,-1,-1,0,0,0,-1
2026-06-29 14:46:32.235,16.81883,False,21.13744,0.9682465,-9.338692,0,0,0,1,0,0,-1,False,-1,-1,0,0,0,-1
2026-06-29 14:46:32.270,16.85301,False,21.13757,0.9682015,-9.338659,0,0,0,1,0,0,-1,False,-1,-1,0,0,0,-1
2026-06-29 14:46:32.314,16.89726,False,21.13749,0.9682596,-9.338676,0,0,0,1,0,0,-1,False,-1,-1,0,0,0,-1
2026-06-29 14:46:32.358,16.94129,False,21.13739,0.9682963,-9.338685,0,0,0,1,0,0,-1,False,-1,-1,0,0,0,-1
2026-06-29 14:46:32.401,16.98511,False,21.13731,0.9682928,-9.338642,0,0,0,1,0,0,-1,False,-1,-1,0,0,0,-1
2026-06-29 14:46:32.435,17.01845,False,21.13727,0.9682279,-9.33857,0,0,0,1,0,0,-1,False,-1,-1,0,0,0,-1
2026-06-29 14:46:32.469,17.05201,False,21.13737,0.9681782,-9.338518,0,0,0,1,0,0,-1,False,-1,-1,0,0,0,-1
2026-06-29 14:46:32.513,17.09608,False,21.13738,0.9683556,-9.33878,0,0,0,1,0,0,-1,False,-1,-1,0,0,0,-1
2026-06-29 14:46:32.547,17.1295,False,21.13751,0.9682353,-9.338648,0,0,0,1,0,0,-1,False,-1,-1,0,0,0,-1
2026-06-29 14:46:32.580,17.16294,False,21.13746,0.9681983,-9.338543,0,0,0,1,0,0,-1,False,-1,-1,0,0,0,-1
2026-06-29 14:46:32.613,17.19685,False,21.13742,0.9682172,-9.33852,0,0,0,1,0,0,-1,False,-1,-1,0,0,0,-1
2026-06-29 14:46:32.658,17.24067,False,21.1374,0.968192,-9.338505,0,0,0,1,0,0,-1,False,-1,-1,0,0,0,-1
2026-06-29 14:46:32.691,17.27405,False,21.13748,0.9681444,-9.338434,0,0,0,1,0,0,-1,False,-1,-1,0,0,0,-1
2026-06-29 14:46:32.726,17.30803,False,21.1375,0.9680912,-9.338474,0,0,0,1,0,0,-1,False,-1,-1,0,0,0,-1
2026-06-29 14:46:32.770,17.35229,False,21.13735,0.9681648,-9.338711,0,0,0,1,0,0,-1,False,-1,-1,0,0,0,-1
2026-06-29 14:46:32.818,17.39604,False,21.13743,0.9681229,-9.338564,0,0,0,1,0,0,-1,False,-1,-1,0,0,0,-1
2026-06-29 14:46:32.847,17.43029,False,21.13742,0.9682208,-9.338457,0,0,0,1,0,0,-1,False,-1,-1,0,0,0,-1
2026-06-29 14:46:32.891,17.47434,False,21.13729,0.968264,-9.338453,0,0,0,1,0,0,-1,False,-1,-1,0,0,0,-1
2026-06-29 14:46:32.936,17.51854,False,21.13721,0.9683366,-9.338659,0,0,0,1,0,0,-1,False,-1,-1,0,0,0,-1
2026-06-29 14:46:32.969,17.55203,False,21.13737,0.9683097,-9.33868,0,0,0,1,0,0,-1,False,-1,-1,0,0,0,-1
2026-06-29 14:46:33.003,17.58581,False,21.13738,0.9683692,-9.338786,0,0,0,1,0,0,-1,False,-1,-1,0,0,0,-1
2026-06-29 14:46:33.046,17.62953,False,21.13743,0.9683514,-9.338667,0,0,0,1,0,0,-1,False,-1,-1,0,0,0,-1
2026-06-29 14:46:33.080,17.66292,False,21.13749,0.9683973,-9.338731,0,0,0,1,0,0,-1,False,-1,-1,0,0,0,-1
2026-06-29 14:46:33.124,17.70719,False,21.1373,0.9683674,-9.338784,0,0,0,1,0,0,-1,False,-1,-1,0,0,0,-1
2026-06-29 14:46:33.158,17.74055,False,21.13721,0.968313,-9.338688,0,0,0,1,0,0,-1,False,-1,-1,0,0,0,-1
2026-06-29 14:46:33.191,17.77408,False,21.13731,0.9682726,-9.338614,0,0,0,1,0,0,-1,False,-1,-1,0,0,0,-1
2026-06-29 14:46:33.225,17.80761,False,21.13745,0.9682677,-9.338667,0,0,0,1,0,0,-1,False,-1,-1,0,0,0,-1
2026-06-29 14:46:33.268,17.85157,False,21.13744,0.9682796,-9.338774,0,0,0,1,0,0,-1,False,-1,-1,0,0,0,-1
2026-06-29 14:46:33.303,17.88583,False,21.13745,0.9682421,-9.338756,0,0,0,1,0,0,-1,False,-1,-1,0,0,0,-1
2026-06-29 14:46:33.336,17.91949,False,21.13751,0.968332,-9.338821,0,0,0,1,0,0,-1,False,-1,-1,0,0,0,-1
2026-06-29 14:46:33.379,17.9627,False,21.13751,0.9683148,-9.338789,0,0,0,1,0,0,-1,False,-1,-1,0,0,0,-1
2026-06-29 14:46:33.425,18.00702,False,21.1376,0.9682982,-9.338851,0,0,0,1,0,0,-1,False,-1,-1,0,0,0,-1
2026-06-29 14:46:33.458,18.04059,False,21.13758,0.9682319,-9.338778,0,0,0,1,0,0,-1,False,-1,-1,0,0,0,-1
2026-06-29 14:46:33.503,18.08523,False,21.13753,0.9681746,-9.338857,0,0,0,1,0,0,-1,False,-1,-1,0,0,0,-1
2026-06-29 14:46:33.546,18.12948,False,21.13742,0.968186,-9.338684,0,0,0,1,0,0,-1,False,-1,-1,0,0,0,-1
2026-06-29 14:46:33.580,18.16292,False,21.13733,0.968137,-9.338529,0,0,0,1,0,0,-1,False,-1,-1,0,0,0,-1
2026-06-29 14:46:33.624,18.20701,False,21.13721,0.9682295,-9.338486,0,0,0,1,0,0,-1,False,-1,-1,0,0,0,-1
2026-06-29 14:46:33.658,18.24072,False,21.13713,0.9682162,-9.338455,0,0,0,1,0,0,-1,False,-1,-1,0,0,0,-1
2026-06-29 14:46:33.702,18.28478,False,21.13741,0.9682214,-9.338585,0,0,0,1,0,0,-1,False,-1,-1,0,0,0,-1
2026-06-29 14:46:33.734,18.31825,False,21.13738,0.9681744,-9.338598,0,0,0,1,0,0,-1,False,-1,-1,0,0,0,-1
2026-06-29 14:46:33.780,18.36237,False,21.13741,0.9681244,-9.338648,0,0,0,1,0,0,-1,False,-1,-1,0,0,0,-1
2026-06-29 14:46:33.812,18.39577,False,21.13737,0.968152,-9.338566,0,0,0,1,0,0,-1,False,-1,-1,0,0,0,-1
2026-06-29 14:46:33.846,18.4291,False,21.13722,0.9680995,-9.338419,0,0,0,1,0,0,-1,False,-1,-1,0,0,0,-1
2026-06-29 14:46:33.891,18.47413,False,21.13718,0.9682039,-9.338547,0,0,0,1,0,0,-1,False,-1,-1,0,0,0,-1
2026-06-29 14:46:33.934,18.51801,False,21.13721,0.9682214,-9.338523,0,0,0,1,0,0,-1,False,-1,-1,0,0,0,-1
2026-06-29 14:46:33.979,18.56217,False,21.13733,0.9681368,-9.338673,0,0,0,1,0,0,-1,False,-1,-1,0,0,0,-1
2026-06-29 14:46:34.013,18.59601,False,21.13735,0.9682246,-9.338677,0,0,0,1,0,0,-1,False,-1,-1,0,0,0,-1
2026-06-29 14:46:34.047,18.62958,False,21.13744,0.968222,-9.338734,0,0,0,1,0,0,-1,False,-1,-1,0,0,0,-1
2026-06-29 14:46:34.090,18.67332,False,21.13759,0.9681362,-9.338645,0,0,0,1,0,0,-1,False,-1,-1,0,0,0,-1
2026-06-29 14:46:34.125,18.70751,False,21.1374,0.9681568,-9.338675,0,0,0,1,0,0,-1,False,-1,-1,0,0,0,-1
2026-06-29 14:46:34.167,18.75093,False,21.13741,0.9681162,-9.338709,0,0,0,1,0,0,-1,False,-1,-1,0,0,0,-1
2026-06-29 14:46:34.203,18.78499,False,21.13743,0.9680395,-9.338659,0,0,0,1,0,0,-1,False,-1,-1,0,0,0,-1
2026-06-29 14:46:34.245,18.8287,False,21.13737,0.968116,-9.338728,0,0,0,1,0,0,-1,False,-1,-1,0,0,0,-1
2026-06-29 14:46:34.279,18.86207,False,21.13739,0.9680606,-9.338629,0,0,0,1,0,0,-1,False,-1,-1,0,0,0,-1
2026-06-29 14:46:34.313,18.89595,False,21.13738,0.9681865,-9.338767,0,0,0,1,0,0,-1,False,-1,-1,0,0,0,-1
2026-06-29 14:46:34.359,18.94134,False,21.13738,0.9681384,-9.338602,0,0,0,1,0,0,-1,False,-1,-1,0,0,0,-1
2026-06-29 14:46:34.402,18.98459,False,21.1374,0.9680762,-9.338525,0,0,0,1,0,0,-1,False,-1,-1,0,0,0,-1
2026-06-29 14:46:34.446,19.02912,False,21.13736,0.9681358,-9.338546,0,0,0,1,0,0,-1,False,-1,-1,0,0,0,-1
2026-06-29 14:46:34.490,19.07322,False,21.13743,0.9681224,-9.338541,0,0,0,1,0,0,-1,False,-1,-1,0,0,0,-1
2026-06-29 14:46:34.535,19.11746,False,21.13736,0.9680885,-9.338421,0,0,0,1,0,0,-1,False,-1,-1,0,0,0,-1
2026-06-29 14:46:34.568,19.15187,False,21.13741,0.9681186,-9.33843,0,0,0,1,0,0,-1,False,-1,-1,0,0,0,-1
2026-06-29 14:46:34.612,19.19544,False,21.13757,0.9681652,-9.338497,0,0,0,1,0,0,-1,False,-1,-1,0,0,0,-1
2026-06-29 14:46:34.657,19.23957,False,21.13759,0.9682215,-9.338767,0,0,0,1,0,0,-1,False,-1,-1,0,0,0,-1
2026-06-29 14:46:34.690,19.27364,False,21.13749,0.9682499,-9.338849,0,0,0,1,0,0,-1,False,-1,-1,0,0,0,-1
2026-06-29 14:46:34.735,19.31764,False,21.13738,0.9682071,-9.338692,0,0,0,1,0,0,-1,False,-1,-1,0,0,0,-1
2026-06-29 14:46:34.768,19.35103,False,21.13738,0.9682088,-9.338774,0,0,0,1,0,0,-1,False,-1,-1,0,0,0,-1
2026-06-29 14:46:34.812,19.39565,False,21.13749,0.9682282,-9.33869,0,0,0,1,0,0,-1,False,-1,-1,0,0,0,-1
2026-06-29 14:46:34.857,19.43961,False,21.13742,0.9682474,-9.33873,0,0,0,1,0,0,-1,False,-1,-1,0,0,0,-1
2026-06-29 14:46:34.901,19.48387,False,21.13756,0.9682162,-9.338686,0,0,0,1,0,0,-1,False,-1,-1,0,0,0,-1
2026-06-29 14:46:34.935,19.51813,False,21.13747,0.9682294,-9.338745,0,0,0,1,0,0,-1,False,-1,-1,0,0,0,-1
2026-06-29 14:46:34.979,19.56161,False,21.13749,0.9681767,-9.338746,0,0,0,1,0,0,-1,False,-1,-1,0,0,0,-1
2026-06-29 14:46:35.012,19.59531,False,21.13738,0.9682157,-9.338623,0,0,0,1,0,0,-1,False,-1,-1,0,0,0,-1
2026-06-29 14:46:35.046,19.62868,False,21.13738,0.9681789,-9.338519,0,0,0,1,0,0,-1,False,-1,-1,0,0,0,-1
2026-06-29 14:46:35.090,19.67285,False,21.13754,0.9681285,-9.338607,0,0,0,1,0,0,-1,False,-1,-1,0,0,0,-1
2026-06-29 14:46:35.124,19.70686,False,21.13756,0.9681183,-9.338566,0,0,0,1,0,0,-1,False,-1,-1,0,0,0,-1
2026-06-29 14:46:35.167,19.75034,False,21.13732,0.9682146,-9.338504,0,0,0,1,0,0,-1,False,-1,-1,0,0,0,-1
2026-06-29 14:46:35.211,19.79491,False,21.13748,0.9682128,-9.338509,0,0,0,1,0,0,-1,False,-1,-1,0,0,0,-1
2026-06-29 14:46:35.245,19.82843,False,21.13754,0.9681183,-9.338505,0,0,0,1,0,0,-1,False,-1,-1,0,0,0,-1
2026-06-29 14:46:35.290,19.87262,False,21.13734,0.9682001,-9.338558,0,0,0,1,0,0,-1,False,-1,-1,0,0,0,-1
2026-06-29 14:46:35.332,19.91496,False,21.13738,0.9681767,-9.338634,0,0,0,1,0,0,-1,False,-1,-1,0,0,0,-1
2026-06-29 14:46:35.366,19.94971,False,21.13733,0.9681425,-9.338606,0,0,0,1,0,0,-1,False,-1,-1,0,0,0,-1
2026-06-29 14:46:35.401,19.98392,False,21.13733,0.9682146,-9.33863,0,0,0,1,0,0,-1,False,-1,-1,0,0,0,-1
2026-06-29 14:46:35.444,20.02766,False,21.13746,0.9681385,-9.338491,0,0,0,1,0,0,-1,False,-1,-1,0,0,0,-1
2026-06-29 14:46:35.489,20.07193,False,21.13731,0.9681605,-9.338614,0,0,0,1,0,0,-1,False,-1,-1,0,0,0,-1
2026-06-29 14:46:35.522,20.1054,False,21.13731,0.9681536,-9.338707,0,0,0,1,0,0,-1,False,-1,-1,0,0,0,-1
2026-06-29 14:46:35.556,20.13902,False,21.13739,0.9681405,-9.338711,0,0,0,1,0,0,-1,False,-1,-1,0,0,0,-1
2026-06-29 14:46:35.590,20.1724,False,21.13748,0.968254,-9.338858,0,0,0,1,0,0,-1,False,-1,-1,0,0,0,-1
2026-06-29 14:46:35.623,20.20595,False,21.13744,0.9682528,-9.338877,0,0,0,1,0,0,-1,False,-1,-1,0,0,0,-1
2026-06-29 14:46:35.666,20.24942,False,21.13735,0.9682311,-9.338766,0,0,0,1,0,0,-1,False,-1,-1,0,0,0,-1
2026-06-29 14:46:35.700,20.28307,False,21.13726,0.9682093,-9.338629,0,0,0,1,0,0,-1,False,-1,-1,0,0,0,-1
2026-06-29 14:46:35.734,20.31691,False,21.13732,0.9681907,-9.338459,0,0,0,1,0,0,-1,False,-1,-1,0,0,0,-1
2026-06-29 14:46:35.767,20.35037,False,21.13739,0.9682556,-9.338538,0,0,0,1,0,0,-1,False,-1,-1,0,0,0,-1
2026-06-29 14:46:35.801,20.38438,False,21.13731,0.9682637,-9.338581,0,0,0,1,0,0,-1,False,-1,-1,0,0,0,-1
2026-06-29 14:46:35.845,20.42821,False,21.13736,0.968278,-9.338629,0,0,0,1,0,0,-1,False,-1,-1,0,0,0,-1
2026-06-29 14:46:35.889,20.47257,False,21.13738,0.9682373,-9.338583,0,0,0,1,0,0,-1,False,-1,-1,0,0,0,-1
2026-06-29 14:46:35.923,20.50607,False,21.1374,0.9681903,-9.33857,0,0,0,1,0,0,-1,False,-1,-1,0,0,0,-1
2026-06-29 14:46:35.968,20.55074,False,21.13735,0.9681754,-9.338552,0,0,0,1,0,0,-1,False,-1,-1,0,0,0,-1
2026-06-29 14:46:36.012,20.59456,False,21.1373,0.9681948,-9.33874,0,0,0,1,0,0,-1,False,-1,-1,0,0,0,-1
2026-06-29 14:46:36.045,20.62808,False,21.13738,0.9680825,-9.338743,0,0,0,1,0,0,-1,False,-1,-1,0,0,0,-1
2026-06-29 14:46:36.089,20.67241,False,21.1374,0.9681291,-9.338683,0,0,0,1,0,0,-1,False,-1,-1,0,0,0,-1
2026-06-29 14:46:36.134,20.71665,False,21.13755,0.9681656,-9.33868,0,0,0,1,0,0,-1,False,-1,-1,0,0,0,-1
2026-06-29 14:46:36.168,20.75058,False,21.13754,0.9682356,-9.338643,0,0,0,1,0,0,-1,False,-1,-1,0,0,0,-1
2026-06-29 14:46:36.211,20.79446,False,21.13743,0.9682361,-9.338539,0,0,0,1,0,0,-1,False,-1,-1,0,0,0,-1
2026-06-29 14:46:36.244,20.82791,False,21.13754,0.9681076,-9.338594,0,0,0,1,0,0,-1,False,-1,-1,0,0,0,-1
2026-06-29 14:46:36.278,20.86136,False,21.13755,0.9680554,-9.338673,0,0,0,1,0,0,-1,False,-1,-1,0,0,0,-1
2026-06-29 14:46:36.312,20.89506,False,21.13758,0.9681279,-9.338655,0,0,0,1,0,0,-1,False,-1,-1,0,0,0,-1
2026-06-29 14:46:36.358,20.94032,False,21.1373,0.9681515,-9.338457,0,0,0,1,0,0,-1,False,-1,-1,0,0,0,-1
2026-06-29 14:46:36.401,20.98334,False,21.1373,0.9682477,-9.338507,0,0,0,1,0,0,-1,False,-1,-1,0,0,0,-1
2026-06-29 14:46:36.436,21.01893,False,21.13732,0.9682455,-9.338462,0,0,0,1,0,0,-1,False,-1,-1,0,0,0,-1
2026-06-29 14:46:36.478,21.06093,False,21.13743,0.9681969,-9.338552,0,0,0,1,0,0,-1,False,-1,-1,0,0,0,-1
2026-06-29 14:46:36.512,21.09439,False,21.13741,0.9681194,-9.338587,0,0,0,1,0,0,-1,False,-1,-1,0,0,0,-1
2026-06-29 14:46:36.557,21.1391,False,21.13741,0.9681897,-9.338755,0,0,0,1,0,0,-1,False,-1,-1,0,0,0,-1
2026-06-29 14:46:36.600,21.18318,False,21.13731,0.9681548,-9.338659,0,0,0,1,0,0,-1,False,-1,-1,0,0,0,-1
2026-06-29 14:46:36.635,21.21718,False,21.13722,0.9682184,-9.338711,0,0,0,1,0,0,-1,False,-1,-1,0,0,0,-1
2026-06-29 14:46:36.678,21.26117,False,21.13708,0.9682669,-9.338684,0,0,0,1,0,0,-1,False,-1,-1,0,0,0,-1
2026-06-29 14:46:36.722,21.30581,False,21.13715,0.9682772,-9.338766,0,0,0,1,0,0,-1,False,-1,-1,0,0,0,-1
2026-06-29 14:46:36.767,21.34965,False,21.13734,0.9682367,-9.338783,0,0,0,1,0,0,-1,False,-1,-1,0,0,0,-1
2026-06-29 14:46:36.800,21.38315,False,21.13738,0.9681801,-9.338667,0,0,0,1,0,0,-1,False,-1,-1,0,0,0,-1
2026-06-29 14:46:36.834,21.41653,False,21.13735,0.9682851,-9.338776,0,0,0,1,0,0,-1,False,-1,-1,0,0,0,-1
2026-06-29 14:46:36.867,21.45044,False,21.13743,0.9683019,-9.338729,0,0,0,1,0,0,-1,False,-1,-1,0,0,0,-1
2026-06-29 14:46:36.915,21.49433,False,21.13735,0.9682566,-9.338491,0,0,0,1,0,0,-1,False,-1,-1,0,0,0,-1
2026-06-29 14:46:36.957,21.54016,False,21.13729,0.9682842,-9.338605,0,0,0,1,0,0,-1,False,-1,-1,0,0,0,-1
2026-06-29 14:46:37.000,21.58322,False,21.13737,0.9682057,-9.338519,0,0,0,1,0,0,-1,False,-1,-1,0,0,0,-1
2026-06-29 14:46:37.045,21.62801,False,21.1374,0.9682989,-9.338705,0,0,0,1,0,0,-1,False,-1,-1,0,0,0,-1
2026-06-29 14:46:37.089,21.67192,False,21.13737,0.9682711,-9.338614,0,0,0,1,0,0,-1,False,-1,-1,0,0,0,-1
2026-06-29 14:46:37.123,21.70541,False,21.13748,0.9682252,-9.33861,0,0,0,1,0,0,-1,False,-1,-1,0,0,0,-1
2026-06-29 14:46:37.167,21.74982,False,21.13737,0.9681848,-9.338566,0,0,0,1,0,0,-1,False,-1,-1,0,0,0,-1
2026-06-29 14:46:37.200,21.78334,False,21.1372,0.9682572,-9.338343,0,0,0,1,0,0,-1,False,-1,-1,0,0,0,-1
2026-06-29 14:46:37.234,21.81673,False,21.13716,0.9682636,-9.338383,0,0,0,1,0,0,-1,False,-1,-1,0,0,0,-1
2026-06-29 14:46:37.278,21.86098,False,21.13725,0.9682343,-9.338427,0,0,0,1,0,0,-1,False,-1,-1,0,0,0,-1
2026-06-29 14:46:37.311,21.89468,False,21.13731,0.9683306,-9.338469,0,0,0,1,0,0,-1,False,-1,-1,0,0,0,-1
2026-06-29 14:46:37.356,21.93892,False,21.13717,0.9684343,-9.338568,0,0,0,1,0,0,-1,False,-1,-1,0,0,0,-1
2026-06-29 14:46:37.390,21.97292,False,21.13718,0.9683712,-9.338531,0,0,0,1,0,0,-1,False,-1,-1,0,0,0,-1
2026-06-29 14:46:37.434,22.01624,False,21.1372,0.9684606,-9.338593,0,0,0,1,0,0,-1,False,-1,-1,0,0,0,-1
2026-06-29 14:46:37.479,22.06193,False,21.13712,0.9684559,-9.338638,0,0,0,1,0,0,-1,False,-1,-1,0,0,0,-1
2026-06-29 14:46:37.523,22.10553,False,21.13725,0.9683966,-9.33859,0,0,0,1,0,0,-1,False,-1,-1,0,0,0,-1
2026-06-29 14:46:37.556,22.13896,False,21.13723,0.9684132,-9.338585,0,0,0,1,0,0,-1,False,-1,-1,0,0,0,-1
2026-06-29 14:46:37.600,22.18309,False,21.13727,0.9682775,-9.338642,0,0,0,1,0,0,-1,False,-1,-1,0,0,0,-1
2026-06-29 14:46:37.645,22.22738,False,21.13739,0.9681421,-9.33852,0,0,0,1,0,0,-1,False,-1,-1,0,0,0,-1
2026-06-29 14:46:37.679,22.26144,False,21.13733,0.9682345,-9.338581,0,0,0,1,0,0,-1,False,-1,-1,0,0,0,-1
2026-06-29 14:46:37.722,22.30532,False,21.13733,0.9680799,-9.338326,0,0,0,1,0,0,-1,False,-1,-1,0,0,0,-1
2026-06-29 14:46:37.755,22.33867,False,21.13745,0.9681638,-9.338457,0,0,0,1,0,0,-1,False,-1,-1,0,0,0,-1
2026-06-29 14:46:37.800,22.38258,False,21.13734,0.9682133,-9.338463,0,0,0,1,0,0,-1,False,-1,-1,0,0,0,-1
2026-06-29 14:46:37.833,22.41646,False,21.13747,0.9681653,-9.338442,0,0,0,1,0,0,-1,False,-1,-1,0,0,0,-1
2026-06-29 14:46:37.877,22.46053,False,21.13722,0.9681541,-9.33864,0,0,0,1,0,0,-1,False,-1,-1,0,0,0,-1
2026-06-29 14:46:37.922,22.50509,False,21.13711,0.9681339,-9.338318,0,0,0,1,0,0,-1,False,-1,-1,0,0,0,-1
2026-06-29 14:46:37.966,22.54924,False,21.13707,0.9681881,-9.338346,0,0,0,1,0,0,-1,False,-1,-1,0,0,0,-1
2026-06-29 14:46:38.000,22.58266,False,21.13708,0.9682127,-9.338301,0,0,0,1,0,0,-1,False,-1,-1,0,0,0,-1
2026-06-29 14:46:38.034,22.61652,False,21.13728,0.9681907,-9.338457,0,0,0,1,0,0,-1,False,-1,-1,0,0,0,-1
2026-06-29 14:46:38.077,22.66054,False,21.13729,0.9682333,-9.338581,0,0,0,1,0,0,-1,False,-1,-1,0,0,0,-1
2026-06-29 14:46:38.122,22.705,False,21.13713,0.9682922,-9.338345,0,0,0,1,0,0,-1,False,-1,-1,0,0,0,-1
2026-06-29 14:46:38.166,22.74916,False,21.13711,0.9682241,-9.338233,0,0,0,1,0,0,-1,False,-1,-1,0,0,0,-1
2026-06-29 14:46:38.200,22.78279,False,21.13712,0.9681945,-9.338297,0,0,0,1,0,0,-1,False,-1,-1,0,0,0,-1
2026-06-29 14:46:38.233,22.81643,False,21.13722,0.9681258,-9.33839,0,0,0,1,0,0,-1,False,-1,-1,0,0,0,-1
2026-06-29 14:46:38.278,22.86059,False,21.137,0.9681473,-9.338389,0,0,0,1,0,0,-1,False,-1,-1,0,0,0,-1
2026-06-29 14:46:38.322,22.905,False,21.13715,0.9681124,-9.338435,0,0,0,1,0,0,-1,False,-1,-1,0,0,0,-1
2026-06-29 14:46:38.366,22.94901,False,21.13718,0.9681793,-9.338413,0,0,0,1,0,0,-1,False,-1,-1,0,0,0,-1
2026-06-29 14:46:38.400,22.98284,False,21.13715,0.9682117,-9.338236,0,0,0,1,0,0,-1,False,-1,-1,0,0,0,-1
2026-06-29 14:46:38.444,23.0269,False,21.13717,0.9682674,-9.33839,0,0,0,1,0,0,-1,False,-1,-1,0,0,0,-1
2026-06-29 14:46:38.488,23.07106,False,21.13719,0.9683331,-9.338429,0,0,0,1,0,0,-1,False,-1,-1,0,0,0,-1
2026-06-29 14:46:38.523,23.10576,False,21.13712,0.9682964,-9.338385,0,0,0,1,0,0,-1,False,-1,-1,0,0,0,-1
2026-06-29 14:46:38.566,23.14898,False,21.13718,0.9682776,-9.338268,0,0,0,1,0,0,-1,False,-1,-1,0,0,0,-1
2026-06-29 14:46:38.610,23.19375,False,21.13719,0.9683842,-9.33849,0,0,0,1,0,0,-1,False,-1,-1,0,0,0,-1
2026-06-29 14:46:38.655,23.23762,False,21.13708,0.9683563,-9.338404,0,0,0,1,0,0,-1,False,-1,-1,0,0,0,-1
2026-06-29 14:46:38.688,23.27114,False,21.13699,0.9683719,-9.338491,0,0,0,1,0,0,-1,False,-1,-1,0,0,0,-1
2026-06-29 14:46:38.722,23.30489,False,21.13701,0.9682705,-9.3384,0,0,0,1,0,0,-1,False,-1,-1,0,0,0,-1
2026-06-29 14:46:38.756,23.33832,False,21.13707,0.9682685,-9.338398,0,0,0,1,0,0,-1,False,-1,-1,0,0,0,-1
2026-06-29 14:46:38.799,23.38224,False,21.13691,0.9682585,-9.338218,0,0,0,1,0,0,-1,False,-1,-1,0,0,0,-1
2026-06-29 14:46:38.833,23.41669,False,21.13695,0.9683098,-9.338348,0,0,0,1,0,0,-1,False,-1,-1,0,0,0,-1
2026-06-29 14:46:38.877,23.46026,False,21.13709,0.9682166,-9.338299,0,0,0,1,0,0,-1,False,-1,-1,0,0,0,-1
2026-06-29 14:46:38.910,23.49362,False,21.13711,0.9682406,-9.338327,0,0,0,1,0,0,-1,False,-1,-1,0,0,0,-1
2026-06-29 14:46:38.954,23.53782,False,21.13712,0.9682478,-9.338268,0,0,0,1,0,0,-1,False,-1,-1,0,0,0,-1
2026-06-29 14:46:38.999,23.5825,False,21.13699,0.9683349,-9.338434,0,0,0,1,0,0,-1,False,-1,-1,0,0,0,-1
2026-06-29 14:46:39.044,23.62741,False,21.13713,0.968304,-9.338314,0,0,0,1,0,0,-1,False,-1,-1,0,0,0,-1
2026-06-29 14:46:39.088,23.6709,False,21.13727,0.968295,-9.338297,0,0,0,1,0,0,-1,False,-1,-1,0,0,0,-1
2026-06-29 14:46:39.121,23.70446,False,21.13721,0.9682975,-9.338362,0,0,0,1,0,0,-1,False,-1,-1,0,0,0,-1
2026-06-29 14:46:39.166,23.74862,False,21.13709,0.9681597,-9.338206,0,0,0,1,0,0,-1,False,-1,-1,0,0,0,-1
2026-06-29 14:46:39.210,23.79327,False,21.13704,0.9682239,-9.338221,0,0,0,1,0,0,-1,False,-1,-1,0,0,0,-1
2026-06-29 14:46:39.244,23.8271,False,21.13695,0.9682133,-9.338224,0,0,0,1,0,0,-1,False,-1,-1,0,0,0,-1
2026-06-29 14:46:39.288,23.87093,False,21.13703,0.9681302,-9.338054,0,0,0,1,0,0,-1,False,-1,-1,0,0,0,-1
2026-06-29 14:46:39.322,23.9043,False,21.13697,0.9680868,-9.338074,0,0,0,1,0,0,-1,False,-1,-1,0,0,0,-1
2026-06-29 14:46:39.367,23.94908,False,21.13697,0.968272,-9.338216,0,0,0,1,0,0,-1,False,-1,-1,0,0,0,-1
2026-06-29 14:46:39.410,23.99283,False,21.13709,0.9682603,-9.338353,0,0,0,1,0,0,-1,False,-1,-1,0,0,0,-1
2026-06-29 14:46:39.444,24.02712,False,21.13705,0.9682223,-9.338426,0,0,0,1,0,0,-1,False,-1,-1,0,0,0,-1
2026-06-29 14:46:39.489,24.07135,False,21.13704,0.9682993,-9.338428,0,0,0,1,0,0,-1,False,-1,-1,0,0,0,-1
2026-06-29 14:46:39.532,24.11567,False,21.1371,0.9683039,-9.338314,0,0,0,1,0,0,-1,False,-1,-1,0,0,0,-1
2026-06-29 14:46:39.568,24.14972,False,21.13711,0.9683762,-9.338427,0,0,0,1,0,0,-1,False,-1,-1,0,0,0,-1
2026-06-29 14:46:39.610,24.19307,False,21.13717,0.968244,-9.338396,0,0,0,1,0,0,-1,False,-1,-1,0,0,0,-1
2026-06-29 14:46:39.655,24.23763,False,21.13711,0.9682449,-9.33827,0,0,0,1,0,0,-1,False,-1,-1,0,0,0,-1
2026-06-29 14:46:39.698,24.28157,False,21.13702,0.9682326,-9.338269,0,0,0,1,0,0,-1,False,-1,-1,0,0,0,-1
2026-06-29 14:46:39.733,24.31602,False,21.13705,0.9681843,-9.338316,0,0,0,1,0,0,-1,False,-1,-1,0,0,0,-1
2026-06-29 14:46:39.777,24.35995,False,21.13705,0.9681369,-9.338207,0,0,0,1,0,0,-1,False,-1,-1,0,0,0,-1
2026-06-29 14:46:39.821,24.40379,False,21.13708,0.9681467,-9.338261,0,0,0,1,0,0,-1,False,-1,-1,0,0,0,-1
2026-06-29 14:46:39.865,24.44852,False,21.13709,0.9681167,-9.338296,0,0,0,1,0,0,-1,False,-1,-1,0,0,0,-1
2026-06-29 14:46:39.910,24.49306,False,21.13718,0.9681582,-9.338346,0,0,0,1,0,0,-1,False,-1,-1,0,0,0,-1
2026-06-29 14:46:39.943,24.52651,False,21.13713,0.9681629,-9.338297,0,0,0,1,0,0,-1,False,-1,-1,0,0,0,-1
2026-06-29 14:46:39.988,24.57086,False,21.1371,0.9682288,-9.338387,0,0,0,1,0,0,-1,False,-1,-1,0,0,0,-1
2026-06-29 14:46:40.031,24.61479,False,21.13715,0.9682459,-9.33846,0,0,0,1,0,0,-1,False,-1,-1,0,0,0,-1
2026-06-29 14:46:40.065,24.64869,False,21.13704,0.9683138,-9.338444,0,0,0,1,0,0,-1,False,-1,-1,0,0,0,-1
2026-06-29 14:46:40.109,24.69292,False,21.13687,0.9683617,-9.3384,0,0,0,1,0,0,-1,False,-1,-1,0,0,0,-1
2026-06-29 14:46:40.153,24.73691,False,21.13689,0.9683762,-9.338339,0,0,0,1,0,0,-1,False,-1,-1,0,0,0,-1
2026-06-29 14:46:40.188,24.77034,False,21.13693,0.9684093,-9.338266,0,0,0,1,0,0,-1,False,-1,-1,0,0,0,-1
2026-06-29 14:46:40.222,24.80454,False,21.13723,0.9683219,-9.338284,0,0,0,1,0,0,-1,False,-1,-1,0,0,0,-1
2026-06-29 14:46:40.266,24.84853,False,21.13726,0.9682554,-9.338264,0,0,0,1,0,0,-1,False,-1,-1,0,0,0,-1
2026-06-29 14:46:40.310,24.89273,False,21.13716,0.9682865,-9.338243,0,0,0,1,0,0,-1,False,-1,-1,0,0,0,-1
2026-06-29 14:46:40.343,24.92641,False,21.13708,0.9682863,-9.338267,0,0,0,1,0,0,-1,False,-1,-1,0,0,0,-1
2026-06-29 14:46:40.388,24.97058,False,21.13701,0.968321,-9.338257,0,0,0,1,0,0,-1,False,-1,-1,0,0,0,-1
2026-06-29 14:46:40.433,25.01567,False,21.13698,0.9684052,-9.338353,0,0,0,1,0,0,-1,False,-1,-1,0,0,0,-1
2026-06-29 14:46:40.477,25.05944,False,21.13703,0.968343,-9.338459,0,0,0,1,0,0,-1,False,-1,-1,0,0,0,-1
2026-06-29 14:46:40.521,25.1036,False,21.13697,0.9683092,-9.338364,0,0,0,1,0,0,-1,False,-1,-1,0,0,0,-1
2026-06-29 14:46:40.555,25.13723,False,21.13689,0.9683704,-9.338263,0,0,0,1,0,0,-1,False,-1,-1,0,0,0,-1
2026-06-29 14:46:40.599,25.18164,False,21.13687,0.9683049,-9.338159,0,0,0,1,0,0,-1,False,-1,-1,0,0,0,-1
2026-06-29 14:46:40.634,25.21607,False,21.13672,0.9683205,-9.338245,0,0,0,1,0,0,-1,False,-1,-1,0,0,0,-1
2026-06-29 14:46:40.676,25.25891,False,21.13683,0.968275,-9.338369,0,0,0,1,0,0,-1,False,-1,-1,0,0,0,-1
2026-06-29 14:46:40.720,25.30383,False,21.1368,0.9682865,-9.338398,0,0,0,1,0,0,-1,False,-1,-1,0,0,0,-1
2026-06-29 14:46:40.765,25.34792,False,21.13691,0.9683592,-9.338252,0,0,0,1,0,0,-1,False,-1,-1,0,0,0,-1
2026-06-29 14:46:40.809,25.39237,False,21.13692,0.9683402,-9.338216,0,0,0,1,0,0,-1,False,-1,-1,0,0,0,-1
2026-06-29 14:46:40.842,25.42594,False,21.13687,0.9683373,-9.338166,0,0,0,1,0,0,-1,False,-1,-1,0,0,0,-1
2026-06-29 14:46:40.887,25.46998,False,21.13692,0.9683463,-9.338352,0,0,0,1,0,0,-1,False,-1,-1,0,0,0,-1
2026-06-29 14:46:40.922,25.50407,False,21.13701,0.9683275,-9.338302,0,0,0,1,0,0,-1,False,-1,-1,0,0,0,-1
2026-06-29 14:46:40.966,25.54844,False,21.1371,0.9682903,-9.338303,0,0,0,1,0,0,-1,False,-1,-1,0,0,0,-1
2026-06-29 14:46:41.000,25.5831,False,21.13715,0.9682944,-9.338409,0,0,0,1,0,0,-1,False,-1,-1,0,0,0,-1
2026-06-29 14:46:41.045,25.62749,False,21.13712,0.9682643,-9.338219,0,0,0,1,0,0,-1,False,-1,-1,0,0,0,-1
2026-06-29 14:46:41.090,25.67224,False,21.13705,0.9682425,-9.338214,0,0,0,1,0,0,-1,False,-1,-1,0,0,0,-1
2026-06-29 14:46:41.131,25.7141,False,21.13715,0.96816,-9.338257,0,0,0,1,0,0,-1,False,-1,-1,0,0,0,-1
2026-06-29 14:46:41.164,25.74822,False,21.13706,0.9681772,-9.338286,0,0,0,1,0,0,-1,False,-1,-1,0,0,0,-1
2026-06-29 14:46:41.211,25.79364,False,21.13704,0.9682065,-9.33818,0,0,0,1,0,0,-1,False,-1,-1,0,0,0,-1
2026-06-29 14:46:41.255,25.83744,False,21.13701,0.9682858,-9.338259,0,0,0,1,0,0,-1,False,-1,-1,0,0,0,-1
2026-06-29 14:46:41.299,25.88153,False,21.13699,0.96822,-9.338255,0,0,0,1,0,0,-1,False,-1,-1,0,0,0,-1
2026-06-29 14:46:41.333,25.91522,False,21.13697,0.968285,-9.338377,0,0,0,1,0,0,-1,False,-1,-1,0,0,0,-1
2026-06-29 14:46:41.376,25.95963,False,21.13683,0.9683307,-9.338335,0,0,0,1,0,0,-1,False,-1,-1,0,0,0,-1
2026-06-29 14:46:41.420,26.00339,False,21.13699,0.9683505,-9.338295,0,0,0,1,0,0,-1,False,-1,-1,0,0,0,-1
2026-06-29 14:46:41.455,26.03743,False,21.13703,0.9683074,-9.33824,0,0,0,1,0,0,-1,False,-1,-1,0,0,0,-1
2026-06-29 14:46:41.489,26.07114,False,21.13701,0.9682894,-9.338196,0,0,0,1,0,0,-1,False,-1,-1,0,0,0,-1
2026-06-29 14:46:41.523,26.10501,False,21.13715,0.9682457,-9.338215,0,0,0,1,0,0,-1,False,-1,-1,0,0,0,-1
2026-06-29 14:46:41.565,26.14831,False,21.1369,0.9682815,-9.33839,0,0,0,1,0,0,-1,False,-1,-1,0,0,0,-1
2026-06-29 14:46:41.609,26.19243,False,21.13689,0.9682257,-9.338217,0,0,0,1,0,0,-1,False,-1,-1,0,0,0,-1
2026-06-29 14:46:41.655,26.23764,False,21.13689,0.9682565,-9.33812,0,0,0,1,0,0,-1,False,-1,-1,0,0,0,-1
2026-06-29 14:46:41.688,26.27153,False,21.13687,0.9683293,-9.338263,0,0,0,1,0,0,-1,False,-1,-1,0,0,0,-1
2026-06-29 14:46:41.732,26.31519,False,21.13693,0.9683533,-9.338443,0,0,0,1,0,0,-1,False,-1,-1,0,0,0,-1
2026-06-29 14:46:41.776,26.35947,False,21.13699,0.9683217,-9.338322,0,0,0,1,0,0,-1,False,-1,-1,0,0,0,-1
2026-06-29 14:46:41.810,26.39295,False,21.13692,0.9683563,-9.33828,0,0,0,1,0,0,-1,False,-1,-1,0,0,0,-1
2026-06-29 14:46:41.854,26.43683,False,21.13701,0.9682463,-9.338161,0,0,0,1,0,0,-1,False,-1,-1,0,0,0,-1
2026-06-29 14:46:41.888,26.47091,False,21.13688,0.9682891,-9.338168,0,0,0,1,0,0,-1,False,-1,-1,0,0,0,-1
2026-06-29 14:46:41.932,26.51565,False,21.13692,0.9682181,-9.338179,0,0,0,1,0,0,-1,False,-1,-1,0,0,0,-1
2026-06-29 14:46:41.976,26.55928,False,21.13689,0.9682126,-9.338129,0,0,0,1,0,0,-1,False,-1,-1,0,0,0,-1
2026-06-29 14:46:42.020,26.60306,False,21.13679,0.9682671,-9.338211,0,0,0,1,0,0,-1,False,-1,-1,0,0,0,-1
2026-06-29 14:46:42.053,26.63676,False,21.13687,0.9682291,-9.33817,0,0,0,1,0,0,-1,False,-1,-1,0,0,0,-1
2026-06-29 14:46:42.087,26.67105,False,21.13681,0.9683127,-9.33824,0,0,0,1,0,0,-1,False,-1,-1,0,0,0,-1
2026-06-29 14:46:42.132,26.71501,False,21.13706,0.9681845,-9.338165,0,0,0,1,0,0,-1,False,-1,-1,0,0,0,-1
2026-06-29 14:46:42.176,26.75909,False,21.13711,0.9681559,-9.33826,0,0,0,1,0,0,-1,False,-1,-1,0,0,0,-1
2026-06-29 14:46:42.220,26.80348,False,21.13701,0.968113,-9.338086,0,0,0,1,0,0,-1,False,-1,-1,0,0,0,-1
2026-06-29 14:46:42.264,26.84734,False,21.13704,0.968198,-9.338051,0,0,0,1,0,0,-1,False,-1,-1,0,0,0,-1
2026-06-29 14:46:42.309,26.89216,False,21.13704,0.9681644,-9.338104,0,0,0,1,0,0,-1,False,-1,-1,0,0,0,-1
2026-06-29 14:46:42.353,26.9362,False,21.13699,0.9680886,-9.33816,0,0,0,1,0,0,-1,False,-1,-1,0,0,0,-1
2026-06-29 14:46:42.387,26.96957,False,21.13692,0.9681925,-9.338339,0,0,0,1,0,0,-1,False,-1,-1,0,0,0,-1
2026-06-29 14:46:42.432,27.0151,False,21.13714,0.9681238,-9.3383,0,0,0,1,0,0,-1,False,-1,-1,0,0,0,-1
2026-06-29 14:46:42.476,27.05934,False,21.13718,0.9682528,-9.338491,0,0,0,1,0,0,-1,False,-1,-1,0,0,0,-1
2026-06-29 14:46:42.511,27.09306,False,21.13696,0.968217,-9.338259,0,0,0,1,0,0,-1,False,-1,-1,0,0,0,-1
2026-06-29 14:46:42.554,27.13745,False,21.13709,0.9681792,-9.338161,0,0,0,1,0,0,-1,False,-1,-1,0,0,0,-1
2026-06-29 14:46:42.598,27.1811,False,21.13699,0.9682357,-9.338142,0,0,0,1,0,0,-1,False,-1,-1,0,0,0,-1
2026-06-29 14:46:42.643,27.22524,False,21.13692,0.9683102,-9.338198,0,0,0,1,0,0,-1,False,-1,-1,0,0,0,-1
2026-06-29 14:46:42.676,27.25861,False,21.13696,0.9683574,-9.338101,0,0,0,1,0,0,-1,False,-1,-1,0,0,0,-1
2026-06-29 14:46:42.711,27.29319,False,21.1369,0.9684337,-9.338152,0,0,0,1,0,0,-1,False,-1,-1,0,0,0,-1
2026-06-29 14:46:42.753,27.3369,False,21.13717,0.9682868,-9.338139,0,0,0,1,0,0,-1,False,-1,-1,0,0,0,-1
2026-06-29 14:46:42.799,27.38101,False,21.13705,0.9683954,-9.33814,0,0,0,1,0,0,-1,False,-1,-1,0,0,0,-1
2026-06-29 14:46:42.843,27.42527,False,21.1371,0.9683781,-9.338125,0,0,0,1,0,0,-1,False,-1,-1,0,0,0,-1
2026-06-29 14:46:42.886,27.46929,False,21.13689,0.9684733,-9.338181,0,0,0,1,0,0,-1,False,-1,-1,0,0,0,-1
2026-06-29 14:46:42.920,27.50294,False,21.13686,0.9684584,-9.33827,0,0,0,1,0,0,-1,False,-1,-1,0,0,0,-1
2026-06-29 14:46:42.965,27.54739,False,21.13692,0.96834,-9.338194,0,0,0,1,0,0,-1,False,-1,-1,0,0,0,-1
2026-06-29 14:46:43.009,27.59128,False,21.13688,0.9684535,-9.338317,0,0,0,1,0,0,-1,False,-1,-1,0,0,0,-1
2026-06-29 14:46:43.042,27.62521,False,21.13692,0.9684652,-9.338408,0,0,0,1,0,0,-1,False,-1,-1,0,0,0,-1
2026-06-29 14:46:43.087,27.66911,False,21.137,0.9683419,-9.338284,0,0,0,1,0,0,-1,False,-1,-1,0,0,0,-1
2026-06-29 14:46:43.131,27.71405,False,21.13714,0.968313,-9.338459,0,0,0,1,0,0,-1,False,-1,-1,0,0,0,-1
2026-06-29 14:46:43.175,27.75813,False,21.13701,0.9683042,-9.338329,0,0,0,1,0,0,-1,False,-1,-1,0,0,0,-1
2026-06-29 14:46:43.219,27.80241,False,21.137,0.9682668,-9.338108,0,0,0,1,0,0,-1,False,-1,-1,0,0,0,-1
2026-06-29 14:46:43.253,27.83588,False,21.13699,0.9681846,-9.338205,0,0,0,1,0,0,-1,False,-1,-1,0,0,0,-1
2026-06-29 14:46:43.287,27.86975,False,21.13685,0.9682406,-9.33833,0,0,0,1,0,0,-1,False,-1,-1,0,0,0,-1
2026-06-29 14:46:43.330,27.91363,False,21.13686,0.9682497,-9.33823,0,0,0,1,0,0,-1,False,-1,-1,0,0,0,-1
2026-06-29 14:46:43.365,27.94765,False,21.1368,0.9682007,-9.338303,0,0,0,1,0,0,-1,False,-1,-1,0,0,0,-1
2026-06-29 14:46:43.409,27.99162,False,21.13687,0.9681978,-9.338425,0,0,0,1,0,0,-1,False,-1,-1,0,0,0,-1
2026-06-29 14:46:43.442,28.02542,False,21.137,0.9682454,-9.338327,0,0,0,1,0,0,-1,False,-1,-1,0,0,0,-1
2026-06-29 14:46:43.486,28.06903,False,21.137,0.968268,-9.338355,0,0,0,1,0,0,-1,False,-1,-1,0,0,0,-1
2026-06-29 14:46:43.530,28.11359,False,21.13692,0.9683174,-9.33823,0,0,0,1,0,0,-1,False,-1,-1,0,0,0,-1
2026-06-29 14:46:43.574,28.15759,False,21.13687,0.9683554,-9.338243,0,0,0,1,0,0,-1,False,-1,-1,0,0,0,-1
2026-06-29 14:46:43.607,28.19105,False,21.13688,0.9683264,-9.338179,0,0,0,1,0,0,-1,False,-1,-1,0,0,0,-1
2026-06-29 14:46:43.652,28.2353,False,21.1368,0.9683681,-9.338198,0,0,0,1,0,0,-1,False,-1,-1,0,0,0,-1
2026-06-29 14:46:43.687,28.2697,False,21.13671,0.9683623,-9.338242,0,0,0,1,0,0,-1,False,-1,-1,0,0,0,-1
2026-06-29 14:46:43.721,28.30319,False,21.13678,0.9683897,-9.338299,0,0,0,1,0,0,-1,False,-1,-1,0,0,0,-1
2026-06-29 14:46:43.766,28.34832,False,21.13697,0.9681476,-9.338335,0,0,0,1,0,0,-1,False,-1,-1,0,0,0,-1
2026-06-29 14:46:43.808,28.39146,False,21.13693,0.9681108,-9.338225,0,0,0,1,0,0,-1,False,-1,-1,0,0,0,-1
2026-06-29 14:46:43.842,28.42482,False,21.13686,0.9682699,-9.338249,0,0,0,1,0,0,-1,False,-1,-1,0,0,0,-1
2026-06-29 14:46:43.886,28.4689,False,21.13689,0.9683852,-9.338202,0,0,0,1,0,0,-1,False,-1,-1,0,0,0,-1
2026-06-29 14:46:43.930,28.51367,False,21.13705,0.9683541,-9.338198,0,0,0,1,0,0,-1,False,-1,-1,0,0,0,-1
2026-06-29 14:46:43.975,28.55741,False,21.137,0.9683483,-9.338337,0,0,0,1,0,0,-1,False,-1,-1,0,0,0,-1
2026-06-29 14:46:44.009,28.59185,False,21.13681,0.9683205,-9.338333,0,0,0,1,0,0,-1,False,-1,-1,0,0,0,-1
2026-06-29 14:46:44.042,28.62547,False,21.13682,0.9683214,-9.338314,0,0,0,1,0,0,-1,False,-1,-1,0,0,0,-1
2026-06-29 14:46:44.076,28.65913,False,21.13676,0.9682604,-9.338126,0,0,0,1,0,0,-1,False,-1,-1,0,0,0,-1
2026-06-29 14:46:44.120,28.7028,False,21.13682,0.9682783,-9.338167,0,0,0,1,0,0,-1,False,-1,-1,0,0,0,-1
2026-06-29 14:46:44.164,28.7474,False,21.13684,0.9682627,-9.338108,0,0,0,1,0,0,-1,False,-1,-1,0,0,0,-1
2026-06-29 14:46:44.208,28.79086,False,21.13702,0.9681547,-9.338053,0,0,0,1,0,0,-1,False,-1,-1,0,0,0,-1
2026-06-29 14:46:44.242,28.82469,False,21.13704,0.9682353,-9.338163,0,0,0,1,0,0,-1,False,-1,-1,0,0,0,-1
2026-06-29 14:46:44.286,28.86854,False,21.13697,0.9681599,-9.338133,0,0,0,1,0,0,-1,False,-1,-1,0,0,0,-1
2026-06-29 14:46:44.319,28.90217,False,21.13697,0.9681066,-9.338025,0,0,0,1,0,0,-1,False,-1,-1,0,0,0,-1
2026-06-29 14:46:44.353,28.9359,False,21.1369,0.9681774,-9.337949,0,0,0,1,0,0,-1,False,-1,-1,0,0,0,-1
2026-06-29 14:46:44.396,28.97989,False,21.13683,0.9683478,-9.338128,0,0,0,1,0,0,-1,False,-1,-1,0,0,0,-1
2026-06-29 14:46:44.443,29.02523,False,21.1368,0.9683113,-9.338045,0,0,0,1,0,0,-1,False,-1,-1,0,0,0,-1
2026-06-29 14:46:44.486,29.06869,False,21.13684,0.9683607,-9.338148,0,0,0,1,0,0,-1,False,-1,-1,0,0,0,-1
2026-06-29 14:46:44.530,29.11292,False,21.1368,0.9683777,-9.338113,0,0,0,1,0,0,-1,False,-1,-1,0,0,0,-1
2026-06-29 14:46:44.564,29.14666,False,21.13685,0.9682639,-9.33812,0,0,0,1,0,0,-1,False,-1,-1,0,0,0,-1
2026-06-29 14:46:44.608,29.19102,False,21.13686,0.9682779,-9.338192,0,0,0,1,0,0,-1,False,-1,-1,0,0,0,-1
2026-06-29 14:46:44.652,29.23489,False,21.13688,0.9682592,-9.338193,0,0,0,1,0,0,-1,False,-1,-1,0,0,0,-1
2026-06-29 14:46:44.685,29.2687,False,21.13666,0.9683,-9.338263,0,0,0,1,0,0,-1,False,-1,-1,0,0,0,-1
2026-06-29 14:46:44.731,29.31416,False,21.13686,0.968266,-9.338121,0,0,0,1,0,0,-1,False,-1,-1,0,0,0,-1
2026-06-29 14:46:44.775,29.35779,False,21.13692,0.9681632,-9.338132,0,0,0,1,0,0,-1,False,-1,-1,0,0,0,-1
2026-06-29 14:46:44.810,29.39202,False,21.13697,0.9682378,-9.338188,0,0,0,1,0,0,-1,False,-1,-1,0,0,0,-1
2026-06-29 14:46:44.853,29.43561,False,21.13697,0.9682156,-9.338074,0,0,0,1,0,0,-1,False,-1,-1,0,0,0,-1
2026-06-29 14:46:44.897,29.48001,False,21.13698,0.9682395,-9.338037,0,0,0,1,0,0,-1,False,-1,-1,0,0,0,-1
2026-06-29 14:46:44.930,29.51369,False,21.13712,0.9682127,-9.337997,0,0,0,1,0,0,-1,False,-1,-1,0,0,0,-1
2026-06-29 14:46:44.975,29.55796,False,21.13707,0.968226,-9.338032,0,0,0,1,0,0,-1,False,-1,-1,0,0,0,-1
2026-06-29 14:46:45.019,29.60152,False,21.13692,0.9682598,-9.338112,0,0,0,1,0,0,-1,False,-1,-1,0,0,0,-1
2026-06-29 14:46:45.052,29.63518,False,21.13692,0.968195,-9.338039,0,0,0,1,0,0,-1,False,-1,-1,0,0,0,-1
2026-06-29 14:46:45.086,29.66862,False,21.13694,0.9681394,-9.338057,0,0,0,1,0,0,-1,False,-1,-1,0,0,0,-1
2026-06-29 14:46:45.130,29.71255,False,21.13695,0.9681394,-9.338049,0,0,0,1,0,0,-1,False,-1,-1,0,0,0,-1
2026-06-29 14:46:45.163,29.74631,False,21.13695,0.9681659,-9.338038,0,0,0,1,0,0,-1,False,-1,-1,0,0,0,-1
2026-06-29 14:46:45.196,29.77966,False,21.13679,0.9681687,-9.338024,0,0,0,1,0,0,-1,False,-1,-1,0,0,0,-1
2026-06-29 14:46:45.230,29.81326,False,21.1367,0.968277,-9.338049,0,0,0,1,0,0,-1,False,-1,-1,0,0,0,-1
2026-06-29 14:46:45.274,29.8573,False,21.13678,0.9682751,-9.337905,0,0,0,1,0,0,-1,False,-1,-1,0,0,0,-1
2026-06-29 14:46:45.318,29.90127,False,21.13682,0.9683796,-9.337965,0,0,0,1,0,0,-1,False,-1,-1,0,0,0,-1
2026-06-29 14:46:45.352,29.93537,False,21.1368,0.9684654,-9.33816,0,0,0,1,0,0,-1,False,-1,-1,0,0,0,-1
2026-06-29 14:46:45.397,29.97952,False,21.13678,0.9684954,-9.338175,0,0,0,1,0,0,-1,False,-1,-1,0,0,0,-1
2026-06-29 14:46:45.430,30.01305,False,21.13669,0.9684809,-9.338226,0,0,0,1,0,0,-1,False,-1,-1,0,0,0,-1
2026-06-29 14:46:45.464,30.04644,False,21.13658,0.9685034,-9.338174,0,0,0,1,0,0,-1,False,-1,-1,0,0,0,-1
2026-06-29 14:46:45.508,30.09065,False,21.13666,0.9683831,-9.338017,0,0,0,1,0,0,-1,False,-1,-1,0,0,0,-1
2026-06-29 14:46:45.542,30.12402,False,21.13675,0.9683717,-9.338112,0,0,0,1,0,0,-1,False,-1,-1,0,0,0,-1
2026-06-29 14:46:45.575,30.15799,False,21.13676,0.9683937,-9.338034,0,0,0,1,0,0,-1,False,-1,-1,0,0,0,-1
2026-06-29 14:46:45.619,30.20209,False,21.13678,0.9684765,-9.338134,0,0,0,1,0,0,-1,False,-1,-1,0,0,0,-1
2026-06-29 14:46:45.653,30.23591,False,21.13682,0.9684621,-9.338125,0,0,0,1,0,0,-1,False,-1,-1,0,0,0,-1
2026-06-29 14:46:45.696,30.27889,False,21.13682,0.9685125,-9.338202,0,0,0,1,0,0,-1,False,-1,-1,0,0,0,-1
2026-06-29 14:46:45.730,30.31269,False,21.13687,0.9684396,-9.338271,0,0,0,1,0,0,-1,False,-1,-1,0,0,0,-1
2026-06-29 14:46:45.775,30.35831,False,21.13681,0.9683174,-9.338055,0,0,0,1,0,0,-1,False,-1,-1,0,0,0,-1
2026-06-29 14:46:45.818,30.40126,False,21.13682,0.9683817,-9.337989,0,0,0,1,0,0,-1,False,-1,-1,0,0,0,-1
2026-06-29 14:46:45.853,30.43608,False,21.13683,0.968357,-9.337904,0,0,0,1,0,0,-1,False,-1,-1,0,0,0,-1
2026-06-29 14:46:45.886,30.46942,False,21.13689,0.9683158,-9.338005,0,0,0,1,0,0,-1,False,-1,-1,0,0,0,-1
2026-06-29 14:46:45.929,30.51232,False,21.13687,0.9683451,-9.338037,0,0,0,1,0,0,-1,False,-1,-1,0,0,0,-1
2026-06-29 14:46:45.973,30.55654,False,21.13697,0.9683454,-9.338065,0,0,0,1,0,0,-1,False,-1,-1,0,0,0,-1
2026-06-29 14:46:46.007,30.59005,False,21.13683,0.9684515,-9.338156,0,0,0,1,0,0,-1,False,-1,-1,0,0,0,-1
2026-06-29 14:46:46.051,30.6348,False,21.13681,0.9684061,-9.338148,0,0,0,1,0,0,-1,False,-1,-1,0,0,0,-1
2026-06-29 14:46:46.085,30.66838,False,21.13677,0.9683778,-9.338037,0,0,0,1,0,0,-1,False,-1,-1,0,0,0,-1
2026-06-29 14:46:46.130,30.71235,False,21.13688,0.9683921,-9.337912,0,0,0,1,0,0,-1,False,-1,-1,0,0,0,-1
2026-06-29 14:46:46.174,30.75726,False,21.13675,0.9684289,-9.337868,0,0,0,1,0,0,-1,False,-1,-1,0,0,0,-1
2026-06-29 14:46:46.218,30.80091,False,21.13676,0.9684981,-9.337976,0,0,0,1,0,0,-1,False,-1,-1,0,0,0,-1
2026-06-29 14:46:46.252,30.83555,False,21.13683,0.9684508,-9.337931,0,0,0,1,0,0,-1,False,-1,-1,0,0,0,-1
2026-06-29 14:46:46.295,30.87876,False,21.13676,0.9683956,-9.338142,0,0,0,1,0,0,-1,False,-1,-1,0,0,0,-1
2026-06-29 14:46:46.340,30.92284,False,21.13684,0.9683175,-9.338116,0,0,0,1,0,0,-1,False,-1,-1,0,0,0,-1
2026-06-29 14:46:46.373,30.95646,False,21.13689,0.9682851,-9.33816,0,0,0,1,0,0,-1,False,-1,-1,0,0,0,-1
2026-06-29 14:46:46.407,30.98994,False,21.13696,0.9682977,-9.338202,0,0,0,1,0,0,-1,False,-1,-1,0,0,0,-1
2026-06-29 14:46:46.441,31.02424,False,21.137,0.968276,-9.338003,0,0,0,1,0,0,-1,False,-1,-1,0,0,0,-1
2026-06-29 14:46:46.487,31.06897,False,21.13686,0.9683336,-9.338043,0,0,0,1,0,0,-1,False,-1,-1,0,0,0,-1
2026-06-29 14:46:46.528,31.11186,False,21.13672,0.9684276,-9.337946,0,0,0,1,0,0,-1,False,-1,-1,0,0,0,-1
2026-06-29 14:46:46.573,31.15665,False,21.13667,0.9684423,-9.337988,0,0,0,1,0,0,-1,False,-1,-1,0,0,0,-1
2026-06-29 14:46:46.618,31.20056,False,21.13674,0.9684218,-9.337958,0,0,0,1,0,0,-1,False,-1,-1,0,0,0,-1
2026-06-29 14:46:46.652,31.2351,False,21.13681,0.9684289,-9.33803,0,0,0,1,0,0,-1,False,-1,-1,0,0,0,-1
2026-06-29 14:46:46.696,31.27822,False,21.13681,0.9684161,-9.338055,0,0,0,1,0,0,-1,False,-1,-1,0,0,0,-1
2026-06-29 14:46:46.729,31.312,False,21.13682,0.9683406,-9.338077,0,0,0,1,0,0,-1,False,-1,-1,0,0,0,-1
2026-06-29 14:46:46.763,31.34545,False,21.13676,0.9683343,-9.338085,0,0,0,1,0,0,-1,False,-1,-1,0,0,0,-1
2026-06-29 14:46:46.807,31.38976,False,21.13665,0.9683464,-9.338011,0,0,0,1,0,0,-1,False,-1,-1,0,0,0,-1
2026-06-29 14:46:46.851,31.43425,False,21.13663,0.9683275,-9.338051,0,0,0,1,0,0,-1,False,-1,-1,0,0,0,-1
2026-06-29 14:46:46.896,31.47918,False,21.13677,0.9683391,-9.338034,0,0,0,1,0,0,-1,False,-1,-1,0,0,0,-1
2026-06-29 14:46:46.930,31.513,False,21.13686,0.9683297,-9.337996,0,0,0,1,0,0,-1,False,-1,-1,0,0,0,-1
2026-06-29 14:46:46.972,31.55605,False,21.13678,0.9683476,-9.338021,0,0,0,1,0,0,-1,False,-1,-1,0,0,0,-1
2026-06-29 14:46:47.018,31.60108,False,21.13664,0.9684098,-9.337976,0,0,0,1,0,0,-1,False,-1,-1,0,0,0,-1
2026-06-29 14:46:47.062,31.64458,False,21.13657,0.9684165,-9.33802,0,0,0,1,0,0,-1,False,-1,-1,0,0,0,-1
2026-06-29 14:46:47.095,31.67801,False,21.13665,0.9684825,-9.337924,0,0,0,1,0,0,-1,False,-1,-1,0,0,0,-1
2026-06-29 14:46:47.129,31.71143,False,21.13664,0.9685346,-9.337927,0,0,0,1,0,0,-1,False,-1,-1,0,0,0,-1
2026-06-29 14:46:47.163,31.7453,False,21.13662,0.9685871,-9.337881,0,0,0,1,0,0,-1,False,-1,-1,0,0,0,-1
2026-06-29 14:46:47.196,31.77894,False,21.13655,0.968569,-9.337856,0,0,0,1,0,0,-1,False,-1,-1,0,0,0,-1
2026-06-29 14:46:47.240,31.82307,False,21.13654,0.9684889,-9.337849,0,0,0,1,0,0,-1,False,-1,-1,0,0,0,-1
2026-06-29 14:46:47.274,31.85671,False,21.13659,0.9684235,-9.338004,0,0,0,1,0,0,-1,False,-1,-1,0,0,0,-1
2026-06-29 14:46:47.307,31.89011,False,21.13674,0.9684832,-9.338144,0,0,0,1,0,0,-1,False,-1,-1,0,0,0,-1
2026-06-29 14:46:47.351,31.93406,False,21.13683,0.968379,-9.33803,0,0,0,1,0,0,-1,False,-1,-1,0,0,0,-1
2026-06-29 14:46:47.396,31.97867,False,21.13685,0.9683372,-9.337847,0,0,0,1,0,0,-1,False,-1,-1,0,0,0,-1
2026-06-29 14:46:47.441,32.02357,False,21.1368,0.968357,-9.337893,0,0,0,1,0,0,-1,False,-1,-1,0,0,0,-1
2026-06-29 14:46:47.474,32.05745,False,21.13665,0.9684229,-9.337894,0,0,0,1,0,0,-1,False,-1,-1,0,0,0,-1
2026-06-29 14:46:47.519,32.10124,False,21.13667,0.968417,-9.337947,0,0,0,1,0,0,-1,False,-1,-1,0,0,0,-1
2026-06-29 14:46:47.552,32.13488,False,21.13665,0.9683897,-9.337926,0,0,0,1,0,0,-1,False,-1,-1,0,0,0,-1
2026-06-29 14:46:47.595,32.17825,False,21.13654,0.9684687,-9.337837,0,0,0,1,0,0,-1,False,-1,-1,0,0,0,-1
2026-06-29 14:46:47.629,32.21166,False,21.13674,0.9684103,-9.337934,0,0,0,1,0,0,-1,False,-1,-1,0,0,0,-1
2026-06-29 14:46:47.664,32.24685,False,21.13675,0.9683389,-9.337877,0,0,0,1,0,0,-1,False,-1,-1,0,0,0,-1
2026-06-29 14:46:47.707,32.29003,False,21.1367,0.9682686,-9.337945,0,0,0,1,0,0,-1,False,-1,-1,0,0,0,-1
2026-06-29 14:46:47.741,32.32404,False,21.13669,0.9682301,-9.337891,0,0,0,1,0,0,-1,False,-1,-1,0,0,0,-1
2026-06-29 14:46:47.784,32.36773,False,21.13668,0.9682428,-9.337898,0,0,0,1,0,0,-1,False,-1,-1,0,0,0,-1
2026-06-29 14:46:47.828,32.41146,False,21.1367,0.9683689,-9.337982,0,0,0,1,0,0,-1,False,-1,-1,0,0,0,-1
2026-06-29 14:46:47.863,32.44551,False,21.13665,0.9683684,-9.337923,0,0,0,1,0,0,-1,False,-1,-1,0,0,0,-1
2026-06-29 14:46:47.906,32.48942,False,21.13658,0.9683425,-9.337982,0,0,0,1,0,0,-1,False,-1,-1,0,0,0,-1
2026-06-29 14:46:47.940,32.52303,False,21.1366,0.9684492,-9.338062,0,0,0,1,0,0,-1,False,-1,-1,0,0,0,-1
2026-06-29 14:46:47.974,32.55744,False,21.13655,0.9683707,-9.337994,0,0,0,1,0,0,-1,False,-1,-1,0,0,0,-1
2026-06-29 14:46:48.019,32.6013,False,21.13655,0.9683805,-9.337899,0,0,0,1,0,0,-1,False,-1,-1,0,0,0,-1
2026-06-29 14:46:48.061,32.6441,False,21.13654,0.9684303,-9.337959,0,0,0,1,0,0,-1,False,-1,-1,0,0,0,-1
2026-06-29 14:46:48.095,32.67867,False,21.13665,0.9683087,-9.337774,0,0,0,1,0,0,-1,False,-1,-1,0,0,0,-1
2026-06-29 14:46:48.139,32.72221,False,21.13675,0.9682932,-9.337921,0,0,0,1,0,0,-1,False,-1,-1,0,0,0,-1
2026-06-29 14:46:48.172,32.75573,False,21.1368,0.9682544,-9.337984,0,0,0,1,0,0,-1,False,-1,-1,0,0,0,-1
2026-06-29 14:46:48.207,32.78919,False,21.13672,0.9681764,-9.337839,0,0,0,1,0,0,-1,False,-1,-1,0,0,0,-1
2026-06-29 14:46:48.240,32.82327,False,21.13669,0.9681774,-9.337906,0,0,0,1,0,0,-1,False,-1,-1,0,0,0,-1
2026-06-29 14:46:48.284,32.86708,False,21.13669,0.9682437,-9.338032,0,0,0,1,0,0,-1,False,-1,-1,0,0,0,-1
2026-06-29 14:46:48.318,32.90069,False,21.13659,0.968285,-9.337975,0,0,0,1,0,0,-1,False,-1,-1,0,0,0,-1
2026-06-29 14:46:48.362,32.94447,False,21.13667,0.9682707,-9.337984,0,0,0,1,0,0,-1,False,-1,-1,0,0,0,-1
2026-06-29 14:46:48.396,32.97826,False,21.13678,0.9683967,-9.337986,0,0,0,1,0,0,-1,False,-1,-1,0,0,0,-1
2026-06-29 14:46:48.429,33.01193,False,21.13676,0.968435,-9.338011,0,0,0,1,0,0,-1,False,-1,-1,0,0,0,-1
2026-06-29 14:46:48.473,33.05603,False,21.13675,0.9684123,-9.338056,0,0,0,1,0,0,-1,False,-1,-1,0,0,0,-1
2026-06-29 14:46:48.508,33.0906,False,21.13692,0.9683174,-9.337961,0,0,0,1,0,0,-1,False,-1,-1,0,0,0,-1
2026-06-29 14:46:48.550,33.13356,False,21.13685,0.9683019,-9.338057,0,0,0,1,0,0,-1,False,-1,-1,0,0,0,-1
2026-06-29 14:46:48.584,33.16722,False,21.13675,0.9683221,-9.337912,0,0,0,1,0,0,-1,False,-1,-1,0,0,0,-1
2026-06-29 14:46:48.629,33.21179,False,21.13688,0.9682171,-9.337921,0,0,0,1,0,0,-1,False,-1,-1,0,0,0,-1
2026-06-29 14:46:48.674,33.25649,False,21.13657,0.9682808,-9.337824,0,0,0,1,0,0,-1,False,-1,-1,0,0,0,-1
2026-06-29 14:46:48.717,33.30087,False,21.13659,0.9683854,-9.337849,0,0,0,1,0,0,-1,False,-1,-1,0,0,0,-1
2026-06-29 14:46:48.762,33.34506,False,21.13668,0.9683841,-9.33802,0,0,0,1,0,0,-1,False,-1,-1,0,0,0,-1
2026-06-29 14:46:48.796,33.37851,False,21.13675,0.9684005,-9.338152,0,0,0,1,0,0,-1,False,-1,-1,0,0,0,-1
2026-06-29 14:46:48.829,33.41185,False,21.13661,0.9683738,-9.338043,0,0,0,1,0,0,-1,False,-1,-1,0,0,0,-1
2026-06-29 14:46:48.862,33.44558,False,21.13647,0.9683955,-9.338018,0,0,0,1,0,0,-1,False,-1,-1,0,0,0,-1
2026-06-29 14:46:48.906,33.48925,False,21.13653,0.9683477,-9.337992,0,0,0,1,0,0,-1,False,-1,-1,0,0,0,-1
2026-06-29 14:46:48.941,33.52283,False,21.13668,0.9684033,-9.338072,0,0,0,1,0,0,-1,False,-1,-1,0,0,0,-1
2026-06-29 14:46:48.984,33.56687,False,21.13669,0.9683604,-9.338036,0,0,0,1,0,0,-1,False,-1,-1,0,0,0,-1
2026-06-29 14:46:49.018,33.60085,False,21.13665,0.9682971,-9.338006,0,0,0,1,0,0,-1,False,-1,-1,0,0,0,-1
2026-06-29 14:46:49.052,33.63458,False,21.13665,0.9683052,-9.338007,0,0,0,1,0,0,-1,False,-1,-1,0,0,0,-1
2026-06-29 14:46:49.095,33.67784,False,21.13664,0.9681981,-9.338029,0,0,0,1,0,0,-1,False,-1,-1,0,0,0,-1
2026-06-29 14:46:49.129,33.7113,False,21.13664,0.968206,-9.338007,0,0,0,1,0,0,-1,False,-1,-1,0,0,0,-1
2026-06-29 14:46:49.162,33.74511,False,21.13662,0.9682199,-9.33816,0,0,0,1,0,0,-1,False,-1,-1,0,0,0,-1
2026-06-29 14:46:49.206,33.78906,False,21.13674,0.9681668,-9.338102,0,0,0,1,0,0,-1,False,-1,-1,0,0,0,-1
2026-06-29 14:46:49.252,33.8348,False,21.13663,0.9681877,-9.338041,0,0,0,1,0,0,-1,False,-1,-1,0,0,0,-1
2026-06-29 14:46:49.294,33.87695,False,21.13666,0.9682028,-9.337982,0,0,0,1,0,0,-1,False,-1,-1,0,0,0,-1
2026-06-29 14:46:49.327,33.91068,False,21.13665,0.9682477,-9.33793,0,0,0,1,0,0,-1,False,-1,-1,0,0,0,-1
2026-06-29 14:46:49.361,33.94432,False,21.1366,0.9683168,-9.337865,0,0,0,1,0,0,-1,False,-1,-1,0,0,0,-1
2026-06-29 14:46:49.406,33.98849,False,21.13669,0.9682232,-9.337812,0,0,0,1,0,0,-1,False,-1,-1,0,0,0,-1
2026-06-29 14:46:49.440,34.02258,False,21.13672,0.9682915,-9.337763,0,0,0,1,0,0,-1,False,-1,-1,0,0,0,-1
2026-06-29 14:46:49.473,34.05597,False,21.13674,0.9682842,-9.33773,0,0,0,1,0,0,-1,False,-1,-1,0,0,0,-1
2026-06-29 14:46:49.517,34.10013,False,21.13662,0.9683672,-9.338007,0,0,0,1,0,0,-1,False,-1,-1,0,0,0,-1
2026-06-29 14:46:49.550,34.13393,False,21.13681,0.9683329,-9.338085,0,0,0,1,0,0,-1,False,-1,-1,0,0,0,-1
2026-06-29 14:46:49.585,34.16775,False,21.13673,0.9683901,-9.33806,0,0,0,1,0,0,-1,False,-1,-1,0,0,0,-1
2026-06-29 14:46:49.629,34.21154,False,21.13663,0.9684535,-9.338078,0,0,0,1,0,0,-1,False,-1,-1,0,0,0,-1
2026-06-29 14:46:49.672,34.25535,False,21.13657,0.9683929,-9.338071,0,0,0,1,0,0,-1,False,-1,-1,0,0,0,-1
2026-06-29 14:46:49.708,34.28996,False,21.13663,0.9684329,-9.338013,0,0,0,1,0,0,-1,False,-1,-1,0,0,0,-1
2026-06-29 14:46:49.752,34.33457,False,21.13666,0.9683748,-9.338017,0,0,0,1,0,0,-1,False,-1,-1,0,0,0,-1
2026-06-29 14:46:49.794,34.37736,False,21.13659,0.968356,-9.338059,0,0,0,1,0,0,-1,False,-1,-1,0,0,0,-1
2026-06-29 14:46:49.829,34.41106,False,21.13665,0.9682772,-9.338041,0,0,0,1,0,0,-1,False,-1,-1,0,0,0,-1
2026-06-29 14:46:49.873,34.45546,False,21.13666,0.9682548,-9.337893,0,0,0,1,0,0,-1,False,-1,-1,0,0,0,-1
2026-06-29 14:46:49.907,34.48889,False,21.13669,0.968214,-9.337782,0,0,0,1,0,0,-1,False,-1,-1,0,0,0,-1
2026-06-29 14:46:49.939,34.52246,False,21.13675,0.9682316,-9.338009,0,0,0,1,0,0,-1,False,-1,-1,0,0,0,-1
2026-06-29 14:46:49.983,34.56596,False,21.1368,0.9681853,-9.337997,0,0,0,1,0,0,-1,False,-1,-1,0,0,0,-1
2026-06-29 14:46:50.018,34.60007,False,21.13675,0.9682006,-9.338057,0,0,0,1,0,0,-1,False,-1,-1,0,0,0,-1
2026-06-29 14:46:50.060,34.64379,False,21.13679,0.9682445,-9.33811,0,0,0,1,0,0,-1,False,-1,-1,0,0,0,-1
2026-06-29 14:46:50.096,34.67878,False,21.13684,0.9682128,-9.338079,0,0,0,1,0,0,-1,False,-1,-1,0,0,0,-1
2026-06-29 14:46:50.141,34.72266,False,21.13686,0.9682208,-9.338118,0,0,0,1,0,0,-1,False,-1,-1,0,0,0,-1
2026-06-29 14:46:50.183,34.76566,False,21.13678,0.9682329,-9.33813,0,0,0,1,0,0,-1,False,-1,-1,0,0,0,-1
2026-06-29 14:46:50.215,34.79903,False,21.13674,0.9681956,-9.338101,0,0,0,1,0,0,-1,False,-1,-1,0,0,0,-1
2026-06-29 14:46:50.250,34.83244,False,21.13669,0.9682367,-9.338064,0,0,0,1,0,0,-1,False,-1,-1,0,0,0,-1
2026-06-29 14:46:50.283,34.86605,False,21.13662,0.9682389,-9.338041,0,0,0,1,0,0,-1,False,-1,-1,0,0,0,-1
2026-06-29 14:46:50.317,34.89945,False,21.13665,0.9681987,-9.338022,0,0,0,1,0,0,-1,False,-1,-1,0,0,0,-1
2026-06-29 14:46:50.362,34.94423,False,21.13664,0.9682805,-9.33799,0,0,0,1,0,0,-1,False,-1,-1,0,0,0,-1
2026-06-29 14:46:50.395,34.97786,False,21.1367,0.9682888,-9.337989,0,0,0,1,0,0,-1,False,-1,-1,0,0,0,-1
2026-06-29 14:46:50.439,35.02138,False,21.13669,0.9682599,-9.337951,0,0,0,1,0,0,-1,False,-1,-1,0,0,0,-1
2026-06-29 14:46:50.482,35.0655,False,21.1366,0.9682775,-9.338106,0,0,0,1,0,0,-1,False,-1,-1,0,0,0,-1
2026-06-29 14:46:50.518,35.10025,False,21.13663,0.968204,-9.338056,0,0,0,1,0,0,-1,False,-1,-1,0,0,0,-1
2026-06-29 14:46:50.551,35.13358,False,21.13665,0.9682322,-9.338137,0,0,0,1,0,0,-1,False,-1,-1,0,0,0,-1
2026-06-29 14:46:50.594,35.17721,False,21.13664,0.9682276,-9.337994,0,0,0,1,0,0,-1,False,-1,-1,0,0,0,-1
2026-06-29 14:46:50.628,35.21065,False,21.13659,0.9682529,-9.337955,0,0,0,1,0,0,-1,False,-1,-1,0,0,0,-1
2026-06-29 14:46:50.661,35.24411,False,21.13663,0.9683269,-9.338076,0,0,0,1,0,0,-1,False,-1,-1,0,0,0,-1
2026-06-29 14:46:50.706,35.28788,False,21.13668,0.9683569,-9.338068,0,0,0,1,0,0,-1,False,-1,-1,0,0,0,-1
2026-06-29 14:46:50.739,35.32138,False,21.13668,0.9683478,-9.338078,0,0,0,1,0,0,-1,False,-1,-1,0,0,0,-1
2026-06-29 14:46:50.773,35.35592,False,21.13665,0.9683718,-9.338086,0,0,0,1,0,0,-1,False,-1,-1,0,0,0,-1
2026-06-29 14:46:50.816,35.39901,False,21.13666,0.9683092,-9.337955,0,0,0,1,0,0,-1,False,-1,-1,0,0,0,-1
2026-06-29 14:46:50.850,35.43261,False,21.13666,0.968397,-9.338027,0,0,0,1,0,0,-1,False,-1,-1,0,0,0,-1
2026-06-29 14:46:50.885,35.46763,False,21.13687,0.9682809,-9.338026,0,0,0,1,0,0,-1,False,-1,-1,0,0,0,-1
2026-06-29 14:46:50.928,35.51,False,21.13694,0.9682208,-9.338097,0,0,0,1,0,0,-1,False,-1,-1,0,0,0,-1
2026-06-29 14:46:50.961,35.54363,False,21.1369,0.9682317,-9.338091,0,0,0,1,0,0,-1,False,-1,-1,0,0,0,-1
2026-06-29 14:46:50.995,35.57714,False,21.13683,0.9682592,-9.338024,0,0,0,1,0,0,-1,False,-1,-1,0,0,0,-1
2026-06-29 14:46:51.038,35.62114,False,21.13669,0.9682862,-9.337948,0,0,0,1,0,0,-1,False,-1,-1,0,0,0,-1
2026-06-29 14:46:51.072,35.65517,False,21.13663,0.9683874,-9.337942,0,0,0,1,0,0,-1,False,-1,-1,0,0,0,-1
2026-06-29 14:46:51.117,35.69938,False,21.13652,0.9682617,-9.337877,0,0,0,1,0,0,-1,False,-1,-1,0,0,0,-1
2026-06-29 14:46:51.150,35.73342,False,21.1364,0.9683834,-9.337985,0,0,0,1,0,0,-1,False,-1,-1,0,0,0,-1
2026-06-29 14:46:51.185,35.76735,False,21.13639,0.9682681,-9.338052,0,0,0,1,0,0,-1,False,-1,-1,0,0,0,-1
2026-06-29 14:46:51.228,35.81034,False,21.13648,0.9682754,-9.338019,0,0,0,1,0,0,-1,False,-1,-1,0,0,0,-1
2026-06-29 14:46:51.262,35.84435,False,21.13646,0.9684014,-9.338013,0,0,0,1,0,0,-1,False,-1,-1,0,0,0,-1
2026-06-29 14:46:51.306,35.88864,False,21.13648,0.9683354,-9.338009,0,0,0,1,0,0,-1,False,-1,-1,0,0,0,-1
2026-06-29 14:46:51.350,35.93235,False,21.13663,0.9682883,-9.337965,0,0,0,1,0,0,-1,False,-1,-1,0,0,0,-1
2026-06-29 14:46:51.383,35.96605,False,21.1367,0.968202,-9.337994,0,0,0,1,0,0,-1,False,-1,-1,0,0,0,-1
2026-06-29 14:46:51.416,35.9996,False,21.13661,0.9681975,-9.33791,0,0,0,1,0,0,-1,False,-1,-1,0,0,0,-1
2026-06-29 14:46:51.460,36.04342,False,21.1366,0.968219,-9.338005,0,0,0,1,0,0,-1,False,-1,-1,0,0,0,-1
2026-06-29 14:46:51.494,36.07719,False,21.1366,0.9682804,-9.337812,0,0,0,1,0,0,-1,False,-1,-1,0,0,0,-1
2026-06-29 14:46:51.537,36.12082,False,21.13652,0.968455,-9.337894,0,0,0,1,0,0,-1,False,-1,-1,0,0,0,-1
2026-06-29 14:46:51.572,36.15479,False,21.13665,0.968436,-9.337955,0,0,0,1,0,0,-1,False,-1,-1,0,0,0,-1
2026-06-29 14:46:51.615,36.19844,False,21.13662,0.9683493,-9.337944,0,0,0,1,0,0,-1,False,-1,-1,0,0,0,-1
2026-06-29 14:46:51.650,36.2322,False,21.13663,0.9682609,-9.337974,0,0,0,1,0,0,-1,False,-1,-1,0,0,0,-1
2026-06-29 14:46:51.694,36.277,False,21.13664,0.9682457,-9.337994,0,0,0,1,0,0,-1,False,-1,-1,0,0,0,-1
2026-06-29 14:46:51.738,36.32064,False,21.13656,0.9683199,-9.338059,0,0,0,1,0,0,-1,False,-1,-1,0,0,0,-1
2026-06-29 14:46:51.783,36.36551,False,21.13661,0.9682832,-9.338139,0,0,0,1,0,0,-1,False,-1,-1,0,0,0,-1
2026-06-29 14:46:51.827,36.40963,False,21.13672,0.9683217,-9.338087,0,0,0,1,0,0,-1,False,-1,-1,0,0,0,-1
2026-06-29 14:46:51.861,36.44307,False,21.13677,0.9683768,-9.338147,0,0,0,1,0,0,-1,False,-1,-1,0,0,0,-1
2026-06-29 14:46:51.905,36.48721,False,21.13674,0.9683596,-9.338213,0,0,0,1,0,0,-1,False,-1,-1,0,0,0,-1
2026-06-29 14:46:51.939,36.52158,False,21.13677,0.968361,-9.338174,0,0,0,1,0,0,-1,False,-1,-1,0,0,0,-1
2026-06-29 14:46:51.983,36.56567,False,21.13665,0.9683286,-9.33791,0,0,0,1,0,0,-1,False,-1,-1,0,0,0,-1
2026-06-29 14:46:52.017,36.59918,False,21.13665,0.9683909,-9.337804,0,0,0,1,0,0,-1,False,-1,-1,0,0,0,-1
2026-06-29 14:46:52.050,36.63282,False,21.13665,0.9683217,-9.337944,0,0,0,1,0,0,-1,False,-1,-1,0,0,0,-1
2026-06-29 14:46:52.093,36.67606,False,21.13651,0.9683942,-9.338022,0,0,0,1,0,0,-1,False,-1,-1,0,0,0,-1
2026-06-29 14:46:52.127,36.71004,False,21.13658,0.9683972,-9.337914,0,0,0,1,0,0,-1,False,-1,-1,0,0,0,-1
2026-06-29 14:46:52.161,36.74341,False,21.13656,0.9683426,-9.338047,0,0,0,1,0,0,-1,False,-1,-1,0,0,0,-1
2026-06-29 14:46:52.207,36.78976,False,21.13649,0.9683781,-9.338125,0,0,0,1,0,0,-1,False,-1,-1,0,0,0,-1
2026-06-29 14:46:52.249,36.83185,False,21.13655,0.9684448,-9.3382,0,0,0,1,0,0,-1,False,-1,-1,0,0,0,-1
2026-06-29 14:46:52.293,36.87603,False,21.13664,0.9684133,-9.338196,0,0,0,1,0,0,-1,False,-1,-1,0,0,0,-1
2026-06-29 14:46:52.337,36.9198,False,21.13661,0.9683876,-9.338091,0,0,0,1,0,0,-1,False,-1,-1,0,0,0,-1
2026-06-29 14:46:52.381,36.96457,False,21.13665,0.9683257,-9.338085,0,0,0,1,0,0,-1,False,-1,-1,0,0,0,-1
2026-06-29 14:46:52.425,37.0084,False,21.1367,0.9682913,-9.337982,0,0,0,1,0,0,-1,False,-1,-1,0,0,0,-1
2026-06-29 14:46:52.469,37.05268,False,21.13666,0.9683211,-9.338028,0,0,0,1,0,0,-1,False,-1,-1,0,0,0,-1
2026-06-29 14:46:52.505,37.08725,False,21.13661,0.9683677,-9.338248,0,0,0,1,0,0,-1,False,-1,-1,0,0,0,-1
2026-06-29 14:46:52.549,37.13216,False,21.13657,0.968424,-9.338213,0,0,0,1,0,0,-1,False,-1,-1,0,0,0,-1
2026-06-29 14:46:52.594,37.17678,False,21.13658,0.9683259,-9.338027,0,0,0,1,0,0,-1,False,-1,-1,0,0,0,-1
2026-06-29 14:46:52.628,37.21043,False,21.13663,0.9683022,-9.337975,0,0,0,1,0,0,-1,False,-1,-1,0,0,0,-1
2026-06-29 14:46:52.661,37.24401,False,21.13648,0.9682745,-9.33794,0,0,0,1,0,0,-1,False,-1,-1,0,0,0,-1
2026-06-29 14:46:52.704,37.28767,False,21.13638,0.9683978,-9.338128,0,0,0,1,0,0,-1,False,-1,-1,0,0,0,-1
2026-06-29 14:46:52.749,37.33162,False,21.13635,0.9684079,-9.338176,0,0,0,1,0,0,-1,False,-1,-1,0,0,0,-1
2026-06-29 14:46:52.793,37.37656,False,21.13653,0.9682301,-9.337957,0,0,0,1,0,0,-1,False,-1,-1,0,0,0,-1
2026-06-29 14:46:52.837,37.42061,False,21.13664,0.9683897,-9.337946,0,0,0,1,0,0,-1,False,-1,-1,0,0,0,-1
2026-06-29 14:46:52.871,37.45394,False,21.13652,0.9684137,-9.337939,0,0,0,1,0,0,-1,False,-1,-1,0,0,0,-1
2026-06-29 14:46:52.905,37.48756,False,21.13664,0.9683768,-9.337996,0,0,0,1,0,0,-1,False,-1,-1,0,0,0,-1
2026-06-29 14:46:52.939,37.52093,False,21.13659,0.96824,-9.337801,0,0,0,1,0,0,-1,False,-1,-1,0,0,0,-1
2026-06-29 14:46:52.982,37.56555,False,21.13656,0.968366,-9.337957,0,0,0,1,0,0,-1,False,-1,-1,0,0,0,-1
2026-06-29 14:46:53.027,37.60933,False,21.13659,0.9683716,-9.338099,0,0,0,1,0,0,-1,False,-1,-1,0,0,0,-1
2026-06-29 14:46:53.060,37.6432,False,21.13647,0.9683737,-9.338134,0,0,0,1,0,0,-1,False,-1,-1,0,0,0,-1
2026-06-29 14:46:53.094,37.67656,False,21.13655,0.9682987,-9.338006,0,0,0,1,0,0,-1,False,-1,-1,0,0,0,-1
2026-06-29 14:46:53.128,37.71014,False,21.13665,0.9682983,-9.337989,0,0,0,1,0,0,-1,False,-1,-1,0,0,0,-1
2026-06-29 14:46:53.171,37.7543,False,21.1366,0.9683596,-9.338141,0,0,0,1,0,0,-1,False,-1,-1,0,0,0,-1
2026-06-29 14:46:53.216,37.79824,False,21.13649,0.9682618,-9.337887,0,0,0,1,0,0,-1,False,-1,-1,0,0,0,-1
2026-06-29 14:46:53.249,37.83209,False,21.13647,0.9681773,-9.337894,0,0,0,1,0,0,-1,False,-1,-1,0,0,0,-1
2026-06-29 14:46:53.282,37.86577,False,21.13641,0.9681217,-9.337776,0,0,0,1,0,0,-1,False,-1,-1,0,0,0,-1
2026-06-29 14:46:53.326,37.90955,False,21.13637,0.9681562,-9.337967,0,0,0,1,0,0,-1,False,-1,-1,0,0,0,-1
2026-06-29 14:46:53.370,37.9532,False,21.13655,0.968209,-9.338044,0,0,0,1,0,0,-1,False,-1,-1,0,0,0,-1
2026-06-29 14:46:53.414,37.99759,False,21.13672,0.9683133,-9.33814,0,0,0,1,0,0,-1,False,-1,-1,0,0,0,-1
2026-06-29 14:46:53.459,38.04211,False,21.13664,0.9682309,-9.338003,0,0,0,1,0,0,-1,False,-1,-1,0,0,0,-1
2026-06-29 14:46:53.492,38.07583,False,21.13669,0.9682676,-9.33803,0,0,0,1,0,0,-1,False,-1,-1,0,0,0,-1
2026-06-29 14:46:53.536,38.11961,False,21.13651,0.9684072,-9.338102,0,0,0,1,0,0,-1,False,-1,-1,0,0,0,-1
2026-06-29 14:46:53.570,38.153,False,21.13654,0.9683894,-9.338268,0,0,0,1,0,0,-1,False,-1,-1,0,0,0,-1
2026-06-29 14:46:53.603,38.1865,False,21.13645,0.968276,-9.337891,0,0,0,1,0,0,-1,False,-1,-1,0,0,0,-1
2026-06-29 14:46:53.637,38.21989,False,21.13654,0.9682858,-9.337986,0,0,0,1,0,0,-1,False,-1,-1,0,0,0,-1
2026-06-29 14:46:53.682,38.26506,False,21.13665,0.9682137,-9.337837,0,0,0,1,0,0,-1,False,-1,-1,0,0,0,-1
2026-06-29 14:46:53.726,38.30898,False,21.13664,0.9682481,-9.337989,0,0,0,1,0,0,-1,False,-1,-1,0,0,0,-1
2026-06-29 14:46:53.771,38.35392,False,21.13662,0.968326,-9.33806,0,0,0,1,0,0,-1,False,-1,-1,0,0,0,-1
2026-06-29 14:46:53.816,38.39863,False,21.13658,0.9683679,-9.338013,0,0,0,1,0,0,-1,False,-1,-1,0,0,0,-1
2026-06-29 14:46:53.860,38.443,False,21.13656,0.9684106,-9.338054,0,0,0,1,0,0,-1,False,-1,-1,0,0,0,-1
2026-06-29 14:46:53.904,38.48717,False,21.13662,0.9684795,-9.338038,0,0,0,1,0,0,-1,False,-1,-1,0,0,0,-1
2026-06-29 14:46:53.949,38.53145,False,21.13654,0.9684279,-9.337896,0,0,0,1,0,0,-1,False,-1,-1,0,0,0,-1
2026-06-29 14:46:53.992,38.57589,False,21.13648,0.9684587,-9.337877,0,0,0,1,0,0,-1,False,-1,-1,0,0,0,-1
2026-06-29 14:46:54.038,38.62108,False,21.13642,0.9684372,-9.337791,0,0,0,1,0,0,-1,False,-1,-1,0,0,0,-1
2026-06-29 14:46:54.081,38.66466,False,21.13652,0.9685305,-9.338014,0,0,0,1,0,0,-1,False,-1,-1,0,0,0,-1
2026-06-29 14:46:54.125,38.70843,False,21.13648,0.9684393,-9.338081,0,0,0,1,0,0,-1,False,-1,-1,0,0,0,-1
2026-06-29 14:46:54.159,38.74237,False,21.1366,0.9683878,-9.338098,0,0,0,1,0,0,-1,False,-1,-1,0,0,0,-1
2026-06-29 14:46:54.203,38.78613,False,21.1365,0.968433,-9.337988,0,0,0,1,0,0,-1,False,-1,-1,0,0,0,-1
2026-06-29 14:46:54.237,38.81966,False,21.1366,0.9683722,-9.337914,0,0,0,1,0,0,-1,False,-1,-1,0,0,0,-1
2026-06-29 14:46:54.270,38.85351,False,21.13648,0.9683985,-9.338011,0,0,0,1,0,0,-1,False,-1,-1,0,0,0,-1
2026-06-29 14:46:54.314,38.89706,False,21.13642,0.9683745,-9.338009,0,0,0,1,0,0,-1,False,-1,-1,0,0,0,-1
2026-06-29 14:46:54.348,38.93125,False,21.13648,0.9683519,-9.33808,0,0,0,1,0,0,-1,False,-1,-1,0,0,0,-1
2026-06-29 14:46:54.382,38.96495,False,21.13655,0.9683054,-9.338074,0,0,0,1,0,0,-1,False,-1,-1,0,0,0,-1
2026-06-29 14:46:54.426,39.00862,False,21.13671,0.9682959,-9.337989,0,0,0,1,0,0,-1,False,-1,-1,0,0,0,-1
2026-06-29 14:46:54.470,39.05281,False,21.13664,0.9682964,-9.33791,0,0,0,1,0,0,-1,False,-1,-1,0,0,0,-1
2026-06-29 14:46:54.504,39.0869,False,21.13673,0.9681554,-9.33789,0,0,0,1,0,0,-1,False,-1,-1,0,0,0,-1
2026-06-29 14:46:54.548,39.13038,False,21.13649,0.968225,-9.337796,0,0,0,1,0,0,-1,False,-1,-1,0,0,0,-1
2026-06-29 14:46:54.591,39.17443,False,21.13654,0.9682927,-9.337999,0,0,0,1,0,0,-1,False,-1,-1,0,0,0,-1
2026-06-29 14:46:54.626,39.20792,False,21.13659,0.9682476,-9.338102,0,0,0,1,0,0,-1,False,-1,-1,0,0,0,-1
2026-06-29 14:46:54.658,39.24143,False,21.13648,0.9683628,-9.337929,0,0,0,1,0,0,-1,False,-1,-1,0,0,0,-1
2026-06-29 14:46:54.703,39.28519,False,21.13658,0.9683151,-9.337813,0,0,0,1,0,0,-1,False,-1,-1,0,0,0,-1
2026-06-29 14:46:54.737,39.31998,False,21.1366,0.9684163,-9.337973,0,0,0,1,0,0,-1,False,-1,-1,0,0,0,-1
2026-06-29 14:46:54.781,39.3633,False,21.13643,0.9684321,-9.338051,0,0,0,1,0,0,-1,False,-1,-1,0,0,0,-1
2026-06-29 14:46:54.814,39.39711,False,21.13658,0.9684401,-9.338072,0,0,0,1,0,0,-1,False,-1,-1,0,0,0,-1
2026-06-29 14:46:54.858,39.44102,False,21.13656,0.9683766,-9.338069,0,0,0,1,0,0,-1,False,-1,-1,0,0,0,-1
2026-06-29 14:46:54.892,39.47555,False,21.13662,0.9683938,-9.338123,0,0,0,1,0,0,-1,False,-1,-1,0,0,0,-1
2026-06-29 14:46:54.936,39.51918,False,21.13651,0.96832,-9.338041,0,0,0,1,0,0,-1,False,-1,-1,0,0,0,-1
2026-06-29 14:46:54.979,39.56303,False,21.13656,0.9683391,-9.337961,0,0,0,1,0,0,-1,False,-1,-1,0,0,0,-1
2026-06-29 14:46:55.014,39.59672,False,21.13661,0.9683393,-9.337947,0,0,0,1,0,0,-1,False,-1,-1,0,0,0,-1
2026-06-29 14:46:55.048,39.63057,False,21.1365,0.9684343,-9.337983,0,0,0,1,0,0,-1,False,-1,-1,0,0,0,-1
2026-06-29 14:46:55.082,39.66482,False,21.13657,0.9684786,-9.338085,0,0,0,1,0,0,-1,False,-1,-1,0,0,0,-1
2026-06-29 14:46:55.125,39.70789,False,21.13654,0.9684644,-9.33802,0,0,0,1,0,0,-1,False,-1,-1,0,0,0,-1
2026-06-29 14:46:55.158,39.74146,False,21.13658,0.9683837,-9.338142,0,0,0,1,0,0,-1,False,-1,-1,0,0,0,-1
2026-06-29 14:46:55.204,39.78629,False,21.13656,0.9684458,-9.338085,0,0,0,1,0,0,-1,False,-1,-1,0,0,0,-1
2026-06-29 14:46:55.238,39.82014,False,21.13659,0.9683073,-9.33799,0,0,0,1,0,0,-1,False,-1,-1,0,0,0,-1
2026-06-29 14:46:55.282,39.86398,False,21.13654,0.9683428,-9.338102,0,0,0,1,0,0,-1,False,-1,-1,0,0,0,-1
2026-06-29 14:46:55.325,39.90792,False,21.13645,0.9684313,-9.33802,0,0,0,1,0,0,-1,False,-1,-1,0,0,0,-1
2026-06-29 14:46:55.369,39.9523,False,21.13638,0.9684224,-9.337997,0,0,0,1,0,0,-1,False,-1,-1,0,0,0,-1
2026-06-29 14:46:55.404,39.98667,False,21.13651,0.9684651,-9.338017,0,0,0,1,0,0,-1,False,-1,-1,0,0,0,-1
2026-06-29 14:46:55.447,40.02994,False,21.13657,0.9684021,-9.338005,0,0,0,1,0,0,-1,False,-1,-1,0,0,0,-1
2026-06-29 14:46:55.480,40.06331,False,21.13664,0.9683846,-9.338131,0,0,0,1,0,0,-1,False,-1,-1,0,0,0,-1
2026-06-29 14:46:55.525,40.1081,False,21.13659,0.9683881,-9.338116,0,0,0,1,0,0,-1,False,-1,-1,0,0,0,-1
2026-06-29 14:46:55.569,40.15217,False,21.13668,0.9683673,-9.337996,0,0,0,1,0,0,-1,False,-1,-1,0,0,0,-1
2026-06-29 14:46:55.614,40.19762,False,21.13667,0.9683256,-9.337777,0,0,0,1,0,0,-1,False,-1,-1,0,0,0,-1
2026-06-29 14:46:55.659,40.24138,False,21.13663,0.9683398,-9.337717,0,0,0,1,0,0,-1,False,-1,-1,0,0,0,-1
2026-06-29 14:46:55.692,40.27535,False,21.13677,0.9683648,-9.337749,0,0,0,1,0,0,-1,False,-1,-1,0,0,0,-1
2026-06-29 14:46:55.737,40.31932,False,21.13673,0.9683111,-9.337631,0,0,0,1,0,0,-1,False,-1,-1,0,0,0,-1
2026-06-29 14:46:55.780,40.36304,False,21.13656,0.9684715,-9.337893,0,0,0,1,0,0,-1,False,-1,-1,0,0,0,-1
2026-06-29 14:46:55.814,40.39684,False,21.13657,0.968453,-9.337878,0,0,0,1,0,0,-1,False,-1,-1,0,0,0,-1
2026-06-29 14:46:55.848,40.43137,False,21.13651,0.9684169,-9.337916,0,0,0,1,0,0,-1,False,-1,-1,0,0,0,-1
2026-06-29 14:46:55.891,40.47469,False,21.13651,0.9683644,-9.337847,0,0,0,1,0,0,-1,False,-1,-1,0,0,0,-1
2026-06-29 14:46:55.935,40.51844,False,21.13653,0.968466,-9.337925,0,0,0,1,0,0,-1,False,-1,-1,0,0,0,-1
2026-06-29 14:46:55.969,40.55203,False,21.13644,0.9684275,-9.337738,0,0,0,1,0,0,-1,False,-1,-1,0,0,0,-1
2026-06-29 14:46:56.013,40.59623,False,21.13642,0.9682814,-9.337671,0,0,0,1,0,0,-1,False,-1,-1,0,0,0,-1
2026-06-29 14:46:56.047,40.63026,False,21.13631,0.968272,-9.3377,0,0,0,1,0,0,-1,False,-1,-1,0,0,0,-1
2026-06-29 14:46:56.082,40.66429,False,21.13635,0.9682639,-9.337763,0,0,0,1,0,0,-1,False,-1,-1,0,0,0,-1
2026-06-29 14:46:56.124,40.70749,False,21.13636,0.9682771,-9.337727,0,0,0,1,0,0,-1,False,-1,-1,0,0,0,-1
2026-06-29 14:46:56.159,40.74102,False,21.13659,0.9683186,-9.337847,0,0,0,1,0,0,-1,False,-1,-1,0,0,0,-1
2026-06-29 14:46:56.192,40.77496,False,21.13662,0.968294,-9.337767,0,0,0,1,0,0,-1,False,-1,-1,0,0,0,-1
2026-06-29 14:46:56.237,40.81994,False,21.13638,0.9683515,-9.337746,0,0,0,1,0,0,-1,False,-1,-1,0,0,0,-1
2026-06-29 14:46:56.271,40.85387,False,21.13632,0.9683368,-9.337746,0,0,0,1,0,0,-1,False,-1,-1,0,0,0,-1
2026-06-29 14:46:56.313,40.89639,False,21.13641,0.9682908,-9.337768,0,0,0,1,0,0,-1,False,-1,-1,0,0,0,-1
2026-06-29 14:46:56.359,40.94222,False,21.13644,0.9682882,-9.337769,0,0,0,1,0,0,-1,False,-1,-1,0,0,0,-1
2026-06-29 14:46:56.402,40.98505,False,21.13659,0.9683219,-9.337812,0,0,0,1,0,0,-1,False,-1,-1,0,0,0,-1
2026-06-29 14:46:56.436,41.0189,False,21.13659,0.9683381,-9.337868,0,0,0,1,0,0,-1,False,-1,-1,0,0,0,-1
2026-06-29 14:46:56.470,41.05276,False,21.13665,0.9683063,-9.337823,0,0,0,1,0,0,-1,False,-1,-1,0,0,0,-1
2026-06-29 14:46:56.514,41.09626,False,21.13638,0.9683951,-9.337914,0,0,0,1,0,0,-1,False,-1,-1,0,0,0,-1
2026-06-29 14:46:56.547,41.12971,False,21.13651,0.9683082,-9.337955,0,0,0,1,0,0,-1,False,-1,-1,0,0,0,-1
2026-06-29 14:46:56.590,41.17345,False,21.13666,0.9682717,-9.337982,0,0,0,1,0,0,-1,False,-1,-1,0,0,0,-1
2026-06-29 14:46:56.624,41.20752,False,21.13663,0.9682939,-9.337952,0,0,0,1,0,0,-1,False,-1,-1,0,0,0,-1
2026-06-29 14:46:56.668,41.25135,False,21.13667,0.9683162,-9.337857,0,0,0,1,0,0,-1,False,-1,-1,0,0,0,-1
2026-06-29 14:46:56.703,41.28563,False,21.13656,0.9683343,-9.337713,0,0,0,1,0,0,-1,False,-1,-1,0,0,0,-1
2026-06-29 14:46:56.737,41.31942,False,21.13659,0.9683177,-9.33769,0,0,0,1,0,0,-1,False,-1,-1,0,0,0,-1
2026-06-29 14:46:56.780,41.36335,False,21.13672,0.9683362,-9.337746,0,0,0,1,0,0,-1,False,-1,-1,0,0,0,-1
2026-06-29 14:46:56.815,41.39778,False,21.13675,0.9684474,-9.337831,0,0,0,1,0,0,-1,False,-1,-1,0,0,0,-1
2026-06-29 14:46:56.858,41.44067,False,21.13659,0.968383,-9.337715,0,0,0,1,0,0,-1,False,-1,-1,0,0,0,-1
2026-06-29 14:46:56.891,41.47424,False,21.13659,0.9684184,-9.337803,0,0,0,1,0,0,-1,False,-1,-1,0,0,0,-1
2026-06-29 14:46:56.926,41.50837,False,21.13654,0.9683937,-9.337828,0,0,0,1,0,0,-1,False,-1,-1,0,0,0,-1
2026-06-29 14:46:56.969,41.5521,False,21.13654,0.9683499,-9.337849,0,0,0,1,0,0,-1,False,-1,-1,0,0,0,-1
2026-06-29 14:46:57.014,41.5962,False,21.13647,0.9683369,-9.337965,0,0,0,1,0,0,-1,False,-1,-1,0,0,0,-1
2026-06-29 14:46:57.058,41.64053,False,21.13624,0.9684303,-9.337895,0,0,0,1,0,0,-1,False,-1,-1,0,0,0,-1
2026-06-29 14:46:57.091,41.6744,False,21.13642,0.9683865,-9.337939,0,0,0,1,0,0,-1,False,-1,-1,0,0,0,-1
2026-06-29 14:46:57.136,41.71901,False,21.13629,0.9684442,-9.338023,0,0,0,1,0,0,-1,False,-1,-1,0,0,0,-1
2026-06-29 14:46:57.179,41.76237,False,21.13635,0.9685149,-9.337945,0,0,0,1,0,0,-1,False,-1,-1,0,0,0,-1
2026-06-29 14:46:57.213,41.79595,False,21.13633,0.9685033,-9.337881,0,0,0,1,0,0,-1,False,-1,-1,0,0,0,-1
2026-06-29 14:46:57.247,41.83001,False,21.13641,0.9684621,-9.337816,0,0,0,1,0,0,-1,False,-1,-1,0,0,0,-1
2026-06-29 14:46:57.291,41.87374,False,21.13633,0.9684228,-9.337818,0,0,0,1,0,0,-1,False,-1,-1,0,0,0,-1
2026-06-29 14:46:57.325,41.90771,False,21.13648,0.9683989,-9.337807,0,0,0,1,0,0,-1,False,-1,-1,0,0,0,-1
2026-06-29 14:46:57.369,41.95164,False,21.1365,0.9683183,-9.337861,0,0,0,1,0,0,-1,False,-1,-1,0,0,0,-1
2026-06-29 14:46:57.403,41.98517,False,21.1364,0.9683883,-9.337893,0,0,0,1,0,0,-1,False,-1,-1,0,0,0,-1
2026-06-29 14:46:57.447,42.02916,False,21.13641,0.9684005,-9.337814,0,0,0,1,0,0,-1,False,-1,-1,0,0,0,-1
2026-06-29 14:46:57.480,42.06313,False,21.13646,0.9683188,-9.337753,0,0,0,1,0,0,-1,False,-1,-1,0,0,0,-1
2026-06-29 14:46:57.525,42.10731,False,21.13666,0.968353,-9.337875,0,0,0,1,0,0,-1,False,-1,-1,0,0,0,-1
2026-06-29 14:46:57.569,42.15134,False,21.13659,0.9683191,-9.337927,0,0,0,1,0,0,-1,False,-1,-1,0,0,0,-1
2026-06-29 14:46:57.612,42.19526,False,21.13658,0.9682983,-9.337952,0,0,0,1,0,0,-1,False,-1,-1,0,0,0,-1
2026-06-29 14:46:57.646,42.22904,False,21.13659,0.968303,-9.337881,0,0,0,1,0,0,-1,False,-1,-1,0,0,0,-1
2026-06-29 14:46:57.690,42.27287,False,21.13639,0.9682772,-9.337739,0,0,0,1,0,0,-1,False,-1,-1,0,0,0,-1
2026-06-29 14:46:57.724,42.30658,False,21.1365,0.9682688,-9.337874,0,0,0,1,0,0,-1,False,-1,-1,0,0,0,-1
2026-06-29 14:46:57.769,42.35152,False,21.13651,0.9682384,-9.337795,0,0,0,1,0,0,-1,False,-1,-1,0,0,0,-1
2026-06-29 14:46:57.813,42.39585,False,21.13646,0.968266,-9.337824,0,0,0,1,0,0,-1,False,-1,-1,0,0,0,-1
2026-06-29 14:46:57.856,42.43965,False,21.13659,0.9682757,-9.3379,0,0,0,1,0,0,-1,False,-1,-1,0,0,0,-1
2026-06-29 14:46:57.891,42.47405,False,21.13648,0.9683219,-9.337864,0,0,0,1,0,0,-1,False,-1,-1,0,0,0,-1
2026-06-29 14:46:57.924,42.50743,False,21.13648,0.9684099,-9.337778,0,0,0,1,0,0,-1,False,-1,-1,0,0,0,-1
2026-06-29 14:46:57.969,42.55145,False,21.13642,0.9684342,-9.337774,0,0,0,1,0,0,-1,False,-1,-1,0,0,0,-1
2026-06-29 14:46:58.012,42.59538,False,21.13632,0.9684265,-9.337801,0,0,0,1,0,0,-1,False,-1,-1,0,0,0,-1
2026-06-29 14:46:58.046,42.62891,False,21.13647,0.9683816,-9.337973,0,0,0,1,0,0,-1,False,-1,-1,0,0,0,-1
2026-06-29 14:46:58.080,42.6632,False,21.13637,0.9683752,-9.337966,0,0,0,1,0,0,-1,False,-1,-1,0,0,0,-1
2026-06-29 14:46:58.124,42.70651,False,21.13639,0.9683434,-9.337826,0,0,0,1,0,0,-1,False,-1,-1,0,0,0,-1
2026-06-29 14:46:58.156,42.73992,False,21.1364,0.9683245,-9.337805,0,0,0,1,0,0,-1,False,-1,-1,0,0,0,-1
2026-06-29 14:46:58.191,42.77333,False,21.13634,0.968403,-9.337908,0,0,0,1,0,0,-1,False,-1,-1,0,0,0,-1
2026-06-29 14:46:58.226,42.80819,False,21.13639,0.9684007,-9.33802,0,0,0,1,0,0,-1,False,-1,-1,0,0,0,-1
2026-06-29 14:46:58.267,42.85043,False,21.13644,0.968418,-9.338059,0,0,0,1,0,0,-1,False,-1,-1,0,0,0,-1
2026-06-29 14:46:58.301,42.88391,False,21.13654,0.9684196,-9.338174,0,0,0,1,0,0,-1,False,-1,-1,0,0,0,-1
2026-06-29 14:46:58.335,42.9176,False,21.13644,0.9684376,-9.338089,0,0,0,1,0,0,-1,False,-1,-1,0,0,0,-1
2026-06-29 14:46:58.379,42.9618,False,21.1365,0.9684055,-9.337934,0,0,0,1,0,0,-1,False,-1,-1,0,0,0,-1
2026-06-29 14:46:58.423,43.00565,False,21.13648,0.9684185,-9.337912,0,0,0,1,0,0,-1,False,-1,-1,0,0,0,-1
2026-06-29 14:46:58.457,43.03971,False,21.13651,0.9683362,-9.337938,0,0,0,1,0,0,-1,False,-1,-1,0,0,0,-1
2026-06-29 14:46:58.490,43.07307,False,21.13647,0.9683531,-9.337975,0,0,0,1,0,0,-1,False,-1,-1,0,0,0,-1
2026-06-29 14:46:58.534,43.11713,False,21.13659,0.9683912,-9.338139,0,0,0,1,0,0,-1,False,-1,-1,0,0,0,-1
2026-06-29 14:46:58.570,43.15276,False,21.13666,0.9683573,-9.338016,0,0,0,1,0,0,-1,False,-1,-1,0,0,0,-1
2026-06-29 14:46:58.612,43.19495,False,21.13671,0.9683732,-9.338045,0,0,0,1,0,0,-1,False,-1,-1,0,0,0,-1
2026-06-29 14:46:58.656,43.2395,False,21.13675,0.9682568,-9.337969,0,0,0,1,0,0,-1,False,-1,-1,0,0,0,-1
2026-06-29 14:46:58.700,43.28278,False,21.13658,0.9682834,-9.337887,0,0,0,1,0,0,-1,False,-1,-1,0,0,0,-1
2026-06-29 14:46:58.733,43.31636,False,21.13662,0.9682868,-9.337791,0,0,0,1,0,0,-1,False,-1,-1,0,0,0,-1
2026-06-29 14:46:58.767,43.34983,False,21.13664,0.9683266,-9.337894,0,0,0,1,0,0,-1,False,-1,-1,0,0,0,-1
2026-06-29 14:46:58.811,43.39373,False,21.13662,0.9683794,-9.337832,0,0,0,1,0,0,-1,False,-1,-1,0,0,0,-1
2026-06-29 14:46:58.844,43.42746,False,21.13647,0.9684106,-9.337982,0,0,0,1,0,0,-1,False,-1,-1,0,0,0,-1
2026-06-29 14:46:58.889,43.47161,False,21.1365,0.9684691,-9.337941,0,0,0,1,0,0,-1,False,-1,-1,0,0,0,-1
2026-06-29 14:46:58.934,43.5162,False,21.13654,0.968435,-9.337902,0,0,0,1,0,0,-1,False,-1,-1,0,0,0,-1
2026-06-29 14:46:58.966,43.54965,False,21.13652,0.968473,-9.337897,0,0,0,1,0,0,-1,False,-1,-1,0,0,0,-1
2026-06-29 14:46:59.001,43.58371,False,21.13656,0.9684609,-9.337959,0,0,0,1,0,0,-1,False,-1,-1,0,0,0,-1
2026-06-29 14:46:59.034,43.61737,False,21.13654,0.9684141,-9.338033,0,0,0,1,0,0,-1,False,-1,-1,0,0,0,-1
2026-06-29 14:46:59.078,43.66112,False,21.13653,0.9683492,-9.337914,0,0,0,1,0,0,-1,False,-1,-1,0,0,0,-1
2026-06-29 14:46:59.124,43.70613,False,21.13655,0.9683663,-9.337955,0,0,0,1,0,0,-1,False,-1,-1,0,0,0,-1
2026-06-29 14:46:59.167,43.74995,False,21.13658,0.9683594,-9.337866,0,0,0,1,0,0,-1,False,-1,-1,0,0,0,-1
2026-06-29 14:46:59.212,43.79507,False,21.13661,0.9682966,-9.337746,0,0,0,1,0,0,-1,False,-1,-1,0,0,0,-1
2026-06-29 14:46:59.246,43.82898,False,21.13659,0.9683604,-9.337851,0,0,0,1,0,0,-1,False,-1,-1,0,0,0,-1
2026-06-29 14:46:59.290,43.87233,False,21.13668,0.9683025,-9.337883,0,0,0,1,0,0,-1,False,-1,-1,0,0,0,-1
2026-06-29 14:46:59.324,43.90609,False,21.13668,0.968365,-9.33798,0,0,0,1,0,0,-1,False,-1,-1,0,0,0,-1
2026-06-29 14:46:59.358,43.9401,False,21.13667,0.9683,-9.337994,0,0,0,1,0,0,-1,False,-1,-1,0,0,0,-1
2026-06-29 14:46:59.400,43.98332,False,21.13657,0.9683086,-9.337861,0,0,0,1,0,0,-1,False,-1,-1,0,0,0,-1
2026-06-29 14:46:59.434,44.01667,False,21.13658,0.9683203,-9.337918,0,0,0,1,0,0,-1,False,-1,-1,0,0,0,-1
2026-06-29 14:46:59.468,44.05014,False,21.13659,0.9683015,-9.337873,0,0,0,1,0,0,-1,False,-1,-1,0,0,0,-1
2026-06-29 14:46:59.512,44.09445,False,21.13653,0.9683624,-9.337988,0,0,0,1,0,0,-1,False,-1,-1,0,0,0,-1
2026-06-29 14:46:59.556,44.13918,False,21.13657,0.9683376,-9.338202,0,0,0,1,0,0,-1,False,-1,-1,0,0,0,-1
2026-06-29 14:46:59.600,44.18322,False,21.13649,0.9683774,-9.338278,0,0,0,1,0,0,-1,False,-1,-1,0,0,0,-1
2026-06-29 14:46:59.636,44.21865,False,21.1364,0.9683225,-9.338203,0,0,0,1,0,0,-1,False,-1,-1,0,0,0,-1
2026-06-29 14:46:59.678,44.26078,False,21.13621,0.9683875,-9.338226,0,0,0,1,0,0,-1,False,-1,-1,0,0,0,-1
2026-06-29 14:46:59.723,44.30516,False,21.13624,0.9683715,-9.338369,0,0,0,1,0,0,-1,False,-1,-1,0,0,0,-1
2026-06-29 14:46:59.766,44.34943,False,21.13615,0.9683549,-9.338448,0,0,0,1,0,0,-1,False,-1,-1,0,0,0,-1
2026-06-29 14:46:59.801,44.38301,False,21.1362,0.968377,-9.338587,0,0,0,1,0,0,-1,False,-1,-1,0,0,0,-1
2026-06-29 14:46:59.834,44.41658,False,21.13658,0.9684069,-9.338073,0,0,0,1,0,0,-1,False,-1,-1,0,0,0,-1
2026-06-29 14:46:59.877,44.46058,False,21.13668,0.9682533,-9.337929,0,0,0,1,0,0,-1,False,-1,-1,0,0,0,-1
2026-06-29 14:46:59.922,44.50477,False,21.1367,0.9682364,-9.337976,0,0,0,1,0,0,-1,False,-1,-1,0,0,0,-1
2026-06-29 14:46:59.955,44.53829,False,21.13664,0.9683209,-9.337957,0,0,0,1,0,0,-1,False,-1,-1,0,0,0,-1
2026-06-29 14:47:00.000,44.58244,False,21.1366,0.9683007,-9.337862,0,0,0,1,0,0,-1,False,-1,-1,0,0,0,-1
2026-06-29 14:47:00.034,44.61673,False,21.13662,0.9682365,-9.33779,0,0,0,1,0,0,-1,False,-1,-1,0,0,0,-1
2026-06-29 14:47:00.078,44.66085,False,21.13674,0.9682246,-9.337733,0,0,0,1,0,0,-1,False,-1,-1,0,0,0,-1
2026-06-29 14:47:00.122,44.70523,False,21.13665,0.9682314,-9.33779,0,0,0,1,0,0,-1,False,-1,-1,0,0,0,-1
2026-06-29 14:47:00.156,44.73859,False,21.13669,0.9683087,-9.33778,0,0,0,1,0,0,-1,False,-1,-1,0,0,0,-1
2026-06-29 14:47:00.188,44.77194,False,21.13668,0.9682897,-9.337734,0,0,0,1,0,0,-1,False,-1,-1,0,0,0,-1
2026-06-29 14:47:00.232,44.81629,False,21.13653,0.9683416,-9.337893,0,0,0,1,0,0,-1,False,-1,-1,0,0,0,-1
2026-06-29 14:47:00.267,44.84982,False,21.13645,0.9683542,-9.337858,0,0,0,1,0,0,-1,False,-1,-1,0,0,0,-1
2026-06-29 14:47:00.310,44.89384,False,21.13653,0.9683354,-9.337936,0,0,0,1,0,0,-1,False,-1,-1,0,0,0,-1
2026-06-29 14:47:00.345,44.9274,False,21.13661,0.9684409,-9.338065,0,0,0,1,0,0,-1,False,-1,-1,0,0,0,-1
2026-06-29 14:47:00.378,44.96087,False,21.13663,0.9683518,-9.337988,0,0,0,1,0,0,-1,False,-1,-1,0,0,0,-1
2026-06-29 14:47:00.411,44.99437,False,21.13661,0.9683607,-9.338051,0,0,0,1,0,0,-1,False,-1,-1,0,0,0,-1
2026-06-29 14:47:00.447,45.02912,False,21.13657,0.9683347,-9.338045,0,0,0,1,0,0,-1,False,-1,-1,0,0,0,-1
2026-06-29 14:47:00.490,45.0727,False,21.13653,0.9683647,-9.338047,0,0,0,1,0,0,-1,False,-1,-1,0,0,0,-1
2026-06-29 14:47:00.532,45.1163,False,21.13647,0.9682894,-9.337909,0,0,0,1,0,0,-1,False,-1,-1,0,0,0,-1
2026-06-29 14:47:00.568,45.14996,False,21.13652,0.9683074,-9.337986,0,0,0,1,0,0,-1,False,-1,-1,0,0,0,-1
2026-06-29 14:47:00.611,45.19403,False,21.1364,0.9683987,-9.338121,0,0,0,1,0,0,-1,False,-1,-1,0,0,0,-1
2026-06-29 14:47:00.645,45.22798,False,21.13648,0.9683604,-9.337957,0,0,0,1,0,0,-1,False,-1,-1,0,0,0,-1
2026-06-29 14:47:00.691,45.27423,False,21.13651,0.9683917,-9.33804,0,0,0,1,0,0,-1,False,-1,-1,0,0,0,-1
2026-06-29 14:47:00.734,45.31658,False,21.13657,0.9683737,-9.338039,0,0,0,1,0,0,-1,False,-1,-1,0,0,0,-1
2026-06-29 14:47:00.776,45.35955,False,21.13661,0.968313,-9.33807,0,0,0,1,0,0,-1,False,-1,-1,0,0,0,-1
2026-06-29 14:47:00.811,45.39359,False,21.13649,0.9683079,-9.337967,0,0,0,1,0,0,-1,False,-1,-1,0,0,0,-1
2026-06-29 14:47:00.844,45.42715,False,21.13655,0.9683397,-9.337992,0,0,0,1,0,0,-1,False,-1,-1,0,0,0,-1
2026-06-29 14:47:00.889,45.47206,False,21.1365,0.9683456,-9.337774,0,0,0,1,0,0,-1,False,-1,-1,0,0,0,-1
2026-06-29 14:47:00.932,45.51542,False,21.13655,0.9683699,-9.337903,0,0,0,1,0,0,-1,False,-1,-1,0,0,0,-1
2026-06-29 14:47:00.966,45.54875,False,21.13658,0.9683504,-9.337943,0,0,0,1,0,0,-1,False,-1,-1,0,0,0,-1
2026-06-29 14:47:01.000,45.58275,False,21.13656,0.9682937,-9.337852,0,0,0,1,0,0,-1,False,-1,-1,0,0,0,-1
2026-06-29 14:47:01.044,45.62672,False,21.13672,0.9682754,-9.338039,0,0,0,1,0,0,-1,False,-1,-1,0,0,0,-1
2026-06-29 14:47:01.089,45.67121,False,21.13662,0.9682918,-9.337947,0,0,0,1,0,0,-1,False,-1,-1,0,0,0,-1
2026-06-29 14:47:01.122,45.70481,False,21.1366,0.9683316,-9.338078,0,0,0,1,0,0,-1,False,-1,-1,0,0,0,-1
2026-06-29 14:47:01.155,45.73816,False,21.13664,0.9683771,-9.33815,0,0,0,1,0,0,-1,False,-1,-1,0,0,0,-1
2026-06-29 14:47:01.189,45.77172,False,21.1366,0.9683949,-9.33815,0,0,0,1,0,0,-1,False,-1,-1,0,0,0,-1
2026-06-29 14:47:01.233,45.8159,False,21.13652,0.9685687,-9.338203,0,0,0,1,0,0,-1,False,-1,-1,0,0,0,-1
2026-06-29 14:47:01.266,45.84926,False,21.13651,0.9684749,-9.338104,0,0,0,1,0,0,-1,False,-1,-1,0,0,0,-1
2026-06-29 14:47:01.310,45.89373,False,21.13644,0.9684867,-9.33803,0,0,0,1,0,0,-1,False,-1,-1,0,0,0,-1
2026-06-29 14:47:01.355,45.9379,False,21.13651,0.9684468,-9.338041,0,0,0,1,0,0,-1,False,-1,-1,0,0,0,-1
2026-06-29 14:47:01.389,45.97165,False,21.13653,0.9684498,-9.337997,0,0,0,1,0,0,-1,False,-1,-1,0,0,0,-1
2026-06-29 14:47:01.422,46.00558,False,21.13663,0.9684613,-9.338103,0,0,0,1,0,0,-1,False,-1,-1,0,0,0,-1
2026-06-29 14:47:01.467,46.04951,False,21.13663,0.9683082,-9.338118,0,0,0,1,0,0,-1,False,-1,-1,0,0,0,-1
2026-06-29 14:47:01.510,46.09331,False,21.13667,0.9682798,-9.338082,0,0,0,1,0,0,-1,False,-1,-1,0,0,0,-1
2026-06-29 14:47:01.545,46.12712,False,21.13665,0.9682736,-9.33802,0,0,0,1,0,0,-1,False,-1,-1,0,0,0,-1
2026-06-29 14:47:01.587,46.17101,False,21.1366,0.9682575,-9.338094,0,0,0,1,0,0,-1,False,-1,-1,0,0,0,-1
2026-06-29 14:47:01.622,46.20436,False,21.13659,0.968269,-9.33795,0,0,0,1,0,0,-1,False,-1,-1,0,0,0,-1
2026-06-29 14:47:01.666,46.24893,False,21.13681,0.9682478,-9.337917,0,0,0,1,0,0,-1,False,-1,-1,0,0,0,-1
2026-06-29 14:47:01.700,46.28253,False,21.13676,0.9682486,-9.337858,0,0,0,1,0,0,-1,False,-1,-1,0,0,0,-1
2026-06-29 14:47:01.744,46.32666,False,21.13668,0.9682765,-9.337805,0,0,0,1,0,0,-1,False,-1,-1,0,0,0,-1
2026-06-29 14:47:01.778,46.36065,False,21.13655,0.9683978,-9.337866,0,0,0,1,0,0,-1,False,-1,-1,0,0,0,-1
2026-06-29 14:47:01.821,46.40461,False,21.13654,0.9684914,-9.338015,0,0,0,1,0,0,-1,False,-1,-1,0,0,0,-1
2026-06-29 14:47:01.855,46.43844,False,21.13658,0.9683874,-9.337917,0,0,0,1,0,0,-1,False,-1,-1,0,0,0,-1
2026-06-29 14:47:01.899,46.48198,False,21.13655,0.968452,-9.337963,0,0,0,1,0,0,-1,False,-1,-1,0,0,0,-1
2026-06-29 14:47:01.932,46.5156,False,21.13659,0.9684802,-9.338015,0,0,0,1,0,0,-1,False,-1,-1,0,0,0,-1
2026-06-29 14:47:01.977,46.55962,False,21.13646,0.9683456,-9.33787,0,0,0,1,0,0,-1,False,-1,-1,0,0,0,-1
2026-06-29 14:47:02.010,46.59329,False,21.13639,0.9683964,-9.337919,0,0,0,1,0,0,-1,False,-1,-1,0,0,0,-1
2026-06-29 14:47:02.044,46.62671,False,21.13641,0.9683806,-9.337908,0,0,0,1,0,0,-1,False,-1,-1,0,0,0,-1
2026-06-29 14:47:02.077,46.66019,False,21.13644,0.9683444,-9.33783,0,0,0,1,0,0,-1,False,-1,-1,0,0,0,-1
2026-06-29 14:47:02.122,46.70422,False,21.13652,0.9683911,-9.338182,0,0,0,1,0,0,-1,False,-1,-1,0,0,0,-1
2026-06-29 14:47:02.154,46.73795,False,21.13657,0.9684257,-9.338135,0,0,0,1,0,0,-1,False,-1,-1,0,0,0,-1
2026-06-29 14:47:02.188,46.7713,False,21.13661,0.9683695,-9.338081,0,0,0,1,0,0,-1,False,-1,-1,0,0,0,-1
2026-06-29 14:47:02.232,46.81525,False,21.13656,0.9684524,-9.338192,0,0,0,1,0,0,-1,False,-1,-1,0,0,0,-1
2026-06-29 14:47:02.266,46.84923,False,21.13652,0.9684212,-9.338085,0,0,0,1,0,0,-1,False,-1,-1,0,0,0,-1
2026-06-29 14:47:02.310,46.89319,False,21.13664,0.9683415,-9.337963,0,0,0,1,0,0,-1,False,-1,-1,0,0,0,-1
2026-06-29 14:47:02.355,46.93743,False,21.13662,0.9683605,-9.337958,0,0,0,1,0,0,-1,False,-1,-1,0,0,0,-1
2026-06-29 14:47:02.388,46.9716,False,21.13653,0.9682904,-9.33777,0,0,0,1,0,0,-1,False,-1,-1,0,0,0,-1
2026-06-29 14:47:02.432,47.01576,False,21.13656,0.9683669,-9.337893,0,0,0,1,0,0,-1,False,-1,-1,0,0,0,-1
2026-06-29 14:47:02.477,47.05956,False,21.13667,0.9682871,-9.33794,0,0,0,1,0,0,-1,False,-1,-1,0,0,0,-1
2026-06-29 14:47:02.521,47.10386,False,21.13685,0.9682639,-9.338046,0,0,0,1,0,0,-1,False,-1,-1,0,0,0,-1
2026-06-29 14:47:02.554,47.13728,False,21.13675,0.9682727,-9.338058,0,0,0,1,0,0,-1,False,-1,-1,0,0,0,-1
2026-06-29 14:47:02.599,47.18162,False,21.13671,0.9683563,-9.338078,0,0,0,1,0,0,-1,False,-1,-1,0,0,0,-1
2026-06-29 14:47:02.632,47.21519,False,21.13663,0.9683595,-9.337958,0,0,0,1,0,0,-1,False,-1,-1,0,0,0,-1
2026-06-29 14:47:02.665,47.24883,False,21.1367,0.9682792,-9.337866,0,0,0,1,0,0,-1,False,-1,-1,0,0,0,-1
2026-06-29 14:47:02.710,47.29271,False,21.13642,0.968344,-9.337892,0,0,0,1,0,0,-1,False,-1,-1,0,0,0,-1
2026-06-29 14:47:02.744,47.3271,False,21.13641,0.9683133,-9.337915,0,0,0,1,0,0,-1,False,-1,-1,0,0,0,-1
2026-06-29 14:47:02.787,47.37037,False,21.13646,0.968363,-9.338011,0,0,0,1,0,0,-1,False,-1,-1,0,0,0,-1
2026-06-29 14:47:02.822,47.4058,False,21.13651,0.9682956,-9.338035,0,0,0,1,0,0,-1,False,-1,-1,0,0,0,-1
2026-06-29 14:47:02.865,47.44818,False,21.13651,0.9683691,-9.337975,0,0,0,1,0,0,-1,False,-1,-1,0,0,0,-1
2026-06-29 14:47:02.899,47.48206,False,21.13655,0.9683166,-9.337952,0,0,0,1,0,0,-1,False,-1,-1,0,0,0,-1
2026-06-29 14:47:02.944,47.52647,False,21.13651,0.9682982,-9.337787,0,0,0,1,0,0,-1,False,-1,-1,0,0,0,-1
2026-06-29 14:47:02.978,47.56075,False,21.13653,0.9682717,-9.337649,0,0,0,1,0,0,-1,False,-1,-1,0,0,0,-1
2026-06-29 14:47:03.020,47.60397,False,21.13652,0.968317,-9.337843,0,0,0,1,0,0,-1,False,-1,-1,0,0,0,-1
2026-06-29 14:47:03.065,47.6483,False,21.13648,0.9683814,-9.337954,0,0,0,1,0,0,-1,False,-1,-1,0,0,0,-1
2026-06-29 14:47:03.111,47.6932,False,21.1365,0.9682048,-9.337781,0,0,0,1,0,0,-1,False,-1,-1,0,0,0,-1
2026-06-29 14:47:03.154,47.73716,False,21.13653,0.9682848,-9.337906,0,0,0,1,0,0,-1,False,-1,-1,0,0,0,-1
2026-06-29 14:47:03.187,47.77058,False,21.1366,0.9682977,-9.337959,0,0,0,1,0,0,-1,False,-1,-1,0,0,0,-1
2026-06-29 14:47:03.232,47.81482,False,21.13655,0.968323,-9.338013,0,0,0,1,0,0,-1,False,-1,-1,0,0,0,-1
2026-06-29 14:47:03.276,47.85952,False,21.13649,0.9683426,-9.337955,0,0,0,1,0,0,-1,False,-1,-1,0,0,0,-1
2026-06-29 14:47:03.321,47.90407,False,21.13649,0.9684095,-9.338118,0,0,0,1,0,0,-1,False,-1,-1,0,0,0,-1
2026-06-29 14:47:03.365,47.94791,False,21.13658,0.9683605,-9.337996,0,0,0,1,0,0,-1,False,-1,-1,0,0,0,-1
2026-06-29 14:47:03.410,47.99221,False,21.13664,0.968419,-9.338027,0,0,0,1,0,0,-1,False,-1,-1,0,0,0,-1
2026-06-29 14:47:03.442,48.02599,False,21.13661,0.9683772,-9.337951,0,0,0,1,0,0,-1,False,-1,-1,0,0,0,-1
2026-06-29 14:47:03.487,48.07036,False,21.13653,0.9682682,-9.337811,0,0,0,1,0,0,-1,False,-1,-1,0,0,0,-1
2026-06-29 14:47:03.521,48.1037,False,21.13646,0.9683021,-9.337869,0,0,0,1,0,0,-1,False,-1,-1,0,0,0,-1
2026-06-29 14:47:03.554,48.13706,False,21.13653,0.9682943,-9.337778,0,0,0,1,0,0,-1,False,-1,-1,0,0,0,-1
2026-06-29 14:47:03.588,48.17053,False,21.13648,0.9683861,-9.337783,0,0,0,1,0,0,-1,False,-1,-1,0,0,0,-1
2026-06-29 14:47:03.632,48.2148,False,21.1365,0.9684915,-9.337715,0,0,0,1,0,0,-1,False,-1,-1,0,0,0,-1
2026-06-29 14:47:03.665,48.24856,False,21.13654,0.9685161,-9.337872,0,0,0,1,0,0,-1,False,-1,-1,0,0,0,-1
2026-06-29 14:47:03.709,48.29238,False,21.13664,0.9685572,-9.33777,0,0,0,1,0,0,-1,False,-1,-1,0,0,0,-1
2026-06-29 14:47:03.743,48.32593,False,21.13657,0.9685513,-9.337805,0,0,0,1,0,0,-1,False,-1,-1,0,0,0,-1
2026-06-29 14:47:03.775,48.35932,False,21.13662,0.9685536,-9.337845,0,0,0,1,0,0,-1,False,-1,-1,0,0,0,-1
2026-06-29 14:47:03.821,48.40364,False,21.13662,0.9684491,-9.337925,0,0,0,1,0,0,-1,False,-1,-1,0,0,0,-1
2026-06-29 14:47:03.866,48.44828,False,21.13657,0.9684765,-9.337845,0,0,0,1,0,0,-1,False,-1,-1,0,0,0,-1
2026-06-29 14:47:03.900,48.48291,False,21.13655,0.9684674,-9.337765,0,0,0,1,0,0,-1,False,-1,-1,0,0,0,-1
2026-06-29 14:47:03.944,48.52606,False,21.13643,0.9684715,-9.337978,0,0,0,1,0,0,-1,False,-1,-1,0,0,0,-1
2026-06-29 14:47:03.987,48.57007,False,21.13649,0.9684236,-9.337822,0,0,0,1,0,0,-1,False,-1,-1,0,0,0,-1
2026-06-29 14:47:04.031,48.61415,False,21.1365,0.968389,-9.337772,0,0,0,1,0,0,-1,False,-1,-1,0,0,0,-1
2026-06-29 14:47:04.065,48.64785,False,21.13647,0.9683315,-9.337775,0,0,0,1,0,0,-1,False,-1,-1,0,0,0,-1
2026-06-29 14:47:04.109,48.69204,False,21.13655,0.9683324,-9.33794,0,0,0,1,0,0,-1,False,-1,-1,0,0,0,-1
2026-06-29 14:47:04.144,48.72616,False,21.13643,0.968337,-9.337992,0,0,0,1,0,0,-1,False,-1,-1,0,0,0,-1
2026-06-29 14:47:04.187,48.76986,False,21.13647,0.9682785,-9.337881,0,0,0,1,0,0,-1,False,-1,-1,0,0,0,-1
2026-06-29 14:47:04.231,48.81439,False,21.13632,0.9684104,-9.337824,0,0,0,1,0,0,-1,False,-1,-1,0,0,0,-1
2026-06-29 14:47:04.275,48.85865,False,21.13635,0.9684145,-9.337848,0,0,0,1,0,0,-1,False,-1,-1,0,0,0,-1
2026-06-29 14:47:04.309,48.892,False,21.13638,0.9684487,-9.337893,0,0,0,1,0,0,-1,False,-1,-1,0,0,0,-1
2026-06-29 14:47:04.342,48.9254,False,21.13652,0.9684286,-9.337934,0,0,0,1,0,0,-1,False,-1,-1,0,0,0,-1
2026-06-29 14:47:04.376,48.9588,False,21.13656,0.9684328,-9.337862,0,0,0,1,0,0,-1,False,-1,-1,0,0,0,-1
2026-06-29 14:47:04.409,48.99248,False,21.13657,0.9684368,-9.337856,0,0,0,1,0,0,-1,False,-1,-1,0,0,0,-1
2026-06-29 14:47:04.454,49.03656,False,21.13654,0.968505,-9.337997,0,0,0,1,0,0,-1,False,-1,-1,0,0,0,-1
2026-06-29 14:47:04.498,49.08199,False,21.13651,0.9684138,-9.337896,0,0,0,1,0,0,-1,False,-1,-1,0,0,0,-1
2026-06-29 14:47:04.544,49.12597,False,21.13648,0.9683856,-9.337875,0,0,0,1,0,0,-1,False,-1,-1,0,0,0,-1
2026-06-29 14:47:04.586,49.16973,False,21.1365,0.9683869,-9.337925,0,0,0,1,0,0,-1,False,-1,-1,0,0,0,-1
2026-06-29 14:47:04.619,49.20322,False,21.13642,0.9683731,-9.337843,0,0,0,1,0,0,-1,False,-1,-1,0,0,0,-1
2026-06-29 14:47:04.654,49.23659,False,21.13631,0.9684057,-9.337826,0,0,0,1,0,0,-1,False,-1,-1,0,0,0,-1
2026-06-29 14:47:04.698,49.28067,False,21.13641,0.9684197,-9.337841,0,0,0,1,0,0,-1,False,-1,-1,0,0,0,-1
2026-06-29 14:47:04.730,49.31429,False,21.13642,0.9684007,-9.337786,0,0,0,1,0,0,-1,False,-1,-1,0,0,0,-1
2026-06-29 14:47:04.776,49.35937,False,21.13646,0.9684216,-9.337855,0,0,0,1,0,0,-1,False,-1,-1,0,0,0,-1
2026-06-29 14:47:04.820,49.40292,False,21.1364,0.9684438,-9.337957,0,0,0,1,0,0,-1,False,-1,-1,0,0,0,-1
2026-06-29 14:47:04.854,49.43665,False,21.13647,0.9684607,-9.338032,0,0,0,1,0,0,-1,False,-1,-1,0,0,0,-1
2026-06-29 14:47:04.898,49.48113,False,21.13656,0.9684218,-9.338012,0,0,0,1,0,0,-1,False,-1,-1,0,0,0,-1
2026-06-29 14:47:04.933,49.51579,False,21.1366,0.9684023,-9.338004,0,0,0,1,0,0,-1,False,-1,-1,0,0,0,-1
2026-06-29 14:47:04.976,49.55943,False,21.13658,0.9683493,-9.337971,0,0,0,1,0,0,-1,False,-1,-1,0,0,0,-1
2026-06-29 14:47:05.020,49.60297,False,21.13653,0.9683096,-9.337933,0,0,0,1,0,0,-1,False,-1,-1,0,0,0,-1
2026-06-29 14:47:05.064,49.64711,False,21.13647,0.9682558,-9.337811,0,0,0,1,0,0,-1,False,-1,-1,0,0,0,-1
2026-06-29 14:47:05.097,49.6805,False,21.13643,0.9682971,-9.337763,0,0,0,1,0,0,-1,False,-1,-1,0,0,0,-1
2026-06-29 14:47:05.131,49.71395,False,21.1365,0.9682703,-9.337764,0,0,0,1,0,0,-1,False,-1,-1,0,0,0,-1
2026-06-29 14:47:05.166,49.74794,False,21.13646,0.9682925,-9.337786,0,0,0,1,0,0,-1,False,-1,-1,0,0,0,-1
2026-06-29 14:47:05.199,49.78135,False,21.13636,0.9682905,-9.337652,0,0,0,1,0,0,-1,False,-1,-1,0,0,0,-1
2026-06-29 14:47:05.242,49.82506,False,21.13622,0.9683783,-9.337759,0,0,0,1,0,0,-1,False,-1,-1,0,0,0,-1
2026-06-29 14:47:05.275,49.85888,False,21.13643,0.9683895,-9.337773,0,0,0,1,0,0,-1,False,-1,-1,0,0,0,-1
2026-06-29 14:47:05.320,49.90319,False,21.13648,0.9684008,-9.338004,0,0,0,1,0,0,-1,False,-1,-1,0,0,0,-1
2026-06-29 14:47:05.364,49.94682,False,21.13662,0.9683959,-9.338037,0,0,0,1,0,0,-1,False,-1,-1,0,0,0,-1
2026-06-29 14:47:05.398,49.981,False,21.13669,0.9683755,-9.337996,0,0,0,1,0,0,-1,False,-1,-1,0,0,0,-1
2026-06-29 14:47:05.444,50.02621,False,21.13643,0.9684193,-9.337864,0,0,0,1,0,0,-1,False,-1,-1,0,0,0,-1
2026-06-29 14:47:05.487,50.07039,False,21.1365,0.9684074,-9.337866,0,0,0,1,0,0,-1,False,-1,-1,0,0,0,-1
2026-06-29 14:47:05.520,50.10411,False,21.13642,0.9683842,-9.337826,0,0,0,1,0,0,-1,False,-1,-1,0,0,0,-1
2026-06-29 14:47:05.565,50.14791,False,21.13637,0.9682495,-9.33778,0,0,0,1,0,0,-1,False,-1,-1,0,0,0,-1
2026-06-29 14:47:05.599,50.1814,False,21.13642,0.9683508,-9.337906,0,0,0,1,0,0,-1,False,-1,-1,0,0,0,-1
2026-06-29 14:47:05.642,50.2253,False,21.13649,0.968358,-9.337923,0,0,0,1,0,0,-1,False,-1,-1,0,0,0,-1
2026-06-29 14:47:05.676,50.25885,False,21.13659,0.9684182,-9.338099,0,0,0,1,0,0,-1,False,-1,-1,0,0,0,-1
2026-06-29 14:47:05.719,50.30241,False,21.1366,0.9684044,-9.338169,0,0,0,1,0,0,-1,False,-1,-1,0,0,0,-1
2026-06-29 14:47:05.752,50.33589,False,21.13662,0.9683433,-9.338049,0,0,0,1,0,0,-1,False,-1,-1,0,0,0,-1
2026-06-29 14:47:05.786,50.36925,False,21.13642,0.96834,-9.337999,0,0,0,1,0,0,-1,False,-1,-1,0,0,0,-1
2026-06-29 14:47:05.820,50.40259,False,21.13654,0.9683148,-9.337877,0,0,0,1,0,0,-1,False,-1,-1,0,0,0,-1
2026-06-29 14:47:05.853,50.43609,False,21.13651,0.9684078,-9.338012,0,0,0,1,0,0,-1,False,-1,-1,0,0,0,-1
2026-06-29 14:47:05.886,50.46943,False,21.1365,0.968492,-9.338005,0,0,0,1,0,0,-1,False,-1,-1,0,0,0,-1
2026-06-29 14:47:05.931,50.51392,False,21.13647,0.9684672,-9.338107,0,0,0,1,0,0,-1,False,-1,-1,0,0,0,-1
2026-06-29 14:47:05.975,50.55856,False,21.1364,0.9683557,-9.338005,0,0,0,1,0,0,-1,False,-1,-1,0,0,0,-1
2026-06-29 14:47:06.010,50.59247,False,21.13647,0.9683834,-9.338137,0,0,0,1,0,0,-1,False,-1,-1,0,0,0,-1
2026-06-29 14:47:06.053,50.6358,False,21.13656,0.9683715,-9.337999,0,0,0,1,0,0,-1,False,-1,-1,0,0,0,-1
2026-06-29 14:47:06.087,50.66925,False,21.13645,0.9684134,-9.337904,0,0,0,1,0,0,-1,False,-1,-1,0,0,0,-1
2026-06-29 14:47:06.130,50.71334,False,21.13638,0.9684374,-9.337862,0,0,0,1,0,0,-1,False,-1,-1,0,0,0,-1
2026-06-29 14:47:06.163,50.74712,False,21.13637,0.9684543,-9.337885,0,0,0,1,0,0,-1,False,-1,-1,0,0,0,-1
2026-06-29 14:47:06.198,50.78101,False,21.13641,0.9684439,-9.337955,0,0,0,1,0,0,-1,False,-1,-1,0,0,0,-1
2026-06-29 14:47:06.241,50.82434,False,21.1363,0.9684952,-9.337919,0,0,0,1,0,0,-1,False,-1,-1,0,0,0,-1
2026-06-29 14:47:06.275,50.85803,False,21.13635,0.9684223,-9.337746,0,0,0,1,0,0,-1,False,-1,-1,0,0,0,-1
2026-06-29 14:47:06.319,50.90197,False,21.13638,0.9685028,-9.337919,0,0,0,1,0,0,-1,False,-1,-1,0,0,0,-1
2026-06-29 14:47:06.352,50.93557,False,21.13632,0.9683144,-9.337828,0,0,0,1,0,0,-1,False,-1,-1,0,0,0,-1
2026-06-29 14:47:06.386,50.96898,False,21.13638,0.9683547,-9.337944,0,0,0,1,0,0,-1,False,-1,-1,0,0,0,-1
2026-06-29 14:47:06.430,51.0133,False,21.13634,0.9684549,-9.338055,0,0,0,1,0,0,-1,False,-1,-1,0,0,0,-1
2026-06-29 14:47:06.464,51.04683,False,21.13642,0.9684421,-9.337983,0,0,0,1,0,0,-1,False,-1,-1,0,0,0,-1
2026-06-29 14:47:06.498,51.08066,False,21.13633,0.9683424,-9.337864,0,0,0,1,0,0,-1,False,-1,-1,0,0,0,-1
2026-06-29 14:47:06.542,51.12456,False,21.13633,0.9684684,-9.337906,0,0,0,1,0,0,-1,False,-1,-1,0,0,0,-1
2026-06-29 14:47:06.576,51.15869,False,21.13633,0.9685222,-9.337872,0,0,0,1,0,0,-1,False,-1,-1,0,0,0,-1
2026-06-29 14:47:06.620,51.2025,False,21.13658,0.9684388,-9.337821,0,0,0,1,0,0,-1,False,-1,-1,0,0,0,-1
2026-06-29 14:47:06.653,51.2359,False,21.13646,0.9684783,-9.337823,0,0,0,1,0,0,-1,False,-1,-1,0,0,0,-1
2026-06-29 14:47:06.696,51.27968,False,21.13643,0.9685295,-9.337988,0,0,0,1,0,0,-1,False,-1,-1,0,0,0,-1
2026-06-29 14:47:06.730,51.31327,False,21.13647,0.9685546,-9.338009,0,0,0,1,0,0,-1,False,-1,-1,0,0,0,-1
2026-06-29 14:47:06.764,51.34675,False,21.13643,0.9685199,-9.337967,0,0,0,1,0,0,-1,False,-1,-1,0,0,0,-1
2026-06-29 14:47:06.808,51.39072,False,21.13642,0.968559,-9.337959,0,0,0,1,0,0,-1,False,-1,-1,0,0,0,-1
2026-06-29 14:47:06.842,51.42443,False,21.13645,0.9684255,-9.33798,0,0,0,1,0,0,-1,False,-1,-1,0,0,0,-1
2026-06-29 14:47:06.875,51.45795,False,21.13656,0.968338,-9.337908,0,0,0,1,0,0,-1,False,-1,-1,0,0,0,-1
2026-06-29 14:47:06.919,51.5022,False,21.13644,0.9683794,-9.33786,0,0,0,1,0,0,-1,False,-1,-1,0,0,0,-1
2026-06-29 14:47:06.964,51.54643,False,21.13632,0.9684264,-9.337727,0,0,0,1,0,0,-1,False,-1,-1,0,0,0,-1
2026-06-29 14:47:07.008,51.59092,False,21.13636,0.9682643,-9.337664,0,0,0,1,0,0,-1,False,-1,-1,0,0,0,-1
2026-06-29 14:47:07.042,51.62516,False,21.13641,0.9683114,-9.337779,0,0,0,1,0,0,-1,False,-1,-1,0,0,0,-1
2026-06-29 14:47:07.076,51.65856,False,21.13645,0.9682781,-9.337748,0,0,0,1,0,0,-1,False,-1,-1,0,0,0,-1
2026-06-29 14:47:07.119,51.70246,False,21.13651,0.9682926,-9.337873,0,0,0,1,0,0,-1,False,-1,-1,0,0,0,-1
2026-06-29 14:47:07.163,51.74683,False,21.13639,0.9684081,-9.337883,0,0,0,1,0,0,-1,False,-1,-1,0,0,0,-1
2026-06-29 14:47:07.208,51.7905,False,21.1364,0.968322,-9.337687,0,0,0,1,0,0,-1,False,-1,-1,0,0,0,-1
2026-06-29 14:47:07.242,51.82455,False,21.13647,0.9683313,-9.337835,0,0,0,1,0,0,-1,False,-1,-1,0,0,0,-1
2026-06-29 14:47:07.286,51.86851,False,21.13638,0.9682892,-9.337889,0,0,0,1,0,0,-1,False,-1,-1,0,0,0,-1
2026-06-29 14:47:07.320,51.90245,False,21.13645,0.9683132,-9.337975,0,0,0,1,0,0,-1,False,-1,-1,0,0,0,-1
2026-06-29 14:47:07.362,51.94576,False,21.13653,0.9683999,-9.337991,0,0,0,1,0,0,-1,False,-1,-1,0,0,0,-1
2026-06-29 14:47:07.396,51.97991,False,21.13653,0.9683157,-9.337858,0,0,0,1,0,0,-1,False,-1,-1,0,0,0,-1
2026-06-29 14:47:07.441,52.02407,False,21.13653,0.9682738,-9.337824,0,0,0,1,0,0,-1,False,-1,-1,0,0,0,-1
2026-06-29 14:47:07.484,52.06809,False,21.13663,0.9683442,-9.337893,0,0,0,1,0,0,-1,False,-1,-1,0,0,0,-1
2026-06-29 14:47:07.519,52.10164,False,21.13665,0.9683248,-9.337906,0,0,0,1,0,0,-1,False,-1,-1,0,0,0,-1
2026-06-29 14:47:07.552,52.13531,False,21.13653,0.9683145,-9.337913,0,0,0,1,0,0,-1,False,-1,-1,0,0,0,-1
2026-06-29 14:47:07.586,52.16886,False,21.13646,0.9683672,-9.338014,0,0,0,1,0,0,-1,False,-1,-1,0,0,0,-1
2026-06-29 14:47:07.630,52.21265,False,21.13645,0.9683967,-9.337891,0,0,0,1,0,0,-1,False,-1,-1,0,0,0,-1
2026-06-29 14:47:07.673,52.25713,False,21.13656,0.9683529,-9.337929,0,0,0,1,0,0,-1,False,-1,-1,0,0,0,-1
2026-06-29 14:47:07.708,52.29066,False,21.13659,0.9683419,-9.337896,0,0,0,1,0,0,-1,False,-1,-1,0,0,0,-1
2026-06-29 14:47:07.742,52.32467,False,21.13642,0.968264,-9.33779,0,0,0,1,0,0,-1,False,-1,-1,0,0,0,-1
2026-06-29 14:47:07.785,52.36827,False,21.13653,0.9683359,-9.338042,0,0,0,1,0,0,-1,False,-1,-1,0,0,0,-1
2026-06-29 14:47:07.820,52.40255,False,21.13644,0.9684162,-9.338019,0,0,0,1,0,0,-1,False,-1,-1,0,0,0,-1
2026-06-29 14:47:07.863,52.44615,False,21.13653,0.9683952,-9.337839,0,0,0,1,0,0,-1,False,-1,-1,0,0,0,-1
2026-06-29 14:47:07.907,52.49044,False,21.13647,0.9683754,-9.337781,0,0,0,1,0,0,-1,False,-1,-1,0,0,0,-1
2026-06-29 14:47:07.952,52.53482,False,21.13651,0.968379,-9.337807,0,0,0,1,0,0,-1,False,-1,-1,0,0,0,-1
2026-06-29 14:47:07.995,52.57888,False,21.13661,0.9683803,-9.337775,0,0,0,1,0,0,-1,False,-1,-1,0,0,0,-1
2026-06-29 14:47:08.029,52.61236,False,21.1365,0.9682647,-9.337765,0,0,0,1,0,0,-1,False,-1,-1,0,0,0,-1
2026-06-29 14:47:08.063,52.64621,False,21.13646,0.9683095,-9.337825,0,0,0,1,0,0,-1,False,-1,-1,0,0,0,-1
2026-06-29 14:47:08.108,52.69087,False,21.13643,0.9683215,-9.337791,0,0,0,1,0,0,-1,False,-1,-1,0,0,0,-1
2026-06-29 14:47:08.142,52.72466,False,21.13643,0.9683028,-9.337883,0,0,0,1,0,0,-1,False,-1,-1,0,0,0,-1
2026-06-29 14:47:08.185,52.76817,False,21.13646,0.9683661,-9.338003,0,0,0,1,0,0,-1,False,-1,-1,0,0,0,-1
2026-06-29 14:47:08.229,52.81239,False,21.13652,0.9683488,-9.337961,0,0,0,1,0,0,-1,False,-1,-1,0,0,0,-1
2026-06-29 14:47:08.264,52.84625,False,21.13659,0.9682681,-9.33803,0,0,0,1,0,0,-1,False,-1,-1,0,0,0,-1
2026-06-29 14:47:08.307,52.89002,False,21.13667,0.9683102,-9.338039,0,0,0,1,0,0,-1,False,-1,-1,0,0,0,-1
2026-06-29 14:47:08.341,52.92402,False,21.13674,0.9683357,-9.337952,0,0,0,1,0,0,-1,False,-1,-1,0,0,0,-1
2026-06-29 14:47:08.386,52.96817,False,21.13664,0.9684165,-9.337976,0,0,0,1,0,0,-1,False,-1,-1,0,0,0,-1
2026-06-29 14:47:08.419,53.00155,False,21.13667,0.968365,-9.337936,0,0,0,1,0,0,-1,False,-1,-1,0,0,0,-1
2026-06-29 14:47:08.462,53.04529,False,21.13664,0.9684277,-9.337902,0,0,0,1,0,0,-1,False,-1,-1,0,0,0,-1
2026-06-29 14:47:08.496,53.07881,False,21.13662,0.9684821,-9.338045,0,0,0,1,0,0,-1,False,-1,-1,0,0,0,-1
2026-06-29 14:47:08.529,53.1122,False,21.13641,0.9684458,-9.338083,0,0,0,1,0,0,-1,False,-1,-1,0,0,0,-1
2026-06-29 14:47:08.562,53.1456,False,21.13639,0.968398,-9.338038,0,0,0,1,0,0,-1,False,-1,-1,0,0,0,-1
2026-06-29 14:47:08.597,53.17962,False,21.13649,0.9683577,-9.338067,0,0,0,1,0,0,-1,False,-1,-1,0,0,0,-1
2026-06-29 14:47:08.640,53.22315,False,21.1366,0.9684303,-9.338053,0,0,0,1,0,0,-1,False,-1,-1,0,0,0,-1
2026-06-29 14:47:08.674,53.25661,False,21.13671,0.9684334,-9.338076,0,0,0,1,0,0,-1,False,-1,-1,0,0,0,-1
2026-06-29 14:47:08.707,53.29012,False,21.13673,0.9684408,-9.33813,0,0,0,1,0,0,-1,False,-1,-1,0,0,0,-1
2026-06-29 14:47:08.752,53.335,False,21.13664,0.9684541,-9.33794,0,0,0,1,0,0,-1,False,-1,-1,0,0,0,-1
2026-06-29 14:47:08.795,53.37845,False,21.13665,0.9684426,-9.337979,0,0,0,1,0,0,-1,False,-1,-1,0,0,0,-1
2026-06-29 14:47:08.828,53.41201,False,21.13666,0.968434,-9.337997,0,0,0,1,0,0,-1,False,-1,-1,0,0,0,-1
2026-06-29 14:47:08.862,53.44542,False,21.13661,0.9684059,-9.33796,0,0,0,1,0,0,-1,False,-1,-1,0,0,0,-1
2026-06-29 14:47:08.896,53.47911,False,21.13643,0.9684188,-9.338001,0,0,0,1,0,0,-1,False,-1,-1,0,0,0,-1
2026-06-29 14:47:08.940,53.52335,False,21.13649,0.9683437,-9.337858,0,0,0,1,0,0,-1,False,-1,-1,0,0,0,-1
2026-06-29 14:47:08.984,53.56749,False,21.13655,0.9683949,-9.338015,0,0,0,1,0,0,-1,False,-1,-1,0,0,0,-1
2026-06-29 14:47:09.018,53.60093,False,21.13654,0.9684217,-9.338007,0,0,0,1,0,0,-1,False,-1,-1,0,0,0,-1
2026-06-29 14:47:09.061,53.64518,False,21.13653,0.9684612,-9.338104,0,0,0,1,0,0,-1,False,-1,-1,0,0,0,-1
2026-06-29 14:47:09.107,53.68983,False,21.13646,0.9684886,-9.337988,0,0,0,1,0,0,-1,False,-1,-1,0,0,0,-1
2026-06-29 14:47:09.141,53.72393,False,21.13645,0.9684584,-9.337975,0,0,0,1,0,0,-1,False,-1,-1,0,0,0,-1
2026-06-29 14:47:09.186,53.76884,False,21.13638,0.9684869,-9.338089,0,0,0,1,0,0,-1,False,-1,-1,0,0,0,-1
2026-06-29 14:47:09.229,53.81205,False,21.13629,0.9685268,-9.338078,0,0,0,1,0,0,-1,False,-1,-1,0,0,0,-1
2026-06-29 14:47:09.273,53.85674,False,21.13625,0.9685512,-9.338127,0,0,0,1,0,0,-1,False,-1,-1,0,0,0,-1
2026-06-29 14:47:09.318,53.9011,False,21.13636,0.9684731,-9.338285,0,0,0,1,0,0,-1,False,-1,-1,0,0,0,-1
2026-06-29 14:47:09.362,53.94501,False,21.13663,0.9683057,-9.337959,0,0,0,1,0,0,-1,False,-1,-1,0,0,0,-1
2026-06-29 14:47:09.396,53.9785,False,21.13662,0.968219,-9.337842,0,0,0,1,0,0,-1,False,-1,-1,0,0,0,-1
2026-06-29 14:47:09.440,54.02276,False,21.13662,0.9682468,-9.337965,0,0,0,1,0,0,-1,False,-1,-1,0,0,0,-1
2026-06-29 14:47:09.473,54.05614,False,21.13658,0.9682918,-9.3379,0,0,0,1,0,0,-1,False,-1,-1,0,0,0,-1
2026-06-29 14:47:09.507,54.09052,False,21.13654,0.9683375,-9.338127,0,0,0,1,0,0,-1,False,-1,-1,0,0,0,-1
2026-06-29 14:47:09.550,54.13396,False,21.13658,0.9682415,-9.337999,0,0,0,1,0,0,-1,False,-1,-1,0,0,0,-1
2026-06-29 14:47:09.596,54.17831,False,21.13659,0.9683102,-9.338049,0,0,0,1,0,0,-1,False,-1,-1,0,0,0,-1
2026-06-29 14:47:09.629,54.21217,False,21.13668,0.9683392,-9.338092,0,0,0,1,0,0,-1,False,-1,-1,0,0,0,-1
2026-06-29 14:47:09.673,54.25611,False,21.13667,0.9684021,-9.338045,0,0,0,1,0,0,-1,False,-1,-1,0,0,0,-1
2026-06-29 14:47:09.706,54.28951,False,21.13686,0.9682525,-9.33814,0,0,0,1,0,0,-1,False,-1,-1,0,0,0,-1
2026-06-29 14:47:09.752,54.33483,False,21.13684,0.9683099,-9.338203,0,0,0,1,0,0,-1,False,-1,-1,0,0,0,-1
2026-06-29 14:47:09.796,54.37913,False,21.13676,0.9683251,-9.338041,0,0,0,1,0,0,-1,False,-1,-1,0,0,0,-1
2026-06-29 14:47:09.841,54.4236,False,21.13668,0.9684227,-9.338085,0,0,0,1,0,0,-1,False,-1,-1,0,0,0,-1
2026-06-29 14:47:09.884,54.46711,False,21.13668,0.9684373,-9.33799,0,0,0,1,0,0,-1,False,-1,-1,0,0,0,-1
2026-06-29 14:47:09.917,54.50061,False,21.13671,0.9684457,-9.337986,0,0,0,1,0,0,-1,False,-1,-1,0,0,0,-1
2026-06-29 14:47:09.951,54.53448,False,21.13661,0.9684372,-9.337981,0,0,0,1,0,0,-1,False,-1,-1,0,0,0,-1
2026-06-29 14:47:09.996,54.57895,False,21.1366,0.9683746,-9.338099,0,0,0,1,0,0,-1,False,-1,-1,0,0,0,-1
2026-06-29 14:47:10.040,54.62338,False,21.13668,0.9683024,-9.338095,0,0,0,1,0,0,-1,False,-1,-1,0,0,0,-1
2026-06-29 14:47:10.084,54.66713,False,21.13675,0.9683166,-9.33815,0,0,0,1,0,0,-1,False,-1,-1,0,0,0,-1
2026-06-29 14:47:10.118,54.70049,False,21.13683,0.9682829,-9.338084,0,0,0,1,0,0,-1,False,-1,-1,0,0,0,-1
2026-06-29 14:47:10.161,54.74499,False,21.13689,0.9682619,-9.338086,0,0,0,1,0,0,-1,False,-1,-1,0,0,0,-1
2026-06-29 14:47:10.197,54.77953,False,21.13664,0.9683459,-9.338097,0,0,0,1,0,0,-1,False,-1,-1,0,0,0,-1
2026-06-29 14:47:10.240,54.82279,False,21.13651,0.9683507,-9.338108,0,0,0,1,0,0,-1,False,-1,-1,0,0,0,-1
2026-06-29 14:47:10.284,54.8666,False,21.13657,0.9683604,-9.338236,0,0,0,1,0,0,-1,False,-1,-1,0,0,0,-1
2026-06-29 14:47:10.318,54.90058,False,21.13669,0.9684324,-9.338302,0,0,0,1,0,0,-1,False,-1,-1,0,0,0,-1
2026-06-29 14:47:10.361,54.94444,False,21.13683,0.9684036,-9.338186,0,0,0,1,0,0,-1,False,-1,-1,0,0,0,-1
2026-06-29 14:47:10.405,54.98873,False,21.13667,0.9684188,-9.33812,0,0,0,1,0,0,-1,False,-1,-1,0,0,0,-1
2026-06-29 14:47:10.440,55.02242,False,21.13674,0.9683765,-9.33807,0,0,0,1,0,0,-1,False,-1,-1,0,0,0,-1
2026-06-29 14:47:10.473,55.05603,False,21.13665,0.9683486,-9.338017,0,0,0,1,0,0,-1,False,-1,-1,0,0,0,-1
2026-06-29 14:47:10.517,55.10001,False,21.13651,0.9683936,-9.338026,0,0,0,1,0,0,-1,False,-1,-1,0,0,0,-1
2026-06-29 14:47:10.550,55.13347,False,21.13659,0.968352,-9.338127,0,0,0,1,0,0,-1,False,-1,-1,0,0,0,-1
2026-06-29 14:47:10.595,55.178,False,21.1366,0.9683565,-9.338024,0,0,0,1,0,0,-1,False,-1,-1,0,0,0,-1
2026-06-29 14:47:10.639,55.22218,False,21.13671,0.9683453,-9.337909,0,0,0,1,0,0,-1,False,-1,-1,0,0,0,-1
2026-06-29 14:47:10.673,55.25618,False,21.1367,0.9683496,-9.337939,0,0,0,1,0,0,-1,False,-1,-1,0,0,0,-1
2026-06-29 14:47:10.717,55.30018,False,21.13669,0.9683784,-9.337904,0,0,0,1,0,0,-1,False,-1,-1,0,0,0,-1
2026-06-29 14:47:10.761,55.34451,False,21.13682,0.9682479,-9.337956,0,0,0,1,0,0,-1,False,-1,-1,0,0,0,-1
2026-06-29 14:47:10.806,55.38866,False,21.13667,0.9683255,-9.338048,0,0,0,1,0,0,-1,False,-1,-1,0,0,0,-1
2026-06-29 14:47:10.840,55.42228,False,21.13655,0.9683925,-9.337902,0,0,0,1,0,0,-1,False,-1,-1,0,0,0,-1
2026-06-29 14:47:10.883,55.46646,False,21.13652,0.9684999,-9.337877,0,0,0,1,0,0,-1,False,-1,-1,0,0,0,-1
2026-06-29 14:47:10.916,55.49982,False,21.13656,0.9685054,-9.337912,0,0,0,1,0,0,-1,False,-1,-1,0,0,0,-1
2026-06-29 14:47:10.951,55.53405,False,21.13665,0.9685114,-9.337851,0,0,0,1,0,0,-1,False,-1,-1,0,0,0,-1
2026-06-29 14:47:10.988,55.56784,False,21.13659,0.9685162,-9.337942,0,0,0,1,0,0,-1,False,-1,-1,0,0,0,-1
2026-06-29 14:47:11.028,55.61106,False,21.13659,0.9684799,-9.337921,0,0,0,1,0,0,-1,False,-1,-1,0,0,0,-1
2026-06-29 14:47:11.073,55.6552,False,21.13671,0.9683753,-9.337851,0,0,0,1,0,0,-1,False,-1,-1,0,0,0,-1
2026-06-29 14:47:11.106,55.68899,False,21.1366,0.9683596,-9.337753,0,0,0,1,0,0,-1,False,-1,-1,0,0,0,-1
2026-06-29 14:47:11.150,55.73343,False,21.13668,0.9682858,-9.337961,0,0,0,1,0,0,-1,False,-1,-1,0,0,0,-1
2026-06-29 14:47:11.194,55.7775,False,21.13675,0.9683048,-9.338055,0,0,0,1,0,0,-1,False,-1,-1,0,0,0,-1
2026-06-29 14:47:11.228,55.81151,False,21.13684,0.9682644,-9.337995,0,0,0,1,0,0,-1,False,-1,-1,0,0,0,-1
2026-06-29 14:47:11.262,55.84486,False,21.13673,0.9683062,-9.338127,0,0,0,1,0,0,-1,False,-1,-1,0,0,0,-1
2026-06-29 14:47:11.305,55.88843,False,21.13671,0.9682142,-9.338079,0,0,0,1,0,0,-1,False,-1,-1,0,0,0,-1
2026-06-29 14:47:11.340,55.92239,False,21.13669,0.9682254,-9.338155,0,0,0,1,0,0,-1,False,-1,-1,0,0,0,-1
2026-06-29 14:47:11.372,55.95581,False,21.13649,0.9681922,-9.33799,0,0,0,1,0,0,-1,False,-1,-1,0,0,0,-1
2026-06-29 14:47:11.416,55.99931,False,21.1365,0.9682457,-9.337774,0,0,0,1,0,0,-1,False,-1,-1,0,0,0,-1
2026-06-29 14:47:11.450,56.03307,False,21.13649,0.9683089,-9.337858,0,0,0,1,0,0,-1,False,-1,-1,0,0,0,-1
2026-06-29 14:47:11.493,56.0771,False,21.13661,0.9683462,-9.337966,0,0,0,1,0,0,-1,False,-1,-1,0,0,0,-1
2026-06-29 14:47:11.528,56.1105,False,21.13671,0.9683356,-9.338031,0,0,0,1,0,0,-1,False,-1,-1,0,0,0,-1
2026-06-29 14:47:11.561,56.14397,False,21.1366,0.9683708,-9.338018,0,0,0,1,0,0,-1,False,-1,-1,0,0,0,-1
2026-06-29 14:47:11.605,56.18819,False,21.13652,0.9684766,-9.337962,0,0,0,1,0,0,-1,False,-1,-1,0,0,0,-1
2026-06-29 14:47:11.639,56.22235,False,21.1365,0.9685247,-9.337997,0,0,0,1,0,0,-1,False,-1,-1,0,0,0,-1
2026-06-29 14:47:11.672,56.25571,False,21.13658,0.9684797,-9.337908,0,0,0,1,0,0,-1,False,-1,-1,0,0,0,-1
2026-06-29 14:47:11.717,56.29972,False,21.13653,0.9684347,-9.33791,0,0,0,1,0,0,-1,False,-1,-1,0,0,0,-1
2026-06-29 14:47:11.750,56.3331,False,21.13649,0.9684629,-9.337891,0,0,0,1,0,0,-1,False,-1,-1,0,0,0,-1
2026-06-29 14:47:11.794,56.37798,False,21.13649,0.9684551,-9.337887,0,0,0,1,0,0,-1,False,-1,-1,0,0,0,-1
2026-06-29 14:47:11.839,56.42178,False,21.1363,0.9684179,-9.337889,0,0,0,1,0,0,-1,False,-1,-1,0,0,0,-1
2026-06-29 14:47:11.883,56.46611,False,21.13632,0.9684216,-9.33783,0,0,0,1,0,0,-1,False,-1,-1,0,0,0,-1
2026-06-29 14:47:11.917,56.49963,False,21.13633,0.9684606,-9.337742,0,0,0,1,0,0,-1,False,-1,-1,0,0,0,-1
2026-06-29 14:47:11.950,56.53297,False,21.13653,0.9685031,-9.337862,0,0,0,1,0,0,-1,False,-1,-1,0,0,0,-1
2026-06-29 14:47:11.984,56.56666,False,21.13667,0.9684628,-9.337959,0,0,0,1,0,0,-1,False,-1,-1,0,0,0,-1
2026-06-29 14:47:12.028,56.61058,False,21.13672,0.9684331,-9.337917,0,0,0,1,0,0,-1,False,-1,-1,0,0,0,-1
2026-06-29 14:47:12.061,56.64431,False,21.13683,0.9683902,-9.337924,0,0,0,1,0,0,-1,False,-1,-1,0,0,0,-1
2026-06-29 14:47:12.106,56.68827,False,21.13671,0.9682732,-9.337875,0,0,0,1,0,0,-1,False,-1,-1,0,0,0,-1
2026-06-29 14:47:12.150,56.73278,False,21.13672,0.9683737,-9.337898,0,0,0,1,0,0,-1,False,-1,-1,0,0,0,-1
2026-06-29 14:47:12.185,56.76702,False,21.13663,0.9683957,-9.337864,0,0,0,1,0,0,-1,False,-1,-1,0,0,0,-1
2026-06-29 14:47:12.227,56.81048,False,21.13663,0.9684346,-9.337887,0,0,0,1,0,0,-1,False,-1,-1,0,0,0,-1
2026-06-29 14:47:12.262,56.84431,False,21.13673,0.9682766,-9.337863,0,0,0,1,0,0,-1,False,-1,-1,0,0,0,-1
2026-06-29 14:47:12.295,56.87779,False,21.13678,0.9682246,-9.337852,0,0,0,1,0,0,-1,False,-1,-1,0,0,0,-1
2026-06-29 14:47:12.338,56.92111,False,21.13669,0.9681007,-9.337904,0,0,0,1,0,0,-1,False,-1,-1,0,0,0,-1
2026-06-29 14:47:12.372,56.95461,False,21.13647,0.9682097,-9.338055,0,0,0,1,0,0,-1,False,-1,-1,0,0,0,-1
2026-06-29 14:47:12.416,56.99879,False,21.1365,0.9681533,-9.337954,0,0,0,1,0,0,-1,False,-1,-1,0,0,0,-1
2026-06-29 14:47:12.449,57.03236,False,21.13661,0.9682515,-9.337938,0,0,0,1,0,0,-1,False,-1,-1,0,0,0,-1
2026-06-29 14:47:12.482,57.06573,False,21.13661,0.9682764,-9.338028,0,0,0,1,0,0,-1,False,-1,-1,0,0,0,-1
2026-06-29 14:47:12.527,57.11021,False,21.13657,0.9682224,-9.338016,0,0,0,1,0,0,-1,False,-1,-1,0,0,0,-1
2026-06-29 14:47:12.570,57.15408,False,21.13652,0.9683162,-9.337957,0,0,0,1,0,0,-1,False,-1,-1,0,0,0,-1
2026-06-29 14:47:12.604,57.18749,False,21.13653,0.9683011,-9.337982,0,0,0,1,0,0,-1,False,-1,-1,0,0,0,-1
2026-06-29 14:47:12.649,57.23195,False,21.13654,0.9683127,-9.338013,0,0,0,1,0,0,-1,False,-1,-1,0,0,0,-1
2026-06-29 14:47:12.683,57.26626,False,21.13647,0.9682249,-9.337921,0,0,0,1,0,0,-1,False,-1,-1,0,0,0,-1
2026-06-29 14:47:12.728,57.31041,False,21.13653,0.9682305,-9.337982,0,0,0,1,0,0,-1,False,-1,-1,0,0,0,-1
2026-06-29 14:47:12.772,57.35474,False,21.1366,0.9682397,-9.338039,0,0,0,1,0,0,-1,False,-1,-1,0,0,0,-1
2026-06-29 14:47:12.806,57.38867,False,21.13663,0.968275,-9.338039,0,0,0,1,0,0,-1,False,-1,-1,0,0,0,-1
2026-06-29 14:47:12.849,57.43279,False,21.13669,0.968308,-9.338101,0,0,0,1,0,0,-1,False,-1,-1,0,0,0,-1
2026-06-29 14:47:12.893,57.47663,False,21.13657,0.9683867,-9.338115,0,0,0,1,0,0,-1,False,-1,-1,0,0,0,-1
2026-06-29 14:47:12.927,57.51024,False,21.13659,0.9683965,-9.338114,0,0,0,1,0,0,-1,False,-1,-1,0,0,0,-1
2026-06-29 14:47:12.972,57.55499,False,21.13638,0.9684826,-9.337996,0,0,0,1,0,0,-1,False,-1,-1,0,0,0,-1
2026-06-29 14:47:13.006,57.58881,False,21.13642,0.9684832,-9.337844,0,0,0,1,0,0,-1,False,-1,-1,0,0,0,-1
2026-06-29 14:47:13.050,57.63299,False,21.13662,0.9685294,-9.337934,0,0,0,1,0,0,-1,False,-1,-1,0,0,0,-1
2026-06-29 14:47:13.094,57.67689,False,21.13651,0.9684478,-9.337778,0,0,0,1,0,0,-1,False,-1,-1,0,0,0,-1
2026-06-29 14:47:13.138,57.72141,False,21.13637,0.9685245,-9.337908,0,0,0,1,0,0,-1,False,-1,-1,0,0,0,-1
2026-06-29 14:47:13.182,57.76538,False,21.13634,0.9685789,-9.337851,0,0,0,1,0,0,-1,False,-1,-1,0,0,0,-1
2026-06-29 14:47:13.216,57.799,False,21.1364,0.9685999,-9.337914,0,0,0,1,0,0,-1,False,-1,-1,0,0,0,-1
2026-06-29 14:47:13.249,57.83271,False,21.13644,0.9685305,-9.337863,0,0,0,1,0,0,-1,False,-1,-1,0,0,0,-1
2026-06-29 14:47:13.294,57.87725,False,21.13654,0.9684604,-9.337784,0,0,0,1,0,0,-1,False,-1,-1,0,0,0,-1
2026-06-29 14:47:13.328,57.91188,False,21.13655,0.9684176,-9.337798,0,0,0,1,0,0,-1,False,-1,-1,0,0,0,-1
2026-06-29 14:47:13.371,57.95445,False,21.13656,0.968421,-9.337826,0,0,0,1,0,0,-1,False,-1,-1,0,0,0,-1
2026-06-29 14:47:13.407,57.98939,False,21.13659,0.9684728,-9.337825,0,0,0,1,0,0,-1,False,-1,-1,0,0,0,-1
2026-06-29 14:47:13.449,58.03219,False,21.13649,0.9684532,-9.337791,0,0,0,1,0,0,-1,False,-1,-1,0,0,0,-1
2026-06-29 14:47:13.482,58.06559,False,21.13643,0.9684905,-9.337824,0,0,0,1,0,0,-1,False,-1,-1,0,0,0,-1
2026-06-29 14:47:13.527,58.11016,False,21.13642,0.9684145,-9.337753,0,0,0,1,0,0,-1,False,-1,-1,0,0,0,-1
2026-06-29 14:47:13.572,58.15458,False,21.13643,0.9683533,-9.33773,0,0,0,1,0,0,-1,False,-1,-1,0,0,0,-1
2026-06-29 14:47:13.607,58.18919,False,21.13643,0.9683208,-9.337669,0,0,0,1,0,0,-1,False,-1,-1,0,0,0,-1
2026-06-29 14:47:13.649,58.23258,False,21.13655,0.9683565,-9.337889,0,0,0,1,0,0,-1,False,-1,-1,0,0,0,-1
2026-06-29 14:47:13.693,58.27637,False,21.13662,0.9683306,-9.337912,0,0,0,1,0,0,-1,False,-1,-1,0,0,0,-1
2026-06-29 14:47:13.727,58.31007,False,21.13663,0.9684024,-9.337955,0,0,0,1,0,0,-1,False,-1,-1,0,0,0,-1
2026-06-29 14:47:13.761,58.34342,False,21.13664,0.9684258,-9.338068,0,0,0,1,0,0,-1,False,-1,-1,0,0,0,-1
2026-06-29 14:47:13.804,58.38747,False,21.13663,0.9684797,-9.33819,0,0,0,1,0,0,-1,False,-1,-1,0,0,0,-1
2026-06-29 14:47:13.838,58.42098,False,21.13651,0.9684139,-9.338224,0,0,0,1,0,0,-1,False,-1,-1,0,0,0,-1
2026-06-29 14:47:13.882,58.46539,False,21.13635,0.9685153,-9.338116,0,0,0,1,0,0,-1,False,-1,-1,0,0,0,-1
2026-06-29 14:47:13.927,58.51004,False,21.1364,0.9685242,-9.337914,0,0,0,1,0,0,-1,False,-1,-1,0,0,0,-1
2026-06-29 14:47:13.971,58.55416,False,21.13638,0.9683938,-9.337881,0,0,0,1,0,0,-1,False,-1,-1,0,0,0,-1
2026-06-29 14:47:14.005,58.58769,False,21.13634,0.9684486,-9.337875,0,0,0,1,0,0,-1,False,-1,-1,0,0,0,-1
2026-06-29 14:47:14.038,58.62109,False,21.13643,0.968352,-9.337704,0,0,0,1,0,0,-1,False,-1,-1,0,0,0,-1
2026-06-29 14:47:14.082,58.66557,False,21.13641,0.9683474,-9.337626,0,0,0,1,0,0,-1,False,-1,-1,0,0,0,-1
2026-06-29 14:47:14.127,58.70966,False,21.13641,0.9683635,-9.33784,0,0,0,1,0,0,-1,False,-1,-1,0,0,0,-1
2026-06-29 14:47:14.160,58.74304,False,21.13644,0.9683679,-9.337872,0,0,0,1,0,0,-1,False,-1,-1,0,0,0,-1
2026-06-29 14:47:14.193,58.77644,False,21.1365,0.9684482,-9.337976,0,0,0,1,0,0,-1,False,-1,-1,0,0,0,-1
2026-06-29 14:47:14.227,58.80991,False,21.13657,0.968511,-9.337971,0,0,0,1,0,0,-1,False,-1,-1,0,0,0,-1
2026-06-29 14:47:14.272,58.85463,False,21.13653,0.9684893,-9.337906,0,0,0,1,0,0,-1,False,-1,-1,0,0,0,-1
2026-06-29 14:47:14.316,58.89838,False,21.13652,0.968514,-9.337858,0,0,0,1,0,0,-1,False,-1,-1,0,0,0,-1
2026-06-29 14:47:14.350,58.93259,False,21.13638,0.9684538,-9.337832,0,0,0,1,0,0,-1,False,-1,-1,0,0,0,-1
2026-06-29 14:47:14.394,58.97677,False,21.1363,0.9685277,-9.337852,0,0,0,1,0,0,-1,False,-1,-1,0,0,0,-1
2026-06-29 14:47:14.437,59.02062,False,21.13633,0.9685283,-9.337734,0,0,0,1,0,0,-1,False,-1,-1,0,0,0,-1
2026-06-29 14:47:14.482,59.06478,False,21.13634,0.9684702,-9.337875,0,0,0,1,0,0,-1,False,-1,-1,0,0,0,-1
2026-06-29 14:47:14.516,59.09859,False,21.13642,0.9684055,-9.337955,0,0,0,1,0,0,-1,False,-1,-1,0,0,0,-1
2026-06-29 14:47:14.559,59.14249,False,21.13629,0.9684029,-9.337934,0,0,0,1,0,0,-1,False,-1,-1,0,0,0,-1
2026-06-29 14:47:14.593,59.17594,False,21.13626,0.9685007,-9.338013,0,0,0,1,0,0,-1,False,-1,-1,0,0,0,-1
2026-06-29 14:47:14.627,59.21006,False,21.13627,0.9684705,-9.337835,0,0,0,1,0,0,-1,False,-1,-1,0,0,0,-1
2026-06-29 14:47:14.671,59.25407,False,21.1364,0.9685153,-9.337906,0,0,0,1,0,0,-1,False,-1,-1,0,0,0,-1
2026-06-29 14:47:14.715,59.29834,False,21.13641,0.9685067,-9.337902,0,0,0,1,0,0,-1,False,-1,-1,0,0,0,-1
2026-06-29 14:47:14.751,59.33348,False,21.13644,0.9684473,-9.337883,0,0,0,1,0,0,-1,False,-1,-1,0,0,0,-1
2026-06-29 14:47:14.793,59.37636,False,21.1366,0.9682987,-9.337921,0,0,0,1,0,0,-1,False,-1,-1,0,0,0,-1
2026-06-29 14:47:14.837,59.42049,False,21.13662,0.9684314,-9.338039,0,0,0,1,0,0,-1,False,-1,-1,0,0,0,-1
2026-06-29 14:47:14.871,59.45395,False,21.1366,0.9683911,-9.337856,0,0,0,1,0,0,-1,False,-1,-1,0,0,0,-1
2026-06-29 14:47:14.915,59.49834,False,21.13654,0.9684355,-9.337795,0,0,0,1,0,0,-1,False,-1,-1,0,0,0,-1
2026-06-29 14:47:14.949,59.53169,False,21.13655,0.968366,-9.337872,0,0,0,1,0,0,-1,False,-1,-1,0,0,0,-1
2026-06-29 14:47:14.982,59.56536,False,21.13654,0.9684411,-9.337908,0,0,0,1,0,0,-1,False,-1,-1,0,0,0,-1
2026-06-29 14:47:15.027,59.60928,False,21.13653,0.968465,-9.337907,0,0,0,1,0,0,-1,False,-1,-1,0,0,0,-1
2026-06-29 14:47:15.059,59.64292,False,21.13658,0.968348,-9.337847,0,0,0,1,0,0,-1,False,-1,-1,0,0,0,-1
2026-06-29 14:47:15.104,59.68693,False,21.1365,0.9684003,-9.33803,0,0,0,1,0,0,-1,False,-1,-1,0,0,0,-1
2026-06-29 14:47:15.138,59.72039,False,21.13644,0.9683619,-9.337873,0,0,0,1,0,0,-1,False,-1,-1,0,0,0,-1
2026-06-29 14:47:15.171,59.75412,False,21.13647,0.968343,-9.337911,0,0,0,1,0,0,-1,False,-1,-1,0,0,0,-1
2026-06-29 14:47:15.214,59.79774,False,21.13648,0.9684325,-9.337914,0,0,0,1,0,0,-1,False,-1,-1,0,0,0,-1
2026-06-29 14:47:15.248,59.83155,False,21.13654,0.9683706,-9.337915,0,0,0,1,0,0,-1,False,-1,-1,0,0,0,-1
2026-06-29 14:47:15.293,59.87553,False,21.13645,0.9684155,-9.337976,0,0,0,1,0,0,-1,False,-1,-1,0,0,0,-1
2026-06-29 14:47:15.327,59.90917,False,21.1364,0.9684263,-9.338048,0,0,0,1,0,0,-1,False,-1,-1,0,0,0,-1
2026-06-29 14:47:15.360,59.94282,False,21.13643,0.968383,-9.337988,0,0,0,1,0,0,-1,False,-1,-1,0,0,0,-1
2026-06-29 14:47:15.394,59.97692,False,21.13644,0.9683829,-9.337795,0,0,0,1,0,0,-1,False,-1,-1,0,0,0,-1
2026-06-29 14:47:15.438,60.0204,False,21.13647,0.968466,-9.337915,0,0,0,1,0,0,-1,False,-1,-1,0,0,0,-1
2026-06-29 14:47:15.481,60.06453,False,21.13664,0.9683843,-9.337855,0,0,0,1,0,0,-1,False,-1,-1,0,0,0,-1
2026-06-29 14:47:15.526,60.10879,False,21.13654,0.9683186,-9.337883,0,0,0,1,0,0,-1,False,-1,-1,0,0,0,-1
2026-06-29 14:47:15.559,60.14232,False,21.13659,0.9683713,-9.337915,0,0,0,1,0,0,-1,False,-1,-1,0,0,0,-1
2026-06-29 14:47:15.593,60.17593,False,21.13664,0.9684903,-9.338038,0,0,0,1,0,0,-1,False,-1,-1,0,0,0,-1
2026-06-29 14:47:15.637,60.22002,False,21.13671,0.9683535,-9.337925,0,0,0,1,0,0,-1,False,-1,-1,0,0,0,-1
2026-06-29 14:47:15.670,60.25352,False,21.13664,0.9683667,-9.337831,0,0,0,1,0,0,-1,False,-1,-1,0,0,0,-1
2026-06-29 14:47:15.704,60.28746,False,21.13655,0.9683265,-9.337725,0,0,0,1,0,0,-1,False,-1,-1,0,0,0,-1
2026-06-29 14:47:15.748,60.33142,False,21.13663,0.9683323,-9.33773,0,0,0,1,0,0,-1,False,-1,-1,0,0,0,-1
2026-06-29 14:47:15.782,60.36521,False,21.13674,0.9683861,-9.337749,0,0,0,1,0,0,-1,False,-1,-1,0,0,0,-1
2026-06-29 14:47:15.817,60.40004,False,21.13674,0.968411,-9.337725,0,0,0,1,0,0,-1,False,-1,-1,0,0,0,-1
2026-06-29 14:47:15.860,60.44302,False,21.13651,0.9684604,-9.338003,0,0,0,1,0,0,-1,False,-1,-1,0,0,0,-1
2026-06-29 14:47:15.903,60.48643,False,21.13662,0.9683124,-9.338053,0,0,0,1,0,0,-1,False,-1,-1,0,0,0,-1
2026-06-29 14:47:15.938,60.52059,False,21.13671,0.9681898,-9.338011,0,0,0,1,0,0,-1,False,-1,-1,0,0,0,-1
2026-06-29 14:47:15.972,60.55443,False,21.13654,0.9683217,-9.338063,0,0,0,1,0,0,-1,False,-1,-1,0,0,0,-1
2026-06-29 14:47:16.016,60.5985,False,21.13657,0.9683,-9.337927,0,0,0,1,0,0,-1,False,-1,-1,0,0,0,-1
2026-06-29 14:47:16.058,60.6421,False,21.13662,0.9681961,-9.337895,0,0,0,1,0,0,-1,False,-1,-1,0,0,0,-1
2026-06-29 14:47:16.092,60.67548,False,21.13655,0.9683267,-9.337968,0,0,0,1,0,0,-1,False,-1,-1,0,0,0,-1
2026-06-29 14:47:16.125,60.70925,False,21.13651,0.9683599,-9.337973,0,0,0,1,0,0,-1,False,-1,-1,0,0,0,-1
2026-06-29 14:47:16.170,60.7528,False,21.13676,0.9683431,-9.337996,0,0,0,1,0,0,-1,False,-1,-1,0,0,0,-1
2026-06-29 14:47:16.203,60.78665,False,21.13675,0.9683359,-9.338038,0,0,0,1,0,0,-1,False,-1,-1,0,0,0,-1
2026-06-29 14:47:16.237,60.82004,False,21.13664,0.9683945,-9.337972,0,0,0,1,0,0,-1,False,-1,-1,0,0,0,-1
2026-06-29 14:47:16.271,60.85369,False,21.13661,0.9683479,-9.33791,0,0,0,1,0,0,-1,False,-1,-1,0,0,0,-1
2026-06-29 14:47:16.316,60.89901,False,21.13653,0.9684353,-9.337908,0,0,0,1,0,0,-1,False,-1,-1,0,0,0,-1
2026-06-29 14:47:16.361,60.94387,False,21.13673,0.9683693,-9.337891,0,0,0,1,0,0,-1,False,-1,-1,0,0,0,-1
2026-06-29 14:47:16.405,60.98791,False,21.13673,0.9682878,-9.337965,0,0,0,1,0,0,-1,False,-1,-1,0,0,0,-1
2026-06-29 14:47:16.451,61.03357,False,21.1367,0.9682864,-9.338,0,0,0,1,0,0,-1,False,-1,-1,0,0,0,-1
2026-06-29 14:47:16.492,61.07556,False,21.1366,0.9682701,-9.338009,0,0,0,1,0,0,-1,False,-1,-1,0,0,0,-1
2026-06-29 14:47:16.527,61.10929,False,21.1364,0.9683704,-9.338086,0,0,0,1,0,0,-1,False,-1,-1,0,0,0,-1
2026-06-29 14:47:16.570,61.1531,False,21.13643,0.9684363,-9.338066,0,0,0,1,0,0,-1,False,-1,-1,0,0,0,-1
2026-06-29 14:47:16.615,61.19747,False,21.13644,0.9684037,-9.337948,0,0,0,1,0,0,-1,False,-1,-1,0,0,0,-1
2026-06-29 14:47:16.658,61.2413,False,21.13647,0.9684006,-9.338037,0,0,0,1,0,0,-1,False,-1,-1,0,0,0,-1
2026-06-29 14:47:16.692,61.27464,False,21.13654,0.9684227,-9.338096,0,0,0,1,0,0,-1,False,-1,-1,0,0,0,-1
2026-06-29 14:47:16.725,61.30804,False,21.13665,0.9683403,-9.338012,0,0,0,1,0,0,-1,False,-1,-1,0,0,0,-1
2026-06-29 14:47:16.768,61.35239,False,21.13663,0.9683356,-9.338017,0,0,0,1,0,0,-1,False,-1,-1,0,0,0,-1
2026-06-29 14:47:16.804,61.38624,False,21.13659,0.9683729,-9.33798,0,0,0,1,0,0,-1,False,-1,-1,0,0,0,-1
2026-06-29 14:47:16.848,61.43101,False,21.13653,0.9683651,-9.338011,0,0,0,1,0,0,-1,False,-1,-1,0,0,0,-1
2026-06-29 14:47:16.891,61.47485,False,21.13653,0.9683521,-9.337869,0,0,0,1,0,0,-1,False,-1,-1,0,0,0,-1
2026-06-29 14:47:16.936,61.51931,False,21.13648,0.968329,-9.337902,0,0,0,1,0,0,-1,False,-1,-1,0,0,0,-1
2026-06-29 14:47:16.971,61.55362,False,21.13672,0.9683292,-9.338005,0,0,0,1,0,0,-1,False,-1,-1,0,0,0,-1
2026-06-29 14:47:17.014,61.59716,False,21.13676,0.9682257,-9.338007,0,0,0,1,0,0,-1,False,-1,-1,0,0,0,-1
2026-06-29 14:47:17.048,61.63098,False,21.13664,0.9683189,-9.337908,0,0,0,1,0,0,-1,False,-1,-1,0,0,0,-1
2026-06-29 14:47:17.092,61.67511,False,21.13663,0.9682686,-9.337766,0,0,0,1,0,0,-1,False,-1,-1,0,0,0,-1
2026-06-29 14:47:17.137,61.72029,False,21.13649,0.9683394,-9.337858,0,0,0,1,0,0,-1,False,-1,-1,0,0,0,-1
2026-06-29 14:47:17.180,61.76343,False,21.13648,0.9683334,-9.337761,0,0,0,1,0,0,-1,False,-1,-1,0,0,0,-1
2026-06-29 14:47:17.214,61.79681,False,21.13654,0.9682217,-9.337831,0,0,0,1,0,0,-1,False,-1,-1,0,0,0,-1
2026-06-29 14:47:17.247,61.83033,False,21.13652,0.9682967,-9.337954,0,0,0,1,0,0,-1,False,-1,-1,0,0,0,-1
2026-06-29 14:47:17.292,61.87471,False,21.13655,0.9683009,-9.338045,0,0,0,1,0,0,-1,False,-1,-1,0,0,0,-1
2026-06-29 14:47:17.326,61.90866,False,21.13659,0.9683822,-9.338026,0,0,0,1,0,0,-1,False,-1,-1,0,0,0,-1
2026-06-29 14:47:17.369,61.95234,False,21.13665,0.9683478,-9.337941,0,0,0,1,0,0,-1,False,-1,-1,0,0,0,-1
2026-06-29 14:47:17.403,61.98653,False,21.13662,0.9684379,-9.337929,0,0,0,1,0,0,-1,False,-1,-1,0,0,0,-1
2026-06-29 14:47:17.448,62.03059,False,21.13663,0.9684268,-9.337899,0,0,0,1,0,0,-1,False,-1,-1,0,0,0,-1
2026-06-29 14:47:17.482,62.0647,False,21.13667,0.9683671,-9.337902,0,0,0,1,0,0,-1,False,-1,-1,0,0,0,-1
2026-06-29 14:47:17.526,62.10878,False,21.13655,0.9683215,-9.33779,0,0,0,1,0,0,-1,False,-1,-1,0,0,0,-1
2026-06-29 14:47:17.569,62.1525,False,21.13662,0.9683959,-9.338018,0,0,0,1,0,0,-1,False,-1,-1,0,0,0,-1
2026-06-29 14:47:17.614,62.19707,False,21.13665,0.9683714,-9.338026,0,0,0,1,0,0,-1,False,-1,-1,0,0,0,-1
2026-06-29 14:47:17.658,62.24146,False,21.13661,0.9683378,-9.337929,0,0,0,1,0,0,-1,False,-1,-1,0,0,0,-1
2026-06-29 14:47:17.703,62.28608,False,21.13655,0.9682539,-9.337908,0,0,0,1,0,0,-1,False,-1,-1,0,0,0,-1
2026-06-29 14:47:17.736,62.31992,False,21.13646,0.9683067,-9.337944,0,0,0,1,0,0,-1,False,-1,-1,0,0,0,-1
2026-06-29 14:47:17.780,62.36321,False,21.13655,0.9684023,-9.337936,0,0,0,1,0,0,-1,False,-1,-1,0,0,0,-1
2026-06-29 14:47:17.826,62.40841,False,21.13646,0.9684963,-9.338062,0,0,0,1,0,0,-1,False,-1,-1,0,0,0,-1
2026-06-29 14:47:17.869,62.45201,False,21.13637,0.9684552,-9.338064,0,0,0,1,0,0,-1,False,-1,-1,0,0,0,-1
2026-06-29 14:47:17.903,62.48539,False,21.13652,0.9683273,-9.338063,0,0,0,1,0,0,-1,False,-1,-1,0,0,0,-1
2026-06-29 14:47:17.936,62.51888,False,21.13635,0.9683592,-9.337967,0,0,0,1,0,0,-1,False,-1,-1,0,0,0,-1
2026-06-29 14:47:17.980,62.56317,False,21.13635,0.9683892,-9.337869,0,0,0,1,0,0,-1,False,-1,-1,0,0,0,-1
2026-06-29 14:47:18.025,62.60799,False,21.13643,0.9683843,-9.338025,0,0,0,1,0,0,-1,False,-1,-1,0,0,0,-1
2026-06-29 14:47:18.070,62.65223,False,21.13644,0.9684986,-9.338053,0,0,0,1,0,0,-1,False,-1,-1,0,0,0,-1
2026-06-29 14:47:18.102,62.68577,False,21.13654,0.9683494,-9.337951,0,0,0,1,0,0,-1,False,-1,-1,0,0,0,-1
2026-06-29 14:47:18.137,62.71944,False,21.13664,0.9683933,-9.338023,0,0,0,1,0,0,-1,False,-1,-1,0,0,0,-1
2026-06-29 14:47:18.180,62.76302,False,21.13665,0.96852,-9.337996,0,0,0,1,0,0,-1,False,-1,-1,0,0,0,-1
2026-06-29 14:47:18.213,62.79662,False,21.13671,0.9684996,-9.338019,0,0,0,1,0,0,-1,False,-1,-1,0,0,0,-1
2026-06-29 14:47:18.248,62.83079,False,21.13675,0.9685327,-9.338041,0,0,0,1,0,0,-1,False,-1,-1,0,0,0,-1
2026-06-29 14:47:18.291,62.87405,False,21.13654,0.9684907,-9.337894,0,0,0,1,0,0,-1,False,-1,-1,0,0,0,-1
2026-06-29 14:47:18.325,62.90816,False,21.1366,0.9683671,-9.337778,0,0,0,1,0,0,-1,False,-1,-1,0,0,0,-1
2026-06-29 14:47:18.369,62.95205,False,21.13665,0.9683707,-9.338055,0,0,0,1,0,0,-1,False,-1,-1,0,0,0,-1
2026-06-29 14:47:18.413,62.99597,False,21.13653,0.9683027,-9.338046,0,0,0,1,0,0,-1,False,-1,-1,0,0,0,-1
2026-06-29 14:47:18.448,63.03054,False,21.13654,0.9682994,-9.338081,0,0,0,1,0,0,-1,False,-1,-1,0,0,0,-1
2026-06-29 14:47:18.491,63.07428,False,21.13667,0.9682269,-9.338019,0,0,0,1,0,0,-1,False,-1,-1,0,0,0,-1
2026-06-29 14:47:18.536,63.11934,False,21.1365,0.9680938,-9.337992,0,0,0,1,0,0,-1,False,-1,-1,0,0,0,-1
2026-06-29 14:47:18.571,63.15335,False,21.13647,0.9681603,-9.338135,0,0,0,1,0,0,-1,False,-1,-1,0,0,0,-1
2026-06-29 14:47:18.615,63.19709,False,21.13659,0.9681749,-9.338093,0,0,0,1,0,0,-1,False,-1,-1,0,0,0,-1
2026-06-29 14:47:18.658,63.241,False,21.13672,0.968269,-9.338082,0,0,0,1,0,0,-1,False,-1,-1,0,0,0,-1
2026-06-29 14:47:18.692,63.27434,False,21.13664,0.968285,-9.33807,0,0,0,1,0,0,-1,False,-1,-1,0,0,0,-1
2026-06-29 14:47:18.735,63.31833,False,21.13661,0.9682805,-9.338067,0,0,0,1,0,0,-1,False,-1,-1,0,0,0,-1
2026-06-29 14:47:18.769,63.35251,False,21.1364,0.9682965,-9.338133,0,0,0,1,0,0,-1,False,-1,-1,0,0,0,-1
2026-06-29 14:47:18.814,63.39769,False,21.13636,0.9683424,-9.3382,0,0,0,1,0,0,-1,False,-1,-1,0,0,0,-1
2026-06-29 14:47:18.858,63.44123,False,21.13626,0.9683386,-9.338248,0,0,0,1,0,0,-1,False,-1,-1,0,0,0,-1
2026-06-29 14:47:18.902,63.48486,False,21.1366,0.9682522,-9.337744,0,0,0,1,0,0,-1,False,-1,-1,0,0,0,-1
2026-06-29 14:47:18.935,63.51827,False,21.13659,0.9683012,-9.337873,0,0,0,1,0,0,-1,False,-1,-1,0,0,0,-1
2026-06-29 14:47:18.969,63.55256,False,21.13663,0.9683142,-9.337978,0,0,0,1,0,0,-1,False,-1,-1,0,0,0,-1
2026-06-29 14:47:19.012,63.59565,False,21.1366,0.9684099,-9.338037,0,0,0,1,0,0,-1,False,-1,-1,0,0,0,-1
2026-06-29 14:47:19.047,63.62966,False,21.13672,0.9683967,-9.338158,0,0,0,1,0,0,-1,False,-1,-1,0,0,0,-1
2026-06-29 14:47:19.090,63.67382,False,21.13679,0.9683075,-9.338137,0,0,0,1,0,0,-1,False,-1,-1,0,0,0,-1
2026-06-29 14:47:19.135,63.71819,False,21.1367,0.9683463,-9.33805,0,0,0,1,0,0,-1,False,-1,-1,0,0,0,-1
2026-06-29 14:47:19.169,63.75157,False,21.13667,0.9682798,-9.338053,0,0,0,1,0,0,-1,False,-1,-1,0,0,0,-1
2026-06-29 14:47:19.202,63.78522,False,21.13663,0.9683068,-9.338109,0,0,0,1,0,0,-1,False,-1,-1,0,0,0,-1
2026-06-29 14:47:19.236,63.81863,False,21.13664,0.9683867,-9.338131,0,0,0,1,0,0,-1,False,-1,-1,0,0,0,-1
2026-06-29 14:47:19.280,63.86268,False,21.13647,0.9684227,-9.338058,0,0,0,1,0,0,-1,False,-1,-1,0,0,0,-1
2026-06-29 14:47:19.314,63.89652,False,21.13651,0.9683853,-9.337912,0,0,0,1,0,0,-1,False,-1,-1,0,0,0,-1
2026-06-29 14:47:19.357,63.94045,False,21.13653,0.9683913,-9.337929,0,0,0,1,0,0,-1,False,-1,-1,0,0,0,-1
2026-06-29 14:47:19.402,63.98517,False,21.13658,0.9683675,-9.337939,0,0,0,1,0,0,-1,False,-1,-1,0,0,0,-1
2026-06-29 14:47:19.446,64.02916,False,21.13659,0.9682835,-9.337997,0,0,0,1,0,0,-1,False,-1,-1,0,0,0,-1
2026-06-29 14:47:19.479,64.06304,False,21.13662,0.9682314,-9.337986,0,0,0,1,0,0,-1,False,-1,-1,0,0,0,-1
2026-06-29 14:47:19.514,64.09669,False,21.13663,0.9682639,-9.338017,0,0,0,1,0,0,-1,False,-1,-1,0,0,0,-1
2026-06-29 14:47:19.558,64.14043,False,21.13673,0.9681811,-9.33796,0,0,0,1,0,0,-1,False,-1,-1,0,0,0,-1
2026-06-29 14:47:19.591,64.17385,False,21.13663,0.9682018,-9.337973,0,0,0,1,0,0,-1,False,-1,-1,0,0,0,-1
2026-06-29 14:47:19.625,64.2077,False,21.13662,0.9682986,-9.337973,0,0,0,1,0,0,-1,False,-1,-1,0,0,0,-1
2026-06-29 14:47:19.669,64.25147,False,21.13654,0.9682595,-9.337864,0,0,0,1,0,0,-1,False,-1,-1,0,0,0,-1
2026-06-29 14:47:19.702,64.28505,False,21.13646,0.9683301,-9.337928,0,0,0,1,0,0,-1,False,-1,-1,0,0,0,-1
2026-06-29 14:47:19.736,64.31855,False,21.1364,0.9683571,-9.337908,0,0,0,1,0,0,-1,False,-1,-1,0,0,0,-1
2026-06-29 14:47:19.779,64.36237,False,21.13647,0.9683498,-9.337831,0,0,0,1,0,0,-1,False,-1,-1,0,0,0,-1
2026-06-29 14:47:19.824,64.40656,False,21.13641,0.9683079,-9.337909,0,0,0,1,0,0,-1,False,-1,-1,0,0,0,-1
2026-06-29 14:47:19.857,64.44003,False,21.13641,0.9683148,-9.337793,0,0,0,1,0,0,-1,False,-1,-1,0,0,0,-1
2026-06-29 14:47:19.890,64.47355,False,21.13651,0.968433,-9.337714,0,0,0,1,0,0,-1,False,-1,-1,0,0,0,-1
2026-06-29 14:47:19.924,64.50715,False,21.13651,0.9684893,-9.33776,0,0,0,1,0,0,-1,False,-1,-1,0,0,0,-1
2026-06-29 14:47:19.967,64.55116,False,21.13659,0.9684311,-9.337929,0,0,0,1,0,0,-1,False,-1,-1,0,0,0,-1
2026-06-29 14:47:20.012,64.59548,False,21.13677,0.9683118,-9.337988,0,0,0,1,0,0,-1,False,-1,-1,0,0,0,-1
2026-06-29 14:47:20.047,64.62984,False,21.13678,0.968317,-9.33794,0,0,0,1,0,0,-1,False,-1,-1,0,0,0,-1
2026-06-29 14:47:20.090,64.67322,False,21.1368,0.9682207,-9.338051,0,0,0,1,0,0,-1,False,-1,-1,0,0,0,-1
2026-06-29 14:47:20.123,64.70655,False,21.13672,0.968205,-9.337959,0,0,0,1,0,0,-1,False,-1,-1,0,0,0,-1
2026-06-29 14:47:20.169,64.75157,False,21.13675,0.9682118,-9.337904,0,0,0,1,0,0,-1,False,-1,-1,0,0,0,-1
2026-06-29 14:47:20.213,64.796,False,21.13679,0.9681683,-9.337912,0,0,0,1,0,0,-1,False,-1,-1,0,0,0,-1
2026-06-29 14:47:20.257,64.83997,False,21.13667,0.9682255,-9.337912,0,0,0,1,0,0,-1,False,-1,-1,0,0,0,-1
2026-06-29 14:47:20.291,64.87379,False,21.13674,0.9681812,-9.337856,0,0,0,1,0,0,-1,False,-1,-1,0,0,0,-1
2026-06-29 14:47:20.334,64.91762,False,21.13675,0.9681329,-9.338118,0,0,0,1,0,0,-1,False,-1,-1,0,0,0,-1
2026-06-29 14:47:20.368,64.95103,False,21.13671,0.9681005,-9.338045,0,0,0,1,0,0,-1,False,-1,-1,0,0,0,-1
2026-06-29 14:47:20.412,64.99529,False,21.13677,0.9681179,-9.33814,0,0,0,1,0,0,-1,False,-1,-1,0,0,0,-1
2026-06-29 14:47:20.446,65.02902,False,21.13686,0.968192,-9.338098,0,0,0,1,0,0,-1,False,-1,-1,0,0,0,-1
2026-06-29 14:47:20.490,65.07355,False,21.13663,0.9682492,-9.338152,0,0,0,1,0,0,-1,False,-1,-1,0,0,0,-1
2026-06-29 14:47:20.526,65.10709,False,21.13668,0.9682281,-9.33824,0,0,0,1,0,0,-1,False,-1,-1,0,0,0,-1
2026-06-29 14:47:20.568,65.15076,False,21.13684,0.9681965,-9.338243,0,0,0,1,0,0,-1,False,-1,-1,0,0,0,-1
2026-06-29 14:47:20.601,65.18427,False,21.13677,0.968262,-9.338142,0,0,0,1,0,0,-1,False,-1,-1,0,0,0,-1
2026-06-29 14:47:20.645,65.22867,False,21.1367,0.9683031,-9.338028,0,0,0,1,0,0,-1,False,-1,-1,0,0,0,-1
2026-06-29 14:47:20.680,65.26282,False,21.13661,0.9683936,-9.338062,0,0,0,1,0,0,-1,False,-1,-1,0,0,0,-1
2026-06-29 14:47:20.725,65.30703,False,21.13655,0.9683948,-9.33795,0,0,0,1,0,0,-1,False,-1,-1,0,0,0,-1
2026-06-29 14:47:20.768,65.35064,False,21.13648,0.9684002,-9.337975,0,0,0,1,0,0,-1,False,-1,-1,0,0,0,-1
2026-06-29 14:47:20.801,65.38415,False,21.13661,0.9683692,-9.338005,0,0,0,1,0,0,-1,False,-1,-1,0,0,0,-1
2026-06-29 14:47:20.845,65.42828,False,21.13657,0.968309,-9.338032,0,0,0,1,0,0,-1,False,-1,-1,0,0,0,-1
2026-06-29 14:47:20.878,65.46162,False,21.13663,0.9682995,-9.337946,0,0,0,1,0,0,-1,False,-1,-1,0,0,0,-1
2026-06-29 14:47:20.912,65.49545,False,21.13674,0.9682761,-9.337904,0,0,0,1,0,0,-1,False,-1,-1,0,0,0,-1
2026-06-29 14:47:20.957,65.53989,False,21.13663,0.9683049,-9.337987,0,0,0,1,0,0,-1,False,-1,-1,0,0,0,-1
2026-06-29 14:47:21.001,65.58425,False,21.13675,0.9682823,-9.338095,0,0,0,1,0,0,-1,False,-1,-1,0,0,0,-1
2026-06-29 14:47:21.045,65.62824,False,21.1366,0.9683142,-9.338051,0,0,0,1,0,0,-1,False,-1,-1,0,0,0,-1
2026-06-29 14:47:21.079,65.66194,False,21.13657,0.9683337,-9.337971,0,0,0,1,0,0,-1,False,-1,-1,0,0,0,-1
2026-06-29 14:47:21.123,65.70618,False,21.13662,0.9683073,-9.338037,0,0,0,1,0,0,-1,False,-1,-1,0,0,0,-1
2026-06-29 14:47:21.157,65.73955,False,21.13659,0.9683254,-9.338064,0,0,0,1,0,0,-1,False,-1,-1,0,0,0,-1
2026-06-29 14:47:21.190,65.77335,False,21.13657,0.9683198,-9.338203,0,0,0,1,0,0,-1,False,-1,-1,0,0,0,-1
2026-06-29 14:47:21.234,65.81743,False,21.13658,0.9683989,-9.338266,0,0,0,1,0,0,-1,False,-1,-1,0,0,0,-1
2026-06-29 14:47:21.268,65.85085,False,21.13671,0.968251,-9.338152,0,0,0,1,0,0,-1,False,-1,-1,0,0,0,-1
2026-06-29 14:47:21.312,65.8953,False,21.13665,0.9683156,-9.338175,0,0,0,1,0,0,-1,False,-1,-1,0,0,0,-1
2026-06-29 14:47:21.357,65.93931,False,21.13671,0.9682991,-9.338173,0,0,0,1,0,0,-1,False,-1,-1,0,0,0,-1
2026-06-29 14:47:21.401,65.98428,False,21.13668,0.9682974,-9.338236,0,0,0,1,0,0,-1,False,-1,-1,0,0,0,-1
2026-06-29 14:47:21.445,66.02816,False,21.13688,0.9682664,-9.338176,0,0,0,1,0,0,-1,False,-1,-1,0,0,0,-1
2026-06-29 14:47:21.490,66.07333,False,21.13673,0.9683142,-9.338171,0,0,0,1,0,0,-1,False,-1,-1,0,0,0,-1
2026-06-29 14:47:21.524,66.10667,False,21.1367,0.9682601,-9.338137,0,0,0,1,0,0,-1,False,-1,-1,0,0,0,-1
2026-06-29 14:47:21.568,66.15086,False,21.13663,0.9682734,-9.338089,0,0,0,1,0,0,-1,False,-1,-1,0,0,0,-1
2026-06-29 14:47:21.611,66.19473,False,21.13666,0.9683746,-9.338095,0,0,0,1,0,0,-1,False,-1,-1,0,0,0,-1
2026-06-29 14:47:21.646,66.2285,False,21.13665,0.9682878,-9.338057,0,0,0,1,0,0,-1,False,-1,-1,0,0,0,-1
2026-06-29 14:47:21.689,66.27239,False,21.13675,0.9682719,-9.338036,0,0,0,1,0,0,-1,False,-1,-1,0,0,0,-1
2026-06-29 14:47:21.724,66.30681,False,21.13671,0.9683271,-9.338017,0,0,0,1,0,0,-1,False,-1,-1,0,0,0,-1
2026-06-29 14:47:21.767,66.3505,False,21.13673,0.9683277,-9.338007,0,0,0,1,0,0,-1,False,-1,-1,0,0,0,-1
2026-06-29 14:47:21.802,66.38405,False,21.13675,0.9683027,-9.337961,0,0,0,1,0,0,-1,False,-1,-1,0,0,0,-1
2026-06-29 14:47:21.845,66.4278,False,21.1368,0.9684032,-9.338176,0,0,0,1,0,0,-1,False,-1,-1,0,0,0,-1
2026-06-29 14:47:21.878,66.46113,False,21.13675,0.9682568,-9.33814,0,0,0,1,0,0,-1,False,-1,-1,0,0,0,-1
2026-06-29 14:47:21.911,66.49459,False,21.13669,0.9682565,-9.338263,0,0,0,1,0,0,-1,False,-1,-1,0,0,0,-1
2026-06-29 14:47:21.945,66.52802,False,21.13674,0.9682832,-9.338228,0,0,0,1,0,0,-1,False,-1,-1,0,0,0,-1
2026-06-29 14:47:21.989,66.5724,False,21.13676,0.9682519,-9.338036,0,0,0,1,0,0,-1,False,-1,-1,0,0,0,-1
2026-06-29 14:47:22.023,66.60645,False,21.13674,0.9683416,-9.338096,0,0,0,1,0,0,-1,False,-1,-1,0,0,0,-1
2026-06-29 14:47:22.067,66.65028,False,21.13673,0.968368,-9.338023,0,0,0,1,0,0,-1,False,-1,-1,0,0,0,-1
2026-06-29 14:47:22.101,66.68363,False,21.13666,0.9683915,-9.338031,0,0,0,1,0,0,-1,False,-1,-1,0,0,0,-1
2026-06-29 14:47:22.146,66.72847,False,21.13652,0.9684171,-9.338055,0,0,0,1,0,0,-1,False,-1,-1,0,0,0,-1
2026-06-29 14:47:22.189,66.7723,False,21.13658,0.9682698,-9.33802,0,0,0,1,0,0,-1,False,-1,-1,0,0,0,-1
2026-06-29 14:47:22.223,66.80646,False,21.13659,0.9683415,-9.338055,0,0,0,1,0,0,-1,False,-1,-1,0,0,0,-1
2026-06-29 14:47:22.269,66.85128,False,21.13677,0.9683362,-9.338007,0,0,0,1,0,0,-1,False,-1,-1,0,0,0,-1
2026-06-29 14:47:22.310,66.8943,False,21.13663,0.9682552,-9.338005,0,0,0,1,0,0,-1,False,-1,-1,0,0,0,-1
2026-06-29 14:47:22.345,66.92811,False,21.13661,0.968359,-9.338081,0,0,0,1,0,0,-1,False,-1,-1,0,0,0,-1
2026-06-29 14:47:22.379,66.96189,False,21.13663,0.9683091,-9.338036,0,0,0,1,0,0,-1,False,-1,-1,0,0,0,-1
2026-06-29 14:47:22.422,67.0054,False,21.13665,0.9682745,-9.338112,0,0,0,1,0,0,-1,False,-1,-1,0,0,0,-1
2026-06-29 14:47:22.456,67.03915,False,21.13677,0.9682486,-9.338206,0,0,0,1,0,0,-1,False,-1,-1,0,0,0,-1
2026-06-29 14:47:22.500,67.08318,False,21.13674,0.9684204,-9.338078,0,0,0,1,0,0,-1,False,-1,-1,0,0,0,-1
2026-06-29 14:47:22.534,67.11681,False,21.13673,0.9684567,-9.338138,0,0,0,1,0,0,-1,False,-1,-1,0,0,0,-1
2026-06-29 14:47:22.568,67.15041,False,21.13676,0.968442,-9.338162,0,0,0,1,0,0,-1,False,-1,-1,0,0,0,-1
2026-06-29 14:47:22.612,67.19492,False,21.13665,0.9683993,-9.338168,0,0,0,1,0,0,-1,False,-1,-1,0,0,0,-1
2026-06-29 14:47:22.656,67.2389,False,21.13673,0.9683372,-9.338146,0,0,0,1,0,0,-1,False,-1,-1,0,0,0,-1
2026-06-29 14:47:22.699,67.283,False,21.13686,0.9681602,-9.337949,0,0,0,1,0,0,-1,False,-1,-1,0,0,0,-1
2026-06-29 14:47:22.734,67.31684,False,21.13684,0.9681958,-9.338017,0,0,0,1,0,0,-1,False,-1,-1,0,0,0,-1
2026-06-29 14:47:22.768,67.35133,False,21.13669,0.9682656,-9.338037,0,0,0,1,0,0,-1,False,-1,-1,0,0,0,-1
2026-06-29 14:47:22.811,67.39422,False,21.13669,0.9682304,-9.338083,0,0,0,1,0,0,-1,False,-1,-1,0,0,0,-1
2026-06-29 14:47:22.856,67.43903,False,21.13662,0.9682646,-9.338163,0,0,0,1,0,0,-1,False,-1,-1,0,0,0,-1
2026-06-29 14:47:22.901,67.48318,False,21.13678,0.9682738,-9.338121,0,0,0,1,0,0,-1,False,-1,-1,0,0,0,-1
2026-06-29 14:47:22.944,67.52737,False,21.13668,0.9683345,-9.33823,0,0,0,1,0,0,-1,False,-1,-1,0,0,0,-1
2026-06-29 14:47:22.978,67.56088,False,21.13665,0.9684125,-9.338209,0,0,0,1,0,0,-1,False,-1,-1,0,0,0,-1
2026-06-29 14:47:23.023,67.60535,False,21.13655,0.9684415,-9.338079,0,0,0,1,0,0,-1,False,-1,-1,0,0,0,-1
2026-06-29 14:47:23.056,67.63903,False,21.13662,0.9685103,-9.338198,0,0,0,1,0,0,-1,False,-1,-1,0,0,0,-1
2026-06-29 14:47:23.100,67.6829,False,21.13669,0.9683521,-9.337986,0,0,0,1,0,0,-1,False,-1,-1,0,0,0,-1
2026-06-29 14:47:23.144,67.72732,False,21.13668,0.9684196,-9.337982,0,0,0,1,0,0,-1,False,-1,-1,0,0,0,-1
2026-06-29 14:47:23.177,67.76088,False,21.13666,0.9684075,-9.337996,0,0,0,1,0,0,-1,False,-1,-1,0,0,0,-1
2026-06-29 14:47:23.211,67.79458,False,21.13673,0.9683619,-9.338086,0,0,0,1,0,0,-1,False,-1,-1,0,0,0,-1
2026-06-29 14:47:23.264,67.83923,False,21.13674,0.9682462,-9.338129,0,0,0,1,0,0,-1,False,-1,-1,0,0,0,-1
2026-06-29 14:47:23.300,67.88309,False,21.13659,0.968322,-9.338155,0,0,0,1,0,0,-1,False,-1,-1,0,0,0,-1
2026-06-29 14:47:23.344,67.92724,False,21.13666,0.9683791,-9.338207,0,0,0,1,0,0,-1,False,-1,-1,0,0,0,-1
2026-06-29 14:47:23.388,67.9716,False,21.13672,0.9683118,-9.33806,0,0,0,1,0,0,-1,False,-1,-1,0,0,0,-1
2026-06-29 14:47:23.423,68.0052,False,21.13661,0.9684134,-9.338173,0,0,0,1,0,0,-1,False,-1,-1,0,0,0,-1
2026-06-29 14:47:23.468,68.05019,False,21.13671,0.96836,-9.338117,0,0,0,1,0,0,-1,False,-1,-1,0,0,0,-1
2026-06-29 14:47:23.510,68.0938,False,21.13668,0.9683784,-9.338028,0,0,0,1,0,0,-1,False,-1,-1,0,0,0,-1
2026-06-29 14:47:23.556,68.13844,False,21.13664,0.968365,-9.337988,0,0,0,1,0,0,-1,False,-1,-1,0,0,0,-1
2026-06-29 14:47:23.590,68.17296,False,21.13668,0.9683678,-9.337976,0,0,0,1,0,0,-1,False,-1,-1,0,0,0,-1
2026-06-29 14:47:23.633,68.21614,False,21.13668,0.9683549,-9.337891,0,0,0,1,0,0,-1,False,-1,-1,0,0,0,-1
2026-06-29 14:47:23.678,68.2605,False,21.13685,0.9683156,-9.33786,0,0,0,1,0,0,-1,False,-1,-1,0,0,0,-1
2026-06-29 14:47:23.722,68.30469,False,21.13676,0.9683449,-9.338018,0,0,0,1,0,0,-1,False,-1,-1,0,0,0,-1
2026-06-29 14:47:23.756,68.33868,False,21.13673,0.9684455,-9.338084,0,0,0,1,0,0,-1,False,-1,-1,0,0,0,-1
2026-06-29 14:47:23.789,68.37215,False,21.1367,0.9683678,-9.338161,0,0,0,1,0,0,-1,False,-1,-1,0,0,0,-1
2026-06-29 14:47:23.833,68.41611,False,21.13671,0.9683961,-9.338278,0,0,0,1,0,0,-1,False,-1,-1,0,0,0,-1
2026-06-29 14:47:23.866,68.44944,False,21.13674,0.9683756,-9.338088,0,0,0,1,0,0,-1,False,-1,-1,0,0,0,-1
2026-06-29 14:47:23.911,68.49375,False,21.13671,0.9683844,-9.338098,0,0,0,1,0,0,-1,False,-1,-1,0,0,0,-1
2026-06-29 14:47:23.955,68.53815,False,21.13665,0.9682494,-9.338049,0,0,0,1,0,0,-1,False,-1,-1,0,0,0,-1
2026-06-29 14:47:23.989,68.5722,False,21.13667,0.9682555,-9.33813,0,0,0,1,0,0,-1,False,-1,-1,0,0,0,-1
2026-06-29 14:47:24.032,68.61556,False,21.13677,0.9683571,-9.338154,0,0,0,1,0,0,-1,False,-1,-1,0,0,0,-1
2026-06-29 14:47:24.066,68.64917,False,21.13688,0.9682659,-9.338069,0,0,0,1,0,0,-1,False,-1,-1,0,0,0,-1
2026-06-29 14:47:24.100,68.68301,False,21.13679,0.968245,-9.338173,0,0,0,1,0,0,-1,False,-1,-1,0,0,0,-1
2026-06-29 14:47:24.144,68.72695,False,21.13679,0.9682963,-9.338087,0,0,0,1,0,0,-1,False,-1,-1,0,0,0,-1
2026-06-29 14:47:24.178,68.7603,False,21.13692,0.9683092,-9.33807,0,0,0,1,0,0,-1,False,-1,-1,0,0,0,-1
2026-06-29 14:47:24.222,68.80478,False,21.13687,0.9683092,-9.338036,0,0,0,1,0,0,-1,False,-1,-1,0,0,0,-1
2026-06-29 14:47:24.267,68.84954,False,21.13668,0.9683677,-9.338084,0,0,0,1,0,0,-1,False,-1,-1,0,0,0,-1
2026-06-29 14:47:24.310,68.89327,False,21.13669,0.9683058,-9.338143,0,0,0,1,0,0,-1,False,-1,-1,0,0,0,-1
2026-06-29 14:47:24.344,68.9273,False,21.13669,0.9683251,-9.338184,0,0,0,1,0,0,-1,False,-1,-1,0,0,0,-1
2026-06-29 14:47:24.388,68.9711,False,21.13683,0.9683011,-9.338193,0,0,0,1,0,0,-1,False,-1,-1,0,0,0,-1
2026-06-29 14:47:24.432,69.01562,False,21.13687,0.9682339,-9.338311,0,0,0,1,0,0,-1,False,-1,-1,0,0,0,-1
2026-06-29 14:47:24.477,69.06036,False,21.13683,0.9682937,-9.338331,0,0,0,1,0,0,-1,False,-1,-1,0,0,0,-1
2026-06-29 14:47:24.520,69.10442,False,21.13683,0.9683074,-9.338278,0,0,0,1,0,0,-1,False,-1,-1,0,0,0,-1
2026-06-29 14:47:24.555,69.13799,False,21.1368,0.9682854,-9.338239,0,0,0,1,0,0,-1,False,-1,-1,0,0,0,-1
2026-06-29 14:47:24.599,69.18261,False,21.13693,0.9682173,-9.338197,0,0,0,1,0,0,-1,False,-1,-1,0,0,0,-1
2026-06-29 14:47:24.633,69.21605,False,21.1369,0.9682549,-9.338306,0,0,0,1,0,0,-1,False,-1,-1,0,0,0,-1
2026-06-29 14:47:24.676,69.25973,False,21.13664,0.9681752,-9.3382,0,0,0,1,0,0,-1,False,-1,-1,0,0,0,-1
2026-06-29 14:47:24.710,69.2933,False,21.13662,0.9682356,-9.338253,0,0,0,1,0,0,-1,False,-1,-1,0,0,0,-1
2026-06-29 14:47:24.744,69.32681,False,21.13661,0.9682786,-9.338293,0,0,0,1,0,0,-1,False,-1,-1,0,0,0,-1
2026-06-29 14:47:24.788,69.37101,False,21.1367,0.9683154,-9.338255,0,0,0,1,0,0,-1,False,-1,-1,0,0,0,-1
2026-06-29 14:47:24.821,69.40458,False,21.1367,0.9683757,-9.338329,0,0,0,1,0,0,-1,False,-1,-1,0,0,0,-1
2026-06-29 14:47:24.856,69.43909,False,21.1368,0.9683917,-9.338408,0,0,0,1,0,0,-1,False,-1,-1,0,0,0,-1
2026-06-29 14:47:24.899,69.48257,False,21.13681,0.9683677,-9.338336,0,0,0,1,0,0,-1,False,-1,-1,0,0,0,-1
2026-06-29 14:47:24.943,69.52641,False,21.13666,0.9683276,-9.338244,0,0,0,1,0,0,-1,False,-1,-1,0,0,0,-1
2026-06-29 14:47:24.978,69.56122,False,21.13677,0.968355,-9.338266,0,0,0,1,0,0,-1,False,-1,-1,0,0,0,-1
2026-06-29 14:47:25.022,69.60465,False,21.13675,0.9683819,-9.338324,0,0,0,1,0,0,-1,False,-1,-1,0,0,0,-1
2026-06-29 14:47:25.066,69.64874,False,21.13681,0.9683484,-9.338409,0,0,0,1,0,0,-1,False,-1,-1,0,0,0,-1
2026-06-29 14:47:25.100,69.68298,False,21.1369,0.9683397,-9.338225,0,0,0,1,0,0,-1,False,-1,-1,0,0,0,-1
2026-06-29 14:47:25.144,69.7265,False,21.1368,0.9684395,-9.338285,0,0,0,1,0,0,-1,False,-1,-1,0,0,0,-1
2026-06-29 14:47:25.177,69.76009,False,21.13694,0.9684282,-9.338213,0,0,0,1,0,0,-1,False,-1,-1,0,0,0,-1
2026-06-29 14:47:25.222,69.80444,False,21.13706,0.968459,-9.338213,0,0,0,1,0,0,-1,False,-1,-1,0,0,0,-1
2026-06-29 14:47:25.266,69.84861,False,21.13691,0.9684834,-9.338277,0,0,0,1,0,0,-1,False,-1,-1,0,0,0,-1
2026-06-29 14:47:25.310,69.89349,False,21.13679,0.9683406,-9.338276,0,0,0,1,0,0,-1,False,-1,-1,0,0,0,-1
2026-06-29 14:47:25.355,69.93753,False,21.13686,0.968267,-9.338326,0,0,0,1,0,0,-1,False,-1,-1,0,0,0,-1
2026-06-29 14:47:25.388,69.97092,False,21.13677,0.9682339,-9.33829,0,0,0,1,0,0,-1,False,-1,-1,0,0,0,-1
2026-06-29 14:47:25.432,70.015,False,21.13681,0.9682677,-9.338295,0,0,0,1,0,0,-1,False,-1,-1,0,0,0,-1
2026-06-29 14:47:25.466,70.04862,False,21.13675,0.9682715,-9.338389,0,0,0,1,0,0,-1,False,-1,-1,0,0,0,-1
2026-06-29 14:47:25.499,70.08201,False,21.13691,0.9682952,-9.338358,0,0,0,1,0,0,-1,False,-1,-1,0,0,0,-1
2026-06-29 14:47:25.543,70.12615,False,21.13694,0.9681998,-9.338272,0,0,0,1,0,0,-1,False,-1,-1,0,0,0,-1
2026-06-29 14:47:25.587,70.17049,False,21.13683,0.9682679,-9.338227,0,0,0,1,0,0,-1,False,-1,-1,0,0,0,-1
2026-06-29 14:47:25.620,70.20391,False,21.1369,0.9681962,-9.338158,0,0,0,1,0,0,-1,False,-1,-1,0,0,0,-1
2026-06-29 14:47:25.655,70.23811,False,21.13686,0.9682989,-9.338291,0,0,0,1,0,0,-1,False,-1,-1,0,0,0,-1
2026-06-29 14:47:25.699,70.28171,False,21.13693,0.9682387,-9.338219,0,0,0,1,0,0,-1,False,-1,-1,0,0,0,-1
2026-06-29 14:47:25.732,70.3151,False,21.13689,0.9682195,-9.338199,0,0,0,1,0,0,-1,False,-1,-1,0,0,0,-1
2026-06-29 14:47:25.776,70.35938,False,21.13682,0.9683467,-9.338301,0,0,0,1,0,0,-1,False,-1,-1,0,0,0,-1
2026-06-29 14:47:25.810,70.3928,False,21.13683,0.9683326,-9.338224,0,0,0,1,0,0,-1,False,-1,-1,0,0,0,-1
2026-06-29 14:47:25.844,70.42654,False,21.13693,0.9683536,-9.338324,0,0,0,1,0,0,-1,False,-1,-1,0,0,0,-1
2026-06-29 14:47:25.888,70.47111,False,21.13678,0.9684173,-9.338333,0,0,0,1,0,0,-1,False,-1,-1,0,0,0,-1
2026-06-29 14:47:25.923,70.50554,False,21.13681,0.968408,-9.338291,0,0,0,1,0,0,-1,False,-1,-1,0,0,0,-1
2026-06-29 14:47:25.966,70.54835,False,21.13694,0.968423,-9.33839,0,0,0,1,0,0,-1,False,-1,-1,0,0,0,-1
2026-06-29 14:47:26.010,70.5929,False,21.13704,0.9682464,-9.338354,0,0,0,1,0,0,-1,False,-1,-1,0,0,0,-1
2026-06-29 14:47:26.055,70.63725,False,21.13688,0.9682803,-9.338359,0,0,0,1,0,0,-1,False,-1,-1,0,0,0,-1
2026-06-29 14:47:26.099,70.68159,False,21.13683,0.968336,-9.338402,0,0,0,1,0,0,-1,False,-1,-1,0,0,0,-1
2026-06-29 14:47:26.143,70.72595,False,21.13689,0.9683228,-9.338392,0,0,0,1,0,0,-1,False,-1,-1,0,0,0,-1
2026-06-29 14:47:26.187,70.7704,False,21.13685,0.9683468,-9.338387,0,0,0,1,0,0,-1,False,-1,-1,0,0,0,-1
2026-06-29 14:47:26.221,70.80401,False,21.137,0.9683253,-9.338338,0,0,0,1,0,0,-1,False,-1,-1,0,0,0,-1
2026-06-29 14:47:26.266,70.84825,False,21.13699,0.9682952,-9.338321,0,0,0,1,0,0,-1,False,-1,-1,0,0,0,-1
2026-06-29 14:47:26.310,70.89284,False,21.13702,0.9683262,-9.338345,0,0,0,1,0,0,-1,False,-1,-1,0,0,0,-1
2026-06-29 14:47:26.344,70.92698,False,21.13718,0.9683059,-9.338372,0,0,0,1,0,0,-1,False,-1,-1,0,0,0,-1
2026-06-29 14:47:26.388,70.9705,False,21.13707,0.9682789,-9.338266,0,0,0,1,0,0,-1,False,-1,-1,0,0,0,-1
2026-06-29 14:47:26.431,71.01477,False,21.13712,0.9681801,-9.338291,0,0,0,1,0,0,-1,False,-1,-1,0,0,0,-1
2026-06-29 14:47:26.465,71.04829,False,21.1371,0.9681972,-9.338297,0,0,0,1,0,0,-1,False,-1,-1,0,0,0,-1
2026-06-29 14:47:26.510,71.09253,False,21.13701,0.9681696,-9.338202,0,0,0,1,0,0,-1,False,-1,-1,0,0,0,-1
2026-06-29 14:47:26.543,71.12638,False,21.13691,0.968019,-9.338035,0,0,0,1,0,0,-1,False,-1,-1,0,0,0,-1
2026-06-29 14:47:26.588,71.17035,False,21.13675,0.968147,-9.338172,0,0,0,1,0,0,-1,False,-1,-1,0,0,0,-1
2026-06-29 14:47:26.632,71.21478,False,21.13667,0.9682768,-9.338245,0,0,0,1,0,0,-1,False,-1,-1,0,0,0,-1
2026-06-29 14:47:26.665,71.24832,False,21.13666,0.9682711,-9.338264,0,0,0,1,0,0,-1,False,-1,-1,0,0,0,-1
2026-06-29 14:47:26.699,71.28181,False,21.13679,0.9682015,-9.338158,0,0,0,1,0,0,-1,False,-1,-1,0,0,0,-1
2026-06-29 14:47:26.743,71.32566,False,21.1368,0.9681751,-9.338247,0,0,0,1,0,0,-1,False,-1,-1,0,0,0,-1
2026-06-29 14:47:26.787,71.36993,False,21.13692,0.9682263,-9.338264,0,0,0,1,0,0,-1,False,-1,-1,0,0,0,-1
2026-06-29 14:47:26.831,71.41419,False,21.13695,0.9682563,-9.338221,0,0,0,1,0,0,-1,False,-1,-1,0,0,0,-1
2026-06-29 14:47:26.865,71.44792,False,21.13702,0.9681842,-9.338303,0,0,0,1,0,0,-1,False,-1,-1,0,0,0,-1
2026-06-29 14:47:26.909,71.49216,False,21.13712,0.9681776,-9.338402,0,0,0,1,0,0,-1,False,-1,-1,0,0,0,-1
2026-06-29 14:47:26.944,71.5266,False,21.13707,0.9682715,-9.338487,0,0,0,1,0,0,-1,False,-1,-1,0,0,0,-1
2026-06-29 14:47:26.987,71.57001,False,21.13704,0.9682402,-9.338266,0,0,0,1,0,0,-1,False,-1,-1,0,0,0,-1
2026-06-29 14:47:27.032,71.61451,False,21.137,0.9683236,-9.33856,0,0,0,1,0,0,-1,False,-1,-1,0,0,0,-1
2026-06-29 14:47:27.066,71.64861,False,21.13698,0.9683466,-9.33861,0,0,0,1,0,0,-1,False,-1,-1,0,0,0,-1
2026-06-29 14:47:27.109,71.69214,False,21.13687,0.9683924,-9.338602,0,0,0,1,0,0,-1,False,-1,-1,0,0,0,-1
2026-06-29 14:47:27.143,71.72586,False,21.13683,0.9684008,-9.338573,0,0,0,1,0,0,-1,False,-1,-1,0,0,0,-1
2026-06-29 14:47:27.186,71.7697,False,21.13698,0.9683286,-9.338476,0,0,0,1,0,0,-1,False,-1,-1,0,0,0,-1
2026-06-29 14:47:27.221,71.80327,False,21.137,0.9683278,-9.338624,0,0,0,1,0,0,-1,False,-1,-1,0,0,0,-1
2026-06-29 14:47:27.255,71.83777,False,21.13704,0.9683927,-9.338524,0,0,0,1,0,0,-1,False,-1,-1,0,0,0,-1
2026-06-29 14:47:27.298,71.88058,False,21.13702,0.9683365,-9.338417,0,0,0,1,0,0,-1,False,-1,-1,0,0,0,-1
2026-06-29 14:47:27.332,71.91479,False,21.13705,0.968383,-9.338467,0,0,0,1,0,0,-1,False,-1,-1,0,0,0,-1
2026-06-29 14:47:27.376,71.95915,False,21.13706,0.9682807,-9.338387,0,0,0,1,0,0,-1,False,-1,-1,0,0,0,-1
2026-06-29 14:47:27.419,72.00324,False,21.137,0.9682943,-9.338415,0,0,0,1,0,0,-1,False,-1,-1,0,0,0,-1
2026-06-29 14:47:27.454,72.03686,False,21.13692,0.9683099,-9.33844,0,0,0,1,0,0,-1,False,-1,-1,0,0,0,-1
2026-06-29 14:47:27.498,72.08065,False,21.13692,0.9683249,-9.338428,0,0,0,1,0,0,-1,False,-1,-1,0,0,0,-1
2026-06-29 14:47:27.531,72.1142,False,21.137,0.9683174,-9.338326,0,0,0,1,0,0,-1,False,-1,-1,0,0,0,-1
2026-06-29 14:47:27.576,72.15913,False,21.13713,0.9682338,-9.338322,0,0,0,1,0,0,-1,False,-1,-1,0,0,0,-1
2026-06-29 14:47:27.620,72.2029,False,21.13721,0.9682142,-9.338438,0,0,0,1,0,0,-1,False,-1,-1,0,0,0,-1
2026-06-29 14:47:27.653,72.2364,False,21.13716,0.9682187,-9.338474,0,0,0,1,0,0,-1,False,-1,-1,0,0,0,-1
2026-06-29 14:47:27.687,72.27006,False,21.13716,0.9681453,-9.338511,0,0,0,1,0,0,-1,False,-1,-1,0,0,0,-1
2026-06-29 14:47:27.721,72.30358,False,21.13717,0.9681311,-9.338524,0,0,0,1,0,0,-1,False,-1,-1,0,0,0,-1
2026-06-29 14:47:27.764,72.34776,False,21.13718,0.9681457,-9.338619,0,0,0,1,0,0,-1,False,-1,-1,0,0,0,-1
2026-06-29 14:47:27.809,72.39168,False,21.13715,0.968253,-9.338744,0,0,0,1,0,0,-1,False,-1,-1,0,0,0,-1
2026-06-29 14:47:27.853,72.43626,False,21.13706,0.9681887,-9.338707,0,0,0,1,0,0,-1,False,-1,-1,0,0,0,-1
2026-06-29 14:47:27.897,72.48052,False,21.13711,0.9682536,-9.338643,0,0,0,1,0,0,-1,False,-1,-1,0,0,0,-1
2026-06-29 14:47:27.943,72.5253,False,21.13706,0.9683352,-9.33853,0,0,0,1,0,0,-1,False,-1,-1,0,0,0,-1
2026-06-29 14:47:27.976,72.55865,False,21.13702,0.9682605,-9.338373,0,0,0,1,0,0,-1,False,-1,-1,0,0,0,-1
2026-06-29 14:47:28.009,72.59237,False,21.13713,0.9683516,-9.338593,0,0,0,1,0,0,-1,False,-1,-1,0,0,0,-1
2026-06-29 14:47:28.053,72.63608,False,21.13709,0.9684104,-9.33856,0,0,0,1,0,0,-1,False,-1,-1,0,0,0,-1
2026-06-29 14:47:28.087,72.67015,False,21.13713,0.9683369,-9.338516,0,0,0,1,0,0,-1,False,-1,-1,0,0,0,-1
2026-06-29 14:47:28.131,72.714,False,21.13714,0.9683174,-9.338552,0,0,0,1,0,0,-1,False,-1,-1,0,0,0,-1
2026-06-29 14:47:28.175,72.75816,False,21.13729,0.9682805,-9.338575,0,0,0,1,0,0,-1,False,-1,-1,0,0,0,-1
2026-06-29 14:47:28.209,72.7916,False,21.13735,0.96815,-9.338492,0,0,0,1,0,0,-1,False,-1,-1,0,0,0,-1
2026-06-29 14:47:28.243,72.82552,False,21.13719,0.9681703,-9.338276,0,0,0,1,0,0,-1,False,-1,-1,0,0,0,-1
2026-06-29 14:47:28.286,72.86947,False,21.13705,0.9681429,-9.338078,0,0,0,1,0,0,-1,False,-1,-1,0,0,0,-1
2026-06-29 14:47:28.319,72.90299,False,21.1368,0.9682669,-9.338199,0,0,0,1,0,0,-1,False,-1,-1,0,0,0,-1
2026-06-29 14:47:28.364,72.94714,False,21.13684,0.9682596,-9.33823,0,0,0,1,0,0,-1,False,-1,-1,0,0,0,-1
2026-06-29 14:47:28.398,72.98072,False,21.13688,0.968246,-9.338265,0,0,0,1,0,0,-1,False,-1,-1,0,0,0,-1
2026-06-29 14:47:28.443,73.0259,False,21.13685,0.9684088,-9.338455,0,0,0,1,0,0,-1,False,-1,-1,0,0,0,-1
2026-06-29 14:47:28.486,73.06956,False,21.13713,0.968258,-9.338419,0,0,0,1,0,0,-1,False,-1,-1,0,0,0,-1
2026-06-29 14:47:28.531,73.11381,False,21.1372,0.9682454,-9.338495,0,0,0,1,0,0,-1,False,-1,-1,0,0,0,-1
2026-06-29 14:47:28.575,73.15828,False,21.13711,0.9683937,-9.338553,0,0,0,1,0,0,-1,False,-1,-1,0,0,0,-1
2026-06-29 14:47:28.620,73.20253,False,21.13712,0.9683734,-9.338423,0,0,0,1,0,0,-1,False,-1,-1,0,0,0,-1
2026-06-29 14:47:28.664,73.24709,False,21.13706,0.9684038,-9.338381,0,0,0,1,0,0,-1,False,-1,-1,0,0,0,-1
2026-06-29 14:47:28.711,73.29129,False,21.13723,0.9682865,-9.338366,0,0,0,1,0,0,-1,False,-1,-1,0,0,0,-1
2026-06-29 14:47:28.743,73.32563,False,21.13715,0.9683199,-9.338446,0,0,0,1,0,0,-1,False,-1,-1,0,0,0,-1
2026-06-29 14:47:28.786,73.36901,False,21.1371,0.9683385,-9.338577,0,0,0,1,0,0,-1,False,-1,-1,0,0,0,-1
2026-06-29 14:47:28.819,73.40243,False,21.13708,0.9683552,-9.338697,0,0,0,1,0,0,-1,False,-1,-1,0,0,0,-1
2026-06-29 14:47:28.864,73.44677,False,21.13721,0.9683721,-9.33863,0,0,0,1,0,0,-1,False,-1,-1,0,0,0,-1
2026-06-29 14:47:28.897,73.48037,False,21.13702,0.968293,-9.338486,0,0,0,1,0,0,-1,False,-1,-1,0,0,0,-1
2026-06-29 14:47:28.942,73.5249,False,21.13696,0.9683215,-9.338555,0,0,0,1,0,0,-1,False,-1,-1,0,0,0,-1
2026-06-29 14:47:28.975,73.55824,False,21.1369,0.9683939,-9.338523,0,0,0,1,0,0,-1,False,-1,-1,0,0,0,-1
2026-06-29 14:47:29.019,73.60258,False,21.13693,0.9683824,-9.338472,0,0,0,1,0,0,-1,False,-1,-1,0,0,0,-1
2026-06-29 14:47:29.053,73.63628,False,21.13695,0.9683775,-9.338452,0,0,0,1,0,0,-1,False,-1,-1,0,0,0,-1
2026-06-29 14:47:29.096,73.67989,False,21.13702,0.9684411,-9.338593,0,0,0,1,0,0,-1,False,-1,-1,0,0,0,-1
2026-06-29 14:47:29.130,73.71355,False,21.13719,0.9683775,-9.338551,0,0,0,1,0,0,-1,False,-1,-1,0,0,0,-1
2026-06-29 14:47:29.164,73.74715,False,21.13718,0.9682324,-9.338474,0,0,0,1,0,0,-1,False,-1,-1,0,0,0,-1
2026-06-29 14:47:29.208,73.79142,False,21.13698,0.9683142,-9.33846,0,0,0,1,0,0,-1,False,-1,-1,0,0,0,-1
2026-06-29 14:47:29.253,73.83597,False,21.1368,0.9683508,-9.338491,0,0,0,1,0,0,-1,False,-1,-1,0,0,0,-1
2026-06-29 14:47:29.287,73.86977,False,21.13678,0.968348,-9.338504,0,0,0,1,0,0,-1,False,-1,-1,0,0,0,-1
2026-06-29 14:47:29.329,73.91325,False,21.13699,0.9682447,-9.33837,0,0,0,1,0,0,-1,False,-1,-1,0,0,0,-1
2026-06-29 14:47:29.364,73.94694,False,21.13687,0.9682531,-9.338299,0,0,0,1,0,0,-1,False,-1,-1,0,0,0,-1
2026-06-29 14:47:29.398,73.98102,False,21.13697,0.9683406,-9.338439,0,0,0,1,0,0,-1,False,-1,-1,0,0,0,-1
2026-06-29 14:47:29.442,74.02477,False,21.13707,0.9682405,-9.338315,0,0,0,1,0,0,-1,False,-1,-1,0,0,0,-1
2026-06-29 14:47:29.486,74.06886,False,21.13697,0.9683742,-9.338448,0,0,0,1,0,0,-1,False,-1,-1,0,0,0,-1
2026-06-29 14:47:29.520,74.10255,False,21.13694,0.9684318,-9.338503,0,0,0,1,0,0,-1,False,-1,-1,0,0,0,-1
2026-06-29 14:47:29.564,74.14643,False,21.13685,0.9684271,-9.338549,0,0,0,1,0,0,-1,False,-1,-1,0,0,0,-1
2026-06-29 14:47:29.598,74.18042,False,21.13692,0.9683546,-9.33853,0,0,0,1,0,0,-1,False,-1,-1,0,0,0,-1
2026-06-29 14:47:29.641,74.22444,False,21.13692,0.9682803,-9.338396,0,0,0,1,0,0,-1,False,-1,-1,0,0,0,-1
2026-06-29 14:47:29.686,74.2688,False,21.13693,0.9683124,-9.338468,0,0,0,1,0,0,-1,False,-1,-1,0,0,0,-1
2026-06-29 14:47:29.729,74.31296,False,21.13691,0.9683087,-9.338509,0,0,0,1,0,0,-1,False,-1,-1,0,0,0,-1
2026-06-29 14:47:29.763,74.34646,False,21.13701,0.968259,-9.338426,0,0,0,1,0,0,-1,False,-1,-1,0,0,0,-1
2026-06-29 14:47:29.797,74.38009,False,21.13709,0.9681839,-9.338438,0,0,0,1,0,0,-1,False,-1,-1,0,0,0,-1
2026-06-29 14:47:29.841,74.42387,False,21.13713,0.9680958,-9.3385,0,0,0,1,0,0,-1,False,-1,-1,0,0,0,-1
2026-06-29 14:47:29.874,74.45774,False,21.13718,0.9681404,-9.338529,0,0,0,1,0,0,-1,False,-1,-1,0,0,0,-1
2026-06-29 14:47:29.908,74.49138,False,21.13714,0.9680239,-9.338654,0,0,0,1,0,0,-1,False,-1,-1,0,0,0,-1
2026-06-29 14:47:29.952,74.53506,False,21.13692,0.9682519,-9.338544,0,0,0,1,0,0,-1,False,-1,-1,0,0,0,-1
2026-06-29 14:47:29.986,74.5685,False,21.13696,0.9682411,-9.338491,0,0,0,1,0,0,-1,False,-1,-1,0,0,0,-1
2026-06-29 14:47:30.020,74.60262,False,21.13693,0.9683232,-9.33848,0,0,0,1,0,0,-1,False,-1,-1,0,0,0,-1
2026-06-29 14:47:30.067,74.64632,False,21.13694,0.9684387,-9.33867,0,0,0,1,0,0,-1,False,-1,-1,0,0,0,-1
2026-06-29 14:47:30.098,74.68053,False,21.13703,0.9683504,-9.338601,0,0,0,1,0,0,-1,False,-1,-1,0,0,0,-1
2026-06-29 14:47:30.142,74.72509,False,21.13711,0.9684036,-9.338552,0,0,0,1,0,0,-1,False,-1,-1,0,0,0,-1
2026-06-29 14:47:30.186,74.76904,False,21.13706,0.9684667,-9.338496,0,0,0,1,0,0,-1,False,-1,-1,0,0,0,-1
2026-06-29 14:47:30.229,74.8127,False,21.13709,0.9682338,-9.338472,0,0,0,1,0,0,-1,False,-1,-1,0,0,0,-1
2026-06-29 14:47:30.264,74.84675,False,21.13697,0.9681891,-9.33851,0,0,0,1,0,0,-1,False,-1,-1,0,0,0,-1
2026-06-29 14:47:30.307,74.89062,False,21.13692,0.9682018,-9.338511,0,0,0,1,0,0,-1,False,-1,-1,0,0,0,-1
2026-06-29 14:47:30.341,74.92412,False,21.13695,0.9682491,-9.338474,0,0,0,1,0,0,-1,False,-1,-1,0,0,0,-1
2026-06-29 14:47:30.375,74.95766,False,21.13695,0.9682797,-9.338401,0,0,0,1,0,0,-1,False,-1,-1,0,0,0,-1
2026-06-29 14:47:30.418,75.00169,False,21.13696,0.9682737,-9.338425,0,0,0,1,0,0,-1,False,-1,-1,0,0,0,-1
2026-06-29 14:47:30.452,75.03522,False,21.13706,0.9681874,-9.338449,0,0,0,1,0,0,-1,False,-1,-1,0,0,0,-1
2026-06-29 14:47:30.497,75.07987,False,21.13703,0.9683046,-9.338491,0,0,0,1,0,0,-1,False,-1,-1,0,0,0,-1
2026-06-29 14:47:30.541,75.12405,False,21.13699,0.968298,-9.338478,0,0,0,1,0,0,-1,False,-1,-1,0,0,0,-1
2026-06-29 14:47:30.574,75.15768,False,21.13701,0.9683753,-9.338662,0,0,0,1,0,0,-1,False,-1,-1,0,0,0,-1
2026-06-29 14:47:30.618,75.20138,False,21.13712,0.9683691,-9.338514,0,0,0,1,0,0,-1,False,-1,-1,0,0,0,-1
2026-06-29 14:47:30.651,75.23511,False,21.13709,0.9683351,-9.338472,0,0,0,1,0,0,-1,False,-1,-1,0,0,0,-1
2026-06-29 14:47:30.696,75.27916,False,21.13695,0.9683113,-9.338462,0,0,0,1,0,0,-1,False,-1,-1,0,0,0,-1
2026-06-29 14:47:30.729,75.31271,False,21.13695,0.9682532,-9.338343,0,0,0,1,0,0,-1,False,-1,-1,0,0,0,-1
2026-06-29 14:47:30.774,75.35691,False,21.13694,0.9682981,-9.338443,0,0,0,1,0,0,-1,False,-1,-1,0,0,0,-1
2026-06-29 14:47:30.807,75.39107,False,21.13696,0.9682845,-9.33855,0,0,0,1,0,0,-1,False,-1,-1,0,0,0,-1
2026-06-29 14:47:30.852,75.43517,False,21.13702,0.9682691,-9.338538,0,0,0,1,0,0,-1,False,-1,-1,0,0,0,-1
2026-06-29 14:47:30.896,75.47904,False,21.13714,0.9683223,-9.338504,0,0,0,1,0,0,-1,False,-1,-1,0,0,0,-1
2026-06-29 14:47:30.929,75.5124,False,21.13712,0.9683167,-9.33847,0,0,0,1,0,0,-1,False,-1,-1,0,0,0,-1
2026-06-29 14:47:30.963,75.54613,False,21.13704,0.9683808,-9.338453,0,0,0,1,0,0,-1,False,-1,-1,0,0,0,-1
2026-06-29 14:47:31.008,75.59048,False,21.1369,0.9683866,-9.338467,0,0,0,1,0,0,-1,False,-1,-1,0,0,0,-1
2026-06-29 14:47:31.054,75.63654,False,21.13708,0.9682786,-9.33856,0,0,0,1,0,0,-1,False,-1,-1,0,0,0,-1
2026-06-29 14:47:31.097,75.67963,False,21.13709,0.9682756,-9.338424,0,0,0,1,0,0,-1,False,-1,-1,0,0,0,-1
2026-06-29 14:47:31.131,75.71391,False,21.13697,0.9683347,-9.338364,0,0,0,1,0,0,-1,False,-1,-1,0,0,0,-1
2026-06-29 14:47:31.174,75.75751,False,21.13695,0.9683312,-9.33827,0,0,0,1,0,0,-1,False,-1,-1,0,0,0,-1
2026-06-29 14:47:31.218,75.80165,False,21.13683,0.9683686,-9.338449,0,0,0,1,0,0,-1,False,-1,-1,0,0,0,-1
2026-06-29 14:47:31.263,75.84568,False,21.13683,0.9683668,-9.33846,0,0,0,1,0,0,-1,False,-1,-1,0,0,0,-1
2026-06-29 14:47:31.307,75.89043,False,21.13704,0.9684058,-9.338495,0,0,0,1,0,0,-1,False,-1,-1,0,0,0,-1
2026-06-29 14:47:31.352,75.93477,False,21.13706,0.9683432,-9.338547,0,0,0,1,0,0,-1,False,-1,-1,0,0,0,-1
2026-06-29 14:47:31.385,75.96841,False,21.13704,0.9683463,-9.33861,0,0,0,1,0,0,-1,False,-1,-1,0,0,0,-1
2026-06-29 14:47:31.429,76.01216,False,21.1368,0.9683082,-9.338398,0,0,0,1,0,0,-1,False,-1,-1,0,0,0,-1
2026-06-29 14:47:31.463,76.04578,False,21.13679,0.9683037,-9.338312,0,0,0,1,0,0,-1,False,-1,-1,0,0,0,-1
2026-06-29 14:47:31.496,76.07915,False,21.13685,0.9683792,-9.33832,0,0,0,1,0,0,-1,False,-1,-1,0,0,0,-1
2026-06-29 14:47:31.541,76.1237,False,21.1368,0.9684174,-9.338385,0,0,0,1,0,0,-1,False,-1,-1,0,0,0,-1
2026-06-29 14:47:31.584,76.16793,False,21.13682,0.9683964,-9.338415,0,0,0,1,0,0,-1,False,-1,-1,0,0,0,-1
2026-06-29 14:47:31.629,76.21207,False,21.13689,0.9684517,-9.338449,0,0,0,1,0,0,-1,False,-1,-1,0,0,0,-1
2026-06-29 14:47:31.663,76.24556,False,21.13688,0.9685082,-9.338425,0,0,0,1,0,0,-1,False,-1,-1,0,0,0,-1
2026-06-29 14:47:31.696,76.27949,False,21.13691,0.968473,-9.338378,0,0,0,1,0,0,-1,False,-1,-1,0,0,0,-1
2026-06-29 14:47:31.741,76.32352,False,21.13706,0.9684125,-9.338423,0,0,0,1,0,0,-1,False,-1,-1,0,0,0,-1
2026-06-29 14:47:31.773,76.35686,False,21.137,0.9683759,-9.338412,0,0,0,1,0,0,-1,False,-1,-1,0,0,0,-1
2026-06-29 14:47:31.817,76.40102,False,21.13696,0.9684073,-9.338554,0,0,0,1,0,0,-1,False,-1,-1,0,0,0,-1
2026-06-29 14:47:31.851,76.43461,False,21.13697,0.9684197,-9.33852,0,0,0,1,0,0,-1,False,-1,-1,0,0,0,-1
2026-06-29 14:47:31.896,76.47893,False,21.13687,0.9684832,-9.33852,0,0,0,1,0,0,-1,False,-1,-1,0,0,0,-1
2026-06-29 14:47:31.940,76.52299,False,21.13686,0.9685119,-9.338514,0,0,0,1,0,0,-1,False,-1,-1,0,0,0,-1
2026-06-29 14:47:31.973,76.5564,False,21.13688,0.9684522,-9.338474,0,0,0,1,0,0,-1,False,-1,-1,0,0,0,-1
2026-06-29 14:47:32.007,76.58983,False,21.13681,0.9684803,-9.338528,0,0,0,1,0,0,-1,False,-1,-1,0,0,0,-1
2026-06-29 14:47:32.051,76.63414,False,21.13691,0.9684033,-9.338361,0,0,0,1,0,0,-1,False,-1,-1,0,0,0,-1
2026-06-29 14:47:32.086,76.66822,False,21.13692,0.9683874,-9.338301,0,0,0,1,0,0,-1,False,-1,-1,0,0,0,-1
2026-06-29 14:47:32.129,76.71174,False,21.13697,0.9683145,-9.338284,0,0,0,1,0,0,-1,False,-1,-1,0,0,0,-1
2026-06-29 14:47:32.163,76.74599,False,21.13698,0.9684206,-9.338316,0,0,0,1,0,0,-1,False,-1,-1,0,0,0,-1
2026-06-29 14:47:32.199,76.78174,False,21.13688,0.9684703,-9.338352,0,0,0,1,0,0,-1,False,-1,-1,0,0,0,-1
2026-06-29 14:47:32.239,76.82279,False,21.13695,0.9685079,-9.338392,0,0,0,1,0,0,-1,False,-1,-1,0,0,0,-1
2026-06-29 14:47:32.284,76.86692,False,21.13693,0.968372,-9.338365,0,0,0,1,0,0,-1,False,-1,-1,0,0,0,-1
2026-06-29 14:47:32.319,76.90141,False,21.13703,0.9683111,-9.338327,0,0,0,1,0,0,-1,False,-1,-1,0,0,0,-1
2026-06-29 14:47:32.362,76.94453,False,21.13711,0.9681927,-9.338196,0,0,0,1,0,0,-1,False,-1,-1,0,0,0,-1
2026-06-29 14:47:32.395,76.97813,False,21.13707,0.9682646,-9.338299,0,0,0,1,0,0,-1,False,-1,-1,0,0,0,-1
2026-06-29 14:47:32.439,77.02306,False,21.13709,0.9682513,-9.33835,0,0,0,1,0,0,-1,False,-1,-1,0,0,0,-1
2026-06-29 14:47:32.483,77.06667,False,21.13686,0.9682786,-9.338362,0,0,0,1,0,0,-1,False,-1,-1,0,0,0,-1
2026-06-29 14:47:32.518,77.10067,False,21.13678,0.9682804,-9.338394,0,0,0,1,0,0,-1,False,-1,-1,0,0,0,-1
2026-06-29 14:47:32.562,77.14496,False,21.13676,0.9682384,-9.338341,0,0,0,1,0,0,-1,False,-1,-1,0,0,0,-1
2026-06-29 14:47:32.606,77.18938,False,21.13695,0.968281,-9.338465,0,0,0,1,0,0,-1,False,-1,-1,0,0,0,-1
2026-06-29 14:47:32.651,77.23395,False,21.13706,0.9683705,-9.338625,0,0,0,1,0,0,-1,False,-1,-1,0,0,0,-1
2026-06-29 14:47:32.685,77.26768,False,21.13709,0.9682873,-9.338494,0,0,0,1,0,0,-1,False,-1,-1,0,0,0,-1
2026-06-29 14:47:32.728,77.31151,False,21.13701,0.9683455,-9.338675,0,0,0,1,0,0,-1,False,-1,-1,0,0,0,-1
2026-06-29 14:47:32.763,77.34533,False,21.13698,0.9683725,-9.338655,0,0,0,1,0,0,-1,False,-1,-1,0,0,0,-1
2026-06-29 14:47:32.795,77.37872,False,21.13682,0.9684132,-9.338436,0,0,0,1,0,0,-1,False,-1,-1,0,0,0,-1
2026-06-29 14:47:32.839,77.42292,False,21.13684,0.9683879,-9.338446,0,0,0,1,0,0,-1,False,-1,-1,0,0,0,-1
2026-06-29 14:47:32.884,77.46714,False,21.13704,0.968416,-9.338409,0,0,0,1,0,0,-1,False,-1,-1,0,0,0,-1
2026-06-29 14:47:32.929,77.51151,False,21.13707,0.9683563,-9.338427,0,0,0,1,0,0,-1,False,-1,-1,0,0,0,-1
2026-06-29 14:47:32.962,77.54504,False,21.13684,0.9683775,-9.338406,0,0,0,1,0,0,-1,False,-1,-1,0,0,0,-1
2026-06-29 14:47:33.005,77.58932,False,21.1367,0.9684222,-9.338361,0,0,0,1,0,0,-1,False,-1,-1,0,0,0,-1
2026-06-29 14:47:33.051,77.63413,False,21.13667,0.9684045,-9.338247,0,0,0,1,0,0,-1,False,-1,-1,0,0,0,-1
2026-06-29 14:47:33.096,77.67835,False,21.13659,0.9683622,-9.33821,0,0,0,1,0,0,-1,False,-1,-1,0,0,0,-1
2026-06-29 14:47:33.140,77.72301,False,21.13692,0.9682795,-9.338293,0,0,0,1,0,0,-1,False,-1,-1,0,0,0,-1
2026-06-29 14:47:33.184,77.767,False,21.1371,0.9682308,-9.338429,0,0,0,1,0,0,-1,False,-1,-1,0,0,0,-1
2026-06-29 14:47:33.220,77.80183,False,21.137,0.9683343,-9.338557,0,0,0,1,0,0,-1,False,-1,-1,0,0,0,-1
2026-06-29 14:47:33.262,77.84474,False,21.13704,0.9683913,-9.338663,0,0,0,1,0,0,-1,False,-1,-1,0,0,0,-1
2026-06-29 14:47:33.295,77.8784,False,21.13696,0.9683816,-9.338697,0,0,0,1,0,0,-1,False,-1,-1,0,0,0,-1
2026-06-29 14:47:33.329,77.91208,False,21.13707,0.968468,-9.338556,0,0,0,1,0,0,-1,False,-1,-1,0,0,0,-1
2026-06-29 14:47:33.373,77.95562,False,21.13697,0.9684931,-9.338596,0,0,0,1,0,0,-1,False,-1,-1,0,0,0,-1
2026-06-29 14:47:33.407,77.98926,False,21.13698,0.9684612,-9.33849,0,0,0,1,0,0,-1,False,-1,-1,0,0,0,-1
2026-06-29 14:47:33.439,78.02268,False,21.137,0.968402,-9.338363,0,0,0,1,0,0,-1,False,-1,-1,0,0,0,-1
2026-06-29 14:47:33.485,78.06728,False,21.13696,0.9683998,-9.338362,0,0,0,1,0,0,-1,False,-1,-1,0,0,0,-1
2026-06-29 14:47:33.528,78.11134,False,21.13695,0.9684345,-9.33842,0,0,0,1,0,0,-1,False,-1,-1,0,0,0,-1
2026-06-29 14:47:33.561,78.14474,False,21.13695,0.9684005,-9.338442,0,0,0,1,0,0,-1,False,-1,-1,0,0,0,-1
2026-06-29 14:47:33.596,78.17874,False,21.13694,0.9683306,-9.338505,0,0,0,1,0,0,-1,False,-1,-1,0,0,0,-1
2026-06-29 14:47:33.639,78.22221,False,21.13683,0.9683291,-9.338461,0,0,0,1,0,0,-1,False,-1,-1,0,0,0,-1
2026-06-29 14:47:33.684,78.26723,False,21.13702,0.9683765,-9.338402,0,0,0,1,0,0,-1,False,-1,-1,0,0,0,-1
2026-06-29 14:47:33.728,78.3111,False,21.13703,0.9683356,-9.338377,0,0,0,1,0,0,-1,False,-1,-1,0,0,0,-1
2026-06-29 14:47:33.762,78.34457,False,21.13709,0.9683218,-9.338375,0,0,0,1,0,0,-1,False,-1,-1,0,0,0,-1
2026-06-29 14:47:33.807,78.38926,False,21.13704,0.9683485,-9.338417,0,0,0,1,0,0,-1,False,-1,-1,0,0,0,-1
2026-06-29 14:47:33.850,78.43326,False,21.13724,0.9682969,-9.338526,0,0,0,1,0,0,-1,False,-1,-1,0,0,0,-1
2026-06-29 14:47:33.884,78.4672,False,21.13712,0.9683375,-9.338549,0,0,0,1,0,0,-1,False,-1,-1,0,0,0,-1
2026-06-29 14:47:33.929,78.51115,False,21.13717,0.9682629,-9.338331,0,0,0,1,0,0,-1,False,-1,-1,0,0,0,-1
2026-06-29 14:47:33.972,78.55553,False,21.13707,0.9682349,-9.338438,0,0,0,1,0,0,-1,False,-1,-1,0,0,0,-1
2026-06-29 14:47:34.006,78.58894,False,21.13712,0.9682747,-9.33858,0,0,0,1,0,0,-1,False,-1,-1,0,0,0,-1
2026-06-29 14:47:34.051,78.63351,False,21.13713,0.9682564,-9.338589,0,0,0,1,0,0,-1,False,-1,-1,0,0,0,-1
2026-06-29 14:47:34.084,78.66713,False,21.13696,0.9683676,-9.338678,0,0,0,1,0,0,-1,False,-1,-1,0,0,0,-1
2026-06-29 14:47:34.128,78.71158,False,21.13693,0.9683706,-9.338543,0,0,0,1,0,0,-1,False,-1,-1,0,0,0,-1
2026-06-29 14:47:34.173,78.75558,False,21.13698,0.968424,-9.338705,0,0,0,1,0,0,-1,False,-1,-1,0,0,0,-1
2026-06-29 14:47:34.206,78.78907,False,21.13693,0.9684965,-9.338542,0,0,0,1,0,0,-1,False,-1,-1,0,0,0,-1
2026-06-29 14:47:34.251,78.83362,False,21.13696,0.9685422,-9.338476,0,0,0,1,0,0,-1,False,-1,-1,0,0,0,-1
2026-06-29 14:47:34.286,78.86812,False,21.1369,0.9685403,-9.33851,0,0,0,1,0,0,-1,False,-1,-1,0,0,0,-1
2026-06-29 14:47:34.328,78.91072,False,21.13698,0.968475,-9.338375,0,0,0,1,0,0,-1,False,-1,-1,0,0,0,-1
2026-06-29 14:47:34.372,78.95484,False,21.13707,0.9684888,-9.338469,0,0,0,1,0,0,-1,False,-1,-1,0,0,0,-1
2026-06-29 14:47:34.416,78.99892,False,21.13705,0.9684228,-9.338306,0,0,0,1,0,0,-1,False,-1,-1,0,0,0,-1
2026-06-29 14:47:34.449,79.03271,False,21.13709,0.9683695,-9.338235,0,0,0,1,0,0,-1,False,-1,-1,0,0,0,-1
2026-06-29 14:47:34.493,79.07663,False,21.13702,0.9684064,-9.338394,0,0,0,1,0,0,-1,False,-1,-1,0,0,0,-1
2026-06-29 14:47:34.538,79.121,False,21.137,0.9683285,-9.338466,0,0,0,1,0,0,-1,False,-1,-1,0,0,0,-1
2026-06-29 14:47:34.571,79.15493,False,21.13709,0.9683195,-9.338531,0,0,0,1,0,0,-1,False,-1,-1,0,0,0,-1
2026-06-29 14:47:34.615,79.19905,False,21.13713,0.9683328,-9.33839,0,0,0,1,0,0,-1,False,-1,-1,0,0,0,-1
2026-06-29 14:47:34.661,79.24369,False,21.13699,0.9683664,-9.338387,0,0,0,1,0,0,-1,False,-1,-1,0,0,0,-1
2026-06-29 14:47:34.705,79.28839,False,21.13704,0.9683247,-9.338379,0,0,0,1,0,0,-1,False,-1,-1,0,0,0,-1
2026-06-29 14:47:34.739,79.32204,False,21.13711,0.9683368,-9.33845,0,0,0,1,0,0,-1,False,-1,-1,0,0,0,-1
2026-06-29 14:47:34.775,79.35839,False,21.13708,0.9683583,-9.338434,0,0,0,1,0,0,-1,False,-1,-1,0,0,0,-1
2026-06-29 14:47:34.819,79.40251,False,21.13691,0.9683625,-9.338402,0,0,0,1,0,0,-1,False,-1,-1,0,0,0,-1
2026-06-29 14:47:34.853,79.43641,False,21.13693,0.968391,-9.33845,0,0,0,1,0,0,-1,False,-1,-1,0,0,0,-1
2026-06-29 14:47:34.901,79.48376,False,21.137,0.9683468,-9.338408,0,0,0,1,0,0,-1,False,-1,-1,0,0,0,-1
2026-06-29 14:47:34.938,79.5209,False,21.13702,0.9683924,-9.338459,0,0,0,1,0,0,-1,False,-1,-1,0,0,0,-1
2026-06-29 14:47:34.981,79.56397,False,21.13702,0.9684382,-9.33865,0,0,0,1,0,0,-1,False,-1,-1,0,0,0,-1
2026-06-29 14:47:35.026,79.60825,False,21.137,0.9683966,-9.338557,0,0,0,1,0,0,-1,False,-1,-1,0,0,0,-1
2026-06-29 14:47:35.059,79.64181,False,21.13696,0.9683497,-9.338596,0,0,0,1,0,0,-1,False,-1,-1,0,0,0,-1
2026-06-29 14:47:35.092,79.67517,False,21.13714,0.9682546,-9.338588,0,0,0,1,0,0,-1,False,-1,-1,0,0,0,-1
2026-06-29 14:47:35.136,79.71961,False,21.13698,0.9683409,-9.338608,0,0,0,1,0,0,-1,False,-1,-1,0,0,0,-1
2026-06-29 14:47:35.171,79.75317,False,21.13701,0.9682975,-9.33849,0,0,0,1,0,0,-1,False,-1,-1,0,0,0,-1
2026-06-29 14:47:35.215,79.79724,False,21.13688,0.968235,-9.338311,0,0,0,1,0,0,-1,False,-1,-1,0,0,0,-1
2026-06-29 14:47:35.258,79.84132,False,21.13684,0.968266,-9.338414,0,0,0,1,0,0,-1,False,-1,-1,0,0,0,-1
2026-06-29 14:47:35.292,79.87519,False,21.13706,0.9682567,-9.338339,0,0,0,1,0,0,-1,False,-1,-1,0,0,0,-1
2026-06-29 14:47:35.327,79.90974,False,21.13705,0.9683022,-9.338362,0,0,0,1,0,0,-1,False,-1,-1,0,0,0,-1
2026-06-29 14:47:35.361,79.94382,False,21.13706,0.9683784,-9.338446,0,0,0,1,0,0,-1,False,-1,-1,0,0,0,-1
2026-06-29 14:47:35.405,79.988,False,21.13708,0.9682575,-9.338276,0,0,0,1,0,0,-1,False,-1,-1,0,0,0,-1
2026-06-29 14:47:35.439,80.02181,False,21.13705,0.9683615,-9.338489,0,0,0,1,0,0,-1,False,-1,-1,0,0,0,-1
2026-06-29 14:47:35.483,80.06603,False,21.13703,0.9683197,-9.33853,0,0,0,1,0,0,-1,False,-1,-1,0,0,0,-1
2026-06-29 14:47:35.517,80.0995,False,21.13698,0.968331,-9.338477,0,0,0,1,0,0,-1,False,-1,-1,0,0,0,-1
2026-06-29 14:47:35.562,80.14429,False,21.13708,0.9684095,-9.338526,0,0,0,1,0,0,-1,False,-1,-1,0,0,0,-1
2026-06-29 14:47:35.605,80.18843,False,21.13703,0.9683418,-9.338412,0,0,0,1,0,0,-1,False,-1,-1,0,0,0,-1
2026-06-29 14:47:35.650,80.2332,False,21.13696,0.9684374,-9.338381,0,0,0,1,0,0,-1,False,-1,-1,0,0,0,-1
2026-06-29 14:47:35.693,80.27685,False,21.13711,0.9684417,-9.338435,0,0,0,1,0,0,-1,False,-1,-1,0,0,0,-1
2026-06-29 14:47:35.739,80.32145,False,21.13723,0.9683736,-9.338601,0,0,0,1,0,0,-1,False,-1,-1,0,0,0,-1
2026-06-29 14:47:35.772,80.35501,False,21.13729,0.9683762,-9.338581,0,0,0,1,0,0,-1,False,-1,-1,0,0,0,-1
2026-06-29 14:47:35.806,80.3885,False,21.13717,0.968318,-9.338427,0,0,0,1,0,0,-1,False,-1,-1,0,0,0,-1
2026-06-29 14:47:35.849,80.43257,False,21.13704,0.9684169,-9.338461,0,0,0,1,0,0,-1,False,-1,-1,0,0,0,-1
2026-06-29 14:47:35.884,80.46691,False,21.13703,0.9683372,-9.338428,0,0,0,1,0,0,-1,False,-1,-1,0,0,0,-1
2026-06-29 14:47:35.927,80.51082,False,21.13691,0.9683728,-9.338416,0,0,0,1,0,0,-1,False,-1,-1,0,0,0,-1
2026-06-29 14:47:35.971,80.55472,False,21.13701,0.9683899,-9.338579,0,0,0,1,0,0,-1,False,-1,-1,0,0,0,-1
2026-06-29 14:47:36.015,80.59889,False,21.13695,0.968365,-9.338543,0,0,0,1,0,0,-1,False,-1,-1,0,0,0,-1
2026-06-29 14:47:36.050,80.63279,False,21.13686,0.9683416,-9.338564,0,0,0,1,0,0,-1,False,-1,-1,0,0,0,-1
2026-06-29 14:47:36.094,80.67714,False,21.13688,0.9683874,-9.338649,0,0,0,1,0,0,-1,False,-1,-1,0,0,0,-1
2026-06-29 14:47:36.139,80.72157,False,21.13709,0.9683621,-9.338627,0,0,0,1,0,0,-1,False,-1,-1,0,0,0,-1
2026-06-29 14:47:36.183,80.76627,False,21.13721,0.9683968,-9.338642,0,0,0,1,0,0,-1,False,-1,-1,0,0,0,-1
2026-06-29 14:47:36.228,80.81039,False,21.13726,0.9683175,-9.338577,0,0,0,1,0,0,-1,False,-1,-1,0,0,0,-1
2026-06-29 14:47:36.271,80.85411,False,21.13719,0.9683757,-9.338698,0,0,0,1,0,0,-1,False,-1,-1,0,0,0,-1
2026-06-29 14:47:36.305,80.88793,False,21.13699,0.9683527,-9.338488,0,0,0,1,0,0,-1,False,-1,-1,0,0,0,-1
2026-06-29 14:47:36.349,80.93241,False,21.13702,0.9683766,-9.338352,0,0,0,1,0,0,-1,False,-1,-1,0,0,0,-1
2026-06-29 14:47:36.384,80.96678,False,21.13703,0.9683959,-9.338338,0,0,0,1,0,0,-1,False,-1,-1,0,0,0,-1
2026-06-29 14:47:36.427,81.00983,False,21.13707,0.9684232,-9.338536,0,0,0,1,0,0,-1,False,-1,-1,0,0,0,-1
2026-06-29 14:47:36.461,81.04342,False,21.13712,0.9683846,-9.338568,0,0,0,1,0,0,-1,False,-1,-1,0,0,0,-1
2026-06-29 14:47:36.504,81.08794,False,21.13721,0.968347,-9.338556,0,0,0,1,0,0,-1,False,-1,-1,0,0,0,-1
2026-06-29 14:47:36.549,81.13206,False,21.13729,0.9683575,-9.338511,0,0,0,1,0,0,-1,False,-1,-1,0,0,0,-1
2026-06-29 14:47:36.583,81.16591,False,21.13726,0.9683192,-9.338517,0,0,0,1,0,0,-1,False,-1,-1,0,0,0,-1
2026-06-29 14:47:36.627,81.20994,False,21.13722,0.9683054,-9.338677,0,0,0,1,0,0,-1,False,-1,-1,0,0,0,-1
2026-06-29 14:47:36.671,81.25428,False,21.13715,0.968321,-9.338718,0,0,0,1,0,0,-1,False,-1,-1,0,0,0,-1
2026-06-29 14:47:36.716,81.29855,False,21.13722,0.9682156,-9.338642,0,0,0,1,0,0,-1,False,-1,-1,0,0,0,-1
2026-06-29 14:47:36.750,81.33244,False,21.13722,0.9682018,-9.338732,0,0,0,1,0,0,-1,False,-1,-1,0,0,0,-1
2026-06-29 14:47:36.794,81.37627,False,21.13728,0.9682279,-9.338736,0,0,0,1,0,0,-1,False,-1,-1,0,0,0,-1
2026-06-29 14:47:36.828,81.41009,False,21.13721,0.968209,-9.338686,0,0,0,1,0,0,-1,False,-1,-1,0,0,0,-1
2026-06-29 14:47:36.861,81.44362,False,21.13716,0.9682706,-9.338642,0,0,0,1,0,0,-1,False,-1,-1,0,0,0,-1
2026-06-29 14:47:36.905,81.48762,False,21.13709,0.9682686,-9.338608,0,0,0,1,0,0,-1,False,-1,-1,0,0,0,-1
2026-06-29 14:47:36.948,81.53192,False,21.13712,0.9683283,-9.338505,0,0,0,1,0,0,-1,False,-1,-1,0,0,0,-1
2026-06-29 14:47:36.983,81.56581,False,21.13702,0.9683426,-9.338427,0,0,0,1,0,0,-1,False,-1,-1,0,0,0,-1
2026-06-29 14:47:37.026,81.60945,False,21.13717,0.9683163,-9.338472,0,0,0,1,0,0,-1,False,-1,-1,0,0,0,-1
2026-06-29 14:47:37.061,81.64324,False,21.13721,0.96831,-9.338441,0,0,0,1,0,0,-1,False,-1,-1,0,0,0,-1
2026-06-29 14:47:37.104,81.68737,False,21.13729,0.968262,-9.338596,0,0,0,1,0,0,-1,False,-1,-1,0,0,0,-1
2026-06-29 14:47:37.138,81.72172,False,21.13722,0.9681758,-9.338617,0,0,0,1,0,0,-1,False,-1,-1,0,0,0,-1
2026-06-29 14:47:37.183,81.76525,False,21.13704,0.9682088,-9.338623,0,0,0,1,0,0,-1,False,-1,-1,0,0,0,-1
2026-06-29 14:47:37.216,81.79882,False,21.13701,0.9682966,-9.338676,0,0,0,1,0,0,-1,False,-1,-1,0,0,0,-1
2026-06-29 14:47:37.261,81.84302,False,21.13688,0.9682872,-9.338522,0,0,0,1,0,0,-1,False,-1,-1,0,0,0,-1
2026-06-29 14:47:37.305,81.88735,False,21.13682,0.9683815,-9.338504,0,0,0,1,0,0,-1,False,-1,-1,0,0,0,-1
2026-06-29 14:47:37.338,81.92083,False,21.13715,0.9683502,-9.338661,0,0,0,1,0,0,-1,False,-1,-1,0,0,0,-1
2026-06-29 14:47:37.371,81.95428,False,21.13715,0.9683931,-9.338601,0,0,0,1,0,0,-1,False,-1,-1,0,0,0,-1
2026-06-29 14:47:37.405,81.98773,False,21.13734,0.9684006,-9.338738,0,0,0,1,0,0,-1,False,-1,-1,0,0,0,-1
2026-06-29 14:47:37.438,82.02154,False,21.13731,0.9683182,-9.338581,0,0,0,1,0,0,-1,False,-1,-1,0,0,0,-1
2026-06-29 14:47:37.482,82.06499,False,21.1374,0.968267,-9.338668,0,0,0,1,0,0,-1,False,-1,-1,0,0,0,-1
2026-06-29 14:47:37.516,82.09864,False,21.13733,0.9682295,-9.338817,0,0,0,1,0,0,-1,False,-1,-1,0,0,0,-1
2026-06-29 14:47:37.560,82.14243,False,21.13727,0.9682142,-9.338755,0,0,0,1,0,0,-1,False,-1,-1,0,0,0,-1
2026-06-29 14:47:37.593,82.17623,False,21.13728,0.9682385,-9.338792,0,0,0,1,0,0,-1,False,-1,-1,0,0,0,-1
2026-06-29 14:47:37.638,82.22073,False,21.13718,0.9681969,-9.33876,0,0,0,1,0,0,-1,False,-1,-1,0,0,0,-1
2026-06-29 14:47:37.682,82.2654,False,21.13717,0.9681793,-9.338937,0,0,0,1,0,0,-1,False,-1,-1,0,0,0,-1
2026-06-29 14:47:37.726,82.30916,False,21.13718,0.9682227,-9.339035,0,0,0,1,0,0,-1,False,-1,-1,0,0,0,-1
2026-06-29 14:47:37.770,82.35368,False,21.13717,0.9682555,-9.339025,0,0,0,1,0,0,-1,False,-1,-1,0,0,0,-1
2026-06-29 14:47:37.815,82.39809,False,21.13717,0.9681954,-9.338783,0,0,0,1,0,0,-1,False,-1,-1,0,0,0,-1
2026-06-29 14:47:37.848,82.43159,False,21.13725,0.968137,-9.338793,0,0,0,1,0,0,-1,False,-1,-1,0,0,0,-1
2026-06-29 14:47:37.892,82.47589,False,21.13722,0.968104,-9.338744,0,0,0,1,0,0,-1,False,-1,-1,0,0,0,-1
2026-06-29 14:47:37.927,82.50986,False,21.13727,0.9681322,-9.338753,0,0,0,1,0,0,-1,False,-1,-1,0,0,0,-1
2026-06-29 14:47:37.971,82.55451,False,21.1372,0.968266,-9.338947,0,0,0,1,0,0,-1,False,-1,-1,0,0,0,-1
2026-06-29 14:47:38.016,82.5985,False,21.13725,0.9682552,-9.338896,0,0,0,1,0,0,-1,False,-1,-1,0,0,0,-1
2026-06-29 14:47:38.060,82.6425,False,21.13726,0.9682571,-9.338865,0,0,0,1,0,0,-1,False,-1,-1,0,0,0,-1
2026-06-29 14:47:38.093,82.67584,False,21.13722,0.9683217,-9.338942,0,0,0,1,0,0,-1,False,-1,-1,0,0,0,-1
2026-06-29 14:47:38.127,82.70961,False,21.13718,0.9683028,-9.338907,0,0,0,1,0,0,-1,False,-1,-1,0,0,0,-1
2026-06-29 14:47:38.170,82.75352,False,21.13716,0.968226,-9.33859,0,0,0,1,0,0,-1,False,-1,-1,0,0,0,-1
2026-06-29 14:47:38.204,82.78693,False,21.13739,0.9682059,-9.338599,0,0,0,1,0,0,-1,False,-1,-1,0,0,0,-1
2026-06-29 14:47:38.238,82.82073,False,21.13741,0.9682635,-9.338684,0,0,0,1,0,0,-1,False,-1,-1,0,0,0,-1
2026-06-29 14:47:38.281,82.86339,False,21.13729,0.9683927,-9.338774,0,0,0,1,0,0,-1,False,-1,-1,0,0,0,-1
2026-06-29 14:47:38.314,82.89674,False,21.13728,0.9681591,-9.338726,0,0,0,1,0,0,-1,False,-1,-1,0,0,0,-1
2026-06-29 14:47:38.347,82.93014,False,21.13711,0.9681376,-9.338709,0,0,0,1,0,0,-1,False,-1,-1,0,0,0,-1
2026-06-29 14:47:38.392,82.97479,False,21.13712,0.9681816,-9.338776,0,0,0,1,0,0,-1,False,-1,-1,0,0,0,-1
2026-06-29 14:47:38.436,83.01886,False,21.13713,0.9681213,-9.338686,0,0,0,1,0,0,-1,False,-1,-1,0,0,0,-1
2026-06-29 14:47:38.470,83.05312,False,21.13713,0.9681368,-9.338671,0,0,0,1,0,0,-1,False,-1,-1,0,0,0,-1
2026-06-29 14:47:38.504,83.08647,False,21.13708,0.9682199,-9.338713,0,0,0,1,0,0,-1,False,-1,-1,0,0,0,-1
2026-06-29 14:47:38.547,83.12984,False,21.13705,0.9684135,-9.338772,0,0,0,1,0,0,-1,False,-1,-1,0,0,0,-1
2026-06-29 14:47:38.581,83.16354,False,21.13701,0.9683993,-9.338832,0,0,0,1,0,0,-1,False,-1,-1,0,0,0,-1
2026-06-29 14:47:38.614,83.19708,False,21.13715,0.9682994,-9.338644,0,0,0,1,0,0,-1,False,-1,-1,0,0,0,-1
2026-06-29 14:47:38.659,83.24168,False,21.13714,0.9683462,-9.338646,0,0,0,1,0,0,-1,False,-1,-1,0,0,0,-1
2026-06-29 14:47:38.694,83.27744,False,21.13706,0.9683481,-9.338661,0,0,0,1,0,0,-1,False,-1,-1,0,0,0,-1
2026-06-29 14:47:38.736,83.31969,False,21.1372,0.9682437,-9.338665,0,0,0,1,0,0,-1,False,-1,-1,0,0,0,-1
2026-06-29 14:47:38.781,83.36346,False,21.13733,0.9682215,-9.338804,0,0,0,1,0,0,-1,False,-1,-1,0,0,0,-1
2026-06-29 14:47:38.825,83.40774,False,21.13737,0.9682706,-9.338963,0,0,0,1,0,0,-1,False,-1,-1,0,0,0,-1
2026-06-29 14:47:38.858,83.44123,False,21.13742,0.9681996,-9.338967,0,0,0,1,0,0,-1,False,-1,-1,0,0,0,-1
2026-06-29 14:47:38.903,83.48543,False,21.13724,0.9683073,-9.338764,0,0,0,1,0,0,-1,False,-1,-1,0,0,0,-1
2026-06-29 14:47:38.936,83.51881,False,21.13721,0.9682209,-9.338648,0,0,0,1,0,0,-1,False,-1,-1,0,0,0,-1
2026-06-29 14:47:38.969,83.55298,False,21.1371,0.9682811,-9.33873,0,0,0,1,0,0,-1,False,-1,-1,0,0,0,-1
2026-06-29 14:47:39.013,83.59666,False,21.13716,0.9682729,-9.338703,0,0,0,1,0,0,-1,False,-1,-1,0,0,0,-1
2026-06-29 14:47:39.047,83.63024,False,21.13711,0.9682513,-9.338589,0,0,0,1,0,0,-1,False,-1,-1,0,0,0,-1
2026-06-29 14:47:39.092,83.67504,False,21.13718,0.9683797,-9.338519,0,0,0,1,0,0,-1,False,-1,-1,0,0,0,-1
2026-06-29 14:47:39.136,83.71954,False,21.13724,0.9682385,-9.338499,0,0,0,1,0,0,-1,False,-1,-1,0,0,0,-1
2026-06-29 14:47:39.170,83.75317,False,21.1372,0.9682969,-9.338594,0,0,0,1,0,0,-1,False,-1,-1,0,0,0,-1
2026-06-29 14:47:39.204,83.7866,False,21.13721,0.9682952,-9.338577,0,0,0,1,0,0,-1,False,-1,-1,0,0,0,-1
2026-06-29 14:47:39.247,83.83071,False,21.13725,0.9683487,-9.338831,0,0,0,1,0,0,-1,False,-1,-1,0,0,0,-1
2026-06-29 14:47:39.282,83.86415,False,21.13714,0.9683816,-9.338796,0,0,0,1,0,0,-1,False,-1,-1,0,0,0,-1
2026-06-29 14:47:39.325,83.90901,False,21.13731,0.9682306,-9.338776,0,0,0,1,0,0,-1,False,-1,-1,0,0,0,-1
2026-06-29 14:47:39.370,83.95329,False,21.13732,0.9681457,-9.338649,0,0,0,1,0,0,-1,False,-1,-1,0,0,0,-1
2026-06-29 14:47:39.404,83.98671,False,21.13727,0.9681459,-9.338711,0,0,0,1,0,0,-1,False,-1,-1,0,0,0,-1
2026-06-29 14:47:39.448,84.03069,False,21.13726,0.9682382,-9.338777,0,0,0,1,0,0,-1,False,-1,-1,0,0,0,-1
2026-06-29 14:47:39.481,84.0641,False,21.13728,0.9682668,-9.338781,0,0,0,1,0,0,-1,False,-1,-1,0,0,0,-1
2026-06-29 14:47:39.515,84.09798,False,21.13722,0.9682906,-9.338959,0,0,0,1,0,0,-1,False,-1,-1,0,0,0,-1
2026-06-29 14:47:39.550,84.13235,False,21.13723,0.9682385,-9.338846,0,0,0,1,0,0,-1,False,-1,-1,0,0,0,-1
2026-06-29 14:47:39.591,84.17507,False,21.13718,0.9682187,-9.338948,0,0,0,1,0,0,-1,False,-1,-1,0,0,0,-1
2026-06-29 14:47:39.636,84.21947,False,21.13721,0.9682873,-9.33872,0,0,0,1,0,0,-1,False,-1,-1,0,0,0,-1
2026-06-29 14:47:39.670,84.2534,False,21.13721,0.9682934,-9.338632,0,0,0,1,0,0,-1,False,-1,-1,0,0,0,-1
2026-06-29 14:47:39.714,84.29759,False,21.13715,0.9682357,-9.338537,0,0,0,1,0,0,-1,False,-1,-1,0,0,0,-1
2026-06-29 14:47:39.759,84.34151,False,21.13707,0.9683218,-9.338594,0,0,0,1,0,0,-1,False,-1,-1,0,0,0,-1
2026-06-29 14:47:39.791,84.37496,False,21.13712,0.968319,-9.338535,0,0,0,1,0,0,-1,False,-1,-1,0,0,0,-1
2026-06-29 14:47:39.836,84.41909,False,21.13734,0.968292,-9.338627,0,0,0,1,0,0,-1,False,-1,-1,0,0,0,-1
2026-06-29 14:47:39.870,84.45287,False,21.13722,0.9683321,-9.338717,0,0,0,1,0,0,-1,False,-1,-1,0,0,0,-1
2026-06-29 14:47:39.914,84.49715,False,21.13708,0.9683063,-9.338657,0,0,0,1,0,0,-1,False,-1,-1,0,0,0,-1
2026-06-29 14:47:39.959,84.54156,False,21.13711,0.9682899,-9.338711,0,0,0,1,0,0,-1,False,-1,-1,0,0,0,-1
2026-06-29 14:47:40.003,84.58605,False,21.13719,0.9682096,-9.338808,0,0,0,1,0,0,-1,False,-1,-1,0,0,0,-1
2026-06-29 14:47:40.036,84.61947,False,21.13723,0.9682791,-9.338728,0,0,0,1,0,0,-1,False,-1,-1,0,0,0,-1
2026-06-29 14:47:40.070,84.65318,False,21.13716,0.9682354,-9.338655,0,0,0,1,0,0,-1,False,-1,-1,0,0,0,-1
2026-06-29 14:47:40.114,84.69672,False,21.13717,0.9682256,-9.338495,0,0,0,1,0,0,-1,False,-1,-1,0,0,0,-1
2026-06-29 14:47:40.147,84.73044,False,21.13719,0.9682212,-9.338483,0,0,0,1,0,0,-1,False,-1,-1,0,0,0,-1
2026-06-29 14:47:40.191,84.77482,False,21.13718,0.9681751,-9.33842,0,0,0,1,0,0,-1,False,-1,-1,0,0,0,-1
2026-06-29 14:47:40.237,84.81921,False,21.13705,0.9682564,-9.338556,0,0,0,1,0,0,-1,False,-1,-1,0,0,0,-1
2026-06-29 14:47:40.269,84.85257,False,21.1371,0.9682384,-9.33852,0,0,0,1,0,0,-1,False,-1,-1,0,0,0,-1
2026-06-29 14:47:40.303,84.88624,False,21.13726,0.9683571,-9.338509,0,0,0,1,0,0,-1,False,-1,-1,0,0,0,-1
2026-06-29 14:47:40.347,84.93006,False,21.13725,0.9683414,-9.338619,0,0,0,1,0,0,-1,False,-1,-1,0,0,0,-1
2026-06-29 14:47:40.380,84.96342,False,21.13741,0.9682626,-9.338636,0,0,0,1,0,0,-1,False,-1,-1,0,0,0,-1
2026-06-29 14:47:40.414,84.99705,False,21.13746,0.968186,-9.338636,0,0,0,1,0,0,-1,False,-1,-1,0,0,0,-1
2026-06-29 14:47:40.459,85.04137,False,21.13739,0.968206,-9.338791,0,0,0,1,0,0,-1,False,-1,-1,0,0,0,-1
2026-06-29 14:47:40.492,85.07513,False,21.13713,0.9682516,-9.338705,0,0,0,1,0,0,-1,False,-1,-1,0,0,0,-1
2026-06-29 14:47:40.536,85.119,False,21.13712,0.9683228,-9.338767,0,0,0,1,0,0,-1,False,-1,-1,0,0,0,-1
2026-06-29 14:47:40.571,85.15299,False,21.13718,0.9682545,-9.338614,0,0,0,1,0,0,-1,False,-1,-1,0,0,0,-1
2026-06-29 14:47:40.604,85.18678,False,21.13717,0.9681861,-9.338537,0,0,0,1,0,0,-1,False,-1,-1,0,0,0,-1
2026-06-29 14:47:40.647,85.23016,False,21.13706,0.9683244,-9.338689,0,0,0,1,0,0,-1,False,-1,-1,0,0,0,-1
2026-06-29 14:47:40.681,85.26352,False,21.13695,0.9684283,-9.338663,0,0,0,1,0,0,-1,False,-1,-1,0,0,0,-1
2026-06-29 14:47:40.725,85.30772,False,21.13705,0.9684429,-9.33861,0,0,0,1,0,0,-1,False,-1,-1,0,0,0,-1
2026-06-29 14:47:40.759,85.3415,False,21.13707,0.9683707,-9.338579,0,0,0,1,0,0,-1,False,-1,-1,0,0,0,-1
2026-06-29 14:47:40.803,85.3857,False,21.13716,0.9683233,-9.338626,0,0,0,1,0,0,-1,False,-1,-1,0,0,0,-1
2026-06-29 14:47:40.847,85.42966,False,21.13721,0.9682975,-9.338732,0,0,0,1,0,0,-1,False,-1,-1,0,0,0,-1
2026-06-29 14:47:40.880,85.46317,False,21.13729,0.9682274,-9.338675,0,0,0,1,0,0,-1,False,-1,-1,0,0,0,-1
2026-06-29 14:47:40.914,85.49657,False,21.13737,0.9681909,-9.338679,0,0,0,1,0,0,-1,False,-1,-1,0,0,0,-1
2026-06-29 14:47:40.959,85.54131,False,21.13733,0.9681259,-9.338718,0,0,0,1,0,0,-1,False,-1,-1,0,0,0,-1
2026-06-29 14:47:41.003,85.58523,False,21.13731,0.9682122,-9.33877,0,0,0,1,0,0,-1,False,-1,-1,0,0,0,-1
2026-06-29 14:47:41.035,85.61874,False,21.13737,0.9682043,-9.338854,0,0,0,1,0,0,-1,False,-1,-1,0,0,0,-1
2026-06-29 14:47:41.069,85.65233,False,21.13746,0.9682558,-9.338931,0,0,0,1,0,0,-1,False,-1,-1,0,0,0,-1
2026-06-29 14:47:41.103,85.68582,False,21.13745,0.9683245,-9.338798,0,0,0,1,0,0,-1,False,-1,-1,0,0,0,-1
2026-06-29 14:47:41.148,85.73083,False,21.13731,0.9683024,-9.338699,0,0,0,1,0,0,-1,False,-1,-1,0,0,0,-1
2026-06-29 14:47:41.191,85.77441,False,21.13737,0.9682471,-9.338595,0,0,0,1,0,0,-1,False,-1,-1,0,0,0,-1
2026-06-29 14:47:41.236,85.81881,False,21.13728,0.9681366,-9.33849,0,0,0,1,0,0,-1,False,-1,-1,0,0,0,-1
2026-06-29 14:47:41.270,85.85275,False,21.13714,0.9682983,-9.338661,0,0,0,1,0,0,-1,False,-1,-1,0,0,0,-1
2026-06-29 14:47:41.313,85.89624,False,21.13721,0.9683424,-9.338813,0,0,0,1,0,0,-1,False,-1,-1,0,0,0,-1
2026-06-29 14:47:41.347,85.92985,False,21.13715,0.968294,-9.338778,0,0,0,1,0,0,-1,False,-1,-1,0,0,0,-1
2026-06-29 14:47:41.381,85.96337,False,21.1371,0.9683608,-9.33877,0,0,0,1,0,0,-1,False,-1,-1,0,0,0,-1
2026-06-29 14:47:41.425,86.00744,False,21.13709,0.9683534,-9.338672,0,0,0,1,0,0,-1,False,-1,-1,0,0,0,-1
2026-06-29 14:47:41.458,86.04088,False,21.13713,0.9683812,-9.338709,0,0,0,1,0,0,-1,False,-1,-1,0,0,0,-1
2026-06-29 14:47:41.491,86.07422,False,21.13715,0.9684493,-9.338865,0,0,0,1,0,0,-1,False,-1,-1,0,0,0,-1
2026-06-29 14:47:41.525,86.10759,False,21.137,0.9684832,-9.338785,0,0,0,1,0,0,-1,False,-1,-1,0,0,0,-1
2026-06-29 14:47:41.570,86.15234,False,21.13717,0.968462,-9.338789,0,0,0,1,0,0,-1,False,-1,-1,0,0,0,-1
2026-06-29 14:47:41.614,86.19696,False,21.13736,0.96832,-9.338656,0,0,0,1,0,0,-1,False,-1,-1,0,0,0,-1
2026-06-29 14:47:41.659,86.24195,False,21.13725,0.9683318,-9.338722,0,0,0,1,0,0,-1,False,-1,-1,0,0,0,-1
2026-06-29 14:47:41.702,86.28526,False,21.13722,0.9683704,-9.338654,0,0,0,1,0,0,-1,False,-1,-1,0,0,0,-1
2026-06-29 14:47:41.747,86.32977,False,21.13724,0.968469,-9.338645,0,0,0,1,0,0,-1,False,-1,-1,0,0,0,-1
2026-06-29 14:47:41.790,86.37412,False,21.13722,0.9683329,-9.338642,0,0,0,1,0,0,-1,False,-1,-1,0,0,0,-1
2026-06-29 14:47:41.825,86.40751,False,21.13724,0.968313,-9.338747,0,0,0,1,0,0,-1,False,-1,-1,0,0,0,-1
2026-06-29 14:47:41.869,86.45177,False,21.13726,0.9683039,-9.338699,0,0,0,1,0,0,-1,False,-1,-1,0,0,0,-1
2026-06-29 14:47:41.912,86.49599,False,21.13739,0.968309,-9.338781,0,0,0,1,0,0,-1,False,-1,-1,0,0,0,-1
2026-06-29 14:47:41.947,86.52977,False,21.13744,0.9683082,-9.338728,0,0,0,1,0,0,-1,False,-1,-1,0,0,0,-1
2026-06-29 14:47:41.991,86.57413,False,21.13734,0.9683172,-9.338845,0,0,0,1,0,0,-1,False,-1,-1,0,0,0,-1
2026-06-29 14:47:42.034,86.61813,False,21.13739,0.9683461,-9.338983,0,0,0,1,0,0,-1,False,-1,-1,0,0,0,-1
2026-06-29 14:47:42.069,86.65182,False,21.13724,0.9683913,-9.338966,0,0,0,1,0,0,-1,False,-1,-1,0,0,0,-1
2026-06-29 14:47:42.103,86.68588,False,21.13717,0.9684142,-9.338802,0,0,0,1,0,0,-1,False,-1,-1,0,0,0,-1
2026-06-29 14:47:42.147,86.72934,False,21.13725,0.9685301,-9.338914,0,0,0,1,0,0,-1,False,-1,-1,0,0,0,-1
2026-06-29 14:47:42.190,86.77372,False,21.13729,0.9685254,-9.338947,0,0,0,1,0,0,-1,False,-1,-1,0,0,0,-1
2026-06-29 14:47:42.235,86.81839,False,21.13735,0.9683923,-9.338842,0,0,0,1,0,0,-1,False,-1,-1,0,0,0,-1
2026-06-29 14:47:42.280,86.8625,False,21.13733,0.9684324,-9.338961,0,0,0,1,0,0,-1,False,-1,-1,0,0,0,-1
2026-06-29 14:47:42.313,86.89607,False,21.13726,0.9683814,-9.338917,0,0,0,1,0,0,-1,False,-1,-1,0,0,0,-1
2026-06-29 14:47:42.358,86.9408,False,21.13719,0.9684877,-9.339067,0,0,0,1,0,0,-1,False,-1,-1,0,0,0,-1
2026-06-29 14:47:42.402,86.98521,False,21.13725,0.9684447,-9.339066,0,0,0,1,0,0,-1,False,-1,-1,0,0,0,-1
2026-06-29 14:47:42.446,87.02908,False,21.13737,0.9683846,-9.338921,0,0,0,1,0,0,-1,False,-1,-1,0,0,0,-1
2026-06-29 14:47:42.480,87.06244,False,21.13753,0.9682889,-9.339039,0,0,0,1,0,0,-1,False,-1,-1,0,0,0,-1
2026-06-29 14:47:42.524,87.10682,False,21.1375,0.9682668,-9.338933,0,0,0,1,0,0,-1,False,-1,-1,0,0,0,-1
2026-06-29 14:47:42.569,87.15148,False,21.13756,0.9682023,-9.338926,0,0,0,1,0,0,-1,False,-1,-1,0,0,0,-1
2026-06-29 14:47:42.612,87.1954,False,21.13737,0.9681828,-9.338972,0,0,0,1,0,0,-1,False,-1,-1,0,0,0,-1
2026-06-29 14:47:42.646,87.22898,False,21.13748,0.968178,-9.338934,0,0,0,1,0,0,-1,False,-1,-1,0,0,0,-1
2026-06-29 14:47:42.681,87.26326,False,21.13732,0.9681708,-9.338982,0,0,0,1,0,0,-1,False,-1,-1,0,0,0,-1
2026-06-29 14:47:42.724,87.30697,False,21.13727,0.9682018,-9.339048,0,0,0,1,0,0,-1,False,-1,-1,0,0,0,-1
2026-06-29 14:47:42.757,87.34048,False,21.13728,0.9682714,-9.33905,0,0,0,1,0,0,-1,False,-1,-1,0,0,0,-1
2026-06-29 14:47:42.802,87.38443,False,21.13718,0.9682425,-9.338879,0,0,0,1,0,0,-1,False,-1,-1,0,0,0,-1
2026-06-29 14:47:42.834,87.41829,False,21.1373,0.9681758,-9.338797,0,0,0,1,0,0,-1,False,-1,-1,0,0,0,-1
2026-06-29 14:47:42.879,87.46216,False,21.13737,0.9682457,-9.338854,0,0,0,1,0,0,-1,False,-1,-1,0,0,0,-1
2026-06-29 14:47:42.911,87.49561,False,21.13748,0.9681618,-9.338829,0,0,0,1,0,0,-1,False,-1,-1,0,0,0,-1
2026-06-29 14:47:42.946,87.52897,False,21.13756,0.9680021,-9.338772,0,0,0,1,0,0,-1,False,-1,-1,0,0,0,-1
2026-06-29 14:47:42.979,87.56277,False,21.13743,0.9680077,-9.338755,0,0,0,1,0,0,-1,False,-1,-1,0,0,0,-1
2026-06-29 14:47:43.024,87.6067,False,21.13742,0.9679342,-9.338753,0,0,0,1,0,0,-1,False,-1,-1,0,0,0,-1
2026-06-29 14:47:43.058,87.64014,False,21.13734,0.9680761,-9.338753,0,0,0,1,0,0,-1,False,-1,-1,0,0,0,-1
2026-06-29 14:47:43.091,87.67383,False,21.13728,0.9681634,-9.338858,0,0,0,1,0,0,-1,False,-1,-1,0,0,0,-1
2026-06-29 14:47:43.134,87.71762,False,21.13722,0.9681188,-9.338897,0,0,0,1,0,0,-1,False,-1,-1,0,0,0,-1
2026-06-29 14:47:43.169,87.75184,False,21.13723,0.9681935,-9.33894,0,0,0,1,0,0,-1,False,-1,-1,0,0,0,-1
2026-06-29 14:47:43.214,87.7977,False,21.13716,0.9681883,-9.338933,0,0,0,1,0,0,-1,False,-1,-1,0,0,0,-1
2026-06-29 14:47:43.257,87.83997,False,21.13712,0.9684235,-9.338762,0,0,0,1,0,0,-1,False,-1,-1,0,0,0,-1
2026-06-29 14:47:43.291,87.87359,False,21.13726,0.9684039,-9.338736,0,0,0,1,0,0,-1,False,-1,-1,0,0,0,-1
2026-06-29 14:47:43.336,87.9181,False,21.13733,0.9684421,-9.338733,0,0,0,1,0,0,-1,False,-1,-1,0,0,0,-1
2026-06-29 14:47:43.379,87.96223,False,21.1373,0.968363,-9.33884,0,0,0,1,0,0,-1,False,-1,-1,0,0,0,-1
2026-06-29 14:47:43.425,88.00711,False,21.13728,0.9683626,-9.338902,0,0,0,1,0,0,-1,False,-1,-1,0,0,0,-1
2026-06-29 14:47:43.458,88.04047,False,21.13742,0.9682809,-9.338902,0,0,0,1,0,0,-1,False,-1,-1,0,0,0,-1
2026-06-29 14:47:43.491,88.07404,False,21.13746,0.968276,-9.338919,0,0,0,1,0,0,-1,False,-1,-1,0,0,0,-1
2026-06-29 14:47:43.534,88.11765,False,21.13745,0.9682728,-9.338965,0,0,0,1,0,0,-1,False,-1,-1,0,0,0,-1
2026-06-29 14:47:43.567,88.15101,False,21.13749,0.968255,-9.338987,0,0,0,1,0,0,-1,False,-1,-1,0,0,0,-1
2026-06-29 14:47:43.612,88.19521,False,21.13749,0.9682613,-9.339049,0,0,0,1,0,0,-1,False,-1,-1,0,0,0,-1
2026-06-29 14:47:43.646,88.22865,False,21.13741,0.9682585,-9.339029,0,0,0,1,0,0,-1,False,-1,-1,0,0,0,-1
2026-06-29 14:47:43.690,88.27311,False,21.13736,0.9683052,-9.338903,0,0,0,1,0,0,-1,False,-1,-1,0,0,0,-1
2026-06-29 14:47:43.724,88.30647,False,21.13738,0.9683518,-9.338996,0,0,0,1,0,0,-1,False,-1,-1,0,0,0,-1
2026-06-29 14:47:43.759,88.34097,False,21.13741,0.9683183,-9.339035,0,0,0,1,0,0,-1,False,-1,-1,0,0,0,-1
2026-06-29 14:47:43.801,88.3839,False,21.13741,0.9683613,-9.339124,0,0,0,1,0,0,-1,False,-1,-1,0,0,0,-1
2026-06-29 14:47:43.835,88.41792,False,21.13742,0.9683803,-9.339087,0,0,0,1,0,0,-1,False,-1,-1,0,0,0,-1
2026-06-29 14:47:43.879,88.46182,False,21.13745,0.9683163,-9.338935,0,0,0,1,0,0,-1,False,-1,-1,0,0,0,-1
2026-06-29 14:47:43.912,88.49522,False,21.13736,0.9683239,-9.338945,0,0,0,1,0,0,-1,False,-1,-1,0,0,0,-1
2026-06-29 14:47:43.946,88.52884,False,21.13736,0.968182,-9.338886,0,0,0,1,0,0,-1,False,-1,-1,0,0,0,-1
2026-06-29 14:47:43.990,88.5731,False,21.13727,0.9682013,-9.338948,0,0,0,1,0,0,-1,False,-1,-1,0,0,0,-1
2026-06-29 14:47:44.034,88.61748,False,21.1373,0.9682605,-9.338883,0,0,0,1,0,0,-1,False,-1,-1,0,0,0,-1
2026-06-29 14:47:44.068,88.65105,False,21.13727,0.9682835,-9.338816,0,0,0,1,0,0,-1,False,-1,-1,0,0,0,-1
2026-06-29 14:47:44.111,88.69499,False,21.13735,0.9683186,-9.339006,0,0,0,1,0,0,-1,False,-1,-1,0,0,0,-1
2026-06-29 14:47:44.146,88.72874,False,21.13744,0.9683321,-9.339077,0,0,0,1,0,0,-1,False,-1,-1,0,0,0,-1
2026-06-29 14:47:44.180,88.76308,False,21.13751,0.9682314,-9.338963,0,0,0,1,0,0,-1,False,-1,-1,0,0,0,-1
2026-06-29 14:47:44.222,88.80595,False,21.13758,0.9682438,-9.338962,0,0,0,1,0,0,-1,False,-1,-1,0,0,0,-1
2026-06-29 14:47:44.256,88.8394,False,21.13756,0.9682689,-9.338911,0,0,0,1,0,0,-1,False,-1,-1,0,0,0,-1
2026-06-29 14:47:44.302,88.88498,False,21.13756,0.9682153,-9.338927,0,0,0,1,0,0,-1,False,-1,-1,0,0,0,-1
2026-06-29 14:47:44.347,88.92915,False,21.13755,0.9682588,-9.338853,0,0,0,1,0,0,-1,False,-1,-1,0,0,0,-1
2026-06-29 14:47:44.380,88.96272,False,21.13754,0.9683168,-9.338778,0,0,0,1,0,0,-1,False,-1,-1,0,0,0,-1
2026-06-29 14:47:44.423,89.00665,False,21.13766,0.9680723,-9.338731,0,0,0,1,0,0,-1,False,-1,-1,0,0,0,-1
2026-06-29 14:47:44.467,89.05049,False,21.13758,0.9681848,-9.338878,0,0,0,1,0,0,-1,False,-1,-1,0,0,0,-1
2026-06-29 14:47:44.512,89.09454,False,21.13743,0.9682624,-9.338932,0,0,0,1,0,0,-1,False,-1,-1,0,0,0,-1
2026-06-29 14:47:44.545,89.12801,False,21.13745,0.968205,-9.338947,0,0,0,1,0,0,-1,False,-1,-1,0,0,0,-1
2026-06-29 14:47:44.577,89.16154,False,21.13743,0.9681838,-9.338985,0,0,0,1,0,0,-1,False,-1,-1,0,0,0,-1
2026-06-29 14:47:44.613,89.1959,False,21.13737,0.968219,-9.33905,0,0,0,1,0,0,-1,False,-1,-1,0,0,0,-1
2026-06-29 14:47:44.657,89.23962,False,21.13731,0.9681945,-9.338941,0,0,0,1,0,0,-1,False,-1,-1,0,0,0,-1
2026-06-29 14:47:44.689,89.27323,False,21.13736,0.968191,-9.339062,0,0,0,1,0,0,-1,False,-1,-1,0,0,0,-1
2026-06-29 14:47:44.734,89.31755,False,21.13746,0.9682665,-9.33901,0,0,0,1,0,0,-1,False,-1,-1,0,0,0,-1
2026-06-29 14:47:44.770,89.35194,False,21.13751,0.968265,-9.339027,0,0,0,1,0,0,-1,False,-1,-1,0,0,0,-1
2026-06-29 14:47:44.812,89.39504,False,21.13753,0.9682382,-9.339012,0,0,0,1,0,0,-1,False,-1,-1,0,0,0,-1
2026-06-29 14:47:44.857,89.43964,False,21.13756,0.9682692,-9.33906,0,0,0,1,0,0,-1,False,-1,-1,0,0,0,-1
2026-06-29 14:47:44.900,89.48332,False,21.13752,0.9683317,-9.339025,0,0,0,1,0,0,-1,False,-1,-1,0,0,0,-1
2026-06-29 14:47:44.934,89.51701,False,21.13752,0.9682798,-9.338966,0,0,0,1,0,0,-1,False,-1,-1,0,0,0,-1
2026-06-29 14:47:44.978,89.56105,False,21.13743,0.9682948,-9.338976,0,0,0,1,0,0,-1,False,-1,-1,0,0,0,-1
2026-06-29 14:47:45.012,89.59464,False,21.13735,0.9683171,-9.339001,0,0,0,1,0,0,-1,False,-1,-1,0,0,0,-1
2026-06-29 14:47:45.056,89.63914,False,21.13745,0.9683642,-9.339014,0,0,0,1,0,0,-1,False,-1,-1,0,0,0,-1
2026-06-29 14:47:45.101,89.68344,False,21.13741,0.9683293,-9.339026,0,0,0,1,0,0,-1,False,-1,-1,0,0,0,-1
2026-06-29 14:47:45.145,89.72792,False,21.13753,0.9682853,-9.339058,0,0,0,1,0,0,-1,False,-1,-1,0,0,0,-1
2026-06-29 14:47:45.179,89.76154,False,21.13762,0.9681067,-9.338888,0,0,0,1,0,0,-1,False,-1,-1,0,0,0,-1
2026-06-29 14:47:45.212,89.79504,False,21.13757,0.9681917,-9.338943,0,0,0,1,0,0,-1,False,-1,-1,0,0,0,-1
2026-06-29 14:47:45.255,89.83887,False,21.13759,0.9681734,-9.33917,0,0,0,1,0,0,-1,False,-1,-1,0,0,0,-1
2026-06-29 14:47:45.290,89.87241,False,21.13761,0.9682269,-9.339208,0,0,0,1,0,0,-1,False,-1,-1,0,0,0,-1
2026-06-29 14:47:45.334,89.91696,False,21.13759,0.9682207,-9.339301,0,0,0,1,0,0,-1,False,-1,-1,0,0,0,-1
2026-06-29 14:47:45.379,89.96141,False,21.13756,0.9682081,-9.339159,0,0,0,1,0,0,-1,False,-1,-1,0,0,0,-1
2026-06-29 14:47:45.424,90.00606,False,21.13751,0.968191,-9.338947,0,0,0,1,0,0,-1,False,-1,-1,0,0,0,-1
2026-06-29 14:47:45.468,90.05022,False,21.13754,0.9682626,-9.339006,0,0,0,1,0,0,-1,False,-1,-1,0,0,0,-1
2026-06-29 14:47:45.512,90.09448,False,21.1376,0.9682487,-9.33913,0,0,0,1,0,0,-1,False,-1,-1,0,0,0,-1
2026-06-29 14:47:45.545,90.12788,False,21.13755,0.9681835,-9.339004,0,0,0,1,0,0,-1,False,-1,-1,0,0,0,-1
2026-06-29 14:47:45.578,90.16127,False,21.13758,0.9681669,-9.338888,0,0,0,1,0,0,-1,False,-1,-1,0,0,0,-1
2026-06-29 14:47:45.623,90.2053,False,21.13755,0.9682059,-9.338907,0,0,0,1,0,0,-1,False,-1,-1,0,0,0,-1
2026-06-29 14:47:45.656,90.23896,False,21.13754,0.9682184,-9.338976,0,0,0,1,0,0,-1,False,-1,-1,0,0,0,-1
2026-06-29 14:47:45.700,90.28323,False,21.13766,0.9681683,-9.339015,0,0,0,1,0,0,-1,False,-1,-1,0,0,0,-1
2026-06-29 14:47:45.734,90.31704,False,21.13761,0.9681236,-9.339011,0,0,0,1,0,0,-1,False,-1,-1,0,0,0,-1
2026-06-29 14:47:45.779,90.36169,False,21.13754,0.9679961,-9.338932,0,0,0,1,0,0,-1,False,-1,-1,0,0,0,-1
2026-06-29 14:47:45.813,90.39574,False,21.13754,0.9679979,-9.339035,0,0,0,1,0,0,-1,False,-1,-1,0,0,0,-1
2026-06-29 14:47:45.857,90.43967,False,21.13766,0.9681115,-9.339008,0,0,0,1,0,0,-1,False,-1,-1,0,0,0,-1
2026-06-29 14:47:45.900,90.4831,False,21.13756,0.9681054,-9.339078,0,0,0,1,0,0,-1,False,-1,-1,0,0,0,-1
2026-06-29 14:47:45.945,90.52731,False,21.13759,0.9681163,-9.339056,0,0,0,1,0,0,-1,False,-1,-1,0,0,0,-1
2026-06-29 14:47:45.990,90.57221,False,21.13756,0.9681459,-9.339089,0,0,0,1,0,0,-1,False,-1,-1,0,0,0,-1
2026-06-29 14:47:46.033,90.61626,False,21.13748,0.968209,-9.339142,0,0,0,1,0,0,-1,False,-1,-1,0,0,0,-1
2026-06-29 14:47:46.067,90.64995,False,21.13762,0.9681513,-9.33909,0,0,0,1,0,0,-1,False,-1,-1,0,0,0,-1
2026-06-29 14:47:46.111,90.69394,False,21.13762,0.9680872,-9.339028,0,0,0,1,0,0,-1,False,-1,-1,0,0,0,-1
2026-06-29 14:47:46.156,90.73853,False,21.1375,0.9682055,-9.339205,0,0,0,1,0,0,-1,False,-1,-1,0,0,0,-1
2026-06-29 14:47:46.189,90.7729,False,21.13755,0.9681754,-9.339073,0,0,0,1,0,0,-1,False,-1,-1,0,0,0,-1
2026-06-29 14:47:46.234,90.81689,False,21.13759,0.9682592,-9.339142,0,0,0,1,0,0,-1,False,-1,-1,0,0,0,-1
2026-06-29 14:47:46.278,90.86073,False,21.13755,0.9683549,-9.339121,0,0,0,1,0,0,-1,False,-1,-1,0,0,0,-1
2026-06-29 14:47:46.313,90.89522,False,21.13763,0.9682705,-9.339165,0,0,0,1,0,0,-1,False,-1,-1,0,0,0,-1
2026-06-29 14:47:46.356,90.93886,False,21.13766,0.968271,-9.339254,0,0,0,1,0,0,-1,False,-1,-1,0,0,0,-1
2026-06-29 14:47:46.389,90.97233,False,21.13768,0.9681187,-9.339182,0,0,0,1,0,0,-1,False,-1,-1,0,0,0,-1
2026-06-29 14:47:46.433,91.01647,False,21.13762,0.9681162,-9.339239,0,0,0,1,0,0,-1,False,-1,-1,0,0,0,-1
2026-06-29 14:47:46.468,91.05017,False,21.13748,0.968084,-9.339106,0,0,0,1,0,0,-1,False,-1,-1,0,0,0,-1
2026-06-29 14:47:46.511,91.09407,False,21.13751,0.9680191,-9.339092,0,0,0,1,0,0,-1,False,-1,-1,0,0,0,-1
2026-06-29 14:47:46.555,91.13828,False,21.13743,0.9681215,-9.339162,0,0,0,1,0,0,-1,False,-1,-1,0,0,0,-1
2026-06-29 14:47:46.589,91.17174,False,21.13747,0.9681522,-9.339118,0,0,0,1,0,0,-1,False,-1,-1,0,0,0,-1
2026-06-29 14:47:46.632,91.21592,False,21.13746,0.9682362,-9.339097,0,0,0,1,0,0,-1,False,-1,-1,0,0,0,-1
2026-06-29 14:47:46.667,91.24947,False,21.13752,0.9682587,-9.33918,0,0,0,1,0,0,-1,False,-1,-1,0,0,0,-1
2026-06-29 14:47:46.700,91.28321,False,21.13752,0.9683065,-9.339216,0,0,0,1,0,0,-1,False,-1,-1,0,0,0,-1
2026-06-29 14:47:46.745,91.32759,False,21.13753,0.9683641,-9.33906,0,0,0,1,0,0,-1,False,-1,-1,0,0,0,-1
2026-06-29 14:47:46.788,91.37162,False,21.13755,0.9683152,-9.338955,0,0,0,1,0,0,-1,False,-1,-1,0,0,0,-1
2026-06-29 14:47:46.822,91.40513,False,21.13752,0.96829,-9.338863,0,0,0,1,0,0,-1,False,-1,-1,0,0,0,-1
2026-06-29 14:47:46.856,91.43925,False,21.13773,0.9682818,-9.339066,0,0,0,1,0,0,-1,False,-1,-1,0,0,0,-1
2026-06-29 14:47:46.890,91.47292,False,21.13766,0.9682734,-9.339107,0,0,0,1,0,0,-1,False,-1,-1,0,0,0,-1
2026-06-29 14:47:46.933,91.5159,False,21.13772,0.9682431,-9.339135,0,0,0,1,0,0,-1,False,-1,-1,0,0,0,-1
2026-06-29 14:47:46.967,91.54925,False,21.13767,0.9682855,-9.339142,0,0,0,1,0,0,-1,False,-1,-1,0,0,0,-1
2026-06-29 14:47:47.000,91.58296,False,21.13755,0.9683047,-9.339264,0,0,0,1,0,0,-1,False,-1,-1,0,0,0,-1
2026-06-29 14:47:47.035,91.61789,False,21.13756,0.9681926,-9.33926,0,0,0,1,0,0,-1,False,-1,-1,0,0,0,-1
2026-06-29 14:47:47.078,91.66026,False,21.13758,0.9681848,-9.339256,0,0,0,1,0,0,-1,False,-1,-1,0,0,0,-1
2026-06-29 14:47:47.111,91.69376,False,21.13758,0.968255,-9.339277,0,0,0,1,0,0,-1,False,-1,-1,0,0,0,-1
2026-06-29 14:47:47.155,91.73816,False,21.13763,0.9682039,-9.339182,0,0,0,1,0,0,-1,False,-1,-1,0,0,0,-1
2026-06-29 14:47:47.188,91.77154,False,21.13765,0.968084,-9.339014,0,0,0,1,0,0,-1,False,-1,-1,0,0,0,-1
2026-06-29 14:47:47.222,91.80514,False,21.13759,0.9682251,-9.339056,0,0,0,1,0,0,-1,False,-1,-1,0,0,0,-1
2026-06-29 14:47:47.256,91.83891,False,21.13751,0.9682795,-9.339162,0,0,0,1,0,0,-1,False,-1,-1,0,0,0,-1
2026-06-29 14:47:47.300,91.88363,False,21.13751,0.9682184,-9.339184,0,0,0,1,0,0,-1,False,-1,-1,0,0,0,-1
2026-06-29 14:47:47.344,91.9274,False,21.13748,0.9682668,-9.339207,0,0,0,1,0,0,-1,False,-1,-1,0,0,0,-1
2026-06-29 14:47:47.379,91.96163,False,21.13749,0.9682854,-9.339222,0,0,0,1,0,0,-1,False,-1,-1,0,0,0,-1
2026-06-29 14:47:47.424,92.0062,False,21.13769,0.9680653,-9.338998,0,0,0,1,0,0,-1,False,-1,-1,0,0,0,-1
2026-06-29 14:47:47.466,92.04861,False,21.13768,0.9680606,-9.338932,0,0,0,1,0,0,-1,False,-1,-1,0,0,0,-1
2026-06-29 14:47:47.500,92.08241,False,21.13761,0.9681632,-9.338984,0,0,0,1,0,0,-1,False,-1,-1,0,0,0,-1
2026-06-29 14:47:47.543,92.12614,False,21.13771,0.9681473,-9.339113,0,0,0,1,0,0,-1,False,-1,-1,0,0,0,-1
2026-06-29 14:47:47.576,92.1595,False,21.13775,0.9680946,-9.339108,0,0,0,1,0,0,-1,False,-1,-1,0,0,0,-1
2026-06-29 14:47:47.610,92.19328,False,21.13776,0.9679901,-9.339021,0,0,0,1,0,0,-1,False,-1,-1,0,0,0,-1
2026-06-29 14:47:47.655,92.23763,False,21.13745,0.9681231,-9.339054,0,0,0,1,0,0,-1,False,-1,-1,0,0,0,-1
2026-06-29 14:47:47.699,92.28177,False,21.13739,0.9682311,-9.339085,0,0,0,1,0,0,-1,False,-1,-1,0,0,0,-1
2026-06-29 14:47:47.743,92.32644,False,21.13742,0.9683124,-9.339117,0,0,0,1,0,0,-1,False,-1,-1,0,0,0,-1
2026-06-29 14:47:47.777,92.36017,False,21.13736,0.9683221,-9.338984,0,0,0,1,0,0,-1,False,-1,-1,0,0,0,-1
2026-06-29 14:47:47.811,92.39371,False,21.13732,0.9683148,-9.338948,0,0,0,1,0,0,-1,False,-1,-1,0,0,0,-1
2026-06-29 14:47:47.855,92.4376,False,21.13729,0.9682458,-9.338921,0,0,0,1,0,0,-1,False,-1,-1,0,0,0,-1
2026-06-29 14:47:47.888,92.47104,False,21.13725,0.9683396,-9.338881,0,0,0,1,0,0,-1,False,-1,-1,0,0,0,-1
2026-06-29 14:47:47.923,92.50582,False,21.13736,0.9682959,-9.338947,0,0,0,1,0,0,-1,False,-1,-1,0,0,0,-1
2026-06-29 14:47:47.966,92.549,False,21.13745,0.9682783,-9.338952,0,0,0,1,0,0,-1,False,-1,-1,0,0,0,-1
2026-06-29 14:47:48.010,92.59307,False,21.13742,0.9682389,-9.338921,0,0,0,1,0,0,-1,False,-1,-1,0,0,0,-1
2026-06-29 14:47:48.055,92.6375,False,21.13761,0.9681836,-9.339082,0,0,0,1,0,0,-1,False,-1,-1,0,0,0,-1
2026-06-29 14:47:48.088,92.67121,False,21.13774,0.9681826,-9.339102,0,0,0,1,0,0,-1,False,-1,-1,0,0,0,-1
2026-06-29 14:47:48.132,92.71528,False,21.13772,0.9680955,-9.338974,0,0,0,1,0,0,-1,False,-1,-1,0,0,0,-1
2026-06-29 14:47:48.166,92.74897,False,21.13767,0.9682106,-9.339119,0,0,0,1,0,0,-1,False,-1,-1,0,0,0,-1
2026-06-29 14:47:48.210,92.79287,False,21.13766,0.9681834,-9.339102,0,0,0,1,0,0,-1,False,-1,-1,0,0,0,-1
2026-06-29 14:47:48.244,92.82715,False,21.13762,0.9681703,-9.338988,0,0,0,1,0,0,-1,False,-1,-1,0,0,0,-1
2026-06-29 14:47:48.288,92.87069,False,21.13769,0.9682783,-9.339094,0,0,0,1,0,0,-1,False,-1,-1,0,0,0,-1
2026-06-29 14:47:48.321,92.90443,False,21.13759,0.9681568,-9.338982,0,0,0,1,0,0,-1,False,-1,-1,0,0,0,-1
2026-06-29 14:47:48.354,92.93777,False,21.13743,0.9681961,-9.339033,0,0,0,1,0,0,-1,False,-1,-1,0,0,0,-1
2026-06-29 14:47:48.389,92.97126,False,21.13752,0.9682649,-9.339172,0,0,0,1,0,0,-1,False,-1,-1,0,0,0,-1
2026-06-29 14:47:48.433,93.01602,False,21.13767,0.9681388,-9.339052,0,0,0,1,0,0,-1,False,-1,-1,0,0,0,-1
2026-06-29 14:47:48.477,93.05996,False,21.13749,0.9681664,-9.339014,0,0,0,1,0,0,-1,False,-1,-1,0,0,0,-1
2026-06-29 14:47:48.523,93.10542,False,21.13747,0.9682042,-9.338806,0,0,0,1,0,0,-1,False,-1,-1,0,0,0,-1
2026-06-29 14:47:48.565,93.14838,False,21.13743,0.9682683,-9.338779,0,0,0,1,0,0,-1,False,-1,-1,0,0,0,-1
2026-06-29 14:47:48.599,93.18172,False,21.13753,0.968316,-9.339012,0,0,0,1,0,0,-1,False,-1,-1,0,0,0,-1
2026-06-29 14:47:48.633,93.21561,False,21.13763,0.9682668,-9.339032,0,0,0,1,0,0,-1,False,-1,-1,0,0,0,-1
2026-06-29 14:47:48.666,93.2494,False,21.13755,0.9682107,-9.339045,0,0,0,1,0,0,-1,False,-1,-1,0,0,0,-1
2026-06-29 14:47:48.710,93.29256,False,21.13765,0.9682942,-9.33912,0,0,0,1,0,0,-1,False,-1,-1,0,0,0,-1
2026-06-29 14:47:48.742,93.32635,False,21.13771,0.9683693,-9.339241,0,0,0,1,0,0,-1,False,-1,-1,0,0,0,-1
2026-06-29 14:47:48.786,93.3703,False,21.13757,0.9683534,-9.339125,0,0,0,1,0,0,-1,False,-1,-1,0,0,0,-1
2026-06-29 14:47:48.821,93.40402,False,21.13756,0.9683624,-9.339081,0,0,0,1,0,0,-1,False,-1,-1,0,0,0,-1
2026-06-29 14:47:48.865,93.44807,False,21.13769,0.9683173,-9.339065,0,0,0,1,0,0,-1,False,-1,-1,0,0,0,-1
2026-06-29 14:47:48.898,93.48177,False,21.13764,0.9682475,-9.338991,0,0,0,1,0,0,-1,False,-1,-1,0,0,0,-1
2026-06-29 14:47:48.932,93.51527,False,21.13739,0.9682332,-9.338923,0,0,0,1,0,0,-1,False,-1,-1,0,0,0,-1
2026-06-29 14:47:48.967,93.54961,False,21.13745,0.9682479,-9.339016,0,0,0,1,0,0,-1,False,-1,-1,0,0,0,-1
2026-06-29 14:47:49.001,93.58344,False,21.1375,0.9682361,-9.339075,0,0,0,1,0,0,-1,False,-1,-1,0,0,0,-1
2026-06-29 14:47:49.042,93.62598,False,21.13767,0.9682223,-9.33906,0,0,0,1,0,0,-1,False,-1,-1,0,0,0,-1
2026-06-29 14:47:49.087,93.67027,False,21.13768,0.9681236,-9.3389,0,0,0,1,0,0,-1,False,-1,-1,0,0,0,-1
2026-06-29 14:47:49.131,93.71448,False,21.13755,0.9682103,-9.338957,0,0,0,1,0,0,-1,False,-1,-1,0,0,0,-1
2026-06-29 14:47:49.165,93.74789,False,21.13752,0.9682326,-9.339075,0,0,0,1,0,0,-1,False,-1,-1,0,0,0,-1
2026-06-29 14:47:49.199,93.78123,False,21.1375,0.9682289,-9.338982,0,0,0,1,0,0,-1,False,-1,-1,0,0,0,-1
2026-06-29 14:47:49.232,93.8146,False,21.13764,0.9682508,-9.339001,0,0,0,1,0,0,-1,False,-1,-1,0,0,0,-1
2026-06-29 14:47:49.266,93.84871,False,21.13755,0.9682817,-9.33905,0,0,0,1,0,0,-1,False,-1,-1,0,0,0,-1
2026-06-29 14:47:49.309,93.8923,False,21.13755,0.9682778,-9.33888,0,0,0,1,0,0,-1,False,-1,-1,0,0,0,-1
2026-06-29 14:47:49.344,93.92667,False,21.13744,0.9682176,-9.33881,0,0,0,1,0,0,-1,False,-1,-1,0,0,0,-1
2026-06-29 14:47:49.388,93.97096,False,21.13746,0.9682396,-9.338818,0,0,0,1,0,0,-1,False,-1,-1,0,0,0,-1
2026-06-29 14:47:49.433,94.01556,False,21.13751,0.9683356,-9.338933,0,0,0,1,0,0,-1,False,-1,-1,0,0,0,-1
2026-06-29 14:47:49.476,94.05928,False,21.13742,0.9682956,-9.338905,0,0,0,1,0,0,-1,False,-1,-1,0,0,0,-1
2026-06-29 14:47:49.509,94.09296,False,21.13751,0.9683128,-9.339004,0,0,0,1,0,0,-1,False,-1,-1,0,0,0,-1
2026-06-29 14:47:49.555,94.13808,False,21.13766,0.9683085,-9.339072,0,0,0,1,0,0,-1,False,-1,-1,0,0,0,-1
2026-06-29 14:47:49.598,94.18111,False,21.13766,0.9682066,-9.338934,0,0,0,1,0,0,-1,False,-1,-1,0,0,0,-1
2026-06-29 14:47:49.631,94.21456,False,21.13765,0.9681404,-9.339005,0,0,0,1,0,0,-1,False,-1,-1,0,0,0,-1
2026-06-29 14:47:49.666,94.2485,False,21.13758,0.9681459,-9.338856,0,0,0,1,0,0,-1,False,-1,-1,0,0,0,-1
2026-06-29 14:47:49.709,94.29218,False,21.13751,0.9682143,-9.338856,0,0,0,1,0,0,-1,False,-1,-1,0,0,0,-1
2026-06-29 14:47:49.743,94.32606,False,21.13748,0.968207,-9.33894,0,0,0,1,0,0,-1,False,-1,-1,0,0,0,-1
2026-06-29 14:47:49.787,94.3701,False,21.13744,0.9682222,-9.338984,0,0,0,1,0,0,-1,False,-1,-1,0,0,0,-1
2026-06-29 14:47:49.821,94.40402,False,21.13737,0.968362,-9.339148,0,0,0,1,0,0,-1,False,-1,-1,0,0,0,-1
2026-06-29 14:47:49.865,94.44833,False,21.13729,0.968379,-9.339064,0,0,0,1,0,0,-1,False,-1,-1,0,0,0,-1
2026-06-29 14:47:49.908,94.49207,False,21.13729,0.9683363,-9.338994,0,0,0,1,0,0,-1,False,-1,-1,0,0,0,-1
2026-06-29 14:47:49.943,94.52554,False,21.1373,0.9683202,-9.33897,0,0,0,1,0,0,-1,False,-1,-1,0,0,0,-1
2026-06-29 14:47:49.976,94.55924,False,21.13737,0.9682855,-9.338808,0,0,0,1,0,0,-1,False,-1,-1,0,0,0,-1
2026-06-29 14:47:50.021,94.60372,False,21.13757,0.9682896,-9.338938,0,0,0,1,0,0,-1,False,-1,-1,0,0,0,-1
2026-06-29 14:47:50.055,94.63801,False,21.13763,0.9683098,-9.339006,0,0,0,1,0,0,-1,False,-1,-1,0,0,0,-1
2026-06-29 14:47:50.099,94.68102,False,21.13751,0.968201,-9.338942,0,0,0,1,0,0,-1,False,-1,-1,0,0,0,-1
2026-06-29 14:47:50.132,94.71457,False,21.13743,0.9683021,-9.338985,0,0,0,1,0,0,-1,False,-1,-1,0,0,0,-1
2026-06-29 14:47:50.165,94.74822,False,21.13746,0.968354,-9.339128,0,0,0,1,0,0,-1,False,-1,-1,0,0,0,-1
2026-06-29 14:47:50.208,94.79191,False,21.13744,0.9682581,-9.339045,0,0,0,1,0,0,-1,False,-1,-1,0,0,0,-1
2026-06-29 14:47:50.242,94.82565,False,21.13738,0.9683033,-9.33906,0,0,0,1,0,0,-1,False,-1,-1,0,0,0,-1
2026-06-29 14:47:50.287,94.86992,False,21.13746,0.9683301,-9.339039,0,0,0,1,0,0,-1,False,-1,-1,0,0,0,-1
2026-06-29 14:47:50.322,94.90407,False,21.1376,0.9683259,-9.339021,0,0,0,1,0,0,-1,False,-1,-1,0,0,0,-1
2026-06-29 14:47:50.354,94.93755,False,21.13765,0.9683198,-9.339062,0,0,0,1,0,0,-1,False,-1,-1,0,0,0,-1
2026-06-29 14:47:50.398,94.98114,False,21.13757,0.9681734,-9.338902,0,0,0,1,0,0,-1,False,-1,-1,0,0,0,-1
2026-06-29 14:47:50.443,95.02535,False,21.1375,0.9681772,-9.339138,0,0,0,1,0,0,-1,False,-1,-1,0,0,0,-1
2026-06-29 14:47:50.476,95.05917,False,21.13752,0.9681758,-9.339203,0,0,0,1,0,0,-1,False,-1,-1,0,0,0,-1
2026-06-29 14:47:50.523,95.10314,False,21.13757,0.968172,-9.339264,0,0,0,1,0,0,-1,False,-1,-1,0,0,0,-1
2026-06-29 14:47:50.564,95.14767,False,21.13758,0.9681594,-9.339212,0,0,0,1,0,0,-1,False,-1,-1,0,0,0,-1
2026-06-29 14:47:50.599,95.18111,False,21.13729,0.9682566,-9.339054,0,0,0,1,0,0,-1,False,-1,-1,0,0,0,-1
2026-06-29 14:47:50.642,95.22511,False,21.13728,0.9683202,-9.338961,0,0,0,1,0,0,-1,False,-1,-1,0,0,0,-1
2026-06-29 14:47:50.676,95.25894,False,21.13742,0.9682882,-9.33889,0,0,0,1,0,0,-1,False,-1,-1,0,0,0,-1
2026-06-29 14:47:50.720,95.30365,False,21.13748,0.9682409,-9.338951,0,0,0,1,0,0,-1,False,-1,-1,0,0,0,-1
2026-06-29 14:47:50.765,95.34756,False,21.13763,0.9681655,-9.339046,0,0,0,1,0,0,-1,False,-1,-1,0,0,0,-1
2026-06-29 14:47:50.809,95.3921,False,21.13746,0.9682935,-9.339055,0,0,0,1,0,0,-1,False,-1,-1,0,0,0,-1
2026-06-29 14:47:50.842,95.42574,False,21.13748,0.9682803,-9.339155,0,0,0,1,0,0,-1,False,-1,-1,0,0,0,-1
2026-06-29 14:47:50.887,95.4698,False,21.1375,0.9682256,-9.33901,0,0,0,1,0,0,-1,False,-1,-1,0,0,0,-1
2026-06-29 14:47:50.920,95.50331,False,21.13744,0.9683331,-9.339005,0,0,0,1,0,0,-1,False,-1,-1,0,0,0,-1
2026-06-29 14:47:50.954,95.53705,False,21.13754,0.9683542,-9.338947,0,0,0,1,0,0,-1,False,-1,-1,0,0,0,-1
2026-06-29 14:47:50.998,95.58087,False,21.13737,0.9684042,-9.338925,0,0,0,1,0,0,-1,False,-1,-1,0,0,0,-1
2026-06-29 14:47:51.042,95.62531,False,21.13749,0.9683413,-9.338959,0,0,0,1,0,0,-1,False,-1,-1,0,0,0,-1
2026-06-29 14:47:51.076,95.65891,False,21.13744,0.9683273,-9.339014,0,0,0,1,0,0,-1,False,-1,-1,0,0,0,-1
2026-06-29 14:47:51.110,95.69231,False,21.13729,0.9683228,-9.339025,0,0,0,1,0,0,-1,False,-1,-1,0,0,0,-1
2026-06-29 14:47:51.153,95.73614,False,21.13735,0.9682956,-9.339079,0,0,0,1,0,0,-1,False,-1,-1,0,0,0,-1
2026-06-29 14:47:51.187,95.76994,False,21.13741,0.9682717,-9.339174,0,0,0,1,0,0,-1,False,-1,-1,0,0,0,-1
2026-06-29 14:47:51.231,95.81354,False,21.1375,0.9682955,-9.339111,0,0,0,1,0,0,-1,False,-1,-1,0,0,0,-1
2026-06-29 14:47:51.264,95.84724,False,21.13754,0.9682453,-9.33905,0,0,0,1,0,0,-1,False,-1,-1,0,0,0,-1
2026-06-29 14:47:51.308,95.89178,False,21.13743,0.968209,-9.33918,0,0,0,1,0,0,-1,False,-1,-1,0,0,0,-1
2026-06-29 14:47:51.343,95.92574,False,21.13753,0.9681643,-9.339146,0,0,0,1,0,0,-1,False,-1,-1,0,0,0,-1
2026-06-29 14:47:51.387,95.96965,False,21.13755,0.9681343,-9.339008,0,0,0,1,0,0,-1,False,-1,-1,0,0,0,-1
2026-06-29 14:47:51.430,96.01382,False,21.13757,0.9681931,-9.339016,0,0,0,1,0,0,-1,False,-1,-1,0,0,0,-1
2026-06-29 14:47:51.475,96.05828,False,21.13771,0.9681321,-9.338982,0,0,0,1,0,0,-1,False,-1,-1,0,0,0,-1
2026-06-29 14:47:51.520,96.10281,False,21.13745,0.9682288,-9.338972,0,0,0,1,0,0,-1,False,-1,-1,0,0,0,-1
2026-06-29 14:47:51.565,96.14742,False,21.13752,0.9682119,-9.338947,0,0,0,1,0,0,-1,False,-1,-1,0,0,0,-1
2026-06-29 14:47:51.608,96.19144,False,21.13749,0.9683769,-9.338964,0,0,0,1,0,0,-1,False,-1,-1,0,0,0,-1
2026-06-29 14:47:51.652,96.23597,False,21.13757,0.9682804,-9.338898,0,0,0,1,0,0,-1,False,-1,-1,0,0,0,-1
2026-06-29 14:47:51.698,96.28043,False,21.1375,0.9683517,-9.339096,0,0,0,1,0,0,-1,False,-1,-1,0,0,0,-1
2026-06-29 14:47:51.742,96.32481,False,21.1374,0.9683376,-9.33918,0,0,0,1,0,0,-1,False,-1,-1,0,0,0,-1
2026-06-29 14:47:51.787,96.36913,False,21.13743,0.9681686,-9.33884,0,0,0,1,0,0,-1,False,-1,-1,0,0,0,-1
2026-06-29 14:47:51.830,96.41341,False,21.13748,0.9682178,-9.338977,0,0,0,1,0,0,-1,False,-1,-1,0,0,0,-1
2026-06-29 14:47:51.875,96.45838,False,21.13756,0.9682184,-9.339007,0,0,0,1,0,0,-1,False,-1,-1,0,0,0,-1
2026-06-29 14:47:51.909,96.49223,False,21.13755,0.9682153,-9.338989,0,0,0,1,0,0,-1,False,-1,-1,0,0,0,-1
2026-06-29 14:47:51.953,96.53602,False,21.13768,0.9682216,-9.339243,0,0,0,1,0,0,-1,False,-1,-1,0,0,0,-1
2026-06-29 14:47:51.997,96.58002,False,21.13774,0.9682068,-9.339121,0,0,0,1,0,0,-1,False,-1,-1,0,0,0,-1
2026-06-29 14:47:52.031,96.61398,False,21.13776,0.9681255,-9.339048,0,0,0,1,0,0,-1,False,-1,-1,0,0,0,-1
2026-06-29 14:47:52.064,96.64754,False,21.13766,0.968076,-9.338979,0,0,0,1,0,0,-1,False,-1,-1,0,0,0,-1
2026-06-29 14:47:52.109,96.6913,False,21.1376,0.9680497,-9.338903,0,0,0,1,0,0,-1,False,-1,-1,0,0,0,-1
2026-06-29 14:47:52.144,96.7263,False,21.13764,0.9680961,-9.339048,0,0,0,1,0,0,-1,False,-1,-1,0,0,0,-1
2026-06-29 14:47:52.187,96.7695,False,21.1375,0.9682705,-9.33914,0,0,0,1,0,0,-1,False,-1,-1,0,0,0,-1
2026-06-29 14:47:52.230,96.81324,False,21.13751,0.9683053,-9.339058,0,0,0,1,0,0,-1,False,-1,-1,0,0,0,-1
2026-06-29 14:47:52.264,96.84689,False,21.13745,0.9683075,-9.339062,0,0,0,1,0,0,-1,False,-1,-1,0,0,0,-1
2026-06-29 14:47:52.308,96.89117,False,21.13758,0.9682325,-9.338959,0,0,0,1,0,0,-1,False,-1,-1,0,0,0,-1
2026-06-29 14:47:52.342,96.92479,False,21.13767,0.968177,-9.33897,0,0,0,1,0,0,-1,False,-1,-1,0,0,0,-1
2026-06-29 14:47:52.386,96.96906,False,21.13763,0.968244,-9.338938,0,0,0,1,0,0,-1,False,-1,-1,0,0,0,-1
2026-06-29 14:47:52.420,97.00275,False,21.1376,0.9682007,-9.339009,0,0,0,1,0,0,-1,False,-1,-1,0,0,0,-1
2026-06-29 14:47:52.464,97.04657,False,21.1377,0.9682527,-9.339138,0,0,0,1,0,0,-1,False,-1,-1,0,0,0,-1
2026-06-29 14:47:52.509,97.09118,False,21.13765,0.9682865,-9.339175,0,0,0,1,0,0,-1,False,-1,-1,0,0,0,-1
2026-06-29 14:47:52.553,97.13606,False,21.13765,0.9682564,-9.339199,0,0,0,1,0,0,-1,False,-1,-1,0,0,0,-1
2026-06-29 14:47:52.597,97.17966,False,21.13765,0.968144,-9.339043,0,0,0,1,0,0,-1,False,-1,-1,0,0,0,-1
2026-06-29 14:47:52.631,97.21368,False,21.13751,0.9682531,-9.339066,0,0,0,1,0,0,-1,False,-1,-1,0,0,0,-1
2026-06-29 14:47:52.675,97.2575,False,21.13755,0.9682593,-9.339052,0,0,0,1,0,0,-1,False,-1,-1,0,0,0,-1
2026-06-29 14:47:52.719,97.3023,False,21.13757,0.9682257,-9.338956,0,0,0,1,0,0,-1,False,-1,-1,0,0,0,-1
2026-06-29 14:47:52.753,97.3358,False,21.13756,0.9681891,-9.339056,0,0,0,1,0,0,-1,False,-1,-1,0,0,0,-1
2026-06-29 14:47:52.797,97.3797,False,21.13756,0.9682832,-9.339006,0,0,0,1,0,0,-1,False,-1,-1,0,0,0,-1
2026-06-29 14:47:52.840,97.42406,False,21.13757,0.9682885,-9.339067,0,0,0,1,0,0,-1,False,-1,-1,0,0,0,-1
2026-06-29 14:47:52.874,97.45776,False,21.13744,0.9682987,-9.339059,0,0,0,1,0,0,-1,False,-1,-1,0,0,0,-1
2026-06-29 14:47:52.909,97.49168,False,21.13738,0.9683173,-9.338959,0,0,0,1,0,0,-1,False,-1,-1,0,0,0,-1
2026-06-29 14:47:52.952,97.53542,False,21.13744,0.9683164,-9.33912,0,0,0,1,0,0,-1,False,-1,-1,0,0,0,-1
2026-06-29 14:47:52.997,97.58007,False,21.13737,0.9683212,-9.339113,0,0,0,1,0,0,-1,False,-1,-1,0,0,0,-1
2026-06-29 14:47:53.041,97.62404,False,21.13745,0.968348,-9.339061,0,0,0,1,0,0,-1,False,-1,-1,0,0,0,-1
2026-06-29 14:47:53.074,97.65739,False,21.13756,0.9683406,-9.339087,0,0,0,1,0,0,-1,False,-1,-1,0,0,0,-1
2026-06-29 14:47:53.109,97.69135,False,21.13744,0.9683323,-9.338967,0,0,0,1,0,0,-1,False,-1,-1,0,0,0,-1
2026-06-29 14:47:53.154,97.73687,False,21.13745,0.9681598,-9.338911,0,0,0,1,0,0,-1,False,-1,-1,0,0,0,-1
2026-06-29 14:47:53.197,97.78031,False,21.13764,0.9682035,-9.339209,0,0,0,1,0,0,-1,False,-1,-1,0,0,0,-1
2026-06-29 14:47:53.242,97.82462,False,21.13752,0.9682161,-9.339294,0,0,0,1,0,0,-1,False,-1,-1,0,0,0,-1
2026-06-29 14:47:53.285,97.86844,False,21.13769,0.9681681,-9.339216,0,0,0,1,0,0,-1,False,-1,-1,0,0,0,-1
2026-06-29 14:47:53.329,97.91251,False,21.13762,0.9681918,-9.339154,0,0,0,1,0,0,-1,False,-1,-1,0,0,0,-1
2026-06-29 14:47:53.363,97.94637,False,21.13747,0.9682133,-9.339088,0,0,0,1,0,0,-1,False,-1,-1,0,0,0,-1
2026-06-29 14:47:53.407,97.99087,False,21.13753,0.9682419,-9.339193,0,0,0,1,0,0,-1,False,-1,-1,0,0,0,-1
2026-06-29 14:47:53.441,98.02448,False,21.13759,0.9682922,-9.339149,0,0,0,1,0,0,-1,False,-1,-1,0,0,0,-1
2026-06-29 14:47:53.486,98.06856,False,21.13766,0.9683109,-9.339052,0,0,0,1,0,0,-1,False,-1,-1,0,0,0,-1
2026-06-29 14:47:53.530,98.11255,False,21.13776,0.9682409,-9.339048,0,0,0,1,0,0,-1,False,-1,-1,0,0,0,-1
2026-06-29 14:47:53.563,98.1459,False,21.13772,0.9682115,-9.339121,0,0,0,1,0,0,-1,False,-1,-1,0,0,0,-1
2026-06-29 14:47:53.608,98.19044,False,21.13771,0.9682474,-9.339175,0,0,0,1,0,0,-1,False,-1,-1,0,0,0,-1
2026-06-29 14:47:53.641,98.22395,False,21.13755,0.9683281,-9.339081,0,0,0,1,0,0,-1,False,-1,-1,0,0,0,-1
2026-06-29 14:47:53.685,98.26789,False,21.13775,0.9682556,-9.339178,0,0,0,1,0,0,-1,False,-1,-1,0,0,0,-1
2026-06-29 14:47:53.719,98.30175,False,21.13783,0.9682544,-9.339264,0,0,0,1,0,0,-1,False,-1,-1,0,0,0,-1
2026-06-29 14:47:53.752,98.33527,False,21.13785,0.9681726,-9.339131,0,0,0,1,0,0,-1,False,-1,-1,0,0,0,-1
2026-06-29 14:47:53.796,98.37913,False,21.1378,0.9682106,-9.339231,0,0,0,1,0,0,-1,False,-1,-1,0,0,0,-1
2026-06-29 14:47:53.841,98.42349,False,21.13783,0.9682018,-9.339273,0,0,0,1,0,0,-1,False,-1,-1,0,0,0,-1
2026-06-29 14:47:53.874,98.45708,False,21.13779,0.9681739,-9.339287,0,0,0,1,0,0,-1,False,-1,-1,0,0,0,-1
2026-06-29 14:47:53.908,98.4905,False,21.1378,0.968197,-9.339296,0,0,0,1,0,0,-1,False,-1,-1,0,0,0,-1
2026-06-29 14:47:53.952,98.5347,False,21.13782,0.9680978,-9.339314,0,0,0,1,0,0,-1,False,-1,-1,0,0,0,-1
2026-06-29 14:47:53.985,98.5682,False,21.13779,0.9681746,-9.339218,0,0,0,1,0,0,-1,False,-1,-1,0,0,0,-1
2026-06-29 14:47:54.029,98.61227,False,21.13771,0.9682584,-9.339142,0,0,0,1,0,0,-1,False,-1,-1,0,0,0,-1
2026-06-29 14:47:54.063,98.64566,False,21.13771,0.9682051,-9.339076,0,0,0,1,0,0,-1,False,-1,-1,0,0,0,-1
2026-06-29 14:47:54.108,98.69039,False,21.13754,0.9682028,-9.339075,0,0,0,1,0,0,-1,False,-1,-1,0,0,0,-1
2026-06-29 14:47:54.151,98.73456,False,21.13748,0.9683077,-9.339062,0,0,0,1,0,0,-1,False,-1,-1,0,0,0,-1
2026-06-29 14:47:54.186,98.7683,False,21.13747,0.9683096,-9.339041,0,0,0,1,0,0,-1,False,-1,-1,0,0,0,-1
2026-06-29 14:47:54.219,98.80177,False,21.13758,0.968247,-9.339211,0,0,0,1,0,0,-1,False,-1,-1,0,0,0,-1
2026-06-29 14:47:54.262,98.84549,False,21.13781,0.9682379,-9.33922,0,0,0,1,0,0,-1,False,-1,-1,0,0,0,-1
2026-06-29 14:47:54.296,98.87913,False,21.13766,0.9681721,-9.33919,0,0,0,1,0,0,-1,False,-1,-1,0,0,0,-1
2026-06-29 14:47:54.340,98.92353,False,21.13767,0.9682108,-9.339306,0,0,0,1,0,0,-1,False,-1,-1,0,0,0,-1
2026-06-29 14:47:54.374,98.95705,False,21.13766,0.9682746,-9.339289,0,0,0,1,0,0,-1,False,-1,-1,0,0,0,-1
2026-06-29 14:47:54.408,98.99055,False,21.13777,0.968138,-9.339161,0,0,0,1,0,0,-1,False,-1,-1,0,0,0,-1
2026-06-29 14:47:54.452,99.03455,False,21.13784,0.9680969,-9.339209,0,0,0,1,0,0,-1,False,-1,-1,0,0,0,-1
2026-06-29 14:47:54.486,99.06805,False,21.13786,0.9681135,-9.339127,0,0,0,1,0,0,-1,False,-1,-1,0,0,0,-1
2026-06-29 14:47:54.529,99.11217,False,21.13772,0.9680656,-9.339137,0,0,0,1,0,0,-1,False,-1,-1,0,0,0,-1
2026-06-29 14:47:54.563,99.14566,False,21.13773,0.9681296,-9.339035,0,0,0,1,0,0,-1,False,-1,-1,0,0,0,-1
2026-06-29 14:47:54.613,99.19035,False,21.1377,0.9682052,-9.339075,0,0,0,1,0,0,-1,False,-1,-1,0,0,0,-1
2026-06-29 14:47:54.651,99.23452,False,21.13763,0.9681894,-9.339051,0,0,0,1,0,0,-1,False,-1,-1,0,0,0,-1
2026-06-29 14:47:54.685,99.26785,False,21.13752,0.9681256,-9.339039,0,0,0,1,0,0,-1,False,-1,-1,0,0,0,-1
2026-06-29 14:47:54.729,99.31219,False,21.1376,0.9682267,-9.339161,0,0,0,1,0,0,-1,False,-1,-1,0,0,0,-1
2026-06-29 14:47:54.774,99.35686,False,21.1376,0.968184,-9.33909,0,0,0,1,0,0,-1,False,-1,-1,0,0,0,-1
2026-06-29 14:47:54.817,99.40081,False,21.13765,0.9682191,-9.339109,0,0,0,1,0,0,-1,False,-1,-1,0,0,0,-1
2026-06-29 14:47:54.852,99.43484,False,21.13758,0.9682399,-9.339221,0,0,0,1,0,0,-1,False,-1,-1,0,0,0,-1
2026-06-29 14:47:54.896,99.47895,False,21.13756,0.9681227,-9.339193,0,0,0,1,0,0,-1,False,-1,-1,0,0,0,-1
2026-06-29 14:47:54.940,99.52329,False,21.13753,0.9682736,-9.33928,0,0,0,1,0,0,-1,False,-1,-1,0,0,0,-1
2026-06-29 14:47:54.974,99.55684,False,21.13758,0.9683237,-9.339331,0,0,0,1,0,0,-1,False,-1,-1,0,0,0,-1
2026-06-29 14:47:55.018,99.60115,False,21.13769,0.9682782,-9.339247,0,0,0,1,0,0,-1,False,-1,-1,0,0,0,-1
2026-06-29 14:47:55.062,99.64518,False,21.13767,0.96838,-9.339239,0,0,0,1,0,0,-1,False,-1,-1,0,0,0,-1
2026-06-29 14:47:55.096,99.67909,False,21.13769,0.9683819,-9.339241,0,0,0,1,0,0,-1,False,-1,-1,0,0,0,-1
2026-06-29 14:47:55.140,99.72289,False,21.13773,0.9682927,-9.33926,0,0,0,1,0,0,-1,False,-1,-1,0,0,0,-1
2026-06-29 14:47:55.173,99.75642,False,21.13779,0.9682632,-9.339322,0,0,0,1,0,0,-1,False,-1,-1,0,0,0,-1
2026-06-29 14:47:55.208,99.79057,False,21.13774,0.9682311,-9.33929,0,0,0,1,0,0,-1,False,-1,-1,0,0,0,-1
2026-06-29 14:47:55.252,99.83519,False,21.13769,0.9681557,-9.33934,0,0,0,1,0,0,-1,False,-1,-1,0,0,0,-1
2026-06-29 14:47:55.296,99.87876,False,21.13773,0.9681259,-9.339296,0,0,0,1,0,0,-1,False,-1,-1,0,0,0,-1
2026-06-29 14:47:55.340,99.92324,False,21.13775,0.9681423,-9.339201,0,0,0,1,0,0,-1,False,-1,-1,0,0,0,-1
2026-06-29 14:47:55.384,99.96734,False,21.13785,0.9680895,-9.339125,0,0,0,1,0,0,-1,False,-1,-1,0,0,0,-1
2026-06-29 14:47:55.418,100.0007,False,21.1378,0.968119,-9.33914,0,0,0,1,0,0,-1,False,-1,-1,0,0,0,-1
2026-06-29 14:47:55.451,100.0344,False,21.13775,0.9681525,-9.339203,0,0,0,1,0,0,-1,False,-1,-1,0,0,0,-1
2026-06-29 14:47:55.485,100.0682,False,21.13768,0.9682062,-9.339138,0,0,0,1,0,0,-1,False,-1,-1,0,0,0,-1
2026-06-29 14:47:55.529,100.1116,False,21.13765,0.968135,-9.339085,0,0,0,1,0,0,-1,False,-1,-1,0,0,0,-1
2026-06-29 14:47:55.562,100.145,False,21.13761,0.9681988,-9.339321,0,0,0,1,0,0,-1,False,-1,-1,0,0,0,-1
2026-06-29 14:47:55.595,100.1785,False,21.13766,0.968204,-9.339452,0,0,0,1,0,0,-1,False,-1,-1,0,0,0,-1
2026-06-29 14:47:55.641,100.2233,False,21.13764,0.9681479,-9.339329,0,0,0,1,0,0,-1,False,-1,-1,0,0,0,-1
2026-06-29 14:47:55.684,100.2673,False,21.13758,0.9681669,-9.339231,0,0,0,1,0,0,-1,False,-1,-1,0,0,0,-1
2026-06-29 14:47:55.717,100.3007,False,21.13758,0.9682437,-9.339245,0,0,0,1,0,0,-1,False,-1,-1,0,0,0,-1
2026-06-29 14:47:55.762,100.3448,False,21.13759,0.9681488,-9.339201,0,0,0,1,0,0,-1,False,-1,-1,0,0,0,-1
2026-06-29 14:47:55.795,100.3784,False,21.13762,0.9680651,-9.339219,0,0,0,1,0,0,-1,False,-1,-1,0,0,0,-1
2026-06-29 14:47:55.829,100.4123,False,21.13769,0.9680304,-9.339312,0,0,0,1,0,0,-1,False,-1,-1,0,0,0,-1
2026-06-29 14:47:55.873,100.456,False,21.1378,0.9680295,-9.339194,0,0,0,1,0,0,-1,False,-1,-1,0,0,0,-1
2026-06-29 14:47:55.907,100.4897,False,21.13787,0.9680749,-9.33921,0,0,0,1,0,0,-1,False,-1,-1,0,0,0,-1
2026-06-29 14:47:55.951,100.5343,False,21.13782,0.9680988,-9.339066,0,0,0,1,0,0,-1,False,-1,-1,0,0,0,-1
2026-06-29 14:47:55.995,100.5785,False,21.13779,0.9680126,-9.338911,0,0,0,1,0,0,-1,False,-1,-1,0,0,0,-1
2026-06-29 14:47:56.039,100.6226,False,21.13762,0.9680247,-9.338909,0,0,0,1,0,0,-1,False,-1,-1,0,0,0,-1
2026-06-29 14:47:56.073,100.656,False,21.13766,0.9681303,-9.339067,0,0,0,1,0,0,-1,False,-1,-1,0,0,0,-1
2026-06-29 14:47:56.106,100.6894,False,21.13769,0.96817,-9.33919,0,0,0,1,0,0,-1,False,-1,-1,0,0,0,-1
2026-06-29 14:47:56.140,100.7228,False,21.13783,0.9681159,-9.339059,0,0,0,1,0,0,-1,False,-1,-1,0,0,0,-1
2026-06-29 14:47:56.173,100.7563,False,21.13779,0.9680711,-9.33901,0,0,0,1,0,0,-1,False,-1,-1,0,0,0,-1
2026-06-29 14:47:56.206,100.7897,False,21.13767,0.9681979,-9.339142,0,0,0,1,0,0,-1,False,-1,-1,0,0,0,-1
2026-06-29 14:47:56.252,100.8349,False,21.13789,0.9681813,-9.339285,0,0,0,1,0,0,-1,False,-1,-1,0,0,0,-1
2026-06-29 14:47:56.296,100.8788,False,21.1379,0.9681818,-9.339324,0,0,0,1,0,0,-1,False,-1,-1,0,0,0,-1
2026-06-29 14:47:56.340,100.9231,False,21.13755,0.9682478,-9.339169,0,0,0,1,0,0,-1,False,-1,-1,0,0,0,-1
2026-06-29 14:47:56.384,100.9666,False,21.13765,0.9681517,-9.339176,0,0,0,1,0,0,-1,False,-1,-1,0,0,0,-1
2026-06-29 14:47:56.417,101.0001,False,21.13775,0.968116,-9.339178,0,0,0,1,0,0,-1,False,-1,-1,0,0,0,-1
2026-06-29 14:47:56.451,101.0339,False,21.13776,0.9681599,-9.339285,0,0,0,1,0,0,-1,False,-1,-1,0,0,0,-1
2026-06-29 14:47:56.495,101.0778,False,21.13781,0.9682206,-9.339222,0,0,0,1,0,0,-1,False,-1,-1,0,0,0,-1
2026-06-29 14:47:56.529,101.1116,False,21.13777,0.968157,-9.339081,0,0,0,1,0,0,-1,False,-1,-1,0,0,0,-1
2026-06-29 14:47:56.562,101.145,False,21.13786,0.9681737,-9.339119,0,0,0,1,0,0,-1,False,-1,-1,0,0,0,-1
2026-06-29 14:47:56.595,101.1784,False,21.13775,0.96821,-9.339104,0,0,0,1,0,0,-1,False,-1,-1,0,0,0,-1
2026-06-29 14:47:56.639,101.2223,False,21.13768,0.9681994,-9.33909,0,0,0,1,0,0,-1,False,-1,-1,0,0,0,-1
2026-06-29 14:47:56.672,101.256,False,21.13772,0.9681652,-9.339029,0,0,0,1,0,0,-1,False,-1,-1,0,0,0,-1
2026-06-29 14:47:56.708,101.2902,False,21.13775,0.9681149,-9.339252,0,0,0,1,0,0,-1,False,-1,-1,0,0,0,-1
2026-06-29 14:47:56.750,101.3335,False,21.13772,0.9682305,-9.339359,0,0,0,1,0,0,-1,False,-1,-1,0,0,0,-1
2026-06-29 14:47:56.795,101.3775,False,21.1377,0.9681921,-9.339178,0,0,0,1,0,0,-1,False,-1,-1,0,0,0,-1
2026-06-29 14:47:56.828,101.4113,False,21.13764,0.9682296,-9.339235,0,0,0,1,0,0,-1,False,-1,-1,0,0,0,-1
2026-06-29 14:47:56.872,101.4557,False,21.13764,0.9682118,-9.339241,0,0,0,1,0,0,-1,False,-1,-1,0,0,0,-1
2026-06-29 14:47:56.916,101.4998,False,21.1376,0.9682623,-9.339401,0,0,0,1,0,0,-1,False,-1,-1,0,0,0,-1
2026-06-29 14:47:56.950,101.5331,False,21.13762,0.9683542,-9.339427,0,0,0,1,0,0,-1,False,-1,-1,0,0,0,-1
2026-06-29 14:47:56.983,101.5666,False,21.13778,0.9681727,-9.339251,0,0,0,1,0,0,-1,False,-1,-1,0,0,0,-1
2026-06-29 14:47:57.017,101.6,False,21.13769,0.968141,-9.33935,0,0,0,1,0,0,-1,False,-1,-1,0,0,0,-1
2026-06-29 14:47:57.051,101.6336,False,21.13766,0.9681271,-9.339323,0,0,0,1,0,0,-1,False,-1,-1,0,0,0,-1
2026-06-29 14:47:57.094,101.6774,False,21.13769,0.9681426,-9.339306,0,0,0,1,0,0,-1,False,-1,-1,0,0,0,-1
2026-06-29 14:47:57.128,101.7108,False,21.13771,0.968138,-9.339304,0,0,0,1,0,0,-1,False,-1,-1,0,0,0,-1
2026-06-29 14:47:57.173,101.7558,False,21.1377,0.9681514,-9.339155,0,0,0,1,0,0,-1,False,-1,-1,0,0,0,-1
2026-06-29 14:47:57.217,101.7996,False,21.1377,0.9681743,-9.339262,0,0,0,1,0,0,-1,False,-1,-1,0,0,0,-1
2026-06-29 14:47:57.250,101.8336,False,21.13775,0.9682082,-9.339316,0,0,0,1,0,0,-1,False,-1,-1,0,0,0,-1
2026-06-29 14:47:57.284,101.8671,False,21.13772,0.9681963,-9.339208,0,0,0,1,0,0,-1,False,-1,-1,0,0,0,-1
2026-06-29 14:47:57.333,101.9119,False,21.13772,0.968223,-9.339245,0,0,0,1,0,0,-1,False,-1,-1,0,0,0,-1
2026-06-29 14:47:57.372,101.9552,False,21.13781,0.968196,-9.339117,0,0,0,1,0,0,-1,False,-1,-1,0,0,0,-1
2026-06-29 14:47:57.405,101.9887,False,21.1378,0.9681653,-9.339117,0,0,0,1,0,0,-1,False,-1,-1,0,0,0,-1
2026-06-29 14:47:57.439,102.0222,False,21.13769,0.9681473,-9.339033,0,0,0,1,0,0,-1,False,-1,-1,0,0,0,-1
2026-06-29 14:47:57.473,102.0562,False,21.13776,0.9681274,-9.339056,0,0,0,1,0,0,-1,False,-1,-1,0,0,0,-1
2026-06-29 14:47:57.517,102.0995,False,21.13766,0.9681473,-9.338945,0,0,0,1,0,0,-1,False,-1,-1,0,0,0,-1
2026-06-29 14:47:57.551,102.1341,False,21.13757,0.9681879,-9.339089,0,0,0,1,0,0,-1,False,-1,-1,0,0,0,-1
2026-06-29 14:47:57.594,102.1772,False,21.13756,0.9683484,-9.339182,0,0,0,1,0,0,-1,False,-1,-1,0,0,0,-1
2026-06-29 14:47:57.628,102.2106,False,21.13769,0.9682679,-9.339292,0,0,0,1,0,0,-1,False,-1,-1,0,0,0,-1
2026-06-29 14:47:57.660,102.2441,False,21.13768,0.9682903,-9.339368,0,0,0,1,0,0,-1,False,-1,-1,0,0,0,-1
2026-06-29 14:47:57.694,102.2775,False,21.13777,0.9681317,-9.339258,0,0,0,1,0,0,-1,False,-1,-1,0,0,0,-1
2026-06-29 14:47:57.739,102.322,False,21.13759,0.968179,-9.339373,0,0,0,1,0,0,-1,False,-1,-1,0,0,0,-1
2026-06-29 14:47:57.783,102.3662,False,21.13761,0.9682677,-9.339308,0,0,0,1,0,0,-1,False,-1,-1,0,0,0,-1
2026-06-29 14:47:57.827,102.4103,False,21.13754,0.9682357,-9.339271,0,0,0,1,0,0,-1,False,-1,-1,0,0,0,-1
2026-06-29 14:47:57.861,102.4444,False,21.13768,0.9682714,-9.339278,0,0,0,1,0,0,-1,False,-1,-1,0,0,0,-1
2026-06-29 14:47:57.906,102.4884,False,21.13782,0.968164,-9.339184,0,0,0,1,0,0,-1,False,-1,-1,0,0,0,-1
2026-06-29 14:47:57.950,102.5329,False,21.13774,0.968147,-9.339183,0,0,0,1,0,0,-1,False,-1,-1,0,0,0,-1
2026-06-29 14:47:57.994,102.5774,False,21.13781,0.9681538,-9.339218,0,0,0,1,0,0,-1,False,-1,-1,0,0,0,-1
2026-06-29 14:47:58.027,102.6107,False,21.1377,0.9681281,-9.339077,0,0,0,1,0,0,-1,False,-1,-1,0,0,0,-1
2026-06-29 14:47:58.061,102.6441,False,21.13757,0.968133,-9.339017,0,0,0,1,0,0,-1,False,-1,-1,0,0,0,-1
2026-06-29 14:47:58.106,102.6885,False,21.13761,0.9681549,-9.339228,0,0,0,1,0,0,-1,False,-1,-1,0,0,0,-1
2026-06-29 14:47:58.150,102.7327,False,21.13772,0.9680724,-9.339277,0,0,0,1,0,0,-1,False,-1,-1,0,0,0,-1
2026-06-29 14:47:58.194,102.7769,False,21.13785,0.9680538,-9.339243,0,0,0,1,0,0,-1,False,-1,-1,0,0,0,-1
2026-06-29 14:47:58.228,102.8103,False,21.13778,0.9681239,-9.339252,0,0,0,1,0,0,-1,False,-1,-1,0,0,0,-1
2026-06-29 14:47:58.273,102.8558,False,21.13771,0.9682435,-9.339296,0,0,0,1,0,0,-1,False,-1,-1,0,0,0,-1
2026-06-29 14:47:58.317,102.9,False,21.13771,0.9682033,-9.339016,0,0,0,1,0,0,-1,False,-1,-1,0,0,0,-1
2026-06-29 14:47:58.352,102.9345,False,21.13771,0.9682066,-9.339113,0,0,0,1,0,0,-1,False,-1,-1,0,0,0,-1
2026-06-29 14:47:58.394,102.9773,False,21.1377,0.9682521,-9.339057,0,0,0,1,0,0,-1,False,-1,-1,0,0,0,-1
2026-06-29 14:47:58.439,103.0215,False,21.13756,0.9682712,-9.339153,0,0,0,1,0,0,-1,False,-1,-1,0,0,0,-1
2026-06-29 14:47:58.472,103.0551,False,21.13764,0.9682665,-9.339289,0,0,0,1,0,0,-1,False,-1,-1,0,0,0,-1
2026-06-29 14:47:58.517,103.0999,False,21.13768,0.9680727,-9.339222,0,0,0,1,0,0,-1,False,-1,-1,0,0,0,-1
2026-06-29 14:47:58.562,103.1447,False,21.13767,0.9679781,-9.339104,0,0,0,1,0,0,-1,False,-1,-1,0,0,0,-1
2026-06-29 14:47:58.605,103.1883,False,21.1376,0.9681227,-9.339232,0,0,0,1,0,0,-1,False,-1,-1,0,0,0,-1
2026-06-29 14:47:58.639,103.2217,False,21.1377,0.9681179,-9.339334,0,0,0,1,0,0,-1,False,-1,-1,0,0,0,-1
2026-06-29 14:47:58.683,103.266,False,21.13778,0.9681115,-9.339247,0,0,0,1,0,0,-1,False,-1,-1,0,0,0,-1
2026-06-29 14:47:58.717,103.2996,False,21.13777,0.9681686,-9.339336,0,0,0,1,0,0,-1,False,-1,-1,0,0,0,-1
2026-06-29 14:47:58.761,103.3438,False,21.13781,0.9681068,-9.339308,0,0,0,1,0,0,-1,False,-1,-1,0,0,0,-1
2026-06-29 14:47:58.804,103.3881,False,21.13768,0.9681234,-9.339262,0,0,0,1,0,0,-1,False,-1,-1,0,0,0,-1
2026-06-29 14:47:58.849,103.4323,False,21.13774,0.9681002,-9.339182,0,0,0,1,0,0,-1,False,-1,-1,0,0,0,-1
2026-06-29 14:47:58.884,103.4662,False,21.13754,0.9681921,-9.33914,0,0,0,1,0,0,-1,False,-1,-1,0,0,0,-1
2026-06-29 14:47:58.917,103.4996,False,21.13749,0.9681426,-9.339121,0,0,0,1,0,0,-1,False,-1,-1,0,0,0,-1
2026-06-29 14:47:58.961,103.5436,False,21.13755,0.9681236,-9.339125,0,0,0,1,0,0,-1,False,-1,-1,0,0,0,-1
2026-06-29 14:47:59.005,103.5878,False,21.1376,0.9681284,-9.339267,0,0,0,1,0,0,-1,False,-1,-1,0,0,0,-1
2026-06-29 14:47:59.038,103.6212,False,21.13764,0.9681751,-9.339371,0,0,0,1,0,0,-1,False,-1,-1,0,0,0,-1
2026-06-29 14:47:59.083,103.6657,False,21.13762,0.9682207,-9.339323,0,0,0,1,0,0,-1,False,-1,-1,0,0,0,-1
2026-06-29 14:47:59.116,103.6992,False,21.13765,0.9682184,-9.339319,0,0,0,1,0,0,-1,False,-1,-1,0,0,0,-1
2026-06-29 14:47:59.150,103.7327,False,21.13778,0.9680507,-9.339207,0,0,0,1,0,0,-1,False,-1,-1,0,0,0,-1
2026-06-29 14:47:59.193,103.7765,False,21.1378,0.9681171,-9.339069,0,0,0,1,0,0,-1,False,-1,-1,0,0,0,-1
2026-06-29 14:47:59.227,103.8102,False,21.13771,0.9681621,-9.339201,0,0,0,1,0,0,-1,False,-1,-1,0,0,0,-1
2026-06-29 14:47:59.271,103.8545,False,21.13767,0.9681728,-9.339191,0,0,0,1,0,0,-1,False,-1,-1,0,0,0,-1
2026-06-29 14:47:59.305,103.888,False,21.13761,0.9681835,-9.339314,0,0,0,1,0,0,-1,False,-1,-1,0,0,0,-1
2026-06-29 14:47:59.339,103.9224,False,21.13764,0.9680973,-9.339355,0,0,0,1,0,0,-1,False,-1,-1,0,0,0,-1
2026-06-29 14:47:59.383,103.9662,False,21.1377,0.9680208,-9.339094,0,0,0,1,0,0,-1,False,-1,-1,0,0,0,-1
2026-06-29 14:47:59.427,104.0098,False,21.13781,0.9680919,-9.339214,0,0,0,1,0,0,-1,False,-1,-1,0,0,0,-1
2026-06-29 14:47:59.470,104.0545,False,21.1378,0.968048,-9.339241,0,0,0,1,0,0,-1,False,-1,-1,0,0,0,-1
2026-06-29 14:47:59.516,104.0989,False,21.13791,0.9680483,-9.33938,0,0,0,1,0,0,-1,False,-1,-1,0,0,0,-1
2026-06-29 14:47:59.550,104.133,False,21.13788,0.9681043,-9.339536,0,0,0,1,0,0,-1,False,-1,-1,0,0,0,-1
2026-06-29 14:47:59.595,104.1775,False,21.1379,0.9681323,-9.339503,0,0,0,1,0,0,-1,False,-1,-1,0,0,0,-1
2026-06-29 14:47:59.638,104.2211,False,21.13789,0.9681366,-9.339443,0,0,0,1,0,0,-1,False,-1,-1,0,0,0,-1
2026-06-29 14:47:59.672,104.2544,False,21.13791,0.968143,-9.339396,0,0,0,1,0,0,-1,False,-1,-1,0,0,0,-1
2026-06-29 14:47:59.716,104.2988,False,21.13768,0.9682482,-9.339393,0,0,0,1,0,0,-1,False,-1,-1,0,0,0,-1
2026-06-29 14:47:59.750,104.3329,False,21.13773,0.9683042,-9.339384,0,0,0,1,0,0,-1,False,-1,-1,0,0,0,-1
2026-06-29 14:47:59.793,104.3762,False,21.13766,0.9682064,-9.339355,0,0,0,1,0,0,-1,False,-1,-1,0,0,0,-1
2026-06-29 14:47:59.827,104.4099,False,21.13766,0.968186,-9.339267,0,0,0,1,0,0,-1,False,-1,-1,0,0,0,-1
2026-06-29 14:47:59.861,104.4439,False,21.13757,0.968197,-9.339277,0,0,0,1,0,0,-1,False,-1,-1,0,0,0,-1
2026-06-29 14:47:59.904,104.4878,False,21.1377,0.9681582,-9.339224,0,0,0,1,0,0,-1,False,-1,-1,0,0,0,-1
2026-06-29 14:47:59.949,104.532,False,21.1378,0.9680723,-9.339378,0,0,0,1,0,0,-1,False,-1,-1,0,0,0,-1
2026-06-29 14:47:59.982,104.5659,False,21.13779,0.9681143,-9.339565,0,0,0,1,0,0,-1,False,-1,-1,0,0,0,-1
2026-06-29 14:48:00.017,104.5998,False,21.13777,0.968141,-9.339521,0,0,0,1,0,0,-1,False,-1,-1,0,0,0,-1
2026-06-29 14:48:00.059,104.643,False,21.13771,0.9681127,-9.339394,0,0,0,1,0,0,-1,False,-1,-1,0,0,0,-1
2026-06-29 14:48:00.093,104.6765,False,21.13775,0.9681975,-9.339376,0,0,0,1,0,0,-1,False,-1,-1,0,0,0,-1
2026-06-29 14:48:00.139,104.7219,False,21.13788,0.968193,-9.339434,0,0,0,1,0,0,-1,False,-1,-1,0,0,0,-1
2026-06-29 14:48:00.182,104.7654,False,21.13781,0.9682436,-9.339417,0,0,0,1,0,0,-1,False,-1,-1,0,0,0,-1
2026-06-29 14:48:00.227,104.8097,False,21.1378,0.9681827,-9.33933,0,0,0,1,0,0,-1,False,-1,-1,0,0,0,-1
2026-06-29 14:48:00.261,104.8432,False,21.13777,0.9682164,-9.3394,0,0,0,1,0,0,-1,False,-1,-1,0,0,0,-1
2026-06-29 14:48:00.305,104.8872,False,21.13777,0.968172,-9.339387,0,0,0,1,0,0,-1,False,-1,-1,0,0,0,-1
2026-06-29 14:48:00.337,104.9209,False,21.13773,0.968254,-9.339439,0,0,0,1,0,0,-1,False,-1,-1,0,0,0,-1
2026-06-29 14:48:00.372,104.9551,False,21.1378,0.9682042,-9.339426,0,0,0,1,0,0,-1,False,-1,-1,0,0,0,-1
2026-06-29 14:48:00.417,105,False,21.13781,0.9681875,-9.339346,0,0,0,1,0,0,-1,False,-1,-1,0,0,0,-1
2026-06-29 14:48:00.460,105.0431,False,21.13795,0.9681787,-9.339273,0,0,0,1,0,0,-1,False,-1,-1,0,0,0,-1
2026-06-29 14:48:00.504,105.0872,False,21.13791,0.9682361,-9.339287,0,0,0,1,0,0,-1,False,-1,-1,0,0,0,-1
2026-06-29 14:48:00.538,105.1206,False,21.13797,0.968268,-9.339329,0,0,0,1,0,0,-1,False,-1,-1,0,0,0,-1
2026-06-29 14:48:00.572,105.1549,False,21.13796,0.9682121,-9.339203,0,0,0,1,0,0,-1,False,-1,-1,0,0,0,-1
2026-06-29 14:48:00.616,105.199,False,21.13783,0.9681949,-9.339108,0,0,0,1,0,0,-1,False,-1,-1,0,0,0,-1
2026-06-29 14:48:00.659,105.2426,False,21.13771,0.9681759,-9.339087,0,0,0,1,0,0,-1,False,-1,-1,0,0,0,-1
2026-06-29 14:48:00.693,105.2764,False,21.13767,0.9681991,-9.339162,0,0,0,1,0,0,-1,False,-1,-1,0,0,0,-1
2026-06-29 14:48:00.737,105.3204,False,21.13778,0.9681997,-9.339227,0,0,0,1,0,0,-1,False,-1,-1,0,0,0,-1
2026-06-29 14:48:00.771,105.3542,False,21.13778,0.9682095,-9.339226,0,0,0,1,0,0,-1,False,-1,-1,0,0,0,-1
2026-06-29 14:48:00.815,105.3982,False,21.13772,0.9681875,-9.339354,0,0,0,1,0,0,-1,False,-1,-1,0,0,0,-1
2026-06-29 14:48:00.849,105.432,False,21.13793,0.9681191,-9.33937,0,0,0,1,0,0,-1,False,-1,-1,0,0,0,-1
2026-06-29 14:48:00.893,105.4757,False,21.13794,0.9680737,-9.339405,0,0,0,1,0,0,-1,False,-1,-1,0,0,0,-1
2026-06-29 14:48:00.927,105.5096,False,21.13783,0.9681287,-9.339388,0,0,0,1,0,0,-1,False,-1,-1,0,0,0,-1
2026-06-29 14:48:00.970,105.5537,False,21.13781,0.9680329,-9.339235,0,0,0,1,0,0,-1,False,-1,-1,0,0,0,-1
2026-06-29 14:48:01.016,105.599,False,21.13776,0.9681011,-9.339245,0,0,0,1,0,0,-1,False,-1,-1,0,0,0,-1
2026-06-29 14:48:01.059,105.6425,False,21.13784,0.9681171,-9.339458,0,0,0,1,0,0,-1,False,-1,-1,0,0,0,-1
2026-06-29 14:48:01.094,105.6772,False,21.13788,0.9681356,-9.33947,0,0,0,1,0,0,-1,False,-1,-1,0,0,0,-1
2026-06-29 14:48:01.138,105.7202,False,21.1379,0.9681628,-9.339239,0,0,0,1,0,0,-1,False,-1,-1,0,0,0,-1
2026-06-29 14:48:01.171,105.7539,False,21.13784,0.968168,-9.339174,0,0,0,1,0,0,-1,False,-1,-1,0,0,0,-1
2026-06-29 14:48:01.215,105.7982,False,21.13791,0.9680669,-9.339111,0,0,0,1,0,0,-1,False,-1,-1,0,0,0,-1
2026-06-29 14:48:01.260,105.8422,False,21.13788,0.9681636,-9.339314,0,0,0,1,0,0,-1,False,-1,-1,0,0,0,-1
2026-06-29 14:48:01.292,105.8755,False,21.13791,0.9681382,-9.339388,0,0,0,1,0,0,-1,False,-1,-1,0,0,0,-1
2026-06-29 14:48:01.326,105.9093,False,21.13791,0.9681695,-9.339361,0,0,0,1,0,0,-1,False,-1,-1,0,0,0,-1
2026-06-29 14:48:01.370,105.9533,False,21.13779,0.9682014,-9.33939,0,0,0,1,0,0,-1,False,-1,-1,0,0,0,-1
2026-06-29 14:48:01.405,105.9877,False,21.13787,0.9681721,-9.339478,0,0,0,1,0,0,-1,False,-1,-1,0,0,0,-1
2026-06-29 14:48:01.450,106.0326,False,21.13782,0.9681764,-9.339417,0,0,0,1,0,0,-1,False,-1,-1,0,0,0,-1
2026-06-29 14:48:01.493,106.0759,False,21.13785,0.9681727,-9.339516,0,0,0,1,0,0,-1,False,-1,-1,0,0,0,-1
2026-06-29 14:48:01.537,106.12,False,21.13796,0.9681631,-9.339467,0,0,0,1,0,0,-1,False,-1,-1,0,0,0,-1
2026-06-29 14:48:01.570,106.1537,False,21.13802,0.9681684,-9.339399,0,0,0,1,0,0,-1,False,-1,-1,0,0,0,-1
2026-06-29 14:48:01.604,106.1872,False,21.13792,0.968155,-9.339406,0,0,0,1,0,0,-1,False,-1,-1,0,0,0,-1
2026-06-29 14:48:01.649,106.2326,False,21.13775,0.9682046,-9.339077,0,0,0,1,0,0,-1,False,-1,-1,0,0,0,-1
2026-06-29 14:48:01.694,106.2769,False,21.13794,0.9681669,-9.339169,0,0,0,1,0,0,-1,False,-1,-1,0,0,0,-1
2026-06-29 14:48:01.737,106.3199,False,21.13785,0.9682075,-9.339331,0,0,0,1,0,0,-1,False,-1,-1,0,0,0,-1
2026-06-29 14:48:01.770,106.3535,False,21.13781,0.9681422,-9.339231,0,0,0,1,0,0,-1,False,-1,-1,0,0,0,-1
2026-06-29 14:48:01.804,106.3869,False,21.13774,0.9681299,-9.339212,0,0,0,1,0,0,-1,False,-1,-1,0,0,0,-1
2026-06-29 14:48:01.848,106.4309,False,21.13786,0.9681678,-9.339317,0,0,0,1,0,0,-1,False,-1,-1,0,0,0,-1
2026-06-29 14:48:01.882,106.4645,False,21.13789,0.9681873,-9.339355,0,0,0,1,0,0,-1,False,-1,-1,0,0,0,-1
2026-06-29 14:48:01.926,106.5085,False,21.13795,0.9680794,-9.339237,0,0,0,1,0,0,-1,False,-1,-1,0,0,0,-1
2026-06-29 14:48:01.959,106.5426,False,21.13779,0.9681503,-9.33924,0,0,0,1,0,0,-1,False,-1,-1,0,0,0,-1
2026-06-29 14:48:02.004,106.5866,False,21.13776,0.9682146,-9.339394,0,0,0,1,0,0,-1,False,-1,-1,0,0,0,-1
2026-06-29 14:48:02.049,106.6314,False,21.1378,0.9681957,-9.339329,0,0,0,1,0,0,-1,False,-1,-1,0,0,0,-1
2026-06-29 14:48:02.092,106.6753,False,21.13785,0.9682224,-9.339465,0,0,0,1,0,0,-1,False,-1,-1,0,0,0,-1
2026-06-29 14:48:02.137,106.7195,False,21.13779,0.9681835,-9.339326,0,0,0,1,0,0,-1,False,-1,-1,0,0,0,-1
2026-06-29 14:48:02.169,106.7529,False,21.13773,0.9682064,-9.339419,0,0,0,1,0,0,-1,False,-1,-1,0,0,0,-1
2026-06-29 14:48:02.203,106.7863,False,21.13779,0.9682189,-9.339432,0,0,0,1,0,0,-1,False,-1,-1,0,0,0,-1
2026-06-29 14:48:02.237,106.8197,False,21.13773,0.9682233,-9.339424,0,0,0,1,0,0,-1,False,-1,-1,0,0,0,-1
2026-06-29 14:48:02.281,106.8642,False,21.13769,0.9682877,-9.339323,0,0,0,1,0,0,-1,False,-1,-1,0,0,0,-1
2026-06-29 14:48:02.315,106.8976,False,21.13777,0.9682767,-9.339334,0,0,0,1,0,0,-1,False,-1,-1,0,0,0,-1
2026-06-29 14:48:02.348,106.9314,False,21.13778,0.9683049,-9.339287,0,0,0,1,0,0,-1,False,-1,-1,0,0,0,-1
2026-06-29 14:48:02.393,106.9754,False,21.1378,0.9682546,-9.339106,0,0,0,1,0,0,-1,False,-1,-1,0,0,0,-1
2026-06-29 14:48:02.427,107.0098,False,21.13783,0.9682703,-9.339246,0,0,0,1,0,0,-1,False,-1,-1,0,0,0,-1
2026-06-29 14:48:02.471,107.0536,False,21.13776,0.9682961,-9.339357,0,0,0,1,0,0,-1,False,-1,-1,0,0,0,-1
2026-06-29 14:48:02.514,107.0973,False,21.13801,0.9681163,-9.339435,0,0,0,1,0,0,-1,False,-1,-1,0,0,0,-1
2026-06-29 14:48:02.559,107.1418,False,21.1379,0.968168,-9.339476,0,0,0,1,0,0,-1,False,-1,-1,0,0,0,-1
2026-06-29 14:48:02.603,107.1861,False,21.13788,0.9681945,-9.339577,0,0,0,1,0,0,-1,False,-1,-1,0,0,0,-1
2026-06-29 14:48:02.637,107.2199,False,21.13806,0.9681672,-9.339449,0,0,0,1,0,0,-1,False,-1,-1,0,0,0,-1
2026-06-29 14:48:02.682,107.2649,False,21.13783,0.9681122,-9.339464,0,0,0,1,0,0,-1,False,-1,-1,0,0,0,-1
2026-06-29 14:48:02.725,107.3082,False,21.13778,0.968157,-9.339445,0,0,0,1,0,0,-1,False,-1,-1,0,0,0,-1
2026-06-29 14:48:02.759,107.342,False,21.13784,0.9681534,-9.339331,0,0,0,1,0,0,-1,False,-1,-1,0,0,0,-1
2026-06-29 14:48:02.804,107.3863,False,21.13793,0.9682188,-9.339514,0,0,0,1,0,0,-1,False,-1,-1,0,0,0,-1
2026-06-29 14:48:02.837,107.4196,False,21.13801,0.9682724,-9.339434,0,0,0,1,0,0,-1,False,-1,-1,0,0,0,-1
2026-06-29 14:48:02.870,107.453,False,21.13804,0.9681873,-9.339435,0,0,0,1,0,0,-1,False,-1,-1,0,0,0,-1
2026-06-29 14:48:02.904,107.4864,False,21.13808,0.9681899,-9.339502,0,0,0,1,0,0,-1,False,-1,-1,0,0,0,-1
2026-06-29 14:48:02.947,107.5305,False,21.13803,0.96817,-9.339571,0,0,0,1,0,0,-1,False,-1,-1,0,0,0,-1
2026-06-29 14:48:02.981,107.564,False,21.13803,0.9681873,-9.339623,0,0,0,1,0,0,-1,False,-1,-1,0,0,0,-1
2026-06-29 14:48:03.025,107.608,False,21.1378,0.968218,-9.339551,0,0,0,1,0,0,-1,False,-1,-1,0,0,0,-1
2026-06-29 14:48:03.059,107.6414,False,21.1379,0.9681221,-9.339504,0,0,0,1,0,0,-1,False,-1,-1,0,0,0,-1
2026-06-29 14:48:03.092,107.6752,False,21.13792,0.968172,-9.339581,0,0,0,1,0,0,-1,False,-1,-1,0,0,0,-1
2026-06-29 14:48:03.136,107.7189,False,21.13792,0.9682249,-9.339554,0,0,0,1,0,0,-1,False,-1,-1,0,0,0,-1
2026-06-29 14:48:03.169,107.7527,False,21.13799,0.9682413,-9.33949,0,0,0,1,0,0,-1,False,-1,-1,0,0,0,-1
2026-06-29 14:48:03.203,107.7863,False,21.13795,0.9682385,-9.33933,0,0,0,1,0,0,-1,False,-1,-1,0,0,0,-1
2026-06-29 14:48:03.247,107.8303,False,21.13803,0.9682434,-9.339333,0,0,0,1,0,0,-1,False,-1,-1,0,0,0,-1
2026-06-29 14:48:03.282,107.864,False,21.13807,0.9681781,-9.339351,0,0,0,1,0,0,-1,False,-1,-1,0,0,0,-1
2026-06-29 14:48:03.325,107.9079,False,21.13808,0.9682066,-9.339323,0,0,0,1,0,0,-1,False,-1,-1,0,0,0,-1
2026-06-29 14:48:03.369,107.9522,False,21.13797,0.9681925,-9.339184,0,0,0,1,0,0,-1,False,-1,-1,0,0,0,-1
2026-06-29 14:48:03.403,107.9862,False,21.13798,0.9682246,-9.33918,0,0,0,1,0,0,-1,False,-1,-1,0,0,0,-1
2026-06-29 14:48:03.447,108.0303,False,21.13798,0.9682342,-9.339149,0,0,0,1,0,0,-1,False,-1,-1,0,0,0,-1
2026-06-29 14:48:03.479,108.0637,False,21.13781,0.9682084,-9.339311,0,0,0,1,0,0,-1,False,-1,-1,0,0,0,-1
2026-06-29 14:48:03.515,108.0977,False,21.13777,0.9682884,-9.339336,0,0,0,1,0,0,-1,False,-1,-1,0,0,0,-1
2026-06-29 14:48:03.558,108.1411,False,21.13764,0.9683265,-9.339334,0,0,0,1,0,0,-1,False,-1,-1,0,0,0,-1
2026-06-29 14:48:03.602,108.1857,False,21.13783,0.9682578,-9.339455,0,0,0,1,0,0,-1,False,-1,-1,0,0,0,-1
2026-06-29 14:48:03.636,108.2194,False,21.13785,0.9682196,-9.339639,0,0,0,1,0,0,-1,False,-1,-1,0,0,0,-1
2026-06-29 14:48:03.669,108.2527,False,21.13798,0.9682091,-9.339701,0,0,0,1,0,0,-1,False,-1,-1,0,0,0,-1
2026-06-29 14:48:03.704,108.2871,False,21.1378,0.9682088,-9.339573,0,0,0,1,0,0,-1,False,-1,-1,0,0,0,-1
2026-06-29 14:48:03.748,108.3301,False,21.13775,0.9682575,-9.339493,0,0,0,1,0,0,-1,False,-1,-1,0,0,0,-1
2026-06-29 14:48:03.780,108.3637,False,21.13779,0.9681668,-9.339537,0,0,0,1,0,0,-1,False,-1,-1,0,0,0,-1
2026-06-29 14:48:03.824,108.4076,False,21.13789,0.9682162,-9.339603,0,0,0,1,0,0,-1,False,-1,-1,0,0,0,-1
2026-06-29 14:48:03.858,108.4417,False,21.13802,0.9681194,-9.339702,0,0,0,1,0,0,-1,False,-1,-1,0,0,0,-1
2026-06-29 14:48:03.903,108.4854,False,21.13799,0.9681391,-9.339735,0,0,0,1,0,0,-1,False,-1,-1,0,0,0,-1
2026-06-29 14:48:03.936,108.5192,False,21.13798,0.9681257,-9.339558,0,0,0,1,0,0,-1,False,-1,-1,0,0,0,-1
2026-06-29 14:48:03.979,108.5638,False,21.13798,0.9681222,-9.339619,0,0,0,1,0,0,-1,False,-1,-1,0,0,0,-1
2026-06-29 14:48:04.014,108.5972,False,21.1381,0.9681028,-9.3395,0,0,0,1,0,0,-1,False,-1,-1,0,0,0,-1
2026-06-29 14:48:04.058,108.6411,False,21.13818,0.9680269,-9.339398,0,0,0,1,0,0,-1,False,-1,-1,0,0,0,-1
2026-06-29 14:48:04.102,108.6852,False,21.13808,0.9680257,-9.339314,0,0,0,1,0,0,-1,False,-1,-1,0,0,0,-1
2026-06-29 14:48:04.135,108.7186,False,21.138,0.9681218,-9.339575,0,0,0,1,0,0,-1,False,-1,-1,0,0,0,-1
2026-06-29 14:48:04.169,108.7522,False,21.13799,0.968154,-9.339672,0,0,0,1,0,0,-1,False,-1,-1,0,0,0,-1
2026-06-29 14:48:04.203,108.7858,False,21.13809,0.9681036,-9.339603,0,0,0,1,0,0,-1,False,-1,-1,0,0,0,-1
2026-06-29 14:48:04.237,108.8202,False,21.13808,0.9681181,-9.33952,0,0,0,1,0,0,-1,False,-1,-1,0,0,0,-1
2026-06-29 14:48:04.280,108.8632,False,21.13791,0.9681749,-9.339615,0,0,0,1,0,0,-1,False,-1,-1,0,0,0,-1
2026-06-29 14:48:04.314,108.8966,False,21.13795,0.9681689,-9.339537,0,0,0,1,0,0,-1,False,-1,-1,0,0,0,-1
2026-06-29 14:48:04.347,108.9304,False,21.13783,0.9681801,-9.339431,0,0,0,1,0,0,-1,False,-1,-1,0,0,0,-1
2026-06-29 14:48:04.389,108.974,False,21.13797,0.9681675,-9.339365,0,0,0,1,0,0,-1,False,-1,-1,0,0,0,-1
2026-06-29 14:48:04.425,109.0076,False,21.138,0.9681833,-9.339403,0,0,0,1,0,0,-1,False,-1,-1,0,0,0,-1
2026-06-29 14:48:04.468,109.0519,False,21.138,0.9681564,-9.339573,0,0,0,1,0,0,-1,False,-1,-1,0,0,0,-1
2026-06-29 14:48:04.503,109.0865,False,21.13797,0.9681548,-9.339466,0,0,0,1,0,0,-1,False,-1,-1,0,0,0,-1
2026-06-29 14:48:04.548,109.1306,False,21.1379,0.9679975,-9.339486,0,0,0,1,0,0,-1,False,-1,-1,0,0,0,-1
2026-06-29 14:48:04.590,109.1738,False,21.13791,0.9680802,-9.339476,0,0,0,1,0,0,-1,False,-1,-1,0,0,0,-1
2026-06-29 14:48:04.625,109.2075,False,21.1378,0.9680776,-9.339415,0,0,0,1,0,0,-1,False,-1,-1,0,0,0,-1
2026-06-29 14:48:04.669,109.2522,False,21.13784,0.9681548,-9.339437,0,0,0,1,0,0,-1,False,-1,-1,0,0,0,-1
2026-06-29 14:48:04.714,109.2966,False,21.13788,0.9681454,-9.339287,0,0,0,1,0,0,-1,False,-1,-1,0,0,0,-1
2026-06-29 14:48:04.747,109.3303,False,21.13777,0.9682348,-9.3393,0,0,0,1,0,0,-1,False,-1,-1,0,0,0,-1
2026-06-29 14:48:04.791,109.374,False,21.13771,0.9682139,-9.339384,0,0,0,1,0,0,-1,False,-1,-1,0,0,0,-1
2026-06-29 14:48:04.835,109.4182,False,21.13767,0.9681398,-9.339195,0,0,0,1,0,0,-1,False,-1,-1,0,0,0,-1
2026-06-29 14:48:04.868,109.4519,False,21.13777,0.9682736,-9.339407,0,0,0,1,0,0,-1,False,-1,-1,0,0,0,-1
2026-06-29 14:48:04.913,109.4958,False,21.13792,0.9682601,-9.339474,0,0,0,1,0,0,-1,False,-1,-1,0,0,0,-1
2026-06-29 14:48:04.946,109.5294,False,21.13791,0.9682866,-9.33952,0,0,0,1,0,0,-1,False,-1,-1,0,0,0,-1
2026-06-29 14:48:04.990,109.5736,False,21.13785,0.9682771,-9.339487,0,0,0,1,0,0,-1,False,-1,-1,0,0,0,-1
2026-06-29 14:48:05.024,109.6071,False,21.13789,0.9682992,-9.339594,0,0,0,1,0,0,-1,False,-1,-1,0,0,0,-1
2026-06-29 14:48:05.058,109.6407,False,21.1378,0.9683121,-9.339609,0,0,0,1,0,0,-1,False,-1,-1,0,0,0,-1
2026-06-29 14:48:05.102,109.6847,False,21.13781,0.9681984,-9.33953,0,0,0,1,0,0,-1,False,-1,-1,0,0,0,-1
2026-06-29 14:48:05.135,109.7181,False,21.13796,0.9681111,-9.339518,0,0,0,1,0,0,-1,False,-1,-1,0,0,0,-1
2026-06-29 14:48:05.179,109.7624,False,21.13794,0.9682269,-9.339523,0,0,0,1,0,0,-1,False,-1,-1,0,0,0,-1
2026-06-29 14:48:05.213,109.796,False,21.13793,0.9681937,-9.33956,0,0,0,1,0,0,-1,False,-1,-1,0,0,0,-1
2026-06-29 14:48:05.247,109.8297,False,21.13787,0.9682648,-9.339598,0,0,0,1,0,0,-1,False,-1,-1,0,0,0,-1
2026-06-29 14:48:05.291,109.8738,False,21.13783,0.9683328,-9.339559,0,0,0,1,0,0,-1,False,-1,-1,0,0,0,-1
2026-06-29 14:48:05.336,109.9185,False,21.13802,0.9681965,-9.339436,0,0,0,1,0,0,-1,False,-1,-1,0,0,0,-1
2026-06-29 14:48:05.380,109.9628,False,21.13792,0.9682848,-9.339493,0,0,0,1,0,0,-1,False,-1,-1,0,0,0,-1
2026-06-29 14:48:05.424,110.0068,False,21.13779,0.9683291,-9.339401,0,0,0,1,0,0,-1,False,-1,-1,0,0,0,-1
2026-06-29 14:48:05.458,110.0404,False,21.1377,0.9683382,-9.339373,0,0,0,1,0,0,-1,False,-1,-1,0,0,0,-1
2026-06-29 14:48:05.490,110.0737,False,21.13776,0.9683048,-9.33935,0,0,0,1,0,0,-1,False,-1,-1,0,0,0,-1
2026-06-29 14:48:05.524,110.1073,False,21.13777,0.968291,-9.339497,0,0,0,1,0,0,-1,False,-1,-1,0,0,0,-1
2026-06-29 14:48:05.558,110.1409,False,21.13778,0.968325,-9.339623,0,0,0,1,0,0,-1,False,-1,-1,0,0,0,-1
2026-06-29 14:48:05.602,110.1847,False,21.13788,0.9682599,-9.339572,0,0,0,1,0,0,-1,False,-1,-1,0,0,0,-1
2026-06-29 14:48:05.647,110.2291,False,21.13785,0.9682178,-9.339741,0,0,0,1,0,0,-1,False,-1,-1,0,0,0,-1
2026-06-29 14:48:05.680,110.2628,False,21.13778,0.968188,-9.33955,0,0,0,1,0,0,-1,False,-1,-1,0,0,0,-1
2026-06-29 14:48:05.724,110.3071,False,21.13777,0.9681956,-9.339529,0,0,0,1,0,0,-1,False,-1,-1,0,0,0,-1
2026-06-29 14:48:05.758,110.341,False,21.13789,0.9681463,-9.339455,0,0,0,1,0,0,-1,False,-1,-1,0,0,0,-1
2026-06-29 14:48:05.803,110.3855,False,21.13791,0.9681181,-9.339487,0,0,0,1,0,0,-1,False,-1,-1,0,0,0,-1
2026-06-29 14:48:05.845,110.4288,False,21.13797,0.9681352,-9.33947,0,0,0,1,0,0,-1,False,-1,-1,0,0,0,-1
2026-06-29 14:48:05.879,110.4623,False,21.13793,0.9681373,-9.339444,0,0,0,1,0,0,-1,False,-1,-1,0,0,0,-1
2026-06-29 14:48:05.913,110.4961,False,21.13787,0.9682049,-9.339625,0,0,0,1,0,0,-1,False,-1,-1,0,0,0,-1
2026-06-29 14:48:05.958,110.5403,False,21.13801,0.9681715,-9.339657,0,0,0,1,0,0,-1,False,-1,-1,0,0,0,-1
2026-06-29 14:48:05.991,110.5739,False,21.13799,0.9682564,-9.339652,0,0,0,1,0,0,-1,False,-1,-1,0,0,0,-1
2026-06-29 14:48:06.034,110.618,False,21.13817,0.968247,-9.33951,0,0,0,1,0,0,-1,False,-1,-1,0,0,0,-1
2026-06-29 14:48:06.079,110.6624,False,21.13817,0.9681028,-9.339285,0,0,0,1,0,0,-1,False,-1,-1,0,0,0,-1
2026-06-29 14:48:06.124,110.7071,False,21.1379,0.9681724,-9.33954,0,0,0,1,0,0,-1,False,-1,-1,0,0,0,-1
2026-06-29 14:48:06.158,110.741,False,21.13805,0.9682316,-9.339668,0,0,0,1,0,0,-1,False,-1,-1,0,0,0,-1
2026-06-29 14:48:06.202,110.7842,False,21.13801,0.9681377,-9.339481,0,0,0,1,0,0,-1,False,-1,-1,0,0,0,-1
2026-06-29 14:48:06.235,110.8179,False,21.13789,0.9682106,-9.33938,0,0,0,1,0,0,-1,False,-1,-1,0,0,0,-1
2026-06-29 14:48:06.278,110.8621,False,21.13777,0.9683365,-9.339367,0,0,0,1,0,0,-1,False,-1,-1,0,0,0,-1
2026-06-29 14:48:06.323,110.9065,False,21.13781,0.9682479,-9.339314,0,0,0,1,0,0,-1,False,-1,-1,0,0,0,-1
2026-06-29 14:48:06.357,110.9401,False,21.13787,0.9682521,-9.339302,0,0,0,1,0,0,-1,False,-1,-1,0,0,0,-1
2026-06-29 14:48:06.402,110.9843,False,21.13786,0.96827,-9.339272,0,0,0,1,0,0,-1,False,-1,-1,0,0,0,-1
2026-06-29 14:48:06.446,111.029,False,21.13783,0.9683417,-9.339434,0,0,0,1,0,0,-1,False,-1,-1,0,0,0,-1
2026-06-29 14:48:06.479,111.0626,False,21.13775,0.9682899,-9.339431,0,0,0,1,0,0,-1,False,-1,-1,0,0,0,-1
2026-06-29 14:48:06.524,111.1064,False,21.13775,0.9682589,-9.339431,0,0,0,1,0,0,-1,False,-1,-1,0,0,0,-1
2026-06-29 14:48:06.558,111.1403,False,21.13782,0.9682917,-9.339493,0,0,0,1,0,0,-1,False,-1,-1,0,0,0,-1
2026-06-29 14:48:06.590,111.1741,False,21.13787,0.9681147,-9.339266,0,0,0,1,0,0,-1,False,-1,-1,0,0,0,-1
2026-06-29 14:48:06.634,111.2172,False,21.13793,0.968183,-9.339378,0,0,0,1,0,0,-1,False,-1,-1,0,0,0,-1
2026-06-29 14:48:06.679,111.2619,False,21.13791,0.9681062,-9.339429,0,0,0,1,0,0,-1,False,-1,-1,0,0,0,-1
2026-06-29 14:48:06.724,111.3066,False,21.13776,0.9681339,-9.33943,0,0,0,1,0,0,-1,False,-1,-1,0,0,0,-1
2026-06-29 14:48:06.757,111.3404,False,21.13771,0.9682565,-9.339556,0,0,0,1,0,0,-1,False,-1,-1,0,0,0,-1
2026-06-29 14:48:06.802,111.3849,False,21.13775,0.9682059,-9.339455,0,0,0,1,0,0,-1,False,-1,-1,0,0,0,-1
2026-06-29 14:48:06.846,111.4288,False,21.13779,0.9682416,-9.339486,0,0,0,1,0,0,-1,False,-1,-1,0,0,0,-1
2026-06-29 14:48:06.891,111.474,False,21.13798,0.9681315,-9.339626,0,0,0,1,0,0,-1,False,-1,-1,0,0,0,-1
2026-06-29 14:48:06.935,111.5177,False,21.13805,0.968159,-9.339613,0,0,0,1,0,0,-1,False,-1,-1,0,0,0,-1
2026-06-29 14:48:06.968,111.5516,False,21.13808,0.9681681,-9.339643,0,0,0,1,0,0,-1,False,-1,-1,0,0,0,-1
2026-06-29 14:48:07.002,111.585,False,21.13795,0.9681466,-9.33955,0,0,0,1,0,0,-1,False,-1,-1,0,0,0,-1
2026-06-29 14:48:07.046,111.6283,False,21.13802,0.9681596,-9.339338,0,0,0,1,0,0,-1,False,-1,-1,0,0,0,-1
2026-06-29 14:48:07.079,111.6624,False,21.13805,0.9680407,-9.339207,0,0,0,1,0,0,-1,False,-1,-1,0,0,0,-1
2026-06-29 14:48:07.113,111.6959,False,21.13793,0.9681099,-9.33923,0,0,0,1,0,0,-1,False,-1,-1,0,0,0,-1
2026-06-29 14:48:07.157,111.7401,False,21.13789,0.9681951,-9.339386,0,0,0,1,0,0,-1,False,-1,-1,0,0,0,-1
2026-06-29 14:48:07.191,111.774,False,21.13786,0.9681795,-9.339359,0,0,0,1,0,0,-1,False,-1,-1,0,0,0,-1
2026-06-29 14:48:07.224,111.8074,False,21.13791,0.9681688,-9.339355,0,0,0,1,0,0,-1,False,-1,-1,0,0,0,-1
2026-06-29 14:48:07.268,111.8513,False,21.13798,0.9682392,-9.3395,0,0,0,1,0,0,-1,False,-1,-1,0,0,0,-1
2026-06-29 14:48:07.312,111.8949,False,21.138,0.9682879,-9.339475,0,0,0,1,0,0,-1,False,-1,-1,0,0,0,-1
2026-06-29 14:48:07.345,111.9284,False,21.13797,0.9683314,-9.339633,0,0,0,1,0,0,-1,False,-1,-1,0,0,0,-1
2026-06-29 14:48:07.390,111.9728,False,21.13794,0.9682769,-9.339363,0,0,0,1,0,0,-1,False,-1,-1,0,0,0,-1
2026-06-29 14:48:07.433,112.0171,False,21.13799,0.9681177,-9.339231,0,0,0,1,0,0,-1,False,-1,-1,0,0,0,-1
2026-06-29 14:48:07.468,112.0505,False,21.13795,0.9681925,-9.339451,0,0,0,1,0,0,-1,False,-1,-1,0,0,0,-1
2026-06-29 14:48:07.501,112.0841,False,21.13789,0.968271,-9.339478,0,0,0,1,0,0,-1,False,-1,-1,0,0,0,-1
2026-06-29 14:48:07.534,112.1176,False,21.13794,0.9681779,-9.339346,0,0,0,1,0,0,-1,False,-1,-1,0,0,0,-1
2026-06-29 14:48:07.579,112.1618,False,21.13784,0.9681618,-9.339325,0,0,0,1,0,0,-1,False,-1,-1,0,0,0,-1
2026-06-29 14:48:07.613,112.1962,False,21.13792,0.9682169,-9.33954,0,0,0,1,0,0,-1,False,-1,-1,0,0,0,-1
2026-06-29 14:48:07.657,112.2395,False,21.1379,0.9680519,-9.33931,0,0,0,1,0,0,-1,False,-1,-1,0,0,0,-1
2026-06-29 14:48:07.689,112.273,False,21.13782,0.9681688,-9.339458,0,0,0,1,0,0,-1,False,-1,-1,0,0,0,-1
2026-06-29 14:48:07.734,112.3174,False,21.13786,0.9680026,-9.339972,0,0,0,1,0,0,-1,False,-1,-1,0,0,0,-1
2026-06-29 14:48:07.768,112.3507,False,21.13806,0.9679855,-9.339595,0,0,0,1,0,0,-1,False,-1,-1,0,0,0,-1
2026-06-29 14:48:07.813,112.3962,False,21.13654,0.9683371,-9.33854,0,0,0,1,0,0,-1,False,-1,-1,0,0,0,-1
2026-06-29 14:48:07.856,112.4395,False,21.13597,0.9682443,-9.339098,0,0,0,1,0,0,-1,False,-1,-1,0,0,0,-1
2026-06-29 14:48:07.903,112.486,False,21.13583,0.9682574,-9.341576,0,0,0,1,0,0,-1,False,-1,-1,0,0,0,-1
2026-06-29 14:48:07.946,112.5288,False,21.1351,0.9683488,-9.341144,0,0,0,1,0,0,-1,False,-1,-1,0,0,0,-1
2026-06-29 14:48:07.980,112.5624,False,21.13379,0.9683086,-9.339647,0,0,0,1,0,0,-1,False,-1,-1,0,0,0,-1
2026-06-29 14:48:08.024,112.6064,False,21.13361,0.9683499,-9.338512,0,0,0,1,0,0,-1,False,-1,-1,0,0,0,-1
2026-06-29 14:48:08.056,112.6399,False,21.13411,0.9686668,-9.337859,0,0,0,1,0,0,-1,False,-1,-1,0,0,0,-1
2026-06-29 14:48:08.101,112.6838,False,21.13496,0.9693249,-9.337639,0,0,0,1,0,0,-1,False,-1,-1,0,0,0,-1
2026-06-29 14:48:08.135,112.718,False,21.13578,0.9701323,-9.338482,0,0,0,1,0,0,-1,False,-1,-1,0,0,0,-1
2026-06-29 14:48:08.178,112.7616,False,21.13733,0.9708857,-9.337916,0,0,0,1,0,0,-1,False,-1,-1,0,0,0,-1
2026-06-29 14:48:08.213,112.7959,False,21.13848,0.9717757,-9.337595,0,0,0,1,0,0,-1,False,-1,-1,0,0,0,-1
2026-06-29 14:48:08.256,112.8399,False,21.13883,0.9729771,-9.336964,0,0,0,1,0,0,-1,False,-1,-1,0,0,0,-1
2026-06-29 14:48:08.290,112.8733,False,21.13892,0.9744671,-9.33669,0,0,0,1,0,0,-1,False,-1,-1,0,0,0,-1
2026-06-29 14:48:08.335,112.9181,False,21.13946,0.9782845,-9.336632,0,0,0,1,0,0,-1,False,-1,-1,0,0,0,-1
2026-06-29 14:48:11.395,113.2758,False,21.27152,0.9853039,-8.84946,0,0,0,1,0,0,-1,False,-1,-1,0,0,0,-1
2026-06-29 14:48:11.440,113.3241,False,21.27895,0.9683682,-8.851498,0,0,0,1,0,0,-1,False,-1,-1,0,0,0,-1
2026-06-29 14:48:11.475,113.3589,False,21.28678,0.9591208,-8.853157,0,0,0,1,0,0,-1,False,-1,-1,0,0,0,-1
2026-06-29 14:48:11.515,113.3995,False,21.29969,0.9509605,-8.857738,0,0,0,1,0,0,-1,False,-1,-1,0,0,0,-1
2026-06-29 14:48:11.549,113.4343,False,21.31303,0.9480351,-8.860041,0,0,0,1,0,0,-1,False,-1,-1,0,0,0,-1
2026-06-29 14:48:11.589,113.4724,False,21.32853,0.9487411,-8.863573,0,0,0,1,0,0,-1,False,-1,-1,0,0,0,-1
2026-06-29 14:48:11.624,113.5073,False,21.33888,0.9552101,-8.86733,0,0,0,1,0,0,-1,False,-1,-1,0,0,0,-1
2026-06-29 14:48:11.662,113.5457,False,21.35063,0.9638265,-8.867519,0,0,0,1,0,0,-1,False,-1,-1,0,0,0,-1
2026-06-29 14:48:11.698,113.5818,False,21.36392,0.9760746,-8.868102,0,0,0,1,0,0,-1,False,-1,-1,0,0,0,-1
2026-06-29 14:48:11.736,113.6179,False,21.37323,0.9864101,-8.866394,0,0,0,1,0,0,-1,False,-1,-1,0,0,0,-1
2026-06-29 14:48:11.773,113.6556,False,21.38056,0.9959751,-8.865238,0,0,0,1,0,0,-1,False,-1,-1,0,0,0,-1
2026-06-29 14:48:11.807,113.6919,False,21.38717,1.007349,-8.867879,0,0,0,1,0,0,-1,False,-1,-1,0,0,0,-1
2026-06-29 14:48:11.860,113.7407,False,21.39333,1.017908,-8.867538,0,0,0,1,0,0,-1,False,-1,-1,0,0,0,-1
2026-06-29 14:48:11.898,113.7806,False,21.39836,1.030167,-8.868217,0,0,0,1,0,0,-1,False,-1,-1,0,0,0,-1
2026-06-29 14:48:11.933,113.8165,False,21.40186,1.040539,-8.868379,0,0,0,1,0,0,-1,False,-1,-1,0,0,0,-1
2026-06-29 14:48:11.969,113.853,False,21.40724,1.052327,-8.866982,0,0,0,1,0,0,-1,False,-1,-1,0,0,0,-1
2026-06-29 14:48:12.005,113.89,False,21.41064,1.064239,-8.868967,0,0,0,1,0,0,-1,False,-1,-1,0,0,0,-1
2026-06-29 14:48:12.056,113.9404,False,21.41909,1.082394,-8.870405,0,0,0,1,0,0,-1,False,-1,-1,0,0,0,-1
2026-06-29 14:48:12.108,113.9907,False,21.43004,1.098015,-8.868065,0,0,0,1,0,0,-1,False,-1,-1,0,0,0,-1
2026-06-29 14:48:12.142,114.0245,False,21.43497,1.105559,-8.86705,0,0,0,1,0,0,-1,False,-1,-1,0,0,0,-1
2026-06-29 14:48:12.179,114.064,False,21.44112,1.111989,-8.864146,0,0,0,1,0,0,-1,False,-1,-1,0,0,0,-1
2026-06-29 14:48:12.214,114.0987,False,21.4459,1.116093,-8.863464,0,0,0,1,0,0,-1,False,-1,-1,0,0,0,-1
2026-06-29 14:48:12.255,114.1389,False,21.45459,1.119783,-8.862404,0,0,0,1,0,0,-1,False,-1,-1,0,0,0,-1
2026-06-29 14:48:12.283,114.173,False,21.45647,1.121277,-8.864482,0,0,0,1,0,0,-1,False,-1,-1,0,0,0,-1
2026-06-29 14:48:12.328,114.2178,False,21.46284,1.124518,-8.861058,0,0,0,1,0,0,-1,False,-1,-1,0,0,0,-1
2026-06-29 14:48:12.371,114.2619,False,21.46964,1.127837,-8.861567,0,0,0,1,0,0,-1,False,-1,-1,0,0,0,-1
2026-06-29 14:48:12.417,114.3065,False,21.47443,1.129324,-8.861944,0,0,0,1,0,0,-1,False,-1,-1,0,0,0,-1
2026-06-29 14:48:12.461,114.351,False,21.47743,1.131818,-8.859676,0,0,0,1,0,0,-1,False,-1,-1,0,0,0,-1
2026-06-29 14:48:12.515,114.3979,True,21.48381,1.136324,-8.856936,0.1760139,-0.6926613,0.1838798,0.6748539,0.8701594,0.4923001,0.0215211,False,-1,-1,0,0,0,-1
2026-06-29 14:48:12.563,114.4458,True,21.49089,1.139996,-8.855421,0.1678263,-0.6988707,0.1742081,0.6731016,0.8823484,0.4694262,0.0331717,False,-1,-1,0,0,0,-1
2026-06-29 14:48:12.606,114.4903,True,21.49713,1.144081,-8.854165,0.1725277,-0.6953835,0.179719,0.6740751,0.8754683,0.4825404,0.026648,False,-1,-1,0,0,0,-1
2026-06-29 14:48:12.652,114.5357,False,21.50322,1.148852,-8.853882,0,0,0,1,0,0,-1,False,-1,-1,0,0,0,-1
2026-06-29 14:48:12.697,114.579,False,21.50977,1.153335,-8.852409,0,0,0,1,0,0,-1,False,-1,-1,0,0,0,-1
2026-06-29 14:48:12.741,114.6242,False,21.51764,1.157338,-8.849247,0,0,0,1,0,0,-1,False,-1,-1,0,0,0,-1
2026-06-29 14:48:12.780,114.6645,True,21.52182,1.159014,-8.847584,0.08795619,-0.7138369,0.1004409,0.6874679,0.9638112,0.264331,0.03459888,False,-1,-1,0,0,0,-1
2026-06-29 14:48:12.814,114.6983,True,21.52742,1.161793,-8.845795,0.09044446,-0.7122632,0.1045316,0.6881672,0.9614037,0.2733898,0.03099799,False,-1,-1,0,0,0,-1
2026-06-29 14:48:12.862,114.7469,True,21.53617,1.166149,-8.844121,0.07842001,-0.7141163,0.09241996,0.689454,0.9702054,0.2401312,0.03222356,False,-1,-1,0,0,0,-1
2026-06-29 14:48:12.897,114.7813,True,21.54081,1.168148,-8.8445,0.08893429,-0.7159343,0.1009236,0.6850863,0.9630024,0.2663646,0.04094257,False,-1,-1,0,0,0,-1
2026-06-29 14:48:12.932,114.8169,True,21.54522,1.169593,-8.845026,0.08565079,-0.7093257,0.09824885,0.6927252,0.9659054,0.2580458,0.02095814,False,-1,-1,0,0,0,-1
2026-06-29 14:48:12.983,114.8671,True,21.54965,1.171632,-8.847301,0.08699377,-0.7108564,0.09738392,0.6911091,0.9656149,0.2586963,0.02576942,False,-1,-1,0,0,0,-1
2026-06-29 14:48:13.018,114.9015,True,21.55528,1.172202,-8.845216,0.09548929,-0.7070426,0.1055711,0.6926957,0.9593688,0.2815766,0.01805497,False,-1,-1,0,0,0,-1
2026-06-29 14:48:13.055,114.9391,True,21.56155,1.172777,-8.843744,0.09003901,-0.710184,0.09971506,0.6910779,0.9636284,0.26608,0.02493659,False,-1,-1,0,0,0,-1
2026-06-29 14:48:13.089,114.9727,True,21.56393,1.173159,-8.845353,0.08931382,-0.7087058,0.09963674,0.6926988,0.9640414,0.2649614,0.02048184,False,-1,-1,0,0,0,-1
2026-06-29 14:48:13.122,115.0062,True,21.54859,1.171617,-8.871672,0.09116016,-0.7086821,0.102563,0.6920552,0.9621949,0.2715449,0.02108092,False,-1,-1,0,0,0,-1
2026-06-29 14:48:13.156,115.0411,True,21.55041,1.171545,-8.872781,0.08930306,-0.7076865,0.1025204,0.6933213,0.9629974,0.268936,0.01759051,False,-1,-1,0,0,0,-1
2026-06-29 14:48:13.193,115.0757,True,21.55201,1.171735,-8.873345,0.08724137,-0.7081934,0.1015316,0.6932117,0.9641403,0.2647615,0.01829783,False,-1,-1,0,0,0,-1
2026-06-29 14:48:13.227,115.1108,True,21.55278,1.172096,-8.874079,0.08491301,-0.7037238,0.1006672,0.6981609,0.9655291,0.2602498,0.004874933,False,-1,-1,0,0,0,-1
2026-06-29 14:48:13.262,115.1445,True,21.55316,1.172793,-8.874455,0.08137622,-0.7033821,0.09790058,0.6993189,0.9678433,0.2515389,0.002736892,False,-1,-1,0,0,0,-1
2026-06-29 14:48:13.297,115.1812,True,21.55357,1.174045,-8.874918,0.05710058,-0.7093671,0.07450552,0.6985606,0.9825631,0.18548,0.01292428,False,-1,-1,0,0,0,-1
2026-06-29 14:48:13.346,115.2303,True,21.55382,1.175247,-8.875465,0.05225956,-0.7123106,0.06906615,0.6965001,0.9850301,0.1711907,0.0202349,False,-1,-1,0,0,0,-1
2026-06-29 14:48:13.396,115.2804,True,21.55428,1.17645,-8.876184,0.05170589,-0.7140512,0.06765975,0.6948954,0.9853849,0.1684854,0.02508531,False,-1,-1,0,0,0,-1
2026-06-29 14:48:13.431,115.3159,True,21.55427,1.176872,-8.876644,0.05212874,-0.7138991,0.06862559,0.6949254,0.9850584,0.1704346,0.02473861,False,-1,-1,0,0,0,-1
2026-06-29 14:48:13.482,115.3655,True,21.55392,1.177069,-8.877625,0.05232673,-0.7153565,0.07025971,0.6932464,0.9844837,0.1730721,0.0289461,False,-1,-1,0,0,0,-1
2026-06-29 14:48:13.517,115.4004,True,21.55361,1.17691,-8.87789,0.0558117,-0.7156292,0.07504392,0.6921909,0.9823275,0.1846719,0.03048028,False,-1,-1,0,0,0,-1
2026-06-29 14:48:13.566,115.4498,True,21.5519,1.176562,-8.878223,0.05193567,-0.714352,0.07519858,0.6937933,0.9834142,0.1795017,0.0259922,False,-1,-1,0,0,0,-1
2026-06-29 14:48:13.614,115.4984,True,21.5501,1.176985,-8.87748,0.05405648,-0.71615,0.08102117,0.691117,0.9811274,0.1907653,0.03158602,False,-1,-1,0,0,0,-1
2026-06-29 14:48:13.652,115.5343,True,21.54867,1.178246,-8.876575,0.1565901,-0.6914963,0.1864921,0.680098,0.8821647,0.4709103,0.005375053,False,-1,-1,0,0,0,-1
2026-06-29 14:48:13.687,115.5719,True,21.54553,1.180602,-8.875097,0.2513214,-0.683525,0.2793609,0.6257706,0.7150409,0.6964392,0.06073763,False,-1,-1,0,0,0,-1
2026-06-29 14:48:13.722,115.6054,False,21.54281,1.182551,-8.874514,0,0,0,1,0,0,-1,False,-1,-1,0,0,0,-1
2026-06-29 14:48:13.761,115.642,False,21.53953,1.183412,-8.873595,0,0,0,1,0,0,-1,False,-1,-1,0,0,0,-1
2026-06-29 14:48:13.799,115.6824,False,21.53519,1.183982,-8.873257,0,0,0,1,0,0,-1,False,-1,-1,0,0,0,-1
2026-06-29 14:48:13.835,115.7179,False,21.5311,1.185863,-8.872885,0,0,0,1,0,0,-1,False,-1,-1,0,0,0,-1
2026-06-29 14:48:13.869,115.7513,False,21.52608,1.18741,-8.871564,0,0,0,1,0,0,-1,False,-1,-1,0,0,0,-1
2026-06-29 14:48:13.903,115.7859,False,21.52076,1.188931,-8.869923,0,0,0,1,0,0,-1,False,-1,-1,0,0,0,-1
2026-06-29 14:48:13.942,115.8245,False,21.51463,1.190772,-8.868316,0,0,0,1,0,0,-1,False,-1,-1,0,0,0,-1
2026-06-29 14:48:13.979,115.8624,False,21.51,1.19273,-8.868073,0,0,0,1,0,0,-1,False,-1,-1,0,0,0,-1
2026-06-29 14:48:14.014,115.8976,False,21.50556,1.194258,-8.868522,0,0,0,1,0,0,-1,False,-1,-1,0,0,0,-1
2026-06-29 14:48:14.063,115.947,False,21.49816,1.197229,-8.871502,0,0,0,1,0,0,-1,False,-1,-1,0,0,0,-1
2026-06-29 14:48:14.098,115.9812,False,21.4939,1.19918,-8.874478,0,0,0,1,0,0,-1,False,-1,-1,0,0,0,-1
2026-06-29 14:48:14.148,116.0315,False,21.48779,1.201468,-8.879655,0,0,0,1,0,0,-1,False,-1,-1,0,0,0,-1
2026-06-29 14:48:14.196,116.0803,False,21.47985,1.203168,-8.887377,0,0,0,1,0,0,-1,False,-1,-1,0,0,0,-1
2026-06-29 14:48:14.230,116.1146,False,21.47457,1.202342,-8.892345,0,0,0,1,0,0,-1,False,-1,-1,0,0,0,-1
2026-06-29 14:48:14.279,116.1631,False,21.46668,1.198231,-8.898688,0,0,0,1,0,0,-1,False,-1,-1,0,0,0,-1
2026-06-29 14:48:14.317,116.1997,False,21.46069,1.194457,-8.90355,0,0,0,1,0,0,-1,False,-1,-1,0,0,0,-1
2026-06-29 14:48:14.352,116.2359,False,21.45338,1.188077,-8.910225,0,0,0,1,0,0,-1,False,-1,-1,0,0,0,-1
2026-06-29 14:48:14.389,116.2719,False,21.44789,1.182632,-8.915216,0,0,0,1,0,0,-1,False,-1,-1,0,0,0,-1
2026-06-29 14:48:14.422,116.3059,False,21.44276,1.177673,-8.920238,0,0,0,1,0,0,-1,False,-1,-1,0,0,0,-1
2026-06-29 14:48:14.460,116.3425,False,21.43789,1.173111,-8.924876,0,0,0,1,0,0,-1,False,-1,-1,0,0,0,-1
2026-06-29 14:48:14.494,116.378,False,21.43183,1.168012,-8.930256,0,0,0,1,0,0,-1,False,-1,-1,0,0,0,-1
2026-06-29 14:48:14.530,116.4131,False,21.42754,1.164958,-8.933695,0,0,0,1,0,0,-1,False,-1,-1,0,0,0,-1
2026-06-29 14:48:14.570,116.4541,False,21.42311,1.163593,-8.936604,0,0,0,1,0,0,-1,False,-1,-1,0,0,0,-1
2026-06-29 14:48:14.605,116.489,False,21.41848,1.162886,-8.939201,0,0,0,1,0,0,-1,False,-1,-1,0,0,0,-1
2026-06-29 14:48:14.638,116.5229,False,21.41398,1.162997,-8.941626,0,0,0,1,0,0,-1,False,-1,-1,0,0,0,-1
2026-06-29 14:48:14.712,116.5956,False,21.4092,1.164255,-8.94426,0,0,0,1,0,0,-1,False,-1,-1,0,0,0,-1
2026-06-29 14:48:14.745,116.6293,False,21.39932,1.167596,-8.949943,0,0,0,1,0,0,-1,False,-1,-1,0,0,0,-1
2026-06-29 14:48:14.780,116.6642,False,21.39656,1.169765,-8.952152,0,0,0,1,0,0,-1,False,-1,-1,0,0,0,-1
2026-06-29 14:48:14.814,116.6977,False,21.39414,1.171281,-8.9538,0,0,0,1,0,0,-1,False,-1,-1,0,0,0,-1
2026-06-29 14:48:14.846,116.7315,False,21.39241,1.172129,-8.954665,0,0,0,1,0,0,-1,False,-1,-1,0,0,0,-1
2026-06-29 14:48:14.896,116.7808,False,21.39097,1.173308,-8.955692,0,0,0,1,0,0,-1,False,-1,-1,0,0,0,-1
2026-06-29 14:48:14.930,116.8143,False,21.3911,1.173921,-8.956122,0,0,0,1,0,0,-1,False,-1,-1,0,0,0,-1
2026-06-29 14:48:14.969,116.8521,False,21.39196,1.174436,-8.955717,0,0,0,1,0,0,-1,False,-1,-1,0,0,0,-1
2026-06-29 14:48:15.013,116.8961,False,21.39339,1.175092,-8.954473,0,0,0,1,0,0,-1,False,-1,-1,0,0,0,-1
2026-06-29 14:48:15.047,116.9312,False,21.3951,1.175908,-8.953496,0,0,0,1,0,0,-1,False,-1,-1,0,0,0,-1
2026-06-29 14:48:15.101,116.9831,False,21.3978,1.177259,-8.952072,0,0,0,1,0,0,-1,False,-1,-1,0,0,0,-1
2026-06-29 14:48:15.136,117.0193,False,21.39957,1.177857,-8.951106,0,0,0,1,0,0,-1,False,-1,-1,0,0,0,-1
2026-06-29 14:48:15.170,117.0547,False,21.40118,1.178118,-8.950583,0,0,0,1,0,0,-1,False,-1,-1,0,0,0,-1
2026-06-29 14:48:15.220,117.1028,False,21.40401,1.178287,-8.949524,0,0,0,1,0,0,-1,False,-1,-1,0,0,0,-1
2026-06-29 14:48:15.255,117.1392,False,21.40566,1.177981,-8.949265,0,0,0,1,0,0,-1,False,-1,-1,0,0,0,-1
2026-06-29 14:48:15.305,117.1897,False,21.40784,1.17725,-8.949172,0,0,0,1,0,0,-1,False,-1,-1,0,0,0,-1
2026-06-29 14:48:15.355,117.2388,False,21.4091,1.176344,-8.949534,0,0,0,1,0,0,-1,False,-1,-1,0,0,0,-1
2026-06-29 14:48:15.406,117.29,False,21.41021,1.175075,-8.950125,0,0,0,1,0,0,-1,False,-1,-1,0,0,0,-1
2026-06-29 14:48:15.456,117.3393,False,21.41082,1.174301,-8.950985,0,0,0,1,0,0,-1,False,-1,-1,0,0,0,-1
2026-06-29 14:48:15.493,117.3765,False,21.41051,1.173939,-8.951861,0,0,0,1,0,0,-1,False,-1,-1,0,0,0,-1
2026-06-29 14:48:15.525,117.4157,False,21.40964,1.173608,-8.953191,0,0,0,1,0,0,-1,False,-1,-1,0,0,0,-1
2026-06-29 14:48:15.561,117.4515,False,21.40872,1.174037,-8.954004,0,0,0,1,0,0,-1,False,-1,-1,0,0,0,-1
2026-06-29 14:48:15.603,117.4934,False,21.40743,1.174607,-8.955174,0,0,0,1,0,0,-1,False,-1,-1,0,0,0,-1
2026-06-29 14:48:15.637,117.5276,False,21.40651,1.1752,-8.955804,0,0,0,1,0,0,-1,False,-1,-1,0,0,0,-1
2026-06-29 14:48:15.682,117.5722,False,21.40518,1.175981,-8.956591,0,0,0,1,0,0,-1,False,-1,-1,0,0,0,-1
2026-06-29 14:48:15.727,117.6174,False,21.40398,1.176455,-8.957096,0,0,0,1,0,0,-1,False,-1,-1,0,0,0,-1
2026-06-29 14:48:15.771,117.6606,False,21.40348,1.176455,-8.95754,0,0,0,1,0,0,-1,False,-1,-1,0,0,0,-1
2026-06-29 14:48:15.817,117.7067,False,21.403,1.176482,-8.958382,0,0,0,1,0,0,-1,False,-1,-1,0,0,0,-1
2026-06-29 14:48:15.859,117.7496,False,21.40275,1.176201,-8.959249,0,0,0,1,0,0,-1,False,-1,-1,0,0,0,-1
2026-06-29 14:48:15.904,117.794,False,21.40231,1.175627,-8.959585,0,0,0,1,0,0,-1,False,-1,-1,0,0,0,-1
2026-06-29 14:48:15.948,117.8383,False,21.40172,1.174415,-8.959926,0,0,0,1,0,0,-1,False,-1,-1,0,0,0,-1
2026-06-29 14:48:15.992,117.8823,False,21.40096,1.17326,-8.960461,0,0,0,1,0,0,-1,False,-1,-1,0,0,0,-1
2026-06-29 14:48:16.037,117.9266,False,21.40025,1.172204,-8.960918,0,0,0,1,0,0,-1,False,-1,-1,0,0,0,-1
2026-06-29 14:48:16.071,117.961,False,21.39989,1.171643,-8.961067,0,0,0,1,0,0,-1,False,-1,-1,0,0,0,-1
2026-06-29 14:48:16.106,117.996,False,21.39944,1.171204,-8.96139,0,0,0,1,0,0,-1,False,-1,-1,0,0,0,-1
2026-06-29 14:48:16.141,118.0313,False,21.39915,1.170737,-8.961681,0,0,0,1,0,0,-1,False,-1,-1,0,0,0,-1
2026-06-29 14:48:16.175,118.0649,False,21.39874,1.170088,-8.961911,0,0,0,1,0,0,-1,False,-1,-1,0,0,0,-1
2026-06-29 14:48:16.208,118.0984,False,21.39854,1.169847,-8.962199,0,0,0,1,0,0,-1,False,-1,-1,0,0,0,-1
2026-06-29 14:48:16.252,118.1431,False,21.39847,1.169681,-8.962711,0,0,0,1,0,0,-1,False,-1,-1,0,0,0,-1
2026-06-29 14:48:16.297,118.187,False,21.39861,1.169701,-8.963182,0,0,0,1,0,0,-1,False,-1,-1,0,0,0,-1
2026-06-29 14:48:16.331,118.2207,False,21.39872,1.16954,-8.963534,0,0,0,1,0,0,-1,False,-1,-1,0,0,0,-1
2026-06-29 14:48:16.374,118.2649,False,21.39896,1.169335,-8.964042,0,0,0,1,0,0,-1,False,-1,-1,0,0,0,-1
2026-06-29 14:48:16.408,118.299,False,21.39907,1.169155,-8.964367,0,0,0,1,0,0,-1,False,-1,-1,0,0,0,-1
2026-06-29 14:48:16.453,118.3425,False,21.39896,1.168902,-8.964692,0,0,0,1,0,0,-1,False,-1,-1,0,0,0,-1
2026-06-29 14:48:16.485,118.3762,False,21.39882,1.168587,-8.964623,0,0,0,1,0,0,-1,False,-1,-1,0,0,0,-1
2026-06-29 14:48:16.530,118.4208,False,21.39886,1.168315,-8.964434,0,0,0,1,0,0,-1,False,-1,-1,0,0,0,-1
2026-06-29 14:48:16.565,118.4548,False,21.39868,1.168375,-8.964349,0,0,0,1,0,0,-1,False,-1,-1,0,0,0,-1
2026-06-29 14:48:16.599,118.4883,False,21.39858,1.168391,-8.964239,0,0,0,1,0,0,-1,False,-1,-1,0,0,0,-1
2026-06-29 14:48:16.643,118.533,False,21.39832,1.168473,-8.96423,0,0,0,1,0,0,-1,False,-1,-1,0,0,0,-1
2026-06-29 14:48:16.686,118.5767,False,21.39826,1.168665,-8.964529,0,0,0,1,0,0,-1,False,-1,-1,0,0,0,-1
2026-06-29 14:48:16.732,118.6214,False,21.3982,1.168742,-8.965587,0,0,0,1,0,0,-1,False,-1,-1,0,0,0,-1
2026-06-29 14:48:16.776,118.666,False,21.39846,1.168489,-8.96669,0,0,0,1,0,0,-1,False,-1,-1,0,0,0,-1
2026-06-29 14:48:16.819,118.7097,False,21.39871,1.168611,-8.968553,0,0,0,1,0,0,-1,False,-1,-1,0,0,0,-1
2026-06-29 14:48:16.853,118.7435,False,21.39898,1.168383,-8.969762,0,0,0,1,0,0,-1,False,-1,-1,0,0,0,-1
2026-06-29 14:48:16.887,118.7768,False,21.39954,1.168221,-8.970843,0,0,0,1,0,0,-1,False,-1,-1,0,0,0,-1
2026-06-29 14:48:16.930,118.8207,False,21.39982,1.168387,-8.972453,0,0,0,1,0,0,-1,False,-1,-1,0,0,0,-1
2026-06-29 14:48:16.965,118.8549,False,21.40014,1.169045,-8.973913,0,0,0,1,0,0,-1,False,-1,-1,0,0,0,-1
2026-06-29 14:48:17.009,118.8989,False,21.40114,1.170425,-8.976103,0,0,0,1,0,0,-1,False,-1,-1,0,0,0,-1
2026-06-29 14:48:17.052,118.9428,False,21.40232,1.171635,-8.978573,0,0,0,1,0,0,-1,False,-1,-1,0,0,0,-1
2026-06-29 14:48:17.086,118.9773,False,21.40302,1.172259,-8.9805,0,0,0,1,0,0,-1,False,-1,-1,0,0,0,-1
2026-06-29 14:48:17.130,119.0205,False,21.4047,1.172686,-8.983134,0,0,0,1,0,0,-1,False,-1,-1,0,0,0,-1
2026-06-29 14:48:17.174,119.0644,False,21.40676,1.17272,-8.986193,0,0,0,1,0,0,-1,False,-1,-1,0,0,0,-1
2026-06-29 14:48:17.219,119.1093,False,21.40861,1.172327,-8.98912,0,0,0,1,0,0,-1,False,-1,-1,0,0,0,-1
2026-06-29 14:48:17.253,119.1431,False,21.40986,1.171877,-8.991013,0,0,0,1,0,0,-1,False,-1,-1,0,0,0,-1
2026-06-29 14:48:17.296,119.1867,False,21.41118,1.170489,-8.992666,0,0,0,1,0,0,-1,False,-1,-1,0,0,0,-1
2026-06-29 14:48:17.330,119.2203,False,21.4121,1.168944,-8.993704,0,0,0,1,0,0,-1,False,-1,-1,0,0,0,-1
2026-06-29 14:48:17.375,119.2656,False,21.41365,1.166419,-8.994925,0,0,0,1,0,0,-1,False,-1,-1,0,0,0,-1
2026-06-29 14:48:17.419,119.3094,False,21.41513,1.163821,-8.995215,0,0,0,1,0,0,-1,False,-1,-1,0,0,0,-1
2026-06-29 14:48:17.454,119.3444,False,21.41641,1.162453,-8.995168,0,0,0,1,0,0,-1,False,-1,-1,0,0,0,-1
2026-06-29 14:48:17.498,119.3874,False,21.41813,1.161352,-8.994842,0,0,0,1,0,0,-1,False,-1,-1,0,0,0,-1
2026-06-29 14:48:17.542,119.4315,False,21.4194,1.160855,-8.994042,0,0,0,1,0,0,-1,False,-1,-1,0,0,0,-1
2026-06-29 14:48:17.576,119.4654,False,21.41991,1.160471,-8.993238,0,0,0,1,0,0,-1,False,-1,-1,0,0,0,-1
2026-06-29 14:48:17.619,119.5097,False,21.42008,1.160067,-8.992631,0,0,0,1,0,0,-1,False,-1,-1,0,0,0,-1
2026-06-29 14:48:17.653,119.5437,False,21.42033,1.159841,-8.99221,0,0,0,1,0,0,-1,False,-1,-1,0,0,0,-1
2026-06-29 14:48:17.697,119.5877,False,21.42076,1.15945,-8.991611,0,0,0,1,0,0,-1,False,-1,-1,0,0,0,-1
2026-06-29 14:48:17.768,119.6585,False,21.42073,1.158866,-8.99148,0,0,0,1,0,0,-1,False,-1,-1,0,0,0,-1
2026-06-29 14:48:17.806,119.6958,False,21.42054,1.157714,-8.991523,0,0,0,1,0,0,-1,False,-1,-1,0,0,0,-1
2026-06-29 14:48:17.847,119.738,False,21.4201,1.156923,-8.991478,0,0,0,1,0,0,-1,False,-1,-1,0,0,0,-1
2026-06-29 14:48:17.882,119.7731,False,21.41979,1.156591,-8.991537,0,0,0,1,0,0,-1,False,-1,-1,0,0,0,-1
2026-06-29 14:48:17.917,119.8064,False,21.4192,1.156239,-8.991471,0,0,0,1,0,0,-1,False,-1,-1,0,0,0,-1
2026-06-29 14:48:17.960,119.8505,False,21.4185,1.155305,-8.990831,0,0,0,1,0,0,-1,False,-1,-1,0,0,0,-1
2026-06-29 14:48:18.004,119.8947,False,21.41865,1.153489,-8.989529,0,0,0,1,0,0,-1,False,-1,-1,0,0,0,-1
2026-06-29 14:48:18.048,119.9386,False,21.42166,1.150823,-8.985325,0,0,0,1,0,0,-1,False,-1,-1,0,0,0,-1
2026-06-29 14:48:18.092,119.9826,False,21.42432,1.148214,-8.980894,0,0,0,1,0,0,-1,False,-1,-1,0,0,0,-1
2026-06-29 14:48:18.137,120.0268,False,21.4277,1.144487,-8.974129,0,0,0,1,0,0,-1,False,-1,-1,0,0,0,-1
2026-06-29 14:48:18.182,120.0716,False,21.43118,1.139677,-8.96542,0,0,0,1,0,0,-1,False,-1,-1,0,0,0,-1
2026-06-29 14:48:18.214,120.1053,False,21.43392,1.135592,-8.958066,0,0,0,1,0,0,-1,False,-1,-1,0,0,0,-1
2026-06-29 14:48:18.249,120.1398,False,21.43682,1.131469,-8.950016,0,0,0,1,0,0,-1,False,-1,-1,0,0,0,-1
2026-06-29 14:48:18.284,120.1743,False,21.43989,1.128072,-8.941503,0,0,0,1,0,0,-1,False,-1,-1,0,0,0,-1
2026-06-29 14:48:18.318,120.2081,False,21.44281,1.125626,-8.932819,0,0,0,1,0,0,-1,False,-1,-1,0,0,0,-1
2026-06-29 14:48:18.352,120.242,False,21.4456,1.124948,-8.924254,0,0,0,1,0,0,-1,False,-1,-1,0,0,0,-1
2026-06-29 14:48:18.386,120.2763,False,21.44753,1.125803,-8.917274,0,0,0,1,0,0,-1,False,-1,-1,0,0,0,-1
2026-06-29 14:48:18.422,120.3111,False,21.44973,1.129035,-8.914261,0,0,0,1,0,0,-1,False,-1,-1,0,0,0,-1
2026-06-29 14:48:18.455,120.3456,False,21.45212,1.133674,-8.91235,0,0,0,1,0,0,-1,False,-1,-1,0,0,0,-1
2026-06-29 14:48:18.498,120.3875,False,21.45648,1.140939,-8.910279,0,0,0,1,0,0,-1,False,-1,-1,0,0,0,-1
2026-06-29 14:48:18.532,120.4213,False,21.46054,1.145913,-8.908941,0,0,0,1,0,0,-1,False,-1,-1,0,0,0,-1
2026-06-29 14:48:18.564,120.4547,False,21.4654,1.149765,-8.907386,0,0,0,1,0,0,-1,False,-1,-1,0,0,0,-1
2026-06-29 14:48:18.608,120.4992,False,21.47309,1.15395,-8.90426,0,0,0,1,0,0,-1,False,-1,-1,0,0,0,-1
2026-06-29 14:48:18.653,120.5435,False,21.48007,1.157945,-8.903337,0,0,0,1,0,0,-1,False,-1,-1,0,0,0,-1
2026-06-29 14:48:18.688,120.5774,False,21.48553,1.160073,-8.904532,0,0,0,1,0,0,-1,False,-1,-1,0,0,0,-1
2026-06-29 14:48:18.731,120.6215,False,21.49426,1.162263,-8.90535,0,0,0,1,0,0,-1,False,-1,-1,0,0,0,-1
2026-06-29 14:48:18.765,120.655,False,21.50183,1.163766,-8.904518,0,0,0,1,0,0,-1,False,-1,-1,0,0,0,-1
2026-06-29 14:48:18.800,120.6893,False,21.50982,1.166113,-8.902439,0,0,0,1,0,0,-1,False,-1,-1,0,0,0,-1
2026-06-29 14:48:18.843,120.733,False,21.51877,1.168742,-8.900982,0,0,0,1,0,0,-1,False,-1,-1,0,0,0,-1
2026-06-29 14:48:18.886,120.7763,False,21.52032,1.169864,-8.899968,0,0,0,1,0,0,-1,False,-1,-1,0,0,0,-1
2026-06-29 14:48:18.921,120.811,False,21.51883,1.17068,-8.899227,0,0,0,1,0,0,-1,False,-1,-1,0,0,0,-1
2026-06-29 14:48:18.955,120.8447,False,21.51942,1.171646,-8.896218,0,0,0,1,0,0,-1,False,-1,-1,0,0,0,-1
2026-06-29 14:48:18.997,120.8876,False,21.52244,1.173005,-8.892669,0,0,0,1,0,0,-1,False,-1,-1,0,0,0,-1
2026-06-29 14:48:19.042,120.9326,False,21.52389,1.173548,-8.890899,0,0,0,1,0,0,-1,False,-1,-1,0,0,0,-1
2026-06-29 14:48:19.085,120.9761,False,21.52663,1.173788,-8.88957,0,0,0,1,0,0,-1,False,-1,-1,0,0,0,-1
2026-06-29 14:48:19.130,121.0206,False,21.53028,1.17496,-8.88797,0,0,0,1,0,0,-1,False,-1,-1,0,0,0,-1
2026-06-29 14:48:19.175,121.0653,False,21.53383,1.176837,-8.886846,0,0,0,1,0,0,-1,False,-1,-1,0,0,0,-1
2026-06-29 14:48:19.219,121.1093,False,21.53801,1.180041,-8.884583,0,0,0,1,0,0,-1,False,-1,-1,0,0,0,-1
2026-06-29 14:48:19.265,121.1547,False,21.54177,1.183332,-8.882812,0,0,0,1,0,0,-1,False,-1,-1,0,0,0,-1
2026-06-29 14:48:19.307,121.1979,False,21.54595,1.185907,-8.881719,0,0,0,1,0,0,-1,False,-1,-1,0,0,0,-1
2026-06-29 14:48:19.341,121.2319,False,21.54963,1.186769,-8.881602,0,0,0,1,0,0,-1,False,-1,-1,0,0,0,-1
2026-06-29 14:48:19.386,121.2758,False,21.55495,1.186683,-8.882755,0,0,0,1,0,0,-1,False,-1,-1,0,0,0,-1
2026-06-29 14:48:19.420,121.3102,False,21.55939,1.185512,-8.884226,0,0,0,1,0,0,-1,False,-1,-1,0,0,0,-1
2026-06-29 14:48:19.463,121.3537,False,21.56439,1.184771,-8.886363,0,0,0,1,0,0,-1,False,-1,-1,0,0,0,-1
2026-06-29 14:48:19.497,121.3873,False,21.56752,1.185157,-8.887657,0,0,0,1,0,0,-1,False,-1,-1,0,0,0,-1
2026-06-29 14:48:19.531,121.4207,False,21.57025,1.185534,-8.888483,0,0,0,1,0,0,-1,False,-1,-1,0,0,0,-1
2026-06-29 14:48:19.581,121.4652,True,21.57321,1.186068,-8.889502,0.04350632,-0.6834962,0.02540753,0.7282134,0.9932512,0.09809564,-0.06188035,False,-1,-1,0,0,0,-1
2026-06-29 14:48:19.620,121.5054,True,21.57661,1.187009,-8.890077,0.03464253,-0.6839056,0.01178584,0.7286523,0.9958421,0.06660551,-0.06214601,False,-1,-1,0,0,0,-1
2026-06-29 14:48:19.657,121.5395,True,21.57893,1.188075,-8.889578,0.03900499,-0.6831031,0.01222148,0.7291772,0.9952531,0.07358015,-0.06369743,False,-1,-1,0,0,0,-1
2026-06-29 14:48:19.709,121.5767,True,21.58235,1.189403,-8.887169,0.03680847,-0.6867083,0.01019997,0.725929,0.9962519,0.06744947,-0.05415376,False,-1,-1,0,0,0,-1
2026-06-29 14:48:19.728,121.6126,True,21.58462,1.190137,-8.885508,0.03600613,-0.6918907,0.01389759,0.72097,0.996664,0.07114992,-0.03998176,False,-1,-1,0,0,0,-1
2026-06-29 14:48:19.772,121.6561,True,21.58628,1.190506,-8.88326,0.03576819,-0.7140821,0.01876133,0.6988959,0.996796,0.07679074,0.02238526,False,-1,-1,0,0,0,-1
2026-06-29 14:48:19.815,121.6973,True,21.5881,1.191446,-8.880778,0.04086452,-0.6993803,0.01126725,0.7134917,0.9970831,0.07407317,-0.01839466,False,-1,-1,0,0,0,-1
2026-06-29 14:48:19.862,121.7448,True,21.58899,1.192629,-8.879192,0.04964775,-0.706185,0.01051908,0.7062063,0.99638,0.08497993,0.002324241,False,-1,-1,0,0,0,-1
2026-06-29 14:48:19.904,121.7876,True,21.58965,1.192948,-8.876407,0.04275228,-0.7050807,0.0007361798,0.7078369,0.9981012,0.0615614,-0.002066948,False,-1,-1,0,0,0,-1
2026-06-29 14:48:19.951,121.8341,True,21.59004,1.193482,-8.874138,0.0496333,-0.6979549,0.006264532,0.7143922,0.9966053,0.07966001,-0.02079098,False,-1,-1,0,0,0,-1
2026-06-29 14:48:19.995,121.8792,True,21.59004,1.193485,-8.872828,0.05136647,-0.7043995,0.009642181,0.707877,0.9962658,0.08630618,-0.002365597,False,-1,-1,0,0,0,-1
2026-06-29 14:48:20.039,121.9225,True,21.58914,1.193583,-8.87231,0.04918069,-0.6993823,0.008176498,0.713007,0.9965246,0.08156934,-0.01689127,False,-1,-1,0,0,0,-1
2026-06-29 14:48:20.088,121.9683,True,21.58729,1.193966,-8.872688,0.04422489,-0.6984032,0.00830356,0.7142887,0.9969884,0.07477713,-0.02055429,False,-1,-1,0,0,0,-1
2026-06-29 14:48:20.126,122.0094,True,21.58516,1.194323,-8.874024,0.04161064,-0.6946767,0.01137254,0.7180276,0.9966475,0.07555565,-0.03138568,False,-1,-1,0,0,0,-1
2026-06-29 14:48:20.171,122.0555,True,21.5824,1.194769,-8.875471,0.04549293,-0.6905828,0.01648175,0.721633,0.995195,0.08842242,-0.0420517,False,-1,-1,0,0,0,-1
2026-06-29 14:48:20.215,122.0982,True,21.58099,1.194775,-8.87656,0.04561114,-0.6920298,0.01790265,0.7202041,0.9951723,0.09047699,-0.03802867,False,-1,-1,0,0,0,-1
2026-06-29 14:48:20.255,122.1393,True,21.57768,1.194774,-8.878115,0.03865619,-0.6936172,0.0162067,0.7191234,0.9963396,0.07807962,-0.03480187,False,-1,-1,0,0,0,-1
2026-06-29 14:48:20.294,122.178,True,21.57352,1.194811,-8.879257,0.03778094,-0.6904688,0.01981503,0.7221031,0.9956819,0.08192679,-0.04365089,False,-1,-1,0,0,0,-1
2026-06-29 14:48:20.329,122.2132,True,21.57015,1.194526,-8.880088,0.05413593,-0.6401682,0.03410089,0.7655658,0.9764897,0.1265498,-0.1745078,False,-1,-1,0,0,0,-1
2026-06-29 14:48:20.364,122.2482,True,21.56664,1.193957,-8.880723,0.066388,-0.6236756,0.04752449,0.7774077,0.9633904,0.1625008,-0.2132427,False,-1,-1,0,0,0,-1
2026-06-29 14:48:20.403,122.2861,True,21.56264,1.194134,-8.881023,0.06485353,-0.6312709,0.04735144,0.7713941,0.9677756,0.1598384,-0.194582,False,-1,-1,0,0,0,-1
2026-06-29 14:48:20.440,122.3224,True,21.55685,1.194782,-8.881268,0.06599484,-0.6158496,0.04745978,0.7836591,0.958968,0.1618911,-0.2327479,False,-1,-1,0,0,0,-1
2026-06-29 14:48:20.478,122.3634,True,21.55234,1.195642,-8.880589,0.06649854,-0.618439,0.0483943,0.7815173,0.9602051,0.1637973,-0.2262222,False,-1,-1,0,0,0,-1
2026-06-29 14:48:20.522,122.4042,True,21.54678,1.19846,-8.878798,0.05710663,-0.6096123,0.03794213,0.7897292,0.9585236,0.1364575,-0.2502233,False,-1,-1,0,0,0,-1
2026-06-29 14:48:20.562,122.446,True,21.53982,1.20084,-8.875254,0.07291587,-0.4998378,0.0437744,0.8619335,0.8552701,0.1694575,-0.4896909,False,-1,-1,0,0,0,-1
2026-06-29 14:48:20.604,122.4881,True,21.53732,1.202401,-8.873773,0.0692678,-0.4773312,0.0383063,0.8751512,0.8301672,0.1578092,-0.5347137,False,-1,-1,0,0,0,-1
2026-06-29 14:48:20.644,122.5265,True,21.53457,1.203815,-8.872383,0.05900581,-0.4547265,0.02732789,0.8882541,0.8046002,0.1296777,-0.5794843,False,-1,-1,0,0,0,-1
2026-06-29 14:48:20.688,122.5707,True,21.53225,1.203782,-8.871961,0.08662721,-0.4733866,0.03764499,0.8757761,0.8226392,0.1873733,-0.5368016,False,-1,-1,0,0,0,-1
2026-06-29 14:48:20.728,122.6113,True,21.52977,1.203809,-8.871391,0.07826319,-0.4779978,0.02492541,0.8745123,0.8321284,0.1607128,-0.5307859,False,-1,-1,0,0,0,-1
2026-06-29 14:48:20.770,122.6532,True,21.5273,1.203626,-8.870841,0.07138215,-0.4787635,0.01442424,0.8749183,0.8356987,0.1387187,-0.5313802,False,-1,-1,0,0,0,-1
2026-06-29 14:48:20.809,122.6929,True,21.52532,1.203894,-8.869482,0.07830626,-0.466375,0.01244125,0.8810265,0.819829,0.1495844,-0.552725,False,-1,-1,0,0,0,-1
2026-06-29 14:48:20.846,122.7307,True,21.52442,1.204209,-8.869009,0.07554293,-0.4636244,0.01194789,0.8827247,0.8167003,0.1444459,-0.5586913,False,-1,-1,0,0,0,-1
2026-06-29 14:48:20.887,122.7714,True,21.52365,1.203887,-8.869358,0.07381343,-0.3662926,0.009671834,0.927517,0.6780574,0.1440119,-0.7207626,False,-1,-1,0,0,0,-1
2026-06-29 14:48:20.925,122.8084,True,21.52431,1.202976,-8.870036,0.05841817,-0.2369949,-0.0001369182,0.9697529,0.4596689,0.1132375,-0.8808415,False,-1,-1,0,0,0,-1
2026-06-29 14:48:20.960,122.8447,True,21.52553,1.202674,-8.871354,0.04489486,-0.2128863,-0.007787745,0.976014,0.4162593,0.08432022,-0.9053277,False,-1,-1,0,0,0,-1
2026-06-29 14:48:21.000,122.8826,True,21.52613,1.202647,-8.872838,0.07534062,-0.2569589,0.006821272,0.963457,0.4941098,0.1486805,-0.8565919,False,-1,-1,0,0,0,-1
2026-06-29 14:48:21.042,122.9244,True,21.52703,1.202753,-8.875214,0.0707644,-0.2733738,0.007289292,0.9592737,0.5234491,0.1397503,-0.8405183,False,-1,-1,0,0,0,-1
2026-06-29 14:48:21.079,122.9625,True,21.52765,1.20324,-8.877493,0.062417,-0.2580975,0.007809133,0.9640689,0.4966727,0.1243796,-0.8589796,False,-1,-1,0,0,0,-1
2026-06-29 14:48:21.117,122.9984,True,21.52873,1.203432,-8.880695,0.05106965,-0.2468911,0.008066512,0.967663,0.4769909,0.1028195,-0.8728733,False,-1,-1,0,0,0,-1
2026-06-29 14:48:21.151,123.0369,True,21.53016,1.203626,-8.883784,0.046282,-0.2441587,0.0109933,0.9685678,0.471951,0.09502274,-0.876489,False,-1,-1,0,0,0,-1
2026-06-29 14:48:21.191,123.072,True,21.5313,1.203733,-8.886737,0.04866914,-0.2329742,0.01418731,0.9711607,0.4511299,0.1011417,-0.8867086,False,-1,-1,0,0,0,-1
2026-06-29 14:48:21.228,123.1131,True,21.53201,1.204219,-8.89041,0.03798926,-0.2284334,0.0172693,0.9726648,0.4430662,0.0817914,-0.89275,False,-1,-1,0,0,0,-1
2026-06-29 14:48:21.266,123.1477,True,21.53251,1.205011,-8.892866,0.03403629,-0.1668587,0.02085333,0.9851725,0.3273497,0.07402236,-0.9419994,False,-1,-1,0,0,0,-1
2026-06-29 14:48:21.304,123.1875,True,21.53299,1.20531,-8.895326,0.02501141,-0.1293046,0.02007745,0.9910861,0.2552997,0.05476912,-0.9653095,False,-1,-1,0,0,0,-1
2026-06-29 14:48:21.340,123.2236,True,21.53304,1.205555,-8.898218,0.03946125,-0.1071794,0.02272262,0.9931964,0.211107,0.08325633,-0.9739108,False,-1,-1,0,0,0,-1
2026-06-29 14:48:21.377,123.2607,True,21.53284,1.205839,-8.900617,0.04129691,-0.114163,0.02342961,0.9923268,0.2246389,0.08730966,-0.9705228,False,-1,-1,0,0,0,-1
2026-06-29 14:48:21.413,123.2976,True,21.53287,1.20598,-8.902497,0.03793124,-0.122281,0.02323975,0.9914981,0.2407198,0.08090107,-0.9672171,False,-1,-1,0,0,0,-1
2026-06-29 14:48:21.449,123.3342,True,21.53319,1.205342,-8.904703,0.04318226,-0.1101743,0.0206295,0.9927595,0.2169715,0.09028488,-0.9719938,False,-1,-1,0,0,0,-1
2026-06-29 14:48:21.487,123.3718,True,21.53341,1.2054,-8.90714,0.05130414,-0.109597,0.01990067,0.9924517,0.2154975,0.1061959,-0.9707128,False,-1,-1,0,0,0,-1
2026-06-29 14:48:21.525,123.4086,True,21.53391,1.205264,-8.908279,0.04841622,-0.1103677,0.01812147,0.9925455,0.2173352,0.1001107,-0.9709497,False,-1,-1,0,0,0,-1
2026-06-29 14:48:21.561,123.4454,True,21.53486,1.204953,-8.909876,0.05163082,-0.09527602,0.01677644,0.9939695,0.1876706,0.1058357,-0.9765135,False,-1,-1,0,0,0,-1
2026-06-29 14:48:21.596,123.4801,True,21.53537,1.204932,-8.91114,0.04665238,-0.09774531,0.01558676,0.9939952,0.1928624,0.09579154,-0.9765388,False,-1,-1,0,0,0,-1
2026-06-29 14:48:21.630,123.5144,True,21.53588,1.20474,-8.912176,0.04454203,-0.09607749,0.01363696,0.9942833,0.1898416,0.0911952,-0.9775702,False,-1,-1,0,0,0,-1
2026-06-29 14:48:21.670,123.5527,True,21.53673,1.204368,-8.913013,0.04848673,-0.09921478,0.01383976,0.9937877,0.1958548,0.09911725,-0.9756109,False,-1,-1,0,0,0,-1
2026-06-29 14:48:21.709,123.592,True,21.53774,1.203914,-8.913885,0.05184981,-0.1037275,0.01306263,0.9931675,0.204683,0.105701,-0.9731044,False,-1,-1,0,0,0,-1
2026-06-29 14:48:21.747,123.6304,True,21.53865,1.203822,-8.914158,0.05139494,-0.1091766,0.01395332,0.9925948,0.215302,0.1050754,-0.9708781,False,-1,-1,0,0,0,-1
2026-06-29 14:48:21.785,123.6677,True,21.53956,1.203824,-8.914082,0.04306764,-0.1013972,0.01488108,0.993802,0.2002557,0.08861921,-0.9757276,False,-1,-1,0,0,0,-1
2026-06-29 14:48:21.824,123.7064,True,21.54013,1.203874,-8.913237,0.04742819,-0.1100515,0.01659938,0.9926549,0.2169117,0.09781323,-0.9712785,False,-1,-1,0,0,0,-1
2026-06-29 14:48:21.861,123.7464,True,21.54128,1.203873,-8.912495,0.04459865,-0.08885492,0.01603954,0.9949163,0.1753757,0.09159423,-0.9802315,False,-1,-1,0,0,0,-1
2026-06-29 14:48:21.912,123.7812,True,21.54231,1.203844,-8.911829,0.06778298,-0.005818144,0.01511581,0.9975686,0.009558806,0.1354122,-0.9907432,False,-1,-1,0,0,0,-1
2026-06-29 14:48:21.933,123.8156,True,21.54324,1.203924,-8.911014,0.05468547,-0.02578266,0.01472274,0.9980622,0.04985516,0.1099182,-0.9926895,False,-1,-1,0,0,0,-1
2026-06-29 14:48:21.968,123.8503,True,21.54443,1.204083,-8.910367,0.05305501,-0.02952429,0.0138437,0.9980591,0.05746501,0.1067215,-0.992627,False,-1,-1,0,0,0,-1
2026-06-29 14:48:22.003,123.888,True,21.54618,1.204069,-8.909441,0.05933709,-0.02068808,0.01243566,0.9979461,0.03981539,0.118945,-0.9921022,False,-1,-1,0,0,0,-1
2026-06-29 14:48:22.040,123.9236,True,21.54763,1.203917,-8.908537,0.056179,-0.0243553,0.01137667,0.9980588,0.04733779,0.1126941,-0.9925015,False,-1,-1,0,0,0,-1
2026-06-29 14:48:22.082,123.9654,True,21.5492,1.203522,-8.90757,0.06140108,-0.01459314,0.01112782,0.9979445,0.02775976,0.1228745,-0.9920339,False,-1,-1,0,0,0,-1
2026-06-29 14:48:22.120,124.0043,True,21.55124,1.202937,-8.906272,0.09251849,0.007163172,0.0112666,0.9956214,-0.01634835,0.1840654,-0.982778,False,-1,-1,0,0,0,-1
2026-06-29 14:48:22.158,124.0412,True,21.55269,1.202276,-8.905518,0.09305314,0.01056093,0.01054556,0.9955493,-0.02299044,0.1850552,-0.9824592,False,-1,-1,0,0,0,-1
2026-06-29 14:48:22.194,124.0787,True,21.55412,1.201641,-8.904442,0.08817775,0.01426239,0.009939199,0.995953,-0.03016218,0.1753583,-0.9840425,False,-1,-1,0,0,0,-1
2026-06-29 14:48:22.230,124.1134,True,21.55458,1.201246,-8.903461,0.08878869,0.01547928,0.01000636,0.9958799,-0.03260792,0.176536,-0.9837539,False,-1,-1,0,0,0,-1
2026-06-29 14:48:22.269,124.1522,True,21.55534,1.201167,-8.902848,0.08954615,0.01317776,0.01001121,0.9958452,-0.02803895,0.1780844,-0.9836157,False,-1,-1,0,0,0,-1
2026-06-29 14:48:22.305,124.1885,True,21.55655,1.20091,-8.902192,0.08567182,0.01160653,0.009434346,0.9962112,-0.02474162,0.1704754,-0.9850513,False,-1,-1,0,0,0,-1
2026-06-29 14:48:22.338,124.2231,True,21.55736,1.200744,-8.901919,0.08797719,0.01097444,0.009444502,0.9960173,-0.02352327,0.1750463,-0.9842792,False,-1,-1,0,0,0,-1
2026-06-29 14:48:22.377,124.2605,True,21.55778,1.200191,-8.901651,0.08120359,0.006758651,0.009368856,0.9966306,-0.01499333,0.1617333,-0.9867206,False,-1,-1,0,0,0,-1
2026-06-29 14:48:22.416,124.2991,True,21.55744,1.199208,-8.900892,0.08107785,-1.820363E-05,0.0101517,0.9966561,-0.00160987,0.1616138,-0.9868528,False,-1,-1,0,0,0,-1
2026-06-29 14:48:22.455,124.3396,True,21.55557,1.198261,-8.899084,0.1042806,0.03825283,0.01233309,0.9937355,-0.07859859,0.2063112,-0.9753245,False,-1,-1,0,0,0,-1
2026-06-29 14:48:22.493,124.3766,True,21.55355,1.196515,-8.897469,0.1243144,0.01086956,0.01616511,0.9920517,-0.02558544,0.2463013,-0.9688556,False,-1,-1,0,0,0,-1
2026-06-29 14:48:22.534,124.4173,True,21.55186,1.194949,-8.896379,0.1088447,0.007584886,0.01743648,0.9938769,-0.01887262,0.2160921,-0.9761906,False,-1,-1,0,0,0,-1
2026-06-29 14:48:22.571,124.4553,True,21.54952,1.192366,-8.894316,0.1033707,0.01499841,0.01822845,0.9943628,-0.03359629,0.2050292,-0.9781791,False,-1,-1,0,0,0,-1
2026-06-29 14:48:22.612,124.4944,True,21.54803,1.19041,-8.893172,0.09153409,0.01456558,0.01842758,0.9955249,-0.03237429,0.1817121,-0.9828187,False,-1,-1,0,0,0,-1
2026-06-29 14:48:22.654,124.538,True,21.54607,1.188238,-8.891889,0.0902559,0.02495095,0.01928561,0.9954193,-0.0531546,0.1787225,-0.9824626,False,-1,-1,0,0,0,-1
2026-06-29 14:48:22.690,124.5748,True,21.54414,1.188426,-8.889217,0.09031093,0.02393735,0.01466984,0.9955179,-0.05030981,0.17911,-0.9825419,False,-1,-1,0,0,0,-1
2026-06-29 14:48:22.730,124.6139,True,21.54446,1.187974,-8.888792,0.08381718,0.02981549,0.01022038,0.9959826,-0.0611047,0.1663515,-0.9841715,False,-1,-1,0,0,0,-1
2026-06-29 14:48:22.770,124.6531,True,21.54483,1.18662,-8.888475,0.08068687,0.03107855,0.0070594,0.9962299,-0.06306196,0.1603266,-0.9850475,False,-1,-1,0,0,0,-1
2026-06-29 14:48:22.809,124.6922,True,21.54593,1.185227,-8.888786,0.08826649,0.03536728,0.004249966,0.9954597,-0.07116365,0.1754309,-0.9819164,False,-1,-1,0,0,0,-1
2026-06-29 14:48:22.847,124.7314,True,21.54807,1.184064,-8.89007,0.09128074,0.03662515,0.002206587,0.9951491,-0.0732978,0.1815143,-0.9806529,False,-1,-1,0,0,0,-1
2026-06-29 14:48:22.885,124.7701,True,21.55029,1.182752,-8.891363,0.09118392,0.04200934,0.0008388167,0.9949473,-0.08374713,0.1813759,-0.9798414,False,-1,-1,0,0,0,-1
2026-06-29 14:48:22.955,124.8389,True,21.54975,1.182302,-8.891204,0.08439548,0.02994679,-0.001328904,0.9959813,-0.05942859,0.1681922,-0.9839612,False,-1,-1,0,0,0,-1
2026-06-29 14:48:22.992,124.8745,True,21.55234,1.181274,-8.894413,0.0866615,0.02750247,-0.002848188,0.9958541,-0.05428323,0.1727611,-0.9834668,False,-1,-1,0,0,0,-1
2026-06-29 14:48:23.028,124.9117,True,21.55375,1.181207,-8.896707,0.08016077,0.03113057,-0.002204074,0.9962933,-0.06167699,0.1598645,-0.9852103,False,-1,-1,0,0,0,-1
2026-06-29 14:48:23.065,124.9495,True,21.55447,1.181334,-8.898357,0.07936349,0.03024667,-0.001543717,0.9963856,-0.06002966,0.1582467,-0.9855732,False,-1,-1,0,0,0,-1
2026-06-29 14:48:23.104,124.9877,True,21.55336,1.181483,-8.898296,0.08510803,0.02542844,-0.0006806042,0.996047,-0.05054,0.1695778,-0.98422,False,-1,-1,0,0,0,-1
2026-06-29 14:48:23.145,125.0289,True,21.55315,1.181553,-8.899405,0.08909776,0.02888294,0.0003242098,0.995604,-0.0575697,0.1773934,-0.9824547,False,-1,-1,0,0,0,-1
2026-06-29 14:48:23.185,125.0672,True,21.55392,1.18168,-8.901203,0.08589814,0.03532159,0.001261299,0.9956768,-0.07055445,0.1709645,-0.9827478,False,-1,-1,0,0,0,-1
2026-06-29 14:48:23.220,125.1042,True,21.5542,1.181708,-8.902275,0.08766963,0.0355203,0.001800017,0.9955145,-0.07103755,0.1744249,-0.9821047,False,-1,-1,0,0,0,-1
2026-06-29 14:48:23.266,125.1505,True,21.55573,1.181628,-8.904635,0.085466,0.03643679,0.003006847,0.9956701,-0.07307199,0.1699727,-0.9827359,False,-1,-1,0,0,0,-1
2026-06-29 14:48:23.306,125.1879,True,21.5564,1.181652,-8.906162,0.08730409,0.04311694,0.003847963,0.9952407,-0.08649535,0.1734453,-0.9810379,False,-1,-1,0,0,0,-1
2026-06-29 14:48:23.347,125.2288,True,21.55613,1.181476,-8.90653,0.08695558,0.0365541,0.003053172,0.9955366,-0.07331288,0.1729117,-0.982205,False,-1,-1,0,0,0,-1
2026-06-29 14:48:23.386,125.27,True,21.55437,1.181677,-8.90587,0.08073168,0.0355232,0.002466361,0.9960997,-0.07116751,0.1606584,-0.984441,False,-1,-1,0,0,0,-1
2026-06-29 14:48:23.419,125.3037,True,21.55239,1.182019,-8.904898,0.08221863,0.03209999,0.002439084,0.9960943,-0.06435031,0.1636384,-0.9844193,False,-1,-1,0,0,0,-1
2026-06-29 14:48:23.456,125.3394,True,21.55102,1.182215,-8.904738,0.08207763,0.03426459,0.002933625,0.9960325,-0.06873885,0.1633029,-0.9841784,False,-1,-1,0,0,0,-1
2026-06-29 14:48:23.495,125.3789,True,21.55143,1.182307,-8.906427,0.07961652,0.03253334,0.003099913,0.9962897,-0.06531888,0.1584405,-0.9852056,False,-1,-1,0,0,0,-1
2026-06-29 14:48:23.530,125.4147,True,21.55212,1.182577,-8.908077,0.08130385,0.03771572,0.00453679,0.9959652,-0.07586481,0.1616094,-0.9839344,False,-1,-1,0,0,0,-1
2026-06-29 14:48:23.570,125.4526,True,21.55069,1.182923,-8.907743,0.0868926,0.03596238,0.005048509,0.9955556,-0.07248244,0.1726497,-0.9823127,False,-1,-1,0,0,0,-1
2026-06-29 14:48:23.606,125.4888,True,21.55033,1.18305,-8.908403,0.08072302,0.0306473,0.004882136,0.9962533,-0.06185315,0.1605419,-0.9850891,False,-1,-1,0,0,0,-1
2026-06-29 14:48:23.640,125.5263,True,21.54982,1.182989,-8.908333,0.08479269,0.02727271,0.004718167,0.9960141,-0.05512814,0.1686521,-0.9841328,False,-1,-1,0,0,0,-1
2026-06-29 14:48:23.677,125.5603,True,21.54935,1.183074,-8.908601,0.08628959,0.0335643,0.004896818,0.9956925,-0.06768452,0.1715071,-0.9828551,False,-1,-1,0,0,0,-1
2026-06-29 14:48:23.712,125.5958,True,21.5498,1.183012,-8.909447,0.07872614,0.04325023,0.005249594,0.9959438,-0.08697616,0.1563595,-0.9838632,False,-1,-1,0,0,0,-1
2026-06-29 14:48:23.752,125.635,True,21.54947,1.18297,-8.909887,0.07652767,0.04668396,0.004575606,0.9959635,-0.09369136,0.1520103,-0.9839283,False,-1,-1,0,0,0,-1
2026-06-29 14:48:23.791,125.6737,True,21.54798,1.183168,-8.909491,0.08632103,0.03992546,0.00407663,0.9954587,-0.08019208,0.1715325,-0.9819093,False,-1,-1,0,0,0,-1
2026-06-29 14:48:23.828,125.7125,True,21.54868,1.183284,-8.910799,0.08491153,0.03443593,0.004053228,0.995785,-0.0692699,0.1688281,-0.9832084,False,-1,-1,0,0,0,-1
2026-06-29 14:48:23.867,125.7506,True,21.54858,1.18336,-8.911349,0.08266264,0.03389672,0.004545612,0.9959906,-0.06827313,0.1643543,-0.9840358,False,-1,-1,0,0,0,-1
2026-06-29 14:48:23.903,125.7863,True,21.54847,1.183465,-8.912018,0.08064267,0.03270607,0.00496202,0.9961941,-0.06596348,0.1603469,-0.9848542,False,-1,-1,0,0,0,-1
2026-06-29 14:48:23.941,125.8246,True,21.5497,1.18338,-8.913482,0.07820826,0.03198739,0.005164518,0.9964104,-0.06455295,0.1555246,-0.9857206,False,-1,-1,0,0,0,-1
2026-06-29 14:48:23.977,125.8618,True,21.54961,1.183461,-8.913851,0.08011451,0.0352817,0.00494069,0.9961488,-0.07108328,0.1592633,-0.9846737,False,-1,-1,0,0,0,-1
2026-06-29 14:48:24.014,125.8964,True,21.54911,1.183501,-8.913871,0.07836489,0.03611879,0.005039191,0.9962575,-0.07275703,0.1557792,-0.9851087,False,-1,-1,0,0,0,-1
2026-06-29 14:48:24.052,125.9354,True,21.5496,1.183435,-8.91492,0.07677509,0.03967489,0.005511675,0.9962435,-0.07989801,0.152536,-0.985063,False,-1,-1,0,0,0,-1
2026-06-29 14:48:24.086,125.9709,True,21.55009,1.183454,-8.91567,0.08181372,0.03766894,0.005570762,0.9959199,-0.07594203,0.1625401,-0.9837751,False,-1,-1,0,0,0,-1
2026-06-29 14:48:24.121,126.0061,True,21.54787,1.183544,-8.91395,0.07750827,0.03113494,0.00512611,0.9964923,-0.06284608,0.1541536,-0.9860462,False,-1,-1,0,0,0,-1
2026-06-29 14:48:24.161,126.0433,True,21.54769,1.183451,-8.914075,0.07633781,0.03168775,0.004974341,0.9965659,-0.06391732,0.1518361,-0.9863368,False,-1,-1,0,0,0,-1
2026-06-29 14:48:24.197,126.0816,True,21.5487,1.183393,-8.915368,0.07552971,0.03034502,0.004832875,0.99667,-0.061218,0.1502631,-0.9867489,False,-1,-1,0,0,0,-1
2026-06-29 14:48:24.236,126.1204,True,21.54873,1.18338,-8.915603,0.07631244,0.03075597,0.004859115,0.9965976,-0.06204429,0.1518067,-0.986461,False,-1,-1,0,0,0,-1
2026-06-29 14:48:24.277,126.1592,True,21.55012,1.183178,-8.91678,0.07721568,0.03115552,0.004980611,0.9965151,-0.06286307,0.1535828,-0.9861342,False,-1,-1,0,0,0,-1
2026-06-29 14:48:24.315,126.1985,True,21.54988,1.1832,-8.91675,0.07798084,0.03166477,0.005086102,0.9964389,-0.06389724,0.1550842,-0.9858327,False,-1,-1,0,0,0,-1
2026-06-29 14:48:24.353,126.2369,True,21.54892,1.183328,-8.916244,0.07760761,0.02970801,0.004953705,0.996529,-0.05997868,0.1543821,-0.986189,False,-1,-1,0,0,0,-1
2026-06-29 14:48:24.388,126.2715,True,21.54919,1.183336,-8.916665,0.07542268,0.02848595,0.004920774,0.9967326,-0.05752803,0.1500721,-0.9869999,False,-1,-1,0,0,0,-1
2026-06-29 14:48:24.427,126.3103,True,21.54969,1.183291,-8.917317,0.07602789,0.02875308,0.004875841,0.9966791,-0.05805659,0.1512704,-0.9867861,False,-1,-1,0,0,0,-1
2026-06-29 14:48:24.465,126.3486,True,21.54901,1.183338,-8.916984,0.07589732,0.02878563,0.005012098,0.9966875,-0.05814137,0.1510033,-0.9868219,False,-1,-1,0,0,0,-1
2026-06-29 14:48:24.504,126.3885,True,21.54919,1.183314,-8.917196,0.08209916,0.03664958,0.005700106,0.9959338,-0.07393705,0.1631128,-0.9838331,False,-1,-1,0,0,0,-1
2026-06-29 14:48:24.539,126.4238,True,21.54703,1.183513,-8.9156,0.06985355,-0.02181383,0.002960625,0.9973143,0.04309688,0.1394611,-0.9892893,False,-1,-1,0,0,0,-1
2026-06-29 14:48:24.574,126.4577,True,21.54675,1.183588,-8.915478,0.07478616,-0.01243085,0.003408937,0.9971163,0.02428013,0.1492258,-0.988505,False,-1,-1,0,0,0,-1
2026-06-29 14:48:24.618,126.5012,True,21.54708,1.183487,-8.915925,0.07457105,-0.01243814,0.003347129,0.9971325,0.02430575,0.1487977,-0.9885689,False,-1,-1,0,0,0,-1
2026-06-29 14:48:24.656,126.539,True,21.54538,1.183666,-8.914894,0.07330055,-0.01272162,0.003519674,0.9972226,0.02485659,0.1462835,-0.9889304,False,-1,-1,0,0,0,-1
2026-06-29 14:48:24.691,126.5751,True,21.5454,1.18374,-8.915466,0.07246231,-0.0145306,0.003871617,0.9972578,0.02842041,0.1446397,-0.9890761,False,-1,-1,0,0,0,-1
2026-06-29 14:48:24.746,126.6299,True,21.5417,1.18408,-8.912992,0.07728267,-0.01829001,0.004373356,0.9968319,0.03578816,0.1542356,-0.9873857,False,-1,-1,0,0,0,-1
2026-06-29 14:48:24.782,126.6656,True,21.53872,1.184587,-8.911398,0.08336984,-0.01684789,0.005666584,0.9963602,0.03262828,0.1663237,-0.9855312,False,-1,-1,0,0,0,-1
2026-06-29 14:48:24.818,126.7015,True,21.53799,1.184992,-8.911602,0.07644111,-0.02102599,0.006574607,0.9968307,0.04091357,0.1526742,-0.9874293,False,-1,-1,0,0,0,-1
2026-06-29 14:48:24.856,126.7385,True,21.53498,1.185316,-8.909856,0.07638683,-0.02176609,0.00707986,0.9968156,0.04231194,0.1525954,-0.9873826,False,-1,-1,0,0,0,-1
2026-06-29 14:48:24.894,126.7773,True,21.53474,1.18563,-8.910707,0.0835481,-0.01711356,0.008056725,0.9963242,0.03275506,0.1667577,-0.9854537,False,-1,-1,0,0,0,-1
2026-06-29 14:48:24.933,126.8161,True,21.53609,1.185677,-8.912435,0.0821235,-0.01522159,0.008387584,0.9964706,0.0289581,0.1639227,-0.986048,False,-1,-1,0,0,0,-1
2026-06-29 14:48:24.969,126.8544,True,21.53652,1.185854,-8.913456,0.07831644,-0.01713383,0.008748559,0.996743,0.03278573,0.1564225,-0.987146,False,-1,-1,0,0,0,-1
2026-06-29 14:48:25.020,126.9046,True,21.53626,1.185973,-8.913675,0.08205374,-0.01257158,0.009174098,0.9965064,0.02354979,0.1637648,-0.9862183,False,-1,-1,0,0,0,-1
2026-06-29 14:48:25.074,126.9572,True,21.53574,1.185879,-8.913731,0.07985184,-0.01433076,0.009161781,0.9966616,0.02710267,0.1594331,-0.9868366,False,-1,-1,0,0,0,-1
2026-06-29 14:48:25.113,126.9964,True,21.53485,1.185814,-8.913471,0.07673889,-0.01274751,0.008905616,0.99693,0.02404994,0.1532336,-0.9878973,False,-1,-1,0,0,0,-1
2026-06-29 14:48:25.152,127.0338,True,21.53458,1.185784,-8.913998,0.07793597,-0.01129587,0.008964587,0.9968541,0.02112333,0.1555841,-0.9875968,False,-1,-1,0,0,0,-1
2026-06-29 14:48:25.194,127.0771,True,21.53488,1.185781,-8.914753,0.07541386,-0.01397779,0.008819712,0.9970154,0.02654189,0.1506241,-0.9882348,False,-1,-1,0,0,0,-1
2026-06-29 14:48:25.231,127.1143,True,21.53466,1.185849,-8.915386,0.07615367,-0.014711,0.00900613,0.9969469,0.02796047,0.1521073,-0.9879684,False,-1,-1,0,0,0,-1
2026-06-29 14:48:25.268,127.1518,True,21.53515,1.185932,-8.916582,0.08005466,-0.01447222,0.009442799,0.9966407,0.02733533,0.1598448,-0.9867636,False,-1,-1,0,0,0,-1
2026-06-29 14:48:25.306,127.1886,True,21.53422,1.186057,-8.916757,0.07769043,-0.01468368,0.009799196,0.9968212,0.02775139,0.1551747,-0.9874972,False,-1,-1,0,0,0,-1
2026-06-29 14:48:25.345,127.2273,True,21.53381,1.186069,-8.917007,0.08194929,-0.01682305,0.01019538,0.9964424,0.03185539,0.1636585,-0.9860026,False,-1,-1,0,0,0,-1
2026-06-29 14:48:25.382,127.2658,True,21.53407,1.1861,-8.917986,0.08317191,-0.01724075,0.01082755,0.9963273,0.03255376,0.1661062,-0.9855704,False,-1,-1,0,0,0,-1
2026-06-29 14:48:25.420,127.3033,True,21.53341,1.186096,-8.917878,0.08141109,-0.01592282,0.01104906,0.9964921,0.0299349,0.1626029,-0.9862374,False,-1,-1,0,0,0,-1
2026-06-29 14:48:25.459,127.3412,True,21.53221,1.186098,-8.9174,0.08040085,-0.01628553,0.01097965,0.9965691,0.03069378,0.1606076,-0.986541,False,-1,-1,0,0,0,-1
2026-06-29 14:48:25.493,127.3785,True,21.53231,1.186095,-8.91777,0.07954511,-0.01464836,0.01099428,0.996663,0.02744988,0.1588814,-0.986916,False,-1,-1,0,0,0,-1
2026-06-29 14:48:25.533,127.4147,True,21.53294,1.185945,-8.918709,0.08051854,-0.01633509,0.01045751,0.9965644,0.0308739,0.1608255,-0.9864998,False,-1,-1,0,0,0,-1
2026-06-29 14:48:25.568,127.4534,True,21.53295,1.185939,-8.919432,0.07228614,-0.01100984,0.009560174,0.9972774,0.02057759,0.1443892,-0.989307,False,-1,-1,0,0,0,-1
2026-06-29 14:48:25.608,127.4907,True,21.53297,1.185976,-8.91991,0.06974739,-0.01288676,0.009198769,0.997439,0.02442433,0.1393746,-0.9899384,False,-1,-1,0,0,0,-1
2026-06-29 14:48:25.642,127.5259,True,21.53225,1.186113,-8.919688,0.07384817,-0.01234649,0.009517436,0.9971477,0.02321686,0.1475101,-0.988788,False,-1,-1,0,0,0,-1
2026-06-29 14:48:25.681,127.5643,True,21.53211,1.186222,-8.920334,0.07505612,-0.01202771,0.009938389,0.9970573,0.02249276,0.1499096,-0.9884439,False,-1,-1,0,0,0,-1
2026-06-29 14:48:25.717,127.6004,True,21.53196,1.186261,-8.920943,0.07559462,-0.01275814,0.01033748,0.9970034,0.0238769,0.151,-0.9882454,False,-1,-1,0,0,0,-1
2026-06-29 14:48:25.753,127.6368,True,21.52861,1.186612,-8.918767,0.07534578,-0.01499397,0.01052255,0.9969892,0.028312,0.1505534,-0.9881964,False,-1,-1,0,0,0,-1
2026-06-29 14:48:25.792,127.6748,True,21.52728,1.186896,-8.918817,0.07336629,-0.01628122,0.01022324,0.9971198,0.03096856,0.1466428,-0.9887046,False,-1,-1,0,0,0,-1
2026-06-29 14:48:25.828,127.7112,True,21.52363,1.187285,-8.916398,0.0730741,-0.01798196,0.01026208,0.9971116,0.03436026,0.1460951,-0.9886736,False,-1,-1,0,0,0,-1
2026-06-29 14:48:25.862,127.7469,True,21.52188,1.18751,-8.915367,0.07165954,-0.01893125,0.01050803,0.9971942,0.03625027,0.1433148,-0.989013,False,-1,-1,0,0,0,-1
2026-06-29 14:48:25.898,127.782,True,21.51886,1.187821,-8.91314,0.0648068,-0.01787785,0.01044033,0.997683,0.03431965,0.1296866,-0.9909609,False,-1,-1,0,0,0,-1
2026-06-29 14:48:25.935,127.819,True,21.51953,1.188525,-8.914271,0.01596456,-0.0213076,0.008698294,0.9996077,0.04232076,0.03228727,-0.9985822,False,-1,-1,0,0,0,-1
2026-06-29 14:48:25.971,127.8541,True,21.51959,1.189753,-8.914597,-0.1087874,-0.02100493,0.002703366,0.9938395,0.04233924,-0.2161208,-0.9754482,False,-1,-1,0,0,0,-1
2026-06-29 14:48:26.010,127.8933,True,21.52005,1.191081,-8.914984,-0.1237745,-0.0181964,0.001560387,0.9921423,0.03649312,-0.2455471,-0.9686975,False,-1,-1,0,0,0,-1
2026-06-29 14:48:26.049,127.9308,True,21.51788,1.192951,-8.91407,-0.1363552,-0.0125721,0.0003616659,0.9905801,0.02500597,-0.2701325,-0.9624984,False,-1,-1,0,0,0,-1
2026-06-29 14:48:26.085,127.968,True,21.51521,1.195008,-8.912696,-0.1287506,-0.0169859,0.0007103417,0.9915313,0.03386702,-0.2552963,-0.9662696,False,-1,-1,0,0,0,-1
2026-06-29 14:48:26.124,128.0068,True,21.51433,1.196436,-8.912615,-0.03582219,-0.02592309,0.007852212,0.9989911,0.05235644,-0.071165,-0.9960895,False,-1,-1,0,0,0,-1
2026-06-29 14:48:26.160,128.0427,True,21.51129,1.19876,-8.912067,-0.06828443,-0.009821464,0.0081379,0.9975844,0.02070686,-0.1360791,-0.9904816,False,-1,-1,0,0,0,-1
2026-06-29 14:48:26.200,128.0828,True,21.51034,1.199935,-8.913015,-0.1343079,-0.02204663,0.004876932,0.9906824,0.04499243,-0.2658978,-0.9629507,False,-1,-1,0,0,0,-1
2026-06-29 14:48:26.241,128.1239,True,21.50863,1.201251,-8.913893,-0.06129998,-0.02147167,0.00982945,0.99784,0.04405567,-0.121913,-0.9915625,False,-1,-1,0,0,0,-1
2026-06-29 14:48:26.279,128.1639,True,21.5068,1.202253,-8.914401,-0.1246617,-0.01757138,0.006432733,0.9920229,0.03646626,-0.2471085,-0.9683014,False,-1,-1,0,0,0,-1
2026-06-29 14:48:26.316,128.1992,True,21.50537,1.202664,-8.914555,-0.1174472,-0.01403159,0.00602702,0.9929617,0.02928137,-0.2330721,-0.9720185,False,-1,-1,0,0,0,-1
2026-06-29 14:48:26.352,128.2367,True,21.50514,1.203029,-8.915918,-0.1188794,-0.01331086,0.0033682,0.9928138,0.02723123,-0.2359605,-0.971381,False,-1,-1,0,0,0,-1
2026-06-29 14:48:26.391,128.2736,True,21.50673,1.202938,-8.91892,-0.115265,-0.01465061,0.001526728,0.9932256,0.02945467,-0.2289236,-0.9729987,False,-1,-1,0,0,0,-1
2026-06-29 14:48:26.428,128.3115,True,21.50536,1.203055,-8.919803,-0.1221157,-0.02019278,-0.0006616264,0.9923102,0.03991341,-0.24238,-0.9693601,False,-1,-1,0,0,0,-1
2026-06-29 14:48:26.466,128.3491,True,21.50558,1.203002,-8.92148,-0.126106,-0.01928876,-0.001495746,0.9918281,0.03788503,-0.2502086,-0.9674504,False,-1,-1,0,0,0,-1
2026-06-29 14:48:26.503,128.3865,True,21.50545,1.203175,-8.923753,-0.120793,-0.01922972,-0.001330856,0.9924906,0.03784911,-0.2398231,-0.9700785,False,-1,-1,0,0,0,-1
2026-06-29 14:48:26.539,128.4222,True,21.50641,1.203281,-8.926086,-0.1190711,-0.02368544,-0.0006920198,0.9926029,0.04685568,-0.2364134,-0.9705222,False,-1,-1,0,0,0,-1
2026-06-29 14:48:26.578,128.463,True,21.50744,1.203671,-8.928782,-0.1165669,-0.01846798,-0.001311636,0.9930103,0.036372,-0.2315526,-0.9721422,False,-1,-1,0,0,0,-1
2026-06-29 14:48:26.617,128.4999,True,21.50832,1.203902,-8.931738,-0.1158821,-0.01829287,-0.001422757,0.9930936,0.03600331,-0.2302155,-0.9724734,False,-1,-1,0,0,0,-1
2026-06-29 14:48:26.653,128.5365,True,21.50744,1.204218,-8.93305,-0.119618,-0.02412226,-0.001591426,0.9925257,0.0475032,-0.2375247,-0.9702193,False,-1,-1,0,0,0,-1
2026-06-29 14:48:26.688,128.5717,True,21.50759,1.20414,-8.934834,-0.1150913,-0.01914416,-0.00184193,0.9931688,0.03760277,-0.2286808,-0.972775,False,-1,-1,0,0,0,-1
2026-06-29 14:48:26.728,128.6112,True,21.5056,1.20396,-8.935185,-0.1275233,-0.02392167,-0.002430837,0.9915441,0.0468188,-0.2530062,-0.9663311,False,-1,-1,0,0,0,-1
2026-06-29 14:48:26.768,128.6507,True,21.50293,1.203876,-8.934547,-0.1190269,-0.01643895,-0.00234535,0.9927523,0.03208129,-0.2364056,-0.9711247,False,-1,-1,0,0,0,-1
2026-06-29 14:48:26.842,128.7247,True,21.4771,1.206442,-8.917677,-0.1130297,-0.0199193,-0.00138179,0.993391,0.03926294,-0.2246203,-0.973655,False,-1,-1,0,0,0,-1
2026-06-29 14:48:26.883,128.7641,True,21.47697,1.206592,-8.918837,-0.1221116,-0.02037546,-0.001444286,0.9923062,0.04008466,-0.242403,-0.9693472,False,-1,-1,0,0,0,-1
2026-06-29 14:48:26.919,128.8035,True,21.47662,1.206642,-8.919514,-0.1205253,-0.01912663,-0.001671353,0.9925246,0.03756442,-0.2393126,-0.9702157,False,-1,-1,0,0,0,-1
2026-06-29 14:48:26.958,128.8415,True,21.47762,1.206443,-8.921072,-0.1254003,-0.01726884,-0.002868764,0.9919518,0.03354022,-0.2488812,-0.9679531,False,-1,-1,0,0,0,-1
2026-06-29 14:48:27.025,128.9095,True,21.47811,1.206161,-8.922153,-0.1166813,-0.02497266,-0.002683556,0.9928518,0.04896206,-0.2318284,-0.9715237,False,-1,-1,0,0,0,-1
2026-06-29 14:48:27.061,128.9455,True,21.47862,1.205934,-8.922454,-0.1254876,-0.025701,-0.003519191,0.991756,0.05009501,-0.249087,-0.9671847,False,-1,-1,0,0,0,-1
2026-06-29 14:48:27.095,128.9792,True,21.47907,1.205734,-8.922693,-0.1256234,-0.01993761,-0.004681282,0.9918666,0.03837475,-0.24939,-0.9676425,False,-1,-1,0,0,0,-1
2026-06-29 14:48:27.148,129.0304,True,21.48007,1.20553,-8.923317,-0.1179618,-0.02193725,-0.004198582,0.9927669,0.04256661,-0.2344014,-0.9712076,False,-1,-1,0,0,0,-1
2026-06-29 14:48:27.184,129.0671,True,21.48059,1.205339,-8.923599,-0.1161347,-0.02008526,-0.004386596,0.9930207,0.03887128,-0.2308245,-0.9722186,False,-1,-1,0,0,0,-1
2026-06-29 14:48:27.221,129.1042,True,21.48108,1.205325,-8.923809,-0.1157329,-0.01953943,-0.004528954,0.9930779,0.03776006,-0.2300406,-0.9724482,False,-1,-1,0,0,0,-1
2026-06-29 14:48:27.263,129.1469,True,21.48111,1.205231,-8.923597,-0.1128648,-0.01873671,-0.004339994,0.9934242,0.03624734,-0.2244079,-0.9738209,False,-1,-1,0,0,0,-1
2026-06-29 14:48:27.301,129.1839,True,21.48154,1.205164,-8.923624,-0.1123907,-0.0166004,-0.004507797,0.9935153,0.03197223,-0.2234735,-0.9741855,False,-1,-1,0,0,0,-1
2026-06-29 14:48:27.345,129.2294,True,21.48167,1.205067,-8.923333,-0.1205432,-0.01529981,-0.004313152,0.9925808,0.02933275,-0.2394297,-0.9704705,False,-1,-1,0,0,0,-1
2026-06-29 14:48:27.383,129.2652,True,21.48211,1.205004,-8.923298,-0.119,-0.01196762,-0.004045708,0.9928139,0.02280035,-0.2363865,-0.9713916,False,-1,-1,0,0,0,-1
2026-06-29 14:48:27.422,129.305,True,21.4828,1.204879,-8.923124,-0.1243893,-0.01382715,-0.003544738,0.9921308,0.02655484,-0.2469188,-0.9686723,False,-1,-1,0,0,0,-1
2026-06-29 14:48:27.459,129.3428,True,21.48376,1.204291,-8.922948,-0.07455344,-0.005769667,0.0007703717,0.9972001,0.01162189,-0.1486805,-0.988817,False,-1,-1,0,0,0,-1
2026-06-29 14:48:27.495,129.3787,True,21.4847,1.203193,-8.922779,0.05979619,-0.0117002,0.00839083,0.9981068,0.02235262,0.1195623,-0.992575,False,-1,-1,0,0,0,-1
2026-06-29 14:48:27.529,129.414,True,21.48588,1.201476,-8.922285,0.1224309,-0.02284965,0.0122279,0.9921387,0.0423459,0.2434957,-0.9689771,False,-1,-1,0,0,0,-1
2026-06-29 14:48:27.565,129.4478,True,21.48711,1.199794,-8.921971,0.1155415,-0.01487154,0.01196005,0.9931194,0.02677467,0.2298488,-0.972858,False,-1,-1,0,0,0,-1
2026-06-29 14:48:27.604,129.4877,True,21.48823,1.197365,-8.921656,0.09973012,-0.01918454,0.01019804,0.9947773,0.03613459,0.1988098,-0.9793717,False,-1,-1,0,0,0,-1
2026-06-29 14:48:27.644,129.5271,True,21.48922,1.195714,-8.921392,0.09183678,-0.0113258,0.009511995,0.9956642,0.02080629,0.1830927,-0.9828755,False,-1,-1,0,0,0,-1
2026-06-29 14:48:27.684,129.5663,True,21.49067,1.193658,-8.921209,0.09362367,-0.01740501,0.00952294,0.99541,0.03286709,0.1867194,-0.9818633,False,-1,-1,0,0,0,-1
2026-06-29 14:48:27.722,129.6053,True,21.49164,1.19252,-8.92093,0.08451226,-0.01206206,0.008927758,0.9963095,0.02252608,0.1686161,-0.9854243,False,-1,-1,0,0,0,-1
2026-06-29 14:48:27.761,129.6445,True,21.4927,1.191791,-8.920803,0.08202459,-0.01024079,0.007838564,0.9965469,0.01912494,0.1636432,-0.9863342,False,-1,-1,0,0,0,-1
2026-06-29 14:48:27.800,129.6819,True,21.49344,1.191813,-8.920841,0.08251157,-0.0124492,0.006749395,0.9964895,0.02369719,0.1646119,-0.9860737,False,-1,-1,0,0,0,-1
2026-06-29 14:48:27.839,129.7228,True,21.49436,1.191434,-8.920897,0.0772022,-0.01536253,0.00614527,0.9968781,0.02968029,0.1541112,-0.9876076,False,-1,-1,0,0,0,-1
2026-06-29 14:48:27.876,129.7587,True,21.49494,1.191249,-8.921069,0.0787366,-0.01500876,0.006458522,0.9967616,0.02890327,0.1571571,-0.9871505,False,-1,-1,0,0,0,-1
2026-06-29 14:48:27.910,129.7934,True,21.49537,1.191231,-8.92127,0.07694504,-0.01552243,0.006493232,0.9968933,0.02994916,0.1536136,-0.987677,False,-1,-1,0,0,0,-1
2026-06-29 14:48:27.945,129.8294,True,21.49574,1.191162,-8.921415,0.07463203,-0.01501633,0.005975076,0.9970802,0.0290531,0.1490077,-0.9884092,False,-1,-1,0,0,0,-1
2026-06-29 14:48:27.997,129.88,True,21.49682,1.190835,-8.921951,0.07497579,-0.02040276,0.005757267,0.99696,0.03981816,0.1497307,-0.9879247,False,-1,-1,0,0,0,-1
2026-06-29 14:48:28.034,129.918,True,21.49751,1.190701,-8.92258,0.07695144,-0.01733474,0.005718193,0.9968678,0.03368085,0.1536191,-0.987556,False,-1,-1,0,0,0,-1
2026-06-29 14:48:28.072,129.9552,True,21.49801,1.190611,-8.923336,0.07767481,-0.01607377,0.005296622,0.9968351,0.03122297,0.1550282,-0.9874165,False,-1,-1,0,0,0,-1
2026-06-29 14:48:28.109,129.9934,True,21.49815,1.190445,-8.923488,0.07400504,-0.01600879,0.005214973,0.9971158,0.03115337,0.1477502,-0.988534,False,-1,-1,0,0,0,-1
2026-06-29 14:48:28.145,130.0292,True,21.49858,1.190315,-8.92393,0.07407063,-0.0178618,0.005464723,0.9970781,0.03480967,0.1479036,-0.988389,False,-1,-1,0,0,0,-1
2026-06-29 14:48:28.180,130.0631,True,21.49962,1.190324,-8.924946,0.07806244,-0.01770681,0.005538896,0.9967759,0.03443469,0.1558177,-0.9871855,False,-1,-1,0,0,0,-1
2026-06-29 14:48:28.219,130.1019,True,21.50005,1.190159,-8.925347,0.07746613,-0.01843433,0.005298265,0.9968105,0.03593019,0.1546334,-0.9873183,False,-1,-1,0,0,0,-1
2026-06-29 14:48:28.259,130.1427,True,21.50061,1.1901,-8.925952,0.07806668,-0.01814193,0.005340662,0.9967688,0.03533277,0.1558226,-0.9871529,False,-1,-1,0,0,0,-1
2026-06-29 14:48:28.297,130.179,True,21.50133,1.190039,-8.926666,0.07864874,-0.01882097,0.005208141,0.9967111,0.03669892,0.1569762,-0.9869203,False,-1,-1,0,0,0,-1
2026-06-29 14:48:28.335,130.2203,True,21.50168,1.189779,-8.926903,0.080079,-0.01356639,0.005063537,0.9966833,0.02623182,0.1597642,-0.9868066,False,-1,-1,0,0,0,-1
2026-06-29 14:48:28.374,130.2563,True,21.50241,1.189707,-8.927454,0.0760803,-0.0137145,0.005064358,0.9969945,0.02657597,0.1518422,-0.9880474,False,-1,-1,0,0,0,-1
2026-06-29 14:48:28.412,130.2938,True,21.50338,1.189667,-8.9283,0.07744219,-0.01198133,0.005112527,0.9969118,0.0230968,0.1545286,-0.9877183,False,-1,-1,0,0,0,-1
2026-06-29 14:48:28.444,130.3292,True,21.50408,1.189485,-8.928829,0.0756527,-0.01077738,0.004963493,0.9970636,0.02074047,0.1509681,-0.988321,False,-1,-1,0,0,0,-1
2026-06-29 14:48:28.483,130.3661,True,21.50549,1.189428,-8.930035,0.07637716,-0.01072838,0.004873236,0.9970094,0.02064818,0.1524021,-0.9881029,False,-1,-1,0,0,0,-1
2026-06-29 14:48:28.521,130.4045,True,21.5068,1.189463,-8.930944,0.07904805,-0.01049084,0.005034362,0.9968029,0.02011868,0.1576963,-0.9872827,False,-1,-1,0,0,0,-1
2026-06-29 14:48:28.561,130.4427,True,21.50772,1.189381,-8.931576,0.0794055,-0.01238247,0.005373778,0.996751,0.02383107,0.1584281,-0.9870829,False,-1,-1,0,0,0,-1
2026-06-29 14:48:28.600,130.4838,True,21.50784,1.189409,-8.93159,0.07447474,-0.01384391,0.005322297,0.9971126,0.02681512,0.1486668,-0.9885237,False,-1,-1,0,0,0,-1
2026-06-29 14:48:28.637,130.5213,True,21.50914,1.189279,-8.932489,0.07855085,-0.01295223,0.005334511,0.9968117,0.02498381,0.156739,-0.987324,False,-1,-1,0,0,0,-1
2026-06-29 14:48:28.676,130.5596,True,21.5096,1.189269,-8.932732,0.07637694,-0.01367639,0.005268283,0.9969713,0.0264652,0.1524353,-0.987959,False,-1,-1,0,0,0,-1
2026-06-29 14:48:28.715,130.5998,True,21.51165,1.189039,-8.934231,0.07659963,-0.01309544,0.005229371,0.9969622,0.02531019,0.1528708,-0.987922,False,-1,-1,0,0,0,-1
2026-06-29 14:48:28.752,130.6357,True,21.51279,1.189005,-8.934958,0.0757083,-0.01168895,0.004899703,0.9970495,0.02256702,0.1510844,-0.9882632,False,-1,-1,0,0,0,-1
2026-06-29 14:48:28.791,130.674,True,21.5151,1.188871,-8.936275,0.07854323,-0.009448905,0.004785425,0.9968545,0.01808664,0.1566828,-0.9874834,False,-1,-1,0,0,0,-1
2026-06-29 14:48:28.827,130.7109,True,21.51615,1.188973,-8.936975,0.07774507,-0.01006072,0.004818595,0.9969109,0.01931004,0.1551068,-0.987709,False,-1,-1,0,0,0,-1
2026-06-29 14:48:28.862,130.7455,True,21.51639,1.1894,-8.936882,-0.04564545,-0.01804505,0.00250568,0.9987916,0.03627524,-0.09109014,-0.9951817,False,-1,-1,0,0,0,-1
2026-06-29 14:48:28.901,130.7825,True,21.51601,1.190381,-8.936486,-0.1174063,-0.02082518,0.00215201,0.9928632,0.04185843,-0.2330472,-0.9715641,False,-1,-1,0,0,0,-1
2026-06-29 14:48:28.938,130.8203,True,21.51537,1.191201,-8.936215,-0.1062279,-0.02120829,0.003759023,0.9941085,0.04296532,-0.2110448,-0.9765317,False,-1,-1,0,0,0,-1
2026-06-29 14:48:28.977,130.8613,True,21.51332,1.1919,-8.934788,-0.1106913,-0.01424063,0.004255235,0.9937437,0.02924511,-0.2198765,-0.9750893,False,-1,-1,0,0,0,-1
2026-06-29 14:48:29.014,130.897,True,21.514,1.19258,-8.935319,-0.111087,-0.01554444,0.005344857,0.9936748,0.03207973,-0.2206026,-0.9748361,False,-1,-1,0,0,0,-1
2026-06-29 14:48:29.049,130.9336,True,21.51358,1.193257,-8.934995,-0.1329713,-0.01229997,0.005562862,0.991028,0.02585864,-0.2634197,-0.9643347,False,-1,-1,0,0,0,-1
2026-06-29 14:48:29.085,130.9701,True,21.51403,1.193966,-8.935669,-0.1316701,-0.01388447,0.005914248,0.9911787,0.02908144,-0.2608529,-0.9649404,False,-1,-1,0,0,0,-1
2026-06-29 14:48:29.123,131.0062,True,21.51521,1.194683,-8.936557,-0.1265058,-0.008483358,0.005865085,0.9919124,0.01831343,-0.2508658,-0.9678487,False,-1,-1,0,0,0,-1
2026-06-29 14:48:29.163,131.0455,True,21.51525,1.195444,-8.936417,-0.1322427,-0.01200547,0.005773745,0.9911278,0.02532499,-0.2620003,-0.9647354,False,-1,-1,0,0,0,-1
2026-06-29 14:48:29.196,131.0797,True,21.51278,1.196271,-8.934641,-0.1280274,-0.012177,0.006226151,0.9916763,0.02574551,-0.2537718,-0.9669214,False,-1,-1,0,0,0,-1
2026-06-29 14:48:29.234,131.1181,True,21.51277,1.196693,-8.934767,-0.1270145,-0.01587456,0.00665586,0.9917515,0.03317803,-0.2517223,-0.9672306,False,-1,-1,0,0,0,-1
2026-06-29 14:48:29.311,131.1935,True,21.51202,1.197465,-8.934843,-0.1292343,-0.01678451,0.006697083,0.9914494,0.03501296,-0.2560337,-0.9660335,False,-1,-1,0,0,0,-1
2026-06-29 14:48:29.355,131.2375,True,21.50982,1.198006,-8.933564,-0.1294489,-0.01535003,0.006551023,0.9914457,0.03213349,-0.2564821,-0.9660147,False,-1,-1,0,0,0,-1
2026-06-29 14:48:29.392,131.2764,True,21.50955,1.198304,-8.933838,-0.1307069,-0.01485664,0.00628005,0.9912899,0.03109616,-0.2589502,-0.96539,False,-1,-1,0,0,0,-1
2026-06-29 14:48:29.427,131.31,True,21.51094,1.198525,-8.935396,-0.1310424,-0.01331038,0.006050556,0.991269,0.02797409,-0.2596355,-0.9653015,False,-1,-1,0,0,0,-1
2026-06-29 14:48:29.463,131.3475,True,21.51141,1.198654,-8.936071,-0.129323,-0.01302983,0.005887776,0.9914995,0.027361,-0.256294,-0.9662116,False,-1,-1,0,0,0,-1
2026-06-29 14:48:29.503,131.3857,True,21.51363,1.198621,-8.938071,-0.1293221,-0.01351913,0.005117523,0.9914973,0.02813198,-0.2563067,-0.966186,False,-1,-1,0,0,0,-1
2026-06-29 14:48:29.537,131.4199,True,21.51194,1.198847,-8.936859,-0.1310808,-0.01488409,0.004894142,0.9912479,0.03079069,-0.2597214,-0.9651926,False,-1,-1,0,0,0,-1
2026-06-29 14:48:29.573,131.4534,True,21.51151,1.19898,-8.936592,-0.1267102,-0.01655818,0.005193971,0.991788,0.03416066,-0.2511672,-0.9673407,False,-1,-1,0,0,0,-1
2026-06-29 14:48:29.611,131.4945,True,21.51055,1.199132,-8.935923,-0.1285333,-0.01335694,0.004732312,0.991604,0.0277061,-0.2547818,-0.9666016,False,-1,-1,0,0,0,-1
2026-06-29 14:48:29.649,131.5345,True,21.50937,1.199474,-8.935018,-0.1238342,-0.01604759,0.004850076,0.9921613,0.03304481,-0.2455714,-0.9688151,False,-1,-1,0,0,0,-1
2026-06-29 14:48:29.686,131.5709,True,21.50754,1.199485,-8.933619,-0.1212178,-0.01646952,0.004724355,0.9924781,0.03383662,-0.2404564,-0.97007,False,-1,-1,0,0,0,-1
2026-06-29 14:48:29.723,131.6055,True,21.50736,1.199452,-8.933665,-0.1220046,-0.0158271,0.004633751,0.9923925,0.03254408,-0.2420062,-0.9697288,False,-1,-1,0,0,0,-1
2026-06-29 14:48:29.759,131.6439,True,21.50653,1.199597,-8.933264,-0.1200878,-0.01484628,0.004174869,0.9926435,0.03047683,-0.2382849,-0.970717,False,-1,-1,0,0,0,-1
2026-06-29 14:48:29.813,131.696,True,21.50633,1.199723,-8.933455,-0.121401,-0.01156749,0.003326949,0.9925306,0.02376996,-0.2409114,-0.970256,False,-1,-1,0,0,0,-1
2026-06-29 14:48:29.849,131.732,True,21.50692,1.199717,-8.93413,-0.1219615,-0.01192141,0.002926548,0.9924589,0.02437688,-0.2420138,-0.9699665,False,-1,-1,0,0,0,-1
2026-06-29 14:48:29.884,131.7676,True,21.50675,1.199838,-8.934063,-0.1222252,-0.01046131,0.002733408,0.9924436,0.02143269,-0.242546,-0.9699031,False,-1,-1,0,0,0,-1
2026-06-29 14:48:29.923,131.8065,True,21.50726,1.199838,-8.934366,-0.1202912,-0.00894533,0.002744509,0.9926946,0.01842024,-0.2387758,-0.9709,False,-1,-1,0,0,0,-1
2026-06-29 14:48:29.960,131.8433,True,21.50774,1.199854,-8.934744,-0.1200619,-0.01008437,0.002656761,0.9927117,0.0206597,-0.2383201,-0.9709669,False,-1,-1,0,0,0,-1
2026-06-29 14:48:30.002,131.8862,True,21.50996,1.199766,-8.936424,-0.1178461,-0.01071016,0.003158024,0.9929691,0.02201403,-0.2339675,-0.9719952,False,-1,-1,0,0,0,-1
2026-06-29 14:48:30.034,131.92,True,21.50933,1.199759,-8.935975,-0.1186574,-0.009313757,0.003263863,0.9928862,0.01926956,-0.2355658,-0.9716673,False,-1,-1,0,0,0,-1
2026-06-29 14:48:30.078,131.9617,True,21.51123,1.199616,-8.937469,-0.1195726,-0.009594527,0.003357776,0.9927735,0.01985338,-0.2373527,-0.9712207,False,-1,-1,0,0,0,-1
2026-06-29 14:48:30.122,132.0031,True,21.51241,1.199515,-8.938322,-0.1185062,-0.008783625,0.003427956,0.9929086,0.01825514,-0.2352715,-0.9717582,False,-1,-1,0,0,0,-1
2026-06-29 14:48:30.156,132.0403,True,21.51375,1.199299,-8.939203,-0.1186189,-0.007619543,0.00337841,0.9929049,0.01593245,-0.235503,-0.971743,False,-1,-1,0,0,0,-1
2026-06-29 14:48:30.193,132.0768,True,21.51569,1.199073,-8.940455,-0.1215727,-0.006852439,0.003072162,0.9925542,0.01434982,-0.2412929,-0.9703462,False,-1,-1,0,0,0,-1
2026-06-29 14:48:30.228,132.1124,True,21.51635,1.198888,-8.940828,-0.1224956,-0.006624148,0.00294018,0.9924426,0.01386849,-0.2431007,-0.9699019,False,-1,-1,0,0,0,-1
2026-06-29 14:48:30.285,132.1659,True,21.5174,1.198733,-8.941513,-0.1215565,-0.007929882,0.003133025,0.9925479,0.01650325,-0.2412516,-0.9703223,False,-1,-1,0,0,0,-1
2026-06-29 14:48:30.325,132.2069,True,21.51879,1.198688,-8.942488,-0.1215376,-0.01003078,0.003126842,0.9925312,0.02067178,-0.241197,-0.970256,False,-1,-1,0,0,0,-1
2026-06-29 14:48:30.360,132.2442,True,21.5178,1.198624,-8.941549,-0.08279986,-0.007530899,0.004040518,0.9965296,0.01567863,-0.1649642,-0.9861749,False,-1,-1,0,0,0,-1
2026-06-29 14:48:30.401,132.2858,True,21.51681,1.198458,-8.940516,0.05619058,-0.0191497,0.009233692,0.9981937,0.03719253,0.1125318,-0.9929518,False,-1,-1,0,0,0,-1
2026-06-29 14:48:30.434,132.3192,True,21.51496,1.197904,-8.938883,0.05812996,-0.01772887,0.008878611,0.9981121,0.03435856,0.1163553,-0.9926132,False,-1,-1,0,0,0,-1
2026-06-29 14:48:30.471,132.3535,True,21.51574,1.197125,-8.939456,0.06697658,-0.008864919,0.01037663,0.9976612,0.01629839,0.1338238,-0.9908711,False,-1,-1,0,0,0,-1
2026-06-29 14:48:30.509,132.3909,True,21.5162,1.195412,-8.939518,0.06423782,-0.01812152,0.0139697,0.9976723,0.03436391,0.1286829,-0.9910902,False,-1,-1,0,0,0,-1
2026-06-29 14:48:30.549,132.4323,True,21.51594,1.193863,-8.939589,0.06799278,-0.008326543,0.01202669,0.9975786,0.01497731,0.1358566,-0.9906153,False,-1,-1,0,0,0,-1
2026-06-29 14:48:30.589,132.4714,True,21.51521,1.193649,-8.939082,0.06960471,-0.01089302,0.01238713,0.9974383,0.02000583,0.1391227,-0.990073,False,-1,-1,0,0,0,-1
2026-06-29 14:48:30.627,132.5104,True,21.51287,1.193319,-8.937007,0.08188342,-0.0212331,0.01197814,0.9963437,0.04034932,0.1636767,-0.9856885,False,-1,-1,0,0,0,-1
2026-06-29 14:48:30.665,132.5484,True,21.51329,1.192597,-8.937361,0.07795788,-0.01810266,0.01065304,0.9967354,0.03442615,0.1557924,-0.9871897,False,-1,-1,0,0,0,-1
2026-06-29 14:48:30.701,132.5861,True,21.5137,1.191856,-8.937594,0.08143624,-0.009756578,0.01037199,0.9965768,0.01775705,0.1625173,-0.9865459,False,-1,-1,0,0,0,-1
2026-06-29 14:48:30.738,132.6213,True,21.51266,1.191263,-8.936785,0.07517315,-0.01509243,0.009768263,0.9970085,0.02862595,0.1501914,-0.9882424,False,-1,-1,0,0,0,-1
2026-06-29 14:48:30.778,132.6629,True,21.51401,1.190081,-8.937513,0.08257178,-0.01695442,0.01027646,0.9963879,0.03208926,0.1648955,-0.9857889,False,-1,-1,0,0,0,-1
2026-06-29 14:48:30.813,132.6964,True,21.51385,1.189451,-8.937724,0.08218594,-0.01556715,0.0100915,0.9964444,0.02936484,0.1641016,-0.9860063,False,-1,-1,0,0,0,-1
2026-06-29 14:48:30.850,132.7339,True,21.51403,1.189383,-8.937858,0.08288907,-0.01506479,0.009423949,0.9964004,0.02845884,0.1654653,-0.9858049,False,-1,-1,0,0,0,-1
2026-06-29 14:48:30.884,132.7686,True,21.51419,1.189184,-8.93795,0.07740553,-0.01226801,0.009051092,0.9968832,0.02305833,0.1545506,-0.9877158,False,-1,-1,0,0,0,-1
2026-06-29 14:48:30.918,132.802,True,21.5146,1.188964,-8.938424,0.07832237,-0.0143482,0.008673884,0.9967871,0.02724548,0.1563904,-0.9873195,False,-1,-1,0,0,0,-1
2026-06-29 14:48:30.957,132.8406,True,21.51318,1.188798,-8.937155,0.07690611,-0.01580133,0.008536681,0.9968766,0.03019091,0.1536016,-0.9876716,False,-1,-1,0,0,0,-1
2026-06-29 14:48:30.993,132.8772,True,21.51309,1.188748,-8.937157,0.08143832,-0.01217918,0.008466864,0.996568,0.02289572,0.1625239,-0.9864389,False,-1,-1,0,0,0,-1
2026-06-29 14:48:31.030,132.9126,True,21.51309,1.188683,-8.937304,0.07785475,-0.01493198,0.008171116,0.9968194,0.02849665,0.1554583,-0.9874313,False,-1,-1,0,0,0,-1
2026-06-29 14:48:31.068,132.9519,True,21.51308,1.188495,-8.937271,0.07779616,-0.0157948,0.007936874,0.9968126,0.03025399,0.1553471,-0.9873965,False,-1,-1,0,0,0,-1
2026-06-29 14:48:31.105,132.9895,True,21.51287,1.188357,-8.937055,0.07613511,-0.01518341,0.007878617,0.9969508,0.02907455,0.1520452,-0.9879458,False,-1,-1,0,0,0,-1
2026-06-29 14:48:31.142,133.0265,True,21.51451,1.188183,-8.938423,0.07838649,-0.01493371,0.00764858,0.9967818,0.02857221,0.1564969,-0.9872651,False,-1,-1,0,0,0,-1
2026-06-29 14:48:31.176,133.0606,True,21.51487,1.188065,-8.938648,0.07717238,-0.01527353,0.007225036,0.9968746,0.02933644,0.1540831,-0.9876223,False,-1,-1,0,0,0,-1
2026-06-29 14:48:31.212,133.0951,True,21.51562,1.187873,-8.939302,0.07721235,-0.01491986,0.006890176,0.9968792,0.02868258,0.1541484,-0.9876313,False,-1,-1,0,0,0,-1
2026-06-29 14:48:31.265,133.1486,True,21.51759,1.187744,-8.940832,0.07846536,-0.01589529,0.007140906,0.9967645,0.03056709,0.15665,-0.9871811,False,-1,-1,0,0,0,-1
2026-06-29 14:48:31.299,133.1834,True,21.51738,1.187813,-8.940731,0.07886507,-0.01420113,0.007362251,0.996757,0.0271489,0.1574277,-0.9871573,False,-1,-1,0,0,0,-1
2026-06-29 14:48:31.339,133.2215,True,21.51949,1.187656,-8.9425,0.07819833,-0.01463128,0.007239769,0.9968042,0.02803676,0.1561087,-0.9873419,False,-1,-1,0,0,0,-1
2026-06-29 14:48:31.375,133.2597,True,21.52104,1.187643,-8.943512,0.07730091,-0.01517026,0.007085696,0.9968672,0.02915001,0.1543325,-0.9875889,False,-1,-1,0,0,0,-1
2026-06-29 14:48:31.410,133.2933,True,21.5222,1.187553,-8.944318,0.07910731,-0.01621951,0.007002669,0.9967095,0.03122436,0.1579212,-0.9869579,False,-1,-1,0,0,0,-1
2026-06-29 14:48:31.449,133.3317,True,21.52386,1.18743,-8.945637,0.07777295,-0.01569511,0.006915045,0.9968236,0.0302149,0.1552689,-0.9874101,False,-1,-1,0,0,0,-1
2026-06-29 14:48:31.487,133.3698,True,21.52341,1.187449,-8.945123,0.07894598,0.01979058,0.00703099,0.9966577,-0.040559,0.1570859,-0.9867517,False,-1,-1,0,0,0,-1
2026-06-29 14:48:31.524,133.4069,True,21.52338,1.187492,-8.944796,0.07683495,0.03612924,0.00690329,0.9963651,-0.07305665,0.1526125,-0.9855821,False,-1,-1,0,0,0,-1
2026-06-29 14:48:31.559,133.4446,True,21.52393,1.187401,-8.944801,0.07754991,0.03072087,0.006877847,0.9964913,-0.06229292,0.1541331,-0.9860845,False,-1,-1,0,0,0,-1
2026-06-29 14:48:31.599,133.4822,True,21.52474,1.187237,-8.944777,0.07590681,0.03482324,0.00646098,0.9964857,-0.07038258,0.1508301,-0.986051,False,-1,-1,0,0,0,-1
2026-06-29 14:48:31.635,133.5192,True,21.52571,1.186999,-8.944643,0.07667867,0.03626622,0.005419014,0.9963813,-0.07310101,0.1524093,-0.9856103,False,-1,-1,0,0,0,-1
2026-06-29 14:48:31.672,133.5551,True,21.5254,1.18704,-8.943815,0.08083149,0.03132003,0.004458309,0.9962257,-0.06312437,0.1607735,-0.9849706,False,-1,-1,0,0,0,-1
2026-06-29 14:48:31.708,133.592,True,21.52509,1.186982,-8.943123,0.07911173,0.02513695,0.003821588,0.9965415,-0.0507047,0.1574841,-0.9862189,False,-1,-1,0,0,0,-1
2026-06-29 14:48:31.746,133.6297,True,21.52532,1.186785,-8.942535,0.08379102,0.03153222,0.003317729,0.9959788,-0.06336683,0.1666989,-0.9839696,False,-1,-1,0,0,0,-1
2026-06-29 14:48:31.785,133.6686,True,21.5254,1.186629,-8.942095,0.08367936,0.02988214,0.002895427,0.9960404,-0.06001221,0.166523,-0.9842097,False,-1,-1,0,0,0,-1
2026-06-29 14:48:31.822,133.7038,True,21.52584,1.186477,-8.941987,0.08427048,0.03018345,0.002559504,0.9959823,-0.06055575,0.1677093,-0.9839749,False,-1,-1,0,0,0,-1
2026-06-29 14:48:31.875,133.7604,True,21.52843,1.185858,-8.943613,0.08389518,0.03010376,0.00224724,0.9960172,-0.06034479,0.1669868,-0.9841107,False,-1,-1,0,0,0,-1
2026-06-29 14:48:31.912,133.7954,True,21.53061,1.185172,-8.94451,0.08581968,0.0315801,0.00148628,0.995809,-0.06315059,0.1708261,-0.9832754,False,-1,-1,0,0,0,-1
2026-06-29 14:48:31.947,133.8308,True,21.53105,1.18486,-8.944521,0.08599807,0.02880189,0.001095362,0.9958783,-0.05755474,0.1712241,-0.9835496,False,-1,-1,0,0,0,-1
2026-06-29 14:48:31.986,133.8685,True,21.5313,1.184725,-8.944478,0.08495526,0.02937343,0.0009700804,0.9959513,-0.05867383,0.1691656,-0.9838396,False,-1,-1,0,0,0,-1
2026-06-29 14:48:32.022,133.9061,True,21.53228,1.184493,-8.944941,0.08592686,0.02858361,0.000709185,0.9958912,-0.05705421,0.1711071,-0.9835991,False,-1,-1,0,0,0,-1
2026-06-29 14:48:32.059,133.9433,True,21.53262,1.184361,-8.945132,0.08678775,0.02801601,0.0002605787,0.9958328,-0.05584374,0.1728376,-0.983366,False,-1,-1,0,0,0,-1
2026-06-29 14:48:32.095,133.9785,True,21.53293,1.184208,-8.945391,0.08785743,0.02796752,0.0003151178,0.9957404,-0.05575215,0.1749488,-0.9829978,False,-1,-1,0,0,0,-1
2026-06-29 14:48:32.134,134.0166,True,21.53333,1.184069,-8.9457,0.08899636,0.02870589,-0.0002003286,0.9956182,-0.05712456,0.1772243,-0.9825112,False,-1,-1,0,0,0,-1
2026-06-29 14:48:32.169,134.0536,True,21.53378,1.184198,-8.945564,0.08859143,0.02815552,-0.0009216741,0.9956696,-0.05590389,0.1764675,-0.9827176,False,-1,-1,0,0,0,-1
2026-06-29 14:48:32.207,134.0914,True,21.53215,1.184361,-8.944336,0.08760002,0.02757742,-0.001180458,0.9957733,-0.05471489,0.1745246,-0.9831315,False,-1,-1,0,0,0,-1
2026-06-29 14:48:32.248,134.1281,True,21.53232,1.184391,-8.944551,0.07904857,0.001597375,-0.001635213,0.9968681,-0.002926222,0.1576072,-0.9874976,False,-1,-1,0,0,0,-1
2026-06-29 14:48:32.285,134.1689,True,21.53074,1.184672,-8.943531,0.07673866,-0.01406185,-0.001567121,0.9969509,0.02827846,0.1529653,-0.9878269,False,-1,-1,0,0,0,-1
2026-06-29 14:48:32.320,134.2032,True,21.53011,1.184804,-8.943326,0.07230894,-0.01500134,-0.001466647,0.9972684,0.03013282,0.1441788,-0.9890928,False,-1,-1,0,0,0,-1
2026-06-29 14:48:32.361,134.2435,True,21.52975,1.184891,-8.943308,0.07600132,-0.008019894,-0.001318791,0.9970747,0.01619333,0.1515368,-0.988319,False,-1,-1,0,0,0,-1
2026-06-29 14:48:32.398,134.2825,True,21.52992,1.184881,-8.943859,0.08408684,-0.007375469,-0.001278809,0.9964303,0.01491334,0.1675545,-0.98575,False,-1,-1,0,0,0,-1
2026-06-29 14:48:32.437,134.3199,True,21.52988,1.184801,-8.944336,0.0728112,-0.01010038,-0.00160636,0.9972933,0.02038,0.1451958,-0.989193,False,-1,-1,0,0,0,-1
2026-06-29 14:48:32.475,134.36,True,21.5302,1.184831,-8.944754,0.07268094,-0.01459436,-0.001128144,0.9972479,0.02927238,0.1449289,-0.989009,False,-1,-1,0,0,0,-1
2026-06-29 14:48:32.511,134.3943,True,21.53132,1.184702,-8.945953,0.07106908,-0.01249797,-0.0007506339,0.9973928,0.02503747,0.1417488,-0.989586,False,-1,-1,0,0,0,-1
2026-06-29 14:48:32.547,134.4294,True,21.5313,1.1847,-8.946322,0.07670968,-0.009154061,-0.0002535794,0.9970114,0.01829231,0.1529562,-0.9880636,False,-1,-1,0,0,0,-1
2026-06-29 14:48:32.586,134.4701,True,21.53227,1.184682,-8.947308,0.07493573,-0.01091801,0.0001337558,0.9971286,0.02175327,0.149444,-0.9885309,False,-1,-1,0,0,0,-1
2026-06-29 14:48:32.626,134.5082,True,21.53166,1.184756,-8.946992,0.07650177,-0.009890549,0.0003397696,0.9970204,0.01967017,0.1525544,-0.9880993,False,-1,-1,0,0,0,-1
2026-06-29 14:48:32.666,134.5488,True,21.53111,1.184755,-8.946688,0.07378954,-0.008334407,0.0007411123,0.9972388,0.01651341,0.1471839,-0.9889713,False,-1,-1,0,0,0,-1
2026-06-29 14:48:32.703,134.5867,True,21.53156,1.184657,-8.94716,0.07516505,-0.009213074,0.001036063,0.997128,0.01821748,0.1499174,-0.9885307,False,-1,-1,0,0,0,-1
2026-06-29 14:48:32.738,134.6214,True,21.53263,1.184656,-8.948067,0.0758716,-0.009819603,0.001292144,0.9970685,0.01938556,0.1513237,-0.9882941,False,-1,-1,0,0,0,-1
2026-06-29 14:48:32.775,134.6598,True,21.53359,1.184581,-8.949036,0.07446164,-0.008611426,0.001277879,0.9971859,0.01698408,0.1485262,-0.9887626,False,-1,-1,0,0,0,-1
2026-06-29 14:48:32.820,134.7027,True,21.53384,1.184593,-8.949262,0.07503577,-0.007302696,0.001409963,0.9971531,0.01435222,0.1496649,-0.9886326,False,-1,-1,0,0,0,-1
2026-06-29 14:48:32.858,134.7415,True,21.53383,1.184786,-8.94938,0.07407717,-0.009195206,0.001699276,0.9972087,0.01808732,0.147772,-0.988856,False,-1,-1,0,0,0,-1
2026-06-29 14:48:32.893,134.7771,True,21.53323,1.185307,-8.949185,0.0751477,-0.01214682,0.002204956,0.9970961,0.02389171,0.1499125,-0.9884105,False,-1,-1,0,0,0,-1
2026-06-29 14:48:32.927,134.8119,True,21.5338,1.185957,-8.949871,0.06798228,-0.01821828,0.002665557,0.9975167,0.03598364,0.135724,-0.990093,False,-1,-1,0,0,0,-1
2026-06-29 14:48:32.965,134.847,True,21.53252,1.187176,-8.949428,-0.05648882,-0.0281779,-0.0003218638,0.9980054,0.05620703,-0.1127704,-0.99203,False,-1,-1,0,0,0,-1
2026-06-29 14:48:33.002,134.8859,True,21.53219,1.188502,-8.949793,-0.129988,-0.03227746,-0.00225305,0.9909875,0.06338739,-0.2577784,-0.9641226,False,-1,-1,0,0,0,-1
2026-06-29 14:48:33.041,134.9234,True,21.53221,1.18926,-8.950304,-0.1232605,-0.03165017,-0.002187475,0.9918671,0.06224627,-0.2446546,-0.9676102,False,-1,-1,0,0,0,-1
2026-06-29 14:48:33.074,134.9591,True,21.53295,1.19014,-8.951426,-0.1230687,-0.03024651,-0.002956457,0.9919327,0.05927731,-0.2443306,-0.9678785,False,-1,-1,0,0,0,-1
2026-06-29 14:48:33.112,134.9942,True,21.53167,1.191005,-8.950322,-0.118253,-0.0251156,-0.005349931,0.9926515,0.04859678,-0.2350368,-0.9707708,False,-1,-1,0,0,0,-1
2026-06-29 14:48:33.149,135.0323,True,21.53218,1.191461,-8.951251,-0.1252076,-0.012048,-0.005736403,0.9920409,0.02246774,-0.2485603,-0.9683558,False,-1,-1,0,0,0,-1
2026-06-29 14:48:33.186,135.0684,True,21.52986,1.191823,-8.949664,-0.1171012,-0.01595504,-0.004549684,0.9929814,0.03062056,-0.2327038,-0.9720655,False,-1,-1,0,0,0,-1
2026-06-29 14:48:33.218,135.1022,True,21.53007,1.192361,-8.95002,-0.1279932,-0.02182744,-0.004024096,0.9915267,0.04225487,-0.2539931,-0.9662826,False,-1,-1,0,0,0,-1
2026-06-29 14:48:33.253,135.1371,True,21.52589,1.193111,-8.946697,-0.1256473,-0.02226626,-0.003640818,0.9918184,0.04325327,-0.2494008,-0.9674339,False,-1,-1,0,0,0,-1
2026-06-29 14:48:33.331,135.2155,True,21.52603,1.193727,-8.947493,-0.1294626,-0.02048561,-0.003554601,0.9913663,0.03969711,-0.2568353,-0.9656395,False,-1,-1,0,0,0,-1
2026-06-29 14:48:33.372,135.2548,True,21.52338,1.194396,-8.946227,-0.1300122,-0.02259515,-0.003258033,0.9912496,0.0439477,-0.2578964,-0.9651725,False,-1,-1,0,0,0,-1
2026-06-29 14:48:33.411,135.2934,True,21.51977,1.194543,-8.943438,-0.1165996,-0.01591479,-0.003272256,0.9930461,0.03084515,-0.2316816,-0.9723025,False,-1,-1,0,0,0,-1
2026-06-29 14:48:33.448,135.3306,True,21.52034,1.194461,-8.943994,-0.1206689,-0.01466898,-0.003551736,0.9925781,0.02826305,-0.2396507,-0.9704477,False,-1,-1,0,0,0,-1
2026-06-29 14:48:33.485,135.3689,True,21.5222,1.194398,-8.945565,-0.1172453,-0.01205647,-0.003300134,0.9930243,0.02317089,-0.2329345,-0.9722164,False,-1,-1,0,0,0,-1
2026-06-29 14:48:33.527,135.4114,True,21.52304,1.194425,-8.946332,-0.1170707,-0.01030184,-0.003571416,0.9930637,0.01962455,-0.2325908,-0.9723766,False,-1,-1,0,0,0,-1
2026-06-29 14:48:33.566,135.4481,True,21.52295,1.194535,-8.946224,-0.1192279,-0.01257701,-0.00338516,0.9927815,0.02416523,-0.2368196,-0.971253,False,-1,-1,0,0,0,-1
2026-06-29 14:48:33.607,135.4894,True,21.5236,1.194559,-8.946939,-0.1210877,-0.01384057,-0.00315801,0.9925403,0.02670986,-0.2404563,-0.9702924,False,-1,-1,0,0,0,-1
2026-06-29 14:48:33.646,135.5275,True,21.52469,1.194515,-8.948112,-0.1202021,-0.01502901,-0.002803998,0.9926317,0.02916245,-0.2387171,-0.9706511,False,-1,-1,0,0,0,-1
2026-06-29 14:48:33.684,135.5685,True,21.52573,1.194398,-8.949142,-0.1200847,-0.01567518,-0.00285662,0.9926358,0.03043342,-0.2384904,-0.9706679,False,-1,-1,0,0,0,-1
2026-06-29 14:48:33.718,135.6023,True,21.52561,1.194355,-8.949075,-0.1182237,-0.0142732,-0.00296813,0.99288,0.02764135,-0.2348487,-0.9716389,False,-1,-1,0,0,0,-1
2026-06-29 14:48:33.754,135.6386,True,21.52608,1.194252,-8.949363,-0.05894732,0.0006745756,-0.001027281,0.9982604,-0.001467915,-0.1176882,-0.9930495,False,-1,-1,0,0,0,-1
2026-06-29 14:48:33.791,135.6758,True,21.52706,1.193888,-8.950089,0.04369867,-0.01161427,0.003517493,0.9989711,0.02289722,0.08738913,-0.9959111,False,-1,-1,0,0,0,-1
2026-06-29 14:48:33.826,135.7118,True,21.52848,1.193577,-8.950986,0.02796527,-0.00856412,0.002656374,0.9995687,0.01697228,0.05595192,-0.9982892,False,-1,-1,0,0,0,-1
2026-06-29 14:48:33.876,135.7612,True,21.52725,1.193194,-8.950143,0.02261621,-0.01222361,0.003029936,0.9996649,0.02430198,0.04529133,-0.9986782,False,-1,-1,0,0,0,-1
2026-06-29 14:48:33.912,135.7951,True,21.52629,1.192445,-8.949521,0.07401606,-0.009677836,0.005273222,0.9971962,0.01852079,0.1477191,-0.9888559,False,-1,-1,0,0,0,-1
2026-06-29 14:48:33.965,135.8501,True,21.52535,1.19116,-8.949407,0.1014647,-0.01839153,0.008338916,0.9946342,0.03489347,0.2021472,-0.9787334,False,-1,-1,0,0,0,-1
2026-06-29 14:48:34.001,135.8851,True,21.52613,1.190337,-8.949913,0.1101406,-0.02621416,0.009496007,0.9935249,0.04999706,0.2193526,-0.9743637,False,-1,-1,0,0,0,-1
2026-06-29 14:48:34.039,135.9231,True,21.52545,1.189938,-8.949083,0.0917064,-0.02268134,0.009155576,0.9954857,0.04347865,0.1830001,-0.982151,False,-1,-1,0,0,0,-1
2026-06-29 14:48:34.075,135.9583,True,21.52625,1.189379,-8.949476,0.09371383,-0.02663546,0.01004376,0.9951922,0.05113233,0.1870616,-0.9810165,False,-1,-1,0,0,0,-1
2026-06-29 14:48:34.148,136.0331,True,21.52347,1.18872,-8.94698,0.08349964,-0.02032989,0.01129081,0.9962364,0.03862119,0.1668298,-0.985229,False,-1,-1,0,0,0,-1
2026-06-29 14:48:34.184,136.0672,True,21.52363,1.18845,-8.947022,0.08793419,-0.02025649,0.01183842,0.99585,0.03826284,0.1756181,-0.9837145,False,-1,-1,0,0,0,-1
2026-06-29 14:48:34.217,136.1024,True,21.52524,1.188393,-8.948509,0.08643836,-0.01853601,0.01140266,0.9960195,0.03495321,0.1726113,-0.9843696,False,-1,-1,0,0,0,-1
2026-06-29 14:48:34.256,136.1384,True,21.52509,1.18843,-8.948319,0.07702223,-0.01808558,0.01034544,0.9968117,0.03446218,0.1539275,-0.987481,False,-1,-1,0,0,0,-1
2026-06-29 14:48:34.293,136.176,True,21.52777,1.18809,-8.950014,0.07450069,-0.01539906,0.009532358,0.9970565,0.02928713,0.1488564,-0.988425,False,-1,-1,0,0,0,-1
2026-06-29 14:48:34.332,136.2166,True,21.52921,1.187817,-8.950769,0.07633793,-0.0147135,0.008882216,0.9969339,0.02798068,0.1524691,-0.9879121,False,-1,-1,0,0,0,-1
2026-06-29 14:48:34.369,136.2522,True,21.52945,1.187594,-8.950696,0.074499,-0.01484975,0.008601119,0.9970734,0.02833102,0.1488174,-0.9884588,False,-1,-1,0,0,0,-1
2026-06-29 14:48:34.403,136.2857,True,21.52829,1.187367,-8.949434,0.0740231,-0.01488834,0.00794373,0.9971138,0.02851471,0.1478554,-0.9885978,False,-1,-1,0,0,0,-1
2026-06-29 14:48:34.441,136.3252,True,21.52711,1.187137,-8.948432,0.07455192,-0.01471911,0.007917083,0.9970771,0.0281717,0.1489011,-0.9884507,False,-1,-1,0,0,0,-1
2026-06-29 14:48:34.479,136.3627,True,21.52865,1.186815,-8.949674,0.07320786,-0.01514826,0.007856227,0.9971707,0.02906052,0.1462395,-0.9888223,False,-1,-1,0,0,0,-1
2026-06-29 14:48:34.518,136.4014,True,21.52894,1.186688,-8.949946,0.07188047,-0.01586737,0.008019731,0.9972548,0.03049469,0.1436208,-0.9891629,False,-1,-1,0,0,0,-1
2026-06-29 14:48:34.561,136.444,True,21.5274,1.186818,-8.948787,0.07099521,-0.01713358,0.007732992,0.9972996,0.03307662,0.141872,-0.9893323,False,-1,-1,0,0,0,-1
2026-06-29 14:48:34.599,136.4825,True,21.52678,1.186994,-8.948523,0.07024687,-0.01553137,0.007199329,0.9973828,0.02996998,0.1403497,-0.9896483,False,-1,-1,0,0,0,-1
2026-06-29 14:48:34.635,136.519,True,21.52651,1.187148,-8.948258,0.0720946,-0.01729923,0.007181934,0.9972219,0.03346679,0.1440371,-0.9890062,False,-1,-1,0,0,0,-1
2026-06-29 14:48:34.672,136.5549,True,21.52579,1.187311,-8.947752,0.07091314,-0.01712763,0.007111897,0.9973101,0.03315446,0.1416884,-0.9893559,False,-1,-1,0,0,0,-1
2026-06-29 14:48:34.710,136.5937,True,21.52615,1.187523,-8.948045,0.07172973,-0.01646381,0.007318873,0.9972614,0.03178748,0.1433076,-0.9891676,False,-1,-1,0,0,0,-1
2026-06-29 14:48:34.746,136.6303,True,21.52487,1.187612,-8.946959,0.07274314,-0.01571801,0.007677474,0.9971973,0.03023094,0.1453199,-0.9889228,False,-1,-1,0,0,0,-1
2026-06-29 14:48:34.783,136.6677,True,21.52584,1.187529,-8.947683,0.07444729,-0.01523492,0.007680362,0.997079,0.02923727,0.1486937,-0.988451,False,-1,-1,0,0,0,-1
2026-06-29 14:48:34.820,136.7046,True,21.52658,1.187403,-8.94839,0.07258567,-0.01635415,0.007412502,0.9972005,0.03154065,0.1450074,-0.9889277,False,-1,-1,0,0,0,-1
2026-06-29 14:48:34.859,136.7421,True,21.52607,1.187403,-8.948068,0.07200585,-0.01687201,0.007297077,0.9972348,0.03259984,0.1438597,-0.989061,False,-1,-1,0,0,0,-1
2026-06-29 14:48:34.896,136.7809,True,21.52653,1.187321,-8.948463,0.07190929,-0.01693632,0.007077999,0.9972423,0.03276128,0.1436617,-0.9890844,False,-1,-1,0,0,0,-1
2026-06-29 14:48:34.935,136.8176,True,21.52561,1.187314,-8.947846,0.0727743,-0.01742992,0.007061728,0.9971712,0.0337334,0.145383,-0.9888002,False,-1,-1,0,0,0,-1
2026-06-29 14:48:34.967,136.8519,True,21.52518,1.187344,-8.947536,0.07047661,-0.0173585,0.007073145,0.9973373,0.03362759,0.1408235,-0.9894634,False,-1,-1,0,0,0,-1
2026-06-29 14:48:35.005,136.8884,True,21.52403,1.187591,-8.946913,0.06954353,-0.01735123,0.007224518,0.9974019,0.03360747,0.1389764,-0.9897253,False,-1,-1,0,0,0,-1
2026-06-29 14:48:35.046,136.9291,True,21.52351,1.18763,-8.946568,0.06913718,-0.01537879,0.007164989,0.9974629,0.02968881,0.1381439,-0.9899671,False,-1,-1,0,0,0,-1
2026-06-29 14:48:35.083,136.9678,True,21.52247,1.187643,-8.945842,0.06852184,-0.01542275,0.007216899,0.9975043,0.02977949,0.1369243,-0.9901338,False,-1,-1,0,0,0,-1
2026-06-29 14:48:35.118,137.0012,True,21.52237,1.187671,-8.945841,0.06855819,-0.0150724,0.007255156,0.997507,0.02907484,0.1369932,-0.9901452,False,-1,-1,0,0,0,-1
2026-06-29 14:48:35.155,137.0381,True,21.5226,1.187757,-8.946039,0.06872059,-0.01555385,0.007448424,0.9974869,0.03000581,0.1373275,-0.9900711,False,-1,-1,0,0,0,-1
2026-06-29 14:48:35.190,137.0748,True,21.52246,1.187875,-8.946069,0.06891123,-0.01616526,0.007571578,0.9974631,0.03120497,0.1377176,-0.9899799,False,-1,-1,0,0,0,-1
2026-06-29 14:48:35.226,137.1095,True,21.52228,1.188113,-8.946086,0.01548531,-0.005164143,0.005380958,0.9998523,0.01016011,0.03102163,-0.9994671,False,-1,-1,0,0,0,-1
2026-06-29 14:48:35.265,137.1472,True,21.52005,1.188609,-8.944174,-0.1029996,-0.02598945,0.0006239293,0.9943416,0.05181332,-0.2048011,-0.9774313,False,-1,-1,0,0,0,-1
2026-06-29 14:48:35.298,137.1824,True,21.51899,1.189453,-8.943703,-0.1210151,-0.02378733,-0.0007632854,0.9923654,0.0470267,-0.2402187,-0.969579,False,-1,-1,0,0,0,-1
2026-06-29 14:48:35.335,137.2194,True,21.51883,1.190564,-8.944493,-0.108592,-0.02768194,-0.0005178801,0.9937008,0.05490265,-0.2158445,-0.974883,False,-1,-1,0,0,0,-1
2026-06-29 14:48:35.375,137.2581,True,21.5186,1.19143,-8.944924,-0.1150947,-0.0228035,-0.0004526917,0.9930927,0.04518778,-0.22862,-0.9724664,False,-1,-1,0,0,0,-1
2026-06-29 14:48:35.413,137.2956,True,21.51584,1.192765,-8.943386,-0.1113302,-0.01878661,0.0002625636,0.9936059,0.03739143,-0.2212269,-0.9745053,False,-1,-1,0,0,0,-1
2026-06-29 14:48:35.451,137.3347,True,21.51864,1.193389,-8.946568,-0.1251822,-0.01913933,0.0005135492,0.991949,0.03809905,-0.2483291,-0.9679262,False,-1,-1,0,0,0,-1
2026-06-29 14:48:35.484,137.3691,True,21.52055,1.194051,-8.949152,-0.1236402,-0.01910773,0.001370495,0.9921422,0.03825407,-0.2452849,-0.968696,False,-1,-1,0,0,0,-1
2026-06-29 14:48:35.533,137.4156,True,21.51929,1.194431,-8.949114,-0.1174011,-0.01319749,0.001930649,0.992995,0.0266634,-0.2331064,-0.9720856,False,-1,-1,0,0,0,-1
2026-06-29 14:48:35.571,137.4533,True,21.51633,1.195082,-8.947783,-0.1194228,-0.01252393,0.001988128,0.9927625,0.02534143,-0.2370672,-0.9711627,False,-1,-1,0,0,0,-1
2026-06-29 14:48:35.609,137.4929,True,21.51838,1.195368,-8.950344,-0.117623,-0.01985525,0.002874069,0.9928557,0.04010292,-0.2334511,-0.9715412,False,-1,-1,0,0,0,-1
2026-06-29 14:48:35.651,137.5335,True,21.51804,1.195704,-8.950943,-0.118872,-0.01894868,0.002861701,0.9927247,0.038302,-0.2359058,-0.9710208,False,-1,-1,0,0,0,-1
2026-06-29 14:48:35.688,137.5703,True,21.51786,1.195787,-8.951777,-0.1202782,-0.01775603,0.003112873,0.9925765,0.03599726,-0.23866,-0.9704358,False,-1,-1,0,0,0,-1
2026-06-29 14:48:35.725,137.6088,True,21.51587,1.195959,-8.950785,-0.1177457,-0.01689616,0.003294744,0.9928946,0.0343281,-0.2337068,-0.971701,False,-1,-1,0,0,0,-1
2026-06-29 14:48:35.762,137.6439,True,21.51544,1.196111,-8.951052,-0.1182124,-0.01284558,0.003412098,0.9928994,0.02631545,-0.2346585,-0.9717216,False,-1,-1,0,0,0,-1
2026-06-29 14:48:35.800,137.6823,True,21.51485,1.196434,-8.951509,-0.1215837,-0.01543114,0.004020056,0.9924531,0.03160691,-0.2412082,-0.9699585,False,-1,-1,0,0,0,-1
2026-06-29 14:48:35.832,137.7168,True,21.5146,1.196731,-8.951869,-0.12322,-0.01960354,0.004369514,0.9921762,0.03997716,-0.2443405,-0.9688651,False,-1,-1,0,0,0,-1
2026-06-29 14:48:35.874,137.7594,True,21.51597,1.197049,-8.95385,-0.1252448,-0.01727922,0.004227463,0.9919664,0.03533974,-0.2483312,-0.9680303,False,-1,-1,0,0,0,-1
2026-06-29 14:48:35.925,137.8097,True,21.51668,1.197272,-8.95528,-0.125935,-0.01720215,0.005024477,0.9918766,0.03539034,-0.2496512,-0.9676889,False,-1,-1,0,0,0,-1
2026-06-29 14:48:35.965,137.8465,True,21.51616,1.19749,-8.955469,-0.1251249,-0.01604308,0.005601314,0.9919955,0.03323106,-0.248067,-0.9681727,False,-1,-1,0,0,0,-1
2026-06-29 14:48:36.003,137.8856,True,21.51558,1.197593,-8.955866,-0.1226138,-0.01500504,0.006380792,0.9923205,0.03134437,-0.2431528,-0.9694814,False,-1,-1,0,0,0,-1
2026-06-29 14:48:36.041,137.9263,True,21.5154,1.197511,-8.956014,-0.1228128,-0.01619428,0.006398019,0.9922771,0.03370995,-0.2435214,-0.9693095,False,-1,-1,0,0,0,-1
2026-06-29 14:48:36.081,137.9643,True,21.51557,1.197403,-8.956354,-0.1218302,-0.0145044,0.006430611,0.9924242,0.03035592,-0.2416279,-0.9698941,False,-1,-1,0,0,0,-1
2026-06-29 14:48:36.121,138.0039,True,21.51583,1.197262,-8.956686,-0.1189229,-0.01425112,0.006277328,0.9927814,0.02978953,-0.2359499,-0.9713085,False,-1,-1,0,0,0,-1
2026-06-29 14:48:36.158,138.0426,True,21.51506,1.197242,-8.955864,-0.1210376,-0.01296095,0.005465707,0.9925483,0.02705185,-0.2401297,-0.9703638,False,-1,-1,0,0,0,-1
2026-06-29 14:48:36.191,138.0767,True,21.51578,1.197096,-8.956276,-0.1221396,-0.01541648,0.005196674,0.9923796,0.03186743,-0.2422574,-0.9696885,False,-1,-1,0,0,0,-1
2026-06-29 14:48:36.226,138.1104,True,21.51634,1.19693,-8.956876,-0.1210421,-0.01892874,0.004998203,0.9924543,0.0387818,-0.2400683,-0.969981,False,-1,-1,0,0,0,-1
2026-06-29 14:48:36.276,138.1591,True,21.51538,1.196739,-8.955553,-0.1235601,-0.012099,0.003895199,0.9922557,0.02497319,-0.2451122,-0.969173,False,-1,-1,0,0,0,-1
2026-06-29 14:48:36.309,138.1931,True,21.51536,1.196543,-8.955013,-0.1217238,-0.01310673,0.00454339,0.9924671,0.02712207,-0.2414946,-0.970023,False,-1,-1,0,0,0,-1
2026-06-29 14:48:36.346,138.2279,True,21.5169,1.196358,-8.955797,-0.09813997,-0.002436757,0.005686054,0.9951534,0.005965953,-0.1953009,-0.9807252,False,-1,-1,0,0,0,-1
2026-06-29 14:48:36.383,138.2681,True,21.51664,1.195945,-8.954887,-0.05476237,-0.0009800085,0.009417036,0.9984546,0.002988386,-0.109337,-0.9940003,False,-1,-1,0,0,0,-1
2026-06-29 14:48:36.420,138.3023,True,21.51781,1.195324,-8.955048,-0.0675332,-0.01347901,0.01257127,0.9975468,0.02858984,-0.1343962,-0.9905152,False,-1,-1,0,0,0,-1
2026-06-29 14:48:36.456,138.3379,True,21.51876,1.195262,-8.954845,-0.04956923,-0.00893626,0.01302943,0.9986458,0.01914003,-0.09877133,-0.9949261,False,-1,-1,0,0,0,-1
2026-06-29 14:48:36.493,138.3778,True,21.51885,1.194982,-8.953756,-0.05810484,-0.01507283,0.01186706,0.9981261,0.03146823,-0.1156342,-0.9927933,False,-1,-1,0,0,0,-1
2026-06-29 14:48:36.533,138.4171,True,21.51826,1.194457,-8.951646,-0.05110298,-0.005411767,0.01040788,0.9986245,0.01187239,-0.1019527,-0.9947184,False,-1,-1,0,0,0,-1
2026-06-29 14:48:36.571,138.4542,True,21.5186,1.192499,-8.949856,0.02997779,-0.01165568,0.01470993,0.9993744,0.02241484,0.06026099,-0.9979309,False,-1,-1,0,0,0,-1
2026-06-29 14:48:36.608,138.4936,True,21.51864,1.188959,-8.947128,0.08402271,-0.01840697,0.02168837,0.9960577,0.03302417,0.1681814,-0.9852027,False,-1,-1,0,0,0,-1
2026-06-29 14:48:36.648,138.5323,True,21.51903,1.186939,-8.945127,0.1170926,-0.01866391,0.02395315,0.9926566,0.03144424,0.2333596,-0.971882,False,-1,-1,0,0,0,-1
2026-06-29 14:48:36.687,138.5692,True,21.51992,1.184971,-8.942948,0.1098876,-0.0120837,0.02456951,0.9935669,0.01861217,0.2189551,-0.9755574,False,-1,-1,0,0,0,-1
2026-06-29 14:48:36.724,138.6094,True,21.51808,1.184193,-8.939116,0.09743058,-0.0193057,0.02200756,0.9948117,0.03412266,0.1946999,-0.9802691,False,-1,-1,0,0,0,-1
2026-06-29 14:48:36.759,138.6433,True,21.51892,1.183089,-8.937645,0.08754879,-0.01542984,0.01970859,0.9958457,0.02728055,0.1749784,-0.9841943,False,-1,-1,0,0,0,-1
2026-06-29 14:48:36.797,138.6818,True,21.51971,1.181656,-8.934809,0.0859315,-0.01826028,0.01626888,0.9960009,0.0335785,0.1717699,-0.9845647,False,-1,-1,0,0,0,-1
2026-06-29 14:48:36.835,138.7176,True,21.52153,1.180888,-8.93399,0.08846512,-0.01536113,0.01683286,0.9958186,0.02761555,0.1767076,-0.9838759,False,-1,-1,0,0,0,-1
2026-06-29 14:48:36.873,138.7567,True,21.52336,1.180009,-8.932976,0.09283555,-0.0119795,0.01654817,0.9954718,0.02077799,0.1852268,-0.9824761,False,-1,-1,0,0,0,-1
2026-06-29 14:48:36.909,138.7933,True,21.52517,1.178665,-8.930759,0.08485919,-0.01653675,0.01820324,0.9960894,0.02985474,0.1696567,-0.9850509,False,-1,-1,0,0,0,-1
2026-06-29 14:48:36.944,138.8283,True,21.52582,1.178408,-8.92821,0.07584665,-0.02109098,0.01710313,0.9967497,0.03945043,0.1519217,-0.9876049,False,-1,-1,0,0,0,-1
2026-06-29 14:48:36.981,138.8622,True,21.52856,1.177937,-8.926664,0.08044228,-0.01919373,0.01613091,0.9964439,0.03565574,0.1609317,-0.9863213,False,-1,-1,0,0,0,-1
2026-06-29 14:48:37.017,138.9014,True,21.52941,1.177438,-8.923303,0.07962995,-0.02273583,0.01506956,0.9964513,0.04291032,0.15938,-0.9862843,False,-1,-1,0,0,0,-1
2026-06-29 14:48:37.069,138.9525,True,21.53163,1.176568,-8.918502,0.07019129,-0.0283704,0.01471748,0.9970214,0.05450572,0.1407995,-0.9885366,False,-1,-1,0,0,0,-1
2026-06-29 14:48:37.108,138.992,True,21.5325,1.176243,-8.914926,0.0742512,-0.03307367,0.01485114,0.9965804,0.06371571,0.1489769,-0.9867858,False,-1,-1,0,0,0,-1
2026-06-29 14:48:37.147,139.0293,True,21.53538,1.176203,-8.911139,0.07151683,-0.03420475,0.0139733,0.9967548,0.06618884,0.1435254,-0.9874308,False,-1,-1,0,0,0,-1
2026-06-29 14:48:37.184,139.0673,True,21.53681,1.176727,-8.907128,0.07568529,-0.0297606,0.01209918,0.9966142,0.05748821,0.1515782,-0.9867721,False,-1,-1,0,0,0,-1
2026-06-29 14:48:37.223,139.105,True,21.54093,1.177589,-8.903144,0.07069067,-0.0380198,0.01003759,0.9967229,0.07437129,0.1416813,-0.9871147,False,-1,-1,0,0,0,-1
2026-06-29 14:48:37.258,139.1429,True,21.54786,1.177999,-8.903054,0.07896402,-0.03975212,0.01183943,0.9960142,0.07731758,0.1582399,-0.9843689,False,-1,-1,0,0,0,-1
2026-06-29 14:48:37.293,139.1769,True,21.55245,1.178666,-8.90084,0.07930136,-0.04689144,0.01181364,0.9956771,0.0915038,0.159025,-0.983025,False,-1,-1,0,0,0,-1
2026-06-29 14:48:37.334,139.2171,True,21.55682,1.179817,-8.895536,0.08276474,0.01507773,0.009693696,0.9964079,-0.03165172,0.1646426,-0.9858453,False,-1,-1,0,0,0,-1
2026-06-29 14:48:37.371,139.2544,True,21.56225,1.1798,-8.892132,0.08469871,0.003029995,0.009815103,0.9963537,-0.007700546,0.1687203,-0.9856339,False,-1,-1,0,0,0,-1
2026-06-29 14:48:37.441,139.3249,True,21.57041,1.179866,-8.887131,0.07864112,-0.002324224,0.01034201,0.9968467,0.003007174,0.1568343,-0.9876204,False,-1,-1,0,0,0,-1
2026-06-29 14:48:37.478,139.3616,True,21.58075,1.178668,-8.876476,0.09246267,0.01589658,0.01484274,0.9954786,-0.03439421,0.1836173,-0.9823959,False,-1,-1,0,0,0,-1
2026-06-29 14:48:37.517,139.4001,True,21.58809,1.177436,-8.872526,-0.009900408,0.01244272,0.0105334,0.9998181,-0.02467234,-0.02005934,-0.9994943,False,-1,-1,0,0,0,-1
2026-06-29 14:48:37.554,139.4381,True,21.59677,1.176242,-8.867473,0.1030356,0.02615857,0.01123455,0.9942702,-0.05433249,0.2043026,-0.9773988,False,-1,-1,0,0,0,-1
2026-06-29 14:48:37.592,139.4756,True,21.60176,1.175893,-8.863518,0.09004866,0.02383245,0.006872526,0.9956285,-0.04869426,0.1789824,-0.9826465,False,-1,-1,0,0,0,-1
2026-06-29 14:48:37.627,139.5101,True,21.60661,1.175748,-8.859839,0.1136102,0.02141858,0.004055308,0.9932863,-0.04347101,0.2255213,-0.9732679,False,-1,-1,0,0,0,-1
2026-06-29 14:48:37.666,139.5494,True,21.61193,1.175294,-8.854783,0.1153201,0.01150028,-0.002079963,0.9932597,-0.02236581,0.2291335,-0.973138,False,-1,-1,0,0,0,-1
2026-06-29 14:48:37.705,139.5874,True,21.61664,1.174804,-8.852502,0.09194057,0.02488382,-0.005685141,0.9954373,-0.04849518,0.1833251,-0.9818555,False,-1,-1,0,0,0,-1
2026-06-29 14:48:37.745,139.6259,True,21.62201,1.174249,-8.849578,0.1114776,0.01362843,-0.009612208,0.993627,-0.02494007,0.2217962,-0.9747741,False,-1,-1,0,0,0,-1
2026-06-29 14:48:37.782,139.6665,True,21.62654,1.173719,-8.848937,0.0973148,0.02145952,-0.008778988,0.9949836,-0.04099508,0.19403,-0.9801387,False,-1,-1,0,0,0,-1
2026-06-29 14:48:37.816,139.7001,True,21.62917,1.173459,-8.847795,0.09145515,0.01989906,-0.005252794,0.9955965,-0.03866208,0.1823139,-0.98248,False,-1,-1,0,0,0,-1
2026-06-29 14:48:37.855,139.7381,True,21.63035,1.173564,-8.845784,0.08855718,0.01648133,0.001801045,0.9959332,-0.0331476,0.1763347,-0.983772,False,-1,-1,0,0,0,-1
2026-06-29 14:48:37.892,139.7756,True,21.62773,1.174073,-8.84323,0.0923467,0.01327474,0.01018468,0.9955863,-0.02831334,0.1836078,-0.9825917,False,-1,-1,0,0,0,-1
2026-06-29 14:48:37.933,139.8169,False,21.62555,1.174303,-8.840417,0,0,0,1,0,0,-1,False,-1,-1,0,0,0,-1
2026-06-29 14:48:37.971,139.8532,False,21.62026,1.174507,-8.835236,0,0,0,1,0,0,-1,False,-1,-1,0,0,0,-1
2026-06-29 14:48:38.009,139.8922,False,21.61396,1.17526,-8.82743,0,0,0,1,0,0,-1,False,-1,-1,0,0,0,-1
2026-06-29 14:48:38.048,139.9317,False,21.60565,1.177937,-8.818923,0,0,0,1,0,0,-1,False,-1,-1,0,0,0,-1
2026-06-29 14:48:38.089,139.9737,False,21.59405,1.18183,-8.808393,0,0,0,1,0,0,-1,False,-1,-1,0,0,0,-1
2026-06-29 14:48:38.124,140.0085,False,21.58092,1.184504,-8.800825,0,0,0,1,0,0,-1,False,-1,-1,0,0,0,-1
2026-06-29 14:48:38.159,140.0431,False,21.56527,1.187252,-8.795503,0,0,0,1,0,0,-1,False,-1,-1,0,0,0,-1
2026-06-29 14:48:38.195,140.078,False,21.54105,1.190291,-8.789423,0,0,0,1,0,0,-1,False,-1,-1,0,0,0,-1
2026-06-29 14:48:38.235,140.1175,False,21.52265,1.192914,-8.789266,0,0,0,1,0,0,-1,False,-1,-1,0,0,0,-1
2026-06-29 14:48:38.271,140.154,False,21.5034,1.19627,-8.791201,0,0,0,1,0,0,-1,False,-1,-1,0,0,0,-1
2026-06-29 14:48:38.310,140.194,False,21.48044,1.200308,-8.797777,0,0,0,1,0,0,-1,False,-1,-1,0,0,0,-1
2026-06-29 14:48:38.348,140.231,False,21.4623,1.202561,-8.804235,0,0,0,1,0,0,-1,False,-1,-1,0,0,0,-1
2026-06-29 14:48:38.387,140.2688,False,21.44452,1.205166,-8.81175,0,0,0,1,0,0,-1,False,-1,-1,0,0,0,-1
2026-06-29 14:48:38.424,140.3086,False,21.42032,1.206403,-8.821366,0,0,0,1,0,0,-1,False,-1,-1,0,0,0,-1
2026-06-29 14:48:38.458,140.3433,False,21.40474,1.205205,-8.830098,0,0,0,1,0,0,-1,False,-1,-1,0,0,0,-1
2026-06-29 14:48:38.501,140.3834,False,21.38529,1.201614,-8.843795,0,0,0,1,0,0,-1,False,-1,-1,0,0,0,-1
2026-06-29 14:48:38.538,140.4219,False,21.3731,1.197779,-8.854788,0,0,0,1,0,0,-1,False,-1,-1,0,0,0,-1
2026-06-29 14:48:38.575,140.4584,False,21.35497,1.193931,-8.868648,0,0,0,1,0,0,-1,False,-1,-1,0,0,0,-1
2026-06-29 14:48:38.611,140.4935,False,21.34087,1.193071,-8.878378,0,0,0,1,0,0,-1,False,-1,-1,0,0,0,-1
2026-06-29 14:48:38.651,140.5336,False,21.32915,1.193179,-8.889658,0,0,0,1,0,0,-1,False,-1,-1,0,0,0,-1
2026-06-29 14:48:38.691,140.5749,False,21.31615,1.193462,-8.907481,0,0,0,1,0,0,-1,False,-1,-1,0,0,0,-1
2026-06-29 14:48:38.733,140.6169,False,21.30481,1.194204,-8.925746,0,0,0,1,0,0,-1,False,-1,-1,0,0,0,-1
2026-06-29 14:48:38.771,140.6532,False,21.29792,1.195838,-8.939724,0,0,0,1,0,0,-1,False,-1,-1,0,0,0,-1
2026-06-29 14:48:38.807,140.692,False,21.29138,1.198533,-8.958368,0,0,0,1,0,0,-1,False,-1,-1,0,0,0,-1
2026-06-29 14:48:38.842,140.7261,False,21.28829,1.204863,-8.969942,0,0,0,1,0,0,-1,False,-1,-1,0,0,0,-1
2026-06-29 14:48:38.880,140.7622,False,21.2879,1.210954,-8.982746,0,0,0,1,0,0,-1,False,-1,-1,0,0,0,-1
2026-06-29 14:48:38.920,140.8031,False,21.28749,1.21608,-8.997244,0,0,0,1,0,0,-1,False,-1,-1,0,0,0,-1
2026-06-29 14:48:38.956,140.8398,False,21.28893,1.218964,-9.006824,0,0,0,1,0,0,-1,False,-1,-1,0,0,0,-1
2026-06-29 14:48:38.991,140.8756,False,21.29224,1.22224,-9.016616,0,0,0,1,0,0,-1,False,-1,-1,0,0,0,-1
2026-06-29 14:48:39.026,140.9093,False,21.29493,1.225673,-9.025386,0,0,0,1,0,0,-1,False,-1,-1,0,0,0,-1
2026-06-29 14:48:39.061,140.9444,False,21.29889,1.228364,-9.033937,0,0,0,1,0,0,-1,False,-1,-1,0,0,0,-1
2026-06-29 14:48:39.098,140.9808,False,21.30199,1.232182,-9.042628,0,0,0,1,0,0,-1,False,-1,-1,0,0,0,-1
2026-06-29 14:48:39.135,141.018,False,21.30267,1.23508,-9.046554,0,0,0,1,0,0,-1,False,-1,-1,0,0,0,-1
2026-06-29 14:48:39.174,141.0568,False,21.30703,1.237429,-9.052959,0,0,0,1,0,0,-1,False,-1,-1,0,0,0,-1
2026-06-29 14:48:39.211,141.0939,False,21.31227,1.239824,-9.06067,0,0,0,1,0,0,-1,False,-1,-1,0,0,0,-1
2026-06-29 14:48:39.261,141.1431,False,21.31633,1.241773,-9.066336,0,0,0,1,0,0,-1,False,-1,-1,0,0,0,-1
2026-06-29 14:48:39.300,141.1836,False,21.31974,1.242559,-9.07114,0,0,0,1,0,0,-1,False,-1,-1,0,0,0,-1
2026-06-29 14:48:39.343,141.226,False,21.31818,1.242336,-9.07061,0,0,0,1,0,0,-1,False,-1,-1,0,0,0,-1
2026-06-29 14:48:39.384,141.2692,False,21.31874,1.24165,-9.072268,0,0,0,1,0,0,-1,False,-1,-1,0,0,0,-1
2026-06-29 14:48:39.428,141.3118,False,21.31715,1.241018,-9.072321,0,0,0,1,0,0,-1,False,-1,-1,0,0,0,-1
2026-06-29 14:48:39.468,141.3526,False,21.3145,1.240666,-9.071206,0,0,0,1,0,0,-1,False,-1,-1,0,0,0,-1
2026-06-29 14:48:39.506,141.3961,False,21.30953,1.24069,-9.06835,0,0,0,1,0,0,-1,False,-1,-1,0,0,0,-1
2026-06-29 14:48:39.539,141.4302,False,21.30756,1.240588,-9.067574,0,0,0,1,0,0,-1,False,-1,-1,0,0,0,-1
2026-06-29 14:48:39.582,141.4729,False,21.30537,1.240621,-9.067221,0,0,0,1,0,0,-1,False,-1,-1,0,0,0,-1
2026-06-29 14:48:39.626,141.5163,False,21.30263,1.240925,-9.066134,0,0,0,1,0,0,-1,False,-1,-1,0,0,0,-1
2026-06-29 14:48:39.661,141.5508,False,21.30312,1.240805,-9.066929,0,0,0,1,0,0,-1,False,-1,-1,0,0,0,-1
2026-06-29 14:48:39.705,141.5948,False,21.30151,1.241201,-9.065834,0,0,0,1,0,0,-1,False,-1,-1,0,0,0,-1
2026-06-29 14:48:39.745,141.6351,False,21.30209,1.241131,-9.066346,0,0,0,1,0,0,-1,False,-1,-1,0,0,0,-1
2026-06-29 14:48:39.783,141.6733,False,21.30396,1.240549,-9.067745,0,0,0,1,0,0,-1,False,-1,-1,0,0,0,-1
2026-06-29 14:48:39.826,141.7163,False,21.30498,1.239789,-9.068266,0,0,0,1,0,0,-1,False,-1,-1,0,0,0,-1
2026-06-29 14:48:39.860,141.7504,False,21.30622,1.2396,-9.069316,0,0,0,1,0,0,-1,False,-1,-1,0,0,0,-1
2026-06-29 14:48:39.904,141.7943,False,21.30816,1.239636,-9.071209,0,0,0,1,0,0,-1,False,-1,-1,0,0,0,-1
2026-06-29 14:48:39.938,141.8286,False,21.31121,1.239478,-9.074291,0,0,0,1,0,0,-1,False,-1,-1,0,0,0,-1
2026-06-29 14:48:39.983,141.8729,False,21.31226,1.239476,-9.076207,0,0,0,1,0,0,-1,False,-1,-1,0,0,0,-1
2026-06-29 14:48:40.027,141.9166,False,21.31197,1.239735,-9.077515,0,0,0,1,0,0,-1,False,-1,-1,0,0,0,-1
2026-06-29 14:48:40.060,141.9503,False,21.3108,1.23988,-9.078154,0,0,0,1,0,0,-1,False,-1,-1,0,0,0,-1
2026-06-29 14:48:40.093,141.9838,False,21.31022,1.239696,-9.079344,0,0,0,1,0,0,-1,False,-1,-1,0,0,0,-1
2026-06-29 14:48:40.127,142.0173,False,21.30935,1.23958,-9.080643,0,0,0,1,0,0,-1,False,-1,-1,0,0,0,-1
2026-06-29 14:48:40.163,142.0524,False,21.30709,1.239982,-9.08094,0,0,0,1,0,0,-1,False,-1,-1,0,0,0,-1
2026-06-29 14:48:40.206,142.0965,False,21.30659,1.240564,-9.083529,0,0,0,1,0,0,-1,False,-1,-1,0,0,0,-1
2026-06-29 14:48:40.240,142.1299,False,21.30602,1.240993,-9.085047,0,0,0,1,0,0,-1,False,-1,-1,0,0,0,-1
2026-06-29 14:48:40.273,142.1638,False,21.30541,1.241213,-9.086465,0,0,0,1,0,0,-1,False,-1,-1,0,0,0,-1
2026-06-29 14:48:40.307,142.1989,False,21.30464,1.24141,-9.087778,0,0,0,1,0,0,-1,False,-1,-1,0,0,0,-1
2026-06-29 14:48:40.342,142.2328,False,21.30299,1.2419,-9.089037,0,0,0,1,0,0,-1,False,-1,-1,0,0,0,-1
2026-06-29 14:48:40.574,142.4617,False,21.31438,1.240713,-9.071083,0,0,0,0,0,0,-1,False,-1,-1,0,0,0,-1
