RealTime,UnityTime,GazeValid,GazeOriginX,GazeOriginY,GazeOriginZ,GazeRotX,GazeRotY,GazeRotZ,GazeRotW,GazeDirX,GazeDirY,GazeDirZ,HitPainting,ImageX,ImageY,HitPointX,HitPointY,HitPointZ,HitDistance
2026-06-29 12:15:46.582,0,False,19.099,1.36144,-9.44,0,0,0,0,0,0,-1,False,-1,-1,0,0,0,-1
2026-06-29 12:15:47.050,0.1612036,False,22.05386,1.180233,-6.292602,0,0,0,1,0,0,-1,False,-1,-1,0,0,0,-1
2026-06-29 12:15:50.081,0.2645655,False,22.05088,1.185861,-6.300518,0,0,0,1,0,0,-1,False,-1,-1,0,0,0,-1
2026-06-29 12:15:50.139,0.5978988,False,22.04796,1.237502,-6.433882,0,0,0,1,0,0,-1,False,-1,-1,0,0,0,-1
2026-06-29 12:15:50.172,0.6335669,False,22.04747,1.236928,-6.43633,0,0,0,1,0,0,-1,False,-1,-1,0,0,0,-1
2026-06-29 12:15:50.215,0.6763716,False,22.04782,1.236945,-6.43674,0,0,0,1,0,0,-1,False,-1,-1,0,0,0,-1
2026-06-29 12:15:50.249,0.7097802,False,22.04797,1.237365,-6.436907,0,0,0,1,0,0,-1,False,-1,-1,0,0,0,-1
2026-06-29 12:15:50.293,0.7536452,False,22.04862,1.237599,-6.437129,0,0,0,1,0,0,-1,False,-1,-1,0,0,0,-1
2026-06-29 12:15:50.326,0.787086,False,22.04901,1.237477,-6.437357,0,0,0,1,0,0,-1,False,-1,-1,0,0,0,-1
2026-06-29 12:15:50.369,0.830022,False,22.04971,1.237376,-6.437783,0,0,0,1,0,0,-1,False,-1,-1,0,0,0,-1
2026-06-29 12:15:50.402,0.8633604,False,22.05034,1.237659,-6.437982,0,0,0,1,0,0,-1,False,-1,-1,0,0,0,-1
2026-06-29 12:15:50.447,0.9086779,False,22.05126,1.237486,-6.43766,0,0,0,1,0,0,-1,False,-1,-1,0,0,0,-1
2026-06-29 12:15:50.482,0.9425424,False,22.05261,1.237186,-6.437091,0,0,0,1,0,0,-1,False,-1,-1,0,0,0,-1
2026-06-29 12:15:50.515,0.976353,False,22.05414,1.236946,-6.436405,0,0,0,1,0,0,-1,False,-1,-1,0,0,0,-1
2026-06-29 12:15:50.549,1.009917,False,22.05631,1.237021,-6.435543,0,0,0,1,0,0,-1,False,-1,-1,0,0,0,-1
2026-06-29 12:15:50.583,1.043439,False,22.05891,1.237257,-6.434553,0,0,0,1,0,0,-1,False,-1,-1,0,0,0,-1
2026-06-29 12:15:50.615,1.077285,False,22.0621,1.237459,-6.433269,0,0,0,1,0,0,-1,False,-1,-1,0,0,0,-1
2026-06-29 12:15:50.650,1.110725,False,22.06516,1.237523,-6.43213,0,0,0,1,0,0,-1,False,-1,-1,0,0,0,-1
2026-06-29 12:15:50.682,1.144341,False,22.06884,1.237622,-6.430734,0,0,0,1,0,0,-1,False,-1,-1,0,0,0,-1
2026-06-29 12:15:50.716,1.177881,False,22.0727,1.237649,-6.4292,0,0,0,1,0,0,-1,False,-1,-1,0,0,0,-1
2026-06-29 12:15:50.761,1.221958,False,22.07797,1.237415,-6.427293,0,0,0,1,0,0,-1,False,-1,-1,0,0,0,-1
2026-06-29 12:15:50.794,1.255445,False,22.08202,1.237093,-6.4257,0,0,0,1,0,0,-1,False,-1,-1,0,0,0,-1
2026-06-29 12:15:50.838,1.299854,False,22.08697,1.236561,-6.423837,0,0,0,1,0,0,-1,False,-1,-1,0,0,0,-1
2026-06-29 12:15:50.883,1.344082,False,22.09124,1.236217,-6.422156,0,0,0,1,0,0,-1,False,-1,-1,0,0,0,-1
2026-06-29 12:15:50.916,1.377799,False,22.09332,1.23642,-6.421106,0,0,0,1,0,0,-1,False,-1,-1,0,0,0,-1
2026-06-29 12:15:50.961,1.421769,False,22.09553,1.236572,-6.420134,0,0,0,1,0,0,-1,False,-1,-1,0,0,0,-1
2026-06-29 12:15:50.995,1.455948,False,22.0968,1.236379,-6.419622,0,0,0,1,0,0,-1,False,-1,-1,0,0,0,-1
2026-06-29 12:15:51.039,1.499677,False,22.09882,1.236113,-6.41925,0,0,0,1,0,0,-1,False,-1,-1,0,0,0,-1
2026-06-29 12:15:51.073,1.533459,False,22.10034,1.235925,-6.419139,0,0,0,1,0,0,-1,False,-1,-1,0,0,0,-1
2026-06-29 12:15:51.117,1.577824,False,22.10244,1.235314,-6.419044,0,0,0,1,0,0,-1,False,-1,-1,0,0,0,-1
2026-06-29 12:15:51.161,1.622496,False,22.1048,1.234034,-6.418687,0,0,0,1,0,0,-1,False,-1,-1,0,0,0,-1
2026-06-29 12:15:51.205,1.666561,False,22.10764,1.232108,-6.417347,0,0,0,1,0,0,-1,False,-1,-1,0,0,0,-1
2026-06-29 12:15:51.250,1.710844,False,22.11259,1.229766,-6.413885,0,0,0,1,0,0,-1,False,-1,-1,0,0,0,-1
2026-06-29 12:15:51.295,1.755386,False,22.12213,1.225646,-6.40686,0,0,0,1,0,0,-1,False,-1,-1,0,0,0,-1
2026-06-29 12:15:51.328,1.788929,False,22.13221,1.220893,-6.400079,0,0,0,1,0,0,-1,False,-1,-1,0,0,0,-1
2026-06-29 12:15:51.362,1.822847,False,22.14378,1.215539,-6.392416,0,0,0,1,0,0,-1,False,-1,-1,0,0,0,-1
2026-06-29 12:15:51.395,1.856378,False,22.15559,1.209639,-6.383887,0,0,0,1,0,0,-1,False,-1,-1,0,0,0,-1
2026-06-29 12:15:51.428,1.889731,False,22.1672,1.203625,-6.374679,0,0,0,1,0,0,-1,False,-1,-1,0,0,0,-1
2026-06-29 12:15:51.472,1.93434,False,22.18226,1.196498,-6.361091,0,0,0,1,0,0,-1,False,-1,-1,0,0,0,-1
2026-06-29 12:15:51.527,1.988479,False,22.19607,1.191064,-6.343745,0,0,0,1,0,0,-1,False,-1,-1,0,0,0,-1
2026-06-29 12:15:51.570,2.030571,False,22.21244,1.184763,-6.320026,0,0,0,1,0,0,-1,False,-1,-1,0,0,0,-1
2026-06-29 12:15:51.614,2.075329,False,22.22346,1.177219,-6.301378,0,0,0,1,0,0,-1,False,-1,-1,0,0,0,-1
2026-06-29 12:15:51.658,2.119675,False,22.23127,1.168735,-6.286578,0,0,0,1,0,0,-1,False,-1,-1,0,0,0,-1
2026-06-29 12:15:51.692,2.153038,False,22.23474,1.162896,-6.277467,0,0,0,1,0,0,-1,False,-1,-1,0,0,0,-1
2026-06-29 12:15:51.736,2.196972,False,22.23609,1.155163,-6.266068,0,0,0,1,0,0,-1,False,-1,-1,0,0,0,-1
2026-06-29 12:15:51.770,2.230502,False,22.2365,1.150592,-6.258545,0,0,0,1,0,0,-1,False,-1,-1,0,0,0,-1
2026-06-29 12:15:51.814,2.27526,False,22.23526,1.143468,-6.247496,0,0,0,1,0,0,-1,False,-1,-1,0,0,0,-1
2026-06-29 12:15:51.859,2.319619,False,22.23368,1.134583,-6.235802,0,0,0,1,0,0,-1,False,-1,-1,0,0,0,-1
2026-06-29 12:15:51.893,2.353318,False,22.23267,1.128367,-6.227852,0,0,0,1,0,0,-1,False,-1,-1,0,0,0,-1
2026-06-29 12:15:51.926,2.387178,False,22.23071,1.122525,-6.22061,0,0,0,1,0,0,-1,False,-1,-1,0,0,0,-1
2026-06-29 12:15:51.960,2.420516,False,22.22709,1.118675,-6.214005,0,0,0,1,0,0,-1,False,-1,-1,0,0,0,-1
2026-06-29 12:15:51.993,2.454257,False,22.22136,1.115841,-6.208007,0,0,0,1,0,0,-1,False,-1,-1,0,0,0,-1
2026-06-29 12:15:52.027,2.488073,False,22.21478,1.113262,-6.203453,0,0,0,1,0,0,-1,False,-1,-1,0,0,0,-1
2026-06-29 12:15:52.061,2.521874,False,22.20716,1.116687,-6.201168,0,0,0,1,0,0,-1,False,-1,-1,0,0,0,-1
2026-06-29 12:15:52.095,2.555813,False,22.1967,1.118588,-6.199555,0,0,0,1,0,0,-1,False,-1,-1,0,0,0,-1
2026-06-29 12:15:52.128,2.589199,False,22.18562,1.119166,-6.198135,0,0,0,1,0,0,-1,False,-1,-1,0,0,0,-1
2026-06-29 12:15:52.173,2.633889,False,22.16968,1.119477,-6.197313,0,0,0,1,0,0,-1,False,-1,-1,0,0,0,-1
2026-06-29 12:15:52.207,2.667326,False,22.15816,1.119771,-6.196314,0,0,0,1,0,0,-1,False,-1,-1,0,0,0,-1
2026-06-29 12:15:52.250,2.71114,False,22.14513,1.120774,-6.192266,0,0,0,1,0,0,-1,False,-1,-1,0,0,0,-1
2026-06-29 12:15:52.283,2.744541,False,22.13769,1.120977,-6.189326,0,0,0,1,0,0,-1,False,-1,-1,0,0,0,-1
2026-06-29 12:15:52.327,2.788122,False,22.13311,1.119858,-6.187558,0,0,0,1,0,0,-1,False,-1,-1,0,0,0,-1
2026-06-29 12:15:52.369,2.829896,False,22.12747,1.116618,-6.186796,0,0,0,1,0,0,-1,False,-1,-1,0,0,0,-1
2026-06-29 12:15:52.403,2.863355,False,22.127,1.114409,-6.187641,0,0,0,1,0,0,-1,False,-1,-1,0,0,0,-1
2026-06-29 12:15:52.436,2.896819,False,22.12589,1.111184,-6.189531,0,0,0,1,0,0,-1,False,-1,-1,0,0,0,-1
2026-06-29 12:15:52.481,2.941092,False,22.12496,1.105343,-6.19369,0,0,0,1,0,0,-1,False,-1,-1,0,0,0,-1
2026-06-29 12:15:52.514,2.975745,False,22.12383,1.100188,-6.197791,0,0,0,1,0,0,-1,False,-1,-1,0,0,0,-1
2026-06-29 12:15:52.557,3.018805,False,22.12414,1.093511,-6.204727,0,0,0,1,0,0,-1,False,-1,-1,0,0,0,-1
2026-06-29 12:15:52.601,3.063142,False,22.12567,1.087353,-6.212092,0,0,0,1,0,0,-1,False,-1,-1,0,0,0,-1
2026-06-29 12:15:52.635,3.096506,False,22.12782,1.082888,-6.217787,0,0,0,1,0,0,-1,False,-1,-1,0,0,0,-1
2026-06-29 12:15:52.668,3.129854,False,22.1306,1.079932,-6.223253,0,0,0,1,0,0,-1,False,-1,-1,0,0,0,-1
2026-06-29 12:15:52.703,3.163584,False,22.13369,1.076863,-6.228426,0,0,0,1,0,0,-1,False,-1,-1,0,0,0,-1
2026-06-29 12:15:52.735,3.197184,False,22.1365,1.0731,-6.233037,0,0,0,1,0,0,-1,False,-1,-1,0,0,0,-1
2026-06-29 12:15:52.769,3.230839,False,22.13866,1.069317,-6.237432,0,0,0,1,0,0,-1,False,-1,-1,0,0,0,-1
2026-06-29 12:15:52.804,3.26473,False,22.14105,1.065459,-6.240965,0,0,0,1,0,0,-1,False,-1,-1,0,0,0,-1
2026-06-29 12:15:52.838,3.29828,False,22.1433,1.06163,-6.243877,0,0,0,1,0,0,-1,False,-1,-1,0,0,0,-1
2026-06-29 12:15:52.872,3.332429,False,22.1463,1.057258,-6.245101,0,0,0,1,0,0,-1,False,-1,-1,0,0,0,-1
2026-06-29 12:15:52.904,3.365999,False,22.14075,1.053819,-6.262364,0,0,0,1,0,0,-1,False,-1,-1,0,0,0,-1
2026-06-29 12:15:52.939,3.400048,False,22.14001,1.051259,-6.264237,0,0,0,1,0,0,-1,False,-1,-1,0,0,0,-1
2026-06-29 12:15:52.972,3.433459,False,22.1393,1.048997,-6.265821,0,0,0,1,0,0,-1,False,-1,-1,0,0,0,-1
2026-06-29 12:15:53.006,3.46682,False,22.13793,1.047445,-6.266798,0,0,0,1,0,0,-1,False,-1,-1,0,0,0,-1
2026-06-29 12:15:53.039,3.500241,False,22.13748,1.045885,-6.267392,0,0,0,1,0,0,-1,False,-1,-1,0,0,0,-1
2026-06-29 12:15:53.083,3.544114,False,22.13726,1.04394,-6.267328,0,0,0,1,0,0,-1,False,-1,-1,0,0,0,-1
2026-06-29 12:15:53.117,3.577489,False,22.13765,1.042546,-6.268206,0,0,0,1,0,0,-1,False,-1,-1,0,0,0,-1
2026-06-29 12:15:53.161,3.622085,False,22.14032,1.040562,-6.271204,0,0,0,1,0,0,-1,False,-1,-1,0,0,0,-1
2026-06-29 12:15:53.195,3.655575,False,22.14302,1.038753,-6.273753,0,0,0,1,0,0,-1,False,-1,-1,0,0,0,-1
2026-06-29 12:15:53.238,3.699935,False,22.14908,1.035071,-6.27753,0,0,0,1,0,0,-1,False,-1,-1,0,0,0,-1
2026-06-29 12:15:53.282,3.743937,False,22.15347,1.034401,-6.279747,0,0,0,1,0,0,-1,False,-1,-1,0,0,0,-1
2026-06-29 12:15:53.317,3.777287,False,22.15578,1.035344,-6.279737,0,0,0,1,0,0,-1,False,-1,-1,0,0,0,-1
2026-06-29 12:15:53.350,3.810646,False,22.16108,1.037284,-6.279812,0,0,0,1,0,0,-1,False,-1,-1,0,0,0,-1
2026-06-29 12:15:53.394,3.855074,False,22.16458,1.039692,-6.277032,0,0,0,1,0,0,-1,False,-1,-1,0,0,0,-1
2026-06-29 12:15:53.428,3.888458,False,22.16616,1.04024,-6.274684,0,0,0,1,0,0,-1,False,-1,-1,0,0,0,-1
2026-06-29 12:15:53.471,3.932626,False,22.16809,1.041612,-6.271684,0,0,0,1,0,0,-1,False,-1,-1,0,0,0,-1
2026-06-29 12:15:53.505,3.966518,False,22.1683,1.043408,-6.270095,0,0,0,1,0,0,-1,False,-1,-1,0,0,0,-1
2026-06-29 12:15:53.540,4.00113,False,22.16894,1.045413,-6.269032,0,0,0,1,0,0,-1,False,-1,-1,0,0,0,-1
2026-06-29 12:15:53.582,4.044028,False,22.17101,1.047274,-6.267735,0,0,0,1,0,0,-1,False,-1,-1,0,0,0,-1
2026-06-29 12:15:53.616,4.077435,False,22.17421,1.048868,-6.26686,0,0,0,1,0,0,-1,False,-1,-1,0,0,0,-1
2026-06-29 12:15:53.651,4.111088,False,22.17911,1.050318,-6.265881,0,0,0,1,0,0,-1,False,-1,-1,0,0,0,-1
2026-06-29 12:15:53.694,4.155088,False,22.18876,1.052696,-6.264176,0,0,0,1,0,0,-1,False,-1,-1,0,0,0,-1
2026-06-29 12:15:53.739,4.199764,False,22.20078,1.055995,-6.262223,0,0,0,1,0,0,-1,False,-1,-1,0,0,0,-1
2026-06-29 12:15:53.771,4.233154,False,22.21034,1.058216,-6.260905,0,0,0,1,0,0,-1,False,-1,-1,0,0,0,-1
2026-06-29 12:15:53.817,4.277547,False,22.22243,1.060584,-6.258524,0,0,0,1,0,0,-1,False,-1,-1,0,0,0,-1
2026-06-29 12:15:53.861,4.321532,False,22.23402,1.062737,-6.255816,0,0,0,1,0,0,-1,False,-1,-1,0,0,0,-1
2026-06-29 12:15:53.905,4.366024,False,22.24449,1.064284,-6.252812,0,0,0,1,0,0,-1,False,-1,-1,0,0,0,-1
2026-06-29 12:15:53.939,4.399651,False,22.24942,1.064467,-6.251382,0,0,0,1,0,0,-1,False,-1,-1,0,0,0,-1
2026-06-29 12:15:53.972,4.432985,False,22.25101,1.063922,-6.251151,0,0,0,1,0,0,-1,False,-1,-1,0,0,0,-1
2026-06-29 12:15:54.016,4.477324,False,22.25021,1.06267,-6.251433,0,0,0,1,0,0,-1,False,-1,-1,0,0,0,-1
2026-06-29 12:15:54.061,4.521808,False,22.25241,1.061595,-6.252182,0,0,0,1,0,0,-1,False,-1,-1,0,0,0,-1
2026-06-29 12:15:54.094,4.555167,False,22.25681,1.060915,-6.252156,0,0,0,1,0,0,-1,False,-1,-1,0,0,0,-1
2026-06-29 12:15:54.139,4.599457,False,22.26241,1.059122,-6.252367,0,0,0,1,0,0,-1,False,-1,-1,0,0,0,-1
2026-06-29 12:15:54.187,4.643857,False,22.26456,1.058402,-6.251417,0,0,0,1,0,0,-1,False,-1,-1,0,0,0,-1
2026-06-29 12:15:54.216,4.677291,False,22.26472,1.058884,-6.250907,0,0,0,1,0,0,-1,False,-1,-1,0,0,0,-1
2026-06-29 12:15:54.250,4.710879,False,22.26531,1.060922,-6.249798,0,0,0,1,0,0,-1,False,-1,-1,0,0,0,-1
2026-06-29 12:15:54.294,4.754979,False,22.26735,1.064127,-6.247401,0,0,0,1,0,0,-1,False,-1,-1,0,0,0,-1
2026-06-29 12:15:54.328,4.788346,False,22.26936,1.065336,-6.245645,0,0,0,1,0,0,-1,False,-1,-1,0,0,0,-1
2026-06-29 12:15:54.361,4.821728,False,22.27166,1.066467,-6.244139,0,0,0,1,0,0,-1,False,-1,-1,0,0,0,-1
2026-06-29 12:15:54.405,4.866134,False,22.27415,1.067812,-6.242707,0,0,0,1,0,0,-1,False,-1,-1,0,0,0,-1
2026-06-29 12:15:54.450,4.910536,False,22.27622,1.069041,-6.24147,0,0,0,1,0,0,-1,False,-1,-1,0,0,0,-1
2026-06-29 12:15:54.494,4.954862,False,22.27798,1.07023,-6.240802,0,0,0,1,0,0,-1,False,-1,-1,0,0,0,-1
2026-06-29 12:15:54.538,4.999408,False,22.27958,1.070698,-6.240275,0,0,0,1,0,0,-1,False,-1,-1,0,0,0,-1
2026-06-29 12:15:54.571,5.032807,False,22.28039,1.071101,-6.239828,0,0,0,1,0,0,-1,False,-1,-1,0,0,0,-1
2026-06-29 12:15:54.605,5.066169,False,22.28077,1.071692,-6.239378,0,0,0,1,0,0,-1,False,-1,-1,0,0,0,-1
2026-06-29 12:15:54.650,5.110287,False,22.28142,1.072359,-6.239079,0,0,0,1,0,0,-1,False,-1,-1,0,0,0,-1
2026-06-29 12:15:54.683,5.143654,False,22.28161,1.072977,-6.239085,0,0,0,1,0,0,-1,False,-1,-1,0,0,0,-1
2026-06-29 12:15:54.728,5.18813,False,22.28187,1.073531,-6.239219,0,0,0,1,0,0,-1,False,-1,-1,0,0,0,-1
2026-06-29 12:15:54.761,5.221495,False,22.28189,1.073743,-6.239371,0,0,0,1,0,0,-1,False,-1,-1,0,0,0,-1
2026-06-29 12:15:54.805,5.266078,False,22.28184,1.074037,-6.240091,0,0,0,1,0,0,-1,False,-1,-1,0,0,0,-1
2026-06-29 12:15:54.849,5.31025,False,22.28202,1.074151,-6.241095,0,0,0,1,0,0,-1,False,-1,-1,0,0,0,-1
2026-06-29 12:15:54.893,5.354631,False,22.28226,1.074552,-6.242167,0,0,0,1,0,0,-1,False,-1,-1,0,0,0,-1
2026-06-29 12:15:54.938,5.399007,False,22.28237,1.0752,-6.243089,0,0,0,1,0,0,-1,False,-1,-1,0,0,0,-1
2026-06-29 12:15:54.983,5.443644,False,22.28248,1.076111,-6.243828,0,0,0,1,0,0,-1,False,-1,-1,0,0,0,-1
2026-06-29 12:15:55.072,5.501813,True,22.28241,1.076613,-6.244288,0.3107217,0.9423712,0,0.1240504,-0.2338031,0.07709032,0.969223,True,0.861145,0.3812214,21.08971,1.469873,-1.3,5.101291
2026-06-29 12:15:55.104,5.551263,True,22.28273,1.07856,-6.245229,0.4400324,0.8864597,0,0.14339,-0.2542188,0.1261924,0.9588786,True,0.8418489,0.4563763,20.97165,1.729373,-1.3,5.157305
2026-06-29 12:15:55.148,5.600365,True,22.28351,1.079543,-6.245197,0.3574854,0.9260685,0,0.1208364,-0.2238055,0.08639448,0.9707972,True,0.869929,0.3956325,21.14346,1.519633,-1.3,5.093956
2026-06-29 12:15:55.192,5.644213,True,22.2844,1.080273,-6.245061,0.4279884,0.8965992,0,0.1137362,-0.2039516,0.09735553,0.9741282,True,0.8871876,0.4115193,21.24906,1.574488,-1.3,5.076397
2026-06-29 12:15:55.232,5.685966,True,22.2848,1.081021,-6.2453,0.5061862,0.8559254,0,0.1056761,-0.1809016,0.1069835,0.9776652,True,0.9069127,0.4253294,21.36975,1.622173,-1.3,5.058276
2026-06-29 12:15:55.271,5.723557,True,22.28515,1.081605,-6.245798,0.5366988,0.8371316,0,0.1056652,-0.1769114,0.1134208,0.9776698,True,0.9102547,0.4349448,21.3902,1.655373,-1.3,5.058762
2026-06-29 12:15:55.314,5.768074,True,22.28542,1.081576,-6.247092,0.6524249,0.748745,0,0.1171443,-0.1754224,0.1528557,0.9725544,True,0.9107297,0.4939491,21.3931,1.859107,-1.3,5.086699
2026-06-29 12:15:55.357,5.811218,True,22.28591,1.081664,-6.248106,0.7131332,0.6947406,0,0.09368347,-0.1301714,0.1336176,0.9824468,True,0.9494961,0.4636914,21.6303,1.754631,-1.3,5.036512
2026-06-29 12:15:55.404,5.857362,True,22.28558,1.082032,-6.249535,0.996606,0.07214849,0,0.03963774,-0.005719606,0.07900641,0.9968576,False,-1,-1,0,0,0,-1
2026-06-29 12:15:55.447,5.90061,True,22.28464,1.082278,-6.251345,0.815343,-0.5770406,0,0.04732732,0.05461958,0.077176,0.9955202,False,-1,-1,0,0,0,-1
2026-06-29 12:15:55.494,5.946258,True,22.29716,1.081007,-6.219337,0.9809712,-0.1828872,0,0.06517607,0.02383973,0.1278717,0.9915041,False,-1,-1,0,0,0,-1
2026-06-29 12:15:55.536,5.989364,False,22.29656,1.080573,-6.220685,0,0,0,1,0,0,-1,False,-1,-1,0,0,0,-1
2026-06-29 12:15:55.580,6.034185,False,22.29702,1.079323,-6.221928,0,0,0,1,0,0,-1,False,-1,-1,0,0,0,-1
2026-06-29 12:15:55.625,6.077408,False,22.29595,1.078226,-6.223588,0,0,0,1,0,0,-1,False,-1,-1,0,0,0,-1
2026-06-29 12:15:55.671,6.12339,False,22.29377,1.078637,-6.226159,0,0,0,1,0,0,-1,False,-1,-1,0,0,0,-1
2026-06-29 12:15:55.715,6.168714,False,22.28947,1.078557,-6.228519,0,0,0,1,0,0,-1,False,-1,-1,0,0,0,-1
2026-06-29 12:15:55.757,6.211754,False,22.2836,1.080863,-6.229758,0,0,0,1,0,0,-1,False,-1,-1,0,0,0,-1
2026-06-29 12:15:55.805,6.257139,False,22.27531,1.080975,-6.232409,0,0,0,1,0,0,-1,False,-1,-1,0,0,0,-1
2026-06-29 12:15:55.849,6.300421,False,22.26702,1.08195,-6.234287,0,0,0,1,0,0,-1,False,-1,-1,0,0,0,-1
2026-06-29 12:15:55.891,6.344699,False,22.25958,1.081126,-6.237277,0,0,0,1,0,0,-1,False,-1,-1,0,0,0,-1
2026-06-29 12:15:55.939,6.391725,False,22.25772,1.079388,-6.237304,0,0,0,1,0,0,-1,False,-1,-1,0,0,0,-1
2026-06-29 12:15:55.979,6.433285,False,22.25751,1.080439,-6.237366,0,0,0,1,0,0,-1,False,-1,-1,0,0,0,-1
2026-06-29 12:15:56.020,6.471768,False,22.2533,1.080923,-6.236541,0,0,0,1,0,0,-1,False,-1,-1,0,0,0,-1
2026-06-29 12:15:56.062,6.512122,False,22.24976,1.08108,-6.236876,0,0,0,1,0,0,-1,False,-1,-1,0,0,0,-1
2026-06-29 12:15:56.098,6.550884,False,22.24957,1.080577,-6.237467,0,0,0,1,0,0,-1,False,-1,-1,0,0,0,-1
2026-06-29 12:15:56.138,6.593338,False,22.25009,1.079919,-6.237324,0,0,0,1,0,0,-1,False,-1,-1,0,0,0,-1
2026-06-29 12:15:56.180,6.633284,False,22.25033,1.078898,-6.23702,0,0,0,1,0,0,-1,False,-1,-1,0,0,0,-1
2026-06-29 12:15:56.224,6.677581,False,22.24331,1.076627,-6.234612,0,0,0,1,0,0,-1,False,-1,-1,0,0,0,-1
2026-06-29 12:15:56.269,6.721675,False,22.24083,1.076398,-6.234457,0,0,0,1,0,0,-1,False,-1,-1,0,0,0,-1
2026-06-29 12:15:56.315,6.768658,False,22.25282,1.081028,-6.241348,0,0,0,1,0,0,-1,False,-1,-1,0,0,0,-1
2026-06-29 12:15:56.358,6.810885,False,22.24887,1.082543,-6.241562,0,0,0,1,0,0,-1,False,-1,-1,0,0,0,-1
2026-06-29 12:15:56.403,6.85636,False,22.24613,1.083028,-6.242337,0,0,0,1,0,0,-1,False,-1,-1,0,0,0,-1
2026-06-29 12:15:56.448,6.900867,False,22.24383,1.083171,-6.24284,0,0,0,1,0,0,-1,False,-1,-1,0,0,0,-1
2026-06-29 12:15:56.490,6.942924,False,22.24247,1.083902,-6.243423,0,0,0,1,0,0,-1,False,-1,-1,0,0,0,-1
2026-06-29 12:15:56.539,6.99085,False,22.23975,1.084262,-6.24373,0,0,0,1,0,0,-1,False,-1,-1,0,0,0,-1
2026-06-29 12:15:56.580,7.034008,False,22.23697,1.085668,-6.244611,0,0,0,1,0,0,-1,False,-1,-1,0,0,0,-1
2026-06-29 12:15:56.623,7.07702,False,22.23314,1.088794,-6.246614,0,0,0,1,0,0,-1,False,-1,-1,0,0,0,-1
2026-06-29 12:15:56.671,7.124172,False,22.22426,1.094537,-6.247955,0,0,0,1,0,0,-1,False,-1,-1,0,0,0,-1
2026-06-29 12:15:56.714,7.167877,False,22.21447,1.099966,-6.246603,0,0,0,1,0,0,-1,False,-1,-1,0,0,0,-1
2026-06-29 12:15:56.758,7.211637,False,22.20528,1.105679,-6.24564,0,0,0,1,0,0,-1,False,-1,-1,0,0,0,-1
2026-06-29 12:15:56.804,7.257749,False,22.19398,1.110845,-6.253795,0,0,0,1,0,0,-1,False,-1,-1,0,0,0,-1
2026-06-29 12:15:56.846,7.299206,False,22.18827,1.115402,-6.254312,0,0,0,1,0,0,-1,False,-1,-1,0,0,0,-1
2026-06-29 12:15:56.892,7.343889,False,22.18723,1.116445,-6.255069,0,0,0,1,0,0,-1,False,-1,-1,0,0,0,-1
2026-06-29 12:15:56.946,7.398769,False,22.18648,1.119472,-6.256839,0,0,0,1,0,0,-1,False,-1,-1,0,0,0,-1
2026-06-29 12:15:56.992,7.44511,False,22.18696,1.123097,-6.25899,0,0,0,1,0,0,-1,False,-1,-1,0,0,0,-1
2026-06-29 12:15:57.036,7.48851,False,22.18814,1.130401,-6.264856,0,0,0,1,0,0,-1,False,-1,-1,0,0,0,-1
2026-06-29 12:15:57.078,7.529483,False,22.1883,1.136853,-6.27101,0,0,0,1,0,0,-1,False,-1,-1,0,0,0,-1
2026-06-29 12:15:57.118,7.57081,False,22.18713,1.14455,-6.27826,0,0,0,1,0,0,-1,False,-1,-1,0,0,0,-1
2026-06-29 12:15:57.158,7.619647,False,22.18363,1.152673,-6.286151,0,0,0,1,0,0,-1,False,-1,-1,0,0,0,-1
2026-06-29 12:15:57.210,7.671033,False,22.17709,1.163195,-6.297495,0,0,0,1,0,0,-1,False,-1,-1,0,0,0,-1
2026-06-29 12:15:57.255,7.716069,False,22.1724,1.168124,-6.304852,0,0,0,1,0,0,-1,False,-1,-1,0,0,0,-1
2026-06-29 12:15:57.299,7.759949,False,22.16912,1.172032,-6.310698,0,0,0,1,0,0,-1,False,-1,-1,0,0,0,-1
2026-06-29 12:15:57.343,7.804342,False,22.16725,1.174877,-6.314139,0,0,0,1,0,0,-1,False,-1,-1,0,0,0,-1
2026-06-29 12:15:57.389,7.849191,False,22.16668,1.17749,-6.316401,0,0,0,1,0,0,-1,False,-1,-1,0,0,0,-1
2026-06-29 12:15:57.432,7.893087,False,22.16737,1.179365,-6.317927,0,0,0,1,0,0,-1,False,-1,-1,0,0,0,-1
2026-06-29 12:15:57.477,7.937754,False,22.16871,1.180552,-6.318886,0,0,0,1,0,0,-1,False,-1,-1,0,0,0,-1
2026-06-29 12:15:57.511,7.972383,False,22.1697,1.18084,-6.319071,0,0,0,1,0,0,-1,False,-1,-1,0,0,0,-1
2026-06-29 12:15:57.544,8.005736,False,22.17078,1.181729,-6.31957,0,0,0,1,0,0,-1,False,-1,-1,0,0,0,-1
2026-06-29 12:15:57.578,8.039454,False,22.17155,1.182355,-6.320051,0,0,0,1,0,0,-1,False,-1,-1,0,0,0,-1
2026-06-29 12:15:57.612,8.073226,False,22.1722,1.183419,-6.320635,0,0,0,1,0,0,-1,False,-1,-1,0,0,0,-1
2026-06-29 12:15:57.647,8.107673,False,22.17263,1.184916,-6.321418,0,0,0,1,0,0,-1,False,-1,-1,0,0,0,-1
2026-06-29 12:15:57.680,8.141331,False,22.17227,1.186471,-6.323863,0,0,0,1,0,0,-1,False,-1,-1,0,0,0,-1
2026-06-29 12:15:57.714,8.174846,False,22.17157,1.187762,-6.326172,0,0,0,1,0,0,-1,False,-1,-1,0,0,0,-1
2026-06-29 12:15:57.747,8.208274,False,22.17181,1.188675,-6.328517,0,0,0,1,0,0,-1,False,-1,-1,0,0,0,-1
2026-06-29 12:15:57.793,8.253134,False,22.17207,1.189565,-6.332839,0,0,0,1,0,0,-1,False,-1,-1,0,0,0,-1
2026-06-29 12:15:57.836,8.297293,False,22.17184,1.19065,-6.336817,0,0,0,1,0,0,-1,False,-1,-1,0,0,0,-1
2026-06-29 12:15:57.880,8.341645,False,22.17251,1.191714,-6.340346,0,0,0,1,0,0,-1,False,-1,-1,0,0,0,-1
2026-06-29 12:15:57.914,8.375294,False,22.17291,1.192589,-6.341896,0,0,0,1,0,0,-1,False,-1,-1,0,0,0,-1
2026-06-29 12:15:57.959,8.420185,False,22.17407,1.194454,-6.345241,0,0,0,1,0,0,-1,False,-1,-1,0,0,0,-1
2026-06-29 12:15:58.005,8.464125,False,22.17566,1.196035,-6.348443,0,0,0,1,0,0,-1,False,-1,-1,0,0,0,-1
2026-06-29 12:15:58.037,8.497562,False,22.17699,1.197166,-6.350255,0,0,0,1,0,0,-1,False,-1,-1,0,0,0,-1
2026-06-29 12:15:58.081,8.5419,False,22.17917,1.198277,-6.35257,0,0,0,1,0,0,-1,False,-1,-1,0,0,0,-1
2026-06-29 12:15:58.124,8.586517,False,22.18182,1.199327,-6.354396,0,0,0,1,0,0,-1,False,-1,-1,0,0,0,-1
2026-06-29 12:15:58.159,8.620131,False,22.18373,1.199736,-6.355304,0,0,0,1,0,0,-1,False,-1,-1,0,0,0,-1
2026-06-29 12:15:58.204,8.664081,False,22.18669,1.199757,-6.355613,0,0,0,1,0,0,-1,False,-1,-1,0,0,0,-1
2026-06-29 12:15:58.254,8.714647,False,22.18902,1.199557,-6.356112,0,0,0,1,0,0,-1,False,-1,-1,0,0,0,-1
2026-06-29 12:15:58.292,8.753069,False,22.19158,1.199127,-6.356383,0,0,0,1,0,0,-1,False,-1,-1,0,0,0,-1
2026-06-29 12:15:58.326,8.786434,False,22.19337,1.198663,-6.356318,0,0,0,1,0,0,-1,False,-1,-1,0,0,0,-1
2026-06-29 12:15:58.370,8.830481,False,22.19532,1.19797,-6.356359,0,0,0,1,0,0,-1,False,-1,-1,0,0,0,-1
2026-06-29 12:15:58.414,8.874844,False,22.19661,1.19727,-6.355797,0,0,0,1,0,0,-1,False,-1,-1,0,0,0,-1
2026-06-29 12:15:58.447,8.908201,False,22.19738,1.196904,-6.355507,0,0,0,1,0,0,-1,False,-1,-1,0,0,0,-1
2026-06-29 12:15:58.492,8.952974,False,22.19818,1.19644,-6.35499,0,0,0,1,0,0,-1,False,-1,-1,0,0,0,-1
2026-06-29 12:15:58.525,8.9864,False,22.19871,1.196178,-6.354782,0,0,0,1,0,0,-1,False,-1,-1,0,0,0,-1
2026-06-29 12:15:58.570,9.030366,False,22.19928,1.195797,-6.354209,0,0,0,1,0,0,-1,False,-1,-1,0,0,0,-1
2026-06-29 12:15:58.602,9.063759,False,22.19965,1.195496,-6.353826,0,0,0,1,0,0,-1,False,-1,-1,0,0,0,-1
2026-06-29 12:15:58.636,9.097145,False,22.19993,1.194991,-6.353547,0,0,0,1,0,0,-1,False,-1,-1,0,0,0,-1
2026-06-29 12:15:58.680,9.141496,False,22.20045,1.194954,-6.353151,0,0,0,1,0,0,-1,False,-1,-1,0,0,0,-1
2026-06-29 12:15:58.726,9.186189,False,22.20113,1.194901,-6.352967,0,0,0,1,0,0,-1,False,-1,-1,0,0,0,-1
2026-06-29 12:15:58.773,9.233905,False,22.20161,1.194738,-6.352836,0,0,0,1,0,0,-1,False,-1,-1,0,0,0,-1
2026-06-29 12:15:58.814,9.275204,False,22.20227,1.194729,-6.352718,0,0,0,1,0,0,-1,False,-1,-1,0,0,0,-1
2026-06-29 12:15:58.858,9.319409,False,22.20263,1.194657,-6.352872,0,0,0,1,0,0,-1,False,-1,-1,0,0,0,-1
2026-06-29 12:15:58.892,9.352962,False,22.20288,1.194717,-6.352895,0,0,0,1,0,0,-1,False,-1,-1,0,0,0,-1
2026-06-29 12:15:58.936,9.397064,False,22.20333,1.194815,-6.352863,0,0,0,1,0,0,-1,False,-1,-1,0,0,0,-1
2026-06-29 12:15:58.970,9.430455,False,22.20353,1.194647,-6.353108,0,0,0,1,0,0,-1,False,-1,-1,0,0,0,-1
2026-06-29 12:15:59.014,9.47506,False,22.20397,1.194407,-6.352974,0,0,0,1,0,0,-1,False,-1,-1,0,0,0,-1
2026-06-29 12:15:59.059,9.519356,False,22.20472,1.194181,-6.35278,0,0,0,1,0,0,-1,False,-1,-1,0,0,0,-1
2026-06-29 12:15:59.103,9.563607,False,22.20528,1.193707,-6.352437,0,0,0,1,0,0,-1,False,-1,-1,0,0,0,-1
2026-06-29 12:15:59.137,9.597127,False,22.20589,1.193272,-6.352324,0,0,0,1,0,0,-1,False,-1,-1,0,0,0,-1
2026-06-29 12:15:59.180,9.641302,False,22.20656,1.192822,-6.352128,0,0,0,1,0,0,-1,False,-1,-1,0,0,0,-1
2026-06-29 12:15:59.214,9.674668,False,22.20681,1.192637,-6.35198,0,0,0,1,0,0,-1,False,-1,-1,0,0,0,-1
2026-06-29 12:15:59.259,9.719712,False,22.20678,1.192787,-6.351912,0,0,0,1,0,0,-1,False,-1,-1,0,0,0,-1
2026-06-29 12:15:59.303,9.763444,False,22.20664,1.192808,-6.351888,0,0,0,1,0,0,-1,False,-1,-1,0,0,0,-1
2026-06-29 12:15:59.335,9.796906,False,22.20626,1.192796,-6.351835,0,0,0,1,0,0,-1,False,-1,-1,0,0,0,-1
2026-06-29 12:15:59.380,9.84128,False,22.20552,1.192925,-6.351866,0,0,0,1,0,0,-1,False,-1,-1,0,0,0,-1
2026-06-29 12:15:59.424,9.885918,False,22.20479,1.193028,-6.351815,0,0,0,1,0,0,-1,False,-1,-1,0,0,0,-1
2026-06-29 12:15:59.469,9.930132,False,22.20421,1.193051,-6.351525,0,0,0,1,0,0,-1,False,-1,-1,0,0,0,-1
2026-06-29 12:15:59.503,9.96347,False,22.204,1.193163,-6.351462,0,0,0,1,0,0,-1,False,-1,-1,0,0,0,-1
2026-06-29 12:15:59.536,9.996907,False,22.20383,1.193252,-6.351434,0,0,0,1,0,0,-1,False,-1,-1,0,0,0,-1
2026-06-29 12:15:59.579,10.04119,False,22.20361,1.193375,-6.351439,0,0,0,1,0,0,-1,False,-1,-1,0,0,0,-1
2026-06-29 12:15:59.624,10.08574,False,22.20386,1.193621,-6.351449,0,0,0,1,0,0,-1,False,-1,-1,0,0,0,-1
2026-06-29 12:15:59.658,10.11909,False,22.20412,1.193674,-6.351441,0,0,0,1,0,0,-1,False,-1,-1,0,0,0,-1
2026-06-29 12:15:59.702,10.16344,False,22.20411,1.193635,-6.351871,0,0,0,1,0,0,-1,False,-1,-1,0,0,0,-1
2026-06-29 12:15:59.747,10.20841,False,22.20424,1.193495,-6.351904,0,0,0,1,0,0,-1,False,-1,-1,0,0,0,-1
2026-06-29 12:15:59.790,10.25211,False,22.20429,1.193422,-6.351795,0,0,0,1,0,0,-1,False,-1,-1,0,0,0,-1
2026-06-29 12:15:59.835,10.29638,False,22.20468,1.193256,-6.351553,0,0,0,1,0,0,-1,False,-1,-1,0,0,0,-1
2026-06-29 12:15:59.881,10.34145,False,22.20514,1.192987,-6.351439,0,0,0,1,0,0,-1,False,-1,-1,0,0,0,-1
2026-06-29 12:15:59.914,10.3748,False,22.20564,1.192931,-6.351282,0,0,0,1,0,0,-1,False,-1,-1,0,0,0,-1
2026-06-29 12:15:59.948,10.40821,False,22.20611,1.192744,-6.351249,0,0,0,1,0,0,-1,False,-1,-1,0,0,0,-1
2026-06-29 12:15:59.981,10.44155,False,22.20657,1.192505,-6.351235,0,0,0,1,0,0,-1,False,-1,-1,0,0,0,-1
2026-06-29 12:16:00.024,10.4851,False,22.20728,1.192235,-6.351249,0,0,0,1,0,0,-1,False,-1,-1,0,0,0,-1
2026-06-29 12:16:00.069,10.52947,False,22.20768,1.192042,-6.351265,0,0,0,1,0,0,-1,False,-1,-1,0,0,0,-1
2026-06-29 12:16:00.114,10.57463,False,22.20778,1.192003,-6.35117,0,0,0,1,0,0,-1,False,-1,-1,0,0,0,-1
2026-06-29 12:16:00.147,10.60799,False,22.20788,1.192074,-6.351146,0,0,0,1,0,0,-1,False,-1,-1,0,0,0,-1
2026-06-29 12:16:00.181,10.64136,False,22.20804,1.192127,-6.351087,0,0,0,1,0,0,-1,False,-1,-1,0,0,0,-1
2026-06-29 12:16:00.224,10.68486,False,22.20813,1.192068,-6.351081,0,0,0,1,0,0,-1,False,-1,-1,0,0,0,-1
2026-06-29 12:16:00.269,10.72919,False,22.20789,1.191944,-6.351432,0,0,0,1,0,0,-1,False,-1,-1,0,0,0,-1
2026-06-29 12:16:00.302,10.76256,False,22.20783,1.191595,-6.351736,0,0,0,1,0,0,-1,False,-1,-1,0,0,0,-1
2026-06-29 12:16:00.347,10.80764,False,22.20804,1.191338,-6.351681,0,0,0,1,0,0,-1,False,-1,-1,0,0,0,-1
2026-06-29 12:16:00.390,10.85136,False,22.20781,1.191167,-6.351378,0,0,0,1,0,0,-1,False,-1,-1,0,0,0,-1
2026-06-29 12:16:00.435,10.89576,False,22.20794,1.19101,-6.351207,0,0,0,1,0,0,-1,False,-1,-1,0,0,0,-1
2026-06-29 12:16:00.480,10.94093,False,22.20808,1.190782,-6.350991,0,0,0,1,0,0,-1,False,-1,-1,0,0,0,-1
2026-06-29 12:16:00.524,10.98464,False,22.20804,1.190673,-6.35062,0,0,0,1,0,0,-1,False,-1,-1,0,0,0,-1
2026-06-29 12:16:00.557,11.01805,False,22.20798,1.190493,-6.350294,0,0,0,1,0,0,-1,False,-1,-1,0,0,0,-1
2026-06-29 12:16:00.601,11.06242,False,22.20811,1.190307,-6.350032,0,0,0,1,0,0,-1,False,-1,-1,0,0,0,-1
2026-06-29 12:16:00.646,11.10757,False,22.20832,1.190389,-6.349875,0,0,0,1,0,0,-1,False,-1,-1,0,0,0,-1
2026-06-29 12:16:00.691,11.15137,False,22.20857,1.190257,-6.349657,0,0,0,1,0,0,-1,False,-1,-1,0,0,0,-1
2026-06-29 12:16:00.734,11.19575,False,22.20905,1.190163,-6.349635,0,0,0,1,0,0,-1,False,-1,-1,0,0,0,-1
2026-06-29 12:16:00.769,11.2292,False,22.20934,1.190073,-6.349724,0,0,0,1,0,0,-1,False,-1,-1,0,0,0,-1
2026-06-29 12:16:00.813,11.27422,False,22.21007,1.189935,-6.349833,0,0,0,1,0,0,-1,False,-1,-1,0,0,0,-1
2026-06-29 12:16:00.847,11.30775,False,22.2106,1.189767,-6.350134,0,0,0,1,0,0,-1,False,-1,-1,0,0,0,-1
2026-06-29 12:16:00.891,11.35158,False,22.21136,1.189845,-6.350127,0,0,0,1,0,0,-1,False,-1,-1,0,0,0,-1
2026-06-29 12:16:00.934,11.39541,False,22.21247,1.190106,-6.3499,0,0,0,1,0,0,-1,False,-1,-1,0,0,0,-1
2026-06-29 12:16:00.980,11.44066,False,22.21316,1.190356,-6.350456,0,0,0,1,0,0,-1,False,-1,-1,0,0,0,-1
2026-06-29 12:16:01.024,11.48436,False,22.214,1.190917,-6.351483,0,0,0,1,0,0,-1,False,-1,-1,0,0,0,-1
2026-06-29 12:16:01.059,11.52072,False,22.21413,1.191465,-6.352382,0,0,0,1,0,0,-1,False,-1,-1,0,0,0,-1
2026-06-29 12:16:01.100,11.56126,False,22.214,1.192054,-6.353415,0,0,0,1,0,0,-1,False,-1,-1,0,0,0,-1
2026-06-29 12:16:01.146,11.60652,False,22.214,1.192872,-6.354304,0,0,0,1,0,0,-1,False,-1,-1,0,0,0,-1
2026-06-29 12:16:01.188,11.6497,False,22.21393,1.193519,-6.355252,0,0,0,1,0,0,-1,False,-1,-1,0,0,0,-1
2026-06-29 12:16:01.222,11.68304,False,22.21378,1.193881,-6.355642,0,0,0,1,0,0,-1,False,-1,-1,0,0,0,-1
2026-06-29 12:16:01.259,11.72049,False,22.21349,1.19403,-6.355902,0,0,0,1,0,0,-1,False,-1,-1,0,0,0,-1
2026-06-29 12:16:01.298,11.7583,False,22.2131,1.194774,-6.356316,0,0,0,1,0,0,-1,False,-1,-1,0,0,0,-1
2026-06-29 12:16:01.340,11.80188,False,22.21279,1.195467,-6.356731,0,0,0,1,0,0,-1,False,-1,-1,0,0,0,-1
2026-06-29 12:16:01.386,11.84648,False,22.21198,1.196107,-6.357039,0,0,0,1,0,0,-1,False,-1,-1,0,0,0,-1
2026-06-29 12:16:01.420,11.8806,False,22.21087,1.196939,-6.357621,0,0,0,1,0,0,-1,False,-1,-1,0,0,0,-1
2026-06-29 12:16:01.464,11.92418,False,22.20913,1.19802,-6.358177,0,0,0,1,0,0,-1,False,-1,-1,0,0,0,-1
2026-06-29 12:16:01.498,11.95845,False,22.20765,1.198536,-6.35851,0,0,0,1,0,0,-1,False,-1,-1,0,0,0,-1
2026-06-29 12:16:01.531,11.99203,False,22.20611,1.199031,-6.358756,0,0,0,1,0,0,-1,False,-1,-1,0,0,0,-1
2026-06-29 12:16:01.574,12.03498,False,22.20428,1.199561,-6.358676,0,0,0,1,0,0,-1,False,-1,-1,0,0,0,-1
2026-06-29 12:16:01.608,12.06932,False,22.20311,1.199911,-6.358581,0,0,0,1,0,0,-1,False,-1,-1,0,0,0,-1
2026-06-29 12:16:01.654,12.11462,False,22.20173,1.200105,-6.35864,0,0,0,1,0,0,-1,False,-1,-1,0,0,0,-1
2026-06-29 12:16:01.699,12.15926,False,22.20117,1.20032,-6.35835,0,0,0,1,0,0,-1,False,-1,-1,0,0,0,-1
2026-06-29 12:16:01.733,12.19331,False,22.20128,1.200256,-6.357948,0,0,0,1,0,0,-1,False,-1,-1,0,0,0,-1
2026-06-29 12:16:01.777,12.23744,False,22.20204,1.199988,-6.357641,0,0,0,1,0,0,-1,False,-1,-1,0,0,0,-1
2026-06-29 12:16:01.811,12.27102,False,22.20312,1.199569,-6.357372,0,0,0,1,0,0,-1,False,-1,-1,0,0,0,-1
2026-06-29 12:16:01.853,12.31425,False,22.20473,1.199093,-6.357233,0,0,0,1,0,0,-1,False,-1,-1,0,0,0,-1
2026-06-29 12:16:01.887,12.34797,False,22.2058,1.198662,-6.357052,0,0,0,1,0,0,-1,False,-1,-1,0,0,0,-1
2026-06-29 12:16:01.921,12.38207,False,22.20685,1.19821,-6.356812,0,0,0,1,0,0,-1,False,-1,-1,0,0,0,-1
2026-06-29 12:16:01.966,12.42687,False,22.20792,1.1976,-6.356535,0,0,0,1,0,0,-1,False,-1,-1,0,0,0,-1
2026-06-29 12:16:02.010,12.47067,False,22.2089,1.196884,-6.356157,0,0,0,1,0,0,-1,False,-1,-1,0,0,0,-1
2026-06-29 12:16:02.044,12.5045,False,22.20948,1.196312,-6.355797,0,0,0,1,0,0,-1,False,-1,-1,0,0,0,-1
2026-06-29 12:16:02.087,12.54829,False,22.21031,1.195616,-6.355075,0,0,0,1,0,0,-1,False,-1,-1,0,0,0,-1
2026-06-29 12:16:02.121,12.58166,False,22.21086,1.19513,-6.354385,0,0,0,1,0,0,-1,False,-1,-1,0,0,0,-1
2026-06-29 12:16:02.160,12.62036,False,22.21129,1.194786,-6.353849,0,0,0,1,0,0,-1,False,-1,-1,0,0,0,-1
2026-06-29 12:16:02.197,12.65793,False,22.21163,1.194439,-6.353422,0,0,0,1,0,0,-1,False,-1,-1,0,0,0,-1
2026-06-29 12:16:02.231,12.69166,False,22.21183,1.194244,-6.353213,0,0,0,1,0,0,-1,False,-1,-1,0,0,0,-1
2026-06-29 12:16:02.264,12.72513,False,22.21205,1.194086,-6.353101,0,0,0,1,0,0,-1,False,-1,-1,0,0,0,-1
2026-06-29 12:16:02.298,12.75884,False,22.2121,1.193981,-6.352992,0,0,0,1,0,0,-1,False,-1,-1,0,0,0,-1
2026-06-29 12:16:02.341,12.8021,False,22.21234,1.193962,-6.353178,0,0,0,1,0,0,-1,False,-1,-1,0,0,0,-1
2026-06-29 12:16:02.385,12.84661,False,22.21232,1.194078,-6.353547,0,0,0,1,0,0,-1,False,-1,-1,0,0,0,-1
2026-06-29 12:16:02.419,12.88044,False,22.21196,1.194211,-6.353734,0,0,0,1,0,0,-1,False,-1,-1,0,0,0,-1
2026-06-29 12:16:02.463,12.92425,False,22.21153,1.19414,-6.353919,0,0,0,1,0,0,-1,False,-1,-1,0,0,0,-1
2026-06-29 12:16:02.497,12.95776,False,22.2113,1.194153,-6.354078,0,0,0,1,0,0,-1,False,-1,-1,0,0,0,-1
2026-06-29 12:16:02.531,12.99133,False,22.21086,1.194167,-6.354019,0,0,0,1,0,0,-1,False,-1,-1,0,0,0,-1
2026-06-29 12:16:02.565,13.0255,False,22.21045,1.194266,-6.353937,0,0,0,1,0,0,-1,False,-1,-1,0,0,0,-1
2026-06-29 12:16:02.599,13.05943,False,22.21004,1.194407,-6.353814,0,0,0,1,0,0,-1,False,-1,-1,0,0,0,-1
2026-06-29 12:16:02.632,13.0928,False,22.20973,1.194339,-6.353667,0,0,0,1,0,0,-1,False,-1,-1,0,0,0,-1
2026-06-29 12:16:02.674,13.13483,False,22.20942,1.194201,-6.35351,0,0,0,1,0,0,-1,False,-1,-1,0,0,0,-1
2026-06-29 12:16:02.708,13.16944,False,22.20942,1.19405,-6.353425,0,0,0,1,0,0,-1,False,-1,-1,0,0,0,-1
2026-06-29 12:16:02.752,13.21289,False,22.20937,1.194076,-6.353513,0,0,0,1,0,0,-1,False,-1,-1,0,0,0,-1
2026-06-29 12:16:02.785,13.24658,False,22.20951,1.194025,-6.35345,0,0,0,1,0,0,-1,False,-1,-1,0,0,0,-1
2026-06-29 12:16:02.831,13.29165,False,22.20986,1.193948,-6.35369,0,0,0,1,0,0,-1,False,-1,-1,0,0,0,-1
2026-06-29 12:16:02.887,13.34867,False,22.21008,1.19373,-6.353916,0,0,0,1,0,0,-1,False,-1,-1,0,0,0,-1
2026-06-29 12:16:02.926,13.38809,False,22.21032,1.193496,-6.354042,0,0,0,1,0,0,-1,False,-1,-1,0,0,0,-1
2026-06-29 12:16:02.960,13.42148,False,22.21051,1.193534,-6.354242,0,0,0,1,0,0,-1,False,-1,-1,0,0,0,-1
2026-06-29 12:16:02.996,13.45742,False,22.21145,1.19358,-6.355116,0,0,0,1,0,0,-1,False,-1,-1,0,0,0,-1
2026-06-29 12:16:03.030,13.49128,False,22.21181,1.193743,-6.355886,0,0,0,1,0,0,-1,False,-1,-1,0,0,0,-1
2026-06-29 12:16:03.074,13.5354,False,22.21237,1.193869,-6.356252,0,0,0,1,0,0,-1,False,-1,-1,0,0,0,-1
2026-06-29 12:16:03.119,13.58002,False,22.21306,1.194182,-6.356207,0,0,0,1,0,0,-1,False,-1,-1,0,0,0,-1
2026-06-29 12:16:03.164,13.62466,False,22.2136,1.194172,-6.356277,0,0,0,1,0,0,-1,False,-1,-1,0,0,0,-1
2026-06-29 12:16:03.209,13.66978,False,22.21391,1.193612,-6.356232,0,0,0,1,0,0,-1,False,-1,-1,0,0,0,-1
2026-06-29 12:16:03.252,13.71349,False,22.21461,1.193204,-6.356303,0,0,0,1,0,0,-1,False,-1,-1,0,0,0,-1
2026-06-29 12:16:03.297,13.75825,False,22.21523,1.192912,-6.355857,0,0,0,1,0,0,-1,False,-1,-1,0,0,0,-1
2026-06-29 12:16:03.342,13.80259,False,22.21574,1.192615,-6.35575,0,0,0,1,0,0,-1,False,-1,-1,0,0,0,-1
2026-06-29 12:16:03.387,13.84814,False,22.21596,1.192435,-6.355596,0,0,0,1,0,0,-1,False,-1,-1,0,0,0,-1
2026-06-29 12:16:03.431,13.89243,False,22.21625,1.192321,-6.3551,0,0,0,1,0,0,-1,False,-1,-1,0,0,0,-1
2026-06-29 12:16:03.474,13.93521,False,22.21627,1.192336,-6.354249,0,0,0,1,0,0,-1,False,-1,-1,0,0,0,-1
2026-06-29 12:16:03.508,13.96881,False,22.21609,1.192214,-6.353576,0,0,0,1,0,0,-1,False,-1,-1,0,0,0,-1
2026-06-29 12:16:03.552,14.01296,False,22.21515,1.191683,-6.352466,0,0,0,1,0,0,-1,False,-1,-1,0,0,0,-1
2026-06-29 12:16:03.596,14.05744,False,22.21422,1.190859,-6.351059,0,0,0,1,0,0,-1,False,-1,-1,0,0,0,-1
2026-06-29 12:16:03.641,14.1018,False,22.21339,1.189791,-6.349298,0,0,0,1,0,0,-1,False,-1,-1,0,0,0,-1
2026-06-29 12:16:03.705,14.16619,False,22.21244,1.188441,-6.347005,0,0,0,1,0,0,-1,False,-1,-1,0,0,0,-1
2026-06-29 12:16:03.742,14.20199,False,22.21148,1.18757,-6.34493,0,0,0,1,0,0,-1,False,-1,-1,0,0,0,-1
2026-06-29 12:16:03.774,14.23565,False,22.21088,1.187086,-6.343634,0,0,0,1,0,0,-1,False,-1,-1,0,0,0,-1
2026-06-29 12:16:03.809,14.27028,False,22.21033,1.186547,-6.342201,0,0,0,1,0,0,-1,False,-1,-1,0,0,0,-1
2026-06-29 12:16:03.854,14.31463,False,22.2098,1.185665,-6.340959,0,0,0,1,0,0,-1,False,-1,-1,0,0,0,-1
2026-06-29 12:16:03.888,14.34836,False,22.20946,1.184478,-6.339426,0,0,0,1,0,0,-1,False,-1,-1,0,0,0,-1
2026-06-29 12:16:03.922,14.38221,False,22.20922,1.182657,-6.337473,0,0,0,1,0,0,-1,False,-1,-1,0,0,0,-1
2026-06-29 12:16:03.966,14.42669,False,22.20907,1.180112,-6.334742,0,0,0,1,0,0,-1,False,-1,-1,0,0,0,-1
2026-06-29 12:16:04.000,14.46053,False,22.20964,1.177406,-6.331589,0,0,0,1,0,0,-1,False,-1,-1,0,0,0,-1
2026-06-29 12:16:04.032,14.49407,False,22.21128,1.17422,-6.327851,0,0,0,1,0,0,-1,False,-1,-1,0,0,0,-1
2026-06-29 12:16:04.075,14.53626,False,22.21375,1.168739,-6.322176,0,0,0,1,0,0,-1,False,-1,-1,0,0,0,-1
2026-06-29 12:16:04.110,14.57032,False,22.21631,1.164449,-6.317043,0,0,0,1,0,0,-1,False,-1,-1,0,0,0,-1
2026-06-29 12:16:04.153,14.61398,False,22.22005,1.157817,-6.310263,0,0,0,1,0,0,-1,False,-1,-1,0,0,0,-1
2026-06-29 12:16:04.186,14.64757,False,22.22347,1.152384,-6.304996,0,0,0,1,0,0,-1,False,-1,-1,0,0,0,-1
2026-06-29 12:16:04.221,14.68163,False,22.22741,1.146856,-6.300168,0,0,0,1,0,0,-1,False,-1,-1,0,0,0,-1
2026-06-29 12:16:04.255,14.71617,False,22.23063,1.141951,-6.295771,0,0,0,1,0,0,-1,False,-1,-1,0,0,0,-1
2026-06-29 12:16:04.289,14.75026,False,22.23296,1.137581,-6.291995,0,0,0,1,0,0,-1,False,-1,-1,0,0,0,-1
2026-06-29 12:16:04.332,14.79292,False,22.23417,1.134213,-6.288334,0,0,0,1,0,0,-1,False,-1,-1,0,0,0,-1
2026-06-29 12:16:04.365,14.82647,False,22.23391,1.133719,-6.286769,0,0,0,1,0,0,-1,False,-1,-1,0,0,0,-1
2026-06-29 12:16:04.399,14.86032,False,22.23255,1.134729,-6.28642,0,0,0,1,0,0,-1,False,-1,-1,0,0,0,-1
2026-06-29 12:16:04.444,14.90425,False,22.23027,1.138075,-6.287864,0,0,0,1,0,0,-1,False,-1,-1,0,0,0,-1
2026-06-29 12:16:04.488,14.94863,False,22.22725,1.142781,-6.291493,0,0,0,1,0,0,-1,False,-1,-1,0,0,0,-1
2026-06-29 12:16:04.522,14.98209,False,22.22532,1.146596,-6.29538,0,0,0,1,0,0,-1,False,-1,-1,0,0,0,-1
2026-06-29 12:16:04.560,15.02053,False,22.22392,1.151097,-6.29993,0,0,0,1,0,0,-1,False,-1,-1,0,0,0,-1
2026-06-29 12:16:04.597,15.05876,False,22.22324,1.157216,-6.306533,0,0,0,1,0,0,-1,False,-1,-1,0,0,0,-1
2026-06-29 12:16:04.644,15.10418,False,22.22454,1.165781,-6.317064,0,0,0,1,0,0,-1,False,-1,-1,0,0,0,-1
2026-06-29 12:16:04.686,15.14755,False,22.22789,1.16956,-6.324183,0,0,0,1,0,0,-1,False,-1,-1,0,0,0,-1
2026-06-29 12:16:04.732,15.19265,False,22.23179,1.170818,-6.328564,0,0,0,1,0,0,-1,False,-1,-1,0,0,0,-1
2026-06-29 12:16:04.776,15.23693,False,22.23605,1.169163,-6.331093,0,0,0,1,0,0,-1,False,-1,-1,0,0,0,-1
2026-06-29 12:16:04.822,15.28239,False,22.24122,1.166315,-6.333201,0,0,0,1,0,0,-1,False,-1,-1,0,0,0,-1
2026-06-29 12:16:04.866,15.32692,False,22.24413,1.163307,-6.333405,0,0,0,1,0,0,-1,False,-1,-1,0,0,0,-1
2026-06-29 12:16:04.909,15.37043,False,22.24121,1.163673,-6.333064,0,0,0,1,0,0,-1,False,-1,-1,0,0,0,-1
2026-06-29 12:16:04.955,15.41572,False,22.23545,1.166941,-6.333216,0,0,0,1,0,0,-1,False,-1,-1,0,0,0,-1
2026-06-29 12:16:04.999,15.45996,False,22.22788,1.169227,-6.332577,0,0,0,1,0,0,-1,False,-1,-1,0,0,0,-1
2026-06-29 12:16:05.046,15.50691,False,22.22095,1.170269,-6.332689,0,0,0,1,0,0,-1,False,-1,-1,0,0,0,-1
2026-06-29 12:16:05.092,15.54806,False,22.21486,1.170328,-6.332527,0,0,0,1,0,0,-1,False,-1,-1,0,0,0,-1
2026-06-29 12:16:05.121,15.58199,False,22.2128,1.170124,-6.331418,0,0,0,1,0,0,-1,False,-1,-1,0,0,0,-1
2026-06-29 12:16:05.165,15.62603,False,22.20985,1.168349,-6.328434,0,0,0,1,0,0,-1,False,-1,-1,0,0,0,-1
2026-06-29 12:16:05.199,15.6599,False,22.20899,1.166512,-6.326024,0,0,0,1,0,0,-1,False,-1,-1,0,0,0,-1
2026-06-29 12:16:05.244,15.70418,False,22.20962,1.164124,-6.322727,0,0,0,1,0,0,-1,False,-1,-1,0,0,0,-1
2026-06-29 12:16:05.276,15.73758,False,22.21079,1.162751,-6.320565,0,0,0,1,0,0,-1,False,-1,-1,0,0,0,-1
2026-06-29 12:16:05.312,15.77206,False,22.21236,1.161701,-6.31828,0,0,0,1,0,0,-1,False,-1,-1,0,0,0,-1
2026-06-29 12:16:05.353,15.81344,False,22.21497,1.160651,-6.315796,0,0,0,1,0,0,-1,False,-1,-1,0,0,0,-1
2026-06-29 12:16:05.387,15.84745,False,22.21745,1.159325,-6.31455,0,0,0,1,0,0,-1,False,-1,-1,0,0,0,-1
2026-06-29 12:16:05.430,15.89051,False,22.22143,1.155765,-6.313387,0,0,0,1,0,0,-1,False,-1,-1,0,0,0,-1
2026-06-29 12:16:05.463,15.92388,False,22.22505,1.152564,-6.311846,0,0,0,1,0,0,-1,False,-1,-1,0,0,0,-1
2026-06-29 12:16:05.496,15.95761,False,22.22916,1.148671,-6.309711,0,0,0,1,0,0,-1,False,-1,-1,0,0,0,-1
2026-06-29 12:16:05.530,15.99101,False,22.23287,1.144454,-6.307079,0,0,0,1,0,0,-1,False,-1,-1,0,0,0,-1
2026-06-29 12:16:05.576,16.03712,False,22.23749,1.138304,-6.302412,0,0,0,1,0,0,-1,False,-1,-1,0,0,0,-1
2026-06-29 12:16:05.619,16.07985,False,22.24148,1.13184,-6.297585,0,0,0,1,0,0,-1,False,-1,-1,0,0,0,-1
2026-06-29 12:16:05.662,16.12405,False,22.24497,1.124898,-6.292437,0,0,0,1,0,0,-1,False,-1,-1,0,0,0,-1
2026-06-29 12:16:05.697,16.15773,False,22.24827,1.119563,-6.288298,0,0,0,1,0,0,-1,False,-1,-1,0,0,0,-1
2026-06-29 12:16:05.731,16.19182,False,22.25138,1.115443,-6.285296,0,0,0,1,0,0,-1,False,-1,-1,0,0,0,-1
2026-06-29 12:16:05.776,16.23693,False,22.258,1.106909,-6.280637,0,0,0,1,0,0,-1,False,-1,-1,0,0,0,-1
2026-06-29 12:16:05.809,16.27037,False,22.26399,1.100639,-6.279011,0,0,0,1,0,0,-1,False,-1,-1,0,0,0,-1
2026-06-29 12:16:05.844,16.30413,False,22.27035,1.09508,-6.279043,0,0,0,1,0,0,-1,False,-1,-1,0,0,0,-1
2026-06-29 12:16:05.877,16.33836,False,22.27739,1.090774,-6.280247,0,0,0,1,0,0,-1,False,-1,-1,0,0,0,-1
2026-06-29 12:16:05.922,16.38284,False,22.28445,1.086986,-6.282428,0,0,0,1,0,0,-1,False,-1,-1,0,0,0,-1
2026-06-29 12:16:05.965,16.42661,False,22.28296,1.08826,-6.282996,0,0,0,1,0,0,-1,False,-1,-1,0,0,0,-1
2026-06-29 12:16:06.000,16.46051,False,22.28181,1.089583,-6.282425,0,0,0,1,0,0,-1,False,-1,-1,0,0,0,-1
2026-06-29 12:16:06.042,16.5033,False,22.28188,1.09174,-6.283191,0,0,0,1,0,0,-1,False,-1,-1,0,0,0,-1
2026-06-29 12:16:06.076,16.53713,False,22.28208,1.091702,-6.283362,0,0,0,1,0,0,-1,False,-1,-1,0,0,0,-1
2026-06-29 12:16:06.121,16.58166,False,22.28212,1.090489,-6.281906,0,0,0,1,0,0,-1,False,-1,-1,0,0,0,-1
2026-06-29 12:16:06.154,16.6151,False,22.28147,1.08939,-6.279841,0,0,0,1,0,0,-1,False,-1,-1,0,0,0,-1
2026-06-29 12:16:06.188,16.6488,False,22.28101,1.08804,-6.277923,0,0,0,1,0,0,-1,False,-1,-1,0,0,0,-1
2026-06-29 12:16:06.226,16.68723,False,22.28109,1.086804,-6.276887,0,0,0,1,0,0,-1,False,-1,-1,0,0,0,-1
2026-06-29 12:16:06.288,16.74081,True,22.28171,1.086818,-6.276022,0.9842485,0.1311945,0,0.1185033,-0.03109396,0.2332733,0.971914,False,-1,-1,0,0,0,-1
2026-06-29 12:16:06.338,16.78926,True,22.28361,1.088269,-6.273885,0.9809515,0.1121954,0,0.1585755,-0.0355829,0.3111099,0.9497076,False,-1,-1,0,0,0,-1
2026-06-29 12:16:06.387,16.83748,False,22.2857,1.08852,-6.27303,0,0,0,1,0,0,-1,False,-1,-1,0,0,0,-1
2026-06-29 12:16:06.432,16.88713,False,22.28831,1.088889,-6.272608,0,0,0,1,0,0,-1,False,-1,-1,0,0,0,-1
2026-06-29 12:16:06.480,16.93165,False,22.29142,1.08963,-6.274407,0,0,0,1,0,0,-1,False,-1,-1,0,0,0,-1
2026-06-29 12:16:06.522,16.9759,False,22.29547,1.091166,-6.274748,0,0,0,1,0,0,-1,False,-1,-1,0,0,0,-1
2026-06-29 12:16:06.586,17.04049,True,22.29716,1.091582,-6.274651,0.9981588,0.04961722,0,0.03488711,-0.003462002,0.06964574,0.9975658,False,-1,-1,0,0,0,-1
2026-06-29 12:16:06.622,17.07578,True,22.29921,1.091284,-6.273215,0.9127223,-0.4072306,0,0.03318753,0.02702995,0.06058199,0.9977972,False,-1,-1,0,0,0,-1
2026-06-29 12:16:06.690,17.14242,True,22.30034,1.092729,-6.271832,0.8031191,0.5948167,0,0.03454048,-0.0410905,0.05548022,0.997614,False,-1,-1,0,0,0,-1
2026-06-29 12:16:06.754,17.2066,True,22.301,1.092716,-6.269232,0.9482436,0.3166278,0,0.02410372,-0.01526381,0.04571239,0.998838,False,-1,-1,0,0,0,-1
2026-06-29 12:16:06.787,17.24097,True,22.30136,1.092037,-6.268981,0.8944675,0.445711,0,0.03563252,-0.0317636,0.06374424,0.9974606,False,-1,-1,0,0,0,-1
2026-06-29 12:16:06.823,17.27579,True,22.30047,1.091523,-6.268591,0.8517568,0.5230848,0,0.02987927,-0.03125879,0.05089975,0.9982145,False,-1,-1,0,0,0,-1
2026-06-29 12:16:06.886,17.34052,False,22.29984,1.090721,-6.270011,0,0,0,1,0,0,-1,False,-1,-1,0,0,0,-1
2026-06-29 12:16:06.924,17.37468,False,22.2988,1.090628,-6.270576,0,0,0,1,0,0,-1,False,-1,-1,0,0,0,-1
2026-06-29 12:16:06.955,17.40893,False,22.29784,1.090525,-6.271892,0,0,0,1,0,0,-1,False,-1,-1,0,0,0,-1
2026-06-29 12:16:06.989,17.44265,True,22.29629,1.090572,-6.27348,0.9942548,-0.03742437,0,0.1002835,0.007506095,0.1994147,0.9798864,False,-1,-1,0,0,0,-1
2026-06-29 12:16:07.054,17.50805,True,22.29424,1.090141,-6.274422,0.9875342,-0.1275498,0,0.09223468,0.02352902,0.1821698,0.9829856,False,-1,-1,0,0,0,-1
2026-06-29 12:16:07.089,17.54207,True,22.29405,1.090495,-6.275202,0.9859328,-0.1391279,0,0.09262829,0.02577437,0.1826505,0.98284,False,-1,-1,0,0,0,-1
2026-06-29 12:16:07.161,17.60957,True,22.29347,1.087393,-6.273596,0.9314864,0.3208428,0,0.1714443,-0.1100133,0.319396,0.9412138,True,0.9628714,0.7592503,21.71214,2.775157,-1.3,5.284236
2026-06-29 12:16:07.202,17.65428,True,22.29284,1.085349,-6.272251,0.8891753,0.379094,0,0.2562325,-0.1942724,0.4556712,0.8686898,False,-1,-1,0,0,0,-1
2026-06-29 12:16:07.246,17.6993,True,22.29131,1.083809,-6.27066,0.8895197,0.3771361,0,0.2579207,-0.1945424,0.4588511,0.8669537,False,-1,-1,0,0,0,-1
2026-06-29 12:16:07.292,17.74284,True,22.28925,1.083446,-6.268161,0.9117098,0.325389,0,0.2508131,-0.1632236,0.4573374,0.8741856,False,-1,-1,0,0,0,-1
2026-06-29 12:16:07.336,17.78963,False,22.28724,1.081016,-6.264366,0,0,0,1,0,0,-1,False,-1,-1,0,0,0,-1
2026-06-29 12:16:07.382,17.83619,False,22.28856,1.077411,-6.26109,0,0,0,1,0,0,-1,False,-1,-1,0,0,0,-1
2026-06-29 12:16:07.427,17.87777,False,22.28703,1.080133,-6.257107,0,0,0,1,0,0,-1,False,-1,-1,0,0,0,-1
2026-06-29 12:16:07.472,17.92492,False,22.28681,1.079801,-6.253337,0,0,0,1,0,0,-1,False,-1,-1,0,0,0,-1
2026-06-29 12:16:07.510,17.9635,False,22.28632,1.079491,-6.250227,0,0,0,1,0,0,-1,False,-1,-1,0,0,0,-1
2026-06-29 12:16:07.559,18.01011,False,22.28396,1.077398,-6.247506,0,0,0,1,0,0,-1,False,-1,-1,0,0,0,-1
2026-06-29 12:16:07.603,18.05718,False,22.27845,1.074787,-6.244402,0,0,0,1,0,0,-1,False,-1,-1,0,0,0,-1
2026-06-29 12:16:07.646,18.101,False,22.27368,1.071225,-6.242105,0,0,0,1,0,0,-1,False,-1,-1,0,0,0,-1
2026-06-29 12:16:07.688,18.14071,False,22.27005,1.070302,-6.240973,0,0,0,1,0,0,-1,False,-1,-1,0,0,0,-1
2026-06-29 12:16:07.731,18.18547,False,22.26743,1.071709,-6.241282,0,0,0,1,0,0,-1,False,-1,-1,0,0,0,-1
2026-06-29 12:16:07.776,18.23037,False,22.26629,1.071619,-6.241683,0,0,0,1,0,0,-1,False,-1,-1,0,0,0,-1
2026-06-29 12:16:07.822,18.27444,False,22.26682,1.071914,-6.2425,0,0,0,1,0,0,-1,False,-1,-1,0,0,0,-1
2026-06-29 12:16:07.864,18.31787,False,22.26834,1.072977,-6.243853,0,0,0,1,0,0,-1,False,-1,-1,0,0,0,-1
2026-06-29 12:16:07.910,18.36233,False,22.27089,1.072456,-6.2445,0,0,0,1,0,0,-1,False,-1,-1,0,0,0,-1
2026-06-29 12:16:07.944,18.39607,False,22.27368,1.073116,-6.245066,0,0,0,1,0,0,-1,False,-1,-1,0,0,0,-1
2026-06-29 12:16:07.989,18.4418,False,22.27668,1.074701,-6.244448,0,0,0,1,0,0,-1,False,-1,-1,0,0,0,-1
2026-06-29 12:16:08.034,18.48437,False,22.27945,1.077959,-6.242348,0,0,0,1,0,0,-1,False,-1,-1,0,0,0,-1
2026-06-29 12:16:08.077,18.52933,False,22.28221,1.080876,-6.23875,0,0,0,1,0,0,-1,False,-1,-1,0,0,0,-1
2026-06-29 12:16:08.121,18.57392,False,22.28578,1.084104,-6.232816,0,0,0,1,0,0,-1,False,-1,-1,0,0,0,-1
2026-06-29 12:16:08.165,18.61766,False,22.2897,1.085787,-6.226676,0,0,0,1,0,0,-1,False,-1,-1,0,0,0,-1
2026-06-29 12:16:08.211,18.66331,True,22.29381,1.086922,-6.22004,0.1472718,-0.9869059,0,0.06578577,0.1298487,0.01937677,0.9913445,False,-1,-1,0,0,0,-1
2026-06-29 12:16:08.258,18.7106,True,22.29618,1.088782,-6.2181,0.2474427,-0.9671487,0,0.05827125,0.1127139,0.0288376,0.9932089,False,-1,-1,0,0,0,-1
2026-06-29 12:16:08.302,18.75646,True,22.29847,1.088817,-6.214445,0.2656825,-0.9414147,0,0.2077288,0.3911178,0.1103798,0.9136975,False,-1,-1,0,0,0,-1
2026-06-29 12:16:08.348,18.80011,True,22.30084,1.087978,-6.210907,0.5910558,-0.764352,0,0.257719,0.3939761,0.3046527,0.8671618,False,-1,-1,0,0,0,-1
2026-06-29 12:16:08.394,18.84569,True,22.3015,1.087099,-6.209236,0.2845187,-0.9506218,0,0.1239644,0.2356866,0.07054042,0.9692656,False,-1,-1,0,0,0,-1
2026-06-29 12:16:08.442,18.89499,True,22.3014,1.087169,-6.208065,0.3369999,-0.9010604,0,0.2729858,0.4919535,0.1839924,0.8509575,False,-1,-1,0,0,0,-1
2026-06-29 12:16:08.486,18.93962,True,22.30247,1.086456,-6.206384,0.5867468,-0.8051864,0,0.08604153,0.1385589,0.1009692,0.9851937,False,-1,-1,0,0,0,-1
2026-06-29 12:16:08.527,18.98036,False,22.304,1.086517,-6.204709,0,0,0,1,0,0,-1,False,-1,-1,0,0,0,-1
2026-06-29 12:16:08.571,19.02422,False,22.3054,1.08718,-6.20415,0,0,0,1,0,0,-1,False,-1,-1,0,0,0,-1
2026-06-29 12:16:08.612,19.06587,False,22.30672,1.08866,-6.204726,0,0,0,1,0,0,-1,False,-1,-1,0,0,0,-1
2026-06-29 12:16:08.652,19.10747,False,22.30853,1.089755,-6.206085,0,0,0,1,0,0,-1,False,-1,-1,0,0,0,-1
2026-06-29 12:16:08.697,19.15058,False,22.31064,1.090102,-6.208817,0,0,0,1,0,0,-1,False,-1,-1,0,0,0,-1
2026-06-29 12:16:08.744,19.19547,False,22.31104,1.091375,-6.216028,0,0,0,1,0,0,-1,False,-1,-1,0,0,0,-1
2026-06-29 12:16:08.788,19.24096,True,22.31284,1.090245,-6.221483,0.5229305,-0.8463486,0,0.1011813,0.1712693,0.1058216,0.9795247,False,-1,-1,0,0,0,-1
2026-06-29 12:16:08.835,19.28552,False,22.3145,1.089435,-6.228123,0,0,0,1,0,0,-1,False,-1,-1,0,0,0,-1
2026-06-29 12:16:08.882,19.33424,False,22.31516,1.089071,-6.235677,0,0,0,1,0,0,-1,False,-1,-1,0,0,0,-1
2026-06-29 12:16:08.922,19.37556,False,22.3144,1.088765,-6.244816,0,0,0,1,0,0,-1,False,-1,-1,0,0,0,-1
2026-06-29 12:16:08.967,19.41909,True,22.31296,1.08914,-6.254096,0.5750126,-0.8155858,0,0.06465552,0.1054642,0.07435548,0.9916393,False,-1,-1,0,0,0,-1
2026-06-29 12:16:09.014,19.46647,True,22.30984,1.091085,-6.264719,0.5555083,-0.8287128,0,0.06815983,0.1129698,0.0757267,0.9907085,False,-1,-1,0,0,0,-1
2026-06-29 12:16:09.062,19.51557,True,22.30745,1.092045,-6.274455,0.7011602,-0.7101178,0,0.06408615,0.09101744,0.08986932,0.9917859,False,-1,-1,0,0,0,-1
2026-06-29 12:16:09.110,19.56177,True,22.30534,1.09295,-6.283184,0.6653334,-0.7438052,0,0.06391562,0.09508155,0.0850504,0.9918296,False,-1,-1,0,0,0,-1
2026-06-29 12:16:09.154,19.6067,True,22.30296,1.092777,-6.291922,0.5159485,-0.8538233,0,0.06915858,0.1180984,0.07136454,0.9904342,False,-1,-1,0,0,0,-1
2026-06-29 12:16:09.200,19.65229,True,22.30114,1.092882,-6.296547,0.5359568,-0.8413371,0,0.0700151,0.1178126,0.07505014,0.9901958,False,-1,-1,0,0,0,-1
2026-06-29 12:16:09.242,19.69684,True,22.29892,1.092653,-6.299587,0.760491,-0.6455832,0,0.06982861,0.09016033,0.106208,0.990248,False,-1,-1,0,0,0,-1
2026-06-29 12:16:09.288,19.74155,False,22.29781,1.092145,-6.301127,0,0,0,1,0,0,-1,False,-1,-1,0,0,0,-1
2026-06-29 12:16:09.332,19.78486,True,22.29784,1.091196,-6.300544,0.9783898,-0.1835577,0,0.0951841,0.03494354,0.1862543,0.9818799,False,-1,-1,0,0,0,-1
2026-06-29 12:16:09.380,19.83178,True,22.29928,1.089511,-6.298026,0.8329859,-0.5435297,0,0.1034899,0.1124997,0.1724112,0.9785796,False,-1,-1,0,0,0,-1
2026-06-29 12:16:09.423,19.87553,True,22.29886,1.087238,-6.295245,0.8371923,-0.5357493,0,0.1099178,0.1177767,0.1840446,0.9758362,False,-1,-1,0,0,0,-1
2026-06-29 12:16:09.465,19.91701,True,22.2987,1.086989,-6.292465,0.8266143,-0.5616585,0,0.03533469,0.03969206,0.05841632,0.9975029,False,-1,-1,0,0,0,-1
2026-06-29 12:16:09.510,19.96204,True,22.29809,1.087176,-6.289166,0.9436233,-0.2983677,0,0.143359,0.08554738,0.2705538,0.9588963,False,-1,-1,0,0,0,-1
2026-06-29 12:16:09.555,20.00772,False,22.29797,1.086686,-6.28637,0,0,0,1,0,0,-1,False,-1,-1,0,0,0,-1
2026-06-29 12:16:09.598,20.05069,False,22.2979,1.086081,-6.28337,0,0,0,1,0,0,-1,False,-1,-1,0,0,0,-1
2026-06-29 12:16:09.644,20.0964,False,22.29803,1.086282,-6.280133,0,0,0,1,0,0,-1,False,-1,-1,0,0,0,-1
2026-06-29 12:16:09.692,20.14094,True,22.29717,1.086188,-6.275887,0.9504778,0.3096241,0,0.02692383,-0.01667253,0.051181,0.9985502,False,-1,-1,0,0,0,-1
2026-06-29 12:16:09.735,20.18751,True,22.29855,1.086817,-6.272426,0.8529381,0.5218372,0,0.01351432,-0.01410455,0.02305376,0.9996347,False,-1,-1,0,0,0,-1
2026-06-29 12:16:09.777,20.23085,True,22.29828,1.087145,-6.267866,0.9739013,-0.2258734,0,0.02230308,0.01007535,0.04344201,0.9990052,False,-1,-1,0,0,0,-1
2026-06-29 12:16:09.820,20.27258,True,22.29917,1.087056,-6.263951,0.9154469,-0.4015194,0,0.02718508,0.02183068,0.04977301,0.9985219,False,-1,-1,0,0,0,-1
2026-06-29 12:16:09.865,20.318,True,22.29939,1.087142,-6.260075,0.974343,-0.2241593,0,0.02020767,0.009059476,0.03937841,0.9991834,False,-1,-1,0,0,0,-1
2026-06-29 12:16:09.910,20.36226,True,22.29955,1.087154,-6.256112,0.8215989,-0.5695421,0,0.0244371,0.02783591,0.04015498,0.9988056,False,-1,-1,0,0,0,-1
2026-06-29 12:16:09.956,20.40789,True,22.29987,1.087049,-6.252907,0.6561629,-0.7541486,0,0.02664951,0.04019537,0.03497283,0.9985796,False,-1,-1,0,0,0,-1
2026-06-29 12:16:09.999,20.45017,True,22.29991,1.086887,-6.250102,0.6748918,-0.7374511,0,0.02620939,0.03865629,0.035377,0.9986261,False,-1,-1,0,0,0,-1
2026-06-29 12:16:10.045,20.4965,True,22.30023,1.086609,-6.247953,0.6411558,-0.7669188,0,0.02747391,0.04214051,0.03523012,0.9984904,False,-1,-1,0,0,0,-1
2026-06-29 12:16:10.091,20.54249,True,22.30043,1.086549,-6.24635,0.4892361,-0.8715062,0,0.03354336,0.05846648,0.03282124,0.9977497,False,-1,-1,0,0,0,-1
2026-06-29 12:16:10.137,20.58806,True,22.30114,1.086514,-6.245461,0.3727977,-0.9272562,0,0.03489922,0.06472103,0.02602069,0.9975641,False,-1,-1,0,0,0,-1
2026-06-29 12:16:10.178,20.6308,True,22.30246,1.086688,-6.245296,0.3338886,-0.9418101,0,0.03888581,0.07324608,0.02596705,0.9969758,False,-1,-1,0,0,0,-1
2026-06-29 12:16:10.222,20.67383,True,22.3026,1.086651,-6.244761,0.3802852,-0.9240659,0,0.03854039,0.07122771,0.02931267,0.9970293,False,-1,-1,0,0,0,-1
2026-06-29 12:16:10.267,20.71903,False,22.30279,1.08646,-6.24489,0,0,0,1,0,0,-1,False,-1,-1,0,0,0,-1
2026-06-29 12:16:10.312,20.76488,False,22.30363,1.086563,-6.245761,0,0,0,1,0,0,-1,False,-1,-1,0,0,0,-1
2026-06-29 12:16:10.355,20.80847,False,22.30392,1.086413,-6.24659,0,0,0,1,0,0,-1,False,-1,-1,0,0,0,-1
2026-06-29 12:16:10.399,20.85224,True,22.30439,1.08636,-6.24789,0.9155733,-0.3989813,0,0.05039357,0.04021218,0.09227801,0.994921,False,-1,-1,0,0,0,-1
2026-06-29 12:16:10.446,20.89784,True,22.30482,1.086412,-6.249245,0.8651313,-0.4995286,0,0.04493392,0.04489155,0.07774748,0.9959619,False,-1,-1,0,0,0,-1
2026-06-29 12:16:10.489,20.94117,True,22.30453,1.08635,-6.250087,0.8581142,-0.5114785,0,0.04505297,0.04608726,0.07732119,0.9959405,False,-1,-1,0,0,0,-1
2026-06-29 12:16:10.534,20.98595,True,22.30475,1.086599,-6.250946,0.8597908,-0.5086159,0,0.04549428,0.04627822,0.07823113,0.9958605,False,-1,-1,0,0,0,-1
2026-06-29 12:16:10.578,21.03167,True,22.30448,1.086834,-6.250999,0.8744645,-0.4827316,0,0.04777032,0.04612049,0.08354689,0.995436,False,-1,-1,0,0,0,-1
2026-06-29 12:16:10.623,21.07374,True,22.30412,1.086672,-6.250828,0.526049,-0.8478432,0,0.06659216,0.1129194,0.07006146,0.9911309,False,-1,-1,0,0,0,-1
2026-06-29 12:16:10.662,21.11576,True,22.30381,1.086526,-6.250046,0.447121,-0.8912423,0,0.07596075,0.1353989,0.06792729,0.9884599,False,-1,-1,0,0,0,-1
2026-06-29 12:16:10.709,21.16131,True,22.30377,1.08641,-6.249057,0.5249085,-0.8476884,0,0.07678264,0.1301755,0.0806077,0.9882089,False,-1,-1,0,0,0,-1
2026-06-29 12:16:10.757,21.20915,True,22.30469,1.086442,-6.248344,0.4989563,-0.8633194,0,0.07564544,0.1306123,0.07548754,0.9885556,False,-1,-1,0,0,0,-1
2026-06-29 12:16:10.798,21.25109,True,22.3055,1.08646,-6.247978,0.5112152,-0.8562998,0,0.07355201,0.1259651,0.0752018,0.9891802,False,-1,-1,0,0,0,-1
2026-06-29 12:16:10.843,21.29579,True,22.30526,1.086337,-6.247544,0.5305029,-0.8445635,0,0.07265858,0.1227296,0.07709116,0.9894415,False,-1,-1,0,0,0,-1
2026-06-29 12:16:10.886,21.33872,True,22.30637,1.08647,-6.248,0.5208997,-0.8508813,0,0.06829723,0.1162257,0.07115202,0.990671,False,-1,-1,0,0,0,-1
2026-06-29 12:16:10.932,21.38502,True,22.30607,1.086356,-6.248029,0.5083634,-0.8584934,0,0.06749699,0.1158914,0.06862599,0.9908883,False,-1,-1,0,0,0,-1
2026-06-29 12:16:10.976,21.42943,True,22.30694,1.08651,-6.248717,0.46817,-0.8807889,0,0.07090709,0.1249083,0.06639313,0.9899443,False,-1,-1,0,0,0,-1
2026-06-29 12:16:11.021,21.47225,True,22.30781,1.086645,-6.249302,0.4682252,-0.8807335,0,0.07122948,0.1254684,0.06670287,0.9898527,False,-1,-1,0,0,0,-1
2026-06-29 12:16:11.063,21.51694,True,22.3075,1.086622,-6.249433,0.5520899,-0.8308679,0,0.06968071,0.1157909,0.07694001,0.9902892,False,-1,-1,0,0,0,-1
2026-06-29 12:16:11.109,21.56433,True,22.30814,1.086827,-6.249863,0.5690669,-0.8192206,0,0.07099693,0.1163243,0.080804,0.9899188,False,-1,-1,0,0,0,-1
2026-06-29 12:16:11.153,21.60816,True,22.30764,1.086822,-6.249733,0.5712051,-0.8176464,0,0.07196625,0.1176859,0.08221497,0.9896417,False,-1,-1,0,0,0,-1
2026-06-29 12:16:11.198,21.65106,True,22.30784,1.086906,-6.249724,0.5901476,-0.8040467,0,0.07235137,0.1163478,0.08539598,0.9895306,False,-1,-1,0,0,0,-1
2026-06-29 12:16:11.241,21.69304,True,22.30666,1.086719,-6.249177,0.5609012,-0.8249791,0,0.06927731,0.1143047,0.07771544,0.9904013,False,-1,-1,0,0,0,-1
2026-06-29 12:16:11.287,21.74084,True,22.30672,1.086731,-6.248887,0.5659423,-0.8215095,0,0.06950851,0.1142038,0.07867559,0.9903371,False,-1,-1,0,0,0,-1
2026-06-29 12:16:11.331,21.78371,True,22.30615,1.086567,-6.248452,0.5022603,-0.8621681,0,0.06633845,0.1143898,0.06663833,0.9911984,False,-1,-1,0,0,0,-1
2026-06-29 12:16:11.377,21.8314,True,22.30604,1.086559,-6.248315,0.538633,-0.8398158,0,0.06770511,0.1137196,0.07293641,0.9908321,False,-1,-1,0,0,0,-1
2026-06-29 12:16:11.423,21.87587,True,22.30533,1.086409,-6.24792,0.5355639,-0.8417706,0,0.06777496,0.1141019,0.07259566,0.9908131,False,-1,-1,0,0,0,-1
2026-06-29 12:16:11.464,21.91797,True,22.30514,1.086398,-6.247879,0.745972,-0.6635931,0,0.05630363,0.07472538,0.08400185,0.9936598,False,-1,-1,0,0,0,-1
2026-06-29 12:16:11.512,21.96451,True,22.30528,1.086389,-6.247966,0.8973896,-0.4379097,0,0.05410222,0.04738377,0.09710152,0.9941459,False,-1,-1,0,0,0,-1
2026-06-29 12:16:11.554,22.00732,True,22.30447,1.086173,-6.24772,0.87551,-0.4801986,0,0.05377372,0.05164413,0.09415887,0.9942168,False,-1,-1,0,0,0,-1
2026-06-29 12:16:11.599,22.05139,True,22.30439,1.086114,-6.247777,0.8668942,-0.4956889,0,0.05279141,0.05233622,0.09152913,0.9944261,False,-1,-1,0,0,0,-1
2026-06-29 12:16:11.642,22.09491,True,22.30479,1.086254,-6.248001,0.8620902,-0.504018,0,0.05259571,0.05301837,0.09068449,0.9944674,False,-1,-1,0,0,0,-1
2026-06-29 12:16:11.686,22.13976,True,22.30434,1.086322,-6.248176,0.8578768,-0.5110664,0,0.05346541,0.05464874,0.09173346,0.9942829,False,-1,-1,0,0,0,-1
2026-06-29 12:16:11.733,22.18456,True,22.30444,1.086365,-6.248309,0.8563523,-0.5134239,0,0.05528648,0.0567708,0.0946894,0.9938868,False,-1,-1,0,0,0,-1
2026-06-29 12:16:11.774,22.228,True,22.30445,1.086422,-6.248292,0.846849,-0.5290013,0,0.05481336,0.05799267,0.09283727,0.993991,False,-1,-1,0,0,0,-1
2026-06-29 12:16:11.819,22.27174,True,22.30499,1.08645,-6.248356,0.8362992,-0.5454484,0,0.0555836,0.06063597,0.09296905,0.9938209,False,-1,-1,0,0,0,-1
2026-06-29 12:16:11.862,22.31567,True,22.30476,1.086361,-6.248232,0.8441684,-0.5331662,0,0.05579806,0.05949928,0.09420592,0.9937732,False,-1,-1,0,0,0,-1
2026-06-29 12:16:11.906,22.35968,True,22.30461,1.086308,-6.248183,0.8539734,-0.5170818,0,0.05793005,0.05990914,0.09894142,0.9932882,False,-1,-1,0,0,0,-1
2026-06-29 12:16:11.951,22.40558,True,22.30502,1.08634,-6.248316,0.8626768,-0.5023429,0,0.05865446,0.05892931,0.1011997,0.9931193,False,-1,-1,0,0,0,-1
2026-06-29 12:16:11.994,22.44783,True,22.30465,1.086287,-6.248035,0.8673242,-0.4942822,0,0.05859946,0.05792934,0.1016495,0.9931322,False,-1,-1,0,0,0,-1
2026-06-29 12:16:12.041,22.49398,True,22.30548,1.086493,-6.248435,0.8634703,-0.5009003,0,0.05931206,0.05941886,0.1024284,0.9929641,False,-1,-1,0,0,0,-1
2026-06-29 12:16:12.088,22.54015,True,22.30514,1.08651,-6.248134,0.8597311,-0.5073144,0,0.05911339,0.05997815,0.1016432,0.9930112,False,-1,-1,0,0,0,-1
2026-06-29 12:16:12.130,22.58329,True,22.30524,1.086537,-6.248354,0.859338,-0.50786,0,0.06013713,0.06108248,0.1033562,0.992767,False,-1,-1,0,0,0,-1
2026-06-29 12:16:12.175,22.62691,True,22.30402,1.086431,-6.248347,0.8544147,-0.5160152,0,0.06085915,0.06280849,0.1039979,0.9925923,False,-1,-1,0,0,0,-1
2026-06-29 12:16:12.220,22.67254,True,22.30277,1.086163,-6.248038,0.8561604,-0.5132361,0,0.05981683,0.06140032,0.1024256,0.9928439,False,-1,-1,0,0,0,-1
2026-06-29 12:16:12.264,22.71947,True,22.30142,1.086038,-6.247727,0.8467354,-0.5286642,0,0.05961027,0.06302764,0.1009482,0.9928932,False,-1,-1,0,0,0,-1
2026-06-29 12:16:12.309,22.7611,True,22.30009,1.085933,-6.247365,0.8364266,-0.544537,0,0.06220999,0.06775127,0.1040682,0.9922598,False,-1,-1,0,0,0,-1
2026-06-29 12:16:12.352,22.80571,True,22.3026,1.086198,-6.24734,0.8413022,-0.5369687,0,0.0622528,0.06685559,0.1047468,0.9922491,False,-1,-1,0,0,0,-1
2026-06-29 12:16:12.397,22.84888,True,22.30305,1.086594,-6.247031,0.8297365,-0.5547233,0,0.06180073,0.0685646,0.1025566,0.9923613,False,-1,-1,0,0,0,-1
2026-06-29 12:16:12.439,22.89381,True,22.30315,1.088729,-6.245423,0.8304781,-0.5536944,0,0.06106363,0.06762118,0.101424,0.9925425,False,-1,-1,0,0,0,-1
2026-06-29 12:16:12.490,22.94104,True,22.30425,1.091531,-6.244197,0.8682628,-0.4906551,0,0.07332948,0.07195897,0.1273385,0.9892456,False,-1,-1,0,0,0,-1
2026-06-29 12:16:12.529,22.98302,True,22.30605,1.094836,-6.243649,0.9059669,-0.4160516,0,0.07826326,0.0651231,0.1418078,0.9877497,False,-1,-1,0,0,0,-1
2026-06-29 12:16:12.577,23.02936,True,22.30661,1.096879,-6.243643,0.9370546,-0.3378318,0,0.08830836,0.05966674,0.1654995,0.9844033,False,-1,-1,0,0,0,-1
2026-06-29 12:16:12.617,23.07145,True,22.30587,1.097092,-6.24317,0.9480637,-0.3017083,0,0.1007337,0.06078438,0.1910039,0.9797055,False,-1,-1,0,0,0,-1
2026-06-29 12:16:12.665,23.11697,True,22.30605,1.097326,-6.243462,0.95264,-0.2862244,0,0.1027262,0.05880548,0.1957221,0.9788947,False,-1,-1,0,0,0,-1
2026-06-29 12:16:12.709,23.16062,True,22.30563,1.097514,-6.243878,-0.9833276,0.1770104,0,0.04164392,-0.01474281,-0.0818992,0.9965316,False,-1,-1,0,0,0,-1
2026-06-29 12:16:12.754,23.20789,True,22.24898,1.084625,-6.214969,-0.9898378,0.1196749,0,0.0768055,-0.01838338,-0.15205,0.9882019,False,-1,-1,0,0,0,-1
2026-06-29 12:16:12.799,23.24995,True,22.21333,1.077429,-6.196659,-0.9930043,0.09075575,0,0.07553709,-0.01371085,-0.1500173,0.9885883,False,-1,-1,0,0,0,-1
2026-06-29 12:16:12.844,23.29675,True,22.20939,1.077907,-6.195496,-0.9973474,-0.001367166,0,0.07277528,0.0001989918,-0.1451645,0.9894075,False,-1,-1,0,0,0,-1
2026-06-29 12:16:12.888,23.34017,True,22.20547,1.077811,-6.194614,-0.9965764,-0.04064194,0,0.07199884,0.005852344,-0.1435047,0.9896324,False,-1,-1,0,0,0,-1
2026-06-29 12:16:12.930,23.38408,True,22.20139,1.077431,-6.193632,-0.9933985,-0.08786662,0,0.07374896,0.01296014,-0.1465242,0.9891222,False,-1,-1,0,0,0,-1
2026-06-29 12:16:12.974,23.42828,True,22.19728,1.076744,-6.192504,-0.9710613,-0.2291953,0,0.0671524,0.03078203,-0.1304182,0.9909812,False,-1,-1,0,0,0,-1
2026-06-29 12:16:13.018,23.47031,True,22.19305,1.076049,-6.19104,-0.9891294,-0.1300227,0,0.06868182,0.01786039,-0.1358704,0.9905657,False,-1,-1,0,0,0,-1
2026-06-29 12:16:13.066,23.51801,True,22.18878,1.075653,-6.189231,-0.9935811,-0.09446277,0,0.06223719,0.01175819,-0.1236754,0.992253,False,-1,-1,0,0,0,-1
2026-06-29 12:16:13.110,23.56311,True,22.18403,1.074802,-6.187637,-0.9953684,0.05701501,0,0.07740219,-0.008826171,-0.1540874,0.9880178,False,-1,-1,0,0,0,-1
2026-06-29 12:16:13.156,23.60793,False,22.17968,1.074494,-6.185151,0,0,0,1,0,0,-1,False,-1,-1,0,0,0,-1
2026-06-29 12:16:13.200,23.65171,False,22.17589,1.073599,-6.182528,0,0,0,1,0,0,-1,False,-1,-1,0,0,0,-1
2026-06-29 12:16:13.243,23.69617,False,22.17143,1.072504,-6.180409,0,0,0,1,0,0,-1,False,-1,-1,0,0,0,-1
2026-06-29 12:16:13.295,23.74829,False,22.16626,1.072033,-6.179217,0,0,0,1,0,0,-1,False,-1,-1,0,0,0,-1
2026-06-29 12:16:13.340,23.79155,True,22.16098,1.071435,-6.178245,0.006154365,0.998238,0,0.05901712,-0.1178263,0.0007264258,0.9930339,True,0.9416288,0.2668614,21.58216,1.075004,-1.3,4.912465
2026-06-29 12:16:13.384,23.83673,True,22.15559,1.070306,-6.177451,0.3251338,0.9441524,0,0.05351849,-0.1010592,0.03480135,0.9942715,True,0.9543235,0.3149438,21.65984,1.241026,-1.3,4.905552
2026-06-29 12:16:13.426,23.87888,True,22.14985,1.069095,-6.176575,-0.8411018,0.5005058,0,0.2050407,-0.2052481,-0.3449202,0.9159166,False,-1,-1,0,0,0,-1
2026-06-29 12:16:13.470,23.92317,False,22.1437,1.068154,-6.175688,0,0,0,1,0,0,-1,False,-1,-1,0,0,0,-1
2026-06-29 12:16:13.512,23.96471,False,22.13738,1.066832,-6.174756,0,0,0,1,0,0,-1,False,-1,-1,0,0,0,-1
2026-06-29 12:16:13.557,24.00942,False,22.13134,1.065597,-6.173524,0,0,0,1,0,0,-1,False,-1,-1,0,0,0,-1
2026-06-29 12:16:13.598,24.05071,True,22.12491,1.064546,-6.172412,-0.656762,-0.6971294,0,0.2875314,0.4008932,-0.3776794,0.8346514,False,-1,-1,0,0,0,-1
2026-06-29 12:16:13.638,24.09218,True,22.11819,1.063588,-6.171216,0.9562346,-0.2538984,0,0.1454342,0.07385103,0.2781384,0.9576977,False,-1,-1,0,0,0,-1
2026-06-29 12:16:13.686,24.13891,True,22.11106,1.062754,-6.170252,0.9806566,-0.1837758,0,0.06737291,0.02476301,0.1321394,0.9909217,False,-1,-1,0,0,0,-1
2026-06-29 12:16:13.729,24.18178,False,22.10361,1.062018,-6.169195,0,0,0,1,0,0,-1,False,-1,-1,0,0,0,-1
2026-06-29 12:16:13.774,24.22637,False,22.09582,1.061413,-6.168158,0,0,0,1,0,0,-1,False,-1,-1,0,0,0,-1
2026-06-29 12:16:13.818,24.27203,False,22.08806,1.060839,-6.167161,0,0,0,1,0,0,-1,False,-1,-1,0,0,0,-1
2026-06-29 12:16:13.860,24.31455,False,22.08031,1.06026,-6.166142,0,0,0,1,0,0,-1,False,-1,-1,0,0,0,-1
2026-06-29 12:16:13.909,24.36094,False,22.07242,1.059811,-6.165119,0,0,0,1,0,0,-1,False,-1,-1,0,0,0,-1
2026-06-29 12:16:13.953,24.4052,False,22.0639,1.059737,-6.163693,0,0,0,1,0,0,-1,False,-1,-1,0,0,0,-1
2026-06-29 12:16:13.996,24.4484,False,22.05511,1.059857,-6.162086,0,0,0,1,0,0,-1,False,-1,-1,0,0,0,-1
2026-06-29 12:16:14.052,24.50611,False,22.04405,1.059205,-6.160274,0,0,0,1,0,0,-1,False,-1,-1,0,0,0,-1
2026-06-29 12:16:14.097,24.54941,False,22.03488,1.059373,-6.158906,0,0,0,1,0,0,-1,False,-1,-1,0,0,0,-1
2026-06-29 12:16:14.140,24.59162,False,22.02511,1.06001,-6.157718,0,0,0,1,0,0,-1,False,-1,-1,0,0,0,-1
2026-06-29 12:16:14.184,24.63659,False,22.01603,1.05914,-6.156092,0,0,0,1,0,0,-1,False,-1,-1,0,0,0,-1
2026-06-29 12:16:14.231,24.68299,False,22.0059,1.056677,-6.155469,0,0,0,1,0,0,-1,False,-1,-1,0,0,0,-1
2026-06-29 12:16:14.278,24.73004,False,22.29704,1.104103,-6.30105,0,0,0,1,0,0,-1,False,-1,-1,0,0,0,-1
2026-06-29 12:16:14.317,24.7708,False,22.29735,1.105673,-6.305017,0,0,0,1,0,0,-1,False,-1,-1,0,0,0,-1
2026-06-29 12:16:14.363,24.81586,False,22.2974,1.106369,-6.309769,0,0,0,1,0,0,-1,False,-1,-1,0,0,0,-1
2026-06-29 12:16:14.409,24.86144,False,22.29079,1.101378,-6.290545,0,0,0,1,0,0,-1,False,-1,-1,0,0,0,-1
2026-06-29 12:16:14.449,24.90268,False,22.29133,1.098417,-6.289848,0,0,0,1,0,0,-1,False,-1,-1,0,0,0,-1
2026-06-29 12:16:14.494,24.94789,False,22.28971,1.098291,-6.29004,0,0,0,1,0,0,-1,False,-1,-1,0,0,0,-1
2026-06-29 12:16:14.541,24.99253,False,22.28627,1.101539,-6.291884,0,0,0,1,0,0,-1,False,-1,-1,0,0,0,-1
2026-06-29 12:16:14.585,25.03926,False,22.28266,1.103608,-6.293077,0,0,0,1,0,0,-1,False,-1,-1,0,0,0,-1
2026-06-29 12:16:14.636,25.08074,False,22.2797,1.103264,-6.294852,0,0,0,1,0,0,-1,False,-1,-1,0,0,0,-1
2026-06-29 12:16:14.679,25.13268,False,22.27736,1.102208,-6.29687,0,0,0,1,0,0,-1,False,-1,-1,0,0,0,-1
2026-06-29 12:16:14.722,25.17435,False,22.27521,1.101213,-6.299576,0,0,0,1,0,0,-1,False,-1,-1,0,0,0,-1
2026-06-29 12:16:14.762,25.21533,False,22.27415,1.100114,-6.30307,0,0,0,1,0,0,-1,False,-1,-1,0,0,0,-1
2026-06-29 12:16:14.809,25.26228,False,22.27332,1.098755,-6.307591,0,0,0,1,0,0,-1,False,-1,-1,0,0,0,-1
2026-06-29 12:16:14.853,25.30677,False,22.27261,1.098891,-6.313972,0,0,0,1,0,0,-1,False,-1,-1,0,0,0,-1
2026-06-29 12:16:14.895,25.34932,False,22.2714,1.099968,-6.320609,0,0,0,1,0,0,-1,False,-1,-1,0,0,0,-1
2026-06-29 12:16:14.941,25.39185,False,22.27071,1.099724,-6.327819,0,0,0,1,0,0,-1,False,-1,-1,0,0,0,-1
2026-06-29 12:16:14.987,25.43934,False,22.2696,1.099377,-6.334677,0,0,0,1,0,0,-1,False,-1,-1,0,0,0,-1
2026-06-29 12:16:15.028,25.48177,False,22.2685,1.098876,-6.341933,0,0,0,1,0,0,-1,False,-1,-1,0,0,0,-1
2026-06-29 12:16:15.076,25.52653,False,22.26672,1.09861,-6.34943,0,0,0,1,0,0,-1,False,-1,-1,0,0,0,-1
2026-06-29 12:16:15.118,25.57213,False,22.26475,1.097777,-6.3572,0,0,0,1,0,0,-1,False,-1,-1,0,0,0,-1
2026-06-29 12:16:15.160,25.61447,False,22.26145,1.096243,-6.365124,0,0,0,1,0,0,-1,False,-1,-1,0,0,0,-1
2026-06-29 12:16:15.208,25.65947,False,22.25791,1.096301,-6.373568,0,0,0,1,0,0,-1,False,-1,-1,0,0,0,-1
2026-06-29 12:16:15.254,25.70655,False,22.25482,1.096451,-6.381602,0,0,0,1,0,0,-1,False,-1,-1,0,0,0,-1
2026-06-29 12:16:15.300,25.75193,False,22.25227,1.096939,-6.389727,0,0,0,1,0,0,-1,False,-1,-1,0,0,0,-1
2026-06-29 12:16:15.341,25.79264,False,22.24971,1.098506,-6.398735,0,0,0,1,0,0,-1,False,-1,-1,0,0,0,-1
2026-06-29 12:16:15.385,25.83763,True,22.24661,1.099043,-6.408228,0.8233009,0.5392365,0,0.1771998,-0.1911052,0.2917775,0.9372005,True,0.8799855,0.7344084,21.20499,2.689381,-1.3,5.450517
2026-06-29 12:16:15.426,25.88061,True,22.24379,1.09744,-6.416802,0.8692934,0.2324885,0,0.4362088,-0.202827,0.7583869,0.6194438,False,-1,-1,0,0,0,-1
2026-06-29 12:16:15.475,25.92837,True,22.25635,1.101641,-6.398287,0.7801325,0.5801627,0,0.2341038,-0.2716366,0.3652639,0.8903908,True,0.7976133,0.880294,20.70098,3.193105,-1.3,5.725897
2026-06-29 12:16:15.518,25.97067,False,22.25488,1.100146,-6.403975,0,0,0,1,0,0,-1,False,-1,-1,0,0,0,-1
2026-06-29 12:16:15.562,26.01515,False,22.25318,1.100053,-6.409482,0,0,0,1,0,0,-1,False,-1,-1,0,0,0,-1
2026-06-29 12:16:15.608,26.06087,False,22.25454,1.10015,-6.40689,0,0,0,1,0,0,-1,False,-1,-1,0,0,0,-1
2026-06-29 12:16:15.652,26.10373,True,22.25076,1.099756,-6.413636,-0.3770662,0.9213642,0,0.09438796,-0.1739313,-0.07118101,0.9821818,True,0.9029016,0.1666998,21.34521,0.7291589,-1.3,5.206404
2026-06-29 12:16:15.697,26.14899,True,22.24526,1.095798,-6.418046,0.9629701,0.1709432,0,0.2084877,-0.07127909,0.4015348,0.9130657,True,0.9847026,0.9247307,21.84571,3.346539,-1.3,5.605342
2026-06-29 12:16:15.737,26.19107,True,22.24501,1.092839,-6.419989,0.9754798,-0.1103196,0,0.1904435,0.04201927,0.3715475,0.9274626,False,-1,-1,0,0,0,-1
2026-06-29 12:16:15.785,26.23823,False,22.24281,1.094949,-6.423954,0,0,0,1,0,0,-1,False,-1,-1,0,0,0,-1
2026-06-29 12:16:15.829,26.28172,False,22.24017,1.096912,-6.42784,0,0,0,1,0,0,-1,False,-1,-1,0,0,0,-1
2026-06-29 12:16:15.875,26.32658,False,22.23774,1.097099,-6.433833,0,0,0,1,0,0,-1,False,-1,-1,0,0,0,-1
2026-06-29 12:16:15.921,26.37154,True,22.24012,1.097296,-6.431052,0.887489,0.4474144,0,0.1103803,-0.09877148,0.1959226,0.9756323,True,0.9642642,0.5717357,21.72066,2.127694,-1.3,5.259206
2026-06-29 12:16:15.972,26.42406,True,22.23838,1.098297,-6.433372,0.7766762,0.5557154,0,0.2965709,-0.3296181,0.4606792,0.8240914,False,-1,-1,0,0,0,-1
2026-06-29 12:16:16.024,26.47745,True,22.23598,1.098313,-6.441229,0.9922408,-0.05493199,0,0.111538,0.01225401,0.2213452,0.9751186,False,-1,-1,0,0,0,-1
2026-06-29 12:16:16.067,26.51852,False,22.23343,1.099127,-6.449538,0,0,0,1,0,0,-1,False,-1,-1,0,0,0,-1
2026-06-29 12:16:16.108,26.56276,False,22.23086,1.100071,-6.458107,0,0,0,1,0,0,-1,False,-1,-1,0,0,0,-1
2026-06-29 12:16:16.151,26.60545,False,22.22802,1.100867,-6.467405,0,0,0,1,0,0,-1,False,-1,-1,0,0,0,-1
2026-06-29 12:16:16.196,26.64931,False,22.22799,1.102189,-6.467092,0,0,0,1,0,0,-1,False,-1,-1,0,0,0,-1
2026-06-29 12:16:16.237,26.69032,False,22.24272,1.09924,-6.428441,0,0,0,1,0,0,-1,False,-1,-1,0,0,0,-1
2026-06-29 12:16:16.287,26.73826,True,22.24339,1.099606,-6.427954,0.7605318,-0.6426399,0,0.09276458,0.1192284,0.1411008,0.9827895,False,-1,-1,0,0,0,-1
2026-06-29 12:16:16.333,26.78475,False,22.24156,1.099759,-6.433981,0,0,0,1,0,0,-1,False,-1,-1,0,0,0,-1
2026-06-29 12:16:16.374,26.82657,False,22.23954,1.100288,-6.43952,0,0,0,1,0,0,-1,False,-1,-1,0,0,0,-1
2026-06-29 12:16:16.417,26.87053,False,22.23746,1.100454,-6.446203,0,0,0,1,0,0,-1,False,-1,-1,0,0,0,-1
2026-06-29 12:16:16.463,26.91535,False,22.25212,1.09739,-6.404523,0,0,0,1,0,0,-1,False,-1,-1,0,0,0,-1
2026-06-29 12:16:16.508,26.96037,True,22.25032,1.097708,-6.409755,0.9956333,0.04350523,0,0.08259344,-0.007186492,0.1644655,0.9863567,False,-1,-1,0,0,0,-1
2026-06-29 12:16:16.553,27.00452,True,22.24875,1.097944,-6.414887,0.9918573,0.1022326,0,0.0759442,-0.01552794,0.1506516,0.988465,False,-1,-1,0,0,0,-1
2026-06-29 12:16:16.598,27.05086,True,22.26552,1.096817,-6.371824,0.9814302,0.1733277,0,0.08217361,-0.02848591,0.1612953,0.986495,False,-1,-1,0,0,0,-1
2026-06-29 12:16:16.640,27.09249,True,22.26645,1.098063,-6.372395,0.9782308,0.1917044,0,0.07946023,-0.03046574,0.1554608,0.9873721,False,-1,-1,0,0,0,-1
2026-06-29 12:16:16.685,27.1369,True,22.26923,1.098212,-6.366903,0.9451767,0.315605,0,0.08387311,-0.05294152,0.1585498,0.9859306,False,-1,-1,0,0,0,-1
2026-06-29 12:16:16.726,27.18052,True,22.28579,1.09569,-6.323682,0.4097931,-0.9049667,0,0.1144769,0.2071955,0.09382365,0.9737901,False,-1,-1,0,0,0,-1
2026-06-29 12:16:16.771,27.22415,True,22.28856,1.095315,-6.316899,0.5022295,-0.8581105,0,0.1068263,0.1833376,0.1073026,0.9771763,False,-1,-1,0,0,0,-1
2026-06-29 12:16:16.818,27.27127,True,22.30497,1.091888,-6.272496,0.543718,-0.8331447,0,0.101196,0.1686218,0.1100442,0.9795187,False,-1,-1,0,0,0,-1
2026-06-29 12:16:16.860,27.31338,True,22.30508,1.091927,-6.271914,0.5623007,-0.8207097,0,0.1012591,0.1662087,0.1138762,0.9794932,False,-1,-1,0,0,0,-1
2026-06-29 12:16:16.906,27.35775,True,22.30636,1.092122,-6.269937,0.6157797,-0.7818358,0,0.09771473,0.1527938,0.1203415,0.9809037,False,-1,-1,0,0,0,-1
2026-06-29 12:16:16.955,27.40594,True,22.30632,1.092151,-6.27011,0.7105898,-0.6995215,0,0.07570864,0.1059197,0.1075956,0.9885364,False,-1,-1,0,0,0,-1
2026-06-29 12:16:16.995,27.44819,True,22.30616,1.091553,-6.271096,0.7124826,-0.6980994,0,0.07089272,0.09898033,0.1010197,0.9899485,False,-1,-1,0,0,0,-1
2026-06-29 12:16:17.040,27.49243,True,22.30549,1.091805,-6.272995,0.8166514,-0.5735185,0,0.0644756,0.07395589,0.1053082,0.9916857,False,-1,-1,0,0,0,-1
2026-06-29 12:16:17.082,27.53526,True,22.30449,1.0928,-6.274646,0.8465627,-0.5280111,0,0.06734864,0.07112165,0.1140297,0.9909283,False,-1,-1,0,0,0,-1
2026-06-29 12:16:17.129,27.5815,True,22.30365,1.094189,-6.276572,0.8489296,-0.5243719,0,0.0659747,0.06919055,0.1120157,0.9912947,False,-1,-1,0,0,0,-1
2026-06-29 12:16:17.174,27.62717,True,22.30322,1.093022,-6.27854,0.8320536,-0.551181,0,0.06234106,0.0687224,0.1037422,0.9922272,False,-1,-1,0,0,0,-1
2026-06-29 12:16:17.219,27.67036,True,22.30278,1.092291,-6.281126,0.871307,-0.4869663,0,0.06072861,0.05914557,0.1058265,0.9926241,False,-1,-1,0,0,0,-1
2026-06-29 12:16:17.260,27.71322,True,22.30167,1.091839,-6.284326,0.8364636,-0.5447781,0,0.05954355,0.06487604,0.09961203,0.9929091,False,-1,-1,0,0,0,-1
2026-06-29 12:16:17.304,27.75841,False,22.30023,1.091822,-6.28787,0,0,0,1,0,0,-1,False,-1,-1,0,0,0,-1
2026-06-29 12:16:17.364,27.80757,False,22.29861,1.09205,-6.291244,0,0,0,1,0,0,-1,False,-1,-1,0,0,0,-1
2026-06-29 12:16:17.407,27.85835,False,22.29716,1.092243,-6.294466,0,0,0,1,0,0,-1,False,-1,-1,0,0,0,-1
2026-06-29 12:16:17.447,27.90027,True,22.2956,1.092473,-6.297365,0.94219,0.3265943,0,0.07492821,-0.04894225,0.1411932,0.9887716,False,-1,-1,0,0,0,-1
2026-06-29 12:16:17.488,27.94087,True,22.29382,1.092896,-6.300314,0.957664,0.2791409,0,0.07042773,-0.03931852,0.1348922,0.9900799,False,-1,-1,0,0,0,-1
2026-06-29 12:16:17.533,27.98472,True,22.29187,1.093166,-6.303132,0.9719241,0.2266189,0,0.06330376,-0.02869165,0.1230529,0.9919853,False,-1,-1,0,0,0,-1
2026-06-29 12:16:17.578,28.03006,True,22.28974,1.093715,-6.305809,0.9579163,0.2796557,0,0.06472407,-0.03620091,0.1240005,0.9916216,False,-1,-1,0,0,0,-1
2026-06-29 12:16:17.621,28.07315,True,22.28754,1.094311,-6.308632,0.9819117,0.1762706,0,0.06912354,-0.0243689,0.1357464,0.9904439,False,-1,-1,0,0,0,-1
2026-06-29 12:16:17.661,28.11501,True,22.28531,1.095158,-6.31163,0.9721946,0.2243128,0,0.06724212,-0.03016653,0.1307448,0.990957,False,-1,-1,0,0,0,-1
2026-06-29 12:16:17.707,28.15916,True,22.28329,1.09593,-6.3148,0.9924611,0.103808,0,0.06515294,-0.01352679,0.1293235,0.9915102,False,-1,-1,0,0,0,-1
2026-06-29 12:16:17.749,28.20212,True,22.28133,1.096621,-6.318381,0.99509,0.07231212,0,0.06757876,-0.009773524,0.1344939,0.9908662,False,-1,-1,0,0,0,-1
2026-06-29 12:16:17.795,28.24788,True,22.27979,1.096857,-6.322174,0.9954602,0.06741548,0,0.06718773,-0.009058985,0.1337654,0.9909716,False,-1,-1,0,0,0,-1
2026-06-29 12:16:17.841,28.29268,True,22.27843,1.097172,-6.325971,0.9951687,-0.06359004,0,0.07480278,0.009513424,0.1488828,0.9888091,False,-1,-1,0,0,0,-1
2026-06-29 12:16:17.883,28.3354,True,22.27691,1.09705,-6.330369,0.9930961,-0.08622634,0,0.07953054,0.01371526,0.1579629,0.9873498,False,-1,-1,0,0,0,-1
2026-06-29 12:16:17.929,28.38167,True,22.27501,1.09649,-6.334986,0.9939912,-0.07131157,0,0.08304347,0.01184392,0.1650889,0.9862076,False,-1,-1,0,0,0,-1
2026-06-29 12:16:17.975,28.42862,True,22.31486,1.089247,-6.244099,0.9879535,-0.1318339,0,0.08104159,0.02136806,0.1601306,0.9868646,False,-1,-1,0,0,0,-1
2026-06-29 12:16:18.017,28.4706,True,22.31752,1.088637,-6.237996,0.9788095,-0.1854582,0,0.08681677,0.03220176,0.1699542,0.9849257,False,-1,-1,0,0,0,-1
2026-06-29 12:16:18.061,28.515,True,22.31609,1.088525,-6.239653,0.9699069,-0.2280941,0,0.08516894,0.03885305,0.1652119,0.9854925,False,-1,-1,0,0,0,-1
2026-06-29 12:16:18.106,28.55884,True,22.31426,1.087922,-6.241186,0.9595215,-0.2683816,0,0.08537982,0.04582874,0.1638476,0.9854206,False,-1,-1,0,0,0,-1
2026-06-29 12:16:18.152,28.60386,True,22.31181,1.088096,-6.242488,0.9777384,-0.1951891,0,0.07699982,0.03005904,0.1505713,0.9881421,False,-1,-1,0,0,0,-1
2026-06-29 12:16:18.192,28.64636,False,22.3095,1.088039,-6.24377,0,0,0,1,0,0,-1,False,-1,-1,0,0,0,-1
2026-06-29 12:16:18.240,28.69283,False,22.30754,1.087983,-6.24518,0,0,0,1,0,0,-1,False,-1,-1,0,0,0,-1
2026-06-29 12:16:18.285,28.73817,False,22.30595,1.087785,-6.246937,0,0,0,1,0,0,-1,False,-1,-1,0,0,0,-1
2026-06-29 12:16:18.330,28.78132,False,22.30461,1.087271,-6.248968,0,0,0,1,0,0,-1,False,-1,-1,0,0,0,-1
2026-06-29 12:16:18.371,28.82448,True,22.30348,1.087467,-6.25077,0.5864636,0.8082429,0,0.05295232,-0.08559667,0.06210921,0.9943921,True,0.9898676,0.3600264,21.87732,1.39669,-1.3,4.97869
2026-06-29 12:16:18.416,28.86867,True,22.30339,1.088353,-6.252728,0.6844118,0.7271829,0,0.05277821,-0.07675881,0.07224405,0.9944289,True,0.997023,0.3749337,21.9211,1.448163,-1.3,4.980475
2026-06-29 12:16:18.462,28.91321,True,22.30361,1.089625,-6.254387,0.6735626,0.7375114,0,0.04889272,-0.07211787,0.0658646,0.9952191,False,-1,-1,0,0,0,-1
2026-06-29 12:16:18.504,28.95688,True,22.30458,1.090998,-6.255927,0.7626397,0.645001,0,0.04852301,-0.06259476,0.07401113,0.995291,False,-1,-1,0,0,0,-1
2026-06-29 12:16:18.552,29.00593,True,22.30588,1.091567,-6.257452,0.8903808,0.4521357,0,0.05287159,-0.04781026,0.09415168,0.9944092,False,-1,-1,0,0,0,-1
2026-06-29 12:16:18.597,29.04847,True,22.30694,1.091769,-6.259805,0.8437848,0.5335366,0,0.05801769,-0.0619091,0.09790887,0.993268,False,-1,-1,0,0,0,-1
2026-06-29 12:16:18.638,29.09036,True,22.30756,1.091441,-6.262453,0.8547005,0.5155899,0,0.06044934,-0.06233413,0.1033322,0.9926918,False,-1,-1,0,0,0,-1
2026-06-29 12:16:18.684,29.13781,True,22.30745,1.090535,-6.265588,0.8112637,0.5816127,0,0.05981518,-0.06957853,0.09705175,0.9928443,False,-1,-1,0,0,0,-1
2026-06-29 12:16:18.728,29.18095,True,22.30705,1.089891,-6.268627,0.889504,0.4538271,0,0.05313844,-0.04823132,0.0945337,0.9943526,False,-1,-1,0,0,0,-1
2026-06-29 12:16:18.770,29.22288,True,22.30641,1.090205,-6.271458,0.8387109,0.5418527,0,0.05440401,-0.05895791,0.09125847,0.9940804,False,-1,-1,0,0,0,-1
2026-06-29 12:16:18.816,29.26813,True,22.30574,1.090181,-6.274714,0.8043333,0.5921372,0,0.04920829,-0.05827611,0.07915973,0.9951571,False,-1,-1,0,0,0,-1
2026-06-29 12:16:18.861,29.31477,True,22.30496,1.089919,-6.278427,0.8726401,0.4861037,0,0.0469319,-0.04562753,0.08190929,0.9955947,False,-1,-1,0,0,0,-1
2026-06-29 12:16:18.903,29.35643,True,22.30413,1.090397,-6.282267,0.9212773,0.3856208,0,0.05044436,-0.03890479,0.09294649,0.9949107,False,-1,-1,0,0,0,-1
2026-06-29 12:16:18.950,29.40274,True,22.3032,1.091306,-6.286203,0.7840785,0.599057,0,0.1623318,-0.194492,0.2545617,0.9472967,True,0.8921582,0.6596414,21.27947,2.431221,-1.3,5.263612
2026-06-29 12:16:18.994,29.44708,True,22.30194,1.092456,-6.290032,0.8337452,0.5308763,0,0.1517868,-0.16116,0.253103,0.9539216,True,0.9214833,0.6553654,21.4589,2.416456,-1.3,5.231072
2026-06-29 12:16:19.039,29.4918,True,22.30039,1.092372,-6.29407,0.8381097,0.5240328,0,0.1515312,-0.1588146,0.2539995,0.9540765,True,0.9231472,0.6569481,21.46908,2.421921,-1.3,5.234455
2026-06-29 12:16:19.082,29.53524,True,22.29917,1.092035,-6.297615,0.8550543,0.494943,0,0.1546404,-0.1530763,0.2644518,0.9521728,True,0.9275026,0.6737826,21.49573,2.480048,-1.3,5.248643
2026-06-29 12:16:19.125,29.57924,True,22.29783,1.091471,-6.300846,0.8728103,0.4606255,0,0.1613268,-0.1486225,0.2816154,0.9479473,True,0.9304535,0.7018954,21.51378,2.577118,-1.3,5.275447
2026-06-29 12:16:19.171,29.62299,True,22.29637,1.091319,-6.303811,0.8709474,0.467655,0,0.1508295,-0.1410723,0.2627291,0.9545009,True,0.9374878,0.6704763,21.55683,2.468632,-1.3,5.242332
2026-06-29 12:16:19.218,29.67057,True,22.29491,1.091438,-6.306471,0.8474684,0.5097915,0,0.1480206,-0.1509193,0.2508855,0.9561798,True,0.9289705,0.6520627,21.50471,2.405052,-1.3,5.235909
2026-06-29 12:16:19.261,29.71273,True,22.29337,1.091608,-6.309299,0.8392461,0.5219949,0,0.1522736,-0.1589721,0.25559,0.9536255,True,0.9213861,0.6605033,21.45831,2.434196,-1.3,5.252899
2026-06-29 12:16:19.307,29.7578,True,22.29174,1.091635,-6.31221,0.8465387,0.5076036,0,0.1603461,-0.1627845,0.2714783,0.9485782,True,0.9170214,0.6871212,21.4316,2.526104,-1.3,5.283918
2026-06-29 12:16:19.356,29.80686,True,22.28999,1.091605,-6.315451,0.8486139,0.5025345,0,0.1652678,-0.1661056,0.2804972,0.9453731,True,0.9132884,0.7026478,21.40876,2.579716,-1.3,5.305261
2026-06-29 12:16:19.400,29.85511,True,22.28842,1.091352,-6.318635,0.8583427,0.4849448,0,0.16756,-0.1625147,0.2876478,0.9438473,True,0.9158276,0.7145569,21.42429,2.620836,-1.3,5.317211
2026-06-29 12:16:19.442,29.89196,True,22.28695,1.091218,-6.321926,0.8494504,0.5007026,0,0.166526,-0.16676,0.2829112,0.9445382,True,0.9119096,0.7071908,21.40032,2.595402,-1.3,5.316806
2026-06-29 12:16:19.482,29.93407,True,22.28549,1.091117,-6.325453,0.8789209,0.444912,0,0.1719055,-0.1529656,0.3021825,0.940897,True,0.9230497,0.7389647,21.46848,2.705113,-1.3,5.341129
2026-06-29 12:16:19.526,29.97983,True,22.284,1.090931,-6.329208,0.8763515,0.4502984,0,0.1709954,-0.1539979,0.2997042,0.9415211,True,0.9218936,0.735116,21.46141,2.691824,-1.3,5.341577
2026-06-29 12:16:19.574,30.0261,True,22.28235,1.090737,-6.333186,0.8684033,0.4665211,0,0.1680296,-0.1567786,0.2918348,0.9435322,True,0.9193804,0.7222799,21.44603,2.647503,-1.3,5.334408
2026-06-29 12:16:19.620,30.07135,True,22.2805,1.090504,-6.337219,0.8656565,0.4708347,0,0.1701574,-0.160232,0.2945957,0.942093,True,0.9157414,0.7275383,21.42377,2.66566,-1.3,5.346838
2026-06-29 12:16:19.658,30.11334,True,22.27846,1.090241,-6.341442,0.862646,0.4767106,0,0.1690825,-0.1612068,0.2917167,0.9428222,True,0.9145474,0.7230331,21.41646,2.650104,-1.3,5.347182
2026-06-29 12:16:19.707,30.16022,True,22.27636,1.090168,-6.345689,0.8615798,0.4790623,0,0.1678674,-0.1608379,0.2892624,0.9436411,True,0.9145291,0.7191995,21.41635,2.636867,-1.3,5.347043
2026-06-29 12:16:19.750,30.20361,True,22.27417,1.090087,-6.350025,0.8556077,0.4909736,0,0.1639527,-0.1609928,0.2805583,0.9462391,True,0.9143015,0.7048765,21.41496,2.587411,-1.3,5.336945
2026-06-29 12:16:19.793,30.24697,True,22.27203,1.089873,-6.354446,0.8497788,0.5005875,0,0.1651911,-0.1653852,0.2807518,0.9454238,True,0.9098702,0.7058679,21.38784,2.590835,-1.3,5.346222
2026-06-29 12:16:19.839,30.2909,True,22.26989,1.089606,-6.358988,0.9465642,0.2850021,0,0.1509641,-0.08605013,0.2857943,0.9544197,True,0.9794828,0.7098212,21.81378,2.604485,-1.3,5.300591
2026-06-29 12:16:19.882,30.3346,True,22.26789,1.089391,-6.363704,0.990272,0.04532403,0,0.1315559,-0.01192529,0.2605523,0.9653861,False,-1,-1,0,0,0,-1
2026-06-29 12:16:19.928,30.38083,True,22.26592,1.089098,-6.368601,0.988694,0.06483656,0,0.1352055,-0.01753252,0.2673538,0.9634389,False,-1,-1,0,0,0,-1
2026-06-29 12:16:19.970,30.42296,True,16.85752,1.618164,-5.311783,0.987447,0.07862353,0,0.1369922,-0.02154162,0.270545,0.9624662,True,0.1547813,0.7507652,16.76773,2.745859,-1.3,4.168233
2026-06-29 12:16:20.016,30.46732,True,16.85752,1.618164,-5.311783,0.9877231,0.07701101,0,0.1359133,-0.02093365,0.2684895,0.9630551,True,0.1552042,0.7480857,16.77032,2.736607,-1.3,4.165684
2026-06-29 12:16:20.058,30.51164,True,16.85752,1.618164,-5.311783,0.9872681,0.07472423,0,0.1404206,-0.02098565,0.2772657,0.9605641,True,0.1551317,0.7595411,16.76988,2.776161,-1.3,4.176487
2026-06-29 12:16:20.115,30.56675,True,16.85752,1.618164,-5.311783,0.9867744,0.08360539,0,0.1388751,-0.02322141,0.2740768,0.9614274,True,0.1536199,0.7553862,16.76063,2.761815,-1.3,4.172737
2026-06-29 12:16:20.160,30.6116,True,16.85752,1.618164,-5.311783,0.9860401,0.0952662,0,0.1365622,-0.02601952,0.2693116,0.9627016,True,0.1517351,0.7491968,16.7491,2.740444,-1.3,4.167214
2026-06-29 12:16:20.201,30.65452,True,16.85752,1.618164,-5.311783,0.9856982,0.1008264,0,0.1350299,-0.02722916,0.2661974,0.9635338,True,0.1509274,0.7451609,16.74415,2.726508,-1.3,4.163614
2026-06-29 12:16:20.241,30.69314,True,16.85752,1.618164,-5.311783,0.9848205,0.1071534,0,0.1365528,-0.02926419,0.2689599,0.9627067,True,0.1495254,0.7487707,16.73557,2.738972,-1.3,4.167192
2026-06-29 12:16:20.283,30.73619,True,16.85752,1.618164,-5.311783,0.9859156,0.09464479,0,0.1378872,-0.02610061,0.2718903,0.9619743,True,0.1516665,0.7525571,16.74868,2.752046,-1.3,4.170365
2026-06-29 12:16:20.328,30.77978,True,16.85752,1.618164,-5.311783,0.9859813,0.09045175,0,0.1402125,-0.02536492,0.2764937,0.960681,True,0.1521447,0.7585667,16.7516,2.772797,-1.3,4.175979
2026-06-29 12:16:20.368,30.82268,True,16.85752,1.618164,-5.311783,0.98601,0.0902169,0,0.1401618,-0.02528993,0.2764018,0.9607094,True,0.1521963,0.7584457,16.75192,2.772378,-1.3,4.175856
2026-06-29 12:16:20.417,30.87012,True,16.85752,1.618164,-5.311783,0.985778,0.09517875,0,0.1385021,-0.02636491,0.2730646,0.9616343,True,0.15148,0.754092,16.74753,2.757346,-1.3,4.171839
2026-06-29 12:16:20.461,30.91189,True,16.85752,1.618164,-5.311783,0.9857771,0.09230948,0,0.1404367,-0.02592727,0.2768785,0.9605551,True,0.1517585,0.7590759,16.74924,2.774554,-1.3,4.176526
2026-06-29 12:16:20.504,30.95715,True,16.85752,1.618164,-5.311783,0.986376,0.08674292,0,0.1397783,-0.02424956,0.2757479,0.9609241,True,0.1529101,0.7575804,16.75628,2.769391,-1.3,4.174922
2026-06-29 12:16:20.547,31.00066,True,16.85752,1.618164,-5.311783,0.9869943,0.08368941,0,0.1372529,-0.02297322,0.2709356,0.9623233,True,0.1538037,0.7512853,16.76175,2.747655,-1.3,4.168852
2026-06-29 12:16:20.594,31.04731,True,16.85752,1.618164,-5.311783,0.9859212,0.09353986,0,0.138599,-0.02592907,0.2732955,0.9615806,True,0.1517761,0.7543894,16.74935,2.758373,-1.3,4.172072
2026-06-29 12:16:20.639,31.09227,True,16.85752,1.618164,-5.311783,0.9892646,0.03905634,0,0.1408198,-0.01099981,0.2786161,0.9603395,True,0.1619462,0.7612533,16.81157,2.782073,-1.3,4.177464
2026-06-29 12:16:20.684,31.13632,True,16.85752,1.618164,-5.311783,0.9862843,0.07900387,0,0.1449194,-0.02289839,0.2858635,0.9579967,True,0.1537842,0.7708675,16.76163,2.815269,-1.3,4.18768
2026-06-29 12:16:20.728,31.18059,True,16.85752,1.618164,-5.311783,0.9869366,0.07154206,0,0.1443536,-0.02065471,0.2849357,0.958324,True,0.1553247,0.7696242,16.77106,2.810977,-1.3,4.18625
2026-06-29 12:16:20.772,31.2229,True,16.85752,1.618164,-5.311783,0.9874462,0.06296179,0,0.1448648,-0.01824189,0.2860924,0.9580284,True,0.1569716,0.7711335,16.78114,2.816188,-1.3,4.187541
2026-06-29 12:16:20.816,31.26766,True,16.85752,1.618164,-5.311783,0.9897233,0.030641,0,0.1396748,-0.008559551,0.2764789,0.9609819,True,0.1636161,0.758444,16.82179,2.772373,-1.3,4.174672
2026-06-29 12:16:20.860,31.31277,True,16.85752,1.618164,-5.311783,0.9894359,0.03937808,0,0.1395211,-0.01098815,0.2760943,0.9610677,True,0.1619599,0.7579493,16.81166,2.770664,-1.3,4.174298
2026-06-29 12:16:20.907,31.35997,True,16.85752,1.618164,-5.311783,0.9894615,0.03816557,0,0.1396761,-0.01066164,0.2764083,0.9609811,True,0.162182,0.758359,16.81301,2.772079,-1.3,4.174675
2026-06-29 12:16:20.952,31.40404,True,16.85752,1.618164,-5.311783,0.9891681,0.02087662,0,0.145295,-0.006066538,0.2874424,0.9577788,True,0.1653033,0.7728617,16.83211,2.822155,-1.3,4.188632
2026-06-29 12:16:21.000,31.45037,True,16.85752,1.618164,-5.311783,0.9889147,0.05053029,0,0.1396224,-0.01411032,0.2761493,0.9610111,True,0.1598292,0.7580355,16.79862,2.770962,-1.3,4.174544
2026-06-29 12:16:21.040,31.49511,True,16.85752,1.618164,-5.311783,0.9903607,0.04123248,0,0.1322333,-0.01090461,0.2619173,0.9650288,True,0.1620474,0.7395105,16.81219,2.706998,-1.3,4.157165
2026-06-29 12:16:21.084,31.53687,True,16.85752,1.618164,-5.311783,0.9904101,-0.0030946,0,0.1381242,0.0008548777,0.2735991,0.9618434,True,0.170039,0.7546659,16.86109,2.759327,-1.3,4.170932
2026-06-29 12:16:21.126,31.57964,True,16.85752,1.618164,-5.311783,0.9885558,0.01893491,0,0.1496626,-0.005667694,0.2958996,0.9552022,True,0.1655658,0.7840892,16.83372,2.860922,-1.3,4.199931
2026-06-29 12:16:21.171,31.62328,True,16.85752,1.618164,-5.311783,0.9903185,-0.02123523,0,0.1371801,0.0058261,0.2717039,0.9623632,True,0.1734256,0.7521994,16.88181,2.750811,-1.3,4.168679
2026-06-29 12:16:21.214,31.66677,True,16.85752,1.618164,-5.311783,0.9896703,-0.01065828,0,0.1429651,0.003047524,0.2829767,0.9591219,True,0.1715395,0.7669637,16.87027,2.80179,-1.3,4.182767
2026-06-29 12:16:21.258,31.7123,True,16.85752,1.618164,-5.311783,0.9901085,0.01538858,0,0.1394573,-0.004292101,0.2761557,0.9611033,True,0.1665282,0.7580112,16.83961,2.770878,-1.3,4.174143
2026-06-29 12:16:21.304,31.75609,True,16.85752,1.618164,-5.311783,0.9885893,0.03561987,0,0.1463643,-0.01042696,0.2893884,0.9571549,True,0.1623136,0.7754512,16.81382,2.831096,-1.3,4.191363
2026-06-29 12:16:21.350,31.80107,True,16.85752,1.618164,-5.311783,0.9897321,0.01573138,0,0.1420664,-0.004469801,0.2812154,0.9596343,True,0.1664023,0.7646482,16.83884,2.793795,-1.3,4.180534
2026-06-29 12:16:21.391,31.84528,True,16.85752,1.618164,-5.311783,0.9902634,0.01337896,0,0.1385618,-0.003707626,0.2744254,0.9616013,True,0.1669282,0.7557477,16.84206,2.763063,-1.3,4.171982
2026-06-29 12:16:21.444,31.89231,True,16.85752,1.618164,-5.311783,0.9904367,0.003630206,0,0.1379201,-0.001001357,0.2732023,0.961956,True,0.1687738,0.7541481,16.85335,2.757539,-1.3,4.170443
2026-06-29 12:16:21.491,31.94239,True,16.85752,1.618164,-5.311783,0.9891146,0.01811845,0,0.1460273,-0.005291578,0.2888755,0.957352,True,0.1658322,0.7747564,16.83535,2.828697,-1.3,4.1905
2026-06-29 12:16:21.533,31.98553,True,16.85752,1.618164,-5.311783,0.9901918,0.02281574,0,0.1378393,-0.006289809,0.2729746,0.9620007,True,0.1651693,0.7538577,16.8313,2.756537,-1.3,4.17025
2026-06-29 12:16:21.580,32.03062,True,16.85752,1.618164,-5.311783,0.990456,0.01638854,0,0.1368513,-0.004485586,0.2710904,0.9625435,True,0.1664007,0.7513974,16.83883,2.748042,-1.3,4.167899
2026-06-29 12:16:21.624,32.07538,True,16.85752,1.618164,-5.311783,0.9902956,0.01308883,0,0.1383597,-0.003621931,0.2740339,0.9617132,True,0.1669869,0.755236,16.84241,2.761296,-1.3,4.171497
2026-06-29 12:16:21.665,32.11902,True,16.85752,1.618164,-5.311783,0.9899296,0.01302217,0,0.1409602,-0.003671217,0.2790814,0.9602604,True,0.1669495,0.7618442,16.84219,2.784113,-1.3,4.177808
2026-06-29 12:16:21.709,32.16224,False,16.85752,1.618164,-5.311783,0,0,0,1,0,0,-1,False,-1,-1,0,0,0,-1
2026-06-29 12:16:21.754,32.20699,False,16.85752,1.618164,-5.311783,0,0,0,1,0,0,-1,False,-1,-1,0,0,0,-1
2026-06-29 12:16:21.793,32.24642,False,16.85752,1.618164,-5.311783,0,0,0,1,0,0,-1,False,-1,-1,0,0,0,-1
2026-06-29 12:16:21.836,32.2888,False,16.85752,1.618164,-5.311783,0,0,0,1,0,0,-1,False,-1,-1,0,0,0,-1
2026-06-29 12:16:21.881,32.33335,True,16.85752,1.618164,-5.311783,0.9785661,0.1543636,0,0.1363096,-0.04208248,0.2667758,0.9628394,True,0.1407993,0.7460905,16.68218,2.729717,-1.3,4.166617
2026-06-29 12:16:21.927,32.37888,True,16.85752,1.618164,-5.311783,0.972366,0.2057004,0,0.1104158,-0.04542516,0.2147292,0.9756166,True,0.1389281,0.6798915,16.67073,2.501142,-1.3,4.112049
2026-06-29 12:16:21.972,32.42336,True,16.85752,1.618164,-5.311783,0.9829221,0.1456605,0,0.1124597,-0.03276186,0.2210782,0.9747056,True,0.1474179,0.6876987,16.72268,2.528099,-1.3,4.115893
2026-06-29 12:16:22.015,32.46615,True,16.85752,1.618164,-5.311783,0.9818597,0.1632329,0,0.09647024,-0.03149423,0.1894405,0.981387,True,0.1484149,0.6484484,16.72878,2.392573,-1.3,4.087871
2026-06-29 12:16:22.060,32.51292,True,16.85752,1.618164,-5.311783,0.9785079,0.1718006,0,0.114048,-0.03918703,0.2231936,0.9739861,True,0.1430764,0.6904169,16.69612,2.537484,-1.3,4.118933
2026-06-29 12:16:22.103,32.55592,True,16.85752,1.618164,-5.311783,0.9776313,0.08574503,0,0.1920543,-0.0329354,0.3755166,0.9262303,True,0.1461416,0.8952194,16.71487,3.24464,-1.3,4.331302
2026-06-29 12:16:22.147,32.59909,False,16.85752,1.618164,-5.311783,0,0,0,1,0,0,-1,False,-1,-1,0,0,0,-1
2026-06-29 12:16:22.193,32.6449,False,16.85752,1.618164,-5.311783,0,0,0,1,0,0,-1,False,-1,-1,0,0,0,-1
2026-06-29 12:16:22.233,32.68784,True,16.85752,1.618164,-5.311783,0.972181,0.1299229,0,0.1948951,-0.05064267,0.3789466,0.9240319,True,0.1335216,0.9006531,16.63765,3.263402,-1.3,4.341608
2026-06-29 12:16:22.281,32.73294,True,16.85752,1.618164,-5.311783,0.9794228,0.1041235,0,0.1728852,-0.03600283,0.3386554,0.9402214,True,0.1443495,0.8426591,16.70391,3.063156,-1.3,4.26685
2026-06-29 12:16:22.324,32.77862,True,16.85752,1.618164,-5.311783,0.9889103,0.08960414,0,0.1184378,-0.02122503,0.2342487,0.971945,True,0.155138,0.7041913,16.76992,2.585045,-1.3,4.127583
2026-06-29 12:16:22.372,32.82375,True,16.85752,1.618164,-5.311783,0.9854563,0.1268516,0,0.1130685,-0.02868585,0.2228482,0.974431,True,0.1501544,0.6898834,16.73942,2.535642,-1.3,4.117052
2026-06-29 12:16:22.415,32.86843,True,16.85752,1.618164,-5.311783,0.9898067,0.09023166,0,0.1101867,-0.01988467,0.2181271,0.9757178,True,0.156094,0.6839111,16.77577,2.515021,-1.3,4.111623
2026-06-29 12:16:22.461,32.91343,True,16.85752,1.618164,-5.311783,0.9874514,0.1125787,0,0.1107512,-0.02493645,0.2187229,0.9754683,True,0.1526951,0.6846873,16.75497,2.5177,-1.3,4.112674
2026-06-29 12:16:22.510,32.96161,True,16.85752,1.618164,-5.311783,0.9867246,0.1181452,0,0.1114293,-0.02632965,0.2198999,0.975167,True,0.1517531,0.68617,16.7492,2.52282,-1.3,4.113945
2026-06-29 12:16:22.552,33.00475,True,16.85752,1.618164,-5.311783,0.9873217,0.1156105,0,0.1087665,-0.02514908,0.214775,0.9763398,True,0.1525671,0.6797566,16.75419,2.500676,-1.3,4.109004
2026-06-29 12:16:22.595,33.04822,True,16.85752,1.618164,-5.311783,0.9901976,0.09382415,0,0.1034689,-0.01941577,0.2049093,0.9785884,True,0.1564475,0.6674559,16.77793,2.458203,-1.3,4.099562
2026-06-29 12:16:22.641,33.09249,True,16.85752,1.618164,-5.311783,0.9908726,0.07561796,0,0.1115955,-0.01687725,0.2211539,0.9750928,True,0.1581076,0.6876841,16.78809,2.528049,-1.3,4.114258
2026-06-29 12:16:22.688,33.13957,True,16.85752,1.618164,-5.311783,0.9913908,0.08537147,0,0.09927814,-0.01695104,0.1968468,0.9802877,True,0.1581185,0.6574782,16.78815,2.423751,-1.3,4.092455
2026-06-29 12:16:22.730,33.18313,True,16.85752,1.618164,-5.311783,0.993416,0.05474444,0,0.1006371,-0.01101864,0.1999489,0.9797444,True,0.1620823,0.6612864,16.81241,2.4369,-1.3,4.094725
2026-06-29 12:16:22.770,33.22356,True,16.85752,1.618164,-5.311783,0.9948802,0.006938908,0,0.1008227,-0.001399199,0.2006131,0.9796696,True,0.1685198,0.6620921,16.8518,2.439682,-1.3,4.095037
2026-06-29 12:16:22.824,33.26949,True,16.85752,1.618164,-5.311783,0.9917532,0.09207418,0,0.08915119,-0.01641704,0.1768319,0.9841041,True,0.1585183,0.6329432,16.7906,2.339035,-1.3,4.076584
2026-06-29 12:16:22.866,33.31954,True,16.85752,1.618164,-5.311783,0.9951596,0.04435093,0,0.08769488,-0.007778699,0.1745408,0.9846193,True,0.1642762,0.6301302,16.82583,2.329322,-1.3,4.074452
2026-06-29 12:16:22.912,33.36394,True,16.85752,1.618164,-5.311783,0.9960608,0.03823659,0,0.08000565,-0.006118286,0.159381,0.9871982,True,0.1653926,0.61175,16.83266,2.265858,-1.3,4.063807
2026-06-29 12:16:22.959,33.41059,True,16.85752,1.618164,-5.311783,0.9968356,0.02618961,0,0.0750531,-0.003931222,0.1496312,0.9887341,True,0.1668493,0.6000016,16.84157,2.225292,-1.3,4.057495
2026-06-29 12:16:23.002,33.4532,True,16.85752,1.618164,-5.311783,0.9972796,-0.01113306,0,0.07286615,0.001622447,0.1453359,0.9893811,True,0.1705314,0.5948424,16.8641,2.207478,-1.3,4.054841
2026-06-29 12:16:23.049,33.50011,True,16.85752,1.618164,-5.311783,0.9971973,-0.02354606,0,0.07101621,0.003344303,0.1416343,0.9899134,True,0.1716713,0.5904061,16.87108,2.19216,-1.3,4.052661
2026-06-29 12:16:23.087,33.54092,True,16.85752,1.618164,-5.311783,0.9955373,-0.06797169,0,0.06546286,0.008899244,0.1303414,0.9914293,True,0.1753416,0.5769176,16.89354,2.145586,-1.3,4.046465
2026-06-29 12:16:23.128,33.58049,True,16.85752,1.618164,-5.311783,0.9974186,-0.02302729,0,0.06801475,0.00313239,0.1356783,0.990748,True,0.1715293,0.5832814,16.87021,2.16756,-1.3,4.049247
2026-06-29 12:16:23.169,33.62161,True,16.85752,1.618164,-5.311783,0.9959533,-0.06057213,0,0.06639305,0.008043136,0.1322487,0.9911839,True,0.1747768,0.5791912,16.89008,2.153437,-1.3,4.047466
2026-06-29 12:16:23.214,33.66657,True,16.85752,1.618164,-5.311783,0.9956096,-0.06679827,0,0.06557208,0.008760202,0.1305684,0.9914006,True,0.1752499,0.577188,16.89297,2.14652,-1.3,4.046582
2026-06-29 12:16:23.260,33.71321,True,16.85752,1.618164,-5.311783,0.9912227,-0.1156085,0,0.0641266,0.01482716,0.1271275,0.9917756,True,0.1792585,0.5730991,16.9175,2.132402,-1.3,4.045052
2026-06-29 12:16:23.303,33.75657,True,16.85752,1.618164,-5.311783,0.9910529,-0.1181818,0,0.06202669,0.01466085,0.1229435,0.9923054,True,0.1791434,0.5681207,16.9168,2.115211,-1.3,4.042892
2026-06-29 12:16:23.347,33.80055,True,16.85752,1.618164,-5.311783,0.9883676,-0.1390533,0,0.0615941,0.01712973,0.1217552,0.9924124,True,0.1807735,0.566714,16.92677,2.110354,-1.3,4.042457
2026-06-29 12:16:23.394,33.84708,True,16.85752,1.618164,-5.311783,0.9873462,-0.146292,0,0.06120509,0.01790764,0.1208612,0.9925079,True,0.1812863,0.5656538,16.92991,2.106694,-1.3,4.042067
2026-06-29 12:16:23.435,33.88884,True,16.85752,1.618164,-5.311783,0.9817538,-0.1782742,0,0.06616482,0.02359096,0.1299151,0.9912444,True,0.1850607,0.5764465,16.953,2.14396,-1.3,4.047219
2026-06-29 12:16:23.480,33.9322,True,16.85752,1.618164,-5.311783,0.9844007,-0.1619194,0,0.06882829,0.02228927,0.1355092,0.9905254,True,0.1842104,0.5831188,16.9478,2.166998,-1.3,4.050158
2026-06-29 12:16:23.539,33.99218,True,16.85752,1.618164,-5.311783,0.9884247,-0.1331718,0,0.07267752,0.01935719,0.1436725,0.989436,True,0.1822836,0.5928797,16.93601,2.200701,-1.3,4.054617
2026-06-29 12:16:23.579,34.03239,True,16.85752,1.618164,-5.311783,0.992166,-0.09887408,0,0.0763592,0.01509989,0.151522,0.9883385,True,0.1794735,0.6022947,16.91882,2.23321,-1.3,4.059119
2026-06-29 12:16:23.626,34.07782,True,16.85752,1.618164,-5.311783,0.9942908,-0.07302562,0,0.07780208,0.01136309,0.1547158,0.9878936,True,0.176998,0.6061312,16.90367,2.246457,-1.3,4.060946
2026-06-29 12:16:23.671,34.1222,True,16.85752,1.618164,-5.311783,0.9945996,-0.07116992,0,0.07554179,0.0107526,0.1502676,0.9885869,True,0.1765878,0.6007758,16.90116,2.227965,-1.3,4.058099
2026-06-29 12:16:23.713,34.16674,True,16.85752,1.618164,-5.311783,0.9970402,-0.01659691,0,0.0750691,0.00249183,0.1496938,0.9887293,True,0.1711087,0.6000761,16.86764,2.225549,-1.3,4.057515
2026-06-29 12:16:23.759,34.21132,True,16.85752,1.618164,-5.311783,0.9968777,0.0314609,0,0.07242341,-0.004557011,0.1443945,0.9895097,True,0.1664367,0.593715,16.83905,2.203585,-1.3,4.054315
2026-06-29 12:16:23.802,34.25471,True,16.85752,1.618164,-5.311783,0.997226,0.01595183,0,0.07270452,-0.002319539,0.1450057,0.9894282,True,0.1679192,0.5944466,16.84812,2.206112,-1.3,4.054649
2026-06-29 12:16:23.848,34.30043,True,16.85752,1.618164,-5.311783,0.9971534,0.0169848,0,0.07346185,-0.002495469,0.1465054,0.9892067,True,0.1678021,0.5962462,16.8474,2.212325,-1.3,4.055557
2026-06-29 12:16:23.893,34.34669,True,16.85752,1.618164,-5.311783,0.9973017,0.01343614,0,0.0721728,-0.001939447,0.1439561,0.9895822,True,0.1681712,0.5931877,16.84966,2.201765,-1.3,4.054018
2026-06-29 12:16:23.936,34.389,True,16.85752,1.618164,-5.311783,0.9973516,0.007509222,0,0.07234237,-0.00108647,0.1443015,0.9895332,True,0.1687364,0.5936018,16.85312,2.203195,-1.3,4.054218
2026-06-29 12:16:23.980,34.43225,True,16.85752,1.618164,-5.311783,0.9970617,0.01936794,0,0.07411467,-0.002870897,0.1477938,0.9890141,True,0.167553,0.5977933,16.84588,2.217667,-1.3,4.056346
2026-06-29 12:16:24.035,34.4881,True,16.85752,1.618164,-5.311783,0.9971773,-0.0008647222,0,0.07507823,0.0001298436,0.1497326,0.9887266,True,0.1695423,0.6001221,16.85805,2.225708,-1.3,4.057526
2026-06-29 12:16:24.077,34.53006,True,16.85752,1.618164,-5.311783,0.997132,-0.00328303,0,0.0756107,0.0004964644,0.1507877,0.988566,True,0.1697856,0.6013908,16.85954,2.230089,-1.3,4.058185
2026-06-29 12:16:24.125,34.57893,True,16.85752,1.618164,-5.311783,0.9969706,-0.01171505,0,0.07689243,0.001801597,0.153319,0.9881751,True,0.1706517,0.6044371,16.86484,2.240607,-1.3,4.05979
2026-06-29 12:16:24.176,34.62073,True,16.85752,1.618164,-5.311783,0.9967904,-0.01968323,0,0.0775983,0.00305477,0.1546985,0.987957,True,0.1714836,0.6060992,16.86993,2.246346,-1.3,4.060686
2026-06-29 12:16:24.217,34.67053,True,16.85752,1.618164,-5.311783,0.9968015,-0.02005786,0,0.07735897,0.003103311,0.1542231,0.9880312,True,0.1715156,0.6055264,16.87012,2.244369,-1.3,4.060381
2026-06-29 12:16:24.257,34.71161,True,16.85752,1.618164,-5.311783,0.9971288,0.002628812,0,0.07567947,-0.0003978942,0.1509243,0.9885452,True,0.1691923,0.6015551,16.85591,2.230656,-1.3,4.05827
2026-06-29 12:16:24.302,34.75476,True,16.85752,1.618164,-5.311783,0.99702,0.01470144,0,0.07573008,-0.002226681,0.1510088,0.9885299,True,0.1679793,0.601657,16.84849,2.231008,-1.3,4.058333
2026-06-29 12:16:24.347,34.79873,True,16.85752,1.618164,-5.311783,0.9969136,0.01891096,0,0.07619562,-0.002881864,0.1519209,0.9883884,True,0.1675445,0.6027547,16.84583,2.234798,-1.3,4.058914
2026-06-29 12:16:24.393,34.84568,True,16.85752,1.618164,-5.311783,0.9967847,0.02262256,0,0.07686698,-0.003477855,0.1532397,0.988183,True,0.1671486,0.6043423,16.8434,2.24028,-1.3,4.059758
2026-06-29 12:16:24.437,34.89006,True,16.85752,1.618164,-5.311783,0.9969526,-0.008571487,0,0.07753748,0.001329223,0.1546024,0.9879759,True,0.1703384,0.6059827,16.86292,2.245944,-1.3,4.060608
2026-06-29 12:16:24.480,34.93309,True,16.85752,1.618164,-5.311783,0.9969136,-0.01399576,0,0.07724869,0.002162308,0.1540205,0.9880653,True,0.1708911,0.6052821,16.8663,2.243525,-1.3,4.060241
2026-06-29 12:16:24.541,34.99056,True,16.85752,1.618164,-5.311783,0.9971179,0.01229876,0,0.07486422,-0.001841474,0.1492969,0.9887907,True,0.1682352,0.5995988,16.85005,2.223901,-1.3,4.057263
2026-06-29 12:16:24.588,35.03896,True,16.85752,1.618164,-5.311783,0.9969767,0.008906437,0,0.07718913,-0.00137496,0.1539115,0.9880837,True,0.1685439,0.6051505,16.85194,2.243071,-1.3,4.060165
2026-06-29 12:16:24.630,35.0808,True,16.85752,1.618164,-5.311783,0.9971215,0.006012234,0,0.07558238,-0.0009088378,0.1507296,0.9885746,True,0.1688535,0.601321,16.85384,2.229848,-1.3,4.058149
2026-06-29 12:16:24.671,35.12241,True,16.85752,1.618164,-5.311783,0.9971242,0.002622153,0,0.07573989,-0.0003972031,0.1510441,0.9885269,True,0.1691928,0.6016992,16.85591,2.231154,-1.3,4.058345
2026-06-29 12:16:24.718,35.17002,True,16.85752,1.618164,-5.311783,0.9973454,0.0008924087,0,0.07281005,-0.0001299526,0.1452335,0.9893973,True,0.1693701,0.5947195,16.857,2.207054,-1.3,4.054775
2026-06-29 12:16:24.761,35.2133,True,16.85752,1.618164,-5.311783,0.9972194,-0.00215615,0,0.07448985,0.0003212226,0.1485655,0.9889026,True,0.1696692,0.5987195,16.85883,2.220865,-1.3,4.056803
2026-06-29 12:16:24.805,35.25822,True,16.85752,1.618164,-5.311783,0.9973235,0.007941563,0,0.07268371,-0.001154444,0.1449783,0.9894341,True,0.1686913,0.5944135,16.85284,2.205997,-1.3,4.054624
2026-06-29 12:16:24.846,35.30031,True,16.85752,1.618164,-5.311783,0.9973124,0.01212232,0,0.0722575,-0.001751857,0.1441266,0.9895577,True,0.1682954,0.593392,16.85042,2.20247,-1.3,4.054118
2026-06-29 12:16:24.892,35.34386,True,16.85752,1.618164,-5.311783,0.997217,0.0109277,0,0.07374901,-0.001611813,0.1470875,0.9891222,True,0.1683878,0.5969447,16.85099,2.214737,-1.3,4.055903
2026-06-29 12:16:24.937,35.3896,True,16.85752,1.618164,-5.311783,0.9972897,-0.0008838916,0,0.07357097,0.0001300575,0.1467431,0.9891746,True,0.1695425,0.596531,16.85805,2.213309,-1.3,4.055688
2026-06-29 12:16:24.982,35.43227,True,16.85752,1.618164,-5.311783,0.9972281,0.0008221171,0,0.0744016,-0.0001223336,0.1483907,0.9889289,True,0.1693752,0.5985096,16.85703,2.22014,-1.3,4.056695
2026-06-29 12:16:25.025,35.47853,True,16.85752,1.618164,-5.311783,0.9971171,-0.002877464,0,0.07582371,0.00043636,0.1512102,0.9885015,True,0.1697456,0.6018989,16.85929,2.231843,-1.3,4.05845
2026-06-29 12:16:25.066,35.52023,True,16.85752,1.618164,-5.311783,0.9971594,0.007555398,0,0.07494137,-0.001132424,0.149457,0.9887676,True,0.1687053,0.5997909,16.85293,2.224565,-1.3,4.057358
2026-06-29 12:16:25.114,35.56593,True,16.85752,1.618164,-5.311783,0.9970636,0.01226064,0,0.07559039,-0.001853573,0.1507368,0.9885722,True,0.1682268,0.6013298,16.85,2.229878,-1.3,4.058159
2026-06-29 12:16:25.158,35.61089,True,16.85752,1.618164,-5.311783,0.9971431,0.01408861,0,0.07421032,-0.00209104,0.1479966,0.9889857,True,0.16807,0.5980365,16.84904,2.218507,-1.3,4.056463
2026-06-29 12:16:25.203,35.65612,True,16.85752,1.618164,-5.311783,0.9972429,0.002064792,0,0.07417766,-0.0003063229,0.1479463,0.9889954,True,0.1692532,0.5979757,16.85628,2.218297,-1.3,4.056423
2026-06-29 12:16:25.247,35.69865,True,16.85752,1.618164,-5.311783,0.9972681,0.006138635,0,0.0736116,-0.0009037494,0.146821,0.9891627,True,0.1688572,0.5966246,16.85386,2.213632,-1.3,4.055737
2026-06-29 12:16:25.291,35.74446,True,16.85752,1.618164,-5.311783,0.6396479,0.7553074,0,0.1426934,-0.2155547,0.182547,0.9592772,True,0.02212441,0.6452684,15.95606,2.381592,-1.3,4.18209
2026-06-29 12:16:25.338,35.78826,True,16.85752,1.618164,-5.311783,0.4514916,0.8511222,0,0.267855,-0.4559548,0.2418686,0.8565074,False,-1,-1,0,0,0,-1
2026-06-29 12:16:25.378,35.83125,True,16.85752,1.618164,-5.311783,0.4095346,0.8611147,0,0.301269,-0.5188543,0.2467601,0.818474,False,-1,-1,0,0,0,-1
2026-06-29 12:16:25.425,35.87774,True,16.85752,1.618164,-5.311783,0.4188507,0.8598371,0,0.2919663,-0.5020868,0.2445806,0.8295114,False,-1,-1,0,0,0,-1
2026-06-29 12:16:25.472,35.92158,True,16.85752,1.618164,-5.311783,0.4203019,0.8592315,0,0.2916635,-0.5012128,0.2451734,0.8298649,False,-1,-1,0,0,0,-1
2026-06-29 12:16:25.514,35.96764,True,16.85752,1.618164,-5.311783,0.4221274,0.8589032,0,0.2899895,-0.4981457,0.244825,0.8318122,False,-1,-1,0,0,0,-1
2026-06-29 12:16:25.567,36.01823,True,16.85752,1.618164,-5.311783,0.4193637,0.8606774,0,0.288736,-0.497017,0.2421708,0.8332632,False,-1,-1,0,0,0,-1
2026-06-29 12:16:25.611,36.06253,True,16.85752,1.618164,-5.311783,0.4188614,0.8608065,0,0.2890804,-0.4976844,0.2421692,0.8328651,False,-1,-1,0,0,0,-1
2026-06-29 12:16:25.653,36.10508,True,16.85752,1.618164,-5.311783,0.4199875,0.8602753,0,0.2890272,-0.4972861,0.2427757,0.8329264,False,-1,-1,0,0,0,-1
2026-06-29 12:16:25.695,36.14714,True,16.85752,1.618164,-5.311783,0.4236189,0.8582121,0,0.2898605,-0.4975235,0.2455808,0.8319618,False,-1,-1,0,0,0,-1
2026-06-29 12:16:25.740,36.1925,True,16.85752,1.618164,-5.311783,0.4237643,0.8579373,0,0.2904607,-0.4983941,0.2461737,0.8312652,False,-1,-1,0,0,0,-1
2026-06-29 12:16:25.783,36.23609,True,16.85752,1.618164,-5.311783,0.4198736,0.8599542,0,0.2901464,-0.4990252,0.2436496,0.8316302,False,-1,-1,0,0,0,-1
2026-06-29 12:16:25.826,36.2791,True,16.85752,1.618164,-5.311783,0.4189169,0.8602955,0,0.2905175,-0.4998617,0.2434054,0.8311992,False,-1,-1,0,0,0,-1
2026-06-29 12:16:25.867,36.32066,True,16.85752,1.618164,-5.311783,0.4229715,0.8579725,0,0.2915104,-0.5002158,0.2466011,0.8300434,False,-1,-1,0,0,0,-1
2026-06-29 12:16:25.910,36.36223,True,16.85752,1.618164,-5.311783,0.4163788,0.8613431,0,0.2910613,-0.5014073,0.2423835,0.8305666,False,-1,-1,0,0,0,-1
2026-06-29 12:16:25.952,36.40415,True,16.85752,1.618164,-5.311783,0.8252587,0.5338717,0,0.1841989,-0.1966771,0.3040234,0.9321416,True,0.03111386,0.8031194,16.01106,2.926631,-1.3,4.303835
2026-06-29 12:16:25.996,36.44908,False,16.85752,1.618164,-5.311783,0,0,0,1,0,0,-1,False,-1,-1,0,0,0,-1
2026-06-29 12:16:26.038,36.49087,False,16.85752,1.618164,-5.311783,0,0,0,1,0,0,-1,False,-1,-1,0,0,0,-1
2026-06-29 12:16:26.078,36.53073,False,16.85752,1.618164,-5.311783,0,0,0,1,0,0,-1,False,-1,-1,0,0,0,-1
2026-06-29 12:16:26.121,36.57469,False,16.85752,1.618164,-5.311783,0,0,0,1,0,0,-1,False,-1,-1,0,0,0,-1
2026-06-29 12:16:26.165,36.61685,False,16.85752,1.618164,-5.311783,0,0,0,1,0,0,-1,False,-1,-1,0,0,0,-1
2026-06-29 12:16:26.204,36.65511,False,16.85752,1.618164,-5.311783,0,0,0,1,0,0,-1,False,-1,-1,0,0,0,-1
2026-06-29 12:16:26.244,36.69745,False,16.85752,1.618164,-5.311783,0,0,0,1,0,0,-1,False,-1,-1,0,0,0,-1
2026-06-29 12:16:26.290,36.7433,True,16.85752,1.618164,-5.311783,0.9584045,0.23353,0,0.164087,-0.07663846,0.3145235,0.946151,True,0.1163471,0.8104025,16.53257,2.951778,-1.3,4.240109
2026-06-29 12:16:26.336,36.78907,True,16.85752,1.618164,-5.311783,0.9565988,0.26661,0,0.1176347,-0.06272516,0.2250584,0.9723241,True,0.1271588,0.6931002,16.59872,2.546749,-1.3,4.125974
2026-06-29 12:16:26.380,36.83204,True,16.85752,1.618164,-5.311783,0.9571923,0.2622185,0,0.1225744,-0.06428251,0.2346544,0.969951,True,0.1260027,0.705253,16.59165,2.588711,-1.3,4.136068
2026-06-29 12:16:26.427,36.87625,True,16.85752,1.618164,-5.311783,0.9557541,0.2703384,0,0.1159795,-0.0627074,0.2216957,0.9730976,True,0.1272043,0.6888714,16.599,2.532148,-1.3,4.122694
2026-06-29 12:16:26.467,36.92078,True,16.85752,1.618164,-5.311783,0.9556615,0.2722848,0,0.1121254,-0.06106009,0.2143079,0.9748558,True,0.1283885,0.6795889,16.60625,2.500097,-1.3,4.115258
2026-06-29 12:16:26.512,36.96388,True,16.85752,1.618164,-5.311783,0.9579334,0.2656424,0,0.108617,-0.05770655,0.2080957,0.9764047,True,0.1307057,0.6717916,16.62042,2.473173,-1.3,4.10873
2026-06-29 12:16:26.560,37.01186,True,16.85752,1.618164,-5.311783,0.9614682,0.2529501,0,0.107681,-0.05447584,0.2070637,0.9768096,True,0.1328902,0.6704615,16.63379,2.468581,-1.3,4.107028
2026-06-29 12:16:26.599,37.0538,True,16.85752,1.618164,-5.311783,0.9646572,0.2416494,0,0.1050809,-0.05078547,0.2027341,0.9779161,True,0.1354059,0.6650387,16.64918,2.449857,-1.3,4.10238
2026-06-29 12:16:26.652,37.10165,True,16.85752,1.618164,-5.311783,0.9632456,0.2467643,0,0.1061387,-0.05238246,0.2044752,0.9774691,True,0.1343192,0.6672184,16.64253,2.457383,-1.3,4.104256
2026-06-29 12:16:26.696,37.14753,True,16.85752,1.618164,-5.311783,0.9571231,0.2701741,0,0.1045054,-0.05646931,0.2000491,0.9781572,True,0.1316044,0.6617901,16.62592,2.43864,-1.3,4.101368
2026-06-29 12:16:26.740,37.19203,True,16.85752,1.618164,-5.311783,0.9564732,0.2728029,0,0.1036222,-0.0565369,0.1982238,0.9785249,True,0.1315733,0.6595334,16.62573,2.430848,-1.3,4.099828
2026-06-29 12:16:26.781,37.23373,True,16.85752,1.618164,-5.311783,0.9551736,0.2774411,0,0.103295,-0.05731657,0.1973294,0.9786602,True,0.1310562,0.6584391,16.62257,2.427069,-1.3,4.09926
2026-06-29 12:16:26.823,37.27729,True,16.85752,1.618164,-5.311783,0.9521913,0.2875993,0,0.1030462,-0.05927199,0.1962393,0.9787629,True,0.1297503,0.6571205,16.61458,2.422516,-1.3,4.098831
2026-06-29 12:16:26.868,37.31996,True,16.85752,1.618164,-5.311783,0.9533188,0.2837648,0,0.1032514,-0.05859823,0.196863,0.9786783,True,0.1301984,0.6578811,16.61732,2.425143,-1.3,4.099185
2026-06-29 12:16:26.915,37.36814,True,16.85752,1.618164,-5.311783,0.9520008,0.2874999,0,0.1050635,-0.06041148,0.200041,0.9779233,True,0.1289523,0.6618373,16.6097,2.438803,-1.3,4.10235
2026-06-29 12:16:26.958,37.4108,True,16.85752,1.618164,-5.311783,0.9509995,0.2905984,0,0.105606,-0.06137785,0.2008625,0.9776947,True,0.1282946,0.6628691,16.60567,2.442365,-1.3,4.103309
2026-06-29 12:16:26.998,37.45208,True,16.85752,1.618164,-5.311783,0.9505684,0.2924486,0,0.1043724,-0.06104711,0.1984261,0.9782128,True,0.1285381,0.6598489,16.60716,2.431937,-1.3,4.101136
2026-06-29 12:16:27.047,37.49786,True,16.85752,1.618164,-5.311783,0.9500011,0.2937946,0,0.1057487,-0.06213678,0.2009227,0.9776344,True,0.1277832,0.6629554,16.60254,2.442663,-1.3,4.103562
2026-06-29 12:16:27.091,37.54335,True,16.85752,1.618164,-5.311783,0.9549983,0.2754709,0,0.1099727,-0.06058855,0.2100474,0.975812,True,0.1287456,0.6742659,16.60843,2.481717,-1.3,4.111226
2026-06-29 12:16:27.132,37.58649,True,16.85752,1.618164,-5.311783,0.9404879,0.3227966,0,0.1062304,-0.06858162,0.1998168,0.9774302,True,0.1234512,0.6616907,16.57604,2.438297,-1.3,4.104419
2026-06-29 12:16:27.178,37.62975,True,16.85752,1.618164,-5.311783,0.9498069,0.2921795,0,0.1117946,-0.06532818,0.2123666,0.975004,True,0.1255245,0.6772367,16.58872,2.491975,-1.3,4.114633
2026-06-29 12:16:27.222,37.67563,True,16.85752,1.618164,-5.311783,0.9412652,0.3194183,0,0.1095079,-0.0699576,0.2061518,0.976016,True,0.1224602,0.6695762,16.56997,2.465524,-1.3,4.110367
2026-06-29 12:16:27.265,37.7195,True,16.85752,1.618164,-5.311783,0.9600915,0.2446693,0,0.1355033,-0.06630701,0.2601911,0.9632777,True,0.1243235,0.7380017,16.58138,2.701788,-1.3,4.164722
2026-06-29 12:16:27.308,37.76059,False,16.85752,1.618164,-5.311783,0,0,0,1,0,0,-1,False,-1,-1,0,0,0,-1
2026-06-29 12:16:27.352,37.80544,False,16.85752,1.618164,-5.311783,0,0,0,1,0,0,-1,False,-1,-1,0,0,0,-1
2026-06-29 12:16:27.395,37.84628,False,16.85752,1.618164,-5.311783,0,0,0,1,0,0,-1,False,-1,-1,0,0,0,-1
2026-06-29 12:16:27.441,37.89308,False,16.85752,1.618164,-5.311783,0,0,0,1,0,0,-1,False,-1,-1,0,0,0,-1
2026-06-29 12:16:27.482,37.9346,False,16.85752,1.618164,-5.311783,0,0,0,1,0,0,-1,False,-1,-1,0,0,0,-1
2026-06-29 12:16:27.531,37.98174,True,16.85752,1.618164,-5.311783,0.9393407,0.2569009,0,0.2272466,-0.1167597,0.4269238,0.896718,True,0.08408332,0.9773304,16.33516,3.528158,-1.3,4.473852
2026-06-29 12:16:27.577,38.02939,True,16.85752,1.618164,-5.311783,0.9308442,0.3251221,0,0.1668072,-0.1084654,0.3105431,0.9443507,True,0.09414828,0.8062416,16.39674,2.937412,-1.3,4.248192
2026-06-29 12:16:27.615,38.06954,True,16.85752,1.618164,-5.311783,0.9218149,0.3644385,0,0.1320674,-0.09626091,0.2434835,0.9651164,True,0.1040599,0.71729,16.45739,2.630274,-1.3,4.156787
2026-06-29 12:16:27.657,38.11156,True,16.85752,1.618164,-5.311783,0.929123,0.3530281,0,0.1100079,-0.07767174,0.2044216,0.9757965,True,0.1172663,0.6675712,16.53819,2.458601,-1.3,4.111291
2026-06-29 12:16:27.702,38.15278,True,16.85752,1.618164,-5.311783,0.9283983,0.3535627,0,0.1143243,-0.0808416,0.2122769,0.9738599,True,0.1150284,0.6774271,16.5245,2.492632,-1.3,4.119466
2026-06-29 12:16:27.743,38.19508,True,16.85752,1.618164,-5.311783,0.9332665,0.3374619,0,0.1230173,-0.08302727,0.2296157,0.9697335,True,0.113319,0.699279,16.51404,2.568084,-1.3,4.136996
2026-06-29 12:16:27.785,38.23657,True,16.85752,1.618164,-5.311783,0.9444982,0.3067384,0,0.117621,-0.07215776,0.2221857,0.9723306,True,0.1207983,0.6896657,16.5598,2.53489,-1.3,4.125946
2026-06-29 12:16:27.830,38.28279,True,16.85752,1.618164,-5.311783,0.9458742,0.2996071,0,0.12473,-0.07473996,0.2359577,0.9688848,True,0.1188779,0.7071251,16.54805,2.595175,-1.3,4.140619
2026-06-29 12:16:27.885,38.33668,True,16.85752,1.618164,-5.311783,0.9500611,0.2921356,0,0.10973,-0.06411207,0.2085004,0.9759187,True,0.1263828,0.6723967,16.59397,2.475263,-1.3,4.110776
2026-06-29 12:16:27.931,38.38296,True,16.85752,1.618164,-5.311783,0.963213,0.2452811,0,0.1098091,-0.05386822,0.2115391,0.975884,True,0.1332638,0.6760234,16.63608,2.487786,-1.3,4.110923
2026-06-29 12:16:27.978,38.42925,True,16.85752,1.618164,-5.311783,0.9656357,0.2350583,0,0.1108844,-0.0521286,0.2141479,0.9754093,True,0.1344156,0.6792534,16.64312,2.498938,-1.3,4.112923
2026-06-29 12:16:28.023,38.47266,True,16.85752,1.618164,-5.311783,0.9748829,0.1858298,0,0.1227628,-0.04562596,0.2393587,0.9698586,True,0.1386111,0.7109153,16.66879,2.608263,-1.3,4.136463
2026-06-29 12:16:28.065,38.51846,True,16.85752,1.618164,-5.311783,0.9746202,0.1875046,0,0.1223007,-0.04586389,0.2383935,0.970085,True,0.1384575,0.7096924,16.66785,2.60404,-1.3,4.135496
2026-06-29 12:16:28.102,38.55498,True,16.85752,1.618164,-5.311783,0.9741705,0.1863545,0,0.1275299,-0.04753154,0.2484717,0.9674723,True,0.1372436,0.7225667,16.66043,2.648493,-1.3,4.146665
2026-06-29 12:16:28.169,38.6209,True,16.85752,1.618164,-5.311783,0.9798617,0.1578409,0,0.1223006,-0.03860806,0.2396752,0.9700851,True,0.1433616,0.7112275,16.69786,2.609341,-1.3,4.135497
2026-06-29 12:16:28.202,38.65447,True,16.85752,1.618164,-5.311783,0.9940552,0.0296984,0,0.104749,-0.006221757,0.2082526,0.9780553,True,0.1652854,0.6715602,16.832,2.472374,-1.3,4.101796
2026-06-29 12:16:28.266,38.7196,True,16.85752,1.618164,-5.311783,0.9895442,0.08594539,0,0.1158265,-0.01990951,0.2292309,0.9731684,True,0.1560423,0.6978486,16.77545,2.563145,-1.3,4.122394
2026-06-29 12:16:28.337,38.78717,True,16.85752,1.618164,-5.311783,0.9886343,0.08206487,0,0.1259664,-0.02067483,0.2490694,0.9682649,True,0.1554561,0.7230397,16.77186,2.650126,-1.3,4.14327
2026-06-29 12:16:28.403,38.85685,False,16.85752,1.618164,-5.311783,0,0,0,1,0,0,-1,False,-1,-1,0,0,0,-1
2026-06-29 12:16:28.467,38.92001,False,16.85752,1.618164,-5.311783,0,0,0,1,0,0,-1,False,-1,-1,0,0,0,-1
2026-06-29 12:16:28.536,38.9877,False,16.85752,1.618164,-5.311783,0,0,0,1,0,0,-1,False,-1,-1,0,0,0,-1
2026-06-29 12:16:28.598,39.05232,True,16.85752,1.618164,-5.311783,0.9767824,0.1859086,0,0.1064617,-0.03958428,0.2079798,0.9773318,True,0.1429001,0.6714189,16.69504,2.471887,-1.3,4.104833
2026-06-29 12:16:28.667,39.11963,True,16.85752,1.618164,-5.311783,0.9647009,0.246422,0,0.09288946,-0.04578001,0.1792211,0.9827431,True,0.1389127,0.6360568,16.67064,2.349786,-1.3,4.08223
2026-06-29 12:16:28.701,39.15424,True,16.85752,1.618164,-5.311783,0.9466739,0.3068037,0,0.09838729,-0.06037117,0.1862813,0.9806399,True,0.1290914,0.6448764,16.61055,2.380239,-1.3,4.090986
2026-06-29 12:16:28.743,39.19569,True,16.85752,1.618164,-5.311783,0.9171841,0.3848665,0,0.1032044,-0.07943984,0.1893149,0.9786977,True,0.1162365,0.6489156,16.53189,2.394186,-1.3,4.099104
2026-06-29 12:16:28.789,39.24244,True,16.85752,1.618164,-5.311783,0.9257946,0.3664007,0,0.09303176,-0.0681738,0.1722566,0.9826902,True,0.1239697,0.6278339,16.57921,2.321393,-1.3,4.082449
2026-06-29 12:16:28.835,39.28673,True,16.85752,1.618164,-5.311783,0.9249303,0.3694084,0,0.08967444,-0.06625297,0.1658852,0.983917,True,0.1253064,0.6200563,16.58739,2.294538,-1.3,4.07736
2026-06-29 12:16:28.877,39.33,True,16.85752,1.618164,-5.311783,0.9407983,0.3287182,0,0.08272226,-0.05438462,0.1556499,0.9863141,True,0.1333032,0.607523,16.63632,2.251263,-1.3,4.067451
2026-06-29 12:16:28.924,39.3766,True,16.85752,1.618164,-5.311783,0.9522007,0.2923689,0,0.08851139,-0.05175595,0.1685612,0.9843314,True,0.1349814,0.6231323,16.64659,2.30516,-1.3,4.075643
2026-06-29 12:16:28.970,39.42044,True,16.85752,1.618164,-5.311783,0.9588114,0.2747869,0,0.071923,-0.03952699,0.1379212,0.9896541,True,0.1432687,0.5860903,16.69729,2.177258,-1.3,4.053723
2026-06-29 12:16:29.010,39.46272,True,16.85752,1.618164,-5.311783,0.9557684,0.2830742,0,0.07984889,-0.04520631,0.1526341,0.9872483,True,0.1394331,0.6038002,16.67382,2.238408,-1.3,4.063601
2026-06-29 12:16:29.057,39.50844,True,16.85752,1.618164,-5.311783,0.9529601,0.287631,0,0.09557975,-0.0549834,0.1821674,0.981729,True,0.1327346,0.6397626,16.63284,2.362582,-1.3,4.086447
2026-06-29 12:16:29.099,39.55193,True,16.85752,1.618164,-5.311783,0.9711152,0.2231082,0,0.08460525,-0.03775225,0.1643229,0.9856839,True,0.1443438,0.6178634,16.70387,2.286967,-1.3,4.070051
2026-06-29 12:16:29.145,39.59653,True,16.85752,1.618164,-5.311783,0.9662259,0.2383979,0,0.09784666,-0.04665286,0.1890839,0.980852,True,0.1382703,0.6481484,16.66671,2.391537,-1.3,4.090101
2026-06-29 12:16:29.189,39.64214,True,16.85752,1.618164,-5.311783,0.9601995,0.2628804,0,0.09439743,-0.04963048,0.1812807,0.9821783,True,0.1363248,0.6386152,16.6548,2.35862,-1.3,4.084578
2026-06-29 12:16:29.233,39.68676,True,16.85752,1.618164,-5.311783,0.9780401,0.1864879,0,0.09305824,-0.03470847,0.1820294,0.9826804,True,0.1462979,0.6393907,16.71583,2.361298,-1.3,4.082491
2026-06-29 12:16:29.276,39.72865,True,16.85752,1.618164,-5.311783,0.962532,0.2442622,0,0.1177628,-0.05752999,0.2267008,0.9722639,True,0.1306597,0.6950796,16.62014,2.553584,-1.3,4.126229
2026-06-29 12:16:29.323,39.77514,True,16.85752,1.618164,-5.311783,0.9760975,0.1854413,0,0.1133365,-0.04203454,0.221255,0.9743097,True,0.1411688,0.6880165,16.68444,2.529196,-1.3,4.117565
2026-06-29 12:16:29.366,39.81822,True,16.85752,1.618164,-5.311783,0.9800843,0.1597707,0,0.117933,-0.03768447,0.2311685,0.9721836,True,0.1440408,0.7004414,16.70202,2.572097,-1.3,4.12657
2026-06-29 12:16:29.414,39.86522,True,16.85752,1.618164,-5.311783,0.9886986,0.08817894,0,0.121242,-0.02138197,0.2397435,0.9706008,True,0.1550121,0.7111567,16.76915,2.609096,-1.3,4.133299
2026-06-29 12:16:29.460,39.91247,True,16.85752,1.618164,-5.311783,0.9871111,0.09543883,0,0.1284648,-0.02452106,0.2536181,0.9669935,True,0.1528298,0.728898,16.75579,2.670354,-1.3,4.148718
2026-06-29 12:16:29.509,39.9624,False,16.85752,1.618164,-5.311783,0,0,0,1,0,0,-1,False,-1,-1,0,0,0,-1
2026-06-29 12:16:29.557,40.00979,False,16.85752,1.618164,-5.311783,0,0,0,1,0,0,-1,False,-1,-1,0,0,0,-1
2026-06-29 12:16:29.602,40.05366,False,16.85752,1.618164,-5.311783,0,0,0,1,0,0,-1,False,-1,-1,0,0,0,-1
2026-06-29 12:16:29.651,40.10421,False,16.85752,1.618164,-5.311783,0,0,0,1,0,0,-1,False,-1,-1,0,0,0,-1
2026-06-29 12:16:29.694,40.14613,False,16.85752,1.618164,-5.311783,0,0,0,1,0,0,-1,False,-1,-1,0,0,0,-1
2026-06-29 12:16:29.738,40.19157,False,16.85752,1.618164,-5.311783,0,0,0,1,0,0,-1,False,-1,-1,0,0,0,-1
2026-06-29 12:16:29.779,40.23129,False,16.85752,1.618164,-5.311783,0,0,0,1,0,0,-1,False,-1,-1,0,0,0,-1
2026-06-29 12:16:29.821,40.2746,False,16.85752,1.618164,-5.311783,0,0,0,1,0,0,-1,False,-1,-1,0,0,0,-1
2026-06-29 12:16:29.867,40.3206,False,16.85752,1.618164,-5.311783,0,0,0,1,0,0,-1,False,-1,-1,0,0,0,-1
2026-06-29 12:16:29.909,40.36229,False,16.85752,1.618164,-5.311783,0,0,0,1,0,0,-1,False,-1,-1,0,0,0,-1
2026-06-29 12:16:29.954,40.40677,False,16.85752,1.618164,-5.311783,0,0,0,1,0,0,-1,False,-1,-1,0,0,0,-1
2026-06-29 12:16:30.001,40.45347,False,16.85752,1.618164,-5.311783,0,0,0,1,0,0,-1,False,-1,-1,0,0,0,-1
2026-06-29 12:16:30.043,40.49661,False,16.85752,1.618164,-5.311783,0,0,0,1,0,0,-1,False,-1,-1,0,0,0,-1
2026-06-29 12:16:30.092,40.54143,True,16.85752,1.618164,-5.311783,0.9722518,0.1053547,0,0.2088706,-0.04401098,0.4061496,0.9127461,True,0.1378412,0.9411724,16.66408,3.403309,-1.3,4.395289
2026-06-29 12:16:30.134,40.5884,True,16.85752,1.618164,-5.311783,0.9805683,0.03457513,0,0.1931071,-0.01335341,0.3787094,0.9254193,True,0.1599952,0.8996409,16.79963,3.259907,-1.3,4.335098
2026-06-29 12:16:30.177,40.62947,True,16.85752,1.618164,-5.311783,0.9789435,0.06198306,0,0.1944936,-0.02411062,0.3807965,0.9243445,True,0.1523537,0.9028171,16.75288,3.270874,-1.3,4.340139
2026-06-29 12:16:30.222,40.67473,True,16.85752,1.618164,-5.311783,0.9732254,0.1186895,0,0.196838,-0.04672519,0.3831354,0.9225096,True,0.1362466,0.906715,16.65433,3.284333,-1.3,4.348772
2026-06-29 12:16:30.269,40.72157,True,16.85752,1.618164,-5.311783,0.9711788,0.1217068,0,0.2049371,-0.04988446,0.3980611,0.9160016,True,0.1337494,0.9290755,16.63905,3.36154,-1.3,4.379669
2026-06-29 12:16:30.310,40.76281,True,16.85752,1.618164,-5.311783,0.9770783,0.09231962,0,0.1918208,-0.03541764,0.3748478,0.9264096,True,0.1443895,0.8942896,16.70415,3.241429,-1.3,4.330464
2026-06-29 12:16:30.355,40.8072,True,16.85752,1.618164,-5.311783,0.9757214,0.1232982,0,0.1810122,-0.04463695,0.353235,0.9344692,True,0.138137,0.8633627,16.66589,3.134643,-1.3,4.293115
2026-06-29 12:16:30.398,40.85109,True,16.85752,1.618164,-5.311783,0.9720301,0.06312023,0,0.2262152,-0.02855751,0.4397759,0.8976534,True,0.1485972,0.9933891,16.7299,3.583607,-1.3,4.46919
2026-06-29 12:16:30.444,40.89584,True,16.85752,1.618164,-5.311783,0.9776738,0.07550485,0,0.1960943,-0.02961215,0.3834326,0.923094,True,0.1484229,0.9067835,16.72883,3.284569,-1.3,4.346019
2026-06-29 12:16:30.489,40.94065,True,16.85752,1.618164,-5.311783,0.9787762,0.07153812,0,0.1920406,-0.02747643,0.3759293,0.9262408,True,0.1500062,0.8957319,16.73852,3.24641,-1.3,4.331253
2026-06-29 12:16:30.531,40.98556,True,16.85752,1.618164,-5.311783,0.9772645,0.07216059,0,0.1993666,-0.02877282,0.3896678,0.9205059,True,0.1489616,0.9160106,16.73212,3.316429,-1.3,4.358237
2026-06-29 12:16:30.578,41.0313,True,16.85752,1.618164,-5.311783,0.9779906,0.07569831,0,0.1944332,-0.02943653,0.3803077,0.9243914,True,0.148577,0.9021785,16.72977,3.268669,-1.3,4.339919
2026-06-29 12:16:30.621,41.07525,True,16.85752,1.618164,-5.311783,0.978695,0.06487954,0,0.1947992,-0.02527697,0.381298,0.9241065,True,0.1515219,0.9035711,16.74779,3.273477,-1.3,4.341257
2026-06-29 12:16:30.663,41.11623,True,16.85752,1.618164,-5.311783,0.9737344,0.1027602,0,0.2031792,-0.04175746,0.395685,0.9174364,True,0.1396133,0.9252766,16.67493,3.348423,-1.3,4.372819
2026-06-29 12:16:30.705,41.15836,True,16.85752,1.618164,-5.311783,0.9781782,0.09238942,0,0.1860957,-0.03438655,0.3640695,0.9307368,True,0.1452323,0.878649,16.70931,3.187425,-1.3,4.310331
2026-06-29 12:16:30.747,41.19918,True,16.85752,1.618164,-5.311783,0.9815443,0.07677449,0,0.1751473,-0.02689369,0.3438297,0.9386469,True,0.1506704,0.8497659,16.74258,3.087695,-1.3,4.274007
2026-06-29 12:16:30.792,41.24436,True,16.85752,1.618164,-5.311783,0.9802409,0.07903169,0,0.1813336,-0.02866219,0.3555011,0.9342362,True,0.1493405,0.8662904,16.73444,3.144752,-1.3,4.294185
2026-06-29 12:16:30.832,41.28491,True,16.85752,1.618164,-5.311783,0.9743606,0.1143857,0,0.1937454,-0.04432342,0.3775558,0.9249254,True,0.1380359,0.8984457,16.66528,3.25578,-1.3,4.337413
2026-06-29 12:16:30.873,41.32642,True,16.85752,1.618164,-5.311783,0.9773868,0.1007417,0,0.1859199,-0.03745978,0.3634313,0.9308676,True,0.1430711,0.8777885,16.69608,3.184453,-1.3,4.309725
2026-06-29 12:16:30.919,41.37131,True,16.85752,1.618164,-5.311783,0.9686522,0.1333218,0,0.2096146,-0.05589237,0.4060872,0.9121234,True,0.1292788,0.9414458,16.61169,3.404253,-1.3,4.39829
2026-06-29 12:16:30.961,41.41241,True,16.85752,1.618164,-5.311783,0.9707853,0.1248115,0,0.2049343,-0.05115632,0.3978945,0.9160038,True,0.1328389,0.9288628,16.63348,3.360806,-1.3,4.379659
2026-06-29 12:16:31.003,41.45382,True,16.85752,1.618164,-5.311783,0.9665567,0.1392064,0,0.2153827,-0.05996529,0.4163592,0.9072206,True,0.1261181,0.9573966,16.59235,3.459329,-1.3,4.42206
2026-06-29 12:16:31.048,41.49933,True,16.85752,1.618164,-5.311783,0.9672384,0.1365629,0,0.2140104,-0.05845177,0.4139981,0.9083992,True,0.1272668,0.9536849,16.59938,3.446514,-1.3,4.416323
2026-06-29 12:16:31.089,41.54333,False,16.85752,1.618164,-5.311783,0,0,0,1,0,0,-1,False,-1,-1,0,0,0,-1
2026-06-29 12:16:31.132,41.58498,False,16.85752,1.618164,-5.311783,0,0,0,1,0,0,-1,False,-1,-1,0,0,0,-1
2026-06-29 12:16:31.171,41.62283,False,16.85752,1.618164,-5.311783,0,0,0,1,0,0,-1,False,-1,-1,0,0,0,-1
2026-06-29 12:16:31.216,41.66886,False,16.85752,1.618164,-5.311783,0,0,0,1,0,0,-1,False,-1,-1,0,0,0,-1
2026-06-29 12:16:31.259,41.71015,False,16.85752,1.618164,-5.311783,0,0,0,1,0,0,-1,False,-1,-1,0,0,0,-1
2026-06-29 12:16:31.299,41.75275,True,16.85752,1.618164,-5.311783,0.9586467,0.1183742,0,0.2588128,-0.06127348,0.4962199,0.8660319,False,-1,-1,0,0,0,-1
2026-06-29 12:16:31.344,41.7963,True,16.85752,1.618164,-5.311783,0.963526,0.1459335,0,0.2243238,-0.06547273,0.4322836,0.8993576,True,0.1217241,0.9826311,16.56547,3.546461,-1.3,4.460721
2026-06-29 12:16:31.412,41.86304,True,16.85752,1.618164,-5.311783,0.9729981,0.1140341,0,0.2006761,-0.04576785,0.390515,0.9194582,True,0.1368191,0.9176416,16.65783,3.322061,-1.3,4.363204
2026-06-29 12:16:31.478,41.92861,True,16.85752,1.618164,-5.311783,0.9761557,0.09050357,0,0.1973046,-0.03571355,0.3852001,0.9221418,True,0.1440629,0.909509,16.70215,3.29398,-1.3,4.350506
2026-06-29 12:16:31.512,41.96256,True,16.85752,1.618164,-5.311783,0.9662607,0.1516082,0,0.2082194,-0.06313556,0.4023885,0.9132894,True,0.1241301,0.93608,16.58019,3.385726,-1.3,4.392675
2026-06-29 12:16:31.543,41.99616,True,16.85752,1.618164,-5.311783,0.9728764,0.1353338,0,0.1876069,-0.05077911,0.3650366,0.9296073,True,0.133641,0.88041,16.63838,3.193505,-1.3,4.315568
2026-06-29 12:16:31.613,42.06288,True,16.85752,1.618164,-5.311783,0.9780346,0.101281,0,0.1821831,-0.03690336,0.3563627,0.9336187,True,0.1435395,0.8676551,16.69895,3.149464,-1.3,4.297026
2026-06-29 12:16:31.645,42.09621,True,16.85752,1.618164,-5.311783,0.9723495,0.06541055,0,0.2241827,-0.02932783,0.4359679,0.8994843,True,0.1480781,0.9873115,16.72672,3.562622,-1.3,4.460093
2026-06-29 12:16:31.710,42.16316,False,16.85752,1.618164,-5.311783,0,0,0,1,0,0,-1,False,-1,-1,0,0,0,-1
2026-06-29 12:16:31.779,42.22964,False,16.85752,1.618164,-5.311783,0,0,0,1,0,0,-1,False,-1,-1,0,0,0,-1
2026-06-29 12:16:31.854,42.30613,False,16.85752,1.618164,-5.311783,0,0,0,1,0,0,-1,False,-1,-1,0,0,0,-1
2026-06-29 12:16:31.911,42.36327,False,16.85752,1.618164,-5.311783,0,0,0,1,0,0,-1,False,-1,-1,0,0,0,-1
2026-06-29 12:16:31.977,42.42897,True,16.85752,1.618164,-5.311783,0.9137961,0.3826006,0,0.1363577,-0.1043411,0.2492062,0.9628132,True,0.09840095,0.7248971,16.42276,2.65654,-1.3,4.166731
2026-06-29 12:16:32.012,42.46322,True,16.85752,1.618164,-5.311783,0.8813207,0.4576691,0,0.117528,-0.1075779,0.2071597,0.9723743,True,0.09691703,0.6716996,16.41368,2.472856,-1.3,4.125761
2026-06-29 12:16:32.054,42.50866,True,16.85752,1.618164,-5.311783,0.8936679,0.4367123,0,0.1031503,-0.09009405,0.1843643,0.9787201,True,0.1091002,0.6430335,16.48823,2.373876,-1.3,4.09901
2026-06-29 12:16:32.099,42.5522,True,16.85752,1.618164,-5.311783,0.9154821,0.3918667,0,0.09128587,-0.07154378,0.1671411,0.9833338,True,0.1217524,0.6216564,16.56564,2.300063,-1.3,4.079778
2026-06-29 12:16:32.145,42.59838,True,16.85752,1.618164,-5.311783,0.9624741,0.2501801,0,0.1051364,-0.05260605,0.2023821,0.9778926,True,0.1341845,0.6646262,16.64171,2.448432,-1.3,4.102478
2026-06-29 12:16:32.187,42.6396,True,16.85752,1.618164,-5.311783,0.9378029,0.3390518,0,0.07462981,-0.05060674,0.1399761,0.9888607,True,0.1359013,0.5886348,16.65221,2.186044,-1.3,4.056975
2026-06-29 12:16:32.233,42.68389,True,16.85752,1.618164,-5.311783,0.9655001,0.2502261,0,0.07208642,-0.03607581,0.1391989,0.9896072,True,0.145554,0.5875981,16.71128,2.182465,-1.3,4.053916
2026-06-29 12:16:32.274,42.72814,True,16.85752,1.618164,-5.311783,0.9452059,0.3194383,0,0.06741743,-0.04307141,0.1274467,0.9909098,True,0.1409566,0.5736035,16.68315,2.134143,-1.3,4.048586
2026-06-29 12:16:32.322,42.77398,True,16.85752,1.618164,-5.311783,0.9570563,0.282884,0,0.06340293,-0.03587135,0.1213603,0.9919602,True,0.145746,0.5663165,16.71245,2.108982,-1.3,4.044299
2026-06-29 12:16:32.373,42.82598,True,16.85752,1.618164,-5.311783,0.9642782,0.2554343,0,0.07014912,-0.03583698,0.1352865,0.9901582,True,0.1457256,0.5829165,16.71233,2.1663,-1.3,4.051659
2026-06-29 12:16:32.414,42.86819,True,16.85752,1.618164,-5.311783,0.9832234,0.1690727,0,0.06845544,-0.02314788,0.134614,0.9906276,True,0.1541353,0.5820524,16.76378,2.163316,-1.3,4.049739
2026-06-29 12:16:32.456,42.91052,True,16.85752,1.618164,-5.311783,0.982116,0.1744474,0,0.07082541,-0.02471061,0.1391175,0.9899675,True,0.1530901,0.5874432,16.75739,2.18193,-1.3,4.05244
2026-06-29 12:16:32.497,42.95143,True,16.85752,1.618164,-5.311783,0.9730449,0.21937,0,0.07113686,-0.03121058,0.1384387,0.9898791,True,0.1487833,0.5866611,16.73104,2.179229,-1.3,4.052802
2026-06-29 12:16:32.542,42.99513,True,16.85752,1.618164,-5.311783,0.9652301,0.2509157,0,0.07329533,-0.03678189,0.1414937,0.9892556,True,0.1450776,0.5903515,16.70836,2.191972,-1.3,4.055356
2026-06-29 12:16:32.590,43.04129,True,16.85752,1.618164,-5.311783,0.9586192,0.2755204,0,0.07167794,-0.03949747,0.1374237,0.9897245,True,0.1432903,0.5854949,16.69742,2.175202,-1.3,4.053434
2026-06-29 12:16:32.636,43.08728,True,16.85752,1.618164,-5.311783,0.9564085,0.2827908,0,0.07288478,-0.04122229,0.1394152,0.9893756,True,0.1421379,0.5878905,16.69037,2.183474,-1.3,4.054864
2026-06-29 12:16:32.678,43.12962,True,16.85752,1.618164,-5.311783,0.9684646,0.2388205,0,0.07100069,-0.03391283,0.1375233,0.9899178,True,0.1469942,0.5855802,16.72009,2.175497,-1.3,4.052643
2026-06-29 12:16:32.722,43.17481,True,16.85752,1.618164,-5.311783,0.977816,0.1975118,0,0.06974911,-0.02755254,0.1364036,0.9902701,True,0.1512135,0.5842091,16.7459,2.170763,-1.3,4.051201
2026-06-29 12:16:32.776,43.22877,True,16.85752,1.618164,-5.311783,0.9613158,0.2642536,0,0.07773032,-0.04108102,0.1494468,0.987916,True,0.1421913,0.5999303,16.6907,2.225046,-1.3,4.060855
2026-06-29 12:16:32.825,43.2775,True,16.85752,1.618164,-5.311783,0.9452623,0.317904,0,0.07359517,-0.04679239,0.1391335,0.9891675,True,0.13844,0.587594,16.66775,2.182451,-1.3,4.055717
2026-06-29 12:16:32.866,43.31828,True,16.85752,1.618164,-5.311783,0.9616217,0.2642792,0,0.07375839,-0.03898561,0.1418553,0.9891194,True,0.1436135,0.5907992,16.6994,2.193518,-1.3,4.055914
2026-06-29 12:16:32.911,43.3636,True,16.85752,1.618164,-5.311783,0.9673041,0.2430126,0,0.07257847,-0.03527497,0.1404109,0.9894647,True,0.1460813,0.5890449,16.7145,2.18746,-1.3,4.054499
2026-06-29 12:16:32.957,43.41075,True,16.85752,1.618164,-5.311783,0.9686046,0.2386457,0,0.0696671,-0.0332515,0.1349597,0.990293,True,0.1474406,0.5825113,16.72282,2.164901,-1.3,4.051108
2026-06-29 12:16:32.999,43.45306,True,16.85752,1.618164,-5.311783,0.9715396,0.2269979,0,0.06769609,-0.03073374,0.1315389,0.9908345,True,0.1491188,0.5784135,16.73309,2.150751,-1.3,4.048894
2026-06-29 12:16:33.043,43.49481,True,16.85752,1.618164,-5.311783,0.9732788,0.2202642,0,0.06490144,-0.02859093,0.1263344,0.9915757,True,0.1505508,0.5721999,16.74185,2.129297,-1.3,4.045867
2026-06-29 12:16:33.088,43.54157,True,16.85752,1.618164,-5.311783,0.9677275,0.2413263,0,0.07256114,-0.03502182,0.1404388,0.9894698,True,0.1462492,0.5890768,16.71553,2.187571,-1.3,4.054478
2026-06-29 12:16:33.134,43.58501,True,16.85752,1.618164,-5.311783,0.9656148,0.2494898,0,0.07309584,-0.03647332,0.1411648,0.989314,True,0.1452836,0.5899555,16.70962,2.190604,-1.3,4.055117
2026-06-29 12:16:33.175,43.62866,True,16.85752,1.618164,-5.311783,0.9407721,0.3317135,0,0.07010067,-0.04650666,0.1318975,0.9901718,True,0.1386607,0.5789375,16.6691,2.152561,-1.3,4.051604
2026-06-29 12:16:33.220,43.67233,True,16.85752,1.618164,-5.311783,0.9260488,0.3717783,0,0.06491967,-0.04827145,0.1202376,0.9915709,True,0.1375372,0.5650567,16.66222,2.104632,-1.3,4.045887
2026-06-29 12:16:33.264,43.71678,True,16.85752,1.618164,-5.311783,0.9229701,0.3793194,0,0.06513871,-0.04941674,0.1202421,0.9915138,True,0.136778,0.5650702,16.65758,2.104679,-1.3,4.04612
2026-06-29 12:16:33.309,43.76221,True,16.85752,1.618164,-5.311783,0.9215217,0.3820187,0,0.06970982,-0.05326091,0.1284782,0.9902811,True,0.1341921,0.5749087,16.64176,2.13865,-1.3,4.051157
2026-06-29 12:16:33.354,43.80694,True,16.85752,1.618164,-5.311783,0.910113,0.409747,0,0.06165824,-0.05052855,0.1122319,0.9923965,True,0.1360725,0.5555667,16.65326,2.071864,-1.3,4.042521
2026-06-29 12:16:33.398,43.84996,True,16.85752,1.618164,-5.311783,0.8867174,0.4576948,0,0.06517471,-0.05966024,0.1155831,0.9915045,True,0.1300038,0.5596118,16.61613,2.085832,-1.3,4.046157
2026-06-29 12:16:33.443,43.89627,True,16.85752,1.618164,-5.311783,0.9199402,0.3864758,0,0.06592788,-0.05095905,0.1212994,0.9913071,True,0.135751,0.5663387,16.65129,2.109059,-1.3,4.046963
2026-06-29 12:16:33.488,43.93985,True,16.85752,1.618164,-5.311783,0.9059759,0.4194924,0,0.05686622,-0.04770989,0.1030389,0.9935325,True,0.1379709,0.5446658,16.66488,2.034225,-1.3,4.037899
2026-06-29 12:16:33.529,43.98276,True,16.85752,1.618164,-5.311783,0.9206548,0.373764,0,0.1126726,-0.08422591,0.2074651,0.9746098,True,0.1127934,0.6714959,16.51083,2.472152,-1.3,4.116297
2026-06-29 12:16:33.574,44.02808,False,16.85752,1.618164,-5.311783,0,0,0,1,0,0,-1,False,-1,-1,0,0,0,-1
2026-06-29 12:16:33.621,44.07373,False,16.85752,1.618164,-5.311783,0,0,0,1,0,0,-1,False,-1,-1,0,0,0,-1
2026-06-29 12:16:33.663,44.11599,False,16.85752,1.618164,-5.311783,0,0,0,1,0,0,-1,False,-1,-1,0,0,0,-1
2026-06-29 12:16:33.712,44.16563,False,16.85752,1.618164,-5.311783,0,0,0,1,0,0,-1,False,-1,-1,0,0,0,-1
2026-06-29 12:16:33.761,44.21134,False,16.85752,1.618164,-5.311783,0,0,0,1,0,0,-1,False,-1,-1,0,0,0,-1
2026-06-29 12:16:33.806,44.25814,False,16.85752,1.618164,-5.311783,0,0,0,1,0,0,-1,False,-1,-1,0,0,0,-1
2026-06-29 12:16:33.847,44.30108,False,16.85752,1.618164,-5.311783,0,0,0,1,0,0,-1,False,-1,-1,0,0,0,-1
2026-06-29 12:16:33.887,44.33987,True,16.85752,1.618164,-5.311783,0.9434139,0.2051319,0,0.2605593,-0.106898,0.4916305,0.8642176,False,-1,-1,0,0,0,-1
2026-06-29 12:16:33.932,44.38522,False,16.85752,1.618164,-5.311783,0,0,0,1,0,0,-1,False,-1,-1,0,0,0,-1
2026-06-29 12:16:33.977,44.42931,False,16.85752,1.618164,-5.311783,0,0,0,1,0,0,-1,False,-1,-1,0,0,0,-1
2026-06-29 12:16:34.019,44.47156,False,16.85752,1.618164,-5.311783,0,0,0,1,0,0,-1,False,-1,-1,0,0,0,-1
2026-06-29 12:16:34.062,44.5163,False,16.85752,1.618164,-5.311783,0,0,0,1,0,0,-1,False,-1,-1,0,0,0,-1
2026-06-29 12:16:34.110,44.56059,False,16.85752,1.618164,-5.311783,0,0,0,1,0,0,-1,False,-1,-1,0,0,0,-1
2026-06-29 12:16:34.157,44.6097,False,16.85752,1.618164,-5.311783,0,0,0,1,0,0,-1,False,-1,-1,0,0,0,-1
2026-06-29 12:16:34.198,44.65134,False,16.85752,1.618164,-5.311783,0,0,0,1,0,0,-1,False,-1,-1,0,0,0,-1
2026-06-29 12:16:34.241,44.69389,False,16.85752,1.618164,-5.311783,0,0,0,1,0,0,-1,False,-1,-1,0,0,0,-1
2026-06-29 12:16:34.287,44.73858,False,16.85752,1.618164,-5.311783,0,0,0,1,0,0,-1,False,-1,-1,0,0,0,-1
2026-06-29 12:16:34.329,44.78268,False,16.85752,1.618164,-5.311783,0,0,0,1,0,0,-1,False,-1,-1,0,0,0,-1
2026-06-29 12:16:34.376,44.82839,False,16.85752,1.618164,-5.311783,0,0,0,1,0,0,-1,False,-1,-1,0,0,0,-1
2026-06-29 12:16:34.421,44.87365,False,16.85752,1.618164,-5.311783,0,0,0,1,0,0,-1,False,-1,-1,0,0,0,-1
2026-06-29 12:16:34.464,44.91698,True,16.85752,1.618164,-5.311783,0.9469393,0.1994247,0,0.2520629,-0.1005351,0.4773765,0.8729286,False,-1,-1,0,0,0,-1
2026-06-29 12:16:34.508,44.96109,True,16.85752,1.618164,-5.311783,0.955672,0.2138363,0,0.2023981,-0.08656015,0.3868525,0.91807,True,0.1076367,0.9137527,16.47927,3.308633,-1.3,4.369801
2026-06-29 12:16:34.553,45.00565,True,16.85752,1.618164,-5.311783,0.9606814,0.2060753,0,0.1860759,-0.07669125,0.3575192,0.9307515,True,0.1154311,0.8704649,16.52696,3.159166,-1.3,4.310263
2026-06-29 12:16:34.597,45.05167,True,16.85752,1.618164,-5.311783,0.9495535,0.2567631,0,0.1800582,-0.09246456,0.3419496,0.9351581,True,0.1046267,0.8490178,16.46086,3.085112,-1.3,4.289952
2026-06-29 12:16:34.642,45.09393,True,16.85752,1.618164,-5.311783,0.9577377,0.2315704,0,0.1706272,-0.07902443,0.3268322,0.9417727,True,0.1144391,0.8273834,16.5209,3.010411,-1.3,4.259821
2026-06-29 12:16:34.688,45.13958,True,16.85752,1.618164,-5.311783,0.9527543,0.2454296,0,0.1789516,-0.08784004,0.3409938,0.9359526,True,0.1079212,0.8474706,16.48101,3.07977,-1.3,4.28631
2026-06-29 12:16:34.734,45.18626,True,16.85752,1.618164,-5.311783,0.9497465,0.2625833,0,0.1703867,-0.08948136,0.3236482,0.9419367,True,0.1071696,0.8233857,16.47642,2.996608,-1.3,4.259079
2026-06-29 12:16:34.777,45.22955,True,16.85752,1.618164,-5.311783,0.9548441,0.2392406,0,0.1761723,-0.08429513,0.3364341,0.9379267,True,0.1105289,0.8409314,16.49697,3.05719,-1.3,4.277289
2026-06-29 12:16:34.820,45.2726,True,16.85752,1.618164,-5.311783,0.9570814,0.246191,0,0.1529225,-0.07529626,0.2927184,0.9532295,True,0.1176647,0.7809567,16.54063,2.850106,-1.3,4.208623
2026-06-29 12:16:34.868,45.31898,True,16.85752,1.618164,-5.311783,0.974534,0.187904,0,0.1223751,-0.04598956,0.2385174,0.9700487,True,0.1383714,0.7098516,16.66733,2.604589,-1.3,4.135652
2026-06-29 12:16:34.908,45.3607,True,16.85752,1.618164,-5.311783,0.9616301,0.2475406,0,0.1182846,-0.05856046,0.227492,0.9720175,True,0.1299547,0.6960939,16.61583,2.557086,-1.3,4.127275
2026-06-29 12:16:34.953,45.40595,True,16.85752,1.618164,-5.311783,0.97899,0.1600512,0,0.1263414,-0.04044221,0.247374,0.9680756,True,0.1420651,0.7210633,16.68993,2.643302,-1.3,4.144081
2026-06-29 12:16:34.997,45.45086,True,16.85752,1.618164,-5.311783,0.9539071,0.2775631,0,0.1141052,-0.06334276,0.2176915,0.97396,True,0.1268141,0.6838603,16.59661,2.514845,-1.3,4.119043
2026-06-29 12:16:35.043,45.49473,True,16.85752,1.618164,-5.311783,0.9295439,0.3490598,0,0.118767,-0.08291352,0.2207981,0.9717888,True,0.1135144,0.6881549,16.51524,2.529674,-1.3,4.128246
2026-06-29 12:16:35.088,45.54131,True,16.85752,1.618164,-5.311783,0.9272915,0.3559466,0,0.1158989,-0.08250766,0.2149442,0.9731349,True,0.1138653,0.6808003,16.51738,2.504279,-1.3,4.122536
2026-06-29 12:16:35.133,45.58574,True,16.85752,1.618164,-5.311783,0.8865094,0.4515377,0,0.1010678,-0.09127189,0.1791952,0.9795706,True,0.1083642,0.6367124,16.48372,2.35205,-1.3,4.095452
2026-06-29 12:16:35.184,45.63625,True,16.85752,1.618164,-5.311783,0.9103842,0.4025781,0,0.09555965,-0.07694042,0.1739919,0.9817367,True,0.1180705,0.6300854,16.54311,2.329168,-1.3,4.086415
2026-06-29 12:16:35.225,45.67711,True,16.85752,1.618164,-5.311783,0.9126586,0.3973311,0,0.09582455,-0.07614813,0.1749102,0.9816353,True,0.1185943,0.6311935,16.54632,2.332994,-1.3,4.086837
2026-06-29 12:16:35.269,45.72054,True,16.85752,1.618164,-5.311783,0.9267207,0.3629479,0,0.09724994,-0.07059331,0.1802471,0.9810849,True,0.1222782,0.63763,16.56886,2.355218,-1.3,4.08913
2026-06-29 12:16:35.311,45.76295,True,16.85752,1.618164,-5.311783,0.906027,0.407488,0,0.1143184,-0.09316673,0.2071511,0.9738626,True,0.1067303,0.6713109,16.47373,2.471514,-1.3,4.119455
2026-06-29 12:16:35.354,45.80725,True,16.85752,1.618164,-5.311783,0.9170127,0.3823266,0,0.1136408,-0.08689575,0.20842,0.9741715,True,0.110971,0.6727461,16.49968,2.476469,-1.3,4.118149
2026-06-29 12:16:35.408,45.85179,True,16.85752,1.618164,-5.311783,0.9687932,-0.1988362,0,0.148,0.05885549,0.2867627,0.956192,True,0.2098138,0.7726144,17.10446,2.821301,-1.3,4.195583
2026-06-29 12:16:35.453,45.90527,True,16.85752,1.618164,-5.311783,0.9799969,-0.1376394,0,0.1437413,0.03956892,0.2817321,0.9586769,True,0.1965187,0.7656144,17.02311,2.797131,-1.3,4.184709
2026-06-29 12:16:35.493,45.94477,True,16.85752,1.618164,-5.311783,0.979718,0.04334098,0,0.1956381,-0.01695829,0.3833402,0.9234515,True,0.1574155,0.9064805,16.78385,3.283523,-1.3,4.344336
2026-06-29 12:16:35.536,45.98672,True,16.85752,1.618164,-5.311783,0.9531608,0.2752003,0,0.1254961,-0.06907312,0.2392358,0.9685014,True,0.1226944,0.7111698,16.57141,2.609141,-1.3,4.142259
2026-06-29 12:16:35.574,46.02768,False,16.85752,1.618164,-5.311783,0,0,0,1,0,0,-1,False,-1,-1,0,0,0,-1
2026-06-29 12:16:35.620,46.07191,False,16.85752,1.618164,-5.311783,0,0,0,1,0,0,-1,False,-1,-1,0,0,0,-1
2026-06-29 12:16:35.678,46.11836,False,16.85752,1.618164,-5.311783,0,0,0,1,0,0,-1,False,-1,-1,0,0,0,-1
2026-06-29 12:16:35.700,46.15219,False,16.85752,1.618164,-5.311783,0,0,0,1,0,0,-1,False,-1,-1,0,0,0,-1
2026-06-29 12:16:35.744,46.19511,False,16.85752,1.618164,-5.311783,0,0,0,1,0,0,-1,False,-1,-1,0,0,0,-1
2026-06-29 12:16:35.786,46.23822,False,16.85752,1.618164,-5.311783,0,0,0,1,0,0,-1,False,-1,-1,0,0,0,-1
2026-06-29 12:16:35.824,46.27742,False,16.85752,1.618164,-5.311783,0,0,0,1,0,0,-1,False,-1,-1,0,0,0,-1
2026-06-29 12:16:35.872,46.32597,False,16.85752,1.618164,-5.311783,0,0,0,1,0,0,-1,False,-1,-1,0,0,0,-1
2026-06-29 12:16:35.921,46.3729,False,16.85752,1.618164,-5.311783,0,0,0,1,0,0,-1,False,-1,-1,0,0,0,-1
2026-06-29 12:16:35.964,46.41659,False,16.85752,1.618164,-5.311783,0,0,0,1,0,0,-1,False,-1,-1,0,0,0,-1
2026-06-29 12:16:36.007,46.45962,False,16.85752,1.618164,-5.311783,0,0,0,1,0,0,-1,False,-1,-1,0,0,0,-1
2026-06-29 12:16:36.054,46.507,False,16.85752,1.618164,-5.311783,0,0,0,1,0,0,-1,False,-1,-1,0,0,0,-1
2026-06-29 12:16:36.097,46.5495,False,16.85752,1.618164,-5.311783,0,0,0,1,0,0,-1,False,-1,-1,0,0,0,-1
2026-06-29 12:16:36.142,46.59431,False,16.85752,1.618164,-5.311783,0,0,0,1,0,0,-1,False,-1,-1,0,0,0,-1
2026-06-29 12:16:36.185,46.6361,False,16.85752,1.618164,-5.311783,0,0,0,1,0,0,-1,False,-1,-1,0,0,0,-1
2026-06-29 12:16:36.231,46.6832,False,16.85752,1.618164,-5.311783,0,0,0,1,0,0,-1,False,-1,-1,0,0,0,-1
2026-06-29 12:16:36.276,46.72744,False,16.85752,1.618164,-5.311783,0,0,0,1,0,0,-1,False,-1,-1,0,0,0,-1
2026-06-29 12:16:36.319,46.7701,False,16.85752,1.618164,-5.311783,0,0,0,1,0,0,-1,False,-1,-1,0,0,0,-1
2026-06-29 12:16:36.363,46.81459,False,16.85752,1.618164,-5.311783,0,0,0,1,0,0,-1,False,-1,-1,0,0,0,-1
2026-06-29 12:16:36.407,46.85923,False,16.85752,1.618164,-5.311783,0,0,0,1,0,0,-1,False,-1,-1,0,0,0,-1
2026-06-29 12:16:36.456,46.90474,False,16.85752,1.618164,-5.311783,0,0,0,1,0,0,-1,False,-1,-1,0,0,0,-1
2026-06-29 12:16:36.499,46.95262,False,16.85752,1.618164,-5.311783,0,0,0,1,0,0,-1,False,-1,-1,0,0,0,-1
2026-06-29 12:16:36.542,46.99327,False,16.85752,1.618164,-5.311783,0,0,0,1,0,0,-1,False,-1,-1,0,0,0,-1
2026-06-29 12:16:36.573,47.0267,False,16.85752,1.618164,-5.311783,0,0,0,1,0,0,-1,False,-1,-1,0,0,0,-1
2026-06-29 12:16:36.619,47.06905,False,16.85752,1.618164,-5.311783,0,0,0,1,0,0,-1,False,-1,-1,0,0,0,-1
2026-06-29 12:16:36.661,47.11243,False,16.85752,1.618164,-5.311783,0,0,0,1,0,0,-1,False,-1,-1,0,0,0,-1
2026-06-29 12:16:36.703,47.15483,False,16.85752,1.618164,-5.311783,0,0,0,1,0,0,-1,False,-1,-1,0,0,0,-1
2026-06-29 12:16:36.748,47.20179,False,16.85752,1.618164,-5.311783,0,0,0,1,0,0,-1,False,-1,-1,0,0,0,-1
2026-06-29 12:16:36.792,47.24386,True,16.85752,1.618164,-5.311783,-0.6716408,0.7371103,0,0.07461321,-0.1099963,-0.1002266,0.9888658,True,0.09652323,0.3064072,16.41127,1.21155,-1.3,4.056955
2026-06-29 12:16:36.836,47.28894,True,16.85752,1.618164,-5.311783,0.3394063,0.920499,0,0.1936105,-0.3564365,0.1314252,0.92503,False,-1,-1,0,0,0,-1
2026-06-29 12:16:36.878,47.32921,True,16.85752,1.618164,-5.311783,-0.8885854,0.4391406,0,0.1325579,-0.1164231,-0.235578,0.9648567,True,0.09034103,0.140488,16.37345,0.638653,-1.3,4.157906
2026-06-29 12:16:36.926,47.37909,True,16.85752,1.618164,-5.311783,0.8964803,0.334321,0,0.2907795,-0.1944273,0.521356,0.8308946,False,-1,-1,0,0,0,-1
2026-06-29 12:16:36.967,47.41891,True,16.85752,1.618164,-5.311783,0.6993365,0.6949707,0,0.1671652,-0.2323498,0.2338095,0.9441116,True,0.008093834,0.7119061,15.87021,2.611683,-1.3,4.249269
2026-06-29 12:16:37.010,47.46135,True,16.85752,1.618164,-5.311783,0.9342726,0.2227578,0,0.2784129,-0.1240373,0.520227,0.8449726,False,-1,-1,0,0,0,-1
2026-06-29 12:16:37.054,47.50667,False,16.85752,1.618164,-5.311783,0,0,0,1,0,0,-1,False,-1,-1,0,0,0,-1
2026-06-29 12:16:37.097,47.55067,False,16.85752,1.618164,-5.311783,0,0,0,1,0,0,-1,False,-1,-1,0,0,0,-1
2026-06-29 12:16:37.143,47.59477,False,16.85752,1.618164,-5.311783,0,0,0,1,0,0,-1,False,-1,-1,0,0,0,-1
2026-06-29 12:16:37.187,47.64039,False,16.85752,1.618164,-5.311783,0,0,0,1,0,0,-1,False,-1,-1,0,0,0,-1
2026-06-29 12:16:37.233,47.68382,False,16.85752,1.618164,-5.311783,0,0,0,1,0,0,-1,False,-1,-1,0,0,0,-1
2026-06-29 12:16:37.280,47.73254,False,16.85752,1.618164,-5.311783,0,0,0,1,0,0,-1,False,-1,-1,0,0,0,-1
2026-06-29 12:16:37.316,47.76913,False,16.85752,1.618164,-5.311783,0,0,0,1,0,0,-1,False,-1,-1,0,0,0,-1
2026-06-29 12:16:37.362,47.81518,False,16.85752,1.618164,-5.311783,0,0,0,1,0,0,-1,False,-1,-1,0,0,0,-1
2026-06-29 12:16:37.409,47.86056,False,16.85752,1.618164,-5.311783,0,0,0,1,0,0,-1,False,-1,-1,0,0,0,-1
2026-06-29 12:16:37.453,47.90545,False,16.85752,1.618164,-5.311783,0,0,0,1,0,0,-1,False,-1,-1,0,0,0,-1
2026-06-29 12:16:37.505,47.95943,False,16.85752,1.618164,-5.311783,0,0,0,1,0,0,-1,False,-1,-1,0,0,0,-1
2026-06-29 12:16:37.552,48.00476,False,16.85752,1.618164,-5.311783,0,0,0,1,0,0,-1,False,-1,-1,0,0,0,-1
2026-06-29 12:16:37.597,48.04935,False,16.85752,1.618164,-5.311783,0,0,0,1,0,0,-1,False,-1,-1,0,0,0,-1
2026-06-29 12:16:37.638,48.09251,False,16.85752,1.618164,-5.311783,0,0,0,1,0,0,-1,False,-1,-1,0,0,0,-1
2026-06-29 12:16:37.684,48.13643,False,16.85752,1.618164,-5.311783,0,0,0,1,0,0,-1,False,-1,-1,0,0,0,-1
2026-06-29 12:16:37.732,48.18146,False,16.85752,1.618164,-5.311783,0,0,0,1,0,0,-1,False,-1,-1,0,0,0,-1
2026-06-29 12:16:37.774,48.22703,False,16.85752,1.618164,-5.311783,0,0,0,1,0,0,-1,False,-1,-1,0,0,0,-1
2026-06-29 12:16:37.822,48.27568,False,16.85752,1.618164,-5.311783,0,0,0,1,0,0,-1,False,-1,-1,0,0,0,-1
2026-06-29 12:16:37.866,48.31889,True,16.85752,1.618164,-5.311783,0.8658841,0.4399734,0,0.2380508,-0.2094721,0.4122489,0.8866636,True,0.01455659,0.9643732,15.90975,3.483419,-1.3,4.524583
2026-06-29 12:16:37.911,48.36321,True,16.85752,1.618164,-5.311783,0.9614996,0.1293992,0,0.2424345,-0.06274165,0.4662012,0.8824511,False,-1,-1,0,0,0,-1
2026-06-29 12:16:37.954,48.40799,True,16.85752,1.618164,-5.311783,0.968291,-0.03054925,0,0.24795,0.01514938,0.4801755,0.8770415,False,-1,-1,0,0,0,-1
2026-06-29 12:16:37.997,48.45052,True,16.85752,1.618164,-5.311783,0.9590169,-0.008431037,0,0.2832234,0.004775734,0.543232,0.839569,False,-1,-1,0,0,0,-1
2026-06-29 12:16:38.039,48.49248,True,16.85752,1.618164,-5.311783,0.9625027,-0.06160261,0,0.2641852,0.03254899,0.5085578,0.8604124,False,-1,-1,0,0,0,-1
2026-06-29 12:16:38.084,48.53634,True,16.85752,1.618164,-5.311783,0.9691739,0.003613647,0,0.246351,-0.001780452,0.477514,0.8786224,False,-1,-1,0,0,0,-1
2026-06-29 12:16:38.129,48.58221,True,16.85752,1.618164,-5.311783,0.972231,-0.006967685,0,0.2339199,0.003259759,0.4548481,0.890563,False,-1,-1,0,0,0,-1
2026-06-29 12:16:38.179,48.63323,True,16.85752,1.618164,-5.311783,0.9696605,0.07915424,0,0.2312859,-0.03661451,0.4485376,0.8930137,False,-1,-1,0,0,0,-1
2026-06-29 12:16:38.226,48.67844,True,16.85752,1.618164,-5.311783,0.9488954,-0.1049436,0,0.2976315,0.06246899,0.5648422,0.8228311,False,-1,-1,0,0,0,-1
2026-06-29 12:16:38.266,48.71804,True,16.85752,1.618164,-5.311783,0.95114,-0.1126743,0,0.2874671,0.06478032,0.5468428,0.8347254,False,-1,-1,0,0,0,-1
2026-06-29 12:16:38.306,48.75956,True,16.85752,1.618164,-5.311783,0.9553909,-0.1151469,0,0.2719731,0.06263375,0.5196813,0.8520613,False,-1,-1,0,0,0,-1
2026-06-29 12:16:38.353,48.80474,True,16.85752,1.618164,-5.311783,0.9466826,-0.1951908,0,0.2563057,0.100057,0.4852802,0.8686149,False,-1,-1,0,0,0,-1
2026-06-29 12:16:38.404,48.85846,True,16.85752,1.618164,-5.311783,0.9493651,-0.1820967,0,0.256021,0.09324117,0.4861148,0.8689064,False,-1,-1,0,0,0,-1
2026-06-29 12:16:38.447,48.90124,True,16.85752,1.618164,-5.311783,0.9451943,-0.1942465,0,0.2624426,0.1019571,0.4961185,0.8622478,False,-1,-1,0,0,0,-1
2026-06-29 12:16:38.494,48.94705,True,16.85752,1.618164,-5.311783,0.9484031,-0.1910715,0,0.2530284,0.09669305,0.4799458,0.8719532,False,-1,-1,0,0,0,-1
2026-06-29 12:16:38.541,48.99413,True,16.85752,1.618164,-5.311783,0.950382,-0.2011774,0,0.23728,0.09547071,0.4510131,0.8873965,False,-1,-1,0,0,0,-1
2026-06-29 12:16:38.582,49.03535,True,16.85752,1.618164,-5.311783,0.9447487,-0.2205149,0,0.2425349,0.1069651,0.4582689,0.8823537,False,-1,-1,0,0,0,-1
2026-06-29 12:16:38.627,49.08071,True,16.85752,1.618164,-5.311783,0.9498534,-0.18462,0,0.2523767,0.09318755,0.4794417,0.8726121,False,-1,-1,0,0,0,-1
2026-06-29 12:16:38.674,49.12726,True,16.85752,1.618164,-5.311783,0.9496181,-0.1889764,0,0.250027,0.09449836,0.4748602,0.8749731,False,-1,-1,0,0,0,-1
2026-06-29 12:16:38.720,49.17279,True,16.85752,1.618164,-5.311783,0.9469001,-0.1992153,0,0.2523759,0.1005543,0.4779495,0.8726128,False,-1,-1,0,0,0,-1
2026-06-29 12:16:38.763,49.21534,True,16.85752,1.618164,-5.311783,0.9375322,-0.2134453,0,0.2747262,0.117278,0.5151293,0.849051,False,-1,-1,0,0,0,-1
2026-06-29 12:16:38.804,49.25841,False,16.85752,1.618164,-5.311783,0,0,0,1,0,0,-1,False,-1,-1,0,0,0,-1
2026-06-29 12:16:38.850,49.3027,False,16.85752,1.618164,-5.311783,0,0,0,1,0,0,-1,False,-1,-1,0,0,0,-1
2026-06-29 12:16:38.895,49.34845,False,16.85752,1.618164,-5.311783,0,0,0,1,0,0,-1,False,-1,-1,0,0,0,-1
2026-06-29 12:16:38.942,49.39351,True,16.85752,1.618164,-5.311783,0.9374589,0.1831751,0,0.2960028,-0.1084407,0.5549809,0.8247646,False,-1,-1,0,0,0,-1
2026-06-29 12:16:38.988,49.44086,True,16.85752,1.618164,-5.311783,0.9252495,0.2225574,0,0.3072159,-0.1367464,0.5685028,0.8112367,False,-1,-1,0,0,0,-1
2026-06-29 12:16:39.030,49.48157,False,16.85752,1.618164,-5.311783,0,0,0,1,0,0,-1,False,-1,-1,0,0,0,-1
2026-06-29 12:16:39.073,49.52557,True,16.85752,1.618164,-5.311783,0.9470107,0.1344476,0,0.2917098,-0.07843938,0.5525047,0.8298108,False,-1,-1,0,0,0,-1
2026-06-29 12:16:39.120,49.57155,True,16.85752,1.618164,-5.311783,0.9483964,0.09929074,0,0.3011407,-0.05980095,0.5712014,0.8186285,False,-1,-1,0,0,0,-1
2026-06-29 12:16:39.180,49.62705,False,16.85752,1.618164,-5.311783,0,0,0,1,0,0,-1,False,-1,-1,0,0,0,-1
2026-06-29 12:16:39.224,49.67646,True,16.85752,1.618164,-5.311783,0.9408239,0.1496244,0,0.3040774,-0.09099479,0.5721665,0.8150738,False,-1,-1,0,0,0,-1
2026-06-29 12:16:39.267,49.71857,True,16.85752,1.618164,-5.311783,0.9374124,0.1629613,0,0.3077364,-0.1002982,0.5769517,0.8105966,False,-1,-1,0,0,0,-1
2026-06-29 12:16:39.310,49.76283,True,16.85752,1.618164,-5.311783,0.9420326,0.1452269,0,0.3024629,-0.0878515,0.5698598,0.8170323,False,-1,-1,0,0,0,-1
2026-06-29 12:16:39.354,49.80716,False,16.85752,1.618164,-5.311783,0,0,0,1,0,0,-1,False,-1,-1,0,0,0,-1
2026-06-29 12:16:39.399,49.85138,True,16.85752,1.618164,-5.311783,0.9435112,0.1339006,0,0.3030798,-0.08116512,0.5719182,0.8162853,False,-1,-1,0,0,0,-1
2026-06-29 12:16:39.439,49.89149,True,16.85752,1.618164,-5.311783,0.9458288,0.1421676,0,0.2918842,-0.08299292,0.5521448,0.8296073,False,-1,-1,0,0,0,-1
2026-06-29 12:16:39.481,49.93503,True,16.85752,1.618164,-5.311783,0.9467046,0.1075927,0,0.3036022,-0.06533077,0.5748432,0.8156515,False,-1,-1,0,0,0,-1
2026-06-29 12:16:39.528,49.98169,True,16.85752,1.618164,-5.311783,0.9508146,0.08436374,0,0.298051,-0.05028939,0.5667825,0.8223312,False,-1,-1,0,0,0,-1
2026-06-29 12:16:39.575,50.02578,True,16.85752,1.618164,-5.311783,0.9480242,0.09517536,0,0.3036313,-0.05779643,0.5756996,0.8156161,False,-1,-1,0,0,0,-1
2026-06-29 12:16:39.618,50.06968,True,16.85752,1.618164,-5.311783,0.9497539,0.1001745,0,0.2965342,-0.05941037,0.5632691,0.8241349,False,-1,-1,0,0,0,-1
2026-06-29 12:16:39.662,50.11449,True,16.85752,1.618164,-5.311783,0.9500826,0.09992483,0,0.295564,-0.05906836,0.5616204,0.8252839,False,-1,-1,0,0,0,-1
2026-06-29 12:16:39.706,50.15886,True,16.85752,1.618164,-5.311783,0.9493108,0.1006215,0,0.2977991,-0.05992998,0.5654078,0.8226315,False,-1,-1,0,0,0,-1
2026-06-29 12:16:39.748,50.20095,True,16.85752,1.618164,-5.311783,0.9494202,0.09827739,0,0.298233,-0.05861912,0.5662968,0.8221142,False,-1,-1,0,0,0,-1
2026-06-29 12:16:39.793,50.24696,True,16.85752,1.618164,-5.311783,0.9493335,0.09821885,0,0.2985279,-0.05864213,0.566805,0.8217622,False,-1,-1,0,0,0,-1
2026-06-29 12:16:39.837,50.29201,False,16.85752,1.618164,-5.311783,0,0,0,1,0,0,-1,False,-1,-1,0,0,0,-1
2026-06-29 12:16:39.885,50.3358,True,16.85752,1.618164,-5.311783,0.9500536,0.0897495,0,0.2989035,-0.05365288,0.5679486,0.8213134,False,-1,-1,0,0,0,-1
2026-06-29 12:16:39.928,50.38145,True,16.85752,1.618164,-5.311783,0.9541699,0.0682305,0,0.2913838,-0.03976252,0.5560592,0.830191,False,-1,-1,0,0,0,-1
2026-06-29 12:16:39.978,50.42775,True,16.85752,1.618164,-5.311783,0.9532348,0.08545638,0,0.2898976,-0.0495472,0.5526809,0.8319188,False,-1,-1,0,0,0,-1
2026-06-29 12:16:40.020,50.47435,True,16.85752,1.618164,-5.311783,0.9479575,0.1154387,0,0.2967331,-0.06850895,0.5625807,0.823899,False,-1,-1,0,0,0,-1
2026-06-29 12:16:40.062,50.5149,True,16.85752,1.618164,-5.311783,0.9492692,0.09463842,0,0.2998858,-0.05676144,0.5693448,0.8201369,False,-1,-1,0,0,0,-1
2026-06-29 12:16:40.107,50.55863,True,16.85752,1.618164,-5.311783,0.9494995,0.1452218,0,0.278139,-0.08078368,0.5281857,0.8452774,False,-1,-1,0,0,0,-1
2026-06-29 12:16:40.150,50.60295,True,16.85752,1.618164,-5.311783,0.9489885,0.1409786,0,0.2820388,-0.07952286,0.5353031,0.8409082,False,-1,-1,0,0,0,-1
2026-06-29 12:16:40.194,50.64706,True,16.85752,1.618164,-5.311783,0.9519988,0.1385823,0,0.2729344,-0.07564774,0.5196664,0.8510136,False,-1,-1,0,0,0,-1
2026-06-29 12:16:40.238,50.69229,True,16.85752,1.618164,-5.311783,0.9551808,0.1144742,0,0.2729932,-0.06250137,0.5215157,0.8509493,False,-1,-1,0,0,0,-1
2026-06-29 12:16:40.286,50.73597,True,16.85752,1.618164,-5.311783,0.9487364,0.1364249,0,0.2851097,-0.07779213,0.5409879,0.8374249,False,-1,-1,0,0,0,-1
2026-06-29 12:16:40.327,50.7801,True,16.85752,1.618164,-5.311783,0.9371424,0.1843011,0,0.296306,-0.1092191,0.5553619,0.8244055,False,-1,-1,0,0,0,-1
2026-06-29 12:16:40.371,50.82477,False,16.85752,1.618164,-5.311783,0,0,0,1,0,0,-1,False,-1,-1,0,0,0,-1
2026-06-29 12:16:40.417,50.86867,True,16.85752,1.618164,-5.311783,0.9653422,-0.01385024,0,0.26062,0.007219296,0.5031749,0.8641545,False,-1,-1,0,0,0,-1
2026-06-29 12:16:40.458,50.91108,True,16.85752,1.618164,-5.311783,0.9652494,-0.03122183,0,0.2594589,0.01620156,0.500885,0.8653621,False,-1,-1,0,0,0,-1
2026-06-29 12:16:40.503,50.95499,True,16.85752,1.618164,-5.311783,0.9643034,-0.009690196,0,0.2646227,0.005128492,0.5103531,0.8599496,False,-1,-1,0,0,0,-1
2026-06-29 12:16:40.550,51.00121,True,16.85752,1.618164,-5.311783,0.9644692,-0.02367713,0,0.2631324,0.01246044,0.5075662,0.8615227,False,-1,-1,0,0,0,-1
2026-06-29 12:16:40.591,51.04396,True,16.85752,1.618164,-5.311783,0.9562834,0.08057043,0,0.2811238,-0.04530052,0.5376679,0.8419389,False,-1,-1,0,0,0,-1
2026-06-29 12:16:40.631,51.0845,False,16.85752,1.618164,-5.311783,0,0,0,1,0,0,-1,False,-1,-1,0,0,0,-1
2026-06-29 12:16:40.676,51.12815,True,16.85752,1.618164,-5.311783,0.848163,0.5232989,0,0.08232722,-0.08616349,0.1396538,0.9864444,True,0.1121854,0.588658,16.5071,2.186124,-1.3,4.066912
2026-06-29 12:16:40.719,51.17095,True,16.85752,1.618164,-5.311783,0.712708,0.6935661,0,0.1049447,-0.1455721,0.1495898,0.9779732,True,0.0718596,0.6018871,16.26037,2.231803,-1.3,4.102141
2026-06-29 12:16:40.757,51.20926,True,16.85752,1.618164,-5.311783,0.9230341,0.3661833,0,0.1179742,-0.08640037,0.2177884,0.9721642,True,0.1111844,0.6844559,16.50098,2.516901,-1.3,4.126652
2026-06-29 12:16:40.795,51.24984,True,16.85752,1.618164,-5.311783,0.2151659,0.964322,0,0.1542292,-0.2974533,0.06636974,0.9524267,False,-1,-1,0,0,0,-1
2026-06-29 12:16:40.836,51.28907,False,16.85752,1.618164,-5.311783,0,0,0,1,0,0,-1,False,-1,-1,0,0,0,-1
2026-06-29 12:16:40.877,51.33041,False,16.85752,1.618164,-5.311783,0,0,0,1,0,0,-1,False,-1,-1,0,0,0,-1
2026-06-29 12:16:40.923,51.37426,False,16.85752,1.618164,-5.311783,0,0,0,1,0,0,-1,False,-1,-1,0,0,0,-1
2026-06-29 12:16:40.966,51.41808,False,16.85752,1.618164,-5.311783,0,0,0,1,0,0,-1,False,-1,-1,0,0,0,-1
2026-06-29 12:16:41.011,51.46353,False,16.85752,1.618164,-5.311783,0,0,0,1,0,0,-1,False,-1,-1,0,0,0,-1
2026-06-29 12:16:41.054,51.50811,False,16.85752,1.618164,-5.311783,0,0,0,1,0,0,-1,False,-1,-1,0,0,0,-1
2026-06-29 12:16:41.095,51.54819,False,16.85752,1.618164,-5.311783,0,0,0,1,0,0,-1,False,-1,-1,0,0,0,-1
2026-06-29 12:16:41.137,51.59135,False,16.85752,1.618164,-5.311783,0,0,0,1,0,0,-1,False,-1,-1,0,0,0,-1
2026-06-29 12:16:41.194,51.64756,True,16.85752,1.618164,-5.311783,0.949584,0.1470892,0,0.2768665,-0.08144814,0.5258159,0.8466899,False,-1,-1,0,0,0,-1
2026-06-29 12:16:41.263,51.71535,True,16.85752,1.618164,-5.311783,0.9527925,0.1674726,0,0.2532575,-0.08482738,0.4826036,0.8717213,False,-1,-1,0,0,0,-1
2026-06-29 12:16:41.329,51.78213,True,16.85752,1.618164,-5.311783,0.9498876,-0.2827471,0,0.1332959,0.07537802,0.2532321,0.9644644,True,0.2207001,0.7292322,17.17107,2.671508,-1.3,4.159597
2026-06-29 12:16:41.397,51.84786,False,16.85752,1.618164,-5.311783,0,0,0,1,0,0,-1,False,-1,-1,0,0,0,-1
2026-06-29 12:16:41.461,51.91421,False,16.85752,1.618164,-5.311783,0,0,0,1,0,0,-1,False,-1,-1,0,0,0,-1
2026-06-29 12:16:41.497,51.94783,False,16.85752,1.618164,-5.311783,0,0,0,1,0,0,-1,False,-1,-1,0,0,0,-1
2026-06-29 12:16:41.540,51.99228,False,16.85752,1.618164,-5.311783,0,0,0,1,0,0,-1,False,-1,-1,0,0,0,-1
2026-06-29 12:16:41.595,52.0472,False,16.85752,1.618164,-5.311783,0,0,0,1,0,0,-1,False,-1,-1,0,0,0,-1
2026-06-29 12:16:41.663,52.1143,False,16.85752,1.618164,-5.311783,0,0,0,1,0,0,-1,False,-1,-1,0,0,0,-1
2026-06-29 12:16:41.727,52.18077,False,16.85752,1.618164,-5.311783,0,0,0,1,0,0,-1,False,-1,-1,0,0,0,-1
2026-06-29 12:16:41.793,52.24696,False,16.85752,1.618164,-5.311783,0,0,0,1,0,0,-1,False,-1,-1,0,0,0,-1
2026-06-29 12:16:41.827,52.28043,False,16.85752,1.618164,-5.311783,0,0,0,1,0,0,-1,False,-1,-1,0,0,0,-1
2026-06-29 12:16:41.862,52.31417,False,16.85752,1.618164,-5.311783,0,0,0,1,0,0,-1,False,-1,-1,0,0,0,-1
2026-06-29 12:16:41.914,52.36628,False,16.85752,1.618164,-5.311783,0,0,0,1,0,0,-1,False,-1,-1,0,0,0,-1
2026-06-29 12:16:41.954,52.40685,False,16.85752,1.618164,-5.311783,0,0,0,1,0,0,-1,False,-1,-1,0,0,0,-1
2026-06-29 12:16:41.998,52.44971,False,16.85752,1.618164,-5.311783,0,0,0,1,0,0,-1,False,-1,-1,0,0,0,-1
2026-06-29 12:16:42.044,52.49519,False,16.85752,1.618164,-5.311783,0,0,0,1,0,0,-1,False,-1,-1,0,0,0,-1
2026-06-29 12:16:42.086,52.53918,False,16.85752,1.618164,-5.311783,0,0,0,1,0,0,-1,False,-1,-1,0,0,0,-1
2026-06-29 12:16:42.128,52.57956,False,16.85752,1.618164,-5.311783,0,0,0,1,0,0,-1,False,-1,-1,0,0,0,-1
2026-06-29 12:16:42.173,52.62517,False,16.85752,1.618164,-5.311783,0,0,0,1,0,0,-1,False,-1,-1,0,0,0,-1
2026-06-29 12:16:42.219,52.67273,False,16.85752,1.618164,-5.311783,0,0,0,1,0,0,-1,False,-1,-1,0,0,0,-1
2026-06-29 12:16:42.261,52.71315,False,16.85752,1.618164,-5.311783,0,0,0,1,0,0,-1,False,-1,-1,0,0,0,-1
2026-06-29 12:16:42.304,52.75818,False,16.85752,1.618164,-5.311783,0,0,0,1,0,0,-1,False,-1,-1,0,0,0,-1
2026-06-29 12:16:42.350,52.80164,False,16.85752,1.618164,-5.311783,0,0,0,1,0,0,-1,False,-1,-1,0,0,0,-1
2026-06-29 12:16:42.396,52.8484,False,16.85752,1.618164,-5.311783,0,0,0,1,0,0,-1,False,-1,-1,0,0,0,-1
2026-06-29 12:16:42.439,52.89278,False,16.85752,1.618164,-5.311783,0,0,0,1,0,0,-1,False,-1,-1,0,0,0,-1
2026-06-29 12:16:42.482,52.9349,False,16.85752,1.618164,-5.311783,0,0,0,1,0,0,-1,False,-1,-1,0,0,0,-1
2026-06-29 12:16:42.528,52.982,False,16.85752,1.618164,-5.311783,0,0,0,1,0,0,-1,False,-1,-1,0,0,0,-1
2026-06-29 12:16:42.573,53.02601,False,16.85752,1.618164,-5.311783,0,0,0,1,0,0,-1,False,-1,-1,0,0,0,-1
2026-06-29 12:16:42.627,53.08125,False,16.85752,1.618164,-5.311783,0,0,0,1,0,0,-1,False,-1,-1,0,0,0,-1
2026-06-29 12:16:42.670,53.12447,False,16.85752,1.618164,-5.311783,0,0,0,1,0,0,-1,False,-1,-1,0,0,0,-1
2026-06-29 12:16:42.715,53.16836,False,16.85752,1.618164,-5.311783,0,0,0,1,0,0,-1,False,-1,-1,0,0,0,-1
2026-06-29 12:16:42.760,53.21389,False,16.85752,1.618164,-5.311783,0,0,0,1,0,0,-1,False,-1,-1,0,0,0,-1
2026-06-29 12:16:42.803,53.257,False,16.85752,1.618164,-5.311783,0,0,0,1,0,0,-1,False,-1,-1,0,0,0,-1
2026-06-29 12:16:42.849,53.30161,False,16.85752,1.618164,-5.311783,0,0,0,1,0,0,-1,False,-1,-1,0,0,0,-1
2026-06-29 12:16:42.891,53.34502,False,16.85752,1.618164,-5.311783,0,0,0,1,0,0,-1,False,-1,-1,0,0,0,-1
2026-06-29 12:16:42.938,53.39196,False,16.85752,1.618164,-5.311783,0,0,0,1,0,0,-1,False,-1,-1,0,0,0,-1
2026-06-29 12:16:42.981,53.4339,False,16.85752,1.618164,-5.311783,0,0,0,1,0,0,-1,False,-1,-1,0,0,0,-1
2026-06-29 12:16:43.027,53.48068,False,16.85752,1.618164,-5.311783,0,0,0,1,0,0,-1,False,-1,-1,0,0,0,-1
2026-06-29 12:16:43.083,53.53496,False,16.85752,1.618164,-5.311783,0,0,0,1,0,0,-1,False,-1,-1,0,0,0,-1
2026-06-29 12:16:43.123,53.57747,False,16.85752,1.618164,-5.311783,0,0,0,1,0,0,-1,False,-1,-1,0,0,0,-1
2026-06-29 12:16:43.169,53.62189,False,16.85752,1.618164,-5.311783,0,0,0,1,0,0,-1,False,-1,-1,0,0,0,-1
2026-06-29 12:16:43.215,53.66698,False,16.85752,1.618164,-5.311783,0,0,0,1,0,0,-1,False,-1,-1,0,0,0,-1
2026-06-29 12:16:43.260,53.7138,False,16.85752,1.618164,-5.311783,0,0,0,1,0,0,-1,False,-1,-1,0,0,0,-1
2026-06-29 12:16:43.305,53.75622,False,16.85752,1.618164,-5.311783,0,0,0,1,0,0,-1,False,-1,-1,0,0,0,-1
2026-06-29 12:16:43.348,53.80026,False,16.85752,1.618164,-5.311783,0,0,0,1,0,0,-1,False,-1,-1,0,0,0,-1
2026-06-29 12:16:43.391,53.8438,False,16.85752,1.618164,-5.311783,0,0,0,1,0,0,-1,False,-1,-1,0,0,0,-1
2026-06-29 12:16:43.434,53.88455,False,16.85752,1.618164,-5.311783,0,0,0,1,0,0,-1,False,-1,-1,0,0,0,-1
2026-06-29 12:16:43.479,53.93129,True,16.85752,1.618164,-5.311783,0.9359957,0.3386973,0,0.09589672,-0.06495992,0.1795178,0.9816077,True,0.1260661,0.6366532,16.59204,2.351845,-1.3,4.086952
2026-06-29 12:16:43.521,53.97322,True,16.85752,1.618164,-5.311783,0.9864933,0.06035361,0,0.1522773,-0.01838097,0.300441,0.9536233,True,0.1568183,0.7902183,16.7802,2.882085,-1.3,4.206885
2026-06-29 12:16:43.561,54.01626,True,16.85752,1.618164,-5.311783,0.9865176,0.0724107,0,0.1467642,-0.0212546,0.2895709,0.9569205,True,0.1548929,0.7757589,16.76842,2.832159,-1.3,4.192389
2026-06-29 12:16:43.604,54.05651,True,16.85752,1.618164,-5.311783,0.9760112,0.1908339,0,0.1048077,-0.04000171,0.204587,0.9780307,True,0.1426393,0.6672117,16.69344,2.45736,-1.3,4.101899
2026-06-29 12:16:43.647,54.10077,True,16.85752,1.618164,-5.311783,0.9463481,0.3148324,0,0.07284207,-0.04586608,0.1378679,0.9893881,True,0.1390608,0.5860714,16.67155,2.177193,-1.3,4.054813
2026-06-29 12:16:43.695,54.14825,True,16.85752,1.618164,-5.311783,0.9115563,0.4048097,0,0.07207183,-0.05835073,0.131395,0.9896113,True,0.130796,0.5784353,16.62098,2.150827,-1.3,4.053898
2026-06-29 12:16:43.737,54.19066,True,16.85752,1.618164,-5.311783,0.9355202,0.3453778,0,0.07427086,-0.05130301,0.1389638,0.9889677,True,0.1354432,0.5874276,16.64941,2.181876,-1.3,4.056537
2026-06-29 12:16:43.781,54.23359,True,16.85752,1.618164,-5.311783,0.9103247,0.4079782,0,0.06973377,-0.05689971,0.1269607,0.9902744,True,0.1317825,0.5731292,16.62701,2.132505,-1.3,4.051184
2026-06-29 12:16:43.828,54.28096,True,16.85752,1.618164,-5.311783,0.922091,0.3801418,0,0.07239033,-0.05503718,0.133501,0.9895193,True,0.132988,0.5809224,16.63439,2.159414,-1.3,4.054276
2026-06-29 12:16:43.869,54.32252,True,16.85752,1.618164,-5.311783,0.9897483,0.1238193,0,0.07118403,-0.01762792,0.1409085,0.9898657,True,0.1577798,0.5895622,16.78608,2.189246,-1.3,4.052856
2026-06-29 12:16:43.916,54.36845,True,16.85752,1.618164,-5.311783,0.9210687,-0.3733209,0,0.1107434,0.08268565,0.2040045,0.9754719,True,0.2250338,0.6671556,17.19758,2.457166,-1.3,4.11266
2026-06-29 12:16:43.962,54.41428,True,16.85752,1.618164,-5.311783,0.9282578,-0.3585294,0,0.09896583,0.0709643,0.1837316,0.9804115,True,0.2169148,0.641906,17.14791,2.369983,-1.3,4.091938
2026-06-29 12:16:44.005,54.45811,True,16.85752,1.618164,-5.311783,0.9267633,-0.3613494,0,0.1026468,0.0741827,0.1902585,0.9789273,True,0.2191424,0.6499829,17.16154,2.397871,-1.3,4.098143
2026-06-29 12:16:44.047,54.50018,True,16.85752,1.618164,-5.311783,0.9324508,-0.3460658,0,0.1037977,0.07184163,0.1935724,0.9784521,True,0.2175977,0.6540276,17.15208,2.411837,-1.3,4.100133
2026-06-29 12:16:44.095,54.54659,True,16.85752,1.618164,-5.311783,0.9335061,-0.3432527,0,0.1036533,0.07115859,0.1935221,0.978512,True,0.2171372,0.6539538,17.14927,2.411582,-1.3,4.099882
2026-06-29 12:16:44.137,54.58933,True,16.85752,1.618164,-5.311783,0.9309288,-0.3493996,0,0.1062624,0.07425603,0.1978453,0.9774166,True,0.2192684,0.6593505,17.16231,2.430216,-1.3,4.104476
2026-06-29 12:16:44.182,54.63326,True,16.85752,1.618164,-5.311783,0.9325471,-0.344754,0,0.107241,0.07394349,0.2000145,0.9769988,True,0.21908,0.6620307,17.16115,2.43947,-1.3,4.106232
2026-06-29 12:16:44.230,54.6817,True,16.85752,1.618164,-5.311783,0.9348349,-0.3375446,0,0.1102151,0.07440502,0.2060658,0.9757053,True,0.2194558,0.669552,17.16345,2.46544,-1.3,4.111676
2026-06-29 12:16:44.278,54.73029,True,16.85752,1.618164,-5.311783,0.9466729,-0.3042363,0,0.1060703,0.06454085,0.2008277,0.9774982,True,0.2127477,0.6628758,17.12241,2.442388,-1.3,4.104134
2026-06-29 12:16:44.318,54.77186,True,16.85752,1.618164,-5.311783,0.9339973,-0.3407708,0,0.1073515,0.07316452,0.200532,0.9769513,True,0.2185595,0.6626577,17.15797,2.441635,-1.3,4.106431
2026-06-29 12:16:44.363,54.8152,True,16.85752,1.618164,-5.311783,0.9368559,-0.3331107,0,0.1064821,0.07094063,0.1995167,0.9773231,True,0.2170489,0.6613599,17.14873,2.437154,-1.3,4.104869
2026-06-29 12:16:44.407,54.85859,True,16.85752,1.618164,-5.311783,0.9336116,-0.3419776,0,0.106868,0.07309289,0.1995464,0.9771584,True,0.2185011,0.6614352,17.15761,2.437414,-1.3,4.105561
2026-06-29 12:16:44.447,54.90047,True,16.85752,1.618164,-5.311783,0.9414204,-0.3201197,0,0.1060705,0.06791049,0.1997138,0.9774981,True,0.2150079,0.6615518,17.13624,2.437817,-1.3,4.104135
2026-06-29 12:16:44.493,54.94673,True,16.85752,1.618164,-5.311783,0.9268553,-0.3605858,0,0.1044859,0.07535221,0.1936865,0.9781654,True,0.219965,0.6542305,17.16657,2.412538,-1.3,4.101335
2026-06-29 12:16:44.535,54.98913,True,16.85752,1.618164,-5.311783,0.9264493,-0.3610432,0,0.1064868,0.07689267,0.1973092,0.9773211,True,0.2210422,0.6587361,17.17316,2.428095,-1.3,4.104877
2026-06-29 12:16:44.580,55.03452,True,16.85752,1.618164,-5.311783,0.916124,-0.386411,0,0.1067875,0.08252767,0.1956611,0.9771929,True,0.2248299,0.6568072,17.19633,2.421434,-1.3,4.105416
2026-06-29 12:16:44.634,55.08032,True,16.85752,1.618164,-5.311783,0.9156274,-0.3881933,0,0.1045585,0.08117786,0.1914733,0.978135,True,0.2238717,0.6516088,17.19047,2.403485,-1.3,4.101462
2026-06-29 12:16:44.676,55.128,True,16.85752,1.618164,-5.311783,0.9175994,-0.3838539,0,0.1032841,0.07929198,0.1895468,0.9786648,True,0.2225788,0.6491984,17.18256,2.395163,-1.3,4.099242
2026-06-29 12:16:44.718,55.16941,True,16.85752,1.618164,-5.311783,0.9157953,-0.3879528,0,0.103979,0.0806779,0.190447,0.9783767,True,0.2235231,0.6503337,17.18834,2.399082,-1.3,4.100449
2026-06-29 12:16:44.759,55.2117,True,16.85752,1.618164,-5.311783,0.9181694,-0.3825428,0,0.1030822,0.07886668,0.1892938,0.9787481,True,0.2222893,0.6488789,17.18079,2.394059,-1.3,4.098893
2026-06-29 12:16:44.805,55.25655,True,16.85752,1.618164,-5.311783,0.9225472,-0.3715169,0,0.1043163,0.07751053,0.1924734,0.9782362,True,0.2214081,0.6527731,17.1754,2.407505,-1.3,4.101038
2026-06-29 12:16:44.847,55.30106,True,16.85752,1.618164,-5.311783,0.9298347,-0.3517634,0,0.1080282,0.07600075,0.2008968,0.9766598,True,0.2204783,0.6631628,17.16971,2.443379,-1.3,4.107657
2026-06-29 12:16:44.894,55.34601,True,16.85752,1.618164,-5.311783,0.9273887,-0.3581048,0,0.1082183,0.07750697,0.2007208,0.9765776,True,0.2214938,0.6629736,17.17592,2.442726,-1.3,4.108003
2026-06-29 12:16:44.936,55.39007,True,16.85752,1.618164,-5.311783,0.9759179,-0.1915154,0,0.1044329,0.04000103,0.2038359,0.9781876,True,0.1962684,0.6662806,17.02158,2.454145,-1.3,4.101242
2026-06-29 12:16:44.984,55.43577,True,16.85752,1.618164,-5.311783,0.9736339,0.2093991,0,0.09049367,-0.03789859,0.1762154,0.9836218,True,0.1441935,0.6323171,16.70295,2.336874,-1.3,4.078584
2026-06-29 12:16:45.030,55.48041,True,16.85752,1.618164,-5.311783,0.9778758,0.1879887,0,0.09175688,-0.03449851,0.1794536,0.9831614,True,0.1464493,0.6362416,16.71675,2.350424,-1.3,4.080493
2026-06-29 12:16:45.072,55.52394,True,16.85752,1.618164,-5.311783,0.9833012,0.1569677,0,0.09208713,-0.0289094,0.1810988,0.98304,True,0.1501743,0.6382121,16.73955,2.357228,-1.3,4.080997
2026-06-29 12:16:45.117,55.56793,True,16.85752,1.618164,-5.311783,0.9831663,0.1576311,0,0.09239305,-0.02912804,0.1816754,0.9829271,True,0.1500262,0.6389183,16.73864,2.359667,-1.3,4.081466
2026-06-29 12:16:45.160,55.61149,True,16.85752,1.618164,-5.311783,0.9852592,0.145177,0,0.0904873,-0.02627334,0.1783068,0.983624,True,0.1519428,0.6347871,16.75037,2.345402,-1.3,4.078574
2026-06-29 12:16:45.202,55.65634,True,16.85752,1.618164,-5.311783,0.9849352,0.1474756,0,0.09029808,-0.02663352,0.1778755,0.9836925,True,0.151704,0.634263,16.74891,2.343592,-1.3,4.07829
2026-06-29 12:16:45.249,55.70053,True,16.85752,1.618164,-5.311783,0.9838353,0.154596,0,0.09037857,-0.02794433,0.1778352,0.9836634,True,0.1508298,0.6342217,16.74356,2.34345,-1.3,4.078411
2026-06-29 12:16:45.293,55.74348,True,16.85752,1.618164,-5.311783,0.9814727,0.1701812,0,0.08803228,-0.02996287,0.1728025,0.9845006,True,0.1495013,0.6281036,16.73543,2.322325,-1.3,4.074943
2026-06-29 12:16:45.336,55.79026,True,16.85752,1.618164,-5.311783,0.9786133,0.1876336,0,0.08431928,-0.03164225,0.1650319,0.9857805,True,0.1484103,0.6186803,16.72875,2.289787,-1.3,4.069652
2026-06-29 12:16:45.381,55.83305,True,16.85752,1.618164,-5.311783,0.9805799,0.1762916,0,0.08593264,-0.0302984,0.1685276,0.9852312,True,0.1492928,0.6229111,16.73415,2.304396,-1.3,4.071921
2026-06-29 12:16:45.427,55.88077,True,16.85752,1.618164,-5.311783,0.980733,0.1759235,0,0.08493328,-0.02988352,0.1665937,0.9855726,True,0.1495758,0.6205624,16.73588,2.296286,-1.3,4.07051
2026-06-29 12:16:45.470,55.9231,True,16.85752,1.618164,-5.311783,0.9805021,0.1764327,0,0.08652925,-0.03053317,0.1696842,0.9850254,True,0.1491323,0.6243168,16.73317,2.309249,-1.3,4.072772
2026-06-29 12:16:45.514,55.9665,True,16.85752,1.618164,-5.311783,0.9778999,0.1902367,0,0.08672817,-0.03299777,0.1696229,0.9849565,True,0.1474903,0.6242586,16.72312,2.309048,-1.3,4.073057
2026-06-29 12:16:45.559,56.01019,True,16.85752,1.618164,-5.311783,0.9207916,0.3799076,0,0.08839112,-0.06716091,0.1627796,0.984374,True,0.124722,0.6162996,16.58381,2.281567,-1.3,4.075467
2026-06-29 12:16:45.603,56.05556,True,16.85752,1.618164,-5.311783,0.9273102,0.3637084,0,0.08838589,-0.06429338,0.1639223,0.9843759,True,0.1266321,0.617648,16.5955,2.286223,-1.3,4.075459
2026-06-29 12:16:45.649,56.10143,True,16.85752,1.618164,-5.311783,0.928475,0.3609101,0,0.08762512,-0.06324959,0.1627155,0.9846437,True,0.1273388,0.6161714,16.59982,2.281124,-1.3,4.074351
2026-06-29 12:16:45.692,56.14476,True,16.85752,1.618164,-5.311783,0.9334247,0.3478062,0,0.08803015,-0.06123487,0.164339,0.9845014,True,0.1286745,0.6181152,16.608,2.287836,-1.3,4.074939
2026-06-29 12:16:45.739,56.18953,True,16.85752,1.618164,-5.311783,0.9284421,0.3610486,0,0.08740297,-0.06311344,0.1622972,0.9847215,True,0.1274327,0.6156626,16.6004,2.279368,-1.3,4.074028
2026-06-29 12:16:45.777,56.23199,True,16.85752,1.618164,-5.311783,0.9290071,0.3596828,0,0.08702933,-0.0626059,0.1617017,0.9848518,True,0.1277763,0.6149349,16.6025,2.276855,-1.3,4.07349
2026-06-29 12:16:45.824,56.27818,True,16.85752,1.618164,-5.311783,0.9226022,0.375228,0,0.08949366,-0.06716105,0.1651341,0.9839817,True,0.1247042,0.6191565,16.5837,2.291431,-1.3,4.077091
2026-06-29 12:16:45.873,56.3234,True,16.85752,1.618164,-5.311783,0.735566,0.6680022,0,0.1127646,-0.150654,0.1658916,0.9745682,True,0.06809974,0.6219429,16.23736,2.301053,-1.3,4.116472
2026-06-29 12:16:45.914,56.36675,True,16.85752,1.618164,-5.311783,0.7288731,0.6755661,0,0.1111508,-0.1501795,0.1620297,0.975291,True,0.06849384,0.6171957,16.23977,2.284661,-1.3,4.113422
2026-06-29 12:16:45.961,56.41302,True,16.85752,1.618164,-5.311783,0.7364894,0.6670266,0,0.1125121,-0.1500972,0.165728,0.974682,True,0.06848609,0.6217248,16.23973,2.300299,-1.3,4.115993
2026-06-29 12:16:46.003,56.4564,True,16.85752,1.618164,-5.311783,0.7409946,0.6628632,0,0.1074217,-0.1424117,0.1591977,0.9769212,True,0.07387573,0.6135054,16.2727,2.271919,-1.3,4.106558
2026-06-29 12:16:46.049,56.50183,True,16.85752,1.618164,-5.311783,0.5068024,0.8373663,0,0.2048636,-0.3430917,0.2076507,0.9160618,False,-1,-1,0,0,0,-1
2026-06-29 12:16:46.093,56.54471,True,16.85752,1.618164,-5.311783,0.367067,0.8922381,0,0.2630075,-0.4693306,0.1930827,0.8616542,False,-1,-1,0,0,0,-1
2026-06-29 12:16:46.136,56.58931,True,16.85752,1.618164,-5.311783,0.3491642,0.8981345,0,0.2672803,-0.4801074,0.1866494,0.8571225,False,-1,-1,0,0,0,-1
2026-06-29 12:16:46.183,56.63392,True,16.85752,1.618164,-5.311783,0.3766917,0.8802444,0,0.2885707,-0.5080255,0.2174044,0.833454,False,-1,-1,0,0,0,-1
2026-06-29 12:16:46.224,56.67865,True,16.85752,1.618164,-5.311783,0.3682192,0.8803554,0,0.2989802,-0.5264176,0.2201804,0.8212217,False,-1,-1,0,0,0,-1
2026-06-29 12:16:46.269,56.72279,False,16.85752,1.618164,-5.311783,0,0,0,1,0,0,-1,False,-1,-1,0,0,0,-1
2026-06-29 12:16:46.318,56.76881,False,16.85752,1.618164,-5.311783,0,0,0,1,0,0,-1,False,-1,-1,0,0,0,-1
2026-06-29 12:16:46.360,56.81301,False,16.85752,1.618164,-5.311783,0,0,0,1,0,0,-1,False,-1,-1,0,0,0,-1
2026-06-29 12:16:46.404,56.85723,False,16.85752,1.618164,-5.311783,0,0,0,1,0,0,-1,False,-1,-1,0,0,0,-1
2026-06-29 12:16:46.447,56.89907,False,16.85752,1.618164,-5.311783,0,0,0,1,0,0,-1,False,-1,-1,0,0,0,-1
2026-06-29 12:16:46.494,56.94741,False,16.85752,1.618164,-5.311783,0,0,0,1,0,0,-1,False,-1,-1,0,0,0,-1
2026-06-29 12:16:46.536,56.9899,True,16.85752,1.618164,-5.311783,0.643797,0.7141894,0,0.2746979,-0.3923727,0.3536994,0.8490821,False,-1,-1,0,0,0,-1
2026-06-29 12:16:46.578,57.03217,True,16.85752,1.618164,-5.311783,0.9000036,0.3555801,0,0.2521037,-0.1792861,0.4537885,0.8728874,False,-1,-1,0,0,0,-1
2026-06-29 12:16:46.623,57.07676,False,16.85752,1.618164,-5.311783,0,0,0,1,0,0,-1,False,-1,-1,0,0,0,-1
2026-06-29 12:16:46.668,57.12215,False,16.85752,1.618164,-5.311783,0,0,0,1,0,0,-1,False,-1,-1,0,0,0,-1
2026-06-29 12:16:46.714,57.16602,False,16.85752,1.618164,-5.311783,0,0,0,1,0,0,-1,False,-1,-1,0,0,0,-1
2026-06-29 12:16:46.760,57.21177,False,16.85752,1.618164,-5.311783,0,0,0,1,0,0,-1,False,-1,-1,0,0,0,-1
2026-06-29 12:16:46.803,57.25433,False,16.85752,1.618164,-5.311783,0,0,0,1,0,0,-1,False,-1,-1,0,0,0,-1
2026-06-29 12:16:46.846,57.2987,False,16.85752,1.618164,-5.311783,0,0,0,1,0,0,-1,False,-1,-1,0,0,0,-1
2026-06-29 12:16:46.889,57.34285,False,16.85752,1.618164,-5.311783,0,0,0,1,0,0,-1,False,-1,-1,0,0,0,-1
2026-06-29 12:16:46.935,57.38832,False,16.85752,1.618164,-5.311783,0,0,0,1,0,0,-1,False,-1,-1,0,0,0,-1
2026-06-29 12:16:46.978,57.43227,False,16.85752,1.618164,-5.311783,0,0,0,1,0,0,-1,False,-1,-1,0,0,0,-1
2026-06-29 12:16:47.037,57.49032,False,16.85752,1.618164,-5.311783,0,0,0,1,0,0,-1,False,-1,-1,0,0,0,-1
2026-06-29 12:16:47.078,57.53259,False,16.85752,1.618164,-5.311783,0,0,0,1,0,0,-1,False,-1,-1,0,0,0,-1
2026-06-29 12:16:47.126,57.57686,False,16.85752,1.618164,-5.311783,0,0,0,1,0,0,-1,False,-1,-1,0,0,0,-1
2026-06-29 12:16:47.168,57.62184,False,16.85752,1.618164,-5.311783,0,0,0,1,0,0,-1,False,-1,-1,0,0,0,-1
2026-06-29 12:16:47.218,57.6699,False,16.85752,1.618164,-5.311783,0,0,0,1,0,0,-1,False,-1,-1,0,0,0,-1
2026-06-29 12:16:47.261,57.71304,False,16.85752,1.618164,-5.311783,0,0,0,1,0,0,-1,False,-1,-1,0,0,0,-1
2026-06-29 12:16:47.303,57.75781,False,16.85752,1.618164,-5.311783,0,0,0,1,0,0,-1,False,-1,-1,0,0,0,-1
2026-06-29 12:16:47.349,57.80072,False,16.85752,1.618164,-5.311783,0,0,0,1,0,0,-1,False,-1,-1,0,0,0,-1
2026-06-29 12:16:47.388,57.84274,False,16.85752,1.618164,-5.311783,0,0,0,1,0,0,-1,False,-1,-1,0,0,0,-1
2026-06-29 12:16:47.437,57.88961,False,16.85752,1.618164,-5.311783,0,0,0,1,0,0,-1,False,-1,-1,0,0,0,-1
2026-06-29 12:16:47.480,57.93273,False,16.85752,1.618164,-5.311783,0,0,0,1,0,0,-1,False,-1,-1,0,0,0,-1
2026-06-29 12:16:47.537,57.98962,False,16.85752,1.618164,-5.311783,0,0,0,1,0,0,-1,False,-1,-1,0,0,0,-1
2026-06-29 12:16:47.579,58.03255,False,16.85752,1.618164,-5.311783,0,0,0,1,0,0,-1,False,-1,-1,0,0,0,-1
2026-06-29 12:16:47.624,58.07669,False,16.85752,1.618164,-5.311783,0,0,0,1,0,0,-1,False,-1,-1,0,0,0,-1
2026-06-29 12:16:47.668,58.1217,False,16.85752,1.618164,-5.311783,0,0,0,1,0,0,-1,False,-1,-1,0,0,0,-1
2026-06-29 12:16:47.713,58.16609,False,16.85752,1.618164,-5.311783,0,0,0,1,0,0,-1,False,-1,-1,0,0,0,-1
2026-06-29 12:16:47.760,58.21449,False,16.85752,1.618164,-5.311783,0,0,0,1,0,0,-1,False,-1,-1,0,0,0,-1
2026-06-29 12:16:47.804,58.25801,False,16.85752,1.618164,-5.311783,0,0,0,1,0,0,-1,False,-1,-1,0,0,0,-1
2026-06-29 12:16:47.846,58.29953,False,16.85752,1.618164,-5.311783,0,0,0,1,0,0,-1,False,-1,-1,0,0,0,-1
2026-06-29 12:16:47.894,58.34703,False,16.85752,1.618164,-5.311783,0,0,0,1,0,0,-1,False,-1,-1,0,0,0,-1
2026-06-29 12:16:47.943,58.39231,False,16.85752,1.618164,-5.311783,0,0,0,1,0,0,-1,False,-1,-1,0,0,0,-1
2026-06-29 12:16:47.983,58.43547,False,16.85752,1.618164,-5.311783,0,0,0,1,0,0,-1,False,-1,-1,0,0,0,-1
2026-06-29 12:16:48.028,58.47896,False,16.85752,1.618164,-5.311783,0,0,0,1,0,0,-1,False,-1,-1,0,0,0,-1
2026-06-29 12:16:48.069,58.52245,False,16.85752,1.618164,-5.311783,0,0,0,1,0,0,-1,False,-1,-1,0,0,0,-1
2026-06-29 12:16:48.116,58.56766,False,16.85752,1.618164,-5.311783,0,0,0,1,0,0,-1,False,-1,-1,0,0,0,-1
2026-06-29 12:16:48.160,58.61378,False,16.85752,1.618164,-5.311783,0,0,0,1,0,0,-1,False,-1,-1,0,0,0,-1
2026-06-29 12:16:48.206,58.65902,False,16.85752,1.618164,-5.311783,0,0,0,1,0,0,-1,False,-1,-1,0,0,0,-1
2026-06-29 12:16:48.259,58.71305,False,16.85752,1.618164,-5.311783,0,0,0,1,0,0,-1,False,-1,-1,0,0,0,-1
2026-06-29 12:16:48.302,58.75551,False,16.85752,1.618164,-5.311783,0,0,0,1,0,0,-1,False,-1,-1,0,0,0,-1
2026-06-29 12:16:48.347,58.79791,False,16.85752,1.618164,-5.311783,0,0,0,1,0,0,-1,False,-1,-1,0,0,0,-1
2026-06-29 12:16:48.394,58.84579,False,16.85752,1.618164,-5.311783,0,0,0,1,0,0,-1,False,-1,-1,0,0,0,-1
2026-06-29 12:16:48.436,58.88917,False,16.85752,1.618164,-5.311783,0,0,0,1,0,0,-1,False,-1,-1,0,0,0,-1
2026-06-29 12:16:48.479,58.93296,False,16.85752,1.618164,-5.311783,0,0,0,1,0,0,-1,False,-1,-1,0,0,0,-1
2026-06-29 12:16:48.526,58.97997,False,16.85752,1.618164,-5.311783,0,0,0,1,0,0,-1,False,-1,-1,0,0,0,-1
2026-06-29 12:16:48.568,59.02081,False,16.85752,1.618164,-5.311783,0,0,0,1,0,0,-1,False,-1,-1,0,0,0,-1
2026-06-29 12:16:48.610,59.0646,False,16.85752,1.618164,-5.311783,0,0,0,1,0,0,-1,False,-1,-1,0,0,0,-1
2026-06-29 12:16:48.657,59.10931,False,16.85752,1.618164,-5.311783,0,0,0,1,0,0,-1,False,-1,-1,0,0,0,-1
2026-06-29 12:16:48.704,59.15462,False,16.85752,1.618164,-5.311783,0,0,0,1,0,0,-1,False,-1,-1,0,0,0,-1
2026-06-29 12:16:48.748,59.20066,False,16.85752,1.618164,-5.311783,0,0,0,1,0,0,-1,False,-1,-1,0,0,0,-1
2026-06-29 12:16:48.791,59.24331,False,16.85752,1.618164,-5.311783,0,0,0,1,0,0,-1,False,-1,-1,0,0,0,-1
2026-06-29 12:16:48.835,59.28777,False,16.85752,1.618164,-5.311783,0,0,0,1,0,0,-1,False,-1,-1,0,0,0,-1
2026-06-29 12:16:48.879,59.33279,False,16.85752,1.618164,-5.311783,0,0,0,1,0,0,-1,False,-1,-1,0,0,0,-1
2026-06-29 12:16:48.924,59.37599,False,16.85752,1.618164,-5.311783,0,0,0,1,0,0,-1,False,-1,-1,0,0,0,-1
2026-06-29 12:16:48.969,59.423,False,16.85752,1.618164,-5.311783,0,0,0,1,0,0,-1,False,-1,-1,0,0,0,-1
2026-06-29 12:16:49.012,59.46516,False,16.85752,1.618164,-5.311783,0,0,0,1,0,0,-1,False,-1,-1,0,0,0,-1
2026-06-29 12:16:49.055,59.50806,False,16.85752,1.618164,-5.311783,0,0,0,1,0,0,-1,False,-1,-1,0,0,0,-1
2026-06-29 12:16:49.104,59.5576,False,16.85752,1.618164,-5.311783,0,0,0,1,0,0,-1,False,-1,-1,0,0,0,-1
2026-06-29 12:16:49.147,59.59995,False,16.85752,1.618164,-5.311783,0,0,0,1,0,0,-1,False,-1,-1,0,0,0,-1
2026-06-29 12:16:49.192,59.64632,False,16.85752,1.618164,-5.311783,0,0,0,1,0,0,-1,False,-1,-1,0,0,0,-1
2026-06-29 12:16:49.233,59.68727,False,16.85752,1.618164,-5.311783,0,0,0,1,0,0,-1,False,-1,-1,0,0,0,-1
2026-06-29 12:16:49.278,59.73135,False,16.85752,1.618164,-5.311783,0,0,0,1,0,0,-1,False,-1,-1,0,0,0,-1
2026-06-29 12:16:49.326,59.77565,False,16.85752,1.618164,-5.311783,0,0,0,1,0,0,-1,False,-1,-1,0,0,0,-1
2026-06-29 12:16:49.368,59.82367,False,16.85752,1.618164,-5.311783,0,0,0,1,0,0,-1,False,-1,-1,0,0,0,-1
2026-06-29 12:16:49.417,59.87001,False,16.85752,1.618164,-5.311783,0,0,0,1,0,0,-1,False,-1,-1,0,0,0,-1
2026-06-29 12:16:49.462,59.91227,False,16.85752,1.618164,-5.311783,0,0,0,1,0,0,-1,False,-1,-1,0,0,0,-1
2026-06-29 12:16:49.505,59.95807,False,16.85752,1.618164,-5.311783,0,0,0,1,0,0,-1,False,-1,-1,0,0,0,-1
2026-06-29 12:16:49.548,60.00278,False,16.85752,1.618164,-5.311783,0,0,0,1,0,0,-1,False,-1,-1,0,0,0,-1
2026-06-29 12:16:49.597,60.05024,False,16.85752,1.618164,-5.311783,0,0,0,1,0,0,-1,False,-1,-1,0,0,0,-1
2026-06-29 12:16:49.637,60.09043,False,16.85752,1.618164,-5.311783,0,0,0,1,0,0,-1,False,-1,-1,0,0,0,-1
2026-06-29 12:16:49.676,60.13102,True,16.85752,1.618164,-5.311783,0.9497141,0.2379455,0,0.2035317,-0.09685889,0.3865937,0.9171498,True,0.1002121,0.9139161,16.43385,3.309197,-1.3,4.374186
2026-06-29 12:16:49.718,60.17275,True,16.85752,1.618164,-5.311783,0.9501165,0.1437062,0,0.2768164,-0.07956047,0.5260156,0.8467454,False,-1,-1,0,0,0,-1
2026-06-29 12:16:49.766,60.21867,True,16.85752,1.618164,-5.311783,0.96915,-0.035754,0,0.2438646,0.01743827,0.4726828,0.8810601,False,-1,-1,0,0,0,-1
2026-06-29 12:16:49.811,60.26355,True,16.85752,1.618164,-5.311783,0.9727896,-0.041714,0,0.2279043,0.0190136,0.4434058,0.8961193,True,0.183368,0.9990699,16.94265,3.603222,-1.3,4.476841
2026-06-29 12:16:49.853,60.30569,False,16.85752,1.618164,-5.311783,0,0,0,1,0,0,-1,False,-1,-1,0,0,0,-1
2026-06-29 12:16:49.895,60.34925,True,16.85752,1.618164,-5.311783,0.961228,-0.1354553,0,0.2401927,0.06507074,0.46176,0.8846149,False,-1,-1,0,0,0,-1
2026-06-29 12:16:49.936,60.39001,True,16.85752,1.618164,-5.311783,0.9696028,0.009293599,0,0.2445081,-0.004544719,0.4741513,0.8804317,False,-1,-1,0,0,0,-1
2026-06-29 12:16:49.978,60.43047,False,16.85752,1.618164,-5.311783,0,0,0,1,0,0,-1,False,-1,-1,0,0,0,-1
2026-06-29 12:16:50.022,60.4754,False,16.85752,1.618164,-5.311783,0,0,0,1,0,0,-1,False,-1,-1,0,0,0,-1
2026-06-29 12:16:50.073,60.52152,False,16.85752,1.618164,-5.311783,0,0,0,1,0,0,-1,False,-1,-1,0,0,0,-1
2026-06-29 12:16:50.117,60.56783,False,16.85752,1.618164,-5.311783,0,0,0,1,0,0,-1,False,-1,-1,0,0,0,-1
2026-06-29 12:16:50.162,60.61306,False,16.85752,1.618164,-5.311783,0,0,0,1,0,0,-1,False,-1,-1,0,0,0,-1
2026-06-29 12:16:50.209,60.66394,False,16.85752,1.618164,-5.311783,0,0,0,1,0,0,-1,False,-1,-1,0,0,0,-1
2026-06-29 12:16:50.255,60.706,False,16.85752,1.618164,-5.311783,0,0,0,1,0,0,-1,False,-1,-1,0,0,0,-1
2026-06-29 12:16:50.300,60.75351,False,16.85752,1.618164,-5.311783,0,0,0,1,0,0,-1,False,-1,-1,0,0,0,-1
2026-06-29 12:16:50.344,60.7956,False,16.85752,1.618164,-5.311783,0,0,0,1,0,0,-1,False,-1,-1,0,0,0,-1
2026-06-29 12:16:50.390,60.8405,False,16.85752,1.618164,-5.311783,0,0,0,1,0,0,-1,False,-1,-1,0,0,0,-1
2026-06-29 12:16:50.431,60.88313,False,16.85752,1.618164,-5.311783,0,0,0,1,0,0,-1,False,-1,-1,0,0,0,-1
2026-06-29 12:16:50.478,60.93142,False,16.85752,1.618164,-5.311783,0,0,0,1,0,0,-1,False,-1,-1,0,0,0,-1
2026-06-29 12:16:50.519,60.97216,False,16.85752,1.618164,-5.311783,0,0,0,1,0,0,-1,False,-1,-1,0,0,0,-1
2026-06-29 12:16:50.563,61.01576,False,16.85752,1.618164,-5.311783,0,0,0,1,0,0,-1,False,-1,-1,0,0,0,-1
2026-06-29 12:16:50.605,61.05742,False,16.85752,1.618164,-5.311783,0,0,0,1,0,0,-1,False,-1,-1,0,0,0,-1
2026-06-29 12:16:50.644,61.09777,False,16.85752,1.618164,-5.311783,0,0,0,1,0,0,-1,False,-1,-1,0,0,0,-1
2026-06-29 12:16:50.688,61.14135,False,16.85752,1.618164,-5.311783,0,0,0,1,0,0,-1,False,-1,-1,0,0,0,-1
2026-06-29 12:16:50.734,61.18633,False,16.85752,1.618164,-5.311783,0,0,0,1,0,0,-1,False,-1,-1,0,0,0,-1
2026-06-29 12:16:50.779,61.23109,False,16.85752,1.618164,-5.311783,0,0,0,1,0,0,-1,False,-1,-1,0,0,0,-1
2026-06-29 12:16:50.824,61.27596,False,16.85752,1.618164,-5.311783,0,0,0,1,0,0,-1,False,-1,-1,0,0,0,-1
2026-06-29 12:16:50.867,61.31973,False,16.85752,1.618164,-5.311783,0,0,0,1,0,0,-1,False,-1,-1,0,0,0,-1
2026-06-29 12:16:50.912,61.3655,False,16.85752,1.618164,-5.311783,0,0,0,1,0,0,-1,False,-1,-1,0,0,0,-1
2026-06-29 12:16:50.955,61.40816,False,16.85752,1.618164,-5.311783,0,0,0,1,0,0,-1,False,-1,-1,0,0,0,-1
2026-06-29 12:16:51.000,61.45264,False,16.85752,1.618164,-5.311783,0,0,0,1,0,0,-1,False,-1,-1,0,0,0,-1
2026-06-29 12:16:51.049,61.50116,False,16.85752,1.618164,-5.311783,0,0,0,1,0,0,-1,False,-1,-1,0,0,0,-1
2026-06-29 12:16:51.092,61.54581,True,16.85752,1.618164,-5.311783,0.6768153,0.6745876,0,0.2947077,-0.3976123,0.3989253,0.8262947,False,-1,-1,0,0,0,-1
2026-06-29 12:16:51.134,61.58588,True,16.85752,1.618164,-5.311783,0.4812546,0.824557,0,0.2974891,-0.4905934,0.286336,0.8230006,False,-1,-1,0,0,0,-1
2026-06-29 12:16:51.177,61.6306,True,16.85752,1.618164,-5.311783,0.5327692,0.7914913,0,0.2994969,-0.4740985,0.3191255,0.8206031,False,-1,-1,0,0,0,-1
2026-06-29 12:16:51.221,61.67309,True,16.85752,1.618164,-5.311783,-0.2735309,0.88148,0,0.3849337,-0.6786225,-0.2105825,0.7036522,False,-1,-1,0,0,0,-1
2026-06-29 12:16:51.263,61.71443,True,16.85752,1.618164,-5.311783,0.447662,0.8625663,0,0.2357501,-0.4067002,0.2110727,0.8888438,False,-1,-1,0,0,0,-1
2026-06-29 12:16:51.306,61.75891,True,16.85752,1.618164,-5.311783,0.8757382,0.4406635,0,0.1972266,-0.1738211,0.3454376,0.9222033,True,0.04587317,0.8593804,16.10137,3.120893,-1.3,4.350216
2026-06-29 12:16:51.351,61.80463,True,16.85752,1.618164,-5.311783,0.8398414,0.4483192,0,0.306066,-0.2744305,0.5140938,0.8126472,False,-1,-1,0,0,0,-1
2026-06-29 12:16:51.395,61.84727,True,16.85752,1.618164,-5.311783,0.6618273,0.7229818,0,0.1981968,-0.2865853,0.2623441,0.9214361,False,-1,-1,0,0,0,-1
2026-06-29 12:16:51.441,61.889,True,16.85752,1.618164,-5.311783,0.2392489,0.9453645,0,0.221463,-0.4187266,0.1059696,0.9019083,False,-1,-1,0,0,0,-1
2026-06-29 12:16:51.488,61.93975,True,16.85752,1.618164,-5.311783,0.697496,0.6897989,0,0.1941052,-0.2677871,0.2707752,0.9246464,False,-1,-1,0,0,0,-1
2026-06-29 12:16:51.528,61.98172,True,16.85752,1.618164,-5.311783,0.2183709,0.9494884,0,0.2253575,-0.4279485,0.098423,0.898428,False,-1,-1,0,0,0,-1
2026-06-29 12:16:51.574,62.02454,True,16.85752,1.618164,-5.311783,0.2377719,0.9457924,0,0.221227,-0.4184695,0.1052031,0.9021173,False,-1,-1,0,0,0,-1
2026-06-29 12:16:51.617,62.07084,True,16.85752,1.618164,-5.311783,0.2359671,0.944591,0,0.2281824,-0.4310781,0.1076871,0.8958656,False,-1,-1,0,0,0,-1
2026-06-29 12:16:51.660,62.11285,True,16.85752,1.618164,-5.311783,0.215031,0.9493957,0,0.2289313,-0.4346927,0.09845467,0.8951809,False,-1,-1,0,0,0,-1
2026-06-29 12:16:51.704,62.15582,True,16.85752,1.618164,-5.311783,0.7387275,0.6441826,0,0.198269,-0.2554428,0.2929334,0.9213788,False,-1,-1,0,0,0,-1
2026-06-29 12:16:51.747,62.20097,True,16.85752,1.618164,-5.311783,0.7129629,0.6720088,0,0.2002202,-0.2690994,0.2854991,0.9198238,False,-1,-1,0,0,0,-1
2026-06-29 12:16:51.789,62.24103,True,16.85752,1.618164,-5.311783,0.5309774,0.8234481,0,0.1999907,-0.3293639,0.2123811,0.9200075,False,-1,-1,0,0,0,-1
2026-06-29 12:16:51.834,62.28577,True,16.85752,1.618164,-5.311783,0.8129591,0.5573151,0,0.1688116,-0.1881624,0.2744738,0.9430053,True,0.03862774,0.7623459,16.05703,2.785846,-1.3,4.254253
2026-06-29 12:16:51.877,62.33006,True,16.85752,1.618164,-5.311783,0.8702409,0.4686248,0,0.1518934,-0.142362,0.2643677,0.9538568,True,0.07159877,0.7461886,16.25877,2.730057,-1.3,4.205855
2026-06-29 12:16:51.922,62.37461,True,16.85752,1.618164,-5.311783,0.9114817,0.37599,0,0.1668309,-0.1254535,0.3041267,0.9443349,True,0.08235192,0.7983534,16.32457,2.910175,-1.3,4.248263
2026-06-29 12:16:51.969,62.4209,True,16.85752,1.618164,-5.311783,0.9131914,0.3746879,0,0.1602826,-0.1201119,0.2927374,0.948619,True,0.08643723,0.7827139,16.34956,2.856174,-1.3,4.229078
2026-06-29 12:16:52.013,62.46473,True,16.85752,1.618164,-5.311783,0.8995586,0.3966385,0,0.1829545,-0.1451336,0.3291565,0.9330553,True,0.06746942,0.8340449,16.23351,3.033412,-1.3,4.299621
2026-06-29 12:16:52.058,62.51248,True,16.85752,1.618164,-5.311783,0.5757291,0.7956443,0,0.1883781,-0.2997638,0.2169094,0.9290274,False,-1,-1,0,0,0,-1
2026-06-29 12:16:52.101,62.55452,True,16.85752,1.618164,-5.311783,0.6511931,0.7376084,0,0.178554,-0.2634058,0.2325462,0.936237,False,-1,-1,0,0,0,-1
2026-06-29 12:16:52.144,62.59773,True,16.85752,1.618164,-5.311783,0.7119838,0.6758118,0,0.1906766,-0.257723,0.2715173,0.9272848,False,-1,-1,0,0,0,-1
2026-06-29 12:16:52.189,62.64085,True,16.85752,1.618164,-5.311783,0.8220991,0.5231338,0,0.2246871,-0.2350827,0.36943,0.8990315,False,-1,-1,0,0,0,-1
2026-06-29 12:16:52.234,62.68765,False,16.85752,1.618164,-5.311783,0,0,0,1,0,0,-1,False,-1,-1,0,0,0,-1
2026-06-29 12:16:52.276,62.7303,False,16.85752,1.618164,-5.311783,0,0,0,1,0,0,-1,False,-1,-1,0,0,0,-1
2026-06-29 12:16:52.325,62.77608,False,16.85752,1.618164,-5.311783,0,0,0,1,0,0,-1,False,-1,-1,0,0,0,-1
2026-06-29 12:16:52.367,62.82034,False,16.85752,1.618164,-5.311783,0,0,0,1,0,0,-1,False,-1,-1,0,0,0,-1
2026-06-29 12:16:52.413,62.86456,False,16.85752,1.618164,-5.311783,0,0,0,1,0,0,-1,False,-1,-1,0,0,0,-1
2026-06-29 12:16:52.457,62.90905,False,16.85752,1.618164,-5.311783,0,0,0,1,0,0,-1,False,-1,-1,0,0,0,-1
2026-06-29 12:16:52.501,62.95472,True,16.85752,1.618164,-5.311783,0.9185092,0.2818014,0,0.2773603,-0.156321,0.509516,0.8461425,False,-1,-1,0,0,0,-1
2026-06-29 12:16:52.545,62.99599,True,16.85752,1.618164,-5.311783,0.908056,0.331655,0,0.2558112,-0.1696821,0.4645818,0.8691213,False,-1,-1,0,0,0,-1
2026-06-29 12:16:52.589,63.04155,True,16.85752,1.618164,-5.311783,0.9031103,0.3860815,0,0.1879705,-0.1451438,0.3395161,0.9293342,True,0.06705391,0.8486378,16.23096,3.0838,-1.3,4.316836
2026-06-29 12:16:52.635,63.08686,True,16.85752,1.618164,-5.311783,0.7685239,0.6254055,0,0.1350518,-0.1689243,0.2075811,0.963522,True,0.05450499,0.6744819,16.15418,2.482463,-1.3,4.163666
2026-06-29 12:16:52.678,63.13157,False,16.85752,1.618164,-5.311783,0,0,0,1,0,0,-1,False,-1,-1,0,0,0,-1
2026-06-29 12:16:52.721,63.17377,False,16.85752,1.618164,-5.311783,0,0,0,1,0,0,-1,False,-1,-1,0,0,0,-1
2026-06-29 12:16:52.768,63.2206,False,16.85752,1.618164,-5.311783,0,0,0,1,0,0,-1,False,-1,-1,0,0,0,-1
2026-06-29 12:16:52.813,63.26617,True,16.85752,1.618164,-5.311783,0.6510768,0.7518213,0,0.1042293,-0.1567236,0.1357226,0.9782725,True,0.06441545,0.585363,16.21482,2.174747,-1.3,4.100885
2026-06-29 12:16:52.853,63.30696,True,16.85752,1.618164,-5.311783,0.9492786,0.2039841,0,0.239292,-0.09762349,0.4543095,0.8854787,False,-1,-1,0,0,0,-1
2026-06-29 12:16:52.899,63.35313,True,16.85752,1.618164,-5.311783,0.6330733,0.7685651,0,0.09233645,-0.1419331,0.1169114,0.982948,True,0.07478094,0.562361,16.27824,2.095324,-1.3,4.08138
2026-06-29 12:16:52.944,63.39747,True,16.85752,1.618164,-5.311783,0.6633411,0.7407372,0,0.1062403,-0.1573923,0.1409471,0.977426,True,0.06387591,0.5917131,16.21152,2.196673,-1.3,4.104437
2026-06-29 12:16:52.991,63.44147,True,16.85752,1.618164,-5.311783,0.6865119,0.7193885,0,0.1057424,-0.1521397,0.1451868,0.9776371,True,0.06742144,0.5967155,16.23321,2.213946,-1.3,4.103551
2026-06-29 12:16:53.033,63.48434,True,16.85752,1.618164,-5.311783,0.9823166,0.1544679,0,0.1058011,-0.03268575,0.2078603,0.9776123,True,0.1475345,0.671206,16.72339,2.471152,-1.3,4.103655
2026-06-29 12:16:53.076,63.53096,True,16.85752,1.618164,-5.311783,0.9504987,0.2925887,0,0.1046144,-0.06121796,0.1988717,0.9781116,True,0.1284194,0.6604025,16.60644,2.433848,-1.3,4.10156
2026-06-29 12:16:53.122,63.57354,True,16.85752,1.618164,-5.311783,0.9359555,0.332629,0,0.1155218,-0.07685176,0.2162464,0.9733094,True,0.1176853,0.6823089,16.54076,2.509488,-1.3,4.121797
2026-06-29 12:16:53.167,63.6203,True,16.85752,1.618164,-5.311783,0.9244255,0.3680802,0,0.09977237,-0.07344847,0.1844642,0.980091,True,0.1203203,0.6428459,16.55688,2.373228,-1.3,4.093277
2026-06-29 12:16:53.210,63.66234,True,16.85752,1.618164,-5.311783,0.8929308,0.4384272,0,0.1022558,-0.08966341,0.1826146,0.9790875,True,0.1094112,0.640875,16.49013,2.366423,-1.3,4.097472
2026-06-29 12:16:53.253,63.70641,True,16.85752,1.618164,-5.311783,0.8968697,0.4287183,0,0.1087451,-0.09324201,0.1950603,0.976349,True,0.1068395,0.6562934,16.4744,2.41966,-1.3,4.108964
2026-06-29 12:16:53.293,63.74767,True,16.85752,1.618164,-5.311783,0.855145,0.5090536,0,0.09793615,-0.0997095,0.1674992,0.980817,True,0.1028014,0.6225873,16.44969,2.303277,-1.3,4.090247
2026-06-29 12:16:53.334,63.78801,True,16.85752,1.618164,-5.311783,0.7888802,0.6076577,0,0.09176138,-0.111519,0.1447774,0.9831597,True,0.09508443,0.5952625,16.40247,2.208929,-1.3,4.080501
2026-06-29 12:16:53.392,63.82841,True,16.85752,1.618164,-5.311783,0.7610022,0.6423683,0,0.09076715,-0.1166118,0.138148,0.9835227,True,0.09171665,0.5873677,16.38186,2.181669,-1.3,4.078995
2026-06-29 12:16:53.415,63.86605,True,16.85752,1.618164,-5.311783,0.7864817,0.6105537,0,0.09311623,-0.1137049,0.1464684,0.9826587,True,0.09358805,0.5973492,16.39331,2.216134,-1.3,4.08258
2026-06-29 12:16:53.457,63.91191,True,16.85752,1.618164,-5.311783,0.7782454,0.6210245,0,0.09307344,-0.1156018,0.144868,0.9826747,True,0.0923236,0.595454,16.38558,2.20959,-1.3,4.082514
2026-06-29 12:16:53.501,63.95106,True,16.85752,1.618164,-5.311783,0.7671217,0.6342238,0,0.0963569,-0.1222237,0.1478349,0.9814307,True,0.08780199,0.5991836,16.35791,2.222468,-1.3,4.087689
2026-06-29 12:16:53.550,64.00269,True,16.85752,1.618164,-5.311783,0.7871957,0.6091882,0,0.09598284,-0.1169432,0.1511145,0.9815745,True,0.09134108,0.6030399,16.37957,2.235783,-1.3,4.08709
2026-06-29 12:16:53.594,64.04536,True,16.85752,1.618164,-5.311783,0.8207914,0.5619046,0,0.1027856,-0.1155114,0.168731,0.9788702,True,0.09208441,0.624444,16.38412,2.309689,-1.3,4.098382
2026-06-29 12:16:53.639,64.09061,True,16.85752,1.618164,-5.311783,0.8162271,0.5686464,0,0.1020521,-0.1160631,0.1665954,0.9791708,True,0.0917387,0.6218483,16.382,2.300726,-1.3,4.097124
2026-06-29 12:16:53.679,64.13287,True,16.85752,1.618164,-5.311783,0.8441923,0.5274676,0,0.09548526,-0.1007307,0.1612158,0.9817652,True,0.1021837,0.6149595,16.44591,2.27694,-1.3,4.086297
2026-06-29 12:16:53.721,64.17306,True,16.85752,1.618164,-5.311783,0.8895802,0.4462893,0,0.09732988,-0.08687454,0.1731654,0.9810538,True,0.1113954,0.6292499,16.50227,2.326283,-1.3,4.08926
2026-06-29 12:16:53.761,64.21497,True,16.85752,1.618164,-5.311783,0.856654,0.5090217,0,0.08390969,-0.0854237,0.1437631,0.9859183,True,0.1126468,0.5935885,16.50993,2.203149,-1.3,4.069083
2026-06-29 12:16:53.804,64.25661,True,16.85752,1.618164,-5.311783,0.9916708,0.07267993,0,0.1063334,-0.01545661,0.2108954,0.9773864,True,0.1590874,0.6748711,16.79408,2.483807,-1.3,4.104603
2026-06-29 12:16:53.847,64.29782,True,16.85752,1.618164,-5.311783,0.9934519,-0.008902445,0,0.1139039,0.002028046,0.2263161,0.9740518,True,0.1708214,0.6941235,16.86588,2.550282,-1.3,4.118656
2026-06-29 12:16:53.885,64.33896,True,16.85752,1.618164,-5.311783,0.9890651,-0.08750023,0,0.1187178,0.02077566,0.2348392,0.9718122,True,0.1834733,0.7049356,16.94329,2.587615,-1.3,4.128147
2026-06-29 12:16:53.933,64.38584,True,16.85752,1.618164,-5.311783,0.9644756,-0.2441958,0,0.1007729,0.04921662,0.1943859,0.9796897,True,0.202395,0.6547021,17.05906,2.414166,-1.3,4.094954
2026-06-29 12:16:54.000,64.45126,True,16.85752,1.618164,-5.311783,0.9729051,-0.2080326,0,0.1008869,0.04197552,0.1963067,0.9796437,True,0.1975501,0.656991,17.02942,2.422069,-1.3,4.095145
2026-06-29 12:16:54.034,64.48695,True,16.85752,1.618164,-5.311783,0.9886839,-0.02273198,0,0.1482816,0.00674147,0.2932073,0.9560251,True,0.1740797,0.7805075,16.88581,2.848555,-1.3,4.196316
2026-06-29 12:16:54.098,64.55087,True,16.85752,1.618164,-5.311783,0.9878119,0.00738119,0,0.1554772,-0.002295213,0.3071644,0.9516537,True,0.1678749,0.7991845,16.84785,2.913044,-1.3,4.215592
2026-06-29 12:16:54.131,64.58513,True,16.85752,1.618164,-5.311783,0.9696537,-0.1436465,0,0.1978321,0.05683577,0.3836572,0.921725,True,0.2098862,0.9077834,17.1049,3.288022,-1.3,4.352474
2026-06-29 12:16:54.175,64.62527,True,16.85752,1.618164,-5.311783,0.9634852,-0.1733577,0,0.204067,0.07075316,0.393231,0.9167134,True,0.2200615,0.9225615,17.16716,3.339049,-1.3,4.376269
2026-06-29 12:16:54.233,64.68507,True,16.85752,1.618164,-5.311783,0.9668621,-0.123452,0,0.2234669,0.05517487,0.4321232,0.9001251,True,0.2096466,0.981948,17.10344,3.544102,-1.3,4.456918
2026-06-29 12:16:54.266,64.71849,True,16.85752,1.618164,-5.311783,0.9670476,-0.1303479,0,0.2186971,0.05701341,0.422981,0.9043431,True,0.2107921,0.9676008,17.11044,3.494563,-1.3,4.43613
2026-06-29 12:16:54.301,64.75321,True,16.85752,1.618164,-5.311783,0.9675027,-0.1105498,0,0.2274148,0.05028129,0.4400486,0.896565,True,0.2062275,0.9944335,17.08251,3.587213,-1.3,4.474615
2026-06-29 12:16:54.366,64.81808,True,16.85752,1.618164,-5.311783,0.9708648,-0.05172477,0,0.2339787,0.02420499,0.4543234,0.8905079,False,-1,-1,0,0,0,-1
2026-06-29 12:16:54.400,64.85286,True,16.85752,1.618164,-5.311783,0.9711181,-0.0181565,0,0.2379077,0.008639141,0.4620728,0.8867999,False,-1,-1,0,0,0,-1
2026-06-29 12:16:54.466,64.91961,True,16.85752,1.618164,-5.311783,0.9700907,0.05991907,0,0.2352311,-0.02818966,0.456391,0.8893327,False,-1,-1,0,0,0,-1
2026-06-29 12:16:54.500,64.95313,True,16.85752,1.618164,-5.311783,0.9617,0.150075,0,0.2293704,-0.06884552,0.441171,0.8947784,True,0.1190084,0.9970294,16.54885,3.596176,-1.3,4.48355
2026-06-29 12:16:54.569,65.02122,True,16.85752,1.618164,-5.311783,0.9455079,0.2042506,0,0.2535674,-0.1035826,0.4794999,0.8714072,False,-1,-1,0,0,0,-1
2026-06-29 12:16:54.633,65.08589,True,16.85752,1.618164,-5.311783,0.9715968,-0.06100347,0,0.2286448,0.02789624,0.4443009,0.8954432,False,-1,-1,0,0,0,-1
2026-06-29 12:16:54.675,65.12878,True,16.85752,1.618164,-5.311783,0.9687675,-0.06050078,0,0.2404769,0.02909808,0.4659324,0.8843417,False,-1,-1,0,0,0,-1
2026-06-29 12:16:54.720,65.17309,True,16.85752,1.618164,-5.311783,0.9734339,-0.03259296,0,0.2266367,0.01477352,0.4412316,0.8972716,True,0.1802517,0.9955162,16.92358,3.590951,-1.3,4.471091
2026-06-29 12:16:54.765,65.21736,True,16.85752,1.618164,-5.311783,0.9771027,-0.01223744,0,0.212416,0.005198855,0.4151045,0.9097589,True,0.1732032,0.9543064,16.88045,3.448659,-1.3,4.409721
2026-06-29 12:16:54.811,65.26311,True,16.85752,1.618164,-5.311783,0.9725429,-0.02062794,0,0.2318077,0.009563433,0.4508859,0.8925303,False,-1,-1,0,0,0,-1
2026-06-29 12:16:54.855,65.30663,True,16.85752,1.618164,-5.311783,0.9752566,-0.02263614,0,0.2199141,0.009956012,0.4289453,0.9032756,True,0.1766831,0.9759148,16.90174,3.523271,-1.3,4.441373
2026-06-29 12:16:54.899,65.35114,True,16.85752,1.618164,-5.311783,0.9710481,-0.03434459,0,0.2364025,0.01623829,0.4591164,0.8882278,False,-1,-1,0,0,0,-1
2026-06-29 12:16:54.944,65.39675,True,16.85752,1.618164,-5.311783,0.9706787,-0.01621924,0,0.2398325,0.007779801,0.4656007,0.8849607,False,-1,-1,0,0,0,-1
2026-06-29 12:16:54.989,65.44006,True,16.85752,1.618164,-5.311783,0.9712091,-0.01574023,0,0.2377082,0.00748316,0.4617286,0.8869897,False,-1,-1,0,0,0,-1
2026-06-29 12:16:55.032,65.48537,True,16.85752,1.618164,-5.311783,0.9569698,-0.1575435,0,0.2436983,0.07678616,0.4664239,0.8812223,False,-1,-1,0,0,0,-1
2026-06-29 12:16:55.077,65.52961,True,16.85752,1.618164,-5.311783,0.9407681,-0.2387724,0,0.2407138,0.1149516,0.4529117,0.8841138,False,-1,-1,0,0,0,-1
2026-06-29 12:16:55.123,65.57455,True,16.85752,1.618164,-5.311783,0.9491743,-0.1976677,0,0.2449401,0.0968335,0.4649817,0.8800087,False,-1,-1,0,0,0,-1
2026-06-29 12:16:55.165,65.61799,True,16.85752,1.618164,-5.311783,0.9463362,-0.2110615,0,0.2447467,0.1033132,0.4632252,0.8801981,False,-1,-1,0,0,0,-1
2026-06-29 12:16:55.209,65.6627,True,16.85752,1.618164,-5.311783,0.9486343,-0.1862954,0,0.2557088,0.09527478,0.4851483,0.869226,False,-1,-1,0,0,0,-1
2026-06-29 12:16:55.253,65.70686,True,16.85752,1.618164,-5.311783,0.952103,-0.1680956,0,0.2554288,0.08587292,0.4863889,0.8695123,False,-1,-1,0,0,0,-1
2026-06-29 12:16:55.300,65.75161,True,16.85752,1.618164,-5.311783,0.9562474,-0.02059733,0,0.2918333,0.01202198,0.5581298,0.8296666,False,-1,-1,0,0,0,-1
2026-06-29 12:16:55.343,65.79493,True,16.85752,1.618164,-5.311783,0.9544221,0.0008499434,0,0.2984589,-0.0005073464,0.5697116,0.8218446,False,-1,-1,0,0,0,-1
2026-06-29 12:16:55.375,65.82912,True,16.85752,1.618164,-5.311783,0.9530203,-0.009265582,0,0.3027647,0.005610581,0.5770817,0.8166671,False,-1,-1,0,0,0,-1
2026-06-29 12:16:55.421,65.87393,True,16.85752,1.618164,-5.311783,0.9523075,0.002246216,0,0.3051321,-0.001370785,0.581159,0.8137889,False,-1,-1,0,0,0,-1
2026-06-29 12:16:55.467,65.91805,True,16.85752,1.618164,-5.311783,0.9500766,-0.004342769,0,0.3119865,0.00270977,0.5928221,0.8053288,False,-1,-1,0,0,0,-1
2026-06-29 12:16:55.511,65.96307,True,16.85752,1.618164,-5.311783,0.9511003,-0.00484078,0,0.3088442,0.002990093,0.5874836,0.8092304,False,-1,-1,0,0,0,-1
2026-06-29 12:16:55.568,66.0173,True,16.85752,1.618164,-5.311783,0.9510505,-0.005435148,0,0.3089876,0.003358787,0.5877256,0.8090534,False,-1,-1,0,0,0,-1
2026-06-29 12:16:55.611,66.06453,True,16.85752,1.618164,-5.311783,0.9518738,-0.003968043,0,0.3064647,0.00243213,0.5834314,0.8121587,False,-1,-1,0,0,0,-1
2026-06-29 12:16:55.650,66.10421,True,16.85752,1.618164,-5.311783,0.9502354,0.007200643,0,0.3114497,-0.004485276,0.591901,0.8059982,False,-1,-1,0,0,0,-1
2026-06-29 12:16:55.691,66.14451,True,16.85752,1.618164,-5.311783,0.950143,0.01160016,0,0.3115988,-0.007229193,0.5921268,0.8058124,False,-1,-1,0,0,0,-1
2026-06-29 12:16:55.734,66.18597,True,16.85752,1.618164,-5.311783,0.9508003,0.0100079,0,0.3096428,-0.006197745,0.5888169,0.8082426,False,-1,-1,0,0,0,-1
2026-06-29 12:16:55.779,66.23031,False,16.85752,1.618164,-5.311783,0,0,0,1,0,0,-1,False,-1,-1,0,0,0,-1
2026-06-29 12:16:55.820,66.27328,True,16.85752,1.618164,-5.311783,0.9404333,0.1398324,0,0.3098907,-0.08666551,0.582863,0.8079355,False,-1,-1,0,0,0,-1
2026-06-29 12:16:55.863,66.31594,True,16.85752,1.618164,-5.311783,0.9419951,0.1330259,0,0.3081386,-0.08198081,0.5805302,0.8101012,False,-1,-1,0,0,0,-1
2026-06-29 12:16:55.911,66.36252,True,16.85752,1.618164,-5.311783,0.943211,0.1281303,0,0.3064893,-0.07854113,0.578168,0.8121287,False,-1,-1,0,0,0,-1
2026-06-29 12:16:55.953,66.40452,True,16.85752,1.618164,-5.311783,0.9487623,0.1019691,0,0.299086,-0.06099506,0.5675231,0.8210952,False,-1,-1,0,0,0,-1
2026-06-29 12:16:55.999,66.45137,True,16.85752,1.618164,-5.311783,0.9405471,0.1509956,0,0.3042556,-0.0918825,0.5723334,0.8148571,False,-1,-1,0,0,0,-1
2026-06-29 12:16:56.048,66.49664,True,16.85752,1.618164,-5.311783,0.9359913,0.1951508,0,0.2929784,-0.11435,0.5484505,0.8283273,False,-1,-1,0,0,0,-1
2026-06-29 12:16:56.092,66.54536,True,16.85752,1.618164,-5.311783,0.9390793,0.1769558,0,0.2946468,-0.1042789,0.5533934,0.8263665,False,-1,-1,0,0,0,-1
2026-06-29 12:16:56.134,66.58747,True,16.85752,1.618164,-5.311783,0.942229,0.1642733,0,0.2919225,-0.09591015,0.5501156,0.8295626,False,-1,-1,0,0,0,-1
2026-06-29 12:16:56.177,66.62934,True,16.85752,1.618164,-5.311783,0.9401441,0.1493475,0,0.3063078,-0.09149258,0.5759469,0.8123511,False,-1,-1,0,0,0,-1
2026-06-29 12:16:56.221,66.67319,True,16.85752,1.618164,-5.311783,0.9461834,0.1422373,0,0.2906982,-0.08269627,0.5501077,0.8309891,False,-1,-1,0,0,0,-1
2026-06-29 12:16:56.266,66.71647,True,16.85752,1.618164,-5.311783,0.9445837,0.1531212,0,0.2903716,-0.08892411,0.5485605,0.8313687,False,-1,-1,0,0,0,-1
2026-06-29 12:16:56.309,66.76125,True,16.85752,1.618164,-5.311783,0.9445024,0.1498157,0,0.2923533,-0.08759823,0.5522568,0.8290591,False,-1,-1,0,0,0,-1
2026-06-29 12:16:56.355,66.80729,True,16.85752,1.618164,-5.311783,0.9440532,0.1594094,0,0.2887078,-0.09204549,0.545111,0.8332956,False,-1,-1,0,0,0,-1
2026-06-29 12:16:56.398,66.85021,True,16.85752,1.618164,-5.311783,0.9431517,0.1732995,0,0.2836059,-0.09829748,0.5349667,0.8391354,False,-1,-1,0,0,0,-1
2026-06-29 12:16:56.441,66.89594,True,16.85752,1.618164,-5.311783,0.9422605,0.1920454,0,0.2743423,-0.1053723,0.5170038,0.8494726,False,-1,-1,0,0,0,-1
2026-06-29 12:16:56.489,66.94128,True,16.85752,1.618164,-5.311783,0.9419492,0.195429,0,0.273019,-0.1067116,0.5143399,0.8509213,False,-1,-1,0,0,0,-1
2026-06-29 12:16:56.531,66.98397,True,16.85752,1.618164,-5.311783,0.9419144,0.2099202,0,0.2621655,-0.1100677,0.4938749,0.8625385,False,-1,-1,0,0,0,-1
2026-06-29 12:16:56.576,67.03054,True,16.85752,1.618164,-5.311783,0.9434137,0.2070763,0,0.2590174,-0.1072727,0.488721,0.86582,False,-1,-1,0,0,0,-1
2026-06-29 12:16:56.623,67.07413,True,16.85752,1.618164,-5.311783,0.9442521,0.2006615,0,0.2610038,-0.1047468,0.4929067,0.8637541,False,-1,-1,0,0,0,-1
2026-06-29 12:16:56.664,67.11656,True,16.85752,1.618164,-5.311783,0.9431863,0.2055203,0,0.2610766,-0.1073131,0.4924877,0.8636781,False,-1,-1,0,0,0,-1
2026-06-29 12:16:56.710,67.16279,True,16.85752,1.618164,-5.311783,0.9421535,0.2115203,0,0.2600117,-0.1099954,0.4899417,0.8647879,False,-1,-1,0,0,0,-1
2026-06-29 12:16:56.755,67.20668,True,16.85752,1.618164,-5.311783,0.9413961,0.2169406,0,0.258283,-0.1120642,0.4862934,0.8665797,False,-1,-1,0,0,0,-1
2026-06-29 12:16:56.800,67.25244,True,16.85752,1.618164,-5.311783,0.9403017,0.2213323,0,0.2585435,-0.114448,0.4862176,0.8663105,False,-1,-1,0,0,0,-1
2026-06-29 12:16:56.844,67.29632,True,16.85752,1.618164,-5.311783,0.9362051,0.2392987,0,0.2574024,-0.1231921,0.4819629,0.867488,False,-1,-1,0,0,0,-1
2026-06-29 12:16:56.888,67.33924,True,16.85752,1.618164,-5.311783,0.9371375,0.2345648,0,0.2583655,-0.1212069,0.4842479,0.8664946,False,-1,-1,0,0,0,-1
2026-06-29 12:16:56.937,67.38978,True,16.85752,1.618164,-5.311783,0.9374524,0.2376769,0,0.2543476,-0.1209051,0.4768774,0.8706147,False,-1,-1,0,0,0,-1
2026-06-29 12:16:56.981,67.43355,True,16.85752,1.618164,-5.311783,0.9370718,0.2390473,0,0.2544658,-0.1216587,0.4769054,0.8704944,False,-1,-1,0,0,0,-1
2026-06-29 12:16:57.021,67.47308,True,16.85752,1.618164,-5.311783,0.9391527,0.2308251,0,0.2543856,-0.1174372,0.4778139,0.8705759,False,-1,-1,0,0,0,-1
2026-06-29 12:16:57.064,67.51598,True,16.85752,1.618164,-5.311783,0.937622,0.2322331,0,0.2587138,-0.1201639,0.4851516,0.8661343,False,-1,-1,0,0,0,-1
2026-06-29 12:16:57.108,67.5613,True,16.85752,1.618164,-5.311783,0.9412624,0.2161421,0,0.2594374,-0.1121506,0.4883972,0.8653845,False,-1,-1,0,0,0,-1
2026-06-29 12:16:57.152,67.60506,True,16.85752,1.618164,-5.311783,0.9425643,0.2114714,0,0.2585584,-0.1093554,0.4874158,0.8662952,False,-1,-1,0,0,0,-1
2026-06-29 12:16:57.197,67.64885,True,16.85752,1.618164,-5.311783,0.9459389,0.1973875,0,0.2573673,-0.1016021,0.4869073,0.8675242,False,-1,-1,0,0,0,-1
2026-06-29 12:16:57.241,67.69418,True,16.85752,1.618164,-5.311783,0.9456164,0.2015273,0,0.2553359,-0.1029143,0.4828995,0.8696072,False,-1,-1,0,0,0,-1
2026-06-29 12:16:57.289,67.74102,True,16.85752,1.618164,-5.311783,0.9454619,0.196928,0,0.2594635,-0.1021912,0.4906256,0.8653574,False,-1,-1,0,0,0,-1
2026-06-29 12:16:57.331,67.78214,True,16.85752,1.618164,-5.311783,0.9454141,0.1927626,0,0.262745,-0.1012948,0.4968055,0.8619302,False,-1,-1,0,0,0,-1
2026-06-29 12:16:57.378,67.82932,True,16.85752,1.618164,-5.311783,0.9619018,0.1112116,0,0.2497538,-0.05555102,0.4804772,0.875246,False,-1,-1,0,0,0,-1
2026-06-29 12:16:57.424,67.87785,True,16.85752,1.618164,-5.311783,0.9585198,0.1079928,0,0.2637751,-0.05697163,0.5056673,0.8608454,False,-1,-1,0,0,0,-1
2026-06-29 12:16:57.466,67.91885,True,16.85752,1.618164,-5.311783,0.9583983,0.1087918,0,0.2638884,-0.05741777,0.5058202,0.8607259,False,-1,-1,0,0,0,-1
2026-06-29 12:16:57.511,67.96346,True,16.85752,1.618164,-5.311783,0.9539871,0.1244798,0,0.2727882,-0.06791323,0.5204729,0.8511732,False,-1,-1,0,0,0,-1
2026-06-29 12:16:57.553,68.00501,True,16.85752,1.618164,-5.311783,0.9403384,0.1666266,0,0.2966469,-0.09885851,0.5578968,0.8240013,False,-1,-1,0,0,0,-1
2026-06-29 12:16:57.598,68.05085,True,16.85752,1.618164,-5.311783,0.9404386,0.1924754,0,0.2802294,-0.1078745,0.5270771,0.842943,False,-1,-1,0,0,0,-1
2026-06-29 12:16:57.643,68.09677,False,16.85752,1.618164,-5.311783,0,0,0,1,0,0,-1,False,-1,-1,0,0,0,-1
2026-06-29 12:16:57.688,68.14008,False,16.85752,1.618164,-5.311783,0,0,0,1,0,0,-1,False,-1,-1,0,0,0,-1
2026-06-29 12:16:57.730,68.18242,False,16.85752,1.618164,-5.311783,0,0,0,1,0,0,-1,False,-1,-1,0,0,0,-1
2026-06-29 12:16:57.776,68.22883,False,16.85752,1.618164,-5.311783,0,0,0,1,0,0,-1,False,-1,-1,0,0,0,-1
2026-06-29 12:16:57.819,68.27248,False,16.85752,1.618164,-5.311783,0,0,0,1,0,0,-1,False,-1,-1,0,0,0,-1
2026-06-29 12:16:57.864,68.3158,False,16.85752,1.618164,-5.311783,0,0,0,1,0,0,-1,False,-1,-1,0,0,0,-1
2026-06-29 12:16:57.909,68.36179,False,16.85752,1.618164,-5.311783,0,0,0,1,0,0,-1,False,-1,-1,0,0,0,-1
2026-06-29 12:16:57.955,68.40636,False,16.85752,1.618164,-5.311783,0,0,0,1,0,0,-1,False,-1,-1,0,0,0,-1
2026-06-29 12:16:57.998,68.44947,False,16.85752,1.618164,-5.311783,0,0,0,1,0,0,-1,False,-1,-1,0,0,0,-1
2026-06-29 12:16:58.040,68.49293,False,16.85752,1.618164,-5.311783,0,0,0,1,0,0,-1,False,-1,-1,0,0,0,-1
2026-06-29 12:16:58.084,68.53867,False,22.32631,1.094973,-6.172127,0,0,0,1,0,0,-1,False,-1,-1,0,0,0,-1
2026-06-29 12:16:58.132,68.58405,False,22.32699,1.095747,-6.170726,0,0,0,1,0,0,-1,False,-1,-1,0,0,0,-1
2026-06-29 12:16:58.176,68.62894,False,22.3249,1.094406,-6.171693,0,0,0,1,0,0,-1,False,-1,-1,0,0,0,-1
2026-06-29 12:16:58.220,68.67197,False,22.32084,1.093496,-6.1708,0,0,0,1,0,0,-1,False,-1,-1,0,0,0,-1
2026-06-29 12:16:58.269,68.71636,False,22.3205,1.093524,-6.17131,0,0,0,1,0,0,-1,False,-1,-1,0,0,0,-1
2026-06-29 12:16:58.310,68.76215,False,22.32154,1.094014,-6.172439,0,0,0,1,0,0,-1,False,-1,-1,0,0,0,-1
2026-06-29 12:16:58.353,68.80627,False,22.32236,1.094325,-6.173646,0,0,0,1,0,0,-1,False,-1,-1,0,0,0,-1
2026-06-29 12:16:58.398,68.85078,False,22.32134,1.094426,-6.174476,0,0,0,1,0,0,-1,False,-1,-1,0,0,0,-1
2026-06-29 12:16:58.442,68.89427,False,22.32092,1.094728,-6.175909,0,0,0,1,0,0,-1,False,-1,-1,0,0,0,-1
2026-06-29 12:16:58.488,68.9394,False,22.32147,1.09509,-6.177922,0,0,0,1,0,0,-1,False,-1,-1,0,0,0,-1
2026-06-29 12:16:58.528,68.98172,False,22.31975,1.095066,-6.17917,0,0,0,1,0,0,-1,False,-1,-1,0,0,0,-1
2026-06-29 12:16:58.574,69.02604,False,22.32041,1.095648,-6.181649,0,0,0,1,0,0,-1,False,-1,-1,0,0,0,-1
2026-06-29 12:16:58.619,69.07203,False,22.32164,1.096427,-6.184494,0,0,0,1,0,0,-1,False,-1,-1,0,0,0,-1
2026-06-29 12:16:58.665,69.11788,False,22.32152,1.096766,-6.186062,0,0,0,1,0,0,-1,False,-1,-1,0,0,0,-1
2026-06-29 12:16:58.709,69.16115,False,22.32083,1.096813,-6.186805,0,0,0,1,0,0,-1,False,-1,-1,0,0,0,-1
2026-06-29 12:16:58.755,69.20602,False,22.32148,1.096886,-6.187693,0,0,0,1,0,0,-1,False,-1,-1,0,0,0,-1
2026-06-29 12:16:58.800,69.25174,False,22.32732,1.098064,-6.19051,0,0,0,1,0,0,-1,False,-1,-1,0,0,0,-1
2026-06-29 12:16:58.841,69.29401,False,22.32794,1.09775,-6.190741,0,0,0,1,0,0,-1,False,-1,-1,0,0,0,-1
2026-06-29 12:16:58.887,69.33883,False,22.32792,1.097482,-6.190796,0,0,0,1,0,0,-1,False,-1,-1,0,0,0,-1
2026-06-29 12:16:58.939,69.39407,False,22.32747,1.098125,-6.191202,0,0,0,1,0,0,-1,False,-1,-1,0,0,0,-1
2026-06-29 12:16:58.987,69.43954,False,22.32695,1.098842,-6.191979,0,0,0,1,0,0,-1,False,-1,-1,0,0,0,-1
2026-06-29 12:16:59.030,69.48223,False,22.32541,1.098844,-6.192545,0,0,0,1,0,0,-1,False,-1,-1,0,0,0,-1
2026-06-29 12:16:59.074,69.52691,False,22.32343,1.097499,-6.193532,0,0,0,1,0,0,-1,False,-1,-1,0,0,0,-1
2026-06-29 12:16:59.122,69.57305,False,22.32193,1.096171,-6.194503,0,0,0,1,0,0,-1,False,-1,-1,0,0,0,-1
2026-06-29 12:16:59.165,69.61592,True,22.32121,1.095939,-6.194828,0.9636435,0.1625735,0,0.2120405,-0.06894431,0.4086628,0.9100777,False,-1,-1,0,0,0,-1
2026-06-29 12:16:59.212,69.66258,True,22.32086,1.095922,-6.194688,0.9593334,0.1945089,0,0.2045625,-0.07957845,0.3924873,0.9163084,True,0.9928833,0.880116,21.89577,3.19249,-1.3,5.341748
2026-06-29 12:16:59.255,69.70796,True,22.3206,1.095563,-6.19472,0.959909,0.2147392,0,0.1801722,-0.07738003,0.3458977,0.935076,True,0.9961165,0.797199,21.91555,2.906188,-1.3,5.23457
2026-06-29 12:16:59.299,69.75039,True,22.32001,1.095181,-6.194506,0.9635216,0.1956466,0,0.1826158,-0.07145634,0.3519085,0.9333029,False,-1,-1,0,0,0,-1
2026-06-29 12:16:59.343,69.79428,True,22.31932,1.09488,-6.193856,0.9623806,0.2070883,0,0.175892,-0.07285032,0.3385501,0.9381241,True,0.9999961,0.7841043,21.93929,2.860975,-1.3,5.216641
2026-06-29 12:16:59.386,69.83804,True,22.31948,1.094927,-6.193584,0.9566423,0.2348005,0,0.1723495,-0.08093547,0.3297536,0.9405913,True,0.9933128,0.7694936,21.8984,2.810525,-1.3,5.202668
2026-06-29 12:16:59.431,69.88383,True,22.31932,1.095018,-6.193394,0.9574645,0.2353207,0,0.1669909,-0.07859284,0.3197757,0.9442281,True,0.9955397,0.7526109,21.91202,2.752232,-1.3,5.182427
2026-06-29 12:16:59.478,69.92918,True,22.31959,1.095114,-6.193964,0.9531825,0.2574398,0,0.1586444,-0.08168274,0.3024341,0.9496639,True,0.9933531,0.7240652,21.89864,2.653667,-1.3,5.153364
2026-06-29 12:16:59.521,69.97289,False,22.31963,1.095864,-6.195038,0,0,0,1,0,0,-1,False,-1,-1,0,0,0,-1
2026-06-29 12:16:59.567,70.01837,False,22.32032,1.095422,-6.196101,0,0,0,1,0,0,-1,False,-1,-1,0,0,0,-1
2026-06-29 12:16:59.616,70.06292,False,22.32101,1.096068,-6.196103,0,0,0,1,0,0,-1,False,-1,-1,0,0,0,-1
2026-06-29 12:16:59.660,70.11237,False,22.32145,1.096015,-6.19527,0,0,0,1,0,0,-1,False,-1,-1,0,0,0,-1
2026-06-29 12:16:59.701,70.15497,False,22.3225,1.096399,-6.194319,0,0,0,1,0,0,-1,False,-1,-1,0,0,0,-1
2026-06-29 12:16:59.747,70.19892,False,22.32361,1.095805,-6.193141,0,0,0,1,0,0,-1,False,-1,-1,0,0,0,-1
2026-06-29 12:16:59.789,70.2417,False,22.32406,1.094964,-6.191844,0,0,0,1,0,0,-1,False,-1,-1,0,0,0,-1
2026-06-29 12:16:59.832,70.28323,False,22.32565,1.094906,-6.190306,0,0,0,1,0,0,-1,False,-1,-1,0,0,0,-1
2026-06-29 12:16:59.886,70.33923,True,22.32721,1.094067,-6.189177,0.7042378,-0.6925875,0,0.1561146,0.216246,0.2198835,0.9512565,False,-1,-1,0,0,0,-1
2026-06-29 12:16:59.927,70.38023,True,22.32811,1.092195,-6.187939,0.3264795,-0.9372915,0,0.1220484,0.2287899,0.07969259,0.9702084,False,-1,-1,0,0,0,-1
2026-06-29 12:16:59.975,70.42804,True,22.32834,1.091414,-6.18727,0.4933032,-0.8402594,0,0.2249806,0.3780841,0.2219673,0.8987674,False,-1,-1,0,0,0,-1
2026-06-29 12:17:00.019,70.47144,True,22.32887,1.092086,-6.186562,0.6388165,-0.7440587,0,0.1956792,0.2911935,0.2500061,0.9234194,False,-1,-1,0,0,0,-1
2026-06-29 12:17:00.062,70.51412,True,22.32872,1.093001,-6.185599,0.6522598,-0.7373229,0,0.1758189,0.2592706,0.2293592,0.9381754,False,-1,-1,0,0,0,-1
2026-06-29 12:17:00.107,70.56097,True,22.32915,1.094645,-6.183963,0.625916,-0.7668087,0,0.142245,0.2181494,0.1780669,0.9595327,False,-1,-1,0,0,0,-1
2026-06-29 12:17:00.150,70.60411,True,22.32987,1.096267,-6.182201,0.8975909,-0.386464,0,0.2120759,0.1639193,0.3807147,0.9100476,False,-1,-1,0,0,0,-1
2026-06-29 12:17:00.196,70.65043,True,22.33006,1.097822,-6.180795,0.6259522,-0.7706389,0,0.1195808,0.1843072,0.1497037,0.9714009,False,-1,-1,0,0,0,-1
2026-06-29 12:17:00.239,70.69286,True,22.33086,1.098153,-6.179859,0.4682106,-0.8047691,0,0.3648638,0.5872622,0.3416662,0.7337488,False,-1,-1,0,0,0,-1
2026-06-29 12:17:00.285,70.73788,False,22.33314,1.097664,-6.177297,0,0,0,1,0,0,-1,False,-1,-1,0,0,0,-1
2026-06-29 12:17:00.330,70.78121,False,22.33435,1.096752,-6.178176,0,0,0,1,0,0,-1,False,-1,-1,0,0,0,-1
2026-06-29 12:17:00.374,70.8259,True,22.33546,1.096428,-6.178351,0.945733,0.005217559,0,0.324903,-0.0033904,0.6145428,0.7888761,False,-1,-1,0,0,0,-1
2026-06-29 12:17:00.416,70.86978,True,22.33658,1.096014,-6.179504,0.8604284,-0.4559257,0,0.2275843,0.2075231,0.39164,0.8964108,False,-1,-1,0,0,0,-1
2026-06-29 12:17:00.465,70.91586,True,22.33825,1.095786,-6.180682,0.9650392,-0.1103771,0,0.2377316,0.05248023,0.4588405,0.8869674,False,-1,-1,0,0,0,-1
2026-06-29 12:17:00.508,70.96155,True,22.34004,1.095688,-6.182359,0.5758396,-0.8096932,0,0.1131627,0.1832541,0.1303271,0.9743884,False,-1,-1,0,0,0,-1
2026-06-29 12:17:00.554,71.00448,True,22.34144,1.095585,-6.183464,0.5906959,-0.801509,0,0.09306864,0.1491907,0.1099505,0.9826765,False,-1,-1,0,0,0,-1
2026-06-29 12:17:00.604,71.05569,True,22.34249,1.095419,-6.184493,0.5215899,-0.8480106,0,0.09392522,0.1592992,0.0979809,0.9823561,False,-1,-1,0,0,0,-1
2026-06-29 12:17:00.641,71.09576,True,22.34332,1.095273,-6.185687,0.5789138,-0.811141,0,0.08312207,0.1348474,0.09624101,0.9861814,False,-1,-1,0,0,0,-1
2026-06-29 12:17:00.678,71.13035,True,22.34365,1.094947,-6.18646,0.555757,-0.8278623,0,0.07601525,0.1258603,0.084492,0.9884434,False,-1,-1,0,0,0,-1
2026-06-29 12:17:00.718,71.17097,True,22.34402,1.094779,-6.187159,0.4616833,-0.8766228,0,0.1355768,0.2376994,0.1251871,0.9632379,False,-1,-1,0,0,0,-1
2026-06-29 12:17:00.762,71.21531,True,22.34423,1.094284,-6.187942,0.498093,-0.8459579,0,0.1904172,0.3221699,0.1896909,0.9274825,False,-1,-1,0,0,0,-1
2026-06-29 12:17:00.808,71.26023,True,22.3449,1.094038,-6.188698,0.4581136,-0.8735957,0,0.1642031,0.2868942,0.1504473,0.9460747,False,-1,-1,0,0,0,-1
2026-06-29 12:17:00.851,71.30387,True,22.34602,1.094118,-6.189267,0.4815491,-0.8625797,0,0.1551344,0.2676316,0.1494097,0.9518667,False,-1,-1,0,0,0,-1
2026-06-29 12:17:00.898,71.35101,True,22.35835,1.093436,-6.158151,0.4566709,-0.8770321,0,0.1492192,0.2617401,0.1362882,0.9554672,False,-1,-1,0,0,0,-1
2026-06-29 12:17:00.951,71.40445,True,22.36237,1.092313,-6.159245,0.4485001,-0.8842834,0,0.1299638,0.2298496,0.1165775,0.9662188,False,-1,-1,0,0,0,-1
2026-06-29 12:17:00.988,71.43974,False,22.36466,1.091212,-6.160144,0,0,0,1,0,0,-1,False,-1,-1,0,0,0,-1
2026-06-29 12:17:01.052,71.50443,False,22.37061,1.088754,-6.163042,0,0,0,1,0,0,-1,False,-1,-1,0,0,0,-1
2026-06-29 12:17:01.117,71.56973,False,22.3763,1.088898,-6.167291,0,0,0,1,0,0,-1,False,-1,-1,0,0,0,-1
2026-06-29 12:17:01.154,71.60597,True,22.37855,1.089382,-6.170097,0.5441076,-0.8295295,0,0.1258079,0.2087228,0.1369061,0.9683447,False,-1,-1,0,0,0,-1
2026-06-29 12:17:01.219,71.67109,True,22.38035,1.090192,-6.17566,0.645067,-0.7584885,0,0.09264898,0.1405464,0.1195296,0.9828323,False,-1,-1,0,0,0,-1
2026-06-29 12:17:01.284,71.73716,True,22.38096,1.090045,-6.182255,0.7737029,-0.6284866,0,0.07992897,0.1004685,0.1236825,0.9872227,False,-1,-1,0,0,0,-1
2026-06-29 12:17:01.319,71.77116,True,22.38126,1.090126,-6.185468,0.8241466,-0.5610529,0,0.07747333,0.08693326,0.1276987,0.9879958,False,-1,-1,0,0,0,-1
2026-06-29 12:17:01.385,71.83707,True,22.37992,1.090412,-6.192072,0.884797,-0.459411,0,0.07794722,0.07161961,0.1379349,0.9878485,False,-1,-1,0,0,0,-1
2026-06-29 12:17:01.418,71.87063,True,22.37807,1.090405,-6.19496,0.9222859,-0.379032,0,0.07565448,0.05735093,0.1395501,0.9885528,False,-1,-1,0,0,0,-1
2026-06-29 12:17:01.489,71.93894,True,22.37354,1.090895,-6.200582,0.9586152,-0.2749416,0,0.07391907,0.04064684,0.1417199,0.9890719,False,-1,-1,0,0,0,-1
2026-06-29 12:17:01.551,72.00423,True,22.36949,1.091681,-6.205482,0.9703121,-0.2297662,0,0.07551146,0.03469997,0.1465394,0.988596,False,-1,-1,0,0,0,-1
2026-06-29 12:17:01.619,72.07081,True,22.36727,1.092193,-6.209025,0.993127,0.08789593,0,0.07728516,-0.0135861,0.153508,0.988054,False,-1,-1,0,0,0,-1
2026-06-29 12:17:01.661,72.11369,True,22.36537,1.091506,-6.211745,0.824188,0.5602916,0,0.08238626,-0.09232065,0.1358035,0.986425,True,0.9945012,0.4674815,21.90567,1.767718,-1.3,4.97934
2026-06-29 12:17:01.706,72.15856,True,22.36381,1.090892,-6.213714,0.8598861,0.5036083,0,0.08351477,-0.08411746,0.1436264,0.9860505,False,-1,-1,0,0,0,-1
2026-06-29 12:17:01.750,72.2031,True,22.36171,1.090024,-6.214817,0.8814125,0.463411,0,0.09144566,-0.08475384,0.1612027,0.9832754,True,0.9997979,0.5045705,21.93808,1.895781,-1.3,4.998414
2026-06-29 12:17:01.798,72.25147,True,22.3606,1.089213,-6.215498,0.8671378,0.490959,0,0.08385338,-0.08233713,0.1454248,0.9859372,False,-1,-1,0,0,0,-1
2026-06-29 12:17:01.840,72.29366,True,22.35975,1.087546,-6.215721,0.9147515,0.3947987,0,0.08581225,-0.06775713,0.1569938,0.9852725,False,-1,-1,0,0,0,-1
2026-06-29 12:17:01.885,72.33734,True,22.35907,1.086828,-6.215342,0.9376293,0.3380469,0,0.08108972,-0.05482426,0.1520642,0.986849,False,-1,-1,0,0,0,-1
2026-06-29 12:17:01.928,72.38091,True,22.3584,1.085988,-6.213832,0.9127901,0.4020655,0,0.07181648,-0.05774985,0.1311067,0.9896848,False,-1,-1,0,0,0,-1
2026-06-29 12:17:01.974,72.42693,True,22.35877,1.086165,-6.212227,0.8115587,-0.5757159,0,0.0996173,0.1147025,0.1616906,0.9801528,False,-1,-1,0,0,0,-1
2026-06-29 12:17:02.019,72.47186,True,22.3592,1.086197,-6.21094,0.8724692,-0.4816,0,0.0828191,0.07977136,0.1445142,0.986282,False,-1,-1,0,0,0,-1
2026-06-29 12:17:02.065,72.5162,True,22.35997,1.085923,-6.20983,0.8674214,-0.4905598,0,0.08325415,0.08168227,0.1444328,0.9861375,False,-1,-1,0,0,0,-1
2026-06-29 12:17:02.108,72.56094,True,22.36061,1.085734,-6.208985,0.8423563,-0.5321835,0,0.08495034,0.09041835,0.1431169,0.9855669,False,-1,-1,0,0,0,-1
2026-06-29 12:17:02.151,72.60412,True,22.36124,1.085592,-6.208299,0.8533719,-0.5146395,0,0.08308268,0.08551525,0.1418008,0.9861946,False,-1,-1,0,0,0,-1
2026-06-29 12:17:02.192,72.64635,True,22.36251,1.085662,-6.208239,0.8442057,-0.5290945,0,0.08588202,0.0908794,0.1450042,0.9852486,False,-1,-1,0,0,0,-1
2026-06-29 12:17:02.240,72.69209,True,22.36344,1.085707,-6.208512,0.8492661,-0.5207192,0,0.08717003,0.09078221,0.1480611,0.9848027,False,-1,-1,0,0,0,-1
2026-06-29 12:17:02.283,72.7366,True,22.36424,1.085729,-6.208685,0.8479295,-0.5229179,0,0.08702039,0.09100901,0.1475743,0.9848549,False,-1,-1,0,0,0,-1
2026-06-29 12:17:02.328,72.77981,True,22.36439,1.085649,-6.208749,0.7722092,-0.6282839,0,0.09461645,0.118892,0.1461274,0.9820954,False,-1,-1,0,0,0,-1
2026-06-29 12:17:02.379,72.8303,True,22.36464,1.085693,-6.209141,0.7932253,-0.6015861,0,0.09427478,0.1134288,0.1495623,0.9822245,False,-1,-1,0,0,0,-1
2026-06-29 12:17:02.427,72.87945,True,22.3647,1.085754,-6.209095,0.8007761,-0.5912123,0,0.09605007,0.113572,0.1538292,0.9815488,False,-1,-1,0,0,0,-1
2026-06-29 12:17:02.485,72.93742,True,22.3641,1.085814,-6.209024,0.8006168,-0.5917656,0,0.09394848,0.1111909,0.1504334,0.9823473,False,-1,-1,0,0,0,-1
2026-06-29 12:17:02.530,72.9821,True,22.36369,1.085883,-6.208813,0.8040657,-0.5871416,0,0.09350456,0.1098008,0.1503676,0.9825138,False,-1,-1,0,0,0,-1
2026-06-29 12:17:02.573,73.02728,True,22.36319,1.086034,-6.208361,0.8169844,-0.5695069,0,0.09054568,0.1031328,0.1479488,0.9836029,False,-1,-1,0,0,0,-1
2026-06-29 12:17:02.620,73.07269,True,22.36276,1.085991,-6.207922,0.8125609,-0.5755987,0,0.09182021,0.1057032,0.149219,0.9831381,False,-1,-1,0,0,0,-1
2026-06-29 12:17:02.663,73.1134,True,22.36232,1.085971,-6.207318,0.8070763,-0.5833503,0,0.09127049,0.1064853,0.1473245,0.9833394,False,-1,-1,0,0,0,-1
2026-06-29 12:17:02.707,73.15998,True,22.36251,1.085999,-6.207305,0.8079848,-0.5818463,0,0.0928202,0.1080142,0.1499946,0.9827688,False,-1,-1,0,0,0,-1
2026-06-29 12:17:02.751,73.20335,True,22.36267,1.085975,-6.207312,0.8072288,-0.583075,0,0.0916803,0.106913,0.1480139,0.9831895,False,-1,-1,0,0,0,-1
2026-06-29 12:17:02.796,73.24735,True,22.36293,1.085908,-6.207397,0.7981879,-0.5953959,0,0.09165075,0.109137,0.146309,0.9832003,False,-1,-1,0,0,0,-1
2026-06-29 12:17:02.836,73.28988,True,22.3628,1.085728,-6.207445,0.7957057,-0.598637,0,0.09212036,0.1102933,0.1466014,0.9830277,False,-1,-1,0,0,0,-1
2026-06-29 12:17:02.882,73.33594,True,22.36301,1.085629,-6.207864,0.793546,-0.6014,0,0.09275159,0.1115616,0.1472053,0.9827943,False,-1,-1,0,0,0,-1
2026-06-29 12:17:02.932,73.38486,True,22.36299,1.085415,-6.207928,0.7953588,-0.5989242,0,0.09324273,0.1116906,0.1483228,0.9826115,False,-1,-1,0,0,0,-1
2026-06-29 12:17:02.974,73.42664,True,22.36302,1.085385,-6.20786,0.7951489,-0.5989161,0,0.09506732,0.1138747,0.1511853,0.9819244,False,-1,-1,0,0,0,-1
2026-06-29 12:17:03.016,73.46909,True,22.36281,1.085272,-6.208041,0.8036695,-0.5874059,0,0.09523532,0.1118836,0.1530754,0.9818605,False,-1,-1,0,0,0,-1
2026-06-29 12:17:03.060,73.51372,True,22.36266,1.085205,-6.208072,0.7993784,-0.5935104,0,0.09348635,0.1109702,0.1494619,0.9825206,False,-1,-1,0,0,0,-1
2026-06-29 12:17:03.108,73.5602,True,22.36233,1.085134,-6.208002,0.8161589,-0.5697247,0,0.09642905,0.109876,0.1574028,0.9814029,False,-1,-1,0,0,0,-1
2026-06-29 12:17:03.149,73.60281,True,22.36213,1.085114,-6.207808,0.8133697,-0.573796,0,0.09585354,0.1100007,0.1559287,0.9816242,False,-1,-1,0,0,0,-1
2026-06-29 12:17:03.195,73.64762,True,22.36163,1.085016,-6.207412,0.8037583,-0.587539,0,0.09365252,0.110049,0.1505479,0.9824585,False,-1,-1,0,0,0,-1
2026-06-29 12:17:03.241,73.69308,True,22.3616,1.084994,-6.207415,0.7980184,-0.5953832,0,0.09319652,0.1109753,0.1487451,0.9826288,False,-1,-1,0,0,0,-1
2026-06-29 12:17:03.282,73.73685,True,22.3617,1.084971,-6.207333,0.798827,-0.5944024,0,0.09252726,0.1099968,0.1478265,0.9828774,False,-1,-1,0,0,0,-1
2026-06-29 12:17:03.329,73.7803,True,22.36177,1.085012,-6.207209,0.7917179,-0.6038105,0,0.09271254,0.1119616,0.1468043,0.9828088,False,-1,-1,0,0,0,-1
2026-06-29 12:17:03.372,73.82472,True,22.36204,1.085002,-6.20742,0.7953115,-0.5989676,0,0.093368,0.1118488,0.1485133,0.9825648,False,-1,-1,0,0,0,-1
2026-06-29 12:17:03.415,73.86977,True,22.36207,1.084829,-6.207565,0.8004946,-0.5922409,0,0.09197349,0.1089409,0.1472486,0.9830817,False,-1,-1,0,0,0,-1
2026-06-29 12:17:03.458,73.91196,True,22.36192,1.084743,-6.207563,0.791394,-0.6044459,0,0.09132764,0.1104052,0.1445523,0.9833185,False,-1,-1,0,0,0,-1
2026-06-29 12:17:03.506,73.95884,True,22.36186,1.084721,-6.207613,0.7955718,-0.5981237,0,0.09650732,0.1154466,0.153557,0.9813727,False,-1,-1,0,0,0,-1
2026-06-29 12:17:03.551,74.00342,True,22.36183,1.084673,-6.207585,0.7903573,-0.6047558,0,0.09800946,0.1185436,0.154925,0.9807883,False,-1,-1,0,0,0,-1
2026-06-29 12:17:03.591,74.04534,True,22.36165,1.084606,-6.207538,0.8004032,-0.5915989,0,0.09677548,0.1145045,0.1549188,0.981269,False,-1,-1,0,0,0,-1
2026-06-29 12:17:03.639,74.09245,True,22.36158,1.084591,-6.207336,0.7957473,-0.5980722,0,0.09537271,0.1140795,0.1517851,0.9818081,False,-1,-1,0,0,0,-1
2026-06-29 12:17:03.684,74.13567,True,22.36161,1.084673,-6.207327,0.8018313,-0.5897287,0,0.0963671,0.1136609,0.1545403,0.9814268,False,-1,-1,0,0,0,-1
2026-06-29 12:17:03.735,74.18624,True,22.36155,1.084736,-6.207138,0.7930318,-0.6018195,0,0.09441336,0.1136396,0.1497456,0.9821723,False,-1,-1,0,0,0,-1
2026-06-29 12:17:03.774,74.22881,True,22.36152,1.08464,-6.207007,0.789794,-0.6065648,0,0.09113007,0.1105526,0.1439479,0.9833906,False,-1,-1,0,0,0,-1
2026-06-29 12:17:03.821,74.2718,True,22.36156,1.084656,-6.207008,0.7942531,-0.6005552,0,0.09217144,0.1107081,0.1464149,0.9830089,False,-1,-1,0,0,0,-1
2026-06-29 12:17:03.864,74.31567,True,22.36147,1.084675,-6.20687,0.803706,-0.5876366,0,0.09348764,0.1098735,0.1502731,0.9825201,False,-1,-1,0,0,0,-1
2026-06-29 12:17:03.906,74.35933,True,22.36161,1.08461,-6.207004,0.8004211,-0.592209,0,0.09281443,0.1099311,0.1485813,0.982771,False,-1,-1,0,0,0,-1
2026-06-29 12:17:03.954,74.40524,True,22.36171,1.084634,-6.207152,0.7975569,-0.5959347,0,0.09362055,0.1115834,0.1493354,0.9824703,False,-1,-1,0,0,0,-1
2026-06-29 12:17:03.995,74.44732,True,22.36168,1.084737,-6.207056,0.8028674,-0.5886447,0,0.09434738,0.1110742,0.1514968,0.9821971,False,-1,-1,0,0,0,-1
2026-06-29 12:17:04.038,74.49083,True,22.36148,1.084609,-6.20686,0.8016529,-0.590435,0,0.09348316,0.1103915,0.1498821,0.9825218,False,-1,-1,0,0,0,-1
2026-06-29 12:17:04.082,74.53653,True,22.36126,1.084649,-6.206788,0.8004168,-0.5920746,0,0.09370494,0.1109606,0.150006,0.9824387,False,-1,-1,0,0,0,-1
2026-06-29 12:17:04.126,74.5788,True,22.36106,1.084739,-6.206784,0.8042079,-0.5867723,0,0.09459363,0.1110098,0.1521459,0.9821041,False,-1,-1,0,0,0,-1
2026-06-29 12:17:04.173,74.62534,True,22.36075,1.084637,-6.206876,0.8032797,-0.5878742,0,0.09563331,0.1124407,0.1536406,0.9817086,False,-1,-1,0,0,0,-1
2026-06-29 12:17:04.220,74.67151,True,22.36049,1.084783,-6.206923,0.7902383,-0.605483,0,0.09441333,0.1143313,0.149218,0.9821723,False,-1,-1,0,0,0,-1
2026-06-29 12:17:04.266,74.71674,True,22.35971,1.084879,-6.207109,0.995667,-0.05582698,0,0.07436731,0.008303406,0.1480902,0.988939,False,-1,-1,0,0,0,-1
2026-06-29 12:17:04.308,74.76101,True,22.35874,1.085105,-6.207079,0.6314174,0.7673692,0,0.1116099,-0.1712919,0.1409448,0.9750865,True,0.9276643,0.4752099,21.49672,1.794403,-1.3,5.032454
2026-06-29 12:17:04.349,74.80096,True,22.35734,1.085313,-6.207098,0.6847505,0.7214879,0,0.1028203,-0.1483672,0.1408125,0.978856,True,0.9467598,0.474288,21.61356,1.79122,-1.3,5.013094
2026-06-29 12:17:04.397,74.84788,True,22.35587,1.08525,-6.20754,0.7029738,0.7040395,0,0.1007782,-0.1419037,0.1416889,0.9796875,True,0.9519035,0.4753861,21.64503,1.795011,-1.3,5.009291
2026-06-29 12:17:04.439,74.89153,True,22.35413,1.085166,-6.208067,0.7324016,0.6737189,0,0.09844171,-0.1326441,0.1441977,0.9806184,True,0.9592927,0.4788251,21.69024,1.806886,-1.3,5.005073
2026-06-29 12:17:04.484,74.93654,True,22.35286,1.085214,-6.20866,0.7808828,0.6173304,0,0.09552586,-0.117942,0.149189,0.9817496,True,0.9712094,0.4858511,21.76315,1.831146,-1.3,4.99991
2026-06-29 12:17:04.526,74.97929,True,22.3518,1.085193,-6.209086,0.7968361,0.5976704,0,0.0885566,-0.1058553,0.1411302,0.9843155,True,0.9811312,0.4736605,21.82386,1.789053,-1.3,4.98731
2026-06-29 12:17:04.573,75.02616,True,22.35057,1.085135,-6.209695,0.8170061,0.5704623,0,0.08410691,-0.09595961,0.1374317,0.985852,True,0.9891092,0.4680167,21.87268,1.769566,-1.3,4.980155
2026-06-29 12:17:04.616,75.07029,True,22.34972,1.085197,-6.210141,0.8269911,0.5562525,0,0.08166251,-0.09084995,0.1350683,0.9866625,True,0.993183,0.4644836,21.8976,1.757366,-1.3,4.976515
2026-06-29 12:17:04.661,75.11274,True,22.34899,1.085036,-6.210467,0.8573738,0.5081741,0,0.08166581,-0.08300088,0.1400362,0.9866614,True,0.9994427,0.4716108,21.9359,1.781976,-1.3,4.976851
2026-06-29 12:17:04.706,75.15903,True,22.3482,1.084736,-6.211225,0.8157371,0.5720054,0,0.08592336,-0.09829723,0.1401817,0.9852344,True,0.9867446,0.4720573,21.85821,1.783517,-1.3,4.984828
2026-06-29 12:17:04.748,75.20169,True,22.34766,1.084542,-6.2118,0.8343263,0.5455806,0,0.07900378,-0.08620585,0.1318298,0.9875168,True,0.9966606,0.4595263,21.91888,1.74025,-1.3,4.973891
2026-06-29 12:17:04.795,75.24753,True,22.34722,1.084326,-6.212101,0.8877576,0.4537143,0,0.07765175,-0.07046342,0.1378719,0.9879404,False,-1,-1,0,0,0,-1
2026-06-29 12:17:04.838,75.29125,True,22.34697,1.084365,-6.212377,0.9074912,0.4131463,0,0.07596008,-0.06276524,0.1378662,0.9884602,False,-1,-1,0,0,0,-1
2026-06-29 12:17:04.883,75.33572,True,22.34633,1.084293,-6.212434,0.9075519,0.4134184,0,0.07372111,-0.06095531,0.1338114,0.9891304,False,-1,-1,0,0,0,-1
2026-06-29 12:17:04.926,75.37969,True,22.34584,1.084361,-6.212553,0.9181981,0.3891247,0,0.0741239,-0.05768686,0.1361208,0.9890113,False,-1,-1,0,0,0,-1
2026-06-29 12:17:04.969,75.42087,True,22.34531,1.084367,-6.212452,0.9419164,0.3280285,0,0.0720476,-0.04726732,0.1357256,0.9896182,False,-1,-1,0,0,0,-1
2026-06-29 12:17:05.012,75.46288,True,22.34481,1.084461,-6.212337,0.9573362,0.2803515,0,0.07007425,-0.03929084,0.1341692,0.9901792,False,-1,-1,0,0,0,-1
2026-06-29 12:17:05.055,75.50658,True,22.34446,1.08437,-6.212215,0.9519252,0.2980475,0,0.07075521,-0.04217682,0.1347073,0.9899874,False,-1,-1,0,0,0,-1
2026-06-29 12:17:05.105,75.55721,True,22.34397,1.084329,-6.21206,0.8890817,0.4519083,0,0.07288844,-0.06587778,0.1296075,0.9893746,False,-1,-1,0,0,0,-1
2026-06-29 12:17:05.144,75.59498,True,22.34354,1.084262,-6.212209,0.9041139,0.4212077,0,0.07184871,-0.06052645,0.1299188,0.9896755,False,-1,-1,0,0,0,-1
2026-06-29 12:17:05.186,75.63767,True,22.34318,1.084124,-6.212274,0.9097937,0.4089547,0,0.07093289,-0.05801667,0.1290686,0.9899371,False,-1,-1,0,0,0,-1
2026-06-29 12:17:05.232,75.6833,True,22.34308,1.084104,-6.212322,0.9166673,0.3935727,0,0.06943782,-0.05465766,0.1273028,0.9903568,False,-1,-1,0,0,0,-1
2026-06-29 12:17:05.276,75.72884,True,22.34317,1.084037,-6.212348,0.9252043,0.3731973,0,0.0687088,-0.05128386,0.1271393,0.9905581,False,-1,-1,0,0,0,-1
2026-06-29 12:17:05.317,75.77031,True,22.34336,1.08408,-6.212621,0.9289438,0.3639248,0,0.06798658,-0.049484,0.1263114,0.9907557,False,-1,-1,0,0,0,-1
2026-06-29 12:17:05.357,75.81036,True,22.34351,1.084123,-6.212666,0.9259488,0.3714935,0,0.06790742,-0.05045433,0.1257576,0.9907772,False,-1,-1,0,0,0,-1
2026-06-29 12:17:05.399,75.8507,True,22.34346,1.084243,-6.212668,0.9269028,0.3690003,0,0.06848404,-0.05054126,0.1269561,0.9906199,False,-1,-1,0,0,0,-1
2026-06-29 12:17:05.442,75.89519,True,22.34318,1.084298,-6.21261,0.9303746,0.3598825,0,0.06991191,-0.05032014,0.1300885,0.9902246,False,-1,-1,0,0,0,-1
2026-06-29 12:17:05.488,75.93929,True,22.34306,1.084213,-6.212568,0.9313143,0.3575907,0,0.06915591,-0.04945901,0.1288118,0.9904349,False,-1,-1,0,0,0,-1
2026-06-29 12:17:05.530,75.98284,True,22.34287,1.084003,-6.212429,0.9335144,0.3515523,0,0.07044061,-0.04952713,0.1315147,0.9900762,False,-1,-1,0,0,0,-1
2026-06-29 12:17:05.581,76.03529,True,22.34253,1.083942,-6.212439,0.9430161,0.325076,0,0.0710381,-0.04618556,0.1339801,0.9899071,False,-1,-1,0,0,0,-1
2026-06-29 12:17:05.616,76.0694,True,22.34232,1.083924,-6.212462,0.9389108,0.3367592,0,0.07099016,-0.04781319,0.1333069,0.9899208,False,-1,-1,0,0,0,-1
2026-06-29 12:17:05.683,76.13572,True,22.34227,1.083911,-6.212214,0.9407812,0.3317063,0,0.07001112,-0.04644627,0.1317303,0.9901969,False,-1,-1,0,0,0,-1
2026-06-29 12:17:05.718,76.1692,True,22.34235,1.083887,-6.212124,0.9387732,0.3375029,0,0.06925829,-0.04674975,0.1300357,0.9904066,False,-1,-1,0,0,0,-1
2026-06-29 12:17:05.750,76.20364,True,22.34248,1.08401,-6.212253,0.9377831,0.3404465,0,0.06825742,-0.046476,0.1280213,0.9906818,False,-1,-1,0,0,0,-1
2026-06-29 12:17:05.815,76.26924,True,22.34235,1.084026,-6.21228,0.9350821,0.347678,0,0.06885812,-0.0478809,0.128776,0.9905171,False,-1,-1,0,0,0,-1
2026-06-29 12:17:05.853,76.30392,True,22.34229,1.084023,-6.212437,0.9354784,0.3466384,0,0.06871563,-0.04763896,0.128564,0.9905563,False,-1,-1,0,0,0,-1
2026-06-29 12:17:05.917,76.36881,True,22.34231,1.084,-6.212629,0.9350399,0.3479375,0,0.06811623,-0.04740038,0.1273828,0.9907203,False,-1,-1,0,0,0,-1
2026-06-29 12:17:05.984,76.43468,True,22.34185,1.08407,-6.212534,0.9368018,0.3433329,0,0.06726777,-0.04619047,0.1260331,0.9909501,False,-1,-1,0,0,0,-1
2026-06-29 12:17:06.017,76.46965,True,22.34196,1.08411,-6.212718,0.9192874,0.3871908,0,0.07066867,-0.0547245,0.1299296,0.9900119,False,-1,-1,0,0,0,-1
2026-06-29 12:17:06.083,76.53555,True,22.34137,1.083926,-6.212779,0.9296037,0.3623542,0,0.06735272,-0.04881109,0.1252227,0.9909272,False,-1,-1,0,0,0,-1
2026-06-29 12:17:06.148,76.6019,True,22.34122,1.08392,-6.212825,0.9357957,0.3457628,0,0.0688085,-0.04758283,0.1287814,0.9905307,False,-1,-1,0,0,0,-1
2026-06-29 12:17:06.180,76.63573,True,22.3412,1.084002,-6.212997,0.9405437,0.3327819,0,0.06807157,-0.04530597,0.1280486,0.9907326,False,-1,-1,0,0,0,-1
2026-06-29 12:17:06.241,76.69273,True,22.34137,1.083995,-6.212978,0.9369583,0.3430516,0,0.06651939,-0.04563915,0.1246518,0.9911504,False,-1,-1,0,0,0,-1
2026-06-29 12:17:06.281,76.73506,True,22.34147,1.083977,-6.212913,0.9383693,0.3389592,0,0.06759967,-0.04582706,0.1268669,0.9908606,False,-1,-1,0,0,0,-1
2026-06-29 12:17:06.328,76.77895,True,22.34145,1.084187,-6.212879,0.9229165,0.3786988,0,0.06937026,-0.05254088,0.1280459,0.9903755,False,-1,-1,0,0,0,-1
2026-06-29 12:17:06.373,76.82497,True,22.34137,1.084124,-6.212909,0.9230095,0.378592,0,0.06871343,-0.0520287,0.1268463,0.990557,False,-1,-1,0,0,0,-1
2026-06-29 12:17:06.414,76.86788,True,22.34117,1.083983,-6.212853,0.9211552,0.3832593,0,0.06771705,-0.05190636,0.1247558,0.9908288,False,-1,-1,0,0,0,-1
2026-06-29 12:17:06.464,76.91492,True,22.34088,1.083969,-6.212927,0.9201508,0.3858995,0,0.06636341,-0.0512192,0.1221287,0.9911917,False,-1,-1,0,0,0,-1
2026-06-29 12:17:06.506,76.95805,True,22.34072,1.083746,-6.213201,0.9357209,0.3467004,0,0.06500266,-0.04507289,0.1216487,0.9915493,False,-1,-1,0,0,0,-1
2026-06-29 12:17:06.551,77.00232,True,22.34055,1.083646,-6.213442,0.9476336,0.3125199,0,0.06574157,-0.0410911,0.1245978,0.9913561,False,-1,-1,0,0,0,-1
2026-06-29 12:17:06.593,77.04439,True,22.34018,1.083528,-6.213133,0.9459009,0.3178298,0,0.06523658,-0.04146826,0.1234147,0.9914884,False,-1,-1,0,0,0,-1
2026-06-29 12:17:06.638,77.09074,True,22.33987,1.083568,-6.213141,0.9511027,0.3024982,0,0.06243778,-0.03777463,0.1187695,0.9922031,False,-1,-1,0,0,0,-1
2026-06-29 12:17:06.682,77.1348,True,22.33977,1.083615,-6.213108,0.9626881,0.2632878,0,0.06253853,-0.03293126,0.1204102,0.9921779,False,-1,-1,0,0,0,-1
2026-06-29 12:17:06.726,77.1774,True,22.33976,1.083389,-6.212939,0.9597249,0.2744348,0,0.06011429,-0.0329949,0.1153863,0.9927726,False,-1,-1,0,0,0,-1
2026-06-29 12:17:06.774,77.22578,True,22.33982,1.083387,-6.212879,0.9636976,0.2602387,0,0.05969013,-0.03106737,0.1150465,0.9928742,False,-1,-1,0,0,0,-1
2026-06-29 12:17:06.815,77.26744,True,22.33977,1.083421,-6.213081,0.9630994,0.2623736,0,0.05999844,-0.03148401,0.1155689,0.9928004,False,-1,-1,0,0,0,-1
2026-06-29 12:17:06.857,77.31054,True,22.33988,1.083475,-6.213175,0.9638897,0.2597518,0,0.05869987,-0.03049479,0.1131604,0.9931086,False,-1,-1,0,0,0,-1
2026-06-29 12:17:06.905,77.35659,True,22.33982,1.083437,-6.213034,0.9644406,0.2578286,0,0.05812814,-0.02997419,0.1121223,0.9932423,False,-1,-1,0,0,0,-1
2026-06-29 12:17:06.950,77.40382,True,22.33979,1.083202,-6.212605,0.9672709,0.2469433,0,0.05836245,-0.02882442,0.1129046,0.9931877,False,-1,-1,0,0,0,-1
2026-06-29 12:17:07.007,77.45932,True,22.3399,1.083305,-6.21259,0.9641808,0.2585488,0,0.05922788,-0.0306266,0.1142128,0.9929841,False,-1,-1,0,0,0,-1
2026-06-29 12:17:07.051,77.50378,True,22.33981,1.083253,-6.212496,0.9706472,0.2327711,0,0.06051164,-0.02817072,0.1174709,0.9926767,False,-1,-1,0,0,0,-1
2026-06-29 12:17:07.096,77.54909,True,22.33984,1.083263,-6.212447,0.9664875,0.2496112,0,0.05996781,-0.02993727,0.1159163,0.9928077,False,-1,-1,0,0,0,-1
2026-06-29 12:17:07.140,77.59073,True,22.33996,1.08337,-6.21254,0.9687904,0.2406989,0,0.05924002,-0.028518,0.1147823,0.9929812,False,-1,-1,0,0,0,-1
2026-06-29 12:17:07.185,77.63605,True,22.33974,1.083365,-6.212549,0.9668634,0.2486883,0,0.05770045,-0.02869885,0.1115769,0.9933413,False,-1,-1,0,0,0,-1
2026-06-29 12:17:07.226,77.67904,True,22.33984,1.083388,-6.212533,0.9704698,0.2341944,0,0.05780538,-0.02707539,0.1121968,0.9933171,False,-1,-1,0,0,0,-1
2026-06-29 12:17:07.270,77.72214,True,22.33981,1.083366,-6.212437,0.9728494,0.2240326,0,0.05808253,-0.02602476,0.1130111,0.9932528,False,-1,-1,0,0,0,-1
2026-06-29 12:17:07.315,77.76756,True,22.33971,1.083269,-6.212487,0.9753993,0.2125401,0,0.05850568,-0.02486961,0.1141328,0.9931542,False,-1,-1,0,0,0,-1
2026-06-29 12:17:07.359,77.81097,True,22.33974,1.083219,-6.21272,0.9758948,0.2105392,0,0.05746811,-0.02419858,0.1121656,0.9933948,False,-1,-1,0,0,0,-1
2026-06-29 12:17:07.405,77.85622,True,22.33974,1.08322,-6.212797,0.9759101,0.210334,0,0.05795723,-0.02438075,0.1131221,0.9932819,False,-1,-1,0,0,0,-1
2026-06-29 12:17:07.449,77.90131,True,22.34006,1.083368,-6.212721,0.9681232,0.243797,0,0.05745024,-0.02801239,0.1112378,0.993399,False,-1,-1,0,0,0,-1
2026-06-29 12:17:07.491,77.94316,True,22.34032,1.083405,-6.212705,0.9678038,0.2451466,0,0.05708711,-0.02798942,0.1104982,0.9934821,False,-1,-1,0,0,0,-1
2026-06-29 12:17:07.538,77.98849,True,22.34045,1.083405,-6.21271,0.9708703,0.2325252,0,0.05781743,-0.02688802,0.1122665,0.9933143,False,-1,-1,0,0,0,-1
2026-06-29 12:17:07.586,78.03706,True,22.34057,1.083433,-6.212759,0.9735763,0.2207304,0,0.05854381,-0.02584479,0.1139937,0.9931452,False,-1,-1,0,0,0,-1
2026-06-29 12:17:07.629,78.08103,True,22.34047,1.083328,-6.212746,0.9738524,0.219589,0,0.05824225,-0.02557872,0.1134387,0.9932157,False,-1,-1,0,0,0,-1
2026-06-29 12:17:07.671,78.1243,True,22.34037,1.083152,-6.212572,0.9749757,0.2146906,0,0.05770967,-0.02477944,0.112531,0.9933392,False,-1,-1,0,0,0,-1
2026-06-29 12:17:07.726,78.1701,True,22.34024,1.083047,-6.212502,0.9764286,0.2080313,0,0.0575349,-0.02393812,0.1123574,0.9933795,False,-1,-1,0,0,0,-1
2026-06-29 12:17:07.770,78.22059,True,22.3401,1.083028,-6.212159,0.9660249,0.2496739,0,0.06677459,-0.03334375,0.1290119,0.9910823,False,-1,-1,0,0,0,-1
2026-06-29 12:17:07.814,78.2662,True,22.34019,1.082985,-6.211831,0.3831516,0.9122292,0,0.145027,-0.2645957,0.1111347,0.9579343,True,0.843781,0.4342083,20.98347,1.65283,-1.3,5.127523
2026-06-29 12:17:07.855,78.30729,True,22.34034,1.082773,-6.21137,0.3450558,0.9276426,0,0.1428835,-0.2650896,0.09860553,0.9591687,True,0.8436977,0.415339,20.98296,1.587677,-1.3,5.120445
2026-06-29 12:17:07.897,78.35066,True,22.34034,1.082493,-6.210565,0.3543814,0.9262397,0,0.128428,-0.2379102,0.09102497,0.9670125,True,0.8680913,0.4028994,21.13221,1.544725,-1.3,5.078077
2026-06-29 12:17:07.943,78.39555,True,22.33993,1.08212,-6.209026,0.323365,0.9363195,0,0.1368978,-0.2563602,0.08853593,0.9625179,True,0.8517858,0.3996979,21.03245,1.53367,-1.3,5.100192
2026-06-29 12:17:07.986,78.43884,True,22.33931,1.08223,-6.207462,0.3240877,0.9362282,0,0.1358085,-0.2542954,0.08802769,0.9631122,True,0.8536034,0.3988576,21.04357,1.530769,-1.3,5.095421
2026-06-29 12:17:08.033,78.4837,True,22.33834,1.082547,-6.205466,0.3378417,0.93156,0,0.1343838,-0.2503731,0.09080087,0.963882,True,0.8569633,0.4028801,21.06413,1.544658,-1.3,5.089281
2026-06-29 12:17:08.076,78.52837,True,22.3372,1.082603,-6.203223,0.3202482,0.9371906,0,0.1382567,-0.2591457,0.08855289,0.9617702,True,0.8491052,0.3998099,21.01604,1.534057,-1.3,5.098123
2026-06-29 12:17:08.120,78.57085,True,22.33569,1.082324,-6.200339,0.4090284,0.9049447,0,0.1173493,-0.2123892,0.09599836,0.9724582,True,0.8898643,0.4090818,21.26543,1.566072,-1.3,5.039125
2026-06-29 12:17:08.158,78.61105,True,22.33455,1.082076,-6.196765,0.3971204,0.9116414,0,0.1058555,-0.1930044,0.08407471,0.9775892,True,0.9065918,0.3908757,21.36778,1.503208,-1.3,5.009021
2026-06-29 12:17:08.206,78.6577,True,22.33367,1.081713,-6.192745,0.4686355,0.8783758,0,0.09400406,-0.1651418,0.08810727,0.9823265,True,0.9300207,0.3958996,21.51114,1.520555,-1.3,4.980773
2026-06-29 12:17:08.249,78.70014,True,22.33318,1.081597,-6.188601,0.3951138,0.9124938,0,0.1060193,-0.1934839,0.08377939,0.9775198,True,0.9062291,0.3901146,21.36556,1.50058,-1.3,5.001025
2026-06-29 12:17:08.292,78.74423,True,22.33285,1.081467,-6.184387,0.489781,0.8676571,0,0.08535733,-0.1481218,0.08361278,0.9854282,True,0.9443269,0.38876,21.59867,1.495903,-1.3,4.956613
2026-06-29 12:17:08.338,78.79279,True,22.33294,1.081754,-6.180462,0.5474584,0.8335702,0,0.07382347,-0.1230741,0.08083057,0.9891002,True,0.9650811,0.3843254,21.72566,1.480591,-1.3,4.934244
2026-06-29 12:17:08.380,78.83419,True,22.33283,1.081944,-6.177011,0.488508,0.8699009,0,0.06806154,-0.1184136,0.06649721,0.9907353,True,0.9690479,0.363674,21.74993,1.409285,-1.3,4.922617
2026-06-29 12:17:08.428,78.87916,True,22.33316,1.081958,-6.1739,0.6031873,0.7948962,0,0.06561445,-0.1043133,0.07915559,0.9913895,True,0.9805546,0.3815781,21.82034,1.471105,-1.3,4.916231
2026-06-29 12:17:08.475,78.92518,True,22.3336,1.081963,-6.171523,0.6469989,0.7601956,0,0.05911969,-0.08988505,0.07650075,0.9930097,True,0.9923711,0.377569,21.89264,1.457262,-1.3,4.905816
2026-06-29 12:17:08.513,78.96886,True,22.33488,1.081874,-6.169508,0.7347109,0.6766075,0,0.04901235,-0.06632425,0.07201981,0.9951956,False,-1,-1,0,0,0,-1
2026-06-29 12:17:08.557,79.0103,True,22.33575,1.08194,-6.167933,0.8278765,0.5588206,0,0.04837408,-0.05406486,0.08009553,0.9953198,False,-1,-1,0,0,0,-1
2026-06-29 12:17:08.602,79.05476,True,22.33653,1.081961,-6.167001,0.8674412,0.4956807,0,0.04296866,-0.04259748,0.07454559,0.9963074,False,-1,-1,0,0,0,-1
2026-06-29 12:17:08.646,79.09845,True,22.33727,1.08213,-6.166363,0.9025437,0.4280045,0,0.04719129,-0.04039617,0.08518441,0.995546,False,-1,-1,0,0,0,-1
2026-06-29 12:17:08.695,79.14644,True,22.33773,1.0821,-6.166028,0.8918809,0.4495758,0,0.04929594,-0.04432451,0.08793221,0.9951398,False,-1,-1,0,0,0,-1
2026-06-29 12:17:08.740,79.19299,True,22.33804,1.082199,-6.16653,0.8892722,0.4547077,0,0.04935497,-0.04488417,0.08778,0.9951282,False,-1,-1,0,0,0,-1
2026-06-29 12:17:08.780,79.23358,True,22.33849,1.08212,-6.167416,0.8969604,0.4396011,0,0.04704218,-0.0413596,0.08438995,0.9955741,False,-1,-1,0,0,0,-1
2026-06-29 12:17:08.826,79.27923,True,22.33904,1.082208,-6.168058,0.9017362,0.4295864,0,0.04824408,-0.04144998,0.08700684,0.995345,False,-1,-1,0,0,0,-1
2026-06-29 12:17:08.870,79.32301,True,22.33948,1.08222,-6.168785,0.9143046,0.4018041,0,0.05099584,-0.04098067,0.09325147,0.9947989,False,-1,-1,0,0,0,-1
2026-06-29 12:17:08.916,79.36768,True,22.33989,1.082139,-6.169114,0.9096082,0.4121457,0,0.05242972,-0.04321736,0.095381,0.9945022,False,-1,-1,0,0,0,-1
2026-06-29 12:17:08.961,79.41219,True,22.34045,1.082455,-6.169435,0.8968935,0.4389831,0,0.05362721,-0.04708287,0.09619577,0.9942482,False,-1,-1,0,0,0,-1
2026-06-29 12:17:09.009,79.45995,True,22.34041,1.0826,-6.169261,0.8974673,0.4377018,0,0.05449384,-0.0477041,0.09781288,0.9940609,False,-1,-1,0,0,0,-1
2026-06-29 12:17:09.054,79.50579,True,22.34071,1.082614,-6.169264,0.908693,0.4138629,0,0.05472452,-0.04529688,0.09945553,0.9940104,False,-1,-1,0,0,0,-1
2026-06-29 12:17:09.094,79.54666,True,22.34068,1.082526,-6.168884,0.8992215,0.4339492,0,0.05557765,-0.04823575,0.09995322,0.9938223,False,-1,-1,0,0,0,-1
2026-06-29 12:17:09.137,79.58856,True,22.34036,1.08236,-6.168652,0.8982276,0.4358775,0,0.05655179,-0.0492993,0.1015927,0.9936038,False,-1,-1,0,0,0,-1
2026-06-29 12:17:09.188,79.64141,True,22.34058,1.082387,-6.168586,0.8944672,0.4435572,0,0.05644035,-0.05006904,0.1009681,0.993629,False,-1,-1,0,0,0,-1
2026-06-29 12:17:09.231,79.68368,True,22.34093,1.082463,-6.168446,0.901535,0.428829,0,0.0577958,-0.04956903,0.1042099,0.9933193,False,-1,-1,0,0,0,-1
2026-06-29 12:17:09.271,79.72233,True,22.34122,1.082428,-6.168217,0.9028148,0.4260364,0,0.05846788,-0.04981888,0.1055713,0.993163,False,-1,-1,0,0,0,-1
2026-06-29 12:17:09.315,79.7669,True,22.34176,1.08248,-6.168142,0.8994662,0.4331081,0,0.05812158,-0.05034585,0.1045568,0.9932438,False,-1,-1,0,0,0,-1
2026-06-29 12:17:09.359,79.81163,True,22.34222,1.082469,-6.168177,0.9042826,0.4229264,0,0.05836411,-0.04936744,0.1055553,0.9931873,False,-1,-1,0,0,0,-1
2026-06-29 12:17:09.401,79.85542,True,22.34247,1.082533,-6.168283,0.9062808,0.4185846,0,0.05866972,-0.04911649,0.1063425,0.9931158,False,-1,-1,0,0,0,-1
2026-06-29 12:17:09.446,79.89989,True,22.34263,1.082434,-6.168389,0.9092479,0.4121278,0,0.05847317,-0.04819682,0.1063332,0.9931618,False,-1,-1,0,0,0,-1
2026-06-29 12:17:09.495,79.94762,True,22.34258,1.082393,-6.168182,0.9064327,0.418283,0,0.05847319,-0.04891667,0.106004,0.9931617,False,-1,-1,0,0,0,-1
2026-06-29 12:17:09.537,79.98963,True,22.34239,1.082377,-6.168078,0.8742947,0.4817356,0,0.05949439,-0.05732113,0.1040312,0.9929209,False,-1,-1,0,0,0,-1
2026-06-29 12:17:09.582,80.03239,True,22.34266,1.082684,-6.168083,0.862626,0.501815,0,0.06370439,-0.06393562,0.1099061,0.9918835,False,-1,-1,0,0,0,-1
2026-06-29 12:17:09.622,80.07735,True,22.34275,1.082654,-6.167893,0.8497366,0.5237535,0,0.06024918,-0.06311144,0.1023919,0.99274,False,-1,-1,0,0,0,-1
2026-06-29 12:17:09.671,80.12209,True,22.34298,1.082747,-6.167713,0.8715522,0.4865526,0,0.06052534,-0.05889753,0.105502,0.9926734,False,-1,-1,0,0,0,-1
2026-06-29 12:17:09.713,80.16778,True,22.34316,1.082719,-6.167669,0.8766848,0.4772463,0,0.06049601,-0.05774299,0.1060719,0.9926805,False,-1,-1,0,0,0,-1
2026-06-29 12:17:09.756,80.20995,True,22.34317,1.082664,-6.167758,0.8790825,0.4729688,0,0.0592829,-0.05607792,0.1042291,0.9929711,False,-1,-1,0,0,0,-1
2026-06-29 12:17:09.804,80.25659,True,22.34319,1.082633,-6.167889,0.8766445,0.4774749,0,0.05926337,-0.05659354,0.1039058,0.9929757,False,-1,-1,0,0,0,-1
2026-06-29 12:17:09.848,80.301,True,22.34312,1.082506,-6.167957,0.88385,0.46413,0,0.05824686,-0.05406821,0.1029629,0.9932146,False,-1,-1,0,0,0,-1
2026-06-29 12:17:09.891,80.34378,True,22.34309,1.082468,-6.16794,0.8781304,0.4747526,0,0.05913358,-0.05614766,0.103854,0.9930065,False,-1,-1,0,0,0,-1
2026-06-29 12:17:09.937,80.3886,True,22.34269,1.082383,-6.167963,0.8914744,0.4492213,0,0.05893669,-0.05295124,0.1050811,0.993053,False,-1,-1,0,0,0,-1
2026-06-29 12:17:09.971,80.42256,True,22.34268,1.082481,-6.167975,0.8978297,0.436455,0,0.05838687,-0.05096647,0.1048429,0.9931819,False,-1,-1,0,0,0,-1
2026-06-29 12:17:10.016,80.46908,True,22.34268,1.082686,-6.167993,0.8820749,0.4672989,0,0.05979623,-0.05588543,0.1054895,0.9928488,False,-1,-1,0,0,0,-1
2026-06-29 12:17:10.061,80.51218,True,22.34231,1.082762,-6.167808,0.8872703,0.4570617,0,0.06201652,-0.05669075,0.1100508,0.9923079,False,-1,-1,0,0,0,-1
2026-06-29 12:17:10.105,80.55748,True,22.34255,1.082789,-6.167951,0.8928477,0.4461412,0,0.06149123,-0.05486753,0.1098046,0.9924376,False,-1,-1,0,0,0,-1
2026-06-29 12:17:10.147,80.59892,True,22.34247,1.08274,-6.16789,0.8994754,0.4332027,0,0.05726745,-0.04961682,0.1030213,0.9934409,False,-1,-1,0,0,0,-1
2026-06-29 12:17:10.206,80.65558,True,22.34241,1.082753,-6.168115,0.8899746,0.4523389,0,0.05774822,-0.05224352,0.1027889,0.9933302,False,-1,-1,0,0,0,-1
2026-06-29 12:17:10.237,80.68895,True,22.34236,1.082785,-6.168318,0.8903288,0.4517025,0,0.05726751,-0.05173575,0.1019738,0.9934409,False,-1,-1,0,0,0,-1
2026-06-29 12:17:10.271,80.7223,True,22.34226,1.082768,-6.168261,0.8800626,0.4713831,0,0.05733853,-0.05405683,0.100923,0.9934246,False,-1,-1,0,0,0,-1
2026-06-29 12:17:10.304,80.75649,True,22.3421,1.082808,-6.168112,0.8829994,0.4658692,0,0.05725317,-0.05334498,0.101109,0.9934442,False,-1,-1,0,0,0,-1
2026-06-29 12:17:10.338,80.79021,True,22.34201,1.082713,-6.168064,0.8929285,0.4463985,0,0.05837165,-0.05211402,0.1042434,0.9931855,False,-1,-1,0,0,0,-1
2026-06-29 12:17:10.404,80.85495,True,22.34217,1.082683,-6.168174,0.9024768,0.4269246,0,0.05719306,-0.04883425,0.1032308,0.9934579,False,-1,-1,0,0,0,-1
2026-06-29 12:17:10.436,80.88921,True,22.3422,1.082749,-6.168352,0.881498,0.4690035,0,0.05474529,-0.05135146,0.09651572,0.9940059,False,-1,-1,0,0,0,-1
2026-06-29 12:17:10.470,80.92304,False,22.34219,1.082838,-6.168377,0,0,0,1,0,0,-1,False,-1,-1,0,0,0,-1
2026-06-29 12:17:10.538,80.99219,False,22.34214,1.083477,-6.168413,0,0,0,1,0,0,-1,False,-1,-1,0,0,0,-1
2026-06-29 12:17:10.602,81.05446,False,22.34186,1.084435,-6.168705,0,0,0,1,0,0,-1,False,-1,-1,0,0,0,-1
2026-06-29 12:17:10.669,81.12206,False,22.3415,1.087843,-6.169725,0,0,0,1,0,0,-1,False,-1,-1,0,0,0,-1
2026-06-29 12:17:10.738,81.18972,False,22.34253,1.094336,-6.170708,0,0,0,1,0,0,-1,False,-1,-1,0,0,0,-1
2026-06-29 12:17:10.802,81.25447,True,22.34491,1.096688,-6.171392,-0.9387924,0.327745,0,0.1060756,-0.06953149,-0.1991659,0.977496,False,-1,-1,0,0,0,-1
2026-06-29 12:17:10.837,81.28937,True,22.34557,1.096866,-6.171769,-0.9213713,0.3754938,0,0.1003965,-0.07539655,-0.185005,0.9798411,False,-1,-1,0,0,0,-1
2026-06-29 12:17:10.884,81.33452,True,22.34726,1.098133,-6.172779,-0.9149742,0.3924013,0,0.09404015,-0.07380296,-0.1720886,0.9823129,False,-1,-1,0,0,0,-1
2026-06-29 12:17:10.925,81.3791,True,22.34901,1.100643,-6.173174,-0.8703396,0.4848662,0,0.08610372,-0.08349755,-0.1498789,0.9851723,True,0.9994567,0.05957283,21.93599,0.3592635,-1.3,4.946519
2026-06-29 12:17:10.970,81.42234,True,22.35123,1.103768,-6.173131,-0.9451303,0.3140077,0,0.09015431,-0.05661829,-0.1704151,0.9837444,False,-1,-1,0,0,0,-1
2026-06-29 12:17:11.013,81.46596,True,22.35373,1.105864,-6.173377,-0.8796793,0.4702891,0,0.07065786,-0.06645922,-0.1243125,0.9900149,False,-1,-1,0,0,0,-1
2026-06-29 12:17:11.067,81.52119,True,22.35585,1.10845,-6.17317,-0.811527,0.5810298,0,0.06187405,-0.07190133,-0.1004249,0.9923432,False,-1,-1,0,0,0,-1
2026-06-29 12:17:11.111,81.56239,True,22.35669,1.109614,-6.173128,-0.7681523,0.6379263,0,0.05470095,-0.06979033,-0.0840373,0.9940156,False,-1,-1,0,0,0,-1
2026-06-29 12:17:11.153,81.60607,True,22.3561,1.110989,-6.173236,-0.4739715,0.8787642,0,0.05589817,-0.0982426,-0.05298826,0.9937508,True,0.9893796,0.2020277,21.87433,0.8511413,-1.3,4.903882
2026-06-29 12:17:11.195,81.64667,True,22.35518,1.111845,-6.172885,-0.3793083,0.9239723,0,0.04899431,-0.09053877,-0.03716789,0.9951991,True,0.995514,0.2248246,21.91187,0.9298561,-1.3,4.896391
2026-06-29 12:17:11.236,81.6881,True,22.35413,1.112443,-6.172516,-0.3702917,0.9277627,0,0.04626527,-0.08584638,-0.03426328,0.9957191,True,0.9991388,0.2291459,21.93404,0.944777,-1.3,4.893464
2026-06-29 12:17:11.277,81.73093,True,22.35311,1.112465,-6.172017,-0.1398199,0.9892522,0,0.04278699,-0.08465423,-0.01196494,0.9963386,True,0.9999737,0.2607661,21.93915,1.053957,-1.3,4.889921
2026-06-29 12:17:11.325,81.77635,True,22.35237,1.112111,-6.171221,-0.1940344,0.9803772,0,0.03480319,-0.06824051,-0.01350603,0.9975774,False,-1,-1,0,0,0,-1
2026-06-29 12:17:11.371,81.82395,True,22.35144,1.111934,-6.170439,-0.1052949,0.993938,0,0.03162705,-0.06287065,-0.006660337,0.9979995,False,-1,-1,0,0,0,-1
2026-06-29 12:17:11.413,81.86609,True,22.35113,1.112237,-6.169537,-0.2531746,0.9669321,0,0.03074262,-0.05945205,-0.0155665,0.9981098,False,-1,-1,0,0,0,-1
2026-06-29 12:17:11.456,81.90945,True,22.35067,1.112498,-6.168744,-0.3514566,0.9357126,0,0.03033447,-0.05676869,-0.0213225,0.9981596,False,-1,-1,0,0,0,-1
2026-06-29 12:17:11.499,81.95163,True,22.35025,1.112697,-6.168213,-0.2392568,0.9705901,0,0.02666875,-0.05176884,-0.01276136,0.9985775,False,-1,-1,0,0,0,-1
2026-06-29 12:17:11.547,81.99939,True,22.35056,1.113428,-6.167703,-0.09090206,0.9955185,0,0.02607268,-0.05191167,-0.004740121,0.9986404,False,-1,-1,0,0,0,-1
2026-06-29 12:17:11.592,82.04444,True,22.35027,1.114404,-6.16667,0.2456717,0.9690896,0,0.02260107,-0.04380491,0.01110488,0.9989784,False,-1,-1,0,0,0,-1
2026-06-29 12:17:11.646,82.09831,True,22.35042,1.115115,-6.165101,0.5619227,0.826907,0,0.0216274,-0.03576769,0.02430585,0.9990646,False,-1,-1,0,0,0,-1
2026-06-29 12:17:11.688,82.14204,True,22.35062,1.115277,-6.163838,0.4515176,0.8919225,0,0.02461891,-0.04391631,0.02223174,0.9987878,False,-1,-1,0,0,0,-1
2026-06-29 12:17:11.733,82.18742,True,22.35068,1.115371,-6.162706,0.5084761,0.8607017,0,0.02539265,-0.04371098,0.02582311,0.9987105,False,-1,-1,0,0,0,-1
2026-06-29 12:17:11.782,82.23505,True,22.35108,1.115714,-6.161758,0.5166436,0.855846,0,0.02464017,-0.04217637,0.02546037,0.9987857,False,-1,-1,0,0,0,-1
2026-06-29 12:17:11.823,82.27631,True,22.35136,1.115842,-6.160794,0.5179801,0.855023,0,0.02514774,-0.04300378,0.02605205,0.9987352,False,-1,-1,0,0,0,-1
2026-06-29 12:17:11.867,82.3192,True,22.35185,1.115928,-6.159883,0.4851776,0.874063,0,0.02483325,-0.04341164,0.02409707,0.9987666,False,-1,-1,0,0,0,-1
2026-06-29 12:17:11.919,82.37119,True,22.35265,1.11607,-6.159215,0.6130059,0.7897578,0,0.02250229,-0.03554272,0.02758808,0.9989873,False,-1,-1,0,0,0,-1
2026-06-29 12:17:11.963,82.41619,True,22.35309,1.115905,-6.158292,0.6617027,0.7491107,0,0.03134827,-0.04696665,0.04148647,0.9980346,False,-1,-1,0,0,0,-1
2026-06-29 12:17:12.006,82.45953,True,22.35402,1.115786,-6.157787,0.6991709,0.7143853,0,0.028527,-0.04075854,0.03989049,0.9983724,False,-1,-1,0,0,0,-1
2026-06-29 12:17:12.048,82.50109,True,22.35483,1.115574,-6.157566,0.718703,0.6947888,0,0.02710282,-0.03766147,0.03895776,0.9985309,False,-1,-1,0,0,0,-1
2026-06-29 12:17:12.097,82.54888,True,22.35578,1.115383,-6.15756,0.7527246,0.6578201,0,0.02604583,-0.03426694,0.03921068,0.9986433,False,-1,-1,0,0,0,-1
2026-06-29 12:17:12.139,82.59308,True,22.35645,1.115291,-6.15767,0.7666803,0.6414654,0,0.02689582,-0.03450549,0.04124101,0.9985532,False,-1,-1,0,0,0,-1
2026-06-29 12:17:12.183,82.63525,True,22.35706,1.115146,-6.157612,0.7288847,0.6840708,0,0.02782561,-0.03806938,0.04056333,0.9984515,False,-1,-1,0,0,0,-1
2026-06-29 12:17:12.224,82.67572,True,22.35786,1.115146,-6.157338,0.6747318,0.7375211,0,0.02827696,-0.04170972,0.03815873,0.9984008,False,-1,-1,0,0,0,-1
2026-06-29 12:17:12.268,82.72025,True,22.35839,1.11519,-6.156774,0.6377999,0.769786,0,0.02531458,-0.03897361,0.03229126,0.9987183,False,-1,-1,0,0,0,-1
2026-06-29 12:17:12.314,82.76553,True,22.35896,1.115105,-6.15633,0.5103855,0.8594597,0,0.02890884,-0.04969195,0.0295093,0.9983285,False,-1,-1,0,0,0,-1
2026-06-29 12:17:12.356,82.8091,True,22.35932,1.114643,-6.155956,0.4810181,0.8763006,0,0.02681242,-0.04699148,0.02579452,0.9985622,False,-1,-1,0,0,0,-1
2026-06-29 12:17:12.402,82.85412,True,22.35983,1.114546,-6.155469,0.4444578,0.8953972,0,0.02685266,-0.04808759,0.02386975,0.9985579,False,-1,-1,0,0,0,-1
2026-06-29 12:17:12.447,82.89938,True,22.36026,1.114589,-6.154866,0.545687,0.8374417,0,0.03028549,-0.05072466,0.03305279,0.9981656,False,-1,-1,0,0,0,-1
2026-06-29 12:17:12.490,82.94289,True,22.36076,1.114464,-6.154298,0.6062459,0.7946665,0,0.03116339,-0.049529,0.03778535,0.9980577,False,-1,-1,0,0,0,-1
2026-06-29 12:17:12.535,82.98724,True,22.36117,1.114514,-6.153768,0.6126162,0.789728,0,0.03211092,-0.05071779,0.03934335,0.9979378,False,-1,-1,0,0,0,-1
2026-06-29 12:17:12.579,83.03215,True,22.36152,1.114472,-6.153799,0.6327046,0.7737246,0,0.03217568,-0.04979022,0.04071539,0.9979294,False,-1,-1,0,0,0,-1
2026-06-29 12:17:12.624,83.07692,True,22.36172,1.114645,-6.154065,0.617048,0.7862778,0,0.03192291,-0.05020054,0.03939592,0.9979618,False,-1,-1,0,0,0,-1
2026-06-29 12:17:12.665,83.11856,True,22.36181,1.114558,-6.154281,0.5173343,0.8552592,0,0.029948,-0.0512266,0.03098626,0.9982063,False,-1,-1,0,0,0,-1
2026-06-29 12:17:12.713,83.16576,True,22.36139,1.11438,-6.154208,0.4856113,0.8736768,0,0.02950371,-0.05155341,0.02865467,0.998259,False,-1,-1,0,0,0,-1
2026-06-29 12:17:12.760,83.21091,True,22.36084,1.114339,-6.154271,0.4728865,0.8806235,0,0.02967618,-0.05226709,0.02806693,0.9982387,False,-1,-1,0,0,0,-1
2026-06-29 12:17:12.803,83.25492,True,22.36055,1.114207,-6.154453,0.4367661,0.8991011,0,0.02920157,-0.05251032,0.02550851,0.9982945,False,-1,-1,0,0,0,-1
2026-06-29 12:17:12.856,83.30964,True,22.36007,1.114213,-6.154516,0.4669263,0.883846,0,0.02821262,-0.04987122,0.02634643,0.9984081,False,-1,-1,0,0,0,-1
2026-06-29 12:17:12.901,83.35217,True,22.35987,1.114208,-6.154655,0.5114229,0.8589302,0,0.02618312,-0.04497894,0.02678129,0.9986289,False,-1,-1,0,0,0,-1
2026-06-29 12:17:12.939,83.3922,True,22.35982,1.114052,-6.154768,0.5694895,0.8215485,0,0.0271995,-0.04469142,0.03097966,0.9985204,False,-1,-1,0,0,0,-1
2026-06-29 12:17:12.985,83.43663,True,22.35978,1.113815,-6.154751,0.600034,0.7995192,0,0.02698733,-0.04315376,0.03238662,0.9985433,False,-1,-1,0,0,0,-1
2026-06-29 12:17:13.028,83.48,True,22.35989,1.113921,-6.154695,0.5412006,0.8404164,0,0.02832205,-0.04760464,0.03065583,0.9983957,False,-1,-1,0,0,0,-1
2026-06-29 12:17:13.068,83.5226,True,22.35965,1.113752,-6.154465,0.4868765,0.8730149,0,0.02821837,-0.0492701,0.02747772,0.9984074,False,-1,-1,0,0,0,-1
2026-06-29 12:17:13.111,83.56488,True,22.35928,1.113608,-6.15416,0.5372754,0.8429744,0,0.02700956,-0.04553672,0.02902313,0.998541,False,-1,-1,0,0,0,-1
2026-06-29 12:17:13.152,83.60596,True,22.35917,1.113656,-6.154197,0.5372714,0.843009,0,0.02598691,-0.04381439,0.02792404,0.9986494,False,-1,-1,0,0,0,-1
2026-06-29 12:17:13.195,83.6482,True,22.35911,1.113665,-6.154093,0.6010172,0.7987931,0,0.02660593,-0.04250526,0.03198124,0.9985843,False,-1,-1,0,0,0,-1
2026-06-29 12:17:13.240,83.69287,True,22.35908,1.113676,-6.153864,0.6576526,0.7527773,0,0.0286255,-0.04309726,0.03765127,0.9983612,False,-1,-1,0,0,0,-1
2026-06-29 12:17:13.289,83.74223,True,22.35923,1.113638,-6.153741,0.6795798,0.7330937,0,0.02729359,-0.04001752,0.03709635,0.9985101,False,-1,-1,0,0,0,-1
2026-06-29 12:17:13.329,83.78297,True,22.3593,1.113771,-6.153625,0.7202482,0.6931503,0,0.02802163,-0.0388464,0.04036505,0.9984296,False,-1,-1,0,0,0,-1
2026-06-29 12:17:13.371,83.8223,True,22.35962,1.114006,-6.15354,0.7344988,0.678071,0,0.02704156,-0.03667219,0.03972398,0.9985375,False,-1,-1,0,0,0,-1
2026-06-29 12:17:13.418,83.87008,True,22.35989,1.114073,-6.1534,0.7477564,0.6633884,0,0.02785883,-0.03696245,0.04166324,0.9984478,False,-1,-1,0,0,0,-1
2026-06-29 12:17:13.457,83.91006,True,22.35978,1.114014,-6.153323,0.3738376,0.926943,0,0.03197213,-0.05927268,0.02390477,0.9979556,False,-1,-1,0,0,0,-1
2026-06-29 12:17:13.503,83.95445,True,22.35987,1.113484,-6.153033,0.3738291,0.9269985,0,0.03042496,-0.05640779,0.02274747,0.9981487,False,-1,-1,0,0,0,-1
2026-06-29 12:17:13.555,84.00803,True,22.36029,1.113521,-6.15332,-0.120436,-0.9915039,0,0.04914479,0.09745448,-0.0118376,0.9951695,False,-1,-1,0,0,0,-1
2026-06-29 12:17:13.588,84.04202,True,22.36036,1.113625,-6.153574,-0.1395089,-0.989082,0,0.04747854,0.09392031,-0.01324735,0.9954916,False,-1,-1,0,0,0,-1
2026-06-29 12:17:13.624,84.07571,True,22.36061,1.113544,-6.153688,-0.1186559,-0.9918585,0,0.04623283,0.09171285,-0.01097159,0.995725,False,-1,-1,0,0,0,-1
2026-06-29 12:17:13.657,84.10967,True,22.36064,1.11335,-6.153756,-0.1056321,-0.9933289,0,0.04625611,0.09189506,-0.009772263,0.9957208,False,-1,-1,0,0,0,-1
2026-06-29 12:17:13.723,84.17509,True,22.36054,1.113394,-6.15414,-0.07195234,-0.9964122,0,0.04456289,0.08880598,-0.006412806,0.9960283,False,-1,-1,0,0,0,-1
2026-06-29 12:17:13.789,84.24184,True,22.36069,1.113176,-6.154237,-0.1182666,-0.9920244,0,0.04359706,0.08649869,-0.01031215,0.9961986,False,-1,-1,0,0,0,-1
2026-06-29 12:17:13.825,84.27692,True,22.36074,1.113151,-6.154281,-0.2896032,-0.9551576,0,0.06167706,0.1178226,-0.03572375,0.9923919,False,-1,-1,0,0,0,-1
2026-06-29 12:17:13.888,84.34215,True,22.36117,1.113413,-6.154066,-0.3128979,-0.9480679,0,0.05711575,0.1082992,-0.0357428,0.9934756,False,-1,-1,0,0,0,-1
2026-06-29 12:17:13.923,84.3765,True,22.36146,1.113417,-6.153964,-0.3259823,-0.9437679,0,0.0551161,0.1040336,-0.03593374,0.9939244,False,-1,-1,0,0,0,-1
2026-06-29 12:17:13.989,84.4425,True,22.36211,1.113278,-6.153724,-0.3067923,-0.9505839,0,0.04763097,0.09055447,-0.02922563,0.9954625,False,-1,-1,0,0,0,-1
2026-06-29 12:17:14.025,84.47733,True,22.36312,1.113406,-6.154187,-0.4137782,-0.9061186,0,0.08795832,0.1594013,-0.07279047,0.9845267,False,-1,-1,0,0,0,-1
2026-06-29 12:17:14.088,84.54147,True,22.36488,1.113713,-6.155437,-0.4785631,-0.8745797,0,0.07802339,0.1364754,-0.07467823,0.9878247,False,-1,-1,0,0,0,-1
2026-06-29 12:17:14.124,84.57558,True,22.3656,1.113833,-6.156319,-0.4100488,-0.9090478,0,0.07410774,0.134735,-0.06077559,0.9890161,False,-1,-1,0,0,0,-1
2026-06-29 12:17:14.159,84.61029,True,22.36608,1.113765,-6.157273,-0.5029469,-0.8617512,0,0.06655382,0.1147056,-0.06694606,0.9911411,False,-1,-1,0,0,0,-1
2026-06-29 12:17:14.221,84.676,True,22.36763,1.113712,-6.15894,-0.5254976,-0.8489068,0,0.05665266,0.09618566,-0.05954167,0.993581,False,-1,-1,0,0,0,-1
2026-06-29 12:17:14.267,84.71934,True,22.36877,1.113496,-6.160576,-0.5810599,-0.8121392,0,0.05290999,0.08594053,-0.06148774,0.994401,False,-1,-1,0,0,0,-1
2026-06-29 12:17:14.312,84.76423,True,22.36937,1.113417,-6.16223,-0.6162422,-0.7863777,0,0.04307801,0.06775115,-0.05309296,0.9962885,False,-1,-1,0,0,0,-1
2026-06-29 12:17:14.354,84.8086,True,22.36967,1.113758,-6.16388,-0.6993828,-0.71377,0,0.03736528,0.05334042,-0.05226526,0.9972076,False,-1,-1,0,0,0,-1
2026-06-29 12:17:14.403,84.85465,True,22.36951,1.114232,-6.16474,-0.7935398,-0.6074743,0,0.03563185,0.04329086,-0.05655057,0.9974607,False,-1,-1,0,0,0,-1
2026-06-29 12:17:14.455,84.90793,True,22.36837,1.115162,-6.165481,-0.965482,0.2591847,0,0.02584246,-0.01339594,-0.04990087,0.9986644,False,-1,-1,0,0,0,-1
2026-06-29 12:17:14.500,84.95179,True,22.36718,1.115403,-6.165449,-0.8659989,0.499622,0,0.02058725,-0.02057169,-0.03565707,0.9991524,False,-1,-1,0,0,0,-1
2026-06-29 12:17:14.544,84.99793,True,22.36619,1.115135,-6.164848,-0.8900684,0.4553209,0,0.0214757,-0.01955666,-0.03822967,0.9990776,False,-1,-1,0,0,0,-1
2026-06-29 12:17:14.592,85.04368,True,22.36529,1.115423,-6.164427,-0.8455663,0.5331011,0,0.02865401,-0.03055096,-0.04845772,0.998358,False,-1,-1,0,0,0,-1
2026-06-29 12:17:14.637,85.08781,True,22.36484,1.115556,-6.163949,-0.6471547,0.7619807,0,0.024006,-0.03658421,-0.03107119,0.9988474,False,-1,-1,0,0,0,-1
2026-06-29 12:17:14.678,85.13065,True,22.36488,1.115667,-6.163767,-0.6260114,0.7793686,0,0.02634903,-0.04107121,-0.03298958,0.9986115,False,-1,-1,0,0,0,-1
2026-06-29 12:17:14.721,85.17331,True,22.36469,1.115632,-6.16362,-0.7243381,0.6887927,0,0.0299829,-0.04130401,-0.04343552,0.998202,False,-1,-1,0,0,0,-1
2026-06-29 12:17:14.767,85.21957,True,22.36474,1.115524,-6.163819,-0.6826577,0.7298412,0,0.03619717,-0.05283636,-0.04942054,0.9973795,False,-1,-1,0,0,0,-1
2026-06-29 12:17:14.813,85.26642,True,22.36474,1.115513,-6.164527,-0.6691669,0.7420793,0,0.03916781,-0.05813123,-0.05241959,0.9969318,False,-1,-1,0,0,0,-1
2026-06-29 12:17:14.861,85.31152,True,22.36465,1.115297,-6.165272,-0.6168321,0.7862211,0,0.03707384,-0.05829648,-0.04573667,0.997251,False,-1,-1,0,0,0,-1
2026-06-29 12:17:14.903,85.35568,True,22.36416,1.11521,-6.166087,-0.6177987,0.7854561,0,0.0371973,-0.05843369,-0.04596088,0.9972327,False,-1,-1,0,0,0,-1
2026-06-29 12:17:14.946,85.39953,True,22.36348,1.115016,-6.166423,-0.6581071,0.7520128,0,0.03703633,-0.0557036,-0.04874775,0.9972566,False,-1,-1,0,0,0,-1
2026-06-29 12:17:14.987,85.44003,True,22.36331,1.115038,-6.166762,-0.5129337,0.8577412,0,0.03433816,-0.0589065,-0.0352264,0.9976417,False,-1,-1,0,0,0,-1
2026-06-29 12:17:15.027,85.47719,True,22.36348,1.115236,-6.166894,-0.8193057,0.5729384,0,0.02190756,-0.02510336,-0.03589797,0.9990401,False,-1,-1,0,0,0,-1
2026-06-29 12:17:15.072,85.52576,True,22.36298,1.115331,-6.167248,-0.8351117,0.5495861,0,0.02331577,-0.02562804,-0.03894255,0.9989128,False,-1,-1,0,0,0,-1
2026-06-29 12:17:15.112,85.56544,True,22.36236,1.115396,-6.167555,-0.7937637,0.6077493,0,0.0240845,-0.02927467,-0.0382348,0.9988399,False,-1,-1,0,0,0,-1
2026-06-29 12:17:15.155,85.60813,True,22.36143,1.115514,-6.167566,-0.7653088,0.6431906,0,0.02466512,-0.03172875,-0.03775287,0.9987833,False,-1,-1,0,0,0,-1
2026-06-29 12:17:15.203,85.65514,True,22.36081,1.115608,-6.167877,-0.7442267,0.6674877,0,0.02422406,-0.03233852,-0.03605638,0.9988264,False,-1,-1,0,0,0,-1
2026-06-29 12:17:15.246,85.69843,True,22.36006,1.11566,-6.167961,-0.8463724,0.5321409,0,0.02190936,-0.02331772,-0.03708694,0.9990399,False,-1,-1,0,0,0,-1
2026-06-29 12:17:15.288,85.74094,True,22.35951,1.115657,-6.168081,-0.8954269,0.4444536,0,0.02591983,-0.02304032,-0.04641862,0.9986563,False,-1,-1,0,0,0,-1
2026-06-29 12:17:15.332,85.78534,True,22.35904,1.115738,-6.168531,-0.925266,0.3785414,0,0.02427209,-0.01837599,-0.04491629,0.9988217,False,-1,-1,0,0,0,-1
2026-06-29 12:17:15.378,85.83018,True,22.35813,1.115691,-6.169223,-0.9764007,0.2146329,0,0.02396734,-0.01028836,-0.04680345,0.9988511,False,-1,-1,0,0,0,-1
2026-06-29 12:17:15.424,85.87499,True,22.35754,1.115587,-6.170023,-0.9997297,-0.01294614,0,0.01931646,0.0005001471,-0.03862247,0.9992537,False,-1,-1,0,0,0,-1
2026-06-29 12:17:15.467,85.91851,True,22.35719,1.115459,-6.170273,-0.9988614,-0.04038968,0,0.0253878,0.00205081,-0.05071777,0.9987109,False,-1,-1,0,0,0,-1
2026-06-29 12:17:15.512,85.96482,True,22.35709,1.115637,-6.17058,-0.9590784,0.2821109,0,0.02412466,-0.01361166,-0.04627489,0.998836,False,-1,-1,0,0,0,-1
2026-06-29 12:17:15.554,86.00794,True,22.35687,1.115543,-6.17075,-0.9530019,0.3017665,0,0.02691673,-0.01624513,-0.05130338,0.998551,False,-1,-1,0,0,0,-1
2026-06-29 12:17:15.598,86.05072,True,22.35673,1.115629,-6.170993,-0.9388038,0.3437428,0,0.02209775,-0.01519189,-0.04149091,0.9990234,False,-1,-1,0,0,0,-1
2026-06-29 12:17:15.645,86.09453,True,22.35648,1.115577,-6.17102,-0.9928405,0.1164542,0,0.02657668,-0.006189932,-0.05277281,0.9985873,False,-1,-1,0,0,0,-1
2026-06-29 12:17:15.686,86.13947,True,22.3562,1.115598,-6.171395,-0.9775052,0.2095698,0,0.02375246,-0.009955596,-0.0464363,0.9988717,False,-1,-1,0,0,0,-1
2026-06-29 12:17:15.727,86.17941,True,22.35591,1.11561,-6.171695,-0.9816425,0.1891678,0,0.02436112,-0.009216681,-0.04782783,0.9988131,False,-1,-1,0,0,0,-1
2026-06-29 12:17:15.773,86.22315,True,22.35552,1.115561,-6.171926,-0.9825457,0.1842273,0,0.02577453,-0.009496743,-0.0506493,0.9986714,False,-1,-1,0,0,0,-1
2026-06-29 12:17:15.817,86.26842,True,22.35544,1.115543,-6.172007,-0.9886111,0.1477313,0,0.02869897,-0.008479473,-0.05674423,0.9983528,False,-1,-1,0,0,0,-1
2026-06-29 12:17:15.860,86.31219,True,22.35564,1.115666,-6.172076,-0.9918725,0.1240792,0,0.02816522,-0.006989437,-0.05587262,0.9984134,False,-1,-1,0,0,0,-1
2026-06-29 12:17:15.902,86.35543,True,22.35584,1.115676,-6.172247,-0.9984478,0.04572947,0,0.03179528,-0.002907962,-0.06349184,0.9979781,False,-1,-1,0,0,0,-1
2026-06-29 12:17:15.943,86.3932,True,22.35596,1.115717,-6.172231,-0.9987251,-0.03952543,0,0.03139871,0.002482095,-0.06271736,0.9980282,False,-1,-1,0,0,0,-1
2026-06-29 12:17:15.999,86.45006,True,22.35633,1.115717,-6.172516,-0.9963503,-0.08285499,0,0.02052371,0.003400983,-0.0408976,0.9991575,False,-1,-1,0,0,0,-1
2026-06-29 12:17:16.040,86.49263,True,22.35655,1.115631,-6.172913,-0.9867203,-0.1607457,0,0.02332248,0.007497976,-0.04602552,0.9989122,False,-1,-1,0,0,0,-1
2026-06-29 12:17:16.085,86.53695,True,22.35664,1.115567,-6.173206,-0.9819152,-0.1878804,0,0.02331363,0.008760347,-0.045784,0.9989129,False,-1,-1,0,0,0,-1
2026-06-29 12:17:16.127,86.57939,True,22.3568,1.115461,-6.173344,-0.9435252,-0.330655,0,0.02067791,0.01367451,-0.03902024,0.9991448,False,-1,-1,0,0,0,-1
2026-06-29 12:17:16.166,86.61999,True,22.3569,1.115464,-6.173595,-0.9441131,-0.3289469,0,0.02108395,0.013871,-0.03981125,0.9991109,False,-1,-1,0,0,0,-1
2026-06-29 12:17:16.207,86.65961,True,22.35707,1.115447,-6.173687,-0.9278437,-0.372324,0,0.02193314,0.01633247,-0.04070104,0.9990379,False,-1,-1,0,0,0,-1
2026-06-29 12:17:16.254,86.70734,True,22.35707,1.115506,-6.173811,-0.9357356,-0.3519613,0,0.02285238,0.0160863,-0.04276756,0.9989555,False,-1,-1,0,0,0,-1
2026-06-29 12:17:16.295,86.74889,True,22.35707,1.115613,-6.173907,-0.9207205,-0.3894345,0,0.02479116,0.01930906,-0.04565145,0.9987708,False,-1,-1,0,0,0,-1
2026-06-29 12:17:16.337,86.79046,True,22.35685,1.115568,-6.17391,-0.9186192,-0.394381,0,0.02454516,0.01936029,-0.0450953,0.9987951,False,-1,-1,0,0,0,-1
2026-06-29 12:17:16.378,86.82952,True,22.35699,1.115593,-6.173824,-0.9546183,-0.2966573,0,0.02642594,0.01567889,-0.05045336,0.9986033,False,-1,-1,0,0,0,-1
2026-06-29 12:17:16.423,86.87483,False,22.35701,1.115653,-6.173823,0,0,0,1,0,0,-1,False,-1,-1,0,0,0,-1
2026-06-29 12:17:16.465,86.91816,False,22.35741,1.115809,-6.173676,0,0,0,1,0,0,-1,False,-1,-1,0,0,0,-1
2026-06-29 12:17:16.511,86.96342,False,22.35813,1.115886,-6.17335,0,0,0,1,0,0,-1,False,-1,-1,0,0,0,-1
2026-06-29 12:17:16.556,87.00829,True,22.35897,1.115899,-6.172509,-0.2040761,-0.966446,0,0.1559971,0.3015256,-0.06367057,0.9513298,False,-1,-1,0,0,0,-1
2026-06-29 12:17:16.600,87.05194,True,22.36044,1.115977,-6.171849,-0.2760343,-0.94618,0,0.1689631,0.319739,-0.09327922,0.9429029,False,-1,-1,0,0,0,-1
2026-06-29 12:17:16.645,87.09702,True,22.36196,1.116066,-6.170972,-0.257785,-0.9552126,0,0.1453127,0.2776091,-0.07491888,0.9577684,False,-1,-1,0,0,0,-1
2026-06-29 12:17:16.687,87.14078,True,22.36383,1.11621,-6.170673,-0.2712546,-0.9494998,0,0.1577056,0.2994829,-0.08555672,0.950258,False,-1,-1,0,0,0,-1
2026-06-29 12:17:16.732,87.18372,True,22.36564,1.116282,-6.1705,-0.2728527,-0.9487738,0,0.1593102,0.3022987,-0.08693643,0.9492406,False,-1,-1,0,0,0,-1
2026-06-29 12:17:16.777,87.22905,True,22.36673,1.11623,-6.170146,-0.3068084,-0.9400777,0,0.1487368,0.2796483,-0.09126741,0.9557548,False,-1,-1,0,0,0,-1
2026-06-29 12:17:16.821,87.27428,True,22.36786,1.116383,-6.170044,-0.3729465,-0.9171356,0,0.1406178,0.2579311,-0.1048858,0.9604533,False,-1,-1,0,0,0,-1
2026-06-29 12:17:16.866,87.31826,True,22.36891,1.116572,-6.169908,-0.3729269,-0.917913,0,0.1355044,0.2487624,-0.1010664,0.9632771,False,-1,-1,0,0,0,-1
2026-06-29 12:17:16.914,87.36557,True,22.37027,1.11679,-6.169675,-0.4022727,-0.9066923,0,0.12683,0.2299915,-0.1020405,0.9678283,False,-1,-1,0,0,0,-1
2026-06-29 12:17:16.955,87.40681,True,22.37175,1.116611,-6.169103,-0.3658933,-0.9227299,0,0.1212088,0.2236861,-0.08869902,0.9706168,False,-1,-1,0,0,0,-1
2026-06-29 12:17:16.997,87.45117,True,22.37379,1.116605,-6.168818,-0.3663436,-0.9212404,0,0.1307992,0.240995,-0.0958349,0.9657831,False,-1,-1,0,0,0,-1
2026-06-29 12:17:17.045,87.4964,True,22.37611,1.116782,-6.168413,-0.454493,-0.8831655,0,0.1159945,0.2048847,-0.1054374,0.9730905,False,-1,-1,0,0,0,-1
2026-06-29 12:17:17.087,87.54053,True,22.37827,1.116648,-6.167962,-0.4486838,-0.8862709,0,0.1149202,0.2037009,-0.1031257,0.9735867,False,-1,-1,0,0,0,-1
2026-06-29 12:17:17.134,87.58591,True,22.37976,1.116794,-6.167763,-0.4627967,-0.8788112,0,0.1162331,0.2042938,-0.1075846,0.9729798,False,-1,-1,0,0,0,-1
2026-06-29 12:17:17.177,87.62987,True,22.38104,1.116602,-6.167481,-0.5191998,-0.8475454,0,0.1099932,0.1864484,-0.1142168,0.975803,False,-1,-1,0,0,0,-1
2026-06-29 12:17:17.220,87.67362,True,22.38213,1.116342,-6.167181,-0.5426161,-0.8332415,0,0.1061907,0.176965,-0.1152416,0.9774471,False,-1,-1,0,0,0,-1
2026-06-29 12:17:17.268,87.71899,True,22.38337,1.116188,-6.166472,-0.5574051,-0.823702,0,0.1039935,0.1713193,-0.115933,0.9783707,False,-1,-1,0,0,0,-1
2026-06-29 12:17:17.315,87.76667,True,22.38351,1.116081,-6.165899,-0.5880876,-0.8036413,0,0.09117963,0.1465514,-0.1072432,0.9833725,False,-1,-1,0,0,0,-1
2026-06-29 12:17:17.362,87.81599,True,22.38441,1.116035,-6.165082,-0.6366332,-0.7662398,0,0.08703285,0.1333761,-0.110816,0.9848506,False,-1,-1,0,0,0,-1
2026-06-29 12:17:17.403,87.85551,True,22.38537,1.116032,-6.164647,-0.6615734,-0.7451934,0,0.08371115,0.124762,-0.1107621,0.9859849,False,-1,-1,0,0,0,-1
2026-06-29 12:17:17.444,87.89783,True,22.38641,1.116119,-6.163992,-0.7303519,-0.678231,0,0.08117114,0.1101056,-0.118567,0.9868225,False,-1,-1,0,0,0,-1
2026-06-29 12:17:17.490,87.94203,True,22.38686,1.116402,-6.163936,-0.7429502,-0.6646157,0,0.07944189,0.1055966,-0.1180427,0.9873779,False,-1,-1,0,0,0,-1
2026-06-29 12:17:17.534,87.98573,True,22.38681,1.116556,-6.164242,-0.7511544,-0.6556814,0,0.07647863,0.1002912,-0.1148945,0.9883021,False,-1,-1,0,0,0,-1
2026-06-29 12:17:17.579,88.03043,True,22.38678,1.116625,-6.164296,-0.7106031,-0.6992515,0,0.07804254,0.1091427,-0.1109145,0.9878187,False,-1,-1,0,0,0,-1
2026-06-29 12:17:17.621,88.07402,True,22.3864,1.11666,-6.164262,-0.7114546,-0.6976475,0,0.08438225,0.1177381,-0.1200683,0.9857593,False,-1,-1,0,0,0,-1
2026-06-29 12:17:17.668,88.11987,True,22.38619,1.116582,-6.164239,-0.6925327,-0.715721,0,0.0902338,0.1291644,-0.1249797,0.9837157,False,-1,-1,0,0,0,-1
2026-06-29 12:17:17.710,88.16201,True,22.38641,1.116548,-6.164206,-0.6915508,-0.7165067,0,0.09151891,0.1311478,-0.12658,0.9832486,False,-1,-1,0,0,0,-1
2026-06-29 12:17:17.753,88.20688,True,22.38654,1.116627,-6.164115,-0.6908655,-0.7174241,0,0.08948525,0.1283977,-0.1236445,0.9839848,False,-1,-1,0,0,0,-1
2026-06-29 12:17:17.800,88.25277,True,22.38623,1.116596,-6.164331,-0.7088759,-0.6996636,0,0.0892522,0.124893,-0.1265374,0.984068,False,-1,-1,0,0,0,-1
2026-06-29 12:17:17.845,88.29635,True,22.38589,1.116698,-6.164535,-0.6883861,-0.7200045,0,0.08785316,0.1265093,-0.1209538,0.9845636,False,-1,-1,0,0,0,-1
2026-06-29 12:17:17.886,88.33784,True,22.38531,1.116569,-6.164816,-0.6855815,-0.7228284,0,0.08658583,0.1251734,-0.1187233,0.9850058,False,-1,-1,0,0,0,-1
2026-06-29 12:17:17.933,88.38441,True,22.38496,1.116645,-6.164912,-0.6951863,-0.7134325,0,0.08792164,0.1254523,-0.1222438,0.9845396,False,-1,-1,0,0,0,-1
2026-06-29 12:17:17.976,88.42689,True,22.38474,1.116713,-6.164939,-0.6773389,-0.7299567,0,0.09151646,0.1336061,-0.1239753,0.9832495,False,-1,-1,0,0,0,-1
2026-06-29 12:17:18.023,88.47535,True,22.38457,1.116651,-6.164921,-0.6695288,-0.7368671,0,0.09358475,0.137919,-0.1253154,0.9824838,False,-1,-1,0,0,0,-1
2026-06-29 12:17:18.065,88.51763,True,22.3844,1.116551,-6.164868,-0.6718249,-0.7345425,0,0.09538727,0.140132,-0.1281671,0.9818026,False,-1,-1,0,0,0,-1
2026-06-29 12:17:18.110,88.56237,True,22.3844,1.11664,-6.164821,-0.6754979,-0.7313896,0,0.09365854,0.1370017,-0.1265323,0.9824561,False,-1,-1,0,0,0,-1
2026-06-29 12:17:18.156,88.60892,True,22.38432,1.116722,-6.164536,-0.6639195,-0.7418344,0,0.09430099,0.1399114,-0.1252165,0.9822147,False,-1,-1,0,0,0,-1
2026-06-29 12:17:18.198,88.65006,True,22.38413,1.116742,-6.164661,-0.6713353,-0.735019,0,0.0951632,0.1398935,-0.1277728,0.9818879,False,-1,-1,0,0,0,-1
2026-06-29 12:17:18.243,88.6951,True,22.38406,1.116747,-6.164668,-0.6704952,-0.7357263,0,0.09561873,0.1406984,-0.1282238,0.9817141,False,-1,-1,0,0,0,-1
2026-06-29 12:17:18.286,88.74008,True,22.38392,1.116809,-6.164919,-0.6621195,-0.7432815,0,0.09555328,0.1420459,-0.1265354,0.9817392,False,-1,-1,0,0,0,-1
2026-06-29 12:17:18.338,88.79125,True,22.38366,1.116705,-6.164891,-0.6645274,-0.7406865,0,0.09892917,0.146551,-0.1314823,0.980426,False,-1,-1,0,0,0,-1
2026-06-29 12:17:18.379,88.83305,True,22.38367,1.116673,-6.165113,-0.6679403,-0.7376035,0,0.09897866,0.146014,-0.1322237,0.9804065,False,-1,-1,0,0,0,-1
2026-06-29 12:17:18.421,88.87363,True,22.38369,1.116736,-6.165298,-0.6653845,-0.7399545,0,0.09864496,0.1459856,-0.1312737,0.9805384,False,-1,-1,0,0,0,-1
2026-06-29 12:17:18.465,88.91713,True,22.38377,1.116607,-6.165207,-0.6596847,-0.7450272,0,0.0987456,0.1471363,-0.1302819,0.9804986,False,-1,-1,0,0,0,-1
2026-06-29 12:17:18.513,88.96516,True,22.38341,1.116525,-6.165149,-0.652219,-0.7517014,0,0.09775224,0.146961,-0.1275117,0.980889,False,-1,-1,0,0,0,-1
2026-06-29 12:17:18.553,89.00615,True,22.38303,1.116391,-6.164858,-0.6486254,-0.7549888,0,0.09631708,0.1454366,-0.1249474,0.9814461,False,-1,-1,0,0,0,-1
2026-06-29 12:17:18.599,89.05102,True,22.38298,1.116466,-6.165076,-0.6599372,-0.745653,0,0.0921113,0.1373661,-0.1215753,0.983031,False,-1,-1,0,0,0,-1
2026-06-29 12:17:18.643,89.09535,True,22.38283,1.116343,-6.165114,-0.6602932,-0.7451525,0,0.09359837,0.1394901,-0.1236047,0.9824787,False,-1,-1,0,0,0,-1
2026-06-29 12:17:18.691,89.14007,True,22.38282,1.116291,-6.165148,-0.6583601,-0.7468825,0,0.09342673,0.1395576,-0.1230168,0.9825429,False,-1,-1,0,0,0,-1
2026-06-29 12:17:18.739,89.191,True,22.38241,1.116182,-6.164862,-0.656488,-0.7484613,0,0.09396391,0.1406567,-0.1233723,0.9823415,False,-1,-1,0,0,0,-1
2026-06-29 12:17:18.779,89.2322,True,22.38223,1.116224,-6.16469,-0.5451231,-0.8330766,0,0.09393766,0.1565145,-0.1024152,0.9823514,False,-1,-1,0,0,0,-1
2026-06-29 12:17:18.821,89.27361,False,22.38174,1.116123,-6.164524,0,0,0,1,0,0,-1,False,-1,-1,0,0,0,-1
2026-06-29 12:17:18.864,89.31692,False,22.38083,1.115653,-6.164005,0,0,0,1,0,0,-1,False,-1,-1,0,0,0,-1
2026-06-29 12:17:18.910,89.36337,False,22.38,1.115126,-6.16341,0,0,0,1,0,0,-1,False,-1,-1,0,0,0,-1
2026-06-29 12:17:18.954,89.40749,False,22.37902,1.113442,-6.162278,0,0,0,1,0,0,-1,False,-1,-1,0,0,0,-1
2026-06-29 12:17:18.998,89.44997,False,22.3777,1.112045,-6.161053,0,0,0,1,0,0,-1,False,-1,-1,0,0,0,-1
2026-06-29 12:17:19.042,89.49396,False,22.37592,1.111092,-6.159926,0,0,0,1,0,0,-1,False,-1,-1,0,0,0,-1
2026-06-29 12:17:19.087,89.54063,False,22.37313,1.109451,-6.158837,0,0,0,1,0,0,-1,False,-1,-1,0,0,0,-1
2026-06-29 12:17:19.133,89.58449,False,22.37056,1.107737,-6.157904,0,0,0,1,0,0,-1,False,-1,-1,0,0,0,-1
2026-06-29 12:17:19.179,89.63158,False,22.36769,1.104746,-6.157976,0,0,0,1,0,0,-1,False,-1,-1,0,0,0,-1
2026-06-29 12:17:19.221,89.6743,False,22.36481,1.101677,-6.160131,0,0,0,1,0,0,-1,False,-1,-1,0,0,0,-1
2026-06-29 12:17:19.265,89.71758,False,22.36209,1.10067,-6.162089,0,0,0,1,0,0,-1,False,-1,-1,0,0,0,-1
2026-06-29 12:17:19.309,89.76057,False,22.36039,1.101754,-6.163463,0,0,0,1,0,0,-1,False,-1,-1,0,0,0,-1
2026-06-29 12:17:19.359,89.80862,False,22.35787,1.101186,-6.165214,0,0,0,1,0,0,-1,False,-1,-1,0,0,0,-1
2026-06-29 12:17:19.403,89.85713,False,22.35538,1.100342,-6.167205,0,0,0,1,0,0,-1,False,-1,-1,0,0,0,-1
2026-06-29 12:17:19.456,89.90904,False,22.3527,1.098526,-6.168654,0,0,0,1,0,0,-1,False,-1,-1,0,0,0,-1
2026-06-29 12:17:19.498,89.95025,False,22.3501,1.096622,-6.169961,0,0,0,1,0,0,-1,False,-1,-1,0,0,0,-1
2026-06-29 12:17:19.542,89.99471,False,22.34626,1.09344,-6.172568,0,0,0,1,0,0,-1,False,-1,-1,0,0,0,-1
2026-06-29 12:17:19.587,90.03835,False,22.34369,1.090123,-6.175126,0,0,0,1,0,0,-1,False,-1,-1,0,0,0,-1
2026-06-29 12:17:19.633,90.08325,False,22.34077,1.084827,-6.179139,0,0,0,1,0,0,-1,False,-1,-1,0,0,0,-1
2026-06-29 12:17:19.673,90.12508,False,22.33766,1.078145,-6.183259,0,0,0,1,0,0,-1,False,-1,-1,0,0,0,-1
2026-06-29 12:17:19.715,90.1669,False,22.33459,1.070495,-6.186862,0,0,0,1,0,0,-1,False,-1,-1,0,0,0,-1
2026-06-29 12:17:19.755,90.20803,False,22.33057,1.064649,-6.191681,0,0,0,1,0,0,-1,False,-1,-1,0,0,0,-1
2026-06-29 12:17:19.796,90.24944,False,22.3258,1.061561,-6.194379,0,0,0,1,0,0,-1,False,-1,-1,0,0,0,-1
2026-06-29 12:17:19.840,90.29362,False,22.3197,1.061827,-6.197037,0,0,0,1,0,0,-1,False,-1,-1,0,0,0,-1
2026-06-29 12:17:19.886,90.34,False,22.31304,1.061678,-6.199444,0,0,0,1,0,0,-1,False,-1,-1,0,0,0,-1
2026-06-29 12:17:19.931,90.38305,False,22.30773,1.060299,-6.200938,0,0,0,1,0,0,-1,False,-1,-1,0,0,0,-1
2026-06-29 12:17:19.975,90.42753,False,22.30397,1.053996,-6.202901,0,0,0,1,0,0,-1,False,-1,-1,0,0,0,-1
2026-06-29 12:17:20.021,90.47481,False,22.30196,1.048801,-6.202777,0,0,0,1,0,0,-1,False,-1,-1,0,0,0,-1
2026-06-29 12:17:20.065,90.51785,False,22.29905,1.050015,-6.202443,0,0,0,1,0,0,-1,False,-1,-1,0,0,0,-1
2026-06-29 12:17:20.112,90.56484,False,22.29717,1.051177,-6.204326,0,0,0,1,0,0,-1,False,-1,-1,0,0,0,-1
2026-06-29 12:17:20.153,90.60492,False,22.29804,1.05116,-6.205969,0,0,0,1,0,0,-1,False,-1,-1,0,0,0,-1
2026-06-29 12:17:20.195,90.64863,False,22.29982,1.052944,-6.207245,0,0,0,1,0,0,-1,False,-1,-1,0,0,0,-1
2026-06-29 12:17:20.243,90.69412,False,22.30156,1.055171,-6.209114,0,0,0,1,0,0,-1,False,-1,-1,0,0,0,-1
2026-06-29 12:17:20.286,90.73876,False,22.30296,1.056763,-6.209754,0,0,0,1,0,0,-1,False,-1,-1,0,0,0,-1
2026-06-29 12:17:20.330,90.78295,False,22.30271,1.058288,-6.210187,0,0,0,1,0,0,-1,False,-1,-1,0,0,0,-1
2026-06-29 12:17:20.373,90.82673,False,22.30179,1.059875,-6.210055,0,0,0,1,0,0,-1,False,-1,-1,0,0,0,-1
2026-06-29 12:17:20.424,90.87445,False,22.3,1.061263,-6.209531,0,0,0,1,0,0,-1,False,-1,-1,0,0,0,-1
2026-06-29 12:17:20.466,90.91774,False,22.29795,1.062731,-6.208712,0,0,0,1,0,0,-1,False,-1,-1,0,0,0,-1
2026-06-29 12:17:20.521,90.97248,False,22.29465,1.063855,-6.207925,0,0,0,1,0,0,-1,False,-1,-1,0,0,0,-1
2026-06-29 12:17:20.565,91.01683,False,22.29172,1.065331,-6.206773,0,0,0,1,0,0,-1,False,-1,-1,0,0,0,-1
2026-06-29 12:17:20.609,91.06113,False,22.2868,1.066486,-6.20434,0,0,0,1,0,0,-1,False,-1,-1,0,0,0,-1
2026-06-29 12:17:20.655,91.10742,False,22.28075,1.069914,-6.202498,0,0,0,1,0,0,-1,False,-1,-1,0,0,0,-1
2026-06-29 12:17:20.697,91.14964,False,22.27241,1.074866,-6.200161,0,0,0,1,0,0,-1,False,-1,-1,0,0,0,-1
2026-06-29 12:17:20.743,91.19405,False,22.2579,1.081201,-6.196973,0,0,0,1,0,0,-1,False,-1,-1,0,0,0,-1
2026-06-29 12:17:20.786,91.23969,False,22.23968,1.085677,-6.194432,0,0,0,1,0,0,-1,False,-1,-1,0,0,0,-1
2026-06-29 12:17:20.829,91.28273,False,22.22268,1.086757,-6.192533,0,0,0,1,0,0,-1,False,-1,-1,0,0,0,-1
2026-06-29 12:17:20.875,91.32684,False,22.20661,1.084784,-6.191751,0,0,0,1,0,0,-1,False,-1,-1,0,0,0,-1
2026-06-29 12:17:20.918,91.37108,False,22.19304,1.081214,-6.191298,0,0,0,1,0,0,-1,False,-1,-1,0,0,0,-1
2026-06-29 12:17:20.964,91.41703,False,22.18031,1.077541,-6.192458,0,0,0,1,0,0,-1,False,-1,-1,0,0,0,-1
2026-06-29 12:17:21.009,91.46149,False,22.16744,1.076687,-6.188431,0,0,0,1,0,0,-1,False,-1,-1,0,0,0,-1
2026-06-29 12:17:21.059,91.51141,False,22.15857,1.075568,-6.190732,0,0,0,1,0,0,-1,False,-1,-1,0,0,0,-1
2026-06-29 12:17:21.109,91.56158,False,22.14862,1.075842,-6.196868,0,0,0,1,0,0,-1,False,-1,-1,0,0,0,-1
2026-06-29 12:17:21.153,91.60687,False,22.1434,1.077206,-6.202309,0,0,0,1,0,0,-1,False,-1,-1,0,0,0,-1
2026-06-29 12:17:21.198,91.64996,False,22.11859,1.093834,-6.251472,0,0,0,1,0,0,-1,False,-1,-1,0,0,0,-1
2026-06-29 12:17:21.244,91.698,False,22.11449,1.098649,-6.261957,0,0,0,1,0,0,-1,False,-1,-1,0,0,0,-1
2026-06-29 12:17:21.287,91.73971,False,22.10985,1.106281,-6.276073,0,0,0,1,0,0,-1,False,-1,-1,0,0,0,-1
2026-06-29 12:17:21.331,91.78223,False,22.10686,1.11695,-6.293229,0,0,0,1,0,0,-1,False,-1,-1,0,0,0,-1
2026-06-29 12:17:21.380,91.83178,False,22.10407,1.132043,-6.317451,0,0,0,1,0,0,-1,False,-1,-1,0,0,0,-1
2026-06-29 12:17:21.444,91.89648,False,22.10352,1.145189,-6.339375,0,0,0,1,0,0,-1,False,-1,-1,0,0,0,-1
2026-06-29 12:17:21.478,91.93037,False,22.10345,1.149991,-6.349188,0,0,0,1,0,0,-1,False,-1,-1,0,0,0,-1
2026-06-29 12:17:21.541,91.99319,False,22.1063,1.153889,-6.367393,0,0,0,1,0,0,-1,False,-1,-1,0,0,0,-1
2026-06-29 12:17:21.575,92.02692,False,22.10715,1.153004,-6.373327,0,0,0,1,0,0,-1,False,-1,-1,0,0,0,-1
2026-06-29 12:17:21.608,92.06158,False,22.10704,1.150674,-6.376881,0,0,0,1,0,0,-1,False,-1,-1,0,0,0,-1
2026-06-29 12:17:21.676,92.12659,False,22.10584,1.142531,-6.380438,0,0,0,1,0,0,-1,False,-1,-1,0,0,0,-1
2026-06-29 12:17:21.707,92.16084,False,22.10426,1.136891,-6.381632,0,0,0,1,0,0,-1,False,-1,-1,0,0,0,-1
2026-06-29 12:17:21.742,92.19558,False,22.10206,1.13255,-6.382943,0,0,0,1,0,0,-1,False,-1,-1,0,0,0,-1
2026-06-29 12:17:21.809,92.26084,False,22.09827,1.128238,-6.384485,0,0,0,1,0,0,-1,False,-1,-1,0,0,0,-1
2026-06-29 12:17:21.843,92.29466,False,22.09672,1.127346,-6.386586,0,0,0,1,0,0,-1,False,-1,-1,0,0,0,-1
2026-06-29 12:17:21.900,92.36112,False,22.0952,1.127303,-6.391766,0,0,0,1,0,0,-1,False,-1,-1,0,0,0,-1
2026-06-29 12:17:21.962,92.42234,False,22.09632,1.127585,-6.396004,0,0,0,1,0,0,-1,False,-1,-1,0,0,0,-1
2026-06-29 12:17:22.029,92.48849,False,22.10016,1.126685,-6.397172,0,0,0,1,0,0,-1,False,-1,-1,0,0,0,-1
2026-06-29 12:17:22.060,92.52185,False,22.10193,1.126079,-6.397612,0,0,0,1,0,0,-1,False,-1,-1,0,0,0,-1
2026-06-29 12:17:22.106,92.5659,False,22.10382,1.125705,-6.398143,0,0,0,1,0,0,-1,False,-1,-1,0,0,0,-1
2026-06-29 12:17:22.150,92.6104,False,22.10557,1.125675,-6.398429,0,0,0,1,0,0,-1,False,-1,-1,0,0,0,-1
2026-06-29 12:17:22.193,92.65387,False,22.10643,1.126452,-6.398273,0,0,0,1,0,0,-1,False,-1,-1,0,0,0,-1
2026-06-29 12:17:22.239,92.69878,False,22.10675,1.127013,-6.398293,0,0,0,1,0,0,-1,False,-1,-1,0,0,0,-1
2026-06-29 12:17:22.283,92.74287,False,22.10561,1.127688,-6.398824,0,0,0,1,0,0,-1,False,-1,-1,0,0,0,-1
2026-06-29 12:17:22.328,92.78814,False,22.10516,1.12825,-6.400008,0,0,0,1,0,0,-1,False,-1,-1,0,0,0,-1
2026-06-29 12:17:22.372,92.8318,False,22.10357,1.129673,-6.40137,0,0,0,1,0,0,-1,False,-1,-1,0,0,0,-1
2026-06-29 12:17:22.415,92.87631,False,22.10143,1.130767,-6.401952,0,0,0,1,0,0,-1,False,-1,-1,0,0,0,-1
2026-06-29 12:17:22.461,92.92153,False,22.09989,1.130564,-6.402444,0,0,0,1,0,0,-1,False,-1,-1,0,0,0,-1
2026-06-29 12:17:22.508,92.96782,False,22.09898,1.129847,-6.403396,0,0,0,1,0,0,-1,False,-1,-1,0,0,0,-1
2026-06-29 12:17:22.549,93.0094,False,22.09826,1.129873,-6.403224,0,0,0,1,0,0,-1,False,-1,-1,0,0,0,-1
2026-06-29 12:17:22.593,93.05409,False,22.09672,1.12993,-6.403073,0,0,0,1,0,0,-1,False,-1,-1,0,0,0,-1
2026-06-29 12:17:22.638,93.09837,False,22.09617,1.130142,-6.40392,0,0,0,1,0,0,-1,False,-1,-1,0,0,0,-1
2026-06-29 12:17:22.684,93.14352,False,22.09556,1.129845,-6.404396,0,0,0,1,0,0,-1,False,-1,-1,0,0,0,-1
2026-06-29 12:17:22.728,93.18854,False,22.09496,1.130205,-6.403378,0,0,0,1,0,0,-1,False,-1,-1,0,0,0,-1
2026-06-29 12:17:22.783,93.23757,False,22.09494,1.130067,-6.403033,0,0,0,1,0,0,-1,False,-1,-1,0,0,0,-1
2026-06-29 12:17:22.815,93.27572,False,22.09487,1.129846,-6.402432,0,0,0,1,0,0,-1,False,-1,-1,0,0,0,-1
2026-06-29 12:17:22.848,93.30938,False,22.09405,1.129695,-6.401839,0,0,0,1,0,0,-1,False,-1,-1,0,0,0,-1
2026-06-29 12:17:22.902,93.36205,False,22.09476,1.129047,-6.402336,0,0,0,1,0,0,-1,False,-1,-1,0,0,0,-1
2026-06-29 12:17:22.937,93.3975,False,22.09545,1.129195,-6.402403,0,0,0,1,0,0,-1,False,-1,-1,0,0,0,-1
2026-06-29 12:17:22.982,93.44199,False,22.09698,1.129407,-6.40337,0,0,0,1,0,0,-1,False,-1,-1,0,0,0,-1
2026-06-29 12:17:23.027,93.48776,False,22.09859,1.129604,-6.404128,0,0,0,1,0,0,-1,False,-1,-1,0,0,0,-1
2026-06-29 12:17:23.072,93.53205,False,22.09977,1.129717,-6.404002,0,0,0,1,0,0,-1,False,-1,-1,0,0,0,-1
2026-06-29 12:17:23.115,93.57599,False,22.10053,1.12984,-6.40403,0,0,0,1,0,0,-1,False,-1,-1,0,0,0,-1
2026-06-29 12:17:23.162,93.62185,False,22.10111,1.129683,-6.403949,0,0,0,1,0,0,-1,False,-1,-1,0,0,0,-1
2026-06-29 12:17:23.206,93.66643,False,22.10151,1.129277,-6.404583,0,0,0,1,0,0,-1,False,-1,-1,0,0,0,-1
2026-06-29 12:17:23.250,93.7113,False,22.10216,1.128908,-6.404925,0,0,0,1,0,0,-1,False,-1,-1,0,0,0,-1
2026-06-29 12:17:23.296,93.75607,False,22.10309,1.12918,-6.405408,0,0,0,1,0,0,-1,False,-1,-1,0,0,0,-1
2026-06-29 12:17:23.338,93.79901,False,22.1045,1.128915,-6.406906,0,0,0,1,0,0,-1,False,-1,-1,0,0,0,-1
2026-06-29 12:17:23.372,93.83275,False,22.10524,1.128861,-6.407269,0,0,0,1,0,0,-1,False,-1,-1,0,0,0,-1
2026-06-29 12:17:23.416,93.87666,False,22.10698,1.128992,-6.408408,0,0,0,1,0,0,-1,False,-1,-1,0,0,0,-1
2026-06-29 12:17:23.450,93.91068,False,22.10773,1.129197,-6.408547,0,0,0,1,0,0,-1,False,-1,-1,0,0,0,-1
2026-06-29 12:17:23.484,93.94402,False,22.10667,1.128813,-6.408123,0,0,0,1,0,0,-1,False,-1,-1,0,0,0,-1
2026-06-29 12:17:23.528,93.98849,False,22.10761,1.128653,-6.408579,0,0,0,1,0,0,-1,False,-1,-1,0,0,0,-1
2026-06-29 12:17:23.566,94.02675,False,22.10785,1.128824,-6.408311,0,0,0,1,0,0,-1,False,-1,-1,0,0,0,-1
2026-06-29 12:17:23.604,94.0638,False,22.10716,1.128822,-6.407629,0,0,0,1,0,0,-1,False,-1,-1,0,0,0,-1
2026-06-29 12:17:23.637,94.09818,False,22.10752,1.128591,-6.407916,0,0,0,1,0,0,-1,False,-1,-1,0,0,0,-1
2026-06-29 12:17:23.682,94.14198,False,22.10777,1.128768,-6.407902,0,0,0,1,0,0,-1,False,-1,-1,0,0,0,-1
2026-06-29 12:17:23.715,94.17577,False,22.10756,1.129007,-6.407539,0,0,0,1,0,0,-1,False,-1,-1,0,0,0,-1
2026-06-29 12:17:23.750,94.20967,False,22.10698,1.12922,-6.407354,0,0,0,1,0,0,-1,False,-1,-1,0,0,0,-1
2026-06-29 12:17:23.783,94.24338,False,22.10683,1.129323,-6.407062,0,0,0,1,0,0,-1,False,-1,-1,0,0,0,-1
2026-06-29 12:17:23.827,94.28771,False,22.10654,1.129266,-6.406898,0,0,0,1,0,0,-1,False,-1,-1,0,0,0,-1
2026-06-29 12:17:23.870,94.32999,False,22.10626,1.129234,-6.4066,0,0,0,1,0,0,-1,False,-1,-1,0,0,0,-1
2026-06-29 12:17:23.914,94.37451,False,22.10655,1.129241,-6.406693,0,0,0,1,0,0,-1,False,-1,-1,0,0,0,-1
2026-06-29 12:17:23.948,94.40849,False,22.10667,1.129047,-6.406406,0,0,0,1,0,0,-1,False,-1,-1,0,0,0,-1
2026-06-29 12:17:23.983,94.443,False,22.10702,1.128738,-6.406194,0,0,0,1,0,0,-1,False,-1,-1,0,0,0,-1
2026-06-29 12:17:24.028,94.48846,False,22.10854,1.127878,-6.406521,0,0,0,1,0,0,-1,False,-1,-1,0,0,0,-1
2026-06-29 12:17:24.072,94.53163,False,22.11028,1.127492,-6.406588,0,0,0,1,0,0,-1,False,-1,-1,0,0,0,-1
2026-06-29 12:17:24.105,94.56577,False,22.1119,1.127479,-6.406464,0,0,0,1,0,0,-1,False,-1,-1,0,0,0,-1
2026-06-29 12:17:24.140,94.59998,False,22.11346,1.127244,-6.406499,0,0,0,1,0,0,-1,False,-1,-1,0,0,0,-1
2026-06-29 12:17:24.185,94.64506,False,22.11602,1.127176,-6.40738,0,0,0,1,0,0,-1,False,-1,-1,0,0,0,-1
2026-06-29 12:17:24.229,94.68896,False,22.11818,1.1273,-6.407694,0,0,0,1,0,0,-1,False,-1,-1,0,0,0,-1
2026-06-29 12:17:24.262,94.72274,False,22.11962,1.127372,-6.408206,0,0,0,1,0,0,-1,False,-1,-1,0,0,0,-1
2026-06-29 12:17:24.297,94.75713,False,22.12158,1.127201,-6.409403,0,0,0,1,0,0,-1,False,-1,-1,0,0,0,-1
2026-06-29 12:17:24.338,94.79959,False,22.1238,1.127797,-6.411011,0,0,0,1,0,0,-1,False,-1,-1,0,0,0,-1
2026-06-29 12:17:24.383,94.84373,False,22.12494,1.128055,-6.411619,0,0,0,1,0,0,-1,False,-1,-1,0,0,0,-1
2026-06-29 12:17:24.418,94.87784,False,22.12555,1.128204,-6.412138,0,0,0,1,0,0,-1,False,-1,-1,0,0,0,-1
2026-06-29 12:17:24.452,94.91188,False,22.12481,1.128301,-6.412339,0,0,0,1,0,0,-1,False,-1,-1,0,0,0,-1
2026-06-29 12:17:24.494,94.9549,False,22.12506,1.128153,-6.412614,0,0,0,1,0,0,-1,False,-1,-1,0,0,0,-1
2026-06-29 12:17:24.538,94.99833,False,22.1258,1.127905,-6.413186,0,0,0,1,0,0,-1,False,-1,-1,0,0,0,-1
2026-06-29 12:17:24.584,95.04407,False,22.1247,1.127612,-6.412453,0,0,0,1,0,0,-1,False,-1,-1,0,0,0,-1
2026-06-29 12:17:24.617,95.07786,False,22.12424,1.127571,-6.41216,0,0,0,1,0,0,-1,False,-1,-1,0,0,0,-1
2026-06-29 12:17:24.661,95.12054,False,22.12364,1.12735,-6.411558,0,0,0,1,0,0,-1,False,-1,-1,0,0,0,-1
2026-06-29 12:17:24.695,95.15497,False,22.12371,1.12722,-6.411952,0,0,0,1,0,0,-1,False,-1,-1,0,0,0,-1
2026-06-29 12:17:24.737,95.19769,False,22.12296,1.127375,-6.410863,0,0,0,1,0,0,-1,False,-1,-1,0,0,0,-1
2026-06-29 12:17:24.770,95.23119,False,22.12228,1.12745,-6.410215,0,0,0,1,0,0,-1,False,-1,-1,0,0,0,-1
2026-06-29 12:17:25.092,95.54552,False,22.09698,1.128353,-6.386854,0,0,0,0,0,0,-1,False,-1,-1,0,0,0,-1
