RealTime,UnityTime,GazeValid,GazeOriginX,GazeOriginY,GazeOriginZ,GazeRotX,GazeRotY,GazeRotZ,GazeRotW,GazeDirX,GazeDirY,GazeDirZ,HitPainting,ImageX,ImageY,HitPointX,HitPointY,HitPointZ,HitDistance
2026-08-21 13:39:08.131,12.53669,False,18.83726,1.128608,-8.669552,-0.04708488,-0.4973301,-0.02704446,0.8658605,-0.8586901,0.1084379,0.5008916,False,-1,-1,0,0,0,-1
2026-08-21 13:39:08.155,12.58419,False,18.83807,1.128657,-8.668177,-0.04850915,-0.4992814,-0.02801175,0.8646272,-0.860667,0.1118562,0.4967298,False,-1,-1,0,0,0,-1
2026-08-21 13:39:08.189,12.61757,False,18.83888,1.128585,-8.667269,-0.04799723,-0.4974349,-0.02757834,0.8657334,-0.8586446,0.1105425,0.5005096,False,-1,-1,0,0,0,-1
2026-08-21 13:39:08.234,12.65913,False,18.84072,1.128085,-8.664941,-0.04579943,-0.4917317,-0.02591139,0.8691553,-0.8524089,0.1050965,0.5122048,False,-1,-1,0,0,0,-1
2026-08-21 13:39:08.275,12.70372,False,18.8423,1.128158,-8.663131,-0.04611723,-0.4872118,-0.02577638,0.8716843,-0.8470122,0.1055164,0.5209957,False,-1,-1,0,0,0,-1
2026-08-21 13:39:08.320,12.74917,False,18.84448,1.127786,-8.660539,-0.04572145,-0.4805377,-0.02509748,0.8754218,-0.8390512,0.1041717,0.5339863,False,-1,-1,0,0,0,-1
2026-08-21 13:39:08.363,12.79252,False,18.84856,1.127793,-8.656485,-0.04360449,-0.4590814,-0.02256729,0.8870364,-0.8124757,0.098078,0.5746859,False,-1,-1,0,0,0,-1
2026-08-21 13:39:08.397,12.8259,False,18.85225,1.127195,-8.653314,-0.04018771,-0.4388141,-0.01964975,0.8974637,-0.78606,0.08937918,0.6116543,False,-1,-1,0,0,0,-1
2026-08-21 13:39:08.430,12.85935,False,18.85727,1.126375,-8.64956,-0.03638845,-0.4118658,-0.01646273,0.9103689,-0.7487015,0.07981469,0.658085,False,-1,-1,0,0,0,-1
2026-08-21 13:39:08.475,12.90362,False,18.86558,1.125846,-8.644078,-0.03373974,-0.3681633,-0.01337033,0.9290525,-0.683184,0.07253691,0.7266347,False,-1,-1,0,0,0,-1
2026-08-21 13:39:08.518,12.94759,False,18.87434,1.124549,-8.639755,-0.03018706,-0.3241255,-0.01034865,0.9454757,-0.6122808,0.06379079,0.7880628,False,-1,-1,0,0,0,-1
2026-08-21 13:39:08.552,12.98147,False,18.88154,1.123892,-8.636345,-0.02722098,-0.2851924,-0.008103145,0.9580494,-0.5460156,0.05677999,0.8358487,False,-1,-1,0,0,0,-1
2026-08-21 13:39:08.596,13.02546,False,18.89117,1.123896,-8.632083,-0.024658,-0.232405,-0.005893974,0.9722886,-0.4516389,0.05068897,0.8907598,False,-1,-1,0,0,0,-1
2026-08-21 13:39:08.629,13.0592,False,18.89743,1.124725,-8.629622,-0.02447711,-0.1979783,-0.0049454,0.9798883,-0.3877512,0.04992784,0.9204109,False,-1,-1,0,0,0,-1
2026-08-21 13:39:08.664,13.09284,False,18.90394,1.125862,-8.62745,-0.02592674,-0.1661769,-0.004370728,0.9857454,-0.3273895,0.05256695,0.9434261,False,-1,-1,0,0,0,-1
2026-08-21 13:39:08.708,13.13738,False,18.91151,1.127669,-8.625048,-0.02949507,-0.128647,-0.003827968,0.9912444,-0.2548154,0.05945856,0.96516,False,-1,-1,0,0,0,-1
2026-08-21 13:39:08.752,13.18134,False,18.91768,1.127487,-8.623075,-0.03099795,-0.0926991,-0.00288732,0.9952074,-0.1843307,0.06223407,0.980892,False,-1,-1,0,0,0,-1
2026-08-21 13:39:08.797,13.22601,False,18.92504,1.124841,-8.622115,-0.01514542,-0.05613132,-0.000851573,0.9983082,-0.1120469,0.03033519,0.9932398,False,-1,-1,0,0,0,-1
2026-08-21 13:39:08.841,13.26982,False,18.92971,1.121391,-8.623408,0.003540869,-0.03358075,0.0001189729,0.9994298,-0.06712235,-0.007085689,0.9977196,False,-1,-1,0,0,0,-1
2026-08-21 13:39:08.875,13.3037,False,18.93373,1.121171,-8.62357,0.004792764,-0.01060974,5.085344E-05,0.9999322,-0.02121756,-0.009585957,0.9997289,False,-1,-1,0,0,0,-1
2026-08-21 13:39:08.920,13.34839,False,18.93772,1.120168,-8.623809,0.005754209,0.01427993,-8.217941E-05,0.9998815,0.02855552,-0.0115094,0.999526,False,-1,-1,0,0,0,-1
2026-08-21 13:39:08.953,13.38179,False,18.93998,1.120432,-8.623733,0.00539712,0.02576718,-0.0001391168,0.9996534,0.05151499,-0.01079767,0.9986138,False,-1,-1,0,0,0,-1
2026-08-21 13:39:08.997,13.42583,False,18.94273,1.119642,-8.623154,0.005740491,0.03660201,-0.0002102579,0.9993134,0.07315134,-0.01148849,0.9972547,False,-1,-1,0,0,0,-1
2026-08-21 13:39:09.031,13.45948,False,18.9443,1.118198,-8.622965,0.00869344,0.04146508,-0.0003607981,0.9991021,0.08284941,-0.01740118,0.9964101,False,-1,-1,0,0,0,-1
2026-08-21 13:39:09.075,13.50338,False,18.94512,1.115994,-8.622521,0.0164592,0.04259435,-0.0007018012,0.9989566,0.08507672,-0.03294384,0.9958296,False,-1,-1,0,0,0,-1
2026-08-21 13:39:09.118,13.54795,False,18.94524,1.114631,-8.622201,0.0206146,0.03699921,-0.0007634091,0.9991024,0.07390051,-0.04124868,0.9964122,False,-1,-1,0,0,0,-1
2026-08-21 13:39:09.162,13.59254,False,18.94508,1.113408,-8.621846,0.02388152,0.0316473,-0.0007563804,0.9992135,0.06320868,-0.04777334,0.9968563,False,-1,-1,0,0,0,-1
2026-08-21 13:39:09.198,13.62675,False,18.94513,1.113392,-8.621753,0.02567707,0.02794286,-0.0007180082,0.9992794,0.05580858,-0.05135726,0.9971198,False,-1,-1,0,0,0,-1
2026-08-21 13:39:09.240,13.67004,False,18.94492,1.113587,-8.620916,0.02507066,0.02566887,-0.0006439502,0.9993559,0.05127237,-0.05014208,0.9974251,False,-1,-1,0,0,0,-1
2026-08-21 13:39:09.285,13.71451,False,18.94473,1.113974,-8.620369,0.02420365,0.02404137,-0.0005822278,0.9994178,0.04802656,-0.0484071,0.9976724,False,-1,-1,0,0,0,-1
2026-08-21 13:39:09.319,13.74792,False,18.94448,1.11417,-8.620147,0.02361427,0.02265861,-0.0005353536,0.9994642,0.04526766,-0.0472275,0.9978579,False,-1,-1,0,0,0,-1
2026-08-21 13:39:09.352,13.78132,False,18.94408,1.114099,-8.619792,0.02312815,0.02142456,-0.0004957569,0.9995028,0.04280487,-0.04625453,0.9980121,False,-1,-1,0,0,0,-1
2026-08-21 13:39:09.399,13.82757,False,18.94358,1.11431,-8.619911,0.02231776,0.01995379,-0.0004455238,0.9995517,0.03986981,-0.04463329,0.9982075,False,-1,-1,0,0,0,-1
2026-08-21 13:39:09.440,13.87013,False,18.94315,1.114554,-8.619531,0.02093534,0.01945967,-0.0004075613,0.9995914,0.03888637,-0.04186942,0.9983661,False,-1,-1,0,0,0,-1
2026-08-21 13:39:09.475,13.90353,False,18.9429,1.114465,-8.619569,0.0208929,0.01926758,-0.0004027184,0.9995959,0.03850276,-0.04178444,0.9983845,False,-1,-1,0,0,0,-1
2026-08-21 13:39:09.519,13.94779,False,18.9426,1.114354,-8.620337,0.02194862,0.0169962,-0.000373187,0.9996146,0.03396291,-0.04389301,0.9984588,False,-1,-1,0,0,0,-1
2026-08-21 13:39:09.553,13.98252,False,18.94253,1.114231,-8.620117,0.02200659,0.01619518,-0.0003565338,0.9996266,0.03236257,-0.04400828,0.9985068,False,-1,-1,0,0,0,-1
2026-08-21 13:39:09.597,14.02561,False,18.94274,1.113977,-8.621226,0.02294239,0.01575492,-0.0003615956,0.9996126,0.03148103,-0.0458784,0.9984509,False,-1,-1,0,0,0,-1
2026-08-21 13:39:09.641,14.07006,False,18.94307,1.114029,-8.621662,0.02277116,0.01622447,-0.0003695945,0.999609,0.03241942,-0.04553651,0.9984365,False,-1,-1,0,0,0,-1
2026-08-21 13:39:09.675,14.10409,False,18.9436,1.114346,-8.622023,0.02196652,0.01796653,-0.0003948211,0.9995972,0.03590124,-0.04392952,0.9983894,False,-1,-1,0,0,0,-1
2026-08-21 13:39:09.718,14.14802,False,18.94454,1.114661,-8.62281,0.02081302,0.02053461,-0.00042757,0.9995724,0.04103386,-0.04162579,0.9982903,False,-1,-1,0,0,0,-1
2026-08-21 13:39:09.763,14.19265,False,18.94548,1.114816,-8.623146,0.02059241,0.0232914,-0.0004798582,0.9995165,0.04654051,-0.04118727,0.9980669,False,-1,-1,0,0,0,-1
2026-08-21 13:39:09.807,14.23656,False,18.94643,1.114951,-8.623238,0.02010856,0.02576472,-0.0005183684,0.9994656,0.05148105,-0.04022234,0.9978637,False,-1,-1,0,0,0,-1
2026-08-21 13:39:09.840,14.27001,False,18.94693,1.114798,-8.62326,0.0201282,0.02625017,-0.0005286581,0.9994526,0.05245032,-0.04026211,0.9978116,False,-1,-1,0,0,0,-1
2026-08-21 13:39:09.874,14.30339,False,18.94714,1.114553,-8.623182,0.02101261,0.02517051,-0.0005291827,0.9994622,0.05029171,-0.04202925,0.9978498,False,-1,-1,0,0,0,-1
2026-08-21 13:39:09.920,14.34836,False,18.94736,1.11442,-8.623113,0.0212543,0.02373632,-0.0005047551,0.9994922,0.04742708,-0.04251096,0.9979697,False,-1,-1,0,0,0,-1
2026-08-21 13:39:09.963,14.39236,False,18.94761,1.114193,-8.622788,0.02188768,0.0224691,-0.0004920387,0.9995078,0.04489454,-0.04377593,0.9980322,False,-1,-1,0,0,0,-1
2026-08-21 13:39:09.997,14.42592,False,18.94783,1.113952,-8.622782,0.02327641,0.02194429,-0.0005110459,0.9994881,0.04384232,-0.04655141,0.9979533,False,-1,-1,0,0,0,-1
2026-08-21 13:39:10.031,14.45939,False,18.94802,1.113699,-8.622793,0.02447062,0.02194618,-0.0005373271,0.9994595,0.04384233,-0.04893837,0.9978391,False,-1,-1,0,0,0,-1
2026-08-21 13:39:10.065,14.49387,False,18.94815,1.11343,-8.622963,0.02480889,0.02260629,-0.0005611532,0.9994364,0.04515925,-0.04961519,0.9977469,False,-1,-1,0,0,0,-1
2026-08-21 13:39:10.107,14.53671,False,18.94825,1.113372,-8.622724,0.02515428,0.02251579,-0.0005666915,0.9994299,0.04497739,-0.05030539,0.9977206,False,-1,-1,0,0,0,-1
2026-08-21 13:39:10.152,14.58092,False,18.94823,1.113332,-8.622768,0.02454677,0.02275739,-0.0005589338,0.9994395,0.04546183,-0.04909146,0.9977591,False,-1,-1,0,0,0,-1
2026-08-21 13:39:10.186,14.61478,False,18.94814,1.113032,-8.622693,0.0254385,0.02218015,-0.0005645514,0.9994302,0.0443063,-0.05087305,0.9977219,False,-1,-1,0,0,0,-1
2026-08-21 13:39:10.221,14.6496,False,18.94802,1.112757,-8.622304,0.02692525,0.02143402,-0.0005774586,0.9994075,0.04281155,-0.05384335,0.9976313,False,-1,-1,0,0,0,-1
2026-08-21 13:39:10.264,14.69255,False,18.94777,1.11248,-8.622196,0.02856949,0.02017892,-0.0005768546,0.999388,0.04030018,-0.05712729,0.9975532,False,-1,-1,0,0,0,-1
2026-08-21 13:39:10.308,14.73694,False,18.94754,1.112362,-8.621737,0.02890396,0.01968811,-0.0005694125,0.9993882,0.03931919,-0.05779496,0.9975539,False,-1,-1,0,0,0,-1
2026-08-21 13:39:10.342,14.77047,False,18.94734,1.112313,-8.621537,0.02927505,0.01898059,-0.0005559961,0.999391,0.03790549,-0.05853555,0.9975654,False,-1,-1,0,0,0,-1
2026-08-21 13:39:10.376,14.80417,False,18.94707,1.112255,-8.62147,0.02988459,0.01800744,-0.0005384728,0.999391,0.03596076,-0.05975216,0.9975653,False,-1,-1,0,0,0,-1
2026-08-21 13:39:10.420,14.84934,False,18.94686,1.112338,-8.621602,0.02986232,0.01798299,-0.0005373402,0.9993921,0.03591201,-0.05970765,0.9975697,False,-1,-1,0,0,0,-1
2026-08-21 13:39:10.463,14.89241,False,18.94654,1.112537,-8.621926,0.02920554,0.01711377,-0.0005001037,0.9994268,0.03417872,-0.05839472,0.9977083,False,-1,-1,0,0,0,-1
2026-08-21 13:39:10.507,14.9367,False,18.94643,1.112862,-8.621859,0.02832214,0.0173001,-0.000490246,0.999449,0.03455337,-0.05663003,0.9977971,False,-1,-1,0,0,0,-1
2026-08-21 13:39:10.542,14.97026,False,18.94636,1.112997,-8.622223,0.02813755,0.01759383,-0.0004953201,0.9994491,0.0351404,-0.05626152,0.9977975,False,-1,-1,0,0,0,-1
2026-08-21 13:39:10.574,15.00365,False,18.94628,1.113019,-8.62236,0.02781371,0.01730363,-0.0004815368,0.9994633,0.0345619,-0.05561423,0.9978539,False,-1,-1,0,0,0,-1
2026-08-21 13:39:10.619,15.04782,False,18.9462,1.11306,-8.622654,0.0275398,0.01644504,-0.0004531261,0.9994854,0.03284818,-0.05506615,0.9979423,False,-1,-1,0,0,0,-1
2026-08-21 13:39:10.663,15.0925,False,18.94609,1.112729,-8.622759,0.02851832,0.01513423,-0.0004318281,0.9994786,0.03022805,-0.05701998,0.9979153,False,-1,-1,0,0,0,-1
2026-08-21 13:39:10.698,15.12595,False,18.94597,1.112393,-8.622774,0.02998859,0.0135547,-0.0004067066,0.9994583,0.02707031,-0.05995571,0.9978339,False,-1,-1,0,0,0,-1
2026-08-21 13:39:10.741,15.16992,False,18.94581,1.112036,-8.622624,0.0314022,0.01107995,-0.0003481279,0.9994454,0.02212574,-0.06277727,0.9977823,False,-1,-1,0,0,0,-1
2026-08-21 13:39:10.775,15.20349,False,18.94579,1.111776,-8.622533,0.03187447,0.009612212,-0.0003065541,0.9994456,0.01919422,-0.06371949,0.9977832,False,-1,-1,0,0,0,-1
2026-08-21 13:39:10.819,15.24775,False,18.94579,1.111505,-8.622493,0.03286635,0.007905845,-0.0002599848,0.9994285,0.01578556,-0.06569923,0.9977146,False,-1,-1,0,0,0,-1
2026-08-21 13:39:10.852,15.2812,False,18.94581,1.111456,-8.622382,0.03308691,0.007028038,-0.0002326692,0.9994278,0.01403263,-0.06613923,0.9977117,False,-1,-1,0,0,0,-1
2026-08-21 13:39:10.896,15.32593,False,18.94577,1.111573,-8.622219,0.03276272,0.006103839,-0.0002000895,0.9994445,0.01218779,-0.06549148,0.9977787,False,-1,-1,0,0,0,-1
2026-08-21 13:39:10.942,15.37029,False,18.94581,1.1118,-8.622068,0.03248545,0.006153821,-0.000200019,0.9994532,0.01228792,-0.06493783,0.9978136,False,-1,-1,0,0,0,-1
2026-08-21 13:39:10.985,15.41445,False,18.94571,1.111967,-8.621982,0.03176194,0.005851221,-0.0001859432,0.9994783,0.01168453,-0.06349293,0.9979139,False,-1,-1,0,0,0,-1
2026-08-21 13:39:11.030,15.45915,False,18.94575,1.112008,-8.621862,0.0315707,0.006115656,-0.0001931754,0.9994828,0.01221279,-0.0631111,0.9979318,False,-1,-1,0,0,0,-1
2026-08-21 13:39:11.063,15.49293,False,18.9457,1.11195,-8.621758,0.03219147,0.006024844,-0.0001940527,0.9994636,0.01203073,-0.06435074,0.9978548,False,-1,-1,0,0,0,-1
2026-08-21 13:39:11.108,15.53684,False,18.94564,1.111814,-8.62146,0.03240086,0.005761937,-0.0001867929,0.9994584,0.01150553,-0.06476877,0.997834,False,-1,-1,0,0,0,-1
2026-08-21 13:39:11.152,15.58122,False,18.94561,1.111512,-8.621203,0.03315986,0.005549214,-0.0001841152,0.9994346,0.01107994,-0.06628426,0.9977393,False,-1,-1,0,0,0,-1
2026-08-21 13:39:11.185,15.61471,False,18.94558,1.111385,-8.620965,0.03383734,0.005429701,-0.0001838347,0.9994126,0.01084058,-0.06763694,0.9976511,False,-1,-1,0,0,0,-1
2026-08-21 13:39:11.231,15.6593,False,18.94558,1.111174,-8.620694,0.03441086,0.005006535,-0.0001723834,0.9993953,0.009995149,-0.0687818,0.9975817,False,-1,-1,0,0,0,-1
2026-08-21 13:39:11.265,15.69375,False,18.94564,1.111137,-8.62055,0.03437971,0.004653608,-0.0001600861,0.999398,0.009290605,-0.06871951,0.9975927,False,-1,-1,0,0,0,-1
2026-08-21 13:39:11.308,15.73676,False,18.94565,1.111217,-8.620488,0.03453042,0.004376347,-0.0001512087,0.9993941,0.008736948,-0.06902032,0.997577,False,-1,-1,0,0,0,-1
2026-08-21 13:39:11.351,15.78098,False,18.94558,1.11131,-8.620419,0.03446783,0.004209827,-0.0001451912,0.9993969,0.008404568,-0.06889531,0.9975885,False,-1,-1,0,0,0,-1
2026-08-21 13:39:11.388,15.8164,False,18.94557,1.111343,-8.620436,0.03397215,0.004383101,-0.0001489908,0.9994132,0.008750934,-0.06790573,0.9976534,False,-1,-1,0,0,0,-1
2026-08-21 13:39:11.430,15.85935,False,18.94562,1.111288,-8.62042,0.03409368,0.004660355,-0.0001589828,0.9994078,0.009304348,-0.06814846,0.9976318,False,-1,-1,0,0,0,-1
2026-08-21 13:39:11.474,15.90338,False,18.94562,1.111146,-8.620469,0.03470396,0.004658408,-0.0001617644,0.9993868,0.009299876,-0.06936687,0.9975479,False,-1,-1,0,0,0,-1
2026-08-21 13:39:11.519,15.94795,False,18.94566,1.111037,-8.620471,0.03572669,0.004464933,-0.0001596207,0.9993516,0.008912669,-0.07140846,0.9974073,False,-1,-1,0,0,0,-1
2026-08-21 13:39:11.552,15.98137,False,18.9456,1.111029,-8.620384,0.03577904,0.004259689,-0.0001525066,0.9993507,0.008502932,-0.0715129,0.9974034,False,-1,-1,0,0,0,-1
2026-08-21 13:39:11.599,16.02754,False,18.94543,1.110988,-8.620334,0.0359737,0.003970427,-0.0001429245,0.9993449,0.007925366,-0.07190139,0.9973803,False,-1,-1,0,0,0,-1
2026-08-21 13:39:11.641,16.07017,False,18.94514,1.111098,-8.620246,0.03557212,0.003036889,-0.0001080975,0.9993625,0.006062217,-0.07109953,0.9974508,False,-1,-1,0,0,0,-1
2026-08-21 13:39:11.674,16.10378,False,18.94509,1.111134,-8.62031,0.03535522,0.003029382,-0.000107172,0.9993702,0.00604737,-0.07066655,0.9974816,False,-1,-1,0,0,0,-1
2026-08-21 13:39:11.720,16.14839,False,18.94514,1.111179,-8.620358,0.03524136,0.003620999,-0.0001276891,0.9993722,0.007228453,-0.0704394,0.9974899,False,-1,-1,0,0,0,-1
2026-08-21 13:39:11.763,16.19231,False,18.94519,1.111178,-8.620471,0.0349393,0.004047562,-0.0001415065,0.9993812,0.008080225,-0.06983649,0.9975258,False,-1,-1,0,0,0,-1
2026-08-21 13:39:11.798,16.22622,False,18.94516,1.11123,-8.620502,0.03499694,0.004265833,-0.000149384,0.9993783,0.008515906,-0.06995163,0.997514,False,-1,-1,0,0,0,-1
2026-08-21 13:39:11.842,16.27002,False,18.94508,1.111318,-8.620463,0.0349099,0.003961409,-0.0001383779,0.9993826,0.007908266,-0.06977779,0.9975312,False,-1,-1,0,0,0,-1
2026-08-21 13:39:11.875,16.30344,False,18.94504,1.111349,-8.620463,0.03474569,0.003916893,-0.0001361784,0.9993885,0.007819531,-0.06944994,0.9975548,False,-1,-1,0,0,0,-1
2026-08-21 13:39:11.909,16.33753,False,18.94505,1.111303,-8.620507,0.03470219,0.003902711,-0.0001355152,0.9993901,0.007791256,-0.06936309,0.997561,False,-1,-1,0,0,0,-1
2026-08-21 13:39:11.952,16.38131,False,18.9451,1.111164,-8.6205,0.03502742,0.003968074,-0.0001390778,0.9993785,0.007921471,-0.0700124,0.9975147,False,-1,-1,0,0,0,-1
2026-08-21 13:39:11.986,16.41468,False,18.94513,1.111093,-8.620521,0.03581212,0.004389183,-0.0001572883,0.9993489,0.008761384,-0.07157899,0.9973965,False,-1,-1,0,0,0,-1
2026-08-21 13:39:12.029,16.45959,False,18.94504,1.111326,-8.620537,0.0358354,0.005532638,-0.0001983947,0.9993424,0.01104378,-0.07162586,0.9973704,False,-1,-1,0,0,0,-1
2026-08-21 13:39:12.075,16.50417,False,18.94468,1.111401,-8.620656,0.03579714,0.005057375,-0.000181158,0.9993463,0.01009517,-0.0715493,0.997386,False,-1,-1,0,0,0,-1
2026-08-21 13:39:12.119,16.54795,False,18.94442,1.111566,-8.62076,0.03559241,0.005291054,-0.0001884434,0.9993524,0.01056184,-0.07114071,0.9974104,False,-1,-1,0,0,0,-1
2026-08-21 13:39:12.163,16.59227,False,18.94426,1.111653,-8.62086,0.03481476,0.005699344,-0.0001985449,0.9993775,0.01137777,-0.06958845,0.9975109,False,-1,-1,0,0,0,-1
2026-08-21 13:39:12.197,16.62647,False,18.94413,1.111669,-8.620934,0.03503189,0.005315733,-0.0001863372,0.9993721,0.01061173,-0.07002177,0.997489,False,-1,-1,0,0,0,-1
2026-08-21 13:39:12.241,16.66996,False,18.94407,1.111652,-8.620986,0.03494654,0.005354821,-0.0001872495,0.9993748,0.01068986,-0.06985139,0.9975001,False,-1,-1,0,0,0,-1
2026-08-21 13:39:12.277,16.70448,False,18.944,1.111636,-8.621092,0.03515458,0.005082795,-0.0001787964,0.999369,0.0101466,-0.07026661,0.9974766,False,-1,-1,0,0,0,-1
2026-08-21 13:39:12.319,16.748,False,18.94374,1.111551,-8.621317,0.0357796,0.003662175,-0.000131116,0.999353,0.007310228,-0.07151385,0.9974128,False,-1,-1,0,0,0,-1
2026-08-21 13:39:12.363,16.79282,False,18.94368,1.111805,-8.621508,0.03551213,0.004448498,-0.0001580769,0.9993594,0.008880069,-0.07098017,0.9974382,False,-1,-1,0,0,0,-1
2026-08-21 13:39:12.408,16.83701,False,18.94365,1.112202,-8.621749,0.03398691,0.004670955,-0.0001588448,0.9994113,0.009325612,-0.06793528,0.9976462,False,-1,-1,0,0,0,-1
2026-08-21 13:39:12.451,16.88133,False,18.94371,1.112347,-8.622149,0.0334897,0.0044508,-0.0001491411,0.9994292,0.00888653,-0.0669425,0.9977173,False,-1,-1,0,0,0,-1
2026-08-21 13:39:12.487,16.91553,False,18.94367,1.112296,-8.62248,0.03375141,0.003965786,-0.0001339282,0.9994224,0.00791795,-0.0674649,0.9976902,False,-1,-1,0,0,0,-1
2026-08-21 13:39:12.529,16.95884,False,18.94383,1.112453,-8.622622,0.03316442,0.004236086,-0.0001405659,0.999441,0.00845811,-0.06629293,0.9977643,False,-1,-1,0,0,0,-1
2026-08-21 13:39:12.563,16.99251,False,18.94399,1.112545,-8.622602,0.03247168,0.003790679,-0.0001231556,0.9994655,0.007569309,-0.06490958,0.9978625,False,-1,-1,0,0,0,-1
2026-08-21 13:39:12.606,17.03634,False,18.94414,1.112422,-8.622419,0.0324674,0.00186291,-6.051585E-05,0.9994711,0.003719919,-0.06490068,0.9978848,False,-1,-1,0,0,0,-1
2026-08-21 13:39:12.641,17.07015,False,18.94431,1.112352,-8.622247,0.03286798,0.00143957,-4.734137E-05,0.9994587,0.002874469,-0.06570049,0.9978352,False,-1,-1,0,0,0,-1
2026-08-21 13:39:12.675,17.1035,False,18.94446,1.112266,-8.622072,0.03376415,0.000901938,-3.047056E-05,0.9994295,0.001800789,-0.06748983,0.9977183,False,-1,-1,0,0,0,-1
2026-08-21 13:39:12.719,17.14808,False,18.94468,1.112201,-8.621928,0.03394563,0.0007105379,-2.413358E-05,0.9994234,0.001418618,-0.06785216,0.9976944,False,-1,-1,0,0,0,-1
2026-08-21 13:39:12.753,17.18149,False,18.94479,1.112076,-8.6218,0.03410662,0.0002968861,-1.013168E-05,0.9994181,0.0005927355,-0.06817356,0.9976733,False,-1,-1,0,0,0,-1
2026-08-21 13:39:12.797,17.22622,False,18.94493,1.111981,-8.621529,0.03433727,0.0005070093,-1.741959E-05,0.9994102,0.001012224,-0.06863406,0.9976414,False,-1,-1,0,0,0,-1
2026-08-21 13:39:12.840,17.27003,False,18.94506,1.111802,-8.621237,0.03480206,0.00105774,-3.683384E-05,0.9993937,0.002111633,-0.06956197,0.9975754,False,-1,-1,0,0,0,-1
2026-08-21 13:39:12.875,17.30343,False,18.94515,1.111596,-8.621021,0.03559513,0.001165537,-4.151378E-05,0.9993656,0.00232664,-0.07114518,0.9974633,False,-1,-1,0,0,0,-1
2026-08-21 13:39:12.908,17.33742,False,18.94513,1.111476,-8.620768,0.03637476,0.001333322,-4.853142E-05,0.9993374,0.002661346,-0.07270142,0.9973502,False,-1,-1,0,0,0,-1
2026-08-21 13:39:12.953,17.38152,False,18.94512,1.111352,-8.620422,0.03714396,0.001487572,-5.529252E-05,0.9993088,0.00296898,-0.07423673,0.9972363,False,-1,-1,0,0,0,-1
2026-08-21 13:39:12.986,17.4149,False,18.94498,1.111291,-8.620115,0.03752246,0.001163797,-4.369935E-05,0.9992951,0.002322675,-0.07499214,0.9971814,False,-1,-1,0,0,0,-1
2026-08-21 13:39:13.030,17.45914,False,18.94477,1.111084,-8.619905,0.03775778,0.0007553725,-2.854155E-05,0.9992867,0.001507512,-0.07546173,0.9971476,False,-1,-1,0,0,0,-1
2026-08-21 13:39:13.074,17.50374,False,18.94449,1.110945,-8.619658,0.03776434,0.0002053797,-7.761564E-06,0.9992867,0.0004098802,-0.0754748,0.9971476,False,-1,-1,0,0,0,-1
2026-08-21 13:39:13.109,17.53836,False,18.94431,1.110856,-8.61941,0.03749023,0.0001013651,-3.802875E-06,0.999297,0.0002023026,-0.07492773,0.9971889,False,-1,-1,0,0,0,-1
2026-08-21 13:39:13.153,17.58211,False,18.94405,1.110713,-8.619173,0.03736898,2.100635E-06,-7.855348E-08,0.9993016,4.192465E-06,-0.07468577,0.9972071,False,-1,-1,0,0,0,-1
2026-08-21 13:39:13.198,17.62662,False,18.94396,1.110407,-8.618651,0.03698393,0.002259716,-8.36306E-05,0.9993133,0.004510143,-0.07391744,0.9972542,False,-1,-1,0,0,0,-1
2026-08-21 13:39:13.242,17.6705,False,18.94387,1.10968,-8.617854,0.03706663,0.006621107,-0.0002455963,0.9992909,0.01321462,-0.07408392,0.9971644,False,-1,-1,0,0,0,-1
2026-08-21 13:39:13.275,17.70406,False,18.9437,1.109689,-8.616399,0.03516572,0.01193057,-0.0004198367,0.9993102,0.02381516,-0.07029293,0.9972421,False,-1,-1,0,0,0,-1
2026-08-21 13:39:13.311,17.73933,False,18.94331,1.11146,-8.61249,0.03053059,0.02239061,-0.000684089,0.9992828,0.04470732,-0.06104801,0.9971331,False,-1,-1,0,0,0,-1
2026-08-21 13:39:13.353,17.78218,False,18.94239,1.117087,-8.604768,0.02324168,0.02897635,-0.0006739244,0.9993097,0.05788137,-0.04649032,0.9972404,False,-1,-1,0,0,0,-1
2026-08-21 13:39:13.397,17.82615,False,18.94012,1.127342,-8.592966,0.01565274,0.007799213,-0.0001220977,0.9998471,0.01559222,-0.0313026,0.9993883,False,-1,-1,0,0,0,-1
2026-08-21 13:39:13.432,17.86077,False,18.93705,1.137381,-8.584594,0.006160487,-0.01663147,0.0001024741,0.9998427,-0.03325644,-0.01232244,0.9993709,False,-1,-1,0,0,0,-1
2026-08-21 13:39:13.476,17.90487,False,18.9313,1.152417,-8.570217,-0.01304099,-0.05550347,-0.0007249996,0.9983731,-0.1108074,0.02612002,0.9934986,False,-1,-1,0,0,0,-1
2026-08-21 13:39:13.521,17.94987,False,18.9239,1.167225,-8.558012,-0.0319727,-0.08762679,-0.002813945,0.9956362,-0.1743089,0.06415951,0.9825986,False,-1,-1,0,0,0,-1
2026-08-21 13:39:13.564,17.99302,False,18.9169,1.177921,-8.550939,-0.04249931,-0.1053164,-0.004505066,0.99352,-0.2088849,0.08539674,0.9742045,False,-1,-1,0,0,0,-1
2026-08-21 13:39:13.607,18.03693,False,18.91129,1.184846,-8.546796,-0.05168523,-0.1222639,-0.006375787,0.9911305,-0.2416998,0.1040127,0.9647604,False,-1,-1,0,0,0,-1
2026-08-21 13:39:13.642,18.07098,False,18.90703,1.188844,-8.543848,-0.06199364,-0.1369561,-0.008588332,0.988598,-0.2697242,0.124926,0.9547997,False,-1,-1,0,0,0,-1
2026-08-21 13:39:13.686,18.11497,False,18.90222,1.192358,-8.542928,-0.07174881,-0.149109,-0.0108486,0.9861546,-0.2925323,0.1447461,0.9452372,False,-1,-1,0,0,0,-1
2026-08-21 13:39:13.729,18.15903,False,18.8981,1.194518,-8.543176,-0.07637189,-0.1585567,-0.01230224,0.9843149,-0.3102604,0.1542492,0.9380542,False,-1,-1,0,0,0,-1
2026-08-21 13:39:13.763,18.19254,False,18.89572,1.195732,-8.543591,-0.07649081,-0.1613923,-0.01254778,0.9838416,-0.3156494,0.1545599,0.9362034,False,-1,-1,0,0,0,-1
2026-08-21 13:39:13.808,18.23684,False,18.89344,1.196978,-8.544224,-0.07685534,-0.1650856,-0.01290456,0.9831955,-0.3226392,0.1553884,0.93368,False,-1,-1,0,0,0,-1
2026-08-21 13:39:13.841,18.27021,False,18.89291,1.197039,-8.544552,-0.07816923,-0.1665906,-0.01324971,0.9828334,-0.3253901,0.1580692,0.9322743,False,-1,-1,0,0,0,-1
2026-08-21 13:39:13.886,18.31513,False,18.8924,1.196068,-8.545384,-0.07944953,-0.1660966,-0.01342708,0.982812,-0.3243498,0.1606283,0.9321994,False,-1,-1,0,0,0,-1
2026-08-21 13:39:13.920,18.34905,False,18.89195,1.195027,-8.546684,-0.08198328,-0.1628745,-0.01358196,0.983141,-0.3180301,0.1656265,0.9335013,False,-1,-1,0,0,0,-1
2026-08-21 13:39:13.963,18.39282,False,18.89164,1.193644,-8.547587,-0.07726943,-0.1596572,-0.0125364,0.984064,-0.3122883,0.1560792,0.9370781,False,-1,-1,0,0,0,-1
2026-08-21 13:39:14.008,18.43709,False,18.89153,1.192438,-8.547898,-0.0739482,-0.159522,-0.01198394,0.9843479,-0.3122779,0.1494049,0.9381688,False,-1,-1,0,0,0,-1
2026-08-21 13:39:14.052,18.48123,False,18.89124,1.191519,-8.548479,-0.07375087,-0.1589575,-0.01190837,0.9844549,-0.3112164,0.1489947,0.9385867,False,-1,-1,0,0,0,-1
2026-08-21 13:39:14.087,18.51537,False,18.8908,1.191492,-8.548737,-0.07418077,-0.158183,-0.0119183,0.9845473,-0.309709,0.1498395,0.9389508,False,-1,-1,0,0,0,-1
2026-08-21 13:39:14.120,18.54907,False,18.89044,1.191534,-8.54873,-0.07361379,-0.1614334,-0.01207622,0.9840602,-0.3159424,0.1487798,0.9370405,False,-1,-1,0,0,0,-1
2026-08-21 13:39:14.154,18.58265,False,18.88988,1.191674,-8.548982,-0.07406118,-0.1642905,-0.01237105,0.98355,-0.3213435,0.1497506,0.9350471,False,-1,-1,0,0,0,-1
2026-08-21 13:39:14.197,18.62584,False,18.88916,1.191647,-8.549683,-0.0741896,-0.1656208,-0.01249583,0.9833156,-0.3238609,0.1500427,0.9341313,False,-1,-1,0,0,0,-1
2026-08-21 13:39:14.230,18.65933,False,18.88909,1.190978,-8.550206,-0.07395461,-0.1645621,-0.01237414,0.9835125,-0.3218675,0.1495432,0.9349001,False,-1,-1,0,0,0,-1
2026-08-21 13:39:14.274,18.70389,False,18.88947,1.188174,-8.550972,-0.07076899,-0.159977,-0.0114995,0.9845135,-0.3133716,0.1430254,0.9387982,False,-1,-1,0,0,0,-1
2026-08-21 13:39:14.308,18.73735,False,18.89045,1.184117,-8.551783,-0.06498795,-0.1535727,-0.01012264,0.985946,-0.3015131,0.1312583,0.944384,False,-1,-1,0,0,0,-1
2026-08-21 13:39:14.344,18.77195,False,18.89202,1.178466,-8.5534,-0.05576744,-0.143987,-0.008127534,0.9879735,-0.2836043,0.112534,0.9523154,False,-1,-1,0,0,0,-1
2026-08-21 13:39:14.385,18.81487,False,18.89622,1.169245,-8.556582,-0.04087924,-0.1272371,-0.005248508,0.9910157,-0.2517588,0.08235954,0.9642792,False,-1,-1,0,0,0,-1
2026-08-21 13:39:14.419,18.84821,False,18.90031,1.162435,-8.560412,-0.02853008,-0.1134182,-0.003258207,0.9931323,-0.2250927,0.05740737,0.9726447,False,-1,-1,0,0,0,-1
2026-08-21 13:39:14.464,18.89388,False,18.9065,1.153144,-8.566089,-0.0116856,-0.1044734,-0.001227638,0.9944583,-0.2077602,0.02349819,0.9778975,False,-1,-1,0,0,0,-1
2026-08-21 13:39:14.507,18.93695,False,18.91083,1.145629,-8.572421,0.000350464,-0.09640836,3.394579E-05,0.9953418,-0.1919185,-0.0007042084,0.9814106,False,-1,-1,0,0,0,-1
2026-08-21 13:39:14.542,18.97101,False,18.91301,1.140131,-8.577926,0.008504531,-0.08805647,0.000751827,0.9960789,-0.1754096,-0.01707477,0.9843475,False,-1,-1,0,0,0,-1
2026-08-21 13:39:14.586,19.01483,False,18.91504,1.134282,-8.584866,0.01848079,-0.07633752,0.001415151,0.9969097,-0.1521509,-0.03706341,0.9876621,False,-1,-1,0,0,0,-1
2026-08-21 13:39:14.630,19.0591,False,18.91671,1.129806,-8.591167,0.02424189,-0.06584071,0.001600049,0.9975344,-0.1312792,-0.04857494,0.9901547,False,-1,-1,0,0,0,-1
2026-08-21 13:39:14.663,19.09255,False,18.9192,1.126223,-8.596596,0.02534213,-0.05899674,0.001498196,0.9979354,-0.1176739,-0.05075638,0.9917544,False,-1,-1,0,0,0,-1
2026-08-21 13:39:14.708,19.13657,False,18.92203,1.121614,-8.604795,0.02162581,-0.05211066,0.001128734,0.9984065,-0.1040064,-0.04330033,0.9936336,False,-1,-1,0,0,0,-1
2026-08-21 13:39:14.752,19.18132,False,18.92383,1.118039,-8.612935,0.00588654,-0.04833716,0.0002848766,0.9988137,-0.09655629,-0.01178665,0.9952577,False,-1,-1,0,0,0,-1
2026-08-21 13:39:14.786,19.21563,False,18.92469,1.118435,-8.610493,-0.025636,-0.06950297,-0.00178669,0.9972507,-0.1385322,0.0513794,0.9890243,False,-1,-1,0,0,0,-1
2026-08-21 13:39:14.830,19.2592,False,18.92022,1.122997,-8.604872,-0.04173889,-0.080062,-0.003355424,0.99591,-0.159189,0.08367366,0.9836959,False,-1,-1,0,0,0,-1
2026-08-21 13:39:14.874,19.30381,False,18.92075,1.120409,-8.606608,-0.009483075,-0.08387666,-0.0007982578,0.9964307,-0.1671394,0.01903236,0.9857495,False,-1,-1,0,0,0,-1
2026-08-21 13:39:14.919,19.34827,False,18.92185,1.114115,-8.607416,0.009335027,-0.07761201,0.0007267343,0.9969397,-0.1547354,-0.01872572,0.9877785,False,-1,-1,0,0,0,-1
2026-08-21 13:39:14.963,19.39252,False,18.9229,1.113044,-8.606609,0.01150936,-0.07660498,0.0008843317,0.9969947,-0.1527292,-0.02308502,0.9879984,False,-1,-1,0,0,0,-1
2026-08-21 13:39:15.008,19.43705,False,18.92392,1.11242,-8.606805,0.0163734,-0.07823341,0.001285059,0.9967998,-0.155924,-0.03284306,0.9872229,False,-1,-1,0,0,0,-1
2026-08-21 13:39:15.053,19.48143,False,18.92447,1.111817,-8.60654,0.01813963,-0.07752762,0.001410802,0.9968242,-0.1545116,-0.03638279,0.9873208,False,-1,-1,0,0,0,-1
2026-08-21 13:39:15.097,19.52611,False,18.92494,1.112116,-8.606706,0.018875,-0.07700167,0.001457997,0.9968513,-0.1534634,-0.03785566,0.987429,False,-1,-1,0,0,0,-1
2026-08-21 13:39:15.141,19.57036,False,18.92567,1.112262,-8.607196,0.01973764,-0.07493234,0.00148345,0.9969922,-0.1493554,-0.03957886,0.9879912,False,-1,-1,0,0,0,-1
2026-08-21 13:39:15.185,19.61439,False,18.92603,1.112419,-8.607819,0.02139546,-0.07272717,0.001560524,0.9971212,-0.1449688,-0.04289472,0.988506,False,-1,-1,0,0,0,-1
2026-08-21 13:39:15.219,19.64791,False,18.92595,1.112409,-8.60828,0.02230987,-0.07273103,0.001627337,0.9971007,-0.1449677,-0.04472708,0.988425,False,-1,-1,0,0,0,-1
2026-08-21 13:39:15.253,19.68131,False,18.92583,1.112437,-8.608571,0.02262837,-0.07256879,0.001646881,0.9971053,-0.1446429,-0.04536476,0.9884434,False,-1,-1,0,0,0,-1
2026-08-21 13:39:15.285,19.71476,False,18.92569,1.112356,-8.609008,0.02258196,-0.0724412,0.001640597,0.9971157,-0.1443904,-0.04527136,0.9884847,False,-1,-1,0,0,0,-1
2026-08-21 13:39:15.330,19.7589,False,18.92556,1.112324,-8.609499,0.0237503,-0.0716075,0.001705563,0.9971486,-0.1427256,-0.04760941,0.9886166,False,-1,-1,0,0,0,-1
2026-08-21 13:39:15.365,19.7939,False,18.92536,1.112167,-8.609757,0.02476772,-0.0711871,0.001768175,0.9971539,-0.1418814,-0.04964621,0.9886379,False,-1,-1,0,0,0,-1
2026-08-21 13:39:15.408,19.83712,False,18.92524,1.112064,-8.610162,0.02600908,-0.07071319,0.001844431,0.9971558,-0.1409282,-0.05213106,0.9886463,False,-1,-1,0,0,0,-1
2026-08-21 13:39:15.442,19.87091,False,18.925,1.11183,-8.610467,0.0269397,-0.07020622,0.001896708,0.9971669,-0.1399124,-0.05399306,0.9886907,False,-1,-1,0,0,0,-1
2026-08-21 13:39:15.486,19.91573,False,18.9247,1.111738,-8.61062,0.02709819,-0.07009953,0.001904961,0.9971701,-0.139699,-0.05431008,0.9887035,False,-1,-1,0,0,0,-1
2026-08-21 13:39:15.533,19.96195,False,18.92439,1.111578,-8.610748,0.02766724,-0.0707892,0.001964227,0.9971056,-0.1410599,-0.05545242,0.9884468,False,-1,-1,0,0,0,-1
2026-08-21 13:39:15.576,20.00411,False,18.92414,1.111356,-8.610756,0.02824343,-0.07126808,0.0020188,0.9970552,-0.1420024,-0.05660827,0.9882463,False,-1,-1,0,0,0,-1
2026-08-21 13:39:15.619,20.04793,False,18.92384,1.111224,-8.6106,0.02853671,-0.07186183,0.002056862,0.9970042,-0.1431757,-0.05719804,0.9880431,False,-1,-1,0,0,0,-1
2026-08-21 13:39:15.653,20.08158,False,18.92375,1.111072,-8.610531,0.02908224,-0.07201021,0.002100567,0.9969776,-0.143463,-0.05829121,0.9879375,False,-1,-1,0,0,0,-1
2026-08-21 13:39:15.686,20.11546,False,18.92383,1.110784,-8.610525,0.02968054,-0.07135704,0.002124274,0.9970069,-0.1421608,-0.05948658,0.9880545,False,-1,-1,0,0,0,-1
2026-08-21 13:39:15.730,20.15936,False,18.9241,1.110457,-8.610534,0.02979196,-0.07061671,0.002110021,0.9970563,-0.140692,-0.05970653,0.9882514,False,-1,-1,0,0,0,-1
2026-08-21 13:39:15.775,20.20396,False,18.92451,1.110075,-8.61063,0.03094073,-0.06970137,0.002162915,0.9970856,-0.1388626,-0.06200263,0.9883688,False,-1,-1,0,0,0,-1
2026-08-21 13:39:15.809,20.23873,False,18.92505,1.109781,-8.610555,0.03118379,-0.06774857,0.002118562,0.9972128,-0.1349873,-0.0624808,0.9888754,False,-1,-1,0,0,0,-1
2026-08-21 13:39:15.851,20.28104,False,18.9258,1.109594,-8.610176,0.02971406,-0.06437958,0.001917809,0.9974812,-0.1283209,-0.05952537,0.9899447,False,-1,-1,0,0,0,-1
2026-08-21 13:39:15.886,20.31488,False,18.92617,1.109655,-8.61002,0.02804135,-0.06237476,0.001753179,0.9976573,-0.1243589,-0.05617001,0.9906461,False,-1,-1,0,0,0,-1
2026-08-21 13:39:15.919,20.34864,False,18.9265,1.109496,-8.61021,0.02781622,-0.06085793,0.001696642,0.9977574,-0.1213485,-0.05571418,0.9910451,False,-1,-1,0,0,0,-1
2026-08-21 13:39:15.964,20.39269,False,18.92662,1.109379,-8.610525,0.02742743,-0.05963989,0.001639307,0.9978418,-0.1189324,-0.054932,0.9913816,False,-1,-1,0,0,0,-1
2026-08-21 13:39:16.009,20.43773,False,18.92658,1.109337,-8.611004,0.02662639,-0.05946582,0.001586734,0.9978739,-0.1185943,-0.05332826,0.9915097,False,-1,-1,0,0,0,-1
2026-08-21 13:39:16.051,20.48109,False,18.9267,1.109323,-8.611472,0.02541843,-0.05821398,0.001482704,0.9979794,-0.1161173,-0.05090677,0.9919301,False,-1,-1,0,0,0,-1
2026-08-21 13:39:16.084,20.51464,False,18.92683,1.10918,-8.61191,0.02564174,-0.05670786,0.001456914,0.9980605,-0.113121,-0.05134924,0.9922534,False,-1,-1,0,0,0,-1
2026-08-21 13:39:16.119,20.54886,False,18.92716,1.108687,-8.612494,0.02786936,-0.05406317,0.001509502,0.9981474,-0.1078419,-0.05579867,0.9926009,False,-1,-1,0,0,0,-1
2026-08-21 13:39:16.164,20.59292,False,18.9276,1.107738,-8.613728,0.03226186,-0.05129886,0.001658046,0.9981608,-0.102302,-0.06457516,0.9926552,False,-1,-1,0,0,0,-1
2026-08-21 13:39:16.207,20.63677,False,18.9276,1.107061,-8.614529,0.0341097,-0.05051366,0.001726218,0.9981393,-0.1007216,-0.06826685,0.9925698,False,-1,-1,0,0,0,-1
2026-08-21 13:39:16.252,20.6814,False,18.92699,1.106705,-8.615388,0.0355528,-0.05172918,0.001842754,0.9980264,-0.1031231,-0.07115591,0.9921202,False,-1,-1,0,0,0,-1
2026-08-21 13:39:16.285,20.71483,False,18.92616,1.106997,-8.615856,0.03496411,-0.05395741,0.001890488,0.9979292,-0.1075591,-0.06998742,0.9917322,False,-1,-1,0,0,0,-1
2026-08-21 13:39:16.330,20.75928,False,18.92513,1.107373,-8.616343,0.03293393,-0.05475686,0.001807054,0.9979548,-0.1091707,-0.06593104,0.9918341,False,-1,-1,0,0,0,-1
2026-08-21 13:39:16.373,20.80202,False,18.92508,1.107618,-8.616889,0.03185346,-0.05334626,0.001702555,0.9980664,-0.1063778,-0.06376539,0.9922791,False,-1,-1,0,0,0,-1
2026-08-21 13:39:16.408,20.83742,False,18.92411,1.107654,-8.616852,0.03162603,-0.05257912,0.001666011,0.9981145,-0.1048546,-0.06330799,0.9924704,False,-1,-1,0,0,0,-1
2026-08-21 13:39:16.452,20.8819,False,18.92372,1.107203,-8.617092,0.03371548,-0.05345279,0.001805799,0.9979994,-0.1065699,-0.0674891,0.9920121,False,-1,-1,0,0,0,-1
2026-08-21 13:39:16.497,20.92583,False,18.92319,1.106668,-8.617086,0.03499752,-0.05418423,0.001900275,0.9979157,-0.1080096,-0.07005507,0.9916785,False,-1,-1,0,0,0,-1
2026-08-21 13:39:16.541,20.97028,False,18.92152,1.106235,-8.616309,0.03383745,-0.05789019,0.001963279,0.9977474,-0.1153867,-0.06774977,0.9910075,False,-1,-1,0,0,0,-1
2026-08-21 13:39:16.586,21.01569,False,18.91975,1.105881,-8.615429,0.03151032,-0.06136754,0.001938332,0.9976159,-0.1223203,-0.0631083,0.9904823,False,-1,-1,0,0,0,-1
2026-08-21 13:39:16.630,21.05925,False,18.91795,1.1063,-8.613848,0.02690316,-0.0637752,0.001719882,0.9976001,-0.1271518,-0.05389656,0.9904179,False,-1,-1,0,0,0,-1
2026-08-21 13:39:16.675,21.10343,False,18.91783,1.10713,-8.612741,0.02488662,-0.06581075,0.001641878,0.9975204,-0.1312134,-0.04986592,0.9900992,False,-1,-1,0,0,0,-1
2026-08-21 13:39:16.708,21.13694,False,18.91953,1.106536,-8.613427,0.02931715,-0.06754325,0.001985569,0.9972836,-0.1346031,-0.05874323,0.9891568,False,-1,-1,0,0,0,-1
2026-08-21 13:39:16.753,21.18165,False,18.92165,1.10606,-8.614329,0.0339986,-0.07180362,0.002448971,0.9968362,-0.1429864,-0.06813376,0.9873767,False,-1,-1,0,0,0,-1
2026-08-21 13:39:16.797,21.22607,False,18.92094,1.107467,-8.612764,0.03120878,-0.07290978,0.002282621,0.9968475,-0.1452174,-0.06255364,0.9874204,False,-1,-1,0,0,0,-1
2026-08-21 13:39:16.842,21.27051,False,18.91998,1.109042,-8.611345,0.0276867,-0.07529125,0.002091311,0.996775,-0.1499811,-0.05550974,0.9871293,False,-1,-1,0,0,0,-1
2026-08-21 13:39:16.885,21.31487,False,18.91994,1.110306,-8.609932,0.02619651,-0.07231079,0.001899921,0.9970363,-0.1440934,-0.0525125,0.9881698,False,-1,-1,0,0,0,-1
2026-08-21 13:39:16.930,21.35946,False,18.91935,1.110406,-8.608598,0.02651264,-0.06941007,0.001845348,0.9972342,-0.1383383,-0.0531348,0.9889587,False,-1,-1,0,0,0,-1
2026-08-21 13:39:16.975,21.40359,False,18.91908,1.109654,-8.607798,0.03163733,-0.06870053,0.00217975,0.9971332,-0.1368692,-0.06339276,0.9885587,False,-1,-1,0,0,0,-1
2026-08-21 13:39:17.008,21.43701,False,18.9188,1.108654,-8.607367,0.03530462,-0.06880364,0.002436389,0.9970024,-0.1370227,-0.07073284,0.9880393,False,-1,-1,0,0,0,-1
2026-08-21 13:39:17.052,21.48138,False,18.91818,1.107302,-8.606565,0.04035588,-0.07111157,0.002879424,0.9966475,-0.1415139,-0.08085069,0.9866291,False,-1,-1,0,0,0,-1
2026-08-21 13:39:17.097,21.52569,False,18.91763,1.107107,-8.605848,0.04069763,-0.07564221,0.003089894,0.9962994,-0.1504731,-0.08156151,0.9852439,False,-1,-1,0,0,0,-1
2026-08-21 13:39:17.129,21.55945,False,18.91642,1.107101,-8.60548,0.03992647,-0.08258547,0.003311325,0.9957784,-0.1642092,-0.08006277,0.983171,False,-1,-1,0,0,0,-1
2026-08-21 13:39:17.164,21.5934,False,18.91514,1.107773,-8.605143,0.03771988,-0.0895525,0.003393991,0.9952618,-0.1780003,-0.07569019,0.9811151,False,-1,-1,0,0,0,-1
2026-08-21 13:39:17.208,21.63713,False,18.91455,1.107752,-8.604946,0.03869278,-0.09144588,0.003555891,0.9950517,-0.1817116,-0.07765298,0.9802811,False,-1,-1,0,0,0,-1
2026-08-21 13:39:17.254,21.6829,False,18.91558,1.106898,-8.605104,0.04535891,-0.08121166,0.00369974,0.9956574,-0.1613823,-0.09092478,0.9826944,False,-1,-1,0,0,0,-1
2026-08-21 13:39:17.297,21.72583,False,18.91621,1.106117,-8.605153,0.05123525,-0.07674562,0.003948961,0.9957256,-0.1524305,-0.1026386,0.9829701,False,-1,-1,0,0,0,-1
2026-08-21 13:39:17.330,21.75928,False,18.91597,1.106085,-8.605257,0.0526075,-0.08026504,0.004242161,0.9953753,-0.1593413,-0.1054094,0.98158,False,-1,-1,0,0,0,-1
2026-08-21 13:39:17.364,21.79262,False,18.91584,1.106083,-8.605569,0.05238674,-0.08240915,0.00433792,0.9952113,-0.1635745,-0.1049867,0.9809287,False,-1,-1,0,0,0,-1
2026-08-21 13:39:17.407,21.83701,False,18.9165,1.105777,-8.606309,0.05437369,-0.08212561,0.004487336,0.9951275,-0.1629629,-0.1089545,0.9805978,False,-1,-1,0,0,0,-1
2026-08-21 13:39:17.442,21.87063,False,18.91692,1.105651,-8.606635,0.05528241,-0.08112271,0.004506472,0.9951596,-0.1609619,-0.1107608,0.9807259,False,-1,-1,0,0,0,-1
2026-08-21 13:39:17.485,21.91466,False,18.91761,1.105501,-8.607126,0.05674813,-0.08086828,0.004611734,0.9950973,-0.1604202,-0.1136857,0.98048,False,-1,-1,0,0,0,-1
2026-08-21 13:39:17.532,21.96017,False,18.91782,1.105254,-8.607382,0.05678463,-0.08154498,0.004653584,0.9950398,-0.1617525,-0.1137649,0.9802518,False,-1,-1,0,0,0,-1
2026-08-21 13:39:17.574,22.00351,False,18.91826,1.104782,-8.607296,0.05744071,-0.08154696,0.004707644,0.9950018,-0.1617379,-0.115075,0.9801013,False,-1,-1,0,0,0,-1
2026-08-21 13:39:17.608,22.03765,False,18.91828,1.104452,-8.606984,0.0570953,-0.08239411,0.004728186,0.9949518,-0.1634164,-0.1143933,0.9799027,False,-1,-1,0,0,0,-1
2026-08-21 13:39:17.652,22.08105,False,18.91824,1.104106,-8.605805,0.05457375,-0.08254607,0.004527115,0.9950816,-0.163786,-0.1093581,0.9804157,False,-1,-1,0,0,0,-1
2026-08-21 13:39:17.685,22.11463,False,18.91783,1.103861,-8.604953,0.05171258,-0.08474831,0.004404356,0.9950498,-0.168202,-0.1036597,0.9802871,False,-1,-1,0,0,0,-1
2026-08-21 13:39:17.720,22.14845,False,18.91763,1.103469,-8.604085,0.04927338,-0.08383695,0.004150637,0.9952519,-0.1664687,-0.09877479,0.981087,False,-1,-1,0,0,0,-1
2026-08-21 13:39:17.763,22.19257,False,18.91699,1.102009,-8.60383,0.04800791,-0.07817899,0.003769132,0.9957756,-0.1553356,-0.09619954,0.9831666,False,-1,-1,0,0,0,-1
2026-08-21 13:39:17.808,22.23716,False,18.91542,1.102635,-8.60229,0.03902854,-0.0759756,0.002976106,0.9963411,-0.1511629,-0.0782237,0.985409,False,-1,-1,0,0,0,-1
2026-08-21 13:39:17.853,22.28152,False,18.91196,1.108879,-8.597506,0.01351391,-0.05937579,0.000803891,0.9981439,-0.1185094,-0.02707311,0.9925838,False,-1,-1,0,0,0,-1
2026-08-21 13:39:17.886,22.31497,False,18.90798,1.118143,-8.590968,-0.01725002,-0.04266354,-0.0007367274,0.9989403,-0.08521124,0.03452633,0.9957645,False,-1,-1,0,0,0,-1
2026-08-21 13:39:17.919,22.34853,False,18.9033,1.129247,-8.584826,-0.03816065,-0.03747055,-0.001431951,0.9985678,-0.07472449,0.0763193,0.9942794,False,-1,-1,0,0,0,-1
2026-08-21 13:39:17.963,22.39243,False,18.89753,1.145218,-8.579082,-0.06822915,-0.04931267,-0.003376566,0.9964445,-0.09781391,0.1363061,0.9858261,False,-1,-1,0,0,0,-1
2026-08-21 13:39:18.007,22.43663,False,18.89299,1.160083,-8.575313,-0.1009226,-0.07001126,-0.00711981,0.9924024,-0.1375216,0.2013085,0.9698261,False,-1,-1,0,0,0,-1
2026-08-21 13:39:18.041,22.47017,False,18.89058,1.166946,-8.57442,-0.1138661,-0.08595573,-0.00988909,0.9897214,-0.1678924,0.2270914,0.9592922,False,-1,-1,0,0,0,-1
2026-08-21 13:39:18.076,22.50467,False,18.88807,1.171638,-8.574445,-0.1231145,-0.0964665,-0.0120253,0.9876196,-0.1875834,0.2455006,0.9510741,False,-1,-1,0,0,0,-1
2026-08-21 13:39:18.119,22.54783,False,18.8865,1.172732,-8.574746,-0.1270603,-0.09825628,-0.01264974,0.9869353,-0.1907306,0.2532865,0.9484028,False,-1,-1,0,0,0,-1
2026-08-21 13:39:18.154,22.58292,False,18.88648,1.171058,-8.575187,-0.1245822,-0.09680659,-0.01221428,0.9873999,-0.1881302,0.2483898,0.9502155,False,-1,-1,0,0,0,-1
2026-08-21 13:39:18.196,22.62569,False,18.88735,1.166397,-8.576025,-0.1157885,-0.09217757,-0.0107926,0.9889287,-0.1798148,0.2310029,0.9561926,False,-1,-1,0,0,0,-1
2026-08-21 13:39:18.229,22.65943,False,18.88838,1.162774,-8.576339,-0.1095787,-0.08813094,-0.009754667,0.9900153,-0.1723641,0.2186885,0.9604509,False,-1,-1,0,0,0,-1
2026-08-21 13:39:18.274,22.70342,False,18.88981,1.159942,-8.576124,-0.1039215,-0.08487751,-0.008901446,0.9909172,-0.1663631,0.2074662,0.9639923,False,-1,-1,0,0,0,-1
2026-08-21 13:39:18.308,22.73686,False,18.89107,1.158855,-8.575712,-0.1011585,-0.08259425,-0.008427584,0.9914001,-0.1620628,0.2019691,0.9658903,False,-1,-1,0,0,0,-1
2026-08-21 13:39:18.341,22.77035,False,18.89338,1.158091,-8.574594,-0.1009007,-0.08219814,-0.008365287,0.9914598,-0.1613042,0.2014531,0.9661251,False,-1,-1,0,0,0,-1
2026-08-21 13:39:18.387,22.81529,False,18.89588,1.158627,-8.572632,-0.102283,-0.07973664,-0.008225451,0.9915204,-0.1564384,0.204143,0.9663605,False,-1,-1,0,0,0,-1
2026-08-21 13:39:18.430,22.85944,False,18.89761,1.160532,-8.570723,-0.1071687,-0.08257698,-0.008932155,0.9907655,-0.1617144,0.2138333,0.9633918,False,-1,-1,0,0,0,-1
2026-08-21 13:39:18.465,22.89384,False,18.89836,1.162655,-8.569048,-0.1119457,-0.08861886,-0.01002371,0.9897042,-0.1731687,0.2233629,0.9592297,False,-1,-1,0,0,0,-1
2026-08-21 13:39:18.508,22.93695,False,18.89833,1.166565,-8.566206,-0.1217817,-0.09688188,-0.01194482,0.9877451,-0.1884799,0.2428931,0.9515662,False,-1,-1,0,0,0,-1
2026-08-21 13:39:18.552,22.98189,False,18.89756,1.172133,-8.562386,-0.1353822,-0.09585258,-0.01316021,0.9860582,-0.1854691,0.2695123,0.9449679,False,-1,-1,0,0,0,-1
2026-08-21 13:39:18.597,23.02568,False,18.89691,1.1804,-8.557622,-0.1517706,-0.0942311,-0.01453692,0.9838063,-0.1809977,0.3013654,0.9361724,False,-1,-1,0,0,0,-1
2026-08-21 13:39:18.632,23.05987,False,18.89605,1.188713,-8.554219,-0.1682324,-0.09871964,-0.01693562,0.9806455,-0.1879197,0.3332964,0.9239046,False,-1,-1,0,0,0,-1
2026-08-21 13:39:18.674,23.10368,False,18.89372,1.20238,-8.551006,-0.1985069,-0.1095838,-0.02234075,0.9736977,-0.2045334,0.3914678,0.8971728,False,-1,-1,0,0,0,-1
2026-08-21 13:39:18.708,23.13715,False,18.89113,1.212558,-8.549649,-0.2203107,-0.112434,-0.02557368,0.9685906,-0.2065368,0.4325325,0.8776435,False,-1,-1,0,0,0,-1
2026-08-21 13:39:18.742,23.17066,False,18.88829,1.223294,-8.548981,-0.2411198,-0.1257856,-0.03153424,0.9617925,-0.2267521,0.4717476,0.8520784,False,-1,-1,0,0,0,-1
2026-08-21 13:39:18.786,23.21499,False,18.88334,1.236626,-8.548826,-0.2636562,-0.1473437,-0.04078864,0.952424,-0.259159,0.5142449,0.8175505,False,-1,-1,0,0,0,-1
2026-08-21 13:39:18.820,23.24917,False,18.8799,1.242843,-8.549253,-0.2723909,-0.156385,-0.04491882,0.9483297,-0.2721381,0.5306821,0.8026938,False,-1,-1,0,0,0,-1
2026-08-21 13:39:18.864,23.29279,False,18.87526,1.246586,-8.548762,-0.2743622,-0.1644575,-0.04768351,0.9462586,-0.2850736,0.5349191,0.7953582,False,-1,-1,0,0,0,-1
2026-08-21 13:39:18.899,23.32728,False,18.87325,1.243647,-8.547311,-0.2626939,-0.1664747,-0.04606788,0.9492923,-0.2918627,0.5140849,0.8065562,False,-1,-1,0,0,0,-1
2026-08-21 13:39:18.941,23.37076,False,18.87258,1.233155,-8.544683,-0.2361267,-0.1658913,-0.04094932,0.9565811,-0.2980384,0.4653349,0.8334486,False,-1,-1,0,0,0,-1
2026-08-21 13:39:18.986,23.41486,False,18.87406,1.214858,-8.543105,-0.1989907,-0.159824,-0.03291195,0.9663208,-0.2957842,0.395098,0.869718,False,-1,-1,0,0,0,-1
2026-08-21 13:39:19.020,23.44832,False,18.87614,1.198246,-8.543345,-0.1662115,-0.1456595,-0.02483217,0.9749566,-0.2757686,0.3313322,0.9023141,False,-1,-1,0,0,0,-1
2026-08-21 13:39:19.053,23.48177,False,18.87828,1.182012,-8.544147,-0.133157,-0.1281679,-0.01736834,0.9826192,-0.2472552,0.2661375,0.9316844,False,-1,-1,0,0,0,-1
2026-08-21 13:39:19.086,23.51566,False,18.88071,1.168019,-8.54487,-0.1048527,-0.1137521,-0.01207346,0.987887,-0.2222166,0.2099119,0.9521328,False,-1,-1,0,0,0,-1
2026-08-21 13:39:19.130,23.55943,False,18.88293,1.158203,-8.544772,-0.08331125,-0.1073802,-0.009030133,0.9906802,-0.2112541,0.1670089,0.9630575,False,-1,-1,0,0,0,-1
2026-08-21 13:39:19.163,23.59302,False,18.88387,1.156024,-8.544541,-0.07569276,-0.1078413,-0.008234874,0.9912483,-0.2125483,0.1518367,0.9652817,False,-1,-1,0,0,0,-1
2026-08-21 13:39:19.197,23.62651,False,18.88349,1.156398,-8.544325,-0.07717478,-0.1110369,-0.008649015,0.9907775,-0.2186908,0.1548468,0.9634297,False,-1,-1,0,0,0,-1
2026-08-21 13:39:19.231,23.65994,False,18.88263,1.158885,-8.54371,-0.08216643,-0.1115733,-0.009257277,0.9903103,-0.219463,0.1648062,0.9616002,False,-1,-1,0,0,0,-1
2026-08-21 13:39:19.275,23.70386,False,18.88247,1.160566,-8.542551,-0.08402353,-0.116487,-0.009890692,0.9895822,-0.2288849,0.1686006,0.9587416,False,-1,-1,0,0,0,-1
2026-08-21 13:39:19.319,23.74841,False,18.88259,1.159463,-8.542335,-0.07988603,-0.1183065,-0.009549273,0.9897124,-0.232653,0.1603879,0.9592436,False,-1,-1,0,0,0,-1
2026-08-21 13:39:19.362,23.79217,False,18.88358,1.154064,-8.543653,-0.06804415,-0.1137061,-0.007806111,0.9911509,-0.2243374,0.1366592,0.9648818,False,-1,-1,0,0,0,-1
2026-08-21 13:39:19.396,23.82595,False,18.88727,1.14654,-8.544901,-0.05257745,-0.1039377,-0.005502316,0.9931779,-0.2058786,0.1055813,0.9728652,False,-1,-1,0,0,0,-1
2026-08-21 13:39:19.442,23.87032,False,18.89698,1.13131,-8.545674,-0.01555227,-0.08946683,-0.001397187,0.9958674,-0.1781507,0.03122601,0.9835076,False,-1,-1,0,0,0,-1
2026-08-21 13:39:19.475,23.90379,False,18.90148,1.120446,-8.54956,0.01064466,-0.08257328,0.0008820274,0.9965278,-0.1645543,-0.02136107,0.9861367,False,-1,-1,0,0,0,-1
2026-08-21 13:39:19.519,23.94807,False,18.90549,1.109226,-8.557266,0.0333574,-0.08041737,0.002692749,0.9961994,-0.1600438,-0.06689432,0.9848407,False,-1,-1,0,0,0,-1
2026-08-21 13:39:19.563,23.99225,False,18.90738,1.101678,-8.566995,0.04891656,-0.07772497,0.003818202,0.9957668,-0.1544183,-0.09801251,0.983132,False,-1,-1,0,0,0,-1
2026-08-21 13:39:19.598,24.02677,False,18.9088,1.095312,-8.577485,0.05544225,-0.0720207,0.004009619,0.9958529,-0.1429995,-0.1110022,0.9834784,False,-1,-1,0,0,0,-1
2026-08-21 13:39:19.641,24.07048,False,18.91114,1.088054,-8.589725,0.05876664,-0.06154003,0.00362969,0.9963665,-0.1222062,-0.117553,0.9855186,False,-1,-1,0,0,0,-1
2026-08-21 13:39:19.676,24.10474,False,18.91128,1.094138,-8.583745,0.04673644,-0.07877356,0.003697162,0.9957895,-0.1565382,-0.09366179,0.9832209,False,-1,-1,0,0,0,-1
2026-08-21 13:39:19.718,24.14782,False,18.90893,1.09996,-8.583398,0.04377112,-0.09153166,0.004027258,0.9948316,-0.1817646,-0.08782702,0.9794121,False,-1,-1,0,0,0,-1
2026-08-21 13:39:19.753,24.1819,False,18.91028,1.09901,-8.584823,0.04110352,-0.09349938,0.003863385,0.994763,-0.1857018,-0.08249895,0.9791368,False,-1,-1,0,0,0,-1
2026-08-21 13:39:19.797,24.22577,False,18.91118,1.097365,-8.586564,0.04826805,-0.09165768,0.004448112,0.9946101,-0.1818979,-0.09683118,0.9785382,False,-1,-1,0,0,0,-1
2026-08-21 13:39:19.830,24.25939,False,18.91168,1.096669,-8.587443,0.05319612,-0.09054287,0.004843366,0.994459,-0.179567,-0.1066798,0.9779443,False,-1,-1,0,0,0,-1
2026-08-21 13:39:19.875,24.3041,False,18.91186,1.09618,-8.587478,0.05405917,-0.0901922,0.004902956,0.9944441,-0.1788521,-0.108402,0.977886,False,-1,-1,0,0,0,-1
2026-08-21 13:39:19.920,24.34898,False,18.91044,1.097646,-8.585582,0.04588671,-0.08148099,0.003755377,0.995611,-0.1619021,-0.09198261,0.9825105,False,-1,-1,0,0,0,-1
2026-08-21 13:39:19.963,24.39238,False,18.90823,1.106077,-8.578465,0.01630966,-0.05544919,0.0009058721,0.9983279,-0.1106834,-0.03266523,0.9933187,False,-1,-1,0,0,0,-1
2026-08-21 13:39:19.997,24.42574,False,18.90505,1.119639,-8.568396,-0.01305357,-0.04357171,-0.0005693556,0.9989648,-0.08703835,0.02612972,0.9958622,False,-1,-1,0,0,0,-1
2026-08-21 13:39:20.030,24.45907,False,18.90192,1.134634,-8.557983,-0.04835913,-0.06699647,-0.003251025,0.9965753,-0.1332196,0.09682264,0.9863457,False,-1,-1,0,0,0,-1
2026-08-21 13:39:20.063,24.49289,False,18.89766,1.151736,-8.546824,-0.08386032,-0.1067763,-0.009038364,0.9906991,-0.2100505,0.1680908,0.9631325,False,-1,-1,0,0,0,-1
2026-08-21 13:39:20.107,24.53668,False,18.89033,1.16846,-8.538991,-0.09958358,-0.1406292,-0.0142185,0.9849388,-0.2741904,0.2001665,0.9406131,False,-1,-1,0,0,0,-1
2026-08-21 13:39:20.141,24.57004,False,18.88437,1.172143,-8.535294,-0.1038572,-0.1520613,-0.01606957,0.9827679,-0.295544,0.2090222,0.9321821,False,-1,-1,0,0,0,-1
2026-08-21 13:39:20.176,24.60477,False,18.87935,1.170193,-8.532294,-0.1057668,-0.1573475,-0.01695208,0.9817168,-0.3053554,0.2130008,0.9281103,False,-1,-1,0,0,0,-1
2026-08-21 13:39:20.219,24.64794,False,18.87514,1.164293,-8.530007,-0.09724845,-0.160449,-0.01588759,0.9821132,-0.3120681,0.1961163,0.9295977,False,-1,-1,0,0,0,-1
2026-08-21 13:39:20.253,24.68153,False,18.8724,1.158239,-8.528302,-0.08917136,-0.1619349,-0.01469485,0.9826544,-0.3156314,0.1800085,0.9316511,False,-1,-1,0,0,0,-1
2026-08-21 13:39:20.297,24.72578,False,18.86788,1.150856,-8.525804,-0.07811454,-0.162884,-0.01293755,0.983463,-0.3183595,0.1578601,0.9347339,False,-1,-1,0,0,0,-1
2026-08-21 13:39:20.330,24.75936,False,18.86353,1.145445,-8.523159,-0.06918952,-0.1660318,-0.01167895,0.9836208,-0.3250085,0.1399907,0.9352925,False,-1,-1,0,0,0,-1
2026-08-21 13:39:20.375,24.80364,False,18.85613,1.139859,-8.519152,-0.05951656,-0.1668395,-0.01008979,0.9841344,-0.3271838,0.1205113,0.9372448,False,-1,-1,0,0,0,-1
2026-08-21 13:39:20.419,24.84814,False,18.84691,1.134618,-8.513269,-0.04625206,-0.1758966,-0.008273866,0.9832867,-0.3451483,0.09386875,0.9338422,False,-1,-1,0,0,0,-1
2026-08-21 13:39:20.453,24.88185,False,18.84049,1.131996,-8.508863,-0.03807034,-0.1888666,-0.007327707,0.9812372,-0.370088,0.07747999,0.9257601,False,-1,-1,0,0,0,-1
2026-08-21 13:39:20.496,24.92577,False,18.83031,1.128217,-8.503453,-0.02405423,-0.2124926,-0.005232464,0.9768526,-0.4148962,0.04921858,0.9085366,False,-1,-1,0,0,0,-1
2026-08-21 13:39:20.530,24.95931,False,18.82153,1.12745,-8.496917,-0.01584894,-0.2310396,-0.003764086,0.972808,-0.449395,0.03257526,0.8927391,False,-1,-1,0,0,0,-1
2026-08-21 13:39:20.574,25.00363,False,18.80973,1.126825,-8.488853,-0.001254312,-0.2520303,-0.0003266699,0.9677185,-0.4877878,0.002592303,0.8729584,False,-1,-1,0,0,0,-1
2026-08-21 13:39:20.609,25.03808,False,18.79953,1.126674,-8.48141,0.01306978,-0.2626122,0.003557484,0.9648064,-0.5066468,-0.02708809,0.8617281,False,-1,-1,0,0,0,-1
2026-08-21 13:39:20.651,25.08129,False,18.78666,1.125745,-8.470742,0.03434399,-0.273874,0.009786599,0.9611024,-0.5257696,-0.07137677,0.8476271,False,-1,-1,0,0,0,-1
2026-08-21 13:39:20.686,25.11577,False,18.77442,1.124548,-8.458381,0.05737631,-0.2762556,0.01652426,0.9592277,-0.5280877,-0.1192037,0.8407817,False,-1,-1,0,0,0,-1
2026-08-21 13:39:20.730,25.15914,False,18.76566,1.130334,-8.442154,0.07671649,-0.2977726,0.02401488,0.9512463,-0.5628254,-0.1602545,0.8108921,False,-1,-1,0,0,0,-1
2026-08-21 13:39:20.775,25.20411,False,18.75348,1.13295,-8.430685,0.07227837,-0.270319,0.02035574,0.9598381,-0.5159824,-0.1497562,0.843407,False,-1,-1,0,0,0,-1
2026-08-21 13:39:20.818,25.24795,False,18.741,1.135257,-8.421814,0.08279404,-0.231864,0.01981078,0.9690159,-0.4460793,-0.1696443,0.8787684,False,-1,-1,0,0,0,-1
2026-08-21 13:39:20.853,25.28189,False,18.73552,1.136528,-8.415224,0.1032262,-0.2219004,0.02363138,0.9693019,-0.4252983,-0.2106023,0.8802091,False,-1,-1,0,0,0,-1
2026-08-21 13:39:20.897,25.32582,False,18.72908,1.135651,-8.407694,0.1379488,-0.2066075,0.02943728,0.9682029,-0.3919543,-0.2792888,0.8765669,False,-1,-1,0,0,0,-1
2026-08-21 13:39:20.930,25.35931,False,18.72465,1.13547,-8.404399,0.1575332,-0.1831284,0.02974321,0.9699292,-0.345872,-0.3164859,0.8832945,False,-1,-1,0,0,0,-1
2026-08-21 13:39:20.974,25.40359,False,18.71862,1.135283,-8.401955,0.1813699,-0.141526,0.02638571,0.9728202,-0.2657875,-0.3603491,0.8941507,False,-1,-1,0,0,0,-1
2026-08-21 13:39:21.019,25.44798,False,18.713,1.136008,-8.400342,0.2119717,-0.100674,0.02195865,0.9718285,-0.1863665,-0.4164215,0.8898655,False,-1,-1,0,0,0,-1
2026-08-21 13:39:21.053,25.48137,False,18.709,1.135967,-8.399604,0.2403608,-0.07056464,0.01752245,0.9679568,-0.1281836,-0.4677906,0.8744947,False,-1,-1,0,0,0,-1
2026-08-21 13:39:21.097,25.52614,False,18.70449,1.135558,-8.40147,0.2787553,-0.02351943,0.006828985,0.9600499,-0.04135242,-0.5355592,0.8434846,False,-1,-1,0,0,0,-1
2026-08-21 13:39:21.140,25.57013,False,18.70149,1.135638,-8.403811,0.3052914,0.03395933,-0.0108949,0.951591,0.05797854,-0.5817649,0.8112879,False,-1,-1,0,0,0,-1
2026-08-21 13:39:21.186,25.61527,False,18.69983,1.134105,-8.408243,0.3331714,0.09169675,-0.03257594,0.9378312,0.1502854,-0.6308913,0.7611771,False,-1,-1,0,0,0,-1
2026-08-21 13:39:21.230,25.65944,False,18.69991,1.132681,-8.411235,0.3644617,0.1373975,-0.05446524,0.9194146,0.2129496,-0.6851496,0.6965792,False,-1,-1,0,0,0,-1
2026-08-21 13:39:21.275,25.70422,False,18.70111,1.130768,-8.411443,0.3809113,0.1626414,-0.06825671,0.9076318,0.2432375,-0.7136572,0.6569087,False,-1,-1,0,0,0,-1
2026-08-21 13:39:21.318,25.74793,False,18.70416,1.129655,-8.409332,0.3995939,0.1621311,-0.07203633,0.8993603,0.2340581,-0.7421165,0.6280764,False,-1,-1,0,0,0,-1
2026-08-21 13:39:21.352,25.7816,False,18.70733,1.127738,-8.406855,0.4076579,0.1452127,-0.06583986,0.899107,0.2074431,-0.7521778,0.6254566,False,-1,-1,0,0,0,-1
2026-08-21 13:39:21.397,25.82593,False,18.71287,1.123775,-8.40225,0.4161693,0.094045,-0.04332503,0.9033724,0.1338542,-0.7600605,0.6359174,False,-1,-1,0,0,0,-1
2026-08-21 13:39:21.441,25.87025,False,18.72108,1.118878,-8.396392,0.4074626,0.02253865,-0.01006,0.9128883,0.0329524,-0.7443892,0.6669325,False,-1,-1,0,0,0,-1
2026-08-21 13:39:21.476,25.90397,False,18.72793,1.114001,-8.393205,0.3933937,-0.03728907,0.01597135,0.9184747,-0.05593207,-0.7238354,0.6877019,False,-1,-1,0,0,0,-1
2026-08-21 13:39:21.519,25.94872,False,18.73855,1.107364,-8.392402,0.3643461,-0.1031055,0.04062752,0.9246463,-0.1610673,-0.6821602,0.7132425,False,-1,-1,0,0,0,-1
2026-08-21 13:39:21.563,25.99258,False,18.7499,1.103349,-8.39606,0.3348044,-0.1604021,0.05794958,0.9267249,-0.2584937,-0.6391336,0.7243544,False,-1,-1,0,0,0,-1
2026-08-21 13:39:21.596,26.02617,False,18.75654,1.102322,-8.400038,0.3172107,-0.1799501,0.06143827,0.9290967,-0.2954043,-0.6115505,0.7339907,False,-1,-1,0,0,0,-1
2026-08-21 13:39:21.632,26.06009,False,18.76629,1.100465,-8.406978,0.2857306,-0.1908773,0.05818764,0.9373037,-0.324568,-0.557846,0.7638478,False,-1,-1,0,0,0,-1
2026-08-21 13:39:21.675,26.10373,False,18.78123,1.095185,-8.418764,0.2573241,-0.2021612,0.055146,0.9433314,-0.3530293,-0.5077806,0.7858303,False,-1,-1,0,0,0,-1
2026-08-21 13:39:21.709,26.13803,False,18.7913,1.090692,-8.427038,0.2392728,-0.2020545,0.05098046,0.9483267,-0.3588308,-0.4744192,0.803845,False,-1,-1,0,0,0,-1
2026-08-21 13:39:21.752,26.18135,False,18.80557,1.082917,-8.438899,0.2096447,-0.2017488,0.04425549,0.9557133,-0.3670721,-0.4185775,0.8306931,False,-1,-1,0,0,0,-1
2026-08-21 13:39:21.785,26.21505,False,18.81389,1.079093,-8.445096,0.1911121,-0.1996204,0.03972976,0.960234,-0.3681788,-0.3828864,0.8472558,False,-1,-1,0,0,0,-1
2026-08-21 13:39:21.819,26.24841,False,18.82091,1.07637,-8.450289,0.1777072,-0.1951849,0.03598626,0.963861,-0.3634721,-0.3566179,0.8606461,False,-1,-1,0,0,0,-1
2026-08-21 13:39:21.863,26.29262,False,18.82562,1.076676,-8.457482,0.2427402,-0.1497309,0.03795046,0.9577148,-0.2683749,-0.4763165,0.8373157,False,-1,-1,0,0,0,-1
2026-08-21 13:39:21.897,26.3261,False,18.82734,1.076986,-8.462536,0.2358453,-0.1364443,0.03346542,0.9615821,-0.2466194,-0.4627016,0.8515199,False,-1,-1,0,0,0,-1
2026-08-21 13:39:21.930,26.3596,False,18.82944,1.076213,-8.462951,0.2316025,-0.1405501,0.03383727,0.9620088,-0.2547472,-0.455119,0.8532119,False,-1,-1,0,0,0,-1
2026-08-21 13:39:21.964,26.39297,False,18.83076,1.07658,-8.463296,0.2263831,-0.1378815,0.03239026,0.9636858,-0.2510836,-0.4452564,0.8594788,False,-1,-1,0,0,0,-1
2026-08-21 13:39:22.007,26.43693,False,18.83245,1.075752,-8.463365,0.2100969,-0.1443621,0.03138278,0.9664544,-0.2658519,-0.415159,0.8700378,False,-1,-1,0,0,0,-1
2026-08-21 13:39:22.053,26.48169,False,18.83282,1.077256,-8.466035,0.2137957,-0.1373109,0.03036764,0.9667031,-0.2524929,-0.4216936,0.8708742,False,-1,-1,0,0,0,-1
2026-08-21 13:39:22.097,26.52619,False,18.83185,1.078832,-8.469778,0.2217583,-0.1234979,0.02832614,0.9668346,-0.226241,-0.4358037,0.871143,False,-1,-1,0,0,0,-1
2026-08-21 13:39:22.141,26.57028,False,18.83262,1.078437,-8.470973,0.2115483,-0.1256985,0.02744592,0.9688622,-0.2319568,-0.4168221,0.8788944,False,-1,-1,0,0,0,-1
2026-08-21 13:39:22.175,26.6041,False,18.83278,1.077145,-8.470766,0.2029242,-0.1313656,0.02748304,0.9699534,-0.2436831,-0.4008747,0.8831297,False,-1,-1,0,0,0,-1
2026-08-21 13:39:22.209,26.638,False,18.83199,1.077359,-8.468779,0.2151098,-0.1289106,0.02865787,0.9676201,-0.2371438,-0.4236777,0.8742197,False,-1,-1,0,0,0,-1
2026-08-21 13:39:22.252,26.68124,False,18.83174,1.075005,-8.466457,0.2055206,-0.138895,0.02948038,0.9682977,-0.2568657,-0.4061995,0.8769389,False,-1,-1,0,0,0,-1
2026-08-21 13:39:22.285,26.71477,False,18.83222,1.073943,-8.464873,0.2051152,-0.1395145,0.02955363,0.9682924,-0.2580579,-0.4054693,0.8769269,False,-1,-1,0,0,0,-1
2026-08-21 13:39:22.319,26.74825,False,18.83369,1.07154,-8.465632,0.2064335,-0.1420545,0.03030613,0.9676194,-0.2623969,-0.4081084,0.8744115,False,-1,-1,0,0,0,-1
2026-08-21 13:39:22.355,26.78468,False,18.83671,1.069172,-8.468033,0.2125875,-0.1378905,0.03031767,0.9668886,-0.2537592,-0.419458,0.8715855,False,-1,-1,0,0,0,-1
2026-08-21 13:39:22.397,26.82591,False,18.84226,1.066061,-8.472941,0.2189358,-0.1240162,0.02806601,0.967419,-0.227662,-0.4305665,0.8733742,False,-1,-1,0,0,0,-1
2026-08-21 13:39:22.430,26.85957,False,18.84803,1.063096,-8.478026,0.2253631,-0.1096892,0.02554385,0.9677434,-0.2007886,-0.4417911,0.8743595,False,-1,-1,0,0,0,-1
2026-08-21 13:39:22.474,26.90347,False,18.85776,1.058978,-8.484365,0.2331013,-0.08512287,0.02048755,0.9685031,-0.1553322,-0.4550065,0.8768358,False,-1,-1,0,0,0,-1
2026-08-21 13:39:22.508,26.93709,False,18.86605,1.054946,-8.490099,0.2434299,-0.06117602,0.01538652,0.967865,-0.1109292,-0.4730971,0.8739988,False,-1,-1,0,0,0,-1
2026-08-21 13:39:22.552,26.98181,False,18.87645,1.047944,-8.497753,0.2586615,-0.04442269,0.01190877,0.9648725,-0.0795638,-0.5002089,0.8622417,False,-1,-1,0,0,0,-1
2026-08-21 13:39:22.586,27.01516,False,18.88523,1.042547,-8.50411,0.2699854,-0.02829505,0.007937577,0.9624159,-0.05017716,-0.5201256,0.8526146,False,-1,-1,0,0,0,-1
2026-08-21 13:39:22.630,27.05941,False,18.89674,1.03506,-8.512444,0.2879536,-0.008133671,0.002445806,0.9576067,-0.01416916,-0.5515325,0.8340331,False,-1,-1,0,0,0,-1
2026-08-21 13:39:22.664,27.0928,False,18.89906,1.034979,-8.514737,0.2936697,-0.003367475,0.001034548,0.9559005,-0.00583031,-0.5614449,0.8274936,False,-1,-1,0,0,0,-1
2026-08-21 13:39:22.708,27.13686,False,18.89999,1.034869,-8.517434,0.3002249,0.01976616,-0.006222761,0.9536433,0.03396328,-0.572861,0.8189486,False,-1,-1,0,0,0,-1
2026-08-21 13:39:22.740,27.17053,False,18.90229,1.03133,-8.520873,0.3168382,0.03134311,-0.01047648,0.9479037,0.05278179,-0.601321,0.7972623,False,-1,-1,0,0,0,-1
2026-08-21 13:39:22.785,27.21511,False,18.90945,1.025464,-8.519269,0.3524091,0.03461274,-0.01304422,0.9351148,0.05553997,-0.6599888,0.7492197,False,-1,-1,0,0,0,-1
2026-08-21 13:39:22.830,27.25939,False,18.92151,1.021044,-8.513321,0.3934101,0.0185833,-0.007954013,0.9191409,0.02790296,-0.7234942,0.6897663,False,-1,-1,0,0,0,-1
2026-08-21 13:39:22.864,27.29397,False,18.92952,1.016682,-8.503975,0.4360859,-0.001732723,0.000839664,0.899903,-0.002386235,-0.7848729,0.6196523,False,-1,-1,0,0,0,-1
2026-08-21 13:39:22.909,27.33758,False,18.93846,1.012457,-8.492449,0.4864207,-0.00738289,0.0041104,0.8736839,-0.008901857,-0.8500165,0.5266809,False,-1,-1,0,0,0,-1
2026-08-21 13:39:22.952,27.38144,False,18.94869,1.00898,-8.476958,0.5487345,-0.03932192,0.02585125,0.8346712,-0.03727078,-0.9180588,0.3946884,False,-1,-1,0,0,0,-1
2026-08-21 13:39:22.986,27.41524,False,18.95606,1.006463,-8.463498,0.5890189,-0.04840202,0.03537656,0.8058924,-0.03633871,-0.9527962,0.3014281,False,-1,-1,0,0,0,-1
2026-08-21 13:39:23.030,27.45928,False,18.9634,1.000518,-8.448086,0.6136042,-0.0945581,0.0743483,0.7803979,-0.056345,-0.9717715,0.229097,False,-1,-1,0,0,0,-1
2026-08-21 13:39:23.074,27.5034,False,18.96695,0.9946268,-8.437638,0.6176794,-0.1732696,0.1419708,0.7538528,-0.08585475,-0.9804772,0.1768996,False,-1,-1,0,0,0,-1
2026-08-21 13:39:23.108,27.53692,False,18.9683,0.9899674,-8.432914,0.6104289,-0.2061866,0.168735,0.745917,-0.1015948,-0.9802403,0.1697272,False,-1,-1,0,0,0,-1
2026-08-21 13:39:23.152,27.58132,False,18.96691,0.9870682,-8.432117,0.6022831,-0.1934101,0.1534456,0.7591457,-0.1088174,-0.973797,0.1996955,False,-1,-1,0,0,0,-1
2026-08-21 13:39:23.185,27.61488,False,18.96452,0.9878753,-8.432367,0.6047507,-0.1874215,0.1492289,0.7595265,-0.1042106,-0.9745858,0.1982994,False,-1,-1,0,0,0,-1
2026-08-21 13:39:23.230,27.65932,False,18.96371,0.9911737,-8.43398,0.6135684,-0.1797337,0.1460821,0.7549104,-0.09210292,-0.9788901,0.1824594,False,-1,-1,0,0,0,-1
2026-08-21 13:39:23.275,27.70329,False,18.96527,0.9940234,-8.438794,0.6221237,-0.121294,0.09835922,0.7671866,-0.06372708,-0.9784307,0.1964997,False,-1,-1,0,0,0,-1
2026-08-21 13:39:23.308,27.73698,False,18.96507,0.9949418,-8.4409,0.6182218,-0.07776981,0.06166246,0.7797125,-0.04503402,-0.9736613,0.2235075,False,-1,-1,0,0,0,-1
2026-08-21 13:39:23.342,27.77054,False,18.96537,0.9962318,-8.443336,0.6106119,-0.0350832,0.02709312,0.7906885,-0.022393,-0.9675086,0.2518446,False,-1,-1,0,0,0,-1
2026-08-21 13:39:23.386,27.81495,False,18.96358,0.9974275,-8.448513,0.5972191,-0.004361513,0.003247612,0.8020597,-0.003117315,-0.9580391,0.2866206,False,-1,-1,0,0,0,-1
2026-08-21 13:39:23.419,27.84834,False,18.96362,0.9989624,-8.455299,0.5862662,-0.03047865,0.02208062,0.8092438,-0.02343908,-0.9502105,0.3107261,False,-1,-1,0,0,0,-1
2026-08-21 13:39:23.454,27.88297,False,18.96404,1.001328,-8.463335,0.5736094,-0.03613924,0.02534396,0.8179388,-0.03004431,-0.9401866,0.3393324,False,-1,-1,0,0,0,-1
2026-08-21 13:39:23.496,27.92585,False,18.96511,1.006249,-8.47439,0.5656842,-0.0618928,0.04263542,0.8211899,-0.05341513,-0.934346,0.3523414,False,-1,-1,0,0,0,-1
2026-08-21 13:39:23.531,27.9598,False,18.96612,1.009833,-8.483551,0.5506667,-0.08059708,0.05353057,0.8290988,-0.07469086,-0.921743,0.3805405,False,-1,-1,0,0,0,-1
2026-08-21 13:39:23.575,28.00368,False,18.9652,1.011964,-8.495864,0.5229283,-0.08373308,0.05171565,0.8466761,-0.08770243,-0.8941623,0.4390695,False,-1,-1,0,0,0,-1
2026-08-21 13:39:23.609,28.03776,False,18.96383,1.012508,-8.500652,0.5137974,-0.07367827,0.04434878,0.8535906,-0.08020958,-0.8836803,0.4611675,False,-1,-1,0,0,0,-1
2026-08-21 13:39:23.652,28.08179,False,18.96283,1.01302,-8.506939,0.4934886,-0.05340238,0.03037585,0.8675797,-0.06268137,-0.8595256,0.5072343,False,-1,-1,0,0,0,-1
2026-08-21 13:39:23.686,28.11528,False,18.96289,1.01375,-8.511024,0.4709293,-0.04976334,0.02661969,0.8803639,-0.06254772,-0.8318277,0.5514984,False,-1,-1,0,0,0,-1
2026-08-21 13:39:23.730,28.15965,False,18.96341,1.015273,-8.517825,0.4407319,-0.03616333,0.01777376,0.8967339,-0.04919086,-0.791724,0.6088952,False,-1,-1,0,0,0,-1
2026-08-21 13:39:23.764,28.19312,False,18.96503,1.016683,-8.525707,0.4244857,-0.04053932,0.01902892,0.9043265,-0.05716655,-0.7692901,0.636337,False,-1,-1,0,0,0,-1
2026-08-21 13:39:23.808,28.23716,False,18.96129,1.015802,-8.530039,0.4048956,0.0173529,-0.007685816,0.914166,0.02550295,-0.7405503,0.6715169,False,-1,-1,0,0,0,-1
2026-08-21 13:39:23.843,28.2713,False,18.96027,1.015166,-8.532531,0.3772058,0.02708299,-0.01103621,0.9256676,0.04181384,-0.6989322,0.7139646,False,-1,-1,0,0,0,-1
2026-08-21 13:39:23.877,28.30499,False,18.96321,1.014154,-8.533516,0.3537608,0.01933524,-0.007314722,0.9351074,0.03098573,-0.6618916,0.7489588,False,-1,-1,0,0,0,-1
2026-08-21 13:39:23.921,28.35029,False,18.96607,1.01529,-8.533159,0.330637,0.0278716,-0.009769346,0.9432958,0.0461221,-0.6243216,0.7798046,False,-1,-1,0,0,0,-1
2026-08-21 13:39:23.962,28.39266,False,18.97047,1.01818,-8.532815,0.329528,0.02809091,-0.009809227,0.9436769,0.04655264,-0.6224869,0.7812444,False,-1,-1,0,0,0,-1
2026-08-21 13:39:23.997,28.42618,False,18.97474,1.019341,-8.534586,0.3282637,0.02256121,-0.007843005,0.9442841,0.03745923,-0.6203023,0.7834679,False,-1,-1,0,0,0,-1
2026-08-21 13:39:24.030,28.45973,False,18.97734,1.021573,-8.537728,0.3329437,0.01305215,-0.004609062,0.9428451,0.0215432,-0.627949,0.7779562,False,-1,-1,0,0,0,-1
2026-08-21 13:39:24.064,28.49316,False,18.9808,1.022985,-8.539655,0.3304619,0.008880072,-0.003109358,0.9437724,0.01470648,-0.623817,0.7814321,False,-1,-1,0,0,0,-1
2026-08-21 13:39:24.108,28.5374,False,18.98341,1.023787,-8.54462,0.3248966,0.006515332,-0.002238293,0.9457245,0.01086899,-0.6145544,0.7887996,False,-1,-1,0,0,0,-1
2026-08-21 13:39:24.151,28.58155,False,18.98823,1.025585,-8.547557,0.3144179,0.01045716,-0.003463806,0.9492208,0.01767413,-0.5969765,0.8020641,False,-1,-1,0,0,0,-1
2026-08-21 13:39:24.185,28.61507,False,18.99099,1.027501,-8.550878,0.3038382,0.005008404,-0.001597281,0.9527091,0.008572474,-0.5789549,0.8153145,False,-1,-1,0,0,0,-1
2026-08-21 13:39:24.220,28.64871,False,18.99351,1.029205,-8.552855,0.2969919,0.004877254,-0.001516972,0.9548663,0.008413196,-0.56719,0.823544,False,-1,-1,0,0,0,-1
2026-08-21 13:39:24.253,28.68213,False,18.99539,1.030307,-8.554592,0.291732,0.008164196,-0.002490174,0.956462,0.01416456,-0.5581018,0.8296516,False,-1,-1,0,0,0,-1
2026-08-21 13:39:24.298,28.72656,False,18.99707,1.031055,-8.556665,0.2869863,0.007363167,-0.002205991,0.9579039,0.01284023,-0.549843,0.8351694,False,-1,-1,0,0,0,-1
2026-08-21 13:39:24.330,28.75991,False,18.99774,1.031285,-8.557216,0.2840312,0.007088164,-0.0020998,0.9587865,0.01239926,-0.5446804,0.8385521,False,-1,-1,0,0,0,-1
2026-08-21 13:39:24.364,28.79366,False,18.99755,1.031123,-8.557836,0.283139,0.002829182,-0.000835234,0.9590744,0.004953817,-0.5431073,0.8396487,False,-1,-1,0,0,0,-1
2026-08-21 13:39:24.409,28.83768,False,18.99693,1.031476,-8.558118,0.2849873,0.0001346997,-4.004844E-05,0.9585313,0.0002354011,-0.5463383,0.8375645,False,-1,-1,0,0,0,-1
2026-08-21 13:39:24.442,28.87107,False,18.99671,1.032342,-8.557133,0.2831432,0.002507137,-0.000740171,0.9590741,0.004389912,-0.5431143,0.8396473,False,-1,-1,0,0,0,-1
2026-08-21 13:39:24.487,28.91564,False,18.99627,1.031945,-8.555983,0.2832422,0.01016749,-0.003003018,0.9589898,0.01779988,-0.5433139,0.839341,False,-1,-1,0,0,0,-1
2026-08-21 13:39:24.531,28.95984,False,18.99531,1.030721,-8.555149,0.2847438,0.01196014,-0.003552943,0.9585225,0.02090476,-0.5459517,0.8375558,False,-1,-1,0,0,0,-1
2026-08-21 13:39:24.565,28.9943,False,18.99412,1.030226,-8.554705,0.288399,0.01375105,-0.004142237,0.9574026,0.02394135,-0.5523419,0.8332738,False,-1,-1,0,0,0,-1
2026-08-21 13:39:24.610,29.03759,False,18.99338,1.030425,-8.553148,0.2929449,0.01374203,-0.004210845,0.9560213,0.02380826,-0.5602388,0.8279889,False,-1,-1,0,0,0,-1
2026-08-21 13:39:24.642,29.07113,False,18.99239,1.030816,-8.552408,0.2947211,0.01226196,-0.003782176,0.9554972,0.02120316,-0.5633031,0.8259782,False,-1,-1,0,0,0,-1
2026-08-21 13:39:24.687,29.11569,False,18.99085,1.030234,-8.551178,0.2954722,0.01030413,-0.003187077,0.9552904,0.01780348,-0.5645893,0.8251799,False,-1,-1,0,0,0,-1
2026-08-21 13:39:24.720,29.14908,False,18.99088,1.029419,-8.550886,0.2968131,0.01128458,-0.003507741,0.9548625,0.01946815,-0.5669106,0.8235493,False,-1,-1,0,0,0,-1
2026-08-21 13:39:24.764,29.19307,False,18.99062,1.028475,-8.550129,0.298612,0.01554743,-0.004865307,0.9542356,0.02676614,-0.5700437,0.8211783,False,-1,-1,0,0,0,-1
2026-08-21 13:39:24.797,29.22704,False,18.99001,1.027171,-8.54973,0.2991503,0.0181965,-0.005705869,0.9540154,0.03130565,-0.5709957,0.820356,False,-1,-1,0,0,0,-1
2026-08-21 13:39:24.842,29.27098,False,18.98755,1.025087,-8.549687,0.298947,0.02137411,-0.006697777,0.9540069,0.03677753,-0.5706812,0.8203477,False,-1,-1,0,0,0,-1
2026-08-21 13:39:24.886,29.31619,False,18.98701,1.023644,-8.54925,0.2915032,0.02618107,-0.007981634,0.9561782,0.04541419,-0.5578759,0.8286809,False,-1,-1,0,0,0,-1
2026-08-21 13:39:24.931,29.3597,False,18.98533,1.023861,-8.550189,0.2889715,0.02866584,-0.008656994,0.9568693,0.04985568,-0.5535123,0.8313475,False,-1,-1,0,0,0,-1
2026-08-21 13:39:24.975,29.4041,False,18.98343,1.023112,-8.549892,0.2870596,0.03199087,-0.0095926,0.9573303,0.05574437,-0.5502355,0.8331468,False,-1,-1,0,0,0,-1
2026-08-21 13:39:25.020,29.44859,False,18.98282,1.023204,-8.551386,0.2918361,0.02554131,-0.007796165,0.9560955,0.04428945,-0.5584447,0.8283586,False,-1,-1,0,0,0,-1
2026-08-21 13:39:25.055,29.48386,False,18.98288,1.023517,-8.551928,0.2961268,0.02071184,-0.006422993,0.9549025,0.03575153,-0.5658105,0.8237599,False,-1,-1,0,0,0,-1
2026-08-21 13:39:25.097,29.52634,False,18.9826,1.023498,-8.552172,0.301537,0.01502095,-0.004751135,0.9533243,0.02577439,-0.5750678,0.8176996,False,-1,-1,0,0,0,-1
2026-08-21 13:39:25.141,29.57027,False,18.98333,1.024115,-8.552575,0.3055268,0.005143013,-0.001650263,0.9521682,0.008785628,-0.5818427,0.8132539,False,-1,-1,0,0,0,-1
2026-08-21 13:39:25.174,29.60369,False,18.98345,1.024013,-8.552419,0.3055821,-0.0002816777,9.039987E-05,0.9521657,-0.0004811585,-0.5819296,0.813239,False,-1,-1,0,0,0,-1
2026-08-21 13:39:25.207,29.6372,False,18.98388,1.023671,-8.552228,0.3039995,-0.003557578,0.001135238,0.9526649,-0.006088134,-0.5792273,0.8151433,False,-1,-1,0,0,0,-1
2026-08-21 13:39:25.241,29.67067,False,18.98401,1.023213,-8.551943,0.3017975,-0.005892801,0.001865452,0.953352,-0.01010985,-0.5754604,0.8177671,False,-1,-1,0,0,0,-1
2026-08-21 13:39:25.285,29.71515,False,18.98429,1.022875,-8.551989,0.2985869,-0.0100729,0.003151588,0.9543241,-0.01734358,-0.5699608,0.8214889,False,-1,-1,0,0,0,-1
2026-08-21 13:39:25.330,29.7593,False,18.98414,1.02283,-8.551894,0.2973181,-0.01297419,0.004040572,0.9546818,-0.02236977,-0.5677932,0.8228672,False,-1,-1,0,0,0,-1
2026-08-21 13:39:25.364,29.79331,False,18.98411,1.023828,-8.55184,0.2981321,-0.01494741,0.004669236,0.9543962,-0.0257474,-0.5692118,0.8217877,False,-1,-1,0,0,0,-1
2026-08-21 13:39:25.408,29.83706,False,18.98413,1.02482,-8.552136,0.3021746,-0.0198803,0.006303429,0.9530244,-0.03408335,-0.5762102,0.8165905,False,-1,-1,0,0,0,-1
2026-08-21 13:39:25.442,29.87137,False,18.98408,1.025247,-8.55215,0.3034646,-0.01841583,0.005866342,0.9526467,-0.03152709,-0.5784051,0.8151402,False,-1,-1,0,0,0,-1
2026-08-21 13:39:25.486,29.91525,False,18.98564,1.026394,-8.551265,0.2993813,-0.008337162,0.002616086,0.9540936,-0.01434245,-0.5713192,0.8206027,False,-1,-1,0,0,0,-1
2026-08-21 13:39:25.530,29.95939,False,18.98631,1.026645,-8.551199,0.293234,-0.001870752,0.0005737927,0.9560387,-0.003240511,-0.5606883,0.8280206,False,-1,-1,0,0,0,-1
2026-08-21 13:39:25.564,29.99321,False,18.9865,1.026523,-8.551252,0.2910812,0.002991798,-0.0009102771,0.9566933,0.005194537,-0.5569561,0.8305257,False,-1,-1,0,0,0,-1
2026-08-21 13:39:25.608,30.03746,False,18.98691,1.027413,-8.551244,0.289943,0.006304765,-0.001910117,0.9570212,0.01095994,-0.5549873,0.8317866,False,-1,-1,0,0,0,-1
2026-08-21 13:39:25.653,30.08246,False,18.9869,1.02761,-8.551554,0.2911292,0.004567342,-0.001389909,0.9566719,0.007929608,-0.5570429,0.8304459,False,-1,-1,0,0,0,-1
2026-08-21 13:39:25.698,30.12686,False,18.98747,1.0276,-8.551755,0.2921139,0.004159412,-0.001270447,0.9563737,0.007213674,-0.5587506,0.8293045,False,-1,-1,0,0,0,-1
2026-08-21 13:39:25.731,30.16064,False,18.98809,1.027788,-8.551671,0.2915462,0.006131549,-0.001868859,0.9565353,0.01064037,-0.5577714,0.8299264,False,-1,-1,0,0,0,-1
2026-08-21 13:39:25.774,30.20382,False,18.98837,1.027769,-8.551619,0.29036,0.005563244,-0.001688101,0.9568998,0.009666622,-0.5557097,0.8313202,False,-1,-1,0,0,0,-1
2026-08-21 13:39:25.808,30.23825,False,18.98836,1.027374,-8.552322,0.291609,0.003523033,-0.001074036,0.9565305,0.00611338,-0.5578735,0.8299035,False,-1,-1,0,0,0,-1
2026-08-21 13:39:25.853,30.28156,False,18.98895,1.027461,-8.551914,0.29194,0.006560948,-0.002002697,0.9564121,0.01138061,-0.5584561,0.829456,False,-1,-1,0,0,0,-1
2026-08-21 13:39:25.898,30.3266,False,18.98881,1.027103,-8.552551,0.2932458,0.002010134,-0.0006165712,0.9560348,0.003481902,-0.5607089,0.8280057,False,-1,-1,0,0,0,-1
2026-08-21 13:39:25.942,30.37079,False,18.98981,1.02796,-8.55183,0.2900411,0.007970455,-0.002415688,0.956978,0.0138538,-0.5551645,0.8316252,False,-1,-1,0,0,0,-1
2026-08-21 13:39:25.986,30.41545,False,18.99065,1.027552,-8.553544,0.2898856,0.009022466,-0.00273296,0.9570149,0.01568478,-0.5548989,0.8317699,False,-1,-1,0,0,0,-1
2026-08-21 13:39:26.029,30.4593,False,18.99337,1.028999,-8.549895,0.2863238,0.03658197,-0.01094067,0.9573718,0.06377995,-0.5490371,0.8333609,False,-1,-1,0,0,0,-1
2026-08-21 13:39:26.065,30.49331,False,18.99879,1.033278,-8.545821,0.28647,0.06491914,-0.01945966,0.9556892,0.1129358,-0.5500791,0.8274409,False,-1,-1,0,0,0,-1
2026-08-21 13:39:26.107,30.5369,False,19.00609,1.039022,-8.534355,0.2796943,0.1012698,-0.02968189,0.9542717,0.1766741,-0.5398204,0.8230311,False,-1,-1,0,0,0,-1
2026-08-21 13:39:26.140,30.57043,False,19.01351,1.039614,-8.524633,0.2742466,0.1282115,-0.03692052,0.9523589,0.2239561,-0.5318298,0.8167011,False,-1,-1,0,0,0,-1
2026-08-21 13:39:26.185,30.61476,False,19.02355,1.039651,-8.508162,0.2664979,0.1426281,-0.03991029,0.9523882,0.2504026,-0.5190036,0.8172722,False,-1,-1,0,0,0,-1
2026-08-21 13:39:26.220,30.6486,False,19.0315,1.039219,-8.497375,0.2695229,0.1480046,-0.04196246,0.9506267,0.2587746,-0.5248527,0.810904,False,-1,-1,0,0,0,-1
2026-08-21 13:39:26.263,30.69258,False,19.043,1.03995,-8.483367,0.2844909,0.144449,-0.04340629,0.9467393,0.2488138,-0.5512174,0.7963988,False,-1,-1,0,0,0,-1
2026-08-21 13:39:26.297,30.72622,False,19.05121,1.041849,-8.477455,0.3028659,0.1254572,-0.04025581,0.9438815,0.2124493,-0.5818398,0.7850655,False,-1,-1,0,0,0,-1
2026-08-21 13:39:26.330,30.75975,False,19.06043,1.044775,-8.474389,0.3207988,0.09495737,-0.03234398,0.9418201,0.1581137,-0.6104121,0.7761425,False,-1,-1,0,0,0,-1
2026-08-21 13:39:26.375,30.80395,False,19.07304,1.049459,-8.471798,0.3433172,0.04288045,-0.01569284,0.9381089,0.06967781,-0.6454837,0.7605891,False,-1,-1,0,0,0,-1
2026-08-21 13:39:26.419,30.84812,False,19.08324,1.052849,-8.470017,0.3627276,0.007166862,-0.002789699,0.9318635,0.01133327,-0.6760651,0.7367547,False,-1,-1,0,0,0,-1
2026-08-21 13:39:26.453,30.88172,False,19.09281,1.055734,-8.467572,0.3741014,-0.02728397,0.0110117,0.926921,-0.04234119,-0.6941258,0.7186074,False,-1,-1,0,0,0,-1
2026-08-21 13:39:26.486,30.91515,False,19.10027,1.057534,-8.464747,0.3888289,-0.06282964,0.02658957,0.9187805,-0.09477572,-0.7178379,0.6897292,False,-1,-1,0,0,0,-1
2026-08-21 13:39:26.530,30.9595,False,19.10638,1.056615,-8.461746,0.3915379,-0.0785257,0.03355828,0.9161909,-0.1176104,-0.7227173,0.6810635,False,-1,-1,0,0,0,-1
2026-08-21 13:39:26.575,31.00403,False,19.10991,1.052829,-8.458061,0.3825094,-0.07354406,0.03056046,0.9205129,-0.1120172,-0.7087048,0.6965556,False,-1,-1,0,0,0,-1
2026-08-21 13:39:26.619,31.04831,False,19.11026,1.047973,-8.453991,0.3710327,-0.04015605,0.01606189,0.9276121,-0.0625795,-0.6896389,0.7214444,False,-1,-1,0,0,0,-1
2026-08-21 13:39:26.664,31.09278,False,19.10769,1.044472,-8.451075,0.3658689,0.01915655,-0.007532773,0.9304388,0.03013597,-0.6811257,0.731546,False,-1,-1,0,0,0,-1
2026-08-21 13:39:26.707,31.137,False,19.10115,1.04078,-8.451628,0.3554462,0.08222201,-0.03140692,0.9305435,0.1306954,-0.666681,0.733795,False,-1,-1,0,0,0,-1
2026-08-21 13:39:26.752,31.18142,False,19.09383,1.035766,-8.456758,0.3344049,0.1241658,-0.04449602,0.933154,0.2019722,-0.6351522,0.7455126,False,-1,-1,0,0,0,-1
2026-08-21 13:39:26.786,31.21529,False,19.08812,1.032445,-8.461601,0.3204869,0.1374326,-0.04705459,0.9360482,0.2271264,-0.6129161,0.7568008,False,-1,-1,0,0,0,-1
2026-08-21 13:39:26.830,31.25898,False,19.07971,1.028769,-8.471959,0.3122115,0.1439514,-0.04792318,0.9378195,0.2400765,-0.5993934,0.7636039,False,-1,-1,0,0,0,-1
2026-08-21 13:39:26.864,31.29282,False,19.07507,1.027838,-8.477343,0.3126676,0.143045,-0.04769105,0.9378181,0.2384774,-0.6000946,0.7635542,False,-1,-1,0,0,0,-1
2026-08-21 13:39:26.897,31.32642,False,19.06928,1.026576,-8.482681,0.3170372,0.1455297,-0.04929921,0.9358836,0.2411384,-0.6077688,0.7566171,False,-1,-1,0,0,0,-1
2026-08-21 13:39:26.941,31.37049,False,19.06361,1.025902,-8.486374,0.3227331,0.1502478,-0.05196972,0.9330424,0.2468305,-0.617864,0.7465379,False,-1,-1,0,0,0,-1
2026-08-21 13:39:26.985,31.4152,False,19.05624,1.023421,-8.48757,0.3327352,0.1535066,-0.05499158,0.9288159,0.2485636,-0.6349825,0.7314461,False,-1,-1,0,0,0,-1
2026-08-21 13:39:27.029,31.45912,False,19.04951,1.019604,-8.485101,0.3360967,0.1671812,-0.06075294,0.9248776,0.2684065,-0.64201,0.718179,False,-1,-1,0,0,0,-1
2026-08-21 13:39:27.064,31.49256,False,19.04443,1.016329,-8.481365,0.3340296,0.1791959,-0.06484338,0.9230972,0.2875113,-0.6399228,0.7126262,False,-1,-1,0,0,0,-1
2026-08-21 13:39:27.097,31.52637,False,19.03985,1.013884,-8.478367,0.3316936,0.1907381,-0.06866739,0.9213486,0.3059195,-0.6374058,0.7071967,False,-1,-1,0,0,0,-1
2026-08-21 13:39:27.141,31.57012,False,19.03305,1.011419,-8.475591,0.3296081,0.193204,-0.06910267,0.9215506,0.310541,-0.6342029,0.7080615,False,-1,-1,0,0,0,-1
2026-08-21 13:39:27.175,31.60364,False,19.02726,1.010165,-8.475901,0.3315596,0.1835814,-0.06594257,0.9230481,0.2951811,-0.6363025,0.7127323,False,-1,-1,0,0,0,-1
2026-08-21 13:39:27.220,31.64851,False,19.02007,1.009724,-8.48115,0.3432889,0.1505356,-0.05584286,0.9254044,0.2402722,-0.6521749,0.7189834,False,-1,-1,0,0,0,-1
2026-08-21 13:39:27.264,31.69279,False,19.01348,1.011183,-8.489193,0.3570388,0.110726,-0.04266872,0.9265217,0.1747114,-0.6710575,0.7205261,False,-1,-1,0,0,0,-1
2026-08-21 13:39:27.308,31.73701,False,19.00582,1.013152,-8.495867,0.3656968,0.08364276,-0.03301873,0.9263798,0.1308202,-0.6830718,0.7185395,False,-1,-1,0,0,0,-1
2026-08-21 13:39:27.342,31.77048,False,18.99874,1.013357,-8.500496,0.3625603,0.08447247,-0.03301904,0.9275366,0.1327598,-0.6781543,0.7228289,False,-1,-1,0,0,0,-1
2026-08-21 13:39:27.387,31.81603,False,18.99038,1.011876,-8.50361,0.350879,0.09349775,-0.03523497,0.931075,0.1493804,-0.6599782,0.7362841,False,-1,-1,0,0,0,-1
2026-08-21 13:39:27.431,31.85949,False,18.98511,1.010251,-8.50669,0.3384837,0.1013298,-0.03669146,0.9347807,0.1646033,-0.6402518,0.7503222,False,-1,-1,0,0,0,-1
2026-08-21 13:39:27.475,31.90381,False,18.98138,1.010989,-8.512589,0.3316902,0.09297068,-0.03286803,0.9382206,0.15265,-0.6285086,0.7626762,False,-1,-1,0,0,0,-1
2026-08-21 13:39:27.518,31.94787,False,18.9791,1.014273,-8.52154,0.3325385,0.07686728,-0.02720569,0.9395581,0.1263487,-0.6290609,0.7670192,False,-1,-1,0,0,0,-1
2026-08-21 13:39:27.552,31.98128,False,18.97848,1.017056,-8.529426,0.3361616,0.06115008,-0.0218786,0.9395624,0.1001991,-0.6343653,0.7665122,False,-1,-1,0,0,0,-1
2026-08-21 13:39:27.586,32.01541,False,18.97755,1.019494,-8.535218,0.3387103,0.04919439,-0.01773686,0.9394364,0.08041468,-0.6381387,0.7657105,False,-1,-1,0,0,0,-1
2026-08-21 13:39:27.630,32.05937,False,18.9756,1.020751,-8.542129,0.3363933,0.0367666,-0.01314473,0.9409118,0.06034465,-0.6339993,0.7709756,False,-1,-1,0,0,0,-1
2026-08-21 13:39:27.664,32.09302,False,18.97183,1.019456,-8.543193,0.3265577,0.05405624,-0.01871067,0.9434447,0.08977793,-0.6182011,0.780876,False,-1,-1,0,0,0,-1
2026-08-21 13:39:27.699,32.12732,False,18.97007,1.018186,-8.544605,0.3158374,0.0617169,-0.02059256,0.94658,0.1038322,-0.6004726,0.7928755,False,-1,-1,0,0,0,-1
2026-08-21 13:39:27.741,32.17044,False,18.97375,1.015962,-8.54474,0.3061327,0.03262552,-0.01049825,0.9513717,0.05565027,-0.583177,0.8104367,False,-1,-1,0,0,0,-1
2026-08-21 13:39:27.788,32.21642,False,18.97311,1.013877,-8.539762,0.2991202,0.03647285,-0.01144242,0.9534495,0.06270472,-0.5712267,0.8183937,False,-1,-1,0,0,0,-1
2026-08-21 13:39:27.830,32.25933,False,18.97223,1.016758,-8.541483,0.3139099,0.01453343,-0.004805695,0.9493294,0.02457691,-0.5961475,0.8024986,False,-1,-1,0,0,0,-1
2026-08-21 13:39:27.864,32.29298,False,18.97198,1.017215,-8.541271,0.3213215,0.01212857,-0.004115786,0.9468836,0.02032371,-0.6086078,0.7932109,False,-1,-1,0,0,0,-1
2026-08-21 13:39:27.908,32.33702,False,18.97155,1.016542,-8.540063,0.3269002,0.01464973,-0.005068091,0.9449317,0.02437247,-0.6179453,0.7858433,False,-1,-1,0,0,0,-1
2026-08-21 13:39:27.941,32.37073,False,18.97068,1.015942,-8.539576,0.3270493,0.0170723,-0.005909485,0.9448346,0.02839562,-0.6182168,0.7854946,False,-1,-1,0,0,0,-1
2026-08-21 13:39:27.985,32.41532,False,18.97003,1.01507,-8.537826,0.3221652,0.0157774,-0.005370029,0.9465368,0.02640771,-0.6100519,0.7919213,False,-1,-1,0,0,0,-1
2026-08-21 13:39:28.029,32.45927,False,18.97019,1.013743,-8.536475,0.3106707,0.01341164,-0.004383993,0.9504129,0.02276923,-0.5906485,0.8066077,False,-1,-1,0,0,0,-1
2026-08-21 13:39:28.074,32.50352,False,18.96965,1.013434,-8.534514,0.3200245,0.01477068,-0.004990049,0.947281,0.02479008,-0.6064537,0.7947322,False,-1,-1,0,0,0,-1
2026-08-21 13:39:28.108,32.53774,False,18.96946,1.013475,-8.532741,0.3206545,0.01637794,-0.005545351,0.9470384,0.02746479,-0.6075259,0.7938249,False,-1,-1,0,0,0,-1
2026-08-21 13:39:28.152,32.58138,False,18.96923,1.014121,-8.53199,0.3258282,0.0195089,-0.006725059,0.9452038,0.03249735,-0.6162105,0.7869108,False,-1,-1,0,0,0,-1
2026-08-21 13:39:28.186,32.61508,False,18.96924,1.014353,-8.531702,0.3273399,0.02256928,-0.007821075,0.9446048,0.03751779,-0.6187665,0.7846785,False,-1,-1,0,0,0,-1
2026-08-21 13:39:28.230,32.65941,False,18.96872,1.014075,-8.531444,0.325827,0.02323637,-0.008010745,0.9451098,0.0387016,-0.6162569,0.7865937,False,-1,-1,0,0,0,-1
2026-08-21 13:39:28.264,32.69283,False,18.96814,1.013486,-8.530737,0.3230665,0.02584391,-0.008826066,0.9459822,0.04319295,-0.6116864,0.7899203,False,-1,-1,0,0,0,-1
2026-08-21 13:39:28.308,32.73692,False,18.96764,1.012392,-8.529634,0.3176822,0.02451075,-0.00821509,0.9478448,0.04124521,-0.6026296,0.7969545,False,-1,-1,0,0,0,-1
2026-08-21 13:39:28.342,32.77051,False,18.96669,1.008936,-8.52926,0.3175446,0.022081,-0.007396642,0.9479574,0.03716616,-0.6023641,0.7973558,False,-1,-1,0,0,0,-1
2026-08-21 13:39:28.386,32.81491,False,18.9665,1.007764,-8.529975,0.3153974,0.01839221,-0.006114131,0.9487618,0.03104288,-0.5986989,0.8003724,False,-1,-1,0,0,0,-1
2026-08-21 13:39:28.431,32.85988,False,18.96642,1.007612,-8.529207,0.3133242,0.02167662,-0.007154006,0.9493718,0.0366753,-0.5952325,0.8027161,False,-1,-1,0,0,0,-1
2026-08-21 13:39:28.474,32.90373,False,18.96604,1.007586,-8.529553,0.3150272,0.02144059,-0.007118749,0.9488137,0.03620104,-0.5981095,0.8005964,False,-1,-1,0,0,0,-1
2026-08-21 13:39:28.507,32.93748,False,18.96528,1.007249,-8.529853,0.3138026,0.0200418,-0.006625385,0.9492536,0.03389138,-0.5960221,0.8022525,False,-1,-1,0,0,0,-1
2026-08-21 13:39:28.552,32.98143,False,18.96433,1.006155,-8.529491,0.3119061,0.02353481,-0.007728709,0.9497899,0.03988499,-0.5928543,0.8043215,False,-1,-1,0,0,0,-1
2026-08-21 13:39:28.586,33.01524,False,18.9635,1.004427,-8.528433,0.3106053,0.02600733,-0.008501876,0.9501451,0.04414003,-0.5906824,0.805696,False,-1,-1,0,0,0,-1
2026-08-21 13:39:28.619,33.04864,False,18.96346,1.002936,-8.526628,0.3132959,0.03353306,-0.01107037,0.9489987,0.05670906,-0.5953773,0.8014424,False,-1,-1,0,0,0,-1
2026-08-21 13:39:28.652,33.08204,False,18.96405,1.001261,-8.52565,0.3160403,0.04033461,-0.01344953,0.9477926,0.0679565,-0.6001664,0.7969832,False,-1,-1,0,0,0,-1
2026-08-21 13:39:28.687,33.1157,False,18.96444,1.000367,-8.523878,0.3159809,0.04477127,-0.0149293,0.947591,0.07541496,-0.6001782,0.7963032,False,-1,-1,0,0,0,-1
2026-08-21 13:39:28.721,33.14914,False,18.96465,0.9994519,-8.521893,0.3120587,0.04658583,-0.01532206,0.9487963,0.07883815,-0.5935879,0.8008982,False,-1,-1,0,0,0,-1
2026-08-21 13:39:28.764,33.19272,False,18.96433,0.9973491,-8.51928,0.3091106,0.04206066,-0.01368572,0.949997,0.07145419,-0.5884596,0.8053631,False,-1,-1,0,0,0,-1
2026-08-21 13:39:28.797,33.22651,False,18.96439,0.9963548,-8.51793,0.3089936,0.04018626,-0.01306912,0.9501249,0.06828737,-0.5882154,0.8058161,False,-1,-1,0,0,0,-1
2026-08-21 13:39:28.832,33.26054,False,18.96577,0.9951907,-8.516298,0.3062577,0.04805136,-0.0154807,0.9506091,0.08187395,-0.5837503,0.8077947,False,-1,-1,0,0,0,-1
2026-08-21 13:39:28.875,33.30384,False,18.96778,0.9943764,-8.515299,0.3101495,0.05642514,-0.01844395,0.9488326,0.09563525,-0.5906412,0.8012471,False,-1,-1,0,0,0,-1
2026-08-21 13:39:28.910,33.33859,False,18.9691,0.9934335,-8.51468,0.3098291,0.06054356,-0.01977339,0.9486566,0.1026173,-0.5902372,0.8006808,False,-1,-1,0,0,0,-1
2026-08-21 13:39:28.942,33.37218,False,18.97029,0.9921395,-8.513707,0.3071016,0.06029063,-0.01949877,0.9495649,0.1025235,-0.585577,0.8041073,False,-1,-1,0,0,0,-1
2026-08-21 13:39:28.986,33.41546,False,18.9708,0.9905658,-8.512622,0.3101965,0.05411116,-0.01768777,0.9489664,0.09172598,-0.5906464,0.8017002,False,-1,-1,0,0,0,-1
2026-08-21 13:39:29.030,33.45963,False,18.9714,0.9898709,-8.512419,0.3109255,0.05456984,-0.01788468,0.9486979,0.09241897,-0.5919006,0.8006949,False,-1,-1,0,0,0,-1
2026-08-21 13:39:29.075,33.50392,False,18.97161,0.9909174,-8.513189,0.311334,0.05945538,-0.01952093,0.9482379,0.1006006,-0.5927587,0.7990723,False,-1,-1,0,0,0,-1
2026-08-21 13:39:29.119,33.54866,False,18.97158,0.9927751,-8.513718,0.3090201,0.06130683,-0.01996595,0.9488674,0.1040044,-0.5888863,0.8014961,False,-1,-1,0,0,0,-1
2026-08-21 13:39:29.165,33.59469,False,18.97062,0.9947539,-8.514846,0.3063413,0.06572203,-0.02120612,0.9494135,0.1118022,-0.5844765,0.8036713,False,-1,-1,0,0,0,-1
2026-08-21 13:39:29.209,33.63736,False,18.96918,0.9987774,-8.515762,0.3000768,0.06349356,-0.02002224,0.951589,0.1088231,-0.573642,0.811845,False,-1,-1,0,0,0,-1
2026-08-21 13:39:29.254,33.68239,False,18.9686,1.003238,-8.51545,0.2885858,0.0647269,-0.01955814,0.9550635,0.1123482,-0.5537674,0.8250573,False,-1,-1,0,0,0,-1
2026-08-21 13:39:29.297,33.7259,False,18.96688,1.01008,-8.516617,0.276885,0.07793323,-0.02253699,0.9574723,0.1367575,-0.5337322,0.8345222,False,-1,-1,0,0,0,-1
2026-08-21 13:39:29.330,33.75925,False,18.96336,1.015908,-8.516066,0.2626798,0.06324041,-0.01725644,0.9626538,0.1126914,-0.5079219,0.854,False,-1,-1,0,0,0,-1
2026-08-21 13:39:29.375,33.80368,False,18.95834,1.02441,-8.515454,0.2386297,0.05771025,-0.01420769,0.9692903,0.1050952,-0.4642427,0.8794508,False,-1,-1,0,0,0,-1
2026-08-21 13:39:29.420,33.8493,False,18.95249,1.031883,-8.517262,0.2206487,0.05198587,-0.01177807,0.9738957,0.09606,-0.4310021,0.8972233,False,-1,-1,0,0,0,-1
2026-08-21 13:39:29.464,33.89296,False,18.94658,1.037551,-8.519006,0.2089685,0.03695722,-0.007903151,0.9771918,0.06892556,-0.4089888,0.9099327,False,-1,-1,0,0,0,-1
2026-08-21 13:39:29.507,33.93665,False,18.93824,1.042094,-8.520912,0.1942525,0.01165647,-0.002308437,0.9808796,0.02197035,-0.3811304,0.9242602,False,-1,-1,0,0,0,-1
2026-08-21 13:39:29.541,33.97027,False,18.93166,1.045643,-8.522909,0.1873417,-0.007274152,0.001387354,0.9822669,-0.0137705,-0.3680592,0.9297004,False,-1,-1,0,0,0,-1
2026-08-21 13:39:29.585,34.01495,False,18.9249,1.048597,-8.526085,0.1797713,-0.02251901,0.004116432,0.983442,-0.04281226,-0.3537747,0.9343504,False,-1,-1,0,0,0,-1
2026-08-21 13:39:29.619,34.04853,False,18.92013,1.05037,-8.52834,0.1735905,-0.0392636,0.006926538,0.9840106,-0.07486682,-0.3421736,0.9366494,False,-1,-1,0,0,0,-1
2026-08-21 13:39:29.664,34.09275,False,18.91636,1.051648,-8.530375,0.1682404,-0.05553081,0.009493135,0.9841349,-0.1061053,-0.3321968,0.937223,False,-1,-1,0,0,0,-1
2026-08-21 13:39:29.709,34.13775,False,18.91399,1.05149,-8.53259,0.1654339,-0.07304271,0.01228727,0.9834355,-0.1396001,-0.3271822,0.9345927,False,-1,-1,0,0,0,-1
2026-08-21 13:39:29.742,34.17118,False,18.91218,1.050595,-8.534122,0.1686642,-0.08185071,0.01405592,0.9821687,-0.1560409,-0.3336143,0.9297057,False,-1,-1,0,0,0,-1
2026-08-21 13:39:29.786,34.21491,False,18.90877,1.049245,-8.535858,0.172993,-0.09598863,0.01694273,0.9800881,-0.1822927,-0.3423494,0.9217192,False,-1,-1,0,0,0,-1
2026-08-21 13:39:29.820,34.24869,False,18.90559,1.049054,-8.536653,0.1738434,-0.1037814,0.01842653,0.9791161,-0.1968215,-0.3442503,0.9180158,False,-1,-1,0,0,0,-1
2026-08-21 13:39:29.853,34.28214,False,18.90272,1.049425,-8.537287,0.168367,-0.1026071,0.01762441,0.9802111,-0.1952184,-0.3336871,0.9222487,False,-1,-1,0,0,0,-1
2026-08-21 13:39:29.897,34.32572,False,18.89753,1.051543,-8.538278,0.160626,-0.09931702,0.01624744,0.9818714,-0.1898136,-0.3186555,0.9286708,False,-1,-1,0,0,0,-1
2026-08-21 13:39:29.933,34.36176,False,18.89378,1.053805,-8.53963,0.1603545,-0.09698158,0.01583397,0.982156,-0.185424,-0.3180574,0.929762,False,-1,-1,0,0,0,-1
2026-08-21 13:39:29.975,34.40414,False,18.88721,1.054662,-8.541729,0.1638949,-0.1014531,0.01694795,0.9811007,-0.1935161,-0.3250336,0.9256915,False,-1,-1,0,0,0,-1
2026-08-21 13:39:30.020,34.44841,False,18.88229,1.056032,-8.541201,0.155498,-0.1057751,0.01674906,0.982014,-0.2025363,-0.3089457,0.929264,False,-1,-1,0,0,0,-1
2026-08-21 13:39:30.052,34.48202,False,18.87878,1.056967,-8.540101,0.1470278,-0.109708,0.01641087,0.9828925,-0.2108365,-0.2926259,0.932694,False,-1,-1,0,0,0,-1
2026-08-21 13:39:30.086,34.51575,False,18.87583,1.057395,-8.539024,0.1393006,-0.1115112,0.01578896,0.9838248,-0.2150162,-0.277616,0.9363212,False,-1,-1,0,0,0,-1
2026-08-21 13:39:30.130,34.55962,False,18.87264,1.059334,-8.538507,0.1327641,-0.109294,0.0147314,0.9849932,-0.211396,-0.2647637,0.940857,False,-1,-1,0,0,0,-1
2026-08-21 13:39:30.164,34.59336,False,18.87037,1.061022,-8.5384,0.126861,-0.107606,0.01384526,0.9859694,-0.2086796,-0.2531418,0.9446545,False,-1,-1,0,0,0,-1
2026-08-21 13:39:30.209,34.63741,False,18.86769,1.063889,-8.538292,0.1146005,-0.11159,0.01295619,0.9870393,-0.2173179,-0.229122,0.9488288,False,-1,-1,0,0,0,-1
2026-08-21 13:39:30.252,34.68161,False,18.8639,1.068471,-8.538556,0.09728809,-0.1222067,0.01203791,0.9876516,-0.239053,-0.1951157,0.9512011,False,-1,-1,0,0,0,-1
2026-08-21 13:39:30.287,34.71572,False,18.86075,1.074925,-8.538737,0.07279705,-0.1263459,0.009297384,0.9892679,-0.2486261,-0.1463809,0.9574746,False,-1,-1,0,0,0,-1
2026-08-21 13:39:30.331,34.75975,False,18.85704,1.086282,-8.540078,0.03913588,-0.1282711,0.00506583,0.9909537,-0.253825,-0.07886328,0.9640298,False,-1,-1,0,0,0,-1
2026-08-21 13:39:30.364,34.79362,False,18.85377,1.096906,-8.542881,0.004712413,-0.1329435,0.0006321027,0.9911122,-0.2635179,-0.009509127,0.9646077,False,-1,-1,0,0,0,-1
2026-08-21 13:39:30.407,34.83735,False,18.84862,1.112929,-8.550257,-0.04663414,-0.147036,-0.006940129,0.9880069,-0.2898977,0.09419058,0.9524114,False,-1,-1,0,0,0,-1
2026-08-21 13:39:30.443,34.87109,False,18.84472,1.12517,-8.557056,-0.08501538,-0.160656,-0.01389098,0.9832442,-0.3135662,0.1716451,0.9339241,False,-1,-1,0,0,0,-1
2026-08-21 13:39:30.486,34.91521,False,18.84078,1.138407,-8.568347,-0.1264475,-0.178163,-0.02309242,0.9755694,-0.3417808,0.254945,0.904538,False,-1,-1,0,0,0,-1
2026-08-21 13:39:30.527,34.95564,False,18.83883,1.144792,-8.576871,-0.1467312,-0.1875142,-0.02834098,0.970827,-0.3557708,0.29553,0.8866167,False,-1,-1,0,0,0,-1
2026-08-21 13:39:30.562,34.99267,False,18.8368,1.151692,-8.589132,-0.1679163,-0.2006962,-0.03493972,0.9645229,-0.3754182,0.3379428,0.8630503,False,-1,-1,0,0,0,-1
2026-08-21 13:39:30.597,35.02604,False,18.83445,1.15596,-8.598134,-0.1797835,-0.2125463,-0.03981928,0.9596439,-0.3936199,0.3619832,0.8450039,False,-1,-1,0,0,0,-1
2026-08-21 13:39:30.631,35.06003,False,18.83098,1.159582,-8.607379,-0.1915521,-0.2280353,-0.04580966,0.9535246,-0.4173247,0.3861916,0.8226154,False,-1,-1,0,0,0,-1
2026-08-21 13:39:30.674,35.10378,False,18.82453,1.163446,-8.620021,-0.1969461,-0.2561078,-0.05338266,0.9448658,-0.462948,0.3995188,0.791242,False,-1,-1,0,0,0,-1
2026-08-21 13:39:30.720,35.14852,False,18.81906,1.164126,-8.631656,-0.1972224,-0.2791847,-0.05870533,0.9379301,-0.5005555,0.402741,0.7663184,False,-1,-1,0,0,0,-1
2026-08-21 13:39:30.763,35.19262,False,18.81553,1.163385,-8.642217,-0.1946967,-0.3001461,-0.06272108,0.9317036,-0.5348712,0.4004502,0.744011,False,-1,-1,0,0,0,-1
2026-08-21 13:39:30.797,35.22614,False,18.81418,1.162313,-8.64944,-0.1899165,-0.3141024,-0.06428318,0.9279758,-0.5585419,0.3928589,0.7305428,False,-1,-1,0,0,0,-1
2026-08-21 13:39:30.830,35.25961,False,18.81412,1.161308,-8.653875,-0.1839597,-0.3177265,-0.06298157,0.9280313,-0.566548,0.3814625,0.7304174,False,-1,-1,0,0,0,-1
2026-08-21 13:39:30.876,35.30442,False,18.81553,1.161862,-8.660105,-0.1844225,-0.3208435,-0.06384362,0.9268073,-0.5711717,0.3828158,0.7260957,False,-1,-1,0,0,0,-1
2026-08-21 13:39:30.919,35.34813,False,18.8167,1.163409,-8.664669,-0.1934596,-0.3220397,-0.06740455,0.9242946,-0.569239,0.4010411,0.7177277,False,-1,-1,0,0,0,-1
2026-08-21 13:39:30.954,35.38316,False,18.81764,1.164627,-8.667594,-0.2005603,-0.3225606,-0.07013579,0.9223943,-0.5669233,0.4152374,0.7114604,False,-1,-1,0,0,0,-1
2026-08-21 13:39:30.997,35.42592,False,18.81755,1.168529,-8.670175,-0.2187418,-0.3224916,-0.07686553,0.9177379,-0.5582982,0.4510723,0.6963023,False,-1,-1,0,0,0,-1
2026-08-21 13:39:31.030,35.45987,False,18.81763,1.173248,-8.671411,-0.233658,-0.3227349,-0.08255269,0.9134721,-0.5510404,0.4801654,0.6824923,False,-1,-1,0,0,0,-1
2026-08-21 13:39:31.075,35.50359,False,18.81818,1.178105,-8.671768,-0.245394,-0.3256628,-0.08793133,0.908842,-0.5487964,0.5033205,0.6674511,False,-1,-1,0,0,0,-1
2026-08-21 13:39:31.119,35.54822,False,18.81938,1.18328,-8.67117,-0.2679631,-0.3212018,-0.09528447,0.9032974,-0.5292159,0.5453117,0.6500505,False,-1,-1,0,0,0,-1
2026-08-21 13:39:31.163,35.59249,False,18.82244,1.187752,-8.669555,-0.2817574,-0.3167573,-0.09913775,0.9002496,-0.5144557,0.5701091,0.6405551,False,-1,-1,0,0,0,-1
2026-08-21 13:39:31.197,35.6261,False,18.82612,1.189747,-8.667197,-0.2922236,-0.3038621,-0.09850574,0.9014266,-0.4902473,0.5867006,0.6445463,False,-1,-1,0,0,0,-1
2026-08-21 13:39:31.242,35.67024,False,18.83069,1.190079,-8.664376,-0.2985781,-0.2806521,-0.09233766,0.9075017,-0.4542445,0.5937498,0.664171,False,-1,-1,0,0,0,-1
2026-08-21 13:39:31.275,35.70367,False,18.83414,1.189728,-8.662116,-0.3039598,-0.2569817,-0.08552022,0.9133757,-0.4174522,0.5992132,0.6831378,False,-1,-1,0,0,0,-1
2026-08-21 13:39:31.308,35.73727,False,18.83868,1.18969,-8.659579,-0.3065082,-0.2310113,-0.07694734,0.9201987,-0.3779825,0.5996483,0.7053731,False,-1,-1,0,0,0,-1
2026-08-21 13:39:31.353,35.78148,False,18.84185,1.19088,-8.656644,-0.308403,-0.2260809,-0.07571355,0.9208922,-0.3696917,0.6022465,0.7075501,False,-1,-1,0,0,0,-1
2026-08-21 13:39:31.397,35.82633,False,18.84563,1.194217,-8.654191,-0.3145103,-0.2116948,-0.07217135,0.9225291,-0.3451919,0.6108463,0.7125372,False,-1,-1,0,0,0,-1
2026-08-21 13:39:31.441,35.87065,False,18.84915,1.201336,-8.652556,-0.3249272,-0.2028217,-0.07155836,0.9209588,-0.3270783,0.6275164,0.7065713,False,-1,-1,0,0,0,-1
2026-08-21 13:39:31.476,35.90446,False,18.85194,1.208474,-8.651129,-0.3312627,-0.2002805,-0.07217678,0.9192079,-0.3203799,0.6379099,0.7003055,False,-1,-1,0,0,0,-1
2026-08-21 13:39:31.519,35.94821,False,18.85481,1.221741,-8.647378,-0.3246012,-0.2026928,-0.07142925,0.9211121,-0.3270336,0.6269447,0.7070993,False,-1,-1,0,0,0,-1
2026-08-21 13:39:31.563,35.99232,False,18.85739,1.23895,-8.643744,-0.3173927,-0.1998703,-0.06862186,0.9244484,-0.3259793,0.6142573,0.7186275,False,-1,-1,0,0,0,-1
2026-08-21 13:39:31.596,36.0261,False,18.8583,1.254764,-8.640862,-0.2921025,-0.1933285,-0.06041744,0.9346924,-0.3261092,0.5694127,0.7546005,False,-1,-1,0,0,0,-1
2026-08-21 13:39:31.642,36.071,False,18.85592,1.280713,-8.631895,-0.2461047,-0.1721642,-0.04446971,0.9527929,-0.3061853,0.4842859,0.8195839,False,-1,-1,0,0,0,-1
2026-08-21 13:39:31.686,36.11501,False,18.85104,1.307841,-8.616943,-0.2130611,-0.1632522,-0.03613313,0.9626257,-0.2989043,0.4219937,0.8559074,False,-1,-1,0,0,0,-1
2026-08-21 13:39:31.730,36.15913,False,18.84632,1.339129,-8.597843,-0.1852379,-0.1797192,-0.03448021,0.9655046,-0.3342653,0.3700895,0.8667759,False,-1,-1,0,0,0,-1
2026-08-21 13:39:31.774,36.20377,False,18.83831,1.371228,-8.57674,-0.1557395,-0.1995946,-0.03214928,0.9668887,-0.3759577,0.3139992,0.8718144,False,-1,-1,0,0,0,-1
2026-08-21 13:39:31.808,36.23741,False,18.83004,1.394513,-8.558342,-0.1479002,-0.223182,-0.03428113,0.9628811,-0.4196552,0.3001224,0.8566307,False,-1,-1,0,0,0,-1
2026-08-21 13:39:31.852,36.28143,False,18.81859,1.416828,-8.534607,-0.1450265,-0.2658724,-0.0404952,0.9521761,-0.4945691,0.2977147,0.8165583,False,-1,-1,0,0,0,-1
2026-08-21 13:39:31.894,36.32334,False,18.80909,1.427526,-8.515453,-0.1363636,-0.3065769,-0.04442811,0.9409792,-0.5648482,0.2838718,0.7748312,False,-1,-1,0,0,0,-1
2026-08-21 13:39:31.931,36.35996,False,18.79684,1.425146,-8.490328,-0.1194873,-0.3560561,-0.04596123,0.9256535,-0.6481856,0.2539372,0.7178937,False,-1,-1,0,0,0,-1
2026-08-21 13:39:31.975,36.40348,False,18.78531,1.403499,-8.471833,-0.1047477,-0.3837601,-0.04386396,0.9164236,-0.6941842,0.2256529,0.6835123,False,-1,-1,0,0,0,-1
2026-08-21 13:39:32.008,36.43756,False,18.77828,1.37742,-8.459791,-0.08896124,-0.3966236,-0.03865301,0.9128426,-0.7172325,0.1930766,0.6695514,False,-1,-1,0,0,0,-1
2026-08-21 13:39:32.052,36.48129,False,18.77105,1.34268,-8.446353,-0.06379704,-0.4141747,-0.02911665,0.9074919,-0.7480052,0.1399094,0.6487785,False,-1,-1,0,0,0,-1
2026-08-21 13:39:32.085,36.51485,False,18.76446,1.307585,-8.434979,-0.04132912,-0.4329079,-0.01987369,0.9002709,-0.7778261,0.09162175,0.6217653,False,-1,-1,0,0,0,-1
2026-08-21 13:39:32.119,36.54832,False,18.75882,1.27784,-8.423902,-0.01860862,-0.4456125,-0.009265225,0.8949846,-0.7972878,0.04156625,0.6021665,False,-1,-1,0,0,0,-1
2026-08-21 13:39:32.164,36.59261,False,18.7499,1.240291,-8.407365,0.02151569,-0.4689526,0.01142823,0.8828872,-0.8275728,-0.04871045,0.5592411,False,-1,-1,0,0,0,-1
2026-08-21 13:39:32.198,36.62641,False,18.74061,1.21833,-8.397234,0.04396284,-0.4741659,0.02371475,0.8790174,-0.831515,-0.09977765,0.546468,False,-1,-1,0,0,0,-1
2026-08-21 13:39:32.241,36.67049,False,18.72755,1.199627,-8.386442,0.06426111,-0.4658302,0.03394408,0.8818847,-0.8172544,-0.1449661,0.5577456,False,-1,-1,0,0,0,-1
2026-08-21 13:39:32.285,36.71463,False,18.71326,1.187269,-8.379065,0.09412077,-0.4715973,0.05071021,0.8753089,-0.8160409,-0.2125991,0.5374745,False,-1,-1,0,0,0,-1
2026-08-21 13:39:32.319,36.74869,False,18.7002,1.178936,-8.374087,0.1226259,-0.4889742,0.06965536,0.8608224,-0.8247569,-0.2792376,0.4917342,False,-1,-1,0,0,0,-1
2026-08-21 13:39:32.363,36.79245,False,18.68105,1.170731,-8.374878,0.1668803,-0.4889836,0.09591267,0.8507919,-0.8000346,-0.3777602,0.4660921,False,-1,-1,0,0,0,-1
2026-08-21 13:39:32.398,36.82635,False,18.6674,1.165787,-8.376782,0.2032419,-0.4787546,0.114971,0.8463264,-0.7636315,-0.4541038,0.4589735,False,-1,-1,0,0,0,-1
2026-08-21 13:39:32.442,36.87078,False,18.65324,1.159916,-8.379163,0.2070142,-0.4845538,0.1192014,0.8415129,-0.7661636,-0.4639292,0.4447056,False,-1,-1,0,0,0,-1
2026-08-21 13:39:32.486,36.9152,False,18.63944,1.15515,-8.386503,0.2375301,-0.4684247,0.132361,0.8406178,-0.7246529,-0.5233463,0.4483155,False,-1,-1,0,0,0,-1
2026-08-21 13:39:32.519,36.9486,False,18.62986,1.151386,-8.392785,0.2585666,-0.4360716,0.1323803,0.8517396,-0.6743807,-0.5559174,0.4859698,False,-1,-1,0,0,0,-1
2026-08-21 13:39:32.554,36.98202,False,18.62221,1.14811,-8.397561,0.2884819,-0.4038931,0.13589,0.8574278,-0.6142148,-0.6044749,0.5072972,False,-1,-1,0,0,0,-1
2026-08-21 13:39:32.586,37.01536,False,18.61465,1.144417,-8.401655,0.3225344,-0.3753669,0.1412047,0.8573987,-0.5525914,-0.6590883,0.5101426,False,-1,-1,0,0,0,-1
2026-08-21 13:39:32.630,37.0593,False,18.60665,1.1382,-8.405147,0.3603837,-0.3163438,0.1313981,0.8676317,-0.4542323,-0.7084945,0.5401005,False,-1,-1,0,0,0,-1
2026-08-21 13:39:32.664,37.09291,False,18.60158,1.134115,-8.408037,0.3761081,-0.2861255,0.1233229,0.8726204,-0.4065923,-0.7269709,0.5533499,False,-1,-1,0,0,0,-1
2026-08-21 13:39:32.697,37.12626,False,18.59744,1.130764,-8.409373,0.3899151,-0.2581144,0.1148305,0.8764457,-0.3628982,-0.7427577,0.5626863,False,-1,-1,0,0,0,-1
2026-08-21 13:39:32.742,37.17023,False,18.59224,1.127245,-8.410668,0.3964466,-0.2218996,0.09937148,0.8852773,-0.3140943,-0.7460313,0.5871814,False,-1,-1,0,0,0,-1
2026-08-21 13:39:32.775,37.20366,False,18.59126,1.13268,-8.409076,0.3864205,-0.2200112,0.0954606,0.8905962,-0.3181064,-0.7302941,0.6045485,False,-1,-1,0,0,0,-1
2026-08-21 13:39:32.819,37.24931,False,18.589,1.134052,-8.411779,0.3735949,-0.1806252,0.07441727,0.9067875,-0.2719735,-0.7044256,0.6556028,False,-1,-1,0,0,0,-1
2026-08-21 13:39:32.864,37.29274,False,18.5902,1.133395,-8.411084,0.3779005,-0.1526095,0.06330642,0.9109852,-0.230203,-0.7078457,0.6678032,False,-1,-1,0,0,0,-1
2026-08-21 13:39:32.897,37.32618,False,18.59364,1.132608,-8.408617,0.38816,-0.1470307,0.06288086,0.9076121,-0.218078,-0.7230883,0.6554276,False,-1,-1,0,0,0,-1
2026-08-21 13:39:32.932,37.36042,False,18.59679,1.130519,-8.407977,0.3887166,-0.1460184,0.06254103,0.9075608,-0.2164198,-0.7238322,0.6551561,False,-1,-1,0,0,0,-1
2026-08-21 13:39:32.975,37.40378,False,18.60038,1.12983,-8.407232,0.3875497,-0.1344375,0.05724181,0.9101951,-0.2003606,-0.7208827,0.6634635,False,-1,-1,0,0,0,-1
2026-08-21 13:39:33.010,37.43905,False,18.60191,1.129655,-8.406987,0.3880195,-0.1268238,0.05400078,0.9112851,-0.1892386,-0.7208899,0.6667132,False,-1,-1,0,0,0,-1
2026-08-21 13:39:33.053,37.4816,False,18.60388,1.129884,-8.405044,0.3947693,-0.1224914,0.05319538,0.9090233,-0.1806952,-0.730741,0.6583061,False,-1,-1,0,0,0,-1
2026-08-21 13:39:33.098,37.52641,False,18.60458,1.130031,-8.403426,0.4005641,-0.1255235,0.05550111,0.9059315,-0.1829679,-0.7397006,0.6475846,False,-1,-1,0,0,0,-1
2026-08-21 13:39:33.141,37.57055,False,18.6044,1.129864,-8.40198,0.4030314,-0.1273248,0.0567335,0.9045084,-0.184602,-0.7435378,0.6427081,False,-1,-1,0,0,0,-1
2026-08-21 13:39:33.186,37.61559,False,18.6037,1.129147,-8.401464,0.4052657,-0.1307011,0.05866481,0.9029039,-0.1884715,-0.7471671,0.6373539,False,-1,-1,0,0,0,-1
2026-08-21 13:39:33.221,37.64994,False,18.60269,1.128994,-8.400886,0.4066714,-0.1328019,0.05988207,0.9018848,-0.1908394,-0.7494465,0.6339641,False,-1,-1,0,0,0,-1
2026-08-21 13:39:33.264,37.6933,False,18.60057,1.1292,-8.399931,0.4068204,-0.1341902,0.06055157,0.9015673,-0.1926958,-0.7498029,0.6329803,False,-1,-1,0,0,0,-1
2026-08-21 13:39:33.309,37.73801,False,18.5988,1.128771,-8.399611,0.4065883,-0.1343158,0.06056795,0.9016523,-0.1929598,-0.749473,0.6332905,False,-1,-1,0,0,0,-1
2026-08-21 13:39:33.352,37.78188,False,18.59776,1.128435,-8.399445,0.4049581,-0.1333975,0.05985177,0.9025696,-0.1923261,-0.7469738,0.6364282,False,-1,-1,0,0,0,-1
2026-08-21 13:39:33.385,37.81542,False,18.59736,1.128204,-8.399268,0.4042219,-0.1310974,0.05866446,0.9033142,-0.1894174,-0.7456603,0.6388363,False,-1,-1,0,0,0,-1
2026-08-21 13:39:33.421,37.84995,False,18.59728,1.12794,-8.398911,0.4045388,-0.1291731,0.05783657,0.903503,-0.1866223,-0.7459458,0.6393255,False,-1,-1,0,0,0,-1
2026-08-21 13:39:33.464,37.89352,False,18.59775,1.127413,-8.398395,0.405226,-0.1275119,0.05719171,0.9034721,-0.1840557,-0.7468059,0.6390653,False,-1,-1,0,0,0,-1
2026-08-21 13:39:33.509,37.93777,False,18.59806,1.127423,-8.397908,0.4063891,-0.1276527,0.0574548,0.9029129,-0.1838206,-0.7485364,0.6371053,False,-1,-1,0,0,0,-1
2026-08-21 13:39:33.542,37.97118,False,18.59818,1.127595,-8.397973,0.4070319,-0.1290399,0.05820549,0.9023779,-0.1855025,-0.7496148,0.6353475,False,-1,-1,0,0,0,-1
2026-08-21 13:39:33.586,38.01535,False,18.59803,1.127861,-8.397995,0.4073217,-0.132931,0.06005773,0.9015605,-0.1907651,-0.7504175,0.6328368,False,-1,-1,0,0,0,-1
2026-08-21 13:39:33.620,38.04893,False,18.59778,1.128085,-8.397625,0.4077783,-0.1393698,0.06313468,0.9001705,-0.1994233,-0.7517381,0.6285859,False,-1,-1,0,0,0,-1
2026-08-21 13:39:33.664,38.0933,False,18.59744,1.128119,-8.396551,0.4075679,-0.1490164,0.06760318,0.8983943,-0.2126452,-0.7524614,0.623365,False,-1,-1,0,0,0,-1
2026-08-21 13:39:33.708,38.1376,False,18.59738,1.127758,-8.395316,0.4050063,-0.1587573,0.07163522,0.8975714,-0.2269666,-0.7497895,0.621532,False,-1,-1,0,0,0,-1
2026-08-21 13:39:33.753,38.18142,False,18.59645,1.127746,-8.393436,0.4025879,-0.1720029,0.07730564,0.8957465,-0.2458973,-0.747827,0.6166761,False,-1,-1,0,0,0,-1
2026-08-21 13:39:33.786,38.21498,False,18.59506,1.126784,-8.392483,0.399607,-0.1820575,0.08131024,0.894739,-0.2608036,-0.7446942,0.6143386,False,-1,-1,0,0,0,-1
2026-08-21 13:39:33.830,38.25945,False,18.59367,1.12637,-8.391365,0.3985462,-0.2018083,0.09036108,0.8900951,-0.2872311,-0.7459592,0.6008687,False,-1,-1,0,0,0,-1
2026-08-21 13:39:37.385,38.30289,False,18.84784,1.058234,-8.550324,0.1688229,-0.2293611,0.04043015,0.9577357,-0.4256836,-0.3419216,0.8377846,False,-1,-1,0,0,0,-1
2026-08-21 13:39:37.420,38.33867,False,18.84713,1.058697,-8.549709,0.1658437,-0.2293755,0.03969648,0.9582834,-0.4264466,-0.3360612,0.8397655,False,-1,-1,0,0,0,-1
2026-08-21 13:39:37.454,38.37245,False,18.84594,1.059932,-8.5482,0.1574136,-0.2276272,0.03731623,0.9602157,-0.4253943,-0.3192905,0.8468136,False,-1,-1,0,0,0,-1
2026-08-21 13:39:37.497,38.41697,False,18.8425,1.063134,-8.542398,0.1365219,-0.2300833,0.03261844,0.9629951,-0.4342318,-0.2779496,0.8568469,False,-1,-1,0,0,0,-1
2026-08-21 13:39:37.542,38.46074,False,18.83348,1.072126,-8.530527,0.1151793,-0.251375,0.03014265,0.9605393,-0.4759676,-0.2364227,0.8470886,False,-1,-1,0,0,0,-1
2026-08-21 13:39:37.576,38.49452,False,18.82272,1.081526,-8.522521,0.1244391,-0.2719848,0.03549383,0.9535614,-0.5098749,-0.2566282,0.8210783,False,-1,-1,0,0,0,-1
2026-08-21 13:39:37.618,38.53796,False,18.80453,1.092909,-8.511339,0.1441787,-0.3099,0.04760553,0.9385671,-0.5679965,-0.3001487,0.766349,False,-1,-1,0,0,0,-1
2026-08-21 13:39:37.654,38.57201,False,18.78948,1.100292,-8.501248,0.150191,-0.341511,0.05538207,0.9261457,-0.615942,-0.3160246,0.7216259,False,-1,-1,0,0,0,-1
2026-08-21 13:39:37.686,38.60537,False,18.76638,1.110463,-8.488202,0.1591122,-0.3886918,0.06834158,0.9049483,-0.681744,-0.3411041,0.647204,False,-1,-1,0,0,0,-1
2026-08-21 13:39:37.720,38.63889,False,18.74519,1.118389,-8.479537,0.1601425,-0.4270261,0.07713203,0.8865967,-0.7324957,-0.3498383,0.5840062,False,-1,-1,0,0,0,-1
2026-08-21 13:39:37.764,38.68289,False,18.71897,1.127385,-8.475175,0.1735603,-0.45445,0.09076747,0.8689726,-0.7583019,-0.3841368,0.5267042,False,-1,-1,0,0,0,-1
2026-08-21 13:39:37.798,38.7165,False,18.70107,1.132343,-8.473965,0.1886289,-0.4659329,0.1023869,0.8583954,-0.7612831,-0.4192472,0.4946513,False,-1,-1,0,0,0,-1
2026-08-21 13:39:37.832,38.74989,False,18.68641,1.135851,-8.473019,0.2040824,-0.4718733,0.1132674,0.8502097,-0.7561507,-0.4539214,0.4713719,False,-1,-1,0,0,0,-1
2026-08-21 13:39:37.875,38.79385,False,18.67034,1.139312,-8.469971,0.2302042,-0.4650813,0.1266457,0.8453794,-0.7280316,-0.5070208,0.4614109,False,-1,-1,0,0,0,-1
2026-08-21 13:39:37.910,38.8278,False,18.66077,1.138815,-8.468624,0.2519346,-0.4515395,0.1345778,0.8452986,-0.6955618,-0.5474545,0.465282,False,-1,-1,0,0,0,-1
2026-08-21 13:39:37.943,38.86147,False,18.65332,1.139539,-8.467452,0.2705631,-0.4278417,0.1359257,0.8516287,-0.6551715,-0.5771479,0.4874942,False,-1,-1,0,0,0,-1
2026-08-21 13:39:37.986,38.90484,False,18.64529,1.140868,-8.466702,0.2926583,-0.3799897,0.1281084,0.868071,-0.5847322,-0.6054561,0.5399178,False,-1,-1,0,0,0,-1
2026-08-21 13:39:38.019,38.93824,False,18.64019,1.141412,-8.46672,0.2981161,-0.3418012,0.1153007,0.8837447,-0.5353838,-0.6057367,0.5885976,False,-1,-1,0,0,0,-1
2026-08-21 13:39:38.053,38.97192,False,18.63648,1.141391,-8.465948,0.3175124,-0.3065947,0.1093008,0.8906397,-0.4767221,-0.6326003,0.6103712,False,-1,-1,0,0,0,-1
2026-08-21 13:39:38.087,39.00594,False,18.63327,1.141268,-8.465785,0.3255706,-0.2705823,0.09780805,0.900679,-0.4237287,-0.6393995,0.641578,False,-1,-1,0,0,0,-1
2026-08-21 13:39:38.130,39.04934,False,18.63015,1.141178,-8.466635,0.3294902,-0.2131051,0.07660495,0.9165992,-0.3401828,-0.6366706,0.6920449,False,-1,-1,0,0,0,-1
2026-08-21 13:39:38.176,39.09519,False,18.62859,1.1404,-8.469119,0.3238202,-0.1440698,0.04996275,0.9337495,-0.2366922,-0.6191301,0.7487688,False,-1,-1,0,0,0,-1
2026-08-21 13:39:38.219,39.13805,False,18.62809,1.137814,-8.473741,0.3066266,-0.073372,0.02371431,0.9487014,-0.1246734,-0.5852739,0.8011935,False,-1,-1,0,0,0,-1
2026-08-21 13:39:38.252,39.17158,False,18.62797,1.135992,-8.476229,0.3073332,-0.03556794,0.01149603,0.9508676,-0.06057458,-0.585284,0.8085625,False,-1,-1,0,0,0,-1
2026-08-21 13:39:38.296,39.21582,False,18.6285,1.131729,-8.482658,0.2843789,0.02129594,-0.006318625,0.9584546,0.03722862,-0.5453975,0.8373504,False,-1,-1,0,0,0,-1
2026-08-21 13:39:38.341,39.26013,False,18.63027,1.129588,-8.488803,0.2702435,0.06395196,-0.01799339,0.9604972,0.1131262,-0.5214377,0.8457572,False,-1,-1,0,0,0,-1
2026-08-21 13:39:38.387,39.30558,False,18.63349,1.129907,-8.494188,0.2570827,0.08508828,-0.0227301,0.9623678,0.1520854,-0.4986843,0.853337,False,-1,-1,0,0,0,-1
2026-08-21 13:39:38.430,39.34848,False,18.63665,1.13197,-8.498878,0.2504112,0.08606977,-0.02235663,0.9640469,0.1547539,-0.4866649,0.8597724,False,-1,-1,0,0,0,-1
2026-08-21 13:39:38.465,39.38298,False,18.63846,1.132474,-8.500816,0.2419921,0.07974967,-0.01996173,0.9667892,0.1445411,-0.4710945,0.8701597,False,-1,-1,0,0,0,-1
2026-08-21 13:39:38.499,39.41764,False,18.64022,1.133122,-8.502093,0.2381548,0.0688534,-0.01692873,0.9686356,0.1253244,-0.4637017,0.877083,False,-1,-1,0,0,0,-1
2026-08-21 13:39:38.541,39.46051,False,18.64322,1.132264,-8.502985,0.2360535,0.03878001,-0.009428331,0.9709202,0.07085342,-0.4591094,0.8855498,False,-1,-1,0,0,0,-1
2026-08-21 13:39:38.586,39.50463,False,18.64555,1.13149,-8.502965,0.2294892,0.009656084,-0.002276848,0.9732606,0.01775075,-0.4467495,0.894483,False,-1,-1,0,0,0,-1
2026-08-21 13:39:38.619,39.53819,False,18.64727,1.130852,-8.503195,0.2251874,-0.01212046,0.002801554,0.9742361,-0.02235463,-0.4388393,0.8982875,False,-1,-1,0,0,0,-1
2026-08-21 13:39:38.664,39.58298,False,18.64978,1.130182,-8.504071,0.2199569,-0.03432156,0.00774383,0.9748749,-0.06351185,-0.4293925,0.900882,False,-1,-1,0,0,0,-1
2026-08-21 13:39:38.709,39.62787,False,18.65437,1.128617,-8.505534,0.2108621,-0.05721997,0.01236524,0.9757614,-0.1064514,-0.4129173,0.9045261,False,-1,-1,0,0,0,-1
2026-08-21 13:39:38.742,39.66156,False,18.65859,1.127487,-8.50668,0.2013686,-0.06762816,0.01393765,0.9770788,-0.1265429,-0.395391,0.9097543,False,-1,-1,0,0,0,-1
2026-08-21 13:39:38.786,39.70501,False,18.66595,1.127651,-8.508186,0.1867662,-0.0732356,0.01396319,0.9795713,-0.1382633,-0.3679469,0.9195098,False,-1,-1,0,0,0,-1
2026-08-21 13:39:38.820,39.73885,False,18.67091,1.128152,-8.508896,0.1770926,-0.07216573,0.01302146,0.9814585,-0.1370433,-0.3494975,0.9268606,False,-1,-1,0,0,0,-1
2026-08-21 13:39:38.864,39.78282,False,18.68056,1.127202,-8.510339,0.1615782,-0.0674726,0.01107388,0.9844884,-0.1292734,-0.3196381,0.9386799,False,-1,-1,0,0,0,-1
2026-08-21 13:39:38.898,39.81678,False,18.68857,1.126322,-8.511764,0.1566111,-0.055027,0.008739428,0.9860876,-0.1057855,-0.3098263,0.94489,False,-1,-1,0,0,0,-1
2026-08-21 13:39:38.942,39.86065,False,18.69989,1.123771,-8.513497,0.1492943,-0.02943942,0.004446968,0.9883445,-0.05686475,-0.2953702,0.9536891,False,-1,-1,0,0,0,-1
2026-08-21 13:39:38.987,39.90594,False,18.71048,1.120298,-8.515122,0.1522332,0.004334799,-0.0006676888,0.9883349,0.008365177,-0.3009205,0.9536126,False,-1,-1,0,0,0,-1
2026-08-21 13:39:39.032,39.95132,False,18.72282,1.116707,-8.516171,0.1599391,0.04490605,-0.007283637,0.986078,0.08623186,-0.3160791,0.9448059,False,-1,-1,0,0,0,-1
2026-08-21 13:39:39.074,39.99324,False,18.73536,1.113787,-8.516022,0.1734337,0.08110011,-0.01433213,0.981396,0.1542113,-0.342739,0.9266871,False,-1,-1,0,0,0,-1
2026-08-21 13:39:39.110,40.02733,False,18.74619,1.11341,-8.513666,0.1860278,0.09977228,-0.0189919,0.9772812,0.1879451,-0.3673927,0.9108783,False,-1,-1,0,0,0,-1
2026-08-21 13:39:39.152,40.07124,False,18.76192,1.112266,-8.509572,0.21028,0.09924479,-0.02146255,0.9723539,0.1839758,-0.4131932,0.8918656,False,-1,-1,0,0,0,-1
2026-08-21 13:39:39.187,40.10498,False,18.77071,1.111094,-8.506759,0.2248761,0.08929124,-0.02069906,0.9700667,0.1639275,-0.4399861,0.8829156,False,-1,-1,0,0,0,-1
2026-08-21 13:39:39.231,40.14911,False,18.78032,1.110183,-8.502356,0.2454516,0.07448205,-0.01891818,0.9663581,0.1346657,-0.4772065,0.8684118,False,-1,-1,0,0,0,-1
2026-08-21 13:39:39.264,40.18261,False,18.78546,1.110349,-8.499447,0.2604218,0.05950354,-0.01608263,0.9635254,0.1062898,-0.50376,0.8572796,False,-1,-1,0,0,0,-1
2026-08-21 13:39:39.298,40.21631,False,18.79077,1.110012,-8.496578,0.2741784,0.03519852,-0.01004251,0.960982,0.0621434,-0.5276679,0.8471746,False,-1,-1,0,0,0,-1
2026-08-21 13:39:39.342,40.26015,False,18.79669,1.108152,-8.494472,0.28556,-0.002305306,0.0006869073,0.9583578,-0.004026309,-0.5473404,0.8369004,False,-1,-1,0,0,0,-1
2026-08-21 13:39:39.376,40.29436,False,18.80185,1.106608,-8.493559,0.2905299,-0.03419939,0.0103911,0.9561981,-0.05936494,-0.556319,0.8288456,False,-1,-1,0,0,0,-1
2026-08-21 13:39:39.418,40.33787,False,18.80895,1.103858,-8.494286,0.292398,-0.07222353,0.02215235,0.9533082,-0.124748,-0.5606906,0.8185744,False,-1,-1,0,0,0,-1
2026-08-21 13:39:39.464,40.38221,False,18.81501,1.1001,-8.498388,0.2873344,-0.104124,0.03143896,0.9516348,-0.180109,-0.5534219,0.8131943,False,-1,-1,0,0,0,-1
2026-08-21 13:39:39.497,40.41566,False,18.81912,1.096895,-8.502914,0.2771353,-0.1247226,0.03630745,0.9520095,-0.2173501,-0.5367275,0.8152806,False,-1,-1,0,0,0,-1
2026-08-21 13:39:39.541,40.46003,False,18.82278,1.092318,-8.510091,0.2527702,-0.1494083,0.03954128,0.9551026,-0.2654108,-0.4946586,0.8275688,False,-1,-1,0,0,0,-1
2026-08-21 13:39:39.575,40.4936,False,18.82531,1.089095,-8.515267,0.2329159,-0.1551006,0.03765766,0.9593102,-0.280037,-0.4585585,0.8433881,False,-1,-1,0,0,0,-1
2026-08-21 13:39:39.609,40.52711,False,18.82886,1.085627,-8.520451,0.2146328,-0.1650213,0.03682003,0.9619486,-0.3016784,-0.4250836,0.8534015,False,-1,-1,0,0,0,-1
2026-08-21 13:39:39.651,40.57086,False,18.8308,1.08483,-8.528783,0.2444921,-0.142896,0.03645448,0.9583713,-0.2560691,-0.4790467,0.8396088,False,-1,-1,0,0,0,-1
2026-08-21 13:39:39.686,40.60428,False,18.82854,1.086842,-8.538536,0.246166,-0.1224828,0.0313765,0.9609452,-0.2199509,-0.4807903,0.8488005,False,-1,-1,0,0,0,-1
2026-08-21 13:39:39.718,40.63805,False,18.828,1.0855,-8.541728,0.25173,-0.1067267,0.0279424,0.9614888,-0.1911651,-0.4900356,0.8504828,False,-1,-1,0,0,0,-1
2026-08-21 13:39:39.764,40.68236,False,18.8287,1.085766,-8.546471,0.2391609,-0.1164318,0.02889961,0.9635406,-0.2105503,-0.4676121,0.8584914,False,-1,-1,0,0,0,-1
2026-08-21 13:39:39.808,40.72671,False,18.83066,1.083842,-8.546319,0.2053421,-0.1524832,0.03240671,0.9661953,-0.281348,-0.4066841,0.869167,False,-1,-1,0,0,0,-1
2026-08-21 13:39:39.842,40.76025,False,18.8285,1.086562,-8.548882,0.1835671,-0.1518755,0.02871851,0.9707792,-0.2843315,-0.3651294,0.886474,False,-1,-1,0,0,0,-1
2026-08-21 13:39:39.876,40.79494,False,18.82851,1.085866,-8.551694,0.1703087,-0.161675,0.02833879,0.971624,-0.3045218,-0.3401154,0.8897123,False,-1,-1,0,0,0,-1
2026-08-21 13:39:39.920,40.83841,False,18.8322,1.081847,-8.55716,0.1498628,-0.1878549,0.02901529,0.9702628,-0.3558405,-0.3017139,0.8845034,False,-1,-1,0,0,0,-1
2026-08-21 13:39:39.953,40.8721,False,18.83622,1.078805,-8.560846,0.1408121,-0.1987412,0.02886695,0.9694538,-0.3772112,-0.2844958,0.8813477,False,-1,-1,0,0,0,-1
2026-08-21 13:39:39.997,40.91566,False,18.83705,1.074443,-8.563775,0.1352766,-0.2038974,0.02845956,0.9691833,-0.387528,-0.2738212,0.8802522,False,-1,-1,0,0,0,-1
2026-08-21 13:39:40.031,40.94938,False,18.83528,1.074787,-8.562654,0.1366525,-0.2149674,0.03039292,0.9665357,-0.4072409,-0.2772261,0.8702302,False,-1,-1,0,0,0,-1
2026-08-21 13:39:40.074,40.99367,False,18.83461,1.073672,-8.562342,0.1483119,-0.2182044,0.03357145,0.9639831,-0.4107326,-0.3005912,0.8607808,False,-1,-1,0,0,0,-1
2026-08-21 13:39:40.120,41.0388,False,18.8364,1.071824,-8.561509,0.1519983,-0.2104873,0.03314934,0.9651387,-0.3962217,-0.3073539,0.8651832,False,-1,-1,0,0,0,-1
2026-08-21 13:39:40.164,41.08266,False,18.83707,1.070552,-8.560095,0.1486428,-0.2017326,0.03099019,0.9675996,-0.3811797,-0.3001569,0.8744186,False,-1,-1,0,0,0,-1
2026-08-21 13:39:40.199,41.11799,False,18.83677,1.070666,-8.559173,0.1489238,-0.1990413,0.0306179,0.9681255,-0.3762743,-0.3005422,0.8764086,False,-1,-1,0,0,0,-1
2026-08-21 13:39:40.242,41.16035,False,18.83677,1.070628,-8.558559,0.1496185,-0.1969902,0.03043376,0.9684436,-0.372441,-0.3017844,0.8776183,False,-1,-1,0,0,0,-1
2026-08-21 13:39:40.275,41.19374,False,18.83723,1.070739,-8.557848,0.1515974,-0.1934622,0.03027126,0.968852,-0.3656944,-0.3054636,0.8791812,False,-1,-1,0,0,0,-1
2026-08-21 13:39:40.309,41.22721,False,18.8377,1.070976,-8.557092,0.1522442,-0.1909896,0.02999956,0.9692496,-0.3610987,-0.3065844,0.8806894,False,-1,-1,0,0,0,-1
2026-08-21 13:39:40.353,41.27118,False,18.83855,1.071115,-8.5564,0.1514577,-0.1903138,0.02973086,0.969514,-0.3600177,-0.3049971,0.8816825,False,-1,-1,0,0,0,-1
2026-08-21 13:39:40.398,41.31686,False,18.83975,1.070416,-8.556273,0.1540778,-0.1894053,0.03010846,0.9692674,-0.3578906,-0.3100905,0.8807714,False,-1,-1,0,0,0,-1
2026-08-21 13:39:40.442,41.36047,False,18.84062,1.069814,-8.556199,0.1545226,-0.18857,0.03005932,0.9693609,-0.3562951,-0.3109129,0.8811283,False,-1,-1,0,0,0,-1
2026-08-21 13:39:40.486,41.40502,False,18.84135,1.069352,-8.556212,0.1549183,-0.1878227,0.03001428,0.9694442,-0.3548677,-0.311644,0.8814459,False,-1,-1,0,0,0,-1
2026-08-21 13:39:40.530,41.44907,False,18.84235,1.069291,-8.556081,0.1552377,-0.1859228,0.02976203,0.9697671,-0.3513633,-0.3121557,0.8826679,False,-1,-1,0,0,0,-1
2026-08-21 13:39:40.567,41.48457,False,18.84259,1.069392,-8.556109,0.154513,-0.1853404,0.02952314,0.9700016,-0.3504376,-0.3106993,0.8835493,False,-1,-1,0,0,0,-1
2026-08-21 13:39:40.608,41.52691,False,18.8429,1.06981,-8.555925,0.1538841,-0.1849212,0.02933088,0.9701874,-0.3497894,-0.3094407,0.8842476,False,-1,-1,0,0,0,-1
2026-08-21 13:39:40.653,41.57172,False,18.84333,1.070005,-8.555724,0.1538313,-0.1847768,0.02929679,0.9702243,-0.3495362,-0.3093285,0.884387,False,-1,-1,0,0,0,-1
2026-08-21 13:39:40.955,41.8653,False,18.84381,1.069777,-8.555371,0.154484,-0.1825232,0.02905238,0.9705545,-0.3453211,-0.3104758,0.88564,False,-1,-1,0,0,0,-1
