RealTime,UnityTime,GazeValid,GazeOriginX,GazeOriginY,GazeOriginZ,GazeRotX,GazeRotY,GazeRotZ,GazeRotW,GazeDirX,GazeDirY,GazeDirZ,HitPainting,ImageX,ImageY,HitPointX,HitPointY,HitPointZ,HitDistance
2026-07-01 15:43:54.899,0,False,19.099,1.36144,-9.44,0,0,0,0,0,0,1,False,-1,-1,0,0,0,-1
2026-07-01 15:43:55.144,0.05152159,False,18.78682,0.9470737,-9.181946,0,0,0,1,0,0,1,False,-1,-1,0,0,0,-1
2026-07-01 15:43:55.194,0.1021722,False,18.78693,0.8963315,-9.181873,0,0,0,1,0,0,1,False,-1,-1,0,0,0,-1
2026-07-01 15:43:55.236,0.1443298,False,18.78707,0.8962806,-9.181855,0,0,0,1,0,0,1,False,-1,-1,0,0,0,-1
2026-07-01 15:43:55.270,0.1778769,False,18.7872,0.896343,-9.181828,0,0,0,1,0,0,1,False,-1,-1,0,0,0,-1
2026-07-01 15:43:55.313,0.2215506,False,18.78724,0.8962738,-9.181698,0,0,0,1,0,0,1,False,-1,-1,0,0,0,-1
2026-07-01 15:43:55.359,0.2663512,False,18.78716,0.8961851,-9.181769,0,0,0,1,0,0,1,False,-1,-1,0,0,0,-1
2026-07-01 15:43:55.393,0.3011598,False,18.78726,0.8962283,-9.181729,0,0,0,1,0,0,1,False,-1,-1,0,0,0,-1
2026-07-01 15:43:55.435,0.3436338,False,18.78745,0.8961918,-9.181676,0,0,0,1,0,0,1,False,-1,-1,0,0,0,-1
2026-07-01 15:43:55.481,0.38876,False,18.78725,0.896218,-9.181717,0,0,0,1,0,0,1,False,-1,-1,0,0,0,-1
2026-07-01 15:43:55.525,0.4330839,False,18.78728,0.8962197,-9.181688,0,0,0,1,0,0,1,False,-1,-1,0,0,0,-1
2026-07-01 15:43:55.569,0.4771158,False,18.78744,0.896265,-9.181608,0,0,0,1,0,0,1,False,-1,-1,0,0,0,-1
2026-07-01 15:43:55.613,0.5212783,False,18.78743,0.8963015,-9.181796,0,0,0,1,0,0,1,False,-1,-1,0,0,0,-1
2026-07-01 15:43:55.646,0.5547066,False,18.78753,0.8962815,-9.181896,0,0,0,1,0,0,1,False,-1,-1,0,0,0,-1
2026-07-01 15:43:55.690,0.5987035,False,18.78741,0.8962845,-9.181878,0,0,0,1,0,0,1,False,-1,-1,0,0,0,-1
2026-07-01 15:43:55.725,0.6332948,False,18.78745,0.8963237,-9.181901,0,0,0,1,0,0,1,False,-1,-1,0,0,0,-1
2026-07-01 15:43:55.768,0.6770835,False,18.7877,0.8962402,-9.181791,0,0,0,1,0,0,1,False,-1,-1,0,0,0,-1
2026-07-01 15:43:55.804,0.7115893,False,18.78774,0.8962341,-9.181805,0,0,0,1,0,0,1,False,-1,-1,0,0,0,-1
2026-07-01 15:43:55.846,0.7545151,False,18.78797,0.8964511,-9.181786,0,0,0,1,0,0,1,False,-1,-1,0,0,0,-1
2026-07-01 15:43:55.884,0.7916679,False,18.78783,0.8964309,-9.181584,0,0,0,1,0,0,1,False,-1,-1,0,0,0,-1
2026-07-01 15:43:55.918,0.8264906,False,18.78778,0.8963432,-9.181606,0,0,0,1,0,0,1,False,-1,-1,0,0,0,-1
2026-07-01 15:43:55.963,0.8706152,False,18.78784,0.8963528,-9.181657,0,0,0,1,0,0,1,False,-1,-1,0,0,0,-1
2026-07-01 15:43:55.997,0.9047362,False,18.78773,0.8963054,-9.181793,0,0,0,1,0,0,1,False,-1,-1,0,0,0,-1
2026-07-01 15:43:56.031,0.9396471,False,18.7879,0.8963609,-9.181866,0,0,0,1,0,0,1,False,-1,-1,0,0,0,-1
2026-07-01 15:43:56.074,0.9815108,False,18.78771,0.8965067,-9.181828,0,0,0,1,0,0,1,False,-1,-1,0,0,0,-1
2026-07-01 15:43:56.117,1.025791,False,18.78779,0.8964435,-9.181632,0,0,0,1,0,0,1,False,-1,-1,0,0,0,-1
2026-07-01 15:43:56.162,1.069999,False,18.78828,0.8961892,-9.181669,0,0,0,1,0,0,1,False,-1,-1,0,0,0,-1
2026-07-01 15:43:56.206,1.114383,False,18.78809,0.8962972,-9.181637,0,0,0,1,0,0,1,False,-1,-1,0,0,0,-1
2026-07-01 15:43:56.240,1.148238,False,18.78708,0.896084,-9.181644,0,0,0,1,0,0,1,False,-1,-1,0,0,0,-1
2026-07-01 15:43:56.285,1.193506,False,18.78911,0.8965079,-9.179918,0,0,0,1,0,0,1,False,-1,-1,0,0,0,-1
2026-07-01 15:43:56.328,1.236779,False,18.79169,0.897131,-9.176141,0,0,0,1,0,0,1,False,-1,-1,0,0,0,-1
2026-07-01 15:43:56.373,1.280999,False,18.79262,0.8973359,-9.175612,0,0,0,1,0,0,1,False,-1,-1,0,0,0,-1
2026-07-01 15:43:56.407,1.315188,False,18.79253,0.8972208,-9.174387,0,0,0,1,0,0,1,False,-1,-1,0,0,0,-1
2026-07-01 15:43:56.440,1.348678,False,18.79189,0.896947,-9.174155,0,0,0,1,0,0,1,False,-1,-1,0,0,0,-1
2026-07-01 15:43:56.484,1.392857,False,18.79153,0.89696,-9.174938,0,0,0,1,0,0,1,False,-1,-1,0,0,0,-1
2026-07-01 15:43:56.529,1.43736,False,18.79025,0.8963885,-9.176439,0,0,0,1,0,0,1,False,-1,-1,0,0,0,-1
2026-07-01 15:43:56.574,1.481876,False,18.78948,0.8965232,-9.176106,0,0,0,1,0,0,1,False,-1,-1,0,0,0,-1
2026-07-01 15:43:56.617,1.525802,False,18.78972,0.8967448,-9.176495,0,0,0,1,0,0,1,False,-1,-1,0,0,0,-1
2026-07-01 15:43:56.651,1.559307,False,18.78963,0.8969647,-9.176811,0,0,0,1,0,0,1,False,-1,-1,0,0,0,-1
2026-07-01 15:43:56.695,1.603636,False,18.79073,0.8976114,-9.178743,0,0,0,1,0,0,1,False,-1,-1,0,0,0,-1
2026-07-01 15:43:56.729,1.63709,False,18.79105,0.8975126,-9.178413,0,0,0,1,0,0,1,False,-1,-1,0,0,0,-1
2026-07-01 15:43:56.763,1.670483,False,18.79119,0.8972116,-9.178093,0,0,0,1,0,0,1,False,-1,-1,0,0,0,-1
2026-07-01 15:43:56.806,1.714546,False,18.79098,0.8963816,-9.177475,0,0,0,1,0,0,1,False,-1,-1,0,0,0,-1
2026-07-01 15:43:56.840,1.748396,False,18.79029,0.8961341,-9.17729,0,0,0,1,0,0,1,False,-1,-1,0,0,0,-1
2026-07-01 15:43:56.883,1.791993,False,18.79028,0.8963462,-9.177175,0,0,0,1,0,0,1,False,-1,-1,0,0,0,-1
2026-07-01 15:43:56.918,1.825608,False,18.78969,0.8962728,-9.176943,0,0,0,1,0,0,1,False,-1,-1,0,0,0,-1
2026-07-01 15:43:56.950,1.859048,False,18.78943,0.8962843,-9.177008,0,0,0,1,0,0,1,False,-1,-1,0,0,0,-1
2026-07-01 15:43:56.995,1.903303,False,18.78999,0.8961584,-9.177199,0,0,0,1,0,0,1,False,-1,-1,0,0,0,-1
2026-07-01 15:43:57.028,1.936803,False,18.7904,0.8960885,-9.177603,0,0,0,1,0,0,1,False,-1,-1,0,0,0,-1
2026-07-01 15:43:57.063,1.970845,False,18.79091,0.8960831,-9.178034,0,0,0,1,0,0,1,False,-1,-1,0,0,0,-1
2026-07-01 15:44:00.128,2.021545,False,18.79123,0.8960076,-9.177814,0,0,0,1,0,0,1,False,-1,-1,0,0,0,-1
2026-07-01 15:44:00.155,2.354879,False,18.80464,0.8947946,-9.174745,0,0,0,1,0,0,1,False,-1,-1,0,0,0,-1
2026-07-01 15:44:00.214,2.413554,False,18.8047,0.894818,-9.174894,0,0,0,1,0,0,1,False,-1,-1,0,0,0,-1
2026-07-01 15:44:00.252,2.451594,False,18.80498,0.8948838,-9.17502,0,0,0,1,0,0,1,False,-1,-1,0,0,0,-1
2026-07-01 15:44:00.307,2.506501,False,18.80538,0.8947448,-9.175037,0,0,0,1,0,0,1,False,-1,-1,0,0,0,-1
2026-07-01 15:44:00.361,2.563873,False,18.80578,0.8947203,-9.174698,0,0,0,1,0,0,1,False,-1,-1,0,0,0,-1
2026-07-01 15:44:00.411,2.612027,False,18.80567,0.8946552,-9.174469,0,0,0,1,0,0,1,False,-1,-1,0,0,0,-1
2026-07-01 15:44:00.817,2.945361,False,18.8074,0.8948096,-9.17309,0,0,0,1,0,0,1,False,-1,-1,0,0,0,-1
2026-07-01 15:44:00.859,2.990669,False,18.80741,0.8944209,-9.171903,0,0,0,1,0,0,1,False,-1,-1,0,0,0,-1
2026-07-01 15:44:00.926,3.057312,False,18.80788,0.8943933,-9.172182,0,0,0,1,0,0,1,False,-1,-1,0,0,0,-1
2026-07-01 15:44:00.993,3.124085,False,18.80812,0.8945252,-9.172034,0,0,0,1,0,0,1,False,-1,-1,0,0,0,-1
2026-07-01 15:44:01.060,3.190413,False,18.8084,0.8944849,-9.171963,0,0,0,1,0,0,1,False,-1,-1,0,0,0,-1
2026-07-01 15:44:01.128,3.258734,False,18.8088,0.8944789,-9.171974,0,0,0,1,0,0,1,False,-1,-1,0,0,0,-1
2026-07-01 15:44:01.192,3.323091,False,18.80928,0.894542,-9.171921,0,0,0,1,0,0,1,False,-1,-1,0,0,0,-1
2026-07-01 15:44:01.226,3.356867,False,18.80951,0.894511,-9.171925,0,0,0,1,0,0,1,False,-1,-1,0,0,0,-1
2026-07-01 15:44:01.260,3.390775,False,18.80964,0.8945023,-9.171909,0,0,0,1,0,0,1,False,-1,-1,0,0,0,-1
2026-07-01 15:44:01.298,3.426154,False,18.80871,0.8943329,-9.172199,0,0,0,1,0,0,1,False,-1,-1,0,0,0,-1
2026-07-01 15:44:01.360,3.490703,False,18.80951,0.894372,-9.172348,0,0,0,1,0,0,1,False,-1,-1,0,0,0,-1
2026-07-01 15:44:01.393,3.524784,False,18.80986,0.8945228,-9.172046,0,0,0,1,0,0,1,False,-1,-1,0,0,0,-1
2026-07-01 15:44:01.460,3.590791,False,18.80985,0.8946139,-9.171888,0,0,0,1,0,0,1,False,-1,-1,0,0,0,-1
2026-07-01 15:44:01.492,3.624186,False,18.80967,0.8944638,-9.171631,0,0,0,1,0,0,1,False,-1,-1,0,0,0,-1
2026-07-01 15:44:01.527,3.657751,False,18.80986,0.8944221,-9.171431,0,0,0,1,0,0,1,False,-1,-1,0,0,0,-1
2026-07-01 15:44:01.573,3.703047,False,18.81016,0.8944147,-9.171206,0,0,0,1,0,0,1,False,-1,-1,0,0,0,-1
2026-07-01 15:44:01.616,3.74545,False,18.81035,0.8943561,-9.171113,0,0,0,1,0,0,1,False,-1,-1,0,0,0,-1
2026-07-01 15:44:01.659,3.789574,False,18.81035,0.8943337,-9.171084,0,0,0,1,0,0,1,False,-1,-1,0,0,0,-1
2026-07-01 15:44:01.702,3.832785,False,18.81057,0.8943777,-9.171127,0,0,0,1,0,0,1,False,-1,-1,0,0,0,-1
2026-07-01 15:44:01.749,3.878699,False,18.81058,0.8943588,-9.171097,0,0,0,1,0,0,1,False,-1,-1,0,0,0,-1
2026-07-01 15:44:01.793,3.92384,False,18.8107,0.8943401,-9.171125,0,0,0,1,0,0,1,False,-1,-1,0,0,0,-1
2026-07-01 15:44:01.844,3.975128,False,18.81097,0.8943205,-9.171166,0,0,0,1,0,0,1,False,-1,-1,0,0,0,-1
2026-07-01 15:44:01.887,4.017737,False,18.81113,0.8944132,-9.1712,0,0,0,1,0,0,1,False,-1,-1,0,0,0,-1
2026-07-01 15:44:01.927,4.05858,False,18.81095,0.8944482,-9.171214,0,0,0,1,0,0,1,False,-1,-1,0,0,0,-1
2026-07-01 15:44:01.971,4.100909,False,18.81112,0.8944965,-9.171455,0,0,0,1,0,0,1,False,-1,-1,0,0,0,-1
2026-07-01 15:44:02.016,4.145042,False,18.81135,0.8945082,-9.171401,0,0,0,1,0,0,1,False,-1,-1,0,0,0,-1
2026-07-01 15:44:02.058,4.188743,False,18.81135,0.8944758,-9.171434,0,0,0,1,0,0,1,False,-1,-1,0,0,0,-1
2026-07-01 15:44:02.101,4.232631,False,18.81157,0.8944989,-9.171442,0,0,0,1,0,0,1,False,-1,-1,0,0,0,-1
2026-07-01 15:44:02.151,4.27957,False,18.8116,0.8944403,-9.171267,0,0,0,1,0,0,1,False,-1,-1,0,0,0,-1
2026-07-01 15:44:02.176,4.315512,False,18.81149,0.8944259,-9.171246,0,0,0,1,0,0,1,False,-1,-1,0,0,0,-1
2026-07-01 15:44:02.222,4.360207,False,18.81178,0.8943543,-9.171034,0,0,0,1,0,0,1,False,-1,-1,0,0,0,-1
2026-07-01 15:44:02.266,4.404817,False,18.81204,0.8943366,-9.171003,0,0,0,1,0,0,1,False,-1,-1,0,0,0,-1
2026-07-01 15:44:02.299,4.438367,False,18.81204,0.8942857,-9.170973,0,0,0,1,0,0,1,False,-1,-1,0,0,0,-1
2026-07-01 15:44:02.347,4.484591,False,18.81208,0.8942448,-9.171047,0,0,0,1,0,0,1,False,-1,-1,0,0,0,-1
2026-07-01 15:44:02.388,4.527204,False,18.81227,0.8941993,-9.170965,0,0,0,1,0,0,1,False,-1,-1,0,0,0,-1
2026-07-01 15:44:02.433,4.571316,False,18.8122,0.8941948,-9.170832,0,0,0,1,0,0,1,False,-1,-1,0,0,0,-1
2026-07-01 15:44:02.478,4.61601,False,18.81201,0.8941261,-9.170691,0,0,0,1,0,0,1,False,-1,-1,0,0,0,-1
2026-07-01 15:44:02.521,4.660041,False,18.81245,0.8942843,-9.170635,0,0,0,1,0,0,1,False,-1,-1,0,0,0,-1
2026-07-01 15:44:02.566,4.704637,False,18.81292,0.8942748,-9.170568,0,0,0,1,0,0,1,False,-1,-1,0,0,0,-1
2026-07-01 15:44:02.610,4.748824,False,18.81256,0.894209,-9.17089,0,0,0,1,0,0,1,False,-1,-1,0,0,0,-1
2026-07-01 15:44:02.655,4.793386,False,18.81277,0.8941927,-9.171143,0,0,0,1,0,0,1,False,-1,-1,0,0,0,-1
2026-07-01 15:44:02.699,4.838163,False,18.81372,0.8943752,-9.170969,0,0,0,1,0,0,1,False,-1,-1,0,0,0,-1
2026-07-01 15:44:02.744,4.882528,False,18.81452,0.894415,-9.170357,0,0,0,1,0,0,1,False,-1,-1,0,0,0,-1
2026-07-01 15:44:02.788,4.926924,False,18.81347,0.894271,-9.170078,0,0,0,1,0,0,1,False,-1,-1,0,0,0,-1
2026-07-01 15:44:02.832,4.970751,False,18.81282,0.8941808,-9.170017,0,0,0,1,0,0,1,False,-1,-1,0,0,0,-1
2026-07-01 15:44:02.865,5.004232,False,18.81343,0.8942331,-9.170483,0,0,0,1,0,0,1,False,-1,-1,0,0,0,-1
2026-07-01 15:44:02.910,5.04852,False,18.81406,0.8941938,-9.171076,0,0,0,1,0,0,1,False,-1,-1,0,0,0,-1
2026-07-01 15:44:02.944,5.082147,False,18.81423,0.894041,-9.172226,0,0,0,1,0,0,1,False,-1,-1,0,0,0,-1
2026-07-01 15:44:02.976,5.11604,False,18.81384,0.8940027,-9.173391,0,0,0,1,0,0,1,False,-1,-1,0,0,0,-1
2026-07-01 15:44:03.013,5.150866,False,18.81338,0.8940499,-9.174219,0,0,0,1,0,0,1,False,-1,-1,0,0,0,-1
2026-07-01 15:44:03.047,5.185195,False,18.81383,0.8940609,-9.174343,0,0,0,1,0,0,1,False,-1,-1,0,0,0,-1
2026-07-01 15:44:03.080,5.219164,False,18.81424,0.8939966,-9.173609,0,0,0,1,0,0,1,False,-1,-1,0,0,0,-1
2026-07-01 15:44:03.115,5.253394,False,18.81466,0.8941952,-9.17324,0,0,0,1,0,0,1,False,-1,-1,0,0,0,-1
2026-07-01 15:44:03.149,5.287222,False,18.81448,0.8942297,-9.17264,0,0,0,1,0,0,1,False,-1,-1,0,0,0,-1
2026-07-01 15:44:03.204,5.342631,False,18.81464,0.894094,-9.171954,0,0,0,1,0,0,1,False,-1,-1,0,0,0,-1
2026-07-01 15:44:03.237,5.376324,False,18.8147,0.8940161,-9.171951,0,0,0,1,0,0,1,False,-1,-1,0,0,0,-1
2026-07-01 15:44:03.282,5.420067,False,18.81476,0.8939373,-9.172203,0,0,0,1,0,0,1,False,-1,-1,0,0,0,-1
2026-07-01 15:44:03.315,5.453566,False,18.81457,0.8939454,-9.172449,0,0,0,1,0,0,1,False,-1,-1,0,0,0,-1
2026-07-01 15:44:03.359,5.497885,False,18.81447,0.8941011,-9.172914,0,0,0,1,0,0,1,False,-1,-1,0,0,0,-1
2026-07-01 15:44:03.393,5.531484,False,18.81474,0.8939697,-9.172884,0,0,0,1,0,0,1,False,-1,-1,0,0,0,-1
2026-07-01 15:44:03.437,5.57509,False,18.81524,0.8940189,-9.172638,0,0,0,1,0,0,1,False,-1,-1,0,0,0,-1
2026-07-01 15:44:03.492,5.62312,False,18.81532,0.8940399,-9.172518,0,0,0,1,0,0,1,False,-1,-1,0,0,0,-1
2026-07-01 15:44:03.531,5.664677,False,18.81531,0.8940673,-9.172333,0,0,0,1,0,0,1,False,-1,-1,0,0,0,-1
2026-07-01 15:44:03.575,5.705153,False,18.81541,0.8940133,-9.172285,0,0,0,1,0,0,1,False,-1,-1,0,0,0,-1
2026-07-01 15:44:03.618,5.74914,False,18.81535,0.8938583,-9.172245,0,0,0,1,0,0,1,False,-1,-1,0,0,0,-1
2026-07-01 15:44:03.660,5.791061,False,18.81566,0.8938667,-9.172254,0,0,0,1,0,0,1,False,-1,-1,0,0,0,-1
2026-07-01 15:44:03.701,5.833832,False,18.81594,0.8938926,-9.172375,0,0,0,1,0,0,1,False,-1,-1,0,0,0,-1
2026-07-01 15:44:03.746,5.87728,False,18.81628,0.8940505,-9.172213,0,0,0,1,0,0,1,False,-1,-1,0,0,0,-1
2026-07-01 15:44:03.794,5.924371,False,18.81638,0.8939026,-9.172042,0,0,0,1,0,0,1,False,-1,-1,0,0,0,-1
2026-07-01 15:44:03.835,5.966363,False,18.81617,0.8939895,-9.172043,0,0,0,1,0,0,1,False,-1,-1,0,0,0,-1
2026-07-01 15:44:03.881,6.011418,False,18.81663,0.8940039,-9.172108,0,0,0,1,0,0,1,False,-1,-1,0,0,0,-1
2026-07-01 15:44:03.924,6.054811,False,18.81657,0.8938491,-9.17195,0,0,0,1,0,0,1,False,-1,-1,0,0,0,-1
2026-07-01 15:44:03.967,6.099959,False,18.81664,0.8938254,-9.171794,0,0,0,1,0,0,1,False,-1,-1,0,0,0,-1
2026-07-01 15:44:04.013,6.143177,False,18.81657,0.8937809,-9.171396,0,0,0,1,0,0,1,False,-1,-1,0,0,0,-1
2026-07-01 15:44:04.058,6.188407,False,18.81667,0.8938135,-9.171082,0,0,0,1,0,0,1,False,-1,-1,0,0,0,-1
2026-07-01 15:44:04.102,6.232574,False,18.81689,0.8938159,-9.171277,0,0,0,1,0,0,1,False,-1,-1,0,0,0,-1
2026-07-01 15:44:04.141,6.27251,False,18.81695,0.8937522,-9.171583,0,0,0,1,0,0,1,False,-1,-1,0,0,0,-1
2026-07-01 15:44:04.185,6.314247,False,18.81685,0.893787,-9.17229,0,0,0,1,0,0,1,False,-1,-1,0,0,0,-1
2026-07-01 15:44:04.225,6.355625,False,18.81604,0.8937216,-9.172972,0,0,0,1,0,0,1,False,-1,-1,0,0,0,-1
2026-07-01 15:44:04.264,6.39495,False,18.81541,0.8939519,-9.1737,0,0,0,1,0,0,1,False,-1,-1,0,0,0,-1
2026-07-01 15:44:04.306,6.43574,False,18.81541,0.8941925,-9.175175,0,0,0,1,0,0,1,False,-1,-1,0,0,0,-1
2026-07-01 15:44:04.346,6.47563,False,18.81593,0.8944077,-9.17601,0,0,0,1,0,0,1,False,-1,-1,0,0,0,-1
2026-07-01 15:44:04.388,6.51811,False,18.81494,0.8947292,-9.177337,0,0,0,1,0,0,1,False,-1,-1,0,0,0,-1
2026-07-01 15:44:04.431,6.560706,False,18.81242,0.8945393,-9.178979,0,0,0,1,0,0,1,False,-1,-1,0,0,0,-1
2026-07-01 15:44:04.476,6.607912,False,18.80896,0.8943973,-9.181498,0,0,0,1,0,0,1,False,-1,-1,0,0,0,-1
2026-07-01 15:44:04.516,6.649721,False,18.8053,0.8945024,-9.184027,0,0,0,1,0,0,1,False,-1,-1,0,0,0,-1
2026-07-01 15:44:04.559,6.690253,False,18.80201,0.8945214,-9.186211,0,0,0,1,0,0,1,False,-1,-1,0,0,0,-1
2026-07-01 15:44:04.602,6.733565,False,18.79875,0.8951374,-9.18866,0,0,0,1,0,0,1,False,-1,-1,0,0,0,-1
2026-07-01 15:44:04.644,6.774933,False,18.79566,0.8953507,-9.190504,0,0,0,1,0,0,1,False,-1,-1,0,0,0,-1
2026-07-01 15:44:04.692,6.822998,False,18.78835,0.8957255,-9.192116,0,0,0,1,0,0,1,False,-1,-1,0,0,0,-1
2026-07-01 15:44:04.729,6.859937,False,18.78219,0.8958858,-9.19199,0,0,0,1,0,0,1,False,-1,-1,0,0,0,-1
2026-07-01 15:44:04.771,6.902328,False,18.77403,0.8951422,-9.191246,0,0,0,1,0,0,1,False,-1,-1,0,0,0,-1
2026-07-01 15:44:04.815,6.94527,False,18.7663,0.8937078,-9.189075,0,0,0,1,0,0,1,False,-1,-1,0,0,0,-1
2026-07-01 15:44:04.858,6.987847,False,18.76089,0.8931344,-9.18619,0,0,0,1,0,0,1,False,-1,-1,0,0,0,-1
2026-07-01 15:44:04.893,7.025119,False,18.75895,0.8928706,-9.183072,0,0,0,1,0,0,1,False,-1,-1,0,0,0,-1
2026-07-01 15:44:04.933,7.063679,False,18.75952,0.8926669,-9.179352,0,0,0,1,0,0,1,False,-1,-1,0,0,0,-1
2026-07-01 15:44:04.974,7.105943,False,18.7609,0.8924947,-9.174866,0,0,0,1,0,0,1,False,-1,-1,0,0,0,-1
2026-07-01 15:44:05.017,7.150076,False,18.76103,0.8923994,-9.173248,0,0,0,1,0,0,1,False,-1,-1,0,0,0,-1
2026-07-01 15:44:05.057,7.18873,False,18.76013,0.8925452,-9.172368,0,0,0,1,0,0,1,False,-1,-1,0,0,0,-1
2026-07-01 15:44:05.093,7.224959,False,18.75979,0.8923006,-9.172171,0,0,0,1,0,0,1,False,-1,-1,0,0,0,-1
2026-07-01 15:44:05.133,7.266182,False,18.75947,0.8922028,-9.171696,0,0,0,1,0,0,1,False,-1,-1,0,0,0,-1
2026-07-01 15:44:05.174,7.303904,False,18.75979,0.8922324,-9.171324,0,0,0,1,0,0,1,False,-1,-1,0,0,0,-1
2026-07-01 15:44:05.217,7.348269,False,18.76042,0.8921754,-9.17099,0,0,0,1,0,0,1,False,-1,-1,0,0,0,-1
2026-07-01 15:44:05.260,7.392075,False,18.76058,0.8920426,-9.170689,0,0,0,1,0,0,1,False,-1,-1,0,0,0,-1
2026-07-01 15:44:05.287,7.425478,False,18.76059,0.8918514,-9.17017,0,0,0,1,0,0,1,False,-1,-1,0,0,0,-1
2026-07-01 15:44:05.331,7.469489,False,18.76089,0.89183,-9.169588,0,0,0,1,0,0,1,False,-1,-1,0,0,0,-1
2026-07-01 15:44:05.364,7.503077,False,18.76126,0.8919061,-9.169341,0,0,0,1,0,0,1,False,-1,-1,0,0,0,-1
2026-07-01 15:44:05.409,7.547256,False,18.76188,0.8920304,-9.168899,0,0,0,1,0,0,1,False,-1,-1,0,0,0,-1
2026-07-01 15:44:05.442,7.581001,False,18.76214,0.89197,-9.168603,0,0,0,1,0,0,1,False,-1,-1,0,0,0,-1
2026-07-01 15:44:05.477,7.615386,False,18.76229,0.8920041,-9.167976,0,0,0,1,0,0,1,False,-1,-1,0,0,0,-1
2026-07-01 15:44:05.519,7.658446,False,18.76234,0.8920975,-9.167326,0,0,0,1,0,0,1,False,-1,-1,0,0,0,-1
2026-07-01 15:44:05.565,7.703435,False,18.76225,0.8920078,-9.166865,0,0,0,1,0,0,1,False,-1,-1,0,0,0,-1
2026-07-01 15:44:05.621,7.759108,False,18.7615,0.8918627,-9.166475,0,0,0,1,0,0,1,False,-1,-1,0,0,0,-1
2026-07-01 15:44:05.665,7.802835,False,18.76112,0.891856,-9.165642,0,0,0,1,0,0,1,False,-1,-1,0,0,0,-1
2026-07-01 15:44:05.708,7.846928,False,18.76097,0.8918499,-9.164224,0,0,0,1,0,0,1,False,-1,-1,0,0,0,-1
2026-07-01 15:44:05.742,7.880422,False,18.76076,0.8920063,-9.163893,0,0,0,1,0,0,1,False,-1,-1,0,0,0,-1
2026-07-01 15:44:05.776,7.914098,False,18.76057,0.8919877,-9.164167,0,0,0,1,0,0,1,False,-1,-1,0,0,0,-1
2026-07-01 15:44:05.811,7.948916,False,18.76084,0.8918352,-9.164928,0,0,0,1,0,0,1,False,-1,-1,0,0,0,-1
2026-07-01 15:44:05.845,7.983659,False,18.7615,0.8918793,-9.166387,0,0,0,1,0,0,1,False,-1,-1,0,0,0,-1
2026-07-01 15:44:05.880,8.018296,False,18.76349,0.8919609,-9.168526,0,0,0,1,0,0,1,False,-1,-1,0,0,0,-1
2026-07-01 15:44:05.912,8.051721,False,18.76565,0.8925577,-9.170977,0,0,0,1,0,0,1,False,-1,-1,0,0,0,-1
2026-07-01 15:44:05.947,8.085502,False,18.76745,0.8937275,-9.173658,0,0,0,1,0,0,1,False,-1,-1,0,0,0,-1
2026-07-01 15:44:05.991,8.129814,False,18.77046,0.8970464,-9.17799,0,0,0,1,0,0,1,False,-1,-1,0,0,0,-1
2026-07-01 15:44:06.051,8.182164,False,18.7735,0.8996754,-9.183363,0,0,0,1,0,0,1,False,-1,-1,0,0,0,-1
2026-07-01 15:44:06.098,8.229436,False,18.77672,0.8985351,-9.187385,0,0,0,1,0,0,1,False,-1,-1,0,0,0,-1
2026-07-01 15:44:06.139,8.269362,False,18.77847,0.8966714,-9.189792,0,0,0,1,0,0,1,False,-1,-1,0,0,0,-1
2026-07-01 15:44:06.183,8.311205,False,18.77872,0.8974191,-9.189601,0,0,0,1,0,0,1,False,-1,-1,0,0,0,-1
2026-07-01 15:44:06.225,8.357242,False,18.77949,0.8979367,-9.189281,0,0,0,1,0,0,1,False,-1,-1,0,0,0,-1
2026-07-01 15:44:06.268,8.398553,False,18.77831,0.8977065,-9.191244,0,0,0,1,0,0,1,False,-1,-1,0,0,0,-1
2026-07-01 15:44:06.307,8.439028,False,18.77546,0.896633,-9.19195,0,0,0,1,0,0,1,False,-1,-1,0,0,0,-1
2026-07-01 15:44:06.351,8.481904,False,18.77031,0.8941497,-9.186876,0,0,0,1,0,0,1,False,-1,-1,0,0,0,-1
2026-07-01 15:44:06.391,8.52353,False,18.76709,0.8900921,-9.179222,0,0,0,1,0,0,1,False,-1,-1,0,0,0,-1
2026-07-01 15:44:06.437,8.566467,False,18.76217,0.8935505,-9.172085,0,0,0,1,0,0,1,False,-1,-1,0,0,0,-1
2026-07-01 15:44:06.481,8.610885,False,18.76684,0.8916491,-9.174698,0,0,0,1,0,0,1,False,-1,-1,0,0,0,-1
2026-07-01 15:44:06.527,8.655703,False,18.7657,0.8916945,-9.173203,0,0,0,1,0,0,1,False,-1,-1,0,0,0,-1
2026-07-01 15:44:06.571,8.700969,False,18.76324,0.8918121,-9.173218,0,0,0,1,0,0,1,False,-1,-1,0,0,0,-1
2026-07-01 15:44:06.609,8.74092,False,18.76687,0.8920678,-9.174122,0,0,0,1,0,0,1,False,-1,-1,0,0,0,-1
2026-07-01 15:44:06.657,8.787812,False,18.76706,0.8911585,-9.176086,0,0,0,1,0,0,1,False,-1,-1,0,0,0,-1
2026-07-01 15:44:06.698,8.830854,False,18.76355,0.8906525,-9.178261,0,0,0,1,0,0,1,False,-1,-1,0,0,0,-1
2026-07-01 15:44:06.741,8.874726,False,18.76559,0.8909034,-9.175359,0,0,0,1,0,0,1,False,-1,-1,0,0,0,-1
2026-07-01 15:44:06.791,8.921138,False,18.76853,0.8904538,-9.177657,0,0,0,1,0,0,1,False,-1,-1,0,0,0,-1
2026-07-01 15:44:06.835,8.964989,False,18.77365,0.8917116,-9.172068,0,0,0,1,0,0,1,False,-1,-1,0,0,0,-1
2026-07-01 15:44:06.878,9.009102,False,18.77491,0.8920887,-9.169097,0,0,0,1,0,0,1,False,-1,-1,0,0,0,-1
2026-07-01 15:44:06.918,9.0494,False,18.77604,0.8924941,-9.166767,0,0,0,1,0,0,1,False,-1,-1,0,0,0,-1
2026-07-01 15:44:06.961,9.091196,False,18.77859,0.8931772,-9.163929,0,0,0,1,0,0,1,False,-1,-1,0,0,0,-1
2026-07-01 15:44:07.001,9.132247,False,18.781,0.8937209,-9.164054,0,0,0,1,0,0,1,False,-1,-1,0,0,0,-1
2026-07-01 15:44:07.041,9.171634,False,18.78465,0.894206,-9.164482,0,0,0,1,0,0,1,False,-1,-1,0,0,0,-1
2026-07-01 15:44:07.076,9.213974,False,18.78874,0.8948734,-9.164454,0,0,0,1,0,0,1,False,-1,-1,0,0,0,-1
2026-07-01 15:44:07.119,9.257299,False,15.82491,0.8625784,-7.552906,0,0,0,1,0,0,1,False,-1,-1,0,0,0,-1
2026-07-01 15:44:07.152,9.291101,False,15.82642,0.8628625,-7.55216,0,0,0,1,0,0,1,False,-1,-1,0,0,0,-1
2026-07-01 15:44:07.196,9.335325,False,15.82843,0.8636276,-7.550135,0,0,0,1,0,0,1,False,-1,-1,0,0,0,-1
2026-07-01 15:44:07.231,9.368909,False,15.83051,0.8642582,-7.54976,0,0,0,1,0,0,1,False,-1,-1,0,0,0,-1
2026-07-01 15:44:07.274,9.413088,False,15.83243,0.8648536,-7.550144,0,0,0,1,0,0,1,False,-1,-1,0,0,0,-1
2026-07-01 15:44:07.318,9.457344,False,15.83246,0.8654207,-7.551906,0,0,0,1,0,0,1,False,-1,-1,0,0,0,-1
2026-07-01 15:44:07.363,9.502159,False,15.82898,0.8654568,-7.554114,0,0,0,1,0,0,1,False,-1,-1,0,0,0,-1
2026-07-01 15:44:07.408,9.546835,False,15.82296,0.8656857,-7.556883,0,0,0,1,0,0,1,False,-1,-1,0,0,0,-1
2026-07-01 15:44:07.452,9.590902,False,15.81804,0.8659852,-7.558697,0,0,0,1,0,0,1,False,-1,-1,0,0,0,-1
2026-07-01 15:44:07.496,9.635178,False,15.81481,0.865908,-7.558246,0,0,0,1,0,0,1,False,-1,-1,0,0,0,-1
2026-07-01 15:44:07.531,9.668807,False,15.81212,0.8655128,-7.558176,0,0,0,1,0,0,1,False,-1,-1,0,0,0,-1
2026-07-01 15:44:07.564,9.702487,False,15.81122,0.8655418,-7.558663,0,0,0,1,0,0,1,False,-1,-1,0,0,0,-1
2026-07-01 15:44:07.608,9.746301,False,15.81034,0.8655655,-7.559993,0,0,0,1,0,0,1,False,-1,-1,0,0,0,-1
2026-07-01 15:44:07.642,9.781393,False,15.81135,0.8650128,-7.562304,0,0,0,1,0,0,1,False,-1,-1,0,0,0,-1
2026-07-01 15:44:07.677,9.816164,False,15.81325,0.8646671,-7.565023,0,0,0,1,0,0,1,False,-1,-1,0,0,0,-1
2026-07-01 15:44:07.712,9.850533,False,15.81444,0.8642735,-7.567564,0,0,0,1,0,0,1,False,-1,-1,0,0,0,-1
2026-07-01 15:44:07.745,9.884004,False,15.8152,0.8633348,-7.569056,0,0,0,1,0,0,1,False,-1,-1,0,0,0,-1
2026-07-01 15:44:07.778,9.91747,False,15.81588,0.862519,-7.569859,0,0,0,1,0,0,1,False,-1,-1,0,0,0,-1
2026-07-01 15:44:07.812,9.950974,False,15.81625,0.862124,-7.57064,0,0,0,1,0,0,1,False,-1,-1,0,0,0,-1
2026-07-01 15:44:07.857,9.995191,False,15.81622,0.8611672,-7.571967,0,0,0,1,0,0,1,False,-1,-1,0,0,0,-1
2026-07-01 15:44:07.891,10.02942,False,15.81531,0.8603625,-7.57326,0,0,0,1,0,0,1,False,-1,-1,0,0,0,-1
2026-07-01 15:44:07.934,10.07305,False,15.81291,0.8595173,-7.574852,0,0,0,1,0,0,1,False,-1,-1,0,0,0,-1
2026-07-01 15:44:07.968,10.1066,False,15.81046,0.8587199,-7.575559,0,0,0,1,0,0,1,False,-1,-1,0,0,0,-1
2026-07-01 15:44:08.013,10.15093,False,15.80471,0.8575194,-7.58309,0,0,0,1,0,0,1,False,-1,-1,0,0,0,-1
2026-07-01 15:44:08.046,10.18432,False,15.80221,0.8565139,-7.583851,0,0,0,1,0,0,1,False,-1,-1,0,0,0,-1
2026-07-01 15:44:08.080,10.21818,False,15.80299,0.8567191,-7.586188,0,0,0,1,0,0,1,False,-1,-1,0,0,0,-1
2026-07-01 15:44:08.123,10.26217,False,15.80429,0.8561524,-7.589538,0,0,0,1,0,0,1,False,-1,-1,0,0,0,-1
2026-07-01 15:44:08.158,10.29599,False,15.80585,0.8558036,-7.590762,0,0,0,1,0,0,1,False,-1,-1,0,0,0,-1
2026-07-01 15:44:08.201,10.33985,False,15.8078,0.8552102,-7.592257,0,0,0,1,0,0,1,False,-1,-1,0,0,0,-1
2026-07-01 15:44:08.235,10.3735,False,15.80929,0.8548452,-7.591842,0,0,0,1,0,0,1,False,-1,-1,0,0,0,-1
2026-07-01 15:44:08.280,10.41879,False,15.80977,0.8551081,-7.59163,0,0,0,1,0,0,1,False,-1,-1,0,0,0,-1
2026-07-01 15:44:08.324,10.46203,False,15.80799,0.8550341,-7.591861,0,0,0,1,0,0,1,False,-1,-1,0,0,0,-1
2026-07-01 15:44:08.368,10.50635,False,15.80674,0.8550732,-7.592391,0,0,0,1,0,0,1,False,-1,-1,0,0,0,-1
2026-07-01 15:44:08.402,10.54046,False,15.80665,0.8550372,-7.593144,0,0,0,1,0,0,1,False,-1,-1,0,0,0,-1
2026-07-01 15:44:08.446,10.58487,False,15.8068,0.8555452,-7.592004,0,0,0,1,0,0,1,False,-1,-1,0,0,0,-1
2026-07-01 15:44:08.490,10.62866,False,15.80745,0.8553648,-7.58961,0,0,0,1,0,0,1,False,-1,-1,0,0,0,-1
2026-07-01 15:44:08.524,10.66217,False,15.80787,0.8550781,-7.589038,0,0,0,1,0,0,1,False,-1,-1,0,0,0,-1
2026-07-01 15:44:08.567,10.69895,False,15.80866,0.8549494,-7.589171,0,0,0,1,0,0,1,False,-1,-1,0,0,0,-1
2026-07-01 15:44:08.611,10.74121,False,15.80941,0.8553768,-7.589611,0,0,0,1,0,0,1,False,-1,-1,0,0,0,-1
2026-07-01 15:44:08.653,10.78272,False,15.8106,0.8568997,-7.589165,0,0,0,1,0,0,1,False,-1,-1,0,0,0,-1
2026-07-01 15:44:08.689,10.82292,False,15.81045,0.8638256,-7.588838,0,0,0,1,0,0,1,False,-1,-1,0,0,0,-1
2026-07-01 15:44:08.735,10.8654,False,15.81278,0.8732318,-7.590292,0,0,0,1,0,0,1,False,-1,-1,0,0,0,-1
2026-07-01 15:44:08.782,10.91199,False,15.81632,0.8822885,-7.592161,0,0,0,1,0,0,1,False,-1,-1,0,0,0,-1
2026-07-01 15:44:08.823,10.95395,False,15.82113,0.8918396,-7.592703,0,0,0,1,0,0,1,False,-1,-1,0,0,0,-1
2026-07-01 15:44:08.865,10.9979,False,15.826,0.9048945,-7.591821,0,0,0,1,0,0,1,False,-1,-1,0,0,0,-1
2026-07-01 15:44:08.911,11.04095,False,15.83172,0.9184258,-7.590729,0,0,0,1,0,0,1,False,-1,-1,0,0,0,-1
2026-07-01 15:44:08.954,11.08552,False,15.83856,0.9304029,-7.591722,0,0,0,1,0,0,1,False,-1,-1,0,0,0,-1
2026-07-01 15:44:08.999,11.13006,False,15.84703,0.9420424,-7.594083,0,0,0,1,0,0,1,False,-1,-1,0,0,0,-1
2026-07-01 15:44:09.041,11.17276,False,15.85614,0.9555693,-7.595309,0,0,0,1,0,0,1,False,-1,-1,0,0,0,-1
2026-07-01 15:44:09.089,11.21953,False,15.86775,0.9686353,-7.596737,0,0,0,1,0,0,1,False,-1,-1,0,0,0,-1
2026-07-01 15:44:09.132,11.26398,False,15.88013,0.9808451,-7.5985,0,0,0,1,0,0,1,False,-1,-1,0,0,0,-1
2026-07-01 15:44:09.176,11.30792,False,15.8893,0.9890205,-7.599634,0,0,0,1,0,0,1,False,-1,-1,0,0,0,-1
2026-07-01 15:44:09.216,11.34845,False,15.89944,0.9969273,-7.600131,0,0,0,1,0,0,1,False,-1,-1,0,0,0,-1
2026-07-01 15:44:09.258,11.38988,False,15.9137,1.007312,-7.599229,0,0,0,1,0,0,1,False,-1,-1,0,0,0,-1
2026-07-01 15:44:09.297,11.42729,False,15.92461,1.014403,-7.597061,0,0,0,1,0,0,1,False,-1,-1,0,0,0,-1
2026-07-01 15:44:09.339,11.46824,False,15.94091,1.022835,-7.591666,0,0,0,1,0,0,1,False,-1,-1,0,0,0,-1
2026-07-01 15:44:09.378,11.5086,False,15.95815,1.030571,-7.583097,0,0,0,1,0,0,1,False,-1,-1,0,0,0,-1
2026-07-01 15:44:09.417,11.5498,False,15.97204,1.035229,-7.574128,0,0,0,1,0,0,1,False,-1,-1,0,0,0,-1
2026-07-01 15:44:09.457,11.58944,False,15.98949,1.040059,-7.559415,0,0,0,1,0,0,1,False,-1,-1,0,0,0,-1
2026-07-01 15:44:09.499,11.62986,False,15.99971,1.041414,-7.544868,0,0,0,1,0,0,1,False,-1,-1,0,0,0,-1
2026-07-01 15:44:09.541,11.67192,False,16.01031,1.039277,-7.524088,0,0,0,1,0,0,1,False,-1,-1,0,0,0,-1
2026-07-01 15:44:09.581,11.71071,False,16.01891,1.033134,-7.499817,0,0,0,1,0,0,1,False,-1,-1,0,0,0,-1
2026-07-01 15:44:09.624,11.75555,False,16.02473,1.022442,-7.472446,0,0,0,1,0,0,1,False,-1,-1,0,0,0,-1
2026-07-01 15:44:09.674,11.80462,False,16.02809,1.007641,-7.442714,0,0,0,1,0,0,1,False,-1,-1,0,0,0,-1
2026-07-01 15:44:09.712,11.84287,False,16.02999,0.9914953,-7.411416,0,0,0,1,0,0,1,False,-1,-1,0,0,0,-1
2026-07-01 15:44:09.750,11.88063,False,16.03245,0.977627,-7.386616,0,0,0,1,0,0,1,False,-1,-1,0,0,0,-1
2026-07-01 15:44:09.792,11.92408,False,16.0326,0.9578512,-7.35334,0,0,0,1,0,0,1,False,-1,-1,0,0,0,-1
2026-07-01 15:44:09.830,11.96143,False,16.0339,0.9434015,-7.327415,0,0,0,1,0,0,1,False,-1,-1,0,0,0,-1
2026-07-01 15:44:09.874,12.0054,False,16.03647,0.9235824,-7.293221,0,0,0,1,0,0,1,False,-1,-1,0,0,0,-1
2026-07-01 15:44:09.916,12.04723,False,16.04056,0.9056174,-7.259778,0,0,0,1,0,0,1,False,-1,-1,0,0,0,-1
2026-07-01 15:44:09.960,12.0894,False,16.04597,0.8901417,-7.231081,0,0,0,1,0,0,1,False,-1,-1,0,0,0,-1
2026-07-01 15:44:10.000,12.1332,False,16.05085,0.8763614,-7.207295,0,0,0,1,0,0,1,False,-1,-1,0,0,0,-1
2026-07-01 15:44:10.042,12.17318,False,16.05241,0.8677449,-7.1942,0,0,0,1,0,0,1,False,-1,-1,0,0,0,-1
2026-07-01 15:44:10.084,12.2147,False,16.05395,0.8593252,-7.182844,0,0,0,1,0,0,1,False,-1,-1,0,0,0,-1
2026-07-01 15:44:10.129,12.26041,False,16.04816,0.8567938,-7.176562,0,0,0,1,0,0,1,False,-1,-1,0,0,0,-1
2026-07-01 15:44:10.172,12.30343,False,16.03681,0.8555782,-7.171942,0,0,0,1,0,0,1,False,-1,-1,0,0,0,-1
2026-07-01 15:44:10.209,12.34149,False,16.02489,0.8506303,-7.169983,0,0,0,1,0,0,1,False,-1,-1,0,0,0,-1
2026-07-01 15:44:10.254,12.38401,False,16.01651,0.8471355,-7.168221,0,0,0,1,0,0,1,False,-1,-1,0,0,0,-1
2026-07-01 15:44:10.284,12.42241,False,15.9981,0.8454854,-7.165155,0,0,0,1,0,0,1,False,-1,-1,0,0,0,-1
2026-07-01 15:44:10.316,12.45593,False,15.98847,0.847821,-7.163148,0,0,0,1,0,0,1,False,-1,-1,0,0,0,-1
2026-07-01 15:44:10.351,12.49008,False,15.98339,0.8481594,-7.1622,0,0,0,1,0,0,1,False,-1,-1,0,0,0,-1
2026-07-01 15:44:10.396,12.53443,False,15.979,0.8494955,-7.160871,0,0,0,1,0,0,1,False,-1,-1,0,0,0,-1
2026-07-01 15:44:10.429,12.56779,False,15.9791,0.8516878,-7.161489,0,0,0,1,0,0,1,False,-1,-1,0,0,0,-1
2026-07-01 15:44:10.472,12.61153,False,15.97977,0.8502693,-7.163236,0,0,0,1,0,0,1,False,-1,-1,0,0,0,-1
2026-07-01 15:44:10.507,12.64505,False,15.97779,0.848624,-7.162941,0,0,0,1,0,0,1,False,-1,-1,0,0,0,-1
2026-07-01 15:44:10.551,12.6892,False,15.97122,0.8442869,-7.159732,0,0,0,1,0,0,1,False,-1,-1,0,0,0,-1
2026-07-01 15:44:10.584,12.72254,False,15.96806,0.8418146,-7.155189,0,0,0,1,0,0,1,False,-1,-1,0,0,0,-1
2026-07-01 15:44:10.618,12.75662,False,15.96696,0.8422999,-7.151786,0,0,0,1,0,0,1,False,-1,-1,0,0,0,-1
2026-07-01 15:44:10.675,12.81252,False,15.97217,0.8451763,-7.147686,0,0,0,1,0,0,1,False,-1,-1,0,0,0,-1
2026-07-01 15:44:10.717,12.85573,False,15.97597,0.8487927,-7.147408,0,0,0,1,0,0,1,False,-1,-1,0,0,0,-1
2026-07-01 15:44:10.761,12.90009,False,15.97873,0.8533299,-7.150574,0,0,0,1,0,0,1,False,-1,-1,0,0,0,-1
2026-07-01 15:44:10.795,12.93388,False,15.97848,0.8563621,-7.151233,0,0,0,1,0,0,1,False,-1,-1,0,0,0,-1
2026-07-01 15:44:10.841,12.97888,False,15.9704,0.8572901,-7.148886,0,0,0,1,0,0,1,False,-1,-1,0,0,0,-1
2026-07-01 15:44:10.874,13.01326,False,15.9708,0.8566161,-7.14848,0,0,0,1,0,0,1,False,-1,-1,0,0,0,-1
2026-07-01 15:44:10.910,13.04874,False,15.97679,0.855656,-7.150213,0,0,0,1,0,0,1,False,-1,-1,0,0,0,-1
2026-07-01 15:44:10.944,13.08281,False,15.98073,0.8498605,-7.152867,0,0,0,1,0,0,1,False,-1,-1,0,0,0,-1
2026-07-01 15:44:10.978,13.11669,False,15.98528,0.8461112,-7.156113,0,0,0,1,0,0,1,False,-1,-1,0,0,0,-1
2026-07-01 15:44:11.022,13.16092,False,15.99183,0.8463093,-7.158987,0,0,0,1,0,0,1,False,-1,-1,0,0,0,-1
2026-07-01 15:44:11.066,13.20504,False,16.0013,0.8423786,-7.142891,0,0,0,1,0,0,1,False,-1,-1,0,0,0,-1
2026-07-01 15:44:11.099,13.23847,False,16.00827,0.844149,-7.142494,0,0,0,1,0,0,1,False,-1,-1,0,0,0,-1
2026-07-01 15:44:11.134,13.2722,False,16.01525,0.8454216,-7.141619,0,0,0,1,0,0,1,False,-1,-1,0,0,0,-1
2026-07-01 15:44:11.178,13.31638,False,16.02326,0.8445988,-7.139606,0,0,0,1,0,0,1,False,-1,-1,0,0,0,-1
2026-07-01 15:44:11.212,13.34991,False,16.02747,0.8463701,-7.136928,0,0,0,1,0,0,1,False,-1,-1,0,0,0,-1
2026-07-01 15:44:11.255,13.39409,False,16.02859,0.8547548,-7.130542,0,0,0,1,0,0,1,False,-1,-1,0,0,0,-1
2026-07-01 15:44:11.300,13.43865,False,16.02669,0.8641263,-7.123722,0,0,0,1,0,0,1,False,-1,-1,0,0,0,-1
2026-07-01 15:44:11.334,13.47216,False,16.02465,0.8699552,-7.119192,0,0,0,1,0,0,1,False,-1,-1,0,0,0,-1
2026-07-01 15:44:11.377,13.51602,False,16.02117,0.8768504,-7.116796,0,0,0,1,0,0,1,False,-1,-1,0,0,0,-1
2026-07-01 15:44:11.411,13.54957,False,16.01857,0.8795836,-7.117386,0,0,0,1,0,0,1,False,-1,-1,0,0,0,-1
2026-07-01 15:44:11.444,13.58293,False,16.01738,0.8804936,-7.119821,0,0,0,1,0,0,1,False,-1,-1,0,0,0,-1
2026-07-01 15:44:11.488,13.62732,False,16.01993,0.8784807,-7.12468,0,0,0,1,0,0,1,False,-1,-1,0,0,0,-1
2026-07-01 15:44:11.532,13.67159,False,16.02467,0.8764418,-7.130058,0,0,0,1,0,0,1,False,-1,-1,0,0,0,-1
2026-07-01 15:44:11.566,13.70579,False,16.02993,0.8747175,-7.131977,0,0,0,1,0,0,1,False,-1,-1,0,0,0,-1
2026-07-01 15:44:11.609,13.74904,False,16.0359,0.8750436,-7.133397,0,0,0,1,0,0,1,False,-1,-1,0,0,0,-1
2026-07-01 15:44:11.644,13.78265,False,16.04008,0.8782814,-7.131983,0,0,0,1,0,0,1,False,-1,-1,0,0,0,-1
2026-07-01 15:44:11.677,13.81658,False,16.04496,0.8835796,-7.128839,0,0,0,1,0,0,1,False,-1,-1,0,0,0,-1
2026-07-01 15:44:11.713,13.85037,False,16.05085,0.89038,-7.124622,0,0,0,1,0,0,1,False,-1,-1,0,0,0,-1
2026-07-01 15:44:11.754,13.89373,False,16.05922,0.8998579,-7.117976,0,0,0,1,0,0,1,False,-1,-1,0,0,0,-1
2026-07-01 15:44:11.789,13.92735,False,16.06613,0.9071811,-7.112834,0,0,0,1,0,0,1,False,-1,-1,0,0,0,-1
2026-07-01 15:44:11.823,13.96189,False,16.07344,0.913201,-7.10864,0,0,0,1,0,0,1,False,-1,-1,0,0,0,-1
2026-07-01 15:44:11.866,14.00451,False,16.08381,0.918313,-7.10626,0,0,0,1,0,0,1,False,-1,-1,0,0,0,-1
2026-07-01 15:44:11.909,14.04844,False,16.0942,0.9193904,-7.107955,0,0,0,1,0,0,1,False,-1,-1,0,0,0,-1
2026-07-01 15:44:11.944,14.08276,False,16.10136,0.9198809,-7.110911,0,0,0,1,0,0,1,False,-1,-1,0,0,0,-1
2026-07-01 15:44:11.987,14.12638,False,16.11304,0.921833,-7.113638,0,0,0,1,0,0,1,False,-1,-1,0,0,0,-1
2026-07-01 15:44:12.021,14.16039,False,16.11738,0.9238691,-7.115691,0,0,0,1,0,0,1,False,-1,-1,0,0,0,-1
2026-07-01 15:44:12.066,14.20431,False,16.12051,0.9252895,-7.119637,0,0,0,1,0,0,1,False,-1,-1,0,0,0,-1
2026-07-01 15:44:12.109,14.24843,False,16.12133,0.9261624,-7.122678,0,0,0,1,0,0,1,False,-1,-1,0,0,0,-1
2026-07-01 15:44:12.143,14.28225,False,16.12218,0.9275006,-7.124072,0,0,0,1,0,0,1,False,-1,-1,0,0,0,-1
2026-07-01 15:44:12.188,14.32641,False,16.12359,0.9286504,-7.126558,0,0,0,1,0,0,1,False,-1,-1,0,0,0,-1
2026-07-01 15:44:12.221,14.35997,False,16.1243,0.928782,-7.128795,0,0,0,1,0,0,1,False,-1,-1,0,0,0,-1
2026-07-01 15:44:12.255,14.39334,False,16.12328,0.9288708,-7.130949,0,0,0,1,0,0,1,False,-1,-1,0,0,0,-1
2026-07-01 15:44:12.288,14.42674,False,16.12206,0.9292209,-7.13271,0,0,0,1,0,0,1,False,-1,-1,0,0,0,-1
2026-07-01 15:44:12.341,14.47233,True,16.1209,0.929774,-7.133524,0.2122707,-0.2697724,0.1408691,0.9286119,-0.4412229,-0.4702393,0.7643281,False,-1,-1,0,0,0,-1
2026-07-01 15:44:12.385,14.51594,True,16.12026,0.9299465,-7.134633,0.2508135,-0.2617439,0.1495439,0.9199018,-0.4065421,-0.539732,0.7371655,False,-1,-1,0,0,0,-1
2026-07-01 15:44:12.426,14.55801,True,16.12009,0.9295361,-7.136416,0.2613223,-0.2774887,0.1498551,0.9122797,-0.4279736,-0.5599643,0.7094213,False,-1,-1,0,0,0,-1
2026-07-01 15:44:12.472,14.60295,True,16.119,0.9288145,-7.140821,0.264222,-0.326097,0.1393043,0.8969068,-0.5113427,-0.5648185,0.6476949,False,-1,-1,0,0,0,-1
2026-07-01 15:44:12.515,14.6466,True,16.11985,0.927992,-7.144557,0.2766896,-0.3463166,0.1407579,0.8852654,-0.5352718,-0.5873811,0.6070153,False,-1,-1,0,0,0,-1
2026-07-01 15:44:12.554,14.68442,True,16.12168,0.9262559,-7.149817,0.2064421,-0.3573062,0.1250073,0.9022678,-0.5931582,-0.4618639,0.6594278,False,-1,-1,0,0,0,-1
2026-07-01 15:44:12.597,14.72854,True,16.12264,0.923807,-7.157714,0.2371282,-0.3621776,0.1411795,0.8903179,-0.5779512,-0.5245031,0.6251951,False,-1,-1,0,0,0,-1
2026-07-01 15:44:12.641,14.77181,True,16.12553,0.923937,-7.164732,0.2430661,-0.3588611,0.1644523,0.8860548,-0.5559957,-0.5487708,0.6242751,False,-1,-1,0,0,0,-1
2026-07-01 15:44:12.687,14.81709,True,16.12795,0.9274188,-7.171226,0.2520187,-0.3454951,0.1845777,0.8849016,-0.5184242,-0.5735649,0.6342394,False,-1,-1,0,0,0,-1
2026-07-01 15:44:12.731,14.86203,True,16.13141,0.929944,-7.176434,0.2735151,-0.3319277,0.213359,0.8772066,-0.4656246,-0.621498,0.6300269,False,-1,-1,0,0,0,-1
2026-07-01 15:44:12.775,14.90631,False,16.13454,0.9327804,-7.183471,0,0,0,1,0,0,1,False,-1,-1,0,0,0,-1
2026-07-01 15:44:12.819,14.94977,False,16.1367,0.9353889,-7.190798,0,0,0,1,0,0,1,False,-1,-1,0,0,0,-1
2026-07-01 15:44:12.869,14.99889,True,16.13811,0.9393568,-7.196926,0.1352716,-0.5184257,0.1578224,0.8294748,-0.8173444,-0.3880472,0.4258728,False,-1,-1,0,0,0,-1
2026-07-01 15:44:12.908,15.04124,True,16.14264,0.9430616,-7.203635,0.1184723,-0.5146578,0.1711103,0.831753,-0.8155926,-0.3732058,0.4421833,False,-1,-1,0,0,0,-1
2026-07-01 15:44:12.951,15.08225,True,16.14612,0.9443146,-7.206726,0.1182511,-0.4724579,0.190728,0.8523046,-0.7602484,-0.3817939,0.5256005,False,-1,-1,0,0,0,-1
2026-07-01 15:44:12.997,15.12592,True,16.15211,0.9463766,-7.21376,0.04835058,-0.464352,0.1772702,0.8663803,-0.7874686,-0.2484116,0.5640789,False,-1,-1,0,0,0,-1
2026-07-01 15:44:13.040,15.17214,True,16.15782,0.9476429,-7.220119,0.1038038,-0.4488022,0.2229414,0.8591266,-0.7248716,-0.3784743,0.5756027,False,-1,-1,0,0,0,-1
2026-07-01 15:44:13.082,15.2144,True,16.16313,0.9480551,-7.225153,0.1046984,-0.4534264,0.2375136,0.8526606,-0.7235031,-0.3939343,0.5668855,False,-1,-1,0,0,0,-1
2026-07-01 15:44:13.127,15.25751,True,16.16796,0.9477847,-7.228966,0.03797937,-0.4804475,0.2103556,0.8505753,-0.8013352,-0.2667383,0.5354555,False,-1,-1,0,0,0,-1
2026-07-01 15:44:13.169,15.30007,True,16.17129,0.9473932,-7.231658,-0.003130563,-0.5196032,0.1913711,0.8326944,-0.8665394,-0.1936604,0.4600054,False,-1,-1,0,0,0,-1
2026-07-01 15:44:13.212,15.34469,True,16.174,0.947642,-7.233291,-0.000845978,-0.5171761,0.1994496,0.8323149,-0.8612442,-0.2048928,0.4650564,False,-1,-1,0,0,0,-1
2026-07-01 15:44:13.253,15.38396,True,16.17464,0.9475712,-7.234035,-0.0002280269,-0.5229684,0.2061465,0.8270476,-0.8651335,-0.2152391,0.453008,False,-1,-1,0,0,0,-1
2026-07-01 15:44:13.294,15.42449,True,16.17428,0.9464086,-7.233856,0.001476906,-0.5250127,0.2066698,0.8256192,-0.8663107,-0.2194473,0.4487189,False,-1,-1,0,0,0,-1
2026-07-01 15:44:13.334,15.46544,True,16.17343,0.9443439,-7.233269,0.004891641,-0.5302434,0.2028006,0.8232193,-0.8710291,-0.2231211,0.437636,False,-1,-1,0,0,0,-1
2026-07-01 15:44:13.377,15.50673,True,16.17203,0.9417251,-7.23261,0.01527061,-0.5336511,0.1981715,0.8220167,-0.8712878,-0.2366143,0.4299666,False,-1,-1,0,0,0,-1
2026-07-01 15:44:13.415,15.5487,True,16.17053,0.939801,-7.232605,0.02408239,-0.528996,0.1919029,0.8262908,-0.8649662,-0.2428299,0.4391666,False,-1,-1,0,0,0,-1
2026-07-01 15:44:13.458,15.58873,True,16.16853,0.9378771,-7.23224,0.02350572,-0.5331584,0.1790961,0.8265073,-0.8728989,-0.2298284,0.4303793,False,-1,-1,0,0,0,-1
2026-07-01 15:44:13.499,15.63062,True,16.16604,0.9372727,-7.231419,0.140842,-0.3910771,0.2648397,0.8701047,-0.6059549,-0.45224,0.6544445,False,-1,-1,0,0,0,-1
2026-07-01 15:44:13.539,15.67094,True,16.16385,0.9372405,-7.230672,0.1313427,-0.3585904,0.2631223,0.885962,-0.5662766,-0.4214356,0.708324,False,-1,-1,0,0,0,-1
2026-07-01 15:44:13.580,15.7096,True,16.16067,0.9371076,-7.229912,0.1193208,-0.3693626,0.2508035,0.8868097,-0.5952565,-0.3969045,0.6986677,False,-1,-1,0,0,0,-1
2026-07-01 15:44:13.624,15.75371,True,16.15816,0.9367951,-7.228821,0.1431946,-0.3638374,0.2585279,0.8833352,-0.5687411,-0.4411018,0.6942354,False,-1,-1,0,0,0,-1
2026-07-01 15:44:13.664,15.79457,True,16.15691,0.936752,-7.227619,0.123039,-0.3661745,0.2439847,0.8895219,-0.5914012,-0.3975737,0.7015553,False,-1,-1,0,0,0,-1
2026-07-01 15:44:13.706,15.83775,True,16.15533,0.9363322,-7.225734,0.1155633,-0.3915549,0.2302181,0.8833627,-0.6385604,-0.3844547,0.6666598,False,-1,-1,0,0,0,-1
2026-07-01 15:44:13.747,15.87887,True,16.15431,0.9362378,-7.223584,0.04790971,-0.4845696,0.1714515,0.8564469,-0.813588,-0.2482246,0.5257939,False,-1,-1,0,0,0,-1
2026-07-01 15:44:13.788,15.91901,True,16.15342,0.9360996,-7.221249,0.06419411,-0.4775482,0.1804816,0.8574691,-0.795794,-0.2824663,0.5356537,False,-1,-1,0,0,0,-1
2026-07-01 15:44:13.830,15.96102,True,16.15292,0.9359307,-7.219677,0.06776813,-0.4826244,0.1814643,0.8541381,-0.7998608,-0.2909249,0.5249624,False,-1,-1,0,0,0,-1
2026-07-01 15:44:13.869,16.00055,True,16.15225,0.9357293,-7.217802,0.07022789,-0.4891625,0.1810005,0.8503099,-0.8064568,-0.2965083,0.5115762,False,-1,-1,0,0,0,-1
2026-07-01 15:44:13.912,16.04227,True,16.15146,0.9354106,-7.215749,0.06932446,-0.4809146,0.1815007,0.8549695,-0.7971697,-0.2931133,0.5278306,False,-1,-1,0,0,0,-1
2026-07-01 15:44:13.954,16.08331,True,16.15152,0.9350841,-7.213781,0.07369735,-0.4842985,0.1799246,0.8530245,-0.799717,-0.3000057,0.5200474,False,-1,-1,0,0,0,-1
2026-07-01 15:44:13.994,16.1239,True,16.15137,0.933924,-7.211434,0.07431655,-0.4766864,0.1761382,0.8580341,-0.7918463,-0.2954576,0.5344943,False,-1,-1,0,0,0,-1
2026-07-01 15:44:14.034,16.16556,True,16.15134,0.9324071,-7.208886,0.07934388,-0.4743471,0.1730682,0.8595039,-0.7879424,-0.3005815,0.5373988,False,-1,-1,0,0,0,-1
2026-07-01 15:44:14.074,16.20505,True,16.15145,0.9314233,-7.206478,0.07291687,-0.4758216,0.1656036,0.8607278,-0.7949551,-0.2831187,0.5365539,False,-1,-1,0,0,0,-1
2026-07-01 15:44:14.119,16.24992,True,16.15106,0.9305909,-7.204469,0.07514889,-0.4721664,0.1640261,0.8628482,-0.7901631,-0.2845793,0.5428231,False,-1,-1,0,0,0,-1
2026-07-01 15:44:14.158,16.28968,True,16.15072,0.9301131,-7.202744,0.07622413,-0.4740613,0.1622752,0.8620456,-0.7925863,-0.2852741,0.5389116,False,-1,-1,0,0,0,-1
2026-07-01 15:44:14.200,16.33239,True,16.15075,0.9298766,-7.200419,0.0787553,-0.4763292,0.162814,0.8604649,-0.7940842,-0.2906384,0.5338162,False,-1,-1,0,0,0,-1
2026-07-01 15:44:14.243,16.37271,True,16.15018,0.9298049,-7.198942,0.0962389,-0.4343636,0.1808861,0.8771241,-0.727165,-0.3259677,0.6041326,False,-1,-1,0,0,0,-1
2026-07-01 15:44:14.282,16.41457,True,16.14868,0.9294848,-7.197383,0.1136201,-0.4295254,0.1898332,0.8755351,-0.7089915,-0.3620332,0.6051967,False,-1,-1,0,0,0,-1
2026-07-01 15:44:14.323,16.45586,True,16.14706,0.9288445,-7.195531,0.1176898,-0.4381702,0.1882454,0.8710452,-0.719023,-0.3699933,0.588312,False,-1,-1,0,0,0,-1
2026-07-01 15:44:14.363,16.49384,True,16.14506,0.9275537,-7.193641,0.1258141,-0.4407948,0.1893953,0.8683318,-0.7178552,-0.3854657,0.5797415,False,-1,-1,0,0,0,-1
2026-07-01 15:44:14.403,16.53369,True,16.14365,0.9264332,-7.192119,0.1295159,-0.4427394,0.1887385,0.8669403,-0.7187679,-0.391689,0.5744149,False,-1,-1,0,0,0,-1
2026-07-01 15:44:14.445,16.57556,True,16.14267,0.9256047,-7.190507,0.1295338,-0.4428498,0.1865156,0.8673621,-0.7199022,-0.3899022,0.57421,False,-1,-1,0,0,0,-1
2026-07-01 15:44:14.489,16.62021,True,16.14079,0.9253076,-7.187182,0.132534,-0.4483955,0.1865105,0.8640544,-0.7254384,-0.3962941,0.5627524,False,-1,-1,0,0,0,-1
2026-07-01 15:44:14.530,16.6603,True,16.13965,0.9256546,-7.184816,0.1336493,-0.4515193,0.1876972,0.8619965,-0.7282448,-0.3999083,0.5565364,False,-1,-1,0,0,0,-1
2026-07-01 15:44:14.572,16.70275,True,16.13788,0.9259319,-7.181836,0.1254638,-0.4466273,0.1867063,0.8659813,-0.726692,-0.3840749,0.5695658,False,-1,-1,0,0,0,-1
2026-07-01 15:44:14.609,16.74052,True,16.13557,0.9260921,-7.17802,0.1252911,-0.4408384,0.1895688,0.8683475,-0.7180992,-0.3847308,0.5799273,False,-1,-1,0,0,0,-1
2026-07-01 15:44:14.652,16.78098,True,16.13358,0.9258777,-7.174641,0.1207029,-0.4439,0.1872666,0.8679372,-0.7253473,-0.3757803,0.5767673,False,-1,-1,0,0,0,-1
2026-07-01 15:44:14.695,16.82597,True,16.13258,0.9257594,-7.173583,0.116622,-0.4428545,0.1857199,0.8693604,-0.7266822,-0.3672669,0.5805584,False,-1,-1,0,0,0,-1
2026-07-01 15:44:14.733,16.86477,True,16.13127,0.9253292,-7.171934,0.1227277,-0.4405742,0.1884901,0.8690822,-0.7195245,-0.3794087,0.5816646,False,-1,-1,0,0,0,-1
2026-07-01 15:44:14.773,16.90503,True,16.12916,0.9243506,-7.169369,0.1264164,-0.4442522,0.1887063,0.8666308,-0.7222942,-0.386779,0.5733178,False,-1,-1,0,0,0,-1
2026-07-01 15:44:14.815,16.94561,True,16.12865,0.9242256,-7.168827,0.1294464,-0.4459221,0.1903098,0.8649735,-0.7221518,-0.3936621,0.5687943,False,-1,-1,0,0,0,-1
2026-07-01 15:44:14.857,16.98863,True,16.12781,0.9239471,-7.167654,0.1270372,-0.4464282,0.1893693,0.865276,-0.7244534,-0.3889241,0.5691267,False,-1,-1,0,0,0,-1
2026-07-01 15:44:14.906,17.03579,True,16.12857,0.9240147,-7.16796,0.1252687,-0.4440422,0.189345,0.8667657,-0.7223231,-0.3853116,0.5742686,False,-1,-1,0,0,0,-1
2026-07-01 15:44:14.946,17.07581,True,16.12865,0.9240431,-7.16742,0.1313728,-0.4434132,0.1936686,0.8652274,-0.7164209,-0.399085,0.5722519,False,-1,-1,0,0,0,-1
2026-07-01 15:44:14.987,17.11643,True,16.12814,0.9240695,-7.166345,0.1289676,-0.4443735,0.1929813,0.8652502,-0.7192118,-0.39469,0.5717992,False,-1,-1,0,0,0,-1
2026-07-01 15:44:15.029,17.15866,True,16.12935,0.9242054,-7.168009,0.2035212,-0.4692922,0.2243314,0.8294694,-0.6872146,-0.5481831,0.476688,False,-1,-1,0,0,0,-1
2026-07-01 15:44:15.072,17.20259,True,16.1305,0.9242589,-7.169468,0.249243,-0.4748605,0.2453151,0.8075927,-0.6447015,-0.6355546,0.424771,False,-1,-1,0,0,0,-1
2026-07-01 15:44:15.113,17.24372,True,16.13235,0.9243776,-7.171816,0.2453285,-0.4743216,0.2442468,0.8094297,-0.6480185,-0.6288554,0.4296659,False,-1,-1,0,0,0,-1
2026-07-01 15:44:15.153,17.28277,True,16.13158,0.9242383,-7.170257,0.2483329,-0.4753094,0.2453479,0.807599,-0.6458628,-0.6343392,0.4248236,False,-1,-1,0,0,0,-1
2026-07-01 15:44:15.194,17.32553,True,16.13051,0.9241681,-7.168799,0.2458602,-0.4760209,0.2424293,0.8088171,-0.6508201,-0.6285146,0.4259137,False,-1,-1,0,0,0,-1
2026-07-01 15:44:15.236,17.36662,True,16.12919,0.9244212,-7.167209,0.2442389,-0.4709867,0.2387302,0.8133429,-0.6495331,-0.6221775,0.4370377,False,-1,-1,0,0,0,-1
2026-07-01 15:44:15.273,17.40568,True,16.12557,0.9241554,-7.163907,0.2612585,-0.4676311,0.240011,0.8096048,-0.6317828,-0.6475056,0.4261303,False,-1,-1,0,0,0,-1
2026-07-01 15:44:15.315,17.44525,True,16.1209,0.9241977,-7.16057,0.1948883,-0.3707057,0.2221677,0.8804756,-0.5661989,-0.5079065,0.6491916,False,-1,-1,0,0,0,-1
2026-07-01 15:44:15.354,17.48629,True,16.11348,0.9242638,-7.156198,0.1894555,-0.3538016,0.2091748,0.891727,-0.5517303,-0.4858979,0.677862,False,-1,-1,0,0,0,-1
2026-07-01 15:44:15.396,17.52758,True,16.10782,0.9241723,-7.153713,0.1918437,-0.351713,0.1974373,0.8947137,-0.5536106,-0.4821728,0.678988,False,-1,-1,0,0,0,-1
2026-07-01 15:44:15.438,17.56888,True,16.14444,0.9321851,-7.21149,0.1936199,-0.340391,0.1859027,0.9011579,-0.5415031,-0.4755234,0.6932907,False,-1,-1,0,0,0,-1
2026-07-01 15:44:15.480,17.61088,True,16.1405,0.9320325,-7.20998,0.1981718,-0.3260924,0.1817077,0.9062969,-0.5190543,-0.477712,0.7087834,False,-1,-1,0,0,0,-1
2026-07-01 15:44:15.522,17.65375,True,16.13751,0.932022,-7.209132,0.1220923,-0.3556473,0.1504364,0.914318,-0.6136153,-0.3302669,0.7172169,False,-1,-1,0,0,0,-1
2026-07-01 15:44:15.564,17.69517,True,16.13651,0.9326671,-7.210093,0.1281085,-0.3879357,0.1486604,0.9005522,-0.6606234,-0.3460781,0.6661882,False,-1,-1,0,0,0,-1
2026-07-01 15:44:15.606,17.7392,True,16.13634,0.93274,-7.210369,0.118299,-0.3718463,0.1522868,0.9080443,-0.639275,-0.328096,0.6954715,False,-1,-1,0,0,0,-1
2026-07-01 15:44:15.655,17.785,True,16.13697,0.9324483,-7.210878,0.1732631,-0.3789894,0.1698046,0.8930361,-0.6180607,-0.4381688,0.6526937,False,-1,-1,0,0,0,-1
2026-07-01 15:44:15.697,17.82928,True,16.13942,0.9321214,-7.211847,0.1810442,-0.3740195,0.1742244,0.8927364,-0.604717,-0.4535761,0.6546649,False,-1,-1,0,0,0,-1
2026-07-01 15:44:15.739,17.87024,True,16.14256,0.9322653,-7.213416,0.1807779,-0.3763369,0.1776601,0.891138,-0.6065021,-0.4559162,0.6513798,False,-1,-1,0,0,0,-1
2026-07-01 15:44:15.785,17.91491,True,16.14743,0.9326535,-7.215466,0.1731542,-0.4225365,0.1773741,0.8717907,-0.6753006,-0.4518026,0.582961,False,-1,-1,0,0,0,-1
2026-07-01 15:44:15.827,17.95688,True,16.15264,0.9332042,-7.21665,0.1724098,-0.5652319,0.162709,0.7901353,-0.837114,-0.4563907,0.3015756,False,-1,-1,0,0,0,-1
2026-07-01 15:44:15.874,18.0034,True,16.15728,0.9339122,-7.217822,0.1593524,-0.5198457,0.1870682,0.8181521,-0.791006,-0.4552421,0.4087346,False,-1,-1,0,0,0,-1
2026-07-01 15:44:15.916,18.04728,True,16.16144,0.9339738,-7.219143,0.1590067,-0.513444,0.2023231,0.8186315,-0.7763014,-0.4680989,0.4221843,False,-1,-1,0,0,0,-1
2026-07-01 15:44:15.957,18.08936,True,16.16456,0.9337546,-7.219843,0.1503779,-0.5085669,0.207176,0.8220854,-0.7738615,-0.4579727,0.4374923,False,-1,-1,0,0,0,-1
2026-07-01 15:44:15.999,18.12971,True,16.1663,0.9338124,-7.2198,0.1516715,-0.500926,0.2117894,0.825357,-0.7626408,-0.4625479,0.4521377,False,-1,-1,0,0,0,-1
2026-07-01 15:44:16.039,18.17073,True,16.16615,0.9338377,-7.219622,0.1562216,-0.4947535,0.2125984,0.8280192,-0.7529057,-0.4690766,0.4616277,False,-1,-1,0,0,0,-1
2026-07-01 15:44:16.082,18.21424,True,16.16459,0.9336965,-7.219224,0.1599938,-0.4897861,0.2082241,0.8313569,-0.747745,-0.4699944,0.469023,False,-1,-1,0,0,0,-1
2026-07-01 15:44:16.119,18.24973,True,16.16162,0.9332947,-7.218082,0.1648798,-0.4794112,0.2020057,0.8379579,-0.7368395,-0.4700122,0.485959,False,-1,-1,0,0,0,-1
2026-07-01 15:44:16.164,18.29416,True,16.15651,0.9320892,-7.215824,0.1680922,-0.3645147,0.2153544,0.8902228,-0.5765998,-0.4562787,0.6777481,False,-1,-1,0,0,0,-1
2026-07-01 15:44:16.201,18.33145,True,16.15243,0.930745,-7.213534,0.1752423,-0.3224591,0.2129859,0.9055094,-0.5093312,-0.4547257,0.7306205,False,-1,-1,0,0,0,-1
2026-07-01 15:44:16.241,18.37305,True,16.14839,0.9293647,-7.212336,0.1587021,-0.3548065,0.1826283,0.9030908,-0.5828781,-0.4162403,0.6978519,False,-1,-1,0,0,0,-1
2026-07-01 15:44:16.283,18.41368,True,16.14435,0.9280671,-7.210741,0.1838342,-0.3339282,0.1869511,0.9053984,-0.5359401,-0.4577428,0.7093939,False,-1,-1,0,0,0,-1
2026-07-01 15:44:16.327,18.45809,True,16.13962,0.9268349,-7.209045,0.1095177,-0.315016,0.1559173,0.9297638,-0.5516295,-0.3018841,0.7775416,False,-1,-1,0,0,0,-1
2026-07-01 15:44:16.371,18.50096,True,16.13507,0.9258362,-7.207708,0.1137982,-0.3543619,0.1431714,0.9170494,-0.6173494,-0.3101861,0.7229552,False,-1,-1,0,0,0,-1
2026-07-01 15:44:16.413,18.54281,True,16.13079,0.9247519,-7.207617,0.234475,-0.2899489,0.1946298,0.9072323,-0.4348303,-0.538312,0.7219023,False,-1,-1,0,0,0,-1
2026-07-01 15:44:16.453,18.58353,True,16.12757,0.9242638,-7.207508,0.1842398,-0.3215487,0.1688545,0.9133183,-0.5251332,-0.4451292,0.7253242,False,-1,-1,0,0,0,-1
2026-07-01 15:44:16.497,18.62597,True,16.12477,0.9236344,-7.207409,0.1636452,-0.3283526,0.159108,0.916564,-0.5498378,-0.4044695,0.7308097,False,-1,-1,0,0,0,-1
2026-07-01 15:44:16.537,18.66975,True,16.12331,0.922971,-7.207241,0.1624188,-0.3321189,0.155895,0.9159771,-0.557786,-0.4010951,0.7266344,False,-1,-1,0,0,0,-1
2026-07-01 15:44:16.576,18.70559,True,16.12142,0.9222783,-7.207192,0.1730986,-0.3352304,0.1539234,0.9132169,-0.5589883,-0.4193528,0.7153149,False,-1,-1,0,0,0,-1
2026-07-01 15:44:16.618,18.74829,True,16.12073,0.9219855,-7.207757,0.1685235,-0.3328673,0.1503598,0.9155278,-0.5588202,-0.4086756,0.7215984,False,-1,-1,0,0,0,-1
2026-07-01 15:44:16.656,18.78829,True,16.1199,0.9214598,-7.208457,0.1856978,-0.4077645,0.1332031,0.8840258,-0.6714776,-0.4369542,0.5984889,False,-1,-1,0,0,0,-1
2026-07-01 15:44:16.697,18.82897,True,16.11976,0.9210992,-7.209153,0.1817643,-0.4426527,0.1219924,0.869562,-0.7254803,-0.4241112,0.5420405,False,-1,-1,0,0,0,-1
2026-07-01 15:44:16.738,18.86878,True,16.12033,0.9211079,-7.209671,0.20889,-0.4207286,0.1373363,0.8720615,-0.6764261,-0.4798925,0.5587047,False,-1,-1,0,0,0,-1
2026-07-01 15:44:16.780,18.9107,True,16.12101,0.9213363,-7.210369,0.17449,-0.4159242,0.1302556,0.8829461,-0.6890206,-0.4164835,0.5931206,False,-1,-1,0,0,0,-1
2026-07-01 15:44:16.818,18.95,True,16.12179,0.9215862,-7.210778,0.2034482,-0.4158995,0.141054,0.8750659,-0.6704846,-0.4733897,0.5712729,False,-1,-1,0,0,0,-1
2026-07-01 15:44:16.862,18.99359,True,16.12252,0.92189,-7.21094,0.2040761,-0.4161277,0.1426645,0.87455,-0.66962,-0.4756829,0.5703814,False,-1,-1,0,0,0,-1
2026-07-01 15:44:16.906,19.03693,True,16.12343,0.922088,-7.211128,0.1671905,-0.2933793,0.164796,0.9267245,-0.4886588,-0.4065745,0.7719519,False,-1,-1,0,0,0,-1
2026-07-01 15:44:16.950,19.08188,True,16.12459,0.9227279,-7.211375,0.1699366,-0.320558,0.1605947,0.917918,-0.5339102,-0.4149356,0.7367282,False,-1,-1,0,0,0,-1
2026-07-01 15:44:17.002,19.13356,True,16.12633,0.9235963,-7.211892,0.1742301,-0.3071799,0.1685239,0.9202631,-0.5066488,-0.4242093,0.7505687,False,-1,-1,0,0,0,-1
2026-07-01 15:44:17.041,19.17253,True,16.12808,0.9242562,-7.212224,0.1699858,-0.3084199,0.1691371,0.9205296,-0.5103175,-0.4172843,0.751964,False,-1,-1,0,0,0,-1
2026-07-01 15:44:17.084,19.21428,True,16.12971,0.9247192,-7.211943,0.1718007,-0.3021092,0.1726006,0.9216418,-0.497567,-0.4209659,0.7584291,False,-1,-1,0,0,0,-1
2026-07-01 15:44:17.124,19.25588,True,16.13156,0.9254959,-7.212218,0.1842289,-0.2594434,0.1888361,0.9290263,-0.4124814,-0.4402915,0.7974976,False,-1,-1,0,0,0,-1
2026-07-01 15:44:17.170,19.29889,True,16.13329,0.9265506,-7.212572,0.2011876,-0.2405206,0.2022793,0.9277696,-0.3649033,-0.4706161,0.8033468,False,-1,-1,0,0,0,-1
2026-07-01 15:44:17.210,19.34207,True,16.13514,0.9275367,-7.212644,0.1438743,-0.2125153,0.1939455,0.9468488,-0.3466321,-0.3548872,0.8682749,False,-1,-1,0,0,0,-1
2026-07-01 15:44:17.253,19.3838,True,16.13699,0.9282736,-7.211946,0.1011419,-0.1938073,0.1875423,0.9576205,-0.333251,-0.2664052,0.9044181,False,-1,-1,0,0,0,-1
2026-07-01 15:44:17.293,19.42238,True,16.13817,0.928689,-7.211263,0.09085628,-0.1840297,0.1886848,0.9603522,-0.3191803,-0.2439553,0.9157564,False,-1,-1,0,0,0,-1
2026-07-01 15:44:17.330,19.46138,True,16.13944,0.9291804,-7.210169,0.09091608,-0.1888577,0.1916306,0.9588247,-0.3273183,-0.246727,0.9121341,False,-1,-1,0,0,0,-1
2026-07-01 15:44:17.371,19.50175,True,16.1407,0.9299878,-7.209244,0.08612958,-0.1838821,0.1944961,0.9596564,-0.3194235,-0.2368383,0.9175382,False,-1,-1,0,0,0,-1
2026-07-01 15:44:17.415,19.5456,True,16.14248,0.9316349,-7.208504,0.08321307,-0.1777638,0.2007464,0.9597794,-0.3078186,-0.2311032,0.9229513,False,-1,-1,0,0,0,-1
2026-07-01 15:44:17.456,19.5874,True,16.1442,0.9335644,-7.208007,0.0715277,-0.1813349,0.2037379,0.9594229,-0.3188078,-0.2111402,0.9240029,False,-1,-1,0,0,0,-1
2026-07-01 15:44:17.497,19.6293,True,16.14572,0.9359599,-7.207441,0.0717179,-0.1779977,0.2115536,0.9583415,-0.3108209,-0.2127726,0.9263467,False,-1,-1,0,0,0,-1
2026-07-01 15:44:17.545,19.67594,True,16.14651,0.9379556,-7.206993,0.08287024,-0.1754779,0.2192843,0.9561666,-0.299228,-0.2354346,0.9246801,False,-1,-1,0,0,0,-1
2026-07-01 15:44:17.588,19.71774,False,16.14804,0.9413935,-7.205974,0,0,0,1,0,0,1,False,-1,-1,0,0,0,-1
2026-07-01 15:44:17.630,19.76138,False,16.14932,0.9441618,-7.205227,0,0,0,1,0,0,1,False,-1,-1,0,0,0,-1
2026-07-01 15:44:17.668,19.79989,True,16.15074,0.9462467,-7.204433,0.06872507,-0.07909713,0.2361287,0.9660558,-0.1203686,-0.1701387,0.978041,False,-1,-1,0,0,0,-1
2026-07-01 15:44:17.713,19.83948,True,16.15248,0.948806,-7.20337,0.01831345,-0.01571983,0.2292345,0.9730719,-0.0221969,-0.04284765,0.998835,True,0.03278619,0.1569708,16.02129,0.6955657,-1.3,5.910255
2026-07-01 15:44:17.758,19.88905,True,16.15398,0.9512599,-7.201401,0.01768723,-0.02440165,0.2286705,0.9730373,-0.03939834,-0.04558054,0.9981834,True,0.0164032,0.1529786,15.92105,0.6817813,-1.3,5.912141
2026-07-01 15:44:17.799,19.92906,True,16.15575,0.9535749,-7.199922,0.02236335,-0.02149381,0.2269551,0.9734111,-0.03169367,-0.05329373,0.9980758,True,0.02414215,0.1404553,15.9684,0.6385399,-1.3,5.911297
2026-07-01 15:44:17.843,19.97404,True,16.1574,0.9559269,-7.197075,0.008363229,-0.01284291,0.2209682,0.9751606,-0.02135178,-0.02198673,0.9995303,True,0.03444225,0.1948068,16.03142,0.8262086,-1.3,5.899847
2026-07-01 15:44:17.888,20.01787,True,16.73398,0.9582428,-8.785813,0.006334618,-0.01969592,0.2169505,0.9759634,-0.0356964,-0.02091079,0.9991439,True,0.1055552,0.1876723,16.46654,0.8015741,-1.3,7.492228
2026-07-01 15:44:17.929,20.05871,True,16.73194,0.9600137,-8.784502,0.02245788,-0.02204137,0.2166745,0.9757366,-0.03328104,-0.05337755,0.9980196,True,0.1081393,0.1176269,16.48235,0.5597166,-1.3,7.499353
2026-07-01 15:44:17.972,20.10328,True,16.72881,0.9625584,-8.783052,-7.934869E-05,-0.01910985,0.2110174,0.9772955,-0.03738544,-0.007909928,0.9992696,True,0.1026632,0.2171407,16.44884,0.9033246,-1.3,7.488523
2026-07-01 15:44:18.014,20.14507,True,16.72598,0.9650668,-8.7814,-0.03817486,-0.004295536,0.2031073,0.9784026,-0.02391272,0.07295586,0.9970484,True,0.1186326,0.3935652,16.54655,1.512495,-1.3,7.503547
2026-07-01 15:44:18.055,20.18515,True,16.72404,0.967616,-8.779868,-0.0724082,0.02661676,0.1959499,0.9775747,0.02366299,0.152,0.9880972,True,0.1769159,0.569001,16.90317,2.118252,-1.3,7.569972
2026-07-01 15:44:18.097,20.22785,True,16.72307,0.9696662,-8.778563,-0.05330255,0.006275454,0.2031291,0.97768,-0.00938382,0.1067751,0.9942389,True,0.135946,0.4689585,16.65249,1.772818,-1.3,7.521897
2026-07-01 15:44:18.137,20.2692,True,16.7229,0.9706769,-8.777749,-0.04546053,0.01607528,0.2094762,0.9766242,0.01235321,0.09553047,0.9953498,True,0.1626222,0.4445004,16.81571,1.688367,-1.3,7.512684
2026-07-01 15:44:18.180,20.31191,True,16.72296,0.9716571,-8.776769,-0.03010628,0.03051347,0.2152443,0.975619,0.04657864,0.07188021,0.9963251,True,0.2045907,0.393153,17.0725,1.511071,-1.3,7.504346
2026-07-01 15:44:18.220,20.35299,True,16.7236,0.971817,-8.776404,-0.04227353,0.03057742,0.21363,0.9755205,0.04159602,0.09554189,0.994556,True,0.198673,0.444984,17.03629,1.690037,-1.3,7.517329
2026-07-01 15:44:18.268,20.39701,True,16.72459,0.9717736,-8.776615,-0.009969414,0.003947214,0.2190565,0.9756533,0.003334493,0.02118271,0.99977,True,0.1518058,0.2828427,16.74953,1.130185,-1.3,7.478335
2026-07-01 15:44:18.322,20.45287,True,16.72537,0.9716993,-8.776351,-0.01913521,0.02805429,0.2156338,0.9758837,0.04650304,0.04944639,0.9976936,True,0.2048113,0.3442547,17.07385,1.342232,-1.3,7.493634
2026-07-01 15:44:18.366,20.49734,True,16.72551,0.9710993,-8.77606,-0.004006781,0.03978616,0.2149258,0.9758114,0.07592526,0.02492187,0.996802,True,0.2409474,0.2909026,17.29495,1.158015,-1.3,7.500045
2026-07-01 15:44:18.415,20.54515,True,16.7256,0.970603,-8.776153,-0.02406506,0.002433613,0.213233,0.9767019,-0.005509102,0.04804664,0.9988299,True,0.1411555,0.3407781,16.68436,1.330228,-1.3,7.48491
2026-07-01 15:44:18.459,20.58893,True,16.72588,0.9705712,-8.776042,-0.02892183,-0.0889564,0.2184976,0.971344,-0.1854532,0.01731258,0.9825006,False,-1,-1,0,0,0,-1
2026-07-01 15:44:18.502,20.63267,True,16.7264,0.9707414,-8.776618,-0.02731426,-0.1123861,0.2197755,0.9686702,-0.2297361,0.003517631,0.9732466,False,-1,-1,0,0,0,-1
2026-07-01 15:44:18.544,20.6732,True,16.7264,0.9708616,-8.777292,-0.02451797,-0.1069912,0.2183494,0.969678,-0.2182009,0.0008261502,0.9759035,False,-1,-1,0,0,0,-1
2026-07-01 15:44:18.587,20.71803,True,16.72584,0.9705688,-8.777906,-0.02172261,-0.1082023,0.2168162,0.9699542,-0.2193221,-0.004780143,0.9756408,False,-1,-1,0,0,0,-1
2026-07-01 15:44:18.630,20.76181,True,16.72518,0.9703516,-8.778662,-0.0150428,-0.1089889,0.215783,0.9702231,-0.2179791,-0.01784618,0.9757903,False,-1,-1,0,0,0,-1
2026-07-01 15:44:18.670,20.80033,True,16.72458,0.9702374,-8.779229,-0.02535452,-0.1000827,0.2117784,0.971849,-0.2052697,0.006890804,0.9786812,False,-1,-1,0,0,0,-1
2026-07-01 15:44:18.714,20.84528,True,16.72395,0.9699173,-8.780145,-0.01794619,-0.1136638,0.2120172,0.9704676,-0.2282238,-0.01336496,0.9735169,False,-1,-1,0,0,0,-1
2026-07-01 15:44:18.756,20.88753,True,16.72321,0.9697034,-8.781119,-0.01793068,-0.1149687,0.2100258,0.9707471,-0.2307428,-0.01348047,0.9729214,False,-1,-1,0,0,0,-1
2026-07-01 15:44:18.797,20.92912,True,16.72237,0.9691048,-8.781777,-0.0174149,-0.1143666,0.2070443,0.9714678,-0.2294183,-0.01352189,0.973234,False,-1,-1,0,0,0,-1
2026-07-01 15:44:18.837,20.96884,True,16.72177,0.9685754,-8.782222,-0.02454585,-0.1183972,0.2038452,0.9715075,-0.2400547,-0.00057647,0.9707592,False,-1,-1,0,0,0,-1
2026-07-01 15:44:18.880,21.01094,True,16.7211,0.9680103,-8.782896,-0.01268715,-0.1218952,0.2031558,0.9714466,-0.2419843,-0.02487768,0.9699612,False,-1,-1,0,0,0,-1
2026-07-01 15:44:18.922,21.05477,True,16.72066,0.9674876,-8.783554,-0.01017051,-0.1174153,0.201345,0.9724044,-0.2324459,-0.02750228,0.9722204,False,-1,-1,0,0,0,-1
2026-07-01 15:44:18.960,21.09151,True,16.72037,0.966932,-8.784044,-0.01113078,-0.113813,0.1985633,0.9733937,-0.22599,-0.0235289,0.9738454,False,-1,-1,0,0,0,-1
2026-07-01 15:44:19.005,21.13439,True,16.72022,0.9660609,-8.784626,0.01507306,-0.2193175,0.2011159,0.9545811,-0.4126498,-0.1169934,0.9033453,False,-1,-1,0,0,0,-1
2026-07-01 15:44:19.047,21.17819,True,16.72016,0.9655394,-8.785181,0.01490108,-0.1999004,0.1973136,0.9596276,-0.3777795,-0.1074851,0.9196356,False,-1,-1,0,0,0,-1
2026-07-01 15:44:19.092,21.22303,True,16.71998,0.9648905,-8.785643,0.01411865,-0.2019955,0.1941807,0.9598398,-0.3822834,-0.1055505,0.917997,False,-1,-1,0,0,0,-1
2026-07-01 15:44:19.136,21.26534,True,16.71937,0.9642316,-8.785559,0.01318115,-0.2046996,0.1909675,0.9599249,-0.3879581,-0.1034877,0.9158487,False,-1,-1,0,0,0,-1
2026-07-01 15:44:19.180,21.31053,True,16.71881,0.9634848,-8.785057,0.01619407,-0.2038142,0.1878462,0.9606827,-0.3855175,-0.1076861,0.9163951,False,-1,-1,0,0,0,-1
2026-07-01 15:44:19.231,21.36252,True,16.71838,0.9625311,-8.784452,0.01283568,-0.2110195,0.1836499,0.959989,-0.4004382,-0.1021516,0.910612,False,-1,-1,0,0,0,-1
2026-07-01 15:44:19.276,21.40557,True,16.71776,0.9619603,-8.783742,0.01162846,-0.2149111,0.1813152,0.9595847,-0.4082339,-0.1002503,0.907356,False,-1,-1,0,0,0,-1
2026-07-01 15:44:19.321,21.45226,True,16.7169,0.9614782,-8.782469,0.01741402,-0.2084787,0.1803358,0.9610996,-0.3944569,-0.1086656,0.9124668,False,-1,-1,0,0,0,-1
2026-07-01 15:44:19.376,21.50501,True,16.71613,0.9609661,-8.781471,0.01618141,-0.2103002,0.1778374,0.9611899,-0.3985215,-0.1059053,0.911024,False,-1,-1,0,0,0,-1
2026-07-01 15:44:19.419,21.54928,True,16.71543,0.9606426,-8.780541,0.01894876,-0.2112507,0.1764372,0.9611889,-0.3994171,-0.1109716,0.9100282,False,-1,-1,0,0,0,-1
2026-07-01 15:44:19.459,21.59017,True,16.71476,0.9602151,-8.779537,0.02000647,-0.2129727,0.1751761,0.9610181,-0.4023319,-0.1130686,0.9084848,False,-1,-1,0,0,0,-1
2026-07-01 15:44:19.503,21.63343,True,16.71395,0.9598204,-8.777918,0.01180209,-0.2165992,0.1720967,0.9608997,-0.412198,-0.09723327,0.905891,False,-1,-1,0,0,0,-1
2026-07-01 15:44:19.544,21.6765,True,16.71332,0.9594634,-8.776033,0.01314405,-0.216107,0.1707823,0.9612276,-0.4109665,-0.09908333,0.90625,False,-1,-1,0,0,0,-1
2026-07-01 15:44:19.586,21.71647,True,16.71302,0.9590902,-8.774626,0.01221886,-0.2217247,0.168841,0.9603029,-0.4217196,-0.09834003,0.9013777,False,-1,-1,0,0,0,-1
2026-07-01 15:44:19.629,21.75867,True,16.71289,0.9587669,-8.773553,0.01434409,-0.2232238,0.1679301,0.9600859,-0.4238104,-0.1025151,0.8999308,False,-1,-1,0,0,0,-1
2026-07-01 15:44:19.678,21.80808,True,16.71303,0.9583626,-8.772115,0.0110726,-0.2214032,0.1658237,0.9609165,-0.4218278,-0.09470751,0.9017161,False,-1,-1,0,0,0,-1
2026-07-01 15:44:19.722,21.85255,True,16.71255,0.9578614,-8.769004,0.01212515,-0.2263929,0.1639014,0.9600706,-0.4307316,-0.09749421,0.8971985,False,-1,-1,0,0,0,-1
2026-07-01 15:44:19.763,21.89356,True,16.71186,0.9573438,-8.765731,0.01425722,-0.2281815,0.16273,0.9598171,-0.4333848,-0.1016326,0.8954599,False,-1,-1,0,0,0,-1
2026-07-01 15:44:19.805,21.93602,True,16.71156,0.9571803,-8.762979,0.01643128,-0.224602,0.1608767,0.9609385,-0.4263705,-0.1038453,0.898568,False,-1,-1,0,0,0,-1
2026-07-01 15:44:19.847,21.9788,True,16.71163,0.9575318,-8.760208,0.01090885,-0.2268706,0.1587079,0.9608447,-0.4325122,-0.09297574,0.8968214,False,-1,-1,0,0,0,-1
2026-07-01 15:44:19.897,22.02773,True,16.71244,0.9579629,-8.756811,0.009564062,-0.2346939,0.1604408,0.9586897,-0.4469284,-0.0936469,0.8896546,False,-1,-1,0,0,0,-1
2026-07-01 15:44:19.945,22.07489,True,16.71259,0.9579149,-8.752638,0.01828194,-0.2284359,0.1634019,0.9595742,-0.4324279,-0.1097395,0.8949656,False,-1,-1,0,0,0,-1
2026-07-01 15:44:19.986,22.11609,True,16.7127,0.9579175,-8.750026,0.01740299,-0.2219543,0.1636418,0.9610696,-0.4209313,-0.106093,0.9008669,False,-1,-1,0,0,0,-1
2026-07-01 15:44:20.034,22.16326,True,16.71234,0.9578947,-8.74789,0.008739763,-0.2207627,0.162329,0.9616843,-0.4217707,-0.08848216,0.9023749,False,-1,-1,0,0,0,-1
2026-07-01 15:44:20.075,22.20617,True,16.71181,0.9580088,-8.746075,0.01528633,-0.2136129,0.1645811,0.9628338,-0.4063157,-0.09974966,0.9082717,False,-1,-1,0,0,0,-1
2026-07-01 15:44:20.122,22.25213,True,16.71137,0.9581816,-8.744614,0.031314,-0.2208873,0.1691327,0.9600117,-0.4135163,-0.1348421,0.9004565,False,-1,-1,0,0,0,-1
2026-07-01 15:44:20.167,22.29828,True,21.27356,0.957989,-12.20756,0.02138119,-0.2196179,0.1677267,0.9608218,-0.4148549,-0.1147586,0.9026217,False,-1,-1,0,0,0,-1
2026-07-01 15:44:20.209,22.33982,True,21.27337,0.9578553,-12.20695,0.02595616,-0.220959,0.168379,0.9602875,-0.4156273,-0.1242605,0.9010068,False,-1,-1,0,0,0,-1
2026-07-01 15:44:20.253,22.38474,True,21.27258,0.9575735,-12.20531,0.02714762,-0.22085,0.1682293,0.9603058,-0.415033,-0.1264469,0.9009766,False,-1,-1,0,0,0,-1
2026-07-01 15:44:20.300,22.43037,True,21.27225,0.9573818,-12.20462,0.02794637,-0.2188253,0.167376,0.9608953,-0.4111813,-0.1269593,0.902669,False,-1,-1,0,0,0,-1
2026-07-01 15:44:20.344,22.47423,True,21.27256,0.9573766,-12.20496,0.02309248,-0.2271834,0.1656471,0.9593829,-0.4282614,-0.1195736,0.8957089,False,-1,-1,0,0,0,-1
2026-07-01 15:44:20.385,22.51548,True,21.27356,0.957853,-12.20578,0.01682526,-0.2209239,0.1655905,0.9609836,-0.4190362,-0.1055034,0.9018191,False,-1,-1,0,0,0,-1
2026-07-01 15:44:20.426,22.55729,True,21.27467,0.9585851,-12.20703,0.01646942,-0.2300728,0.1684119,0.9583489,-0.4354329,-0.1090609,0.8935905,False,-1,-1,0,0,0,-1
2026-07-01 15:44:20.470,22.60028,True,21.27565,0.9594077,-12.20722,0.09669595,-0.2414152,0.1885874,0.946997,-0.4207677,-0.2741973,0.8647372,False,-1,-1,0,0,0,-1
2026-07-01 15:44:20.516,22.64637,True,21.27772,0.9604489,-12.20869,0.1649427,-0.2198194,0.2063421,0.9390934,-0.3447926,-0.4005091,0.8489467,False,-1,-1,0,0,0,-1
2026-07-01 15:44:20.558,22.68843,True,21.28127,0.9620168,-12.2127,0.203502,-0.1841804,0.2177359,0.9366193,-0.2563944,-0.4614131,0.8493291,False,-1,-1,0,0,0,-1
2026-07-01 15:44:20.600,22.73051,False,21.28643,0.9649127,-12.21603,0,0,0,1,0,0,1,False,-1,-1,0,0,0,-1
2026-07-01 15:44:20.638,22.77126,False,21.30957,0.9730831,-12.26541,0,0,0,1,0,0,1,False,-1,-1,0,0,0,-1
2026-07-01 15:44:20.678,22.81067,False,21.31632,0.976536,-12.26967,0,0,0,1,0,0,1,False,-1,-1,0,0,0,-1
2026-07-01 15:44:20.719,22.85005,False,21.32659,0.981836,-12.2767,0,0,0,1,0,0,1,False,-1,-1,0,0,0,-1
2026-07-01 15:44:20.764,22.89463,False,21.33686,0.986962,-12.28273,0,0,0,1,0,0,1,False,-1,-1,0,0,0,-1
2026-07-01 15:44:20.805,22.93669,False,21.34769,0.9911045,-12.28871,0,0,0,1,0,0,1,False,-1,-1,0,0,0,-1
2026-07-01 15:44:20.848,22.98036,False,21.35544,0.9936615,-12.2923,0,0,0,1,0,0,1,False,-1,-1,0,0,0,-1
2026-07-01 15:44:20.892,23.02111,False,21.36504,0.9964645,-12.29586,0,0,0,1,0,0,1,False,-1,-1,0,0,0,-1
2026-07-01 15:44:20.931,23.06243,False,21.37401,0.999154,-12.29934,0,0,0,1,0,0,1,False,-1,-1,0,0,0,-1
2026-07-01 15:44:20.972,23.10469,False,21.3818,1.002015,-12.30182,0,0,0,1,0,0,1,False,-1,-1,0,0,0,-1
2026-07-01 15:44:21.012,23.1431,False,21.387,1.003824,-12.30272,0,0,0,1,0,0,1,False,-1,-1,0,0,0,-1
2026-07-01 15:44:21.056,23.18526,False,21.3939,1.006197,-12.30355,0,0,0,1,0,0,1,False,-1,-1,0,0,0,-1
2026-07-01 15:44:21.102,23.232,False,21.40069,1.009106,-12.30308,0,0,0,1,0,0,1,False,-1,-1,0,0,0,-1
2026-07-01 15:44:21.142,23.27329,False,21.40748,1.012524,-12.3019,0,0,0,1,0,0,1,False,-1,-1,0,0,0,-1
2026-07-01 15:44:21.184,23.31511,False,21.41342,1.016331,-12.29901,0,0,0,1,0,0,1,False,-1,-1,0,0,0,-1
2026-07-01 15:44:21.225,23.35468,False,21.4171,1.018282,-12.29633,0,0,0,1,0,0,1,False,-1,-1,0,0,0,-1
2026-07-01 15:44:21.271,23.40029,False,21.42288,1.021342,-12.29124,0,0,0,1,0,0,1,False,-1,-1,0,0,0,-1
2026-07-01 15:44:21.307,23.4398,False,21.42607,1.023695,-12.2862,0,0,0,1,0,0,1,False,-1,-1,0,0,0,-1
2026-07-01 15:44:21.349,23.48026,False,21.42854,1.025825,-12.28068,0,0,0,1,0,0,1,False,-1,-1,0,0,0,-1
2026-07-01 15:44:21.395,23.52333,False,21.43007,1.026851,-12.27721,0,0,0,1,0,0,1,False,-1,-1,0,0,0,-1
2026-07-01 15:44:21.429,23.5632,False,21.43139,1.028498,-12.27232,0,0,0,1,0,0,1,False,-1,-1,0,0,0,-1
2026-07-01 15:44:21.471,23.60205,False,21.43178,1.029022,-12.26896,0,0,0,1,0,0,1,False,-1,-1,0,0,0,-1
2026-07-01 15:44:21.517,23.64709,False,21.43135,1.029465,-12.26449,0,0,0,1,0,0,1,False,-1,-1,0,0,0,-1
2026-07-01 15:44:21.559,23.69041,False,21.43051,1.02953,-12.26069,0,0,0,1,0,0,1,False,-1,-1,0,0,0,-1
2026-07-01 15:44:21.600,23.73009,False,21.42949,1.028871,-12.25756,0,0,0,1,0,0,1,False,-1,-1,0,0,0,-1
2026-07-01 15:44:21.639,23.77132,False,21.42673,1.028341,-12.25687,0,0,0,1,0,0,1,False,-1,-1,0,0,0,-1
2026-07-01 15:44:21.680,23.81067,False,21.42468,1.027783,-12.25695,0,0,0,1,0,0,1,False,-1,-1,0,0,0,-1
2026-07-01 15:44:21.721,23.85181,False,21.42196,1.026402,-12.25792,0,0,0,1,0,0,1,False,-1,-1,0,0,0,-1
2026-07-01 15:44:21.761,23.89251,False,21.41917,1.024109,-12.25958,0,0,0,1,0,0,1,False,-1,-1,0,0,0,-1
2026-07-01 15:44:21.805,23.93534,False,21.41738,1.021761,-12.26211,0,0,0,1,0,0,1,False,-1,-1,0,0,0,-1
2026-07-01 15:44:21.845,23.97625,False,21.41536,1.01899,-12.26616,0,0,0,1,0,0,1,False,-1,-1,0,0,0,-1
2026-07-01 15:44:21.889,24.01915,False,21.41331,1.016592,-12.27105,0,0,0,1,0,0,1,False,-1,-1,0,0,0,-1
2026-07-01 15:44:21.930,24.06058,False,21.41191,1.013733,-12.27634,0,0,0,1,0,0,1,False,-1,-1,0,0,0,-1
2026-07-01 15:44:21.970,24.10421,False,21.41106,1.011334,-12.28145,0,0,0,1,0,0,1,False,-1,-1,0,0,0,-1
2026-07-01 15:44:22.013,24.14374,False,21.4105,1.009713,-12.28506,0,0,0,1,0,0,1,False,-1,-1,0,0,0,-1
2026-07-01 15:44:22.047,24.18005,False,21.41011,1.007431,-12.2895,0,0,0,1,0,0,1,False,-1,-1,0,0,0,-1
2026-07-01 15:44:22.087,24.21874,False,21.41035,1.005681,-12.29238,0,0,0,1,0,0,1,False,-1,-1,0,0,0,-1
2026-07-01 15:44:22.129,24.25935,False,21.41036,1.003553,-12.29562,0,0,0,1,0,0,1,False,-1,-1,0,0,0,-1
2026-07-01 15:44:22.169,24.30106,False,21.41019,1.00268,-12.29747,0,0,0,1,0,0,1,False,-1,-1,0,0,0,-1
2026-07-01 15:44:22.207,24.33879,False,21.40987,1.001571,-12.2995,0,0,0,1,0,0,1,False,-1,-1,0,0,0,-1
2026-07-01 15:44:22.251,24.38241,False,21.40974,1.000688,-12.30076,0,0,0,1,0,0,1,False,-1,-1,0,0,0,-1
2026-07-01 15:44:22.296,24.42524,False,21.40938,1.000458,-12.30117,0,0,0,1,0,0,1,False,-1,-1,0,0,0,-1
2026-07-01 15:44:22.336,24.46765,False,21.40893,1.000518,-12.30128,0,0,0,1,0,0,1,False,-1,-1,0,0,0,-1
2026-07-01 15:44:22.372,24.51074,False,21.4084,1.001226,-12.30086,0,0,0,1,0,0,1,False,-1,-1,0,0,0,-1
2026-07-01 15:44:22.412,24.55056,False,21.40786,1.002052,-12.29955,0,0,0,1,0,0,1,False,-1,-1,0,0,0,-1
2026-07-01 15:44:22.456,24.59522,False,21.40749,1.003046,-12.29811,0,0,0,1,0,0,1,False,-1,-1,0,0,0,-1
2026-07-01 15:44:22.499,24.63865,False,21.40669,1.00408,-12.29645,0,0,0,1,0,0,1,False,-1,-1,0,0,0,-1
2026-07-01 15:44:22.534,24.67229,False,21.40616,1.004633,-12.29541,0,0,0,1,0,0,1,False,-1,-1,0,0,0,-1
2026-07-01 15:44:22.567,24.70577,False,21.40542,1.005179,-12.29451,0,0,0,1,0,0,1,False,-1,-1,0,0,0,-1
2026-07-01 15:44:22.612,24.75014,False,21.40442,1.005547,-12.29378,0,0,0,1,0,0,1,False,-1,-1,0,0,0,-1
2026-07-01 15:44:22.656,24.79464,False,21.40348,1.005963,-12.29357,0,0,0,1,0,0,1,False,-1,-1,0,0,0,-1
2026-07-01 15:44:22.690,24.8281,False,21.40554,1.00661,-12.28835,0,0,0,1,0,0,1,False,-1,-1,0,0,0,-1
2026-07-01 15:44:22.723,24.86149,False,21.40493,1.006926,-12.28835,0,0,0,1,0,0,1,False,-1,-1,0,0,0,-1
2026-07-01 15:44:22.778,24.91688,False,21.40483,1.00699,-12.28834,0,0,0,1,0,0,1,False,-1,-1,0,0,0,-1
2026-07-01 15:44:22.812,24.95026,False,21.40523,1.006758,-12.28836,0,0,0,1,0,0,1,False,-1,-1,0,0,0,-1
2026-07-01 15:44:22.845,24.98372,False,21.40558,1.006696,-12.28818,0,0,0,1,0,0,1,False,-1,-1,0,0,0,-1
2026-07-01 15:44:22.878,25.01715,False,21.40618,1.006894,-12.2881,0,0,0,1,0,0,1,False,-1,-1,0,0,0,-1
2026-07-01 15:44:22.922,25.06186,False,21.40743,1.007295,-12.28805,0,0,0,1,0,0,1,False,-1,-1,0,0,0,-1
2026-07-01 15:44:22.957,25.09632,False,21.40865,1.007646,-12.28801,0,0,0,1,0,0,1,False,-1,-1,0,0,0,-1
2026-07-01 15:44:22.992,25.13025,False,21.41001,1.007991,-12.28792,0,0,0,1,0,0,1,False,-1,-1,0,0,0,-1
2026-07-01 15:44:23.026,25.16527,False,21.41159,1.008385,-12.28792,0,0,0,1,0,0,1,False,-1,-1,0,0,0,-1
2026-07-01 15:44:23.062,25.20048,False,21.4135,1.008635,-12.2881,0,0,0,1,0,0,1,False,-1,-1,0,0,0,-1
2026-07-01 15:44:23.105,25.2438,False,21.41799,1.008986,-12.28539,0,0,0,1,0,0,1,False,-1,-1,0,0,0,-1
2026-07-01 15:44:23.149,25.28792,False,21.42113,1.008288,-12.28599,0,0,0,1,0,0,1,False,-1,-1,0,0,0,-1
2026-07-01 15:44:23.182,25.3215,False,21.42381,1.007183,-12.28679,0,0,0,1,0,0,1,False,-1,-1,0,0,0,-1
2026-07-01 15:44:23.216,25.35493,False,21.42637,1.005938,-12.28751,0,0,0,1,0,0,1,False,-1,-1,0,0,0,-1
2026-07-01 15:44:23.260,25.39911,False,21.42918,1.004751,-12.28825,0,0,0,1,0,0,1,False,-1,-1,0,0,0,-1
2026-07-01 15:44:23.306,25.44449,False,21.43147,1.001585,-12.28798,0,0,0,1,0,0,1,False,-1,-1,0,0,0,-1
2026-07-01 15:44:23.350,25.48867,False,21.43201,0.9955047,-12.28559,0,0,0,1,0,0,1,False,-1,-1,0,0,0,-1
2026-07-01 15:44:23.394,25.53243,False,21.43003,0.9887604,-12.28105,0,0,0,1,0,0,1,False,-1,-1,0,0,0,-1
2026-07-01 15:44:23.428,25.5663,False,21.42701,0.9834419,-12.27622,0,0,0,1,0,0,1,False,-1,-1,0,0,0,-1
2026-07-01 15:44:23.461,25.59998,False,21.42316,0.9775856,-12.26998,0,0,0,1,0,0,1,False,-1,-1,0,0,0,-1
2026-07-01 15:44:23.505,25.64348,False,21.41633,0.9687607,-12.26011,0,0,0,1,0,0,1,False,-1,-1,0,0,0,-1
2026-07-01 15:44:23.538,25.67728,False,21.41016,0.9613655,-12.25138,0,0,0,1,0,0,1,False,-1,-1,0,0,0,-1
2026-07-01 15:44:23.583,25.72137,False,21.40046,0.9516385,-12.23831,0,0,0,1,0,0,1,False,-1,-1,0,0,0,-1
2026-07-01 15:44:23.627,25.76568,False,21.38999,0.9413807,-12.22472,0,0,0,1,0,0,1,False,-1,-1,0,0,0,-1
2026-07-01 15:44:23.673,25.81162,False,21.37998,0.9305857,-12.21098,0,0,0,1,0,0,1,False,-1,-1,0,0,0,-1
2026-07-01 15:44:23.716,25.85442,False,21.37191,0.9197913,-12.19782,0,0,0,1,0,0,1,False,-1,-1,0,0,0,-1
2026-07-01 15:44:23.761,25.89958,False,21.36617,0.9083673,-12.18537,0,0,0,1,0,0,1,False,-1,-1,0,0,0,-1
2026-07-01 15:44:23.805,25.94341,False,21.36283,0.8958361,-12.17334,0,0,0,1,0,0,1,False,-1,-1,0,0,0,-1
2026-07-01 15:44:23.838,25.97691,False,21.3626,0.8859795,-12.16493,0,0,0,1,0,0,1,False,-1,-1,0,0,0,-1
2026-07-01 15:44:23.872,26.01084,False,21.36398,0.8765689,-12.15801,0,0,0,1,0,0,1,False,-1,-1,0,0,0,-1
2026-07-01 15:44:23.915,26.05426,False,21.36776,0.8647567,-12.15102,0,0,0,1,0,0,1,False,-1,-1,0,0,0,-1
2026-07-01 15:44:23.949,26.08823,False,21.3722,0.8562033,-12.14808,0,0,0,1,0,0,1,False,-1,-1,0,0,0,-1
2026-07-01 15:44:23.983,26.12196,False,21.37787,0.8473656,-12.14664,0,0,0,1,0,0,1,False,-1,-1,0,0,0,-1
2026-07-01 15:44:24.028,26.16577,False,21.38716,0.8340402,-12.14679,0,0,0,1,0,0,1,False,-1,-1,0,0,0,-1
2026-07-01 15:44:24.071,26.20993,False,21.39788,0.8187467,-12.15121,0,0,0,1,0,0,1,False,-1,-1,0,0,0,-1
2026-07-01 15:44:24.106,26.24431,False,21.39985,0.805874,-12.15275,0,0,0,1,0,0,1,False,-1,-1,0,0,0,-1
2026-07-01 15:44:24.150,26.28799,False,21.40509,0.7896934,-12.15332,0,0,0,1,0,0,1,False,-1,-1,0,0,0,-1
2026-07-01 15:44:24.193,26.33252,False,21.41147,0.776099,-12.15526,0,0,0,1,0,0,1,False,-1,-1,0,0,0,-1
2026-07-01 15:44:24.238,26.37645,False,21.41934,0.7628453,-12.16432,0,0,0,1,0,0,1,False,-1,-1,0,0,0,-1
2026-07-01 15:44:24.272,26.41083,False,21.42412,0.7559331,-12.17155,0,0,0,1,0,0,1,False,-1,-1,0,0,0,-1
2026-07-01 15:44:24.315,26.45386,False,21.42537,0.7510461,-12.18148,0,0,0,1,0,0,1,False,-1,-1,0,0,0,-1
2026-07-01 15:44:24.349,26.48745,False,21.42385,0.7516576,-12.18816,0,0,0,1,0,0,1,False,-1,-1,0,0,0,-1
2026-07-01 15:44:24.383,26.521,False,21.42108,0.7548493,-12.19524,0,0,0,1,0,0,1,False,-1,-1,0,0,0,-1
2026-07-01 15:44:24.416,26.55447,False,21.41906,0.7592788,-12.20389,0,0,0,1,0,0,1,False,-1,-1,0,0,0,-1
2026-07-01 15:44:24.460,26.59876,False,21.41515,0.7644896,-12.21587,0,0,0,1,0,0,1,False,-1,-1,0,0,0,-1
2026-07-01 15:44:24.505,26.64321,False,21.41187,0.7687442,-12.22928,0,0,0,1,0,0,1,False,-1,-1,0,0,0,-1
2026-07-01 15:44:24.537,26.67657,False,21.40909,0.7706299,-12.23936,0,0,0,1,0,0,1,False,-1,-1,0,0,0,-1
2026-07-01 15:44:24.581,26.72027,False,21.40324,0.7729333,-12.25172,0,0,0,1,0,0,1,False,-1,-1,0,0,0,-1
2026-07-01 15:44:24.615,26.75368,False,21.39669,0.7747192,-12.25776,0,0,0,1,0,0,1,False,-1,-1,0,0,0,-1
2026-07-01 15:44:24.648,26.78713,False,21.39026,0.7780377,-12.26249,0,0,0,1,0,0,1,False,-1,-1,0,0,0,-1
2026-07-01 15:44:24.682,26.82056,False,21.38232,0.7795398,-12.26019,0,0,0,1,0,0,1,False,-1,-1,0,0,0,-1
2026-07-01 15:44:24.715,26.85392,False,21.37719,0.7831442,-12.25413,0,0,0,1,0,0,1,False,-1,-1,0,0,0,-1
2026-07-01 15:44:24.759,26.898,False,21.36789,0.789484,-12.24831,0,0,0,1,0,0,1,False,-1,-1,0,0,0,-1
2026-07-01 15:44:24.793,26.93201,False,21.36206,0.7932979,-12.24408,0,0,0,1,0,0,1,False,-1,-1,0,0,0,-1
2026-07-01 15:44:24.838,26.97671,False,21.35561,0.7975976,-12.23863,0,0,0,1,0,0,1,False,-1,-1,0,0,0,-1
2026-07-01 15:44:24.881,27.0204,False,21.34984,0.8036861,-12.23235,0,0,0,1,0,0,1,False,-1,-1,0,0,0,-1
2026-07-01 15:44:24.915,27.05393,False,21.34439,0.8095994,-12.22681,0,0,0,1,0,0,1,False,-1,-1,0,0,0,-1
2026-07-01 15:44:24.960,27.09822,False,21.33529,0.8195788,-12.21543,0,0,0,1,0,0,1,False,-1,-1,0,0,0,-1
2026-07-01 15:44:25.005,27.14285,False,21.32644,0.8271102,-12.20671,0,0,0,1,0,0,1,False,-1,-1,0,0,0,-1
2026-07-01 15:44:25.037,27.17659,False,21.32032,0.8313543,-12.19703,0,0,0,1,0,0,1,False,-1,-1,0,0,0,-1
2026-07-01 15:44:25.081,27.22038,False,21.31126,0.8301036,-12.18982,0,0,0,1,0,0,1,False,-1,-1,0,0,0,-1
2026-07-01 15:44:25.120,27.25378,False,21.30803,0.8244707,-12.1797,0,0,0,1,0,0,1,False,-1,-1,0,0,0,-1
2026-07-01 15:44:25.159,27.29774,False,21.3099,0.8117124,-12.16465,0,0,0,1,0,0,1,False,-1,-1,0,0,0,-1
2026-07-01 15:44:25.192,27.33123,False,21.31512,0.7952747,-12.15715,0,0,0,1,0,0,1,False,-1,-1,0,0,0,-1
2026-07-01 15:44:25.226,27.36509,False,21.31934,0.7760629,-12.1556,0,0,0,1,0,0,1,False,-1,-1,0,0,0,-1
2026-07-01 15:44:25.260,27.39847,False,21.32732,0.7559959,-12.14656,0,0,0,1,0,0,1,False,-1,-1,0,0,0,-1
2026-07-01 15:44:25.304,27.44258,False,21.32662,0.7329989,-12.15365,0,0,0,1,0,0,1,False,-1,-1,0,0,0,-1
2026-07-01 15:44:25.338,27.47662,False,21.32865,0.7207778,-12.1517,0,0,0,1,0,0,1,False,-1,-1,0,0,0,-1
2026-07-01 15:44:25.381,27.51995,False,21.32794,0.7072145,-12.15776,0,0,0,1,0,0,1,False,-1,-1,0,0,0,-1
2026-07-01 15:44:25.426,27.56426,False,21.32891,0.6971174,-12.16116,0,0,0,1,0,0,1,False,-1,-1,0,0,0,-1
2026-07-01 15:44:25.459,27.59789,False,21.33099,0.6906307,-12.16095,0,0,0,1,0,0,1,False,-1,-1,0,0,0,-1
2026-07-01 15:44:25.503,27.6419,False,21.33465,0.6823607,-12.15999,0,0,0,1,0,0,1,False,-1,-1,0,0,0,-1
2026-07-01 15:44:25.537,27.67553,False,21.33651,0.6762752,-12.15792,0,0,0,1,0,0,1,False,-1,-1,0,0,0,-1
2026-07-01 15:44:25.571,27.70979,False,21.33778,0.6707916,-12.15618,0,0,0,1,0,0,1,False,-1,-1,0,0,0,-1
2026-07-01 15:44:25.615,27.75349,False,21.33919,0.6640446,-12.15451,0,0,0,1,0,0,1,False,-1,-1,0,0,0,-1
2026-07-01 15:44:25.658,27.7977,False,21.33973,0.6611977,-12.15182,0,0,0,1,0,0,1,False,-1,-1,0,0,0,-1
2026-07-01 15:44:25.692,27.83124,False,21.33861,0.6631258,-12.14979,0,0,0,1,0,0,1,False,-1,-1,0,0,0,-1
2026-07-01 15:44:25.737,27.87539,False,21.3368,0.671284,-12.14516,0,0,0,1,0,0,1,False,-1,-1,0,0,0,-1
2026-07-01 15:44:25.771,27.90913,False,21.3364,0.6814736,-12.13955,0,0,0,1,0,0,1,False,-1,-1,0,0,0,-1
2026-07-01 15:44:25.804,27.94317,False,21.337,0.6944658,-12.13512,0,0,0,1,0,0,1,False,-1,-1,0,0,0,-1
2026-07-01 15:44:25.849,27.98694,False,21.3393,0.715273,-12.13024,0,0,0,1,0,0,1,False,-1,-1,0,0,0,-1
2026-07-01 15:44:25.881,28.02048,False,21.34742,0.7336029,-12.11594,0,0,0,1,0,0,1,False,-1,-1,0,0,0,-1
2026-07-01 15:44:25.915,28.05391,False,21.35196,0.7503133,-12.11173,0,0,0,1,0,0,1,False,-1,-1,0,0,0,-1
2026-07-01 15:44:25.959,28.09798,False,21.36196,0.770756,-12.09708,0,0,0,1,0,0,1,False,-1,-1,0,0,0,-1
2026-07-01 15:44:26.004,28.14211,False,21.36933,0.7816078,-12.09003,0,0,0,1,0,0,1,False,-1,-1,0,0,0,-1
2026-07-01 15:44:26.036,28.17571,False,21.37351,0.7842638,-12.08963,0,0,0,1,0,0,1,False,-1,-1,0,0,0,-1
2026-07-01 15:44:26.071,28.2098,False,21.37957,0.7848355,-12.08493,0,0,0,1,0,0,1,False,-1,-1,0,0,0,-1
2026-07-01 15:44:26.113,28.25321,False,21.38003,0.7819526,-12.09315,0,0,0,1,0,0,1,False,-1,-1,0,0,0,-1
2026-07-01 15:44:26.148,28.28698,False,21.37813,0.7790678,-12.10394,0,0,0,1,0,0,1,False,-1,-1,0,0,0,-1
2026-07-01 15:44:26.193,28.33165,False,21.37894,0.7760792,-12.11309,0,0,0,1,0,0,1,False,-1,-1,0,0,0,-1
2026-07-01 15:44:26.237,28.37534,False,21.37566,0.7719123,-12.1293,0,0,0,1,0,0,1,False,-1,-1,0,0,0,-1
2026-07-01 15:44:26.271,28.40936,False,21.3742,0.7693108,-12.13775,0,0,0,1,0,0,1,False,-1,-1,0,0,0,-1
2026-07-01 15:44:26.306,28.44409,False,21.37157,0.7661434,-12.14874,0,0,0,1,0,0,1,False,-1,-1,0,0,0,-1
2026-07-01 15:44:26.348,28.48666,False,21.372,0.7627746,-12.15654,0,0,0,1,0,0,1,False,-1,-1,0,0,0,-1
2026-07-01 15:44:26.384,28.52152,False,21.37091,0.7604464,-12.16632,0,0,0,1,0,0,1,False,-1,-1,0,0,0,-1
2026-07-01 15:44:26.427,28.5653,False,21.37131,0.7588211,-12.1727,0,0,0,1,0,0,1,False,-1,-1,0,0,0,-1
2026-07-01 15:44:26.471,28.60955,False,21.37244,0.7577949,-12.17889,0,0,0,1,0,0,1,False,-1,-1,0,0,0,-1
2026-07-01 15:44:26.503,28.64292,False,21.37501,0.7572606,-12.18069,0,0,0,1,0,0,1,False,-1,-1,0,0,0,-1
2026-07-01 15:44:26.547,28.68625,False,21.37911,0.7570544,-12.18264,0,0,0,1,0,0,1,False,-1,-1,0,0,0,-1
2026-07-01 15:44:26.581,28.72,False,21.38302,0.7572767,-12.18182,0,0,0,1,0,0,1,False,-1,-1,0,0,0,-1
2026-07-01 15:44:26.615,28.75394,False,21.38621,0.7566591,-12.18161,0,0,0,1,0,0,1,False,-1,-1,0,0,0,-1
2026-07-01 15:44:26.659,28.79764,False,21.3922,0.7564479,-12.17658,0,0,0,1,0,0,1,False,-1,-1,0,0,0,-1
2026-07-01 15:44:26.703,28.84223,False,21.39449,0.7544799,-12.1765,0,0,0,1,0,0,1,False,-1,-1,0,0,0,-1
2026-07-01 15:44:26.748,28.88639,False,21.39366,0.7519231,-12.17992,0,0,0,1,0,0,1,False,-1,-1,0,0,0,-1
2026-07-01 15:44:26.793,28.93098,False,21.39474,0.7486923,-12.17865,0,0,0,1,0,0,1,False,-1,-1,0,0,0,-1
2026-07-01 15:44:26.836,28.97546,False,21.39465,0.7460365,-12.17629,0,0,0,1,0,0,1,False,-1,-1,0,0,0,-1
2026-07-01 15:44:26.882,29.02011,False,21.39435,0.7429233,-12.17391,0,0,0,1,0,0,1,False,-1,-1,0,0,0,-1
2026-07-01 15:44:26.926,29.06427,False,21.39525,0.7403559,-12.16967,0,0,0,1,0,0,1,False,-1,-1,0,0,0,-1
2026-07-01 15:44:26.959,29.09791,False,21.39515,0.7386515,-12.16923,0,0,0,1,0,0,1,False,-1,-1,0,0,0,-1
2026-07-01 15:44:27.004,29.14286,False,21.39599,0.7392001,-12.16745,0,0,0,1,0,0,1,False,-1,-1,0,0,0,-1
2026-07-01 15:44:27.047,29.18593,False,21.39663,0.7429025,-12.16649,0,0,0,1,0,0,1,False,-1,-1,0,0,0,-1
2026-07-01 15:44:27.081,29.21997,False,21.39768,0.7487868,-12.1642,0,0,0,1,0,0,1,False,-1,-1,0,0,0,-1
2026-07-01 15:44:27.126,29.26469,False,21.40253,0.7600971,-12.15535,0,0,0,1,0,0,1,False,-1,-1,0,0,0,-1
2026-07-01 15:44:27.169,29.30814,False,21.40452,0.7744033,-12.15366,0,0,0,1,0,0,1,False,-1,-1,0,0,0,-1
2026-07-01 15:44:27.204,29.34224,False,21.40811,0.7874892,-12.14988,0,0,0,1,0,0,1,False,-1,-1,0,0,0,-1
2026-07-01 15:44:27.237,29.37583,False,21.41119,0.8020012,-12.14843,0,0,0,1,0,0,1,False,-1,-1,0,0,0,-1
2026-07-01 15:44:27.281,29.41946,False,21.41824,0.8250479,-12.14292,0,0,0,1,0,0,1,False,-1,-1,0,0,0,-1
2026-07-01 15:44:27.315,29.45299,False,21.42506,0.8442991,-12.13809,0,0,0,1,0,0,1,False,-1,-1,0,0,0,-1
2026-07-01 15:44:27.358,29.49713,False,21.4325,0.8715982,-12.13819,0,0,0,1,0,0,1,False,-1,-1,0,0,0,-1
2026-07-01 15:44:27.402,29.54118,False,21.44185,0.8999797,-12.13537,0,0,0,1,0,0,1,False,-1,-1,0,0,0,-1
2026-07-01 15:44:27.436,29.57492,False,21.44754,0.9211417,-12.1369,0,0,0,1,0,0,1,False,-1,-1,0,0,0,-1
2026-07-01 15:44:27.470,29.60844,False,21.45527,0.9414882,-12.13494,0,0,0,1,0,0,1,False,-1,-1,0,0,0,-1
2026-07-01 15:44:27.513,29.6524,False,21.4662,0.9668062,-12.13314,0,0,0,1,0,0,1,False,-1,-1,0,0,0,-1
2026-07-01 15:44:27.547,29.68579,False,21.47875,0.9838263,-12.12629,0,0,0,1,0,0,1,False,-1,-1,0,0,0,-1
2026-07-01 15:44:27.580,29.71931,False,21.493,0.9991322,-12.11947,0,0,0,1,0,0,1,False,-1,-1,0,0,0,-1
2026-07-01 15:44:27.615,29.75315,False,21.50727,1.012492,-12.11459,0,0,0,1,0,0,1,False,-1,-1,0,0,0,-1
2026-07-01 15:44:27.659,29.79713,False,21.52672,1.025559,-12.11454,0,0,0,1,0,0,1,False,-1,-1,0,0,0,-1
2026-07-01 15:44:27.703,29.84146,False,21.54974,1.03634,-12.1127,0,0,0,1,0,0,1,False,-1,-1,0,0,0,-1
2026-07-01 15:44:27.737,29.87527,False,21.56757,1.042275,-12.11294,0,0,0,1,0,0,1,False,-1,-1,0,0,0,-1
2026-07-01 15:44:27.781,29.9193,False,21.5943,1.048175,-12.10803,0,0,0,1,0,0,1,False,-1,-1,0,0,0,-1
2026-07-01 15:44:27.825,29.96371,False,21.61453,1.048819,-12.11674,0,0,0,1,0,0,1,False,-1,-1,0,0,0,-1
2026-07-01 15:44:27.859,29.99718,False,21.63075,1.046345,-12.11731,0,0,0,1,0,0,1,False,-1,-1,0,0,0,-1
2026-07-01 15:44:27.903,30.04192,False,21.64938,1.038807,-12.11692,0,0,0,1,0,0,1,False,-1,-1,0,0,0,-1
2026-07-01 15:44:27.947,30.08585,False,21.66518,1.027529,-12.11293,0,0,0,1,0,0,1,False,-1,-1,0,0,0,-1
2026-07-01 15:44:27.982,30.12035,False,21.67581,1.016773,-12.10653,0,0,0,1,0,0,1,False,-1,-1,0,0,0,-1
2026-07-01 15:44:28.025,30.16367,False,21.68813,1.000958,-12.09927,0,0,0,1,0,0,1,False,-1,-1,0,0,0,-1
2026-07-01 15:44:28.069,30.2077,False,21.69665,0.9836569,-12.09854,0,0,0,1,0,0,1,False,-1,-1,0,0,0,-1
2026-07-01 15:44:28.104,30.24174,False,21.70232,0.9706855,-12.09911,0,0,0,1,0,0,1,False,-1,-1,0,0,0,-1
2026-07-01 15:44:28.147,30.28588,False,21.7065,0.9534994,-12.10513,0,0,0,1,0,0,1,False,-1,-1,0,0,0,-1
2026-07-01 15:44:28.180,30.31922,False,21.71202,0.9422237,-12.10417,0,0,0,1,0,0,1,False,-1,-1,0,0,0,-1
2026-07-01 15:44:28.215,30.35397,False,21.71782,0.93235,-12.10217,0,0,0,1,0,0,1,False,-1,-1,0,0,0,-1
2026-07-01 15:44:28.258,30.39719,False,21.72372,0.9224794,-12.10177,0,0,0,1,0,0,1,False,-1,-1,0,0,0,-1
2026-07-01 15:44:28.303,30.4413,False,21.73024,0.9162982,-12.09769,0,0,0,1,0,0,1,False,-1,-1,0,0,0,-1
2026-07-01 15:44:28.336,30.47502,False,21.73446,0.9112883,-12.09182,0,0,0,1,0,0,1,False,-1,-1,0,0,0,-1
2026-07-01 15:44:28.380,30.51898,False,21.73686,0.9043164,-12.08406,0,0,0,1,0,0,1,False,-1,-1,0,0,0,-1
2026-07-01 15:44:28.413,30.55235,False,21.73587,0.8991112,-12.08171,0,0,0,1,0,0,1,False,-1,-1,0,0,0,-1
2026-07-01 15:44:28.448,30.58608,False,21.73567,0.8952866,-12.07489,0,0,0,1,0,0,1,False,-1,-1,0,0,0,-1
2026-07-01 15:44:28.481,30.61963,False,21.73377,0.8908255,-12.07346,0,0,0,1,0,0,1,False,-1,-1,0,0,0,-1
2026-07-01 15:44:28.525,30.66405,False,21.72996,0.8842031,-12.0752,0,0,0,1,0,0,1,False,-1,-1,0,0,0,-1
2026-07-01 15:44:28.568,30.70765,False,21.72926,0.8777571,-12.07125,0,0,0,1,0,0,1,False,-1,-1,0,0,0,-1
2026-07-01 15:44:28.603,30.74168,False,21.7295,0.8732328,-12.0686,0,0,0,1,0,0,1,False,-1,-1,0,0,0,-1
2026-07-01 15:44:28.646,30.78529,False,21.73462,0.8705104,-12.0623,0,0,0,1,0,0,1,False,-1,-1,0,0,0,-1
2026-07-01 15:44:28.680,30.81878,False,21.73654,0.8688764,-12.06406,0,0,0,1,0,0,1,False,-1,-1,0,0,0,-1
2026-07-01 15:44:28.714,30.85246,False,21.73855,0.8666996,-12.06498,0,0,0,1,0,0,1,False,-1,-1,0,0,0,-1
2026-07-01 15:44:28.757,30.89628,False,21.74177,0.8615581,-12.06371,0,0,0,1,0,0,1,False,-1,-1,0,0,0,-1
2026-07-01 15:44:28.791,30.92988,False,21.74216,0.8593463,-12.06327,0,0,0,1,0,0,1,False,-1,-1,0,0,0,-1
2026-07-01 15:44:28.836,30.97431,False,21.74186,0.8603131,-12.06315,0,0,0,1,0,0,1,False,-1,-1,0,0,0,-1
2026-07-01 15:44:28.880,31.0188,False,21.7423,0.8599042,-12.06144,0,0,0,1,0,0,1,False,-1,-1,0,0,0,-1
2026-07-01 15:44:28.924,31.0634,False,21.74221,0.8595968,-12.05704,0,0,0,1,0,0,1,False,-1,-1,0,0,0,-1
2026-07-01 15:44:28.969,31.10762,False,21.74309,0.8598626,-12.05386,0,0,0,1,0,0,1,False,-1,-1,0,0,0,-1
2026-07-01 15:44:29.002,31.14102,False,21.74483,0.8597987,-12.0498,0,0,0,1,0,0,1,False,-1,-1,0,0,0,-1
2026-07-01 15:44:29.047,31.18577,False,21.74467,0.8590458,-12.04923,0,0,0,1,0,0,1,False,-1,-1,0,0,0,-1
2026-07-01 15:44:29.091,31.23009,False,21.74584,0.8588639,-12.04997,0,0,0,1,0,0,1,False,-1,-1,0,0,0,-1
2026-07-01 15:44:29.134,31.27395,False,21.74555,0.8586416,-12.05356,0,0,0,1,0,0,1,False,-1,-1,0,0,0,-1
2026-07-01 15:44:29.169,31.30738,False,21.74449,0.8579472,-12.05579,0,0,0,1,0,0,1,False,-1,-1,0,0,0,-1
2026-07-01 15:44:29.210,31.34088,False,21.74188,0.8575734,-12.06047,0,0,0,1,0,0,1,False,-1,-1,0,0,0,-1
2026-07-01 15:44:29.245,31.38388,False,21.74127,0.857441,-12.06117,0,0,0,1,0,0,1,False,-1,-1,0,0,0,-1
2026-07-01 15:44:29.279,31.41743,False,21.74071,0.8572356,-12.06144,0,0,0,1,0,0,1,False,-1,-1,0,0,0,-1
2026-07-01 15:44:29.323,31.46144,False,21.74142,0.8571215,-12.05918,0,0,0,1,0,0,1,False,-1,-1,0,0,0,-1
2026-07-01 15:44:29.356,31.49482,False,21.74055,0.8570247,-12.06329,0,0,0,1,0,0,1,False,-1,-1,0,0,0,-1
2026-07-01 15:44:29.390,31.5284,False,21.74052,0.857041,-12.06318,0,0,0,1,0,0,1,False,-1,-1,0,0,0,-1
2026-07-01 15:44:29.434,31.5723,False,21.74136,0.8574847,-12.0585,0,0,0,1,0,0,1,False,-1,-1,0,0,0,-1
2026-07-01 15:44:29.469,31.60662,False,21.74146,0.8572942,-12.05785,0,0,0,1,0,0,1,False,-1,-1,0,0,0,-1
2026-07-01 15:44:29.512,31.65057,False,21.73983,0.8568091,-12.06353,0,0,0,1,0,0,1,False,-1,-1,0,0,0,-1
2026-07-01 15:44:29.555,31.69472,False,21.73926,0.8567463,-12.065,0,0,0,1,0,0,1,False,-1,-1,0,0,0,-1
2026-07-01 15:44:29.590,31.72843,False,21.73839,0.8566768,-12.0661,0,0,0,1,0,0,1,False,-1,-1,0,0,0,-1
2026-07-01 15:44:29.634,31.77314,False,21.736,0.8561208,-12.07103,0,0,0,1,0,0,1,False,-1,-1,0,0,0,-1
2026-07-01 15:44:29.668,31.80663,False,21.73607,0.8559444,-12.07177,0,0,0,1,0,0,1,False,-1,-1,0,0,0,-1
2026-07-01 15:44:29.701,31.8404,False,21.7347,0.8553007,-12.07585,0,0,0,1,0,0,1,False,-1,-1,0,0,0,-1
2026-07-01 15:44:29.735,31.8739,False,21.73244,0.854758,-12.0816,0,0,0,1,0,0,1,False,-1,-1,0,0,0,-1
2026-07-01 15:44:29.779,31.91816,False,21.73092,0.8543236,-12.085,0,0,0,1,0,0,1,False,-1,-1,0,0,0,-1
2026-07-01 15:44:29.813,31.95165,False,21.73123,0.8543425,-12.0838,0,0,0,1,0,0,1,False,-1,-1,0,0,0,-1
2026-07-01 15:44:29.847,31.98528,False,21.72932,0.853793,-12.08876,0,0,0,1,0,0,1,False,-1,-1,0,0,0,-1
2026-07-01 15:44:29.891,32.02901,False,21.72838,0.8536985,-12.09067,0,0,0,1,0,0,1,False,-1,-1,0,0,0,-1
2026-07-01 15:44:29.924,32.06268,False,21.72786,0.8535092,-12.09218,0,0,0,1,0,0,1,False,-1,-1,0,0,0,-1
2026-07-01 15:44:29.958,32.09699,False,21.72784,0.853367,-12.09247,0,0,0,1,0,0,1,False,-1,-1,0,0,0,-1
2026-07-01 15:44:30.002,32.14078,False,21.73604,0.8528505,-12.07342,0,0,0,1,0,0,1,False,-1,-1,0,0,0,-1
2026-07-01 15:44:30.047,32.18521,False,21.73498,0.8525953,-12.07635,0,0,0,1,0,0,1,False,-1,-1,0,0,0,-1
2026-07-01 15:44:30.090,32.22902,False,21.7349,0.852461,-12.07673,0,0,0,1,0,0,1,False,-1,-1,0,0,0,-1
2026-07-01 15:44:30.125,32.26425,False,21.73483,0.8525956,-12.07658,0,0,0,1,0,0,1,False,-1,-1,0,0,0,-1
2026-07-01 15:44:30.168,32.30726,False,21.73462,0.8526217,-12.07654,0,0,0,1,0,0,1,False,-1,-1,0,0,0,-1
2026-07-01 15:44:30.203,32.34182,False,21.7346,0.8525875,-12.07664,0,0,0,1,0,0,1,False,-1,-1,0,0,0,-1
2026-07-01 15:44:30.246,32.38461,False,21.73433,0.8528011,-12.07673,0,0,0,1,0,0,1,False,-1,-1,0,0,0,-1
2026-07-01 15:44:30.280,32.41862,False,21.73443,0.8528492,-12.07648,0,0,0,1,0,0,1,False,-1,-1,0,0,0,-1
2026-07-01 15:44:30.324,32.46207,False,21.73449,0.8529612,-12.07617,0,0,0,1,0,0,1,False,-1,-1,0,0,0,-1
2026-07-01 15:44:30.367,32.50573,False,21.73432,0.8528975,-12.07641,0,0,0,1,0,0,1,False,-1,-1,0,0,0,-1
2026-07-01 15:44:30.401,32.53978,False,21.73421,0.8529397,-12.07644,0,0,0,1,0,0,1,False,-1,-1,0,0,0,-1
2026-07-01 15:44:30.446,32.58446,False,21.73429,0.8529398,-12.07603,0,0,0,1,0,0,1,False,-1,-1,0,0,0,-1
2026-07-01 15:44:30.491,32.62889,False,21.73431,0.8529439,-12.07577,0,0,0,1,0,0,1,False,-1,-1,0,0,0,-1
2026-07-01 15:44:30.534,32.67284,False,21.73417,0.852939,-12.07592,0,0,0,1,0,0,1,False,-1,-1,0,0,0,-1
2026-07-01 15:44:30.568,32.70639,False,21.73416,0.8529552,-12.07595,0,0,0,1,0,0,1,False,-1,-1,0,0,0,-1
2026-07-01 15:44:30.601,32.73977,False,21.73425,0.8529583,-12.07577,0,0,0,1,0,0,1,False,-1,-1,0,0,0,-1
2026-07-01 15:44:30.646,32.78445,False,21.73443,0.8529942,-12.07554,0,0,0,1,0,0,1,False,-1,-1,0,0,0,-1
2026-07-01 15:44:30.679,32.81791,False,21.73417,0.8531187,-12.07551,0,0,0,1,0,0,1,False,-1,-1,0,0,0,-1
2026-07-01 15:44:30.723,32.86206,False,21.73409,0.8531386,-12.07558,0,0,0,1,0,0,1,False,-1,-1,0,0,0,-1
2026-07-01 15:44:30.756,32.8955,False,21.734,0.8531448,-12.07549,0,0,0,1,0,0,1,False,-1,-1,0,0,0,-1
2026-07-01 15:44:30.790,32.92953,False,21.734,0.853137,-12.0752,0,0,0,1,0,0,1,False,-1,-1,0,0,0,-1
2026-07-01 15:44:30.835,32.97327,False,21.73391,0.8531,-12.07529,0,0,0,1,0,0,1,False,-1,-1,0,0,0,-1
2026-07-01 15:44:30.879,33.0183,False,21.73381,0.8530987,-12.07535,0,0,0,1,0,0,1,False,-1,-1,0,0,0,-1
2026-07-01 15:44:30.924,33.06219,False,21.73401,0.8531151,-12.07534,0,0,0,1,0,0,1,False,-1,-1,0,0,0,-1
2026-07-01 15:44:30.968,33.10669,False,21.73385,0.8531275,-12.07514,0,0,0,1,0,0,1,False,-1,-1,0,0,0,-1
2026-07-01 15:44:31.013,33.15077,False,21.73372,0.8531389,-12.0751,0,0,0,1,0,0,1,False,-1,-1,0,0,0,-1
2026-07-01 15:44:31.046,33.18455,False,21.73374,0.8530985,-12.075,0,0,0,1,0,0,1,False,-1,-1,0,0,0,-1
2026-07-01 15:44:31.080,33.21792,False,21.73381,0.8530862,-12.07487,0,0,0,1,0,0,1,False,-1,-1,0,0,0,-1
2026-07-01 15:44:31.123,33.26239,False,21.73385,0.8529924,-12.07487,0,0,0,1,0,0,1,False,-1,-1,0,0,0,-1
2026-07-01 15:44:31.167,33.30629,False,21.73359,0.8530892,-12.07497,0,0,0,1,0,0,1,False,-1,-1,0,0,0,-1
2026-07-01 15:44:31.202,33.34039,False,21.73343,0.8532966,-12.07497,0,0,0,1,0,0,1,False,-1,-1,0,0,0,-1
2026-07-01 15:44:31.246,33.38416,False,21.73353,0.8532935,-12.07502,0,0,0,1,0,0,1,False,-1,-1,0,0,0,-1
2026-07-01 15:44:31.279,33.41765,False,21.73361,0.8532682,-12.07499,0,0,0,1,0,0,1,False,-1,-1,0,0,0,-1
2026-07-01 15:44:31.313,33.45202,False,21.73355,0.8531953,-12.07495,0,0,0,1,0,0,1,False,-1,-1,0,0,0,-1
2026-07-01 15:44:31.356,33.4953,False,21.7334,0.8532439,-12.07495,0,0,0,1,0,0,1,False,-1,-1,0,0,0,-1
2026-07-01 15:44:31.400,33.5394,False,21.73335,0.8531681,-12.07491,0,0,0,1,0,0,1,False,-1,-1,0,0,0,-1
2026-07-01 15:44:31.435,33.57363,False,21.73333,0.8531736,-12.07498,0,0,0,1,0,0,1,False,-1,-1,0,0,0,-1
2026-07-01 15:44:31.478,33.6174,False,21.73329,0.8531513,-12.07492,0,0,0,1,0,0,1,False,-1,-1,0,0,0,-1
2026-07-01 15:44:31.513,33.65151,False,21.73321,0.8531457,-12.07509,0,0,0,1,0,0,1,False,-1,-1,0,0,0,-1
2026-07-01 15:44:31.556,33.69484,False,21.73338,0.8531755,-12.07504,0,0,0,1,0,0,1,False,-1,-1,0,0,0,-1
2026-07-01 15:44:31.590,33.72847,False,21.73339,0.8532018,-12.07491,0,0,0,1,0,0,1,False,-1,-1,0,0,0,-1
2026-07-01 15:44:31.622,33.76181,False,21.73308,0.8533404,-12.07497,0,0,0,1,0,0,1,False,-1,-1,0,0,0,-1
2026-07-01 15:44:31.656,33.79515,False,21.73306,0.8533356,-12.07496,0,0,0,1,0,0,1,False,-1,-1,0,0,0,-1
2026-07-01 15:44:31.690,33.82867,False,21.73306,0.8533845,-12.07505,0,0,0,1,0,0,1,False,-1,-1,0,0,0,-1
2026-07-01 15:44:31.733,33.87263,False,21.73326,0.8532887,-12.07493,0,0,0,1,0,0,1,False,-1,-1,0,0,0,-1
2026-07-01 15:44:31.767,33.90615,False,21.73316,0.8532981,-12.07509,0,0,0,1,0,0,1,False,-1,-1,0,0,0,-1
2026-07-01 15:44:31.801,33.93962,False,21.73321,0.8532779,-12.07498,0,0,0,1,0,0,1,False,-1,-1,0,0,0,-1
2026-07-01 15:44:31.846,33.98403,False,21.73299,0.8533342,-12.07483,0,0,0,1,0,0,1,False,-1,-1,0,0,0,-1
2026-07-01 15:44:31.890,34.02817,False,21.73308,0.8532729,-12.07483,0,0,0,1,0,0,1,False,-1,-1,0,0,0,-1
2026-07-01 15:44:31.925,34.06168,False,21.73305,0.8532947,-12.07486,0,0,0,1,0,0,1,False,-1,-1,0,0,0,-1
2026-07-01 15:44:31.967,34.10598,False,21.73295,0.8533162,-12.07496,0,0,0,1,0,0,1,False,-1,-1,0,0,0,-1
2026-07-01 15:44:32.000,34.13967,False,21.73285,0.8533502,-12.07489,0,0,0,1,0,0,1,False,-1,-1,0,0,0,-1
2026-07-01 15:44:32.045,34.18396,False,21.73269,0.8534086,-12.07479,0,0,0,1,0,0,1,False,-1,-1,0,0,0,-1
2026-07-01 15:44:32.090,34.22837,False,21.73281,0.853377,-12.07487,0,0,0,1,0,0,1,False,-1,-1,0,0,0,-1
2026-07-01 15:44:32.134,34.27256,False,21.7327,0.8533085,-12.07504,0,0,0,1,0,0,1,False,-1,-1,0,0,0,-1
2026-07-01 15:44:32.167,34.30597,False,21.73259,0.8534151,-12.07504,0,0,0,1,0,0,1,False,-1,-1,0,0,0,-1
2026-07-01 15:44:32.201,34.33973,False,21.73261,0.8533547,-12.07497,0,0,0,1,0,0,1,False,-1,-1,0,0,0,-1
2026-07-01 15:44:32.245,34.3844,False,21.7325,0.8532529,-12.07478,0,0,0,1,0,0,1,False,-1,-1,0,0,0,-1
2026-07-01 15:44:32.289,34.42804,False,21.73247,0.8532011,-12.07486,0,0,0,1,0,0,1,False,-1,-1,0,0,0,-1
2026-07-01 15:44:32.324,34.46223,False,21.73267,0.8531439,-12.07502,0,0,0,1,0,0,1,False,-1,-1,0,0,0,-1
2026-07-01 15:44:32.367,34.50643,False,21.73261,0.8531303,-12.07498,0,0,0,1,0,0,1,False,-1,-1,0,0,0,-1
2026-07-01 15:44:32.412,34.55008,False,21.7324,0.8532093,-12.07494,0,0,0,1,0,0,1,False,-1,-1,0,0,0,-1
2026-07-01 15:44:32.446,34.58389,False,21.73239,0.8531349,-12.07489,0,0,0,1,0,0,1,False,-1,-1,0,0,0,-1
2026-07-01 15:44:32.479,34.61758,False,21.73238,0.853176,-12.07498,0,0,0,1,0,0,1,False,-1,-1,0,0,0,-1
2026-07-01 15:44:32.523,34.66121,False,21.73225,0.8531371,-12.075,0,0,0,1,0,0,1,False,-1,-1,0,0,0,-1
2026-07-01 15:44:32.557,34.69547,False,21.7321,0.8531187,-12.0751,0,0,0,1,0,0,1,False,-1,-1,0,0,0,-1
2026-07-01 15:44:32.601,34.73993,False,21.73202,0.8530759,-12.07502,0,0,0,1,0,0,1,False,-1,-1,0,0,0,-1
2026-07-01 15:44:32.646,34.78375,False,21.73206,0.8530464,-12.07518,0,0,0,1,0,0,1,False,-1,-1,0,0,0,-1
2026-07-01 15:44:32.690,34.82809,False,21.73212,0.8530425,-12.07531,0,0,0,1,0,0,1,False,-1,-1,0,0,0,-1
2026-07-01 15:44:32.734,34.87217,False,21.73213,0.8530437,-12.07533,0,0,0,1,0,0,1,False,-1,-1,0,0,0,-1
2026-07-01 15:44:32.767,34.90552,False,21.73216,0.8530842,-12.07518,0,0,0,1,0,0,1,False,-1,-1,0,0,0,-1
2026-07-01 15:44:32.813,34.95125,False,21.73199,0.8531793,-12.07522,0,0,0,1,0,0,1,False,-1,-1,0,0,0,-1
2026-07-01 15:44:32.857,34.99512,False,21.73207,0.8531464,-12.07526,0,0,0,1,0,0,1,False,-1,-1,0,0,0,-1
2026-07-01 15:44:32.901,35.03905,False,21.7319,0.8530742,-12.07532,0,0,0,1,0,0,1,False,-1,-1,0,0,0,-1
2026-07-01 15:44:32.935,35.07319,False,21.73184,0.853058,-12.07521,0,0,0,1,0,0,1,False,-1,-1,0,0,0,-1
2026-07-01 15:44:32.978,35.11679,False,21.73186,0.8530766,-12.07534,0,0,0,1,0,0,1,False,-1,-1,0,0,0,-1
2026-07-01 15:44:33.012,35.15016,False,21.73195,0.8530873,-12.0754,0,0,0,1,0,0,1,False,-1,-1,0,0,0,-1
2026-07-01 15:44:33.045,35.18385,False,21.7319,0.8530743,-12.07546,0,0,0,1,0,0,1,False,-1,-1,0,0,0,-1
2026-07-01 15:44:33.090,35.22797,False,21.73188,0.85313,-12.0753,0,0,0,1,0,0,1,False,-1,-1,0,0,0,-1
2026-07-01 15:44:33.123,35.26215,False,21.73182,0.8530588,-12.07541,0,0,0,1,0,0,1,False,-1,-1,0,0,0,-1
2026-07-01 15:44:33.167,35.30547,False,21.7317,0.8530689,-12.07542,0,0,0,1,0,0,1,False,-1,-1,0,0,0,-1
2026-07-01 15:44:33.211,35.35008,False,21.73171,0.8531134,-12.07541,0,0,0,1,0,0,1,False,-1,-1,0,0,0,-1
2026-07-01 15:44:33.256,35.39518,False,21.73152,0.853165,-12.07522,0,0,0,1,0,0,1,False,-1,-1,0,0,0,-1
2026-07-01 15:44:33.300,35.43883,False,21.7315,0.8531077,-12.07538,0,0,0,1,0,0,1,False,-1,-1,0,0,0,-1
2026-07-01 15:44:33.333,35.47233,False,21.73142,0.8531294,-12.07526,0,0,0,1,0,0,1,False,-1,-1,0,0,0,-1
2026-07-01 15:44:33.367,35.50621,False,21.73152,0.8530483,-12.07522,0,0,0,1,0,0,1,False,-1,-1,0,0,0,-1
2026-07-01 15:44:33.411,35.5498,False,21.73146,0.8530271,-12.07523,0,0,0,1,0,0,1,False,-1,-1,0,0,0,-1
2026-07-01 15:44:33.445,35.58351,False,21.73131,0.8531453,-12.07528,0,0,0,1,0,0,1,False,-1,-1,0,0,0,-1
2026-07-01 15:44:33.478,35.617,False,21.73144,0.853054,-12.07538,0,0,0,1,0,0,1,False,-1,-1,0,0,0,-1
2026-07-01 15:44:33.522,35.66116,False,21.73138,0.853021,-12.07533,0,0,0,1,0,0,1,False,-1,-1,0,0,0,-1
2026-07-01 15:44:33.556,35.69498,False,21.73138,0.853103,-12.07543,0,0,0,1,0,0,1,False,-1,-1,0,0,0,-1
2026-07-01 15:44:33.600,35.73842,False,21.7314,0.8530526,-12.0753,0,0,0,1,0,0,1,False,-1,-1,0,0,0,-1
2026-07-01 15:44:33.633,35.77191,False,21.73136,0.8530177,-12.07542,0,0,0,1,0,0,1,False,-1,-1,0,0,0,-1
2026-07-01 15:44:33.667,35.80581,False,21.73127,0.8530852,-12.07552,0,0,0,1,0,0,1,False,-1,-1,0,0,0,-1
2026-07-01 15:44:33.710,35.84974,False,21.73116,0.8531523,-12.07554,0,0,0,1,0,0,1,False,-1,-1,0,0,0,-1
2026-07-01 15:44:33.756,35.89407,False,21.73104,0.853098,-12.07553,0,0,0,1,0,0,1,False,-1,-1,0,0,0,-1
2026-07-01 15:44:33.789,35.92754,False,21.73102,0.8531452,-12.07568,0,0,0,1,0,0,1,False,-1,-1,0,0,0,-1
2026-07-01 15:44:33.823,35.96108,False,21.73115,0.8531929,-12.07554,0,0,0,1,0,0,1,False,-1,-1,0,0,0,-1
2026-07-01 15:44:33.867,36.00519,False,21.73116,0.8531932,-12.0755,0,0,0,1,0,0,1,False,-1,-1,0,0,0,-1
2026-07-01 15:44:33.911,36.04954,False,21.73116,0.8531839,-12.07556,0,0,0,1,0,0,1,False,-1,-1,0,0,0,-1
2026-07-01 15:44:33.944,36.08289,False,21.73115,0.8530972,-12.07549,0,0,0,1,0,0,1,False,-1,-1,0,0,0,-1
2026-07-01 15:44:33.988,36.12728,False,21.73111,0.8529817,-12.07573,0,0,0,1,0,0,1,False,-1,-1,0,0,0,-1
2026-07-01 15:44:34.033,36.17161,False,21.73094,0.8529865,-12.07565,0,0,0,1,0,0,1,False,-1,-1,0,0,0,-1
2026-07-01 15:44:34.067,36.20562,False,21.73064,0.8530734,-12.07574,0,0,0,1,0,0,1,False,-1,-1,0,0,0,-1
2026-07-01 15:44:34.111,36.24997,False,21.73089,0.8529209,-12.07566,0,0,0,1,0,0,1,False,-1,-1,0,0,0,-1
2026-07-01 15:44:34.156,36.29441,False,21.73094,0.8529401,-12.07577,0,0,0,1,0,0,1,False,-1,-1,0,0,0,-1
2026-07-01 15:44:34.200,36.33817,False,21.73087,0.8529612,-12.07588,0,0,0,1,0,0,1,False,-1,-1,0,0,0,-1
2026-07-01 15:44:34.232,36.37154,False,21.73075,0.8529747,-12.07596,0,0,0,1,0,0,1,False,-1,-1,0,0,0,-1
2026-07-01 15:44:34.266,36.40527,False,21.73073,0.8530306,-12.07595,0,0,0,1,0,0,1,False,-1,-1,0,0,0,-1
2026-07-01 15:44:34.301,36.43976,False,21.73061,0.8530055,-12.07593,0,0,0,1,0,0,1,False,-1,-1,0,0,0,-1
2026-07-01 15:44:34.345,36.4831,False,21.73035,0.852966,-12.07591,0,0,0,1,0,0,1,False,-1,-1,0,0,0,-1
2026-07-01 15:44:34.389,36.52752,False,21.73031,0.8530463,-12.07611,0,0,0,1,0,0,1,False,-1,-1,0,0,0,-1
2026-07-01 15:44:34.422,36.56092,False,21.73039,0.8530643,-12.0761,0,0,0,1,0,0,1,False,-1,-1,0,0,0,-1
2026-07-01 15:44:34.466,36.60474,False,21.73031,0.853035,-12.07624,0,0,0,1,0,0,1,False,-1,-1,0,0,0,-1
2026-07-01 15:44:34.498,36.63814,False,21.73042,0.8529879,-12.07622,0,0,0,1,0,0,1,False,-1,-1,0,0,0,-1
2026-07-01 15:44:34.533,36.67205,False,21.73038,0.8530063,-12.0763,0,0,0,1,0,0,1,False,-1,-1,0,0,0,-1
2026-07-01 15:44:34.577,36.71577,False,21.7303,0.8530133,-12.07631,0,0,0,1,0,0,1,False,-1,-1,0,0,0,-1
2026-07-01 15:44:34.612,36.7502,False,21.72995,0.85305,-12.07636,0,0,0,1,0,0,1,False,-1,-1,0,0,0,-1
2026-07-01 15:44:34.655,36.79382,False,21.7301,0.8530872,-12.07646,0,0,0,1,0,0,1,False,-1,-1,0,0,0,-1
2026-07-01 15:44:34.699,36.83792,False,21.7301,0.8531531,-12.07642,0,0,0,1,0,0,1,False,-1,-1,0,0,0,-1
2026-07-01 15:44:34.744,36.88238,False,21.72995,0.8531393,-12.07638,0,0,0,1,0,0,1,False,-1,-1,0,0,0,-1
2026-07-01 15:44:34.789,36.92785,False,21.73004,0.8530872,-12.07645,0,0,0,1,0,0,1,False,-1,-1,0,0,0,-1
2026-07-01 15:44:34.833,36.97142,False,21.73012,0.8530274,-12.07621,0,0,0,1,0,0,1,False,-1,-1,0,0,0,-1
2026-07-01 15:44:34.876,37.01575,False,21.73017,0.8530511,-12.0762,0,0,0,1,0,0,1,False,-1,-1,0,0,0,-1
2026-07-01 15:44:34.910,37.04946,False,21.7301,0.853095,-12.07632,0,0,0,1,0,0,1,False,-1,-1,0,0,0,-1
2026-07-01 15:44:34.955,37.09367,False,21.72989,0.8531928,-12.07639,0,0,0,1,0,0,1,False,-1,-1,0,0,0,-1
2026-07-01 15:44:34.989,37.12744,False,21.72983,0.853228,-12.07633,0,0,0,1,0,0,1,False,-1,-1,0,0,0,-1
2026-07-01 15:44:35.033,37.17156,False,21.72955,0.8532256,-12.07638,0,0,0,1,0,0,1,False,-1,-1,0,0,0,-1
2026-07-01 15:44:35.077,37.21584,False,21.72971,0.8531663,-12.07649,0,0,0,1,0,0,1,False,-1,-1,0,0,0,-1
2026-07-01 15:44:35.110,37.24931,False,21.72991,0.8530928,-12.07644,0,0,0,1,0,0,1,False,-1,-1,0,0,0,-1
2026-07-01 15:44:35.155,37.29377,False,21.73013,0.8529485,-12.07651,0,0,0,1,0,0,1,False,-1,-1,0,0,0,-1
2026-07-01 15:44:35.189,37.32727,False,21.73013,0.8529531,-12.07647,0,0,0,1,0,0,1,False,-1,-1,0,0,0,-1
2026-07-01 15:44:35.232,37.37109,False,21.72993,0.8529171,-12.07639,0,0,0,1,0,0,1,False,-1,-1,0,0,0,-1
2026-07-01 15:44:35.266,37.40456,False,21.72978,0.8529917,-12.07654,0,0,0,1,0,0,1,False,-1,-1,0,0,0,-1
2026-07-01 15:44:35.299,37.43799,False,21.72955,0.8530107,-12.07658,0,0,0,1,0,0,1,False,-1,-1,0,0,0,-1
2026-07-01 15:44:35.333,37.472,False,21.72945,0.8529819,-12.07653,0,0,0,1,0,0,1,False,-1,-1,0,0,0,-1
2026-07-01 15:44:35.377,37.51541,False,21.72942,0.8530347,-12.07654,0,0,0,1,0,0,1,False,-1,-1,0,0,0,-1
2026-07-01 15:44:35.411,37.54998,False,21.72943,0.8530258,-12.0766,0,0,0,1,0,0,1,False,-1,-1,0,0,0,-1
2026-07-01 15:44:35.445,37.58345,False,21.72936,0.8529532,-12.07665,0,0,0,1,0,0,1,False,-1,-1,0,0,0,-1
2026-07-01 15:44:35.488,37.6267,False,21.72941,0.8530295,-12.07654,0,0,0,1,0,0,1,False,-1,-1,0,0,0,-1
2026-07-01 15:44:35.532,37.67132,False,21.72937,0.853084,-12.07672,0,0,0,1,0,0,1,False,-1,-1,0,0,0,-1
2026-07-01 15:44:35.566,37.7048,False,21.72943,0.8530095,-12.07674,0,0,0,1,0,0,1,False,-1,-1,0,0,0,-1
2026-07-01 15:44:35.610,37.74879,False,21.72934,0.8530925,-12.07684,0,0,0,1,0,0,1,False,-1,-1,0,0,0,-1
2026-07-01 15:44:35.644,37.78258,False,21.72952,0.8530764,-12.0769,0,0,0,1,0,0,1,False,-1,-1,0,0,0,-1
2026-07-01 15:44:35.688,37.82655,False,21.72934,0.8530884,-12.07693,0,0,0,1,0,0,1,False,-1,-1,0,0,0,-1
2026-07-01 15:44:35.733,37.87088,False,21.72927,0.8531099,-12.07699,0,0,0,1,0,0,1,False,-1,-1,0,0,0,-1
2026-07-01 15:44:35.776,37.91518,False,21.72932,0.8531288,-12.07693,0,0,0,1,0,0,1,False,-1,-1,0,0,0,-1
2026-07-01 15:44:35.810,37.94873,False,21.72935,0.8530394,-12.07697,0,0,0,1,0,0,1,False,-1,-1,0,0,0,-1
2026-07-01 15:44:35.854,37.9929,False,21.72917,0.8530091,-12.07696,0,0,0,1,0,0,1,False,-1,-1,0,0,0,-1
2026-07-01 15:44:35.888,38.02635,False,21.72918,0.853031,-12.07701,0,0,0,1,0,0,1,False,-1,-1,0,0,0,-1
2026-07-01 15:44:35.922,38.0601,False,21.7293,0.8529434,-12.07714,0,0,0,1,0,0,1,False,-1,-1,0,0,0,-1
2026-07-01 15:44:35.965,38.10389,False,21.7291,0.8529906,-12.07705,0,0,0,1,0,0,1,False,-1,-1,0,0,0,-1
2026-07-01 15:44:35.999,38.13754,False,21.72888,0.8528792,-12.07709,0,0,0,1,0,0,1,False,-1,-1,0,0,0,-1
2026-07-01 15:44:36.032,38.17105,False,21.72884,0.852944,-12.07715,0,0,0,1,0,0,1,False,-1,-1,0,0,0,-1
2026-07-01 15:44:36.076,38.21534,False,21.72892,0.852938,-12.07726,0,0,0,1,0,0,1,False,-1,-1,0,0,0,-1
2026-07-01 15:44:36.110,38.24906,False,21.72873,0.8530145,-12.07728,0,0,0,1,0,0,1,False,-1,-1,0,0,0,-1
2026-07-01 15:44:36.154,38.29298,False,21.72869,0.8529555,-12.07736,0,0,0,1,0,0,1,False,-1,-1,0,0,0,-1
2026-07-01 15:44:36.187,38.32648,False,21.72875,0.8529749,-12.07743,0,0,0,1,0,0,1,False,-1,-1,0,0,0,-1
2026-07-01 15:44:36.232,38.37038,False,21.72873,0.8529556,-12.07757,0,0,0,1,0,0,1,False,-1,-1,0,0,0,-1
2026-07-01 15:44:36.266,38.40408,False,21.72871,0.8528692,-12.07754,0,0,0,1,0,0,1,False,-1,-1,0,0,0,-1
2026-07-01 15:44:36.299,38.43757,False,21.72874,0.8529364,-12.07747,0,0,0,1,0,0,1,False,-1,-1,0,0,0,-1
2026-07-01 15:44:36.333,38.47199,False,21.72881,0.8528984,-12.0774,0,0,0,1,0,0,1,False,-1,-1,0,0,0,-1
2026-07-01 15:44:36.377,38.51567,False,21.72875,0.8529702,-12.07762,0,0,0,1,0,0,1,False,-1,-1,0,0,0,-1
2026-07-01 15:44:36.421,38.55952,False,21.72888,0.8528673,-12.07761,0,0,0,1,0,0,1,False,-1,-1,0,0,0,-1
2026-07-01 15:44:36.455,38.59422,False,21.72858,0.8530017,-12.07766,0,0,0,1,0,0,1,False,-1,-1,0,0,0,-1
2026-07-01 15:44:36.499,38.63737,False,21.7285,0.8530049,-12.07778,0,0,0,1,0,0,1,False,-1,-1,0,0,0,-1
2026-07-01 15:44:36.532,38.67083,False,21.7286,0.8529853,-12.07769,0,0,0,1,0,0,1,False,-1,-1,0,0,0,-1
2026-07-01 15:44:36.575,38.71502,False,21.7286,0.8529148,-12.07786,0,0,0,1,0,0,1,False,-1,-1,0,0,0,-1
2026-07-01 15:44:36.620,38.75921,False,21.72836,0.8529615,-12.07793,0,0,0,1,0,0,1,False,-1,-1,0,0,0,-1
2026-07-01 15:44:36.653,38.79277,False,21.7284,0.8528721,-12.07801,0,0,0,1,0,0,1,False,-1,-1,0,0,0,-1
2026-07-01 15:44:36.688,38.82631,False,21.72842,0.8529029,-12.07784,0,0,0,1,0,0,1,False,-1,-1,0,0,0,-1
2026-07-01 15:44:36.731,38.86996,False,21.72832,0.8529123,-12.07784,0,0,0,1,0,0,1,False,-1,-1,0,0,0,-1
2026-07-01 15:44:36.765,38.90369,False,21.72829,0.8528922,-12.07784,0,0,0,1,0,0,1,False,-1,-1,0,0,0,-1
2026-07-01 15:44:36.799,38.93766,False,21.72825,0.8529187,-12.07778,0,0,0,1,0,0,1,False,-1,-1,0,0,0,-1
2026-07-01 15:44:36.842,38.98144,False,21.72817,0.8528864,-12.07778,0,0,0,1,0,0,1,False,-1,-1,0,0,0,-1
2026-07-01 15:44:36.877,39.01556,False,21.7282,0.8529112,-12.07774,0,0,0,1,0,0,1,False,-1,-1,0,0,0,-1
2026-07-01 15:44:36.921,39.05924,False,21.72824,0.8529524,-12.07793,0,0,0,1,0,0,1,False,-1,-1,0,0,0,-1
2026-07-01 15:44:36.954,39.09282,False,21.72826,0.852933,-12.07796,0,0,0,1,0,0,1,False,-1,-1,0,0,0,-1
2026-07-01 15:44:36.998,39.13708,False,21.72816,0.853064,-12.07798,0,0,0,1,0,0,1,False,-1,-1,0,0,0,-1
2026-07-01 15:44:37.043,39.18137,False,21.72804,0.8531082,-12.07798,0,0,0,1,0,0,1,False,-1,-1,0,0,0,-1
2026-07-01 15:44:37.076,39.21487,False,21.72793,0.8530398,-12.07798,0,0,0,1,0,0,1,False,-1,-1,0,0,0,-1
2026-07-01 15:44:37.120,39.25964,False,21.72787,0.8530701,-12.07782,0,0,0,1,0,0,1,False,-1,-1,0,0,0,-1
2026-07-01 15:44:37.165,39.30378,False,21.72789,0.8529652,-12.07806,0,0,0,1,0,0,1,False,-1,-1,0,0,0,-1
2026-07-01 15:44:37.210,39.34811,False,21.72786,0.8530226,-12.07802,0,0,0,1,0,0,1,False,-1,-1,0,0,0,-1
2026-07-01 15:44:37.255,39.39316,False,21.72786,0.8530024,-12.07817,0,0,0,1,0,0,1,False,-1,-1,0,0,0,-1
2026-07-01 15:44:37.298,39.43727,False,21.72799,0.8529718,-12.07828,0,0,0,1,0,0,1,False,-1,-1,0,0,0,-1
2026-07-01 15:44:37.343,39.48154,False,21.72785,0.8529925,-12.07807,0,0,0,1,0,0,1,False,-1,-1,0,0,0,-1
2026-07-01 15:44:37.378,39.51571,False,21.72783,0.8528817,-12.07814,0,0,0,1,0,0,1,False,-1,-1,0,0,0,-1
2026-07-01 15:44:37.420,39.55882,False,21.72775,0.8529625,-12.07836,0,0,0,1,0,0,1,False,-1,-1,0,0,0,-1
2026-07-01 15:44:37.455,39.59356,False,21.72772,0.8529888,-12.07833,0,0,0,1,0,0,1,False,-1,-1,0,0,0,-1
2026-07-01 15:44:37.498,39.63771,False,21.72772,0.8529335,-12.07833,0,0,0,1,0,0,1,False,-1,-1,0,0,0,-1
2026-07-01 15:44:37.542,39.68102,False,21.72759,0.8529819,-12.07854,0,0,0,1,0,0,1,False,-1,-1,0,0,0,-1
2026-07-01 15:44:37.576,39.7144,False,21.72755,0.8529307,-12.07866,0,0,0,1,0,0,1,False,-1,-1,0,0,0,-1
2026-07-01 15:44:37.610,39.74818,False,21.72774,0.8528707,-12.07862,0,0,0,1,0,0,1,False,-1,-1,0,0,0,-1
2026-07-01 15:44:37.653,39.79202,False,21.72771,0.8528027,-12.07868,0,0,0,1,0,0,1,False,-1,-1,0,0,0,-1
2026-07-01 15:44:37.688,39.82623,False,21.72771,0.8528513,-12.07856,0,0,0,1,0,0,1,False,-1,-1,0,0,0,-1
2026-07-01 15:44:37.731,39.87004,False,21.72751,0.8529145,-12.07856,0,0,0,1,0,0,1,False,-1,-1,0,0,0,-1
2026-07-01 15:44:37.765,39.90338,False,21.72754,0.8528702,-12.07859,0,0,0,1,0,0,1,False,-1,-1,0,0,0,-1
2026-07-01 15:44:37.810,39.94814,False,21.72758,0.8529262,-12.07854,0,0,0,1,0,0,1,False,-1,-1,0,0,0,-1
2026-07-01 15:44:37.852,39.99192,False,21.72762,0.852766,-12.07865,0,0,0,1,0,0,1,False,-1,-1,0,0,0,-1
2026-07-01 15:44:37.887,40.02581,False,21.72752,0.8528645,-12.07875,0,0,0,1,0,0,1,False,-1,-1,0,0,0,-1
2026-07-01 15:44:37.932,40.06987,False,21.72729,0.8528899,-12.07868,0,0,0,1,0,0,1,False,-1,-1,0,0,0,-1
2026-07-01 15:44:37.976,40.11432,False,21.72729,0.8528004,-12.07872,0,0,0,1,0,0,1,False,-1,-1,0,0,0,-1
2026-07-01 15:44:38.009,40.14793,False,21.72739,0.8527729,-12.07871,0,0,0,1,0,0,1,False,-1,-1,0,0,0,-1
2026-07-01 15:44:38.053,40.19165,False,21.72732,0.8527815,-12.07886,0,0,0,1,0,0,1,False,-1,-1,0,0,0,-1
2026-07-01 15:44:38.087,40.22561,False,21.72729,0.852806,-12.07895,0,0,0,1,0,0,1,False,-1,-1,0,0,0,-1
2026-07-01 15:44:38.120,40.25904,False,21.72737,0.8528559,-12.07896,0,0,0,1,0,0,1,False,-1,-1,0,0,0,-1
2026-07-01 15:44:38.165,40.30327,False,21.72726,0.8529212,-12.07884,0,0,0,1,0,0,1,False,-1,-1,0,0,0,-1
2026-07-01 15:44:38.208,40.3474,False,21.7272,0.8528897,-12.07892,0,0,0,1,0,0,1,False,-1,-1,0,0,0,-1
2026-07-01 15:44:38.243,40.38169,False,21.72708,0.852909,-12.07918,0,0,0,1,0,0,1,False,-1,-1,0,0,0,-1
2026-07-01 15:44:38.277,40.41531,False,21.72721,0.8529373,-12.07921,0,0,0,1,0,0,1,False,-1,-1,0,0,0,-1
2026-07-01 15:44:38.320,40.4584,False,21.7271,0.8529311,-12.07924,0,0,0,1,0,0,1,False,-1,-1,0,0,0,-1
2026-07-01 15:44:38.365,40.50346,False,21.72719,0.8528716,-12.07938,0,0,0,1,0,0,1,False,-1,-1,0,0,0,-1
2026-07-01 15:44:38.410,40.54806,False,21.72723,0.8527877,-12.07943,0,0,0,1,0,0,1,False,-1,-1,0,0,0,-1
2026-07-01 15:44:38.453,40.59181,False,21.72714,0.8528239,-12.07937,0,0,0,1,0,0,1,False,-1,-1,0,0,0,-1
2026-07-01 15:44:38.488,40.62659,False,21.72723,0.8527244,-12.07957,0,0,0,1,0,0,1,False,-1,-1,0,0,0,-1
2026-07-01 15:44:38.532,40.67035,False,21.72701,0.8527632,-12.07948,0,0,0,1,0,0,1,False,-1,-1,0,0,0,-1
2026-07-01 15:44:38.575,40.71415,False,21.72698,0.852869,-12.07947,0,0,0,1,0,0,1,False,-1,-1,0,0,0,-1
2026-07-01 15:44:38.620,40.75817,False,21.72693,0.8527861,-12.0795,0,0,0,1,0,0,1,False,-1,-1,0,0,0,-1
2026-07-01 15:44:38.653,40.79194,False,21.72689,0.8527992,-12.07954,0,0,0,1,0,0,1,False,-1,-1,0,0,0,-1
2026-07-01 15:44:38.697,40.83577,False,21.72676,0.8528296,-12.07977,0,0,0,1,0,0,1,False,-1,-1,0,0,0,-1
2026-07-01 15:44:38.738,40.87026,False,21.72675,0.8528205,-12.07988,0,0,0,1,0,0,1,False,-1,-1,0,0,0,-1
2026-07-01 15:44:38.774,40.91234,False,21.72674,0.8527573,-12.0799,0,0,0,1,0,0,1,False,-1,-1,0,0,0,-1
2026-07-01 15:44:38.817,40.95651,False,21.72673,0.852766,-12.0799,0,0,0,1,0,0,1,False,-1,-1,0,0,0,-1
2026-07-01 15:44:38.852,40.9901,False,21.72665,0.8527915,-12.0799,0,0,0,1,0,0,1,False,-1,-1,0,0,0,-1
2026-07-01 15:44:38.885,41.02357,False,21.72675,0.8527825,-12.08001,0,0,0,1,0,0,1,False,-1,-1,0,0,0,-1
2026-07-01 15:44:38.918,41.05691,False,21.72674,0.8528607,-12.08007,0,0,0,1,0,0,1,False,-1,-1,0,0,0,-1
2026-07-01 15:44:38.963,41.10093,False,21.72678,0.8528699,-12.08004,0,0,0,1,0,0,1,False,-1,-1,0,0,0,-1
2026-07-01 15:44:38.996,41.13436,False,21.72658,0.8529406,-12.08003,0,0,0,1,0,0,1,False,-1,-1,0,0,0,-1
2026-07-01 15:44:39.040,41.17878,False,21.72684,0.8528643,-12.08005,0,0,0,1,0,0,1,False,-1,-1,0,0,0,-1
2026-07-01 15:44:39.084,41.22317,False,21.72662,0.8528442,-12.08017,0,0,0,1,0,0,1,False,-1,-1,0,0,0,-1
2026-07-01 15:44:39.118,41.25697,False,21.72643,0.8529203,-12.08013,0,0,0,1,0,0,1,False,-1,-1,0,0,0,-1
2026-07-01 15:44:39.163,41.3018,False,21.72654,0.8528374,-12.08021,0,0,0,1,0,0,1,False,-1,-1,0,0,0,-1
2026-07-01 15:44:39.196,41.33557,False,21.72641,0.8528782,-12.08041,0,0,0,1,0,0,1,False,-1,-1,0,0,0,-1
2026-07-01 15:44:39.231,41.36972,False,21.72657,0.8528416,-12.08039,0,0,0,1,0,0,1,False,-1,-1,0,0,0,-1
2026-07-01 15:44:39.265,41.40331,False,21.72657,0.8528589,-12.08042,0,0,0,1,0,0,1,False,-1,-1,0,0,0,-1
2026-07-01 15:44:39.309,41.44774,False,21.72665,0.8528965,-12.08033,0,0,0,1,0,0,1,False,-1,-1,0,0,0,-1
2026-07-01 15:44:39.353,41.4915,False,21.72647,0.8529168,-12.08042,0,0,0,1,0,0,1,False,-1,-1,0,0,0,-1
2026-07-01 15:44:39.387,41.52504,False,21.72654,0.8528287,-12.0805,0,0,0,1,0,0,1,False,-1,-1,0,0,0,-1
2026-07-01 15:44:39.431,41.56958,False,21.72626,0.8528209,-12.08047,0,0,0,1,0,0,1,False,-1,-1,0,0,0,-1
2026-07-01 15:44:39.475,41.6134,False,21.72621,0.8527902,-12.08049,0,0,0,1,0,0,1,False,-1,-1,0,0,0,-1
2026-07-01 15:44:39.508,41.64709,False,21.72615,0.8528605,-12.08054,0,0,0,1,0,0,1,False,-1,-1,0,0,0,-1
2026-07-01 15:44:39.544,41.68183,False,21.72623,0.8527926,-12.08064,0,0,0,1,0,0,1,False,-1,-1,0,0,0,-1
2026-07-01 15:44:39.585,41.72457,False,21.72616,0.8528806,-12.08064,0,0,0,1,0,0,1,False,-1,-1,0,0,0,-1
2026-07-01 15:44:39.630,41.76892,False,21.72606,0.8528233,-12.08061,0,0,0,1,0,0,1,False,-1,-1,0,0,0,-1
2026-07-01 15:44:39.663,41.80288,False,21.72594,0.8528375,-12.08075,0,0,0,1,0,0,1,False,-1,-1,0,0,0,-1
2026-07-01 15:44:39.708,41.84659,False,21.72588,0.8528699,-12.08083,0,0,0,1,0,0,1,False,-1,-1,0,0,0,-1
2026-07-01 15:44:39.742,41.88023,False,21.72608,0.8526903,-12.08083,0,0,0,1,0,0,1,False,-1,-1,0,0,0,-1
2026-07-01 15:44:39.775,41.9143,False,21.72606,0.8526894,-12.08087,0,0,0,1,0,0,1,False,-1,-1,0,0,0,-1
2026-07-01 15:44:39.819,41.9578,False,21.72604,0.8527561,-12.08082,0,0,0,1,0,0,1,False,-1,-1,0,0,0,-1
2026-07-01 15:44:39.853,41.99135,False,21.72585,0.8527944,-12.08079,0,0,0,1,0,0,1,False,-1,-1,0,0,0,-1
2026-07-01 15:44:39.896,42.03543,False,21.72587,0.8527547,-12.08076,0,0,0,1,0,0,1,False,-1,-1,0,0,0,-1
2026-07-01 15:44:39.941,42.07974,False,21.72602,0.8527611,-12.08092,0,0,0,1,0,0,1,False,-1,-1,0,0,0,-1
2026-07-01 15:44:39.975,42.11364,False,21.7259,0.8527004,-12.08082,0,0,0,1,0,0,1,False,-1,-1,0,0,0,-1
2026-07-01 15:44:40.019,42.15753,False,21.72596,0.8526484,-12.08069,0,0,0,1,0,0,1,False,-1,-1,0,0,0,-1
2026-07-01 15:44:40.053,42.19089,False,21.72592,0.852743,-12.08076,0,0,0,1,0,0,1,False,-1,-1,0,0,0,-1
2026-07-01 15:44:40.085,42.22423,False,21.72602,0.8527248,-12.08092,0,0,0,1,0,0,1,False,-1,-1,0,0,0,-1
2026-07-01 15:44:40.118,42.25763,False,21.72602,0.8526974,-12.08099,0,0,0,1,0,0,1,False,-1,-1,0,0,0,-1
2026-07-01 15:44:40.153,42.29208,False,21.72601,0.8526616,-12.08095,0,0,0,1,0,0,1,False,-1,-1,0,0,0,-1
2026-07-01 15:44:40.197,42.33648,False,21.72598,0.8526854,-12.08104,0,0,0,1,0,0,1,False,-1,-1,0,0,0,-1
2026-07-01 15:44:40.242,42.38009,False,21.72572,0.852592,-12.08135,0,0,0,1,0,0,1,False,-1,-1,0,0,0,-1
2026-07-01 15:44:40.285,42.42334,False,21.72574,0.8525584,-12.08123,0,0,0,1,0,0,1,False,-1,-1,0,0,0,-1
2026-07-01 15:44:40.320,42.45863,False,21.72571,0.8526205,-12.08108,0,0,0,1,0,0,1,False,-1,-1,0,0,0,-1
2026-07-01 15:44:40.362,42.50118,False,21.72561,0.852634,-12.0811,0,0,0,1,0,0,1,False,-1,-1,0,0,0,-1
2026-07-01 15:44:40.397,42.53553,False,21.72556,0.8525167,-12.0813,0,0,0,1,0,0,1,False,-1,-1,0,0,0,-1
2026-07-01 15:44:40.440,42.57968,False,21.72549,0.8526512,-12.08135,0,0,0,1,0,0,1,False,-1,-1,0,0,0,-1
2026-07-01 15:44:40.475,42.61362,False,21.72562,0.8526623,-12.08132,0,0,0,1,0,0,1,False,-1,-1,0,0,0,-1
2026-07-01 15:44:40.519,42.65739,False,21.72554,0.8526847,-12.08129,0,0,0,1,0,0,1,False,-1,-1,0,0,0,-1
2026-07-01 15:44:40.562,42.70162,False,21.72563,0.8526828,-12.08151,0,0,0,1,0,0,1,False,-1,-1,0,0,0,-1
2026-07-01 15:44:40.597,42.73558,False,21.72574,0.8527129,-12.08127,0,0,0,1,0,0,1,False,-1,-1,0,0,0,-1
2026-07-01 15:44:40.631,42.76934,False,21.72573,0.8526776,-12.08119,0,0,0,1,0,0,1,False,-1,-1,0,0,0,-1
2026-07-01 15:44:40.675,42.8134,False,21.72553,0.8527809,-12.08136,0,0,0,1,0,0,1,False,-1,-1,0,0,0,-1
2026-07-01 15:44:40.709,42.84783,False,21.72565,0.8527326,-12.08138,0,0,0,1,0,0,1,False,-1,-1,0,0,0,-1
2026-07-01 15:44:40.753,42.89115,False,21.7254,0.8528157,-12.08127,0,0,0,1,0,0,1,False,-1,-1,0,0,0,-1
2026-07-01 15:44:40.787,42.92579,False,21.72548,0.8527318,-12.0814,0,0,0,1,0,0,1,False,-1,-1,0,0,0,-1
2026-07-01 15:44:40.831,42.96948,False,21.72543,0.8527111,-12.08133,0,0,0,1,0,0,1,False,-1,-1,0,0,0,-1
2026-07-01 15:44:40.874,43.01332,False,21.72518,0.8526899,-12.08146,0,0,0,1,0,0,1,False,-1,-1,0,0,0,-1
2026-07-01 15:44:40.919,43.05768,False,21.72519,0.852805,-12.0815,0,0,0,1,0,0,1,False,-1,-1,0,0,0,-1
2026-07-01 15:44:40.953,43.0917,False,21.7253,0.8528031,-12.08168,0,0,0,1,0,0,1,False,-1,-1,0,0,0,-1
2026-07-01 15:44:40.996,43.13556,False,21.72527,0.8527543,-12.08155,0,0,0,1,0,0,1,False,-1,-1,0,0,0,-1
2026-07-01 15:44:41.042,43.18038,False,21.7251,0.8526928,-12.08178,0,0,0,1,0,0,1,False,-1,-1,0,0,0,-1
2026-07-01 15:44:41.075,43.21379,False,21.72507,0.8526963,-12.08179,0,0,0,1,0,0,1,False,-1,-1,0,0,0,-1
2026-07-01 15:44:41.118,43.25768,False,21.72539,0.8526461,-12.08186,0,0,0,1,0,0,1,False,-1,-1,0,0,0,-1
2026-07-01 15:44:41.153,43.29105,False,21.72555,0.8525314,-12.08191,0,0,0,1,0,0,1,False,-1,-1,0,0,0,-1
2026-07-01 15:44:41.186,43.32447,False,21.7255,0.8525328,-12.08201,0,0,0,1,0,0,1,False,-1,-1,0,0,0,-1
2026-07-01 15:44:41.231,43.36908,False,21.72543,0.8525407,-12.08206,0,0,0,1,0,0,1,False,-1,-1,0,0,0,-1
2026-07-01 15:44:41.264,43.40247,False,21.7253,0.8525312,-12.08212,0,0,0,1,0,0,1,False,-1,-1,0,0,0,-1
2026-07-01 15:44:41.308,43.44659,False,21.72515,0.852622,-12.0819,0,0,0,1,0,0,1,False,-1,-1,0,0,0,-1
2026-07-01 15:44:41.342,43.48034,False,21.72512,0.8526462,-12.08199,0,0,0,1,0,0,1,False,-1,-1,0,0,0,-1
2026-07-01 15:44:41.386,43.52464,False,21.72506,0.8526401,-12.08184,0,0,0,1,0,0,1,False,-1,-1,0,0,0,-1
2026-07-01 15:44:41.430,43.5687,False,21.7252,0.8525973,-12.08185,0,0,0,1,0,0,1,False,-1,-1,0,0,0,-1
2026-07-01 15:44:41.464,43.60242,False,21.72533,0.8526288,-12.08181,0,0,0,1,0,0,1,False,-1,-1,0,0,0,-1
2026-07-01 15:44:41.497,43.63594,False,21.72536,0.8526765,-12.08188,0,0,0,1,0,0,1,False,-1,-1,0,0,0,-1
2026-07-01 15:44:41.540,43.67913,False,21.72528,0.8525624,-12.08187,0,0,0,1,0,0,1,False,-1,-1,0,0,0,-1
2026-07-01 15:44:41.574,43.71313,False,21.72515,0.8525969,-12.08198,0,0,0,1,0,0,1,False,-1,-1,0,0,0,-1
2026-07-01 15:44:41.608,43.74659,False,21.72513,0.8525861,-12.0819,0,0,0,1,0,0,1,False,-1,-1,0,0,0,-1
2026-07-01 15:44:41.651,43.79013,False,21.72525,0.8525799,-12.08191,0,0,0,1,0,0,1,False,-1,-1,0,0,0,-1
2026-07-01 15:44:41.696,43.83495,False,21.72514,0.8525789,-12.08196,0,0,0,1,0,0,1,False,-1,-1,0,0,0,-1
2026-07-01 15:44:41.733,43.87111,False,21.72502,0.8525347,-12.082,0,0,0,1,0,0,1,False,-1,-1,0,0,0,-1
2026-07-01 15:44:41.772,43.91061,False,21.72498,0.8525581,-12.08185,0,0,0,1,0,0,1,False,-1,-1,0,0,0,-1
2026-07-01 15:44:41.805,43.94407,False,21.72476,0.8526706,-12.08197,0,0,0,1,0,0,1,False,-1,-1,0,0,0,-1
2026-07-01 15:44:41.961,44.0981,False,21.40864,1.000978,-12.30107,0,0,0,0,0,0,1,False,-1,-1,0,0,0,-1
